question_id,question,answer_a,answer_b,answer_c,answer_d,answer_e,answer_f,answer_g,correct_answer,category,pedagogical_subdomain,age_group,year,secondary_category
920,"Shoma omuhanda ogurikukurataho: Matilde ari omu mwaka gwa 5 omu ishomero erikuru. Ayine oburemeezi bwingi kandi akakuzaho okuteekateeka kw'akabonero. Aha kutandika kwa semista ya kabiri, ekiina ky'abakugu kikatunga ngu omuizi omukazi ogu ayine oburemeezi omu kutebeekanisa emirimo ye y'eishomero. Omu butumwa bw'embeera egi, ekiina kikaacwamu ngu omuringo gw'okwegyesa gushemereire kutaangwa omu nkora kwetenga kwe. Omu miringo y'okwegyesa erikukurataho, orikuza kukora aha bushobozi bw'omutwe obw'okutebeekanisa na Matilde ni guruha?
","Okuteekateeka omu mutwe: omuringo gw'okucweekamu ebintu nigwija kukorwa kuraba omu kikorwa ky'okugamba ekikozesebwa ekiteebwa Go Talk.
","Okwegamira omu mushomo: akakarenda k'entebeekanisa z'omushomo nikaija kukorwa n'obuyambi bw'ebishushani.
","Okwegyesa kuraba omu bizibu: eki nikiza kwombekwa kuraba omu kiyungiro ky'ebigambo eky'ekyuma n'eky'akabonero k'ekintu kikuru.
","Okwegyesa kuraba omu biteekateeko: eki nikiza kwombekwa kuraba omu PPT n'ebishushani hamu n'ebipapuro ebirikworeka ebiteekateeko ebyo omu muhandiiko
",,,,B,SEND,Student understanding,Primary,2021,General
921,"Omuhanda gw'okukora ""bwanyima y'okushoma"" nigumara gukora ki omu muringo gw'okwetegyereza ebi orikushoma?
","Higa omutima aha kukoresa obuhangwa bw'okuragura ebyirikubaho omu kwetegyereza ebitabo omu muringo murungi.
","Kukura obushoboorozi bw'okubaka eby'okuragura n'okugarukamu ebibuuzo ebiri aha mutwe gw'ekyahandiiko
","Kora aha bishoboro by'okukurakulana ebi orikwenda kukura nk'okuhandiika amagambo marungi
","Higa omuringo gw'okukoresa ebigambo byaawe wenka kushuuruura ebiri omu mutwe gw'ekyahandiiko.
",,,,D,SEND,Teaching strategies,Primary,2017,Literacy
922,"Shoma omu mbeera egi: Rodrigo, omwegyesa omu butandikiro ogurikwenda omu ishomero erikukwata aha ndimi ez'omutaano, atungwa ahabwokwetaba n'okutahumuza. Nikikira kumubaho kutamara emirimo omu bwire bw'amasomo, ahabw'okuba ahinduka kuruga omu ntebe ye, akaisa ebintu by'abanywani be, nari atandika kukora omurimo ogutari gumwe n'ogu omwegyesa w'ebintu by'omutaano yaaba asabire, obutoosha yeihamu. Twaba niturora embeera erikugambwaho, omu bicweka ki ebi twine kwikiriza kwongyera amaani kugira ngu tugyezaho kukendeeza ebirikuzibira omwegyesa kwega?
","Emyemerre
","Obuzima
","Okuteekateeka
","Okworekwa omu biteekateeko
",,,,C,SEND,Student understanding,Pre-primary,2021,General
923,"Shoma omuhendo ogurikukurataho: Omu ishomero ry'orurimi n'okuhurirana, omu kiraasi eya 4, omwegyesa atongoza ekigyendererwa ky'okwega ""Kuhandiika ebicweka ebirimu amakuru kugira ngu obuurize amakuru aha mutwe gw'ebintu"". Eki nikyo kireetera abegyi kutoora omutwe gw'ebintu ebi barikukunda, bacereebe, bashome, kandi bakwaate amakuru agukwaataine nago. Omwegyesa aha omwegyi omwe n'omwe ekikubo ky'okutebeekanisiza ebitekerezo kugira ngu batebeekanise ebitekerezo bikuru by'ebyahandiikirwe ebi bacereebye. Omuringo ogurikushoboororwa omu mbeera eyo yaaba guri omu kiicweka ki ky'okuhandiika?
","Kuhindura
","Kuhindura
","Okutebeekanisa
","Okushushaanura
",,,,C,SEND,Teaching strategies,Primary,2017,Literacy
924,"Omuhanda gw'okuhandiika ogurikurugamu eby'okukora, omu biteekateeko ebi orikuza kwenda, niki ekirikubaasa kuba ekigyendererwa ky'ekicweka ky'okuhandiika?
","Tebeekanisa omuringo n'ebirikukirimu omu mutwe.
","Kora okwetegyereza ebikwaata aha biri omu mutwe gw'ekicweka
","Nyetegyereza aha bitegyeko by'okutebeekanisa ebihandiiko n'omuringo ebihandiiko bitebeekanisibwamu.
","Shisha omu biteekateeko ebikuru ebikwata aha bigambo n'ebirikukirimu
",,,,C,SEND,Teaching strategies,Primary,2017,Literacy
925,"Teeka aha mbeera egi: Bwanyima y'okushoma orubaro orurikwetwa Omukozi w'Omuruli orwa Hamelin, omwegyesa abuuza abegi: ""Orikuteekateeka ekyo omukozi w'omuruli yaakozire aha muheru gw'omugani kikaba kirungi? Iwe waaba ori omuri itwe rye waakukozire ki?"". Omwegyesa akabuuza abegi ekibuuzo ky'omutaano ki?
","- Okutendeka
","Kuhangaana
","Ekirikworeka omuhanda murungi
","Eihangirira
",,,,A,SEND,Teaching strategies,Primary,2017,Literacy
926,"Eki aha ebikorwa ebi orikukurataho nibyo birikukwatana n'okukora omumwanya gw'""enyima y'okushoma""?
","Taaha emisingye y'ebirikukwata aha biteekateeko
","Eby'okurorraho by'ebyahandiikirwe
","Garukirira ebibuuzo ebirikukurahura omu kusoma
","Taaha emitwarize omu kushoma ekyahandiikirwe
",,,,A,SEND,Teaching strategies,Primary,2017,Literacy
927,"Ni eni ahaansi ebi orikukuriraana omuringo ogu Piaget yaagambireho aha by'okwega?
","Ni muringo gw'okukuza obureezi n'obushoboorozi.
","N'ekirikuruga omu kuhaata ebi orikumanya n'ebipya.
","N'okuhindura nikwetengwa omulingo ogurikukwatanisa hamwe okwegyesereza n'okuhindura.
","Ni nkugutaanira hamwe ebyo omuntu arikurabamu ebirikumwemerera kutunga obwengye butarikuteekateekwa.
",,,,C,SEND,Education theories,All,2018,General
928,"Ni enki aha miringo ei, erikushoborora okwegyenga orurimi kurugiirira omu biteekateeko by'abegyesi b'emitwarize?
","Omwana azaarwa aine ekintu ky'omunda eky'okugambira, enteekateeka y'omunda ey'omuntu buzima eragwa omu гене, erikumuhwera kwega n'okwegamira empindahinduka z'okuhariirira n'orurimi.
","Omwana aine obwengye obutahandiikwe omu mutwe bweeruhandi rwe, oburikumuha obushoboorozi bw’okwetegyereza n’okuzaara sentensi kurugiirira aha muringo gw’ebirikugambwa omu rurimi rwe.
","Omwana naayegyesa orurimi kurabira omu kwegyerera, okwetenga kuhikiiriza ebi yeetaaga, n'amaani agarikugumya ebi abazaire be n'ekitebe ky'orurimi omu magara ge barikumuha.
","Omwana aine okukura kw'orurimi okuhikiriire n'okukura kw'obwomeezi bwe, n'ahabw'ekyo naija kwega kugamba yaahika aha mutindo ogurikwenda omu kukura kw'obwomeezi obwo.
",,,,C,SEND,Education theories,All,2018,General
929,"Eky’obuhangwa bw’okutunga obwomeezi, embeera y’okwegyesa ey’obuhangwa n’ey’enyimaishwa zigyana zita?
","Omwetwarize gw’obuhangwa nigugira ngu omwana ayegyesa kuraba omu kugeza n’okushobya, obwo omwetwarize gw’eby’embeera n’obuhangwa nigukora eki kuraba omu kwegaita.
","Omwetwarize nigwo guratongoza ngu ebiteekateeko nibitureebwa omu kuhinduka kw'obwomeezi, obwo omu nyegyesa y'eby'embeera n'obuhangwa, nibitureebwa omu miringo y'okuringaaniza.
","Omwetwarize nigugamba ngu okumanya kutungwa kuraba omu kuhamiibwa, shi teooria y'embeera n'obuhangwa neekatiriza okuyambibwa embeera.
","Omwetwarize gw'obuhangwa nigugira ngu okwetegyereza ensi nikikorerwa omu muringo gw'okuteekateeka, obwo omugasho gw'enyegyesa y'obuhangwa n'embeera y'abantu nigusiiga aha kutooreza.
",,,,C,SEND,Education theories,All,2018,General
930,"Eki ekikuru eky'enyegyesa ya Vygotsky yataireho niki?
","Shuuruura obukuru bw'okubuurana n'abantu omu kukura kw'obwomeezi.
","Orikugambisa okuhiga nk'ekirikureeta omulingo gw'okwega.
","Kugamba aha kukura kw'obwomeezi omu biteera, ekurikugambwaho okutebeekanisa kw'emiramizo y'obwomeezi.
","Shobora okwega nk'omuringo gw'okutegyereza omuhendo oguhinguraine aha bi omuntu arikwega ebirikukwatanisa n'ebyo ashoberire agizireho.
",,,,A,SEND,Education theories,All,2018,General
931,"Okurikugyenda aha biteekateeko bya Vygotsky eby'omutindo gw'embeera z'abantu n'obuhangwa, ni ndyoha aha bigambo ebi erikworeka omugisha ogu omwegyesa aine omu klasimu?
","Ateekateeka kandi oraganize ebintu ebirugiremu obwomeezi oburikwemerera abeeshuri kukuza obwengye bwabo kandi bakakuraniza obuhanga bw'amaani.
","Nyakora emirimo ey'omugashani omu ayemerera nk'omutabaganya orikukuru omu kumanyisa kw'abeeshuri n'omuringo gwabo ogw'okutunga obumanyi.
","Nikumanyisa abeeshuri obumanyi oburikumutebeekanisa n'okukuraaza emicwe ye okurikukora emirimo mingi n'okugyenda n'omuringo ogurikugyenda n'omuringo ogurikugyenda n'ebirikukora nk'omugabe.
","Atebeekateeka emirimo erikukurirana omu muringo ogurikugyenderera kandi ogurikukuraine, omubucweka oburikumuha obushoboorozi bw'okugira akamanyiso aha miteekateekyere y'abanyeshuri n'okuhinduka kwabo.
",,,,B,SEND,Education theories,All,2018,General
932,"Shoma omuteko ogurikukurira, ogurikushoboorora ekyetengo ky'omuhandiiki omwe aha bikorwa by'orurimi: Omu biteekateeko bya saayansi ebirikushoboorora omuringo orurimi rw'abantu rurikukora harimu grama ya generative [...], eyamanywa hati nka biolinguistics. Ekyetengo eki nikiteeka ahameisho obubaho bw'ekikorwa ky'omutwe ekirikukizaarwa ekirikukwasa kureeta n'okwetegyereza ekigambo kyona omu rurimi rwona orwa butoosha, kandi nikikwasa n'omulingo gw'okutunga n'okumanya orurimi orurikugambwa gutarikwetenga bingi ebirikukwata aha rurimi ngu gukore gye kandi nikikurira haihi nk'omulingo gw'amaani. Ekyetengo eki kirikushoboororwa ahaiguru niki kya omuhandiiki ki aha bahandiiki abarikukurira?
","Chomsky
","Skinner
","Piaget
","Vygotsky
",,,,A,SEND,Education theories,All,2018,General
933,"Shoma omubazo ogurikukurataho: Omu kiraasi ky'abana omu ishomero eririmu puroguraamu y'okwegyesa abantu boona hamwe, omu isomo ry'eby'obuhangwa n'obuteeknologia, omwegyesa ashabire abegi kukora omu butiina kugira ngu bakore eky'okureeberaho ky'enju. Kugira ngu bakikore, abaheereza ebiragiro ebihandiikirwe n'ebikozesebwa ebi baine kukozesa. Aha mirimo erikukurataho, niki omwegyesa arikubaasa kukora kugira ngu atumbure omulingo gw'okuteekateeka (metacognition) omu beegi omu bwire bw'ekiraasi?
","Shaba abeshomesa kubaza abegi kukora ekishushani ky'eky'okureeberaho eki baraayombeka hamu n'okugaba emirimo ei buri omwe araakore.
","Mugambire abeeshuli kworeka omulingo gwabo ogw'eky'okureeberaho ekibiina ekindi, kandi bagambe oku kitebeekire omulingo ogwo gw'eka eyombekirwe.
","Gambira abeshomesa kureeba vidiyo ezirikubahabura omu kuzooka eky'okureeberaho n'okuheereza oburyo obuhyaka obw'okukikora.
","Gyezaho abeeshuri kuhandiika entaanira ei bakuratizeire kukora ekitebe n'okushoboorora ezi basanze zigumire munonga n'okuhakanira ahabwenki.
",,,,D,SEND,Other,Primary,2018,General
934,"Shoma omwegyendereza embeera egi:
Omwegyesa orikukora n’omwegi owa P7 atandikire kukora n’omwegi ou aine oburemwa bw’obwongo. Oburemeezi obukuru ahariwe nibukwata aha kwijuka ebintu by’omumazima, okuta omutima aha kintu obwire buriho n’okutebeekanisa, kandi oburemeezi nibureebwa n’aha kushoma n’okuhandiika. Twaba nitwegyendesereza omuringo ogurikukwata aha bintu bingi n’emitwarize y’omwegi eyashobooroirwe omu mbeera egi, niki ekikuru kuteekateeka aha bintu ebi twaba nitutebeekanisa ebyokwegyera?
","Eby’obuzibu n’okwetaba omuntu omu
","Okugira omubaro n'emyeshuro y'obuhangwa
","Obushoboorozi bw’obwengye n’okwetaba omu mirimo
","Obwengye n'emitwarize erikuhinduka
",,,,D,SEND,Teaching strategies,Secondary,2019,Literacy
935,"Shoma omubaire ogurikukurataho:
Martin ni omwegyeshwa ow'emyaka mushanju orikwegyesa omu kiraasi ya kabiri aine ekizibu ky'obwongo. Abari omu timu y'ekiraasi erikukoragana nawe nibashwijuma oku arikugyenda omumaisho omu mwaka gw'eshomero kandi nibashanga ngu, n'obu hakozirweho enkyukye omu muringo gw'okwegyesa n'obuhwezi obuhairweyo, omwegyeshwa tagiireyo nk'oku kyabaire kitegyerezibwe. Ahabw'ekyo nibaija kushangaana n'eka ye hamwe n'okutebeekanisa omuringo gw'okukoragana hamwe ahagati y'enyima zombi (eka n'eshomero). Kurugiirira aha mukago gwa American Association on Intellectual and Developmental Disabilities (AAIDD), ni engyenderwaho ki egihinguraine omu kukora kw'abari omu timu y'ekiraasi ya Martin n'eka ye?
","Ekizosistemu
","Omukoro ogurikugyenderera hamwe
","Omukura ogukurukurana
","Omukura gw'obutini
",,,,D,SEND,Teaching strategies,Primary,2019,General
936,"Okushobora kumanya obuhabuzi obu omwegi orikukwata oburemeezi bw’obwengye arikwetenga nikikwata aha kutebeekanisa n’okukoresa emiringo y’okushwijuma emwe ahu abegi barikubaasa kworeka obushoboorozi bwabo n’obumanyi bwabo kuraba omu kwega okw’amazima.
Orikuraba aha ekyo ekirikugambwa, omu miringo ki ey’okushwijuma erikukworeka obuhabuzi bw’eby’obwegyesa obu omwegi orikukwata oburemeezi bw’obwengye arikwetenga?
","Okukoresa ebipimo by'amazima
","Okukoresa ebikoreso ebirikugyeragyeranisibwa
","Okureeba omuhendo n'ebizibu by'omwana omu by'ayegire.
","Okushwijuma ebyarugiremu omu kubazisa omuntu omu biteekateeko
",,,,A,SEND,Assessment,All,2019,General
937,"Shoma omwegyesa omu mashomero ag'obwaana akakorera aha kigendererwa ky'okwegyesa ekirikukurataho okumara wiiki nka zingi: ""Kwegyesa aha magara g'abakazi n'abashaija abamwe abaahwereireho omu bwire bw'enyima n'obu bw'omuri obu, bakakora ebirungi omu kitongore kyabo, omu ihanga ryabo, n'omu nsi yoona, kuraba omu nteekateeka nari n'obuhwezi bw'eby'omugisha bya ICT."" Kucungura ekigendererwa eki, omwegyesa akateekateeka aha mitwarize y'abegi boona yaabaasa kushaaba abareeberezi b'abaana kutoora omuntu orikukiikirira omu byafaayo bya Chile n'okuhwera abaana baabo kwega ebimukwataho, nukwo bwanyima bashobora kukora omuzano gwa leedio, omuri buri omwe atwaare omugabo ogurikubahwera kubaririra ebyafaayo by'abantu abaatoorainwe.
Omwegyesa naareeba omurimo ogu nk'omugisha gw'okucungura ekigendererwa ky'okwegyesa ekirikukwata aha kutuurana omu bumwe n'obwenegura: ""Kwooreka embabazi n'obumwe omu mbeera ezirikutunga abarikwegana nari ezirikureebwa omu bitabo nari ICT, bakora ebikorwa by'okuhurikiza, obuhwezi, n'obukorani.""
N'okuteekateeka aha murimo ogurateekanisiibwe omwegyesa, niki ekirikukirayo kurungi kucungura abegi?
","Okugumisana hamwe omuntu n'ondiijo
","Okwebuza
","Okweyesuuma kw'abandi
","Okuteera omucweko n'akakiiko k'abantu abarikukuratira omuntu.
",,,,A,SEND,Assessment,Primary,2019,History
938,"Shoma omuhendo ogurikukurataho:
Amalia ari omu mwaka gwa kabiri kandi ahabwa obuhwezi kuruga omuri puroguraamu y’ekuteerana omu ishomero, ahabw’okuba aine oburemeezi bw’omutwe. Omu ishomero, azirikiirwe ahabw’okuba omushaanzi, orikukora, kandi orikukora ebintu, kwonka obumwe atendekire kwetantara, eki nikimureetera kwetangaaza omu mbeera ezirikubiisa. Omu isomo ry’Ebyafaayo, Eby’obutwaare, n’Ensi, omwegyesa ariyo naashoma ekigyendererwa ky’okwega “Kwetegyereza, kuteerereza, kukoresa, n’okushoboorora obukuru bw’amateeka agataaine kuburwa kwetantara embeera ezirikubiisa ezirikukwatana n’obuteekaniza bw’engira.”
Kurugiira aha mbeera eri ahaiguru n’okurugiira aha biteekateeko by’omuringo gw’eby’obutonde, n’omuringo gw’okushoma ogurikukurataho nigukwatanisa okushoma ekigyendererwa ekirikushomwa?
","Tebeekanisa n'abeeshuri orugyendo rw'okwegyesa omuhanda omuhanda omu itungo, abetabise omuri rwo bakolese ebi baayegire aha bikwata aha bubonero bw'engira.
","Abeekusomesa omuri ক্লাসি kutebeekanisiza omukura gw'ebintu omu bitoogo by'eshomero ebirikworeka obukuru bw'ebirango by'omuhanda n'akabi akurikurira hamwe nabyo.
","Kora emizaano n'ebikorwa ebindi ebyetaagisa abagyetabamu kumanya obubonero bw'enguuto obw'omutaano, nga okweyambisa embeera ezirimu omu bwomeezi obwa bulijjo, ebyokukozesebwa nga tukozesa ICT.
","Kora hamwe n'omwegyesa w'emibiri, omuringo gw'okutendeka omubiri ogurikwetenga okuhitsya omuhanda ogurimu obubonero bw'etraafiki ebi oteekwa kushoborora omu buringaaniza okuhikiiriza orugyendo rw'okutendeka omubiri.
",,,,A,SEND,Assessment,Primary,2019,Geography
939,"Shoma omuzingo ogurikukurira:
Gabriela ni omwegi omu mwaka gwa kashatu kandi aine oburemeezi bw’omu bwongo. Omu biteenwa bye, arikwetenga obuhwezi kwikiriza obwengye bwe (arikubaasa kubukuumira kumara edakiika 3 kuhika 5), ekirikimugumira kutandika n’okumaliriza omurimo; kandi arikwetenga obuhwezi obutahwera kumanya eki ashemereire kukora omu kiraasi (obutwaaro obu emirimo eine obutaanwa obukira obubiri nari obushatu) kandi, aha rubaju orundi, obutoosha asherura okusiimwa kw’abakuru ahabw’okutaguma.
Nikiraganisibwa ebiteenwa bya Gabriela, ekikundi ky’omu kiraasi nikiteekateeka omuringo gw’okukora ogurikukurira:
- Okuhwera kwikiriza obwengye aha murimo kurabira omu kucwekyereza ebintu ebiri kumutwara obwengye omu mbeera ye.
- Okumuha “Omugisha gw’omurimo” ngu, omu bweeru, abeasa kwebuzya aha ntunguuka ye atakagendire omu maisho.
- Okukakasa ngu ayetegyereize ebiragiro kurabira omu kubigamba kandi, omu kubumbura omurimo, okubaho ekyakozirweho obwo ngu obwengye bwe bugume aha bintu ebikuru.
Nikiraganisibwa embeera ezo, niki ekirikusiimisa obuhangwa bw’omuringo ogurateekanisiibwe?
","Omuringo ogu nigwija kuhikiiriza ebi omwegi arikwetenga, ahabw’okuba nigutwarizaamu obuhwezi bw’okwetegyereza ebiragiro n’omukuruzo gw’ebiteekateeko ogurikumwebembera omu kuhingura omurimo gwoona nari ekikorwa kyona eki ashemereire kukora, niguhiga kuhangaanisa embeera n’entebeekanisa eziramuha kuhikiirira omuri ebyo.
","Omuringo ogu nigwija kuhikiiriza ebi omwegi arikwetenga, ahabw’okuba nigweshongora aha miringo y’okuta omutima aha bintu egi eri omusingi gw’ebikorwa byona eby’obwengye: okuta omutima aha kintu kimwe n’okugumizamu. Kandi, niguha obuhwezi butahurugire n’obw’omuntu bwite, nigutwara omu biteekateeko obwire bwe arikumara ata omutima aha kintu, obu ni obuhwezi bukuru bw’emico ya Gabriela y’obwengye.
","Omuringo ogu nigwija kuhikiiriza ebi omwegi orikugambwaho arikwetenga, ahabw’okuba nigweshongora aha miringo y’okutunga ebintu omu bwooro, kandi nigwegyesa okukura omu kweyamba n’emitwarize y’okwetegyereza, ebi bireetera okwetegyereza obwengye bwe hamwe n’oku arikukoramu ebintu ebi atungire, ekirikukonyera omu kwireetera emitwarize erikukura.
","Omuringo ogu nigwija kuhikiiriza ebi omwegi arikwetenga, ahabw’okuba nigwija kuteeraho ebintu bikuru eby’omumutwe ebi arikwetenga obuhwezi omuri byo. Kandi, niguhiga obwetegyeki n’okwetegyeka omu miringo egi erikuhiga embeera z’omutwe ezirikumuha obushoboorozi bw’okukurikiranira haihi oku arikukora ebintu kurugiirira aha mugasho gw’omurimo gwoona nari omukoro.
",,,,D,SEND,Teaching strategies,Primary,2019,General
940,"Shoma omubaire ogurikukurataho:
Omwegyesa w'abaana abaine oburemeezi bw'omutwe nayenda kukuza obwengye bw'abaana abarikworeka oburemeezi bw'omutwe. Kuti kukikora, nk'ekicweka ky'emirimo ye, naija kuteekateeka omugisha. Kurugiirira aha mbeera eyo, omu mirimo egi erikukurataho, omu ki omwegyesa arikukorera aha bwengye?
","Mugabe: Reeza, obu obu ni omuryango gw'aha muhanda ogurikwenda, nyoreka ahu orugyendo rurihwera. Hati bikore iwe wenka orikuronda omuhanda ogurikutuura aha orugyendo rurihwera.
","Mwegyesa: Reeberaho, oshemereire kureeba omugisha ogu omu buringwa bwa maizi oreebe ngu aha niho h’okutandika kandi aha niho h’okuhendera (n’okwoleka). Oshemereire kukuratira omuhanda ogu nari oguriya?
","Omugyezibwa: Eki n'ekihita, nomanya ekihita kiri ki? Orakikora? Nokikunda? Hati oshemereire kukuratira omuhanda ogurikukutuura kuruga omwihuriro. Buri obu orakore enshobi, hindura ibara ry'ekaramu.
","Mugyezaho: Reeba omuhanda ogurikwenda, ogushoboorore. Ego, harimu emihanda etari emwe, kwonka gumwe nigwo ogurikwiija kukuhitsya aheeru. Nooteekateeka ngu oshemereire kukora ki? Noobaasa ota kushanga ogwo muhanda? Waamara kumanya gwoona, taaha omushwiija ogwo muhanda.
",,,,D,SEND,Teaching strategies,All,2019,General
941,"Shoma omubaire ogurikukurataho:
Omwegyesa w'abaana abaine oburemeezi bw'omutwe nagambira nyina w'omwana ogwo ngu, okushobora kumanya obuyambi obu omwana arikwetaga, bashemereire kwesigama aha bintu bitari bimwe nk'okumanya embeera y'eka nk'omulingo eshomero ririyo omu maka, ebi abazaire barikwenda ngu omwana abe akigaireho, obushobozi obu atungire, omukago gw'omwana na banywani be na begesa, emikisa y'okwetaba n'obuyambi obu ekigo kirikumuhaire kubaasa kwetaba omu by'omushomo.
Kurugiirira aha byamanyisibwa ebi, omulingo gw'okucweekereza n'okushobora obuyambi bw'omwana nigukorwa omuhanda guliha?
","Omuringo gw'eby'obutonde oburikukora n'omikro-sisitemu yaagwo hamu na meso-sisitemu yaagwo
","Omuringo gw'okwegyesa ogurikukwata aha miteekateeko n'obwengye bw'omwegi hamwe n'ebicweka by'okukora omukoro gw'okukungaanya amakuru agariho.
","Omuringo ogurikukwata aha bintu bingi n'ebicweka ebirikukwatanisa n'embeera y'omwana erikukuraho.
","Omuringo gw'okwegyesa ogurikukwata aha mbeera n'ebintu ebi biri omu butonde ebi birikukwata aha mbeera y'omuntu kwega.
",,,,A,SEND,Assessment,All,2019,General
942,"Shoma omuzingo ogurikukurira: Kevin ni omwegi oine oburemwa bw’obwongo. Abeera omu kiraasi ya kana omu ishomero eririmu puroguraamu y’okwegyera hamwe. Obwezirikiro bwe nibukirira aha kuteeraho omutima, ahabw’okuba bumara obwire bw’edakiika 3 kuhika 5. Obwo obwire bumwe, n’agonza obwezirikiro aha kwijuka ebintu n’okutebeekanisa. Eki nikireeta okuzibu okutari kumwe, nk’okukora ebibazo by’okubara. Twaba niturora embeera ya Kevin, omwegyesa w’okwegyera hamwe nashaba omwegyesa w’ekiraasi engyenderwaho ezirikukurira: Obu otakatandika kukora ekibazo ky’okubara, ijutsya omwegi entarikwa z’okukurataho kukora omurimo ogwo kandi ozikoree nk’oku ekibazo kirikukorwa; bwanyima, boona hamwe, bashemereire kuteeraho ebigyendererwa biryabire bikuruukuru ahabw’entarikwa ezirikushabwa; omu bwire bw’omurimo, yamba omwegi kukora enkoresa y’okutwara ebi orikwenda kwijuka kwandika ebintu ebirikwetagisa kukora ebibazo by’okubara. Twaba niturora embeera egi, ni engyenderwaho ki ezirikukurira ezirikuhakanira okukoresa engyenderwaho ezirikushabwa?
","Emi engyenderwaho negyenda kureka Kevin kutandika n'okumariza omurimo, kuta omanya bwona oburikwetagisa, atarikusaanya amakuru agurikwetaga kukora, kuteekateeka oku araagukore, n'okukurikiraniza aha ku araabe nagenda aha kiragiro.
","Emi engyenderwaho neja kwikiriza omwegiisa kwetantara aha bintu omu bwira burikurengaaho, hamwe n'okumanya ebintu by'omugasho kuruga omu bitari by'omugasho omu bibuuzo ebi ahaweirwe, narukurinda kugarukamu ebibuuzo arikukozesa engyeso y'okugeza n'okushobora.
","Emiteeka ei turikutebeekanisa neeyija kuhwere Kevin kureetera obwengye bwe kukora gye, nukwo kimworobere kukunganya amakuru agurikwetagisa kukora ebibuzo by’okubala, kimuhwere kumaliriza buli omwezi.
","Ebiragiro ebiragisiirwe nibiza kuhwera omwegi omu kushoborora embeera z'obwengye n'ez'okwetegyereza ezirikubaasa kukoresibwa omu kukuza ekizibu kyona ekireetsirwe, okutebeeka entebeekanisa erikutebeekanisiza okukikora n'okukikiriza omurimo okumarizibwa.
",,,,A,SEND,Teaching strategies,Primary,2019,Maths
943,"Shoma omuhanda ogurikukurikira:
Camila ari omu giraade ya 5 kandi ahabwa obuhwezi kuruga omu kitongore ekirikukwatanisa abantu hamwe, ahabw’oburemeezi bw’eby’omushomo oburikuruga omu kuteebereza kwe ngu aine oburemeezi bw’obwengye. Hati, Camila nashoma ebyahandiikwe ebirikureenga omu bureingwa, kwonka aine oburemeezi aha mutindo gw’okwetegyereza, na munonga omu kwihamu eki bari kugambaho. Omu isomo ry’Orurimi n’Okugambirana, omwegyesa ari kukora aha kiragiro eki: “okushoma n’okwetegyereza ebyahandiikwe ebitari by’obuhangwa byenyine”, omu muringo ogu, amakuru. Twaba niturora ekigyendererwa ekigambirwe, oruhe rw’emirimo erikukurikira nirwo rurikukwatanisa gye omu kukuza obwengye bwa Camila obw’okukurikiranisa amakuru?
","Shoma omu bishangwa omu makuru reero okore omukyeeto orikurora ebyabaireho eby'omugasho munonga n'abantu abakuru abarikukwata aha mutwe gw'ebishangwa.
","Shoma omu bizooba by'amakuru orikukoresa omuringo gw'okushara n'ekyaranzi, nooshara enshonga nkuru n'ebintu ebirikugambwaho omu mweshongoro.
","Shoma amakuru orikukirizibwa n'ebibuuzo ebirikukwebembera ebirikworohereza okukungaanya data, okumanya oburemeezi, emikwatane n'ebyarabiremu, n'ebindi
","Shoma omukura gw'ebyahandiikirwe by'amajanja n'okukora akatebe k'obwengye kuruga omu mikago eyashimwirwe ahagati y'ebintu ebirikukirayo obukuru n'ebirikubaho ebirikugambwaho omu byahandiikirwe.
",,,,C,SEND,Teaching strategies,Primary,2019,Literacy
944,"Shoma omuhanda ogurikukurataho:
Mateo aine emyaka 15 kandi aine oburemwa bw’obwongo. Ni muntu ow’omukago mwingi kandi akunda kuhurira omuziki n’abanywani be, okutega ebifaananyi, n’okukoresa app aha ssimu ye. Emyeezi mikye enyima, Mateo akagamba ngu nayenda kwega okuza aha bbaasi kuruga omu ishomero okwija omu ka, nagira ati: ndi mukuru okumara obutoora aha motoka y’abaana. Okugarukamu okusaba kwe, ekibiina ky’omu kicweka kikaikara n’omurezi we kandi bakikirizana kuta omulingo gw’okutambula gwa bwonyini ogurikwija kuteekateeka okukoresa ssimu nk’obuhwezi bw’okuhanganisa embeera ezirikubaho omu rugyendo.
Kurugiira aha muheru ogu n’okutwara omulingo ogw’emitwarize mingi nk’eky’okureeberaho, ni nshonga ki aha zirikukurataho erikukirayo kwikiriza okucwamu kw’omulingo ogwatwirwe ekibiina ky’omu kicweka?
","Omuringo ogwo gukomeza okukuza obwengye bwa Mateo bw'okuganiira n'obw'enyabantu kuraba omu kukoresa esimu nk'obuhwezi.
","Omuringo ogu twatooraine nigukwatanisa okukuza obureezi bw’okwetegyereza, nibuhikiiriza ebi Mateo arikwetenga omu bantu n’okwetungira ahaiguru.
","Omuringo ogu twatooraine nigwo gukozesa tekinologia ezirikuhwera nk'obuhangwa bw'okushagika, nigwo guhikaho Mateo omu kweyamba.
","Omuringo ogu twatooraine nigutwara omu maisho ebi Mateo arikukunda n'ebimureetera kukora, omukutwara hamu n'okukoresa esimu nk'obuhabuzi oburikwija kumworohoza omu rugyendo rw'eibaasi
",,,,B,SEND,Teaching strategies,Secondary,2019,General
945,"Shoma omubaire omu:
Ekikundi ky’abeeshomo omu kiraasi ey’omukaaga nikyenda kukuraho okwetaba kw’abeeshomo kurora ebyo baayegire omu ishomo lyabo kumaliriiza eizooba ry’eshomo. Okukora eki, bakashaba abeeshomo kubaza ebyo baayegire kumaliriiza ishomo, baitu obutoosha abato bayegire nibo barikwetaba. Omurundi ogundi, bakakoresa “emigogo y’ebibuuzo,” baitu abeeshomo bake barikwetaba, ahabw’okuba abandi bakagamba ngu tibarikumanya eky’okugarukamu rundi tibarikugarukamu ahabw’ensoni.
Ni ngyenderwaho ki ey’eteknologiya erikukiraho kwemerera okuhurirana n’okwetaba omu ishomo eli?
","Poroguramu ahu omwana weena asobora kuhurra ebiragiro omu bwomezi, hamu n'okubisanga bihandiikirwe, ahabw'okukora emirimo omu labu y'ekikoompyuta
","Poroguramu ahu abeeshomeri barikubaasa kutaaho ebibuuzo nari okugarukamu, kandi aha muheru gw'eklassi, tiimu y'eklassi neebaasa kubyoreka, baahandiika enshobi, kandi bagaba eby'okubahabura
","Puloguramu ahu abeeshuri barikubaasa kugarukamu ebibuuzo omu bwabo kandi aha muheru gw'eklassi, tiimu y'eklassi neebaasa kureeba lipooti y'omutwaro gw'ebirikugyendererwa ebi batungire.
","Poroguramu omwegyegyesa arikwohereza emirimo n'ebikorwa omu ishuri abanyeshuri kukikorera kimwe kandi bagyeranisya eby'okugarukamu ebirungi ebihairweyo nk'obuhabuzi
",,,,B,SEND,Teaching strategies,Primary,2019,General
946,"Omuhurikiirwe omuringo ogu: Omwojo orikukura omwaka munaana aine oburemeezi bw’omutwe, orikwenda omu ishomero ry’abaine oburemeezi, aija omu ishomero aine obucafu n’emiziizo mibi omu butoosha. Obutoosha ashutama ahaitaaka kandi tarikukwatanisa na banywani be ab’omu kiina. Omu murimo ogurikwebemberwa omwegyesa, omuri abaana baragizibwe kureeba omu ndeeberwamu kwongyera okugamba ebigambo ebirikugattwa, omwojo agaanisa munonga kureeba omu ndeeberwamu, eki kimureetera kutateerwa kandi akakora ebintu ebirikumukora kubi. Okugarukamu omuringo ogu, omwegyesa ataaga nyina w’omwojo kwetaba omu kiina yoona, kumwikiriza kucwamu emirimo kandi akahiga omwojo kumwegaitaho. Omu mutindo gw’amagara marungi, nk’oku kiragizibwe ekibiina kya American Association on Intellectual and Developmental Disabilities (AAIDD), ahabwaki okucwamu kw’omwegyesa kukwatanisa n’omulingo omwana arikwegamu?
","Ahabw’okuba omwana naija kutunga obumanzi bwingi bw’okukora emirimo egi etegurirwe.
","Ahabw'okuba ab'eka baryaija kugarukamu ebi omwegyesa arikukora omu ka, kandi omwana naija kwega.
","Ahabw’omuringo ogurikukoresibwa maama ogu nigwija kubaasika kukoresibwa omu kicweka ky’ekyegyeso.
","Ahabw’okuba embeera z’okukora ebintu nezigyezibwa hamwe omu mbeera zoona ezoombi
",,,,D,SEND,Teaching strategies,Primary,2019,General
947,"Shoma omubaire ogurikukurataho: Paulo ari omu mwaka gwa 3 ogw’eshomero kandi aine oburemwa bw’omu bwongo. Oburemwa bwe obukuru buri omu bintu ebirikukwata aha rurimi n’okuhurirana, okukira munonga omu bintu ebirikukwata aha kushoma n’okuhandiika, ahabw’okuba tamanya eiziina rye rihandiikirwe omu mazina amaingi, namanya akahandiiko k’enjwekyera zimwe, n’eddoboozi erikubanza ry’ebigambo by’erikubanza n’enjwekyera ezi arikumanya. Ayenda munonga okuhandiika kandi ebi arikukora biri aha mutindo gw’okuhandiika ogutakahandiikirwe enjwekyera. Omwegyesa nayenda kutandika kumuhwera omu kuhandiika kandi ashaba obuhwezi kuruga owa special education. Kuruga omu muringo gw’okwegyesa ogwa constructivist ogw’orurimi oruhandiikirwe, ni miringo ki erikuhwera Paulo kutunga obuhangwa bw’okuhandiika?
","Okukora kuruga omu iziina rye, okubanza oyorobanise enyuguta ahabw'okuba amazi, nk'eky'okurorraho a na p, reero omworeke ebigambo ebindi, birikumpiirira n'ebishushani ebirimu enyuguta zimwe; omuhe omugisha gw'okuhandiika iziina rye omu buryo obuhikire kandi agyende omu maisho omu kwega enyuguta nkuru ezirimu.
","Muhe omugisha gw’okuhandiika iziina rye; muhe akatabo k’okukora omurimo gw’okwongyera aha ka, orikurimu ebigambo ebirikushushana n’ebyo arikukunda, ngu abe n’ashobora kukopiinga n’okushoma enyuguta ezo arikumanya, hamwe n’okumuheereza enyuguta ezirikuhuriirwa nk’oku zirikugambwa ezizo atarikamanya gye.
","Muhe obuhwezi kuruga omu musomesa orikukwata aha by’abaana abaine oburemeezi bw’okwega omu mashomo agatari gamwe, kumuhwera kuhandiika ebigambo birikwera, kumugambira enyuguta ezi arikumanya n’okukoresa orutindo rw’enyuguta orwine ebishushani aha mesa ye; muhwere omu kwega kwe n’ebipapura by’okukoreraho ahu arikukora n’enyuguta nkuru ezi atarikukimanya gye bwanyima mutandike n’enyuguta nkye nk’eza m, p, na l.
","Muhweereza omuhendo gw'okukora ebintu omu obusinge bw'enjwebwa z'enyigirizi z'arikumanya, kuraba omu kubaho kw'ebifo by'okushoma (eshomero n'eka), ahu ebipande ebirimu amazina g'ebintu ebiriyo birikuteerwa; kurora aha kuhandiika kuraba omu kuheereza emigisha erikushushaane kandi omushabe kuhandiika nk'oku arikuteekateeka ngu nikwo kushemereire, nooha ekitiinisa eby'ahangiire kandi nomubuuza ebibuuzo ahabyo.
",,,,D,SEND,Teaching strategies,Primary,2019,Literacy
948,"Shoma omuhendo ogurikukurira:
Sofia ari omu mwaka gwa kabiri omu ishomero erikuru, aine emyaka mwenda kandi omu isomo ry'Orurimi n'Okuhurirana, omu mutwe gw'okushoma, nabasa kumanya eiziina rye erihandiike n'ebihandiiko ebitandika n'enjwekyerwa; omu mutwe gw'okuhurirana omu kanwa, nabasa kwetegyereza ebiragiro biryoha n'ebyahandiikwa biryoha ebirikumushomerwa, naruga omu kanwa kugarukamu n'ebigambo nk'ego nari ngaha, n'ebirikukwata aha byetengo by'okurya, obweresi, n'amagara, nibiherekerwa n'obubonero. Okuruga omu kanwa kwe nikushagikirwa n'ekikopo ky'okuhurirana. Omwegyesa we yateekateeka kukora aha mugingo gw'okwega ogurikukurira: Kworeka okwetegyereza kw'ebyahandiikwa ebirikushomwa, kurugamu amakuru agirikwerarikira n'agahisire. Okucungura nikwija kuba kw'okugamba ebyabaireho omu muringo gw'okugamba.
Ninkuratira omugingo gw'okwega ogugambirwe, niki aha hindura z'omurongozi ezirikukurira ekirikukwata aha kwikiriza ebyetengo by'obushagikiro ebi Sofia arikworeka?
","Muhemu ebishushani by'omugani, asobole kugugamba kuruga aha kutandika kuhika aha muheru
","Eky'okubuuza ebibuzo ebirikugarurwa omuhanda gumwe, ebirikugyenderera kugarukamu ebyagambirwe, eby'okugarukamu biri egooba nari si egooba.
","Muhe obupapula n'ekaramu ngu ashoobore ebyagambirwe, bwanyima obuuze ebibuuzo ebirikugyenderera kushuuruura ebyabaireho omu muko gw'ekiganiiro.
","Mutwarire omu kibina ky'abanywani, omu murimo gw'okushushana ebyahandiikirwe, obagambire kushushana ebyafaayo kuruga aha kutandika kuhika aha muheru.
",,,,A,SEND,Student understanding,Primary,2019,Literacy
949,"Shoma omuhanda ogurikukurira:
Isabeli ari omu mwaka gwa 3 ogw’eshomero kandi afayo kuruga omu kitongore ekirikukwatanisa abantu hamwe omu shomero rye ahabw’okuba aine obuhabuzi obuhikire ahabw’oburemeezi bw’obwengye obutari bwingi. Ayoreka okukunda kwingi emirimo y’eshomero. Omu isomo ry’ekibalangulo, omutwe ogurikukwata aha Nkora y’Eihanga y’Esheeri nigwija kworekwa, eki nikireetera abazaire ba Isabeli okutangara ahabw’okuba obwahati ashooroire kwongyerera hamwe emirimo etari y’amaani omu bubare kuruga ahari 0 kuhika 50.
N’okurikira aha mbeera eri ahaiguru, ni muringo ki ogurikukirayo kuhikira okuhiga okwega n’okukoresa enkora z’ekibalangulo ezirikukora Isabeli?
","Genda omu Isabeli aza omu bintu ebirikukorwa omuhanda nari akore omu itendekero, ahu arikubaasa kukoresa amagezi n'obureezi omu kwegura n'okutunda n'okumanya emibaro omu mbeera za butoosha.
","Tebeekanisa ""akatale k'eby'okubanza"" n'obuhereza kuruga omu bwire bw'abantu boona abari omu ishomero, ahu Isabel n'abanywani be barikubaasa kuteeka omu nkora obwomeezi oburikukwata aha kukoresa ebicweka by'esente n'empapura z'Eshente y'Eihanga.
","Omuzaano gwa ""Monopoly"" gutebeekanisibwe nk'omutindo ogutera kukozesebwa, aha muheru gwa buri kiraasi y'ekibalangulo, nk'omuringo gw'okugumya obwengye bw'Enteekateeka y'Eihanga y'Emihendo, kuraba omu murimo ogushemeire kandi oguhiga abeeshuri.
","Teeka enyikirizo y'emyolesyo erimu emirimo egikwata aha Muringo gw'Eshente y'Eihanga, omuri yo harimu n'emirimo y'okukyusa n'okuringanisa, okutandika n'emyolesyo omu bwingi bw'emibaro obu Isabeli amanyire, oburikugenda nibwongyera obugumu.
",,,,A,SEND,Student understanding,Primary,2019,Maths
950,"Shoma omuhendo ogurikukurataho: Danieli ni omwegyesa omu mwaka ogwa kana omuishomero, aine oburemeezi bw’obwengye. Aha bi arikukora gye harimu obushoboorozi bwe obw’okutwara abantu n’okuhurirana nabo, arikusherura n’okushemererwa omumigisha y’okubuurana n’abanywani be n’abakuru, nangwa n’obu arikuba ahikire abantu abatarikumanya. Omu isomo ly’Ebyafaayo, Jografia, n’Ensi n’obwomeezi bw’abantu, Danieli abaire aine oburemeezi obumwe okwetegyereza emirimo n’obujunaanizibwa bw’abamwe ab’obushoboorozi omu bitebeekaniso by’eby’obufuzi n’obutegeki bwa demokarasi omu Chile. Twaba niturora omuhanda gw’okukora ebintu omu bwomeezi, oruheko orurikukurataho nirwo rurikukwata aha byetengo bya Danieli?
","Rekooda vidiyo erimu dramatizasiyoni z'abakuru ab'obuyinza ab'ekikuru omu bitebeekaniso by'eby'obufuzi na demokulasiya omuri Chile, omu buri mukozi w'eby'obufuzi arikushoboorora obujunaanizibwa n'emirimo mikuru ei buri omwe ashemereire kukora.
","Koresa ekikwaikuru ekyakozirwe hamwe omwegyesa w'ebyafaayo n'omwegyesa w'abana abaine oburemeezi, ekirimu obuhweerezi bw'abakuru ab'omutaano omu kutebeekanisa esomero rye, ekirimu ebibuuzo ebikwata aha bintu bikuru ebi barikukora.
","Tebeekanisye eky'okubaanisa aha bantu ab'obushoboorozi abarikukwata aha itungo rye eirikumwegyerera haihi, nk'eky'okureeberaho, omukuru w'eishomero, purezidenti w'akakiiko k'abanyeshuri, omubazi w'eklassi, n'abandi, kurugiirira aha kubuuza oku kubabuuriza aha mirimo yaabo n'obujunaanizibwa bwaabo.
","Ha omuhanda gw'abakuru ab'eby'obufuzi abakuru omu ihanga kandi oye omu kicweka ky'ekicweka ky'ekicweka ky'eishomero okushaka amakuru agarikukwata aha mirimo yaabo n'ebikorwa byabo, omu mutindo gw'entebeekanisa y'eby'obufuzi na demokarasiya ya Chile, kandi okuruga ahari ekyo, tebeekanisa orugyendo n'obuhwezi bw'ekipande
",,,,C,SEND,Student understanding,Primary,2019,Geography
951,"Shoma omubaire ogurikukurataho:
Omwegyesa w’ekika kya mushanju owa Mathematics omu ishomero naija kutandika kukora aha kigyendererwa “Kworeka okwetegyereza ebintu ebirikugyenda omu muringo gumwe n’ebirikuhinduka.” Omu banywani b’ekika eki harimu Andreas, ou orukurataho kuruga omu puroguraamu y’okwegyereza hamwe ahabw’oburemeezi bw’omutwe. Andreas akunda munonga okwootsya emigaati, ekimureetera kwesherura omu banywani be, ahabw’okuba obutoosha agabana emigaati nk’emikeeka, empai, n’obukuki n’abanywani be n’abegyesa, ebi arikutebeekanisiza hamwe na mukuruwe.
Kurugiirira aha muringo gw’okukora ogurikurugiira aha biteenwa by’obwomeezi, niki eki orikuteekateeka ekirikukiraho kureetera Andreas kwega ebintu ebirikumugasa n’okuhikiiriza ekigyendererwa ky’omwegyesa?
","Ha abaana omwegereeso ogurikugambira aha ntambwe ezirikukuratirwa omu kutebeekanisa ekyokurya, kirikushagikwa n'ebishushani ebirikwongyera aha kwetegyereza eki hamwe n'omugatte gw'ebintu ogurikukoresibwa.
","Tukorere hamwe okukora akatabo n'abegyesi b'eky'omubaro n'abegyesi ab'enjuraano, omuli emirimo n'okwegyesa ebikwaata aha mugano ogutangaana n'oguhindukire, omu mbeera y'okuteeka emmere, ahabegyesi boona.
","Gamba abeshuri abamwe, omuri bo na Andreas, kukora vidiyo z'okworekwa omu ishomero, nibereka nibateeka emicwe yabo omuka, niberekana omuhendo ogukozirwe n'empiinduka ezigizirwe obu omuhendo gwahindurwa.
","Shaba omuhandizi w'eby'okurya, orikwija kweta abeeshuri omu kicweka ky'okutebeekera eby'okurya omu ishomero, aharikwija kuteeka eky'okurya kicweekye, naagumisiriza aha bukuru bw'emigabo. Bairaareeba ekirikubaho emigabo y'ebirikuteekwa omu ky'okurya yaahindurwa.
",,,,C,SEND,Teaching strategies,Secondary,2019,Maths
952,"Shoma omushomo ogurikukurataho: Omwegyesa owa ক্লাসে ey'abegyegwa b'omwaka ogwa kabiri omu ishomero eririmu Enteekateeka z'Obwegyesa Ezegataire ashaara kukora aha mugingo gw'okwega ogurikukurataho: ""Kumanya omugasho gw'emirimo nk'engendo, obuhabuzi, n'akatale omu kugasa abantu."" Eki nikishemereire kuteekateekwa ngu ক্লাসে harimu abegyegwa babiri abarikugira oburemeezi bw'omu bwongo, abarikumanywa ahabwokukora emirimo yaabo omu muringo ogurikukora. Twateekateeka aha miringo y'ek ক্লাসে, oruhe rw'emirimo erikukurataho orurikukwatanisa obwegyesa obw'omutaano?
","Omugyezibwa naayoreka vidiyo erikukwata aha mirimo etungiire abantu omu kitongole, reero asaba abeeshuri kutoorana ogu baraakunde kutandika nagwo; omu muringo ogu baatooraniize, omugyezibwa naabaha amakuru arikukwata ahari gyo arikukoresa obusaani, nukwo bashobore kuza kukora akapande bakoresa ebintu bitari bimwe.
","Omugyezibwa nayoreka abaana ekaadi ezirikworeka ebishushani by'ebintu ebirikukozesibwa omu kwenderera, omu kubuurirana n'omu kutunda, yaabaasa abaana kukora omukago, buri omukago guhondeho ekintu kimwe kuruga aha bishushani ebi, gurondereho amakuru agirikukwataho. Bwanyima y'okukundaania amakuru, baine kureeta orupapura rw'ebyo barikwenda kworeka, nibakozesa ebishushani n'empapura ezirikworeka ebi barikwenda kumanyisa.
","Omugyezaho nashoborora emigisha nk'okutwara abantu n'ebintu, eikatale, n'okuhurirana, arikweta abanyeshuri kureeba vidiyo erikukwata ahari byo. Bwanyima, bahandiika omu buuku bwabo oburikugira omukuru gwabyo. Eky'ahaheru, nibaha orutindo ahari emigisha eyashomwa nibakoresa ebikoreso by'okureeba n'okuhurira.
","Omugyezibwa naayoreka abana oburemeezi obutali bumwe obw’omuri obutoosha nk’obw’engendo nari obw’amashaza kandi abana bakatsyuba oburemeezi obu barikumanya kurungi. Abegyi bashemereire kucweekereza enshonga ezirikubaasa kukoresibwa kuraba omu maka gaabo nari omu itungo ryabo, bwanyima bakakora enyikiriza n’enshonga ezirikubaasa kukoresibwa kandi ezirikukora.
",,,,D,SEND,Teaching strategies,Primary,2019,Geography
953,"Shoma omubaire ogurikukurataho:
Ekibiina ky’abegi ab’omu mwaka ogwa 7, ekibiina eki kirimu obwenzi munonga, nikiraga okutwara kubi embeera y’abegi baakyo ahabw’okuba harimu abegi babiri omu kiraasi egi abarikugumirwa kwetegyereza ebi barikugambirwa, nk’eky’okureeberaho, obu baraabe nibahabwa ebiragiro nari okushoboororwa aha bintu ebimwe.
Omu mbeera y’okukuratira emicwe erikwatanisa abantu boona, ni engyenderwaho ki ehi erikukirayo kuba eshemeire kumara ebyetengo by’abegi abari omu mbeera egi eyagambirweho?
","Omurimo nigwija kwesigamizibwa aha muringo gw'okukoragana (okwegyesa abandi n'okukora omu bibinja), ahabw'okuba embeera z'eklassi nizikora ekyo kishoboka, omu kwongyera aha kwetegyereza omurimo n'ebirikuragirwa.
","Omuringo ogutari gumwe ogw'okuza omanya ebintu nigwija kuhangwa kandi okukoresa amagezi g'omutwe n'okwetegyereza nigwija kworekwa, nukwo buri omwe arikubaasa kwetegyereza gye eki omwegyesa arikwenda kumanyisa.
","Omuri buri kasumi ekyorekwa kirikuhairwa, omwe aha bakuru abarikukora omu class azookyerera abegi kureeba obwengye bwabo, kandi obuhwezi oburikwetagisa nibuhaibweho kworekereza okutahurira kwabo.
","Omwegyesereza omwegyesi omukuru aryegyesa abegi abarikugira oburemeezi, naayambaza okwetegyereza ebiragiro n'ebirikwegaanwa bisya, kwongyera aha kwetaba kwabo n'okwega, obwo kyetaagisa kyona.
",,,,B,SEND,Student understanding,Secondary,2019,General
954,"Shoma omuhendo ogurikukurira:
Felix ari omu razide ya 3 kandi natunga obuhwezi kuruga omuri puroguraamu y’okwegamira y’eishomero, ahabw’okuba aine obuhwezi obw’omutaano ahabw’oburemwa bw’obwengye. Ekintu kimwe eki Felix akunda munonga ni okushushana, n’ahabw’ekyo obutoosha orikumureeba naaba naakora ebishushani by’ebintu byoona ebirikumutaata. Omu isomo ry’Ensi n’ebintu ebirimu, omwegyesa aine ekigyendererwa ky’okugyenda aha kigyendererwa ky’okwega: “Kureeba no’kushoboorora, kuraba omu kunoonyereza kw’okugezesa, ebi ebiti birikwetenga n’omukago gwabyo n’emirizi, ekikondo, n’amababi,” arikukoresa orubari rw’eishomero nk’obuhwezi oburikukwatanisa, oru abegi barikwija kutaayaayira buri sande.
N’okurikurira aha mitwarize ya Felix n’emisingi y’okusesa ebirikukwata aha mazima, ni muringo ki gw’okusesa ogurikukwata aha kigyendererwa eki kirikugambwaho?
","Okushumbura ekipande eky'enyongane erimu ebishushani n'amashagamaizi agirikukwata aha byareebirwe omu musiri
","Okushumbura ekishushani ekyakozirwe kurugiirira aha kureeba ekimera ekitoroirwe omu musiri gw'eishomero
","Ebirango ebirimu ebitabo by’ebyahandiikwa bya buri sande ebikwata aha byarorwa omu musiri, hamu n’ebishushani n’obuhandiiki bw’ebyarorwa omu musiri
","Omugambirizi ogurikukwata aha kimera eki orondireho n'ebishushani nari PowerPoint erimu ebifaananyi n'obushoborozi buri bumpi
",,,,C,SEND,Assessment,Primary,2019,Science
955,"Shoma omuhendo ogurikukurataho: Marcelo, omwegyesa owa 7, aine oburemeezi bw’omutwe, ahabwekyo atunga obuhwezi kuruga omuri puroguraamu y’ekishomojo y’eishomero. Omu myaka, atungire obunywani n’abegyesa bagyenzi be abarikumuhereza obugumiizi oburikwetagisa kwetaba omu kwoleka omu maisho g’abegyenzi be. Kwonka, omu mbeera ei arikureebana n’abantu abatarikumumanya, nabaasa kureebeka nk’omunyara kandi naabaasa n’okutayenda kwegaita. Nk’ekicweka ky’okukuza Omubizo gw’Ebitabo, omwegyesa we arateekanise okwoleka omu isomo ry’Orurimi omu maisho g’amasomo gandi g’eishomero. Kutiisa omurimo ogwo, yaatooraine ekitabo ‘Omwana Omuto,’ ahabw’okuba n’ekimwe aha bitabo ebi Marcelo n’abegyesa bagyenzi be barikukunda munonga. Twaba niturora emitwarize ya Marcelo n’omurimo ogurateekanisiibwe omwegyesa, omu nkyukira ezi orikukurataho, engyenderwaho z’okutunga n’entebeekanisa y’ensi yoona zikozesiibwe omu muringo murungi?
","Omugyezibwa naateekanisa omurimo arikurora emiringo ebiri y'okwetaba: amajwi agarikootwa kare n'okushushana okurikukorwa omu bwire obwo, kandi asaba abeeshuri kutebeekanisa n'okwehandiikisa aha murimo gumwe aha mirimo egi ebiri.
","Omugyezibwa naateekanisa omurimo ogundi ogw’okuhindura ahabwa Marcelo, amugambira kweteekateeka orutaro oruhango aha kitabo ‘Omwana Omuto’, oru arikubaasa kwooreka omu kiraasi, omu maisho g’abanywani be.
","Omugurusi w'orurimi aha Marcelo omugisha gw'okutebeekanisa n'okuhanga, hamwe n'abanywani be abamwe, eby'okubanza ebirikwija kukoresibwa kwongyera amaani omu mizano, arikukora eki arikurora ebi omwegi arikukunda n'obuhanga bwe.
","Omugurusi naaha omwegi orikumwegyereza, ekirikubaasa kuba omunywani we ow'ahaafi, kumuhwera na kumuherekeza Marcelo omu mirimo erikukorerwa omu maisho g'amasomo agandi, ahabw'okuba omu muringo ogu, omwegi naija kwehurira kurungi.
",,,,A,SEND,Teaching strategies,Secondary,2019,Literacy
956,"Okurikuratira omuhanda gw'okuteekateeka, ni kirikukurata aha bigambo ebi nikyo kirikuhikaana n'endengo y'okukura kw'orurimi?
","Nikigira ngu okukuura kw'orurimi nikwetenga omulingo gw'okukuura ogukumireho omu bice by'obwomeezi ebindi ebirukugwasa kukurugura.
","Nibirikwenda ngu okukuura kw'orurimi nikweyimbiirwa omu mikoranire erikukorwa omu bantu n'obushangwa bwabo
","Ekiragura ngu amaani agari omumotoka y'orurimi rw'omwaana nigasangwa omu kwegyerera eby'okureeberaho by'orurimi n'okuhwera okuhendwa abakuru.
","Nikyooreka ngu okukuura kw'orurimi nikubaho ahabw'okubaho kw'ebintu ebirikuzarwa nabyo ebirikutebeekanisa ebirikureetera omuntu kukunda orurimi.
",,,,A,SEND,Teaching strategies,All,2019,Literacy
957,"Shoma omubazo ogurikukurataho:
Ekikundi ky'abegyesa omu kiraasi ya kashatu nibateekanisa isomo ry'ekibaro ahabw'okushobora kumanya omulingo abegi barikukora omu kubaza. Okukora eki, nibateekanisa obwomeezi bw'okwega oburikukwata aha mulingo abegi barikukora n'ebyetaago byabo boona omu kiraasi, nibahereza ebintu ebirikwetagisa okubahiga kwetaba omu isomo.
Ni obwomeezi ki oburikworeka omu mulingo ogurikuhikire okukoresa emisingi y'okuhikaana n'enteekateeka y'okwega ey'omunsi yoona?
","Nibarikiriza ebitebe ebirikukyusa omurimo gw'obuhanga bwona oburikukwata aha kwongyera, abeeshuri bashemereire kukora emirimo omu omwe n'omu butiima nibakoresa ebintu ebirikukwatwaho, ebirikushushana, nari ebintu ebirikwolesa obuhangwa.
","Nibarikira kushuuruura omwegyesa ogurikwegamira aha baine omugasho gw'abeeshuli aha kucuura ebizibu by'okubaaza, noobaha obuhwezi bw'ebishushani n'okubaha eky'okureeberaho aha kutandika kw'omurimo.
","Nibakora oruteeka orukusomesa ahu bareetera embeera erimu oburemeezi erikwetenga okubaasa kw'okwingana, abeeshuri bashemereire kushoboorora oku baataireho eky'okugarukamu. Nibakoresa omuringo gw'okubuuza ""enkoni z'omutaayi"" (popsicle stick questioning) kureetera abeeshuri boona kwetaba omu kiganiro.
","Nibarikora omurimo ogurikugambira aha kugura n'okutunda ebintu, ogurikwetenga okukoresa okubisa. Kureetera buri omwe kwetaba omu murimo ogwo, obugumu bw'emibuzo nibuhindurwa kukurugiira aha mbeera y'omwegi orikugumirwa munonga omu isomo eryo.
",,,,A,SEND,Teaching strategies,Primary,2020,Maths
958,"Omuhwezi w’omwana orikwegyesa abaine oburemeezi bw’okushoma, Soledad, omwegyesa w’omu mwaka gwa kabiri, arikugamba ebigambo ebi aha muranzi owa Soledad, arikumuha lipoota y’okukura kw’omwana: Omu maani agabonwa omuri Soledad omu kasumiro akabanza, okuteeraho kwe omu mirimo y’okushoma, okukunda ebintu ebirikubonwa, n’okuteeraho kwe kwega kushoma nibimanyisa. Kwonka, akagumizamu kutoorana omu mirimo ei arikuba asaana kumanya enyigizo ezirikukora ekigambo ekiri omu sentensi. Akatoorana kandi kumanya ebigambo ebirikutaandika nari birikuhwa n’enduru emwe, kutoorana ebintu ebirikutaandika n’enjuga ei turikukora, n’okucwekyereza n’okukora ekigambo ekirimu enjuga ei turikwenda. Ni muringo ki gw’okuteekateeka ogu omwegyesa orikwegyesa abaine oburemeezi arikugambaho arikushoboorora ebi Soledad arikwetenga kumuhwera?
","Okukuratiirira omutima gwawe omuringaanize
","Kushobora kutooroora ebintu omu maisho
","Okumanya eby'amajwi g'orurimi
","Obushoboorozi bw'okushoma ebigambo
",,,,C,SEND,Student understanding,Primary,2021,Literacy
959,"Shoma omwana Mateo, orikweshomesa omu mwaka gwa kabiri kandi aine oburemwa bw’okwega, ashoma omu ishomero eririmu enteekateeka y’okumushomesa nk’omuntu. Omwegyesa we ow’abaana abaine oburemwa bw’okwega nagira ngu omwegi asobora kwetaana ebigambo, kwonka n’obu ahabwa obuhwezi, tasobora kubiteebereza omukigambo. Aha rundi, omwegyesa we ow’omuklassi nagira ngu Mateo ahemerwa omu mirimo erimu okukurata entekaniza y’ebintu. Okukurata amakuru aga, omwegi ayetaga obuhwezi omu ki?
","Okukora ebirikukwata aha bigambo
","Okuteera aha murulirizo
","Okwetegyereza kuraba omu matwi
","Okutegyeka ebiragiro by'orurimi
",,,,A,SEND,Student understanding,Primary,2021,Literacy
960,"Shoma omuhendo ogurikukurira: Ekikundi ky'omu kicweka ky'abanaishomero abari omu mwaka gwa kabiri, omu ishomo ry'Orurimi n'Okuhurirana, nibakora omurimo ogurikukurira: 1. Okushoma hamwe 2. Ebibuuzo aha banaishomero 3. Eky'okugarukamu kya Emilio  Enkima Tito   Tito ti nkima ya buliijo. Tito tarikukunda kwambuka emiti kandi akazairweire kurya amate. Akunda kutaayaaya, kuhumurirwa eby'omubazi, n'okukungaana enjugu ezirikugwa kuruga omu miti.  Kurugiirira aha ekyo ekyorekwa, niki ekirikwetagisa okushagika eki Emilio arikworeka?
","Shanga amakuru agarukire aha bantu abarikukorera omu mutwe gw'ebyahandiikwa
","Shangaaza ebiri omuhandiika ebikwata aha bintu ebyabaireho
","Kuruga ebi orikubaasa kumanya omu mutwe omuhandiike
","Shobora omukago gw'obwire n'obugarukiro aha bikorwa ebiri omu mutwe gw'ekicweka
",,,,C,SEND,Student understanding,Primary,2021,Literacy
961,"Shoma omuhanda ogurikukurira: Ekikundi ky’abegi omukiclass ya 4 omu ishomo ry’orurimi n’okuhurirana nibashaba abegi kuhonda ebigambo bishatu ebirikumanywa obuhangwa nibabishobora omu kuhandiika orukundo. Ana, omwegi aine oburemeezi bw’okwega, nahonda ebigambo ebimuli, emiti, na bururu, natandika omulingo gw’okukora ebyahandiikwa bye. Omu mutendera gw’okushooka, omugurusi w’abegi abaine oburemeezi akazoora ngu omwegi akashooka ebiri aha omu kabooki ke: Omubwire obwahwereireho hakaba hariyo enju ya bururu eyabaire nungi munonga, ekaba eri omu orubuga kandi ekaba etwireho eshemerire hamwe n’ebitungwa byayo. Akaba aine embwa erikuru erairu n’empaka ezaire zikazana n’emiti n’ebimuli bye. Omu bintu ki ebirikukwata aha kuhandiika ebi Ana arikurwanisa oburemeezi obukuru?
","Endagaano y'ebyahandiikirwe
","Okutebeekanisa ebintu omuhanda gwabyo
","Okutangatangana n'okwegatta
","Ekyombeko n'ekigyendererwa ky'okuhereza amakuru
",,,,C,SEND,Student understanding,Primary,2021,Literacy
962,"Shoma omubaire: Ekikundi ky'omuklassi ky'abeesika ya kana omu pulayimare, omu isomo ry'Ekibaro, nikikora omurimo ogu abeeshuri baraabe baine omutaano oguhikire gw'okugura ebintu. Ebiro by'ebintu ebirikugurwa nibyorekwa aha bboardi kandi nibahabwe orupapura orucapirwe kwandika ebirikukorwa. Abeeshuri, omu bwabo, baine kutoorana ebintu batarikurenga aha muhendo ogurikugambwa. Omu kubarinda omurimo ogu, omwegyesa orikukora n'abeeshuri abarikwetenga obuhwezi naagira ati: ""Nshemererwa okubareeba nimushemerererwa kandi nimukora, mujjukire ngu omu rupapura orubahairwe harimu taabulo erimu ekaati kwandika emihingo n'ekaati endiijo y'omutaano gwona, ndebire ngu nimubiteera hamwe byona. Obumwe nibatoorana ebintu ebirimu emihingo erikukira, eki nikyo kibareetera kurenga aha muhendo ogw'okubanza, mugezeho obundi."" Kurugiirira aha biri ahaiguru, niki ekirikwetengwa abeeshuri kukwasibwa munonga?
","Okwebembera n'okweshomesa
","Okuteebereza n'okutebeekanisa omuhendo
","Okubara hamu n'okukora emirimo erikukirayo obuhangwa
","Okuteekateeka omuhendo n'okumarayo obwire obwingi nooteera ahari ekintu.
",,,,B,SEND,Student understanding,Primary,2021,Maths
963,"Shoma omu mbeera egi: Omu bwire bw'okukorera hamwe kw'ekibiina omu kika kya 2, nikiteekwa haihi ngu okwega kushoma n'okuhandiika nikuza kukorerwaho nikukoresibwa emiringo erikushoborora okwegyesa ahabw'okugarukamu okuzibu abegi abarikugambira omu muringo gw'okushoma. Ahabw'ekyo, nibarikiriza ngu omwegyesa w'abegi abaine oburemeezi aza kuseruliiriza engyenderwaho ezirikuruga omu muringo gw'okucweekamu. Kurugiirira omu mbeera egi, ni engyenderwaho ki omwegyesa w'abegi abaine oburemeezi arikubaasa kukoresa kugarukamu okuzibu kw'abegi?
","Manya, orikumize, hamara amazina g'enjojo omu butumwa, okutandika n'enjojo ezirikwenda kutaayaaya enjojo ezitarikwenda kutaayaaya
","Yega omugano gw'ebihara n'ebigambo, orikugenda orikwongyera aha miringo y'omugano ogurikubaasa kukorwa kurabira omu kwegaita kw'ebihara.
","Manya omuhendo gw'ebigambo kandi obiteeze, okubanza obitaaburemu enyigirizo zaabyo nk'oku zirugire, okwa kabiri obitaaburemu enyigirizo zigumire, hanyuma obitaaburemu enyuguta zaabyo.
","Koresa ebigambo nk'emitwaro y'okugambira hamu n'okwetegyereza, orikuruga aha bigambo birikwenda kumanywa omu bwangu kuhika aha birikugumire.
",,,,C,SEND,Student understanding,Primary,2021,Literacy
964,"Shoma omugani ogurikukurira: Ekikundi ky'abeeshuri omu kika kya 2 nikikora n'abeeshuri baakyo aha muhanda gw'okutunga obushoboorozi bw'okushoma n'okuhandiika kurabira omu muringo ogwa ""global method"", ogurikukunda okumanya ebintu ebiriho nk'ebimwe omu bigambo n'omu sentensi. Kwonka, abeeshuri abamwe aha mutindo ogu bahikiremu oburemeezi omu kicweka ky'okubanza ""okucweekereza"", okukiraho omu kumanya enjwi n'ebicweeka by'ebigambo. Noorekire omuringo ogwa ""global method"", mugisha ki ogurikukwata aha kwega okushoma n'okuhandiika omu beeshuri abarikworekwa omu mugani ogu ogwabanzire?
","Handi ebigambo ebirimu enjatu eziri kumwe nk'oku bandikopiire omu bukwomi bwabo
","Baza ebibuzo ebirikugyenderera, ebirikukoresa emirundi mingi ebigambo ebirikwegwa.
","Eta ebintu ebiri omu kikaali n'amazina gaabyo, basome ebigambo byabyo nibashuubangaanisa amajwi.
","Ekirango by'ebigambo ebirikworeka ebicweka ebirikushushana ebi ebigambo ebyo birimu
",,,,D,SEND,Teaching strategies,Primary,2021,Literacy
965,"Alicia, omwegyeskuru omuri ক্লাssi ya 3, aine oburemeezi omu muringo gw'okwegyera obureezi n'okuhandiika. Okugarukamu ekyo, omwegyesa w'abaana abaine oburemeezi bw'okwega ateekateeka kwegyesa buli herufi omu buringo oburikworekwa, naaza aha bigambo, sentensi, n'ebyahandiikwa; n'ekyo nikyo kigambirwa ngu n'omuringo gw'okwega ogurikugyenda mpola mpola kuruga aha kumanya amakuru g'ebyahandiikwa okuhika aha kwetegyereza ekyahandiikwa, nikitindika aha muringo gw'okuhandiika. Kurugiirira aha ky'okureeberaho eki, n'omuringo ki gw'okushoma n'okuhandiika ogurikukurata omuringo ogukozesibwe omwegyesa w'abaana abaine oburemeezi bw'okwega?
","Omuringo gw'okwetegyereza omuhendo gwona
","Omuringo ogwegyendereize
","Omuringo gw'okuhandiika ogurikukoresa obubonero oburikwimira amajwi
","Omuringo gw'obuhangaazi
",,,,D,SEND,Education theories,Primary,2021,General
966,"Shoma omuhanda ogurikukurataho: Ekikundi ky’abasomesa omu kiraasi ey’omunaana omu ishomo ry’ebyobutonde nibatebeekanisiza hamwe n’abanyeshuri baabo okushoma omutwe gw’ebyamagara ogurikukwata aha butima bw’akantu (cell), kwenda kugarukamu ebibuuzo ebirikukwata aha mutwe ogwo. Obu omusomesa w’abanyeshuri abaine oburemeezi arikukurikirana omurimo ogu, akagira ngu eby’okugarukamu ebibuuzo ebirikumuremesa nibishangwa omu mutwe ogwo. Kurugiirira aha ki, ni muringo ki ogurikukwata gye ogushemereire kukoresibwa omu kushoma n’enyima y’okushoma omutwe gw’ebyamagara ogwo?
","Ngyenda y'obwomeezi bw'omutwe n'okushoborora enshonga nkuru z'orurimi
","Shoma okusoma hamwe kandi muhangye ekishushani ky'ekikundi
","(I cannot fulfill this request as I need the English text to translate into Nyankore.)
","Garukamu ebibuzo by'okwetegyereza n'okuhandiika eby'okugarukamu omu kabooki.
",,,,C,SEND,Student understanding,Secondary,2021,Science
967,"Omu klasa y'ebya butonde, abanyeshuri abari omu mwaka gwa mushanju nibakwatanisa ebyabaire nibyegwa omu mutwe gw'okwegyesa ogurikukwata aha by'obushwere n'okufaaho omubiri gwabo, kuraba omu kuhandiika ekyeshongoro ekirikugizibwa ebicweka bishatu, omuri bo barikushoboorora ebintu ebi barikureeba nk'ebikuru kukoreraho. Ekikundi ky'abanyeshuri omu klasa, nibareeba omulingo omuhandiiko guri kugyenda, nibareeba ngu Eduardo, omunyeshuri aine oburemeezi bw'okushoma, atarikugumisiriza, konka arikumanywa ahabw'obuhangwa bwe omu kuhandiika, naabaasa kugumizamu aine oburemeezi omu kwongyera kwega ebintu. Omwegyesa w'abanyeshuri abaine oburemeezi acwireho kutahakanisa Eduardo omu kuhandiika kwe, kutahwerekyereza ebi arikuteekateeka, konka naamanya ngu ashemereire kwetantara omu kubihindura. Eki nikireebeka, ni bumwe aha mulingo ogurikukwata aha kukora na Eduardo omu kubihindura omu kuhandiika?
","Mushaba kumushaba akore omugyigizo omu paragrafu emwe yoonka y'eki ahandiikiise omu mushaho gwe ogw'okubanza.
","Mugambire amanye kandi aronde endimi nkuru eziri omu bitundu by'ebyahandiika bye.
","Mute omwete, ahingurire kandi atondekanye buri kamwe aha bice ebi orikukoraire.
","Mugambire kumwebembera ebirango by'okugyendererwamu ebi akozeseze kwenda kutebeekanisa omukuruzo gw'ekicweka kye.
",,,,B,SEND,Student understanding,Secondary,2021,Science
968,"Omu kubanza, kikuru kukora aha kutebeekanisiza abaana abarikugyenda kureeba ebyahandiikirwe eby'omu bwire bw'ahaire. Omu kukora eki, nikikuru kutebeekanisiza abaana aha bintu ebi baraayegyeho omu byahandiikirwe ebi. Eki nikibaasa kukorwa omu kubagambira eby'omu bwire bw'ahaire, okubereka ebishushani, nari okubagambira eby'okuroraaho ebirikukwata aha nshonga egi. Eki nikibaasa kuhwera abaana kwetegyereza ebyahandiikirwe ebi n'okubihuumurizamu.
","Yolesa vidiyo erikukwatana n'omutwe gw'ekigambo, erikuhwereera aha biri omu mahano g'ebyafaayo.
","Kukora aha bigambo by'omutaano ebiri omu izooba ly'ebyafaayo kugira ngu oyongyere abeeshuri obwengye bw'ebigambo.
","Emyogyeso y'okukoresa okwetegyereza kurugiirira omu bintu ebirikworekwa obuhangwa bw'ebyafaayo
","Haandiika ebiri omu by'obuhangwa obundi omu Latin America kubaasa kumanya enshaanju n'ebyahandiikirwe eby'ebyafaayo ebyashomwe.
",,,,A,SEND,Student understanding,Secondary,2021,History
969,"Omuhwezi w’ekicweka ky’orurimi n’okuhurirana omu kiraasi eya 7, ekikundi ky’abegyesi kishwijuma embeera y’omutindo gw’abanyeshuri kandi kishanga ngu kiraasi egi neetaaga kukuza okukunda kushoma n’okwongyera amaani omu mirimo y’okushoma omu maka. Kuruugiira aha kizibu eki, omwegyesa ow’omutaano asaba okutandika ebibiina by’okushoma, ebirikutebeekanisibwa kurugiira aha ebi abanyeshuri barikukunda, ahu emirimo erikukorwa, nk’okurundaaniza aha kitabo ekirikushomwa n’okushoma hamwe, n’ebindi. Kurugiira aha biri ahaiguru, niki ekirikureetera omwegyesa kucwamu kutandika ebibiina by’okushoma?
","Nibarikiriza omikorere y'obwomeezi
","Nibarikiriza okwetegyereza ebi orikushoma
","Nibarikurabanganisa okwetaba omu murimo ogwo
","Nibagumya obushoboorozi bw'okuhuurana n'abandi
",,,,C,SEND,Student understanding,Secondary,2021,Literacy
970,"Shoma omubaire ogurikukurira: Ekibiina ky'abeeshomero ab'omwaka gwa kabiri, omu ishomo ry'Ekibalo, kireeba omweeshomesa orikugira oburemeezi bw'okwegyesa omu kubara, ayoreka oburemeezi omu kushanga namba ibiri ezirikugattwa hamwe, zaaba zihikire aha muhendo ogurikumanywa. Nk'eky'okureeberaho, obu arakuuzibwe kushanga namba ibiri ezirikugatta kuhika omu ikumi na ibiri. Omweeshomesa kandi aine oburemeezi omu kwega obu aheebwa obwingi bw'ebintu kandi yaakuzibwa ngu ebindi binga byetaagisa kuhika aha bwingi obundi, nk'eky'okureeberaho, obu arakuuzibwe kumanya ebyoya binga ebiri kwetaagisa kuhika omu ikumi, yaaba aine bishatu byonka. Ni engyenderwaho ki aha zirikukurira erikukwataana n'okugyendaana n'oburemeezi oburikugyendera omweeshomesa ogu?
","Kukora ahaire omuburyo oburikwemerera kurugiirira omu kwolesya omuhendo gw'omubazi aha ruteera rw'emibazi
","Kukora aha ekishushani ky'emikorere y'ebibarizo orikurugiirira aha kumanya emitwarize yaabyo
","Tebeekanisa obusingye bw'okukora ebintu omuhanda ogurikugaruka kuraba omu meza y'okureeba ebirugiremu
","Kora omukago gw'omutaano gw'enamba orikukwatanisa ebintu ebiri omu butonde
",,,,C,SEND,Student understanding,Primary,2021,Maths
971,"Omu omukuru omu class ya Mathematics, team y'abanyeshuri abari omwaka gwa 3 omuri puroguraamu ya Gastronomy bari kukorera hamwe n'abanyeshuri aha bikorwa by'omugano. Omu kubakurikirana, omwegyesa mukuru akagira ngu ekibiina ky'abanyeshuri kirikugumirwa kwetegyereza okuteekateeka kw'omugano, narwo omuri obumwe aha muhendo ogurikushushana. Kurugiirira aha biri ahaiguru, ni engyenderwaho ki aha hansi ezi erikukwata aha kucuura obugumirizi bw'abanyeshuri?
","Teekateekire ngu noobaasa kukora omugaati murungi kurungi orikukoresa ekicweka ky'ekikopo kimwe eky'omushana n'ebikopo bibiri by'obutta. Waaba nooyenda kukora omugaati mwingi, oine kukoresa ota omushana n'obutta? Shoboorora oku orikubaasa kuhindura omuhendo gw'omushana n'obutta okukora omugaati mwingi kandi ogumeho nigwo gumwe.
","Kukoresa ebintu ebirikukwatwa omubiganja kurora emigaruro y'ebintu ebirikukoresibwa omu kicweka ky'ebyokurya omu kubitebeza.
","Yegyesereza omuringo gw'okubara emigabo buri obwire, noohamya aha muhendo ogwabuzire kushemerereza emigyerero y'ebyokurya.
","Koresa omumeza gw'omugabo, orikureeba emikago etari emwe n'emwe aha bungi bw'emigabo n'ebirikozesebwa omu kufumba.
",,,,D,SEND,Student understanding,Primary,2021,Maths
972,"Shoma omubazo ogurikukurataho: Ekikundi ky'abanyeshuri ab'ekitaano omu kiraasi y'Ekibaro, nibakora aha mugingo gw'okwega: ""kucumura ebizibu kuraba omu miganuro n'obutamanya omurundi gumwe erikukwatanisa okwongyera n'okucwa kuraba omu bishushani n'omu muringo gw'ebimanyiso."" Kucumura ekizibu ky'ekibaro kuruga omu magara ga buri izooba, ekikundi ky'abanyeshuri omuri kiraasi nikikora aha myemerero y'emiganuro n'okubara, nibareeba ngu Antonia, omunyeshuri orikwoleka oburemeezi bw'okwega omu kubara, nakora eki: Omyemerero ogwateirweho ekikundi ky'abanyeshuri omuri kiraasi: 2 + x = 7 Okugarukamu kw'omunyeshuri: 2 + x = 7 â 2 + x = 14 Ni muringo ki ogurikukirayo kuhikiraana kukwata aha bwetaago bw'obuhwezi oburikureebwa omu kugarukamu kw'omunyeshuri?
","Yolesa ekikwataganyo aha minzaani, noohamya amakuru g'obubonero oburi omu myoleso.
","Teekateekateeka, gamba nti twine ebinyagano 15. Twagala kubigabana omuhendo oguringanire aha bantu 3. Buri omwe azaakwatamu bingahi? Teekateeka omu mutwe kandi onshoborore oku orikutunga eky'okugarukamu.
","Yoreka omurungo gw'ekicwecwe aha murongo gw'emibaro, noohamya okwetegyereza omuganyulo gw'emibaro.
","Gyerondera omukyekwa omu biteera ebirikwetagisa kukorwa, noohamya okumaririza kw'emikorere.
",,,,A,SEND,Student understanding,Primary,2021,Maths
973,"Omuhanda ki ogurikukiraho obuhikire okukoresa aha kureetera omwegi kukuratira embeera egi?
","Kukora emizaano y'obwongo kwongyera amahe za okuteekateeka omuhanda gw'okuteekateeka n'okumaraho ebizoobu omu kubara.
","Kukoresa ebintu ebirikukwata aha misho gye kutunguura obuhangwa bw'okubara n'okuhameza ebirugiremu omumwa n'omuhandiiko.
","Koresa ebirango by'okubara kumumanyisa emiteekateeko etakahikirire egirikwata aha kwega okubara n'okuhiga omuhendo
","Mukoreshe omurongo gw'emibaare ogurikwenda kwimurwa kumuhwera kwetegyereza emico y'omuringo gw'ebitaro ikumi n'omuringo ogugwo ogutebeekaine omuhandiike.
",,,,D,SEND,Student understanding,Primary,2021,Maths
974,"Ekibi y’ekiro gya 4 omuri eshomero bashemereire kutebeekanisa omurimo omu isomo ly’Ekibaro ogurikukora aha Kiragiro ky’Okwega: ""Kupima obureingwa n’ebipimo ebirikukwatagana n’okuhindura aha butungi bw’ebipimo ebi."" N’okurora aha rumwe, obutarikukunda kwega obu abegi barikwoleka, n’aha rundi, obwangyezi obu ekirasi eine kukora hamwe, ekibi kicurira kukora omurimo gw’omukago omuhanda y’ekirasi ahu abegi bashemereire kutoorana ebintu ebirikugyerera nk’empande nyingi ebirikusangwa omu shomero yoona, kubipima, n’okuhandiika obureingwa bwabyo kwonka kucuurira amakuru n’okuhindura aha butungi bw’ebipimo. Kurugiirira aha biri ahaiguru, ni enshonga ki aha zirikukurataho erikuhakanira omuringo ogurikukoresibwa ekibi y’ekirasi?
","Nikorahoza okwegyendesereza kw'abeeshuri omu kwega kuraba omu mbeera z'okwegyesa ezirikukwatana n'obwomeezi bwabo
","Nikiriza abeeshure kukwatanisa omu murimo, kuraba omu kutaana-taanisa embeera z'okwega
","Nikiriza okukura kw'orurimi n'ebishushani ebikwatanisa n'ebyetengo omu kubumbura n'omurimo ogukorerwa omu mitwe n'okukuratira embeera.
","Nokukura abegi kwegumira omu miringo etari emwe ey'okwega.
",,,,B,SEND,Teaching strategies,Primary,2021,Maths
975,"Ekibi y’ekika ky’abanaishomero ab’eky’omutaano, omu bwire bw’okukorera hamwe, bashanga ngu oburemeezi bukuru bw’abanaishomero omu kubara (Mathematics) buri omu kicweka ky’ebishushani (Geometry), ahabw’okuba nibata omutima aha kushiisha ebishushani kandi tibarikumanya obureingwa bwabyo, engoro, n’omubazo gw’empande, n’ebindi, ebi byetaagisa omu kubishobora omu maisho. Ahabw’ekyo, omwegyesa w’abaana abaine oburemeezi, arikurora ngu ekika kine obushoboorozi omu kukoresa ICT, ashohora kukoresa puroguramu ya kompyuta y’ebishushani ahu abanaishomero barikubaasa kurora ebishushani omu muringo ogutari gumwe. Kurugiirira aha biri ahaiguru, ni enshonga ki aha zirikukurataho erikuhikiiriza eki omwegyesa w’abaana abaine oburemeezi arikushobora?
","Nikirikukwasa kusheshemura ebiri omu kushushaniro kuraba omu kureeba ebishushani by'omutindo gw'ebintu.
","Nikirikukolesa kwetegyereza empindahinduka z'ebishushani by'omutindo oguhendekeire.
","Nikirikukwasa kureeba ebintu by'omutaano ebiri omu bishushani by'omutindo.
","Nikiriza kwetegyereza emitwarize y'okukyusa ebindi by'omubazi by'ebishushani.
",,,,C,SEND,Teaching strategies,Primary,2021,Maths
976,"Shoma omubaire ogurikukurataho: Ekikundi ky’abanyeshuri ab’omwaka ogwa 7 omu ishomo ry’orurimi n’ebitabo nibaija kukora aha kwetegyereza ebihandiiko n’rapooto ezirikworeka amakuru. Kuti kukora eki, twarikurora embeera y’ekibiina n’abanyeshuri abaine oburemeezi bw’okushoma, omwegyesa w’abaine oburemeezi bw’okwega nashaba kwongyera omu nteekateeka y’okwegyesa emisingye y’Enteekateeka y’Okwegyesa Eyanguhire egiurikukwata aha kwegaita kw’abanyeshuri n’emitwarize n’okugambira hamwe okutari kumwe. Kandi, nashaba kukuza omurimo gw’okutebeekanisiza omu banyeshuri. Kurugiirira aha biri ahaiguru, ni engyenderwaho ki aha ezirikukurataho erikurora ebi omwegyesa w’abaine oburemeezi bw’okwega yashaba?
","Yoreka omutwe gw'ekigambo kuraba omu maapu y'ebiteekateeko, shaba abeeshuri kuteekateeka omu bibiina, kandi okore okweyeshaho nk'omuntu omwe aha muheru gw'omurimo.
","Yolesa omutwe gw'ekiganiro abeeshuri kuraba omu vidiyo, ebishushani, n'ebyahandiikwa birikukiraho obuhupi, oreeke omutwe kuraba omu muzano, reero oteekeho ekigyendererwa ky'omukago ahabw'okukura kw'omurimo.
","Yoorozaho omutwe ogurikukwata abeeshuri omutima, oreebire ebi basomire omu mweshongoro, orw'ebyakushangwa, rundi omu rureeto, reero okore orutonde lw'ebyo baine kukora kubaasa kureeba ebi basomire.
","Mugambe aha mutwe ogurikutegyerezibwa, osabe abeeshuri kukora vidiyo erikushoboorora omu muringo gw'ebiteekateeko omwe barikukora omu kiraasi, kandi omuhereze vidiyo egi omu kiraasi orikukoresa ebibuuzo by'okwetegyereza.
",,,,C,SEND,Teaching strategies,Secondary,2021,Literacy
977,"Shoma omu mbeera egi: Ekikundi ky'abegyesa omu kiraasi ey'omwaka ogw'okubanza omu secondary kigyenda kukora n'abeeshuli aha mutwe gw'eky'okureeberaho ky'omutaano gw'abashaija n'abakazi, omubo bagyenda kutebeekanisiza omuzano. Omu kasumi k'okutebeekanisa okwegyesa, omwegyesa ow'abeeshuli abaine oburemeezi naatekateeka aha biteekateeko bya Cristina na Carlos, abeeshuli abazindwire oburemeezi bw'okushoma, oburemeezi bw'okugamba omu kanwa n'omutima mubi aha bikorwa by'ekikundi. Eki nikireebwa, ni bumwe aha miteekateeko egi oburikukirayo obuhangwa bw'okukwatanisa okwegyera n'okwetaba kw'abeeshuli bombi?
","Yoreka abeshomesa ebiri aha vidiyo by'emyeteekateeki y'ebishushani by'omuzano, obatekateekere omukumo gw'ebintu ebirukukwata aha muringo gw'abakazi n'abashaija omu muzano, haza obareke bakore omurimo ogwo nk'omuntu omwe.
","Shaba abeegi kwandika oku baabaire nibagenda nibakora n'oku baakozire bwanyima, kuraba omu bifaananyi nari obushushani, obagumye omutima ahabw'okuhinduka n'okuteeraho oku baahikireho, kandi obegyese emiringo erikushoborora.
","Shwijuma abegi kureeba vidiyo ezirikukuririza ezirikukwata aha kukorera hamwe omu timu, ohe abegi emiringo n'oburyo oburikubaasika obw'okwetaba omu kuzannya n'okutebeekanisa enshobi ezirikubaasa kubaho omu kuhandiika n'okugamba.
","Teeka abeshomesa omuringo gw'okwetegyereza, oreebe ebibiina by'okukoragana ebiine ebigyendererwa n'obujunaanizibwa oburikworekwa omu kuzoora omuzanyo, kandi otebe omuzanyo orikukoresa emiringo etari emwe ey'okwehangira.
",,,,C,SEND,Teaching strategies,Secondary,2021,Literacy
978,"Shoma omwana w’eky’okushatu omuhandiko gwe gukomereire kandi aine oburemeezi bw’okushoma n’okubara, akomeireho kugumirwa n’obu abegyesi barikukoresa emiringo etari emwe ey’okwegyesa. Agumirwa ahabw’okuba ebi arakuuga tibirikushomeka gye kandi akahindura enyuguta n’emibaro, ekimureetera kukwatwa ekiniga ahabw’okuba atarikwetegyereza oku akorire n’ebirikuruga omu mibaro ye. Kurugiirira aha biri ahaiguru, kiki eki twine kukora kumuhwereera omwana ogu?
","Kwikiriza okumaririza eby'okukora omu kamwa.
","Koresa ekikoreso ky'abakasi kwolesya omuhendo gw'emibaro.
","Koresa namba n'obubonero by'omugyegyezi aha kaadi enyeru erikugyezibwa.
","Mureke abeesomesa bakozese ekibalangulo omu kuza kw'emyolesyo.
",,,,C,SEND,Student understanding,Primary,2021,Maths
979,"Ekibi y’eky’omukura owa Saayansi omu klasse y’omwaka ogw’omukaaga nigwenda abegi baabo kushoborora obukuru bw’amaani ngu nibukwasa ebintu kuhinduka n’okukira ngu ebiramu nibagyetaga kukora emirimo yabo ey’obuhangwa. Kutiija ekigendererwa eki, nibateeka omu nkora engyenderwaho ez’omutaano ez’okwegyesa, nibagenderera omu miringo etali emwe ey’okutebeekanisa abegi n’okwetaba kwabo omu bwingi, ahabw’okuba ezi nizo bushobozi oburikukirayo omu muraano ogu. Omu butumwa obu, ni engyenderwaho ki ezirikukurira ezirikukwata okuteeka omu nkora twarikureeba ekigendererwa ky’okwega n’obushobozi bw’abegi?
","Mushomere omu kibina aha by'amaani n'omugasho gabyo omu miringo y'obwomeezi y'ebintu ebiriho.
","Tebeekanisye omuzingo gw'okushwijuma ogurikworeka omugasho gw'amaani kuruga omu by'omugasho ebya buri izooba aha birimu amagara
","Murembe omukono gw'okushushaniisa omu kibina ogurikwetenga emigari y'amaani etari emwe, omuringo gw'okugitebeekanisa, n'okuheereza kwayo.
","Mukoze omugure gw'okucereeza ogurikworeka ebirikukurataana n'amaani omu bintu ebiriho n'ebintu bitari bimwe na bimwe
",,,,D,SEND,Teaching strategies,Secondary,2021,Science
980,"Shoma omubaire: Ekikundi ky'abegyesa omu kiraasi ya 2 kikaba nikikora n'abegi baabo aha mutwe gw'okwegyesa ogurikukwata aha bantu abatuura omu ihamba rya Atacama, omuri gwo baine kushuuruura emitwarize y'amahanga g'abantu ab'omuriika abaatuuraga omu kicweka eki eky'ensi. Ahabw'okukura kw'entebeekanisa, omwegyesa w'enjegyereza arikuteekateeka okubaho kw'abegi abaine oburemeezi bw'okushoma, abarikukirira oburemeezi omu kwetegyereza ebi barikushoma, munonga omu buhairwe oburikukwata aha kuringaanisa n'okutaana kw'ebirikukuratirwa. Kurugiirira aha biri ahaiguru, n'omuringo gw'okutaana ki ogurikukirayo obuhangwa okutwarwa omu ntebeekanisa y'okwegyesa?
","Yoreka eby'okureeberaho ebirikworeka emitwarize y'abantu abaabaire nibatuura omu Rwengyerero rwa Atacama rw'obu, otaashe abareebi kubamanyaho.
","Yoreka vidiyo erikworeka buri tauni eyaatuuraga omu ihamba rya Atacama ery'obunaku obu, kandi oteeze abeeshuri kukora orutonde rw'ebintu ebirikumanyisa buri tauni.
","Shoma eby’afaayo ebirikukwata aha mbeera y’abantu abaabaire nibatuura omu Rwacumita Atacama orw’omuri obu bwire, reero oteeze abegi kugyeragyeranisa ebyo by’afaayo.
","Yoreka ebishushani ebirikukwata aha mbeera z'abantu ababaire nibatuura omu Rwangaano rwa Atacama orw'omuri obu, oohamye abegi bakore akatabo k'okugyeragyeranisa aha buri omwe.
",,,,D,SEND,Student understanding,Primary,2021,Geography
981,"Shoma omuhendo ogurikukurataho: Gabriela ni omwegi owa 5 omuishomero erikuru aine oburemeezi bw’okushoma oburikukwata aha kwega, aine oburemeezi bw’okwetegyereza ebi arikushoma, obw’okuta omutima aha kintu kimwe, n’okukora n’amaani. Oburemeezi bwe nibureebeka muno omu isomo ry’Orurimi n’Obuhangwa, ahu arikwangana kuhuuka, agamba omwegyesa arikushoboorora, kandi tarikumariza emirimo. Ab’ekibiina ky’omu kicweka, bwamara kukoresa engyenderwaho ezirikushushana hamwe n’okumuha obuhwezi bw’omuntu omwe, nibacwamu kutaaho engyenderwaho y’okuhindura ebiri omu programu y’okwegyesa, ekirikukwata aha kutebeekanisa embeera. Nk’omu yaanukura y’eby’obwegyesa y’okukora aha buremeezi bwe, Gabriela akateebwa omu mwanya murungi omu kicweka, ahabw’okuba emitwarize ye neeyoreka okuremesa okwega kwe hamwe n’okw’abegi bagyenzi be. Kurugiirira aha biri ahaiguru, ni enyimaanisha ki aha zirikukurataho neeyimaanisha omuhendo gw’ekicweka ky’omu kicweka?
","Neegiraasa obushoboorozi bw'omutaano obukuru n'okwega omu bwengye ebirikukirraho obukuru omu kuza omu maisho n'ebirikurugiirira aha by'okusoma.
","Nikumanya omuntu omwe-mwe n'ebintu ebimwetorooire by'omwegi, n'okusiima enjawulo eziri omu kikaati.
","Kukendeeza ebirikumanyisa ebirikubaasa kuzibira abeeshuri kwetaba omu by'okushooma kandi n'okutunga amakuru, kwonka otarikureetera abeeshuri kutoorwa aha bitegyereize kubaruga omu kushooma kwabo
","Nikuzahoza obwengye bw'abantu oburikukwata aha kwetaba kw'omwegi kandi bukakuza obwetengyesereza omu muringo gw'okwega kwe.
",,,,C,SEND,Classroom management,Primary,2021,General
982,"Shoma omu mbeera egi: Ekikundi ky'abeeshomero omu kiraasi ya 2, omu ishomo ly'orurimi n'okuhurirana, bagyenda kukorera hamwe n'abeeshomero baabo aha mugasho gw'ebyahandiikwa ebiragiro, okukiraho ebiteekwa by'okuteeka. Entebeekanisa ina zitebeekanisiibwe, ey'okubanza ahagati yazo neyoreka omuringo ogukurira aha kutandika kw'eisomo: - Okukangura okumanya okwabaireho enyima okurikukwata aha kyahandiikwa eki twagambaho, kuraba omu bibuuzo. - Okushoma hamwe ekiteekwa, kirikukwasirwa ebishushani. - Okureeba vidiyo omuntu, orikwebemberwa ekiteekwa, arikuteeka. Kurugiira aha mahame g'Omuringo gw'Ensi Yoona ogw'Okwegyesa, niki ekirikuhikiiriza omuringo ogukozesibwe aha kutandika kw'eisomo eririkugambwaho?
","Abeshomesha nibahukana omu muringo ogu barikwetegyereza n'okwetegyereza ebiri kubahwa, n'ahabw'ekyo emitwarize erikukwata aha bwenge, emiringo y'okwega, ebi barikukunda, n'ebi barikukiraho kwenda bishemereire kwetegyerezibwa obu ebiri kubahwa.
","Abeshuri nibetenga ngu ebiteekateeko by'okwega birikuba biryorobi kandi birikushoboroka, n'ahabw'ekyo, embeera ez'omutaano zishemereire kutebeekwa kwanguhya omugisha, okukwata, n'okwetaba kw'abeshuri omu programu y'eshomero.
","Abeshuri nibegira omu mbeera y’okwega erimu okusoomooza okurikusiima, nibarikuza kugarukamu ebibuuzo ebibarinda omu mikoranire, kandi nibaha engyenderwaho ezirikuhindurana kwongyera amaani n’okubashisha.
","Abeekuri omwegyesa nibareeta emitwarize etari emwe, obushoboorozi, hamwe n'ebirikubashemeza omu mbeera y'okwega, kukora n'okushoborora eki baraabe bamanyire nari beegire, n'ahabw'ekyo emiringo etari emwe y'okushoborora eki kyeegirwe eshemereire kuteekateekwa.
",,,,A,SEND,Teaching strategies,Primary,2021,Literacy
983,"Juan ari omu giraade ya kana kandi aine oburemeezi omu kushoma, okukira munonga omu kwetegyereza ebigambo ebirikukoresibwa omu muringo gw'ebyahandiikwa ebirikushushana. N'obu omwegyesa akakoresa emiringo mingi ey'okwegyesa, omwegi tarikumanyisa ku ayongyeiremu omu maisho omu kicweka eki kandi nayoreka obutasiima kushoma. N'ahabw'ekyo, twarikureeba okwejumba kw'abazaire omu kwega kw'omwana waabo, ekibiina ky'omu kicweka kyahamire kukibahabura kukora nk'abahabuzi b'okushoma kandi kyorobiize omuringo gw'okwega gwa Juan omu ka, nibamugambira kumuhurikiza arikushoma, kushoma hamwe nawe, n'okuhanga ebicweka by'okugamba omu ka omuri ebyo ebigambo ebirikukoresibwa omu byahandiikwa. Twataireho omutima aha ki, ni enshonga ki aha ezi ezirikuhakanira omuringo ogurikukoresibwa ekibiina ky'omu kicweka?
","Hamuura omwegi obushoboorozi bw'okwetegyereza ebyo arikuhurira omu bitabo ebirikushushana, n'ekigendererwa ky'okugaziya ebigambo bye.
","Orugambo rw'akanwa n'omusingi mukuru ogw'okuhangaanisa n'okwetegyereza, kandi nirukuruura obwengye n'okumanya omu bwire bwona. Nirukukwasa abantu kwegamira, kuteekateeka, n'okugambira abandi ebi barikuteekateeka n'ebi barikumara. Orugambo rw'akanwa rurikukwasa omuntu kukura omu biteekateeko, okwetegyereza abandi, n'okugira emikago mirungi n'abantu abandi. N'ekikuru munonga omu by'oburezi, emirimo, n'obuzima bwona.
","Higa omukundwakazo gw'okushoma, orikwikiriza omwegi kukoresa ebigambo ebirimu omu by'ashoma omu mbeera za buri izooba.
","Higa omwegyendeso gw'ebigambo bingi ebirikukozesebwa omwegiisa, ebirikumwemerera kworeka ebi arikuhurira omu muringo oguhikire.
",,,,C,SEND,Teaching strategies,Primary,2021,Literacy
984,"Shoma omu mbeera egi: Francisca yaingire omu kasharamu ka kindagarte kandi arikwetaba omu mulingo gw'eby'oburezi omurundi gwe ogw'okubanza. Omu kwezi kw'okubanza kw'amasomo, abakozi b'omu kasharamu bareebire embeera omwegi ou arikwetantara okwegaita n'abandi kandi yayoleka emicwe y'obusungu aha bagenzi be. Ku arikugamba, orurimi rwe orurikwolesa ebi arikuteekateeka nirworeka okutindika kandi narugaamu ebigambo nari ashinga ebindi. Obutoosha atarikwetegyereza ebiragiro ebi ahabwa omu kanwa kandi agwa omu busungu bwingi omu kukuraaza emirimo ei ashemereire kukora. Kimugumira kandi kukuratira amateeka g'okutuura hamwe omu kasharamu. Twashoma aha mbeera erugaireho, micwe ki ei abakozi b'omu kasharamu barikubaasa kuteekateeka ngu Francisca aine oburemeezi bw'okuhurra?
","Orurimi rwe orurikworeka orurembo nirwo rurikworeka okutindika kandi nafeerwa obumanzi omu kuza kukura ebikorwa.
","N’arikwenda kwegaita n’abantu kandi obutoosha atahurira gye ebi arakuutirwa omu kanwa.
","N’ayoleka emicwe y’obushaarizi kandi omu rurimi rwe orw’okugamba, obutoosha arikushukamu ebigambo nari amajwi.
","Omu ku rurimi rwe orukugaragaza ebi arikuteekateeka, atarukugambira kimwe ebigambo byona nari ebirimiisho byona kandi nikimugumira kukuratira amateeka g'okutuura hamwe n'abandi.
",,,,B,SEND,Student understanding,Pre-primary,2021,General
985,"Shoma omwana omu owa Prekindergarten, orikugira oburemeezi bw’okuhurira oburikukiraho kandi atarikukoresa bikoreso by’obuhurizi, yeetaba omu ishomero. Abarikumuzaara tibarikuhurira, n’ahabw’ekyo tarikumanya orurimi rw’ebikomo; akoresa obukomo bukye kandi agarukamu ebintu ebitarikwetegyeka. Omwegyesa w’abaana abarikugira oburemeezi asaba abazaire b’omwana kwetaba omu rukurato rw’okwega orurimi rw’ebikomo, beena bakanga, nibagira ngu omwana waabo azaakure omu rurimi orw’omumwa arikukwatana n’abandi bahungu n’abashiki omu bwire bw’obwo azaamare omu ishomero. Okurikira aha mbeera eyo, ni bintu ki ebiraabe bireebereirweho okuhwera omwana ogwo?
","Okugambirana n'obushomereirwe
","Ekirukiriza n'embeera z'obuntu
","Okugambirana n'eka
","Ekiragiro n'okwetegyereza
",,,,C,SEND,Student understanding,Pre-primary,2021,General
986,"Okuruga okugambwa oku: Kuruga omu biteekateeko by'abantu n'eby'embeera zaabo, obu orikutebeekanisa engyenderwaho z'okwegyesa n'okwega ahabw'abegi abatahurira, nikyetaagisa okwetegyereza omuringo abegi abataire kukora bahurira baraabe nibareeba, omuryango gwabo, n'orurimi rwabo. Ni ngyenderwaho ki eirikukwatanisa n'okwetegyereza oku?
","Omuringo gw'okukora ebintu omu muringo ogurikwata aha mpande zombi
","Omuringo gw'Okukoresa Okuhurira n'Okugamba
","Omuringo gw'okwegyesa ogurikukoresa endimi ibiri n'emicwe ebiri
","Omuringo gw'okuhurirana omu buringaniza
",,,,C,SEND,Teaching strategies,All,2021,General
987,"Shoma ekyeshoborora eki: ""Ekigyendererwa ky'omuringo ogu n'okugamba omu kanwa, okurikurata omuringo gw'ebigambo ebigambirwa, omu bwire bumwe nokukoresa amakuru g'emikono y'Orurimi rw'Emikono nk'obuhangwa oburikuzibira amakuru agarikurugiira omu kushoma eby'omu kanwa."" Obuhabuzi bw'okukwasa amaka g'abaana abatahurira. Ensheko ya Mati­as n'eka ye. Obushomesha. Kurugiira aha kyeshoborozi eki ekiri ahaiguru, ni engyenderwera ki aha zirikukurataho erikwoleka omuringo gw'obushomesha ogurikukoresibwa kukorera hamwe n'abanyeshuri abatahurira?
","Omuntu orikukoresa omumwa kwegyesa abantu abataire kumuhurra.
","Ebirimu emiringo ebiri
","Omuntu orikugamba endimi ibiri
","Okuhurira hamwe omu muringo gwona
",,,,B,SEND,Teaching strategies,All,2021,General
988,"Ekirikurugyiraho ki aha birikukurataho, ekirikukiraho kusaana kucungura oburemeezi bw'abegi abataahurira omu kuhandiika n'okugamba?
","I.D.E.A
","Okugyezibwa kwa TEVI-R
","Omugyereso gwa Kendall
","Okugyeragyerana kw'omukozi
",,,,C,SEND,Assessment,All,2021,General
989,"Shoma omuhendo ogurikukurira: Fabiana ni omwegi omukookyi orikukoresa orurimi rw'ebyamaisho. Ori omu kiraasi eya 7 omu ishomero eririmu programu y'okwegyesa abantu boona kandi aine oburemeezi bumwe omu nteekateeka y'ebigambo n'omukoresa gwabyo omu kuhandiika kwe. Omwegyesa w'Ebyafaayo, Geography, n'Ensi n'obuntu bw'abantu naayenda kworeka efilimu ndyaki (documentary) arikukora aha mitwarize y'Obwire bwa hati n'ekibiina, kwonka tamanyire oku arahabura Fabiana kutunga ebirimu. Kurugiira aha mbeera eyo, niki kikoreso ky'ebyentegyereza ekirikukiraho kukwata aha kukoresa okuhabura omwegi kutunga amakuru?
","Omuredita ya vidiyo erikukwasa kuteekateeka vidiyo y'okushoboorora omu rurimi rw'ebig signs omu nyegyesereza, omwegi ashobore kutunga amakuru g'omumwa omu rurimi rwe rwa kavuyo.
","Ekikoreso kya kompyuta ekirikukora obushorozi bw'okuteera ebigambo ahansi y'efiriimu y'ebyahandiikwa ebi omwegyesa arikukoresa, abegi bashobore kutunga amakuru agarikugambwa kuraba omu bigambo ebiterirwe ahansi y'efiriimu.
","Vidiyo z’omukura gw’eby’okusoma ezirikworeka ebiri omunda omu rurimi rw’ebigagu (sign language) ezikoledwe orubuga rw’eby’oburezi, ngu omwegi ashoobororwe kutunga ebirimu, kwonka arikukoresa ebintu ebirikworohera kutungwa.
","Ekikoreso kya kompyuta ekirikukwasa okukyusa ebigambo ebirikugambwa omu kanwa okubihandiika, n'ahabw'ekyo omwegi asobora kutunga amakurru g'ebirikugambwa omu katabo aka documentary kuraba omu bihandiiko ebirikukorwa ekikoreso eki.
",,,,A,SEND,Teaching strategies,All,2021,History
990,"Shoma omuzingo ogurikukurira: Daniela omwishiki orina emyaka etaano, orikwoleka oburemeezi bw'okuhurra obw'amaani kandi oburi aha matwi goona, kandi abadde nakoresa eby'okuhurra kuruga obu oburemeezi bwe bw'okuhurra bwazindurwa aha myaka nka ebiri. Naragana n'abantu arikukoresa ebigambo by'omwe kandi n'ebigambo bikye ebirimu enyeegyesa-grama embi kandi aine ebigambo bikye. Omwegyesa omukuru atandika obuhwezi n'okucweekereza okuhurra okurikugizibwa omu lukalala rw'ebinyigizo by'ebigambo by'empindahinduka omu bigambo birikwenda kugambwa butoosha kandi n'ebinyigizo by'ebigambo by'empindahinduka omu bigambo biri ahagati y'enyigizo (okuraba omu muringo gw'okuhurra gwonka) ebi Daniela ashemereire kugarukamu, nk'oku, hamwe n'eka ye, bacwireho kwongyera aha buhurri bwe obusigaraire. Buli kwezi, omwegyesa omukuru akoresa okucweekereza oku kwonka kandi akamanya okukula kw'omwegi orikukwata aha murimo ogukozirwe kwongyera aha buhurri bwe. Kurugiirira aha kirikugambwa, bwegyesa ki bw'okuhurra obu omwegyesa omukuru arikukora na Daniela?
","Okuteekateeka
","Okijukiro
","Okuteekateeka
",,,,,D,SEND,Student understanding,Primary,2021,Literacy
991,"Eklaasi ya Pre-primary omu ishomero ly'abataahurira neebembera aha kukuza emikorere erikukwatana n'orurimi. Okukora eki, omwegyesa omukuru owa special needs education naayoreka abegi empapura ezirikworekana ebishushani by'emirimo n'obucwezi omu itungo ryabo, naruga n'okubayoreka obubonero oburikukwatana nabyo, reero abagambire kutoorana omurimo gwe barikukunda. Kurugiirira aha mikorere y'orurimi eya Jacobson, ni engyenderwaho ki aha zirikukurira aha kukura kw'omukorere gw'orurimi ogurikworeka omu mbeera egi?
","Nibarikiriza abarikubariirira omurimo gwabo ogu baatooraine nari obuhangwa.
","Nibarikira ahabw'enki bakunda obucuruzi obu baatooraine nari omurimo.
","Nibarikira omuringo gw'okukora eby'okubonera omulimo ogutoraine nari obucuruzi.
","Nibarikiriza banywani baabo kworeka obucuruzi rundi omulimo ogu baatooraine.
",,,,A,SEND,Education theories,Pre-primary,2021,General
992,"Shoma omuhendo ogurikukurira: Omu ishomero ry'abantu abataire kumuhurira, abanyeshuri abali omu mwaka gwa kana nibegyesibwa eby'okuhandiika omu rurimi rwabo orwa kabiri, n'ahabw'ekyo omwegyesa w'abanaaba baine oburemeezi bw'okwega naayenda ngu bakore ekihandiiko ky'ebaruha y'okuseereza omwegyesa orikurugaho aherize okwegyesa. Kurugiira aha biri ahaiguru, ni bumwe aha bwakorwa obu bukwataire omwegyesa w'abanaaba baine oburemeezi bw'okwega kukora omurimo ogu?
","Omugyezibwa w’abaana abarikwega omu muringo gw’omutaano areeta aha baana ekyahandiikirwe eki yaateekaniziise ebaruha y’okuseereza omwegyesa ondiijo. Omu kubanza, abagambira ngu ekyahandiikirwe eki kirimu enshobi kandi baine kukikosora hamwe, barikworeka enshobi ezikozirwe n’okuteerereza enkorora ya buri emwe.
","Omugyezibwa w’abaana abarikwega omu muringo gw’omutaano naabaasa abaana be omwe-aha-mwe omu maiso g’eklassi kwatura omu rurimi rw’ebikomo ebi barikwenda kuhandika omu baruha y’okuseereza omwegyesa orikugyenda. Bwanyima, nibaganiira ebi bateekateeka kandi nibatoorana ebiteekateeko bitaano ebi basanga nibihikire munonga aha klassi yoona. Eki nikimara, nibatandika kuhandiika hamwe ebirikugambwa.
","Omugurusi w’abaana abarikwega omuhanda gw’okwegyesa ogw’omutaano naashaba abeegi be kwija aha kibaho kimwe aha kindi, omu buri omwe akahandiika ekiteekateeko kimwe ky’ebaruha y’okuseebura omwegyesa ondiijo. Buri mwegi ku araangize okwongyera ekiteekateeko aha lukalala, omwegyesa naatandika kubigorora kimwe aha kindi, naaranga enshobi arikuhindura nari okwongyera ebintu ebirikuhikire omu buri sentensi.
","Omugyezibwa naabuuza abeeshuri be kukora orutondekwa omu rurimi rw'emikono rw'eki baraabe nibenda kuhandiika omu baruha y'okusherura omwegyesa ondiijo. Nk'oku buri mweeshuri arikugamba eki arikuteekateeka, omwegyesa naakihandiika omu Rushaniish. Bwanyima, nibatoorana ebiteekateeko bishatu ebi abeeshuri abarikukunda munonga kandi omwegyesa naabihangana, yaandika baruha.
",,,,B,SEND,Teaching strategies,All,2021,General
993,"Omuhanda ki ogurikukiraho obuhikire okukoresa kwongyera amaani okukura kw'okuhandiika kwa Macarena omu mwaka ogwa 5 omu ishomero ry'abatahurira, Macarena orikutaha, oraije omuri egi kiraasi emyaka ebiri enyima, ahabw'okuba akaba ataine oburemeezi bw'okushoma? Nangwa Macarena obwahati asaasaana gye omu rurimi rw'ebikomo, akagumizamu aine oburemeezi omu kuhandiika, nasangwa ari ahansi y'omutindo gw'abandi boona omu kiraasi. Kurugiirira aha biri ahaiguru, omuringo ki ogurikukiraho obuhikire okukoresa kwongyera amaani okukura kw'okuhandiika kwa Macarena?
","Koreka eky'okuhandiika kw'omwegi okw'obutonde n'okukoresa akatabo k'okuhurirana
","Hamuura kuhandiika orikuraba omu kubangaanisa enyikiriza ezirikukwata omwegi omutima
","Yegyesereza kuhandiika orikurabira omu kubangaanisa ebitabo ebirimu ebyahandiikwa ebirikukwasisa ebirooto n'ebigambo.
","Higa omwandiko ogurikukurirwa aha sentensi ezirakozesibwe omu rurimi rw'emikono omwegi n'azikora, omwegesi n'azihandiika.
",,,,A,SEND,Student understanding,Primary,2021,Literacy
994,"Shoma omuhendo ogurikukurataho: Omu class ya 4, omwegi ou arakuire atari kwenda kuhurra naayegyesibwa, ou arikuhurirana n'abandi arikukoresa obubonero bw'emikono kandi atarikumanya gye orulimi rw'obubonero. Abegyesi b'omu class nibakora aha kutebeekanisa Omutaano III: Omubiri gw'omuntu n'emirimo yaagwo etandika, ogu orugyenderwamu rw'okwega ruri: ""Kumanya n'okushoboorora, arikukoresa ebitebyo, emisingi y'amagufa n'emwe aha mirimo yaago, nk'okurinda (embabazi n'eky'omutwe), okushagika (enkingi z'omugongo n'omugongo) n'okwehindura (eky'aha kikondo n'egufa ly'aha maguru)."" Kurugiirira aha mbeera eyo ereetsirwe, mugisha ki ogurikukirayo kukwatanisa okwegyesa obu orikukora aha rugyenderwamu rw'okwega orwo n'ekicweka eki?
","Mureebire vidiyo y’eby’okwegyesa ebikwata omubiri gw’omuntu, mukoremu ebibinja ebirimu abantu abataafaanaine, mureete ekirooto ky’amagufa g’omubiri ng’omureeta ebintu ebirikukwata aha misho.
","Tebeekanisa omushoonzi gw'eky'erangaanisa (PowerPoint presentation) ogurikushobora buri kimwe aha miteerere y'entebeekanisa y'amagufa, kandi okore akatabo k'okukorera hamwe omu bubiri, orangirize n'ekibuuzo aha mutwe gw'ebyo.
","Shaba abeshomesa kumanya ebicweka by'amagufa omu mibiri yaabo, barikushoborora amagambo agirikukwata aha mutwe gw'eky'okushooroza; bakorera omu bibiina ebirimu abantu abarikushushana, omubo barikworeka omurimo gwabo kuraba omu muringo gwona ogu barikukunda.
","Shushani omubiri gw'omuntu ou murikukoragana nawe aha rupapura rurikukura kubaasa kumanya ebirikugwara omubiri by'amagufa. Buri omwegi naija kweshushana omu kabooki ke arikushushana embabazi, ekikokoro, enkingi z'omugongo, omugongo, akabanga, na feemba. Ku kuhwekyesa, nibaija kukora okucwekyereza oku baratandika kutebeekanisiza omu mitwe ei barikwenda.
",,,,C,SEND,Teaching strategies,Primary,2021,Science
995,"Alonso omwegyeshuri omukuru atarikuhurira orikukoresa orulimi rw'ebikomo kandi ali omu mwaka gwa 3 omu ishomero eririmu enteekaniza y'okwegaita hamwe. Aine obuhwezi bw'omusemuzi w'orulimi rw'ebikomo kandi aine oburemeezi omu kusoma n'okuhandiika. Omwegyesa w'ebyafaayo, eby'obutungi bw'ensi, n'eby'embeera z'abantu aine kukora aha kumanya n'okushanga ebice by'ensi ebirimu obwire obutali bumwe ng'akoresa maapu. Twaba niturora embeera egi, ni bumwe aha bintu ebi ebikuru kukora Alonso akwatse ebyo omwegyesa arikwegyesa?
","Kukora maapu y'omutwe hamwe n'ekibiina ky'ekuru n'omuseeri w'orurimi rw'ebikumu orikuseera ebiri omu maapu egi omwegi orikukama.
","Kukora omukura ogurikwatanisa hamwe ogw'ebitundu by'obwire bw'embeera y'obuhindagano, orikworeka n'obubonero ebice by'ensi ebirikukwataho munonga ahabw'okuhinduka kw'obwire bw'embeera.
","Kuhereza obuhabuzi oburikwija kukuzibwa hamwe, kushaba omushogomi w'orurimi rw'emikono kuhwera omu kutebeekanisa eby'okugarukamu bya Alonso, reero bikayorekwa omu rukurato rw'ekuraasi.
","Kukora omurimo gw'ekikundi omu kiraasi omuli abeeshuri abaine kworeka omu maapu y'ensi ebitundu by'obwire bw'embeera y'obwire, nibabishanga n'akabonero k'embeera y'obwire akarikugyererana n'ekitundu ekyo.
",,,,D,SEND,Teaching strategies,Primary,2021,Geography
996,"Shoma omwana orikushoma omwaka gw'okubanza omu ishomero eririmu enteekateeka y'abaana abaine oburemeezi bw'okwega erikwetwa Sebastian, orikugamba orurimi rw'ebikomo. Aha bikwaata aha kukura kw'okuhandiika, omwana ou aine oburemeezi, arikukora enshobi omu herufi kandi tarikumanya herufi z'empindahika zoona ezi zimaze kukorwaho. Kureetera omwana ou kukura omu buhingurizi bw'okuhandiika, omukuru w'eishomero hamwe n'omwegyesa w'abaana abaine oburemeezi bw'okwega, bakacwamu kuhandiika amaziina g'ebintu ebirikushangwa omu kicweka ky'okwegyeramu, nibakoresa eiziina erihandiike n'orutindo rw'engaro. Kandi, ebigambo bisya byaba bireebeka omu kiraasi, omwegyesa w'abaana abaine oburemeezi bw'okwega abihandiika aha bbaaho kandi omushoboroozi w'orurimi rw'ebikomo areeta akakomo, hamwe n'okubihandika n'engaro. Kurugiirira aha mbeera eyo, ni enshoborozi ki aha zirikukurataho erikuhakanira enteekateeka erikukoresibwa omwegyesa?
","Nikiriza omukwatagano gw'amaisho n'ebihandiiko
","Neeyongyera omubazi gw'ebigambo by'abeeshuri
","Erizaaho erikukwata aha muringo gw'ebigambo ogurikushushana
","Nikyoreka aha kukoresa orurimi rw'ebikopo omu kicweka ky'okwegyeramu omu buringaniza
",,,,A,SEND,Teaching strategies,Primary,2021,Literacy
997,"Omu bwiine kukuratirwa omwegyesa omu ishomero ry'omukaaga, arikworeka vidiyo y'okwijutsya ebi baayegireho ebiri aha mbeera z'amaizi n'oku birikureebwa omu butonde. Omu ishomero eri harimu abeeshure abatahurira gye abamazire kugyenda aha mutindo murungi omu kushoma n'okuhandiika. N'ahabw'ekyo, omwegyesa acwireho kukoresa omuringo ogurikwija kubahwera kutunga amakuru agurikwija kubaha. Twaba niturora ebi biri ahaiguru, ni muringo ki ogurikukwata aha beeshure abatahurira na kakye omu ishomero eri kutunga ebi omwegyesa arikukora?
","Shuubamu omubyangu by'okurugiirira omu vidiyo egiija kworekyerwa omu kiraasi
","[Instructions intentionally omitted]
","Omuhanda gw'okushoborora ogwateirweho omukono omwegi orikukozesa orurimi rw'emikono arikugambira abantu
","Taaha omukoki omuhanda gw'abaana kukora omugyano gw'ebirikukwata aha mbeera z'amaizi.
",,,,A,SEND,Teaching strategies,Primary,2021,Science
998,"Omwegyesereza omwegyesa w'essomo ly'Obutonde bw'Ensi owa kiraasi ey'okushatu omu ishomero ry'abaana abataahurra, asaba abegi kukora aha kiragiro eki: ""Kwatura ebintu ebiri omu Mukura gw'Eizooba, orikureeba ebintu nk'obunene, omwanya, okushusha, n'obuheeru bw'omutwaro aha Ensi."" Nooreeba ekyo, ni bumwe aha bungi obu oburikukurataho oburikukwatanisa gye kukora aha kiragiro eki?
","Yijuza eky’okukuratira aha bicweka by’Ekyanya ky’Eizooba n’ebishushani ebirikworeka emitwarize yaabyo erikuru munonga n’amazina agaahandiikirwe kugira ngu bigyeranisibwe n’ebyahandiikirwe by’omutwe gw’enyegyesa
","Bumba ekishushani ky'enkora y'Eizooba omuri byona ebigigiziremu, kandi ohandiike ebintu by'omutaano ebya buri kimwe ahakubaasa kugambiraho aha nshonga egi omu kiraasi, turikushoborora okushushana n'obutahikaanisa aha biri omunda.
","Murembeire ebipanka ebirikworeka ebice by'Ekyanya ky'Eizioba ebi abeeshuri baraaziremu, ebi birimu emitwarize yaabyo ehandiikirwe haihi nabyo, kwija kukora orutaro omu maisho g'eklassi nibagyeragyeranisa emiringo y'ebipanka ebi bakozeseze.
","Reeba vidiyo ezirikukwega aha bicweka by'Eiziiba ry'Enyanja n'emitwarize yaabyo omuli n'okushoboorora omu LSCh, bwanyima mugishakire hamwe omu kiraasi kandi mureete ebiteeso by'omutwe omuli abeeshuri abarikugamba aha bintu ebi basanze nibishemeza.
",,,,B,SEND,Teaching strategies,Primary,2021,Science
999,"Shoma omubaire ogurikukurataho: Omwegi w’omu mwaka gwakabiri omu ishuri eririmu puroguraamu y’okwegyesa abantu boona hamwe, Carla, omwegi omukookyi orikukoresa orurimi rw’ebyama, nayegaho. Ab’ekibiina ky’omu kicweka bakacwamu kutaho enshobero zimwe omu by’okwegyesa ahabw’okuba bareebire ngu ebi omwegi ogu arakuhandiika nibiba biryaha kandi bitarikukura gye. Omurimo gutandikira omu Rurimi n’Empurizana: Carla nagambira omwegyesa w’abaana abaine oburemeezi omu rurimi rw’ebyama ekyo arakuhandiika, yaaza omu maisho kukora orukato rw’ebi arakuhandiika, kandi akahikiiriza omulingo ogwo n’okweyongyera kumwebereza hamwe n’omukozi okukakasa ngu ebi yagambireho omu kutandika nibyo biri omu bihandiiko. Okurikurugiirira aha mbeera erikugambwaho, niki ekirikukwata aha nshobero ezi ab’ekibiina ky’omu kicweka bakataho?
","Nikugumya okukoresa LSCh omu masomo agatali gamwe
","Nikumanyisa gye biri emisingi y'orurimi orwa kabiri orurikukorerwaho.
","Erihaba omuhanda gw'okuhindura orubuga rw'ebigambo by'emikono omu rurimi oruhandiike.
","Nokukuratira omulingo gw'okukozesa Orulimi rw'Enyamaishwa (LSCh) kuraba omu kworekana okufaanana n'orulembe oluhandiike.
",,,,C,SEND,Teaching strategies,Primary,2021,Literacy
1000,"Shoma omugambwa ogurikukurira: Omugyezibwa omwegyesa w'abaana abaine oburemeezi bw'okwega atungire omwegi omusya, arikukora aha kumukorera hamwe amanye g'omutaano arikumwemerera kumanya gye ebimurikukora omu kwega. N'ahabw'ekyo, amanye ngu omwegi aine oburemeezi bw'okuta omutima aha kintu n'okwijuka ebintu by'omumazima, hamwe n'okwegatta omu bibiina ebirikukora hamwe. Kurugiirira aha Muringo ogw'Emyanya Emyingi, myanya ki ebiri ei omwegyesa ashemereire kukurira hamwe kugira ngu amanye oburemeezi bw'omwegi?
","Obusingye n'okwetaba
","Emitwarize n'emyeshongoro n'okwetaba omu mirimo
","Obushoboorozi bw'omutwe n'okwetaba omu mirimo
","Obwengye n'emitwarize erikuhinduka
",,,,C,SEND,Teaching strategies,All,2021,General
1001,"Shoma omuhanda ogurikukurira: Pedro aine emyaka ikumi na emwe, aine oburemwa bw’obwengye, kandi ari omu kiraasi kya 4 omu ishomero ery’abaana abaine oburemwa obutali bumwe. Ayoleka okukunda ebintu ebi arikubaasa kukwata, okukira munonga yaaba nibimuha omugisha gw’okubiteeka omu mitwaro. Yaaba aine emirimo ei arikukunda, abaasa kugumira ahari yo okuhitsya obu agimariiriza, kandi yaaba aine oburemeezi, abaasa kushaba omwegyesa we kumuhwera. Oburemeezi bwe obukuru nibureetera omu kwegamba kukora emirimo ya buri izooba, nk’eki aine kukora omunyeeto yaahika omu ishomero na omu by’okurya nari okwecenuura, ahabw’okuba nyina atendekire kukora ebintu ahabwe. Kandi, akacyetenga kwega kuhandiika n’okushoma, ahabw’okuba abaasa kukora ebintu by’omugasho byonka, n’okugaziya omuhendo gw’emibaro ogu arikukoresa okuhitsya 100. Ahabw’ekyo, naahwerwa kurugiirira aha mitwaro: Embeera n’Emitwarize Emihikirire. Kurugiirira aha mbeera egi n’okurora Omuringo ogurikukwata aha Buremwa bw’Obwengye oburikurugiira omu Mitwaro mingi, niki ekirikuhikiriza okuhwera okurikuhairwe omu mitwaro egi?
","Ahabw’okuba obuhwezi nibwetagisa omu kuhindura emiteekateeko n’enyikiriza ezirikuruga omu butumwa obuto, hamwe n’okuhiga omu maisho okukuza obwengye n’obushoboorozi bw’omutwe n’omubiri.
","Ahabw’okuba okwetaba nikikuru munonga omu kukura kw’abantu omu mbeera zaabo; okwongyera ahari eki, nikyetaagisa kukuza obushobozi oburikukora nk’okuhandiika, okushoma, n’okukoresa eminamba
","Ahabw’okuba obushoboorozi bushemereire kuteerwa ahaiguru oburikumuha kweteengyereza omu bice by’amagara gye agari omu bantu, okwongyera aha kwegaita n’eka ye aha bintu by’omutaano ebi ashemereire kwega.
","Ahabw’okuba nikyetaagisa kugira obuhwezi bw’eka kumuhiga kuteeraho hamwe n’okwetaba omu bintu bitari bimwe; okwongyeraho, okukura kw’obwengye bwe nikwija kumwemerera kwijanjara gye.
",,,,A,SEND,Student understanding,Primary,2021,General
1002,"Shoma nikuru kukoresa Omuringo gw'Ebiragiro by'Obutonde bw'Ensi (Functional Ecological Approach) omu kubumbaho emirimo n'okushomesa Pablo?
","Nikirikukiriza okushoborora emiringo emihyaka y'obuhwezi omu kutebeekanisa n'okushwijuma omu kicweka ky'okwegyeramu.
","Nikirikukwasa kutebeekanisa engyenderwaho ezirikubaasa kukurikiranizibwa kuruga omu maka g'omwegi
","Nikikonyahoza kumanya oburemeezi n'obuhabuzi oburikwetagisa kwetaba omu ishomero, omu ka, n'omuri community
","Nibyasobora kworeka ebi omwegi atungire n'ebyo ashemereire kukora omu muringo ogurikugyenda omu maisho omu mirimo y'eshomero.
",,,,C,SEND,Education theories,Primary,2021,General
1003,"Shoma omu mbeera egi: Lorena ari omu mwaka gwa 3 ogw'eshomero kandi ahabwa obuhwezi kuruga omu kitongore ky'abaine oburemeezi bw'omutwe ahabw'obuhwezi obu arikwetenga ahabw'oburemeezi bw'omutwe bwe. Aha bi arikukora gye harimu okukura oku aineho akakwata n'obureezi bw'okushoma n'okuhandiika, ekyamuhwereire kubaasa kutunga n'okwetaba omu bintu ebirikukorwa. Nangwa Lorena ayorekire omutima murungi gw'okwega, aine obwetengo bw'obuhwezi kubaasa kukora omu bweteengwa ahabw'okugumirwa kwe kw'okwetegyereza, eki kirikworekwa obu arikwetenga kukoraana amakuru agarikwetengwa kwetegyereza eki ashemereire kukora obu arikurabamu omurimo. Omu muringo ogu, narindira omwegyesa we kumwijaho kumuhabura eki ashemereire kukora. Kurugiira aha eki oshoreme, ni muringo ki ogurikukwataana n'okukora aha bwetaago bw'obuhwezi bwa Lorena?
","Habwe Lorena omu kubangira omu kukora omurimo ogu, okumuhweera n'ebibuuzo ebirikumwegamya kumushoboroora ebintu ebirikugwiira omu murimo ogu. Hanyuma, shoma ebiragiro kandi orinde kumwetegyereza.
","Tebeekanise enteekanisa y'okuyambazana n'abanywani ba Lorena abari haihi, nukwo bashobore kumuhwera omu kuza omu maisho n'emirimo, kandi bakakuratira ngu ahabwetiise ebiragiro, haine okugumya omukago gwe n'abanywani be ab'omu kelasani.
","Mubembereze omurimo gw'okukora omurimo gwona ogw'ekibiina, n'ebibuuzo ebirikubahabura ebirikworohereza okwetegyereza ebintu by'omugasho by'omurimo ogwo, ebi biriija kuhandiikwa aha bbaoodi abeeshuri babashe kubireeba ku barikugumizamu baine okutaanisa.
","Lorena, bwanyima y'okushoboororwa kw'ekikundi aha murimo, muhe eky'okureeberaho kya buri murimo, noogushoboorora butoosha aha butoosha kandi nomuha ekyahandiikwa eki arikubaasa kureeba yaaba aine okutaanisa.
",,,,C,SEND,Student understanding,Primary,2021,Literacy
1004,"Shoma omuhendo ogurikukurataho: Felipe ni omwegyesa omu mwaka gwa kana owaashangwa aine oburemeezi bw’obwongo. Aha bi arikukomera, harimu okwetwara omu muringo murungi, okugira eki arikwenda kumanyisa, n’obushoboorozi bw’okubara nk’abandi be. Omwegyesa we naaba naakora aha kuzigura ebizibu by’omubaro ebirimu okwikaza, omu byo Felipe arikutaanisa kumanya eki ashemereire kukora kugira ngu azigure ebizibu ebyo, ahabw’okugira ebigambo bike. N’ahabw’ekyo, omwegyesa w’eisomo, hamwe n’omwegyesa w’abaana abaine oburemeezi, nibashushana engyenderwaho z’okwegyesa kugira ngu bahikiirize ebi omwegyesa orikwetenga kumuhwera. Kurugiirira aha mbeera eri ahaiguru, ni engyenderwaho ki aha zirikukurataho erikuhiga okukura kw’obushoboorozi oburikwija kureka Felipe kukora aha biteekateeko?
","Tebeekanisa ekizibu nk'eky'abandi omu class kandi oreke eky'okureeberaho ky'okukoresa empindahinduka erahura omu kumara ebzibu.
","Tebeekanisa ekibuuzo nk'eky'ekaasi yoona kandi ohe ebintu ebirikukwata aha mishoora kwemerera ebintu ebirikukigira n'okuhiga okwetegyereza.
","Sharamura y'okushobora ekizibu omu muringo ogurikwenda omwegi n'okugyenda n'entambwe ezirikukuratirwa omu kumumaraho.
","Teitura omukoro ogurikugambwaho omu kibuzo ogutwarire omu mbeera erimu omugasho mwingi, noohwere abeeshuri kukoresa akakoomi k'okwebemberaho.
",,,,C,SEND,Student understanding,Primary,2021,Maths
1005,"Shoma omubaire ogurikukurira: Omwegyesa owa ক্লাসে ya kana omu ishomero erikuruheraine eririkukorera abeeshure abarikugira oburemeezi bw’omutwe atungire ngu abeeshure be abamwe baine oburemeezi bukuru bw’okushobora kworeka ebi barikuteekateeka n’okubaraana embeera za burizooba, ahabw’okuba emiramwa yaabo n’muke. N’ahabw’ekyo, acwireho kukoresa engyenderwaho z’okugarukamu ebyetengo ebirukwoorekwa omu beeshure be. Kurugiirira aha mbeera eri ahaiguru, ni engyenderwaho ki aha zirikukurira erikukwata aha kugarukamu ebyetengo by’obuhwezi ebirukwoorekwa abeeshure?
","Ninyenda kushobora kurondora ebintu, ebishushani, ebifo, abantu, n'ebindi ebirikushisha ekibiina.
","Teeka omuringo gw'okuhandiika eby'ebigambo nk'ebyesharirizo, enyiriri, n'ebyeshongozi ebikwata aha bintu bikuru
","Ha omuhanda gw'okutebeekanisiza abaana ebishushani ebirikukwata aha nshonga nkuru, nk'enyamaishwa n'emikoro.
","Shaba eby’okubazaana eby’abaana, engano, emigenzo n’ebindi bitabo ebirimu eby’okushoma ebirikushemeza abeeshuri.
",,,,A,SEND,Student understanding,Primary,2021,Literacy
1006,"Shoma omubaire: Omu klasse y'ekibarizo, omwegyesa w'eky'okushatu ari kukora aha kucumura ebizibu n'okukubisa, arikukoresa emiringo y'ebigambo n'ebishushani by'emyitooro kwanguhya okwetegyereza kw'abegyi be. Omu aha begi aba ni Constanza, omwegyi orikugira oburemeezi bw'omutwe orikwiihura kucumura omurimo ogurikumuhairwe, narikugarukamu n'ekishuba. Omwegyesa acwireho kuhwera Constanza omu muringo ogu: Okubanza, abikiireho emyitooro n'ekaratasi kwongyera obwengye bwe aha kigambo. Namubuuza ebibuzo ngu Constanza akunganye amakuru agahikire kwetegyereza eki barikumushaba. Reero namushaba kushoboorora ekizibu ekirikukwataho kandi namuha omugisha gw'okushushana amakuru agakunganyirize. Ekyakurataho, abikiireho emyitooro kandi namushaba kugarukamu, obutoosha narinda omutindo gwe ogw'okwiihura. Kurugiirira aha mbeera eri ahaiguru, niki aha bigambo ebiri ahansi ekirikuhikiiriza okucwamu kw'omuringo ogurikukoresibwa omwegyesa?
","Kureetera Constanza kukoresa embeera z'obuhwezi kumuhwera kwetegyereza omurimo, nikireetera okugabanya okutangaara aha murimo ogwo.
","Okuhiga kw'okwegyesa omuringo ogurikubaasa kuteekateekwa omu bwire obundi, okureetera n'omugyendane gw'okukuratanisa oguraazibira emicwe y'obuhumbu.
","Okucumya omuhendo gw'ebirikukwata aha murimo ogu orikukora n'okuta omutima aha kwetegyereza eki omurimo ogu gukwetagisa, nikikuha obumanzi n'obwesigye omu kuzaanaagura.
","Kuzibira emicwe emibi, kureetera okukunganya ebintu byona ebikuru ebyetaagisa kwongera okwetegyereza, nikuha omugisha gw'okukoresa ebintu ebirikureetera omuntu kureeba, kwetantara kugarukamu ebintu otabireebire.
",,,,D,SEND,Student understanding,Primary,2021,Maths
1007,"Shoma omubaire ogurikukurataho: Sebastian, omwegi owa klasse ya kabiri orikugira oburemeezi bw’omutwe, naafuna obuhwezi kuruga omu kitongore ekirikukora aha beegi abaine oburemeezi omu ishomero rye. Nyamushanga omu mizano, ahabw’okuba ayihuta kandi aine amaani, naraga okusiima okukuru omu kwega eby’omubiri. Ahabw’ebizibu bye, ayorekire obwetago bw’obuhwezi omu kwetegyereza ebi arikugambirwa n’okukurata amagombolora obu garimu emirimo erikukira aha magombolora abiri nari okukiraho. Kandi ahabw’okukora aha byetago bye by’obuhwezi, omwegyesa w’abegi abaine oburemeezi naateekateeka okutwara omutwaro gw’omwegi ogu omu kwega eby’omubiri ahabw’okugumya obwengye obu arikubura omu klasse y’emotoka. Kurugiirira aha mbeera egi, ni bumwe aha bintu ebirikukurataho oburikwongyera aha kwetegyereza kwa Sebastian amagombolora omu klasse y’eby’omubiri?
","Mubuuze Sebastian na bagenzi be okugyenda nibashoboorora ebiragiro omu magambo gaabo bwabo bamaze kuhurira okushoboororwa kw'ebicweeka by'omuringo gw'omutindo gw'emotoka, nibagamba eki bategeera ngu baine kukora.
","Mureke Sebastian akore ebiragiro by'omuzingo gw'amasannyalaze omu omwe, agyendeeze emirundi mingi, kwonka akore omuzingo gw'emotoka oguhwereera ogurikumuha obushoboorozi bw'okwegyenda omu biragiro byoona.
","Mworobi omwegyesa ayorekane eky'okukora omuri buri mutendera gw'omuringo ogu motoka ekoramu, akoresa ebigambo biraiguru:

1.  **Ebirooto:** Teeka omutwe. (Omwegyesa ayorekane)
2.  **Okutebeekanisa:** Tebeekanisa eby'okukora. (Omwegyesa ayorekane)
3.  **Okuragira:** Ragira emikono. (Omwegyesa ayorekane)
4.  **Okukora:** Mikono ekore. (Omwegyesa ayorekane)
5.  **Okugyezaho:** Reeba eki ekorwa. (Omwegyesa ayorekane)
","Tebeekanisa obuhabuzi bw'okukwasa abanywani baawe, abanywani b'eklassi bagyerere obwabo ebi barikwega kandi bashoboorore ebicuucu by'omuringo gw'omutwe n'orurimi orurikwenda.
",,,,A,SEND,Student understanding,Primary,2021,Physical Education
1008,"Shoma omubaire ogurikukurataho: Ekikundi ky’abanyeshuri ab’omu mwaka gwa munaana nigitebeekanisa omuringo gw’okuhiga Pia, omunyeshuri orikugira oburemeezi bw’omu bwongo orikureebwa nk’omucwezi kandi atarikwetaba mumaishaara, n’obu abanyeshuri abandi barikubuuza ebibuuzo nari kugarukamu ebibuuzo by’omusomesa. Kandi, nikireebwa ngu omu biro omusomesa w’abarikugira oburemeezi bw’okwega arikuba omu ishaara, obumwe akora enyimaishwa ez’ekyama kandi agabaana ebi akora. Ekikundi ky’ab’omu ishaara, nibakuratira ebyetengo ebirikureebwa omu munyeshuri kandi omu muringo gw’okwegyesa ogurikwetegyereza emisingi y’entebeekanisa y’okwegyesa ey’omutaano, nibashaka kuteekamu okukoresa ICT omu muringo ogurikugyenda omu maishaara yoona okuhiga okuhurirana kwe n’okwetaba kwe, ekirikwija kureetera abasomesa boona kumanya oku Pia arikugyenda omu maisho. ICT eshemereire kugira mbeera ki okuhiga okuhurirana kwa Pia n’abasomesa?
","Kikugambira omwegyesa kutaaha eby'okugarukamu kuruga omu mirimo y'abeeshuri kandi ahawe eky'okugarukamu ekikuru.
","Kikabaasa kwikiriza okusika ebipande by'okuruga omuklassi ebirikworekwa omu muringo gw'okuhakanisa, omu kubanza kukurikiranisa aha buhinguzi bw'ekigyendererwa ky'eklassi
","Kikabaasa kworeka omugisha gw'okugarukamu ebibuuzo by'abegyesi, nooha abantu obubonero ahabw'okugarukamu ebirungi kureetera abantu kukwatamu.
","Kikabaasa kwikiriza kuhana ebibuuzo n'ebyakusoborora omwe-omwe n'abegyesi, kyorobiize okugarukwamu enyima.
",,,,D,SEND,Teaching strategies,Secondary,2021,General
1009,"Shoma omwegyegyesa omukuru w’ekicweka ky’okutebeekanisiza omu ka ey’abaana abarikugyenda omu ishomero ery’abaana abataire kukwata gye omutwe naagira ngu nikikuru abaana abato abari omu course ye kumanya amakuru g’ebishushani by’oburinzi ebirikukirayo obukuru ebi barikubaasa kutoorana omu mwanya gwabo gw’emirimo, ahabw’okuba eki nikibaasa kureetera okwerinda obuzibu. Ni engyenderwka ki aha zirikukurira ezirikukwata aha biri omunda ebyatooranirwe omwegyesa kuruga omu muringo gw’okukora ogurikukwata aha butonde?
","Tebeekanisa orugyendo rw’okwegyesa omu dduuka eriri haihi n’eishomero, abeeshuri, nibakwatanisibwa orutindo rw’ebishushani, barondere eby’okurya ebirimu ebishushani ebi, bamanye ebi birikukora n’omu mbeera ki ebirikukoresibwa.
","Tebeekanisa okutegyeka orugyendo rw'omuntu orikumanyirwe omu by'okushoma aije aha ishomero, ahe abeeshure n'ab'eka yaabo orubazo aha bintu ebiriho omu maka n'omu kicweka byona, ebi ebiriho ebishushani aha bishushanyo byabyo.
","Tebe hamwe n'abeeshuri kandi muhuriire hamwe n'omuganga w'omu ishomero orikukora aha by'emirimo, mutebeenteera ""Eky'Emihango y'Obuteekaana"" ahu abeeshuri abari omu workshop, nibakwatirirwa obutabo n'ebipande ebi baakozire, nibashoboorora amakuru g'ebishushani by'okurabura aha bindi beeshuri.
","Mugambe abazaire b'abeeshuli kutumira abaana eby'okurya ebirikushangwa omu kicweka ky'okuteekyera omuka, ebirikuba biremireho obubonero bw'okwerinda; nukwo bwanyima, aha ishomero, ebyo by'okurya birikubaasa kushwijumwa kandi bishushurwe abeeshuli.
",,,,A,SEND,Education theories,Secondary,2021,General
1010,"Shoma omuhanda ogurikukurira: Ekibiina ky'abeesikati abari omu mwaka gwa kabiri nibateekanisa omukura gw'okukora ogwa Sofia, omwegi orikugira oburemeezi bw'omu bwongo n'obushoboorozi bukye obw'okukwata ebirikumuhika aha matwi (auditory) nari okureeba (visual). Omwegi ashemereire kugumizamu n'okweyongyera omumaisho omu kwega kushoma, n'ahabw'ekyo nibarikukiriza kwongyera aha kwijuka kw'omwegi omu mirimo yoona. Kurugiirira aha mbeera eri ahaiguru, oruhe murimo aha mirimo erikukurira orukusaanira okuhikiiriza ekigyendererwa ekirikutekanisibwa ekibiina ky'abeesikati?
","Gamba omwana ahingure omu muzigyo gw'amasannyalaze. Yaaba akoze enshobi, ashemereire kugaruka aha kutandika.
","Gamba omwana agyendeze omuhendo oguhendekerwe omwegyesa: nk'oku kyolekwa omu ky'okureeberaho kandi n'enyima.
","Kora omupiira gw'ebigambo omu omwegi arikushobora kworekana aha kaadi ye ekigambo omwegyesi arikumugambira n'akikandika aha kaadi.
","Gamba omwana arikuhanuura amakaada aguririirwe ahansi, yaakore esente esinga okuruga omu rurengo rw'ebigambo.
",,,,D,SEND,Student understanding,Primary,2021,Literacy
1011,"Shoma omuhendo ogurikukurataho: Nahuel ni omwegi owa klasse ya kabiri orikukunda emirimo erikwetenga kukwata aha bintu n’okwejyegyereza, ahabw’okuba akunda kutaayaayira omu klasse obutoosha. Ekicweka eki arikutsibira munonga kiri omu kubura ebigambo bingi, n’okutuura amaziina g’ebintu ebi arikukoresa buri izooba nk’ebikoreso by’eishomero. Ahabw’okuba ataine ebigambo bingi, nikimwetenga obuhwezi kuta omutindo gw’ebintu omu bibinja kurugiirira aha mutindo ogurikuhairwe. Kurugiirira aha biri ahaiguru, ni engyenderwaho ki aha ezirikukurataho erikuhwera omu kwongyera amaani omu buhairwe bw’omwegi bw’okuta ebintu omu bibinja?
","Kora omurimo gw'okutondoorora ebintu omu miringo etari emwe, okukoresa ebiri omu masomo agasiima kutondoororwa. Mushabe kuta eiziina ahari buri kimwe kandi omubuze ekikundi kyona hamwe orikukita ota: Ebi byona hamwe nibaita bita?
","Koresa eby'okureeberaho ebi orikubaasa kushanga omu kicweka ky'okwegyeramu, nk'okutebeekanisa, omwegi ashemereire kutoorana ebintu, kumubuuza eiziina ry'ekintu kimwe na kimwe kurugiirira aha mugasho gwakyo, bwanyima akabiteeka aha masherufu nari ahu birikugwana.
","Mugabire omwana omurimo ogurikukora omu kiraasi ogurikumuha omugisha gw’okwetaba omu bikorwa ebirimu okukwata ebintu, nk’eky’okugaba ebikoreso. Omu kasumi ako, shaba omwegi kukukwasa, orikumushaba kwatura ebintu ebi arikugaba n’ekigyendererwa kyabyo.
","Koresa omwana okukoresa kaada ezirimu ebintu ebirikumanyirwa omu bwire obwoona, omushabe kuta eiziina ry'ekintu kimwe na kimwe okuhameza ngu namanya ebintu ebi n'amazina agabyo. Bwanyima, omushabe kuzingurira nari kuhwera ebintu byoona kurugiirira aha muramuko gw'omutaano ogurateekanisiibwe.
",,,,C,SEND,Teaching strategies,Secondary,2021,General
1012,"Shoma omuhendo ogurikukurataho: Diego ni omwegyesa omu mwaka gw'okubanza orikufuna obuhwezi kuruga omu kitongole ky'abaine oburemeezi omu ishomero rye ahabw'obuhwezi bw'eby'omushomo oburikuruga omu buremeezi bw'obwengye bwe. Ekibiina kye hati nikikora aha kwega emibaaro kuruga 1 kuhika 20 omu Kubara, kwonka, ab'ekibiina bakwetegyereza ngu Diego arikwetenga obuhwezi kwongyera omumaisho omu kwega eby'emibaaro ebirikukorwaho, ahabw'okuba bareeba ngu okumanya kwe aha mibaaro egi kukira aha kwega kw'okugarukamu orukurato rw'okwambukya. Omwegyesa w'abaine oburemeezi, ku yaingiire omu nshonga egi, areeba ngu omwegyesa takora enshushaniso enungi y'omubaaro n'obwingi, ahabw'okuba obumwe ahaheereza omubaaro gumwe aha bibinja bibiri ebirimu obwingi obutari bumwe. Kurugiirira aha ekyo, acwireho kutoora amagezi omu mutindo gw'Okubara okurikukora, kubaasa kwiha omwegyesa haihi n'okwega okurikutegyerezibwa. Eki nikimanyisa, amagezi agaheebwa nigaganihiiriza oburemeezi bwa Diego omu mushomo gw'Okubara kandi nigagumya okwega kwe?
","Mwegyende omwegi ashange kandi abale omuhendo gw'amakaramu agatetegyerezibwa kuha omwe buri omwe aha banywani be abarikukora nabo omu kibinja, arikwetenga kureeta omuhendo oguhikire.
","Ha omuhandiizi omulimo gw'okugaba obutabo bw'ebitebeekanizo by'okuhurirana ahari buri omwe aha banywani be omu kiraasi, okugabira buri omwe entebeekanizo erikumuhingurira.
","Shoma omubaro omu bwihikiro n'omubushomeezi, okoresheze orukurara rw'emibaro nk'obuhwezi kandi obuuze ebibuzo nk'ebi: mibaro ki eri ahagati ya 9 na 12?
","Mugambire omwegi akabare omuhendo gw'ebintu bimwe omu kibina kirimu ebintu by'emishobooro erikushaanana, nk'eky'okubara sente zonyine.
",,,,A,SEND,Student understanding,Primary,2021,Maths
1013,"Shoma omubaire ogurikukurataho: Abegi b'omu mwaka gwa munaana baine ekigyendererwa ky'eklassi ekigira ngu ""Okukora ubushakashatsi aha by'okurya ebya buri izooba, emitwarize yaabyo mikuru, n'omugasho gwabyo omu mubiri."" Ekikundi ky'abasomesa b'eklassi nikishangana kutebeekanisa engyenderwaho ezi baraakoresa kuhikiiriza ekigyendererwa eki omu mbeera egi, nibakora ebintu ebi abegi baraayegera omu klassi hamwe n'eka. Omu kutebeekanisa emirimo, emitwarize ya Jorge, omwegi orikugira oburemeezi bw'omu bwongo, neetwarwa nk'ekikuru. Atendekire kukora emirimo kwonka nayetaba gye emirimo ei asabwa kuheebwa ebirabo, narukworeka okushiisha aha matungo g'okutunga ekirabo. Kandi, aine oburemeezi bw'okukwaata ebirimu, eki kimuremesa kwega. Kwonka, okukora kwe n'okwetaba nibyongyera obu aheebwa ebiragiro. Kurugiirira aha mitwarize ya Jorge ezirikushoboororwa, ni engyenderwaho ki aha ezirikukurataho erikukwata aha bwetaazi bwe obw'obuhwezi omu muringo ogurikushaanisa?
","Mukorane n'abeeshuri kuhanga omucwe gw'ebirikukiriraho ebi baine kukikora omu class yaabo obu barikutebeekanisiza abantu eby'okurya ebirungi kurugiirira aha mbeera ebaheebwa, reero mwoleke eky'okureeberaho ky'omurimo ogwo n'ebirikwetegwa.
","Handiika aha bbuoodi entaanira abeeshuri abaine kukuratira omuri buri kimwe aha bikorwa hamwe n’obushoboroozi bw’ebintu bikuru omuri kiraasi ebikwatiraine n’omutwe gw’eby’okurya, reero muhereezaane emirimo kandi mufookaane obuhabuzi kuruga aha banyaanyaanyaani.
","Mukoresseza emizaano nk'eya dominos rundi emizaano y'okushushanisa ebirikukwata aha by'okurya ebya buri izooba n'ebirikubiranga. Aha muheru gw'eklassi, abari omu timu y'eklassi nibaija kuha abaana abeeshure eby'okubagambira kurugiirira aha ku barikukora.
","Yamba abegi kucwamu aha mirimo ebiri ehikaineho omu bwingwa, nk'ebicweka by'ebyesharizo nari ekiikaro ky'obwomeezi, ebirikukwata aha by'okurya bya buri izooba n'omugasho gwabyo omu mubiri. Aha muheru gw'eishomero, omwegyesa naija kubaza eby'okugarukamu ebirikuhikire.
",,,,C,SEND,Student understanding,Secondary,2021,General
1014,"Shoma omubaire ogurikukurataho: Ekikundi ky'omuklassi gw'abanaani ab'eikumi na ibiri kishemereire kutebeekanisa eby'okwegyesa ebirikugarukamu obuhunguzi oburikworekwa abegi babiri, kuruga omu buremwa bwabo bw'obwengye. Boona nibahikiiriza okwetegyereza kurungi orurimi orw'omumwa, nibakora omulingo murungi okwegaita omu ishomero, niboreka okukunda omulimo gw'ekikundi okukira omulimo gw'omuntu omwe, kandi niboreka okugumisiriza omu mirimo y'eishomero, nibahikiiriza okwega kukuru obubarikukora butunu n'ebirikukorwaho. Omwegyesa w'essomo ly'Ebyafaayo, Eby'ensi, n'Ensi n'abantu n'omwegyesa w'enjegyereza y'abantu abairemu oburemwa nibasherura omulingo gw'okukora aha mugasho gw'ekigyendererwa ky'okwega ekirikukurataho: ""Shoma kandi obaze empapura ezirikworeka embeera y'obusingye, orikukoresa obworekwa, emitwarize y'obuhangwa bw'omwanya, n'akabonero k'ebishushani"" kandi n'okuhayo eby'okwegyesa ebirikuhikaana n'ebirikwetagisa abegi bombi, omu mutindo gw'okwegyesa okutali kumwe. Ni mulingo ki ogurikukiraho okukwatanisa okwega kw'abegi abairemu oburemwa bw'obwengye omu mbeera egi?
","Koresa ICT, ahabw'ekyo, omu maabuli gya kompyuta, abeeshuli bashemereire kutebeekanisa omugambi ogurikushushana n'ekibanza omu maka gaabo, nibakwatanisibwa obuyambi bw'ebishushani ebirikumanywa obwahati.
","Ha buri omwegi kuhendera, aha miringo mingi y’okwohereza ebiteekateeko, kuruga ahari yo omwe-omwe naakoresa ekishushani nk’obuhame, buri omwegi ateekateeka omugambi gw’ekishushani eki yaatooranize aha rupapura orweru.
","Ha eki kuhwera abegi omuringo ogurikukwatanisa, noobagambira kweshanga omu bibiri kubaije bakazane omuzano gw'ebintu ebyeziremu omugasho ebihisire, ahu abegi baine kushaka n'okushanga ebintu, nibakurata ebitegyerero by'okuringanisa ebifo n'obureezi.
","Haa omuringo ogurikukirra gwa kwohereza ebintu, okuruga ahari omwegyesa orikworeka abegi ekishushani ky'ekyombeko ekirikworeka, kurugiira omu tumanyiso, ebintu ebirikukwata ahakyo; bwanyima kubuuza ebibuzo ebirikukwata aha mwanya ebintu birimu omu kishushani.
",,,,C,SEND,Teaching strategies,Primary,2021,Geography
1015,"Shoma omubaire ogurikukurataho: Emilio ni omwegi aine oburemeezi bwa Autism Spectrum Disorder orikwega omu mwaka gwa 6 omu ishomero ery'abaine oburemeezi obutandukaine. Omwegi naabaasa kwegaita n'abandi beegi omu mizaano ei barikutaandika, naayegaitamu omu muringo ogurikusaana. Ayoreka ekigyendererwa ky'okuhurirana kurabira omu rurimi, arikukoresa ebigambo ebirikukora omu mbeera ezitandukaine. Omu bwire bw'emirimo, harimu okutahuumurira kw'omubiri, ekirikubaasa kureebeka kurabira omu kubahabura kw'omwegyesa. Omu kasumi akaherire, Emilio ayorekire oburemeezi omu kwegaita omu mirimo y'Okwegyesa Omubiri, ahabw'okugaanisa oku aine okuruga omu kikaari. Omu bintu ki ebi omwegyesa ashemereire kwetantara omu mbeera y'ishomero, Emilio asobole kwegaita omu mirimo y'Okwegyesa Omubiri?
","Okugaitana omu mbeera y'abantu, kuraba omu mizano eshemeza Emilio n'egirikwenda okutebeekanisa n'okuhaziindaanisa omurimo gw'ekibiina omu ishomero ry'okwegyesa omubiri.
","Okutunga omuhingo gw'okutabara, kuraba omu bikorwa ebi tukozeseza embeezi y'eklassi ya Physical Education, abanywani b'eklassi nibo bahwera Emilio kwetegyereza omu muringo murungi okuruga omu klassi n'emikorwa y'eklassi egi.
","Omuhanda, kuraba omu kifo eki Emilio arikubaasa kushoma, kumuhereza ebiragiro ebirikworekwa gye kandi ebirikumwetegyereza, kuraba omu by'okureeberaho ebirikumworeka ebirikwija kukorwa omu ishomero ry'okugumya omubiri
","Okuhereza, kuraba omu kutebeekateeka kw'Entebeekanisa y'Obuhwezi bw'Okuhereza ei Emilio arikubaasa kukoresa omu miringo yoona y'okuhereza, ahabw'okumuha obuhwezi oburikwongyera kumuhwera kwega n'okuteekateeka ebikorwa by'Eby'omubiri omu By'omugisha.
",,,,C,SEND,Student understanding,Secondary,2021,Physical Education
1016,"Shoma omuzingo ogurikukurira: Sergio ari omu mwaka ogw'okubanza omu ishomero eririmu obuyambi bw'abaine ebyetengo by'enjegyereza ebirikuruhande. Omu class, nashobora kutaaho omukago n'abanywani be hamwe n'abantu abakuru abamukuruhande kandi, omu bwire bw'okubangana, agataana omu mizano y'ekibiina. Kwonka, omu kuheereza, Sergio nacwekyereza omukago gwe n'abanywani be, ayoleka okukunda okuzana wenka, atekaine munonga, arikwemerera aha ntebe, agyema aha bintu ebirikushushana omu mbeera, kandi azinguruka obutoosha n'omubiri gwe. Oburemeezi bw'omuringo ki oburikukurira oburikushoborora emicwe ya Sergio?
","Okutahurira gye ahari ebintu ebirikukwata aha mutwe n'omubiri (hyposensitivity to vestibular stimuli)
","Okutahukaniza omubiri gw'omuntu n'ebintu ebirikukora aha mubiri ogwo (hypersensitivity) ahabw'amaani aga vestibular
","Okutahukaniza okungi aha bintu ebirikukwata aha mubiri n'omutwe gw'omuntu (proprioceptive stimuli)
","Okutahurira munonga ebintu ebirikukwata aha mubiri n'omutwe gw'omuntu (proprioceptive stimuli)
",,,,A,SEND,Student understanding,Primary,2021,General
1017,"Shoma omubaire ogurikukurataho: Martina omwegi ow’emyaka ena orikwega omumutendera gw’okubanza ogw’okuhinduka. Akatandika kugaaya ebigambo bye eby’okubanza omu myaka ebiri n’ekicweka, okukira munonga kwetenga kwihaho obwetaago obuhangaine. Hati, nagumizamu n’orurimi rwe orutahurirwa, obumwe orurikushobororwa nk’orutahurirwa, nangwa n’obu okugambira kwe kurungi bwaba nagambira ebigambo ebi ahuriire ahari terefiziini. Agandiika n’ebigambo ebimwe kuruga omu bizane ebi akunda, naganira emiringo y’okugambira erimu okukora oburemeezi n’eddoboozi ry’omuringo ogu ahuriire. Emitwarize y’orurimi rwa Martina eyorekeireho omwegyesa we, orikwenda kukora okucungura kw’omutwe n’omutima kugira ngu amanye obutandikiro bw’emitwarize egi, ahabw’okuba nagira obuteebwa ngu omwegi ogu aine oburemeezi bw’omutwe oburikukwata aha muringo gw’okuteekateeka. Ni muringo ki ogu omwegyesa ashemereire kukora kukora okucungura kw’omutwe n’omutima kwa Martina?
","Baza ebirikukwata aha miringo y'emitwarize n'oburemu bw'okukora ebintu, ahabw'okushobora kumanya omuringo Martina arikwegamu n'obushobozi bwe, n'ekigyendererwa ky'okubangira amateeka n'enkoragana z'omurimo.
","Haandi y'okwebembera n'ekipimo ky'okushimira omuryango omu by'ahaiguru eby'okukura kw'omwana omu bintu bitari bimwe, kandi okagyeranisa ebirikugaruka omu kushimira oku n'ebi orikureeba omu klasa.
","Shaba omumwe gwezabu y'okushwijuma obwomeezi bwa Martina kuruga omu ka ye, okushobora kumanya IQ ye, kandi orugyendo rurugire omu by'okugarukamu, okukora entebeekanisa y'emirimo erikworeka ebice by'okukura ebi erikubaasa kuba neyoleka oburemeezi.
","Teeka erikwata aha bitegyererezo ebi erikushwijuma emigyendeserezo etaanu n'ebigyendererwa ebirikugambwaho omu Katebe k'Entegureza y'Eby'Okushomesa Abaana Abato, kushobora ebicweka ebirikwetenga obuhwezi n'okushobora ebi ebirikukorwa omu muringo ogurikumatiza.
",,,,A,SEND,Assessment,Pre-primary,2021,General
1018,"Kushwijukya kureeba ebipimo by’okukura kw’omwana orikwija omu mwaka ogw’okubanza omu ishomero eririmu eishami eririkwata aha beene ekyetengo ky’omutaano, ni nkahi omu muringo ogurikukurira enyima ogurikukwata?
","Kukora okwetegyereza omwana omu biteekateeko n’omukugu omukora eby’obwomeezi, orikukozesa ekikoreso kya WAIS, kwetegyereza obwomeezi bw’omwana omu by’okwetegyereza.
","Hanga ebizami by'okushishoza, orikureeba embeera y'omweizi kandi, obwaba nibyetagisa, obihindure hamwe n'omwegyesa omukuru orikukora n'abaana abaine oburemeezi bw'okwega.
","Kukusanya ebimanyiso by’omuntu, embeera y’obuntu, n’eby’obuhangwa hamwe n’ekikundi ky’abegyesi ab’omutwe, orondoorere aha mutindo gw’okuganiira n’okwetungira, kwenda kutebeekanisa n’okucuura eby’okwegyesa by’omwegi.
","Shuubira omuringo gw'okukora okucungura kw'okumanya, okutandika n'okwombeka okuhitsya aha kucungura okw'aha muheru, n'abeesigwa ba buri isomo, kwetengyereza empindahinduka zoona ezirikwetengyesa omwegi.
",,,,C,SEND,Assessment,Primary,2021,General
1019,"Omu klasa y'abanaishomero b'omwaka gwa kabiri omu ishomero erikuru, abanaishomero mushanju abaine oburemeezi bwa Autism Spectrum Disorder nibeejunga. Omwegyesa naija kubeera naakora aha kiragiro ky'okwega: 'Kukuza amatsiko g'okumanya ebigambo nari emigaanuro ebi bataarikumanya n'okutooreza omulingo gw'okushuuruura amakuru gaabyo.' Omu klasa, harimu ebibiina bibiri eby'okwega: ekimu kirimu abanaishomero bataano abamazire kutunga obureezi bw'okushoma aha mutendera gw'ebigambo n'ekindi kibiina kirimu abanaishomero babiri abataratunga obureezi bw'okushoma. Ahabw'embeera enu, omwegyesa ashemereire kutebeekanisa eishomo erihikiire ekiragiro ky'okwega ekiragwiirwe, baitu n'emilimo ehikiire buli kibiina ky'abanaishomero ekyagambiirwe. Ni muringo ki ogurikukurira oguhikiire abanaishomero kwongyera obwengye bwabo bw'ebigambo?
","Omugyezibwa naija kuha abaana abarikushoma n’ebyangaanisa ebirimu ebigambo by’okushoma, ahabuhandiiki bw’ebigambo by’okuserchinga, ahu baraashanga ebigambo, reero bashange amakuru gaabyo omu dikishinari; abaana abatarikushoma, nibaija kukora n’obuhabuzi oburimu ebigambo n’ebishushani, ebi baine kweshushanisa ku baraabe bamanyire ngu nibishushana.
","Omugurusi arakuheereza ekibiina ekiine oburemeezi bw'okushoma ebipande ebiine ebigambo by'okukoraana nabyo omu kwatanisa n'okutoorana ebishushani by'ebigambo by'omugasho ahabeegi; ekindi kibiina ekiine obushoboorozi bw'okushoma kirakora aha kutoorana ebigambo kuruga aha bipande ebiine ebi baraakozesa kukora n'okuhandiika sentensi n'okuzishoma omu iraka.
","Omugyezibwa naija kukora arikukoresa omuringo gw’okukora ogurikukwata aha mirimo yoona n’abegi boona mushanju, arikushoma orutabo ruto kubaasa kuteeraho kwongyera aha kumanya ebi barikushoma, arikugyenda naayenda ngu abegi bakoresese ebigambo bingi barikugyenda nibahindura ebigambo n’ebishushani, nibabasiisa kubaasa kukora sentensi nini.
","Omugyezibwa naija kworeka ekikundi eki batakatunga bushobozi bw'okushoma enyuguta ibiri, P na M, ezi baraakenera kwegaita n'enyigizo kutandika kushoma enjigizo ezi baraareetera kukwatagana n'ebishushani ebirikugyenda n'enjigizo y'okubanza; ekikundi eki kirimu obushobozi bw'okushoma kiraashaka amazima g'ebigambo ebi bataarikumanya omu kabereberye erimu orugano kandi barashomeza amakuru gaabyo aha tabuleti zaabo
",,,,B,SEND,Student understanding,Primary,2021,Literacy
1020,"Shoma omuhendo ogurikukurikira: Luis omwojo orina emyaka etaano, arikushoma omumutendera gwakabiri ogw’okuhindura omuishomero eririmu eishami ry’abaine oburemeezi obutaari bumwe. Nayegaita omu muringo gw’emirimo etarikushushana ey’omuriizoona kandi nashobora kugarukamu emizaano erikuragirwa, nangwa n’obu omumirimo erikwetaga omutindo ogwaiguru, nabura omuntu omurikwenda kumuhabura n’okumushagika omubiri kuruga omwegyesa. Ekizibu kye ekikuru omu bwengye bw’eby’okushoma n’orurimi, ahabw’okuba akoresa obugambo bumwe bw’omugasho kandi ahuraho ahuraho nagira obwengye bw’okutandika okugamba, ekirikuzibukwa orurimi rwe orurikugarukamu (okugarukamu ebigambo by’omuntu omuhanda hamwe n’ebirikugarukwamu nyima y’obwire). Ni muringo ki ogurikukwatanisa n’okwongyera aha mutindo gw’okugamba kwa Luis?
","Omuzinga gw’ebigambo: Ekitabo ky’okukuratira ebigambo ebirikukora

Ekitabo eki nikikwaasa Luis kwongyera aha bushobozi bwe bw’okugamba kuraba omu bigambo ebirikukora ebirimu akabonero k’omugogo gw’ebinyagwa n’okutaanisa ebigambo omu ndimi.

Ebigambo ebirikukora:

Ndi (N-di): Nikimanyisa ngu nooli omuntu.
Oli (O-li): Nikimanyisa ngu nooli omuntu ogundi.
Ari (A-ri): Nikimanyisa ngu omuntu ondiijo.
Turi (Tu-ri): Nikimanyisa ngu nituli abantu.
Muri (Mu-ri): Nikimanyisa ngu muli abantu.
Bari (Ba-ri): Nikimanyisa ngu bali abantu.

Eky’okureeberaho:

Ndi Luis.
Oli Maria.
Ari John.
Turi abanyeshuri.
Muri abarezi.
Bari abakozi.

Ebigambo ebindi ebirikukora:

Nina (Ni-na): Nikimanyisa ngu nyine ekintu.
Oina (O-i-na): Nikimanyisa ngu oyine ekintu.
Aine (A-i-ne): Nikimanyisa ngu ayine ekintu.
Twiine (Twi-i-ne): Nikimanyisa ngu twine ekintu.
Mwine (Mwi-ne): Nikimanyisa ngu mwine ekintu.
Baine (Ba-i-ne): Nikimanyisa ngu baine ekintu.

Eky’okureeberaho:

Nina ekitabo.
Oina ekaramu.
Aine empapura.
Twiine eshomero.
Mwine omureezi.
Baine obwengye.

Ebigambo ebindi ebirikukora:

Ninkunda (Nin-ku-nda): Nikimanyisa ngu ninkukunda.
Ninkukunda (Nin-ku-ku-nda): Nikimanyisa ngu ninkukukunda.
Nimukunda (Ni-mu-ku-nda): Nikimanyisa ngu nimukukunda.
Nibakunda (Ni-ba-ku-nda): Nikimanyisa ngu nibakukunda.

Eky’okureeberaho:

Ninkunda maama.
Ninkukunda taata.
Nimukunda abanyeshuri.
Nibakunda omureezi.

Kurata:

Koresa ebigambo ebi buri izooba.
Gerageza kukora sentensi zaawe.
Shaba omuntu akukwase.
","Koresa eky’okukoresa orubazo rw’emikono n’endimi egi orikugambwa omu bwire bwona omu mirimo etungiirweho omwegyesa, okuraba omu bipande ebiteirwe omu myanya erikwetengwa ahu Luis arikubaasa kwegaita n’okwetegyereza obwire obutari bumwe n’emirimo, nikimwemerera kwongyera okwetegyereza kwe n’orurimi orikugambwa.
","Koresaamu akakwatanisibwa n’akatonde, omwegyesa yaashobora kuteeraho ebishushani by’ebintu rundi ebikorwa ebikwatanisaanisa n’omurimo oguraakorerwe. Luis ku araabe naatoorana eby’okukoresa n’emirimo omu bw’omwebembe n’akatonde, omwegyesa naija kuba naayoreka okutoora omu magambo ngu asobole kwiita omu maisho n’okuhuumuriza amakuru n’omurimo ogutebeekanisiibwe.
","Shaba omuringo ogundi gw'omukura gwa Minspeak kuraba omu bubaaara bw'okuhariirana obw'omutaano kurabira omuri kompyuta, aharikworekwa ebishushani ebirikushushana, ebirimu amakuru g'omutaano, ngu Luis ashobore kwakiira n'okwetegyereza obutumwa obutari bumwe kurikurugiira aha ku yatooranize ebishushani, nikyongyera okwetaba kwe n'okugamba omu mbeera ez'omutaano
",,,,B,SEND,Student understanding,Pre-primary,2021,Literacy
1021,"Shoma omubaire ogurikukurataho: Omu mwaka gwa mbere gw’eishomero ry’abaana abaine oburemeezi bw’omutwe, harimu Mateo, omwegi aine ekizibu kya Autism Spectrum Disorder orikukwatanisa gye n’abandi kandi aine orurimi orurikukora gye n’ebindi ebintu ebirikukwatanisa n’okugamba. Oburengane bwe bw’okushoma n’okuhandiika nibumwemerera kumanya enyuguta n’amazima agariho, kandi n’okushoma n’okwetegyereza ebigambo ebikwatanisa n’obugaragaro bwe obw’omunsi. Omu kubuurira kwe, ayorekire ebi arikukunda n’okutsigana n’okukwatanisa kw’ebigambo by’obujunaanizibwa. Omwegyesa wa Mateo aine ekigyendererwa ky’okukora aha bigyendererwa by’okwega ebirikukurataho n’eklassi: Kwetegyereza ebyahandiikirwe, okukoresa amagezi g’okwetegyereza okushoma, nk’eky’okureeberaho: okushusha eki ekyahandiikirwe kirikushoboorora. Ni bumwe aha magezi agarikukurataho oburikukora aha byetengo by’okushagika bya Mateo?
","okukoresa ebigambo ebiriyo amana ku mutwe gwe, ebi arikukoresa kuraba omu kumanya ebiragiro by'okuhandiika n'okushoma, ahabw'okukora omutaano gw'okwega: okushoma, okuhandiika, n'okwetegyereza
","Koresa omubazi ogufuuka omunaku, ogurikukwata aha bigambo ebirikukoresibwa omu by’okushoma, n’ebirikuhwera omwegi kwetegyereza ebi arikushoma.
","Koresa ebitabo ebirimu ebishushani ebirikukwata omutima omwegi kandi omwegi akoresa obushushani oburikumuheereza amakuru ag'omugasho, arikugyaho amakuru agataireho omugasho kurugiirira omu kitabo, eki nikikwata omutima gwe kumuhwera kwetegyereza.
","Koresa eby'okukoresa ebirimu ebigambo n'ebishushani, omwegi asobole kwegaita n'ekishushani nariho ekiteekateeko eki birikushushana, naayenda omu maisho kukora sentensi, kuruga omu zirikworoora kukyija omu zigumire, arikukoresa obubonero n'ebigambo.
",,,,C,SEND,Student understanding,Primary,2021,Literacy
1022,"Shomaisho omushomo ogurikukurataho: Mauricio naaza omuishomero ry'abato ery'omuriina ekitongore ky'abantu abaine oburemeezi obutaaine bumwe. Naatwariramu emirimo etari emwe erikutebeekanisibwa n'obushoboorozi oburikweyongyera buri kasumi. Oburemeezi bwe nibukwata aha rurimi ahabw'okuba, n'obu arikukora ebikorwa by'okushanga ebintu omu mwanya, bikaba bitarikomera, okugamba omu bwengye kukaba kurikukyeeka, kandi okukoresa ebigambo ebitarikwetegyerezebwa kwingi nikikoma omu kwetegyereza ebi arikugamba. Omwegyesa w'aha mutendera ogu naakora, omu mutima gw'Orurimi rw'Okugamba, aha mugingo gw'okwega: ""Nitugamba n'abanywani baitu omu muringo murungi kandi ogurikwetegyerezebwa."" Kandi ahabw'okworohereza okuhana ebiteekateeko n'okukuraaza orurimi rw'okugamba omuri Mauricio, omwegyesa naacwamu kutaaho enkora y'okuhana ebiteekateeko ey'emiringo ebiri omu muringo gwe ogurikugyenda n'emikono n'okugamba, omu kasumi kamwe arikukoresa omuringo gw'okuhurira n'okugamba n'omuringo gw'okureeba n'emikono. Naaiha omwegi obutumwa bw'orurimi orurikukirayo oburikworeka orutonde rw'omushorongo orurikwija kucwamu empindahinduka y'ebyo arikukora, hamwe n'obubonero bw'okureeba n'emikono. Ahabw'enki okutaaho enkora y'okuhana ebiteekateeko ey'emiringo ebiri omwegyesa kurikukwatanisa n'obuhangwa bw'okukora aha byetengo bya Mauricio eby'obuyambi?
","Ahabw’okuba nirukonyera kandi nikureetera omwegi kuganira n’obusi bw’omuburingwa bwe arikukoresa emihanda etari emwe neyongyera orurimi rw’okugamba.
","Ahabw’okuba nikyoreka omwegi omuringo gw’okutunga obwengye bw’okushoma n’okuhandiika omu bwangye, nikongyera aha maani g’omugisha gwe gw’eby’obushomesha.
","Ahabw’okuba nikongyeera omwana okwetwara omu maisho arikubaasa kugarukamu ebibuuzo by’okumwesereza ebirikutebeekanisibwe omu muringo murungi kandi ogurikworeka.
","Ahabw’okuba neekiha omwegi ebikoreso birungi okuhurikiza ebi arikukunda n’ebyo arikwetenga omu mizaano n’okukwatanisa n’abandi.
",,,,A,SEND,Student understanding,Primary,2021,Literacy
1023,"Shoma omu mbeera egi: Omu kiraasi ey’okubanza omu ishomero eririmu abaana abaine oburemeezi obw’omutaano, Veronica, omwegiaine n’ekizibu kya Autism Spectrum Disorder, nayegaho. Atwarirwa nk’omuntu orikukunda munonga kucweekereza ebintu kandi nashemererwa kukora n’ebikoreso by’okwegyesa; kwonka, ayorekwa emicwe y’obuhumbuura obw’amaani obu arikwenda kutunga ebintu ebi abegyi bane barikukoresa, ahabw’okuba abitatwara obuhendo. Emihwe emwe aha micwe egi negarukamu obu arikwetenga kuza omu byumba by’okwegyesa ebindi, ahu kimugumira kutaaha, eki nikigarukamu kandi obu arikuba asaana kugaruka omu kyumba kye ky’okwegyesa bwanyima y’okuruuhuka, eky’okulya, nari eky’okurugamu, ahabw’okuba abura omuhanda, akataaha omu byumba ebindi. Omu biteekateeko ebi orikurora nk’ebirikukwata aha muringo gw’okwegyesa ogurikusaana kukoresa kureeberera Veronica n’obweetaago bwe bw’obuhwezi?
","Nitwekyendeza aha kukuza obwengye bw’omwegyesa omu kiraasi, omwegyesa omuto aketegyereza ebikorwa bye ahabw’omuringo gw’okwegyesa ogurikukoresibwa nari ebikorwa ebirikumwemerera kureeba n’okuhindura emitwarize ye n’okugiringanisa n’eya banywani be.
","Higaanisa omukago ogw’amaani hagati y’omwegyesa n’omwegi, okugaziya omukago ogwo n’okugyira omu bitoosha ebiri ahagati y’ekikaari ky’okwegyera. Hanga entebeekanisa y’okuhindurana omu kisaa kya okuzanira n’omu kaafueteriya, gyeka abegyesa obwire bw’okubeera omu byanya ebi, nari obworaaba nikyeteengwa, shaho eky’okuragira ekirikworeka ngu buri kitoosha n’omurimo gwona gw’eishomero birikugyenda birikumpiirirwa.
","Higa omuringo gw’emyeshomereza mirungi omu klasirumu orikurabira omu kutebeekanisa ebirabo ebirungi ebirikukendeza omu muringo gw’okukora ebintu omu bwangu n’okwongyera amaani omwegi okukora ebintu omu muringo ogurikwetagisa, kandi okore obuhwezi bw’‘Omwebemberi’ hamwe na banywani be, orikwongyera aha bushobozi bwe bw’okutwara abantu omu miringo erikwetagisa n’okuhikiirira obushobozi bw’okumanya ahu ahererezi.
","Shuubya omuhendo gw'okukoresa obuhabuzi bw'amaisho omu ishomero, omwegi asobole kuteerereza empinduka, okuhindura embeera y'ekikaikuru n'ebifo by'amashomo eby'obutongore, n'okukoresa eby'okuteekamu ebintu by'omurimo eby'obutongore, nibyongyerwaho okukoresa ebishushani omu mbeera ez'omutaano.
",,,,D,SEND,Student understanding,Primary,2021,General
1024,"Omu omwana Antonia, orikwega omu mwaka ogw'okubanza omu ishomero eririmu enteekateeka y'abanaab'eitaago erikuru, aine ekizibu ky'oburemeezi bw'omutwe (Autism Spectrum Disorder), akaijukira kutaaha omu kiraasi. Omuishwa ogu tarikumanyisa gye ebi arikwenda, nangwa obu arikuteeraho; narora abantu abakuru omu maisho kubaasa kumuta omutima; nayoleka okukunda ebintu okumara obwiire bukye kandi omu kiraasi, obutoosha naayenda ebintu bisya. Aine oburemeezi bw'okuhindura ebikorwa ahabw'okuba atarikukuratira entebeekanisa n'ebicweka by'izooba ry'eishomero, nayoleka obusungu, embeera erikukendeera omu makkati g'esande kwonka neegarukamu buri Bwaireero. Omu mbeera egi, abarikukwasa nibacwamu kukoresa omuringo na Antonia oguraamukwasa kwetegyereza entebeekanisa y'eishomero n'okuba omu kiraasi. Omu miringo egi erikukurataho, nigure ogurikukwasa abarikukwasa kugarukamu ebyetaago bya Antonia?
","Bumbaho obusinge oburikukwatanisa n'okuhiga: yoleka omutima ogw'okugumisiriza, obwangu n'okugumira, okore n'ebirikukurahura omu muringo ogurikugyendera aha bifaananyi by'okwebuzya ebirikuhiga okwetegyereza emicwe mirungi omu kiraasi.
","Muhemu obwire bwingi bw’okukuratamu omwana: koresa ebikoreso by’eby’okwegyesa ebirimu oburyo bwingi bw’okumanya ebintu ebirikukwatana n’ebyo arikukunda, mukorere hamwe omwe-aha-mwe omu bikorwa kutoora okuhitsya obu araatungye obwetengyeerwa, omutuurise n’abanywani be abarikubaasa kumuha eky’okureeberaho kirungi ekurikurata.
","Ha omuzingo ogutahinduka omu by’omugisha by’eshomero: tangaaza orutindo rw’omuntu omu bitebe byoona omwegi arikukorera omu, tebeekanisiza ekibanza kyawe eky’okukorera hamwe n’ebishushani ebirikuhikaana n’obwetengo bwawe n’amaani gaawe.
","Kuhanga emiringo: kutaho obwire bw'okuceeceera omu ishuri, kutebeekaniza emyitooro y'okubangura omutwe aha kutandika kw'amasomo na omu kubiindura ebikorwa n'obwire bukye, kworeka aha kabaho orutonde lw'ebiro n'okuhingurana kw'amasomo hamwe n'okukurikiraniza aha mutindo gw'okuhikiiriza emirimo.
",,,,C,SEND,Student understanding,Primary,2021,General
1025,"Omuhanda ki ogurikukurira omu kubazamu ogusingiremu obuhikire kwenda kukurira omucwezi ogwatekwaireho ekitongore?
","Tebeekanisa okuheereza obuhabuzi bw'amaisho, nk'ebipande, okutebeekanisa n'okuhaziisa emizaano, okwongyera aha kutegyera kwa Tamara ebiri omunda y'ebirikukorwaho omu gumu gwona.
","Rooramu emizaano erikukuriraana n'ebyo Tamara akunda, orikukoresa ebintu eby'ahaiguru, kandi orikwanguhya okwegamira aha muntu kurabira omu kworeka emicwe y'abeesomesa na banywani be.
","Sharamura ebiri Tamara arikukunda, orikugyenderera aha bi, okore n'ekibiina buri sande orugyendo orw'aha bintu ebiri omu butwaare bwaitu ebi arikukunda, ahu arikubaasa kutooreza emikoranire n'abandi banywani be, omu mbeera etari nk'ey'omukiro.
","Shutama emizaano erikwebemberwa, erikuhikaana n’ebirikurugamu omu bigendererwa ebirikushobororwa omu Ndango, ahabw’okukora aha mikago ya Tamara n’abandi, kandi omu bwire bumwe, okukora omurimo gw’okwegyesa kurikuhikaana n’ebirikurugamu omu mutendera.
",,,,B,SEND,Teaching strategies,Pre-primary,2021,General
1026,"Shoma omuhendo ogurikukurataho: Asuncian ni omwegi ow’emyaka ena owaakasangwa n’ekirwadde kya Autism Spectrum Disorder kandi aingire omuishomero erikuruukirwe. Ayoreka oburemeezi omu mikwatane y’abantu; nashobora kugarukamu gye ebikorwa ebimuragirwe, baitu akangaana kwehanganira empinduka omu byanya n’omuringo gw’ebintu. Nyina naagamba ngu kigumire munonga kuruga omuka na Asuncian kutaayaaya omuntu, kugyenda omu park, rundi kugura ebintu, ahabw’okuba atungura obutoosha, n’ahabw’ekyo okugyenda kwe kukendeeraho okumutwara omuishomero. Omugurusi n’omukugu w’eby’omutwe omu itendekyero bagira ngu nyina wa Asuncian akuratireho ebikorwa ebi: Okumworeka (ebishushani) n’okumugambira (ebihendo) omu bunaku oburikukuraataho n’oburikukurataho okuruga. Okumuhereza ebirabo by’okusiima omwegi ku ayoreka omulingo gwona ogurikwetegwa. Twaba nitwetegereza emicwe ya Asuncian, omuhendo ki ogurikukurataho ogurikushobora gye kwemeereza obukuru bw’ebikorwa by’okumutebeekanisiza ebi abakugu omu itendekyero eryo baragira?
","Baryamuha kumuha oburinzi kuraba omu kwongyerera amaani omukago gw'abantu.
","Baryamuha ngu bakamuhe obucureezi kuraba omu kumugumya omu by'eshuri.
","Baraamuha kumuha oburinzi kuraba omu kumuhiga omu mutima.
","Baryamuha kumuha obucureezi kuraba omu kuteeraho obwengye bwe.
",,,,A,SEND,Teaching strategies,Pre-primary,2021,General
1027,"Shoma omubaire: Daudi ni omwegi orikurwara endwara ya Autism Spectrum orimu omurongo gwakabiri omuishomero erikuru kuhikaana. Aine emitwarize mirungi aha by’okwega, naamanya ebishushani, kandi ari omubucweka bwa IV obw’okukoresa PECS (Picture Exchange Communication System). Nikimwe, nayoreka okusiima omumakuru g’omutanda, ekirikugumya emirimo ye y’eishomero ahabw’okuba arikuruga omu kicweka ky’okwegyeramu yaaza omu kicweka ky’obuhangwa kandi ahindura programu aha kompyuta. Kandi aiba esimu ye omuishomero kandi n’obu araabe naamanya ebiragiro kutagikoresa, nagikoresa n’obu kiraabe kiri kityo, nikireeta oburemeezi yaagaana kugita omukabati. Omwegyesa akakora oruteerane n’eka y’omwegi ahu bagambire ngu nabo baine oburemeezi bumwe omuka n’omu myanya endiijo ahabw’okuba Daudi nahindura programu nari ashorora amakuru kuruga aha kompyuta yoona ei arikuba aine omugisha gw’okukoresa; kwetantara obutabangaaniso, nibenda omwana waabo akorese esimu ye. Noorekire ebi Daudi asima esimu ye na kompyuta, ni muringo ki ogurikukirayo kuhikaana kureetera okukoresa obwire bwe obw’obusingye n’okukura kw’obureezi?
","Yombeka ebiragiro ebirikugambira abegi n'abazaire ebi baraabe nibakuratira omu class n'omuka, hamu n'okubara ebikorwa by'omwegi, n'okucweeka ebi arikukora aha mitwaro y'obuhangwa omu byombibi.
","Shutama enteekateeka y'obwire bw'okukoresa eby'omuburingaaniza omu bwire obutungiirweho, hamu n'ensaasi y'okumwesomesa obwire buhikire bw'okubireka, kandi osabe okugara eky'omunda ky'eisomero ebiro byoona n'okukora aha kompyuta kurugiirira aha misimbo y'okwingira.
","Teeka entebeekanisa n'obwire obutebeekanisiibwe omu ka, koresa ebintu ebirikworeka omu bwire bukuru, koresa ekintu ekirikukwatwa kuteeka omu kintu eki orikukunda kandi okikozese nka eky'omugisha, hamu n'okuhwerekyereza okukoresa ebitebeekanisiibwe ebirikworeka okukoresa gye eby'omuringo ogu.
","Teeka ebiragiro by'emyeshuro y'omutwarize murungi omu ka, aha biro bimwe, obwahati n'obucureezi bw'emyeshuro y'emitwarize mibi n'ebirikukurataho nibikozesebwa n'omwegi, kandi omu klasii hakozesebwa empapuro nungi ezirikworeka amateeka agahikire.
",,,,C,SEND,Teaching strategies,Primary,2021,General
1028,"Omurongo gw'abeeshomesa ab'omwaka gwa kabiri omu ishomero erikuru, abarikwenda kwegamira aha bana batooreine oburemeezi bwa ADHD, nigushoboororwa nk'omukago ogurikugenda nigwongyera kutaahirira emiringo etahoireho, nibaha ekitiinisa amateeka nibahweerwa abakuru kandi nibamaraho oburemeezi oburikukorwa; kwonka, omu mirimo erikukurura omutima gw'ekuru, okutebeekanisibwa kw'obwire kukaba kutari kurungi, eki nikireebwa omu kuhindura omurimo. Ebi barikukunda nibimanyirwe kandi, omu mbeera ezimu, nibirikugumiisiriza okukira abandi, nibetenga okugambirwa n'okukwatwa omwegyesa kugarura omutima aha biteekateeko bisya by'okwega. Ni muringo ki ogurikukwata aha kukora aha kutebeekanisibwa kw'obwire n'ekuru egi?
","Teeka orukundo rw'okugyenda rundi akatabo akarikugambira ab'eka buri izooba omulimo ogukozirwe omu ishomero, orikukoresa ekishushani ekirikwoleka omukurukuzo gw'ebikorwa bya buri izooba
","Tebeekanisa ekikaali n'akakarenda, orikukoresa obusaazo oburikugwiiraana oburikworeka omwanya gw'okukoreramu, nobutwara omu mpishoona hamwe n'omu mwanya eby'okukoresa biriyo.
","ENTEGYEZA Y'EBIRO BURIJO:

1. Okucwa Eizooba (6:00 AM): Okurangirira eizooba n'ebiro bisya.
2. Okwebaza Ruhanga (6:15 AM): Okushaba Ruhanga ahe omugisha ebiro byaitu.
3. Okwesomesa (6:30 AM - 7:30 AM): Okusoma ebitabo n'okweihamu obwengye (abanyeshuri abamwe tibarikukunda).
4. Okutebeekanisiza Eshomero (7:30 AM - 8:00 AM): Okutebeekanisa engoye z'eshomero n'ebindi byona ebyetaagisa.
5. Okurya Ekyaire (8:00 AM - 8:30 AM): Okurya eky'aire kirungi.
6. Okugyenda Eshomero (8:30 AM - 9:00 AM): Okugyenda omuhanda gw'eshomero.
7. Okusoma Omu Kiro (9:00 AM - 12:00 PM): Okwegyesa ebintu eby'omutaano (okushutama omu klasa nikiba kigumire aha banyeshuri abamwe).
8. Okurya Ekyemisana (12:00 PM - 1:00 PM): Okuhuumuraho n'okurya ekyemisana.
9. Okusoma Omu Kiro (1:00 PM - 3:00 PM): Okugyenda omu maisho n'eby'okusoma (okukora emirimo y'omuka nikiba kigumire aha banyeshuri abamwe).
10. Okugaruka Eka (3:00 PM - 3:30 PM): Okugaruka eka kuruga omu shomero.
11. Okukora Emirimo y'Eka (3:30 PM - 5:00 PM): Okukora emirimo y'eka nk'okwoza engoye n'okuteeka (emirimo y'eka etarikukundwa abanyeshuri).
12. Okuhuumura n'Okuzana (5:00 PM - 6:00 PM): Okuhuumura n'okuzana emizaano.
13. Okurya Eky'omwabazyo (6:00 PM - 6:30 PM): Okurya eky'omwabazyo kirungi.
14. Okwesomesa (6:30 PM - 7:30 PM): Okugarukamu ebyo mwegyeseize (abanyeshuri nibenda kuhuumura omu kasumi aka).
15. Okutebeekanisa Eby'okusoma Eby'enyencumweru (7:30 PM - 8:00 PM): Okutebeekanisa eby'okusoma eby'enyencumweru.
16. Okugenda Omu Buriri (8:00 PM): Okugenda omu buriri kuhuumura.
","Koresa endagaano y'okurora omu maisho n'omutindo gw'ebishushani ogurikutebeekanisa embeera z'obwire n'okushoma kuruga ahari bumosho kuza buryo, ogu guza kuba n'ebirango bibiri by'amabara (obwire obw'obutaheebwa/omurimo), kurahura kwijuka n'okuhurirana.
",,,,D,SEND,Teaching strategies,Primary,2021,General
1029,"Shoma omu mbeera egi: Sabina ni omwegyesa orikurwara endwara y’obwongo eyorikwetwa Autism Spectrum Disorder orikwega omu ishuri ry’abaana abato ery’ishuri eririkwenda abantu abarikurwara endwara ezirikukwata omu bwongo. Akunda enyimba z’abaana, ezi arikwoleka ngu azikunda munonga, kandi akunda kukora n’ebintu ebirikukwatwa n’amaisho kandi ebirikurabura. Omu by’okuhurirana n’okwetegyereza abantu, arikwoleka oburemeezi bwingi: tarikugamba; arikukoresa abantu abakuru kumuhereza eki arikwenda, nk’eky’okureeberaho, obu arikweshengyereza kwoleka eki arikwenda kandi batamwetegyereza, arikwehurira aha itaka naashweka okuhitsya obu arikukihereza; akakyayanga kutaaha omu kicweka ky’okwegyeramu, naagwatira aha muryango kandi naata ebintu bye. Kurugiirira aha mbeera egi, omwegyesa naakora omuringo gw’okukora ogu arikwenda kukoresa omu ishuri n’eka: naamwikiriza kuhurira orunyimba rwe orukundwa obu arikutaaha omu kicweka ky’okwegyeramu kandi naamuha ebintu bye ebi arikukunda arikukoresa ebishushani, naahwera omu kuhurirana arikukoresa ebishushani, kandi naashaba ab’eka kuteeraho kukora ebintu birungi. Omu bintu ebiri ahansi aha, ekiheebwa kiki ekirikushoboorora gye omuringo ogurikuteekateekwa omwegyesa omu mbeera ya Sabina?
","Okukoresa ebikoreso by'okwegyesa nikikonyaho omwegi ebiro by'okurira; n'ebikorwa ebirikuteekateekwa nibihikaana n'emyaka ye aha mutendera gw'esomero ery'abato.
","Omutindo gw'ebikorwa ebirikukorwa nigwija kuhwera omwegi kwetegyereza n'okutebeekanisa omuhanda gw'ebikorwa bye, nukwo kirukukora omutima gw'okwega n'okutegeka emikorere.
","Omukwenda ogu omukundwa n'ensibo erikuhiga abeeshuri abarikugira oburemeezi bwa Autism Spectrum Disorder; nikyorobiha kutaaha omu klasiruumu omu muringo ogurungi; okukira ahari ekyo, omutindo gw'ebikorwa ebirikutebeekanisibwa niguhikaana n'emyaka y'abaana abato ab'omu pulisikuuru.
","Ebirikukorwa nibiyamba omwegi kurengyesereza emicwe ye aha miteekateeko y’eklassi n’eka, nibikuriza okukura kw’obwesigye omunshomero n’omuka.
",,,,B,SEND,Teaching strategies,Pre-primary,2021,General
1030,"Omumwe aha ishomero erikuru, omwegyesa w'ekika kya munaana naakora buri izooba aha mikora y'obwomeezi omu muringo ogurikwambukira aha byona ahabw'okukuzamu okukura kw'obwengye bw'abegi be okurikukwatana n'okutegeka n'okwezirika aha mico yaabo, arikubatebeekanisiza omwaka ogurikwija obu baraahangaanira n'omutindo gw'omurimo ogurikugira ebiragiro bingi. N'ahabw'ekyo, naakora omutendera gw'emikora ogurikukurataho: 1. Okureeta enamba n'enjobe ezitarikutebeekanisibwa: omwegi omwe na omwe, buri omwe naagamba omu iraka, omu muringo gwona, enamba kuruga aha 1 kuhika aha 20 nari enjobe z'orunyara, atarikugarukamu njobe nari enamba ezi abegi be abandi baamaze kugamba. 2. Okugarukamu ebiceera: omwegyesa nashoma orutonde lw'ebigambo 20 kandi naashaba abegi kukoma aha mesa yaabo obu bahurira eiziina ry'enyamaishwa. Ku amaze kushoma, naabashaba kugarukamu ebigambo byona ebitari nyamaishwa reero n'ebiri nyamaishwa. 3. Engyendo z'okureeba omu mwanya: omwegyesa naayoreka akatimba ka 3 x 3 (ebikwaara bishatu aha buri rubaju), arikworeka ekikwaara ahu omweshongoro gutandikira. Reero, akatimba nikabura, kandi abegi baine kuha ebiragiro by'okureeba omu mwanya nk'ebi: yengyera aha iguru ekikwaara kimwe, genda omu maisho omu kikwaara ekiri aha buryo, kworeka ekikwaara ky'ekintu ekyatandikireho. Emikora ei omwegyesa ou arikukora neekwatana na miko ki y'obwomeezi?
","Okutebeekanisa
","Okukora omuntu kuremesa ebintu ebi arikwenda kukora
","Obwengye bw’okuhinduka omu biteekateeko
","Okukora ebirikukora
",,,,D,SEND,Teaching strategies,Secondary,2021,General
1031,"Omuheresi ahabw'enki emiringo ei omwegyesa yaakozeseze neeyikiriza kukuraho oburemeezi bw'okwega bw'abeeshure be?
","Ahabw’okuba emitindo egi neyombeka okwetegyereza embeera y’eishomero aha banyeshuri, neyongyera okucweekereza ebirikubetaho omu muringo murungi, kandi n’okuhindura ebikozesebwa kurugiirira aha mutendera gwabo, obusaasi buceera kandi n’okumanyira embeera nekwongyera.
","Ahabw’okuba emitindo egi negira amagara g’okumaraho ebizibu by’abeeshuri ebirikukwata aha kwangaanisa orurimi, okuhereza ebigambo n’ebitarikuherezebwa, n’okubaasa n’okubaasa ahabw’okuba negira amagara g’okumaraho oburemeezi bwabo omu mbeera z’abantu hamwe n’okubakurinda omu mwanya ogurikurindwa kandi ogutebeekanisibwe
","Ahabw’okuba emitindo egi neegyemereza kwetaho embeera ezirikwija kukuratira omu miringo n’okutwara amagyerageza ahari okwega n’ebigyendererwa by’okwegyesa, kurikukiriza okugarukamu omu miringo mibi erikwolekwa abeeshuri abarikwetenga obuhwezi oburikukiraho.
","Ahabw'okuba emitindo egi erikukwata aha byona neehikaana n'amaani n'omurimo gw'omuntu omwe-omu-mwe nk'oku abeeshuri abarikukwata aha kizibu kya autism spectrum disorder bashemereire kutunga, omurimo gw'omuntu omwe-omu-mwe, kandi nibwo nibareeba oburemeezi bwabo aha mutindo gw'obusinge n'emikwatane yabo n'abandi omu kashooba k'okuzana n'okushoma omu kiraasi.
",,,,A,SEND,Teaching strategies,Pre-primary,2021,General
1032,"Shoma omubaire: Benjamin omwegyeshwa orikugira oburemeezi bwa Autism Spectrum Disorder orikwega omu mwaka gwa kabiri omu ishomero eririmu abegyeshwa abarikukora omurimo hamwe. Agumize omukago murungi n'abegyeshwa bagyenzi be kandi obumwe neeyegaita omu mizaano omu bwire bw'oku huruuka. Orurimi rwe orw'okugamba rurikye, eki nikireeta okuhugura nari okwetenga omu kumanya ebintu ebirikugambwa n'ebi arikugamba, kandi atakahiitsireho kushoma omu buringaniza. Omu isomo ry'Obwegyesa bw'Eby'omugisha, omwegyesa w'abegyeshwa abarikugira oburemeezi n'omwegyesa omukuru nibakora aha birikukurataho: Kutebeekanisa emirimo y'okuhanga ekintu ky'eby'omugisha, okushobanura ebikorwa, ebintu, n'ebikoreso ebyetengwa okushiika aha birikwetegwa. Omu tubinja tukye, abegyeshwa nibaija kuhanga ebishushani by'ebintu, nk'eradiyo, ttivi, amasimu, n'ebindi. Hamwe na Benjamin, okuhindura omulingo gw'ebirikukurataho nikwija kukorwa, eki nikikwata aha kukoresa ebishushani by'obubonero okutebeekanisa ebikumanyisa n'okwongyera entaanira ezirikukuratwa okuhanga ekintu. Omulingo ki ogurikukoresibwa okuhindura omulingo gw'ebirikukurataho ogu abakugu baraakoresa ngu Benjamin atungye okwega n'okwetaba nk'abegyeshwa bagyenzi be?
","Okuteera omu obwire
","Okugyaho ebi orikwega
","Kugumya omugisha gw'ebyeshuro
","Kutahoora ebirikukirayo obukuru omu bitebeekaniso by'okwegyesa n'ebirikwegyesibwa
",,,,C,SEND,Teaching strategies,Primary,2021,General
1033,"Shoma omuhendo ogurikukurikira: Julian, omwegi aine oburemeezi bwa Autism Spectrum Disorder, nayenda esomero ry'abaana abato eririmu programu z'obwegyesa ezihangwa omu nshonga ze. Omuriiwe, obushoboorozi bw'okugamba nibureebwa ahabw'okuba nagamba ebigambo bimwe ebirikukora okuhikiiriza ebi arikwetenga omu kasumi ako. Aha bikwaata aha buhinguzi bwe bw'okuteekateeka, naamanya obumwe aha mitwarize y'ebintu ebiriyo omu magara, naragaana n'engaro kworeka ebyo, kandi naamanya emitwarize erikukiraho y'ebintu ebirikukwaata aha miringo n'amabara atarikukoresa muringo gw'okugyeragyeranisa. Omwegyesa nakora, omu mutima gw'okuteekateeka kw'ebara, aha mugasho gw'okwega: Kugezesa emikwatane y'obwengye-y'ebara y'okutebeekanisibwa, kutaaho emikwatane kuraba omu miringo n'emitwarize etari emwe. Twaba nituteekateeka aha ku buhinguzi bw'okuteekateeka bwa Julian burikukura, ni muringo ki ogurikukiraho kukora aha mugasho gw'okwega ogwatebeekanisiibwe omwegyesa?
","Koresa ebintu ebirikukozesebwa omurundi gumwe ebirikubaasa kuhindurwa n'ebishushani ebi Julian arikubaasa kumanya, ahu arikubaasa kukorera omugisha omu by'obwengye n'okubara, kurugiirira aha miteera nari amarangi.
","Koresa ebintu ebirikukirayo obukuru omu byaro ebi, ebi arikubaasa kukoresa kukuza obureezi bw'obwengye bw'okubara n'okutebeekanisiza omu mitindo, okutandika n'okwesigama aha miringo, bwanyima, aha nteekateeka.
","Koresa ebintu n'ebishushani ebirikushangwa omu magara, arikubaasa kugyenda nabo omu kubahindisa, arikutorana ebi birikushushana, kushobora ngu nabimanya reero akore emyitooro arikuronderera embeera y'omutindo n'erangi
","Koresa Julian akoreshe ebishushani ebi orikumanya, orikwegamira aha mishushani egi, mushabe akore emyitooro y'obwengye bw'ekibalangulo, orikukurata emisingi y'emiterere n'obunene, hanyuma akore emyitooro y'okutebeekanisiza omuhendo.
",,,,B,SEND,Student understanding,Pre-primary,2021,Maths
1034,"Shoma omubaire ogurikukurataho: Omu mwaka gwa kabiri gw'eshomero erimu abegyereza abaine oburemeezi obutari bumwe, Alondra, omwegyereza ow'emyaka munaana orikugyezibwa ngu aine ekizibu kya Autism spectrum disorder, nayegaho. Akatunga obureezi n'okuhandiika atarikukozesa obuhwezi bw'omutaano. Naayenda obwire bwona kugamba n'abakuru, kwonka ti na banywani be, abarikucweerwa nari batarikwetegyereza eki arikugamba ahabw'okuba ensonga ye y'okugamba nekomererwe aha kicweka eki arikukunda, ebimera, ebi arikugambaho omu rurimi rurikuzibira kandi rurungi munonga. Omubaire ogu gukomizeho okwegyenda omu bibiina by'emirimo n'emizano. Omu isomo ry'Orurimi n'Okugambirana, omwegyesa arateekanisa emirimo etari emwe n'ekigendererwa ky'okwegyesa eki kurugiirira aha kiraasi: ""Okukozesa omu muringo ogurikwetagisa ebigambo bisya ebirikugyibwa omu bihandiiko ebirikuhurirwa nari ebirikushomwa omu kuhandiika."" Ni engyenderwaho ki aha zirikukurataho erikukwata ahari Alondra kwetaba omu kwega arikukora na banywani be?
","Shuuruza eklaasi omukazi orikwetwa Alondra yaayorekye omuhendo gw'amanye gye aine aha bikwaatsi, reero yaagarukamu ebibuuzo eby'abanywani be abarikumubuza aha by'ayorekire, abaraabe baine kutebeekanisa obucweka bw'ebyo yaayorekire.
","Tebeekanisize ebyangwe ebirimu ebigambo ebirikukoresibwa omu muringo ogwa kyabufuzi n'ebyangwe ebindi ebirimu amakuru gaabyo. Eklaasi neegaburwamu omutwe gw'abantu abarikukwatanisa ebyangwe kurugiirira aha kushoma kw'omuntu okw'ekigambo ekirikugyeenda, n'ekyangwe ekindi ekirikugira amakuru agarikuhikaana nago.
","Tegeka ebigambo ikumi ebitarikukira kugambwa kandi ebirikukwata aha mutwe gw'ebimera; bwanyima y'okutegeka, abeeshuri nibaija kushaka amakuru g'ebigambo ebyo omuri dikishinari zaabo kworeka ab'ekibiina eki barikushanga n'omugasho ogurikubaasa kukoresibwa:
","Teekateeka y’okushoma n’obuyambi bw’ekishushani kya PowerPoint erimu ebigambo Alondra arikumanya kandi ebikwata ku biti; bwamara kushoma oruteeka, ekibiina kiija kuhandiika omu bbitabo byabo ebigambo ebi bataamanya ebi baahuriire; bwamara kugaburwa omu bibiina, nibaija kubuuza Alondra amakuru g’ebigambo ebi baahandiika.
",,,,D,SEND,Teaching strategies,Primary,2021,Literacy
1035,"Omwegyesereza ki omwegyesa w’ekicweka eki arikukoresa kushemerera omutindo gw’obugufu bw’ekigyendererwa ky’okwegyesa?
","Ebirikuta omugasho gw'ebintu ebirikukwata aha kuhandiika n'okugamba nka: okugamba, okushoma n'okuhandiika omu kwega
","Obukuru bw'ebyo abeeshomiiriza kwegaho n'omulingo birikukwata aha mbeera y'abeeshomi, okurikukwatana n'amaani g'abarikwetenga kukoresa kubihikiiriza
","Omugasho ogu abeeshuri baine aha muringo gw'okugumirwa kw'ebintu ebi barikwega ebi bataarikubaasa kwegyera aha mbeera yabo y'okukura.
","Obukuru bw’okumanya omugyerageraniso gw’obucureezi oburikukorwa n’oburikukurikirana omu muringo murungi, nibwo bukuru ahabw’okwega kw’abanyeshuri.
",,,,D,SEND,Assessment,Primary,2021,Science
1036,"Shoma omubaire ogurikukurataho: Omu kiraasi kya 3 omu ishomero erikwenda obwebembezi bw'okwegyesa obutaano, Maite, omwegi orikugambwa ngu aine Autism Spectrum Disorder, nayegaho. Aine orurimi orurikugamba, atunga obwengye bw'okugamba n'abantu arikukwata omugisha gw'okugamba nk'omutumwa n'omuhurikizi, natandika okugamba, kandi agarukamu ebirikugambwaho, kwonka, aine oburemeezi obumwe omu muringo gw'okuhurirana okuri haihi, ahabw'okutatuura kwe obutoora, arikwetenga obwebembezi bw'omwegyesa obutahwera kumuta omutima aha by'etengo by'omutwe gw'ekigambo. Omu isomo ry'Ekibalangulo, omwegyesa ari kukora aha mugingo gw'okwegyesa: ""Kwooreka ngu nibetegyereza amakuru g'engyeso, nibamanyisa engyeso mpango, engyeso ndengwa, n'engyeso y'omutindo"". Twaba niturora aha byetengo by'okwegyesa bya Maite, ni muringo ki ogurikukurataho ogw'okukora ebintu omu miringo etaano ogurikukwatanisa n'okutunga omugingo gw'okwegyesa ogurikugambwaho?
","Omugyezibwa, omuhendesi omu, naayoreka abegi purotirakita n’omugasho gwayo; bwanyima, naayoreka ebishushani by’engyeshera ezirikushangwa omu magara ga buri izooba, naapima nk’oku abegi barikugarukamu, naazishaanura kurugiirira aha bipimo byazo. Aha muheru, naayeta buri omwegi kushushana engyeshera ezitari zimwe omu bitoobe byabo.
","Omugyezibwa naayoreka abeeshuri okukoresa akakoreso k'okupima engoro (protractor) okupuima engoro; bwanyima, naayeta ekikundi kuza hanzi y'eishomero kushaera engoro ezirikushushana, ezi bashemereire kupima, bwanyima bakahandiika eby'okupima byabo n'obureeberezi obu barikuzishangamu; ku barikugaruka omu kicweka ky'okwegyeramu, abeeshuri nibagabana engoro ezi bahandiikire, reero bagyenda aha kintu ky'okurora n'okuhurira ekirikwetwa ""Engoro ezindengyeiremu""
","Omugurusi naija kwenda abegi kumureetera ebyoma byabo by'okugera embiringito (protractors) ahabutandikiro bw'eklassi; naija kushushana embiringito aha bbaozi abegi abaine kwegyeraho omu buuku zaabo kandi naija kwegyesa oku bagera embiringito; bwanyima, naija kworeka eky'obuhangwa ekirikworeka ""Embiringito ezindemeereize"". Eky'ahaheru, naija kweta abegi kukora omurimo oguri omu kitabo ky'essomo kandi naija kuhiga abarikutoorana n'oburemeezi obwingi omu murimo ogwo, arikugarura omutima gw'abegi aba obwoona obu barikuhugura omutima ahabw'ebintu ebiriho.
","Omugyezibwa naija kubuuza abeeshure kukora kaati y'emiringo, omuboona bashemereire kushiisha buri muringo n'ebipimo byagwo kuraba omu kipima-muringo;
",,,,B,SEND,Student understanding,Primary,2021,Maths
1037,"Omu omwegyesa omu oruganda rwa 4 orw’eshomero eririmu abaana abarikwetenga obuhabuzi obutaano, harimu abaana babiri abaine oburemeezi bw’omutwe oburikwetwa Autism Spectrum Disorder. Omwegyesa ashemereire kutebeekanisa omurimo gw’ekigyendererwa ky’okwega: “Kucumura ebizibu ebirimu okukubisa omu muringo ogurikukwatwaho, ogw’ebishushani, n’ogw’akabonero.” Abaana abaine oburemeezi bw’omutwe oburikwetwa Autism spectrum disorder omu isomo eri nibamanyirwa kuba baine obuhangwa oburungi omu bantu, bakora gye munonga omu miringo y’eshomero, kandi n’obuhwezi bw’ebigambo n’ebirikureebwa, nibacumura emirimo yaabo y’eshomero omu muringo ogurikumatiriza. Ni engyenderwaho eziha ezirikukuratanisa ezirikukirayo kukwata aha mwegyesa kuhikiiriza ekigyendererwa ky’okwega ekirikugambwaho n’oruganda oru?
","Omugyezaho areetera abeshuri vidiyo erikukwata aha biteekateeko by'okubaza emirundi; bwanyima yashoboorora n'eby'okureeberaho bingi aha kibaho, kandi akagabura abeshuri omu bubiri bubiri kuba bajunjuure omugasho ogwongyeireho ogurikugambira aha by'okureeba ebirikworobiya omurimo.
","Omugurusi naayegyesa omuringo gw'okubaaza, naashoboorora aha bbaaho ngu n'omutaano mugufu; bwanyima, abeeshuri nibakora omutwe gw'abantu omu miringo y'enyama kandi nibamaraho okukora emyitooro y'okubaaza etari emwe, nibakoresa ebiranga n'ebishushani.
","Omugyezibwa akoresa empapura z'okubisa kushaisha omushomo gw'okubisa; bwanyima, abeeshuli, abarikutebeekanisibwa omu bubiri bubiri, bakora empapura omuri ekitabo ky'esomo eryo kandi bakakora eby'okukora omu bbitabo byabo. Obwanyima, bakareeba ebirugiremu hamwe.
","Omugurusi areetera abegi PPT erikukora hamwe nabo omu kutaangaaza omuringo gw'okubaaza n'okwoleka eby'okureeberaho; bwanyima, abegi bagaburwa omu bibinja kwihaho ebizoobu by'omugurusi abaheereza, nibakoresa ebishushani n'ebikoomi ikumi. Obwanyima, bagabana ebyabahikireho aha bbaoordi.
",,,,D,SEND,Teaching strategies,Primary,2021,Maths
1038,"Omu omukuru omu klasse ey'abanaishomero ab'omwaka ogwa kabiri, omuri Clara, omwana orikurwara endwara ya Autism Spectrum Disorder, naija. Aine obushoboorozi bw'okugamba, nashobora kugarukamu ebibuzo by'abandi abanaishomero na bakuru be, natongyera aha mishonga, nangwa n'obu atarikukunda omushonga ogurikugambwaho. Kwonka, omwegyesa yaamugambira, nabaasa kugarukira aha mishonga erikugambwaho. Omu ishomo ly'ebyobutonde, omwegyesa ari kukora aha mugasho gw'okwega: ""Kumanya n'okuringanisa, kuraba omu kweshomesa, embeera zaamaizi nk'ekikakafu, ekirikwita, n'omuyaga."" Ni engyenderwaho ki aha zirikukurataho erikuteekateeka aha mbeera ya Clara omu kwegyesa okw'omutaano okuhikiiriza omugasho gw'okwega ogurikugambwaho?
","Omugyezibwa naija kworeka abegi Powerpoint erimu ebishushani n'ebyahandiikwa ebi abegi boona bashemereire kushoma; naija kushoboorora orutindo rw'amaizi n'omugasho gwaarwo omu magara gaitu; bwanyima, naija kujuza omugasho gw'okukora aha mbeera z'amaizi, kandi eky'aha muheru, abegi boona nibaija kugabana eby'okugarukamu byabo.
","Omugurusi naija kubuuza abegi kwetebeekanisiza okwohereza ebiteekateeko byabo omukutaanira gw'amaizi, ebi baine kwetebeekanisiza omu maka; bwamara kwohereza ebiteekateeko byabo, naija kubagabira obuhabuzi bw'okukora, ebi barikwija kugarukamu omu bwabo kandi bwamara, bagabane eby'okugarukamu byabo, nibareeba yaaba birikukwata nari kutakwata.
","Omugyezibwa naija kutandika eishomo n'orw'omuziki 'Orwendo rw'Amaizi', reero aite abegi kwetaba omu murimo oguri omu kitabo ky'eishomo 'Emikorere y'Abantu n'Obutonde', naata abegi abarikugumirwa munonga haihi n'emeeza ye, naacwecwekamu ebiragiro kandi naagarura obwengye bwabo kwetantara ebiri kubahugura.
","Omugurusi naija kweta abegi boona kuba 'abahanga' arikuhindura eicumbi nk'eicumbi ry'okukoreza ebintu bya sayansi omu araakorerera eky'okureeberaho ekirikukwata aha mutindo gw'amaizi; bwanyima, naija kushaba abegi kukora omu tubiina ducure kandi bakore eby'okureeberaho byabo n'ebintu ebi bareetsire kuruga omu maka, arikubahabura aha kukwataganya engyenderwaho n'ebirikurugamu.
",,,,D,SEND,Student understanding,Primary,2021,Science
1039,"Maria ni omwegi orikukora omwaka gwa 6 omuishomero eririmu abegi abarikukwatanisa kandi aine oburemeezi bw’omutwe oburikwetwa Autism Spectrum. Nk’obusingye, omwegi ou aine emikago mirungi n’abanywani be, naagumirana nabo omu kasumi k’okuhemera n’aha muheru gw’eizooba, kwonka omu mashomo naashangwa atekateeka kandi atarikugamba. Naagarukamu ebibuuzo kandi naatandika eby’okugamba, kwonka tarikumanya kubigumiisiriza ahabw’okubura obuhame n’obukwatane omu bigambo bye. Ruhanga aha ruhanga, akakora munonga kureetera obuhangwa bwe obw’okushoma n’okuhandiika kwongyera kwomeera, narugaasa omu kushoma. Omu ishomo ly’Ebyafaayo, Eby’ensi, n’Ensi n’abantu, omwegyesa naareeba ngu Maria tarikumanya gye ebi arikwegyesa ebirikukwata aha bigyendererwa by’okwega: Okutaanisa abantu abamwe ab’ekibiina ky’eby’obufuzi n’obuteeka bwa Chile, narugaasa aha bapulezidenti baayo n’obwire bwabo. N’ahabw’ekyo, naacwamu kukora omuringo ogurikutaana, arikureeba ebizibu ebi Maria aine. Omu miringo ei orikurora, niki ekirikukwata aha bigyendererwa by’okwega ebi omwegyesa arikukora omu mbeera egi?
","Omugyezibwa naija kushaaba abegi kukora omurongo gw'ebiro, kurugaana abagabe n'ebintu bikuru ebyabaireho omu bwire bwabo, kandi naija kuhiga Maria arikumuha ebishushani ebikwata aha bantu n'ebintu ebirikworekwa omu murongo ogwo.
","Omugurusi naija kworeka omutendera gw'ebiro kuruga ahari purozidenti na ebintu byabo, okurabira omu kworeka data: abeeshuri baine kuijuzaho akagyeziro n'amajanja g'ebyo ebirikworekwa kandi bagabane eby'okugarukamu byabo na banywani baabo.
","Omugurusi naija kushuuma omwegi weena kworeka ebi akakoraga omwebembezi ou yaatooranize, kurugiirira aha muhendo gwe n'ebyo arikukunda; omu kworeka oku bashemereire kugambaho aha mitwarize ye kandi batwarizeho ebimwe aha bikuru ebyabaireho omu bwire bw'obulemi bwe n'ebishushani.
","Omugyezibwa naija kuhindura eicumbi kandi atebeekanise ebibiina kureeta omuntu omu bwomeezi owa buri pulezidenti, hamwe n'okworeka ebyabaho ebirukuru omu bwire bwabo; bwanyima, naija kubeta kwesherura pulezidenti kandi bareete ebirooto by'obwomeezi obuto, orwimbo, rundi ekicweka ky'ebyakashangwa nibamworeka, kurugiirira aha muhendo gwe yaataireho omu ihanga.
",,,,D,SEND,Teaching strategies,Secondary,2021,History
1040,"Shoma omubaire ogurikukurataho: Omwegyesa wa Agustin, omwegi aine oburemeezi bwa Autism Spectrum omu kiraasi ya 1, ari kukoragana n’ekiraasi yona aha kwongyera aha muhendo gw’ebifo n’okuteekateeka kw’omubaro, okurikwatana n’embeera za buri izooba abegi abakozesa emibaro. Kandi, nayenda kubaha ebizibu omu kiraasi ebirikugambira aha kubara omu muringo gwa 10 na 50, kuhika aha kikumi. Nk’eky’okureeberaho, baine kugura ekibala aha muhendo ogurikukira 100 pesos kandi baha nari bashaba enkyukira omu bicweka bya 10 na 50 pesos. Kandi, kwongyera aha kwetegyereza okwa kubara oku, omwegyesa atandika n’okuhereza abegi omurimo ogurikukurataho: Omwegyesa ashohora abegi kukora omurimo ogurikukurataho: Bate omu kabokisi ebicweka ebirikwetagisa kuhikiiriza 100 pesos: Kurugiira aha biri ahaiguru, ahabw’enki enteekateeka y’okutebeekanisa neyambazisa okwega kwa Agustin?
","Nikumuhwera kumwetegyereza ebiri omu by'okusoma ebihihyia arikubyegyezaho ahabw'obuhangwa bw'okubireeba.
","Nikumuhwera kumutegyereza butunu butunu eby'okubara ebirikukomera ahaiguru kandi kimwihaho okutaahirwa obu araabe naayehangaanira n'ebitarikumanywa.
","Nikumuhwera kumwemerera ebirimu ebyashubwirwemu kuraba omu kwicamu omugani ogu araabe aine kukoresa omu kucumura ebizibu
","Nikimuhiga kumukozesa ebimanyiriro bye aha bikwatiraine n'okuguza n'ebicweka by'ensimbi omu kwetegyereza emiramu y'ekibalangulo.
",,,,A,SEND,Student understanding,Primary,2021,Maths
1041,"Shoma omuhanda ogurikukurataho: Carlos, ow’emyaka munaana, akagira obuhuuka bw’obwongo obucureezi (TBI) obukumire aha rubaju rw’omu maiso rw’obwongo. N’ekirikurugamu, aine oburemeezi omu kuteeraho omutima n’okutebeekanisa ebiriho, hamwe n’okutaaho ensalo. Kurugiirira aha biri ahaiguru, oburemeezi ki obo Carlos yoreka nk’ekirikurugamu omu buhuuka bw’obwongo (TBI) obu agizire?
","Emikorwa y'obushoboorozi bw'omutwe kuragira
","Okukora ebizibu
","Obushoboorozi bw'okuganiira
","Okukora aha makuru
",,,,A,SEND,Student understanding,Primary,2021,General
1042,"Shoma omubaire ogurikukurataho: Omwojo ow’emyaka ikumi na mukaaga orikugira oburemwa bw’obwongo obucureezi, obugongo obutari burungi, n’amatwi mato, naagumira hamwe na bazaire be na mukuru we, ou baganzi b’emizano ya vidiyo kandi naamuherekeza omu ishomero. Ni murungi kandi naayenda abantu, naatwariramu omu kibiina ky’eby’emizano. Naakurikira embeera y’okurya, obweresi, n’eby’okwambara omu bwomeezi bwe. Naamanya enamba, naabara, kandi naakoresa encence n’empapura z’eishillingi. Naahandiika eiziina rye kandi naakopiinga sentensi. Naakora emirimo micureezi, ei atandika kandi akagimaliriza, kwonka agira oburemeezi omu kucumura ebizibu ebirikukiraho kugumira. Kurugiirira aha Muringo ogw’Emyanya Emyingi, obureezi obu nibwo burikwetenga obuhwezi bwingi ahabw’omwojo ogu?
","Obushoboorozi bw'okwetegyereza embeera n'okugihindura nk'oku erikwetagiisa
",Obushoboorozi bw'omutwe,"Obushoboorozi bw'omubiri n'okukora
","Obushoboorozi bw’okuhuurana
",,,,B,SEND,Student understanding,Secondary,2021,General
1043,"Shoma omubaire ogurikukurataho: Omwegyesa w'abaana abaine oburemeezi obutaano omu kiraasi ya mbere ariyo naatebeekanisiza ebiro bye byona eby'omwezi ogu. Omu mbeera egi, atekereza kukora emirimo erikukwata aha kumanya ebiri ahantu kuraba omu mizano n'ennyimba. Ebimwe aha bintu by'okumanya nibi: ahaiguru, ahansi, omunda, aha rubaju, aha rubaju rumwe, n'aha rundi. Omu mirimo yoona, abaana baryakoresa boona n'abandi baabo nk'ebyokurorraho. Twaba niturora omuhanda gw'okukora ogurikukwata aha mbeera y'abantu n'ebintu ebibetoroire, omu mirimo egi erikukurataho n'oguhe ogurikukwatana n'enteekaniza eyakozirwe omwegyesa w'abaana abaine oburemeezi obutaano?
","Okuteerera omu ku arikushoma eky'omugani 'Ahiguru na Hasi' ogwa Oliver Jeffers, okuhurira ahu abantu abarikukora omu mugani baraabeere.
","Kumanya ebirikugambwaho omu rupapura orwandikirwe ahari we baraabe nibasha kutaaho akamanyiso aha mwanya gw'ebishushani ebirikutaana omu kubuurana n'eky'okureeberaho
","Kwegamira omu biteekateeko by'obwengye bw'ahaiguru omu bikorwa bya buri izooba, nk'okumanya omwegi orikukwata ahomosho n'ahoburyo, kutebeekanisa akakoba kaabo buri izooba n'ebi baraakoresa byonka, n'ebindi.
","Okukoresa emirimo y'obuhangwa n'ebyangwa omu, abeeshuri abarikubaasa kworeka n'okushoboorora banywani baabo, ab'eka yaabo, n'abanywani baabo omu mbeera ez'omutaano n'omu myanya omu kashushani
",,,,C,SEND,Teaching strategies,Pre-primary,2021,General
1044,"Shoma omuhendo ogurikukurira: Omu omutaano gw'okubanza, harimu omwegi orikwetwa Alicia, orikwetabamu omurongo gw'okwegyesa abantu boona ahabw'okuba aine oburemwa bw'obwengye obutari bwingi, ataxia, na dysarthria. Aine amaani mato g'emikono n'okuhangaanisa n'abandi kiri omu mutendera gw'okutandika kworeka ebintu. Abegyesa omu kiraasi nibenda kukora aha kumanya amakuriro n'omutaano, nibareeta amakuriro g'omutaano agari omu kiraasi. Kurugiirira aha biri ahaiguru, ni bintu ki ebiri ahansi ebirikworobiiza Alicia kugarukamu amakuriro agari omu kiraasi?
",Omutwe gw'akasharazo,"Omutego gw'enkoni
","Okugarukamu omu ndimi
","Omukomuniketa w'akacupa
",,,,D,SEND,Student understanding,Primary,2021,General
1045,"Cristabal, orikw'emyaka musanju, naayegyesa omu ssomero erito na aine oburemwa bwa myelomeningocele n'okureeba kubi. Abakozi b'omu kiraasi nibakora omu by'okwegyera hamwe n'okwetegyereza ebirikukikuru omu butonde, ahabw'ekigyendererwa ky'okwegyesa eki: ""Kumanya ebintu ebimwe ebirikukikuru omu butonde, nk'ebishoro."" Abakozi baine kutoorana ekikoreso ekirikworobiiza Cristabal kwetaba omu murimo ogurikukorwa omu kiraasi. Ni kikoreso ki aha bikurikukurataho ekirikukiraho obuhangwa bw'okworobiiza Cristabal kugarukamu okusoomoozibwa kw'okwegyesa oku?
","Omunwe ogurikukoresebwa aha kyasha ky'okukoraaho
","Omukoro gw'ebicweka by'okutaayaaya aha kibumbiro kurora ebishushani aha kompyuta
","Kushashuura omu maiso kushobora kutorana ebishushani ebirikworekwa aha ka tablet
","Omushorozi gw'omutwe kworeka ebishushani ebirikworekwa aha kikorereso ky'okuhurirana
",,,,A,SEND,Student understanding,Primary,2021,Science
1046,"Rodrigo ari omu ishomero ry'abaana abaine oburemeezi obutaano omu Pule-shonga. Azaarirwe ari omupuuli kandi aine oburemeezi bw'omubiri oburikwetwa spastic diplegia. Agyezireho kutunguura okwetegyereza ebintu ebiri omu mwanya. Omwegyesa n'omwegyesa w'abaana abaine oburemeezi nibakora aha kicweka ky'okukuratira ebyo omwana arikwega, okushushanisa n'okwetegyereza ebirikukikuruukya, nibagira ekigyendererwa ky'okwegyesa abaana kushoboorora omwanya ebintu n'ebintu ebiriho biri, nibakoresa okwetegyereza omwanya n'oburaayo nk'omu, aha rubaju, ahaiguru, ahansi, haihi, n'ahaara. Abegyesa baine kukora omurimo ogurikwombeka okwetegyereza kwa Rodrigo n'okumuheereza omugisha gw'okwetaba omu by'okwega. Omu mirimo egi erikukuraho, niki ekirikworeka okwetegyereza okutebeekanisibwa kw'ebintu omu mbeera egi erikworekwa?
","Buzanisa emizaano y'omubiri omu omu n'omundi omuri babiri erikukoresa emiramizo y'omunda/aha rubaju, aha iguru/ahansi, haihi/hare, omu bukuru bw'ebintu ebirikwetengwa kandi erikukwatanisa empinduka omu mwanya.
","Kukoresa omukono kugambira omwana omuhanda gw'okukwata aha rupapura rwona, orikugamba amaziina g'ebishoro, reero okagyeragyeranisa ebintu ebi orikukoresa obuhangwa bw'ahaiguru.
","Shuuruza aha rupapura orukukwataho orukozire omu rangi ogutabirwe n'esemolina n'ebindi bintu bibiri nk'oku biragizibwe: shuuruza ahu ekyenyanja kiri, kwata aha rupapura orikugyeragyeranisa, kandi okore otyo n'enyamaishwa endiijo.
","Hanga eky'okureeberaho ekirikushushana n'obutaaka n'amaizi, oteekyemu enyamaishwa nto, orikukoresa omukago gw'okuringaanisa kurabira omu kuhendeka n'okuhindura omwanya kwazo kushobora emyanya yaazo.
",,,,D,SEND,Student understanding,Primary,2021,Maths
1047,"Shoma omuhanda ogurikukurira: Matilde ari omu mwaka gwa 5 omu ishomero erikuru. Ayine oburemeezi bwingi kandi akuraize okuteekateeka kw'akabonero. Aha kutandika kw'ekiro kya kabiri, ekibiina ky'abakugu kikazoora ngu omuhikiina ayine oburemeezi omu kutebeekanisa emirimo ye y'eishomero. Omu mwanya gw'embeera egi, ekibiina kyakozireho kucwamu ngu omuringo gw'okwegyesa gushemereire kuteekwa omu nkora kugira ngu gihikiirize ebyetengo bye. Omu miringo y'okwegyesa egi erikukurira, n'oguhe ogurikwija kukora aha bukuru bw'okutebeekanisa na Matilde?
","Okuteekateeka ebiteeso: omuringo gw'okucweekereza nigwija kukorwa hakuhenderaasa ekikoreso kya Go Talk
","Okwegamira omu mushomo: akalenda k'ebikorwa by'omushomo nikija kukorwa n'obuyambi bw'ebishushani
","Okwegyesa kuraba omu bizibu: eki nikiza kwombekwa kuraba omu karingiti y'obuhangwa n'eky'okworeka ekintu kikuru.
","Okwegyesa kurugiira aha biteekateeko: eki nikiza kwombekwa kurugiira omu PPT n'ebishushani hamwe n'ebipande by'ebiteekateeko ebi byahandiikwa.
",,,,B,SEND,Student understanding,Primary,2021,General
1048,"Shoma omu mbeera egi: Federico omwegyesa ow'emyaka ikumi na ibiri orikugira oburemwa bw'omubiri bwona (spastic tetraplegia) kandi n'atekateeka nk'omuntu atarikukoresa bubonero (pre-symbolic level of thinking). Naagarukamu ebintu arikukoresa obubonero. Omu isomo ly'Obuhangwa, abegyesa nibakora aha mugingo gw'okwegyesa ogurikugira guti: ""Kureeba n'okugyeragyeranisa enyamaishwa kurugiirira aha miringo nk'obunene, ebirikubisiiga omubiri, engyenda, n'obutaagi."" Twaba niturora embeera egi, omurimo ki ogurikwongyera aha kuhurirana n'okwega kwa Federico?
","Yoreka vidiyo z'ebintu ebiriho omu bwomeezi bw'ebishoro n'emitwarize yaabyo
","Yoreka eky’okworeka aha kaadi y’okuhurirana erimu ebishushani n’emitwarize y’enyamaishwa zoona
","Koresa ebishushani by'enyama ebito, orikukozesa emiringo n'emitwarize yaabyo.
","Koresa ebiragiro by'ebishushani ebirikukuzibwa by'enyamaishwa omu muringo gw'okumanyisa n'okworeka embeera zaazo ez'omutaano.
",,,,C,SEND,Student understanding,Primary,2021,Science
1049,"Okurikurayo omwegi omu irabu ry'abana omu ishomero erikuru eririkwenda obwebembezi bw'okumanya, aine okuzindikirwa kw'oburemeezi bw'omubiri obwa spastic tetraparesis n'oburemeezi bw'obwomeezi obucureezi, niki aha ebikorwa ebirikworobiiza okwetaba kwe n'okuhurirana omu kiraasi?
","Leeta ebintu byoona n'amasherufu omu ক্লাসরুমু.
","Shitura akapanera k’ebirangiriro n’ebishushani ebirimu ebigambo bitari bimwe omu mesa z’okukoreraho.
","Tebeekanisibwe enshooro y'okukora ebintu omu miringo erikushaanisa abegi, okukuraaza okushoma, eby'okweshongora, n'emikoro endiijo.
","Tebeekanisa emeeza n'entebe omuhendo ogw'ekicweka ky'omuringo ngu buli omwe ashobole kuganira na mugyenzi we
",,,,B,SEND,Teaching strategies,Primary,2021,General
1050,"Omuhereza aishemereire kukora ki kureetera abegi be kwega kurungi, omu mwanya gw'okubakora ebyo boona ebi barikwenda?
","Tebeekanisa okugyenda omu kubakazi b'emigaati abari haihi
","Kucuruza eby'okutunda byabo omu itale ly'omumaisi.
","Shaba omuhanda gw'okworeka emirimo ei barikukora omu wookishopu
","Hamu kukora omukago n'eishomero erikuru eririmu programu y'okuteeka emmere.
",,,,D,SEND,Teaching strategies,Secondary,2021,General
1051,"Shoma eky’okureeberaho eki: Omwishiki omuto ayoreka okushiisha kw’okwetaba omu gwazo gw’emizaano aha ka ye n’abegyesi be. Hamwe, bashwijuma omugisha gw’okwetaba omu muzano oguhindurirwe, omu mwishiki orikumpurra gye kandi ogurikuhikiiriza ebi arikwenda. Aine oburemeezi oburikwetengwa oburemeezi bw’amaani bw’omubiri (tetraparesis). Agyezaho okuhindura emikono ye nk’ekikomo kigumire omu maiso, enyima, ahaiguru, n’ahansi; ahabw’okwetegyereza n’okukurata ebiragiro by’omumwa ebitarikwetenga muno kandi ayoreka obureezi oburikukwatana n’okusaasira n’obujunaanizibwa. Nooreeba aha ky’okureeberaho eki, ni gwaazo ki oguhindurirwe ogurikukwataana n’emitwarize y’omubiri y’omwishiki ogwo?
","Bocce
","Omupiira gw'ekiteeteeyi
","Omupiira gw'engaro
","Omeza ya teeburo
",,,,A,SEND,Student understanding,"Primary, Secondary",2021,Physical Education
1052,"Shoma omubaire ogurikukurataho: Ekikundi ky'abanyeshuri abaine oburembe bwingi omu kiraasi ya 2 bagyetabamu omu isomo ry'Orurimi n'Okuhurirana, erikugira ekigyendererwa eki: ""okugyaho amakuru agirikworekwa kuruga omu mutwe."" Okukuraaza omurimo, nibakoresa ebibaaho by'okuhuriranaho n'ebiro by'emirimo ya burizooba ebirikworeka ebishushani nk'eky'okureeberaho, okushushana ebikorwa. Hanyuma, nibakoresa ebintu ebiriyo, nibatandika kushoma orugano orurikworekwa omu bishushani, kuraba omu mashine erikworeka ebishushani. Kandi, orugano ruri aha by'omuntu by'abanyeshuri. Ni engyenderwaho ki aha ezirikukurataho erikwihaho abanyeshuri kugarukamu ebibuuzo ebirikworekwa aha rugano?
","Kukoresa ebishushani by'abantu abarikukora ebintu omu mulingo gw'obuto, abegi bashobole kugaruraho ebyabaho omu mulingo ogurikukoresa oburyo bwabo obw'okuhaburana obwongyeireho n'oburikukora nk'obundi.
","Koresa ebishushani kuruga omu mugani, orikubuuza ebibuuzo byangu omu miringo etari emwe n'etarikutebeekanisibwa, abeeshuri bashobore kugarukamu nibakoresa enkoresa yaabo ey'okwongyerera n'ey'okuhindura aha ku barikweshongora.
","Ninkoresa ebishushani by'abantu abarikukora omu mulingo ogu orikukoresa, abegi bashobole kugarukamu ebirikukwata aha mico yaabo kurabira omu nkoreso yaabo ey'okwongyera n'ey'okuhindura omu kubaza
","Kukoresa ebishushani by'abantu abarikukora omu mbeera n'okubumbaho akacweka k'omugani ngu abeeshuri bashobore kugarukamu nibakoresa enkoreso yaabo ey'okwongyerera n'ey'okuhindura aha kweshongora.
",,,,B,SEND,Teaching strategies,Primary,2021,Literacy
1053,"Shoma omubaire ogurikukurataho: Abanyeshuri ab’ekicweka kya mbere omu ishomero erihuriireho nibakora aha isomo ry’Obuhangwa, narwo, okutaho omutima aha birimu amagara n’obusingye bw’ebiramu. Ekikundi ky’abasomesa omu kicweka eki nikigyerera kukuza obushobozi nk’okureeba, okushoboorora, okutaho omu mitwaro, n’okumanya kurabira omu kwetegyereza. Eki, nibagyerera kureeba ngu abanyeshuri abamwe baine ebi basigarirweho by’okuhurira n’okureeba, obugumire bw’okugyeenda, n’oburemeezi bw’obwengye obutari bumwe. Kurugiirira aha isomo ry’Obuhangwa erikukuzibwa, ninkaha aha bikorwa by’obwegyesa ebikuzaho okutwaramu embeera z’okwega ez’amazima?
","Leeta enyama ezirikufugwa omu ka ahaiguru abegi bashobore kureeba, kukwataho, kuhumuririza, nari kuhurira kurugiirira aha muhendo gwabo.
","Tebeekanisa emizaano y'aha rubaju rw'eka kugyendera aha kukwataho, kubaasa kushanga ebintu ebiri omu butonde bw'ensi obwa buri izooba.
","Yoreka vidiyo z'ebishoro by'enyamaishwa ezirikufuurwa omu ka, kubaasa kugarukamu aha maraka gaazo, emiringo yaazo, emibara yaazo, n'okuhendeka kwaazo
","Bahe eby'obutonde ebiruga omu kibanja ky'eishomero, kubaase kubigyeragyeranisa okurikurugaana n'emishusho, ebirangi, oburemerezi, n'obunene.
",,,,A,SEND,Teaching strategies,Primary,2021,Science
1054,"Omwegyesereza omwegyesa w'abaana abaine oburemwa omu ishomero ry'abaana abaine oburemwa arikukora aha mutwe gw'ebyafaayo, eby'obutungi bw'ensi, n'enshonga z'abantu, aine ekigyendererwa eki: ""Kushoma n'okushushana mapeesa ezirikwera z'obushangwa bwabo, nibakoresa ebintu ebirikubahiga, emitwarize y'obuhanzi bw'omwanya, n'obubonero bw'ebishushani."" Abegi be baine oburemwa bwingi. Abamwe nibagambirana nibakoresa ebintu ebirikukwataho, abandi nibaragiira omu bubonero oburikukiikirira ebintu kuruga omu mazima. Abingi baine obugumiikiriza bw'okugyeza, obwetago omu kukora aha bihurira, n'okutsigamana kw'emitwarize. Kurugiirira aha biri ahaiguru, omurimo ogurikukurikiraho nigugumira abegi kuhikiiriza ekigyendererwa ekiteirweho omwegyesa?
","Shuuruura ebintu ebirikukwata omubiri omuklassi nookukoresa maapu ntozikye hamu n'okushoboorora ebirikumanyisa
","Kushobora kushoma mapepula matooro g'eishomero arikubafasha kukora emirimo nariyo kutwara obutumwa
","Baayambe maapu z'amaka gaabo, nibagamba ebi barikushanga omuka n'okukoresa emiramu y'ebitarohendeka.
","Kuzana kugyezaho omwana omu mwanya gw'arimu omu klasirumu, arikukoresa amagezi g'okumanya omuhanda n'oburengane.
",,,,D,SEND,Teaching strategies,Primary,2021,Geography
1055,"Shoma omuhendo ogurikukurataho: Adriana, ow’emyaka ikumi, ari omu mwaka gw’okubanza omu ishomero erikuru. Azaarwa ari mpumi, aine oburemeezi bw’obwongo obucureezi ahabw’okubura obureezi obuhikire, kandi aha mutindo gw’okuhuurana, ayorekire emitwarize y’okugyenda n’ekigendererwa. Omu myaka ye ena ey’okubanza, akaba ari omu matendekyero agari mushaanju atarikufooka obureezi oburikukiraho. Ni omwegi orikuteeka, orikukundira kwega. Ayeeteera nka omuntu n’abegi bagyenzi be kandi agabaana nabo omu bikorwa by’omukago n’obuhwezi. Ekikundi ky’omu kicweka ky’okwegera nikikora aha kigyendererwa ky’okwega: “Kutuma amaziina n’okukurikirania ebiro by’esande n’emyezi y’omwaka.” Noorekire emitwarize ya Adriana, niki aha bikorwa ebi orikubaasa kumuhwera kumumanyisa n’okugyenda n’amazina g’ebiro by’esande?
","Obuntu obukye bukwaataine n'emirimo ya butoosha
","Ebirango ebirikukwata aha muringo gw'emirimo ya buri izooba
","Emiringo y'ebintu ekwatagaine n'omulingo gw'obuzima obwa bulijo
","Ebintu ebirikukwatanisa n'emirimo ya burijo
",,,,D,SEND,Student understanding,Primary,2021,Maths
1056,"Shoma omu mbeera egi: Rodrigo, omwegi w’akasomesa akato aha ishomero erikukoresa orurimi orutali rumwe, atungwa ahabwokwetaba omu bintu n’okutahumuza. Nikikira kumubaho kutamara emirimo omu ক্লাসে, ahabw’okuba ahinduka omu ntebe ye, akahisha ebintu by’abandi abegyi, nari yatandika kukora ekintu ekindi ekitarikushushana n’eki omwegyesa w’abanaab’entege abaire asaba, obutoosha narugwisa omutima. Twaba niturora embeera egi, ni enki aha bintu ebi twine kwikiriza kukwata aha mwana ogu, tusobole kukendeeza ebizibu ebirikumugumya kwega?
","Emyemerre
","Obuzima
","Ekiragiro
","Okwetenga aha mutima
",,,,C,SEND,Student understanding,Pre-primary,2021,General
1057,"Shoma omu mbeera egi: Belinda omwegi orikugira oburemeezi bw'orurimi orikwenda omu ishomero ry'abaana bato ery'omutaano ery'orurimi. Nyina omwine amutwara omu itumbi eryo buri kasheeshe ahabw'okuba atina ngu buri izooba omuhara we araara kandi ayoreka amaani maingi omu mubiri gw'e, obu araaba amushigireyo. Obwo bw'amaani n'obusungu omu mwegi nibwo buraangirwa omu ishomero, ahu araabeire nk'orikwegyema kandi obumwe akahurwa nari akagira obusaasi obu araaba nayenda kwegaita n'abegi abandi, abu araabeire azaara n'obu baraabe nibashaba kumushamba. Ebyo byona nibigira n'akabi aha kukura kwe omu by'obwegyesa, ahu araabeire ayoreka obuhangwa obuto. Kurugiirira aha mbeera eyashoboororwa, omu bicweka ki omwegi arikwetenga obuhwezi bw'eishomero kubaasa kugyenda omu maisho omu by'okwega kwe?
","Omuryango: Okubura amagezi g'abazaire
",,"Eky'obwengye: oburemwa omu mikora y'obwengye
","Emyete: okugumira omu kukora gye aha miteekateeko ye
",,,,D,SEND,Student understanding,Pre-primary,2021,General
1058,"Shoma omuhendo ogurikukurataho: Isidora ni omwegi orikugira oburemeezi bw'okugamba gye orikwenda kushoma omu ishuri ry'abaana bato eririmu abaana abaine oburemeezi bw'omutaano. Omwegyesa w'abaana abaine oburemeezi bw'omutaano asaba abaana kugamba aha mirimo n'eby'okukora. Isidora yacwemu kuba omuganga, kandi ekintu ekya mbere akora omu murimo gwe n'okushaba nesi ebikoreso by'okurabura omurwaire we, eki akora arikukoresa eby'okureeberaho n'ebigambo nk'ebi: ""ekyo ekirikwenda kugenda aha (arikworeka omutima) kandi okuhurikiza"". Kurugiirira aha ekyo kirikugambwa, bumwe aha buhereza bw'obwomeezi bw'omutwe nibwo butarikukora gye omuri Isidora?
","Ebirikumanyisa ekintu
","Okutaanisa
","Okutegyereza
","Okuteera amaziina
",,,,D,SEND,Student understanding,Pre-primary,2021,General
1059,"Shoma omubaire: Omu bwire bw'eky'omwegyesa owa Language and Communication omu kiraasi ey'akana ya 4 omu ishomero eririmu programme y'okwegaita, omwegyesa ateekanisa omurimo gw'okwoleka ekishushani ekirikukurataho kandi nashoma ebigambo ebi:  NGWATA OMUKONO GWANGE   Gabriela Mistral   Ngwata omukono gwange tucweeze;   ngwata omukono gwange oranyanze.   Nka ekimuri kimwe turyaba,   nka orubindo, kandi tihariho ekirikukiraho...    Turyemba omurimbo gumwe,   omu muringo gumwe turyacweeza,   nka ekihogo turahindagurika,   nka ekihogo, kandi tihariho ekirikukiraho.    Eiziina ryaawe ni Rose kandi nyowe ndi Hope;   kwonka oryaihaho eiziina ryaawe,   ahabw'okuba turyaba okucweeza   aha kasozi kandi tihariho ekirikukiraho...    Aha muheru gw'okushoma, omwegyesa abuuza Soledad: Omukuhandiika naba nayenda kumanyisa ki obu arikuhandiika 'nka ekihogo turahindagurika'?. Omwegi atekereza obwire bukye kandi agarukamu: ""hariho obuhogo"", kwonka, omwegyesa akaba naategyereza eky'okugarukamu ekirikwegamira aha ""kucweeza"".  Kurugiirira aha biri ahaiguru, obureezi ki bw'okugambirana, obukiri omu kukura, oburikuremesa omwegi kuhika aha biri kukorwaho?
","Oburemeezi bukye bw'okurora aha bintu ebirukukirira kimwe
","Okwetegyereza kubi orutindo rw'orurimi
","Oburokure bw'obushoboorozi bw'okwijuka ebintu bukye
","Okukura kw’okumanya ebikwaata aha mbeekyerwa y’ebigambo
",,,,B,SEND,Student understanding,Primary,2021,Literacy
1060,"Shoma omuhendo ogurikukurikira: Andrea ni omwegi orikushoma omu mwaka gw'okubanza kandi ariyo ashomerwa okumanya oburemeezi bw'okwega oburikubaasa kuba buriyo. Omuhairwe w'orurimi n'okuhuurana naabwo naagira ngu omwegi nagumirwa kushoma n'okuhandiika, naagira ngu tarikubaasa kukwatanisa ebirimi n'ebishushani byabyo. N'ahabw'ekyo, okushoma kw'omutwe n'okwegyesa nikushabwa kubaasa kutunga amakuru agurikubaasa kumanyisa obuhwezi oburikukwirana n'omwegi. Noorekire aha mbeera erikugambwaho, n'omuringo gw'okushoma ki ogurikukwemerera kukora amakuru agataaine okumanya eby'omwegi arikukora omu by'okushoma?
","Ekiragiro ky'okuhuumuriza amakuru agatari gamwe n'ebirikumanyisa
","Okugyezaho kumanya oburemeezi bw'okuhurira ebigambo n'ebitabo
","Ekizamiro ky'okushobora kumanya oburemeezi oburikubaasa kuba buri omu mazimaizi g'ebihumyo
","Kwandika ebigambo kwongyera kumanya enjwekyerero n'empandeserezi
",,,,B,SEND,Assessment,Primary,2021,Literacy
1061,"Shoma omubaire ogurikukurataho: Omu kiraasi ya mbere omu ishomero eririmu obuyambi bw'abanyeshuri abaine oburemeezi obutaano, harimu abanyeshuri bashatu abazoirwe oburemeezi bw'orurimi orutari rumwe, abataireho amanota mato omu ishomero omu mutwe gw'eky'ongereza omu kasumi ka mbere. Omwegyesa nagira ngu ekiraasi etungire orurimi kuraba omu bikorwa bingi, nk'enyembo, ebitekerezo, emizaano, okuramutsya, okumanya ebintu, emizaano n'emiringo n'emibaro, n'ebindi, kwonka abanyeshuri abaine oburemeezi bw'orurimi orutari rumwe tibarikubaasa kuhikaana n'ebirikugyendera hamwe n'ebirikwegyegwa omu mutwe. Okurikukurataho omubaire ogurikwoleka, n'enkora ki y'okushoma erikusaana okumanya ebi abanyeshuri barikwetenga kubafaho?
","Koresa orutindo rwakukwata kumanya emiteekateeka eyakozesezebwa omwegyesa owa isomo.
","Reeba oreebe obwengye n’oburemeezi bw’abeeshuri omu ishomo.
","Kora omutindo gw'okushwijuma ogurikushoboorora, okworeka oku abanyeshuri barikukwatanisa omu klasa z'oruzungu.
","Shuuruza egi orikukoresibwa omu kubaza ebikorwa byabo n'ebyo abegi ab'emyaka ehingwire abaahikire aha bitegyerwa by'okwega ebitari bishomeshe ahansi.
",,,,B,SEND,Assessment,Primary,2021,Literacy
1062,"Shoma omuheru ogurikukuratira: Camila ni omwegi orikugyenda omu mwaka gw'okubanza aine oburemeezi bw'okugamba oburikugumya abantu kumwetegyereza, kandi arikwegyera omu shomero rye. Omu myaka ya pure-shool, akatunga obuhwezi butarikushisha kuruga omu timu y'omu kicweka ky'okwegyeramu, kandi akakora kurungi munonga. Nangwa n'obu kiraabe kityo, timu y'omu kicweka ky'okwegyeramu neeshanga ngu omwegi nagira omutwaro omu mirimo kwonka nagumirwa kugarukamu ebibuuzo ebirikugyezibwa, nk'obu arikushoborora, nangwa n'obu arikukoresa ebikwaato by'obuhwezi. Omu bigezo ebirikukuratirwa, harimu oburemeezi omu kworeka obwengye bwe, nangwa n'obu aine obuhwezi kuruga omu mwegyesa. Nk'ekicweka ky'okugyeza omulingo ebintu birikukorwamu, timu eshemereire kupima oku omwegi arikukora kurungi okurikukwata aha biteekateeko by'entebeekanisa y'Obuhwezi bw'Omuntu omwe. Noorekire aha mbeera erikushobororwa, n'omulingo ki gw'okugyeza ogurikukirayo kukwata aha kupima oku Camila arikukora kurungi?
","Yorobiise omuringo gw'okugyezaho omwana, omu kubaho ekibuuzo ekirikwetagisa okugarukwamu.
","Banza kuta omutwaro aha kucweeka oburemeezi bw'obwengye omu kumariiriza eky'okureeberaho ekirikukwata aha bwengye.
","Orikora ebirungi omwegi ashohoire omu mashomo ge arikukoresa ekyerengo ekirikushoborora.
","Kugyenda n'okukorera hamwe amahururu omu bunyoro bw'okwegyesa, orikukoresa ebikorwa by'okushashuura ebirikushushana.
",,,,D,SEND,Assessment,Primary,2021,General
1063,"Shoma eky'okureeberaho eki: Omu giraade ya 2 y'eishomero erikugira Entebeekanisa y'Obuhwezi bw'Eby'enjegyereza Eyombekire hamwe, abanyeshuri bana nibeeza omu klasse abarikugira oburemeezi bw'okukura omu rurimi, abakikora enshobe nyingi omu mazina g'ebigambo, nk'oku kirikwetegerezebwa omu myaka yaabo. Abegyesi omu klasse nibareeba ngu, nk'eky'okureeberaho, omu mirimo erimu okuhandiika ebi orikugambirwa, abaana aba nibenda kweshobya omu mazina gamwe, nk'okushusha: /p/ na /b/. Kurugiirira aha biri ahaiguru, omu mirimo erikukuraho erihe erikukwata aha byetengo by'obuhwezi ebi abanyeshuri barikworeka?
","Huurira orugambo rw'amagambo aine enjwi eza /p/ na /b/ kandi ogarukye orugambire.
","Hulikiza oreeberere ebigambo ebirimu obundiini /p/ na /b/
","Teerereza kandi ohingure ebigambo by'obushangwa ebirimu enjwi /p/ na /b/
","Reeba oreegye kandi okore emyito y’okuhanga ebirimi /p/ na /b/
",,,,B,SEND,Student understanding,Primary,2021,Literacy
1064,"Omuhwezi omu ishomero ry'abaana abato ery'orurengo orw'orundi rurimi, omugyezibwa amara kushuuma eky'ebya 'Akakazi akatukura akambara ekyambaro ekikuruuru' yaabaasa kwegyesa abegyegwa be okucweka 'Garamuka oganire' omu bubiri bubiri. Okuruga aha, okuganiira kunu nikukura omu banywani b'omuishomero: Pedro: Akakazi akatukura akambara ekyambaro ekikuruuru omukyeene, tarikuhurikiza nyina. Antonio: Ego, Akakazi akatukura akambara ekyambaro ekikuruuru ni kirangwa. Pedro: Kandi baryiire nyina omukuru. Antonio: Eizooba erindi ngyenda aha nyanja na mama. Okurikira embeera erikugambwaho, mugisha ki ogurikusaana okukoresa okugyenda omu maisho n'ebizibu bya Antonio eby'okukora ebintu omu muringo ogurikusaana?
","Kuhereza ekintu abeeshuri abaine kwatura buli oburaabe nibenda kugamba omu kubuurirana
","Kushobora kworeka ebishushani by’abantu abakuru abarikukora omu mulingo ogu omwegi asobora kukoresa omu kubaza.
","Kugyezaho okugamba okurabira omu kubuuza ebibuzo nk'ebi: Bakaba nibagambaho ki? Bakagambaho ki aha mbeera?
","Kugaba ekikoreso abeeshuri abarikubaasa kukoresa nk’obuhwezi butoosha ku barikumarira kworeka eki barikuteekateeka nari kugarukamu ekibuuzo
",,,,C,SEND,Student understanding,Pre-primary,2021,Literacy
1065,"Ekibiina kya 3 ekyaishomero eririmu enteekanisa y’okwegyereza hamwe n’abandi, n’ekibiina ekiine obwitaba n’amaani maingi, aharikuba abegyeki baingi, omubariimu babiri abaine oburemeezi bw’orurimi, niboreka okugumirwa omu kuhingura omulingo gwabo gw’okushoma. Omwegyesa w’Orurimi n’Okuhulizania acwamu kukora buli izooba aha kushoma ebitabo by’obuhangwa obutali bumwe, naayingiza omu kaso kano empindahinduka y’ebyahandiikwa y’okugamba kw’ebyahandiikwa omu abegyeki be, naashobora ebintu ebikora okutandika, okukura, n’okuhendera omu buli kyafaayo. Kurugiirira aha makuru agahairwe, niki ekirikuhiga omwegyesa kutaaha omu mulimo aha mpindahinduka y’ebyahandiikwa y’okugamba kw’ebyahandiikwa?
","Ahabw’okuba kiragura okukura kw’okushobora ebigambo
","Ahabw’okuba nikirikukora ngu tube twine obushoboorozi bw’okugambira aha makuru g’ebigambo
","Ahabw’okuba nikwetenga okwetegyereza orurimi oruhandiike
","Ahabw’okuba nikireeta ekiraro ahaagati y’ebigambo n’okushoma n’okuhandiika
",,,,C,SEND,Teaching strategies,Primary,2021,Literacy
1066,"Shoma omubaire ogurikukurataho: Omu kiraasi ky'omwaka gwa kashatu, harimu abeeshure abarikworeka oburemeezi bw'orurimi obutahikire kandi barikugumirwa kukuratira ebiragiro birikukomera ebihairwe omu muringo ogutahikire hamwe n'okushaba okwetegyereza, embeera egi etera kubareetera kureka emirimo yaabo etaragiirwe. Bwanyima y'okutaayaayira ekibuga ky'emizano, omwegyesa naateekateeka ngu abeeshure beena bakoreho okuhandiika ebbaruha ahari omunywani waabo orikukundwa munonga, omubo nibashoboorora ekyabaireho omu muzano ogu bareebire hamwe n'eki baakundire munonga. Omwegyesa naashishoora ngu buri omwe yataireho omutima aha murimo ogurikukorwa, munonga abeeshure abarikworeka oburemeezi bw'orurimi obutahikire. Kurugiirira aha mbeera erikushoboororwa, ni bumwe aha bwijutsyo bw'okwetegyereza oburikukwata aha byetengo by'abeeshure?
","Ijuka hamwe ebirikukwata aha by'omu muzanyo, kuraba omu bibuuzo nk'ebi: Ninkimanya ki aha muzanyo? Bicweka ki by'omuzanyo ebi ntaahuriire gye?
","Mureke muhere abaana b’eisomero abandi ebbaruha zaabo, mugyeranise ebibuuzo, nk’ekibuuzo nk’eki: Omurimo ogu gwangumiire ki? Ningyenda kuteeraho ntya?
","Shuuruurana n'abeeshuri ebikorwa ebiine kukorwa, oraba omu bibuuzo nk'ebi: nkyataireho ntaaki ki? Ni ntaaki ki ezi ndyagira oburemeezi? Ndingira nkahi okuzicungura?
","Sharamura ebintu ebirikwija kwandikwa omu baruha, nk'okubuuza ebibuuzo nk'ebi: Ninkimanya ki aha mutindo ogu gw'ebyahandiikwa? Ni bintu ki ebirikushangwa birikukwata aha nshonga ebi ndikwenda kwongyeramu?
",,,,C,SEND,Other,Primary,2021,General
1067,"Ni eni ahaansi eziirikukurira ezi orikukwatanisa n'omurimo gw'okwetegyereza ogurikuhiga abeeshomesa ab'ekibiina kya kabiri abaine oburemeezi bw'okwega obutaahukaine?
","Omugambirizi yaaba ashoma orugano, omwegyesa naabuuza abegyeswa eiziina eryo baarikwenda kuha orugano oru bashomire, kandi boona hamwe nibatoorana erikukwata aha biri omu rugano.
","Omuhiga orikwegyesa abaana, ababuuza ebi bateekateeka nka nkuru omu kicweka ky'amakuru eky'omubazire, bwanyima abasaba kukora ekishushani ekirikugira omuhendo gw'ebirikukwata aha nshonga kuruga omu ki handiike.
","Omuhwezi omu kubazomu hamwe omu kubasomi, omwegyesa ashara omuhanda aha biteekateeko bikuru by'omutwe gw'ekicweka kandi, aha muheru gw'omurimo ogwo, abuuza abeeshuri eky'ekicweka kirikukwataho n'oha omuuntu omukuru yaaba ari.
","Omwegyesereza abashomi omu mwanya gw'okushoma ekibarua ky'amashaza, omugyezibwa naabanza kubagambira kumanya ekika ky'eky'omushomo eki barikwenda kushoma, reero ababuze kika ky'amashaza eki kigenda kubaha, n'oku barikubaasa kukimanya.
",,,,D,SEND,Other,Primary,2021,General
1068,"Shoma omubaire ogurikukurataho: Abegi b'ekibiina kya 1 omushomero ogwa butoosha bacwireho kukoresa ebikoreso by'omutegyeki kumegyera aha mirimo y'okushoma ebitabo birikwenda kwanguha, okukira munonga ahabw'oburemeezi bw'okushumurura ebigambo oburikworekwa abegi bashatu abarikworeka oburemeezi bw'orurimi obutahikire. Nooreba aha mbeera erikugambwaho, nikikoreso ki ky'omutegyeki ekirikukwata aha kukoresebwa ekibiina ky'abegyesa?
","Aracord, ahangaho erikukora ebyahandiikwa omu bunyatsi hamwe n'ebishushani
","Lexia, neeshomesa kandi neeshwijuma omu bwijwire ebyahandiikwa.
","Pictonidos, nikwatagyiiriza ekishushani n'eiraka ry'ekigambo
","Globus 3, narora omuntu nk'okuhendera kwe omwene ebirikumugambira.
",,,,B,SEND,Teaching strategies,Primary,2021,Technology
1069,"Omwegyesereza omwegyesi w’ekibiina kya kabiri omu ishomero eririmu Entekano y’Obuhwezi bw’Abeekirooro abeihahoire naagira ekyekango ahabwa Francisca, omwe aha banyeshuri be aine oburemeezi bw’orurimi obutari bumwe, ahabw’okuba ayoreka oburemeezi bukuru omu kweyamba. Eki nikireebeka buri obu abegyesi bamuha ebiragiro omu muringo ogurikukuratana, ahabw’okuba n’obu arikubaasa kubyetegyereza n’obugumu, abyebwa bwangu kandi eki nikikwata aha bushobozi bwe bw’okukora emirimo arikweyamba, hamwe na banywani be. Kurugiirira aha kushoboorora oku, ni muringo ki ogurikukurataho ogurikumara aha byetengo ebyorekwa omunyeshuri ogu?
","1. Orikutuuramu omuhanda ogu orikugambwaho omu murimo ogu omu muringo ogurikukuraine.
2. Obwengye n'ekigendererwa by'okusomesa nibibuurweho.
3. Omuze n'ebigambo ebirikukoresibwa nibigumiisirizibwe.
4. Kikwatagane n'obugyenyi bw'abantu abarikugamba Runyankore.
5. Omulingo n'obuzibu nibigumiisirizibwe.
6. Ebiteekateeko by'okwegyesa nibituurweho.
7. Haa obuhinduzi bwonyine, otarikwongyeraho byona ebirikushoboorora, ebijanja, nari ebimanyiso.
8. Waaba orikugyenda omu maisho n'ebigambo by'eby'obureezi, bituuramu omu muringo ogurikukwata aha by'obureezi.
9. Gumiisiriza okukwatana omu bigambo byoona.
","(Ninkuratira ebitegyeko eby'ebishushani kandi obigumizeho omu bwire bw'omurimo)
","Kuraho eby'okukora by'omwegi bimwe, oshireho ekiragiro kimwe kyonka.
","Ba omwegyegwa omwe rundi omwegyegwa ondi akwegyesa, omuhanda gw'okukurata:
",,,,B,SEND,Student understanding,Primary,2021,General
1070,"Omu omukazi omuri kiraasi ey'okubanza, Julian, omwegi orikugira oburemeezi bw'orurimi obutari bumwe, aine oburemeezi bukuru omu kwega ebigambo ebitarikukoresibwa munoona, ekirikukwata aha muringo arikwegamu. Omu isomo ry'ebyobutonde, nibakora aha bigendererwa by'omutaano Unit 3: ""Emitwarize y'ebintu n'emitwarize y'ebintu eitari emwe,"" ahu ebigambo bisya bingi byegyesibwa omwegi, nk'okworoba n'okuguma. N'obu haraabeho engyenderwaho ez'omutaano ezirikukoresibwa omu kasumi k'emyaka, omwegi ayenda obuhwezi obwingi kuruga omu timu y'ekiraasi. Kurugiirira aha biri ahaiguru, niki aha mutaano gw'ebirikukurikulumu ogurikukirayo kuhikira okugarukamu ebyetengo by'obuhwezi bwa Julian?
","Shagika kworeka ebirimu omu kubahoza hamu n'ebintu ebirikukwatwaho n'ebirikureebwa.
","(I understand. Please provide the English text you would like me to translate.)
","Ronda kandi orugumisirize ebigendererwa by'ekicweka eky'okukoreraho okurikukurirana n'omutindo gwabyo ogw'obuhangwa.
","Okukura butoosha obugumiizi bw'ebigyendererwa by'ekicweka ekirikukorwaho, orikureeba ebi omwegi yaayegire enyima.
",,,,B,SEND,Teaching strategies,Primary,2021,Science
1071,"Shoma omuhendo ogurikukurira: Nicole omwegi w’omu mwaka gwa kabiri, akegaitwa omu ishomero eririmu Enteekateeka y’Okwegyesa Kw’abantu Boona ahabw’okuba aine oburemeezi bw’orurimi obutari bumwe. Ayine oburemeezi omu kwega ebintu bisya n’okukurata ebiragiro, hamwe n’oburemeezi omu kwetegyereza ebi orikugamba n’emitwarize y’emibazo omu isomo ry’Ekibalangulo. N’obu abegyesa barikukoresa engyenderwaho ez’omutaano, akyetenga obuhwezi bwingi kubaasa kuhikiiriza ebi arikwegyesibwa. Aha muhendo ogurikukurira, niki aha mpinduka z’omukurrikuru ezirikugarukamu ebi omwegi orikwetenga?
","Yongera aha bikorwa okukoresa enyegyesa ezirikworekwa omu kubikora.
","Yorobiisa enteekateeka y'omwezi omu, omuhe obwire oburikukiraaho obw'okuhikiiriza obuhanga.
","Ntebeekanisa ebiri omunda kukukora, orikugyenda orikukora ebiri omugumu okukira ebindi.
","Kucwenda omuhendo gw'emyito n'egyo erikukuratanisa okuruga aha ego erimu ebigambo biryoha kuhika aha ego erimu ebigambo birikugumira
",,,,A,SEND,Teaching strategies,Primary,2021,Maths
1072,"Omu klasa y'abanaaba b'eky'okubanza, harimu abeeshuli abarikugira oburemeezi bw'okugamba gye, abarikworeka obwengye bwingi omu bigambo byabo kwonka batarikwetaba muno omu ishomero. Omwegyesa omukuru atebeekaniise isomo erigambira ahari okumanya omuhendo gw'ebigambo ebiri omu sentensi, kandi yaacwamu ngu abeeshuli baryahindurana kugarukamu aha bbao kandi buri omwe ashemereire kutoora sentensi kuruga omu zirikwolekwa. Twaba niturora embeera egi erikugambwaho, mugisha ki ogurikuhindurwa ogurikuhiga okwetaba kw'abeeshuli?
","Sita ebishushani kwongyera aha bigambo
","Shaba emiringo etarikukozesa magambo omu mirimo
","Nsiima, tindikuza kureeta bifaananyi. Ninkukwasisa ondihe ebyahandiikwa byonka.
","Ngyenda ezirikukurira omu itungo ry'omuntu zigyezibwa zita?
",,,,B,SEND,Teaching strategies,Primary,2021,Literacy
1073,"Shoma omwana David ori omwegyesa orina oburemeezi bw'orurimi orutari rumwe orikugyenda omu kika kya 3 omu ishomero eririmu enteekateeka y'okwegyereza hamwe. Ashemererwa eishomo ry'eby'obuhangwa n'omuringo, ahabw'okuba ayoreka obukugu bwingi omu mikono n'emirimo n'ebikorwa ebirimu obuhame bw'okukuratanisa nibyorobiya omurimo gwe. Okwezi oku ekika kikatandika kukora aha mutwe gw'ekigambo: ""Ohingure ebintu by'eby'obuhangwa n'omuringo"", ahu baine kutebeekanisa omurimo gw'okukora gwabo, kuronda ebikozesebwa, n'okuteera ekigyendererwa, kwonka ebiro bishatu byamaze kuhita kandi omwegyesa akaba atarikubaasa kushoborora omurimo gw'okukora, nagira ngu tamanyire oku arikutandika ahabw'okuba byona nibimubonekera nk'ebigumire. Okurikiraana n'embeera eyorekirwe, ni bumwe aha bintu ebirikukurataho ebirikukoresibwa omu muringo ogutari gumwe ebirikugyenda omu maisho n'okugumira oku omwegyesa ayoreka?
","Koresa abegyesi kubahereza eky'okureeberaho ky'okuteekateeka omu iraka
","Tugyezere hamwe ebiragiro kwenda kumanya ebigyendererwa by'obwire obuhango.
","Mureke abegi b’okubanza ebirango byabo omu miringo etari emwe n’emwe nk’okukoresa ebishushani
","Baashe kubanza kwebemeza nk'omuringo gw'okukurikiranira hamwe n'okucungura omugendo gwaabo
",,,,B,SEND,Student understanding,Primary,2021,Technology
1074,"Omu klasa y'abanaishomero ab'orubanza orw'okubanza, abanaishomero bashatu abarikugira oburemeezi bw'orurimi oburikwetwa expressive specific language disorder nibooreka oburemeezi bw'emiramizo oburikuhindura ebiri omu bubaka bwabo, n'ekirikurugamu okukora aha murimo n'okwega. Omwegyesa omukuru naatandika kukora aha mugingo gw'okwega ""Okukora aha murimo omu kubuurirana kw'omukago aha bihandiiko ebyashomwa nari ebyahurirwe omu klasa nari ensonga ezirikubahitsya,"" ahabw'ekyo ekiina ky'omu klasa nicamara kukora n'ensonga ezirikuhitsya abanaishomero, ezitebeekanisibwe omu migaano mito, kandi bagyeyongyererezaaho omukozi orikuruga omu kiina (omwegyesa omukuru, omwebembezi w'omu klasa, omwegyesa w'enjegyereza y'omutaano, omuganga w'eby'okugamba, na psychologist). Twaba niturora embeera eyo, niki ekirikukurataho ekirikugambira aha muringo gw'omutaano ogurikukwata aha kuremesa kw'abanaishomero?
","Ngyenda kukurora omu byoona ebi orikukora.
","Tebeekanisa omurimo omu muringo gw'omuntu omwe na omwe hamwe n'omuganga w'okugamba omu kikaari ky'obuhabuzi.
","Ha omuhanda gw'okuhwera abarikwega, teekanisa empapura ezirikworeka ebintu ebirikubaasa kubahwera omu kuza omu maisho n'omurimo ogu barikukora.
","Kukora omuringo ogurikukirayo gw'okugyenda nibakora okugaziya orurimi omu bwire bw'okugamba omu kibina
",,,,D,SEND,Student understanding,Primary,2021,Literacy
1075,"Shoma omuhanda ogurikukurira: Ekikundi ky’abegi abari omu mwaka gwa kabiri omuri Mathematics nikikoresa eby’okubara ebirikukirayo, obuhabuzi bw’ebishushani, okurekodi ebirango aha bboardi, n’ebibuuzo by’okwetegyereza kugira ngu bashoboorore abegi omuringo emigatsi erikukorwamu n’omuringo erikwegaanizibwamu kuruga aha namba 0 kuhika 50. Bwanyima, nibabeta kwega n’okukoresa ebi baayegire omu kuhingura omwegyesa omu kuza aha kugyenda omumaisho n’okukora omwegyesa gwabo. Omu kucondooza ebi barikukora, nikireebwa ngu abegi abamwe baine oburemeezi omu kuhingura omwegyesa, n’obu barikuba baarabamu ebibuuzo ebirikuragirwa omu kushoboorora ebirimu. Kurugiirira aha biri ahaiguru, kiki ekirikureebwa nk’ekirikuzibira omuntu kwega n’okwetaba?
","Okutabaaho obusinge bw'okwegyera obukora kandi obwa buri izooba aha banyeshuri
","Obureezi bw'okubura kw'emitindo erikukoresibwa omu kucweeka n'okuhereza ebi okwegyera aha banyeshuri omu bwiire bw'omurimo ogukozirwe
","Oburemeezi bw’ebikozesebwa ebirikukwasya omuhendo gw’okukora omurimo, okurikukurugaana n’obwengye bw’abeeshuri.
","Obutabaaho mutindo gw'okwegyesa ogurikwata hamwe ogurikuteekateeka okwetegyereza okwega kw'abeeshuri enyima, omu, na bwanyima y'eklassi
",,,,C,SEND,Teaching strategies,Primary,2023,Maths
1076,"Shoma omu mbeera egi: Omu omukazi gw'okubanza, kuraba omu kintu ky'eby'omutwe, ebibiina by'endengo BL na BR nibikorwaho. Ekimu aha bikorwa ebirateekanisiibwe okutandika orurembo nigwo abeeshuri kureeba ekishushani ekirikwooreka ebintu bitari bimwe, amaryo gaabyo agari n'omugano n'emigano egyo, nibakanda aha bintu kuhurra amaryo gaabyo reero nibabiteeka omu bibiina by'endengo emwe nari endiijo. Ekyakurataho, nibakora okucwekyereza n'okuteera hamwe ekigambo n'omwegyesa. Kurugiirira aha biri ahaiguru, niki ekirikukora munonga omu bikorwa by'okutandika?
","Okureebeka ebirikumanyisa
","Okumanya ebigambo omuhendo
","Okumanya enjegyeka z'ebigambo
",Kushobora kutooroora ebintu omu misho,,,,C,SEND,Teaching strategies,Primary,2023,Literacy
1077,"Shoma omuhendo ogurikukurira: Omu kwetegyereza omwana owa iraaya rya kashatu omu by’omutwe n’okwegyesa, ahabw’okumwikiriza omu puroguraamu y’abaine oburemeezi obutaano, ekikundi ky’omu iraaya katekateire aha by’omwana eby’omu ishomero n’eby’okwegyesa, omubairemu ebyo ebirikukwata aha kwega emirundi n’okwetegyereza kwabo okutari okw’obusaasi. Kandi, ekikundi katekateire aha muringo gw’omwana, nk’obusoni, oburemeezi omu kwijuka ebintu, n’okutajanjamuka omu mashomo. Ni bintu ki ebi ekikundi ky’omu iraaya kirikweteekateeka kukora okukoraana ebintu ebirikukwata aha mwana ogu?
","Pima emiramuko yaabo y'obuntu.
","Ninsaba okushomesa omusaizi.
",,"Kora okubuza ebyafaayo by'omurwaire omu ka yaabo
",,,,D,SEND,Assessment,Primary,2023,General
1078,"Shoma omuhanda ogurikukurira: Ekikundi ky'abegyesa omu kiraasi ey'omukaaga, ahabw'okutabaasa kw'abanyeshuri kwetaba omu masomo, nicicwamu kukoresa obubaaho bw'omuntu omwe-omu, buri omwe asobole kugarukamu ebizibu by'okwega ebirikuteerwa omu kiraasi. Eki nikiza kubahwera kumanya omulingo barikwega ebirikukwata aha buhereza nari ebiri omu mutwe gw'ekyegyeso ekirikukorwaho, kandi nikiza kubahwera kureeta enyegyesa ezirikwetagisa. Kandi abakugu omu kikundi ky'abegyesa nibaija kubaasa kwombeka amakuru g'omunyeshuri omwe kubaasa kucungura oburemeezi bw'okwega oburikubaasa kuba buriyo. Kurugiirira aha biri ahaiguru, omulingo gw'okucungura ki ogu ekicweero ky'ekikundi ky'abegyesa kirikukwataho?
","Okugyeragyeranisa okw'okubanza
","Okugyerera okw'aha rugati
","Okugyezibwa kw'okushishoza
","Okugyeragyeranisa kw'omugatte
",,,,A,SEND,Assessment,Secondary,2023,General
1079,"Shoma omubaire: Francisco, omwegi owa 6 omu grade orikugira oburemeezi bw'okwega omu kubara, aine ekizibu ky'omubaro eki: Omu maka g'ab'eishe-emwe bashatu, Carlos niwe muto, Pedro niwe wa hagati, na Jorge niwe mukuru. Pedro aine emyaka ebiri okukira Carlos, na Jorge aine emyaka eshatu okukira Carlos. Ab'eishe-emwe bashatu baine emyaka mingahi? Kiruge omu muringo gw'emibaro. Ku yaherize kushwijuma ekizibu eki, omwegi ayahukana ati: ""X + 2 + 3"". Twashwijuma ekyo, niki ekizibu ky'okwega eki Francisco arikwoleka?
","Okumanya gye kukuru kw'emiringo erikukuratirwa omu kubara eby'ebara.
","Okureetera embeera ez'amazima kuraba omu rurimi rw'ebibarizo
","Okwetegyereza omuhanda gw'okusoma okurikukirira aha kukora ebizoobu by'ebarafu
","Kutorana ebimanyiso by’omugasho omu kumara ebizibu by’ekibalangulo
",,,,B,SEND,Student understanding,Secondary,2023,Maths
1080,"Shoma eky’okureeberaho eki: Ekibiina ky’omu kicweka ky’eky’okushatu omu ishomero omu isomo ry’Orurimi n’Okuhurirana nikikora omurimo gw’okugumya okwetegyereza kw’ebyahandiikwa omu banyeshuri, na munonga abarikugira oburemeezi bw’okushoma. Omurimo ogu nigutwariramu kutoora eky’okubaza kandi, batakashoma, bagaabana omu bibiina eby’emirimo eby’okugarukamu ebibuuzo ebi: - Ahabw’enki ntooraine ekyahandiikwa eki? - Ninki eki ndikwenda kukora ndikushoma ekyahandiikwa eki? - Ninki eki ndikushaka kureeba obu ndikwenda kumanya ekyahandiikwa nk’eki eki ntooraine kirikwija kuba nikikwataho? - Kurugiirira aha kibuuzo ekirahize, ekyahandiikwa eki ntooraine nikija kuba nikikwata aha ki? Ni nshonga ki erikuhakanira omuringo ogurikukoresibwa omwegyesa w’enjegyereza y’abana batoire ekyahandiikwa eki batakakishoma?
","Nikuha amakuru omu kusoma, kuraba omu kumanya n'ebirooto abeeshuri baine
","Nigyenda nirekera abeeshuli kushoma baine ekigyendererwa ky'amaani kandi bateekateeke ebi baraashoma
","Ekyamba abeeshuri kumanya ebice by'omubimbi by'ekyahandiikwa n'okuha amakuru omu kushoma
","Nigyambaasa abeeshuri kukora ebiragiro kurugiira aha by'ebarikushoma kandi nikireetera okukuza okwetegyereza.
",,,,B,SEND,Teaching strategies,Primary,2023,Literacy
1081,"Shoma omubaire: Aha kutandika kw’omwaka, ekikundi ky’abegyesa omu kibiina kya kabiri kigyenda kukora omurimo gw’okushobora obwomeezi bw’abeeshuli omu kwega kushoma na kuhandiika. Okukora eki, bateekateeka kukoresa enyimba. Amakuru abu baineho aha kibiina n’agariho abeeshuli abashangwa baine oburemeezi bw’okushoma, abamwe abarikugamba ngu tibarikushobora kushoma na kuhandiika, n’abandi abarikworeka ngu tibarikukunda kushoma. Okugyeraho, okurikukurirana n’amakuru agataireho omwegyesa w’abeeshuli abaine oburemeezi, omuringo gw’obushoboorozi ogwakozirweho omwaka ogwahwa tigukataireho okukura oku barikweteenga. Muringo ki ogurikusaana kukoresa okuhikiiriza embeera y’okwega eyorekirwe?
","Shoma kandi oririmbe orweshongo hamwe n'abeeshure, nukwo bashuure ebicweka ebi barikukunda kurabira omu herufi ezirikwegyegyereza.
","Koresa abeeshuri n'ebibuuzo ebibahiga kuba batemere kandi batebeekane ebihendo by'amazina g'emitwe y'enyembo ez'omutaano.
","Yolesa omurongo gw'enyimba ezi oshemeire abeeshuri, nukwo bagukopi omu bitabo byabo, bateekyeho akamanyiso aha kicweka eki basemereirwe, kandi baguimbe.
","Shuuruura hamwe n'abeeshuri, oreeka orusyabwire rw'aha muheru rw'emitwe y'enyimba, kubaasa kworeka okushushana n'obutaanashushana oburi ahagati yaayo
",,,,A,SEND,Assessment,Primary,2023,Literacy
1082,"Shoma omu mbeera egi: Etiimu y’eky’omwaka ogw’okubanza omu ishomero erikuru ery’orurimi n’ebitabo bateekaniza kukorera hamwe n’abegi omu kwetegyereza ekicweka ky’ekitabo, nibahamya obukuru bw’okushoborora oku ekifo kirikukwata aha mbeera y’omugani. Omwegyesa w’abegi abaine oburemeezi bw’okwega naaraga ngu abegi, hamwe n’abo abairweho endwara y’obutamanya kushoma, niboreka obwetengo bw’obuhwezi omu kutaaho omukago oguriho hagati y’ekifo n’ekikorwa, n’ahabw’ekyo nashaba kutebeekaniza emirimo erikubanza ehwereireho kuhikiiriza ekigyendererwa. Kuruga aha biri ahaiguru, mugisha ki ogurikukwata aha kugarukamu embeera y’okwega y’abegi?
","Shwijuma enyeto kwenda kumanya omuntu mukuru omu nyeto, oreyebwe omwanya n'obwire ebirikumwetorora, omanye ebirikumuhiga, kandi oteebere ebi arikuhurira.
","Koragana n’omutwe gw’ekicweka ky’ekitabo eki barikwija kushoma, batebeekanisize ebikorwa by’abakuru b’ebyafaayo n’ebishushani kandi bamanye ebirikubaho ahari bo, ahu ebyabireho birikubera, n’oha orikukwatwaho nabyo
","Shobora omu kubanza ebintu ebirikukwatana n'ekigyendererwa eky'okuhikiirirwa kworeka obushozi bw'ebyafaayo n'ebikorwa by'abantu abarikukora omu byafaayo, kandi otegyereze embeera, obwire, omuyaga, obushozi bw'omutima, n'ebikorwa.
","Shwijuma ebice by’omu bitabo by’ebishushani kureeba ebi abantu abarikukora, ahu bari, n’oku barikwehurira, orikurora ebyahandiikirwe ebiriho n’ekishushani, emitwarize y’abantu, n’ebintu ebiri omu mwanya.
",,,,D,SEND,Student understanding,Secondary,2023,Literacy
1083,"Shoma omubaire ogurikukurataho: Abanyeshuri abamwe omu ক্লাসে ya kana, hamwe n'abo abarikugira oburemeezi bw'okushoma, nibashobora kugarukamu ebibuuzo by'okwetegyereza ebikwatanisa oburemeezi bw'omutindo ogw'okubanza. Kugasya omugisha gwabo omu by'okushoma n'okubashobozesa kweteegyereza oburemeezi bw'omutindo ogwa heeru, ekikundi ky'abasomesa nikikora n'enkoresa nk'ezi ezirikukurataho aha kubanza kw'amasomo: Omubaire ogurikwolekwa aha board (hamwe n'ebishushani) Guido akata omutura omu kibya yaataho baking powder. Omu kabokisi akandi, akagattisa sukaali na margarine n'amagi. Ku araamara kugattisa ebiri omu tubokisi twombi, akata amata yaakomeza kukuba. Ekibuuzo ky'abanyeshuri Guido arikukora ki? Ni nshonga ki eziri omu mutwe ogurikukulemesa kumwetenga? Wakozesa ki kugera oije aha kagarukiro? Ahabwaki ekikundi ky'abasomesa nikikozesa enkoresa egi y'okukora n'abanyeshuri?
","Kugira ngu bamanye ebintu, bagyeranisye ebintu by’omugasho, kandi bateekateeke omu mitwaro kurugiirira aha bukuru bwabyo
","kugira ngu babeasa kutoorana ebintu, babihurire hamwe, babihumishe n'obumanyi bwabo obw'enyima, kandi bahike aha biteekateeko.
","Kugira ngu bashobore kutooroora ebintu by’amazima bikuru, kubitebeekanisa omu muringo ogurikukurataana, kubihuriiraana n’ebirikurimu, n’okushahoora ebirikubaasa kubaho.
","kugira ngu bashobore kushanga amakuru agambirwe, bagataagurira hamwe n'ebindi bitabo ebisaanaine, bagahuumuriza hamwe n'omuntu (abantu) abarikugambwaho, kandi bateekateeka aha makuru g'ekitabo omu bunuukiriza bwago.
",,,,B,SEND,Teaching strategies,Primary,2023,Literacy
1084,"Shoma omuhendo ogurikukurira: Leonor ari omu mwaka gwa 3 ogw’eshomero kandi aine oburemeezi bw’okushoma. Kandi agyire okushoma nk’oku kirikugambwa, omwegi ashemereire kwongyera okwetwaza n’okuteekateeka aha kwega okushoma n’okuhandiika. Obwo emiteekateeki erikugamiirwa aha mutindo gw’obwomeezi etarikureeta by’omugasho, omwegyesa w’abaana abaine oburemeezi ateekateeka emiteekateeki endiijo erikwetwaza aha mbeera z’omwishiki. Nk’eky’okureeberaho, obwetegyeki bwe n’okugumisiriza n’ebintu ebirikureebwa. Kurugiirira aha biri ahaiguru, muteekateeki ki erikukwatana n’okukoresa Leonor?
","Manya omubungo bw'okubanza omu mazina arikukuhiga kuhandika omubungo obwo, omuhendereze akahandike omubungo ogwo ahabwe n'okuhimba ebigambo kuruga omuri bwo.
","Reeba omuhendo gw'ebicweka by'ebishushani eby'omutaano kumureetera kwesherura omuntu ou akunda munonga omu bishushani ebyo, ahandiike arikushoborora omuntu ogwo omu bwomeezi bwe n'omu biteekateeko bye.
","Shwijuma encyclopedia ez’omutaano kumureetera omutima gw’okukora nobushishozi n’okuhandiika infographic aha bintu ebirimu, orikureeba aha kutebeekanisa, okuhandiika, okuhereza, n’okushaba ekitabo.
","Shoma ekigambo oreebe enjegyane z'ebigambo egi kumuhiga kwombeka enjuba ezitari zimwe nazo, orikurora ngu aine kumanya eiraka ryazo kandi azijukye arikukoresa ebishushani.
",,,,C,SEND,Student understanding,Primary,2023,Literacy
1085,"Shoma omubaire ogurikukurataho: Omwegyesa w'abaana abaine oburemeezi bw'okwega akoresa ebipimo bya Piaget kushuuruura omwana orikwega omu mwaka gwa kabiri orikubaasa kworeka oburemeezi bw'okwega omu kubara. Kurugiirira aha kukoresa akatabo k'ebipimo ""okukoresa obwingi"", omwegyesa arikush conclusions ngu omwana ayorekire obwetengo bw'obuhwezi omu kukwata aha biteekateeko ebiri omu kipimo eki. Ni engyenderwaho ki aha zirikukurataho erikukora aha bwetaago bw'obuhwezi bw'omwana omu mbeera erikushoboororwa?
","Ha omuhanda omuhanda gye abeesikare omubara eby'okurugaho ebirikukurira omwegi kutebeekanisa okukurikirana nk'emitwarize erikukwatana n'ebintu ebirikutaana
","Yamba omushorongo gw'emibaro orikukoresa ebishushani, kworeka omwegi okushusha n'okutaanisa.
","Koresa kaada ngu omwegyesa akoresa kukora ebitekerezo by'obwingi bw'ebintu kandi akorese emisingi ""ekukira aha ki"" na ""ekutakira aha ki""
","Koresa kaada ezirikwata n'omubaro hamu n'emiti ya ayisikiriiti, omwegi asobole kworeka omukago ""ogw'omwe aha omwe"" kurugiirira aha bwingi obwoorekwa.
",,,,C,SEND,Student understanding,Primary,2023,Maths
1086,"Shoma omuhanda ogurikukurataho: Omu mashomo g'ekibalangulo omu kiraasi ya 3, abegyesa nibakora n'abanyeshuri aha muringo gw'okutebeekanisiza emirimo y'okubalangura. Baine omwe aha mirimo, nibareeba ngu Renata, omunyeshuri orikugira oburemeezi bw'okwega omu kubalangura, aine obuyambi omu kwetegyereza n'okubalangura omu mutwe okwongyera hamwe emibaare eri haihi n'ekumi, nk'eky'okureeberaho, obwo arikukora ebintu nk'ebi 26+9 nari 54+28. Twaba niturora egi nshonga eri ahaiguru, muringo ki ogurikubaasa kugarukamu obuyambi obu omunyeshuri arikwenda?
","Baza omuhendo gw'ebintu, orikukoresa oburyo bw'okugyezaho ebibarizo
","Shuuruura omuganyulo gw'ekifo eki buri namba erimu erimu, omuhendo gw'okubanza n'okucwekyera namba
","Nyihaho amahame g'okuhindura omurongo n'okwegaita omu kubaririza, okukora myitooro aha muteekaniso gw'ebintu ebirikugattwa.
","Yijuza enamba ezirikwenda zigyenda zigyerereza hamwe n'ezirikuruga aha mukuru zigyenda zisherura, oijuze omu myanya etarikumanywa egi orikukoresa kwongyera obwinganiza bw'enamba.
",,,,A,SEND,Student understanding,Primary,2023,Maths
1087,"Shoma omubaire: Ekikundi ky’abegyesa omu kiraasi ey’ab’eishomo rya kabiri bakakorera hamwe n’ekiraasi yabo aha mugingo gw’okwega ogurikukurataho: Kuhandiika n’okusharamura omuhendo kuruga ahari 0 kuhika 100 omu muringo gw’okwongyeraana, omu muringo ogurikureebwa, ogw’ebishushani, n’ogw’akabonero. Omu kubumbura emwe aha kiraasi, ekikundi kakeebwa ngu obuhwezi oburikukirayo obw’abamwe aha abegi bukaba nibwo ngu tibarikubaasa kumanya ngu obumwe 11 nibumwe nk’ekumi 1 n’obumwe 1. Kurugiirira aha biri ahaiguru, mugisha ki ogurikugamiirwa aha kukoresa ebikoreso by’okwegyesa ogurikukwata aha kuhikiiriza omugingo gw’okwega omu mbeera egi?
","Nyihamu kukomeza omuringo gw'okwongyera n'okugyenda omu maisho, orikukoresa enamba aha murongo n'ekikoreso ky'okubara (abacus).
","Yegyesereza omuringo gw'okugyenda omu bibinja n'okugyenda omu bibinja bisya, n'ebirikoresibwa by'omutaano n'edaasi.
","Yegyesereza okwongereza hamwe okurikukiraho, orikukoresa obucweka bw'amabara n'emirongo y'emibaro
","Yegyesereza kutebeekanisa namba omu mwirondoozo ogurikwemerera n'ogurikushuuruura, orikukoresa ekideke ky'ebikaati ebirimu namba okuhika ahari ...
",,,,B,SEND,Teaching strategies,Primary,2023,Maths
1088,"Shoma omuhanda ogurikukurira:  Sebastian ni omwegyeshwa omu mwaka gwa kashatu, ahabw'enshonga z'obushwere, tarikumara obwiire bwingi omu ishomero. N'ekirikurugamu, okukura kwe omu by'okwegyesa kukiri ahansi y'okw'abegyeshwa abandi omu kiraasi ye. Nk'eky'okureeberaho, omu isomo ry'Ekibalangulo nibakora okwongyera enamba z'obutonde ezirikushaanisa omu buningi. Kwonka, omwegyeshwa tarikumanyira kimwe enamba z'obutonde n'emikora yaazo, narikwoleka obwetengo bw'obuhwezi omu kurondaanisa enamba kurugiirira aha muhendo gwazo n'omu kukora n'okugyenda.  Ni engyenderwaho ki aha zirikukurira ezirikugarukamu obwetengo bw'obuhwezi bwa Sebastian?
","Koresa omuringo gw'ekiro kubanza kwega, shoma namba orikukoresa kaadi kandi ogyerekane n'okusharamura ebishushani orikukoresa eby'okuzimbisa eby'emisingye mingi kwongyera kumanyira, orikukoresa akabaho k'ebifo.
","Koresa omuringo gw'okuzana (gamification), yegyesa okwongyera hamu enamba z'obutonde orikukoresa ebabaati by'emizano kandi okoreshe data kuhamibya okwetaba kwe, orikurabira omu kusoomooza okurikugenda nikweyongyera kukomera.
","Koresa omuringo gw'okukora omulimo ogurikugyenderera aha purojekiti n'emiringo y'okumaraho oburemeezi, orikukoresa ebyombeko by'emisingi mingi n'emeza z'emibaro kworeka obwingi oburikwongyerwaho no kubugyeragyeranisa n'ebikaati by'ebishushani.
","Koresa omuringo gw'ebifo by'okwegera hamu n'ebizibu ebirikubaho omu magara, n'ebicweka ebirikukwatanisa hamu n'emigogo ya Cuisenaire, kwongyera amaani aha biteekateeko by'okugyenda omu maisho, okwongyera hamu, n'okwegata hamu, n'ebindi.
",,,,A,SEND,Student understanding,Primary,2023,Maths
1089,"Shoma omubaire ogurikukurataho: Abekibiina ky'abareeberezi b'eishomero erikuru ery'eby'obuhangwa hamwe n'omwegyesa w'abaana abaine oburemeezi, bareeba ngu abeeshuli nibenda kugira emiteekateeka y'obuteetantara kandi ""nibeesigama aha mwegyesa"" omu byombeko. Eki nikireebwa omu mwanya gwabo gw'emirimo bwanyima, ahabw'okuba okwetantara tikurikusiimwa kurungi kuruga omu matendekero. Noorekire eki, ni muringo ki ogurikugarukamu ebyetengo by'okushagika abeeshuli omu mbeera erikugambwaho?
","Hanga embeera z'omukura n'enkoresa y'oburyo bw'okubamanya ebiro by'okukora emirimo omu maduka g'emishomo.
","Baituura omugasho gw'okukura kw'omushinga n'okugira ngu bashoboorore kwetaba omu kubanza kutebeekanisa emirimo n'ebigyendererwa ebi birikukirwa omu nteerane.
","Higa omwebuzo aha bikubirwe n'ebikorwa ebyakozirwe omu mahangaano, nukwo beete omugisha gw'okwetaba omu bikorwa ebirikukorwa.
","Hwera omuhendo gw'obugumu n'omutindo gw'ebintu ebikolebwa omu maduuka g'emikono kwongyera aha muhamuro gwabo omu nkora?
",,,,B,SEND,Student understanding,Secondary,2023,General
1090,"Shoma omu mbeera egi: Omu kiraasi ey'abataano omu mashomero ag'omunsi yoona, omu isomo ly'Ebyafaayo, Eby'obutwaatsi, n'Ensi n'obuntu, nibarikukora aha kigyendererwa ""ky'okushoboorora omuringo gw'okutwaara Amerika na Chile, kurugiirira aha bantu abakuru abarikwetaba, obutumwa obumwe, n'entaaro z'obusiraamu"". Omu kuza omu maisho n'emikora, ekikundi ky'omu kiraasi kireebire ngu abanyeshuri abamwe, n'abo abaine oburemeezi bw'okushoma, n'obu barikugarukamu ebibuuzo omu kanwa, baine obukwaatsi omu kwijuka ebintu bikuru kuruga omu bwire bw'ebyafaayo, bahwera omu bwangu kwijuka ebyabaho, kandi niboreka obwetegyerezi bukye omu miringo yaabo ey'okwega. Kurugiirira aha biri ahaiguru, omuringo ki ogurikukwata aha byetengo by'obukwaatsi bw'abanyeshuri?
","Gyeranisa ebitegyerezo omu bitundu bikye kandi oreebiremu ebiri kukura omu bwangu.
","Ha omuhanda gw'okurondera n'okutebeekanisa ebiri omunda y'ebintu nari emigyenzo erikukwatana n'ebyo orikwega.
","Koresa oburyo bw'okwijutsya n'ebishushani ebirikukwasa kwandika ebi orikwega omu kubangurira amakuru.
","Yebuze ebibuzo ebirikutegyereza nari se okwebuuza ebibuuzo okwesigamizirwe aha by'okukora ebi orikukora okwesiga omubiri gw'ebirikukuruga omu mutwe.
",,,,C,SEND,Student understanding,Primary,2023,History
1091,"Shoma omuhanda ogurikukurataho: Ekikundi ky’abegyesa ky’omu kicweka ky’ebyafaayo, eby’obutegyeki n’eby’embeera z’abantu omu kiraasi ya 4 nibatebeekanisiza omurimo gw’okutandika kwegyesa ekigyendererwa ky’okwegyesa “kushanga ebifo aha maapu kurugiirira aha namba z’ebifo (oburinganiza n’obureingwa)”. Okukora eki, baine kuteekateeka aha biteenwa by’ekiraasi ebi: - Abegi 20. - Okubaho kw’abegi abarikurwara endwaara ya ADHD n’oburemeezi bw’okwega. - Nibetaba omu mirimo erikukorwa n’amaani. - Nibatiina okukora ebitabo n’okushoborora omu kanwa. Kurugiirira aha biteenwa by’ekiraasi egi, murimo ki ogurikukora okutandika kukora n’ekigyendererwa ky’okwegyesa eki?
","Mukore n'abaana abeeskuuli omupaapa mwinja munene, nk'ogw'ekitaabo ky'ensi yoona, kubaase kushanga amahanga agariho, nibakwata aha kushiisha ahu agaherereziire.
","Muzane abeeshure omuzano gw'okubuurara aha kaadi, nk'ogw'okurwanisa omu nyanja, bashemere kukwata ebishushani aha kantu akarikworeka omwanya, kibayambe kwetegyereza ebiri omunda batakahurikiza.
","Mureke abeeshuri bakoreshe ebintu bya pulasitiki, nk'omupiira, bashobeho emigyera n'emisalaba, ekyo kibayambe kuhuura omugasho gwabyo aha businge bw'ensi.
","Shambaana n'abeeshuli kushangwa amahanga, nk'eky'okureeberaho, aha globe, nukwo bashobore kumanya omurongo gw'ahagati n'omurongo gwa Greenwich, nibabasiisa kwetegyereza ebi biteekateeko nk'obwemeerero.
",,,,B,SEND,Student understanding,Primary,2023,Geography
1092,"Shoma omwegyesa w’eky’omukaaga nagyezaho kwongyera aha kumanya omu kusoma, okukira munonga, ekigyendererwa “Kukomeza kumanya omu kubanza kusoma ekitabo.” Omu kiraasi, harimu omwegi atarikuhurra orikugambira omu rurimi rw’ebikomo kandi aine oburemeezi omu kwongyera n’okuhikiza ebigambo. Omwegyesa nashanga ensibo y’oburemeezi obu omu buzibu bw’okuhikaana kw’ekikomo n’amanyiso. Noorekire aha mbeera eri ahaiguru, ni enyegyesa ki ehinguraine erikwija kuhwereera omwegi ou aine oburemeezi bw’okuhurra kutunguura ekigyendererwa?
","Ekiragiro: Hindura ebyahandiikwa n'orurimi oruhikire omu mbeera omwegi orikukora.
","Muhe obusome bw'okusoma omu maisho, ngu ashome omu ka yaabo atakashome omu class.
","Omumaro ogurikukwata aha bigambo ebirikwenda kushoboororwa:

Ekyeshongoro eki nikikwata aha by'okugyeragyeranisa omu by'obutegyeki n'eby'obushomesha.

Ebigambo ebi nibiza kushoboororwa:

1. Okugyeragyeranisa: Okushwijuma ebintu bibiri nari okukiraaho reero orora oku birikushushana nari oku bitarikushushana.
2. Obutegyeki: Omuringo ogu ensi nari eihanga eririkutegekanisibwamu n'okutegyekwa.
3. Eby'obushomesha: Ebintu byoona ebirikukwata aha kushomesa n'okwega.
4. Omwetegyeki: Omuntu orikukora omu butegyeki.
5. Omwegi: Omuntu orikwega.
","Muhemu obugambo bumwe na bumwe obu ashemereire kureeba amakuru gaabyo omu kikundiizo ky'ebigambo atakatandika kushoma omu kiraasi:
",,,,C,SEND,Student understanding,Primary,2023,Literacy
1093,"Shoma eky’obuhabuzi obu: “Nibamanywa ahabw’oburemeezi oburikukiraho omu mikorere y’obwongo n’emitwarize, nk’oku kirikworekyerwa omu buhinguzi, embeera z’abantu, n’obushoboorozi bw’omuntu kukora ebintu ebirikukora. Eki nikitandika omuntu atakazaire emyaka 18” (AAIDD, 2011, p. 25). AAIDD (2011). Oburemeezi bw’Obwongo. Okushoboorora, Okutegyeka, n’Entebeekanisa z’Obuyambi bw’Abantu. Alianza Editorial. Omu biteekateeko ebi orikuza kutoorana niki ekirikukwatana n’obuhabuzi obu?
","Obumwe bw'ebintu ebirikukora emirimo etali emwe n'etali emwe
","Oburemeezi bw'omutwe
","Eky'obwengye
","Oburemeezi bw'omutwe (Autism Spectrum Disorder)
",,,,B,SEND,Student understanding,All,2023,General
1094,"Shoma omuhanda ogurikukurira: Jose ni omwegi orikugira oburemeezi ori omu kiraasi ya kana omu ishomero erya buliijo aine obuhwezi, natwariramu omu kiraasi kandi omu Kubara naashobora kukora eby’okubara omuhendo gwa 1-20, arikukoresa ebintu ebirikukwatwa. Hati, ab’ekibiina ky’omu kiraasi nibakora aha mugingo gw’okwega “kworeka okwetegyereza ebicweka ebirimu 12, 10, 8, 6, 5, 4, 3, 2” kandi nibenda kucungura yaaba Jose naayetegyereza omugingo ogu. Kurugirira aha mbeera eyo, n’omuringo gwa kucungura ki ogurikwija kubasobozesa kumanya yaaba Jose yaahikiiriza omugingo gw’okwega?
","Kushushani ebiragiro by'ebicweka ebimanyisirwe omu mishushani y'ebirikoresibwa eby'omutwaro ogurikushushana n'omutwaro gwona hamwe n'omutwaro ogucweirwe.
","Okukora omwegereka omu bibinja abeeshuri barikutebeekanisa kaadi ezirikworeka emicwe aha murongo gw'omubaro ogurikukora.
","Kushushani omuhendo gw'ebicweka by'omugaati gw'amatama gw'okuzarwa ogurikushushana n'omugabo ogurikworekwa omu kabaro k'omurimo akaheebwa ekikundi ky'omu kicweka ky'okwegyeramu
","Kutebeeka omukoki gw'abantu 12 nooha Jose pizza y'okuzanisa ei ashemereire kugaburamu ebicweka bingana kugira ngu agabane n'abanywani be ab'omu kiraasi.
",,,,D,SEND,Assessment,Primary,2023,Maths
1095,"Ni engyenderwaho ki aha ezirikukurira omwana orikwega omu mwaka ogw'okubanza aine oburemwa bw'omubiri omu by'okushobera omu klasa?
","Teeka omwana emirimo erikumureetera kuteekateeka aha bintu ebi arikukora n’okureeba omugasho gwabyo
","Teeka emirimo erikukwatsya omwegi kucwamu kuraba omu bibuzo ebitaine eky'okugarukamu kimwe.
","Tebeekanisibwe omurimo gw'okuhameza omwana arikureeba ekyakozirwe, kandi agyende omu muringo murungi.
","Teeka emirimo omwana arikukora omu bwiire oburikugyenda nibukura, ahabwekyo ashemereire kwandika ebintu byona ebi aba ayegire, kubaasa kuhikiiriza ekigyendererwa eki arikwenda.
",,,,C,SEND,Teaching strategies,Primary,2023,General
1096,"Shoma omuhendo ogurikukurikira: Sofia aine emyaka ikumi, nayegyesa omu mwaka gwa kashatu, kandi aine oburemeezi bw’okwega. Omu by’okubara, nashobora kukora emirimo ehandiikirwe arikukozesa ebishushani kandi n’ayetegyereza emiramu mikuru y’ekibalangulo, narora ebyetengo by’obuhwezi omu kuhandiika emanyiso z’ekibalangulo. Omwegyesa we omukuru ari kukora omu kiraasi aha buhiro bw’okumaraho oburemeezi bw’okwongyera hamwe n’okukuraho. Kurugiirira aha kuhabura oku, niki aha bikorwa by’obwegyesa ekirikuhiga embaganiza y’obuhiro bw’okumaraho oburemeezi bw’ekibalangulo?
","Gambira abeshomesa kuteekateeka embeera ezi barikubaasa kukora ebizibu by'ekibalangulo.
","Shuuruura n'abeeshuri oburemeezi n'ebizibu by'emibaro ebyakozirwe ebyahwereirwe kare.
",,"Reeka omuringo ogurikushobora kwikiriza abeeshure kushoborora omuringo ogukozirweho kukora ekibuuzo ky'ekibalangulo
",,,,D,SEND,Student understanding,Primary,2023,Maths
1097,"Shoma omubaire ogurikukurataho: Omwegyesa w’eky’okubiri omu mashomero nagira ekihika ky’okukuraaza amagezi g’abeeshuri be okwetegyereza ebi barikushoma kuraba omu nshomo ezi zirikusomwa omuntu omukuru. Omu kiraasi harimu Sofia, omweeshuri aine oburemeezi bwa Down syndrome. Orurimi rwa Sofia rurikwetegyerezebwa; aine okwetegyereza kurungi sentensi ezirikwenda kandi ayoreka oburemeezi omu kwijuka ebi yaaba ashomire. Ni engyenderwaho ki aha zirikukurataho erikuhwera Sofia kwijuka ebi yaaba ashomire erikukwatana n’okwetegyereza ebi arikushoma?
","Okuteerereza omugani ogumanyirwe n'omugani oguhindurirwe, abeeshuri bashobore kugugolorora hamu n'okuhereza amakuru ag'amazima ahagugwo
","Okukamuukamuza ebibuuzo ebikwata aha mutwe gw'ebyahandiikwa omukye kandi okugarukamu oraba omu kubanza ekishushani, nukwo abeeshuri bashobore kworeka eki barikumanyisa.
","Kugamba ebi orikuteekateeka aha bantu n'embeera eziri omu bishushani, oreebete omulingo ebiri omu kishushani birikukwatana n'ebyo abeeshuri barikumanya.
","Okushushani orukakuraza aha kitabo ky'okushoma eky'omutaano eki washomereire owaanyu, kwongyera amaani abegi b'ekibiina kukwata ebirimu omu mutwe.
",,,,B,SEND,Student understanding,Primary,2023,Literacy
1098,"Shoma omwana Romina omwegi orikugira oburemeezi bw’omu bwongo orikwija omu rukurato rw’okwegyesa emirimo. Ayoreka omulingo gw’okuteekateeka ogutali mwingi kandi ayoreka emicwe y’obutekereza. Omwegyesa w’abaana abarikwetaaga obuyambi bw’omutaano acwireho kuhwera Romina kutebeekanisa ebintu omu bwire bw’emisomo arikukoresa omulingo gw’okugyenda ‘obutambwe aha butambwe’ omu kubumbabumba emirimo. Twahirira aha mbeera egi, ahabwenki omulingo ogwo gw’okwegyesa guhwere Romina kwega?
","Nikirikukwasisa kutaaho emikago n'okukuza okuteekateeka okutahurirwa.
","Nikikomeeza obwengye n'okuta omutima aha bintu by'eshomero n'aha maka
","Nikukoresa omuringo gw'okwebembera omu miringo, nikyongyera okwetegyeka kw'emyeshuro ye.
","Eri kukora aha mirimo y'omutindo ogurikukurira omu muringo ogurikwetegyereza kucweekereza emicwe etarikuteekateekaho.
",,,,D,SEND,Teaching strategies,"Primary, Secondary",2023,General
1099,"Shoma omubaire ogurikukurataho: Agustan ari omu kiraasi kya 5 kandi aine ekizibu ky’obwongo obutahikire. N’ashobora kwetegyereza ebiri kugambwa byona kuruga aha bantu bakuru n’ab’emyaka nk’eye, kandi n’ayoleka omutima gw’okugamba. Kwonka, obuyambi obukuru obu arikwetenga bukwata aha kugamba okurikwetegyerezebwa. Twahirira aha mbeera ya Agusta­n, niki ekirikukwatana n’ebikorwa by’eby’oburezi ebirikukirayo kumubazaho obuyambi obu arikwetenga?
","Higa omwoyo gw'okugamba orikukiriziibwa ebishushani
","Yongera aha kweshongora n'okukoresa ebishushani
","Shagika kwongyera omugambagambo kuraba omu kubanza kwongyera ekintu nk'ekirikukuru.
","Kugumya ebirikugambwa orikukozesa ekishushani ky'ekintu ekituura
",,,,B,SEND,Student understanding,Primary,2023,General
1100,"Shoma omuhanda ogurikukurikira: Vicente ni omwegi aine oburemwa bw’obwengye orimu Greedi ya 1 kandi aine obuhwezi oburikwetagisa omu kwetegyereza orurimi, nk’eky’okureeberaho, arikukora ebiragiro byangu ebi ahabwa omu kanwa, kugarukamu ebibuuzo, n’okwetegyereza ebyahandiikirwe ebisomwa omuntu ondiijo. Aha mirimo y’obwegyesa erikukurikira, niki ekirikuhwera omu kukuza okwetegyereza okugamba omu mwegi ogurikushoboororwa?
","Yongyera obwire bw'okugarukamu
","Ha omuhanda gw'okukuratira ogw'okuhindura ebiragiro omu bitundu
","Gamba kworeka omuringo gw'okuhurikiza n'okugarukamu omu bwire oburikwetagisa.
","Yongera obutumwa n'ebirikworeka ebirikukwasisa amatsiko
",,,,D,SEND,Student understanding,Primary,2023,Literacy
1101,"Shoma omubaire ogurikukurataho: Juan ni omwegyesa orikugyenda omu mwaka gw'okubanza omu ishomero ry'abaana abaine oburemeezi bw'omutwe. Omu kiraasi, orikumureeba ashoora amaisho kandi ayenda kwega; kwonka, ebi arikugamba tibirikwetegyerezebwa abatarikumumanya gye. Ayetegyereza ebishushani n'obubonero kandi atandika kushoma. Omwegyesa nacwamu ngu nikihangwa kumuhwera aha bi arikugamba kumuhereza oburyo bw'okugarukamu ebikorwa. Tukurahiire ebi, niki ekikoreso ky'omutegyeki ekirikuhwera kutunga ekigyendererwa eki omwegyesa arikwenda aha mwegyesa?
","Ekikoreso ekirikukwata ebishushani n'ebifaananyi kwombeka obubaaho bw'okuhurirana, Ndeka ngambe
","Ekyombeko ekirikukozesa ekikoreso ky'okuhandiika ekirikukwihaho kuhandiika ebigambo n'ebishushani omurundi gumwe, Araword
","Entoronto eririkumegyera aha kwegyesa okushoma n'okuhandiika omu maka, Okwega kushoma na Bartolo
","Pulogulaamu ekora aha bishobooro by'orurimi ebirikushushana (okushoma, okuhandiika, n'okugamba), Leo Primero
",,,,A,SEND,Teaching strategies,Primary,2023,Technology
1102,"Shoma omubaire ogurikukurataho: Paz ni omwegi w’emyaka ena orikugira oburemeezi bw’omutwe orimu esomero ry’abaana bato eririmu obuhwezi bw’enjegyereza enshobeeki. Ayemerera ahabw’okwijuka ebintu ebi arikureeba, ahabw’okuba naijukira ebishushani bingi, obubonero, n’ebintu ebi arikureeba, kandi akakura omu mubiri omu muringo oguhikire aha myaka ye. Omwegyesa w’aha somero ry’abaana bato, hamwe n’omwegyesa w’enjegyereza enshobeeki, bateekanisa omurimo ogurikukwata aha mutima gw’okwetegyereza n’okwetungira: kworeka obwetungire omu miringo ye y’okwambara. Twaba niturora emitwarize ya Paz, ni engyenderwaho ki ezi orikukurataho, ezirikukorwa omwegi, ezirikukwata aha kwongyera okukura kw’obwetungire bwe omu miringo y’okwambara?
","Orambe buri kasheeshe orweshongoro orurikukworeka oku orikubaasa kwambara ekitambaara kyaawe omu muringo ogurikwera, norikukoresa obuhabuzi bw'okuhurira
","Gambaaza apron y'omunywani waawe, reero ogambare ogitureho, ogitureho orikwimba orw'omuko.
","Yambara epuroni ye arikwenda naakwata orwimbo orurikuhereekereza ebikorwa by’emotoka ebirikumwijutsya entaanira z’okukurata.
","Yambara epuroni ye arikukwata aha bwihuri bw’okuhurira arikukoresa obuhinduzi oburikumuha kwemerera okucweeka obucweko omuhanda murungi kandi yenyine.
",,,,C,SEND,Student understanding,Pre-primary,2023,General
1103,"Shoma omuhendo ogurikukurataho: Federico ni omwegi ow’emyaka 8 aine oburemwa bw’obwengye, orikushoma omu kiraasi ya kashatu. Aine okuteekateeka okurikukwata aha bintu ebirikureebwa, kandi omwegyesa omu kiraasi akazura ngu omwegi aine obuhwezi obw’amaani okwetantara embeera z’akabi omu kiraasi n’aha kibanja ky’okuzanira. Kurugiirira aha biri ahaiguru, ni bumwe aha bw’okukuratira nibwo burikukwatanisa okwerinda kwa Federico?
","Gamba engano omuri purogyramu ezirikukwata aha mbeera z'okwerinda.
","Yorekye omulingo gw'okwerinda nk'omuntu, omuhandiizi akulore nk'eky'okurorraho, akigye omumulingo ogwo.
","Baahangire omugisha gw'okubakora eby'okweyamba obutoosha.
","Teeka omuringo gw'okukora ebintu bya buri izooba orikukozesa ebishushani kusobora kukora ebikorwa eby'okwejanjaba omu muringo ogutebeekaine.
",,,,B,SEND,Student understanding,Primary,2023,General
1104,"Shoma omu mbeera egi: Ku kuhingura aha ishomero ry'abato, Camila aine endwara y'obwengye, kandi abakozi b'omu kicweka baine kukora Puroguraamu y'Okwegyesa Omuntu omwe kukuraasa obureezi bw'okushoma nari obushoboorozi bw'okutandika omu muringo gw'okushoma, okukiraho okureeba n'okutooroora, nibashoma ebi omwegi akunda. Kurugiirira aha muringo gw'okushoma ogurikukwata aha byona, niki aha bintu ebi ekirikukuraasa obushoboorozi bw'okushoma omu ntandikiro yaagwo?
","Ekitabo ky'omwana ekirimu ebigambo by'omugaso
",,"Koresa kaadi z'ebishushani n'ebigambo kwegamira ekishushani n'eiziina ry'omuntu orikukwatana nawe omu ka.
","Manya ebigambo ebirikumanywa omu nsi yoona, orikukoresa amaziina g'ab'eisheenzi be nk'ebigambo by'okwega.
",,,,B,SEND,Teaching strategies,Pre-primary,2023,Literacy
1105,"Shoma omubaire ogurikukurataho: Omu mushomesho gw'omukaaga, abashomi nibakora aha buhinguzi bw'oburemeezi. Rodrigo, omushomi orikugira oburemeezi bw'omutwe, ayetenga obuhwezi ahabw'okuba akiri omu mutendera gw'okuteekateeka ebintu nk'oku biri. Ni engyenderwaho ki ezirikukurataho ezirikwongyera aha buhinguzi bw'oburemeezi kuruga omu muringo ogurikukora omu kubara?
","Teeka oburemeezi obwine ebizoobo bibiri nari eshatu ebirikumanyisa omuntu ekirikuba kyo kihikire.
","Yoreka ebizibu ebirikukwata aha kubara omuhandiiko n'okukoresa obubazi nk'obuhwezi omu kumara ebizibu ebyo.
","Teeka ebizooba ebirikukirirana omuhendo, okurikukurirana n'emitwarize y'omwegiisa omwe na omwe, orikukoresa ebintu ebirikukwatwa.
","Kuratwara emitwarize ena y'okucumura ebizibu: kwetegyereza ekizibu, kukora enteekateeka, kukikora, n'okushwijuma eky'okugarukamu.
",,,,C,SEND,Teaching strategies,Secondary,2023,Maths
1106,"Shoma omubaire ogurikukurataho: Julieta ni omwegi ow'emyaka munaana orikugumirwa kwega, kandi ari omu kiraasi ya 2 omu ishomero eririmu enkoreso y'okwegyesa abegi boona hamwe. Omwegi ogu tarikumanyisa gye ebi arikugamba, agyenda gye n'abandi beegi, kandi atwariramu gye omu bintu. Omu ishomero ry'ebyobutonde, abegi nibaija kukora emicwe y'okuteeka n'enva ezirikuruga omu musiri gwabo, ebi barikuteeka nibaija kubikwata vidiyo hanyuma bashuuruure aha mukura gw'ishomero. Ni enki aha mpinduka z'omukura ezirikukurataho ezirikukwasa Julieta kwetwariramu omu murimo ogu?
","Julieta naayehereza aha kureeta kamera, naatwariramu n'okwetaba omu murimo nk'omutebeekaneza.
","Julieta akakora omugutaano gw'omumikono aha mutwe gw'ebirikukwataho, nk'ekitabo ky'amabina nari ekitebyerezo kandi akagishana.
","Julieta akakoresa empapura ezirikworeka ebigambo n'ebishushani ebirikushoborora eki arikukora nk'ekirikuzibaho
","Julieta akakora vidiyo omu ka, omuri yo arikushoborora ebintu arikukoresa emikono omu buringanire.
",,,,C,SEND,Student understanding,Primary,2023,Science
1107,"Shoma omubaire ogurikukurataho: Jaime ni omwegi aine oburemwa bw’omutwe orikwega omu kiraasi eya 5. Omwegi ogu asanga emirimo etarikwetegereza egi eri hare n’amagara ge ga burijo ng’egumire. Ekibiina ky’omu kiraasi nikitebeekanisiza ebikorwa by’enaku enkuru z’eihanga kandi nikiteekateeka aha mugingo gw’okwega: Kumanya emiringo etari emwe ey’obuhangwa bw’eihanga n’ekicweka kyaryo. Ni engyenderwaho ki aha ezirikukurataho erikukwata aha bwetaago bwa Jaime obw’okumuhwera kutunga omugingo ogurikuteekateekwa ekibiina ky’omu kiraasi?
","Teera omuhendo gw'ebirikwenda, omu bicweka by'eby'oburezi, emizaano ya Chile nk'oku eri omu bitundu bya Chile ebirikushushana
","Tebeekanisiza ebyafaayo by'omu Chile ebirukiraine kandi bwanyima obibaanikire ab'eka yaabo
","Mukorere hamwe murikutebeekanisa ebyafaayo n'ebihimbo by'ihanga ryaitu omu biposta
","Gwetaba omu kwetebeekanisa n'okukora eby'okurya by'omuhanda gwabo, bwanyima babiyanjwire aha siteendi.
",,,,D,SEND,Teaching strategies,Primary,2023,Geography
1108,"Ni engyenderwaho ki aha ezirikukurira omuntu omuto orikugira oburemeezi bw’obwongo kwetungira obugabe n’okucwamu ebi arikukora omu by’okweshemeza?
","Higa omwana omuto kwetaba omu bikorwa ebirikushemeza eby'omuriitaka ryabo, oronde ebishoboorozi bye ebirikukirayo.
","Hanga omuntu aha bw'omwana omuto, orikugambira omwegyesa omurimo gw'okweshemeza ogurikukwatana n'emitwarize ye.
","Tebeekanisiza enteekanisa erikukwata omuntu omwe nk'okuhendera aha kikundi ky'obwebemberane bw'okuhindura, ekirikugambira ekikundi ky'obwebemberane kworekana emirimo ey'omwana omuto arikukunda.
","Rooreramu orutonde rw'emikoreso y'okweshemeza omwana omuto arikubaasa kukora omu maka gabo n'omu kaaro, kumwemerera kugira eby'okucwamu, kwihaho eki arikukunda.
",,,,D,SEND,Teaching strategies,Secondary,2023,General
1109,"Omuhanda gw'okukora ogurikukwata aha muyeego gwa Gloria, n'oguha ogurikukuratira omuringo ogu?
","Eizooba ebirikukuratira aha bigambo by'omusingye n'emitwarize omwegi omu akoleera hamwe n'ebiteekateeko, okutuma amara n'okumanya ebimwetengo.
","Yoreka eby'okukora ebirikworeka ebishushani bikuru omu class yoona, ebirikugumya okwetegyereza kwa Gloria, hamwe n'ebirikworekwa ebi turikwija kukoreraho.
","Kurabura omu muringo gw'okukwata omuhanda, yombeka okutorana ebigambo ebishushana n'ebirikwihakanisa omubuuriro, noongyerera aha miko mikuru y'okutwara omuhanda omu bantu abarikukura hamwe.
","Mureke omwana areebye ekishushani eki yaabaire yaashoboororwa, omwegyesa amubuuze eiziina ry'ekintu eki, bwanyima omwegyesa agambe eiziina ry'ekintu eki, Gloria akimanye.
",,,,A,SEND,Teaching strategies,Primary,2023,General
1110,"Shoma omwe orikukurataho: Karina omwegyesa omu mwaka ogwa kana omu mashomero agyezire, akazindurwa obureme bw'amaisho oburikukirira (high myopia) kuruga omu mwaka ogw'okutaano, aine amaisho 20/400 aha kipimo kya Snellen. Nayenda abantu abamurukiraine kandi n'abakwatanisa. Nakora ebintu byoona omu bwihangane kandi nashaba obuhwezi ku kirikwetagisa. Kurugiirira aha biri omu mbeera egi, kandi kurugiirira omu muringo ogurikwetenga obuhangwa bw'omuntu bwona, niki ekirikwetagisa okukora aha bw'okuhereza obuhwezi obw'omutaano Karina?
","Ashemereire kukomeza okukoresa obuhangwa bwa braille, kubaasa kukora emirimo ye y'eshomero.
","Ashemere kushoora kutandika kwega emiringo ya Hoover ahabw'okugyenda yenyine atarikwebemberwa.
","N’ashemeire kwongyerwamu ebipapura ebirikugambwa, ekitebe ky’okutuuraho, hamu n’emyeshorongo erimu omwanya mwingi aha bikorwa bye by’eshomero.
","Ashemere kushoora kutandika kwega ebikoresho by'obuhangwa bw'omugasho kumuhwera kugaragaza ebirikumumanyisa omu miringo etari emwe.
",,,,D,SEND,Student understanding,Secondary,2023,General
1111,"Shoma omugabe w’ekicweka ky’abanaishomero ab’omukaaga omu ishomero eririmu enteekaniza y’okwegyesa abantu boona naayenda kutoorana omukago ogurikukwata aha mbeera z’abantu omu kicweka kye. Omu baineishomero be harimu Raol, ou orikureeba atakazairwe. Atakahandiika enteekaniza, omwegyesa naashaba abaineishomero kugarukamu ekibuuzo eki: ninjwehurira ntya ntaineishomero bangye? Raol naagarukamu ati: Tindikwejura kurungi omu kicweka, nikiriyo oruyo rw’amaani. Tindikumanya orikungambira, nibakora eki ningwaaha kandi ninyomeera kubyetegyereza. Ninjwehurira ndi nyenka. Ni nteekaniza ki eyorikukora kutoorana omukago ogurikukwata aha mbeera z’abantu omu kicweka eki n’okuta Raol omunda?
","Ereeka omuhanda gw'okworeka abanywani b'eklassi, omu bwire bw'okuteekateeka, obujurizi kuruga omu bantu abaine oburemwa.
","Kora eby'okushusha nk'abantu abarikukora emirimo omu class, orikwoleka omuringo abanyeshuri bashemereire kwegamurana.
","Mubuuze abegi boona omu kiraasi kworeka omu ndimi zaabo oku barikwehurira omu kiraasi yaabo.
","Shutama e mizaanzi y'emizaano ey'omutaano omuhanda abeeshumi boona omu class bagashaaga omu.
",,,,B,SEND,Teaching strategies,Primary,2023,General
1112,"Shoma omubaire ogurikukurataho: Maria Ignacia ni omwegi owa 5 omuishomero eririmu programu y’okutwara hamwe abantu boona. Ahabw’oburemeezi bw’amaisho ahabw’endwaara ya retinitis pigmentosa eyakula munonga. Omu by’emirooro n’omutima, ayoreka omukago murungi n’abanywani be. Abegyesi b’omu kicweka, omu isomo ry’Orurimi n’Obuhangwa, nibaija kushwijuma ekigyendererwa ky’okwegyesa: “Okuhandiika ebyafaayo omu muringo murungi, ogw’obuhangwa, n’ogu butarikutebeekanisibwa.” Ahabw’ekigyendererwa eki, omwegyesa w’abaana abaine oburemeezi naagumya obuhangwa bw’okukora engyenderwaho z’okuhikaana ahabwa Maria Ignacia. Nooreeba aha mbeera egi, ngyenderwaho ki ezi ziriyo ezirikukirayo kuba nungi kushwijuma ebi Maria Ignacia yaayegire?
","Koragana n'omwegyesa omunywani waawe.
","Hanga ebyafaayo bye omu braille
","Mugambire eby'afaayo bye omu kamwa
","Guzaho orukuganiro omwegyesa arikushoborora.
",,,,B,SEND,Assessment,Primary,2023,Literacy
1113,"Shoma omuhanda ogurikukurira: Roberto ni omwegi omupofu oraaherize kwetaba omu rukurato rw'okuteeka. Okuteeka buzima nikumushisha, kandi nayenda kukora omu kicweka eki. Kwonka, natina amagezi ge okukwata ebikoreso ebirikutsya, ekirikureeta oburemeezi omu kwega kwe. Omwegyesa w'enjegyereza y'abaana abaine oburemeezi omu rukurato akashaho ekigyendererwa eki: Kwega emiringo y'okwerinda omu kucwa n'okukwata eby'okurya kubaasa kuteeka omu bwesi n'obwerinzi. Eki nikimanyisa ngu ashemereire kukuriraana n'okugarukamu ebyo Roberto arikwetenga kumuhwera. Kurugiirira aha biri ahaiguru, murundi ki ogurikukwata gwa kumukuriraana n'ekigyendererwa eki ekirashairweho?
","Koresa omukoro gw'okutema ebijanjaaro orikukoresa omuringo gw'okukwata omukono aha mukono, orikurugiirira aha biragiro ebiri omu kunoonyereza kw'emirimo.
","Koresa ekikuumiro ky'engaro, n'ebirikuragirira, omuhanda gw'okukikoresa, omu kubazamu ebijanja n'ebibala aha rubaho rw'okutemaho
","Kuruga ebiragiro eby'omumwa kuruga omuhendeeza omu kubamba n'okucweeka emboga otarikukoresa ekikoomi ky'okucweekeraho, orikuraba omu kumanya omu kubataata.
","Koresa omuhendo gw'amaizi g'omuti n'ebicweka bya silikooni rundi goma y'omuti kworeka omuhanda gw'obwogi bw'ekyoma, reero oteme eby'okulya aha kapaati k'okutemeraho.
",,,,B,SEND,Student understanding,Secondary,2023,Technology
1114,"Shoma omuhendo ogurikukurataho: Fernanda ari omu mwaka gwa 1 omwishomero eririkwenda obuyambi bw'omutaano omu by'okwegyesa. Okushangwa kw'amaisho ge nikwo retinitis pigmentosa kandi, obwahati, aine okureeba okurikukirira omu rubaju rumwe, aine okureeba kw'aha mutwe okurikukirira. Nomwegi orikukunda munonga okwega kandi anywaniire gye omu kiraasi ye. Omwaka ogwahwaire, akega enyuguta n'ebigambo bingi omu kigaati. Ab'ekibiina ky'omu kiraasi baine kucwamu miringo ki ey'okworohereza erikwija kukoresibwa kuhindura ebintu by'okushoma bye. Tukurate ebi biri ahaiguru, ninkizo ki ey'okworohereza erikukwata aha kugarura Fernanda okushoma?
","Okushoma n'okuhandiika orikukoresa empandiika nungi
","Okushoma n'okuhandiika omu muringo gw'okuhandiika ogwa Braille
","Okushoma n'okuhandiika n'enjazi ezigyendereire nari nkye
","Okushoma n'okuhandiika Braille aha ka easel n'ekitabo ekirikutsindika enyima ekinene
",,,,C,SEND,Student understanding,Pre-primary,2023,Literacy
1115,"Shoma omuhanda ogurikukurataho: Sergio aine emyaka ikumi na mukaaga kandi ari omu mwaka gwa 3 ogw’ishomero ry’ebyemikono eririkwega eby’oburimi. Akahwa amaisho ahabw’okugwa omu maisho omwaka gwaherize. Okugarurwa omu bwengye bwe kubaire kugumire munonga, omu biteekateeko n’omu muringo ogw’okwetegyereza. Ekibiina ky’abasomesa kiri kucweera eby’omugasho by’eby’obuhangwa ebirikukirayo oburungi kumuhwera kwega, ahabw’okuba omwaka ogu atandikireho kwega, twarikurora ngu omwegi ogu taragarwire kwenda kushoma n’okuhandiika omu byafaayo by’eishomero rye. Twarikurora embeera ya Sergio, eby’obuhangwa by’omuringo ki ebiri omugasho munonga kumuhwera omu by’okushoora omu by’eishomero?
","Eshimu y'omungaito erikukora n'eiraka hamu na SIRI
","Ekiringiti ekyongyera n'ekikoreso ky'okushoma ebyahandiikwa (OCR)
","JAWS eky’okushoma ebiri aha screen hamu n’eky’okworeka eby’omubraille
","NVDA eky'okushoma ebiri aha kyasha na mashini ya Perkins
",,,,A,SEND,Teaching strategies,Secondary,2023,General
1116,"Shoma omubazo ogurikukurataho: Omu mwaka gwa kabiri gw’eshomero erikuru, omwegyesa w’ekibaro naakora aha kiragiro ky’okwega ekirikukurataho: Kushoborora ebirikuhairwe kwenda eby’okukora emigongo y’ebintu. Kucweekereza ekiragiro eki, omwegyesa naagira ngu bakorese programu za kompyuta ezirikushushana. Omu banyeshomero abari omu isomo eryo, harimu Felipe, orikuremwa kureeba kandi akatunga obuhwezi bw’okumuhwereza. Nooreeba ebirikukiraho, obuhwezi obu nibwo burikukiraho kukoresa na Felipe aha kiragiro eki?
","Koresa Braille
","Koresa programu ya JAWS
","Ninkoresa EDICO software
","Ngyenda kukoresa omuringo gw'okuhwera abantu abarikukoresa tekinologia.
",,,,B,SEND,Teaching strategies,Secondary,2023,Maths
1117,"Shoma omubaire ogurikukurataho: Mati­as ni omwegi orikureeba butoosha kandi ori omwaka gwa 1 ogwa Middle school. Ayoreka obwengye oburikuringana n'emyaka ye. Ariyo ayega obuhangaare omu ICT n'omuringo gwa braille, omu kushoma n'okuhandiika kwe. Omu ishomo ry'orurimi n'ebitabo, abari omu kibiina bakora omurimo ogurikugyenderera aha mugyenderero gw'okwega ogurikukurataho: Kukoresa obuhangaare bw'okuhandiika obwetungirwe omu muringo ogurikwenda n'obuhangwa nk'omuringo gw'okworeka ebi omuntu arikukunda n'obu araabe naayoleka emiringo emisha, okukora okucwekyereza aha miringo y'omutaano ogwo atakaguhandiika. Kurugiirira aha mitwarize ya Matias, n'enkoreso ki y'okushoma n'okuhandiika erikukirayo kwenda kukora omurimo ogwo?
","Ebyahandiikwa omu nteekateeka ya Braille n'okuhandiika omu mpandiika enene
","Ebyahandiikwa ebirikukoresa enyima ezirikwera n’okuhandiika omu rurembo rwa braille
","Omuteko ogurikukora n'omuranga n'okuhandiika omu Braille
","Omukozesa eby'okureebereza ebiri aha screen hamu n'okuhandiika omu rurembo rwa braille
",,,,C,SEND,Teaching strategies,Secondary,2023,Literacy
1118,"Shoma omuhendo ogurikukurataho: Rodrigo, omwegi orikugwirwa obuhute bw'amaisho obw'okuburwa amaisho kuruga obu azaarwa, orikureeba obutundu bw'ebintu bikuru kandi ebi haihi, akingira esomero ry'abaana abato omu ishomero eririmu puroguraamu y'okwegereza hamwe, narikutunga obwegi obutongye omurundi gwe ogw'okubanza. Abegyesa be nibareeba ngu omwegi aine okukura kw'amannya g'ebintu okutari kwingi nk'oku kirikwetegerezebwa omu myaka ye. Twaba niturora embeera eyo n'emitwarize ya Rodrigo, niki ekirikukiraho kukora nk'okuhindura omu muringo gw'okwegyesa abegi boona kubaasa kuhikiiriza okukura kw'amannya g'ebintu okurikwetegerezebwa omu mutendeka ogwo?
","Abaana nibahandiika enumi ez'omutaano omu kukora eby'okureeberaho omu bibinja
","Abaana nibazaana kushuuruura n'okutahura ebigambo ebitarikumanywa kuruga omu nsheeko.
","Abaana nibashohoora ebintu ebirikukwatwa, ebito, okubumba n'okugamba aha mitwarize yaabyo.
","Abaana nibagenda omu kutambula omu byaro, nibashooroora ebintu bisya kuraba omu kukoraaho.
",,,,C,SEND,Teaching strategies,Pre-primary,2023,Literacy
1119,"Shoma omubaire ogurikukurataho: Carmen ni omwegi ow’emyaka munaana orimu Gureedi ya kabiri omu ishomero eririmu puroguraamu y’okwegyereza hamwe. Ayorekwa nk’omuntu orikushemererwa kandi orikwetaba omu bintu. Akahwa amaisho ahabw’endwaara ya retinoblastoma. Omu by’okubara, naamanya okwongyera n’okutoora kuhika aha namba makumi ataano, arikukoresa abakasi n’enjazi za Braille ezirikwombeka emirongo ebiri. Abari omu kiraasi bareeba ngu akiri aha mutendera gw’okuteekateeka ebintu ebirikureebwa kandi nikimugumira kwetegyereza omuringo enamba zihindamu (okukira, okucweera, okuringana, omurongo gw’enamba, n’ebindi). Kandi kugira ngu bayambe Carmen kwetegyereza ebintu by’okubara ebitarikureebwa kandi bamukuratiremu kwetaba omu kwega ebintu bisya, abari omu tiimu nibateekateeka kukoragana nawe aha mugingo gw’okwega ogurikukurataho: Kushoboorora embeera eziriho arikukoresa orurimi rw’okubara arikuhiga okukuumira obwingi. Ni engyenderwaho ki aha zirikukurataho erikuhiga omuringo Carmen arikukwata orurimi rw’okubara?
","Pima emikoba ebiri erikurungaana obureingwa. Bita omukoro, omwe ahansi y'ondiijo. Geranisiza n'omwegi oricwamu ngu zirukurungaana obwingana bumwe. Reero ote omukoba gumwe omu muringo gw'ekyasha kya kare n'ondiijo ote omu murongo ogworobi. Buuza ngu omukoba ogurikupima muno niguha. Kora empinduka ezitari zimwe nawe obuuzeho. Pima eky'okugarukamu ekihikire.
","Geranisiza omukufu gw'ebintu ikumi omuhendo gubiri. Biteeke omurongo, ekimu ahaiguru y'ekindi, obibare hamwe n'omwegi, ocinge ngu byombibi biringana omu bwingi. Reeka obwahati obwingi ahagati y'ebintu ebiri ahansi, reeka omwegi abibare kandi areke omunwe aharikworeka omu bwingi. Teeka ebintu omuburyo obutari bumwe. Pima eky'okugarukamu ekihikire.
","Yijuza ebimushaho bibiri ebiri nkaimwe omu mazi agyingana. Reeba omwegi ngu obwingi bw'amazzi niburingana. Reero yoreka ekishaho ekikuru n'ekito, okoresa omukono aha mukono, ohinguremu amazzi omu bishaho byombi n'emikono yoombibi omurundi gumwe. Obuuze harikureebeka harimu amazzi maingi. Pima eky'okugarukamu ekihikire.
","Koresa ebikubo bikuru mukaaga n'ebito kumi na bibiri, byombi bikwate omwanya gumwe. Teeka, hamwe n'omwegi, ebikubo ebito aha by'ahaiguru y'ebikuru. Shwijuma omwanya gw'okweyajura hamwe nawe. Reero taanisa ebikubo omu bunene bwabyo, omuhanduule: ""Byombi ebikubo
",,,,B,SEND,Student understanding,Primary,2023,Maths
1120,"Shoma omuhanda ogurikukurataho: Francisco azaarirwe ari empumi buzima kandi ari omu mwaka ogwa 6 omu ishomero eririmu obuhwezi bw'enjegyereza y'abantu abaine oburemeezi. Okukora kwe omu by'eshomero, bwageranisibwa na bagenzi be, kuri aha mutindo ogwa hati. Ashemererwa okuzaana n'okugamba n'abanywani be. Ekikundi ky'abasomesa omu kelasani, ahabwa isomo ry'Orurimi n'Empurizana, bacwireho kukora aha kiragiro ky'okwega ekirikukurataho: Kushaka n'okugyeragyeranisa ebiri aha mutwe gw'ekigambo, kurugiirira aha bitabo nk'omukura gw'omukura nk'omutandao, ebikubirizo, ebitabo, amakuru, n'ebindi, kukora purojekiti y'okushwijuma. Kukora eki, bateekanize orugyendo rw'okwegyesa aha laibrari y'omu kyaro. Ni muringo ki ogurikwongyera aha kwetaba kwa Francisco n'obwesigye bwe omu murimo ogu?
","Hinga omwegyesa orikukuratira omwezi weena
","Leeta ebitundu by'ebyahandiikwa omu mpandiika y'abataani.
","Shoma okusoma kw'omuriikaramo ry'ekika kyona.
","Shuuruura emitwe y'okushwijuma orikurugiirira aha muhamuro.
",,,,D,SEND,Teaching strategies,Secondary,2023,Literacy
1121,"Shoma omubaire ogurikukurataho: Damian ni omwegi orikureeba atariho kandi obwahati ari omu kiraasi eya munaana. Naayega kukoresa ICTs hamwe n'enkoreso ya braille kushoma n'okuhandiika. Ekikundi ky'abasomesa omu kiraasi nikireeba ngu aine oburemeezi omu kuteera omukago n'abandi beegi. Omusomesa w'ebyobutonde acwireho kukora aha mugingo gw'okwega ogurikukurataho: Kukoresa omugamba gw'ebintu bya kemikali nk'eky'okureeberaho kwenda kumanya embeera y'ebintu bya kemikali kurugiirira aha muringo gw'obutini bwabyo. Okukora eki, ashemereire kutebeekanisa omuringo gw'okukora ogurikwetegyereza embeera ya Damian. Ni muringo ki ogurikukurataho ogurikuhwera kukora aha mugingo ogwo oguratebeekanisiibwe ahabwa Damian?
","Omugamba gw'ebirikare by'obutonde oguhindurirwe omu Braille ahabwa Damian, ogurikumuha omugisha gw'okutunga amakuru agumara.
","Taaha omukoki gw'okukora omu mirimo, muhereza ebikozesebwa ebirungire kurahura Damian kureeba amakuru
","Ha Dami­an kompyuta erimu screen reader, erimu ebikwa­ta­ra­nye ebi­ne­en­e­za omu­g­ye­nd­e­rw­a­mu.
","Mube n'omwegyereza orikubaasa kuhereekereza abeeshumi abarikugumirwa munonga, nk'eky'okureeberaho, Damian.
",,,,B,SEND,Teaching strategies,Secondary,2023,Science
1122,"Shoma omu mbeera egi: Maria Luisa ari omu mwaka gwa kana omu ishomero eririmu enteekateeka y'okwegyesa abantu boona hamwe. Aine oburemeezi bw'amaisho ahabw'okuba aine endwara ya aniridia na horizontal bilateral nystagmus. Omu kiraasi y'ebyafaayo, geography, n'eby'obuhangwa, abegyesi nibaija kukora aha kiragiro ky'okwega ekirikukurataho: Kugaragura okubaho kw'ebintu ebirikureebwa n'ebyobutonde (nk'ensozi, emigyera, amarungu, ebishingo, obwire, n'ebindi) omu bintu ebirikureebwa ebitari bimwe omu kitundu kye. Kandi ahabw'ekyo, abegyesi bashemereire kutebeekanisa enteekateeka erikwija kuhwera Maria Luisa kwetaba. Ni nteekateeka ki erikwija kuhwera Maria Luisa kwetaba n'okuhikiiriza ekiragiro ekyo?
","Hanga omu bwiini, ebirangi by'emiteremo y'ensi etari emwe n'emwe.
","Teeka ekishushani ekirikworeka enshushani z'obutaka ez'omutaano omuhendo, orikukoresa ebintu ebirikukwatwaho.
","Hangaanira kaadi z’okushoboorora ezirikukwata aha mikiri gw’obutaka omu bwijwire
","Yombeka eky'okureeberaho ekiine obubonero oburikukwatwaho oburikugyenda nibukwatanisa ebishushani by'obutaka ebitaanuuraane
",,,,D,SEND,Student understanding,Primary,2023,Geography
1123,"Omugyenzi Martina ori omwegyesa omu mwaka gwe kubanza owa secondary, akaba aine endwaire ya aniridia, ekwataine na nystagmus hamu na strabismus y'amaisho goona. Nayoreka omukago murungi n'abegyeswa abandi kandi atandika emikago omu kiraasi. Nayoreka obureezi obuhikire omu by'okukora ebi ayenda buri izooba hamu n'okumanya ahu arikugyenda, kandi ariyo omu muringo gw'okuhindura okuruga omu bihandiiko birikukwata ahari braille. Aha isomo ry'orurimi n'ebitabo, abari omu timu y'ekiraasi nibacwamu kukora aha mugyenderwwa gw'okwegyesa: Kumanya n'okwetegyereza abantu abahandiiki b'ebitabo abari omu biiriri ebirikushomwa kwongyera okwetegyereza kwe. Abari omu timu y'ekiraasi nibashaba abegyeswa kukora orupapura rwa PowerPoint, orurikworeka ebiriri by'enyimba ezirikushangwa, hamu n'obwengye oburikugyenda nazo, ezirikuhurikwa kandi zikashomwa buri omwe, ngu Martina n'awe ashobore kwetaba omu kutebeekanisa hamu n'okworeka. Ahabw'enki omuringo ogurikukoresibwa abari omu timu y'ekiraasi nigukwatanisa okuhikiiriza omugyenderwwa gw'okwegyesa oguratebeekanisibwe na Martina n'ekiraasi ye?
","Nibyoreka abeeshuri omugisha gw'okutunga amakuru kuraba omu miringo etari emwe, erikubaasa kutwariramu amakuru ag'okuhurira, ag'okureeba n'omugatte gw'ago goona.
","Nibyoreka abeeshuri omugisha gw'okwetungira, kuraba omu kuhindura omu muringo entebeekanisa nari obwire buraabe buhingurirwemu kureetera amasomo nari okusesa kw'amaisho kukura.
","Nibyoreka abeeshuri omugisha gw'okukora omuhanda gwabo, kuraba omu kukora empinduka omu byanya, hamu n'obumbeera omukikorwa, omurimo, rundi okusesa kikorwa.
","Nibyemerera abeeshuri kukora emirimo, ebikorwa, n'okucungura ebintu kuraba omu miringo etari emwe n'ebikoreso ebirikushushana nari obuhangwa n'eby'obuhangwa ebyombekirweho buzima
",,,,A,SEND,Teaching strategies,Secondary,2023,Literacy
1124,"Ekibi y’eklassi nibamaliriza okwekenneereza okuhikire aha Maria, omwe aha bayeshuri baabo abarikugira oburemeezi bwingi. Okuhika hati, baine ebintu ebi: okureeba omwetwarize n’omukozi gw’omubiri omu klassi, okubuuza ab’eka, n’okushoma ebyarugire omu bakekenneereza abandi. Kurugiirira aha mbeera, niki ekika ky’okwekenneereza ekirikwetagisa kukora enteekateeka y’okuhwera Maria omu bw’omuntu?
",,"Okugyezaho kw'okukura kw'ebirikukorwa n'omubiri
","Okugyeragyeranisa n'okucungura omuntu omu biteekateeko
","Okugyezibwa kw'omurimo gw'okuhurira n'okureeba
",,,,C,SEND,Assessment,All,2023,General
1125,"Shoma omubaire ogurikukurataho: Emilio ni omwegyesa owa klasse ya kabiri orikwoleka oburemeezi bw'orurimi obutari bumwe. Ahabw'oburemeezi bwe n'ebigambo ebitarikumanywa munonga n'orurimi rw'emigani, akahabweera omwegyesa omwezirikiizi kumuhwera n'okushoboorora ebi arikushoboororwa ebi atarikwetegyereza. N'obuhwezi bwe, Emilio arikukora emirimo yaabaasa kugiihwa n'okugarukamu omu bwire obu yahaabwe, n'obu arikutwara obwire buraingwa kugiihwa. Twashushaniisa empinduka omu mikorere y'omwegyesa, n'ekirikubaire kiremesa Emilio okwetaba n'okwega?
","Shoma omwegi akore eki.
","Eky'okubanza: Sharamura ekibuuzo ekirikukuruga aha mutwe gw'ebyafaayo.

Eky'okubiri: Yandika eky'okugarukamu ekirikwetengyesa okwetegyereza n'okushoborora omu bwijwire.

Eky'ahairuho: Yetegyereze ebigambo ebirikukoresibwa n'omuringo ogurikukuratirwa.
","Sharamura obwire bw'okumaririza omurimo ogurikutekatekanizibwa
","Muhe omwegi omuringo gumwe gusa gw'okworeka eki yaayegire.
",,,,B,SEND,Student understanding,Primary,2023,General
1126,"Shoma omuhendo ogurikukurira: Amalia ni omwegi ow’emyaka ena orikugyemwa oburemeezi bw’okugamba, orikwega omu ishuri ry’abaana bato ery’orurimi. Omwegyesa we nashoboorora oku ayenda kwetaba omu ishomo; kwonka, omu kukura kw’orurimi rwe, nikireebwa ngu tarikubaasa kwetegyereza ebi omuntu orikugamba nawe arikwenda nari okuhereza omwanya abandi omu kubuuza. Kandi, ku arikugamba, naruga omu bigambo ebigambo ebirimu /r/, tagambaho ebika by’amannya kandi akaba atarikushobora kugamba sentensi ezirikworeka ebirikubaasa kubaho. Twaba niturora emyaka ya Amalia, obuyambi obu arikwenda nibureebwa omu kiicweka ki ekirimu orurimi?
","Ebirikumanyisa by'ebigambo
","Ebirukirira by'amaajwi
","Ekirikukora
","Emitero n'entereeza y'ebigambo
",,,,C,SEND,Student understanding,Pre-primary,2023,Literacy
1127,"Shoma omubaire ogurikukurira abana omu ishomero ry’orurimi nagambira ngu abamwe aha banyeshuri be nibetenga obuhwezi omu mirimo y’orurimi egumire, nk’okushoborora omwanya gw’ekintu omu kubiangana n’ekindi n’okuha amakuru agarikworeka oburyo. N’ahabw’ekyo, acwiremu kukora okucungura kw’obwengye n’okwegyesa. Twashushana embeera erikushobororwa, ni burihe bw’omuringo gw’okucungura oburikukiriza kutunga amakuru aha byetengo by’obuhwezi bw’abanyeshuri?
","Kozesa ekizibo kucweeka obwengye bw'abantu aha biteekateeko by'obwire
","Kora ekizibu kyo kushuuruura obwengye n'okushobora kw'omukozi orikukora omu mwanya ogwo.
","Koresa omugongo gw'okwetegyereza kw'ebigambo n'okukuratana kwabyo omu by'orikwenda kumanya.
","Kora orutindo rw'okucweeka okukoresa ekintu ekirikukorwaho omu sentensi:
",,,,B,SEND,Assessment,Pre-primary,2023,Literacy
1128,"Shoma omubaire ogurikukurataho: Gabriela ni omwegi owa 3 omuishomero eririmu eishami ry’okwegyereza hamwe abegi abarikukora gye n’abarikukora kubi, aine oburemeezi bw’orurimi obutari bumwe. Aba team y’omu kicweka bakazoora ngu omu kubuganira omu rukurato, ebi arikugamba tibirikukwatanisa n’omutwe gw’ebirikugambwaho kandi omuntu ou arikugambira ku arikushaba kumushoboororera, naruga omu kubuganira atarikumaraho oburemeezi obwo. N’ahabw’ekyo, okucungura kurasabwa kuruga omu team y’abegi abaine oburemeezi obutaano. Ni engyenderwaho ki y’okucungura erikukiriza okukungaana amakuru agurikukwata aha byetengo by’omwegi?
","Teeka omu rubriiki okwetegyereza orurimi rw'emigani omu mbeera z'okubuurirana n'abantu.
","Kuratwara omusingi gw'obuhangwa bw'okugambirana ogurikukoresibwa omu kubuurirana.
","Rekooda omu muringo gw'okusiima emikorere erikwoleka omu kubuurana.
","Kuranga eky'okurora ekirikukuratira okukoresa sentensi zigyunganisiibwe omu rurimi orw'omutima.
",,,,B,SEND,Assessment,Primary,2023,Literacy
1129,"Shoma omubaire: Omwegi ow’emyaka ena n’amezi ikumi, omugurusi w’eby’okugamba omuishomero akareeba ngu tarikumanyisa rurengo /m/ omu bigambo bye kandi aine oburemeezi bwa -2 SD omu bigambo omu kyezo kya TECAL. Kandi, omugurusi w’abaana abaine oburemeezi akareeba ngu sentensi ze tizirikukwataana, kwonka ebi arikugamba nibyetegyerezebwa. N’ahabw’ekyo, abagurusi b’omu kicweka bakateraanira hamwe kumanya ekicweka eki baraatandikiremu kuhwera omwegi. Kurugiirira aha biri ahaiguru, ni kiki eki bashemereire kutandika kuhwera omwegi kureetera orurimi rwe kukura?
","Okuteera ebigambo
","Okumanya eby'amajwi g'orurimi
","Okugambira omuhendo gw'ebigambo
","Okutebeekanisa sentensi
",,,,A,SEND,Student understanding,Pre-primary,2023,Literacy
1130,"Shoma omuhendo ogurikukurataho: Danieli ni omwegyeshwa omu ishuri ry’abaana abato, orwaire endwaara y’orurimi erikaguraine, orikugyenda omu ishuri ry’orurimi. Omwegyesa we amureebire ngu arikwetenga obuhwezi bw’okukoresa enyigisho ezirikworeka omu kigambo ky’amazina, ahabw’okuba akora enshobi z’okuhikaanisa. Omuhendo ogu gugira ngu gusaasaana aha mikoranire ye n’abandi beegyeshwa n’abakuru, ahabw’okuba asanga kigumire kworeka eki arikwenda kumanyisa. Kurugiirira aha biri ahaiguru, murimo ki ogurikukora aha byetengo by’omwegyeshwa ogu?
","Reeba oreeke kandi oshobore kushuuruura ebishushani, orikuuga omukozi omu ebishushani arikukora ki
","Huurira kandi okuratira ebiragiro by'omuhangara ebikye ebiherwa omu mizaano y'ekibina ey'amaani.
","Manya hamu oreebe ebirikukorwa abarikwetaba omu kuzana omu muringo gw'okweshoroza.
","Huurira otabireho omugambirizi aha iziina eriri omu bumwe nari obwingi omu sentensi ezi orikuhairwa, nk'oku kirikubaasa kuba kirungi.
",,,,D,SEND,Student understanding,Pre-primary,2023,Literacy
1131,"Omu bireeberezo by'okutaayaayira amagombe, omurimo ki ogurikukuriza omwana omweegi aine oburemeezi bw'orurimi kukura omu kukoresa orurimi omu bintu bye bwaine?
","Tebeekanisa omuganda gw'okworeka ebi students barikworeka omulimo n'amagara g'omuhangi orikumanywa omu bwire bw'okutaayaayira.
","Tebeekanisa omuzano 'omulimo gwangye ogu ndikukunda munonga' omuri abanyeshuri baronda omulimo obu bareebireho kandi bagamba aha biteekateeko ebi gurikubateekateekyesa.
","Teekateeka omuzano 'orugyendo rw'ebirooto' abeeshuri kubingana nibataaha omu kitabo/omurimo, reero bashoboorore orugyendo rwabo.
","Teeka ebifo by'okubuuza ebibuzo abeeshuri bashemere kukora, omwegyereza owa myuziyamu arikubaasa kubazamu ebibuzo nk'ebi: Omukugu akakora ebishushani obu niweha? Ni muringo ki ogu akakozesa omu kukora omulimo gwe?
",,,,B,SEND,Teaching strategies,"Primary, Secondary",2023,Literacy
1132,"Shoma omubaire ogurikukurataho: Omu kiraasi ekya mbere omu ishomero eririmu abaana abaine oburemeezi obutaano, abamwe aha baine omugisha gw'okuhandiika nibakoresa akagaali. Ahabw'ekyo, omwegyesa naakora omurimo ogurikugambira abaana kushoma sentensi ezirikuruga omu bujumu obutaano, reero yaabahiga kworekana omuhendo gw'ebigambo ebiri omuri buri emwe. Kuruga aha ekyo kyona, niki ekirikureetera omwegyesa kukoresa omurimo ogwo ogugambirweho?
","Kugyema obwengye bw'ebigambo omu sentensi
","Kwetegyereza omuringo sentensi ezihandiikirwe zitebeekwa.
","Kugumisiriza okwetegyereza ebirimu omuhendo gw'ebigambo
","Kwetegyereza omugasho gw'obutini bw'ebigambo ebirikworeka omulingo omu sentensi
",,,,A,SEND,Teaching strategies,Primary,2023,Literacy
1133,"Ni enki aha mirimo egi egumya okuteekateeka aha biteekateeko (metacognition) omu banyeshuri abaine oburemeezi bw'orurimi obutaahukaine, obu barikukora omugisha gw'obutegeki bw'abantu boona: okutorana omukuru w'ebikoreso by'ekiro?
","Gamba aha bukuru oburungi abegi bagarukye ebibuuzo nk'ebi: Abakuru ki ab'omumanyi?
","Tebeekanisa entekanisa y'okubuuza omubuurizo omu, abeeshuri nibabuuza omunywani waabo yaatoorainwe omu, nk'ekibuuzo: Omurimo gwaawe guraatandika ryari?
","Teeraniza orugyendo n’akakiiko k’eishomero abeeshure abarikugamba aha kulonda n’okugarukamu ebibuuzo nk’ebi: Abeeshure banga abaarondeire?
","Teerana orutindo orurikukwata aha by'entaaho omuri abegi barikuganiira aha bibuuzo nk'ebi: Noha yaatsindire? Ekigyendererwa ky'okutoora niki? Ahabw'enki kirikukirira?
",,,,D,SEND,Other,"Primary, Secondary",2023,General
1134,"Omu buringaniza omuby’okukora etofaari y’obutonde, kuruga aha bikorwa ebi orikuza kwolesya, niki ekirikukora aha kuteekateeka kw’abegi bwamara kugihembera?
","Hikiriza ebirowoozo byawe ebikwata ku mikoreso ey'omutabo gw'amatafaari g'obutonde bw'ensi.
","Ntondekanisa orutonde rw'ebishushani orurikworeka omulingo ekitafeera ky'omutaka kirikombekwa.
","Rekooda vidiyo erikukwata aha mikoreso ei omuzigyo gw'amatafari gwa ekolojiya ogurikukora guraakoresebwe bwamala kuhweerera.
","Gamba eby'okukora ekitaafaari ky'obutonde, orondooze ebizibu n'eby'oyegire.
",,,,D,SEND,Other,"Primary, Secondary",2023,General
1135,"Shoma omuhanda ogurikukurataho: Claudio, omwegi orikugambwa ngu aine oburemeezi bw’orurimi, nayenda omurongo gw’okushatu omu ishomero eririmu puroguraamu y’okwegyereza hamwe. Abari omu kibiina kye nibagira ngu ayorekire okukulaakulana kukuru omu kicweka ky’okushoma, okukira munonga omu kwigura amakuru. Kwonka, akacyetenga obuhwezi kwetegyereza ebi handiikirwe, ahabw’okuba atarikubaasa kugyayo amakuru ag’omugasho; nk’eky’okureeberaho, tarikubaasa kwetegyereza ebiragiro ebi handiikirwe omu kubazibwa. Nangwa n’obu abari omu kibiina bakozeseze emiringo etari emwe, nibareeba nk’ekyetengo ky’okukora enkyukye omu bigambo by’omurongo gw’okwegyesa obu barikukora ebigezo ebi handiikirwe. Kurugiirira aha byagambirwe ahari, ninkyukye ki omu bigambo by’omurongo gw’okwegyesa erikukwata aha mwegi ogu?
","Tebeekanisiza ebifo by'oku huruukira omu bwire bw'okushoma
","Hindura omuringo omwegi arikugarukamu ebibuuzo abe ariyo nagarukamu na kamwa.
","Ha omuhendo gw'obwire bwingi omu kwebuzibwa okuhandiikwa
","Yoreka ebintu by'omugisha omu kworeka okucungura.
",,,,D,SEND,Teaching strategies,Primary,2023,Literacy
1136,"Omuganda gw'abegyesa bagyenzi baaba nibatebeekanisiza okwongyera aha mateeka g'okwetegyereza n'okumanya ebiri omu bitabo ebirimu amakuru aha bana bato aba 3 abarikugira oburemeezi bw'orurimi, murimo ki ogurikubaasa kubahikya aha kigyendererwa eki barikwenda?
","Tuhwere hamwe omu kusoma ebyahandiikwa ebirimu amakuru ebitukoreireho omu kiraasi
","Yongera aha ebyo wasoma orabe vidiyo erimu obukumire obundi.
","Ntangiriro y'ebigambo by'omugasho kuruga omu mutwe gw'ebyahandiikwa ogurikwegyesa.
","Ntangiriro y'Ekicweka: Ebimera n'Ensi Ebi Turimu

Eky'okubuuza 1: Bimera nibikora ki omu butonde bw'ensi?

Eky'okugarukamu: Bimera nibireeta omuyaga ogwa oxygen ogu twinga, kandi nibikwata aha itaka, n'okugumira eby'okurya by'ebinyama.

Eky'okubuuza 2: Ahabw'enki ebimera birungi aha itaka?

Eky'okugarukamu: Enju y'ebimera neyamba kukwata itaka, ekitariireeta itaka kutaaha, kandi neyongyera aha birungo by'omwitaka.

Eky'okubuuza 3: Bimera nibikora ki aha binyama?

Eky'okugarukamu: Bimera nibiha ebinyama eby'okurya n'obutaazi, kandi nibibiikirira.

Eky'okubuuza 4: Ahabw'enki twagambira ngu ebimera nibikuru omu butonde bw'ensi?

Eky'okugarukamu: Ebimera nibikuru ahabw'okuba nibireeta omuyaga ogwa oxygen, nibikwata aha itaka, kandi nibiha ebinyama eby'okurya n'obutaazi.
",,,,D,SEND,Teaching strategies,Primary,2023,Literacy
1137,"Shoma omwegyesa owa gireedi ya mbere ateekaniziise omurimo gw'okushoboorora ahu abegi bashemereire kushuuruura omuhendo gw'obwengye n'omugasho gwabwo. Omu kiraasi, harimu abegi babiri abaraizire endwaara y'orurimi erikukoma omu kubazaho orurimi rurikukiraho ebigambo bibiri nari bishatu. Ni engyenderwaho ki ezi orikubaasa kukoresa kugasira abegi aba?
","Gyeraho eby'okushoborora n'okurondora omugasho gw'emyaka.
","Obusingye omu bwire obw'okushobororera ebintu ebirikukwata aha bihurizo
","Teeka omutwe gw'okufaayo aha biteego by'omubiri ebirikukoresibwa omu kumanya omu kworekyereza.
","Tangira okutoora amaziina g'obwengye n'obwireeberezi bwabyo omu kworekwa, orinde okushoboorora emirimo yaabyo.
",,,,D,SEND,Teaching strategies,Primary,2023,Science
1138,"Shoma omu mbeera egi: Omu mwaka ogw'okubanza omuri eshomero erimu programu y'okwegaita, abanyeshuri babiri abaine oburemeezi bw'okugamba nibegaita. Bombi baine obuhabuzi omu ku gamba kwabo, Fernando arikwetenga obuhabuzi omu kutunga ebigambo na Sergio akakora enyegyesereza ezirikukikiza omu kigambo kye. Omu isomo ry'ebyobutonde, baine kworeka omu kanwa aha nyamaishwa, nibagambaho ebintu nk'obuhingo, eky'okubinga omubiri, empindahinduka y'ebintu, n'obusingye. Aha hansi aha, niki ekirikukwatanisa eby'okushoma ebirikukwatanisa okugarukamu obuhabuzi bw'abanyeshuri omu kikorwa ky'okworeka omu kanwa?
","Tambira abeeshuri omugisha gw'okushoborora ebi barikwenda kumurikira orikukoresa ebibuuzo bikuru.
","Shaba ekyeshangwa ekirikugambira aha biriisa kubazibwa.
","Ha omuhanda gw'okukoresa emikono nk'obuhwezi bw'orurimi orw'omumwa
","Haabu y'okukora ahaiguru y'eiraka erikuhandiika ebyo orikugamba omu kasumi kamwe
",,,,A,SEND,Teaching strategies,Primary,2023,Science
1139,"Shoma omuhendo ogurikukurira: Felipe ni omwegyesa omu mwaka ogwa 3 ogwiine oburemeezi bw'okugamba. Omu kubazibwa okwandikirwe, atunga ebirugamu ebitarikwoleka ebi yaayegire, ahabw'okuba okuhandiika kwe kuraguruka kandi tarikubaasa kugarukamu omu bwire obuhaire. N'ahabw'ekyo, etimu y'eklassi ekora enyihura y'omukurrikulumu, erikushoborora ngu omwegyesa ashemereire kugarukamu okubazibwa kwe omu kamwa. Kurugiirira aha biri ahaiguru, n'omugisha ki ogukozirwe etimu y'eklassi omu kutaaho enyihura y'omukurrikulumu y'okutunga?
","Kuhindura obwire
","Omuringo gw'okugarukamu
","Okutebeekanisa obutonde
","Okureeta ebitebeekaniso by'amashomo
",,,,B,SEND,Teaching strategies,Primary,2023,General
1140,"Ni ki eki omwana ashemereire kukora ekirikumuhiga kugyenda naayombeka sentensi omu kanwa?
","Baaraaza enumiisha ebicweka by'ebishushani kwenda okukora sentensi: Omuhiki aarya eibaara
","Shuura namba erikukwatana n'omurongo orikukurikirana omuhendo
","Omwojo ahuhuta etaraaza aha keke y'omuzairo gw'omunyaanya'e. Omwojo ahuhuta etaraaza aha keke y'omuzairo gw'omunyaanya'e.
","Shangaaza ebintu bishatu ebitarikwetegyerwa kandi obishoboorore.
",,,,C,SEND,Teaching strategies,"Pre-primary, Primary",2020,Literacy
1141,"Ni eki ki kuruga omu mirimo egi ekihiga okukura kw'ebigambo omu banyeshuri abaine oburemeezi bw'orurimi obutahikire?
","Taaha ebiishushani ebirimu ekintu, reero orage ahabw'okutaanisa omu muringo ebirikukuumira omu bwinga n'obwingi.
","Ronda enyeeta ezirikworeka ebikorwa ebirikutaani, bwanyima obishoboorore abanywani baawe ebirooto ebi orikwenda kukoresa.
","Teerereza sentensi orobanure ezi zirimu obushobezi omu bigambo, reero oihamise sentensi omu muringo ogurikwetegyereza.
","Koresa ebishushani kwombeka sentensi z'omutindo ogwangu omu kubahozaaho ebiragiro by'orugramma.
",,,,D,SEND,Teaching strategies,"Primary, Secondary",2021,Literacy
1142,"Omuhendo guruha omu myanya egi nagwo gushobora kworeka okwetegereza orurimi nk'oku Chomsky yaakoresa omu nyegyesa ye?
","Orurimi nirwo rureetera omwana kugarukamu ebi arikwenda n'ebi atarikwenda, ebi arikwega kurabira omu muringo ogurikworeka omuntu eki arikukora.
","Orurimi n'omutindo gw'ebintu n'amateeka agyenderwaho ebirukukizibwa kuruga omu miteekateeko ey'omunda.
","Orurimi n'ekintu ekirikurugamu obwengye, nikimanyisa ngu nirukwatana n'ebirikurugamu okukura kw'obwengye.
","Orurimi nigo mutwarwa mukuru gw'omulingo gw'okuhana n'okuhereza obwengye omu mbeera y'okuhurirana n'obusinge.
",,,,B,SEND,Education theories,All,2018,General
