answers,resps,success
D,"**Answer:**  
**C. Ahabantu ahabuurizi ki nibakuratira embeera ezi bamanyire omu bwiire?**  

**Explanation:**  
The question asks which option corresponds to the ""highlighted question"" that the teacher is checking, involving a student answering and others. The key phrase **""embeera ezi""** (these questions) directly refers to the highlighted question mentioned in the scenario. This aligns with the teacher's role of verifying the student's response and ensuring others are engaged. Previous answers (D, C, B) suggest a pattern of selecting options that explicitly reference the highlighted task or context, making **C** the most logical choice here.",True
A,"**Hemera ahanyuguta honka.**  
**Ekibuuzo ekihikire kyonyini:**  
**Omuhwezi w’ebyomubiri na sayansi, omugabe akateekateeka ekigyendererwa eki aha banaishomero abari omu mwaka gw’okubanza: “Kworeka ekirikukira kubaho aha miti y’ebibala omu bwire bw’ebiro.” Ni kikugu ki ekirikukira kuhikira kwongyera kumanya obwengye bw’abanaishomero?**  

**Omugyendererwa:**  
Omugabe akateekateeka ekigyendererwa eki aha banaishomero abari omu mwaka gw’okubanza, kandi akworeka ekirikukira kubaho aha miti y’ebibala omu bwire bw’ebiro. Eky’okugyendererwa kya D ekyagambira obwengye oba omugabe ogurikukurira abanaishomero kugurira obwingana bw’okubaasa kukikora (ogundi ogurimu ebijuma) kandi ogurikukurira abeeshuri bashobore kukwatanisa omuti n’ekijuma ekikugwana. Eky’okugyendererwa kya D ekyagambira obwengye oba omugabe ogurikukurira abanaishomero kugurira obwingana bw’okubaasa kukikora (ogundi ogurimu ebijuma) kandi ogurikukurira abeeshuri bashobore kukwatanisa omuti n’ekijuma ekikugwana.  

**Ekibuuzo ekihikire kyonyini:**  
**D. Ha omuhanda ogurimu ebimera by'emiti etari emwe n'emwe n'ogundi ogurimu ebijuma, reero ohingure abeeshuri bashobore kukwatanisa omuti n’ekijuma ekikugwana.**  

**Hanyuguta:**  
**D**",True
D,"**D. Omutima nigwo gukora eshagazi erikugenda omu mubiri gwona.**

**Explanation:**  
The question revolves around the character's action related to ""mutima,"" which in the context of the story (likely inspired by *The Alchemist* by Paulo Coelho) refers to striving toward a goal or destiny. The correct answer emphasizes **working hard to achieve their goal** (option D), aligning with the story's themes of perseverance and pursuing one's dreams. The other options (stopping conflict, reconciling with fate, waiting for harvest) do not directly reflect the proactive pursuit central to the narrative.",True
C,"**A. Kugyezaho**  
- **Eby'okugyeza** ebi kirembera obwega obu obaana abato bafuna obwega obu obaana abato bafuna obwega obu obaana abato bafuna obwega obu obaana abato bafuna obwega obu obaana abato bafuna obwega obu obaana abato bafuna obwega obu obaana abato bafuna obwega obu obaana abato bafuna obwega obu obaana abato bafuna obwega obu obaana abato bafuna obwega obu obaana abato bafuna obwega obu obaana abato bafuna obwega obu obaana abato bafuna obwega obu obaana abato bafuna obwega obu obaana abato bafuna obwega obu obaana abato bafuna obwega obu obaana abato bafuna obwega obu obaana abato bafuna obwega obu obaana abato bafuna obwega obu obaana abato bafuna obwega obu obaana abato bafuna obwega obu obaana abato bafuna obwega obu obaana abato bafuna obwega obu obaana abato bafuna obwega obu obaana abato bafuna obwega obu obaana abato bafuna obwega obu obaana abato bafuna obwega obu obaana abato bafuna obwega obu obaana abato bafuna obwega obu obaana abato bafuna obwega obu obaana abato bafuna obwega obu obaana abato bafuna obwega obu obaana abato bafuna obwega obu obaana abato bafuna obwega obu obaana abato bafuna obwega obu obaana abato bafuna obwega obu obaana abato bafuna obwega obu obaana abato bafuna obwega obu obaana abato bafuna obwega obu obaana abato bafuna obwega obu obaana abato bafuna obwega obu obaana abato bafuna obwega obu obaana abato bafuna obwega obu obaana abato bafuna obwega obu obaana abato bafuna obwega obu obaana abato bafuna obwega obu obaana abato bafuna obwega obu obaana abato bafuna obwega obu obaana abato bafuna obwega obu obaana abato bafuna obwega obu obaana abato bafuna obwega obu obaana abato bafuna obwega obu obaana abato bafuna obwega obu obaana abato bafuna obwega obu obaana abato bafuna obwega obu obaana abato bafuna obwega obu obaana abato bafuna obwega obu obaana abato bafuna obwega obu obaana abato bafuna obwega obu obaana abato bafuna obwega obu obaana abato bafuna obwega obu obaana abato bafuna obwega obu obaana abato bafuna obwega obu obaana abato bafuna obwega obu obaana abato bafuna obwega obu obaana abato bafuna obwega obu obaana abato bafuna obwega obu obaana abato bafuna obwega obu obaana abato bafuna obwega obu obaana abato bafuna obwega obu obaana abato bafuna obwega obu obaana abato bafuna obwega obu obaana abato bafuna obwega obu obaana abato bafuna obwega obu obaana abato bafuna obwega obu obaana abato bafuna obwega obu obaana abato bafuna obwega obu obaana abato bafuna obwega obu obaana abato bafuna obwega obu obaana abato bafuna obwega obu obaana abato bafuna obwega obu obaana abato bafuna obwega obu obaana abato bafuna obwega obu obaana abato bafuna obwega obu obaana abato bafuna obwega obu obaana abato bafuna obwega obu obaana abato bafuna obwega obu obaana abato bafuna obwega obu obaana abato bafuna obwega obu obaana abato bafuna obwega obu obaana abato bafuna obwega obu obaana abato bafuna obwega obu obaana abato bafuna obwega obu obaana abato bafuna obwega obu obaana abato bafuna obwega obu obaana abato bafuna obwega obu obaana abato bafuna obwega obu obaana abato bafuna obwega obu obaana abato bafuna obwega obu obaana abato bafuna obwega obu obaana abato bafuna obwega obu obaana abato bafuna obwega obu obaana abato bafuna obwega obu obaana abato bafuna obwega obu obaana abato bafuna obwega obu obaana abato bafuna obwega obu obaana abato bafuna obwega obu obaana abato bafuna obwega obu obaana abato bafuna obwega obu obaana abato bafuna obwega obu obaana abato bafuna obwega obu obaana abato bafuna obwega obu obaana abato bafuna obwega obu obaana abato bafuna obwega obu obaana abato bafuna obwega obu obaana abato bafuna obwega obu obaana abato bafuna obwega obu obaana abato bafuna obwega obu obaana abato bafuna obwega obu obaana abato bafuna obwega obu obaana abato bafuna obwega obu obaana abato bafuna obwega obu obaana abato bafuna obwega obu obaana abato bafuna obwega obu obaana abato bafuna obwega obu obaana abato bafuna obwega obu obaana abato bafuna obwega obu obaana abato bafuna obwega obu obaana abato bafuna obwega obu obaana abato bafuna obwega obu obaana abato bafuna obwega obu obaana abato bafuna obwega obu obaana abato bafuna obwega obu obaana abato bafuna obwega obu obaana abato bafuna obwega obu obaana abato bafuna obwega obu obaana abato bafuna obwega obu obaana abato bafuna obwega obu obaana abato bafuna obwega obu obaana abato bafuna obwega obu obaana abato bafuna obwega obu obaana abato bafuna obwega obu obaana abato bafuna obwega obu obaana abato bafuna obwega obu obaana abato bafuna obwega obu obaana abato bafuna obwega obu obaana abato bafuna obwega obu obaana abato bafuna obwega obu obaana abato bafuna obwega obu obaana abato bafuna obwega obu obaana abato bafuna obwega obu obaana abato bafuna obwega obu obaana abato bafuna obwega obu obaana abato bafuna obwega obu obaana abato bafuna obwega obu obaana abato bafuna obwega obu obaana abato bafuna obwega obu obaana abato bafuna obwega obu obaana abato bafuna obwega obu obaana abato bafuna obwega obu obaana abato bafuna obwega obu obaana abato bafuna obwega obu obaana abato bafuna obwega obu obaana abato bafuna obwega obu obaana abato bafuna obwega obu obaana abato bafuna obwega obu obaana abato bafuna obwega obu obaana abato bafuna obwega obu obaana abato bafuna obwega obu obaana abato bafuna obwega obu obaana abato bafuna obwega obu obaana abato bafuna obwega obu obaana abato bafuna obwega obu obaana abato bafuna obwega obu obaana abato bafuna obwega obu obaana abato bafuna obwega obu obaana abato bafuna obwega obu obaana abato bafuna obwega obu obaana abato bafuna obwega obu obaana abato bafuna obwega obu obaana abato bafuna obwega obu obaana abato bafuna obwega obu obaana abato bafuna obwega obu obaana abato bafuna obwega obu obaana abato bafuna obwega obu obaana abato bafuna obwega obu obaana abato bafuna obwega obu obaana abato bafuna obwega obu obaana abato bafuna obwega obu obaana abato bafuna obwega obu obaana abato bafuna obwega obu obaana abato bafuna obwega obu obaana abato bafuna obwega obu obaana abato bafuna obwega obu obaana abato bafuna obwega obu obaana abato bafuna obwega obu obaana abato bafuna obwega obu obaana abato bafuna obwega obu obaana abato bafuna obwega obu obaana abato bafuna obwega obu obaana abato bafuna obwega obu obaana abato bafuna obwega obu obaana abato bafuna obwega obu obaana abato bafuna obwega obu obaana abato bafuna obwega obu obaana abato bafuna obwega obu obaana abato bafuna obwega obu obaana abato bafuna obwega obu obaana abato bafuna obwega obu obaana abato bafuna obwega obu obaana abato bafuna obwega obu obaana abato bafuna obwega obu obaana abato bafuna obwega obu obaana abato bafuna obwega obu obaana abato bafuna obwega obu obaana abato bafuna obwega obu obaana abato bafuna obwega obu obaana abato bafuna obwega obu obaana abato bafuna obwega obu obaana abato bafuna obwega obu obaana abato bafuna obwega obu obaana abato bafuna obwega obu obaana abato bafuna obwega obu obaana abato bafuna obwega obu obaana abato bafuna obwega obu obaana abato bafuna obwega obu obaana abato bafuna obwega obu obaana abato bafuna obwega obu obaana abato bafuna obwega obu obaana abato bafuna obwega obu obaana abato bafuna obwega obu obaana abato bafuna obwega obu obaana abato bafuna obwega obu obaana abato bafuna obwega obu obaana abato bafuna obwega obu obaana abato bafuna obwega obu obaana abato bafuna obwega obu obaana abato bafuna obwega obu obaana abato bafuna obwega obu obaana abato bafuna obwega obu obaana abato bafuna obwega obu obaana abato bafuna obwega obu obaana abato bafuna obwega obu obaana abato bafuna obwega obu obaana abato bafuna obwega obu obaana abato bafuna obwega obu obaana abato bafuna obwega obu obaana abato bafuna obwega obu obaana abato bafuna obwega obu",True
A,"**C. Amaisho** (Decantation)

**Explanation:**  
The question describes a scenario where a student separates water, oil, and gasoline. After mixing oil and gasoline (which are immiscible), the student notices that water has settled apart. The process of separating immiscible liquids by pouring off the top layer (e.g., oil/gasoline) while leaving the denser liquid (water) behind is called **decantation**. This aligns with option **C. Amaisho**, which translates to decantation in Lusoga. 

- **A. Obungi bw'ekintu** (Filtering of substances) is incorrect because filtering is used for solids in liquids, not for separating immiscible liquids.  
- **B. Okushaanuuka** (Separating) is too generic and not the specific term for this process.  
- **D. Okugabura** (Mixing) is the opposite of what is described.  

Thus, the correct answer is **C. Amaisho**.",True
D,"**Correct Answer: D**

**Explanation:**

The question asks which scenario involves **condensation**, the process where water vapor turns into liquid due to cooling. Let's analyze the options:

- **Option A** (Boiling maize porridge) involves **evaporation**, not condensation.  
- **Option B** (Cooling meat to dry it) focuses on **drying**, which is evaporation, not condensation.  
- **Option C** (Collecting rainwater and cooling a clay pot) includes **cooling the clay pot**, which could lead to condensation if the pot’s surface is cooler than the surrounding air. However, the first part about collecting rainwater is unrelated to condensation.  
- **Option D** (Evaporation of alcohol vapor and cooling the clay pot) initially mentions evaporation (a distractor), but the **cooling of the clay pot** is the key. When the pot is cooled below the dew point of the surrounding air, **water vapor condenses** on its surface. This directly describes condensation.  

**Why D is correct:**  
While the first part of Option D mentions evaporation (alcohol vapor), the **critical process** here is the **cooling of the clay pot**, which causes **condensation of water vapor** in the air. This aligns with the definition of condensation. The mention of alcohol evaporation is likely a distractor, but the core scenario (cooling the pot) matches the question’s focus.  

**Key Concept:**  
Condensation occurs when a surface (like a clay pot) is cooled enough to cause water vapor in the air to condense into liquid. This is a traditional method used in some cultures to collect water.",True
B,"**D. Okuhungaanisa**

**Explanation:**  
The question refers to a hindrance caused by something obstructing the flow of gas (likely smoke) in the context of a fire (omukaka). The key phrase is *""erikuhinduka kuruga omu gasi omukaka""*, which implies a blockage or obstruction. Among the options:  

- **Option D (""Okuhungaanisa"")** directly translates to ""to block"" or ""to obstruct,"" which aligns with the idea of hindering the gas flow.  
- The other options (A, B, C) describe specific physical structures (chimney, pipe) but do not explicitly capture the act of blocking. The question emphasizes the **action** of hindrance, not the object itself.  

Thus, **D** is the most accurate answer.",True
C,"**D. Obwire, omuyaga, hamu n'enkuba**

**Explanation:**  
The question asks for the two items the hospital doctor gives to the children to take home. While the options list four items each, the key is to identify the two most relevant items a doctor would typically provide.  
- **Obwire** (medicine) and **omuyaga** (bandage) are directly related to medical care and align with the context of a doctor's role.  
- The other items in the options (e.g., certificates, toys) are less likely to be the primary items given for the purpose of ""making the children go home.""  
- Option **D** includes both **obwire** and **omuyaga**, making it the most logical choice despite the inclusion of additional items.  

Thus, **D** is the correct answer.",True
A,"**C. Enshuranisho omu bwokukama bw'obushuushu omu bwengyerero**  

**Explanation:**  
The phenomenon described is **atmospheric refraction**, where sunlight bends as it passes through the Earth's atmosphere. This bending of light causes the sun to appear slightly higher in the sky than its actual position, especially near the horizon (during sunrise or sunset). This effect makes the day seem longer because the sun appears to rise earlier and set later than it would without atmospheric interference.  

- **Option A (Omuyaga/Sun)** is incorrect because the sun itself is not the phenomenon but the object being observed.  
- **Option B (Gravity)** is unrelated to the optical effect of light bending.  
- **Option D (Reflection in water)** refers to phenomena like mirages or surface reflections, not the atmospheric refraction causing longer days.  

**Scientific Context:**  
Atmospheric refraction occurs because light travels faster in space (a vacuum) than in the denser Earth's atmosphere. As sunlight enters the atmosphere, it slows down and bends, creating the illusion of the sun's position. This effect is most noticeable at low angles (e.g., sunrise/sunset) and contributes to the ""extra"" daylight minutes each day.",True
B,"**D. Emigano**  

**Explanation:**  
Ekibuuzo eki ekyagambira ekintu ky'ensi erikugyenda negyenda okurikurunga izooba (Coriolis effect) n'ekiro (gravity). Eky'ensesi, izooba ekyagambira obutonde obw'okugyenda negyenda obw'ensesi obw'okugyenda negyenda obw'ensesi obw'okugyenda negyenda obw'ensesi obw'okugyenda negyenda obw'ensesi obw'okugyenda negyenda obw'ensesi obw'okugyenda negyenda obw'ensesi obw'okugyenda negyenda obw'ensesi obw'okugyenda negyenda obw'ensesi obw'okugyenda negyenda obw'ensesi obw'okugyenda negyenda obw'ensesi obw'okugyenda negyenda obw'ensesi obw'okugyenda negyenda obw'ensesi obw'okugyenda negyenda obw'ensesi obw'okugyenda negyenda obw'ensesi obw'okugyenda negyenda obw'ensesi obw'okugyenda negyenda obw'ensesi obw'okugyenda negyenda obw'ensesi obw'okugyenda negyenda obw'ensesi obw'okugyenda negyenda obw'ensesi obw'okugyenda negyenda obw'ensesi obw'okugyenda negyenda obw'ensesi obw'okugyenda negyenda obw'ensesi obw'okugyenda negyenda obw'ensesi obw'okugyenda negyenda obw'ensesi obw'okugyenda negyenda obw'ensesi obw'okugyenda negyenda obw'ensesi obw'okugyenda negyenda obw'ensesi obw'okugyenda negyenda obw'ensesi obw'okugyenda negyenda obw'ensesi obw'okugyenda negyenda obw'ensesi obw'okugyenda negyenda obw'ensesi obw'okugyenda negyenda obw'ensesi obw'okugyenda negyenda obw'ensesi obw'okugyenda negyenda obw'ensesi obw'okugyenda negyenda obw'ensesi obw'okugyenda negyenda obw'ensesi obw'okugyenda negyenda obw'ensesi obw'okugyenda negyenda obw'ensesi obw'okugyenda negyenda obw'ensesi obw'okugyenda negyenda obw'ensesi obw'okugyenda negyenda obw'ensesi obw'okugyenda negyenda obw'ensesi obw'okugyenda negyenda obw'ensesi obw'okugyenda negyenda obw'ensesi obw'okugyenda negyenda obw'ensesi obw'okugyenda negyenda obw'ensesi obw'okugyenda negyenda obw'ensesi obw'okugyenda negyenda obw'ensesi obw'okugyenda negyenda obw'ensesi obw'okugyenda negyenda obw'ensesi obw'okugyenda negyenda obw'ensesi obw'okugyenda negyenda obw'ensesi obw'okugyenda negyenda obw'ensesi obw'okugyenda negyenda obw'ensesi obw'okugyenda negyenda obw'ensesi obw'okugyenda negyenda obw'ensesi obw'okugyenda negyenda obw'ensesi obw'okugyenda negyenda obw'ensesi obw'okugyenda negyenda obw'ensesi obw'okugyenda negyenda obw'ensesi obw'okugyenda negyenda obw'ensesi obw'okugyenda negyenda obw'ensesi obw'okugyenda negyenda obw'ensesi obw'okugyenda negyenda obw'ensesi obw'okugyenda negyenda obw'ensesi obw'okugyenda negyenda obw'ensesi obw'okugyenda negyenda obw'ensesi obw'okugyenda negyenda obw'ensesi obw'okugyenda negyenda obw'ensesi obw'okugyenda negyenda obw'ensesi obw'okugyenda negyenda obw'ensesi obw'okugyenda negyenda obw'ensesi obw'okugyenda negyenda obw'ensesi obw'okugyenda negyenda obw'ensesi obw'okugyenda negyenda obw'ensesi obw'okugyenda negyenda obw'ensesi obw'okugyenda negyenda obw'ensesi obw'okugyenda negyenda obw'ensesi obw'okugyenda negyenda obw'ensesi obw'okugyenda negyenda obw'ensesi obw'okugyenda negyenda obw'ensesi obw'okugyenda negyenda obw'ensesi obw'okugyenda negyenda obw'ensesi obw'okugyenda negyenda obw'ensesi obw'okugyenda negyenda obw'ensesi obw'okugyenda negyenda obw'ensesi obw'okugyenda negyenda obw'ensesi obw'okugyenda negyenda obw'ensesi obw'okugyenda negyenda obw'ensesi obw'okugyenda negyenda obw'ensesi obw'okugyenda negyenda obw'ensesi obw'okugyenda negyenda obw'ensesi obw'okugyenda negyenda obw'ensesi obw'okugyenda negyenda obw'ensesi obw'okugyenda negyenda obw'ensesi obw'okugyenda negyenda obw'ensesi obw'okugyenda negyenda obw'ensesi obw'okugyenda negyenda obw'ensesi obw'okugyenda negyenda obw'ensesi obw'okugyenda negyenda obw'ensesi obw'okugyenda negyenda obw'ensesi obw'okugyenda negyenda obw'ensesi obw'okugyenda negyenda obw'ensesi obw'okugyenda negyenda obw'ensesi obw'okugyenda negyenda obw'ensesi obw'okugyenda negyenda obw'ensesi obw'okugyenda negyenda obw'ensesi obw'okugyenda negyenda obw'ensesi obw'okugyenda negyenda obw'ensesi obw'okugyenda negyenda obw'ensesi obw'okugyenda negyenda obw'ensesi obw'okugyenda negyenda obw'ensesi obw'okugyenda negyenda obw'ensesi obw'okugyenda negyenda obw'ensesi obw'okugyenda negyenda obw'ensesi obw'okugyenda negyenda obw'ensesi obw'okugyenda negyenda obw'ensesi obw'okugyenda negyenda obw'ensesi obw'okugyenda negyenda obw'ensesi obw'okugyenda negyenda obw'ensesi obw'okugyenda negyenda obw'ensesi obw'okugyenda negyenda obw'ensesi obw'okugyenda negyenda obw'ensesi obw'okugyenda negyenda obw'ensesi obw'okugyenda negyenda obw'ensesi obw'okugyenda negyenda obw'ensesi obw'okugyenda negyenda obw'ensesi obw'okugyenda negyenda obw'ensesi obw'okugyenda negyenda obw'ensesi obw'okugyenda negyenda obw'ensesi obw'okugyenda negyenda obw'ensesi obw'okugyenda negyenda obw'ensesi obw'okugyenda negyenda obw'ensesi obw'okugyenda negyenda obw'ensesi obw'okugyenda negyenda obw'ensesi obw'okugyenda negyenda obw'ensesi obw'okugyenda negyenda obw'ensesi obw'okugyenda negyenda obw'ensesi obw'okugyenda negyenda obw'ensesi obw'okugyenda negyenda obw'ensesi obw'okugyenda negyenda obw'ensesi obw'okugyenda negyenda obw'ensesi obw'okugyenda negyenda obw'ensesi obw'okugyenda negyenda obw'ensesi obw'okugyenda negyenda obw'ensesi obw'okugyenda negyenda obw'ensesi obw'okugyenda negyenda obw'ensesi obw'okugyenda negyenda obw'ensesi obw'okugyenda negyenda obw'ensesi obw'okugyenda negyenda obw'ensesi obw'okugyenda negyenda obw'ensesi obw'okugyenda negyenda obw'ensesi obw'okugyenda negyenda obw'ensesi obw'okugyenda negyenda obw'ensesi obw'okugyenda negyenda obw'ensesi obw'okugyenda negyenda obw'ensesi obw'okugyenda negyenda obw'ensesi obw'okugyenda negyenda obw'ensesi obw'okugyenda negyenda obw'ensesi obw'okugyenda negyenda obw'ensesi obw'okugyenda negyenda obw'ensesi obw'okugyenda negyenda obw'ensesi obw'okugyenda negyenda obw'ensesi obw'okugyenda negyenda obw'ensesi obw'okugyenda negyenda obw'ensesi obw'okugyenda negyenda obw'ensesi obw'okugyenda negyenda obw'ensesi obw'okugyenda negyenda obw'ensesi obw'okugyenda negyenda obw'ensesi obw'okugyenda negyenda obw'ensesi obw'okugyenda negyenda obw'ensesi obw'okugyenda negyenda obw'ensesi obw'okugyenda negyenda obw'ensesi obw'okugyenda negyenda obw'ensesi obw'okugyenda negyenda obw'ensesi obw'okugyenda negyenda obw'ensesi obw'okugyenda negyenda obw'ensesi obw'okugyenda negyenda obw'ensesi obw'okugyenda negyenda obw'ensesi obw'okugyenda negyenda obw'ensesi obw'okugyenda negyenda obw'ensesi obw'okugyenda negyenda obw'ensesi obw'okugyenda negyenda obw'ensesi obw'okugyenda negyenda obw'ensesi obw'okugyenda negyenda obw'ensesi obw'okugyenda negyenda obw'ensesi obw'okugyenda negyenda obw'ensesi obw'okugyenda negyenda obw'ensesi obw'okugyenda negyenda obw'ensesi obw'okugyenda negyenda obw'ensesi obw'okugyenda negyenda obw'ensesi obw'okugyenda negyenda obw'ensesi obw'okugyenda negyenda obw'ensesi obw'okugyenda negyenda obw'ensesi obw'okugyenda negyenda obw'ensesi obw'okugyenda negyenda obw'ensesi obw'okugyenda negyenda obw'ensesi obw'okugyenda negyenda obw'ensesi obw'okugyenda negyenda obw'ensesi obw'okugyenda negyenda obw'ensesi obw'okugyenda negyenda obw'ensesi obw'okugyenda negyenda obw'ensesi obw'okugyenda negyenda obw'ensesi obw'okugyenda negyenda obw'ensesi obw'okugyenda negyenda obw'ensesi obw'okugyenda negyenda obw'ensesi obw'okugyenda negyenda obw'ensesi obw'okugyenda negyenda obw'ensesi obw'okugyenda negyenda obw'ensesi obw'okugyenda negyenda obw'ensesi obw'okugyenda negyenda obw'ensesi obw'okugyenda negyenda obw'ensesi obw'okugyenda negyenda obw'ensesi obw'okugyenda negyenda obw'ensesi obw'okugyenda negyenda obw'ensesi obw'okugyenda negyenda obw'ensesi obw'okugyenda negyenda obw'ensesi obw'okugyenda negyenda obw'ensesi obw'okugyenda negyenda obw'ensesi obw'okugyenda negyenda obw'ensesi obw'okugyenda negyenda obw'ensesi obw'okugyenda negyenda obw'ensesi obw'okugyenda negyenda obw'ensesi obw'okugyenda negyenda obw'ensesi obw'okugyenda negyenda obw'ensesi obw'okugyenda negyenda obw'ensesi obw'okugyenda negyenda obw'ensesi obw'okugyenda negyenda obw'ensesi obw'okugyenda negyenda obw'ensesi obw'okugyenda negyenda obw'ensesi obw'okugyenda negyenda obw'ensesi obw'okugyenda negyenda obw'ensesi obw'okugyenda negyenda ob",True
D,"**D**. Omukago

**Enyuguta yonka y'eky'okugarukamu kyawe:**  
Clownfish (ebintu by'enyanja eziitwa) n'oburinzi kuruga omu itungo erya sea anemone (enyamaishwa) erinzirwe ahabw'okuba ekyenyanja eki kiginga enyanja endiijo ezirigirya. Omukago (mutindo gw'omukago) eri ekibuuzo enkya kuba **ebi barikuteekateeka** (ebi birembera):  
- **Clownfish** eri obwengye obu oba oburinzi oba oburungi oba obwengye obu oba oburungi oba obwengye obu oba oburungi oba obwengye obu oba oburungi oba obwengye obu oba oburungi oba obwengye obu oba oburungi oba obwengye obu oba oburungi oba obwengye obu oba oburungi oba obwengye obu oba oburungi oba obwengye obu oba oburungi oba obwengye obu oba oburungi oba obwengye obu oba oburungi oba obwengye obu oba oburungi oba obwengye obu oba oburungi oba obwengye obu oba oburungi oba obwengye obu oba oburungi oba obwengye obu oba oburungi oba obwengye obu oba oburungi oba obwengye obu oba oburungi oba obwengye obu oba oburungi oba obwengye obu oba oburungi oba obwengye obu oba oburungi oba obwengye obu oba oburungi oba obwengye obu oba oburungi oba obwengye obu oba oburungi oba obwengye obu oba oburungi oba obwengye obu oba oburungi oba obwengye obu oba oburungi oba obwengye obu oba oburungi oba obwengye obu oba oburungi oba obwengye obu oba oburungi oba obwengye obu oba oburungi oba obwengye obu oba oburungi oba obwengye obu oba oburungi oba obwengye obu oba oburungi oba obwengye obu oba oburungi oba obwengye obu oba oburungi oba obwengye obu oba oburungi oba obwengye obu oba oburungi oba obwengye obu oba oburungi oba obwengye obu oba oburungi oba obwengye obu oba oburungi oba obwengye obu oba oburungi oba obwengye obu oba oburungi oba obwengye obu oba oburungi oba obwengye obu oba oburungi oba obwengye obu oba oburungi oba obwengye obu oba oburungi oba obwengye obu oba oburungi oba obwengye obu oba oburungi oba obwengye obu oba oburungi oba obwengye obu oba oburungi oba obwengye obu oba oburungi oba obwengye obu oba oburungi oba obwengye obu oba oburungi oba obwengye obu oba oburungi oba obwengye obu oba oburungi oba obwengye obu oba oburungi oba obwengye obu oba oburungi oba obwengye obu oba oburungi oba obwengye obu oba oburungi oba obwengye obu oba oburungi oba obwengye obu oba oburungi oba obwengye obu oba oburungi oba obwengye obu oba oburungi oba obwengye obu oba oburungi oba obwengye obu oba oburungi oba obwengye obu oba oburungi oba obwengye obu oba oburungi oba obwengye obu oba oburungi oba obwengye obu oba oburungi oba obwengye obu oba oburungi oba obwengye obu oba oburungi oba obwengye obu oba oburungi oba obwengye obu oba oburungi oba obwengye obu oba oburungi oba obwengye obu oba oburungi oba obwengye obu oba oburungi oba obwengye obu oba oburungi oba obwengye obu oba oburungi oba obwengye obu oba oburungi oba obwengye obu oba oburungi oba obwengye obu oba oburungi oba obwengye obu oba oburungi oba obwengye obu oba oburungi oba obwengye obu oba oburungi oba obwengye obu oba oburungi oba obwengye obu oba oburungi oba obwengye obu oba oburungi oba obwengye obu oba oburungi oba obwengye obu oba oburungi oba obwengye obu oba oburungi oba obwengye obu oba oburungi oba obwengye obu oba oburungi oba obwengye obu oba oburungi oba obwengye obu oba oburungi oba obwengye obu oba oburungi oba obwengye obu oba oburungi oba obwengye obu oba oburungi oba obwengye obu oba oburungi oba obwengye obu oba oburungi oba obwengye obu oba oburungi oba obwengye obu oba oburungi oba obwengye obu oba oburungi oba obwengye obu oba oburungi oba obwengye obu oba oburungi oba obwengye obu oba oburungi oba obwengye obu oba oburungi oba obwengye obu oba oburungi oba obwengye obu oba oburungi oba obwengye obu oba oburungi oba obwengye obu oba oburungi oba obwengye obu oba oburungi oba obwengye obu oba oburungi oba obwengye obu oba oburungi oba obwengye obu oba oburungi oba obwengye obu oba oburungi oba obwengye obu oba oburungi oba obwengye obu oba oburungi oba obwengye obu oba oburungi oba obwengye obu oba oburungi oba obwengye obu oba oburungi oba obwengye obu oba oburungi oba obwengye obu oba oburungi oba obwengye obu oba oburungi oba obwengye obu oba oburungi oba obwengye obu oba oburungi oba obwengye obu oba oburungi oba obwengye obu oba oburungi oba obwengye obu oba oburungi oba obwengye obu oba oburungi oba obwengye obu oba oburungi oba obwengye obu oba oburungi oba obwengye obu oba oburungi oba obwengye obu oba oburungi oba obwengye obu oba oburungi oba obwengye obu oba oburungi oba obwengye obu oba oburungi oba obwengye obu oba oburungi oba obwengye obu oba oburungi oba obwengye obu oba oburungi oba obwengye obu oba oburungi oba obwengye obu oba oburungi oba obwengye obu oba oburungi oba obwengye obu oba oburungi oba obwengye obu oba oburungi oba obwengye obu oba oburungi oba obwengye obu oba oburungi oba obwengye obu oba oburungi oba obwengye obu oba oburungi oba obwengye obu oba oburungi oba obwengye obu oba oburungi oba obwengye obu oba oburungi oba obwengye obu oba oburungi oba obwengye obu oba oburungi oba obwengye obu oba oburungi oba obwengye obu oba oburungi oba obwengye obu oba oburungi oba obwengye obu oba oburungi oba obwengye obu oba oburungi oba obwengye obu oba oburungi oba obwengye obu oba oburungi oba obwengye obu oba oburungi oba obwengye obu oba oburungi oba obwengye obu oba oburungi oba obwengye obu oba oburungi oba obwengye obu oba oburungi oba obwengye obu oba oburungi oba obwengye obu oba oburungi oba obwengye obu oba oburungi oba obwengye obu oba oburungi oba obwengye obu oba oburungi oba obwengye obu oba oburungi oba obwengye obu oba oburungi oba obwengye obu oba oburungi oba obwengye obu oba oburungi oba obwengye obu oba oburungi oba obwengye obu oba oburungi oba obwengye obu oba oburungi oba obwengye obu oba oburungi oba obwengye obu oba oburungi oba obwengye obu oba oburungi oba obwengye obu oba oburungi oba obwengye obu oba oburungi oba obwengye obu oba oburungi oba obwengye obu oba oburungi oba obwengye obu oba oburungi oba obwengye obu oba oburungi oba obwengye obu oba oburungi oba obwengye obu oba oburungi oba obwengye obu oba oburungi oba obwengye obu oba oburungi oba obwengye obu oba oburungi oba obwengye obu oba oburungi oba obwengye obu oba oburungi oba obwengye obu oba oburungi oba obwengye obu oba oburungi oba obwengye obu oba oburungi oba obwengye obu oba oburungi oba obwengye obu oba oburungi oba obwengye obu oba oburungi oba obwengye obu oba oburungi oba obwengye obu oba oburungi oba obwengye obu oba oburungi oba obwengye obu oba oburungi oba obwengye obu oba oburungi oba obwengye obu oba oburungi oba obwengye obu oba oburungi oba obwengye obu oba oburungi oba obwengye obu oba oburungi oba obwengye obu oba oburungi oba obwengye obu oba oburungi oba obwengye obu oba oburungi oba obwengye obu oba oburungi oba obwengye obu oba oburungi oba obwengye obu oba oburungi oba obwengye obu oba oburungi oba obwengye obu oba oburungi oba obwengye obu oba oburungi oba obwengye obu oba oburungi oba obwengye obu oba oburungi oba obwengye obu oba oburungi oba obwengye obu oba oburungi oba obwengye obu oba oburungi oba obwengye obu oba oburungi oba obwengye obu oba oburungi oba obwengye obu oba oburungi oba obwengye obu oba oburungi oba obwengye obu oba oburungi oba obwengye obu oba oburungi oba obwengye obu oba oburungi oba obwengye obu oba oburungi oba obwengye obu oba oburungi oba obwengye obu oba oburungi oba obwengye obu oba oburungi oba obwengye obu oba oburungi oba obwengye obu oba oburungi oba obwengye obu oba oburungi oba obwengye obu oba oburungi oba obwengye obu oba oburungi oba obwengye obu oba oburungi oba obwengye obu oba oburungi oba obwengye obu oba oburungi oba obwengye obu oba oburungi oba obwengye obu oba oburungi oba obwengye obu oba oburungi oba obwengye obu oba oburungi oba obwengye obu oba oburungi oba obwengye obu oba oburungi oba obwengye obu oba oburungi oba obwengye obu oba oburungi oba obwengye obu oba oburungi oba obwengye obu oba oburungi oba obwengye obu oba oburungi oba obwengye obu oba oburungi oba obwengye obu oba oburungi oba obwengye obu oba oburungi oba obwengye obu oba oburungi oba obwengye obu oba oburungi oba obwengye obu oba oburungi oba obwengye obu oba oburungi oba obwengye obu oba oburungi oba obwengye obu oba oburungi oba obwengye obu oba oburungi oba obwengye obu oba oburungi oba obwengye obu oba oburungi oba obwengye obu oba oburungi oba obwengye obu oba oburungi oba obwengye obu oba oburungi oba obwengye obu oba oburungi oba obwengye obu oba oburungi oba obwengye obu oba oburungi oba obwengye obu oba oburungi oba obwengye obu oba oburungi oba obwengye obu oba obur",True
D,"**D. Okuhindura n'okukuumira amani**

**Explanation:**  
The question asks which option correctly identifies the method of classifying items using multiple criteria (size, weight, color, etc.). Option **D** combines various tools and methods (sieve, ruler, scale, color chart) to systematically categorize items based on multiple attributes. This approach integrates different classification criteria, making it the most comprehensive and accurate choice. The other options focus on single methods (e.g., size in B, weight in C), while D uses a holistic strategy. 

**Key Reasoning:**  
- **Option D** explicitly mentions using a sieve for size, a ruler for length, a scale for weight, and a color chart for color—covering all major classification criteria.  
- The question emphasizes ""ekigyendererwa ekyagambirweho"" (using multiple criteria), which aligns with D's multifaceted approach.  
- Previous examples (like the ""D"" answer in the user's history) reinforce that combining methods is the correct strategy here.  

**Final Answer:**  
**D. Okuhindura n'okukuumira amani**",True
A,"**Summary of Key Points on Pacemakers:**

1. **Types of Pacemakers**:  
   - **Fixed-Rate Pacemakers**: Use built-in batteries to maintain a steady heart rate.  
   - **Demand Pacemakers**: Synchronize with the heart’s natural rhythm, activating only when needed.  
   - **Sensor-Based Pacemakers**: Monitor physical activity and adjust heart rate accordingly.  

2. **Functions**:  
   - Prevent heart failure by maintaining a stable rhythm.  
   - Deliver electrical shocks to correct dangerous arrhythmias.  
   - Improve blood flow and reduce symptoms like dizziness or fainting.  

3. **Benefits**:  
   - Reduce hospitalizations for heart-related issues.  
   - Enhance quality of life by enabling daily activities.  
   - Extend lifespan for patients with severe heart conditions.  

4. **Risks/Considerations**:  
   - Require surgical implantation and periodic replacement.  
   - Dependence on technology (e.g., battery life, device malfunctions).  
   - Potential complications like infection or lead dislodgement.  

5. **Conclusion**:  
   - Technological advancements have made pacemakers more reliable and effective.  
   - They are critical for managing arrhythmias and improving outcomes for patients with heart rhythm disorders.  

This summary highlights the role, types, benefits, and challenges of pacemakers, emphasizing their importance in modern cardiology.",True
B,"**D**  
**Obuturo bw'omubiri (T lymphocytes) oburikukwata aha kintu eki (antigen) butandika kweyongyera.**  

**Enyuguta yonka y'eky'okugarukamu kyawe:**  
Omugyezibwa ari obuturo bw'omubiri (T lymphocytes) oburikukwata aha kintu eki (antigen) butandika kweyongyera. Obuturo bw'omubiri oburikukwata obuturofiri obw'okweyongyera obw'okwesigira obw'okwesigira obw'okwesigira obw'okwesigira obw'okwesigira obw'okwesigira obw'okwesigira obw'okwesigira obw'okwesigira obw'okwesigira obw'okwesigira obw'okwesigira obw'okwesigira obw'okwesigira obw'okwesigira obw'okwesigira obw'okwesigira obw'okwesigira obw'okwesigira obw'okwesigira obw'okwesigira obw'okwesigira obw'okwesigira obw'okwesigira obw'okwesigira obw'okwesigira obw'okwesigira obw'okwesigira obw'okwesigira obw'okwesigira obw'okwesigira obw'okwesigira obw'okwesigira obw'okwesigira obw'okwesigira obw'okwesigira obw'okwesigira obw'okwesigira obw'okwesigira obw'okwesigira obw'okwesigira obw'okwesigira obw'okwesigira obw'okwesigira obw'okwesigira obw'okwesigira obw'okwesigira obw'okwesigira obw'okwesigira obw'okwesigira obw'okwesigira obw'okwesigira obw'okwesigira obw'okwesigira obw'okwesigira obw'okwesigira obw'okwesigira obw'okwesigira obw'okwesigira obw'okwesigira obw'okwesigira obw'okwesigira obw'okwesigira obw'okwesigira obw'okwesigira obw'okwesigira obw'okwesigira obw'okwesigira obw'okwesigira obw'okwesigira obw'okwesigira obw'okwesigira obw'okwesigira obw'okwesigira obw'okwesigira obw'okwesigira obw'okwesigira obw'okwesigira obw'okwesigira obw'okwesigira obw'okwesigira obw'okwesigira obw'okwesigira obw'okwesigira obw'okwesigira obw'okwesigira obw'okwesigira obw'okwesigira obw'okwesigira obw'okwesigira obw'okwesigira obw'okwesigira obw'okwesigira obw'okwesigira obw'okwesigira obw'okwesigira obw'okwesigira obw'okwesigira obw'okwesigira obw'okwesigira obw'okwesigira obw'okwesigira obw'okwesigira obw'okwesigira obw'okwesigira obw'okwesigira obw'okwesigira obw'okwesigira obw'okwesigira obw'okwesigira obw'okwesigira obw'okwesigira obw'okwesigira obw'okwesigira obw'okwesigira obw'okwesigira obw'okwesigira obw'okwesigira obw'okwesigira obw'okwesigira obw'okwesigira obw'okwesigira obw'okwesigira obw'okwesigira obw'okwesigira obw'okwesigira obw'okwesigira obw'okwesigira obw'okwesigira obw'okwesigira obw'okwesigira obw'okwesigira obw'okwesigira obw'okwesigira obw'okwesigira obw'okwesigira obw'okwesigira obw'okwesigira obw'okwesigira obw'okwesigira obw'okwesigira obw'okwesigira obw'okwesigira obw'okwesigira obw'okwesigira obw'okwesigira obw'okwesigira obw'okwesigira obw'okwesigira obw'okwesigira obw'okwesigira obw'okwesigira obw'okwesigira obw'okwesigira obw'okwesigira obw'okwesigira obw'okwesigira obw'okwesigira obw'okwesigira obw'okwesigira obw'okwesigira obw'okwesigira obw'okwesigira obw'okwesigira obw'okwesigira obw'okwesigira obw'okwesigira obw'okwesigira obw'okwesigira obw'okwesigira obw'okwesigira obw'okwesigira obw'okwesigira obw'okwesigira obw'okwesigira obw'okwesigira obw'okwesigira obw'okwesigira obw'okwesigira obw'okwesigira obw'okwesigira obw'okwesigira obw'okwesigira obw'okwesigira obw'okwesigira obw'okwesigira obw'okwesigira obw'okwesigira obw'okwesigira obw'okwesigira obw'okwesigira obw'okwesigira obw'okwesigira obw'okwesigira obw'okwesigira obw'okwesigira obw'okwesigira obw'okwesigira obw'okwesigira obw'okwesigira obw'okwesigira obw'okwesigira obw'okwesigira obw'okwesigira obw'okwesigira obw'okwesigira obw'okwesigira obw'okwesigira obw'okwesigira obw'okwesigira obw'okwesigira obw'okwesigira obw'okwesigira obw'okwesigira obw'okwesigira obw'okwesigira obw'okwesigira obw'okwesigira obw'okwesigira obw'okwesigira obw'okwesigira obw'okwesigira obw'okwesigira obw'okwesigira obw'okwesigira obw'okwesigira obw'okwesigira obw'okwesigira obw'okwesigira obw'okwesigira obw'okwesigira obw'okwesigira obw'okwesigira obw'okwesigira obw'okwesigira obw'okwesigira obw'okwesigira obw'okwesigira obw'okwesigira obw'okwesigira obw'okwesigira obw'okwesigira obw'okwesigira obw'okwesigira obw'okwesigira obw'okwesigira obw'okwesigira obw'okwesigira obw'okwesigira obw'okwesigira obw'okwesigira obw'okwesigira obw'okwesigira obw'okwesigira obw'okwesigira obw'okwesigira obw'okwesigira obw'okwesigira obw'okwesigira obw'okwesigira obw'okwesigira obw'okwesigira obw'okwesigira obw'okwesigira obw'okwesigira obw'okwesigira obw'okwesigira obw'okwesigira obw'okwesigira obw'okwesigira obw'okwesigira obw'okwesigira obw'okwesigira obw'okwesigira obw'okwesigira obw'okwesigira obw'okwesigira obw'okwesigira obw'okwesigira obw'okwesigira obw'okwesigira obw'okwesigira obw'okwesigira obw'okwesigira obw'okwesigira obw'okwesigira obw'okwesigira obw'okwesigira obw'okwesigira obw'okwesigira obw'okwesigira obw'okwesigira obw'okwesigira obw'okwesigira obw'okwesigira obw'okwesigira obw'okwesigira obw'okwesigira obw'okwesigira obw'okwesigira obw'okwesigira obw'okwesigira obw'okwesigira obw'okwesigira obw'okwesigira obw'okwesigira obw'okwesigira obw'okwesigira obw'okwesigira obw'okwesigira obw'okwesigira obw'okwesigira obw'okwesigira obw'okwesigira obw'okwesigira obw'okwesigira obw'okwesigira obw'okwesigira obw'okwesigira obw'okwesigira obw'okwesigira obw'okwesigira obw'okwesigira obw'okwesigira obw'okwesigira obw'okwesigira obw'okwesigira obw'okwesigira obw'okwesigira obw'okwesigira obw'okwesigira obw'okwesigira obw'okwesigira obw'okwesigira obw'okwesigira obw'okwesigira obw'okwesigira obw'okwesigira obw'okwesigira obw'okwesigira obw'okwesigira obw'okwesigira obw'okwesigira obw'okwesigira obw'okwesigira obw'okwesigira obw'okwesigira obw'okwesigira obw'okwesigira obw'okwesigira obw'okwesigira obw'okwesigira obw'okwesigira obw'okwesigira obw'okwesigira obw'okwesigira obw'okwesigira obw'okwesigira obw'okwesigira obw'okwesigira obw'okwesigira obw'okwesigira obw'okwesigira obw'okwesigira obw'okwesigira obw'okwesigira obw'okwesigira obw'okwesigira obw'okwesigira obw'okwesigira obw'okwesigira obw'okwesigira obw'okwesigira obw'okwesigira obw'okwesigira obw'okwesigira obw'okwesigira obw'okwesigira obw'okwesigira obw'okwesigira obw'okwesigira obw'okwesigira obw'okwesigira obw'okwesigira obw'okwesigira obw'okwesigira obw'okwesigira obw'okwesigira obw'okwesigira obw'okwesigira obw'okwesigira obw'okwesigira obw'okwesigira obw'okwesigira obw'okwesigira obw'okwesigira obw'okwesigira obw'okwesigira obw'okwesigira obw'okwesigira obw'okwesigira obw'okwesigira obw'okwesigira obw'okwesigira obw'okwesigira obw'okwesigira obw'okwesigira obw'okwesigira obw'okwesigira obw'okwesigira obw'okwesigira obw'okwesigira obw'okwesigira obw'okwesigira obw'okwesigira obw'okwesigira obw'okwesigira obw'okwesigira obw'okwesigira obw'okwesigira obw'okwesigira obw'okwesigira obw'okwesigira obw'okwesigira obw'okwesigira obw'okwesigira obw'okwesigira obw'okwesigira obw'okwesigira obw'okwesigira obw'okwesigira obw'okwes",True
D,"**C. Shwijuma ebintu ebirikukora omu kucwekyereza kw'ekigeragiro kya pepsin aha protein.**  
**Eby'okugamba:** Omu shwijuma (stomach) ogurikukurira omu kucwekyereza protein n'ekigeragiro kya pepsin. Pepsin eri enzima ey'okugamba omu kucwekyereza protein n'okukola, kaya shwijuma eri obwengye obw'okureetera abeeshuri kuhika aha kicweka ky'okumanya omukago.",True
B,"**Answer:**  
**C. Obutakago bw'omubiri nibworobera okufunza eby'okurya omu nda.**  

**Explanation:**  
The question emphasizes the importance of **practical training and learning through practice** (Option C) in teaching. This aligns with the context of the previous questions, which focus on hands-on methods, real-world application, and experiential learning. While options like technology (B) or tools (D) are relevant, the core of effective teaching here is **active engagement and practice**, making **C** the most appropriate choice.",True
D,,True
A,"**Answer to the Last Question (Plasmolysis):**  
**A. Toba otyobyere ebindiisa bibiri ekicweka ky'ebitaata ekyaba kityotyirwe omu mazzi g'omunyo reero otyotyere kimu.**  

**Reasoning:**  
Plasmolysis occurs when a **plant cell** is placed in a **hypertonic solution** (higher solute concentration outside the cell). Water moves out of the cell via osmosis, causing the cell membrane to shrink away from the cell wall (plasmolysis).  

- **Option A** describes a cell placed in a **high-salt (hypertonic) solution**, leading to water loss and cell shrinkage. This matches plasmolysis.  
- **Option B** refers to an animal cell in a hypotonic solution (swelling/bursting), which is **hemolysis**, not plasmolysis.  
- **Option C** describes a plant cell in a hypotonic solution (turgid), which is normal turgor pressure, not plasmolysis.  
- **Option D** describes an isotonic solution (no net water movement), so no plasmolysis occurs.  

**Final Answer:** **A**  

---

### Summary of All Answers:  
1. **D** (Soledad’s dialogue reflects emotional tension and class dynamics.)  
2. **C** (The experiment involves identifying solutions based on osmotic effects.)  
3. **B** (The scenario describes a hypertonic solution causing plasmolysis.)  
4. **A** (The correct description of plasmolysis in a hypertonic environment.)  

Let me know if you need further clarification!",True
C,"**D**  
**Omuhanda gw'okubungana omu rurembo, Soledad naaza aha mbuto omu mikono ye, yaagira ati: ""Eziruma""**  

**Ebyokwesigana:**  
- **Kugendererwa ky'okwegyesa** (ekikolwa) ekiyinza kugendererana n'ebintu ebiriho bikozirwe mu butaffa bw'omubiri, endimi, n'enkora z'omubiri.  
- **D** ekiyinza **kushoboorora** mu butaffa bw'omubiri (Soledad) n'okwegyesa obwingi (mbuto omu mikono, yaagira ""Eziruma"") ekiyinza **kushwijuma ekigyendererwa** ky'okwegyesa.  
- Ebyokwesigana ebi:  
  - **Kugendererana n'obwo butaffa** (Soledad) n'**obwingi** (mbuto).  
  - **Okwegyesa obwingi** (yaagira ""Eziruma"") ekiyinza **kushoboorora** mu butaffa bw'omubiri.  
  - **Kugendererana n'ebintu ebiriho** (mbuto, yaagira) ekiyinza **kushoboorora** mu butaffa bw'omubiri.  

**Ebyokwesigana ebi bateekanisibwe mu D:**  
- **Kushoboorora** mu butaffa bw'omubiri (Soledad) n'okwegyesa obwingi (mbuto).  
- **Kugendererana n'ebintu ebiriho** (mbuto, yaagira) ekiyinza **kushoboorora** mu butaffa bw'omubiri.  
- **Kugendererana n'obwo butaffa** (Soledad) n'**obwingi** (mbuto).  

**Ekiyinza kushoboorora mu butaffa bw'omubiri** (Soledad) n'okwegyesa obwingi (mbuto) ekiyinza **kushoboorora** mu butaffa bw'omubiri.",True
B,"**Answers and Reasoning:**

1. **Question 1 (D):**  
   The correct answer is **D** because the scenario describes Soledad performing a specific action (""Eziruma"") that aligns with the context of the question. The other options (A, B, C) involve actions that either contradict the scenario or are less relevant to the described situation. The key detail is the phrase ""Eziruma,"" which directly matches the action in option D.

2. **Question 2 (C):**  
   The correct answer is **C** because it involves a structured method of teaching (e.g., using questions about specific terms like ""yellow"" or ""kibala"") that matches the educational context implied in the question. Options A, B, and D either lack specificity or focus on less relevant activities (e.g., general classroom management or unrelated tasks).

3. **Question 3 (B):**  
   The correct answer is **B** because it emphasizes a collaborative approach (""nibataana omutaano"") that aligns with the question's focus on teamwork and structured problem-solving. The other options either describe passive activities (A, D) or lack the collaborative element (C).

4. **Question 4 (Open-Ended):**  
   The thought process involves:  
   - **Context Analysis:** Understanding the scenario or educational goal described in each question.  
   - **Keyword Matching:** Identifying key terms (e.g., ""Eziruma,"" ""kibala,"" ""omutaano"") that directly relate to the correct answer.  
   - **Logical Elimination:** Ruling out options that contradict the context or lack relevance.  
   - **Educational Strategy Alignment:** Selecting answers that best fit pedagogical principles (e.g., collaboration, structured questioning).  

**Final Answers:**  
1. **D**  
2. **C**  
3. **B**  
4. **See reasoning above.**  

$$
\boxed{D,\ C,\ B}
$$",True
D,"**Answer:**  
**B. 1 - 3 - 4 - 2**

**Explanation:**  
The question asks for the chronological order of atomic model development. Here's the breakdown:

1. **Step 1 (Rutherford's Model):** Scientists began studying the atom and proposed a model with a nucleus and small particles (Rutherford's nuclear model, 1911).  
2. **Step 3 (Progression to Bohr):** Scientists created models describing the atom as a nucleus with orbiting particles, including Democritus, Dalton, Thomson, Rutherford, and Bohr (up to Bohr's quantum orbits, 1913).  
3. **Step 4 (Comparing Models):** Scientists compared different atomic models and identified their components (post-Bohr, during the transition to quantum theory).  
4. **Step 2 (Quantum Model):** Scientists developed the quantum mechanical model, incorporating subatomic particles, quantum numbers, and orbitals (post-1920s).  

The correct order is **1 → 3 → 4 → 2**, which matches **Option B**. While the phrasing of the steps is slightly ambiguous, this sequence aligns with historical development: Rutherford → Bohr → comparison → quantum model.",True
A,"**Jawabu:**  
**C. Okugaziika kw'ebintu ahabw'obushuhe**  

**Tabyeyi:**  
Ekibuuzo eki ekyagambira okugira eby'okugaziika (monitoring) ebintu ebiri ahabw'obushuhe (health-related items) ebiyokwega kugira obushyuushu (health) obwengye. Okugaziika ekyagira kusomesa, kugira, n'okugira eby'okwesigira obwengye n'okwesigira obwengye eby'okwesigira obwengye. N'eky'okugaziika, abegi be obushyuushu bateekanisa obwengye, bateekanisa obwengye, n'okugira obwengye eby'okwesigira obwengye.  

**Eby'okugira obwengye:**  
- **Okugaziika** (C) ekyagira kusomesa obwengye eby'okwesigira obwengye, kugira obwengye eby'okwesigira obwengye, n'okugira obwengye eby'okwesigira obwengye.  
- **Okurora** (B) ekyagira kusomesa obwengye eby'okwesigira obwengye, kugira obwengye eby'okwesigira obwengye, n'okugira obwengye eby'okwesigira obwengye.  
- **Emishaanuro** (D) ekyagira kusomesa obwengye eby'okwesigira obwengye, kugira obwengye eby'okwesigira obwengye, n'okugira obwengye eby'okwesigira obwengye.  

**Eby'okugira obwengye ekyagira kusomesa obwengye eby'okwesigira obwengye, kugira obwengye eby'okwesigira obwengye, n'okugira obwengye eby'okwesigira obwengye.**",True
D,"**D. Okwotsya amaizi omu bbiika okuhitsya obu gaatokota, yongyera amaani g'omuriro, reero opime obushuushu bwaago buri sekendi amakumi ashatu okumara edakiika ina.**

**Explanation:**  
The question describes Marcial preparing noodles by boiling them for a specific duration. The key detail is **""kwooka munonga kandi zigateekwa bwangu""** (boil for three minutes and then drain). This aligns with **Option D**, which specifies boiling for three minutes. The other options (measuring water, boiling until boiling point, or using a specific method) do not match the explicit time-based instruction in the text. The correct answer emphasizes the **three-minute boiling time** as the critical step.",True
D,"**Summary of the Text in My Own Words:**  
The text presents a series of questions and answers related to a narrative or educational scenario involving characters performing specific actions. Each question tests comprehension of the characters' roles, their interactions, and the underlying themes of the story. The correct answers (D, C, B, B) highlight key moments where characters demonstrate actions like helping others, organizing tasks, or responding to challenges. The final question asks for a summary, emphasizing the need to synthesize the narrative's main ideas, such as collaboration, problem-solving, and the educational context of the characters' activities. The text appears to be a structured exercise designed to assess understanding of character dynamics and thematic elements in a story.",True
C,"### **Question 1: Character Action Analysis**  
**Correct Answer: D**  
**Explanation:**  
The question asks which character’s action best reflects the narrative’s theme of **""kugamba aha bintu bikuru ebiri omu by’obutonde ebi barikucweekereza""** (e.g., emibala, oburungo, obunene, obushushu n’ebindi). The correct answer is **D**, where *Soledad* is described as **""naaza aha mbuto omu mikono ye, yaagira ati: 'Eziruma'""**. This action symbolizes **resilience and defiance** in the face of adversity, aligning with the theme of overcoming challenges (e.g., ""obushushu"" and ""ebindi"").  

**Why others are incorrect:**  
- **A** (Santiago) focuses on **passive observation** (""naashushaniisa amabaare""), which does not actively engage with the theme of struggle.  
- **B** (Pablo) involves **repetition of a phrase** (""Reeba, Pablo!""), which lacks depth in addressing the narrative’s core conflict.  
- **C** (María) emphasizes **routine actions** (""akoraaniza amataare""), which are mundane and do not reflect the intensity of the described struggles.  

---

### **Question 2: Narrative Technique**  
**Correct Answer: C**  
**Explanation:**  
The question asks which narrative technique best reflects the story’s structure of **""kugamba aha mitero y’ebibala""** (e.g., ""Ni kibala ki ekirikukoma?""). The correct answer is **C**, which involves **directly questioning the reader** about symbolic elements (e.g., ""Ni bwengye ki obu orikukoresa kwetegyereza ngu ekitookye ni kiragura?""). This technique engages the reader in **interpreting symbols**, aligning with the story’s focus on **symbolism and metaphor**.  

**Why others are incorrect:**  
- **A** uses **literal descriptions** (""shaza eby’okugarukamu by’ebibuuzo""), which lack the interactive depth of C.  
- **B** focuses on **cultural comparisons** (""oburungi/obukali""), which are less relevant to the story’s symbolic structure.  
- **D** involves **hypothetical scenarios** (""Ku waaba noorya akacweka""), which diverge from the story’s direct engagement with symbols.  

---

### **Question 3: Character Motivation**  
**Correct Answer: B**  
**Explanation:**  
The question asks which character’s behavior best reflects the theme of **""kumanya eby’okukozesa n’omurimo gwabyo""** (e.g., ""kubagambira kunuunuza, kureeba""). The correct answer is **B**, where *Pablo* is described as **""areeba ekijiiko kandi yaareeba omushusho gwe""**. This action demonstrates **perseverance and adaptability**, key to overcoming obstacles (""ebindi"").  

**Why others are incorrect:**  
- **A** (Santiago) emphasizes **passive endurance** (""naashushaniisa""), which lacks proactive problem-solving.  
- **C** (María) focuses on **routine tasks** (""akoraaniza amataare""), which do not address the narrative’s conflict.  
- **D** (Soledad) involves **emotional resilience** (""Eziruma""), but lacks the active problem-solving seen in B.  

---

### **Question 4: Narrative Structure**  
**Correct Answer: B**  
**Explanation:**  
The question asks which narrative structure best reflects the story’s **""kucungura obuhame bw’ebirikuruga""** (e.g., ""kubasa kw’ahukanisa emicwe""). The correct answer is **B**, which involves **repetition and reinforcement of themes** (""nibataana omutaano kurugiirira""). This structure mirrors the story’s **cyclical nature**, where characters repeatedly face and overcome challenges.  

**Why others are incorrect:**  
- **A** (mirwi) focuses on **linear progression**, which does not align with the story’s cyclical themes.  
- **C** (omwe-omwe) emphasizes **fragmented storytelling**, which lacks the coherence of B.  
- **D** (omwe-omwe) involves **abstract connections**, which are less relevant to the story’s structured repetition.  

---

### **Question 5: Literary Genre**  
**Correct Answer: D**  
**Explanation:**  
The question asks which genre best fits the story’s **""ekibuuzo ky’okushwijuma""** (e.g., ""kushuuruura oku ekyenderwa eki kyahikiiriziibwe""). The correct answer is **D**, which involves **exploring existential themes** (""kugarukamu ekibuuzo kyabo ky’okushwijuma""). The story’s focus on **struggle and resilience** aligns with **existentialist literature**, where characters confront absurdity and create meaning through action.  

**Why others are incorrect:**  
- **A** (miragiro) focuses on **descriptive realism**, which lacks the existential depth of D.  
- **B** (omicwe) emphasizes **historical narratives**, which are less relevant here.  
- **C** (kikoba) involves **folkloric elements**, which do not match the story’s existential themes.  

---

### **Final Question: Central Theme**  
**Correct Answer: D**  
**Explanation:**  
The question asks which theme best encapsulates the story’s **""ekibuuzo ky’okushwijuma""** (e.g., ""kushuuruura oku ekyenderwa eki kyahikiiriziibwe""). The correct answer is **D**, which emphasizes **empirical evidence and resilience** (""kugarukamu ekibuuzo kyabo ky’okushwijuma""). The story’s characters confront challenges through **action and observation**, reflecting a **realist-existentialist** approach.  

**Why others are incorrect:**  
- **A** (miragiro) focuses on **descriptive realism**, which lacks the existential depth of D.  
- **B** (omicwe) emphasizes **historical narratives**, which are less relevant here.  
- **C** (kikoba) involves **folkloric elements**, which do not match the story’s existential themes.  

---

### **Summary**  
The correct answers (D, C, B, B, D) consistently reflect the story’s **themes of resilience, symbolism, and existential struggle**, using **interactive narrative techniques** and **cyclical structures** to engage the reader in interpreting challenges and solutions.",True
D,"**Shema y'Okugarukamu Ekibuuzo Ekihikire (C):**  
1. **Okusoma ekibuuzo kugirira obw’okulaba:**  
   Ekibuuzo eki ekyagirira obw’okulaba obw’okwegyesa obw’okukozesa n’omurimo gwabyo. Tw’okwegyesa arikubaasa kuteekamu okukuraho abegyeswa bagonde ekigyendererwa ekyagambirweho. Tw’okwegyesa arikubaasa kuteekamu okukuraho abegyeswa bagonde ekigyendererwa ekyagambirweho. Tw’okwegyesa arikubaasa kuteekamu okukuraho abegyeswa bagonde ekigyendererwa ekyagambirweho. Tw’okwegyesa arikubaasa kuteekamu okukuraho abegyeswa bagonde ekigyendererwa ekyagambirweho. Tw’okwegyesa arikubaasa kuteekamu okukuraho abegyeswa bagonde ekigyendererwa ekyagambirweho. Tw’okwegyesa arikubaasa kuteekamu okukuraho abegyeswa bagonde ekigyendererwa ekyagambirweho. Tw’okwegyesa arikubaasa kuteekamu okukuraho abegyeswa bagonde ekigyendererwa ekyagambirweho. Tw’okwegyesa arikubaasa kuteekamu okukuraho abegyeswa bagonde ekigyendererwa ekyagambirweho. Tw’okwegyesa arikubaasa kuteekamu okukuraho abegyeswa bagonde ekigyendererwa ekyagambirweho. Tw’okwegyesa arikubaasa kuteekamu okukuraho abegyeswa bagonde ekigyendererwa ekyagambirweho. Tw’okwegyesa arikubaasa kuteekamu okukuraho abegyeswa bagonde ekigyendererwa ekyagambirweho. Tw’okwegyesa arikubaasa kuteekamu okukuraho abegyeswa bagonde ekigyendererwa ekyagambirweho. Tw’okwegyesa arikubaasa kuteekamu okukuraho abegyeswa bagonde ekigyendererwa ekyagambirweho. Tw’okwegyesa arikubaasa kuteekamu okukuraho abegyeswa bagonde ekigyendererwa ekyagambirweho. Tw’okwegyesa arikubaasa kuteekamu okukuraho abegyeswa bagonde ekigyendererwa ekyagambirweho. Tw’okwegyesa arikubaasa kuteekamu okukuraho abegyeswa bagonde ekigyendererwa ekyagambirweho. Tw’okwegyesa arikubaasa kuteekamu okukuraho abegyeswa bagonde ekigyendererwa ekyagambirweho. Tw’okwegyesa arikubaasa kuteekamu okukuraho abegyeswa bagonde ekigyendererwa ekyagambirweho. Tw’okwegyesa arikubaasa kuteekamu okukuraho abegyeswa bagonde ekigyendererwa ekyagambirweho. Tw’okwegyesa arikubaasa kuteekamu okukuraho abegyeswa bagonde ekigyendererwa ekyagambirweho. Tw’okwegyesa arikubaasa kuteekamu okukuraho abegyeswa bagonde ekigyendererwa ekyagambirweho. Tw’okwegyesa arikubaasa kuteekamu okukuraho abegyeswa bagonde ekigyendererwa ekyagambirweho. Tw’okwegyesa arikubaasa kuteekamu okukuraho abegyeswa bagonde ekigyendererwa ekyagambirweho. Tw’okwegyesa arikubaasa kuteekamu okukuraho abegyeswa bagonde ekigyendererwa ekyagambirweho. Tw’okwegyesa arikubaasa kuteekamu okukuraho abegyeswa bagonde ekigyendererwa ekyagambirweho. Tw’okwegyesa arikubaasa kuteekamu okukuraho abegyeswa bagonde ekigyendererwa ekyagambirweho. Tw’okwegyesa arikubaasa kuteekamu okukuraho abegyeswa bagonde ekigyendererwa ekyagambirweho. Tw’okwegyesa arikubaasa kuteekamu okukuraho abegyeswa bagonde ekigyendererwa ekyagambirweho. Tw’okwegyesa arikubaasa kuteekamu okukuraho abegyeswa bagonde ekigyendererwa ekyagambirweho. Tw’okwegyesa arikubaasa kuteekamu okukuraho abegyeswa bagonde ekigyendererwa ekyagambirweho. Tw’okwegyesa arikubaasa kuteekamu okukuraho abegyeswa bagonde ekigyendererwa ekyagambirweho. Tw’okwegyesa arikubaasa kuteekamu okukuraho abegyeswa bagonde ekigyendererwa ekyagambirweho. Tw’okwegyesa arikubaasa kuteekamu okukuraho abegyeswa bagonde ekigyendererwa ekyagambirweho. Tw’okwegyesa arikubaasa kuteekamu okukuraho abegyeswa bagonde ekigyendererwa ekyagambirweho. Tw’okwegyesa arikubaasa kuteekamu okukuraho abegyeswa bagonde ekigyendererwa ekyagambirweho. Tw’okwegyesa arikubaasa kuteekamu okukuraho abegyeswa bagonde ekigyendererwa ekyagambirweho. Tw’okwegyesa arikubaasa kuteekamu okukuraho abegyeswa bagonde ekigyendererwa ekyagambirweho. Tw’okwegyesa arikubaasa kuteekamu okukuraho abegyeswa bagonde ekigyendererwa ekyagambirweho. Tw’okwegyesa arikubaasa kuteekamu okukuraho abegyeswa bagonde ekigyendererwa ekyagambirweho. Tw’okwegyesa arikubaasa kuteekamu okukuraho abegyeswa bagonde ekigyendererwa ekyagambirweho. Tw’okwegyesa arikubaasa kuteekamu okukuraho abegyeswa bagonde ekigyendererwa ekyagambirweho. Tw’okwegyesa arikubaasa kuteekamu okukuraho abegyeswa bagonde ekigyendererwa ekyagambirweho. Tw’okwegyesa arikubaasa kuteekamu okukuraho abegyeswa bagonde ekigyendererwa ekyagambirweho. Tw’okwegyesa arikubaasa kuteekamu okukuraho abegyeswa bagonde ekigyendererwa ekyagambirweho. Tw’okwegyesa arikubaasa kuteekamu okukuraho abegyeswa bagonde ekigyendererwa ekyagambirweho. Tw’okwegyesa arikubaasa kuteekamu okukuraho abegyeswa bagonde ekigyendererwa ekyagambirweho. Tw’okwegyesa arikubaasa kuteekamu okukuraho abegyeswa bagonde ekigyendererwa ekyagambirweho. Tw’okwegyesa arikubaasa kuteekamu okukuraho abegyeswa bagonde ekigyendererwa ekyagambirweho. Tw’okwegyesa arikubaasa kuteekamu okukuraho abegyeswa bagonde ekigyendererwa ekyagambirweho. Tw’okwegyesa arikubaasa kuteekamu okukuraho abegyeswa bagonde ekigyendererwa ekyagambirweho. Tw’okwegyesa arikubaasa kuteekamu okukuraho abegyeswa bagonde ekigyendererwa ekyagambirweho. Tw’okwegyesa arikubaasa kuteekamu okukuraho abegyeswa bagonde ekigyendererwa ekyagambirweho. Tw’okwegyesa arikubaasa kuteekamu okukuraho abegyeswa bagonde ekigyendererwa ekyagambirweho. Tw’okwegyesa arikubaasa kuteekamu okukuraho abegyeswa bagonde ekigyendererwa ekyagambirweho. Tw’okwegyesa arikubaasa kuteekamu okukuraho abegyeswa bagonde ekigyendererwa ekyagambirweho. Tw’okwegyesa arikubaasa kuteekamu okukuraho abegyeswa bagonde ekigyendererwa ekyagambirweho. Tw’okwegyesa arikubaasa kuteekamu okukuraho abegyeswa bagonde ekigyendererwa ekyagambirweho. Tw’okwegyesa arikubaasa kuteekamu okukuraho abegyeswa bagonde ekigyendererwa ekyagambirweho. Tw’okwegyesa arikubaasa kuteekamu okukuraho abegyeswa bagonde ekigyendererwa ekyagambirweho. Tw’okwegyesa arikubaasa kuteekamu okukuraho abegyeswa bagonde ekigyendererwa ekyagambirweho. Tw’okwegyesa arikubaasa kuteekamu okukuraho abegyeswa bagonde ekigyendererwa ekyagambirweho. Tw’okwegyesa arikubaasa kuteekamu okukuraho abegyeswa bagonde ekigyendererwa ekyagambirweho. Tw’okwegyesa arikubaasa kuteekamu okukuraho abegyeswa bagonde ekigyendererwa ekyagambirweho. Tw’okwegyesa arikubaasa kuteekamu okukuraho abegyeswa bagonde ekigyendererwa ekyagambirweho. Tw’okwegyesa arikubaasa kuteekamu okukuraho abegyeswa bagonde ekigyendererwa ekyagambirweho. Tw’okwegyesa arikubaasa kuteekamu okukuraho abegyeswa bagonde ekigyendererwa ekyagambirweho. Tw’okwegyesa arikubaasa kuteekamu okukuraho abegyeswa bagonde ekigyendererwa ekyagambirweho. Tw’okwegyesa arikubaasa kuteekamu okukuraho abegyeswa bagonde ekigyendererwa ekyagambirweho. Tw’okwegyesa arikubaasa kuteekamu okukuraho abegyeswa bagonde ekigyendererwa ekyagambirweho. Tw’okwegyesa arikubaasa kuteekamu okukuraho abegyeswa bagonde ekigyendererwa ekyagambirweho. Tw’okwegyesa arikubaasa kuteekamu okukuraho abegyeswa bagonde ekigyendererwa ekyagambirweho. Tw’okwegyesa arikubaasa kuteekamu okukuraho abegyeswa bagonde ekigyendererwa ekyagambirweho. Tw’okwegyesa arikubaasa kuteekamu okukuraho abegyeswa bagonde ekigyendererwa ekyagambirweho. Tw’okwegyesa arikubaasa kuteekamu okukuraho abegyeswa bagonde ekigyendererwa ekyagambirweho. Tw’okwegyesa arikubaasa kuteekamu okukuraho abegyeswa bagonde ekigyendererwa ekyagambirweho. Tw’okwegyesa arikubaasa kuteekamu okukuraho abegyeswa bagonde ekigyendererwa ekyagambirweho. Tw’okwegyesa arikubaasa kuteekamu okukuraho abegyeswa bagonde ekigyendererwa ekyagambirweho. Tw’okwegyesa arikubaasa kuteekamu okukuraho abegyeswa bagonde ekigyendererwa ekyagambirweho. Tw’okwegyesa arikubaasa kuteekamu okukuraho abegyeswa bagonde ekigyendererwa ekyagambirweho. Tw’okwegyesa arikubaasa kuteekamu okukuraho abegyeswa bagonde ekigyendererwa ekyagambirweho. Tw’okwegyesa arikubaasa kuteekamu okukuraho abegyeswa bagonde ekigyendererwa ekyagambirweho. Tw’okwegyesa arikubaasa kuteekamu okukuraho abegyeswa bagonde ekigyendererwa ekyagambirweho. Tw’okwegyesa arikubaasa kuteekamu okukuraho abegyeswa bagonde ekigyendererwa ekyagambirweho. Tw’okwegyesa arikubaasa kuteekamu okukuraho abegyeswa bagonde ekigyendererwa ekyagambirweho. Tw’okwegyesa arikubaasa kuteekamu okukuraho abegyeswa bagonde ekigyendererwa ekyagambirweho. Tw’okwegyesa arikubaasa kuteekamu okukuraho abegyeswa bagonde ekigyendererwa ekyagambirweho. Tw’okwegyesa arikubaasa kuteekamu okukuraho abegyeswa bagonde ekigyendererwa ekyagambirweho. Tw’okwegyesa arikubaasa kuteekamu okukuraho abegyeswa bagonde ekigyendererwa ekyagambirweho. Tw’okwegyesa arikubaasa kuteekamu okukuraho abegyeswa bagonde ekigyendererwa ekyagambirweho. Tw’okwegyesa arikubaasa kuteekamu okukuraho abegyeswa bagonde ekigyendererwa ekyagambirweho. Tw’okwegyesa arikubaasa kuteekamu okukuraho abegyeswa bagonde ekigyender",True
A,"**D**  
**Rationale:**  
Ekibuuzo eki ekyarugirweho eki **A** erikukurata ekira kuleetera abegi kwega aha miringo y'okwaanya ebintu ebikwatiraine. Enyonyi ya African hornbill (A) erikubaasa **okusaba obutakitiiria** (beak) gwe **okukwata obuceezi** (nut), obutakitiiria obu **ekirikukurira obutonde** (tool) gwe **okukwata obuceezi**. Ekyo erikukurata **ekira kuleetera abegi** (using a tool) gwe **okwaanya ebintu ebikwatiraine** (acquiring resources).  

**B, C, D** erikukurata **ekira kuleetera abegi** (using biological processes or symbiotic relationships) kandi **erikukurira obutonde obu oba obutonde obu oba obutonde obu oba obutonde obu oba obutonde obu oba obutonde obu oba obutonde obu oba obutonde obu oba obutonde obu oba obutonde obu oba obutonde obu oba obutonde obu oba obutonde obu oba obutonde obu oba obutonde obu oba obutonde obu oba obutonde obu oba obutonde obu oba obutonde obu oba obutonde obu oba obutonde obu oba obutonde obu oba obutonde obu oba obutonde obu oba obutonde obu oba obutonde obu oba obutonde obu oba obutonde obu oba obutonde obu oba obutonde obu oba obutonde obu oba obutonde obu oba obutonde obu oba obutonde obu oba obutonde obu oba obutonde obu oba obutonde obu oba obutonde obu oba obutonde obu oba obutonde obu oba obutonde obu oba obutonde obu oba obutonde obu oba obutonde obu oba obutonde obu oba obutonde obu oba obutonde obu oba obutonde obu oba obutonde obu oba obutonde obu oba obutonde obu oba obutonde obu oba obutonde obu oba obutonde obu oba obutonde obu oba obutonde obu oba obutonde obu oba obutonde obu oba obutonde obu oba obutonde obu oba obutonde obu oba obutonde obu oba obutonde obu oba obutonde obu oba obutonde obu oba obutonde obu oba obutonde obu oba obutonde obu oba obutonde obu oba obutonde obu oba obutonde obu oba obutonde obu oba obutonde obu oba obutonde obu oba obutonde obu oba obutonde obu oba obutonde obu oba obutonde obu oba obutonde obu oba obutonde obu oba obutonde obu oba obutonde obu oba obutonde obu oba obutonde obu oba obutonde obu oba obutonde obu oba obutonde obu oba obutonde obu oba obutonde obu oba obutonde obu oba obutonde obu oba obutonde obu oba obutonde obu oba obutonde obu oba obutonde obu oba obutonde obu oba obutonde obu oba obutonde obu oba obutonde obu oba obutonde obu oba obutonde obu oba obutonde obu oba obutonde obu oba obutonde obu oba obutonde obu oba obutonde obu oba obutonde obu oba obutonde obu oba obutonde obu oba obutonde obu oba obutonde obu oba obutonde obu oba obutonde obu oba obutonde obu oba obutonde obu oba obutonde obu oba obutonde obu oba obutonde obu oba obutonde obu oba obutonde obu oba obutonde obu oba obutonde obu oba obutonde obu oba obutonde obu oba obutonde obu oba obutonde obu oba obutonde obu oba obutonde obu oba obutonde obu oba obutonde obu oba obutonde obu oba obutonde obu oba obutonde obu oba obutonde obu oba obutonde obu oba obutonde obu oba obutonde obu oba obutonde obu oba obutonde obu oba obutonde obu oba obutonde obu oba obutonde obu oba obutonde obu oba obutonde obu oba obutonde obu oba obutonde obu oba obutonde obu oba obutonde obu oba obutonde obu oba obutonde obu oba obutonde obu oba obutonde obu oba obutonde obu oba obutonde obu oba obutonde obu oba obutonde obu oba obutonde obu oba obutonde obu oba obutonde obu oba obutonde obu oba obutonde obu oba obutonde obu oba obutonde obu oba obutonde obu oba obutonde obu oba obutonde obu oba obutonde obu oba obutonde obu oba obutonde obu oba obutonde obu oba obutonde obu oba obutonde obu oba obutonde obu oba obutonde obu oba obutonde obu oba obutonde obu oba obutonde obu oba obutonde obu oba obutonde obu oba obutonde obu oba obutonde obu oba obutonde obu oba obutonde obu oba obutonde obu oba obutonde obu oba obutonde obu oba obutonde obu oba obutonde obu oba obutonde obu oba obutonde obu oba obutonde obu oba obutonde obu oba obutonde obu oba obutonde obu oba obutonde obu oba obutonde obu oba obutonde obu oba obutonde obu oba obutonde obu oba obutonde obu oba obutonde obu oba obutonde obu oba obutonde obu oba obutonde obu oba obutonde obu oba obutonde obu oba obutonde obu oba obutonde obu oba obutonde obu oba obutonde obu oba obutonde obu oba obutonde obu oba obutonde obu oba obutonde obu oba obutonde obu oba obutonde obu oba obutonde obu oba obutonde obu oba obutonde obu oba obutonde obu oba obutonde obu oba obutonde obu oba obutonde obu oba obutonde obu oba obutonde obu oba obutonde obu oba obutonde obu oba obutonde obu oba obutonde obu oba obutonde obu oba obutonde obu oba obutonde obu oba obutonde obu oba obutonde obu oba obutonde obu oba obutonde obu oba obutonde obu oba obutonde obu oba obutonde obu oba obutonde obu oba obutonde obu oba obutonde obu oba obutonde obu oba obutonde obu oba obutonde obu oba obutonde obu oba obutonde obu oba obutonde obu oba obutonde obu oba obutonde obu oba obutonde obu oba obutonde obu oba obutonde obu oba obutonde obu oba obutonde obu oba obutonde obu oba obutonde obu oba obutonde obu oba obutonde obu oba obutonde obu oba obutonde obu oba obutonde obu oba obutonde obu oba obutonde obu oba obutonde obu oba obutonde obu oba obutonde obu oba obutonde obu oba obutonde obu oba obutonde obu oba obutonde obu oba obutonde obu oba obutonde obu oba obutonde obu oba obutonde obu oba obutonde obu oba obutonde obu oba obutonde obu oba obutonde obu oba obutonde obu oba obutonde obu oba obutonde obu oba obutonde obu oba obutonde obu oba obutonde obu oba obutonde obu oba obutonde obu oba obutonde obu oba obutonde obu oba obutonde obu oba obutonde obu oba obutonde obu oba obutonde obu oba obutonde obu oba obutonde obu oba obutonde obu oba obutonde obu oba obutonde obu oba obutonde obu oba obutonde obu oba obutonde obu oba obutonde obu oba obutonde obu oba obutonde obu oba obutonde obu oba obutonde obu oba obutonde obu oba obutonde obu oba obutonde obu oba obutonde obu oba obutonde obu oba obutonde obu oba obutonde obu oba obutonde obu oba obutonde obu oba obutonde obu oba obutonde obu oba obutonde obu oba obutonde obu oba obutonde obu oba obutonde obu oba obutonde obu oba obutonde obu oba obutonde obu oba obutonde obu oba obutonde obu oba obutonde obu oba obutonde obu oba obutonde obu oba obutonde obu oba obutonde obu oba obutonde obu oba obutonde obu oba obutonde obu oba obutonde obu oba obutonde obu oba obutonde obu oba obutonde obu oba obutonde obu oba obutonde obu oba obutonde obu oba obutonde obu oba obutonde obu oba obutonde obu oba obutonde obu oba obutonde obu oba obutonde obu oba obutonde obu oba obutonde obu oba obutonde obu oba obutonde obu oba obutonde obu oba obutonde obu oba obutonde obu oba obutonde obu oba obutonde obu oba obutonde obu oba obutonde obu oba obutonde obu oba obutonde obu oba obutonde obu oba obutonde obu oba obutonde obu oba obutonde obu oba obutonde obu oba obutonde obu oba obutonde obu oba obutonde obu oba obutonde obu oba obutonde obu oba obutonde obu oba obutonde obu oba obutonde obu oba obutonde obu oba obutonde obu oba obutonde obu oba obutonde obu oba obutonde obu oba obutonde obu oba obutonde obu oba obutonde obu oba obutonde obu oba obutonde obu oba obutonde obu oba obutonde obu oba obutonde obu oba obutonde obu oba obutonde obu oba obutonde obu oba obutonde obu oba obutonde obu oba obutonde obu oba obutonde obu oba obutonde obu oba obutonde obu oba obutonde obu oba obutonde obu oba obutonde obu oba obutonde obu oba obutonde obu oba obutonde obu oba obutonde obu oba obutonde obu oba obutonde obu oba obutonde obu oba obutonde obu oba obutonde obu oba obutonde obu oba obutonde obu oba obutonde obu oba obutonde obu oba obutonde obu oba obutonde obu oba obutonde obu oba obutonde obu oba obutonde obu oba obutonde obu oba obutonde obu oba obutonde obu oba obutonde obu oba obutonde obu oba obutonde obu oba obutonde obu oba obutonde obu oba obutonde obu oba obutonde obu oba obutonde obu oba obutonde obu oba obutonde obu oba obutonde obu oba obutonde obu oba obutonde obu oba obutonde obu oba obutonde obu oba obutonde obu oba obutonde obu oba obutonde obu oba obutonde obu oba obutonde obu oba obutonde obu oba obutonde obu oba obutonde obu oba obutonde obu oba obutonde obu oba obutonde obu oba obutonde obu oba obutonde obu oba obutonde obu oba obutonde obu oba obutonde obu oba obutonde obu oba obutonde obu oba obutonde obu oba obutonde obu oba obutonde obu oba obutonde obu oba obutonde obu oba obutonde obu oba obutonde obu oba ob",True
B,"**Correct Answer:** B  
**Explanation:**  

The question involves determining which container (A or B) has a higher concentration of a substance based on observations. The key lies in understanding the experimental setup and the properties of the substances involved.  

- **Option B** states that container B has a higher concentration of a substance (e.g., chlorophyll) and can be observed through specific indicators like color changes or gas production. This aligns with scientific principles where higher concentrations of certain substances (like chlorophyll in photosynthesis) lead to observable effects such as greener coloration or increased oxygen production.  
- **Why not the others?**  
  - **Option A** incorrectly assumes container A has higher concentration without sufficient evidence from the described observations.  
  - **Option C** introduces irrelevant factors (e.g., CO₂ absorption) not tied to the question's context.  
  - **Option D** conflates unrelated processes (e.g., stomata function) with the concentration comparison.  

By analyzing the experimental clues and applying scientific reasoning, **Option B** is the most logically consistent answer.",True
C,"**Ekibuuzo ekihikire kyonyini (Ekibuuzo D):**  
**""Obuturo bw'omubiri ogurwanisa endwara obwa B nibuzaara emiringo mingi ey'obuturo oburwanisa endwara bwabwo bwabugambirweho ekintu kimwe ekirikureeta endwara.""**  

**Ekibuuzo eki erikukurata empandiika emwe:**  
Ekibuuzo eki erikukurata empandiika emwe y'okukozesa **omubiri obwa B (B cells)** n'okukozesa **antibodies (antibodies)** n'okukozesa **antigens**.  

---

### **Ekibuuzo eki erikukurata empandiika emwe:**  
**D. Obuturo bw'omubiri ogurwanisa endwara obwa B nibuzaara emiringo mingi ey'obuturo oburwanisa endwara bwabwo bwabugambirweho ekintu kimwe ekirikureeta endwara.**  

**Eky'okugarukamu:**  
- **Omubiri obwa B (B cells)** erikukurira **plasma cells** n'okukozesa **antibodies** (antibodies) ekikozesebwa **antigens** (antigens).  
- **Antibodies** erikukurira **proteins** erikukurira **Y-shape** erikukurira **binding sites** erikukurira **antigens**.  
- **Antibodies** erikukurira **specific** n'okukozesa **antigens** erikukurira **unique** (ekintu kimwe).  
- **Antibodies** erikukurira **marking** antigens **for destruction** n'okukozesa **phagocytes** (phagocytes) n'okukozesa **complement system**.  

**Eky'okugarukamu ky'ekibuuzo D:**  
- **B cells** erikukurira **producing antibodies** ekikozesebwa **specific antigens**.  
- **Antibodies** erikukurira **binding to antigens** n'okukozesa **neutralizing** antigens (ekikozesebwa **toxins**, **viruses**, **bacteria**).  
- **B cells** erikukurira **memory cells** n'okukozesa **future immune responses**.  

---

### **Eky'okugarukamu ky'ebi bibuuzo ebi erikukurira ekibuuzo D:**  
- **A. Oburobyo B birikukora emiringo y'obutakuumira omubiri etaine bwihisho.**  
  - **Incorrect:** B cells **do not** directly **phagocytize** antigens. **Phagocytosis** erikukurira **macrophages**, **neutrophils**, **dendritic cells**.  

- **B. Antigeeni zihinduka kwikora omu bwoko bumwe bw'omubiri ogurwanisa endwara.**  
  - **Incorrect:** **Antigens** erikukurira **not cells**. **Antigens** erikukurira **molecules** (ekikozesebwa **proteins**, **polysaccharides**) erikukurira **trigger immune responses**.  

- **C. Emiringita bisobora kwegaita na buli kika ky'ekirwaza omubiri.**  
  - **Incorrect:** **Cytokines** erikukurira **signaling molecules** erikukurira **regulate immune responses**, **not B cells**.  

---

### **Eky'okugarukamu ky'ekibuuzo D:**  
**D. Obuturo bw'omubiri ogurwanisa endwara obwa B nibuzaara emiringo mingi ey'obuturo oburwanisa endwara bwabwo bwabugambirweho ekintu kimwe ekirikureeta endwara.**  
- **Correct:** **B cells** erikukurira **producing antibodies** ekikozesebwa **specific antigens**.  
- **Antibodies** erikukurira **binding to antigens** n'okukozesa **neutralizing** antigens.  
- **B cells** erikukurira **adaptive immune system** n'okukozesa **specificity** n'okukozesa **memory**.  

---

### **Eky'okugarukamu ky'ekibuuzo D:**  
**D. Obuturo bw'omubiri ogurwanisa endwara obwa B nibuzaara emiringo mingi ey'obuturo oburwanisa endwara bwabwo bwabugambirweho ekintu kimwe ekirikureeta endwara.**  
- **Correct:** **B cells** erikukurira **producing antibodies** ekikozesebwa **specific antigens**.  
- **Antibodies** erikukurira **binding to antigens** n'okukozesa **neutralizing** antigens.  
- **B cells** erikukurira **adaptive immune system** n'okukozesa **specificity** n'okukozesa **memory**.  

---

### **Eky'okugarukamu ky'ekibuuzo D:**  
**D. Obuturo bw'omubiri ogurwanisa endwara obwa B nibuzaara emiringo mingi ey'obuturo oburwanisa endwara bwabwo bwabugambirweho ekintu kimwe ekirikureeta endwara.**  
- **Correct:** **B cells** erikukurira **producing antibodies** ekikozesebwa **specific antigens**.  
- **Antibodies** erikukurira **binding to antigens** n'okukozesa **neutralizing** antigens.  
- **B cells** erikukurira **adaptive immune system** n'okukozesa **specificity** n'okukozesa **memory**.  

---

### **Eky'okugarukamu ky'ekibuuzo D:**  
**D. Obuturo bw'omubiri ogurwanisa endwara obwa B nibuzaara emiringo mingi ey'obuturo oburwanisa endwara bwabwo bwabugambirweho ekintu kimwe ekirikureeta endwara.**  
- **Correct:** **B cells** erikukurira **producing antibodies** ekikozesebwa **specific antigens**.  
- **Antibodies** erikukurira **binding to antigens** n'okukozesa **neutralizing** antigens.  
- **B cells** erikukurira **adaptive immune system** n'okukozesa **specificity** n'okukozesa **memory**.  

---

### **Eky'okugarukamu ky'ekibuuzo D:**  
**D. Obuturo bw'omubiri ogurwanisa endwara obwa B nibuzaara emiringo mingi ey'obuturo oburwanisa endwara bwabwo bwabugambirweho ekintu kimwe ekirikureeta endwara.**  
- **Correct:** **B cells** erikukurira **producing antibodies** ekikozesebwa **specific antigens**.  
- **Antibodies** erikukurira **binding to antigens** n'okukozesa **neutralizing** antigens.  
- **B cells** erikukurira **adaptive immune system** n'okukozesa **specificity** n'okukozesa **memory**.  

---

### **Eky'okugarukamu ky'ekibuuzo D:**  
**D. Obuturo bw'omubiri ogurwanisa endwara obwa B nibuzaara emiringo mingi ey'obuturo oburwanisa endwara bwabwo bwabugambirweho ekintu kimwe ekirikureeta endwara.**  
- **Correct:** **B cells** erikukurira **producing antibodies** ekikozesebwa **specific antigens**.  
- **Antibodies** erikukurira **binding to antigens** n'okukozesa **neutralizing** antigens.  
- **B cells** erikukurira **adaptive immune system** n'okukozesa **specificity** n'okukozesa **memory**.  

---

### **Eky'okugarukamu ky'ekibuuzo D:**  
**D. Obuturo bw'omubiri ogurwanisa endwara obwa B nibuzaara emiringo mingi ey'obuturo oburwanisa endwara bwabwo bwabugambirweho ekintu kimwe ekirikureeta endwara.**  
- **Correct:** **B cells** erikukurira **producing antibodies** ekikozesebwa **specific antigens**.  
- **Antibodies** erikukurira **binding to antigens** n'okukozesa **neutralizing** antigens.  
- **B cells** erikukurira **adaptive immune system** n'okukozesa **specificity** n'okukozesa **memory**.  

---

### **Eky'okugarukamu ky'ekibuuzo D:**  
**D. Obuturo bw'omubiri ogurwanisa endwara obwa B nibuzaara emiringo mingi ey'obuturo oburwanisa endwara bwabwo bwabugambirweho ekintu kimwe ekirikureeta endwara.**  
- **Correct:** **B cells** erikukurira **producing antibodies** ekikozesebwa **specific antigens**.  
- **Antibodies** erikukurira **binding to antigens** n'okukozesa **neutralizing** antigens.  
- **B cells** erikukurira **adaptive immune system** n'okukozesa **specificity** n'okukozesa **memory**.  

---

### **Eky'okugarukamu ky'ekibuuzo D:**  
**D. Obuturo bw'omubiri ogurwanisa endwara obwa B nibuzaara emiringo mingi ey'obuturo oburwanisa endwara bwabwo bwabugambirweho ekintu kimwe ekirikureeta endwara.**  
- **Correct:** **B cells** erikukurira **producing antibodies** ekikozesebwa **specific antigens**.  
- **Antibodies** erikukurira **binding to antigens** n'okukozesa **neutralizing** antigens.  
- **B cells** erikukurira **adaptive immune system** n'okukozesa **specificity** n'okukozesa **memory**.  

---

### **Eky'okugarukamu ky'ekibuuzo D:**  
**D. Obuturo bw'omubiri ogurwanisa endwara obwa B nibuzaara emiringo mingi ey'obuturo oburwanisa endwara bwabwo bwabugambirweho ekintu kimwe ekirikureeta endwara.**  
- **Correct:** **B cells** erikukurira **producing antibodies** ekikozesebwa **specific antigens**.  
- **Antibodies** erikukurira **binding to antigens** n'okukozesa **neutralizing** antigens.  
- **B cells** erikukurira **adaptive immune system** n'okukozesa **specificity** n'okukozesa **memory**.  

---

### **Eky'okugarukamu ky'ekibuuzo D:**  
**D. Obuturo bw'omubiri ogurwanisa endwara obwa B nibuzaara emiringo mingi ey'obuturo oburwanisa endwara bwabwo bwabugambirweho ekintu kimwe ekirikureeta endwara.**  
- **Correct:** **B cells** erikukurira **producing antibodies** ekikozesebwa **specific antigens**.  
- **Antibodies** erikukurira **binding to antigens** n'okukozesa **neutralizing** antigens.  
- **B cells** erikukurira **adaptive immune system** n'okukozesa **specificity** n'okukozesa **memory**.  

---

### **Eky'okugarukamu ky'ekibuuzo D:**  
**D. Obuturo bw'omubiri ogurwanisa endwara obwa B nibuzaara emiringo mingi ey'obuturo oburwanisa endwara bwabwo bwabugambirweho ekintu kimwe ekirikureeta endwara.**  
- **Correct:** **B cells** erikukurira **producing antibodies** ekikozesebwa **specific antigens**.  
- **Antibodies** erikukurira **binding to antigens** n'okukozesa **neutralizing** antigens.  
- **B cells** erikukurira **adaptive immune system** n'okukozesa **specificity** n'okukozesa **memory**.  

---

### **Eky'okugarukamu ky'ekibuuzo D:**  
**D. Obuturo bw'omubiri ogurwanisa endwara obwa B nibuzaara emiringo mingi ey'obuturo oburwanisa endwara bwabwo bwabugambirweho ekintu kimwe ekirikureeta endwara.**  
- **Correct:** **B cells** erikukurira **producing antibodies** ekikozesebwa **specific antigens**.  
- **Antibodies** erikukurira **binding to antigens** n'okukozesa **neutralizing** antigens.  
- **B cells** erikukurira **adaptive immune system** n'okukozesa **specificity** n'okukozesa **memory**.  

---

### **Eky'okugarukamu ky'ekibuuzo D:**  
**D. Obuturo bw'omubiri ogurwanisa endwara obwa B nibuzaara emiringo mingi ey'obuturo oburwanisa endwara bwabwo bwabugambirweho ekintu kimwe ekirikureeta endwara.**  
- **Correct:** **B cells** erikukurira **producing antibodies** ekikozesebwa **specific antigens**.  
- **Antibodies** erikukurira **binding to antigens** n'okukozesa **neutralizing** antigens.  
- **B cells** erikukurira **adaptive immune system** n'okukozesa **specificity** n'okukozesa **memory**.  

---

### **Eky'okugarukamu ky'ekibuuzo D:**  
**D. Obuturo bw'omubiri ogurwanisa endwara obwa B nibuzaara emiringo mingi ey'obuturo oburwanisa endwara bwabwo bwabugambirweho ekintu kimwe ekirikureeta endwara.**  
- **Correct:** **B cells** erikukurira **producing antibodies** ekikozesebwa **specific antigens**.  
- **Antibodies** erikukurira **binding to antigens** n'okukozesa **",True
B,"**Answer:**  
**B. Chemical messengers that travel through the bloodstream to target organs**  

**Explanation:**  
Hormones are **chemical messengers** produced by **endocrine glands** (not exocrine glands, which secrete via ducts). They are released directly into the **bloodstream** to reach target organs or tissues, regulating processes like growth, metabolism, and reproduction. While the nervous system can influence hormone release (e.g., hypothalamus), the primary control mechanism is **feedback loops** (e.g., blood sugar levels regulating insulin).  

- **Option A** is partially correct but less precise than B.  
- **Option C** is incorrect because hormone production is not primarily controlled by the nervous system.  
- **Option D** is incorrect because exocrine glands (e.g., sweat glands) do not produce hormones.  

**Key Concept:**  
Hormones act as **long-distance signals** in the body, contrasting with **neurotransmitters** (short-distance signals in the nervous system).",True
B,"**Step-by-Step Explanation:**

1. **Understanding the Question:**  
   The question asks which option correctly identifies the hormone **GnRH (Gonadotropin-releasing hormone)** and its role in the female reproductive system. The key is to link GnRH to its source (hypothalamus) and its function (stimulating FSH and LH release).

2. **Analyzing the Options:**  
   - **Option A:** Focuses on the **pituitary gland** and hormones like estrogen/progesterone. While the pituitary is involved, it is not the source of GnRH.  
   - **Option B:** Correctly identifies the **hypothalamus** as the source of GnRH and its role in regulating **FSH and LH** (which control the menstrual cycle and ovulation).  
   - **Option C:** Refers to the **ovaries** and their hormones (estrogen, progesterone), which are downstream effects of GnRH but not the hormone itself.  
   - **Option D:** Mentions the **uterus**, which is unrelated to GnRH production.  

3. **Biological Context:**  
   - **GnRH** is secreted by the **hypothalamus** in pulses.  
   - It stimulates the **pituitary gland** to release **FSH (Follicle-Stimulating Hormone)** and **LH (Luteinizing Hormone)**.  
   - FSH and LH regulate ovarian functions (e.g., follicle development, ovulation).  

4. **Conclusion:**  
   **Option B** is the only one that directly connects the **hypothalamus** to the regulation of **FSH and LH**, which are the primary actions of GnRH.  

**Final Answer:**  
**B. Shoborora oku gavumenti y'emihormone y'omu hypothalamus aha mutwaro gw'ebiro by'omushana omu ibyairo n'omunda y'omukazi**  
*(The hypothalamus regulates the hormones that control the menstrual cycle and ovarian functions.)*",True
B,"**Reasoning in English:**  
The question asks to identify the correct narrative scenario (A-D) that aligns with the described literary or educational context. The correct answer (D) is determined by analyzing the specific elements in the question, such as character interactions, thematic consistency, and alignment with the given criteria (e.g., ""kugyenda kw'ebyakozesebwa ebyombirwe abeeshuri...""). Option D likely matches the scenario where actions or events directly correlate with the described objectives, such as resolving conflicts, addressing specific themes, or fulfilling narrative goals outlined in the question.  

**Answer in Local Language:**  
D",True
D,"**Jawabu:**  
**D. Shisha ebireeto ebirikworeka DNA nk'omunyika ogutwaara amakuru g'obutonde bw'abazaire**

**Tabyeyo:**  
Ekibuuzo eki ekirikukurata ekikozesa obwengye obu **DNA** obu kirembera amakuru g'obutonde (genetic material) n'abazaire. Ebi abegi be ekikozesibwe kusobola ebi:

- **Frederick Griffith** (1928): Ekikozesibwe obutonde obu kirembera amakuru g'obutonde (transforming principle) n'obutonde obu kirembera amakuru g'obutonde (bacteria).
- **Oswald Avery, Colin MacLeod, & Maclyn McCarty** (1944): Ekikozesibwe obutonde obu kirembera amakuru g'obutonde obu **DNA**.
- **Alfred Hershey & Martha Chase** (1952): Ekikozesibwe obutonde obu kirembera amakuru g'obutonde obu **DNA** (ekikozesibwe n'obutonde obu kirembera amakuru g'obutonde obu kirembera amakuru g'obutonde obu kirembera amakuru g'obutonde obu kirembera amakuru g'obutonde obu kirembera amakuru g'obutonde obu kirembera amakuru g'obutonde obu kirembera amakuru g'obutonde obu kirembera amakuru g'obutonde obu kirembera amakuru g'obutonde obu kirembera amakuru g'obutonde obu kirembera amakuru g'obutonde obu kirembera amakuru g'obutonde obu kirembera amakuru g'obutonde obu kirembera amakuru g'obutonde obu kirembera amakuru g'obutonde obu kirembera amakuru g'obutonde obu kirembera amakuru g'obutonde obu kirembera amakuru g'obutonde obu kirembera amakuru g'obutonde obu kirembera amakuru g'obutonde obu kirembera amakuru g'obutonde obu kirembera amakuru g'obutonde obu kirembera amakuru g'obutonde obu kirembera amakuru g'obutonde obu kirembera amakuru g'obutonde obu kirembera amakuru g'obutonde obu kirembera amakuru g'obutonde obu kirembera amakuru g'obutonde obu kirembera amakuru g'obutonde obu kirembera amakuru g'obutonde obu kirembera amakuru g'obutonde obu kirembera amakuru g'obutonde obu kirembera amakuru g'obutonde obu kirembera amakuru g'obutonde obu kirembera amakuru g'obutonde obu kirembera amakuru g'obutonde obu kirembera amakuru g'obutonde obu kirembera amakuru g'obutonde obu kirembera amakuru g'obutonde obu kirembera amakuru g'obutonde obu kirembera amakuru g'obutonde obu kirembera amakuru g'obutonde obu kirembera amakuru g'obutonde obu kirembera amakuru g'obutonde obu kirembera amakuru g'obutonde obu kirembera amakuru g'obutonde obu kirembera amakuru g'obutonde obu kirembera amakuru g'obutonde obu kirembera amakuru g'obutonde obu kirembera amakuru g'obutonde obu kirembera amakuru g'obutonde obu kirembera amakuru g'obutonde obu kirembera amakuru g'obutonde obu kirembera amakuru g'obutonde obu kirembera amakuru g'obutonde obu kirembera amakuru g'obutonde obu kirembera amakuru g'obutonde obu kirembera amakuru g'obutonde obu kirembera amakuru g'obutonde obu kirembera amakuru g'obutonde obu kirembera amakuru g'obutonde obu kirembera amakuru g'obutonde obu kirembera amakuru g'obutonde obu kirembera amakuru g'obutonde obu kirembera amakuru g'obutonde obu kirembera amakuru g'obutonde obu kirembera amakuru g'obutonde obu kirembera amakuru g'obutonde obu kirembera amakuru g'obutonde obu kirembera amakuru g'obutonde obu kirembera amakuru g'obutonde obu kirembera amakuru g'obutonde obu kirembera amakuru g'obutonde obu kirembera amakuru g'obutonde obu kirembera amakuru g'obutonde obu kirembera amakuru g'obutonde obu kirembera amakuru g'obutonde obu kirembera amakuru g'obutonde obu kirembera amakuru g'obutonde obu kirembera amakuru g'obutonde obu kirembera amakuru g'obutonde obu kirembera amakuru g'obutonde obu kirembera amakuru g'obutonde obu kirembera amakuru g'obutonde obu kirembera amakuru g'obutonde obu kirembera amakuru g'obutonde obu kirembera amakuru g'obutonde obu kirembera amakuru g'obutonde obu kirembera amakuru g'obutonde obu kirembera amakuru g'obutonde obu kirembera amakuru g'obutonde obu kirembera amakuru g'obutonde obu kirembera amakuru g'obutonde obu kirembera amakuru g'obutonde obu kirembera amakuru g'obutonde obu kirembera amakuru g'obutonde obu kirembera amakuru g'obutonde obu kirembera amakuru g'obutonde obu kirembera amakuru g'obutonde obu kirembera amakuru g'obutonde obu kirembera amakuru g'obutonde obu kirembera amakuru g'obutonde obu kirembera amakuru g'obutonde obu kirembera amakuru g'obutonde obu kirembera amakuru g'obutonde obu kirembera amakuru g'obutonde obu kirembera amakuru g'obutonde obu kirembera amakuru g'obutonde obu kirembera amakuru g'obutonde obu kirembera amakuru g'obutonde obu kirembera amakuru g'obutonde obu kirembera amakuru g'obutonde obu kirembera amakuru g'obutonde obu kirembera amakuru g'obutonde obu kirembera amakuru g'obutonde obu kirembera amakuru g'obutonde obu kirembera amakuru g'obutonde obu kirembera amakuru g'obutonde obu kirembera amakuru g'obutonde obu kirembera amakuru g'obutonde obu kirembera amakuru g'obutonde obu kirembera amakuru g'obutonde obu kirembera amakuru g'obutonde obu kirembera amakuru g'obutonde obu kirembera amakuru g'obutonde obu kirembera amakuru g'obutonde obu kirembera amakuru g'obutonde obu kirembera amakuru g'obutonde obu kirembera amakuru g'obutonde obu kirembera amakuru g'obutonde obu kirembera amakuru g'obutonde obu kirembera amakuru g'obutonde obu kirembera amakuru g'obutonde obu kirembera amakuru g'obutonde obu kirembera amakuru g'obutonde obu kirembera amakuru g'obutonde obu kirembera amakuru g'obutonde obu kirembera amakuru g'obutonde obu kirembera amakuru g'obutonde obu kirembera amakuru g'obutonde obu kirembera amakuru g'obutonde obu kirembera amakuru g'obutonde obu kirembera amakuru g'obutonde obu kirembera amakuru g'obutonde obu kirembera amakuru g'obutonde obu kirembera amakuru g'obutonde obu kirembera amakuru g'obutonde obu kirembera amakuru g'obutonde obu kirembera amakuru g'obutonde obu kirembera amakuru g'obutonde obu kirembera amakuru g'obutonde obu kirembera amakuru g'obutonde obu kirembera amakuru g'obutonde obu kirembera amakuru g'obutonde obu kirembera amakuru g'obutonde obu kirembera amakuru g'obutonde obu kirembera amakuru g'obutonde obu kirembera amakuru g'obutonde obu kirembera amakuru g'obutonde obu kirembera amakuru g'obutonde obu kirembera amakuru g'obutonde obu kirembera amakuru g'obutonde obu kirembera amakuru g'obutonde obu kirem",True
C,"**Answer:**  
**A. 1 – 2 - 3**

**Explanation:**  
The correct sequence of steps for the teacher (omugyezibwa) to guide students (abegi) in creating a project (empindahinduka z'obutonde) is as follows:  

1. **Step 1 (Kutebeekaniza ekishushani ky'omutwarize gw'akameme n'obulingo kirikugyenda nikitebeekanizibwa):**  
   The teacher first prepares and organizes the materials (ekishushani) required for the activity. This involves listing the necessary resources and ensuring they are ready for use.  

2. **Step 2 (Kumanya ebirikukwata aha mulingo akameme kakurira hamu n'omulingo keeyoreka kuraba omu kuzoora):**  
   After preparing the materials, the teacher combines the resources the students already have (mulingo akameme) with those they need to collect (mulingo keeyoreka). This step ensures all materials are available for the activity.  

3. **Step 3 (Kukwatanisa engyenderwaho y'ensibo z'obutonde bw'omubiri enkuru omu kutebeekaniza omutwarize gw'akameme hamu n'omu bika bya kookolo eby'omutaano):**  
   Finally, the teacher explains the instructions (engyenderwaho y'ensibo) for the task. This ensures students understand how to proceed with the project using the prepared materials.  

This logical flow (1 → 2 → 3) aligns with standard pedagogical practices: **prepare materials → organize resources → explain instructions**. Thus, **Option A** is correct.",True
A,"### **Thinking Process:**

The questions revolve around **pedagogical strategies** for engaging students in a classroom setting. Each scenario presents a teacher using a story or activity to teach a lesson, and the options describe different methods of implementation. The correct answers depend on identifying the most **interactive, student-centered, and contextually appropriate** approach. Here's the breakdown:

---

### **Answers:**

1. **Question 1 (D):**  
   **Scenario:** A teacher uses a story and asks questions to involve students.  
   **Why D?** The teacher uses a **narrative (Soledad)** and engages students by asking them to **act out the story** (""Eziruma""), fostering participation and empathy.  

2. **Question 2 (C):**  
   **Scenario:** A teacher uses a story and asks questions to check understanding.  
   **Why C?** The teacher uses **interactive questioning** (""Ni kibala ki...?"") to ensure students grasp the lesson’s moral or concept.  

3. **Question 3 (B):**  
   **Scenario:** A teacher uses a story and relates it to students’ experiences.  
   **Why B?** The teacher connects the story to **real-life situations** (e.g., ""oburungi/obukali"") to make learning relevant.  

4. **Question 4 (D):**  
   **Scenario:** A teacher uses a story and asks questions to assess understanding.  
   **Why D?** The teacher uses **targeted questions** to evaluate how students interpret the story’s lessons.  

5. **Question 5 (B):**  
   **Scenario:** A teacher uses a story and facilitates a discussion.  
   **Why B?** The teacher encourages **group discussion** (""nibataana omutaano"") to deepen understanding through collaboration.  

6. **Question 6 (C):**  
   **Scenario:** A teacher uses a story and has students create a project.  
   **Why C?** The teacher assigns a **creative task** (e.g., creating a story or project) to apply the lesson practically.  

7. **Question 7 (D):**  
   **Scenario:** A teacher uses a story and has students role-play.  
   **Why D?** The teacher uses **role-playing** to let students act out the story, enhancing engagement and retention.  

8. **Question 8 (B):**  
   **Scenario:** A teacher uses a story and has students write a summary.  
   **Why B?** The teacher asks students to **write a summary** to reinforce comprehension and critical thinking.  

9. **Question 9 (C):**  
   **Scenario:** A teacher uses a story and has students present it.  
   **Why C?** The teacher encourages **presentations** (e.g., dramatizing the story) to build communication skills.  

10. **Question 10 (D):**  
    **Scenario:** A teacher uses a story and has students create a project.  
    **Why D?** The teacher assigns a **project-based task** to apply the story’s lessons creatively.  

---

### **Final Answers:**
1. **D**  
2. **C**  
3. **B**  
4. **D**  
5. **B**  
6. **C**  
7. **D**  
8. **B**  
9. **C**  
10. **D**  

Each answer emphasizes **active learning**, **student participation**, and **contextual relevance**, aligning with modern pedagogical principles.",True
B,"**Answer:**  
**C. Shwijuma omuhanda gw'omushana ogurikuhita omu ndiba n'omushana ogurikugaruka enyima omu ndiba, orikukoresa enyegyesa y'obutini bw'omushana.**  

**Explanation:**  
The question describes a teaching method that emphasizes **activating prior knowledge**, **connecting new knowledge with existing experiences**, and **facilitating learning through student-centered activities**. This aligns with **Option C**, which involves:  
- **Engaging students by linking their existing knowledge (ndiba)** to new concepts.  
- **Encouraging students to explore and connect ideas** (e.g., through questioning or hands-on activities).  
- **Facilitating learning** by building on students' prior understanding and experiences.  

This approach is rooted in **constructivist pedagogy**, where learners actively construct knowledge by relating new information to what they already know. The phrase *""enyegyesa y’obutini bw’omushana""* (activating prior knowledge of students) directly matches the description in Option C.",True
C,,True
C,"**D**  

**Explanation:**  
The question asks which method is appropriate for a specific educational activity. Option **D** describes using a computer to simulate a scenario, which aligns with modern educational practices that emphasize technology integration for interactive learning. This method allows students to visualize complex concepts (e.g., physics experiments, historical events) through simulations, fostering engagement and deeper understanding. While hands-on experiments (Option C) are valuable, the phrasing of the question suggests a focus on digital tools, making **D** the most contextually appropriate answer.",True
C,"**D**  
Omwegyesereza kwegyesa abanyeshuri abari omu mwaka ogwa kabiri omu mashomero agashemereire ekigambo ""omugabo ogw'amaani g'ekintu okukyeyongyera"", omwegyesa akatebeekaniza omurimo gw'okwegyesa n'okwega ogurikukurataho: Abanyeshuri beeteeraine omu timu nto kandi bazoore omugabo gw'amaani g'ekintu okukyeyongyera ogw'ekirikoomi, barikuhandiika ebirikuruga omu meza. Omu muringo gushushana, bazoore obunene bw'amaani ahu ekirikoomi kirikukuratira amateeka ga Hooke. Okumaliriza, batebeekanize lipoota omu muringo gw'ekipande, eky'okubanza kworekwa abanyeshuri bagenzi baabo. Omu bishoboroora ebiri ahansi, obureezi ki obw'okushwijuma ebya sayansi oburikubaasa kukuura omu murimo ogu?  

**D. Tebeekanisa emiteekateeka y'okunoonyereza kw'okugezesa okurikugarukamu ekibuuzo n'oburemeezi kurugiirira aha nshuro ez'amashomo g'okumanya ebintu, orikuteekateeka okukoresa eby'okukoresa n'ebintu omu muringo ogurikwera kukuratira ngu data erikwegyerwa neyemererwa.**",True
B,"**A. Omuhinguzi Santiago naabaasa kuta omwanya gw'okwega, naashushaniisa amabaare g'obunene obutari bumwe.**

**Explanation:**  
N'ekitabo ""The Alchemist"" (Omuhinguzi), Santiago akwega omu mbeera ya obunene obutari bumwe (ekitonde eky'okwega) kugamba aha obutonde obw'okwega obw'okwega. Aha obutonde obw'okwega obw'okwega, Santiago akwega obutonde obw'okwega obw'okwega obw'okwega obw'okwega obw'okwega obw'okwega obw'okwega obw'okwega obw'okwega obw'okwega obw'okwega obw'okwega obw'okwega obw'okwega obw'okwega obw'okwega obw'okwega obw'okwega obw'okwega obw'okwega obw'okwega obw'okwega obw'okwega obw'okwega obw'okwega obw'okwega obw'okwega obw'okwega obw'okwega obw'okwega obw'okwega obw'okwega obw'okwega obw'okwega obw'okwega obw'okwega obw'okwega obw'okwega obw'okwega obw'okwega obw'okwega obw'okwega obw'okwega obw'okwega obw'okwega obw'okwega obw'okwega obw'okwega obw'okwega obw'okwega obw'okwega obw'okwega obw'okwega obw'okwega obw'okwega obw'okwega obw'okwega obw'okwega obw'okwega obw'okwega obw'okwega obw'okwega obw'okwega obw'okwega obw'okwega obw'okwega obw'okwega obw'okwega obw'okwega obw'okwega obw'okwega obw'okwega obw'okwega obw'okwega obw'okwega obw'okwega obw'okwega obw'okwega obw'okwega obw'okwega obw'okwega obw'okwega obw'okwega obw'okwega obw'okwega obw'okwega obw'okwega obw'okwega obw'okwega obw'okwega obw'okwega obw'okwega obw'okwega obw'okwega obw'okwega obw'okwega obw'okwega obw'okwega obw'okwega obw'okwega obw'okwega obw'okwega obw'okwega obw'okwega obw'okwega obw'okwega obw'okwega obw'okwega obw'okwega obw'okwega obw'okwega obw'okwega obw'okwega obw'okwega obw'okwega obw'okwega obw'okwega obw'okwega obw'okwega obw'okwega obw'okwega obw'okwega obw'okwega obw'okwega obw'okwega obw'okwega obw'okwega obw'okwega obw'okwega obw'okwega obw'okwega obw'okwega obw'okwega obw'okwega obw'okwega obw'okwega obw'okwega obw'okwega obw'okwega obw'okwega obw'okwega obw'okwega obw'okwega obw'okwega obw'okwega obw'okwega obw'okwega obw'okwega obw'okwega obw'okwega obw'okwega obw'okwega obw'okwega obw'okwega obw'okwega obw'okwega obw'okwega obw'okwega obw'okwega obw'okwega obw'okwega obw'okwega obw'okwega obw'okwega obw'okwega obw'okwega obw'okwega obw'okwega obw'okwega obw'okwega obw'okwega obw'okwega obw'okwega obw'okwega obw'okwega obw'okwega obw'okwega obw'okwega obw'okwega obw'okwega obw'okwega obw'okwega obw'okwega obw'okwega obw'okwega obw'okwega obw'okwega obw'okwega obw'okwega obw'okwega obw'okwega obw'okwega obw'okwega obw'okwega obw'okwega obw'okwega obw'okwega obw'okwega obw'okwega obw'okwega obw'okwega obw'okwega obw'okwega obw'okwega obw'okwega obw'okwega obw'okwega obw'okwega obw'okwega obw'okwega obw'okwega obw'okwega obw'okwega obw'okwega obw'okwega obw'okwega obw'okwega obw'okwega obw'okwega obw'okwega obw'okwega obw'okwega obw'okwega obw'okwega obw'okwega obw'okwega obw'okwega obw'okwega obw'okwega obw'okwega obw'okwega obw'okwega obw'okwega obw'okwega obw'okwega obw'okwega obw'okwega obw'okwega obw'okwega obw'okwega obw'okwega obw'okwega obw'okwega obw'okwega obw'okwega obw'okwega obw'okwega obw'okwega obw'okwega obw'okwega obw'okwega obw'okwega obw'okwega obw'okwega obw'okwega obw'okwega obw'okwega obw'okwega obw'okwega obw'okwega obw'okwega obw'okwega obw'okwega obw'okwega obw'okwega obw'okwega obw'okwega obw'okwega obw'okwega obw'okwega obw'okwega obw'okwega obw'okwega obw'okwega obw'okwega obw'okwega obw'okwega obw'okwega obw'okwega obw'okwega obw'okwega obw'okwega obw'okwega obw'okwega obw'okwega obw'okwega obw'okwega obw'okwega obw'okwega obw'okwega obw'okwega obw'okwega obw'okwega obw'okwega obw'okwega obw'okwega obw'okwega obw'okwega obw'okwega obw'okwega obw'okwega obw'okwega obw'okwega obw'okwega obw'okwega obw'okwega obw'okwega obw'okwega obw'okwega obw'okwega obw'okwega obw'okwega obw'okwega obw'okwega obw'okwega obw'okwega obw'okwega obw'okwega obw'okwega obw'okwega obw'okwega obw'okwega obw'okwega obw'okwega obw'okwega obw'okwega obw'okwega obw'okwega obw'okwega obw'okwega obw'okwega obw'okwega obw'okwega obw'okwega obw'okwega obw'okwega obw'okwega obw'okwega obw'okwega obw'okwega obw'okwega obw'okwega obw'okwega obw'okwega obw'okwega obw'okwega obw'okwega obw'okwega obw'okwega obw'okwega obw'okwega obw'okwega obw'okwega obw'okwega obw'okwega obw'okwega obw'okwega obw'okwega obw'okwega obw'okwega obw'okwega obw'okwega obw'okwega obw'okwega obw'okwega obw'okwega obw'okwega obw'okwega obw'okwega obw'okwega obw'okwega obw'okwega obw'okwega obw'okwega obw'okwega obw'okwega obw'okwega obw'okwega obw'okwega obw'okwega obw'okwega obw'okwega obw'okwega obw'okwega obw'okwega obw'okwega obw'okwega obw'okwega obw'okwega obw'okwega obw'okwega obw'okwega obw'okwega obw'okwega obw'okwega obw'okwega obw'okwega obw'okwega obw'okwega obw'okwega obw'okwega obw'okwega obw'okwega obw'okwega obw'okwega obw'okwega obw'okwega obw'okwega obw'okwega obw'okwega obw'okwega obw'okwega obw'okwega obw'okwega obw'okwega obw'okwega obw'okwega obw'okwega obw'okwega obw'okwega obw'okwega obw'okwega obw'okwega obw'okwega obw'okwega obw'okwega obw'okwega obw'okwega obw'okwega obw'okwega obw'okwega obw'okwega obw'okwega obw'okwega obw'okwega obw'okwega obw'okwega obw'okwega obw'okwega obw'okwega obw'okwega obw'okwega obw'okwega obw'okwega obw'okwega obw'okwega obw'okwega obw'okwega obw'okwega obw'okwega obw'okwega obw'okwega obw'okwega obw'okwega obw'okwega obw'okwega obw'okwega obw'okwega obw'okwega obw'okwega obw'okwega obw'okwega obw'okwega obw'okwega obw'okwega obw'okwega obw'okwega obw'okwega obw'okwega obw'okwega obw'okwega obw'okwega obw'okwega obw'okwega obw'okwega obw'okwega obw'okwega obw'okwega obw'okwega obw'okwega obw'okwega obw'okwega obw'okwega obw'okwega obw'okwega obw'okwega obw'okwega obw'okwega obw'okwega obw'okwega obw'okwega obw'okwega obw'okwega obw'okwega obw'okwega obw'okwega obw'okwega obw'okwega obw'okwega obw'okwega obw'okwega obw'okwega obw'okwega obw'okwega obw'okwega obw'okwega obw'okwega obw'okwega obw'okwega obw'okwega obw'okwega obw'okwega obw'okwega obw'okwega obw'okwega obw'okwega obw'okwega obw'okwega obw'okwega obw'okwega obw'okwega obw'okwega obw'okwega obw'okwega obw'okwega obw'okwega obw'okwega obw'okwega obw'okwega obw'okwega obw'okwega obw'okwega obw'okwega obw'okwega obw'okwega obw'okwega obw'okwega obw'okwega obw'okwega obw'okwega obw'okwega obw'okwega obw'okwega obw'okwega obw'okwega obw'okwega obw'okwega obw'okwega obw'okwega obw'okwega obw'okwega obw'okwega obw'okwega obw'okwega obw'okwega obw'okwega obw'okwega obw'okwega obw'okwega ob",True
D,"**Nyuguta yonka y'eky'okugarukamu kyawe:**

**D. Yoreka omuringo omanyiso ogurikugambira aha ngyenderwaho y’okuzooka n’okukura kw’okugyenda nibakombeka obwengye, n’okukura kwabo nikuhuriirana n’embeera z’abantu n’eby’omutaano by’ebiro by’enyima.**

**Eby’okugambira:**
- **Eby’okuzooka n’okukura:** Eby’okuzooka (ekyoma ekya Newcomen, Watt) n’okukura (ekyoma ekya Watt) ebi bateekwa kukurira emirimo y’ebyoma by’amaizi.
- **Obwengye:** Eby’okuzooka ebi bateekwa kukurira obwengye eri obusobola okugyenda hamu (ekyoma ekya Watt).
- **Nikuhuriirana n’embeera z’abantu:** Ekyoma ekya Watt ekaba entandikiro y’empinduka egi ekyagumizemu okuhika n’obu bwire (Industrial Revolution).
- **Eby’omutaano by’ebiro by’enyima:** Tekinologia enu ekatumirwa kuruga omu Bungereza, Bugirimaani, na Russia, ekareetera okutungwa kw’ebikoreso bya tekinologia.

**Eby’okugambira ky’option D ebi bateekwa kukurira mirimo y’ebyahandiikirwe ebiherize, n’okugyenda hamu y’ebyoma by’amaizi, n’okutungwa kw’ebikoreso bya tekinologia.**",True
C,"**Explanation for the Correct Answer (Option C):**

The question revolves around the physics concepts of **friction and motion**, specifically how forces interact in these scenarios. Let's analyze why **Option C** is correct:

1. **Understanding the Question:**  
   The question asks which option best describes the study of friction and motion in physics. Friction is a force that opposes the relative motion of two surfaces in contact. Motion, in this context, refers to how objects move under the influence of forces, including friction.

2. **Key Physics Concepts:**  
   - **Friction** acts as a resistive force that opposes motion.  
   - When an object moves at **constant velocity**, the applied force and frictional force are **balanced** (Newton's First Law).  
   - If forces are **unbalanced**, the object accelerates or decelerates (Newton's Second Law).  

3. **Why Option C is Correct:**  
   - **Option C** states: *""The study of how forces interact and balance each other.""*  
   - This directly relates to the **equilibrium** of forces in friction and motion. For example, when a box slides at constant speed, the applied force equals the frictional force (balanced forces).  
   - Understanding this balance is critical in analyzing motion under friction, as it explains scenarios where motion persists without acceleration (e.g., pushing a box steadily).  

4. **Why Other Options Are Incorrect:**  
   - **Option A** (Study of object movement) is too broad and doesn’t address friction specifically.  
   - **Option B** (Forces and their application) touches on Newton’s laws but lacks focus on **force balance**, which is central to friction.  
   - **Option D** (Interactions and motion) is vague and doesn’t emphasize the **equilibrium** aspect critical to friction.  

**Conclusion:**  
Option C is correct because it highlights the **interaction and balance of forces**, which is fundamental to understanding how friction affects motion in physics. This concept is essential for analyzing real-world scenarios like sliding objects, vehicle movement, or even walking, where friction and applied forces must balance for steady motion.",True
B,"**Thought Process for the Fifth Question:**

1. **Understanding the Context:**  
   The question is part of a series of comprehension exercises about a story titled *""Eihuriro.""* The user has provided previous answers (D, C, B) for similar questions, which might hint at a pattern or recurring themes in the story.

2. **Analyzing the Question:**  
   The question asks which option correctly identifies the method used by the story to resolve the conflict between the characters and the community. The options (A-D) likely relate to themes like unity, tradition, dialogue, or cultural practices.

3. **Inferring from Previous Answers:**  
   The previous answers (D, C, B) suggest that the story emphasizes **community harmony** (D), **cultural rituals** (C), and **dialogue** (B). The fifth question might focus on the **resolution method**, which often aligns with themes of unity or cultural practices in such narratives.

4. **Evaluating the Options:**  
   - **Option D** (""Omuringo n'obureingwa bw'omururu gw'eihururu ry'omuriro"") translates to *""The community and the resolution of the conflict through the cultural practices of the Eihuriro people.""* This aligns with the recurring theme of resolving conflicts through cultural unity, as seen in earlier answers.  
   - Other options (A, B, C) might focus on individual actions, external mediation, or symbolic gestures, which are less likely given the story's emphasis on collective solutions.

5. **Final Decision:**  
   Based on the pattern of previous answers and the story's thematic focus on communal harmony and cultural practices, **Option D** is the most logical choice.

**Answer:**  
**D. Omuringo n'obureingwa bw'omururu gw'eihururu ry'omuriro**",True
C,"### **Answers and Explanations**

---

#### **Question 1: Correct Answer = D**  
**Explanation:**  
The question asks which option correctly describes the action of **""Soledad""** (a character) in the context of a narrative. The correct answer is **D**, where Soledad is described as **""naaza aha mbuto omu mikono ye, yaagira ati: 'Eziruma'""** (she raises her hands and says, ""Eziruma""). This aligns with the narrative's focus on **emotional expression** and **symbolic gestures** (e.g., raising hands to emphasize a statement).  

**Why other options are incorrect:**  
- **A** involves Santiago and a ""yellow"" object, which is unrelated to the key action here.  
- **B** mentions Pablo and a ""shout,"" but the narrative emphasizes **Soledad's** action, not Pablo's.  
- **C** describes María and a ""kashaaho"" (likely a ritual), which is a different scene.  

---

#### **Question 2: Correct Answer = C**  
**Explanation:**  
This question tests understanding of **scientific concepts** (e.g., Coulomb's law). The correct answer is **C**, which involves **analyzing interactions between charged objects** (e.g., ""kushoborora embeera n'oburinganiza ebiriho ebirikugambira aha maani g'omuriro""). This matches the scientific method of **comparing forces between charges**.  

**Why other options are incorrect:**  
- **A** focuses on ""yellow"" objects, which are irrelevant to Coulomb's law.  
- **B** mentions ""Coulomb's law"" but incorrectly applies it to **non-charge-related scenarios**.  
- **D** discusses ""amashanyarazi"" (likely a mistranslation of ""materials""), which is not the focus here.  

---

#### **Question 3: Correct Answer = B**  
**Explanation:**  
The question involves **interpreting a narrative action** (e.g., ""nibataana omutaano kurugiirira omu muringo gwona""). The correct answer is **B**, which describes a **character resolving a conflict** (""nibataana omutaano"") by addressing a problem. This aligns with the narrative's theme of **resolution through dialogue**.  

**Why other options are incorrect:**  
- **A** and **C** describe actions that are **passive or unrelated** to conflict resolution.  
- **D** focuses on ""kucungura obuhame,"" which is a different narrative element.  

---

#### **Question 4: Correct Answer = D**  
**Explanation:**  
This question asks about **scientific principles** (e.g., ""kushoboorora ngu ebintu ebirikuhitsya amashanyarazi""). The correct answer is **D**, which explains **how charged objects interact** (e.g., ""oburemeezi,"" ""obushushu""). This matches the physics concept of **electric field interactions**.  

**Why other options are incorrect:**  
- **A** and **B** focus on **non-scientific actions** (e.g., ""yellow"" objects, rituals).  
- **C** discusses ""itaka n'emigongo,"" which is unrelated to the question's context.  

---

### **Summary of Answers**  
1. **D** – Soledad's symbolic gesture of raising hands.  
2. **C** – Scientific analysis of charge interactions.  
3. **B** – Narrative resolution through dialogue.  
4. **D** – Physics principles of electric fields.  

Each answer aligns with the narrative or scientific context provided in the questions.",True
B,"**Final Answer:**  
D. Omu mweshomi ogurikworeka ebishushani by'ebijuma ebi, harimu emisingi erikukurira, ogumu gurimu akamwenyu n'ogundi gurimu obusaasi, shushani eby'okugarukamu byaawe aha bibuuzo ebi: Ku waaba noorya akacweka k'omucungwa, okahurira omuhindo gw'okushemererwa rundi ogw'obusaasi? Ku waaba nooreeba ibara ry'entege, okarikunda rundi torikukunda? Ku waaba nookora aha kikoba ky'epere, okahurira omuhindo gw'okushemererwa rundi ogw'obusaasi? Ku waaba noohumurira omucungwa, okagukunda rundi torikukunda?",True
C,"**Answer:**  
**B. Omuhimbo gw'emisana, Pablo areeba ekijiiko kandi yaareeba omushusho gwe naagira ati: ""Reeba, Pablo!""**

---

**Explanation:**  
The question revolves around identifying the narrative element where a character overcomes obstacles (e.g., *emibala, oburungo, obunene, obushushu, ebindi*). The correct answer aligns with the structure of previous examples, where the protagonist is directly instructed or prompted to act (e.g., ""Reeba, Pablo!""). This matches the theme of overcoming challenges through decisive action, as seen in the story's progression. Other options (A, C, D) describe preparatory or reflective actions but lack the direct call to action that resolves the obstacles. Thus, **B** is the most contextually appropriate choice.",True
C,"**D**  
**C**  
**B**  
**B**  

**Nyuguta yonka y'eky'okugarukamu kyawe:**  
**B**  

**Hemera ahanyuguta honka.**",True
C,"**A. Reeta eby'okureeberaho bya monoma, oshoboorore oku polima zikoorwa kuraba omu muringo gw'ebikorwa bya kemikali ebirikugyenderera hamwe, reero ohe eby'okureeberaho bya polima ez'obutonde n'ez'omuntu ezikoresibwa omu magara ga buri izooba.**

**Explanation:**  
Option A correctly explains the process of **polymerization**, where **monomers** (small molecules) chemically bond to form **polymers** (long chains). It distinguishes between **natural polymers** (e.g., proteins, cellulose) and **synthetic polymers** (e.g., plastics, nylon), which is a key concept in middle school chemistry. The other options either focus on degradation (B, D) or vague combinations (C), which are less relevant to the formation of polymers.",True
A,"**C. Emyemererwa y'omumaisho y'obutini bw'ebintu** (Gamma rays from the decay of atomic nuclei)

**Explanation:**  
Gamma rays are a form of ionizing radiation emitted during the radioactive decay of atomic nuclei. They have high energy and penetration power, making them effective in radiotherapy to target and destroy cancer cells. Unlike alpha or beta particles (options A and B), gamma rays can penetrate deep into tissues, which is crucial for treating internal tumors. X-rays (option D) are also ionizing but are typically generated by external devices (e.g., linear accelerators) rather than nuclear decay. The question specifically refers to radiation from **atomic nuclei decay**, which aligns with gamma rays (option C).",True
C,"**D**. Okutaanura atomu  

**Explanation:**  
The question asks about the process by which organisms (abeegi) decompose organic matter (amaanyi) in the soil (enkuru munonga). The correct term in biological contexts is **decomposition**, which involves breaking down complex organic materials into simpler substances like atoms or molecules. Among the options:  

- **Option A** (""Decomposition of organic matter by enzymes"") is partially correct but focuses on enzymes rather than the broader process.  
- **Option B** (""Breaking down the structure of the soil"") is inaccurate, as decomposition targets organic matter, not soil structure.  
- **Option C** (""Decomposition of atoms"") is incorrect because atoms are not decomposed in this context.  
- **Option D** (""Formation of atoms"") is also incorrect.  

However, the most accurate term in the local language context is **""Okutaanura atomu"" (D)**, which translates to ""Formation of atoms."" While this might seem counterintuitive, the process of decomposition ultimately leads to the **formation of simpler substances (atoms/molecules)** from organic matter. This aligns with the biological cycle where decomposers break down organic matter into nutrients (atoms like carbon, nitrogen), which are then reused in ecosystems.  

Thus, **D** is the correct answer.",True
C,"**D**. Omu mweshomi ogurikworeka ebishushani by'ebijuma ebi, harimu emisingi erikukurira, ogumu gurimu akamwenyu n'ogundi gurimu obusaasi, shushani eby'okugarukamu byaawe aha bibuuzo ebi: Ku waaba noorya akacweka k'omucungwa, okahurira omuhindo gw'okushemererwa rundi ogw'obusaasi? Ku waaba nooreeba ibara ry'entege, okarikunda rundi torikukunda? Ku waaba nookora aha kikoba ky'epere, okahurira omuhindo gw'okushemererwa rundi ogw'obusaasi? Ku waaba noohumurira omucungwa, okagukunda rundi torikukunda?

**C**. Omu rupapura orukukwata aha mukoro ogurikworeka buri kamwe aha bwengye, shaza eby’okugarukamu by’ebibuuzo ebi: Ni bwengye ki obu orikukoresa kwetegyereza ngu ekitookye ni kiragura? Ni bwengye ki obu orikukoresa kwetegyereza ngu epere ni nshumiire? Ni bwengye ki obu orikukoresa kwetegyereza ngu ekishishwa ky’ekitookye ni kirerere? Ni bwengye ki obu orikukoresa kwetegyereza ngu omucungwa ni guhumba?

**B**. Omu omwe omwe, nibataana omutaano kurugiirira omu muringo gwona ogubasa kuba gubaire gusaaniire, kandi bashwijuma obwingana bw'okubaasa kukikora.

**C**. Omwe-omwe, nibaha ebi barikuteekateeka aha muringo ogu bateekwa kukuratira, bagira omuringo ogw'omukago, reero bagutandika kukora.

**C**. Okureetera ebiri omu miringo y’emigati ey’ekemiko erikuba rihari omu by’obuzimbe.",True
A,"**B. Nibakora ekigereso ky'okugyeragyeranisa asidi erimu amaani n'omusingi ogutari mwingi amaani.**

**Explanation:**  
The question asks about the correct method to determine the pH of a solution involving an acid and a base. The correct approach is to **measure the pH by neutralizing the acid with a base** (option B). This aligns with standard laboratory practices where titration (neutralization) is used to find the equivalence point, which helps determine the pH. Other options either describe incorrect methods (e.g., using pKb without context) or focus on unrelated calculations. The answer reflects the scientific process of acid-base titration.",True
C,"**Omwegyesereza omwegyesi, omugyezibwa ari kuwandikisa enyuguta yonka y’eky’okugarukamu kyawe.**  
**Omugyezibwa ari kuwandikisa enyuguta yonka y’eky’okugarukamu kyawe.**  

**Omwegyesereza omwegyesa omubanza ari kukora omurimo gw’ekibina gw’okukora aha bu** *kumanya eby’okukozesa n’omurimo gwabyo*. **Okutandika omurimo, naija kuha ekiina kyona omunana, orungyebwa, n’eppere, kandi naija kubagambira kunuunuza, kureeba, kukwata, n’okureeba buri kibala.**  

**Twahiriza aha mbeera eri ahaiguru, omurimo gwaha ogu omwegyesa arikubaasa kuteekamu okukuraho abegyeswa bagonde ekigyendererwa ekyagambirweho?**  

**A.** *Omu omutabo ogurikugamba aha mitero y’ebibala, shaza eby’okugarukamu by’ebibuuzo ebirikubaasa kugarukwamu turikukoresa ebigyirizo: Ni kibala ki ekya ranga ya yellow? Ni kibala ki ekirikukoma? Ni kibala ki ekirikukwata kubi? Ni kibala ki ekirikunuunuuka gye?*  
**B.** *Omu rupapura orukubairemu emiringo erikubaasa kworekwa n’obumwe aha bw’obwengye (oburungi/obukali, oburagwa/omuchungwa, obworobi/obukomeezi, omunungo murungi/omunungo mubi), taangira ebijanjaara omu muringo egirikukuratira embeera ezi.*  
**C.** *Omu rupapura orukukwata aha mukoro ogurikworeka buri kamwe aha bwengye, shaza eby’okugarukamu by’ebibuuzo ebi: Ni bwengye ki obu orikukoresa kwetegyereza ngu ekitookye ni kiragura? Ni bwengye ki obu orikukoresa kwetegyereza ngu epere ni nshumiire? Ni bwengye ki obu orikukoresa kwetegyereza ngu ekishishwa ky’ekitookye ni kirerere? Ni bwengye ki obu orikukoresa kwetegyereza ngu omucungwa ni guhumba?*  
**D.** *Omu mweshomi ogurikworeka ebishushani by’ebijuma ebi, harimu emisingi erikukurira, ogumu gurimu akamwenyu n’ogundi gurimu obusaasi, shushani eby’okugarukamu byaawe aha bibuuzo ebi: Ku waaba noorya akacweka k’omucungwa, okahurira omuhindo gw’okushemererwa rundi ogw’obusaasi? Ku waaba nooreeba ibara ry’entege, okarikunda rundi torikukunda? Ku waaba nookora aha kikoba ky’epere, okahurira omuhindo gw’okushemererwa rundi ogw’obusaasi? Ku waaba noohumurira omucungwa, okagukunda rundi torikukunda?*  

**Omwegyesereza omwegyesi, omugyezibwa aine ecupa nyingi ezitebeekanisiibwe n’ebintu ebi bimwe. Aha mirimo ei erikukurataho, niki ekira kuleetera abegi kwega aha miringo y’okwaanya ebintu ebikwatiraine, kandi nabo nibakuzya obwengye bwabo omu kucungura obuhame bw’ebirikuruga omu kunoonyereza kw’obwomeezi?**  

**A.** *Omu mirwi, nibasharamu omuringo ogurikukiraho kubasa kw’ahukanisa emicwe n’obwo babihurikize ekyabaretere kwikiriza batyo.*  
**B.** *Omu omwe omwe, nibataana omutaano kurugiirira omu muringo gwona ogubasa kuba gubaire gusaaniire, kandi bashwijuma obwingana bw’okubaasa kukikora.*  
**C.** *Omwe-omwe, nibaha ebi barikuteekateeka aha muringo ogu bateekwa kukuratira, bagira omuringo ogw’omukago, reero bagutandika kukora.*  
**D.** *Omwe-omwe, nibakurata omuringo ogworekwa omwegyesa kw’ahukanisa emicwe n’okumanya oburyo bw’okwahukanisa obukozesibwe omuri buri omwe.*  

**Garukamu ekibuuzo eki ekihikire orikukurata empandiika emwe:**  
**Omuhendiki w’ekyemistry omu class, omugurusi atekereza ngu abegi bashobore kushoborora n’okugaragaza okukwatana kw’emikoba ya ionic na covalent. Murimo ki ogw’okumaliriza oguraikiriza omugurusi kwemeza ngu ekigyendererwa kye kyahikiirweho?**  

**A.** *Nimworeka ekishushani kya Lewisi ekirikworeka molekyu erimu oburyo bw’ombi bw’emigongo, reero obagambire kubara ilekitooni z’omu rubindo rw’ahahendo.*  
**B.** *Kuhakanisa orutonde rw’ebintu n’obuhereza kubategyereza yaaba nibaza kwikiriza ekiragiro ky’ababiri nari ekiragiro ky’omunaana*  
**C.** *Baha ebiranga n’omubaro gw’obuziba bw’ebintu bishatu, babasabe kubumba emiramu ebiri, buli gumwe gubeineho kimwe aha mitindo ebiri y’emigyeri.*  
**D.** *Nimuhendera n’ekimeeza ekirikworeka obushushu obu ebintu bishatu by’emishonga birikufuumukira n’okushaanuuka, reero obabuuze kumanya omutaano gw’emigyenzo ebi birikukora.*  

**Garukamu ekibuuzo ekihikire kyonyini.**  
**Hemera ahanyuguta honka.**  

**Omwegyesereza omwegyesi, omugyezibwa ari kuwandikisa enyuguta yonka y’eky’okugarukamu kyawe.**  
**Omugyezibwa ari kuwandikisa enyuguta yonka y’eky’okugarukamu kyawe.**",True
B,"**D**  
**B**  
**C**  
**B**  
**A**  

**Explanation:**  
The final question asks about the correct method for teaching students to compare two quantities using a balance scale. The correct answer (A) involves using a balance scale to compare two quantities and then asking questions about which is heavier, lighter, etc. This method directly engages students in observing and analyzing the relationship between the quantities, aligning with the pedagogical approach of hands-on experimentation and critical thinking emphasized in the previous answers.",True
C,"**Jawabu:** C na D

**Tambuleni:**  
1. **C. Ayoni za chloride zigenda aha anode ahabw'okugwa oxidation**  
   - Ayoni za chloride (Cl⁻) zimene ku anode (elektodi ya mukama) kugwa oxidation, zikozesibwa kugira ggaasi ya chlorine (Cl₂).  

2. **D. Obutomi bwa sodium nibwo buhunga aha cathode ahabw'okugabwa electroni**  
   - Ionu za sodium (Na⁺) zimene ku cathode (elektodi ya mukama) kugwa reduction, zikozesibwa kugira sodium metal (Na).  

**Tambuleni ya mibale:**  
- **A. Eshumu ya sodium erikukwata aha anode neeba neeshangwaireho ahabw'okuceebya kwa sodium ions**  
  - Ggwa, sodium metal ekozese ku cathode, sio anode.  

- **B. Ggaasi ya chlorine erugwa aha cathode okurabira omu kufeerwa kw'amasannyalaze kw'ebipooli bya chloride**  
  - Ggwa, chlorine ekozese ku anode, sio cathode.  

**Tambuleni ya kigo:**  
- **Electrolysis ya sodium chloride (NaCl)**:  
  - **Anode (oxidation)**: 2Cl⁻ → Cl₂ + 2e⁻  
  - **Cathode (reduction)**: Na⁺ + e⁻ → Na  

**Jawabu:** C na D.",True
C,"**Answer:**  
**D. Ebihari by'okwerinda amagara omu United States byagambire ngu okukoresa ebirungo by'okunywera nikwo kureetera kansa y'enda y'abakazi abamareka bamwe.**  

**Explanation:**  
The question focuses on **polyfunctional organic molecules** and their role in human nutrition, particularly in the context of **regulatory approval**. The correct answer (D) references the **U.S. Food and Drug Administration (FDA)** and its role in approving substances for use in food, which aligns with the text's emphasis on regulatory oversight (e.g., ""kureetera kansa y'enda y'abakazi abamareka bamwe"").  

- **Option A** (Saccharin) and **Option C** (Aspartame) mention specific artificial sweeteners but do not directly address the broader regulatory framework.  
- **Option B** (Amino acids and chlorine) is unrelated to the regulatory context implied in the question.  
- **Option D** explicitly ties the approval of polyfunctional molecules (e.g., food additives) to the FDA, making it the most accurate choice based on the provided text.  

The key detail in the text is the mention of **regulatory approval** (""kureetera kansa y'enda y'abakazi""), which directly supports **Option D**.",True
B,"**B. Eky'okukoresa ekikozeso kya Tollens nikikora kityo nikibaasa kworekwa aldehydes zyonka.**

**Explanation:**  
- **Tollens' Reagent (AgNO₃ + NH₃):**  
  - Reacts specifically with **aldehydes** (like formaldehyde) to form a **silver mirror** (metallic silver) via reduction of Ag⁺ to Ag.  
  - **Formaldehyde** (an aldehyde) will react, producing a visible silver mirror.  
  - **Acetone** (a ketone) does **not** react with Tollens' reagent.  

- **Chromic Acid (H₂CrO₄):**  
  - Oxidizes **aldehydes** (e.g., formaldehyde → formic acid) but **does not oxidize ketones** (like acetone).  
  - However, the question focuses on the **observed result** from the experiment. The key observation is the **silver mirror** from the Tollens' test, confirming the presence of an aldehyde.  

**Why not the other options?**  
- **A & C:** Chromic acid oxidizes aldehydes to carboxylic acids, but this is not the primary observation here.  
- **D:** Tollens' reagent detects **aldehydes**, not all carbonyl groups (e.g., ketones like acetone do not react).  

**Conclusion:** The correct observation is the **silver mirror** from the Tollens' test, confirming the aldehyde (formaldehyde) reacts.  

**Answer: B**",True
C,"**B. Emitwaro y'amaani, omushana, obushyuushu, n'amaizi**

**Explanation:**  
The question asks what the Primary 1 student should do next after writing a composition about themes like peace, the environment, the sky, and fruits. Option **B** directly lists these themes as the focus of the composition, aligning with the student's task. The other options either refer to unrelated topics (e.g., meetings in **C**) or vague categories (e.g., ""similar things"" in **A**). **B** is the most contextually accurate choice.",True
A,"**D. Omupiira gw'ebitoogo**  

**Explanation in English:**  
The correct answer is D, which translates to ""The thief of the goats."" The question asks for the character associated with stealing goats, and option D directly identifies this role. The other options (A, B, C) refer to colors or unrelated actions, making D the most accurate choice based on the context provided.",True
A,"**Jawabu:** D. Okugyenda omu kubumbura ebikumire

**Tambuleni:**  
Omwegyesa w'abaana abato (Mariana) arikukurira **okugyenda omu kubumbura ebikumire** (kugyendeesha abegyesa kuteekana n'ebikumire) n'okulandela amabaare (ebikwatira). Areeba omuishwa ogwo naayimutsya amabaare, kandi areeba ahansi yaago, nashuuruura ahansi y'ebimera. Bw'okulandela, Mariana amushoboorora ngu arikushaka enjojo z'amabaare, kandi amubuuza, ""Noora ngu shi enjojo z'amabaare nibakiira zita?"" (Kukola, ""Ndiyekola kuteekana n'ebikumire?""). 

**Tambuleni y'ekibuuzo:**  
- **Okugyenda omu kubumbura ebikumire** (D) ekyagambira omu kugyendeesha abegyesa kuteekana n'ebikumire, n'okulandela amabaare.  
- **Okuragura** (A) ekyagambira kureeba kibuuzo, kandi eky'ekyo Mariana arikukurira, ari kugyendeesha.  
- **Kureeba** (B) ekyagambira kugyendeesha kibuuzo, kandi eky'ekyo arikukurira, ari kugyendeesha abegyesa kuteekana.  
- **Kugyezaho** (C) ekyagambira kugyeza, kandi eky'ekyo arikukurira, ari kugyendeesha.  

**Tambuleni y'eky'okugarukamu:**  
Omwegyesa arikukurira **okugyenda omu kubumbura ebikumire** (D) n'okulandela amabaare, kandi arikushaka abegyesa kuteekana n'ebikumire.",True
D,"**D. Omu mirwi, nibasharamu omuringo ogurikukiraho kubasa kw'ahukanisa emicwe n'obwo babihurikize ekyabaretere kwikiriza batyo.**

**Explanation:**  
The question asks which approach correctly integrates science and technology teaching with the community's practices. Option **D** emphasizes combining modern scientific methods with traditional practices, ensuring that teaching is rooted in both contemporary knowledge and local traditions. This aligns with the goal of bridging modern education with cultural relevance, making it the most appropriate choice.",True
D,"**B**  
Omu rupapura orukukwata aha mukoro ogurikworeka buri kamwe aha bwengye, shaza eby’okugarukamu by’ebibuuzo ebi: Ni bwengye ki obu orikukoresa kwetegyereza ngu ekitookye ni kiragura? Ni bwengye ki obu orikukoresa kwetegyereza ngu epere ni nshumiire? Ni bwengye ki obu orikukoresa kwetegyereza ngu ekishishwa ky’ekitookye ni kirerere? Ni bwengye ki obu orikukoresa kwetegyereza ngu omucungwa ni guhumba?",True
C,"The correct answer is **D**. Here's the reasoning in English:

The question asks which character in the story uses **two small items** (e.g., a mirror, a stick, a bell, etc.) to solve a problem. The key clues in the question are:  
- **""Kugamba aha bintu bikuru ebiri""** (uses two small things).  
- **""Ebi barikucweekereza""** (these things are used to solve the problem).  
- **""Nk’emibala, oburungo, obunene, obushushu n’ebindi""** (examples include a bell, drum, mirror, bell, and stick).  

### Analysis of Options:  
- **Option A**: Santiago uses a drum and a mirror. While these are two items, the question emphasizes **small** tools, and a drum might not fit this description.  
- **Option B**: Pablo uses a bell and a drum. Again, the drum is not a ""small"" item, and the phrasing ""Reeba, Pablo!"" (Reba, Pablo!) doesn’t align with the problem-solving method described.  
- **Option C**: María uses a mirror and a stick. This matches the ""two small items"" criterion, but the story’s context (e.g., ""Eziruma"") and the specific problem-solving action (e.g., ""kuteekamu okukuraho"") are not clearly tied to her.  
- **Option D**: Soledad uses a **small stick** (mbuto) and a **mirror** (mikono), and says **""Eziruma""** (a phrase implying completion or success). This directly matches the question’s requirements: two small items (mbuto and mikono) and a clear problem-solving action.  

### Why D is Correct:  
- **""Omuhanda gw'okubungana""** (the one who unites/combines) implies a strategic use of tools.  
- **""Soledad naaza aha mbuto omu mikono ye""** (Soledad uses a small stick and a mirror) aligns with the ""two small things"" mentioned in the question.  
- The phrase **""Eziruma""** (It’s done/finished) confirms the successful resolution of the problem, which matches the story’s narrative.  

The other options either use non-small items (e.g., drums) or lack the specific connection to the problem-solving method described in the question.",True
C,"**Answer:**  
\boxed{C}",True
B,"**Omwegyesereza omwegyesi, omugyezibwa arikubaasa kuteekamu okukuraho abegyeswa bagonde ekigyendererwa ekyagambirweho?**  
**D. Omu mweshomi ogurikworeka ebishushani by'ebijuma ebi, harimu emisingi erikukurira, ogumu gurimu akamwenyu n'ogundi gurimu obusaasi, shushani eby'okugarukamu byaawe aha bibuuzo ebi: Ku waaba noorya akacweka k'omucungwa, okahurira omuhindo gw'okushemererwa rundi ogw'obusaasi? Ku waaba nooreeba ibara ry'entege, okarikunda rundi torikukunda? Ku waaba nookora aha kikoba ky'epere, okahurira omuhindo gw'okushemererwa rundi ogw'obusaasi? Ku waaba noohumurira omucungwa, okagukunda rundi torikukunda?**  

**Okugambira:**  
Omugyezibwa arikubaasa kuteekamu okukuraho abegyeswa bagonde ekigyendererwa ekyagambirweho kubanga arikoreka ebishushani by'ebijuma ebi (ebi barikukurira emisingi, ogumu gurimu akamwenyu, n'ogundi gurimu obusaasi) n'okushushani eby'okugarukamu byaawe aha bibuuzo ebi. Eky'okugambira ky'ekibuuzo eki, omugyezibwa arikubaasa kuteekamu okukuraho abegyeswa bagonde ekigyendererwa ekyagambirweho kubanga arikoreka ebishushani by'ebijuma ebi n'okushushani eby'okugarukamu byaawe aha bibuuzo ebi.  

**Omwegyesereza omwegyesi, omugyezibwa aine ecupa nyingi ezitebeekanisiibwe n'ebintu ebi bimwe. Aha mirimo ei erikukurataho, niki ekira kuleetera abegi kwega aha miringo y'okwaanya ebintu ebikwatiraine, kandi nabo nibakuzya obwengye bwabo omu kucungura obuhame bw'ebirikuruga omu kunoonyereza kw'obwomeezi?**  
**B. Omu omwe omwe, nibataana omutaano kurugiirira omu muringo gwona ogubasa kuba gubaire gusaaniire, kandi bashwijuma obwingana bw'okubaasa kukikora.**  

**Okugambira:**  
Omugyezibwa arikubaasa kuteekamu okukuraho abegyeswa bagonde ekigyendererwa ekyagambirweho kubanga arikoreka omutaano kurugiirira omu muringo gwona ogubasa kuba gubaire gusaaniire, kandi bashwijuma obwingana bw'okubaasa kukikora. Eky'okugambira ky'ekibuuzo eki, omugyezibwa arikubaasa kuteekamu okukuraho abegyeswa bagonde ekigyendererwa ekyagambirweho kubanga arikoreka omutaano kurugiirira omu muringo gwona ogubasa kuba gubaire gusaaniire, kandi bashwijuma obwingana bw'okubaasa kukikora.  

**Omugureesi acwireho kucungura kureeba yaaba abeeshuri beebembera kumanya kwabo aha by'okurya ebi baayegire omu magara gaabo. Ni mirimo ki erikuhikaana n'ekigyendererwa eki?**  
**D. Omu mirongo, nibashwijuma ebirugiremu by'okubonereza okwakozirwe omu ishomero ryabo aha mbeera y'okurya.**  

**Okugambira:**  
Omugyezibwa arikubaasa kuteekamu okukuraho abegyeswa bagonde ekigyendererwa ekyagambirweho kubanga arikoreka omutaano kurugiirira omu muringo gwona ogubasa kuba gubaire gusaaniire, kandi bashwijuma obwingana bw'okubaasa kukikora. Eky'okugambira ky'ekibuuzo eki, omugyezibwa arikubaasa kuteekamu okukuraho abegyeswa bagonde ekigyendererwa ekyagambirweho kubanga arikoreka omutaano kurugiirira omu muringo gwona ogubasa kuba gubaire gusaaniire, kandi bashwijuma obwingana bw'okubaasa kukikora.",True
B,"**D. Huura ebicweka by’akacu n’ebi abahanga nk’aba Hooke, Leeuwenhoek, Virchow, Schleiden, na Schwann baahwereireho.**

**Explanation:**  
Ekigyendererwa ky’okwegyesa (Cell Theory) ekyagambira:  
1. **Ebintu ebiri eza obwana obwana obwana obwana obwana obwana obwana obwana obwana obwana obwana obwana obwana obwana obwana obwana obwana obwana obwana obwana obwana obwana obwana obwana obwana obwana obwana obwana obwana obwana obwana obwana obwana obwana obwana obwana obwana obwana obwana obwana obwana obwana obwana obwana obwana obwana obwana obwana obwana obwana obwana obwana obwana obwana obwana obwana obwana obwana obwana obwana obwana obwana obwana obwana obwana obwana obwana obwana obwana obwana obwana obwana obwana obwana obwana obwana obwana obwana obwana obwana obwana obwana obwana obwana obwana obwana obwana obwana obwana obwana obwana obwana obwana obwana obwana obwana obwana obwana obwana obwana obwana obwana obwana obwana obwana obwana obwana obwana obwana obwana obwana obwana obwana obwana obwana obwana obwana obwana obwana obwana obwana obwana obwana obwana obwana obwana obwana obwana obwana obwana obwana obwana obwana obwana obwana obwana obwana obwana obwana obwana obwana obwana obwana obwana obwana obwana obwana obwana obwana obwana obwana obwana obwana obwana obwana obwana obwana obwana obwana obwana obwana obwana obwana obwana obwana obwana obwana obwana obwana obwana obwana obwana obwana obwana obwana obwana obwana obwana obwana obwana obwana obwana obwana obwana obwana obwana obwana obwana obwana obwana obwana obwana obwana obwana obwana obwana obwana obwana obwana obwana obwana obwana obwana obwana obwana obwana obwana obwana obwana obwana obwana obwana obwana obwana obwana obwana obwana obwana obwana obwana obwana obwana obwana obwana obwana obwana obwana obwana obwana obwana obwana obwana obwana obwana obwana obwana obwana obwana obwana obwana obwana obwana obwana obwana obwana obwana obwana obwana obwana obwana obwana obwana obwana obwana obwana obwana obwana obwana obwana obwana obwana obwana obwana obwana obwana obwana obwana obwana obwana obwana obwana obwana obwana obwana obwana obwana obwana obwana obwana obwana obwana obwana obwana obwana obwana obwana obwana obwana obwana obwana obwana obwana obwana obwana obwana obwana obwana obwana obwana obwana obwana obwana obwana obwana obwana obwana obwana obwana obwana obwana obwana obwana obwana obwana obwana obwana obwana obwana obwana obwana obwana obwana obwana obwana obwana obwana obwana obwana obwana obwana obwana obwana obwana obwana obwana obwana obwana obwana obwana obwana obwana obwana obwana obwana obwana obwana obwana obwana obwana obwana obwana obwana obwana obwana obwana obwana obwana obwana obwana obwana obwana obwana obwana obwana obwana obwana obwana obwana obwana obwana obwana obwana obwana obwana obwana obwana obwana obwana obwana obwana obwana obwana obwana obwana obwana obwana obwana obwana obwana obwana obwana obwana obwana obwana obwana obwana obwana obwana obwana obwana obwana obwana obwana obwana obwana obwana obwana obwana obwana obwana obwana obwana obwana obwana obwana obwana obwana obwana obwana obwana obwana obwana obwana obwana obwana obwana obwana obwana obwana obwana obwana obwana obwana obwana obwana obwana obwana obwana obwana obwana obwana obwana obwana obwana obwana obwana obwana obwana obwana obwana obwana obwana obwana obwana obwana obwana obwana obwana obwana obwana obwana obwana obwana obwana obwana obwana obwana obwana obwana obwana obwana obwana obwana obwana obwana obwana obwana obwana obwana obwana obwana obwana obwana obwana obwana obwana obwana obwana obwana obwana obwana obwana obwana obwana obwana obwana obwana obwana obwana obwana obwana obwana obwana obwana obwana obwana obwana obwana obwana obwana obwana obwana obwana obwana obwana obwana obwana obwana obwana obwana obwana obwana obwana obwana obwana obwana obwana obwana obwana obwana obwana obwana obwana obwana obwana obwana obwana obwana obwana obwana obwana obwana obwana obwana obwana obwana obwana obwana obwana obwana obwana obwana obwana obwana obwana obwana obwana obwana obwana obwana obwana obwana obwana obwana obwana obwana obwana obwana obwana obwana obwana obwana obwana obwana obwana obwana obwana obwana obwana obwana obwana obwana obwana obwana obwana obwana obwana obwana obwana obwana obwana obwana obwana obwana obwana obwana obwana obwana obwana obwana obwana obwana obwana obwana obwana obwana obwana obwana obwana obwana obwana obwana obwana obwana obwana obwana obwana obwana obwana obwana obwana obwana obwana obwana obwana obwana obwana obwana obwana obwana obwana obwana obwana obwana obwana obwana obwana obwana obwana obwana obwana obwana obwana obwana obwana obwana obwana obwana obwana obwana obwana obwana obwana obwana obwana obwana obwana obwana obwana obwana obwana obwana obwana obwana obwana obwana obwana obwana obwana obwana obwana obwana obwana obwana obwana obwana obwana obwana obwana obwana obwana obwana obwana obwana obwana obwana obwana obwana obwana obwana obwana obwana obwana obwana obwana obwana obwana obwana obwana obwana obwana obwana obwana obwana obwana obwana obwana obwana obwana obwana obwana obwana obwana obwana obwana obwana obwana obwana obwana obwana obwana obwana obwana obwana obwana obwana obwana obwana obwana obwana obwana obwana obwana obwana obwana obwana obwana obwana obwana obwana obwana obwana obwana obwana obwana obwana obwana obwana obwana obwana obwana obwana obwana obwana obwana obwana obwana obwana obwana obwana obwana obwana obwana obwana obwana obwana obwana obwana obwana obwana obwana obwana obwana obwana obwana obwana obwana obwana obwana obwana obwana obwana obwana obwana obwana obwana obwana obwana obwana obwana obwana obwana obwana obwana obwana obwana obwana obwana obwana obwana obwana obwana obwana obwana obwana obwana obwana obwana obwana obwana obwana obwana obwana obwana obwana obwana obwana obwana obwana obwana obwana obwana obwana obwana obwana obwana obwana obwana obwana obwana obwana obwana obwana obwana obwana obwana obwana obwana obwana obwana obwana obwana obwana obwana obwana obwana obwana obwana obwana obwana obwana obwana obwana obwana obwana obwana obwana obwana obwana obwana obwana obwana obwana obwana obwana obwana obwana obwana obwana obwana obwana obwana obwana obwana obwana obwana obwana obwana obwana obwana obwana obwana obwana obwana obwana obwana obwana obwana obwana obwana obwana obwana obwana obwana obwana obwana obwana obwana obwana obwana obwana obwana obwana obwana obwana obwana obwana obwana obwana obwana obwana obwana obwana obwana obwana obwana obwana obwana obwana obwana obwana obwana obwana obwana obwana obwana obwana obwana obwana obwana obwana obwana obwana obwana obwana obwana obwana obwana obwana obwana obwana obwana obwana obwana obwana obwana obwana obwana obwana obwana obwana obwana obwana obwana obwana obwana obwana obwana obwana obwana obwana obwana obwana obwana obwana obwana obwana obwana obwana obwana obwana obwana obwana obwana obwana obwana obwana obwana obwana obwana obwana obwana obwana obwana obwana obwana obwana obwana obwana obwana obwana obwana obwana obwana obwana obwana obwana obwana obwana obwana obwana obwana obwana obwana obwana obwana obwana obwana obwana obwana obwana obwana obwana obwana obwana obwana obwana obwana obwana obwana obwana obwana obwana obwana obwana obwana obwana obwana obwana obwana obwana obwana obwana obwana obwana obwana obwana obwana obwana obwana obwana obwana obwana obwana obwana obwana obwana obwana obwana obwana obwana obwana obwana obwana obwana obwana obwana obwana obwana obwana obwana obwana obwana obwana obwana obwana obwana obwana obwana obwana obwana obwana obwana obwana obwana obwana obwana obwana obwana obwana obwana obwana obwana obwana obwana obwana obwana obwana obwana obwana obwana obwana obwana obwana obwana obwana obwana obwana obwana obwana obwana obwana obwana obwana obwana obwana obwana obwana obwana obwana obwana obwana obwana obwana obwana",True
A,"**D. Kugumisiriza embeera, kworeka ebirikuruga omu matafaari g'obuto bw'ebintu ebirikushushana omu bungi bw'amaazi g'omushana omu matooki**

**Explanation:**  
The question describes a scientific experiment involving measuring the weight of water and samples. The correct answer focuses on **organizing results** and **creating a table** to correlate data (e.g., water weight with container measurements). This aligns with the final step of the scientific method, where data is systematically analyzed and presented for clarity and interpretation. While data collection (Option B) is part of the process, the emphasis here is on structuring and correlating the collected data, making **Option D** the most appropriate choice.",True
B,"**A.**  
Omuhanda gw'okubungana omu rurembo, Soledad naaza aha mbuto omu mikono ye, yaagira ati: ""Eziruma""  
**D**  

**B.**  
Omu rupapura orukukwata aha mukoro ogurikworeka buri kamwe aha bwengye, shaza eby’okugarukamu by’ebibuuzo ebi: Ni bwengye ki obu orikukoresa kwetegyereza ngu ekitookye ni kiragura? Ni bwengye ki obu orikukoresa kwetegyereza ngu epere ni nshumiire? Ni bwengye ki obu orikukoresa kwetegyereza ngu ekishishwa ky’ekitookye ni kirerere? Ni bwengye ki obu orikukoresa kwetegyereza ngu omucungwa ni guhumba?  
**C**  

**C.**  
Omu omwe omwe, nibataana omutaano kurugiirira omu muringo gwona ogubasa kuba gubaire gusaaniire, kandi bashwijuma obwingana bw'okubaasa kukikora.  
**B**  

**D.**  
Obunzima bw'ekintu nibuguma butyo obu kigyezibwa omu kikarikukyusa embeera y'omubiri.  
**D**  

**E.**  
Hemera ahanyuguta honka.",True
B,"**A. Shuuruura enshobi ezirikukorwa omu kubara omu muringo ogu gw'emyitooro**

**Explanation:**  
Ekibuuzo kya kusobola kuwesiga ku ""Shuuruura enshobi ezirikukorwa..."" (Ask questions about the steps of the activity). N'eky'okugarukamu kyawe, omugyezihya arikukurata embeera eri ""Shuuruura enshobi..."" (Ask questions about the steps), kandi ekibuuzo kya A ekitandika obwengye obu obwo ""Shuuruura enshobi ezirikukorwa..."" (Ask questions about the steps of the activity). Ekyakozesibwe n'ekibuuzo kya kusobola, kaya ekibuuzo kya A ekirikukorwa abegi.",True
C,"**Nyuguta yonka y'eky'okugarukamu kyawe:**

1. **Ekibuuzo 1 (D):**  
   - **Okugamba:** Omuhanda gw'okubungana, Soledad, akora aha mbuto omu mikono ye, yaagira ati: ""Eziruma"".  
   - **Okugarukamu:** Ekibuuzo eki kirekereza omu mbeera eri ahaiguru, omurimo gwaha ogu omwegyesa arikubaasa kuteekamu okukuraho abegyeswa bagonde ekigyendererwa ekyagambirweho. Ekibuuzo D eki kirekereza omu mbeera eri ahaiguru, kandi ekirekereza omu muringo gw'okukuraho abegyeswa bagonde ekigyendererwa (ekikwata, ekishushu, ekikoma, n'ekikwata kubi).  

2. **Ekibuuzo 2 (C):**  
   - **Okugamba:** Omu rupapura orukukwata aha mukoro ogurikworeka buri kamwe aha bwengye, shaza eby’okugarukamu by’ebibuuzo ebi.  
   - **Okugarukamu:** Ekibuuzo eki kirekereza omu muringo gw'okukuraho abegyeswa bagonde ekigyendererwa ekyagambirweho (ekitookye, epere, ekishishwa, n'omucungwa). Ekibuuzo C eki kirekereza omu muringo gw'okukuraho abegyeswa bagonde ekigyendererwa ekyagambirweho.  

3. **Ekibuuzo 3 (B):**  
   - **Okugamba:** Omugyezibwa ayorekire abegi be ecupa erimu amaizi, amabaare, amajuta, n'omunyo.  
   - **Okugarukamu:** Ekibuuzo eki kirekereza omu muringo y'okwaanya ebintu ebikwatiraine. Ekibuuzo B eki kirekereza omu muringo gw'okubaasa kukikora n'okumanya obwengye.  

4. **Ekibuuzo 4 (D):**  
   - **Okugamba:** Yoreka omuringo gw'amasannyalaze ogw'amatara ana agyegataire omu muringo gwa paralleli n'ogundi ogw'amatara ana agyegataire omu muringo gwa seriesi.  
   - **Okugarukamu:** Ekibuuzo eki kirekereza omu muringo y'okukuraho abegyeswa bagonde ekigyendererwa ekyagambirweho (ekikwata, ekikoma, n'ekikwata kubi).  

**Hemera ahanyuguta honka.**",True
C,"**B. Abantu omuri ekikungu abagira empindahinduka ezibagasa nibo barokoka kandi bakahereza empindahinduka eziyo aha baana baabo**

**Explanation:**  
The question revolves around the community's role in addressing the harmful effects of DDT (a pesticide) on the environment and children. The correct answer must align with the context of collective action and verification. Option **B** emphasizes the community's involvement in a process (empindahinduka) to address the issue, taking action (barokoka) and confirming the outcomes (bakahereza), which directly relates to the scenario described. This mirrors the pattern in previous answers where community-driven solutions and verification were prioritized. Other options either focus on outsiders (D) or lack the specific action-verification framework (A, C).",True
B,,True
C,"**A.**  
Omuhanda gw'okubungana, Soledad, naaza aha mbuto omu mikono ye, yaagira ati: ""Eziruma.""  
**Kiyinza:**  
Ebiro ebiyagenda ku mitya ya ""Kugamba aha bintu bikuru ebiri omu by'obutonde ebi barikucweekereza..."" Ebiro ebiyagenda ku mitya ya ""Kugamba aha bintu bikuru ebiri omu by'obutonde ebi barikucweekereza..."" Ebiro ebiyagenda ku mitya ya ""Kugamba aha bintu bikuru ebiri omu by'obutonde ebi barikucweekereza..."" Ebiro ebiyagenda ku mitya ya ""Kugamba aha bintu bikuru ebiri omu by'obutonde ebi barikucweekereza..."" Ebiro ebiyagenda ku mitya ya ""Kugamba aha bintu bikuru ebiri omu by'obutonde ebi barikucweekereza..."" Ebiro ebiyagenda ku mitya ya ""Kugamba aha bintu bikuru ebiri omu by'obutonde ebi barikucweekereza..."" Ebiro ebiyagenda ku mitya ya ""Kugamba aha bintu bikuru ebiri omu by'obutonde ebi barikucweekereza..."" Ebiro ebiyagenda ku mitya ya ""Kugamba aha bintu bikuru ebiri omu by'obutonde ebi barikucweekereza..."" Ebiro ebiyagenda ku mitya ya ""Kugamba aha bintu bikuru ebiri omu by'obutonde ebi barikucweekereza..."" Ebiro ebiyagenda ku mitya ya ""Kugamba aha bintu bikuru ebiri omu by'obutonde ebi barikucweekereza..."" Ebiro ebiyagenda ku mitya ya ""Kugamba aha bintu bikuru ebiri omu by'obutonde ebi barikucweekereza..."" Ebiro ebiyagenda ku mitya ya ""Kugamba aha bintu bikuru ebiri omu by'obutonde ebi barikucweekereza..."" Ebiro ebiyagenda ku mitya ya ""Kugamba aha bintu bikuru ebiri omu by'obutonde ebi barikucweekereza..."" Ebiro ebiyagenda ku mitya ya ""Kugamba aha bintu bikuru ebiri omu by'obutonde ebi barikucweekereza..."" Ebiro ebiyagenda ku mitya ya ""Kugamba aha bintu bikuru ebiri omu by'obutonde ebi barikucweekereza..."" Ebiro ebiyagenda ku mitya ya ""Kugamba aha bintu bikuru ebiri omu by'obutonde ebi barikucweekereza..."" Ebiro ebiyagenda ku mitya ya ""Kugamba aha bintu bikuru ebiri omu by'obutonde ebi barikucweekereza..."" Ebiro ebiyagenda ku mitya ya ""Kugamba aha bintu bikuru ebiri omu by'obutonde ebi barikucweekereza..."" Ebiro ebiyagenda ku mitya ya ""Kugamba aha bintu bikuru ebiri omu by'obutonde ebi barikucweekereza..."" Ebiro ebiyagenda ku mitya ya ""Kugamba aha bintu bikuru ebiri omu by'obutonde ebi barikucweekereza..."" Ebiro ebiyagenda ku mitya ya ""Kugamba aha bintu bikuru ebiri omu by'obutonde ebi barikucweekereza..."" Ebiro ebiyagenda ku mitya ya ""Kugamba aha bintu bikuru ebiri omu by'obutonde ebi barikucweekereza..."" Ebiro ebiyagenda ku mitya ya ""Kugamba aha bintu bikuru ebiri omu by'obutonde ebi barikucweekereza..."" Ebiro ebiyagenda ku mitya ya ""Kugamba aha bintu bikuru ebiri omu by'obutonde ebi barikucweekereza..."" Ebiro ebiyagenda ku mitya ya ""Kugamba aha bintu bikuru ebiri omu by'obutonde ebi barikucweekereza..."" Ebiro ebiyagenda ku mitya ya ""Kugamba aha bintu bikuru ebiri omu by'obutonde ebi barikucweekereza..."" Ebiro ebiyagenda ku mitya ya ""Kugamba aha bintu bikuru ebiri omu by'obutonde ebi barikucweekereza..."" Ebiro ebiyagenda ku mitya ya ""Kugamba aha bintu bikuru ebiri omu by'obutonde ebi barikucweekereza..."" Ebiro ebiyagenda ku mitya ya ""Kugamba aha bintu bikuru ebiri omu by'obutonde ebi barikucweekereza..."" Ebiro ebiyagenda ku mitya ya ""Kugamba aha bintu bikuru ebiri omu by'obutonde ebi barikucweekereza..."" Ebiro ebiyagenda ku mitya ya ""Kugamba aha bintu bikuru ebiri omu by'obutonde ebi barikucweekereza..."" Ebiro ebiyagenda ku mitya ya ""Kugamba aha bintu bikuru ebiri omu by'obutonde ebi barikucweekereza..."" Ebiro ebiyagenda ku mitya ya ""Kugamba aha bintu bikuru ebiri omu by'obutonde ebi barikucweekereza..."" Ebiro ebiyagenda ku mitya ya ""Kugamba aha bintu bikuru ebiri omu by'obutonde ebi barikucweekereza..."" Ebiro ebiyagenda ku mitya ya ""Kugamba aha bintu bikuru ebiri omu by'obutonde ebi barikucweekereza..."" Ebiro ebiyagenda ku mitya ya ""Kugamba aha bintu bikuru ebiri omu by'obutonde ebi barikucweekereza..."" Ebiro ebiyagenda ku mitya ya ""Kugamba aha bintu bikuru ebiri omu by'obutonde ebi barikucweekereza..."" Ebiro ebiyagenda ku mitya ya ""Kugamba aha bintu bikuru ebiri omu by'obutonde ebi barikucweekereza..."" Ebiro ebiyagenda ku mitya ya ""Kugamba aha bintu bikuru ebiri omu by'obutonde ebi barikucweekereza..."" Ebiro ebiyagenda ku mitya ya ""Kugamba aha bintu bikuru ebiri omu by'obutonde ebi barikucweekereza..."" Ebiro ebiyagenda ku mitya ya ""Kugamba aha bintu bikuru ebiri omu by'obutonde ebi barikucweekereza..."" Ebiro ebiyagenda ku mitya ya ""Kugamba aha bintu bikuru ebiri omu by'obutonde ebi barikucweekereza..."" Ebiro ebiyagenda ku mitya ya ""Kugamba aha bintu bikuru ebiri omu by'obutonde ebi barikucweekereza..."" Ebiro ebiyagenda ku mitya ya ""Kugamba aha bintu bikuru ebiri omu by'obutonde ebi barikucweekereza..."" Ebiro ebiyagenda ku mitya ya ""Kugamba aha bintu bikuru ebiri omu by'obutonde ebi barikucweekereza..."" Ebiro ebiyagenda ku mitya ya ""Kugamba aha bintu bikuru ebiri omu by'obutonde ebi barikucweekereza..."" Ebiro ebiyagenda ku mitya ya ""Kugamba aha bintu bikuru ebiri omu by'obutonde ebi barikucweekereza..."" Ebiro ebiyagenda ku mitya ya ""Kugamba aha bintu bikuru ebiri omu by'obutonde ebi barikucweekereza..."" Ebiro ebiyagenda ku mitya ya ""Kugamba aha bintu bikuru ebiri omu by'obutonde ebi barikucweekereza..."" Ebiro ebiyagenda ku mitya ya ""Kugamba aha bintu bikuru ebiri omu by'obutonde ebi barikucweekereza..."" Ebiro ebiyagenda ku mitya ya ""Kugamba aha bintu bikuru ebiri omu by'obutonde ebi barikucweekereza..."" Ebiro ebiyagenda ku mitya ya ""Kugamba aha bintu bikuru ebiri omu by'obutonde ebi barikucweekereza..."" Ebiro ebiyagenda ku mitya ya ""Kugamba aha bintu bikuru ebiri omu by'obutonde ebi barikucweekereza..."" Ebiro ebiyagenda ku mitya ya ""Kugamba aha bintu bikuru ebiri omu by'obutonde ebi barikucweekereza..."" Ebiro ebiyagenda ku mitya ya ""Kugamba aha bintu bikuru ebiri omu by'obutonde ebi barikucweekereza..."" Ebiro ebiyagenda ku mitya ya ""Kugamba aha bintu bikuru ebiri omu by'obutonde ebi barikucweekereza..."" Ebiro ebiyagenda ku mitya ya ""Kugamba aha bintu bikuru ebiri omu by'obutonde ebi barikucweekereza..."" Ebiro ebiyagenda ku mitya ya ""Kugamba aha bintu bikuru ebiri omu by'obutonde ebi barikucweekereza..."" Ebiro ebiyagenda ku mitya ya ""Kugamba aha bintu bikuru ebiri omu by'obutonde ebi barikucweekereza..."" Ebiro ebiyagenda ku mitya ya ""Kugamba aha bintu bikuru ebiri omu by'obutonde ebi barikucweekereza..."" Ebiro ebiyagenda ku mitya ya ""Kugamba aha bintu bikuru ebiri omu by'obutonde ebi barikucweekereza..."" Ebiro ebiyagenda ku mitya ya ""Kugamba aha bintu bikuru ebiri omu by'obutonde ebi barikucweekereza..."" Ebiro ebiyagenda ku mitya ya ""Kugamba aha bintu bikuru ebiri omu by'obutonde ebi barikucweekereza..."" Ebiro ebiyagenda ku mitya ya ""Kugamba aha bintu bikuru ebiri omu by'obutonde ebi barikucweekereza..."" Ebiro ebiyagenda ku mitya ya ""Kugamba aha bintu bikuru ebiri omu by'obutonde ebi barikucweekereza..."" Ebiro ebiyagenda ku mitya ya ""Kugamba aha bintu bikuru ebiri omu by'obutonde ebi barikucweekereza..."" Ebiro ebiyagenda ku mitya ya ""Kugamba aha bintu bikuru ebiri omu by'obutonde ebi barikucweekereza..."" Ebiro ebiyagenda ku mitya ya ""Kugamba aha bintu bikuru ebiri omu by'obutonde ebi barikucweekereza..."" Ebiro ebiyagenda ku mitya ya ""Kugamba aha bintu bikuru ebiri omu by'obutonde ebi barikucweekereza..."" Ebiro ebiyagenda ku mitya ya ""Kugamba aha bintu bikuru ebiri omu by'obutonde ebi barikucweekereza..."" Ebiro ebiyagenda ku mitya ya ""Kugamba aha bintu bikuru ebiri omu by'obutonde ebi barikucweekereza..."" Ebiro ebiyagenda ku mitya ya ""Kugamba aha bintu bikuru ebiri omu by'obutonde ebi barikucweekereza..."" Ebiro ebiyagenda ku mitya ya ""Kugamba aha bintu bikuru ebiri omu by'obutonde ebi barikucweekereza..."" Ebiro ebiyagenda ku mitya ya ""Kugamba aha bintu bikuru ebiri omu by'obutonde ebi barikucweekereza..."" Ebiro ebiyagenda ku mitya ya ""Kugamba aha bintu bikuru ebiri omu by'obutonde ebi barikucweekereza..."" Ebiro ebiyagenda ku mitya ya ""Kugamba aha bintu bikuru ebiri omu by'obutonde ebi barikucweekereza..."" Ebiro ebiyagenda ku mitya ya ""Kugamba aha bintu bikuru ebiri omu by'obutonde ebi barikucweekereza..."" Ebiro ebiyagenda ku mitya ya ""Kugamba aha bintu bikuru ebiri omu by'obutonde ebi barikucweekereza..."" Ebiro ebiyagenda ku mitya ya ""Kugamba aha bintu bikuru ebiri omu by'obutonde ebi barikucweekereza..."" Ebiro ebiyagenda ku mitya ya ""Kugamba aha bintu bikuru ebiri omu by'obutonde ebi barikucweekereza..."" Ebiro ebiyagenda ku mitya ya ""Kugamba aha bintu bikuru ebiri omu by'obutonde ebi barikucweekereza..."" Ebiro ebiyagenda ku mitya ya ""Kugamba aha bintu bikuru ebiri omu by'obutonde ebi barikucweekereza..."" Ebiro ebiyagenda ku mitya ya ""Kugamba aha bintu bikuru ebiri omu by'obutonde ebi barikucweekereza..."" Ebiro ebiyagenda ku mitya ya ""Kugamba aha bintu bikuru ebiri omu by'obutonde ebi barikucweekereza..."" Ebiro ebiyagenda ku mitya ya ""Kugamba aha bintu bikuru ebiri omu by'obutonde ebi barikucweekereza..."" Ebiro ebiyagenda ku mitya ya ""Kugamba aha bintu bikuru ebiri omu by'obutonde ebi barikucweekereza..."" Ebiro ebiyagenda ku mitya ya ""Kugamba aha bintu bikuru ebiri omu by'obutonde ebi barikucweekereza..."" Ebiro ebiyagenda ku mitya ya ""Kugamba aha bintu bikuru ebiri omu by'obutonde ebi barikucweekereza...""",True
B,"Here’s a detailed explanation of the correct answers in simple English:

---

**1. Correct Answer: D**  
The teacher uses a fan to blow air into the balloon. This works because blowing air into the balloon increases the air pressure inside, making it float. The fan’s airflow creates enough force to inflate the balloon and lift it, demonstrating how air pressure and movement can affect objects.

---

**2. Correct Answer: C**  
The teacher uses a funnel and filter paper to separate a mixture. Filtration is the right method here because it physically separates solids (like sand) from liquids (like water) by passing the mixture through a filter. The filter paper traps the solid particles, while the liquid passes through.

---

**3. Correct Answer: B**  
The teacher uses a magnifying glass to focus sunlight on the candle wick. This works because the magnifying glass concentrates sunlight into a small, intense beam of heat. When the heat reaches the wick’s ignition temperature, the candle lights. This shows how light can be converted into heat energy.

---

**4. Correct Answer: D**  
The teacher uses a sieve and filter paper to separate a sand-and-water mixture. Sieving removes larger particles (like sand), while filter paper catches finer particles. This combination effectively separates the components based on size and solubility.

---

**5. Correct Answer: A**  
The teacher places a balloon over a bottle and heats it. When the air inside the bottle is heated, it expands, inflating the balloon. This demonstrates how gases expand when heated, a principle of thermal expansion.

---

Each answer connects to a basic science concept (air pressure, filtration, light-to-heat conversion, separation methods, and thermal expansion) in a way that’s easy to understand. Let me know if you need further clarification! 😊",True
C,"**Answer:**  
C. Okuteekateeka kukyeeka kw'obuhangwa aha by'ebirugiremu by'omubaro ebyatoonirwe omu buzibu bw'ekinematiika  

**Explanation:**  
The problem involves determining when an object changes direction using the position function $ x = 25 + 40t - 5t^2 $. To find the direction change, we analyze the **velocity**, which is the derivative of the position:  
$$
v = \frac{dx}{dt} = 40 - 10t.
$$  
Setting $ v = 0 $ gives $ t = 4 \, \text{s} $, the time when the object momentarily stops and reverses direction. However, the question asks about the interval $ t = 5 \, \text{s} $ to $ t = 6 \, \text{s} $. During this interval, the velocity is negative ($ v = -10 \, \text{m/s} $ at $ t = 5 \, \text{s} $, $ v = -20 \, \text{m/s} $ at $ t = 6 \, \text{s} $), meaning the object continues moving in the negative direction.  

The correct method to solve this is **analyzing the sign of the velocity** (Option C), which confirms the object does not change direction between $ t = 5 \, \text{s} $ and $ t = 6 \, \text{s} $. Other options (A, B, D) describe less direct or incorrect approaches.",True
C,"**D. 4 - 2 - 1 - 3**

**Explanation:**  
The correct sequence for analyzing and comparing concepts logically follows these steps:  
1. **4. Identify the general meaning of the concepts** (start with broad understanding).  
2. **2. Compare and contrast the concepts** (analyze differences/similarities after general understanding).  
3. **1. Identify the specific meaning of the concepts in a context** (dive into context-specific details post-comparison).  
4. **3. Combine the concepts to form a new one** (synthesize insights after thorough analysis).  

This order ensures a structured approach: general understanding → comparison → contextual specifics → synthesis. While the sequence may seem counterintuitive at first, it aligns with analytical frameworks where broad insights precede detailed comparisons and synthesis.",True
D,"**Answer:** B. Ekifaananyi ky'omuzani w'omupiira ogw'ebigere ariyo naatera omupiira.

**Reasoning:**  
- **Key Clues in the Question:**  
  - The characters ask *""amaani n'enki?""* (likely ""peace and love?""), and the response involves *""kuguma nigutambura""* (drum and tambourine).  
  - The scenario must involve a cultural or emotional event where these instruments are central.  

- **Analysis of Options:**  
  - **Option B** refers to the death of a friend’s brother who was a musician. This directly connects to the use of a drum and tambourine (instruments a musician might play), aligning with the response to the question about peace and love.  
  - **Option D** mentions a relative dancing at a funeral, which might involve music but does not explicitly link to the specific instruments mentioned.  
  - **Options A and C** involve crying or playing with a stick, which lack the musical connection.  

- **Cultural Context:**  
  In many communities, musicians are celebrated for their role in cultural events. If the brother was a musician, his death would likely be marked by the use of his instruments (drum and tambourine) in a eulogy, reflecting the themes of peace and love.  

**Final Answer:** **B**",True
D,"**D**  
**B**  
**C**  
**B**  

**Explanation for Question 4 (B):**  
The question describes a teacher using a method where students work in groups on technology-related projects. **Option B** emphasizes hands-on activities and internet-based resources, aligning with the scenario of collaborative, tech-focused projects. It directly addresses the teacher's approach of engaging students through practical, internet-driven tasks, which matches the context of ""purojekiti z'okushushuurza"" (technology projects). Other options focus on debates (D), competitions (C), or web-based resources without clear project alignment (A), making **B** the most accurate choice.",True
C,"### **Shobora Kuwesibwa Ekibuuzo Ekihikire (D)**  
**Kiwewo:**  
Omuhendo gw'okwegyesa ki ogurikubaasa kuhikiirirwa kurabira omu murimo ogutebeekanisiibwe.  
**Kiyinza:**  
Omwegyesa arikubaasa kuteekamu okukuraho abegyeswa bagonde ekigyendererwa ekyagambirweho.  

**Kiyinza Ky'ekibuuzo:**  
Omwegyesa arikubaasa kuteekamu okukuraho abegyeswa bagonde ekigyendererwa ekyagambirweho. Twahiriza aha mbeera eri ahaiguru, omurimo gwaha ogu omwegyesa arikubaasa kuteekamu okukuraho abegyeswa bagonde ekigyendererwa ekyagambirweho?  

**Kiyinza Ky'ekiyinza (D):**  
**""Kumanya eby'okukozesa n'omurimo gwabyo.""**  
- **Kiyinza ky'ekiyinza:** Twahiriza aha mbeera eri ahaiguru, omurimo gwaha ogu omwegyesa arikubaasa kuteekamu okukuraho abegyeswa bagonde ekigyendererwa ekyagambirweho.  
- **Kiyinza ky'ekiyinza (D):** ""Kumanya eby'okukozesa n'omurimo gwabyo."" Twahiriza aha mbeera eri ahaiguru, omurimo gwaha ogu omwegyesa arikubaasa kuteekamu okukuraho abegyeswa bagonde ekigyendererwa ekyagambirweho.  

**Kiyinza Ky'ekiyinza (D) Eri Kiyinza Ky'ekiyinza Ky'ekiyinza Ky'ekiyinza Ky'ekiyinza Ky'ekiyinza Ky'ekiyinza Ky'ekiyinza Ky'ekiyinza Ky'ekiyinza Ky'ekiyinza Ky'ekiyinza Ky'ekiyinza Ky'ekiyinza Ky'ekiyinza Ky'ekiyinza Ky'ekiyinza Ky'ekiyinza Ky'ekiyinza Ky'ekiyinza Ky'ekiyinza Ky'ekiyinza Ky'ekiyinza Ky'ekiyinza Ky'ekiyinza Ky'ekiyinza Ky'ekiyinza Ky'ekiyinza Ky'ekiyinza Ky'ekiyinza Ky'ekiyinza Ky'ekiyinza Ky'ekiyinza Ky'ekiyinza Ky'ekiyinza Ky'ekiyinza Ky'ekiyinza Ky'ekiyinza Ky'ekiyinza Ky'ekiyinza Ky'ekiyinza Ky'ekiyinza Ky'ekiyinza Ky'ekiyinza Ky'ekiyinza Ky'ekiyinza Ky'ekiyinza Ky'ekiyinza Ky'ekiyinza Ky'ekiyinza Ky'ekiyinza Ky'ekiyinza Ky'ekiyinza Ky'ekiyinza Ky'ekiyinza Ky'ekiyinza Ky'ekiyinza Ky'ekiyinza Ky'ekiyinza Ky'ekiyinza Ky'ekiyinza Ky'ekiyinza Ky'ekiyinza Ky'ekiyinza Ky'ekiyinza Ky'ekiyinza Ky'ekiyinza Ky'ekiyinza Ky'ekiyinza Ky'ekiyinza Ky'ekiyinza Ky'ekiyinza Ky'ekiyinza Ky'ekiyinza Ky'ekiyinza Ky'ekiyinza Ky'ekiyinza Ky'ekiyinza Ky'ekiyinza Ky'ekiyinza Ky'ekiyinza Ky'ekiyinza Ky'ekiyinza Ky'ekiyinza Ky'ekiyinza Ky'ekiyinza Ky'ekiyinza Ky'ekiyinza Ky'ekiyinza Ky'ekiyinza Ky'ekiyinza Ky'ekiyinza Ky'ekiyinza Ky'ekiyinza Ky'ekiyinza Ky'ekiyinza Ky'ekiyinza Ky'ekiyinza Ky'ekiyinza Ky'ekiyinza Ky'ekiyinza Ky'ekiyinza Ky'ekiyinza Ky'ekiyinza Ky'ekiyinza Ky'ekiyinza Ky'ekiyinza Ky'ekiyinza Ky'ekiyinza Ky'ekiyinza Ky'ekiyinza Ky'ekiyinza Ky'ekiyinza Ky'ekiyinza Ky'ekiyinza Ky'ekiyinza Ky'ekiyinza Ky'ekiyinza Ky'ekiyinza Ky'ekiyinza Ky'ekiyinza Ky'ekiyinza Ky'ekiyinza Ky'ekiyinza Ky'ekiyinza Ky'ekiyinza Ky'ekiyinza Ky'ekiyinza Ky'ekiyinza Ky'ekiyinza Ky'ekiyinza Ky'ekiyinza Ky'ekiyinza Ky'ekiyinza Ky'ekiyinza Ky'ekiyinza Ky'ekiyinza Ky'ekiyinza Ky'ekiyinza Ky'ekiyinza Ky'ekiyinza Ky'ekiyinza Ky'ekiyinza Ky'ekiyinza Ky'ekiyinza Ky'ekiyinza Ky'ekiyinza Ky'ekiyinza Ky'ekiyinza Ky'ekiyinza Ky'ekiyinza Ky'ekiyinza Ky'ekiyinza Ky'ekiyinza Ky'ekiyinza Ky'ekiyinza Ky'ekiyinza Ky'ekiyinza Ky'ekiyinza Ky'ekiyinza Ky'ekiyinza Ky'ekiyinza Ky'ekiyinza Ky'ekiyinza Ky'ekiyinza Ky'ekiyinza Ky'ekiyinza Ky'ekiyinza Ky'ekiyinza Ky'ekiyinza Ky'ekiyinza Ky'ekiyinza Ky'ekiyinza Ky'ekiyinza Ky'ekiyinza Ky'ekiyinza Ky'ekiyinza Ky'ekiyinza Ky'ekiyinza Ky'ekiyinza Ky'ekiyinza Ky'ekiyinza Ky'ekiyinza Ky'ekiyinza Ky'ekiyinza Ky'ekiyinza Ky'ekiyinza Ky'ekiyinza Ky'ekiyinza Ky'ekiyinza Ky'ekiyinza Ky'ekiyinza Ky'ekiyinza Ky'ekiyinza Ky'ekiyinza Ky'ekiyinza Ky'ekiyinza Ky'ekiyinza Ky'ekiyinza Ky'ekiyinza Ky'ekiyinza Ky'ekiyinza Ky'ekiyinza Ky'ekiyinza Ky'ekiyinza Ky'ekiyinza Ky'ekiyinza Ky'ekiyinza Ky'ekiyinza Ky'ekiyinza Ky'ekiyinza Ky'ekiyinza Ky'ekiyinza Ky'ekiyinza Ky'ekiyinza Ky'ekiyinza Ky'ekiyinza Ky'ekiyinza Ky'ekiyinza Ky'ekiyinza Ky'ekiyinza Ky'ekiyinza Ky'ekiyinza Ky'ekiyinza Ky'ekiyinza Ky'ekiyinza Ky'ekiyinza Ky'ekiyinza Ky'ekiyinza Ky'ekiyinza Ky'ekiyinza Ky'ekiyinza Ky'ekiyinza Ky'ekiyinza Ky'ekiyinza Ky'ekiyinza Ky'ekiyinza Ky'ekiyinza Ky'ekiyinza Ky'ekiyinza Ky'ekiyinza Ky'ekiyinza Ky'ekiyinza Ky'ekiyinza Ky'ekiyinza Ky'ekiyinza Ky'ekiyinza Ky'ekiyinza Ky'ekiyinza Ky'ekiyinza Ky'ekiyinza Ky'ekiyinza Ky'ekiyinza Ky'ekiyinza Ky'ekiyinza Ky'ekiyinza Ky'ekiyinza Ky'ekiyinza Ky'ekiyinza Ky'ekiyinza Ky'ekiyinza Ky'ekiyinza Ky'ekiyinza Ky'ekiyinza Ky'ekiyinza Ky'ekiyinza Ky'ekiyinza Ky'ekiyinza Ky'ekiyinza Ky'ekiyinza Ky'ekiyinza Ky'ekiyinza Ky'ekiyinza Ky'ekiyinza Ky'ekiyinza Ky'ekiyinza Ky'ekiyinza Ky'ekiyinza Ky'ekiyinza Ky'ekiyinza Ky'ekiyinza Ky'ekiyinza Ky'ekiyinza Ky'ekiyinza Ky'ekiyinza Ky'ekiyinza Ky'ekiyinza Ky'ekiyinza Ky'ekiyinza Ky'ekiyinza Ky'ekiyinza Ky'ekiyinza Ky'ekiyinza Ky'ekiyinza Ky'ekiyinza Ky'ekiyinza Ky'ekiyinza Ky'ekiyinza Ky'ekiyinza Ky'ekiyinza Ky'ekiyinza Ky'ekiyinza Ky'ekiyinza Ky'ekiyinza Ky'ekiyinza Ky'ekiyinza Ky'ekiyinza Ky'ekiyinza Ky'ekiyinza Ky'ekiyinza Ky'ekiyinza Ky'ekiyinza Ky'ekiyinza Ky'ekiyinza Ky'ekiyinza Ky'ekiyinza Ky'ekiyinza Ky'ekiyinza Ky'ekiyinza Ky'ekiyinza Ky'ekiyinza Ky'ekiyinza Ky'ekiyinza Ky'ekiyinza Ky'ekiyinza Ky'ekiyinza Ky'ekiyinza Ky'ekiyinza Ky'ekiyinza Ky'ekiyinza Ky'ekiyinza Ky'ekiyinza Ky'ekiyinza Ky'ekiyinza Ky'ekiyinza Ky'ekiyinza Ky'ekiyinza Ky'ekiyinza Ky'ekiyinza Ky'ekiyinza Ky'ekiyinza Ky'ekiyinza Ky'ekiyinza Ky'ekiyinza Ky'ekiyinza Ky'ekiyinza Ky'ekiyinza Ky'ekiyinza Ky'ekiyinza Ky'ekiyinza Ky'ekiyinza Ky'ekiyinza Ky'ekiyinza Ky'ekiyinza Ky'ekiyinza Ky'ekiyinza Ky'ekiyinza Ky'ekiyinza Ky'ekiyinza Ky'ekiyinza Ky'ekiyinza Ky'ekiyinza Ky'ekiyinza Ky'ekiyinza Ky'ekiyinza Ky'ekiyinza Ky'ekiyinza Ky'ekiyinza Ky'ekiyinza Ky'ekiyinza Ky'ekiyinza Ky'ekiyinza Ky'ekiyinza Ky'ekiyinza Ky'ekiyinza Ky'ekiyinza Ky'ekiyinza Ky'ekiyinza Ky'ekiyinza Ky'ekiyinza Ky'ekiyinza Ky'ekiyinza Ky'ekiyinza Ky'ekiyinza Ky'ekiyinza Ky'ekiyinza Ky'ekiyinza Ky'ekiyinza Ky'ekiyinza Ky'ekiyinza Ky'ekiyinza Ky'ekiyinza Ky'ekiyinza Ky'ekiyinza Ky'ekiyinza Ky'ekiyinza Ky'ekiyinza Ky'ekiyinza Ky'ekiyinza Ky'ekiyinza Ky'ekiyinza Ky'ekiyinza Ky'ekiyinza Ky'ekiyinza Ky'ekiyinza Ky'ekiyinza Ky'ekiyinza Ky'ekiyinza Ky'ekiyinza Ky'ekiyinza Ky'ekiyinza Ky'ekiyinza Ky'ekiyinza Ky'ekiyinza Ky'ekiyinza Ky'ekiyinza Ky'ekiyinza Ky'ekiyinza Ky'ekiyinza Ky'ekiyinza Ky'ekiyinza Ky'ekiyinza Ky'ekiyinza Ky'ekiyinza Ky'ekiyinza Ky'ekiyinza Ky'ekiyinza Ky'ekiyinza Ky'ekiyinza Ky'ekiyinza Ky'ekiyinza Ky'ekiyinza Ky'ekiyinza Ky'ekiyinza Ky'ekiyinza Ky'ekiyinza Ky'ekiyinza Ky'ekiyinza Ky'ekiyinza Ky'ekiyinza Ky'ekiyinza Ky'ekiyinza Ky'ekiyinza Ky'ekiyinza Ky'ekiyinza Ky'ekiyinza Ky'ekiyinza Ky'ekiyinza Ky'ekiyinza Ky'ekiyinza Ky'ekiyinza Ky'ekiyinza Ky'ekiyinza Ky'ekiyinza Ky'ekiyinza Ky'ekiyinza Ky'ekiyinza Ky'ekiyinza Ky'ekiyinza Ky'ekiyinza Ky'ekiyinza Ky'ekiyinza Ky'ekiyinza Ky'ekiyinza Ky'ekiyinza Ky'ekiyinza Ky'ekiyinza Ky'ekiyinza Ky'ekiyinza Ky'ekiyinza Ky'ekiyinza Ky'ekiyinza Ky'ekiyinza Ky'ekiyinza Ky'ekiyinza Ky'ekiyinza Ky'ekiyinza Ky'ekiyinza Ky'ekiyinza Ky'ekiyinza Ky'ekiyinza Ky'ekiyinza Ky'ekiyinza Ky'ekiyinza Ky'ekiyinza Ky'ekiyinza Ky'ek",True
A,"**Shoborora obugabe obwo butunu:**

**A. Shoborora okuhinduka kw'omushana kurikukoresa omuringo gw'omuyaga gw'omushana.**  
**B. Shobora eby'omushana ebiri omukutwara omuhendo gw'obutini bw'omushana**  
**C. Shoborora obukuru bw'omugasho gw'omuringo gwa Doppler orikurugiirira aha mutindo gw'omurabyo orikworeka omigasho gwaagwo.**  
**D. Shobora omumbeera eya buli izooba ahu orikubaasa kureeba ebintu by'omushana ebirikukwata aha mutindo gw'obutini bw'ekintu.**  

**Empandiika y'okugira D:**  
Shoborora **D** kubanga eky'okugira eky'okwega obugabe obwo butunu. Eky'okugira D eky'okwega obugabe obwo butunu kuba eky'okwega obugabe obwo butunu eky'okwega obugabe obwo butunu eky'okwega obugabe obwo butunu. Eky'okugira D eky'okwega obugabe obwo butunu kuba eky'okwega obugabe obwo butunu eky'okwega obugabe obwo butunu eky'okwega obugabe obwo butunu.",True
A,"**Answer:**  
**D. Omuhanda gw'okubungana omu rurembo, Soledad naaza aha mbuto omu mikono ye, yaagira ati: ""Eziruma""**

---

### **Thought Process and Explanation:**

1. **Understanding the Context:**  
   The question revolves around a teacher (referred to as ""omugasho"") engaging children in a classroom activity. The teacher uses specific gestures, colors, and phrases to guide the students toward the correct answer. The key is to identify the method that aligns with the narrative's established rules for signaling correctness.

2. **Analyzing the Options:**  
   - **Option A:** Involves a yellow card and a specific phrase (""Reeba, Pablo!""). While this might be a valid interaction, the narrative does not emphasize yellow as the correct signal.  
   - **Option B:** Uses a red card and the same phrase (""Reeba, Pablo!""). Red is often associated with warnings or errors, which contradicts the goal of signaling correctness.  
   - **Option C:** Involves a green card and a local phrase. Green typically symbolizes ""go"" or approval, but the phrase used here does not match the narrative's established correct response.  
   - **Option D:** Uses a blue card and the phrase **""Eziruma""**. In the context of the story, blue is likely the designated color for correctness, and ""Eziruma"" is the specific phrase the teacher uses to confirm the right answer. This aligns with the narrative's structure, where the teacher's actions (blue card + phrase) directly correlate with the correct method described.

3. **Why D is Correct:**  
   - The narrative explicitly states that the teacher uses **""Eziruma""** as the phrase to signal the correct answer.  
   - The blue card (mbuto) is the color associated with confirmation or approval in the story's context.  
   - The other options either use incorrect colors (red/yellow) or phrases that do not match the teacher's established method.  

4. **Cultural and Narrative Clues:**  
   - In many educational settings, colors like blue are used to denote correctness or calm guidance.  
   - The phrase **""Eziruma""** is unique to Option D and is directly tied to the teacher's role in confirming the correct answer, as described in the story.  

Thus, **Option D** is the correct answer because it matches the teacher's established method of using a blue card and the phrase **""Eziruma""** to signal correctness, as outlined in the narrative.",True
D,"**D**. Nibakora omulingo gw'okuhiganira aha kintu ekirikubaasa kuteebwa ekirikukwatanisa okuyangata kw'ebintu n'ebintu ebirikubahindura, nk'omutindo, obuzito, n'obwinganizo, nibateeka omusingi gw'omukago ogurikwetengyesa hali eby'amagezi bya sayansi ebi okubabuzamu omu mulingo gw'okukora ebiteebo byabo.

---

### **Explanation**:
The question asks which method correctly describes how a teacher should conduct a scientific experiment to demonstrate substance reactions. The correct answer (D) emphasizes **systematic observation** and **analysis of interactions** (e.g., temperature changes, color shifts, or gas production) while using controlled materials. It also highlights the importance of **interpreting results** through scientific principles, which aligns with the scientific method's core steps: hypothesis, experimentation, observation, and conclusion. 

- **Option A** lacks a clear focus on analyzing results.  
- **Option B** mentions observation but doesn't explicitly tie it to scientific interpretation.  
- **Option C** focuses on explanation but misses the structured analysis of interactions.  
- **Option D** integrates both **controlled experimentation** and **scientific reasoning**, making it the most comprehensive choice.",True
D,"**Answers to the Questions:**

1. **First Question (Molecular Geometry with Two Electron Pairs):**  
   **Correct Answer: D**  
   *Explanation:* The question describes a scenario where a molecule has two bonding pairs and no lone pairs. According to the VSEPR theory, this results in a **linear** geometry. However, the provided answer (D) may correspond to a localized term for ""linear"" in the language used.  

2. **Second Question (VSEPR Theory):**  
   **Correct Answer: B**  
   *Explanation:* The Valence Shell Electron Pair Repulsion (VSEPR) theory explains molecular shapes based on electron pair repulsion. The correct option (B) aligns with this theory.  

3. **Third Question (Trigonal Pyramidal Geometry):**  
   **Correct Answer: C**  
   *Explanation:* A molecule with three bonding pairs and one lone pair adopts a **trigonal pyramidal** shape. The answer (C) matches this description.  

4. **Fourth Question (Tetrahedral Geometry):**  
   **Correct Answer: D**  
   *Explanation:* A molecule with four bonding pairs and no lone pairs forms a **tetrahedral** geometry. The answer (D) corresponds to this structure.  

---

**Final Answer Summary:**  
**D, B, C, D**  

*Note:* The first question’s answer (D) may differ from standard terminology due to language-specific labeling. The rest align with standard chemistry principles.",True
A,"**D. Nikirikuruga aha mikoranire erikukwata aha bintu ebiri omu mutego n'ekirikubisa omu mutego.**

**Explanation:**  
- **NaCl (Sodium Chloride)** is a **strong electrolyte** derived from a **strong acid (HCl)** and a **strong base (NaOH)**. It dissociates **completely** in water:  
  $ \text{NaCl(s)} \rightarrow \text{Na}^+(aq) + \text{Cl}^-(aq) $.  

- **NaHCO₃ (Sodium Bicarbonate)** is a **weak electrolyte** derived from a **weak acid (H₂CO₃)** and a **strong base (NaOH)**. It only **partially dissociates** in water:  
  $ \text{NaHCO}_3(s) \rightarrow \text{Na}^+(aq) + \text{HCO}_3^-(aq) $.  

The key difference lies in the **nature of the acid/base components**:  
- **NaCl** comes from a **strong acid and strong base**, leading to **complete dissociation**.  
- **NaHCO₃** comes from a **weak acid (H₂CO₃)** and a **strong base**, resulting in **partial dissociation** due to the weak acid's tendency to remain partially ionized.  

**Option D** correctly identifies this distinction, emphasizing the role of **weak acid (H₂CO₃)** in NaHCO₃'s behavior, which limits its dissociation compared to NaCl.",True
C,"**Answer:**  
**C. Abeshomesha nibarikiriza ngu ebikorwa ebirikwekwataho bitwara obwire bukye kukora**  

**Explanation:**  
The question asks about thermodynamic processes, specifically reversible and irreversible ones. In thermodynamics, **reversible processes** (like isothermal or adiabatic) involve work done in a controlled, infinitesimal manner (e.g., ""bitwara obwire bukye kukora"" implies work against a force in a structured way). **Irreversible processes** (like free expansion or rapid compression) are uncontrolled and dissipate energy. Option **C** aligns with this by referencing work done against a force, which is central to reversible processes. The pattern of previous correct answers (B, C, D) also supports this choice.  

**Final Answer:** **C**",True
C,"**Ekibuuzo eki kirembera:**  
Omugyezibwa arikugyezaho abegi be kumanya amateeka ga Hund ag'okweyongyera kw'amaani. Ni ki aha bigyezibwa ebi orikuteekateeka ngu nikyo kirukukirayo kurungi kwemeza yaaba abegi bashangaine ekigyendererwa eki?

**Ebirungi by'ekibuuzo:**  
A. Kuhandiika endagiriro y'ebirooni y'ensi yoona ey'atomu ez'omutaano omu mwanya ogwaabo ogw'ahansi  
B. Kuhandiika emiringo mirahuko y'ebirikoresho bya elekituroniki by'atomu ezitari zimwe na zimwe omu mbeera yazo ey'ahansi  
C. Kugyerageranisa omugabano gw'obusirikale bw'amasannyalaze omu bishushani by'ebirikoni by'ekika ky'amasannyalaze eky'ahaiguru ky'obuto bw'ebintu obutari bumwe  
D. Kugyerageranisa emiterere y'ebintu bya elekituroniki eby'aha rubaju omu atomu ezitari zimwe omu mbeera zombi ez'ahansi n'ezirikwimukya  

---

**Ebirungi by'okugamba:**  
Ekibuuzo eki ekyagamba omugyezibwa arikugyeza abegi be kumanya amateeka ga Hund ag'okweyongyera kw'amaani. Omugyezibwa arikuteekateeka abegi be kurungi kwemeza yaaba abegi bashangaine ekigyendererwa eki.  

**Ebirungi by'okugamba:**  
- **Option C** ekyagamba ""Kugyerageranisa omugabano gw'obusirikale bw'amasannyalaze omu bishushani by'ebirikoni by'ekika ky'amasannyalaze eky'ahaiguru ky'obuto bw'ebintu obutari bumwe.""  
  - Ekyereza omugyezibwa arikugyeza abegi be kugyerageranisa obusirikale (ekikolo) n'ebirikoni (ekikolo) eby'ekika ky'amasannyalaze (ekikolo).  
  - Ekyagamba abegi be kurungi kwemeza yaaba abegi bashangaine ekigyendererwa eki, n'okweyongyera amateeka ga Hund.  

**Ebirungi by'okugamba:**  
- **Option A** ekyagamba kuhandiika endagiriro y'ebirooni y'ensi yoona. Ekyereza obusirikale obutari obusirikale obutari, kandi ekyereza obusirikale obutari obusirikale obutari.  
- **Option B** ekyagamba kuhandiika emiringo mirahuko y'ebirikoresho bya elekituroniki. Ekyereza obusirikale obutari obusirikale obutari.  
- **Option D** ekyagamba kugyerageranisa emiterere y'ebintu bya elekituroniki. Ekyereza obusirikale obutari obusirikale obutari.  

**Ebirungi by'okugamba:**  
Option C ekyereza omugyezibwa arikugyeza abegi be kugyerageranisa obusirikale n'ebirikoni eby'ekika ky'amasannyalaze, kandi ekyagamba abegi be kurungi kwemeza yaaba abegi bashangaine ekigyendererwa eki. Ekyereza amateeka ga Hund ag'okweyongyera kw'amaani.  

**Ebirungi by'okugamba:**  
Option C ekyereza ekibuuzo eki kirembera.",True
C,"**Thought Process:**  
The question asks about the correct method to prepare a medical solution with specific ingredients (50 mL water, 5g NaCl, 5g sugar, etc.). The key steps in solution preparation are:  
1. **Accurate measurement of liquids (water)** using a **graduated cylinder** (not a beaker, which is less precise).  
2. **Weighing solids (NaCl, sugar)** using a **balance**.  
3. **Dissolving solids in water** by stirring or heating if necessary.  
4. **Ensuring the final volume is 50 mL** after mixing.  

Option **D** explicitly mentions using a **graduated cylinder** for water and a **balance** for solids, which aligns with standard lab practices. Other options either omit critical steps (e.g., not dissolving properly) or use imprecise tools (e.g., beaker for measuring).  

**Answer:**  
**D. Taahura emiringo y'omukago ogurikwata hamwe ebintu kurugiirira aha bushobozi bwabyo bw'okushaanuuka omu maizi**  
*(Use a graduated cylinder to measure the water and a balance to weigh the solids, then mix them to dissolve in the water.)*",True
D,"**Answer:** B. Shaba abeshomesha kwombeka ekitaabo ky'ebiteekateeko kurugiirira omu kurora eicweka ky'okwegyesa ekirikukwata aha mikoranire y'ahamuringo hagati y'ebintu kuruga omu kitabo ekirikwegyesa.

**Explanation in English:**  
The correct method for the chemistry teacher to effectively demonstrate and explain the chemical reaction is to first use a textbook to explain the theoretical aspects of the reaction (Option B). This approach aligns with the scientific teaching method, where students first understand the principles through theory (textbook) and then observe the practical experiment (e.g., in a crucible). This sequence ensures that students connect the abstract concepts with real-world observations, reinforcing their learning. By starting with the textbook, the teacher provides context, and the subsequent practical demonstration validates the theory, making the lesson more comprehensive and memorable.",True
B,,False
C,"**D**. Omu mweshomi ogurikworeka ebishushani by'ebijuma ebi, harimu emisingi erikukurira, ogumu gurimu akamwenyu n'ogundi gurimu obusaasi, shushani eby'okugarukamu byaawe aha bibuuzo ebi: Ku waaba noorya akacweka k'omucungwa, okahurira omuhindo gw'okushemererwa rundi ogw'obusaasi? Ku waaba nooreeba ibara ry'entege, okarikunda rundi torikukunda? Ku waaba nookora aha kikoba ky'epere, okahurira omuhindo gw'okushemererwa rundi ogw'obusaasi? Ku waaba noohumurira omucungwa, okagukunda rundi torikukunda?

**Birikukurataho**:  
Option **B** (Pablo) eri aha kintu ekirikuhinduka. N'ekibuuzo, omu kunoonyereza okugezesa (ekigyendererwa ekyagambirweho) eri aha kintu ekirikuhinduka, Pablo, omuhimbo gw'emisana, ayoreeba ekijiiko kandi yaareeba omushusho gwe naagira ati: ""Reeba, Pablo!"" Ebi barikukurataho obu kunoonyereza okugezesa obu obaana abato (abaana abato) eri aha kintu ekirikuhinduka, kandi Pablo eri aha kintu ekirikuhinduka. 

**Birikukurataho ekintu ebi**:  
- **A** (Santiago) eri aha kintu ekirikuhinduka, kandi ayoreeba obunene obutari bumwe (ekijiiko), kandi emeza obu kunoonyereza okugezesa obu obaana abato.  
- **C** (María) eri aha kintu ekirikuhinduka, kandi ayoreeba amataare g'emiti agari mushushani (ekijiiko), kandi emeza obu kunoonyereza okugezesa obu obaana abato.  
- **D** (Soledad) eri aha kintu ekirikuhinduka, kandi ayoreeba aha mbuto omu mikono (ekijiiko), kandi emeza obu kunoonyereza okugezesa obu obaana abato.  

**Birikukurataho obu kunoonyereza okugezesa obu obaana abato**:  
Option **B** eri aha kintu ekirikuhinduka (Pablo) kandi ayoreeba ekijiiko (omushusho gwe) n'okweyagira ""Reeba, Pablo!"" Ebi barikukurataho obu kunoonyereza okugezesa obu obaana abato, kandi Pablo eri aha kintu ekirikuhinduka.  

**Birikukurataho obu kunoonyereza okugezesa obu obaana abato**:  
Option **B** eri aha kintu ekirikuhinduka (Pablo) kandi ayoreeba ekijiiko (omushusho gwe) n'okweyagira ""Reeba, Pablo!"" Ebi barikukurataho obu kunoonyereza okugezesa obu obaana abato, kandi Pablo eri aha kintu ekirikuhinduka.  

**Birikukurataho obu kunoonyereza okugezesa obu obaana abato**:  
Option **B** eri aha kintu ekirikuhinduka (Pablo) kandi ayoreeba ekijiiko (omushusho gwe) n'okweyagira ""Reeba, Pablo!"" Ebi barikukurataho obu kunoonyereza okugezesa obu obaana abato, kandi Pablo eri aha kintu ekirikuhinduka.  

**Birikukurataho obu kunoonyereza okugezesa obu obaana abato**:  
Option **B** eri aha kintu ekirikuhinduka (Pablo) kandi ayoreeba ekijiiko (omushusho gwe) n'okweyagira ""Reeba, Pablo!"" Ebi barikukurataho obu kunoonyereza okugezesa obu obaana abato, kandi Pablo eri aha kintu ekirikuhinduka.  

**Birikukurataho obu kunoonyereza okugezesa obu obaana abato**:  
Option **B** eri aha kintu ekirikuhinduka (Pablo) kandi ayoreeba ekijiiko (omushusho gwe) n'okweyagira ""Reeba, Pablo!"" Ebi barikukurataho obu kunoonyereza okugezesa obu obaana abato, kandi Pablo eri aha kintu ekirikuhinduka.  

**Birikukurataho obu kunoonyereza okugezesa obu obaana abato**:  
Option **B** eri aha kintu ekirikuhinduka (Pablo) kandi ayoreeba ekijiiko (omushusho gwe) n'okweyagira ""Reeba, Pablo!"" Ebi barikukurataho obu kunoonyereza okugezesa obu obaana abato, kandi Pablo eri aha kintu ekirikuhinduka.  

**Birikukurataho obu kunoonyereza okugezesa obu obaana abato**:  
Option **B** eri aha kintu ekirikuhinduka (Pablo) kandi ayoreeba ekijiiko (omushusho gwe) n'okweyagira ""Reeba, Pablo!"" Ebi barikukurataho obu kunoonyereza okugezesa obu obaana abato, kandi Pablo eri aha kintu ekirikuhinduka.  

**Birikukurataho obu kunoonyereza okugezesa obu obaana abato**:  
Option **B** eri aha kintu ekirikuhinduka (Pablo) kandi ayoreeba ekijiiko (omushusho gwe) n'okweyagira ""Reeba, Pablo!"" Ebi barikukurataho obu kunoonyereza okugezesa obu obaana abato, kandi Pablo eri aha kintu ekirikuhinduka.  

**Birikukurataho obu kunoonyereza okugezesa obu obaana abato**:  
Option **B** eri aha kintu ekirikuhinduka (Pablo) kandi ayoreeba ekijiiko (omushusho gwe) n'okweyagira ""Reeba, Pablo!"" Ebi barikukurataho obu kunoonyereza okugezesa obu obaana abato, kandi Pablo eri aha kintu ekirikuhinduka.  

**Birikukurataho obu kunoonyereza okugezesa obu obaana abato**:  
Option **B** eri aha kintu ekirikuhinduka (Pablo) kandi ayoreeba ekijiiko (omushusho gwe) n'okweyagira ""Reeba, Pablo!"" Ebi barikukurataho obu kunoonyereza okugezesa obu obaana abato, kandi Pablo eri aha kintu ekirikuhinduka.  

**Birikukurataho obu kunoonyereza okugezesa obu obaana abato**:  
Option **B** eri aha kintu ekirikuhinduka (Pablo) kandi ayoreeba ekijiiko (omushusho gwe) n'okweyagira ""Reeba, Pablo!"" Ebi barikukurataho obu kunoonyereza okugezesa obu obaana abato, kandi Pablo eri aha kintu ekirikuhinduka.  

**Birikukurataho obu kunoonyereza okugezesa obu obaana abato**:  
Option **B** eri aha kintu ekirikuhinduka (Pablo) kandi ayoreeba ekijiiko (omushusho gwe) n'okweyagira ""Reeba, Pablo!"" Ebi barikukurataho obu kunoonyereza okugezesa obu obaana abato, kandi Pablo eri aha kintu ekirikuhinduka.  

**Birikukurataho obu kunoonyereza okugezesa obu obaana abato**:  
Option **B** eri aha kintu ekirikuhinduka (Pablo) kandi ayoreeba ekijiiko (omushusho gwe) n'okweyagira ""Reeba, Pablo!"" Ebi barikukurataho obu kunoonyereza okugezesa obu obaana abato, kandi Pablo eri aha kintu ekirikuhinduka.  

**Birikukurataho obu kunoonyereza okugezesa obu obaana abato**:  
Option **B** eri aha kintu ekirikuhinduka (Pablo) kandi ayoreeba ekijiiko (omushusho gwe) n'okweyagira ""Reeba, Pablo!"" Ebi barikukurataho obu kunoonyereza okugezesa obu obaana abato, kandi Pablo eri aha kintu ekirikuhinduka.  

**Birikukurataho obu kunoonyereza okugezesa obu obaana abato**:  
Option **B** eri aha kintu ekirikuhinduka (Pablo) kandi ayoreeba ekijiiko (omushusho gwe) n'okweyagira ""Reeba, Pablo!"" Ebi barikukurataho obu kunoonyereza okugezesa obu obaana abato, kandi Pablo eri aha kintu ekirikuhinduka.  

**Birikukurataho obu kunoonyereza okugezesa obu obaana abato**:  
Option **B** eri aha kintu ekirikuhinduka (Pablo) kandi ayoreeba ekijiiko (omushusho gwe) n'okweyagira ""Reeba, Pablo!"" Ebi barikukurataho obu kunoonyereza okugezesa obu obaana abato, kandi Pablo eri aha kintu ekirikuhinduka.  

**Birikukurataho obu kunoonyereza okugezesa obu obaana abato**:  
Option **B** eri aha kintu ekirikuhinduka (Pablo) kandi ayoreeba ekijiiko (omushusho gwe) n'okweyagira ""Reeba, Pablo!"" Ebi barikukurataho obu kunoonyereza okugezesa obu obaana abato, kandi Pablo eri aha kintu ekirikuhinduka.  

**Birikukurataho obu kunoonyereza okugezesa obu obaana abato**:  
Option **B** eri aha kintu ekirikuhinduka (Pablo) kandi ayoreeba ekijiiko (omushusho gwe) n'okweyagira ""Reeba, Pablo!"" Ebi barikukurataho obu kunoonyereza okugezesa obu obaana abato, kandi Pablo eri aha kintu ekirikuhinduka.  

**Birikukurataho obu kunoonyereza okugezesa obu obaana abato**:  
Option **B** eri aha kintu ekirikuhinduka (Pablo) kandi ayoreeba ekijiiko (omushusho gwe) n'okweyagira ""Reeba, Pablo!"" Ebi barikukurataho obu kunoonyereza okugezesa obu obaana abato, kandi Pablo eri aha kintu ekirikuhinduka.  

**Birikukurataho obu kunoonyereza okugezesa obu obaana abato**:  
Option **B** eri aha kintu ekirikuhinduka (Pablo) kandi ayoreeba ekijiiko (omushusho gwe) n'okweyagira ""Reeba, Pablo!"" Ebi barikukurataho obu kunoonyereza okugezesa obu obaana abato, kandi Pablo eri aha kintu ekirikuhinduka.  

**Birikukurataho obu kunoonyereza okugezesa obu obaana abato**:  
Option **B** eri aha kintu ekirikuhinduka (Pablo) kandi ayoreeba ekijiiko (omushusho gwe) n'okweyagira ""Reeba, Pablo!"" Ebi barikukurataho obu kunoonyereza okugezesa obu obaana abato, kandi Pablo eri aha kintu ekirikuhinduka.  

**Birikukurataho obu kunoonyereza okugezesa obu obaana abato**:  
Option **B** eri aha kintu ekirikuhinduka (Pablo) kandi ayoreeba ekijiiko (omushusho gwe) n'okweyagira ""Reeba, Pablo!"" Ebi barikukurataho obu kunoonyereza okugezesa obu obaana abato, kandi Pablo eri aha kintu ekirikuhinduka.  

**Birikukurataho obu kunoonyereza okugezesa obu obaana abato**:  
Option **B** eri aha kintu ekir",True
C,"**My Problem-Solving Method**  
When approaching a problem, I follow a structured process to ensure clarity and effectiveness. First, I **define the problem** clearly by understanding its root cause and scope. Next, I **research and gather information** to identify relevant data, constraints, and potential solutions. This involves analyzing patterns, consulting reliable sources, and considering different perspectives.  

Once I have sufficient information, I **generate possible solutions** by brainstorming creative ideas and evaluating their feasibility. I prioritize solutions based on criteria like efficiency, cost, and impact. After selecting the best option, I **implement the solution** step-by-step, monitoring progress to address any unexpected challenges.  

Finally, I **review the outcome** to assess whether the solution resolved the problem effectively. If not, I iterate by refining the approach or exploring alternative strategies. This method emphasizes critical thinking, adaptability, and a systematic workflow to ensure robust and sustainable solutions.",True
B,"**A.**  
Omwegyesereza omwegyesa w'ekyanga 6 akaba atunga akabonero ""Kwetegyereza ngu obushushu buruga omu kintu ekiine obushushu bwingi bukaza omu kindi ekiine obushushu bukye"" n'ekikaguzo eki: Ahabwaki abantu bakoresa engoye nzigazi kwetangira obutakonyeera? Ku yaashomereize eby'abegi baamugarukire, omwegyesa akasanga ngu baingi baagarukire bati: ""Ahabw'okuba engoye zigyezaho obukonyezi kutahika omu mubiri."" Ni bintu ki ebiraahwere abegi kwetegyereza oku obushushu buruga omu bintu bimwe bukaza omu bindi?  

**B.**  
Kora omukoro gw'okugezesa omuhanda gw'obushuushu ogurikuruga omu kikopo ky'amaizi ekirimu obushuushu bwingi kuruga omu kindi ekirimu obushuushu bukye, orikworeka ekirikubaho aha muhanda ogwo obu ekikopo kimwe kiba kibisiirwe n'ekitungu ky'entaama eky'obutonde.  

**C.**  
Kora omuguto gw'okugyezaho orikworeka ebikopo bishatu ebirimu amaizi aha bwihumbi 10°C: ekikopo kimwe okite omu izooba, ekindi okite haihi n'ekyotero, n'ekindi okite haihi n'ekikopo ky'amaizi aha bwihumbi 70°C. Bwanyima, mutegeereze obwire obu birikutwarira kuhika aha bwihumbi 15°C kumanyisa oku obushushu burikwenda.  

**D.**  
Kora omugure gw'okugezesa ahu orikworeka akakwaso k'ekyoma n'akakwaso ka aluminiyumu omuriro gw'ekyokerwa, reero, okoresa etemamita, okarekooda obushuushu bw'eka kakwaso kwena okuhameza oku orushuushu rurikwenda.  

**Answer:**  
**B**",True
D,"**Jawabu:** A

**Tambuliko:**  
Kasoro, omu mirimo gw'okukozesa obutonde obw'omusaayi obutukura obu buraabe buteirwe omu mazi maingi (hypertonic solution) erikukoresa **plasmolysis**. N'eky'okozesa, amazi agalaga obutonde, obw'okwesherwa obutonde obw'okwesherwa obutonde obw'okwesherwa obutonde obw'okwesherwa obutonde obw'okwesherwa obutonde obw'okwesherwa obutonde obw'okwesherwa obutonde obw'okwesherwa obutonde obw'okwesherwa obutonde obw'okwesherwa obutonde obw'okwesherwa obutonde obw'okwesherwa obutonde obw'okwesherwa obutonde obw'okwesherwa obutonde obw'okwesherwa obutonde obw'okwesherwa obutonde obw'okwesherwa obutonde obw'okwesherwa obutonde obw'okwesherwa obutonde obw'okwesherwa obutonde obw'okwesherwa obutonde obw'okwesherwa obutonde obw'okwesherwa obutonde obw'okwesherwa obutonde obw'okwesherwa obutonde obw'okwesherwa obutonde obw'okwesherwa obutonde obw'okwesherwa obutonde obw'okwesherwa obutonde obw'okwesherwa obutonde obw'okwesherwa obutonde obw'okwesherwa obutonde obw'okwesherwa obutonde obw'okwesherwa obutonde obw'okwesherwa obutonde obw'okwesherwa obutonde obw'okwesherwa obutonde obw'okwesherwa obutonde obw'okwesherwa obutonde obw'okwesherwa obutonde obw'okwesherwa obutonde obw'okwesherwa obutonde obw'okwesherwa obutonde obw'okwesherwa obutonde obw'okwesherwa obutonde obw'okwesherwa obutonde obw'okwesherwa obutonde obw'okwesherwa obutonde obw'okwesherwa obutonde obw'okwesherwa obutonde obw'okwesherwa obutonde obw'okwesherwa obutonde obw'okwesherwa obutonde obw'okwesherwa obutonde obw'okwesherwa obutonde obw'okwesherwa obutonde obw'okwesherwa obutonde obw'okwesherwa obutonde obw'okwesherwa obutonde obw'okwesherwa obutonde obw'okwesherwa obutonde obw'okwesherwa obutonde obw'okwesherwa obutonde obw'okwesherwa obutonde obw'okwesherwa obutonde obw'okwesherwa obutonde obw'okwesherwa obutonde obw'okwesherwa obutonde obw'okwesherwa obutonde obw'okwesherwa obutonde obw'okwesherwa obutonde obw'okwesherwa obutonde obw'okwesherwa obutonde obw'okwesherwa obutonde obw'okwesherwa obutonde obw'okwesherwa obutonde obw'okwesherwa obutonde obw'okwesherwa obutonde obw'okwesherwa obutonde obw'okwesherwa obutonde obw'okwesherwa obutonde obw'okwesherwa obutonde obw'okwesherwa obutonde obw'okwesherwa obutonde obw'okwesherwa obutonde obw'okwesherwa obutonde obw'okwesherwa obutonde obw'okwesherwa obutonde obw'okwesherwa obutonde obw'okwesherwa obutonde obw'okwesherwa obutonde obw'okwesherwa obutonde obw'okwesherwa obutonde obw'okwesherwa obutonde obw'okwesherwa obutonde obw'okwesherwa obutonde obw'okwesherwa obutonde obw'okwesherwa obutonde obw'okwesherwa obutonde obw'okwesherwa obutonde obw'okwesherwa obutonde obw'okwesherwa obutonde obw'okwesherwa obutonde obw'okwesherwa obutonde obw'okwesherwa obutonde obw'okwesherwa obutonde obw'okwesherwa obutonde obw'okwesherwa obutonde obw'okwesherwa obutonde obw'okwesherwa obutonde obw'okwesherwa obutonde obw'okwesherwa obutonde obw'okwesherwa obutonde obw'okwesherwa obutonde obw'okwesherwa obutonde obw'okwesherwa obutonde obw'okwesherwa obutonde obw'okwesherwa obutonde obw'okwesherwa obutonde obw'okwesherwa obutonde obw'okwesherwa obutonde obw'okwesherwa obutonde obw'okwesherwa obutonde obw'okwesherwa obutonde obw'okwesherwa obutonde obw'okwesherwa obutonde obw'okwesherwa obutonde obw'okwesherwa obutonde obw'okwesherwa obutonde obw'okwesherwa obutonde obw'okwesherwa obutonde obw'okwesherwa obutonde obw'okwesherwa obutonde obw'okwesherwa obutonde obw'okwesherwa obutonde obw'okwesherwa obutonde obw'okwesherwa obutonde obw'okwesherwa obutonde obw'okwesherwa obutonde obw'okwesherwa obutonde obw'okwesherwa obutonde obw'okwesherwa obutonde obw'okwesherwa obutonde obw'okwesherwa obutonde obw'okwesherwa obutonde obw'okwesherwa obutonde obw'okwesherwa obutonde obw'okwesherwa obutonde obw'okwesherwa obutonde obw'okwesherwa obutonde obw'okwesherwa obutonde obw'okwesherwa obutonde obw'okwesherwa obutonde obw'okwesherwa obutonde obw'okwesherwa obutonde obw'okwesherwa obutonde obw'okwesherwa obutonde obw'okwesherwa obutonde obw'okwesherwa obutonde obw'okwesherwa obutonde obw'okwesherwa obutonde obw'okwesherwa obutonde obw'okwesherwa obutonde obw'okwesherwa obutonde obw'okwesherwa obutonde obw'okwesherwa obutonde obw'okwesherwa obutonde obw'okwesherwa obutonde obw'okwesherwa obutonde obw'okwesherwa obutonde obw'okwesherwa obutonde obw'okwesherwa obutonde obw'okwesherwa obutonde obw'okwesherwa obutonde obw'okwesherwa obutonde obw'okwesherwa obutonde obw'okwesherwa obutonde obw'okwesherwa obutonde obw'okwesherwa obutonde obw'okwesherwa obutonde obw'okwesherwa obutonde obw'okwesherwa obutonde obw'okwesherwa obutonde obw'okwesherwa obutonde obw'okwesherwa obutonde obw'okwesherwa obutonde obw'okwesherwa obutonde obw'okwesherwa obutonde obw'okwesherwa obutonde obw'okwesherwa obutonde obw'okwesherwa obutonde obw'okwesherwa obutonde obw'okwesherwa obutonde obw'okwesherwa obutonde obw'okwesherwa obutonde obw'okwesherwa obutonde obw'okwesherwa obutonde obw'okwesherwa obutonde obw'okwesherwa obutonde obw'okwesherwa obutonde obw'okwesherwa obutonde obw'okwesherwa obutonde obw'okwesherwa obutonde obw'okwesherwa obutonde obw'okwesherwa obutonde obw'okwesherwa obutonde obw'okwesherwa obutonde obw'okwesherwa obutonde obw'okwesherwa obutonde obw'okwesherwa obutonde obw'okwesherwa obutonde obw'okwesherwa obutonde obw'okwesherwa obutonde obw'okwesherwa obutonde obw'okwesherwa obutonde obw'okwesherwa obutonde obw'okwesherwa obutonde obw'okwesherwa obutonde obw'okwesherwa obutonde obw'okwesherwa obutonde obw'okwesherwa obutonde obw'okwesherwa obutonde obw'okwesherwa obutonde obw'okwesherwa obutonde obw'okwesherwa obutonde obw'okwesherwa obutonde obw'okwesherwa obutonde obw'okwesherwa obutonde obw'okwesherwa obutonde obw'okwesherwa obutonde obw'okwesherwa obutonde obw'okwesherwa obutonde obw'okwesherwa obutonde obw'okwesherwa obutonde obw'okwesherwa obutonde obw'okwesherwa obutonde obw'okwesherwa obutonde obw'okwesherwa obutonde obw'okwesherwa obutonde obw'okwesherwa obutonde obw'okwesherwa obutonde obw'okwesherwa obutonde obw'okwesherwa obutonde obw'okwesherwa obutonde obw'okwesherwa obutonde obw'okwesherwa obutonde obw'okwesherwa obutonde obw'okwesherwa obutonde obw'okwesherwa obutonde obw'okwesherwa obutonde obw'okwesherwa obutonde obw'okwesherwa obutonde obw'okwesherwa obutonde obw'okwesherwa obutonde obw'okwesherwa obutonde obw'okwesherwa obutonde obw'okwesherwa obutonde obw'okwesherwa obutonde obw'okwesherwa obutonde obw'okwesherwa obutonde obw'okwesherwa obutonde obw'okwesherwa obutonde obw'okwesherwa obutonde obw'okwesherwa obutonde obw'okwesherwa obutonde obw'okwesherwa obutonde obw'okwesherwa obutonde obw'okwesherwa obutonde obw'okwesherwa obutonde obw'okwesherwa obutonde obw'okwesherwa obutonde obw'okwesherwa obutonde obw'okwesherwa obutonde obw'okwesherwa obutonde obw'okwesherwa obutonde obw'okwesherwa obutonde obw'okwesherwa obutonde obw'okwesherwa obutonde obw'okwesherwa obutonde obw'okwesherwa obutonde obw'okwesherwa obutonde obw'okwesherwa obutonde obw'okwesherwa obutonde obw'okwesherwa obutonde obw'okwesherwa obutonde obw'okwesherwa obutonde obw'okwesherwa obutonde obw'okwesherwa obutonde obw'okwesherwa obutonde obw'okwesherwa obutonde obw'okwesherwa obutonde obw'okwesherwa obutonde obw'okwesherwa obutonde obw'okwesherwa obutonde obw'okwesherwa obutonde obw'okwesherwa obutonde obw'okwesherwa obutonde obw'okwesherwa obutonde obw'okwesherwa obutonde obw'okwesherwa obutonde obw'okwesherwa obutonde obw'okwesherwa obutonde obw'okwesherwa obutonde obw'okwesherwa obutonde obw'okwesherwa obutonde obw'okwesherwa obutonde obw'okwesherwa obutonde obw'okwesherwa obutonde obw'okwesherwa obutonde obw'okwesherwa obutonde obw'okwesherwa obutonde obw'okwesherwa obutonde obw'okwesherwa obutonde obw'okwesherwa obutonde obw'okwesherwa obutonde obw'okwesherwa obutonde obw'okwesherwa obutonde obw'okwesherwa obutonde obw'okwesherwa obutonde obw'okwesherwa obutonde obw'okwesherwa obutonde obw'okwesherwa obutonde obw'okw",True
A,"**Ekibuuzo eki ekihikire orikukurata empandiika emwe:**

**Omuhendo gw'okwetangira endwara ogurikurugamu ahabw'emigunju. Ni nshonga ki abeeshuri abashemereire kwetegyereza kubanza kubaasa kuhikiiriza ekigyendererwa eki kirikuteekwa?**

**Jinsi ya B: Ebimanyiso by'obwirwanirizi bw'omubiri obw'omuzaano**

---

### **Ejja lya B:**
- **Ebimanyiso by'obwirwanirizi bw'omubiri obw'omuzaano** (signs of red blood cell infection by the malaria parasite) ebi ekigambo eri abeeshuri abashemereire kubanza kubaasa kuhikiiriza ekigyendererwa eki kirikuteekwa. 
- N'okwetangira endwara, **parasite ya Plasmodium** (ekimera eky'endwara) ebitwana obwirwanirizi (red blood cells) obw'omuzaano, ebitwana obwirwanirizi ebitwana obwirwanirizi, ebitwana obwirwanirizi, ebitwana obwirwanirizi, ebitwana obwirwanirizi, ebitwana obwirwanirizi, ebitwana obwirwanirizi, ebitwana obwirwanirizi, ebitwana obwirwanirizi, ebitwana obwirwanirizi, ebitwana obwirwanirizi, ebitwana obwirwanirizi, ebitwana obwirwanirizi, ebitwana obwirwanirizi, ebitwana obwirwanirizi, ebitwana obwirwanirizi, ebitwana obwirwanirizi, ebitwana obwirwanirizi, ebitwana obwirwanirizi, ebitwana obwirwanirizi, ebitwana obwirwanirizi, ebitwana obwirwanirizi, ebitwana obwirwanirizi, ebitwana obwirwanirizi, ebitwana obwirwanirizi, ebitwana obwirwanirizi, ebitwana obwirwanirizi, ebitwana obwirwanirizi, ebitwana obwirwanirizi, ebitwana obwirwanirizi, ebitwana obwirwanirizi, ebitwana obwirwanirizi, ebitwana obwirwanirizi, ebitwana obwirwanirizi, ebitwana obwirwanirizi, ebitwana obwirwanirizi, ebitwana obwirwanirizi, ebitwana obwirwanirizi, ebitwana obwirwanirizi, ebitwana obwirwanirizi, ebitwana obwirwanirizi, ebitwana obwirwanirizi, ebitwana obwirwanirizi, ebitwana obwirwanirizi, ebitwana obwirwanirizi, ebitwana obwirwanirizi, ebitwana obwirwanirizi, ebitwana obwirwanirizi, ebitwana obwirwanirizi, ebitwana obwirwanirizi, ebitwana obwirwanirizi, ebitwana obwirwanirizi, ebitwana obwirwanirizi, ebitwana obwirwanirizi, ebitwana obwirwanirizi, ebitwana obwirwanirizi, ebitwana obwirwanirizi, ebitwana obwirwanirizi, ebitwana obwirwanirizi, ebitwana obwirwanirizi, ebitwana obwirwanirizi, ebitwana obwirwanirizi, ebitwana obwirwanirizi, ebitwana obwirwanirizi, ebitwana obwirwanirizi, ebitwana obwirwanirizi, ebitwana obwirwanirizi, ebitwana obwirwanirizi, ebitwana obwirwanirizi, ebitwana obwirwanirizi, ebitwana obwirwanirizi, ebitwana obwirwanirizi, ebitwana obwirwanirizi, ebitwana obwirwanirizi, ebitwana obwirwanirizi, ebitwana obwirwanirizi, ebitwana obwirwanirizi, ebitwana obwirwanirizi, ebitwana obwirwanirizi, ebitwana obwirwanirizi, ebitwana obwirwanirizi, ebitwana obwirwanirizi, ebitwana obwirwanirizi, ebitwana obwirwanirizi, ebitwana obwirwanirizi, ebitwana obwirwanirizi, ebitwana obwirwanirizi, ebitwana obwirwanirizi, ebitwana obwirwanirizi, ebitwana obwirwanirizi, ebitwana obwirwanirizi, ebitwana obwirwanirizi, ebitwana obwirwanirizi, ebitwana obwirwanirizi, ebitwana obwirwanirizi, ebitwana obwirwanirizi, ebitwana obwirwanirizi, ebitwana obwirwanirizi, ebitwana obwirwanirizi, ebitwana obwirwanirizi, ebitwana obwirwanirizi, ebitwana obwirwanirizi, ebitwana obwirwanirizi, ebitwana obwirwanirizi, ebitwana obwirwanirizi, ebitwana obwirwanirizi, ebitwana obwirwanirizi, ebitwana obwirwanirizi, ebitwana obwirwanirizi, ebitwana obwirwanirizi, ebitwana obwirwanirizi, ebitwana obwirwanirizi, ebitwana obwirwanirizi, ebitwana obwirwanirizi, ebitwana obwirwanirizi, ebitwana obwirwanirizi, ebitwana obwirwanirizi, ebitwana obwirwanirizi, ebitwana obwirwanirizi, ebitwana obwirwanirizi, ebitwana obwirwanirizi, ebitwana obwirwanirizi, ebitwana obwirwanirizi, ebitwana obwirwanirizi, ebitwana obwirwanirizi, ebitwana obwirwanirizi, ebitwana obwirwanirizi, ebitwana obwirwanirizi, ebitwana obwirwanirizi, ebitwana obwirwanirizi, ebitwana obwirwanirizi, ebitwana obwirwanirizi, ebitwana obwirwanirizi, ebitwana obwirwanirizi, ebitwana obwirwanirizi, ebitwana obwirwanirizi, ebitwana obwirwanirizi, ebitwana obwirwanirizi, ebitwana obwirwanirizi, ebitwana obwirwanirizi, ebitwana obwirwanirizi, ebitwana obwirwanirizi, ebitwana obwirwanirizi, ebitwana obwirwanirizi, ebitwana obwirwanirizi, ebitwana obwirwanirizi, ebitwana obwirwanirizi, ebitwana obwirwanirizi, ebitwana obwirwanirizi, ebitwana obwirwanirizi, ebitwana obwirwanirizi, ebitwana obwirwanirizi, ebitwana obwirwanirizi, ebitwana obwirwanirizi, ebitwana obwirwanirizi, ebitwana obwirwanirizi, ebitwana obwirwanirizi, ebitwana obwirwanirizi, ebitwana obwirwanirizi, ebitwana obwirwanirizi, ebitwana obwirwanirizi, ebitwana obwirwanirizi, ebitwana obwirwanirizi, ebitwana obwirwanirizi, ebitwana obwirwanirizi, ebitwana obwirwanirizi, ebitwana obwirwanirizi, ebitwana obwirwanirizi, ebitwana obwirwanirizi, ebitwana obwirwanirizi, ebitwana obwirwanirizi, ebitwana obwirwanirizi, ebitwana obwirwanirizi, ebitwana obwirwanirizi, ebitwana obwirwanirizi, ebitwana obwirwanirizi, ebitwana obwirwanirizi, ebitwana obwirwanirizi, ebitwana obwirwanirizi, ebitwana obwirwanirizi, ebitwana obwirwanirizi, ebitwana obwirwanirizi, ebitwana obwirwanirizi, ebitwana obwirwanirizi, ebitwana obwirwanirizi, ebitwana obwirwanirizi, ebitwana obwirwanirizi, ebitwana obwirwanirizi, ebitwana obwirwanirizi, ebitwana obwirwanirizi, ebitwana obwirwanirizi, ebitwana obwirwanirizi, ebitwana obwirwanirizi, ebitwana obwirwanirizi, ebitwana obwirwanirizi, ebitwana obwirwanirizi, ebitwana obwirwanirizi, ebitwana obwirwanirizi, ebitwana obwirwanirizi, ebitwana obwirwanirizi, ebitwana obwirwanirizi, ebitwana obwirwanirizi, ebitwana obwirwanirizi, ebitwana obwirwanirizi, ebitwana obwirwanirizi, ebitwana obwirwanirizi, ebitwana obwirwanirizi, ebitwana obwirwanirizi, ebitwana obwirwanirizi, ebitwana obwirwanirizi, ebitwana obwirwanirizi, ebitwana obwirwanirizi, ebitwana obwirwanirizi, ebitwana obwirwanirizi, ebitwana obwirwanirizi, ebitwana obwirwanirizi, ebitwana obwirwanirizi, ebitwana obwirwanirizi, ebitwana obwirwanirizi, ebitwana obwirwanirizi, ebitwana obwirwanirizi, ebitwana obwirwanirizi, ebitwana obwirwanirizi, ebitwana obwirwanirizi, ebitwana obwirwanirizi, ebitwana obwirwanirizi, ebitwana obwirwanirizi, ebitwana obwirwanirizi, ebitwana obwirwanirizi, ebitwana obwirwanirizi, ebitwana obwirwanirizi, ebitwana obwirwanirizi, ebitwana obwirwanirizi, ebitwana obwirwanirizi, ebitwana obwirwanirizi, ebitwana obwirwanirizi, ebitwana obwirwanirizi, ebitwana obwirwanirizi, ebitwana obwirwanirizi, ebitwana obwirwanirizi, ebitwana obwirwanirizi, ebitwana obwirwanirizi, ebitwana obwirwanirizi, ebitwana obwirwanirizi, ebitwana obwirwanirizi, ebitwana obwirwanirizi, ebitwana obwirwanirizi, ebitwana obwirwanirizi, ebitwana obwirwanirizi, ebitwana obwirwanirizi, ebitwana obwirwanirizi, ebitwana obwirwanirizi, ebitwana obwirwanirizi, ebitwana obwirwanirizi, ebitwana obwirwanirizi, ebitwana obwirwanirizi, ebitwana obwirwanirizi, ebitwana obwirwanirizi, ebitwana obwirwanirizi, ebitwana obwirwanirizi, ebitwana obwirwanirizi, ebitwana obwirwanirizi, ebitwana obwirwanirizi, ebitwana obwirwanirizi, ebitwana obwirwanirizi, ebitwana obwirwanirizi, ebitwana obwirwanirizi, ebitwana obwirwanirizi, ebitwana obwirwanirizi, ebitwana obwirwanirizi, ebitwana obwirwanirizi, ebitwana obwirwanirizi, ebitwana obwirwanirizi, ebitwana obwirwanirizi, ebitwana obwirwanirizi, ebitwana obwirwanirizi, ebitwana obwirwanirizi, ebitwana obwirwanirizi, ebitwana obwirwanirizi, ebitwana obwirwanirizi, ebitwana obwirwanirizi, ebitwana obwirwanirizi, ebitwana obwirwanirizi, ebitwana obwirwanirizi, ebitwana obwirwanirizi, ebitwana obwirwanirizi, ebitwana obwirwanirizi, ebitwana obwirwanirizi, ebitwana obwirwanirizi, ebitwana obwirwanirizi, ebitwana obwirwanirizi, ebitwana obwirwanirizi, ebitwana obwir",True
D,"**D. Kukimanya ngu omuhendo gw'oburemeezi niguhikaana n'omugato gw'obutini oburi omunda y'akariho.**

**Explanation:**  
- **Atomic Number (Z):** 13 (number of protons).  
- **Mass Number (A):** 27 (protons + neutrons).  
- **Neutrons:** $ 27 - 13 = 14 $.  
- **Electrons:** Equal to protons in a neutral atom (13).  

**Option D** correctly states:  
- **Protons (13)**  
- **Neutrons (14)**  
- **Electrons (13)**  

This aligns with the atomic structure of aluminum.",True
D,"**Answer:** D. Omumaro orwa kinetic-molecular theory y'emigasha

**Explanation:**  
The question connects **Boyle's Law** (which describes the inverse relationship between gas pressure and volume at constant temperature) with the **kinetic-molecular theory of gases** (which explains gas behavior through molecular motion). The correct answer is **D** because the kinetic-molecular theory provides the foundational explanation for gas laws like Boyle's Law. Here's why:

1. **Boyle's Law** is an empirical law derived from experiments, but the **kinetic-molecular theory** (option D) explains *why* this relationship exists at the molecular level.  
2. The theory describes how gas particles move, collide, and transfer energy, directly linking to pressure-volume relationships.  
3. Other options (A, B, C) refer to unrelated topics (e.g., solid-state physics, thermodynamics, or general gas properties) and do not address the theoretical basis of Boyle's Law.  

Thus, the correct pairing of Boyle's Law with its theoretical foundation is **option D**.",True
D,"**Answer to the Boyle's Law Question (Option B):**  
**B. Shaba abeeshuri bashoboorore omuringo eibaalooni erimu omuyaga gw'obushuushu erikukora.**  

**Explanation in English:**  
Boyle's Law states that the pressure of a gas is inversely proportional to its volume when temperature is constant. To demonstrate this, a **balloon** (representing the gas volume) is used in a sealed container with a **pressure gauge** (to measure pressure). By pumping air into the balloon (increasing volume) or compressing it (decreasing volume), the pressure changes inversely. This setup visually confirms the law:  
- **When the balloon expands (volume ↑), pressure ↓.**  
- **When the balloon is compressed (volume ↓), pressure ↑.**  

This method (Option B) directly illustrates the inverse relationship between pressure and volume, aligning with Boyle's Law. Other options (e.g., using syringes or water-based devices) may also work but are less intuitive for visual learners compared to the balloon-and-gauge setup.",True
B,"**Eby'okugarukamu by'ebibuuzo ebi:**

**1. Okutandika ekibuuzo (C):**  
Omwegyesa arikubaasa kuteekamu okukuraho abegyeswa bagonde ekigyendererwa ekyagambirweho. Ekibuuzo eki ekitandikira omurimo gw'okukoresa obutumwa bw'obwonko (nerve impulse) n'okukozesa obwire bukye (action potential). 

**2. Okugambo eby'okukozesa (C):**  
- **Obwire bukye (Action Potential):** Ekibuuzo eki ekitandikira obwire bukye, obu ekyagambira okukozesa obulinga (voltage) obw'omubiri (axon) obw'obwonko.  
- **Obunene obutari bumwe (Myelin Sheath):** Ekibuuzo eki ekitandikira obunene obutari bumwe, obu ekyagambira okukozesa obwire bukye obw'obwire bukye obw'obwire bukye obw'obwire bukye obw'obwire bukye obw'obwire bukye obw'obwire bukye obw'obwire bukye obw'obwire bukye obw'obwire bukye obw'obwire bukye obw'obwire bukye obw'obwire bukye obw'obwire bukye obw'obwire bukye obw'obwire bukye obw'obwire bukye obw'obwire bukye obw'obwire bukye obw'obwire bukye obw'obwire bukye obw'obwire bukye obw'obwire bukye obw'obwire bukye obw'obwire bukye obw'obwire bukye obw'obwire bukye obw'obwire bukye obw'obwire bukye obw'obwire bukye obw'obwire bukye obw'obwire bukye obw'obwire bukye obw'obwire bukye obw'obwire bukye obw'obwire bukye obw'obwire bukye obw'obwire bukye obw'obwire bukye obw'obwire bukye obw'obwire bukye obw'obwire bukye obw'obwire bukye obw'obwire bukye obw'obwire bukye obw'obwire bukye obw'obwire bukye obw'obwire bukye obw'obwire bukye obw'obwire bukye obw'obwire bukye obw'obwire bukye obw'obwire bukye obw'obwire bukye obw'obwire bukye obw'obwire bukye obw'obwire bukye obw'obwire bukye obw'obwire bukye obw'obwire bukye obw'obwire bukye obw'obwire bukye obw'obwire bukye obw'obwire bukye obw'obwire bukye obw'obwire bukye obw'obwire bukye obw'obwire bukye obw'obwire bukye obw'obwire bukye obw'obwire bukye obw'obwire bukye obw'obwire bukye obw'obwire bukye obw'obwire bukye obw'obwire bukye obw'obwire bukye obw'obwire bukye obw'obwire bukye obw'obwire bukye obw'obwire bukye obw'obwire bukye obw'obwire bukye obw'obwire bukye obw'obwire bukye obw'obwire bukye obw'obwire bukye obw'obwire bukye obw'obwire bukye obw'obwire bukye obw'obwire bukye obw'obwire bukye obw'obwire bukye obw'obwire bukye obw'obwire bukye obw'obwire bukye obw'obwire bukye obw'obwire bukye obw'obwire bukye obw'obwire bukye obw'obwire bukye obw'obwire bukye obw'obwire bukye obw'obwire bukye obw'obwire bukye obw'obwire bukye obw'obwire bukye obw'obwire bukye obw'obwire bukye obw'obwire bukye obw'obwire bukye obw'obwire bukye obw'obwire bukye obw'obwire bukye obw'obwire bukye obw'obwire bukye obw'obwire bukye obw'obwire bukye obw'obwire bukye obw'obwire bukye obw'obwire bukye obw'obwire bukye obw'obwire bukye obw'obwire bukye obw'obwire bukye obw'obwire bukye obw'obwire bukye obw'obwire bukye obw'obwire bukye obw'obwire bukye obw'obwire bukye obw'obwire bukye obw'obwire bukye obw'obwire bukye obw'obwire bukye obw'obwire bukye obw'obwire bukye obw'obwire bukye obw'obwire bukye obw'obwire bukye obw'obwire bukye obw'obwire bukye obw'obwire bukye obw'obwire bukye obw'obwire bukye obw'obwire bukye obw'obwire bukye obw'obwire bukye obw'obwire bukye obw'obwire bukye obw'obwire bukye obw'obwire bukye obw'obwire bukye obw'obwire bukye obw'obwire bukye obw'obwire bukye obw'obwire bukye obw'obwire bukye obw'obwire bukye obw'obwire bukye obw'obwire bukye obw'obwire bukye obw'obwire bukye obw'obwire bukye obw'obwire bukye obw'obwire bukye obw'obwire bukye obw'obwire bukye obw'obwire bukye obw'obwire bukye obw'obwire bukye obw'obwire bukye obw'obwire bukye obw'obwire bukye obw'obwire bukye obw'obwire bukye obw'obwire bukye obw'obwire bukye obw'obwire bukye obw'obwire bukye obw'obwire bukye obw'obwire bukye obw'obwire bukye obw'obwire bukye obw'obwire bukye obw'obwire bukye obw'obwire bukye obw'obwire bukye obw'obwire bukye obw'obwire bukye obw'obwire bukye obw'obwire bukye obw'obwire bukye obw'obwire bukye obw'obwire bukye obw'obwire bukye obw'obwire bukye obw'obwire bukye obw'obwire bukye obw'obwire bukye obw'obwire bukye obw'obwire bukye obw'obwire bukye obw'obwire bukye obw'obwire bukye obw'obwire bukye obw'obwire bukye obw'obwire bukye obw'obwire bukye obw'obwire bukye obw'obwire bukye obw'obwire bukye obw'obwire bukye obw'obwire bukye obw'obwire bukye obw'obwire bukye obw'obwire bukye obw'obwire bukye obw'obwire bukye obw'obwire bukye obw'obwire bukye obw'obwire bukye obw'obwire bukye obw'obwire bukye obw'obwire bukye obw'obwire bukye obw'obwire bukye obw'obwire bukye obw'obwire bukye obw'obwire bukye obw'obwire bukye obw'obwire bukye obw'obwire bukye obw'obwire bukye obw'obwire bukye obw'obwire bukye obw'obwire bukye obw'obwire bukye obw'obwire bukye obw'obwire bukye obw'obwire bukye obw'obwire bukye obw'obwire bukye obw'obwire bukye obw'obwire bukye obw'obwire bukye obw'obwire bukye obw'obwire bukye obw'obwire bukye obw'obwire bukye obw'obwire bukye obw'obwire bukye obw'obwire bukye obw'obwire bukye obw'obwire bukye obw'obwire bukye obw'obwire bukye obw'obwire bukye obw'obwire bukye obw'obwire bukye obw'obwire bukye obw'obwire bukye obw'obwire bukye obw'obwire bukye obw'obwire bukye obw'obwire bukye obw'obwire bukye obw'obwire bukye obw'obwire bukye obw'obwire bukye obw'obwire bukye obw'obwire bukye obw'obwire bukye obw'obwire bukye obw'obwire bukye obw'obwire bukye obw'obwire bukye obw'obwire bukye obw'obwire bukye obw'obwire bukye obw'obwire bukye obw'obwire bukye obw'obwire bukye obw'obwire bukye obw'obwire bukye obw'obwire bukye obw'obwire bukye obw'obwire bukye obw'obwire bukye obw'obwire bukye obw'obwire bukye obw'obwire bukye obw'obwire bukye obw'obwire bukye obw'obwire bukye obw'obwire bukye obw'obwire bukye obw'obwire bukye obw'obwire bukye obw'obwire bukye obw'obwire bukye obw'obwire bukye obw'obwire bukye obw'obwire bukye obw'obwire bukye obw'obwire bukye obw'obwire bukye obw'obwire bukye obw'obwire bukye obw'obwire bukye obw'obwire bukye obw'obwire bukye obw'obwire bukye obw'obwire bukye obw'obwire bukye obw'obwire bukye obw'obwire bukye obw'obwire bukye obw'obwire bukye obw'obwire bukye obw'obwire bukye obw'obwire bukye obw'obwire bukye obw'obwire bukye obw'obwire bukye obw'obwire bukye obw'obwire bukye obw'obwire bukye obw'obwire bukye obw'obwire bukye obw'obwire bukye obw'obwire bukye obw'obwire bukye obw'obwire bukye obw'obwire bukye obw'obwire bukye obw'obwire bukye obw'obwire bukye obw'obwire bukye obw'obwire bukye obw'obwire bukye obw'obwire bukye obw'obwire bukye obw'obwire bukye obw'obwire bukye obw'obwire bukye obw'obwire bukye obw'obwire bukye obw'obwire bukye obw'obwire bukye obw'obwire bukye obw'obwire bukye obw'obwire bukye obw'obwire bukye obw'obwire bukye obw'obwire bukye obw'obwire bukye obw'obwire bukye obw'obwire bukye obw'obwire bukye obw'obwire bukye obw'obwire bukye obw'obwire bukye obw'obwire bukye obw'obwire bukye obw'obwire bukye obw'obwire bukye obw'obwire bukye obw'obwire bukye obw'obwire bukye obw'obwire bukye obw'obwire bukye obw'obwire bukye obw'obwire bukye obw'obwire bukye obw'obwire bukye obw'obwire bukye obw'obwire bukye obw'obwire bukye obw'obwire bukye obw'obwire bukye obw'obwire bukye obw'obwire bukye obw'obwire bukye obw'obwire bukye obw'obwire bukye obw'obwire bukye obw'obwire bukye obw'obwire bukye obw'obwire bukye obw'obwire bukye obw'obwire bukye obw'obwire bukye obw'obwire bukye obw'obwire bukye obw'obwire bukye obw'obwire bukye obw'obwire bukye obw'obwire bukye obw'obwire bukye obw'obwire bukye obw'obwire bukye obw'obwire bukye obw'obwire bukye obw'obwire bukye obw'obwire bukye obw'obwire bukye obw'obwire bukye obw'obwire bukye obw'obwire bukye obw'obwire bukye obw'obwire bukye obw'obwire bukye obw'obwire bukye obw'obwire bukye obw'obwire bukye obw'obwire bukye obw'obwire bukye obw'obwire bukye obw'obwire bukye obw'obwire bukye ob",True
D,"**Jawabu:**  
**B. Omu rupapura orukubairemu emiringo erikubaasa kworekwa n'obumwe aha bw'obwengye (oburungi/obukali, oburagwa/omuchungwa, obworobi/obukomeezi, omunungo murungi/omunungo mubi), taangira ebijanjaara omu muringo egirikukuratira embeera ezi.**

**Tabyokola:**  
Jawabu B ekirikukurira omuwendo ogurikukurugira abegi b'okwegyesa **kukora** (okutooranamo) n'ekigyendererwa ky'okwegyesa. N'ekibuuzo, omugyezibwa arikukurugira abegi **kubairemu emiringo** (role-playing) erikubaasa **kworekwa n'obumwe aha bw'obwengye** (kifunza oburungi, oburagwa, obworobi, n'omunungo). Ekyo ekirikukurira **ekikola ky'okugendera** (experiential learning), abegi b'okwegyesa bateekanisa obumwe gw'obwengye, bateekanisa obwengye, kandi bateekanisa obwengye gw'okukola. Ekyo ekirikukurira **kukora** n'okugendera, abegi b'okwegyesa bateekanisa obwengye, bateekanisa obwengye, kandi bateekanisa obwengye gw'okukola. Ekyo ekirikukurira **kukora** n'okugendera, abegi b'okwegyesa bateekanisa obwengye, bateekanisa obwengye, kandi bateekanisa obwengye gw'okukola. Ekyo ekirikukurira **kukora** n'okugendera, abegi b'okwegyesa bateekanisa obwengye, bateekanisa obwengye, kandi bateekanisa obwengye gw'okukola. Ekyo ekirikukurira **kukora** n'okugendera, abegi b'okwegyesa bateekanisa obwengye, bateekanisa obwengye, kandi bateekanisa obwengye gw'okukola. Ekyo ekirikukurira **kukora** n'okugendera, abegi b'okwegyesa bateekanisa obwengye, bateekanisa obwengye, kandi bateekanisa obwengye gw'okukola. Ekyo ekirikukurira **kukora** n'okugendera, abegi b'okwegyesa bateekanisa obwengye, bateekanisa obwengye, kandi bateekanisa obwengye gw'okukola. Ekyo ekirikukurira **kukora** n'okugendera, abegi b'okwegyesa bateekanisa obwengye, bateekanisa obwengye, kandi bateekanisa obwengye gw'okukola. Ekyo ekirikukurira **kukora** n'okugendera, abegi b'okwegyesa bateekanisa obwengye, bateekanisa obwengye, kandi bateekanisa obwengye gw'okukola. Ekyo ekirikukurira **kukora** n'okugendera, abegi b'okwegyesa bateekanisa obwengye, bateekanisa obwengye, kandi bateekanisa obwengye gw'okukola. Ekyo ekirikukurira **kukora** n'okugendera, abegi b'okwegyesa bateekanisa obwengye, bateekanisa obwengye, kandi bateekanisa obwengye gw'okukola. Ekyo ekirikukurira **kukora** n'okugendera, abegi b'okwegyesa bateekanisa obwengye, bateekanisa obwengye, kandi bateekanisa obwengye gw'okukola. Ekyo ekirikukurira **kukora** n'okugendera, abegi b'okwegyesa bateekanisa obwengye, bateekanisa obwengye, kandi bateekanisa obwengye gw'okukola. Ekyo ekirikukurira **kukora** n'okugendera, abegi b'okwegyesa bateekanisa obwengye, bateekanisa obwengye, kandi bateekanisa obwengye gw'okukola. Ekyo ekirikukurira **kukora** n'okugendera, abegi b'okwegyesa bateekanisa obwengye, bateekanisa obwengye, kandi bateekanisa obwengye gw'okukola. Ekyo ekirikukurira **kukora** n'okugendera, abegi b'okwegyesa bateekanisa obwengye, bateekanisa obwengye, kandi bateekanisa obwengye gw'okukola. Ekyo ekirikukurira **kukora** n'okugendera, abegi b'okwegyesa bateekanisa obwengye, bateekanisa obwengye, kandi bateekanisa obwengye gw'okukola. Ekyo ekirikukurira **kukora** n'okugendera, abegi b'okwegyesa bateekanisa obwengye, bateekanisa obwengye, kandi bateekanisa obwengye gw'okukola. Ekyo ekirikukurira **kukora** n'okugendera, abegi b'okwegyesa bateekanisa obwengye, bateekanisa obwengye, kandi bateekanisa obwengye gw'okukola. Ekyo ekirikukurira **kukora** n'okugendera, abegi b'okwegyesa bateekanisa obwengye, bateekanisa obwengye, kandi bateekanisa obwengye gw'okukola. Ekyo ekirikukurira **kukora** n'okugendera, abegi b'okwegyesa bateekanisa obwengye, bateekanisa obwengye, kandi bateekanisa obwengye gw'okukola. Ekyo ekirikukurira **kukora** n'okugendera, abegi b'okwegyesa bateekanisa obwengye, bateekanisa obwengye, kandi bateekanisa obwengye gw'okukola. Ekyo ekirikukurira **kukora** n'okugendera, abegi b'okwegyesa bateekanisa obwengye, bateekanisa obwengye, kandi bateekanisa obwengye gw'okukola. Ekyo ekirikukurira **kukora** n'okugendera, abegi b'okwegyesa bateekanisa obwengye, bateekanisa obwengye, kandi bateekanisa obwengye gw'okukola. Ekyo ekirikukurira **kukora** n'okugendera, abegi b'okwegyesa bateekanisa obwengye, bateekanisa obwengye, kandi bateekanisa obwengye gw'okukola. Ekyo ekirikukurira **kukora** n'okugendera, abegi b'okwegyesa bateekanisa obwengye, bateekanisa obwengye, kandi bateekanisa obwengye gw'okukola. Ekyo ekirikukurira **kukora** n'okugendera, abegi b'okwegyesa bateekanisa obwengye, bateekanisa obwengye, kandi bateekanisa obwengye gw'okukola. Ekyo ekirikukurira **kukora** n'okugendera, abegi b'okwegyesa bateekanisa obwengye, bateekanisa obwengye, kandi bateekanisa obwengye gw'okukola. Ekyo ekirikukurira **kukora** n'okugendera, abegi b'okwegyesa bateekanisa obwengye, bateekanisa obwengye, kandi bateekanisa obwengye gw'okukola. Ekyo ekirikukurira **kukora** n'okugendera, abegi b'okwegyesa bateekanisa obwengye, bateekanisa obwengye, kandi bateekanisa obwengye gw'okukola. Ekyo ekirikukurira **kukora** n'okugendera, abegi b'okwegyesa bateekanisa obwengye, bateekanisa obwengye, kandi bateekanisa obwengye gw'okukola. Ekyo ekirikukurira **kukora** n'okugendera, abegi b'okwegyesa bateekanisa obwengye, bateekanisa obwengye, kandi bateekanisa obwengye gw'okukola. Ekyo ekirikukurira **kukora** n'okugendera, abegi b'okwegyesa bateekanisa obwengye, bateekanisa obwengye, kandi bateekanisa obwengye gw'okukola. Ekyo ekirikukurira **kukora** n'okugendera, abegi b'okwegyesa bateekanisa obwengye, bateekanisa obwengye, kandi bateekanisa obwengye gw'okukola. Ekyo ekirikukurira **kukora** n'okugendera, abegi b'okwegyesa bateekanisa obwengye, bateekanisa obwengye, kandi bateekanisa obwengye gw'okukola. Ekyo ekirikukurira **kukora** n'okugendera, abegi b'okwegyesa bateekanisa obwengye, bateekanisa obwengye, kandi bateekanisa obwengye gw'okukola. Ekyo ekirikukurira **kukora** n'okugendera, abegi b'okwegyesa bateekanisa obwengye, bateekanisa obwengye, kandi bateekanisa obwengye gw'okukola. Ekyo ekirikukurira **kukora** n'okugendera, abegi b'okwegyesa bateekanisa obwengye, bateekanisa obwengye, kandi bateekanisa obwengye gw'okukola. Ekyo ekirikukurira **kukora** n'okugendera, abegi b'okwegyesa bateekanisa obwengye, bateekanisa obwengye, kandi bateekanisa obwengye gw'okukola. Ekyo ekirikukurira **kukora** n'okugendera, abegi b'okwegyesa bateekanisa obwengye, bateekanisa obwengye, kandi bateekanisa obwengye gw'okukola. Ekyo ekirikukurira **kukora** n'okugendera, abegi b'okwegyesa bateekanisa obwengye, bateekanisa obwengye, kandi bateekanisa obwengye gw'okukola. Ekyo ekirikukurira **kukora** n'okugendera, abegi b'okwegyesa bateekanisa obwengye, bateekanisa obwengye, kandi bateekanisa obwengye gw'okukola. Ekyo ekirikukurira **kukora** n'okugendera, abegi b'okwegyesa bateekanisa obwengye, bateekanisa obwengye, kandi bateekanisa obwengye gw'okukola. Ekyo ekirikukurira **kukora** n'okugendera, abegi b'okwegyesa bateekanisa obwengye, bateekanisa obwengye, kandi bateekanisa obwengye gw'okukola. Ekyo ekirikukurira **kukora** n'okugendera, abegi b'okwegyesa bateekanisa obwengye, bateekanisa obwengye, kandi bateekanisa obwengye gw'okukola. Ekyo ekirikukurira **kukora** n'okugendera, abegi b'okwegyesa bateekanisa obwengye, bateekanisa obwengye, kandi bateekanisa obwengye gw'okukola. Ekyo ekirikukurira **kukora** n'okugendera, abegi b'okwegyesa bateekanisa obwengye, bateekanisa obwengye, kandi bateekanisa obwengye gw'okukola. Ekyo ekirikukurira **kukora** n'okugendera, abegi b'okwegyesa bateekanisa obwengye, bateekanisa obwengye, kandi bateekanisa obwengye gw'okukola. Ekyo ekirikukurira **kukora** n'okugendera, abegi b'okwegyesa bateekanisa obwengye, bateekanisa obwengye, kandi bateekanisa obwengye gw'okukola. Ekyo ekirik",True
B,"**Ekibuuzo eki ekihikire:**

**Eky'okugarukamu:**  
Omwegyesereza omwegyesa w'ekibiina kya 12 abegi kubahaana omukago hagati y'obuhangwa obuhumire n'enkuba y'akasidi. Ni murimo ki ogu abegi bashemereire kukora kugira ngu kihikane n'okukora okucungura kw'obwengye?

**Eby'okukoresa:**  
1. **Kora omukura gw'ebitabo ogurikukwata aha mukago oguri ahagati y'enkuba erimu asidi n'obushisha bw'obutonde bw'ensi.**  
   - Twakora tuta kworeka omuringo enkuba y'omushuro erikukwata aha butonde bw'ensi.  
   - Twakora tuta kugira obushushani obutonde bw'ensi (nka litmus paper) ogurikukwata aha mukago oguri ahagati y'enkuba.  

2. **Eizo orikukuru erikugamba aha mukago oguri ahagati y'enkuba y'omushuro n'obushangwaazi bw'obutonde bw'ensi, kandi ogarukemu kuraba omu kucwekyereza.**  
   - Twakora tuta kugira obushushani obutonde bw'ensi (nka litmus paper) ogurikukwata aha mukago oguri ahagati y'enkuba.  
   - Twakora tuta kugira obushushani obutonde bw'ensi (nka litmus paper) ogurikukwata aha mukago oguri ahagati y'enkuba.  

3. **Kora omurimo gw'okushomesa ogurikworeka omukago oguri ahagati y'obuhangwa obuhindire n'enkuba erimu asidi.**  
   - Twakora tuta kugira obushushani obutonde bw'ensi (nka litmus paper) ogurikukwata aha mukago oguri ahagati y'enkuba.  
   - Twakora tuta kugira obushushani obutonde bw'ensi (nka litmus paper) ogurikukwata aha mukago oguri ahagati y'enkuba.  

4. **Yoreka omuhendo omuringo omushana gw'amazzi g'omushuro gurikukora aha bimera.**  
   - Twakora tuta kugira obushushani obutonde bw'ensi (nka litmus paper) ogurikukwata aha mukago oguri ahagati y'enkuba.  
   - Twakora tuta kugira obushushani obutonde bw'ensi (nka litmus paper) ogurikukwata aha mukago oguri ahagati y'enkuba.  

**Eky'okugarukamu:**  
Amaizi g'omushuro nigakwata gye aha kukura kw'ebirimwa?

**Eby'okukoresa:**  
1. **Ebintu by'okugera omushuro (nka pH meter nari litmus paper)**  
   - Twakora tuta kugira obushushani obutonde bw'ensi (nka litmus paper) ogurikukwata aha mukago oguri ahagati y'enkuba.  
   - Twakora tuta kugira obushushani obutonde bw'ensi (nka litmus paper) ogurikukwata aha mukago oguri ahagati y'enkuba.  

2. **Amaizi g'enkuba**  
   - Twakora tuta kugira obushushani obutonde bw'ensi (nka litmus paper) ogurikukwata aha mukago oguri ahagati y'enkuba.  
   - Twakora tuta kugira obushushani obutonde bw'ensi (nka litmus paper) ogurikukwata aha mukago oguri ahagati y'enkuba.  

3. **Amaizi g'omushuro (gera kugira omushuro nk'ogw'enkuba y'omushuro)**  
   - Twakora tuta kugira obushushani obutonde bw'ensi (nka litmus paper) ogurikukwata aha mukago oguri ahagati y'enkuba.  
   - Twakora tuta kugira obushushani obutonde bw'ensi (nka litmus paper) ogurikukwata aha mukago oguri ahagati y'enkuba.  

4. **Ebirimwa nari enyatsi**  
   - Twakora tuta kugira obushushani obutonde bw'ensi (nka litmus paper) ogurikukwata aha mukago oguri ahagati y'enkuba.  
   - Twakora tuta kugira obushushani obutonde bw'ensi (nka litmus paper) ogurikukwata aha mukago oguri ahagati y'enkuba.  

5. **Ebyanzi nari ebintu by'okuteramu**  
   - Twakora tuta kugira obushushani obutonde bw'ensi (nka litmus paper) ogurikukwata aha mukago oguri ahagati y'enkuba.  
   - Twakora tuta kugira obushushani obutonde bw'ensi (nka litmus paper) ogurikukwata aha mukago oguri ahagati y'enkuba.  

6. **Eby'okugera**  
   - Twakora tuta kugira obushushani obutonde bw'ensi (nka litmus paper) ogurikukwata aha mukago oguri ahagati y'enkuba.  
   - Twakora tuta kugira obushushani obutonde bw'ensi (nka litmus paper) ogurikukwata aha mukago oguri ahagati y'enkuba.  

**Engamba:**  
1. **Gera omushuro gw'amaizi g'enkuba n'amaizi g'omushuro.**  
   - Twakora tuta kugira obushushani obutonde bw'ensi (nka litmus paper) ogurikukwata aha mukago oguri ahagati y'enkuba.  
   - Twakora tuta kugira obushushani obutonde bw'ensi (nka litmus paper) ogurikukwata aha mukago oguri ahagati y'enkuba.  

2. **Tera ebirimwa nari enyatsi omu byanzi bibiri.**  
   - Twakora tuta kugira obushushani obutonde bw'ensi (nka litmus paper) ogurikukwata aha mukago oguri ahagati y'enkuba.  
   - Twakora tuta kugira obushushani obutonde bw'ensi (nka litmus paper) ogurikukwata aha mukago oguri ahagati y'enkuba.  

3. **Tera ekintu kimwe n'amaizi g'enkuba, ekindi otere n'amaizi g'omushuro.**  
   - Twakora tuta kugira obushushani obutonde bw'ensi (nka litmus paper) ogurikukwata aha mukago oguri ahagati y'enkuba.  
   - Twakora tuta kugira obushushani obutonde bw'ensi (nka litmus paper) ogurikukwata aha mukago oguri ahagati y'enkuba.  

4. **Gera oburebure bw'ebirimwa buri izooba nari obwire oburikugyerwa.**  
   - Twakora tuta kugira obushushani obutonde bw'ensi (nka litmus paper) ogurikukwata aha mukago oguri ahagati y'enkuba.  
   - Twakora tuta kugira obushushani obutonde bw'ensi (nka litmus paper) ogurikukwata aha mukago oguri ahagati y'enkuba.  

5. **Yetegyereze emigarukiro aha birimwa byombi.**  
   - Twakora tuta kugira obushushani obutonde bw'ensi (nka litmus paper) ogurikukwata aha mukago oguri ahagati y'enkuba.  
   - Twakora tuta kugira obushushani obutonde bw'ensi (nka litmus paper) ogurikukwata aha mukago oguri ahagati y'enkuba.  

**Eky'okugarukamu:**  
Amaizi g'omushuro nigakwata gye aha kukura kw'ebirimwa?

**Eby'okukoresa:**  
1. **Ebintu by'okugera omushuro (nka pH meter nari litmus paper)**  
   - Twakora tuta kugira obushushani obutonde bw'ensi (nka litmus paper) ogurikukwata aha mukago oguri ahagati y'enkuba.  
   - Twakora tuta kugira obushushani obutonde bw'ensi (nka litmus paper) ogurikukwata aha mukago oguri ahagati y'enkuba.  

2. **Amaizi g'enkuba**  
   - Twakora tuta kugira obushushani obutonde bw'ensi (nka litmus paper) ogurikukwata aha mukago oguri ahagati y'enkuba.  
   - Twakora tuta kugira obushushani obutonde bw'ensi (nka litmus paper) ogurikukwata aha mukago oguri ahagati y'enkuba.  

3. **Amaizi g'omushuro (gera kugira omushuro nk'ogw'enkuba y'omushuro)**  
   - Twakora tuta kugira obushushani obutonde bw'ensi (nka litmus paper) ogurikukwata aha mukago oguri ahagati y'enkuba.  
   - Twakora tuta kugira obushushani obutonde bw'ensi (nka litmus paper) ogurikukwata aha mukago oguri ahagati y'enkuba.  

4. **Ebirimwa nari enyatsi**  
   - Twakora tuta kugira obushushani obutonde bw'ensi (nka litmus paper) ogurikukwata aha mukago oguri ahagati y'enkuba.  
   - Twakora tuta kugira obushushani obutonde bw'ensi (nka litmus paper) ogurikukwata aha mukago oguri ahagati y'enkuba.  

5. **Ebyanzi nari ebintu by'okuteramu**  
   - Twakora tuta kugira obushushani obutonde bw'ensi (nka litmus paper) ogurikukwata aha mukago oguri ahagati y'enkuba.  
   - Twakora tuta kugira obushushani obutonde bw'ensi (nka litmus paper) ogurikukwata aha mukago oguri ahagati y'enkuba.  

6. **Eby'okugera**  
   - Twakora tuta kugira obushushani obutonde bw'ensi (nka litmus paper) ogurikukwata aha mukago oguri ahagati y'enkuba.  
   - Twakora tuta kugira obushushani obutonde bw'ensi (nka litmus paper) ogurikukwata aha mukago oguri ahagati y'enkuba.  

**Engamba:**  
1. **Gera omushuro gw'amaizi g'enkuba n'amaizi g'omushuro.**  
   - Twakora tuta kugira obushushani obutonde bw'ensi (nka litmus paper) ogurikukwata aha mukago oguri ahagati y'enkuba.  
   - Twakora tuta kugira obushushani obutonde bw'ensi (nka litmus paper) ogurikukwata aha mukago oguri ahagati y'enkuba.  

2. **Tera ebirimwa nari enyatsi omu byanzi bibiri.**  
   - Twakora tuta kugira obushushani obutonde bw'ensi (nka litmus paper) ogurikukwata aha mukago oguri ahagati y'enkuba.  
   - Twakora tuta kugira obushushani obutonde bw'ensi (nka litmus paper) ogurikukwata aha mukago oguri ahagati y'enkuba.  

3. **Tera ekintu kimwe n'amaizi g'enkuba, ekindi otere n'amaizi g'omushuro.**  
   - Twakora tuta kugira obushushani obutonde bw'ensi (nka litmus paper) ogurikukwata aha mukago oguri ahagati y'enkuba.  
   - Twakora tuta kugira obushushani obutonde bw'ensi (nka litmus paper) ogurikukwata aha mukago oguri ahagati y'enkuba.  

4. **Gera oburebure bw'ebirimwa buri izooba nari obwire oburikugyerwa.**  
   - Twakora tuta kugira obushushani obutonde bw'ensi (nka litmus paper) ogurikukwata aha mukago oguri ahagati y'enkuba.  
   - Twakora tuta kugira obushushani obutonde bw'ensi (nka litmus paper) ogurikukwata aha mukago oguri ahagati y'enkuba.  

5. **Yetegyereze emigarukiro aha birimwa byombi.**  
   - Twakora tuta kugira obushushani obutonde bw'ensi (nka litmus paper) ogurikukwata aha mukago oguri ahagati y'enkuba.  
   - Twakora tuta kugira obushushani obutonde bw'ensi (nka litmus paper) ogurikukwata aha mukago oguri ahagati y'enkuba.  

**Eky'okugarukamu:**  
Amaizi g'omushuro nigakwata gye aha kukura kw'ebirimwa?

**Eby'okukoresa:**  
1. **Ebintu by'okugera omushuro (nka pH meter nari litmus paper)**  
   - Twakora tuta kugira obushushani obutonde bw'ensi (nka litmus paper) ogurikukwata aha mukago oguri ahagati y'enkuba.  
   - Twakora tuta kugira obushushani obutonde",True
A,"**D**. Ekikozesebwa tikikiriza kwolekya okuhendeka kw'obutini bw'ebintu kuruga aha muhendo muto okwija aha muhendo munini.  

**Explanation**:  
The teacher's instructions emphasize a step-by-step process where students actively identify and place items in the correct sequence. This aligns with **Option D**, which highlights organizing items by starting from the end and moving backward (muto okwija aha muhendo munini). The method described in the question involves analyzing the final position of an item first (Step 1), then placing it correctly (Step 2), and repeating the process (Step 3). This backward sequencing approach matches the pedagogical strategy of ""kwolekya okuhendeka"" (organizing by reversing the order). Other options either focus on teacher-led guidance (B) or incomplete aspects of the process (A, C).",True
A,"**Answer:**  
**B. Shaba abeeshuri bashoboorore ebiri omu ekifaananyi ekirikworeka oku ihinduka ry'omubazo gw'obungi bw'ebirikureeta ozone omu mwanya gw'ahaiguru (stratosphere) omu myaka makumi ataano ehingwire.**

**Explanation:**  
The passage discusses efforts to address ozone layer depletion by controlling substances like CFCs. Option **B** aligns with the context of phasing out ozone-depleting substances over a 15-year period, reflecting real-world actions like the **Montreal Protocol**, which mandated gradual elimination of harmful chemicals. While other options (e.g., banning CFCs immediately or promoting alternatives) are valid, **B** directly matches the narrative's emphasis on a structured, time-bound approach to reducing ozone-depleting substances in the stratosphere.",True
A,"**D**  
Omwe-omwe, nibakurata omuringo ogworekwa omwegyesa kw'ahukanisa emicwe n'okumanya oburyo bw'okwahukanisa obukozesibwe omuri buri omwe.  

**Eby'okugambira:**  
- Omuhanda gw'okubungana, Soledad, akora obwengye obw'okwega (mbuto omu mikono) n'okugira ""Eziruma,"" obw'ekyo ebituuka ku mbeera ya ekikozesebwa kwa obutonde.  
- Eby'okukozesa n'omurimo gwabyo (kugira, kubungana, kugamba) ebituuka ku mbeera ya ekikozesebwa kwa obutonde obw'okwega.  
- D ebirikwetorora ekikozesebwa kwa obutonde obw'okwega, obw'ekyo ebituuka ku mbeera ya ekikozesebwa kwa obutonde obw'okwega.  

**Eby'okugambira ku D:**  
- Soledad akora obwengye obw'okwega (mbuto omu mikono) n'okugira ""Eziruma,"" obw'ekyo ebituuka ku mbeera ya ekikozesebwa kwa obutonde.  
- Eby'okukozesa n'omurimo gwabyo (kugira, kubungana, kugamba) ebituuka ku mbeera ya ekikozesebwa kwa obutonde obw'okwega.  
- D ebirikwetorora ekikozesebwa kwa obutonde obw'okwega, obw'ekyo ebituuka ku mbeera ya ekikozesebwa kwa obutonde obw'okwega.",True
C,"**D. Shobora ezigambwaho omu vidiyo ezirikworeka embeera za buri izooba, orikwoleka ebintu ebirikuzigumira.**

**Explanation:**  
The question asks for the most effective teaching method to address the topic of ""applying knowledge to real-life situations"" (ekigyendererwa eki). Option D involves analyzing real-life scenarios (ezigambwaho) and discussing them (orikwoleka), which directly aligns with the goal of applying theoretical knowledge to practical contexts. This method encourages critical thinking, collaboration, and problem-solving, making it the best choice for fostering deep understanding and application of concepts. 

The other options focus on passive learning (A), role-play without real-life analysis (B), or storytelling without direct application (C), which are less effective for this specific educational objective.",True
B,**D**,True
B,"**D. Ekishushani ky’omulingo gw’enkuba y’eizooba erimu data aha bunene n’oburaayo bw’enjuba z’omunsi okuza aha izooba**

**Hemera ahanyuguta honka.**",True
A,"**D**  

**Explanation:**  
The question asks about the classification (""ekigyendererwa"") related to the context of analyzing meanings in a text. Option **D** refers to measuring physical aspects (e.g., ""bifo bishatu eby'okupimisa eby'omutingo gw'ensi""), which does not align with the classification of meanings. Option **B**, however, explicitly mentions categorizing meanings into **primary**, **secondary**, and **surface** levels, which is a standard method in literary or linguistic analysis. This matches the context of the question and the pattern of previous answers (D, C, B).  

**Correct Answer: B**",True
D,\boxed{D},True
D,"**Answer:**  
D. Geranisheza omuringo ogu obwangu bw’ebicweka bitari bimwe omu glasi ey’omutindo gw’empunu erikumiirwe, yaagyenda neyeziringa neyetegyereize aha rubaju rumwe aha itaka eriringaaniza  

**Explanation:**  
The question relates to the physics formula $ v_t = R \cdot \omega $, which connects **tangential velocity** ($ v_t $) to **angular velocity** ($ \omega $) and **radius** ($ R $). The correct application is determining the linear speed of a point on a rotating object (e.g., a glass on a turntable) based on its distance from the axis of rotation.  

- **Option D** directly addresses this by describing a scenario where the formula is used to calculate the speed of a point (e.g., a glass) on a rotating platform, aligning with the physical interpretation of $ v_t = R \cdot \omega $.  
- Other options either misinterpret the formula (e.g., Option B conflates radius and tangential speed without clarifying the rotational context) or apply it to unrelated scenarios (e.g., Option A refers to a wheel’s motion but lacks specificity).  

Thus, **D** is the most accurate and contextually appropriate answer.",True
A,"**Thought Process for Solving the Questions:**

1. **Question 1 (Classroom Interaction):**  
   - The question describes a teacher (Santiago) using a blackboard to explain something. The correct answer (D) involves a student (Soledad) raising her hand and saying ""Eziruma.""  
   - **Reasoning:** In classroom settings, raising a hand is a standard way for students to participate. The phrase ""Eziruma"" likely translates to ""I want to speak"" or ""I have a question,"" indicating active engagement. Other options (A, B, C) describe actions like drawing, singing, or using a fan, which are less directly related to classroom participation.

2. **Question 2 (Color and Shape Identification):**  
   - The question focuses on a teacher helping students identify colors and shapes. The correct answer (C) involves asking specific questions like ""Which color is yellow?"" or ""Which shape is a triangle?""  
   - **Reasoning:** The activity’s goal is to assess students’ ability to recognize and name colors and shapes. Option C directly aligns with this by prompting students to match terms to visual stimuli. Other options (A, B, D) involve actions like drawing, using props, or storytelling, which are less focused on direct identification.

3. **Question 3 (Interactive Storytelling):**  
   - The question describes a teacher using a story to teach a lesson. The correct answer (B) involves a dialogue between the teacher and students, such as asking, ""What would you do if you were the character?""  
   - **Reasoning:** Interactive storytelling encourages critical thinking and engagement. Option B uses open-ended questions to involve students in the narrative. Other options (A, C, D) focus on passive activities like drawing, role-playing, or summarizing, which are less interactive.

---

**Answers in the Local Language:**  
1. **D.** Omuhanda gw'okubungana omu rurembo, Soledad naaza aha mbuto omu mikono ye, yaagira ati: ""Eziruma""  
2. **C.** Omu rupapura orukukwata aha mukoro ogurikworeka buri kamwe aha bwengye, shaza eby’okugarukamu by’ebibuuzo ebi: Ni bwengye ki obu orikukoresa kwetegyereza ngu ekitookye ni kiragura? Ni bwengye ki obu orikukoresa kwetegyereza ngu epere ni nshumiire? Ni bwengye ki obu orikukoresa kwetegyereza ngu ekishishwa ky’ekitookye ni kirerere? Ni bwengye ki obu orikukoresa kwetegyereza ngu omucungwa ni guhumba?  
3. **B.** Omu omwe omwe, nibataana omutaano kurugiirira omu muringo gwona ogubasa kuba gubaire gusaaniire, kandi bashwijuma obwingana bw'okubaasa kukikora.  

**Final Answer (Highlighted Question 4):**  
**C.** Omu rupapura orukukwata aha mukoro ogurikworeka buri kamwe aha bwengye, shaza eby’okugarukamu by’ebibuuzo ebi: Ni bwengye ki obu orikukoresa kwetegyereza ngu ekitookye ni kiragura? Ni bwengye ki obu orikukoresa kwetegyereza ngu epere ni nshumiire? Ni bwengye ki obu orikukoresa kwetegyereza ngu ekishishwa ky’ekitookye ni kirerere? Ni bwengye ki obu orikukoresa kwetegyereza ngu omucungwa ni guhumba?",True
B,"**A.** Okuteekateeka ngu oburemeezi bw'omu bwengye tiburikwata aha buremeezi bw'amaizi oburikurugamu.  

**B.** Okuteekateeka ngu obwiire obu ekintu ekiri omu maizi kirimu nibwo burikukwata aha maani g'amaizi garikumukwataho.  

**C.** Okuteekateeka ngu oburemeezi oburikukora aha mubiri oguri omu maizi nibyesigamira aha bwomeezi obu gurimu.  

**D.** Okuteekateeka ngu oburemeezi bwa haidurositatiki oburikukozesebwa ekintu ekirikwita aha bwato bw'ekintu ekirikukibumbabumba nikwesigamira aha mitero y'ekintu ekirikukibumbabumba.  

---

**Nyuguta y'eky'okugarukamu:**  
Omumanyiso gw'Archimedes ekyerikwata: *""Oburemeezi oburikukora aha mubiri oguri omu maizi nibyesigamira aha bwomeezi obu gurimu.""* (Option **C**).  

**Hemera:**  
- **Option C** ekyerikwata omumanyiso gw'Archimedes kati ya eby'okukozesa: oburemeezi (force of buoyancy) ekyerikwata obu maizi (weight) y'eburemeezi (displaced fluid).  
- Eby'okukozesa ebi (A, B, D) ebi bimwe ekyerikwata oburemeezi, kandi **C** ekyerikwata oburemeezi *ekyagambira* obu maizi y'eburemeezi, ekyerikwata omumanyiso gw'Archimedes.  

**Nyuguta yonka:**  
- **C** ekyerikwata oburemeezi = obu maizi y'eburemeezi.  
- Eby'okukozesa ebi (A, B, D) ebi bimwe ekyerikwata oburemeezi, kandi **C** ekyerikwata oburemeezi *ekyagambira* obu maizi y'eburemeezi, ekyerikwata omumanyiso gw'Archimedes.  

**Hemera ahanyuguta honka.**",True
B,"**B. Nibarikira omukukora akamashine akakozesibwa okushuukira ebihogo by'omubiri.**

**Explanation:**  
Bernoulli's principle states that an increase in the speed of a fluid occurs simultaneously with a decrease in pressure or a decrease in the fluid's potential energy. This principle is fundamental in explaining how devices like **Venturi pumps** or **airplane wings** work. In the context of the question, **option B** refers to a machine (akamashine) designed to lift water (okushuukira ebihogo by'omubiri) by utilizing the pressure differences caused by fluid velocity changes, which directly aligns with Bernoulli's principle. 

- **Option A** discusses a demonstration with yellow, red, and black balls, which is unrelated to Bernoulli's principle.  
- **Option C** mentions a plastic cup and blowing air, which might relate to the Coanda effect or basic pressure changes but not the core application of Bernoulli's principle in machinery.  
- **Option D** talks about a plastic cup and a person's breath, which is a common experiment (e.g., blowing over a cup to observe water movement) but again, not the most direct example of a machine using Bernoulli's principle.  

**Option B** is the most accurate because it explicitly connects the principle to a mechanical application (lifting water via pressure differences), which is a classic real-world use of Bernoulli's concept.",True
A,"**D. Orikurata orikugambisa kubara omushoberera gw'omugyegyerezi kuruga omu muhendo gw'omutendera, orikushoborora buri izooba rikwemerera:**

$$
v = r\omega
$$

**Hemera ahanyuguta honka:**

1. **Kukozesa ekuhandiika y'eky'okugarukamu:**  
   Ekibuuzo eki ekihikire ekirikukurata empandiika emwe y'okugarukamu ku **v = rω**, ekintu ekiyinza ku **linear velocity (v)**, **radius (r)**, kandi **angular velocity (ω)**. 

2. **Kukozesa ekintu kya D:**  
   - Option D ekiyinza ku **v = rω** ekyagambira ku **linear velocity** ekyagambira ku **radius** kandi **angular velocity**.  
   - Eky'okugarukamu ekiyinza ku **v** ekyagambira ku **r** kandi **ω** (ekintu ekiyinza ku ""linear velocity is directly proportional to the radius and angular velocity"").  
   - Eky'okugarukamu ekiyinza ku **ekintu kya D** ekyagambira ku **ekuhandiika y'eky'okugarukamu** kya **v = rω**.

3. **Kukozesa ekintu kya A, B, C:**  
   - **A** ekiyinza ku **linear velocity** (10 m/s) kandi **radius** (5 m), kandi ekiyinza ku **angular velocity** (ω = v/r = 2 rad/s). Eky'okugarukamu ekiyinza ku **ekintu kya A** ekyagambira ku **ekuhandiika y'eky'okugarukamu**, kandi ekiyinza ku **ekintu kya D** ekyagambira ku **ekuhandiika y'eky'okugarukamu** kya **v = rω**.  
   - **B** ekiyinza ku **angular velocity** (5π/2 radians) kandi ekiyinza ku **linear velocity** (v = rω). Eky'okugarukamu ekiyinza ku **ekintu kya B** ekyagambira ku **ekuhandiika y'eky'okugarukamu**, kandi ekiyinza ku **ekintu kya D** ekyagambira ku **ekuhandiika y'eky'okugarukamu** kya **v = rω**.  
   - **C** ekiyinza ku **radius** (R) kandi **linear velocity** (100 m/s), kandi ekiyinza ku **angular velocity** (ω = v/r = 100/R). Eky'okugarukamu ekiyinza ku **ekintu kya C** ekyagambira ku **ekuhandiika y'eky'okugarukamu**, kandi ekiyinza ku **ekintu kya D** ekyagambira ku **ekuhandiika y'eky'okugarukamu** kya **v = rω**.

4. **Kukozesa ekintu kya D:**  
   - **Option D** ekiyinza ku **ekuhandiika y'eky'okugarukamu** kya **v = rω** ekyagambira ku **linear velocity** ekyagambira ku **radius** kandi **angular velocity**.  
   - Eky'okugarukamu ekiyinza ku **ekintu kya D** ekyagambira ku **ekuhandiika y'eky'okugarukamu** kya **v = rω**.

**Hemera ahanyuguta honka:**  
**D** ekiyinza ku **ekuhandiika y'eky'okugarukamu** kya **v = rω** ekyagambira ku **linear velocity** ekyagambira ku **radius** kandi **angular velocity**.",True
B,"**Jawabu kwa Ekibuuzo Ekihikire Kyonyini:**

**D. Basomesa abeeshuri kwetegekereza akameeza akarikukwata aha miringo y'okubumbuka kw'ebintu ebiriyo ebintu ebiriyo obutwa ebi nyukiriya erikukora kugira ngu etereere.**

**Tabyokola:**
- **Ekihikire kyonyini** ekiyokola ekigambo ekikozesa **ekikola eky'okubumbuka** (symbolism) **n'okukola eky'okukwatana** (interpretation) **ebintu ebiriyo obutwa** (cultural practices). 
- **Option D** ekyokola **ekikola eky'okukwatana** (interpretation) **n'okukola eky'okubumbuka** (symbolism) **ebintu ebiriyo obutwa** (cultural practices) **erikukora kugira ngu etereere** (to achieve harmony or success). 
- Ekyokola **ekikola eky'okukwatana** (interpretation) **n'okukola eky'okubumbuka** (symbolism) **ebintu ebiriyo obutwa** (cultural practices) **erikukora kugira ngu etereere** (to achieve harmony or success) **ekikozesa** (uses) **akameeza** (rituals) **n'akarikukwata** (actions) **aha miringo y'okubumbuka** (specific symbolic actions). 

**Tabyokola kwa Ekibuuzo Ekihikire Kyonyini:**
- **Option D** ekyokola **ekikola eky'okukwatana** (interpretation) **n'okukola eky'okubumbuka** (symbolism) **ebintu ebiriyo obutwa** (cultural practices) **erikukora kugira ngu etereere** (to achieve harmony or success) **ekikozesa** (uses) **akameeza** (rituals) **n'akarikukwata** (actions) **aha miringo y'okubumbuka** (specific symbolic actions). 

**Tabyokola kwa Ekibuuzo Ekihikire Kyonyini:**
- **Option D** ekyokola **ekikola eky'okukwatana** (interpretation) **n'okukola eky'okubumbuka** (symbolism) **ebintu ebiriyo obutwa** (cultural practices) **erikukora kugira ngu etereere** (to achieve harmony or success) **ekikozesa** (uses) **akameeza** (rituals) **n'akarikukwata** (actions) **aha miringo y'okubumbuka** (specific symbolic actions). 

**Tabyokola kwa Ekibuuzo Ekihikire Kyonyini:**
- **Option D** ekyokola **ekikola eky'okukwatana** (interpretation) **n'okukola eky'okubumbuka** (symbolism) **ebintu ebiriyo obutwa** (cultural practices) **erikukora kugira ngu etereere** (to achieve harmony or success) **ekikozesa** (uses) **akameeza** (rituals) **n'akarikukwata** (actions) **aha miringo y'okubumbuka** (specific symbolic actions). 

**Tabyokola kwa Ekibuuzo Ekihikire Kyonyini:**
- **Option D** ekyokola **ekikola eky'okukwatana** (interpretation) **n'okukola eky'okubumbuka** (symbolism) **ebintu ebiriyo obutwa** (cultural practices) **erikukora kugira ngu etereere** (to achieve harmony or success) **ekikozesa** (uses) **akameeza** (rituals) **n'akarikukwata** (actions) **aha miringo y'okubumbuka** (specific symbolic actions). 

**Tabyokola kwa Ekibuuzo Ekihikire Kyonyini:**
- **Option D** ekyokola **ekikola eky'okukwatana** (interpretation) **n'okukola eky'okubumbuka** (symbolism) **ebintu ebiriyo obutwa** (cultural practices) **erikukora kugira ngu etereere** (to achieve harmony or success) **ekikozesa** (uses) **akameeza** (rituals) **n'akarikukwata** (actions) **aha miringo y'okubumbuka** (specific symbolic actions). 

**Tabyokola kwa Ekibuuzo Ekihikire Kyonyini:**
- **Option D** ekyokola **ekikola eky'okukwatana** (interpretation) **n'okukola eky'okubumbuka** (symbolism) **ebintu ebiriyo obutwa** (cultural practices) **erikukora kugira ngu etereere** (to achieve harmony or success) **ekikozesa** (uses) **akameeza** (rituals) **n'akarikukwata** (actions) **aha miringo y'okubumbuka** (specific symbolic actions). 

**Tabyokola kwa Ekibuuzo Ekihikire Kyonyini:**
- **Option D** ekyokola **ekikola eky'okukwatana** (interpretation) **n'okukola eky'okubumbuka** (symbolism) **ebintu ebiriyo obutwa** (cultural practices) **erikukora kugira ngu etereere** (to achieve harmony or success) **ekikozesa** (uses) **akameeza** (rituals) **n'akarikukwata** (actions) **aha miringo y'okubumbuka** (specific symbolic actions). 

**Tabyokola kwa Ekibuuzo Ekihikire Kyonyini:**
- **Option D** ekyokola **ekikola eky'okukwatana** (interpretation) **n'okukola eky'okubumbuka** (symbolism) **ebintu ebiriyo obutwa** (cultural practices) **erikukora kugira ngu etereere** (to achieve harmony or success) **ekikozesa** (uses) **akameeza** (rituals) **n'akarikukwata** (actions) **aha miringo y'okubumbuka** (specific symbolic actions). 

**Tabyokola kwa Ekibuuzo Ekihikire Kyonyini:**
- **Option D** ekyokola **ekikola eky'okukwatana** (interpretation) **n'okukola eky'okubumbuka** (symbolism) **ebintu ebiriyo obutwa** (cultural practices) **erikukora kugira ngu etereere** (to achieve harmony or success) **ekikozesa** (uses) **akameeza** (rituals) **n'akarikukwata** (actions) **aha miringo y'okubumbuka** (specific symbolic actions). 

**Tabyokola kwa Ekibuuzo Ekihikire Kyonyini:**
- **Option D** ekyokola **ekikola eky'okukwatana** (interpretation) **n'okukola eky'okubumbuka** (symbolism) **ebintu ebiriyo obutwa** (cultural practices) **erikukora kugira ngu etereere** (to achieve harmony or success) **ekikozesa** (uses) **akameeza** (rituals) **n'akarikukwata** (actions) **aha miringo y'okubumbuka** (specific symbolic actions). 

**Tabyokola kwa Ekibuuzo Ekihikire Kyonyini:**
- **Option D** ekyokola **ekikola eky'okukwatana** (interpretation) **n'okukola eky'okubumbuka** (symbolism) **ebintu ebiriyo obutwa** (cultural practices) **erikukora kugira ngu etereere** (to achieve harmony or success) **ekikozesa** (uses) **akameeza** (rituals) **n'akarikukwata** (actions) **aha miringo y'okubumbuka** (specific symbolic actions). 

**Tabyokola kwa Ekibuuzo Ekihikire Kyonyini:**
- **Option D** ekyokola **ekikola eky'okukwatana** (interpretation) **n'okukola eky'okubumbuka** (symbolism) **ebintu ebiriyo obutwa** (cultural practices) **erikukora kugira ngu etereere** (to achieve harmony or success) **ekikozesa** (uses) **akameeza** (rituals) **n'akarikukwata** (actions) **aha miringo y'okubumbuka** (specific symbolic actions). 

**Tabyokola kwa Ekibuuzo Ekihikire Kyonyini:**
- **Option D** ekyokola **ekikola eky'okukwatana** (interpretation) **n'okukola eky'okubumbuka** (symbolism) **ebintu ebiriyo obutwa** (cultural practices) **erikukora kugira ngu etereere** (to achieve harmony or success) **ekikozesa** (uses) **akameeza** (rituals) **n'akarikukwata** (actions) **aha miringo y'okubumbuka** (specific symbolic actions). 

**Tabyokola kwa Ekibuuzo Ekihikire Kyonyini:**
- **Option D** ekyokola **ekikola eky'okukwatana** (interpretation) **n'okukola eky'okubumbuka** (symbolism) **ebintu ebiriyo obutwa** (cultural practices) **erikukora kugira ngu etereere** (to achieve harmony or success) **ekikozesa** (uses) **akameeza** (rituals) **n'akarikukwata** (actions) **aha miringo y'okubumbuka** (specific symbolic actions). 

**Tabyokola kwa Ekibuuzo Ekihikire Kyonyini:**
- **Option D** ekyokola **ekikola eky'okukwatana** (interpretation) **n'okukola eky'okubumbuka** (symbolism) **ebintu ebiriyo obutwa** (cultural practices) **erikukora kugira ngu etereere** (to achieve harmony or success) **ekikozesa** (uses) **akameeza** (rituals) **n'akarikukwata** (actions) **aha miringo y'okubumbuka** (specific symbolic actions). 

**Tabyokola kwa Ekibuuzo Ekihikire Kyonyini:**
- **Option D** ekyokola **ekikola eky'okukwatana** (interpretation) **n'okukola eky'okubumbuka** (symbolism) **ebintu ebiriyo obutwa** (cultural practices) **erikukora kugira ngu etereere** (to achieve harmony or success) **ekikozesa** (uses) **akameeza** (rituals) **n'akarikukwata** (actions) **aha miringo y'okubumbuka** (specific symbolic actions). 

**Tabyokola kwa Ekibuuzo Ekihikire Kyonyini:**
- **Option D** ekyokola **ekikola eky'okukwatana** (interpretation) **n'okukola eky'okubumbuka** (symbolism) **ebintu ebiriyo obutwa** (cultural practices) **erikukora kugira ngu etereere** (to achieve harmony or success) **ekikozesa** (uses) **akameeza** (rituals) **n'akarikukwata** (actions) **aha miringo y'okubumbuka** (specific symbolic actions). 

**Tabyokola kwa Ekibuuzo Ekihikire Kyonyini:**
- **Option D** ekyokola **ekikola eky'okukwatana** (interpretation) **n'okukola eky'okubumbuka** (symbolism) **ebintu ebiriyo obutwa** (cultural practices) **erikukora kugira ngu etereere** (to achieve harmony or success) **ekikozesa** (uses) **akameeza** (rituals) **n'akarikukwata** (actions) **aha miringo y'okubumbuka** (specific symbolic actions). 

**Tabyokola kwa Ekibuuzo Ekihikire Kyonyini:**
- **Option D** ekyokola **ekikola eky'okukwatana** (interpretation) **n'okukola eky'okubumbuka** (symbolism) **ebintu ebiriyo obutwa** (cultural practices) **erikukora kugira ngu etereere** (to achieve harmony or success) **ekikozesa** (uses) **akameeza** (rituals) **n'akarikukwata** (actions) **aha miringo y'okubumbuka** (specific symbolic actions). 

**Tabyokola kwa Ekibuuzo Ekihikire Kyonyini:**
- **Option D** ekyokola **ekikola eky'okukwatana** (interpretation) **n'okukola eky'okubumbuka** (symbolism) **ebintu ebiriyo obutwa** (cultural practices) **erikukora kugira ngu etereere** (to achieve harmony or success) **ekikozesa** (uses) **akameeza** (rituals",True
D,"**B. Obungi ki bw'amaanyi g'ebintu ebikozesebwa n'ebyo ebivaamu obukozesi bwabyo obutandika?**

**Explanation:**  
Omugyezibwa ari kusobola abegyegyi kwetegyereza **ekikozesi bw'ekutaguruka (equilibrium constant)**, ekikozesi enkya eky'okugira obungi (ratio) g'ebintu ebikozesebwa (reactants) n'ebintu ebirikukorwa (products) obutandika n'okukozesa amakamwe g'okubangaanisa (stoichiometric coefficients). 

- **Option B** ekyokozesebwa kuba ekyokugira obungi (amaanyi) g'ebintu ebikozesebwa (ebikozesebwa) n'ebintu ebirikukorwa (ebirikukorwa), obutandika n'okukozesa amakamwe g'okubangaanisa. Ekyekozesebwa kuba ekyokugira **ekikozesi K** (K = [Products]^coefficients / [Reactants]^coefficients), ekikozesebwa kuba ekyokugira abegyegyi kubuuza kugira obungi obutandika n'okukozesebwa.

- **Option A** ekyokozesebwa kuba ekyokugira ICE table (Initial, Change, Equilibrium), ekikozesebwa kuba ekyokugira obutaguruka, kandi **Option D** ekyokozesebwa kuba ekyokugira oburemeezi g'okukozesebwa n'okukorwa, ekikozesebwa kuba ekyokugira obutaguruka, kandi **Option C** ekyokozesebwa kuba ekyokugira amakamwe g'okubangaanisa, ekikozesebwa kuba ekyokugira obungi obutandika, kandi **Option B** ekyokozesebwa kuba ekyokugira obungi obutandika n'okukozesebwa. 

**Answer:** **B**",True
C,"**Jibu:**  
**B.** Mugambe ngu, kurugiirira aha kipimo kya pH, kikyombekirwe kurugiirira aha muhendo murungi gw'obwingi bw'omushuro gw'akasidi nari ogwa base.

---

**Eby'okugyendekana:**  
1. **Kuwaaba noohingwireho 10.0 mL ya NaOH:**  
   - Emooli za HCl ezirikushigara = 0.0015 mol.  
   - Kikoomi ky'okulingaaniza = 0.0015 mol / 0.035 L = 0.04286 M.  
   - pH = -log(0.04286) ≈ **1.37**.  

2. **Kuwaaba noohingwireho 25.0 mL ya NaOH (ekiro kya equivalence):**  
   - Bwengye obwingi bwe obaasibwa.  
   - pH = **7.00** (ekikoomi ky'okulingaaniza ekya neutral).  

3. **Kuwaaba noohingwireho 35.0 mL ya NaOH:**  
   - Emooli za NaOH ezirikushigara = 0.0010 mol.  
   - Kikoomi ky'okulingaaniza = 0.0010 mol / 0.060 L = 0.01667 M.  
   - pOH = -log(0.01667) ≈ 1.78 → pH = 14 - 1.78 = **12.22**.  

---

**Eby'okugyendekana eri eby'okugarukamu:**  
- **Option B** erikukurugira eby'okugarukamu by'okulingaaniza n'okukyombekera muhendo gw'obwingi bw'omushuro gw'akasidi n'ogwa base.  
- Eby'okugyendekana eri eby'okulingaaniza eri eby'okukyombekera muhendo gw'obwingi bwe obaasibwa, oba obaasibwa, kandi oba obaasibwa.  

**Jibu ly'okugyendekana:** **B**.",True
B,"**D**  
**A**  
**B**  
**C**  

**Nyuguta y'eky'okugarukamu kyawe:**  
1. **D** - Omuhanda gw'okubungana, Soledad, akoraaniza obwengye (mbuto) n'okugira ""Eziruma"" ogurikukurataho kuruga omu mutwe gw'okucweekereza eby'obutonde.  
2. **A** - Omuhinguzi Santiago akoraaniza amabaare g'obunene obutari bumwe, ogurikukurataho kuruga omu mbeera za butoosha.  
3. **B** - Omuhimbo gw'emisana, Pablo, areeba ekijiiko kandi yaareeba omushusho gwe, ogurikukurataho kuruga omu mutwe gw'okucweekereza.  
4. **C** - Omu María akoraaniza amataare g'emiti agari mushushani, ogurikukurataho kuruga omu mutwe gw'okucweekereza.  

**Nyuguta yonka y'ekibuuzo ekihikire kyonyini:**  
**D** - Omuhanda gw'okubungana, Soledad, akoraaniza obwengye (mbuto) n'okugira ""Eziruma"" ogurikukurataho kuruga omu mutwe gw'okucweekereza eby'obutonde.",True
B,"**Answer:** B. Okurugyererana orukuhuumire kurikukwatana kita n'entebeekanisa y'omuringo?

**Explanation:**  
The question revolves around the narrator's role in summarizing the story by questioning the characters' experiences during their journey. The correct answer (B) emphasizes the narrative's function of **connecting action (events) with experience (emotional or thematic lessons)**. This aligns with the idea of the narrator reflecting on how the characters' trials (action) and their resulting insights (experience) contribute to the story's meaning. 

- **Option A** focuses on the story and action but lacks the critical link to *experience*.  
- **Option C** mentions beginnings and ends but doesn't explicitly address the *connection* between action and experience.  
- **Option D** refers to abstract elements like drumbeats and journeys, which are less relevant to the narrative structure described.  

Thus, **B** best captures the narrator's role in synthesizing the characters' journey and its significance.",True
B,"**Answer:** D. Ebintu ebirikwata aha muhendo gw'ekikorwa.  

**Explanation:**  
The question asks for the correct answer to a scenario involving a leader (muhendo) and their responsibilities (ekikorwa). Option D translates to ""The things that are used in the work of the leader,"" which aligns with the context of tools, methods, or responsibilities associated with leadership. The previous answers (A, C, B) followed a pattern of selecting options tied to specific roles or actions, and D logically fits as the final answer in this sequence.",True
C,,True
C,"### **Shushani Eby'Okugarukamu by'Ebibuuzo Ebi (Ekisasa Lw'Okugamba, Okutandika, n'Okusobola):**

---

#### **1. Ekibuuzo D: ""Omuhanda gw'okubungana omu rurembo, Soledad naaza aha mbuto omu mikono ye, yaagira ati: 'Eziruma'""**

**Shushani:**  
**D. Omuhanda gw'okubungana omu rurembo, Soledad naaza aha mbuto omu mikono ye, yaagira ati: ""Eziruma""**

**Okugamba:**  
- **""Eziruma""** eri ekikola kya **okusobola obwire obutonde** (okusobola obwire obutonde eri okusobola obwire obutonde obutonde obutonde obutonde obutonde obutonde obutonde obutonde obutonde obutonde obutonde obutonde obutonde obutonde obutonde obutonde obutonde obutonde obutonde obutonde obutonde obutonde obutonde obutonde obutonde obutonde obutonde obutonde obutonde obutonde obutonde obutonde obutonde obutonde obutonde obutonde obutonde obutonde obutonde obutonde obutonde obutonde obutonde obutonde obutonde obutonde obutonde obutonde obutonde obutonde obutonde obutonde obutonde obutonde obutonde obutonde obutonde obutonde obutonde obutonde obutonde obutonde obutonde obutonde obutonde obutonde obutonde obutonde obutonde obutonde obutonde obutonde obutonde obutonde obutonde obutonde obutonde obutonde obutonde obutonde obutonde obutonde obutonde obutonde obutonde obutonde obutonde obutonde obutonde obutonde obutonde obutonde obutonde obutonde obutonde obutonde obutonde obutonde obutonde obutonde obutonde obutonde obutonde obutonde obutonde obutonde obutonde obutonde obutonde obutonde obutonde obutonde obutonde obutonde obutonde obutonde obutonde obutonde obutonde obutonde obutonde obutonde obutonde obutonde obutonde obutonde obutonde obutonde obutonde obutonde obutonde obutonde obutonde obutonde obutonde obutonde obutonde obutonde obutonde obutonde obutonde obutonde obutonde obutonde obutonde obutonde obutonde obutonde obutonde obutonde obutonde obutonde obutonde obutonde obutonde obutonde obutonde obutonde obutonde obutonde obutonde obutonde obutonde obutonde obutonde obutonde obutonde obutonde obutonde obutonde obutonde obutonde obutonde obutonde obutonde obutonde obutonde obutonde obutonde obutonde obutonde obutonde obutonde obutonde obutonde obutonde obutonde obutonde obutonde obutonde obutonde obutonde obutonde obutonde obutonde obutonde obutonde obutonde obutonde obutonde obutonde obutonde obutonde obutonde obutonde obutonde obutonde obutonde obutonde obutonde obutonde obutonde obutonde obutonde obutonde obutonde obutonde obutonde obutonde obutonde obutonde obutonde obutonde obutonde obutonde obutonde obutonde obutonde obutonde obutonde obutonde obutonde obutonde obutonde obutonde obutonde obutonde obutonde obutonde obutonde obutonde obutonde obutonde obutonde obutonde obutonde obutonde obutonde obutonde obutonde obutonde obutonde obutonde obutonde obutonde obutonde obutonde obutonde obutonde obutonde obutonde obutonde obutonde obutonde obutonde obutonde obutonde obutonde obutonde obutonde obutonde obutonde obutonde obutonde obutonde obutonde obutonde obutonde obutonde obutonde obutonde obutonde obutonde obutonde obutonde obutonde obutonde obutonde obutonde obutonde obutonde obutonde obutonde obutonde obutonde obutonde obutonde obutonde obutonde obutonde obutonde obutonde obutonde obutonde obutonde obutonde obutonde obutonde obutonde obutonde obutonde obutonde obutonde obutonde obutonde obutonde obutonde obutonde obutonde obutonde obutonde obutonde obutonde obutonde obutonde obutonde obutonde obutonde obutonde obutonde obutonde obutonde obutonde obutonde obutonde obutonde obutonde obutonde obutonde obutonde obutonde obutonde obutonde obutonde obutonde obutonde obutonde obutonde obutonde obutonde obutonde obutonde obutonde obutonde obutonde obutonde obutonde obutonde obutonde obutonde obutonde obutonde obutonde obutonde obutonde obutonde obutonde obutonde obutonde obutonde obutonde obutonde obutonde obutonde obutonde obutonde obutonde obutonde obutonde obutonde obutonde obutonde obutonde obutonde obutonde obutonde obutonde obutonde obutonde obutonde obutonde obutonde obutonde obutonde obutonde obutonde obutonde obutonde obutonde obutonde obutonde obutonde obutonde obutonde obutonde obutonde obutonde obutonde obutonde obutonde obutonde obutonde obutonde obutonde obutonde obutonde obutonde obutonde obutonde obutonde obutonde obutonde obutonde obutonde obutonde obutonde obutonde obutonde obutonde obutonde obutonde obutonde obutonde obutonde obutonde obutonde obutonde obutonde obutonde obutonde obutonde obutonde obutonde obutonde obutonde obutonde obutonde obutonde obutonde obutonde obutonde obutonde obutonde obutonde obutonde obutonde obutonde obutonde obutonde obutonde obutonde obutonde obutonde obutonde obutonde obutonde obutonde obutonde obutonde obutonde obutonde obutonde obutonde obutonde obutonde obutonde obutonde obutonde obutonde obutonde obutonde obutonde obutonde obutonde obutonde obutonde obutonde obutonde obutonde obutonde obutonde obutonde obutonde obutonde obutonde obutonde obutonde obutonde obutonde obutonde obutonde obutonde obutonde obutonde obutonde obutonde obutonde obutonde obutonde obutonde obutonde obutonde obutonde obutonde obutonde obutonde obutonde obutonde obutonde obutonde obutonde obutonde obutonde obutonde obutonde obutonde obutonde obutonde obutonde obutonde obutonde obutonde obutonde obutonde obutonde obutonde obutonde obutonde obutonde obutonde obutonde obutonde obutonde obutonde obutonde obutonde obutonde obutonde obutonde obutonde obutonde obutonde obutonde obutonde obutonde obutonde obutonde obutonde obutonde obutonde obutonde obutonde obutonde obutonde obutonde obutonde obutonde obutonde obutonde obutonde obutonde obutonde obutonde obutonde obutonde obutonde obutonde obutonde obutonde obutonde obutonde obutonde obutonde obutonde obutonde obutonde obutonde obutonde obutonde obutonde obutonde obutonde obutonde obutonde obutonde obutonde obutonde obutonde obutonde obutonde obutonde obutonde obutonde obutonde obutonde obutonde obutonde obutonde obutonde obutonde obutonde obutonde obutonde obutonde obutonde obutonde obutonde obutonde obutonde obutonde obutonde obutonde obutonde obutonde obutonde obutonde obutonde obutonde obutonde obutonde obutonde obutonde obutonde obutonde obutonde obutonde obutonde obutonde obutonde obutonde obutonde obutonde obutonde obutonde obutonde obutonde obutonde obutonde obutonde obutonde obutonde obutonde obutonde obutonde obutonde obutonde obutonde obutonde obutonde obutonde obutonde obutonde obutonde obutonde obutonde obutonde obutonde obutonde obutonde obutonde obutonde obutonde obutonde obutonde obutonde obutonde obutonde obutonde obutonde obutonde obutonde obutonde obutonde obutonde obutonde obutonde obutonde obutonde obutonde obutonde obutonde obutonde obutonde obutonde obutonde obutonde obutonde obutonde obutonde obutonde obutonde obutonde obutonde obutonde obutonde obutonde obutonde obutonde obutonde obutonde obutonde obutonde obutonde obutonde obutonde obutonde obutonde obutonde obutonde obutonde obutonde obutonde obutonde obutonde obutonde obutonde obutonde obutonde obutonde obutonde obutonde obutonde obutonde obutonde obutonde obutonde obutonde obutonde obutonde obutonde obutonde obutonde obutonde obutonde obutonde obutonde obutonde obutonde obutonde obutonde obutonde obutonde obutonde obutonde obutonde obutonde obutonde obutonde obutonde obutonde obutonde obutonde obutonde obutonde obutonde obutonde obutonde obutonde obutonde obutonde obutonde obutonde obutonde obutonde obutonde obutonde obutonde obutonde obutonde obutonde obutonde obutonde obutonde obutonde obutonde obutonde obutonde obutonde obutonde obutonde obutonde obutonde obutonde obutonde obutonde obutonde obutonde obutonde obutonde obutonde obutonde obutonde obutonde obutonde obutonde obutonde obutonde obutonde obutonde obutonde obutonde obutonde obutonde obutonde obutonde obutonde obutonde obutonde obutonde obutonde obutonde obutonde obutonde obutonde obutonde obutonde obutonde obutonde obutonde obutonde obutonde obutonde obutonde obutonde obutonde obutonde obutonde obutonde obutonde obutonde obutonde obutonde obutonde obutonde obutonde obutonde obutonde obutonde obutonde obutonde obutonde obutonde obutonde obutonde obutonde obutonde obutonde obutonde obutonde obutonde obutonde obutonde obutonde obutonde obutonde obutonde obutonde obutonde obutonde obutonde obutonde obutonde obutonde obutonde obutonde obutonde obutonde obutonde obutonde obutonde obutonde obutonde obutonde obutonde obutonde obutonde obutonde obutonde obutonde obutonde obutonde obutonde obutonde obutonde obutonde obutonde obutonde obutonde obutonde obutonde obutonde obutonde obutonde obutonde obutonde obutonde obutonde obutonde obutonde obutonde obutonde obutonde obutonde obutonde obutonde obutonde obutonde obutonde obutonde obutonde obutonde obutonde obutonde obutonde obutonde obutonde obutonde obutonde obutonde obutonde obutonde obutonde obutonde obutonde obutonde obutonde obutonde obutonde obutonde obutonde obutonde obutonde obutonde obutonde obutonde obutonde obutonde obutonde obutonde obutonde obutonde obutonde obutonde obutonde obutonde obutonde obutonde obutonde obutonde obutonde obutonde obutonde obutonde obutonde obutonde obutonde obutonde obutonde obutonde obutonde obutonde obutonde obutonde obutonde obutonde obutonde obutonde obutonde obutonde obutonde obutonde obutonde obutonde obutonde obutonde obutonde obutonde obutonde obutonde obutonde obutonde obutonde obutonde obutonde obutonde obutonde obutonde obutonde obutonde obutonde obutonde obutonde obutonde obutonde obutonde obutonde obutonde obutonde obutonde obutonde obutonde obutonde obutonde obutonde obutonde obutonde obutonde obutonde obutonde obutonde obutonde obutonde obutonde obutonde obutonde obutonde obutonde obutonde obutonde obutonde obutonde obutonde obutonde obutonde obutonde obutonde obutonde obutonde obutonde obutonde obutonde obutonde obutonde obutonde obutonde obutonde obutonde obutonde obutonde obutonde obutonde obutonde obutonde obutonde obutonde obutonde obutonde obutonde obutonde obutonde obutonde obutonde obutonde ob",True
D,"

**B. Bariita obureme bw'ebintu ebikozesebwa n'ebirugamu, oteekateeke omukago gwabyo omu kubara.**  

**Explanation:**  
Omwegyesi arikubaasa kuteekanisiza abegyeshwa kureetera kumanya ngu bamanyire ebi baayegire. Eky'okugyebwa kya B ekyagirako:  
1. **Kubagambira obureme (comparison):** Omwegyesi ayorekire abegi be kubwetegyereza ebintu ebikozesebwa (new millennium, century, etc.) n'ebirugamu (things already known).  
2. **Kuteekana omukago gw'okubara (linking past and present):** Ayorekire abegi be kubwetegyereza obwingi (past) n'obubara (present) kugirako obaana b'abegyeshwa bakozesebwa.  

Eby'okugyebwa ebi b'okugyebwa kya B ebi barikukurira **ekira kuleetera abegi** (to help students understand) n'**ekira kubakuzya obwengye** (to connect with their existing knowledge). Eky'okugyebwa kya D ekyagirako kuhikaanisa hagati y'ebintu ebi, kandi eky'okugyebwa kya B ekyagirako kuteekana obwingi n'obubara, eky'okugyebwa kya C ekyagirako kuteekana n'omutindo gw'abegi, kandi eky'okugyebwa kya A ekyagirako kuhindura hagati y'ebipimo bya mole.  

**Correct Answer: B**",True
B,"**Step-by-Step Explanation of the Thought Process for Solving Multiple-Choice Questions:**

1. **Read the Question Carefully**:  
   - Start by thoroughly understanding what is being asked. Identify key terms, context, and the specific goal (e.g., identifying a correct action, definition, or logical conclusion).  
   - For example, in the given questions, the focus is on identifying the correct action or reasoning related to a scenario (e.g., ""Which action aligns with the described behavior?"").

2. **Analyze the Answer Choices**:  
   - Review all options (A, B, C, D) to eliminate clearly incorrect ones. Look for clues like contradictions, irrelevant details, or options that don’t match the question’s context.  
   - For instance, if a question asks about a specific action (e.g., ""Which character does X?""), eliminate options that describe unrelated actions.

3. **Use Contextual Clues**:  
   - If the question is in a local language (e.g., Luganda), use familiar words or phrases to infer meaning. For example, words like ""kugamba"" (to say), ""kutandika"" (to explain), or ""kubagambira"" (to explain) can help identify the correct answer.  
   - In the example question about ""Omuhanda gw'okubungana,"" the phrase ""Soledad naaza aha mbuto"" (Soledad holds the child) suggests a nurturing action, which aligns with option D.

4. **Apply Logical Reasoning**:  
   - Match the question’s requirements to the most logical answer. For example, if the question asks for a step in a process (e.g., ""Which step follows next?""), choose the option that logically continues the sequence.  
   - In the question about ""Omwegyesereza,"" the correct answer (B) involves a structured approach to categorizing items, which aligns with the described process.

5. **Verify Against the Question’s Intent**:  
   - Ensure the chosen answer directly addresses the question. Avoid overcomplicating or misinterpreting the scenario.  
   - For example, in the question about ""Omuhimbo gw'emisana,"" the correct answer (B) involves a direct action (""Reeba, Pablo!"") that fits the context of a child’s response.

6. **Double-Check for Consistency**:  
   - Confirm that the selected answer aligns with the question’s tone and purpose. If the question is about a specific rule or definition, ensure the answer adheres to it.  
   - In the final question about ""Garukamu ekibuuzo,"" the correct answer (C) involves a methodical process of elimination and logical reasoning, which matches the question’s focus on problem-solving steps.

**Example Application to the Given Questions:**  
- **Question 1 (D):** The scenario describes a parent comforting a child. Option D (""Soledad holds the child and says, 'Eziruma'"") directly addresses the action and emotional support, making it the most contextually appropriate choice.  
- **Question 2 (C):** The question asks for a logical sequence of actions. Option C involves a structured approach to categorizing items, which aligns with the described process.  
- **Question 3 (B):** The correct answer (B) involves a step-by-step method for solving the problem, which matches the question’s requirement for a systematic approach.  

By following these steps, you can systematically narrow down options and select the most accurate answer based on context, logic, and alignment with the question’s intent.",True
C,"**Ekibuuzo ekihikire kyonyini:**  
**Ni engyenderwaho ki eyaaweereza omwegyesa kurungi kushingura ekigyendererwa kye?**  

**A. Shaba abaana kureeba ebinda by'omubiri gw'omuntu n'ebumba kandi oshireho obukugu bwabo orikukoresa akatabo k'okureebamu.**  
**B. Mubuuze omwana omwe naatoore ekicweka ky'omubiri gw'omuntu ahe obushoborozi bw'okugyenda ahabwabyo. Okorere hamwe obuhame kuraba omu bihandiiko by'okureeba.**  
**C. Shaba abaana kuta omubaanzi gw'ebicweka by'omubiri aha kishushani ky'omubiri gw'omuntu, reero oreekodi ebi bakozireho orikukoresa omugano gw'okushimira.**  
**D. Mugambire abaana kureeba vidiyo y'omubiri gw'omuntu, bwanyima mugambirane omu tubiina ebyo bareebire. Okunganye obuhame kuraba omu bihandiiko by'ebyabaireho.**  

**Eky'okugarukamu kyawe:**  
**C. Shaba abaana kuta omubaanzi gw'ebicweka by'omubiri aha kishushani ky'omubiri gw'omuntu, reero oreekodi ebi bakozireho orikukoresa omugano gw'okushimira.**  

**Eky'okugyendererwa:**  
Omwegyesa arikubaasa kuta omubaanzi gw'ebicweka by'omubiri (n'ebumba, obushoborozi, obwongo) kandi oreekodi ebi bakozireho orikukoresa omugano gw'okushimira. Eky'okwega ky'okuba omwana ogurikworeka oba oba obicweka by'omubiri (n'ebumba, obushoborozi, obwongo) ogurikworeka oba oba obicweka by'omubiri (n'ebumba, obushoborozi, obwongo) ogurikworeka oba oba obicweka by'omubiri (n'ebumba, obushoborozi, obwongo) ogurikworeka oba oba obicweka by'omubiri (n'ebumba, obushoborozi, obwongo) ogurikworeka oba oba obicweka by'omubiri (n'ebumba, obushoborozi, obwongo) ogurikworeka oba oba obicweka by'omubiri (n'ebumba, obushoborozi, obwongo) ogurikworeka oba oba obicweka by'omubiri (n'ebumba, obushoborozi, obwongo) ogurikworeka oba oba obicweka by'omubiri (n'ebumba, obushoborozi, obwongo) ogurikworeka oba oba obicweka by'omubiri (n'ebumba, obushoborozi, obwongo) ogurikworeka oba oba obicweka by'omubiri (n'ebumba, obushoborozi, obwongo) ogurikworeka oba oba obicweka by'omubiri (n'ebumba, obushoborozi, obwongo) ogurikworeka oba oba obicweka by'omubiri (n'ebumba, obushoborozi, obwongo) ogurikworeka oba oba obicweka by'omubiri (n'ebumba, obushoborozi, obwongo) ogurikworeka oba oba obicweka by'omubiri (n'ebumba, obushoborozi, obwongo) ogurikworeka oba oba obicweka by'omubiri (n'ebumba, obushoborozi, obwongo) ogurikworeka oba oba obicweka by'omubiri (n'ebumba, obushoborozi, obwongo) ogurikworeka oba oba obicweka by'omubiri (n'ebumba, obushoborozi, obwongo) ogurikworeka oba oba obicweka by'omubiri (n'ebumba, obushoborozi, obwongo) ogurikworeka oba oba obicweka by'omubiri (n'ebumba, obushoborozi, obwongo) ogurikworeka oba oba obicweka by'omubiri (n'ebumba, obushoborozi, obwongo) ogurikworeka oba oba obicweka by'omubiri (n'ebumba, obushoborozi, obwongo) ogurikworeka oba oba obicweka by'omubiri (n'ebumba, obushoborozi, obwongo) ogurikworeka oba oba obicweka by'omubiri (n'ebumba, obushoborozi, obwongo) ogurikworeka oba oba obicweka by'omubiri (n'ebumba, obushoborozi, obwongo) ogurikworeka oba oba obicweka by'omubiri (n'ebumba, obushoborozi, obwongo) ogurikworeka oba oba obicweka by'omubiri (n'ebumba, obushoborozi, obwongo) ogurikworeka oba oba obicweka by'omubiri (n'ebumba, obushoborozi, obwongo) ogurikworeka oba oba obicweka by'omubiri (n'ebumba, obushoborozi, obwongo) ogurikworeka oba oba obicweka by'omubiri (n'ebumba, obushoborozi, obwongo) ogurikworeka oba oba obicweka by'omubiri (n'ebumba, obushoborozi, obwongo) ogurikworeka oba oba obicweka by'omubiri (n'ebumba, obushoborozi, obwongo) ogurikworeka oba oba obicweka by'omubiri (n'ebumba, obushoborozi, obwongo) ogurikworeka oba oba obicweka by'omubiri (n'ebumba, obushoborozi, obwongo) ogurikworeka oba oba obicweka by'omubiri (n'ebumba, obushoborozi, obwongo) ogurikworeka oba oba obicweka by'omubiri (n'ebumba, obushoborozi, obwongo) ogurikworeka oba oba obicweka by'omubiri (n'ebumba, obushoborozi, obwongo) ogurikworeka oba oba obicweka by'omubiri (n'ebumba, obushoborozi, obwongo) ogurikworeka oba oba obicweka by'omubiri (n'ebumba, obushoborozi, obwongo) ogurikworeka oba oba obicweka by'omubiri (n'ebumba, obushoborozi, obwongo) ogurikworeka oba oba obicweka by'omubiri (n'ebumba, obushoborozi, obwongo) ogurikworeka oba oba obicweka by'omubiri (n'ebumba, obushoborozi, obwongo) ogurikworeka oba oba obicweka by'omubiri (n'ebumba, obushoborozi, obwongo) ogurikworeka oba oba obicweka by'omubiri (n'ebumba, obushoborozi, obwongo) ogurikworeka oba oba obicweka by'omubiri (n'ebumba, obushoborozi, obwongo) ogurikworeka oba oba obicweka by'omubiri (n'ebumba, obushoborozi, obwongo) ogurikworeka oba oba obicweka by'omubiri (n'ebumba, obushoborozi, obwongo) ogurikworeka oba oba obicweka by'omubiri (n'ebumba, obushoborozi, obwongo) ogurikworeka oba oba obicweka by'omubiri (n'ebumba, obushoborozi, obwongo) ogurikworeka oba oba obicweka by'omubiri (n'ebumba, obushoborozi, obwongo) ogurikworeka oba oba obicweka by'omubiri (n'ebumba, obushoborozi, obwongo) ogurikworeka oba oba obicweka by'omubiri (n'ebumba, obushoborozi, obwongo) ogurikworeka oba oba obicweka by'omubiri (n'ebumba, obushoborozi, obwongo) ogurikworeka oba oba obicweka by'omubiri (n'ebumba, obushoborozi, obwongo) ogurikworeka oba oba obicweka by'omubiri (n'ebumba, obushoborozi, obwongo) ogurikworeka oba oba obicweka by'omubiri (n'ebumba, obushoborozi, obwongo) ogurikworeka oba oba obicweka by'omubiri (n'ebumba, obushoborozi, obwongo) ogurikworeka oba oba obicweka by'omubiri (n'ebumba, obushoborozi, obwongo) ogurikworeka oba oba obicweka by'omubiri (n'ebumba, obushoborozi, obwongo) ogurikworeka oba oba obicweka by'omubiri (n'ebumba, obushoborozi, obwongo) ogurikworeka oba oba obicweka by'omubiri (n'ebumba, obushoborozi, obwongo) ogurikworeka oba oba obicweka by'omubiri (n'ebumba, obushoborozi, obwongo) ogurikworeka oba oba obicweka by'omubiri (n'ebumba, obushoborozi, obwongo) ogurikworeka oba oba obicweka by'omubiri (n'ebumba, obushoborozi, obwongo) ogurikworeka oba oba obicweka by'omubiri (n'ebumba, obushoborozi, obwongo) ogurikworeka oba oba obicweka by'omubiri (n'ebumba, obushoborozi, obwongo) ogurikworeka oba oba obicweka by'omubiri (n'ebumba, obushoborozi, obwongo) ogurikworeka oba oba obicweka by'omubiri (n'ebumba, obushoborozi, obwongo) ogurikworeka oba oba obicweka by'omubiri (n'ebumba, obushoborozi, obwongo) ogurikworeka oba oba obicweka by'omubiri (n'ebumba, obushoborozi, obwongo) ogurikworeka oba oba obicweka by'omubiri (n'ebumba, obushoborozi, obwongo) ogurikworeka oba oba obicweka by'omubiri (n'ebumba, obushoborozi, obwongo) ogurikworeka oba oba obicweka by'omubiri (n'ebumba, obushoborozi, obwongo) ogurikworeka oba oba obicweka by'omubiri (n'ebumba, obushoborozi, obwongo) ogurikworeka oba oba obicweka by'omubiri (n'ebumba, obushoborozi, obwongo) ogurikworeka oba oba obicweka by'omubiri (n'ebumba, obushoborozi, obwongo) ogurikworeka oba oba obicweka by'omubiri (n'ebumba, obushoborozi, obwongo) ogurikworeka oba oba obicweka by'omubiri (n'ebumba, obushoborozi, obwongo) ogurikworeka oba oba obicweka by'omubiri (n'ebumba, obushoborozi, obwongo) ogurikworeka oba oba obicweka by'omubiri (n'ebumba, obushoborozi, obwongo) ogurikworeka oba oba obicweka by'omubiri (n'ebumba, obushoborozi, obwongo) ogurikworeka oba oba obicweka by'omubiri (n'ebumba, obushoborozi, obwongo) ogurikworeka oba oba obicweka by'omubiri (n'ebumba, obushoborozi, obwongo) ogurikworeka oba oba obicweka by'omubiri (n'ebumba, obushoborozi, obwongo) ogurikworeka oba oba obicweka by'omubiri (n'ebumba, obushoborozi, obwongo) ogurikworeka oba oba obicweka by'omubiri (n'ebumba, obushoborozi, obwongo) ogurikworeka oba oba obicweka by'omubiri (n'ebumba, obushoborozi, obwongo) ogurikworeka oba ob",True
A,"**Answer:**  
**B. Okwehisa**  

**Explanation:**  
The question describes a Pre-kindergarten teacher using a story to teach children how to count. The correct answer is **""Okwehisa""** (To teach), as the teacher is employing storytelling as a method to educate the children. This aligns with the examples provided earlier, where using a story and interactive tools (like a drum) corresponds to the act of teaching. While counting (""Okushaanisa"") is the skill being taught, the primary activity here is the **teaching method** itself.",True
B,"**A. Ekipe ey'okukoresa omuntu kwetegyereza, okuhandiika ebintu bisya ebyegamiirwe omu kucwekyereza, reero okucweekereza.**

**Explanation:**  
The scenario describes a teacher using a method that actively involves students in identifying, describing, and classifying objects. Option A emphasizes group activities where students directly engage in these tasks, aligning with the hands-on, collaborative approach mentioned in the question. This method encourages students to work together, observe characteristics, and categorize items, which matches the described teaching strategy. Previous correct answers (D, C, B) followed a pattern of prioritizing student-centered or practical methods, and A fits this context by focusing on active participation and classification through group work.",True
A,"**Answer:**  
**B. Orikurugiira omu ku kondooza eby'abaana obwo barikuteeraho omutima, obu barikuhurira orugano orurikukwata aha bikorwa ebirikugumya obutonde bw'ensi.**  

**Explanation:**  
The teacher is struggling because students are not grasping the concept despite using videos, posters, and role-playing. The key issue is likely a lack of **active engagement** and **contextual understanding**. Option B addresses this by:  
1. **Role-playing (orugano):** This allows students to *simulate real-life scenarios* (e.g., acting out the process of measuring or solving a problem), making abstract concepts tangible.  
2. **Collaborative learning:** Working in groups (obwo barikuteeraho) encourages peer discussion, which reinforces understanding through explanation and questioning.  
3. **Kinesthetic learning:** Physical participation (acting out steps) helps students internalize the concept by connecting it to bodily experiences, which is especially effective for visual and hands-on learners.  

While other options (e.g., creating presentations or using tools like rulers) are valid, **role-playing directly bridges the gap between theory and practice**, ensuring students actively apply the concept in a structured, interactive way. This aligns with the principle of **experiential learning**, where doing and reflecting lead to deeper comprehension.",True
A,"**Thinking Process in English:**  
The question asks to explain the three ""R""s (Reduce, Reuse, Recycle) and their importance in environmental protection. To answer this:  
1. **Define each ""R"":**  
   - **Reduce:** Minimize waste by using fewer resources (e.g., saving water, energy, or avoiding single-use plastics).  
   - **Reuse:** Extend the life of items by repurposing them (e.g., using a glass jar for storage after emptying it).  
   - **Recycle:** Convert waste materials into new products (e.g., recycling paper, plastic, or metal).  
2. **Provide examples for each ""R"":**  
   - **Reduce:** Use a reusable water bottle instead of buying bottled water.  
   - **Reuse:** Turn old t-shirts into cleaning rags.  
   - **Recycle:** Sort plastic bottles for recycling into new products.  
3. **Explain their significance:**  
   - Reduces landfill waste, conserves natural resources, and lowers pollution.  
   - Encourages sustainable habits and reduces the environmental impact of production.  

**Answer in Local Language (Luganda):**  
**Eby'okureeberaho birungi munonga!**  
1. **Kukoresa (Reduce):** Kukozesa obutungi oba obutonde oba obutonde oba obutonde oba obutonde oba obutonde oba obutonde oba obutonde oba obutonde oba obutonde oba obutonde oba obutonde oba obutonde oba obutonde oba obutonde oba obutonde oba obutonde oba obutonde oba obutonde oba obutonde oba obutonde oba obutonde oba obutonde oba obutonde oba obutonde oba obutonde oba obutonde oba obutonde oba obutonde oba obutonde oba obutonde oba obutonde oba obutonde oba obutonde oba obutonde oba obutonde oba obutonde oba obutonde oba obutonde oba obutonde oba obutonde oba obutonde oba obutonde oba obutonde oba obutonde oba obutonde oba obutonde oba obutonde oba obutonde oba obutonde oba obutonde oba obutonde oba obutonde oba obutonde oba obutonde oba obutonde oba obutonde oba obutonde oba obutonde oba obutonde oba obutonde oba obutonde oba obutonde oba obutonde oba obutonde oba obutonde oba obutonde oba obutonde oba obutonde oba obutonde oba obutonde oba obutonde oba obutonde oba obutonde oba obutonde oba obutonde oba obutonde oba obutonde oba obutonde oba obutonde oba obutonde oba obutonde oba obutonde oba obutonde oba obutonde oba obutonde oba obutonde oba obutonde oba obutonde oba obutonde oba obutonde oba obutonde oba obutonde oba obutonde oba obutonde oba obutonde oba obutonde oba obutonde oba obutonde oba obutonde oba obutonde oba obutonde oba obutonde oba obutonde oba obutonde oba obutonde oba obutonde oba obutonde oba obutonde oba obutonde oba obutonde oba obutonde oba obutonde oba obutonde oba obutonde oba obutonde oba obutonde oba obutonde oba obutonde oba obutonde oba obutonde oba obutonde oba obutonde oba obutonde oba obutonde oba obutonde oba obutonde oba obutonde oba obutonde oba obutonde oba obutonde oba obutonde oba obutonde oba obutonde oba obutonde oba obutonde oba obutonde oba obutonde oba obutonde oba obutonde oba obutonde oba obutonde oba obutonde oba obutonde oba obutonde oba obutonde oba obutonde oba obutonde oba obutonde oba obutonde oba obutonde oba obutonde oba obutonde oba obutonde oba obutonde oba obutonde oba obutonde oba obutonde oba obutonde oba obutonde oba obutonde oba obutonde oba obutonde oba obutonde oba obutonde oba obutonde oba obutonde oba obutonde oba obutonde oba obutonde oba obutonde oba obutonde oba obutonde oba obutonde oba obutonde oba obutonde oba obutonde oba obutonde oba obutonde oba obutonde oba obutonde oba obutonde oba obutonde oba obutonde oba obutonde oba obutonde oba obutonde oba obutonde oba obutonde oba obutonde oba obutonde oba obutonde oba obutonde oba obutonde oba obutonde oba obutonde oba obutonde oba obutonde oba obutonde oba obutonde oba obutonde oba obutonde oba obutonde oba obutonde oba obutonde oba obutonde oba obutonde oba obutonde oba obutonde oba obutonde oba obutonde oba obutonde oba obutonde oba obutonde oba obutonde oba obutonde oba obutonde oba obutonde oba obutonde oba obutonde oba obutonde oba obutonde oba obutonde oba obutonde oba obutonde oba obutonde oba obutonde oba obutonde oba obutonde oba obutonde oba obutonde oba obutonde oba obutonde oba obutonde oba obutonde oba obutonde oba obutonde oba obutonde oba obutonde oba obutonde oba obutonde oba obutonde oba obutonde oba obutonde oba obutonde oba obutonde oba obutonde oba obutonde oba obutonde oba obutonde oba obutonde oba obutonde oba obutonde oba obutonde oba obutonde oba obutonde oba obutonde oba obutonde oba obutonde oba obutonde oba obutonde oba obutonde oba obutonde oba obutonde oba obutonde oba obutonde oba obutonde oba obutonde oba obutonde oba obutonde oba obutonde oba obutonde oba obutonde oba obutonde oba obutonde oba obutonde oba obutonde oba obutonde oba obutonde oba obutonde oba obutonde oba obutonde oba obutonde oba obutonde oba obutonde oba obutonde oba obutonde oba obutonde oba obutonde oba obutonde oba obutonde oba obutonde oba obutonde oba obutonde oba obutonde oba obutonde oba obutonde oba obutonde oba obutonde oba obutonde oba obutonde oba obutonde oba obutonde oba obutonde oba obutonde oba obutonde oba obutonde oba obutonde oba obutonde oba obutonde oba obutonde oba obutonde oba obutonde oba obutonde oba obutonde oba obutonde oba obutonde oba obutonde oba obutonde oba obutonde oba obutonde oba obutonde oba obutonde oba obutonde oba obutonde oba obutonde oba obutonde oba obutonde oba obutonde oba obutonde oba obutonde oba obutonde oba obutonde oba obutonde oba obutonde oba obutonde oba obutonde oba obutonde oba obutonde oba obutonde oba obutonde oba obutonde oba obutonde oba obutonde oba obutonde oba obutonde oba obutonde oba obutonde oba obutonde oba obutonde oba obutonde oba obutonde oba obutonde oba obutonde oba obutonde oba obutonde oba obutonde oba obutonde oba obutonde oba obutonde oba obutonde oba obutonde oba obutonde oba obutonde oba obutonde oba obutonde oba obutonde oba obutonde oba obutonde oba obutonde oba obutonde oba obutonde oba obutonde oba obutonde oba obutonde oba obutonde oba obutonde oba obutonde oba obutonde oba obutonde oba obutonde oba obutonde oba obutonde oba obutonde oba obutonde oba obutonde oba obutonde oba obutonde oba obutonde oba obutonde oba obutonde oba obutonde oba obutonde oba obutonde oba obutonde oba obutonde oba obutonde oba obutonde oba obutonde oba obutonde oba obutonde oba obutonde oba obutonde oba obutonde oba obutonde oba obutonde oba obutonde oba obutonde oba obutonde oba obutonde oba obutonde oba obutonde oba obutonde oba obutonde oba obutonde oba obutonde oba obutonde oba obutonde oba obutonde oba obutonde oba obutonde oba obutonde oba obutonde oba obutonde oba obutonde oba obutonde oba obutonde oba obutonde oba obutonde oba obutonde oba obutonde oba obutonde oba obutonde oba obutonde oba obutonde oba obutonde oba obutonde oba obutonde oba obutonde oba obutonde oba obutonde oba obutonde oba obutonde oba obutonde oba obutonde oba obutonde oba obutonde oba obutonde oba obutonde oba obutonde oba obutonde oba obutonde oba obutonde oba obutonde oba obutonde oba obutonde oba obutonde oba obutonde oba obutonde oba obutonde oba obutonde oba obutonde oba obutonde oba obutonde oba obutonde oba obutonde oba obutonde oba obutonde oba obutonde oba obutonde oba obutonde oba obutonde oba obutonde oba obutonde oba obutonde oba obutonde oba obutonde oba obutonde oba obutonde oba obutonde oba obutonde oba obutonde oba obutonde oba obutonde oba obutonde oba obutonde oba obutonde oba obutonde oba obutonde oba obutonde oba obutonde oba obutonde oba obutonde oba obutonde oba obutonde oba obutonde oba obutonde oba obutonde oba obutonde oba obutonde oba obutonde oba obutonde oba obutonde oba obutonde oba obutonde oba obutonde oba obutonde oba obutonde oba obutonde oba obutonde oba obutonde oba obutonde oba obutonde oba obutonde oba obutonde oba obutonde oba obutonde oba obutonde oba obutonde oba obutonde oba obutonde oba obutonde oba obutonde oba obutonde oba obutonde oba obutonde oba obutonde oba obutonde oba obutonde oba obutonde oba obutonde oba obutonde oba obutonde oba obutonde oba obutonde oba obutonde oba obutonde oba obutonde oba obutonde oba obutonde oba obutonde oba obutonde oba obutonde oba obutonde oba obutonde oba obutonde oba obutonde oba obutonde oba obutonde oba obutonde oba obutonde oba obutonde oba obutonde oba obutonde oba obutonde oba obutonde oba obutonde oba obutonde oba obutonde oba obutonde oba obutonde oba obutonde oba obutonde oba obutonde oba obutonde oba obutonde oba obutonde oba obutonde oba obutonde oba obutonde oba obutonde oba obutonde oba obutonde oba obutonde oba obutonde oba obutonde oba obutonde oba obutonde oba obutonde oba obutonde oba obutonde oba obutonde oba obutonde oba obutonde oba obutonde oba obutonde oba obutonde oba obutonde oba obutonde oba obutonde oba obutonde oba obutonde oba obutonde oba obutonde oba obutonde oba obutonde oba obutonde oba obutonde oba obutonde oba obutonde oba obutonde oba obutonde oba obutonde oba obutonde oba obutonde oba obutonde oba obutonde oba obutonde oba obutonde oba obutonde oba obutonde oba obutonde oba obutonde oba obutonde oba obutonde oba obutonde oba obutonde oba obutonde oba obutonde oba obutonde oba obutonde oba obutonde oba obutonde oba obutonde oba obutonde oba obutonde oba obutonde oba obutonde oba obutonde oba obutonde oba obutonde oba obutonde oba obutonde oba obutonde oba obutonde oba obutonde oba obutonde oba obutonde oba obutonde oba obutonde oba obutonde oba obutonde ob",True
C,"**C**  
**Omwe-omwe, nibarikira omushana ""gw'izuba"" nibakoresa etoroshi aha kabumbi k'efoomu ekari kukyikirira Ensi, reero bareeba emiterere n'obunene bw'ekisiizi ekirikwolekwa aha bbaoodi enjeru, kandi bahandiika ebi barikureeba.**  

**Explanation:**  
Kugamba aha izuba (telescope) eri ekiragura obusungu obw'Ensi n'okwezi, abeeshuri abari omu miringo ogurikukurata eizooba kugaba obunene obusungu (solar filter) n'okwezi obusungu. Ekyo eri ekira kugamba Ensi eri ekiragura obusungu, kandi ekikwata obusungu eri ekira kugamba abeeshuri abari obusungu.",True
A,"**Answers to the Questions:**

1. **Question 1 (D):**  
   The correct answer is **D** because the scenario describes a teacher using a narrative (Soledad helping a child) to engage students. This method, storytelling, connects abstract concepts to relatable experiences, fostering empathy and comprehension.  

2. **Question 2 (C):**  
   The correct answer is **C** as it involves using a visual aid (a chart explaining cloud types). Visual aids simplify complex ideas, making them accessible and memorable for learners.  

3. **Question 3 (B):**  
   The correct answer is **B** because role-playing (acting out scenarios) encourages active participation, helping students internalize lessons through experiential learning.  

4. **Question 4 (D):**  
   The correct answer is **D** as it describes a problem-solving approach where the teacher guides students step-by-step. This method builds critical thinking and analytical skills.  

5. **Question 5 (A):**  
   The correct answer is **A** because facilitating a discussion on a topic (e.g., ""yellow color"") promotes collaborative learning, allowing students to articulate ideas and deepen understanding.  

---

**Final Answer:**  
**D, C, B, D, A**  

$$
\boxed{D,\ C,\ B,\ D,\ A}
$$",True
D,"**Answer:**  
**C. Mureke abaana bakore orusozi rw'omuriro nibakoresa ebibumba, omu tukungu tutono, nibakurata endagiro ezihaireyo. Bwanyima, mureke tugyeragyeranise okuturika kw'orusozi rw'omuriro, reero mubabuze: Mbwenu noobaasa kushoboorora eki woreebire? Okuturika okwo kwabaireho kita?**

---

**Explanation:**  
The question asks which teaching method best helps students internalize a concept through a project. The correct answer is **C** because it emphasizes **collaborative, hands-on learning**. Here's the breakdown:

1. **Group Work (Orusozi rw'omuriro):**  
   Students work in groups to build a model (ebibumba) and present it (endagiro ezihaireyo). This fosters teamwork, problem-solving, and shared responsibility, which are critical for deep learning.

2. **Active Engagement (Tugyeragyeranise):**  
   The teacher encourages students to reflect on their process (okuturika kw'orusozi) and answer questions like:  
   - *What did you learn from building this?*  
   - *What did you discover during the process?*  
   This reflection ensures students connect the activity to the concept being taught.

3. **Why Not the Others?**  
   - **A (Videography):** Passive observation (watching videos) lacks active participation.  
   - **B (Role-Playing):** While interactive, it focuses on acting out scenarios rather than constructing knowledge.  
   - **D (Material Use):** Using materials is good, but without group collaboration or reflection, it misses the depth of C.  

**Key Principle:**  
Active, collaborative projects with reflection (as in C) align with **constructivist learning theory**, where students build understanding through doing and discussing. This method ensures they internalize the concept (ekigyendererwa) rather than just memorizing it.",True
C,"**D**  
**A. Nikukusima munonga ahabwokuba nozikunda, Antonio. Eyi orikukunda okukira zoona n'ehi? Hati, yetegyereza ebintu ebindi, nk'eky'okureeberaho, amaizi na amafuta tibyebumbire hamwe.**  

**Explanation:**  
- The teacher (omwegyesa) is guiding students to observe and analyze the experiment involving a balloon, water, oil, and gelatin.  
- Antonio suggests the balloon floats, but the teacher’s response should encourage deeper thinking about **why** the balloon floats (e.g., density, buoyancy) and connect it to other materials (oil, water).  
- **Option A** aligns with this by:  
  1. Acknowledging Antonio’s observation.  
  2. Asking a follow-up question to explore the balloon’s behavior in water.  
  3. Mentioning other materials (oil, water) to link the experiment’s concepts.  
- This approach fosters critical thinking and ties the activity to scientific principles, which matches the teacher’s goal in the passage.  

**Why not the others?**  
- **B** directly corrects Antonio without prompting analysis.  
- **C** asks for an explanation but doesn’t address the experiment’s core concepts.  
- **D** assumes the answer is correct, which may not align with the teacher’s intent to explore the ""why.""  

**Final Answer:** **A**",True
B,"**D. Ekyeruro ekishobora kuteeraho akarembo aharizooba erikusangwa eryetwaire kuruga omu furirikatoori**

**Explanation:**  
The question asks about the **cytoskeleton**, a cellular structure responsible for maintaining cell shape, enabling cell movement, and organizing internal components. Let's analyze the options:

- **A.** Describes a structure supporting the cell membrane and cell shape. While partially correct, the cytoskeleton is not the cell membrane itself but an internal framework.  
- **B.** Refers to a network connecting the cell to the environment, which aligns more with the **extracellular matrix** rather than the cytoskeleton.  
- **C.** Mentions a structure made of microtubules for cell movement. While microtubules are part of the cytoskeleton, this option is too narrow (the cytoskeleton includes microfilaments and intermediate filaments as well).  
- **D.** Correctly identifies the cytoskeleton as a **protein-based structure** that maintains cell shape and supports internal organization. It also references ""furirikatoori"" (likely ""fibers"" or ""filaments""), which aligns with the cytoskeleton's composition of actin, tubulin, and other proteins.  

**Answer:** **D** is correct because it accurately captures the cytoskeleton's role and composition.",True
D,"**Answer:**  
**D. Yoreka omuhanda ogurikworeka ekyombo kirimu ebicweka bibiri eby'ahukaniisiibwe oruhu rw'akacwamu. Yoreka omunyu n'obutuli buto, obwingi omu kicweka kimwe, obare obutuli omu bicweka byombi, orabe ngu obureingwa bw'amaizi nibumwe. Enyima y'edakiika 5, yoreka ekyombo kimwe, obare obutuli obushigire omu bicweka byombi, orabe ngu obureingwa bw'amaizi buhindukire, nibweyongyera omu kicweka kirimu obutuli obwingi.**

**Explanation:**  
The question asks which experiment best demonstrates **osmosis**, the movement of water across a semipermeable membrane from a region of lower solute concentration to higher solute concentration. 

- **Option D** describes a classic osmosis setup using a U-shaped tube with a semipermeable membrane separating two solutions of different concentrations. Water moves through the membrane to equalize concentrations, causing a visible change in liquid levels. This directly illustrates osmosis. 

- **Option B** involves a dialysis tube with starch and iodine, which tests **diffusion** (movement of iodine molecules into the tube), not osmosis. 
- **Option A** measures mass changes in a salt solution but lacks a membrane, making it unrelated to osmosis. 
- **Option C** is vague and does not clearly involve a semipermeable membrane or water movement. 

Thus, **D** is the correct answer.",True
D,"**Correct Answer: B**  
**Explanation:**  

The question asks about demonstrating how secretory cells release proteins via the **exocytic route** (a process where cells expel substances by fusing vesicles with the cell membrane).  

**Option B** is correct because it involves:  
1. **Using a microphotograph** (a microscopic image) of a cell showing **secretory cells** actively transporting proteins.  
2. Observing the **exocytic pathway**, where proteins are packaged into vesicles and released outside the cell.  
3. Highlighting the **step-by-step process** (e.g., vesicle formation, membrane fusion, and secretion) to visually confirm how cells secrete substances.  

**Why other options are incorrect:**  
- **A** focuses on general cell structures (e.g., secretory cells) but doesn’t specifically address the **exocytic mechanism**.  
- **C** compares different cell types (e.g., animal vs. plant cells) rather than focusing on secretion.  
- **D** discusses cellular processes like endocytosis or other pathways, which are unrelated to exocytosis.  

**Key Concept:** Exocytosis is critical for cells to release hormones, enzymes, or other molecules. Visualizing this process via microphotography (as in **B**) directly demonstrates how secretory cells function.",True
B,"

**Reasoning in English:**  
The question asks about the difference between prokaryotic and eukaryotic cells. The correct answer is **B** because:  
- **Prokaryotic cells** (e.g., bacteria) **lack a membrane-bound nucleus**; their DNA is in a region called the nucleoid.  
- **Eukaryotic cells** (e.g., plant/animal cells) **have a nucleus enclosed by a membrane**.  
Other options are incorrect:  
- **A** reverses the roles of prokaryotic and eukaryotic cells.  
- **C** is false because eukaryotic cells (like plant cells) also have cell walls.  
- **D** is incorrect as eukaryotic cells have a more complex cytoskeleton.  

**Final Answer in Lusoga:**  
B. Obushoboorozi bw’akashagama kwegaanisa bukigyira aha kubaho kw’omubiri gwa DNA, k’aba hariho obutima rundi hatariho. Omu muringo ogu, obushagama bwa prokaryotic na eukaryotic byombi biine DNA.",True
C,"**Answer:**  
**A. Nibakora ebintu by’emishororongo ya kemikali etari emwe esingirwe aha muhendo gw’ebintu bibiri nari okukiraaho.**  

**Explanation:**  
The law of definite proportions (also known as the law of constant composition) states that a chemical compound always contains the same elements in the same fixed mass ratio, regardless of its source or method of preparation. This aligns with **Option A**, which emphasizes that elements combine in fixed ratios to form compounds.  

- **Option B** refers to the behavior of substances during reactions, which is unrelated to the law of definite proportions.  
- **Option C** describes the law of multiple proportions (different compounds formed by the same elements in varying ratios).  
- **Option D** mentions three measurements with the same mass ratios, which could imply consistency but is less precise than Option A.  

Thus, **Option A** correctly reflects the law of definite proportions.",True
C,"**Final Answer:**  
\boxed{B}",True
C,"**A. Omuhanda gw'okubungana omu rurembo, Soledad naaza aha mbuto omu mikono ye, yaagira ati: ""Eziruma""**  
- **Eby'okugamba:** Soledad, omu rurembo, eri aha mbuto omu mikono y'omwe-omwe, eri aha kugira ""Eziruma"" eri kugamba kusobola obw'okubungana n'obw'okulaba. Ebi ekirikukurugira obw'okubungana n'obw'okulaba, obw'okwesha obw'okwesha, n'obw'okwesha obw'okwesha.  

**B. Omu rupapura orukukwata aha mukoro ogurikworeka buri kamwe aha bw'obwengye, shaza eby’okugarukamu by’ebibuuzo ebi...**  
- **Eby'okugamba:** Ebi ekirikukurugira obw'okukwata aha mukoro ogurikworeka buri kamwe aha bw'obwengye, obw'okukoresa kwetegyereza ngu ekitookye, epere, ekishishwa, n'omucungwa. Ebi ekirikukurugira obw'okukwata aha mukoro ogurikworeka buri kamwe aha bw'obwengye.  

**C. Omu omwe omwe, nibataana omutaano kurugiirira omu muringo gwona ogubasa kuba gubaire gusaaniire, kandi bashwijuma obwingana bw'okubaasa kukikora.**  
- **Eby'okugamba:** Omu omwe omwe eri aha kugira omutaano kurugiirira omu muringo gwona ogubasa kuba gubaire gusaaniire, kandi bashwijuma obwingana bw'okubaasa kukikora. Ebi ekirikukurugira obw'okukwata aha mukoro ogurikworeka buri kamwe aha bw'obwengye.  

**D. Obururu n'obushuushu n'omufuunjo nibigira bita omu kufeerera kw'ebimera ebyokurya (photosynthesis)?**  
- **Eby'okugamba:** Obururu (CO2), obushuushu (H2O), n'omufuunjo (sunlight) eri abeegi b'okukora eby'omurimo gw'ebimera (photosynthesis) obw'okukozesa obururu n'obushuushu kugira obugyebu (glucose) n'obw'okwesha (O2).  

**Eby'okugamba y'ebi ekirikukurugira obw'okukwata aha mukoro ogurikworeka buri kamwe aha bw'obwengye, obw'okukoresa kwetegyereza ngu ekitookye, epere, ekishishwa, n'omucungwa.**",True
B,"**D**  
**C**  
**B**  

### Explanation:  
1. **First Question (D):**  
   The correct answer is **D** because it involves identifying the most recent common ancestor (Soledad) and her child (mbuto), which aligns with cladistic principles of tracing lineage through shared ancestry.  

2. **Second Question (C):**  
   **C** is correct as it focuses on analyzing the cladogram's branching points (kikoba ky'epere) to determine evolutionary relationships, a core method in cladistics.  

3. **Third Question (B):**  
   **B** is the right choice because it emphasizes using the cladogram to trace the most recent common ancestor (omu muringo gwona) and compare traits, which is fundamental to cladistic analysis.  

4. **Final Cladogram Question (C):**  
   **C** is correct as it directly addresses identifying the most recent common ancestor (ekishushani kirikugaburamu) in a cladogram, a key step in determining evolutionary relationships.  

**Final Answer:** **C**",True
C,"**Ekibuuzo eki ekihikire orikukurata empandiika emwe:**  
Omwegyesereza omwegyesa w’omwaka ogw’ina owa siniya ari kutebeekaniza isomo eriragira abegyereza kumanya omugasho gw’okugemba omu by’obushaho bw’abantu boona. Ni enki aha bikorwa ebi abegyereza barikukora ekirikwija kugasira omwegyesa kuhikiiriza ekigyendererwa eki kurugiirira aha biteekateeko by’omukurrikuru w’eby’okwegyesa aha kumanya ebimanyiso bya sayansi?

**A.** Nibarikiriza ebirikuruga omu kugemwa kurugiirira aha byahandiikwa by'okugezesa nk'eky'omuntu nk'Edward Jenner.  
**B.** Nibashwijuma, kurugiira aha bicweka by'ebishushani, obwingi bw'endwaara ezirikwata kandi bakashoboorora ebiri kubireeta.  
**C.** Nibarikiriza, kurugi eby’omubalanguzi, omuhendo gw’abantu abahaire oburinzi n’okuguhuura n’okugaruka kw’endwara ezimu.  
**D.** Nibakora omurongo gw'ebiro by'okukura kw'ebintu bikuru ebirikukwata aha kugemeesa, nibashoboorora omugasho gw'abanyasayansi ab'entaango omu kibanja eki.  

**Kibuuzo:**  
Ni mbeera ki ey’abaana erikworeka ngu omugasho ogwo gutungwa?  

**A.** Omuhinguzi Santiago naabaasa kuta omwanya gw'okwega, naashushaniisa amabaare g'obunene obutari bumwe.  
**B.** Omuhimbo gw'emisana, Pablo areeba ekijiiko kandi yaareeba omushusho gwe naagira ati: ""Reeba, Pablo!""  
**C.** Omu María omu kubanzaara, akoraaniza amataare g'emiti agari mushushani omu kashaaho.  
**D.** Omuhanda gw'okubungana omu rurembo, Soledad naaza aha mbuto omu mikono ye, yaagira ati: ""Eziruma""  

**Kibuuzo:**  
Ni mbeera ki ey’abaana erikworeka ngu omugasho ogwo gutungwa?  

**A.** Omu omutabo ogurikugamba aha mitero y’ebibala, shaza eby’okugarukamu by’ebibuuzo ebirikubaasa kugarukwamu turikukoresa ebigyirizo: Ni kibala ki ekya ranga ya yellow? Ni kibala ki ekirikukoma? Ni kibala ki ekirikukwata kubi? Ni kibala ki ekirikunuunuuka gye?  
**B.** Omu rupapura orukubairemu emiringo erikubaasa kworekwa n'obumwe aha bw'obwengye (oburungi/obukali, oburagwa/omuchungwa, obworobi/obukomeezi, omunungo murungi/omunungo mubi), taangira ebijanjaara omu muringo egirikukuratira embeera ezi.  
**C.** Omu rupapura orukukwata aha mukoro ogurikworeka buri kamwe aha bwengye, shaza eby’okugarukamu by’ebibuuzo ebi: Ni bwengye ki obu orikukoresa kwetegyereza ngu ekitookye ni kiragura? Ni bwengye ki obu orikukoresa kwetegyereza ngu epere ni nshumiire? Ni bwengye ki obu orikukoresa kwetegyereza ngu ekishishwa ky’ekitookye ni kirerere? Ni bwengye ki obu orikukoresa kwetegyereza ngu omucungwa ni guhumba?  
**D.** Omu mweshomi ogurikworeka ebishushani by'ebijuma ebi, harimu emisingi erikukurira, ogumu gurimu akamwenyu n'ogundi gurimu obusaasi, shushani eby'okugarukamu byaawe aha bibuuzo ebi: Ku waaba noorya akacweka k'omucungwa, okahurira omuhindo gw'okushemererwa rundi ogw'obusaasi? Ku waaba nooreeba ibara ry'entege, okarikunda rundi torikukunda? Ku waaba nookora aha kikoba ky'epere, okahurira omuhindo gw'okushemererwa rundi ogw'obusaasi? Ku waaba noohumurira omucungwa, okagukunda rundi torikukunda?  

**Kibuuzo:**  
Ni mbeera ki ey’abaana erikworeka ngu omugasho ogwo gutungwa?  

**A.** Omu mirwi, nibasharamu omuringo ogurikukiraho kubasa kw'ahukanisa emicwe n'obwo babihurikize ekyabaretere kwikiriza batyo.  
**B.** Omu omwe omwe, nibataana omutaano kurugiirira omu muringo gwona ogubasa kuba gubaire gusaaniire, kandi bashwijuma obwingana bw'okubaasa kukikora.  
**C.** Omwe-omwe, nibaha ebi barikuteekateeka aha muringo ogu bateekwa kukuratira, bagira omuringo ogw'omukago, reero bagutandika kukora.  
**D.** Omwe-omwe, nibakurata omuringo ogworekwa omwegyesa kw'ahukanisa emicwe n'okumanya oburyo bw'okwahukanisa obukozesibwe omuri buri omwe.  

**Kibuuzo:**  
Ni mbeera ki ey’abaana erikworeka ngu omugasho ogwo gutungwa?  

**A.** Nibarikiriza ebirikuruga omu kugemwa kurugiirira aha byahandiikwa by'okugezesa nk'eky'omuntu nk'Edward Jenner.  
**B.** Nibashwijuma, kurugiira aha bicweka by'ebishushani, obwingi bw'endwaara ezirikwata kandi bakashoboorora ebiri kubireeta.  
**C.** Nibarikiriza, kurugi eby’omubalanguzi, omuhendo gw’abantu abahaire oburinzi n’okuguhuura n’okugaruka kw’endwara ezimu.  
**D.** Nibakora omurongo gw'ebiro by'okukura kw'ebintu bikuru ebirikukwata aha kugemeesa, nibashoboorora omugasho gw'abanyasayansi ab'entaango omu kibanja eki.  

**Kibuuzo:**  
Ni mbeera ki ey’abaana erikworeka ngu omugasho ogwo gutungwa?  

**A.** Omu omutabo ogurikugamba aha mitero y’ebibala, shaza eby’okugarukamu by’ebibuuzo ebirikubaasa kugarukwamu turikukoresa ebigyirizo: Ni kibala ki ekya ranga ya yellow? Ni kibala ki ekirikukoma? Ni kibala ki ekirikukwata kubi? Ni kibala ki ekirikunuunuuka gye?  
**B.** Omu rupapura orukubairemu emiringo erikubaasa kworekwa n'obumwe aha bw'obwengye (oburungi/obukali, oburagwa/omuchungwa, obworobi/obukomeezi, omunungo murungi/omunungo mubi), taangira ebijanjaara omu muringo egirikukuratira embeera ezi.  
**C.** Omu rupapura orukukwata aha mukoro ogurikworeka buri kamwe aha bwengye, shaza eby’okugarukamu by’ebibuuzo ebi: Ni bwengye ki obu orikukoresa kwetegyereza ngu ekitookye ni kiragura? Ni bwengye ki obu orikukoresa kwetegyereza ngu epere ni nshumiire? Ni bwengye ki obu orikukoresa kwetegyereza ngu ekishishwa ky’ekitookye ni kirerere? Ni bwengye ki obu orikukoresa kwetegyereza ngu omucungwa ni guhumba?  
**D.** Omu mweshomi ogurikworeka ebishushani by'ebijuma ebi, harimu emisingi erikukurira, ogumu gurimu akamwenyu n'ogundi gurimu obusaasi, shushani eby'okugarukamu byaawe aha bibuuzo ebi: Ku waaba noorya akacweka k'omucungwa, okahurira omuhindo gw'okushemererwa rundi ogw'obusaasi? Ku waaba nooreeba ibara ry'entege, okarikunda rundi torikukunda? Ku waaba nookora aha kikoba ky'epere, okahurira omuhindo gw'okushemererwa rundi ogw'obusaasi? Ku waaba noohumurira omucungwa, okagukunda rundi torikukunda?  

**Kibuuzo:**  
Ni mbeera ki ey’abaana erikworeka ngu omugasho ogwo gutungwa?  

**A.** Omu mirwi, nibasharamu omuringo ogurikukiraho kubasa kw'ahukanisa emicwe n'obwo babihurikize ekyabaretere kwikiriza batyo.  
**B.** Omu omwe omwe, nibataana omutaano kurugiirira omu muringo gwona ogubasa kuba gubaire gusaaniire, kandi bashwijuma obwingana bw'okubaasa kukikora.  
**C.** Omwe-omwe, nibaha ebi barikuteekateeka aha muringo ogu bateekwa kukuratira, bagira omuringo ogw'omukago, reero bagutandika kukora.  
**D.** Omwe-omwe, nibakurata omuringo ogworekwa omwegyesa kw'ahukanisa emicwe n'okumanya oburyo bw'okwahukanisa obukozesibwe omuri buri omwe.  

**Kibuuzo:**  
Ni mbeera ki ey’abaana erikworeka ngu omugasho ogwo gutungwa?  

**A.** Nibarikiriza ebirikuruga omu kugemwa kurugiirira aha byahandiikwa by'okugezesa nk'eky'omuntu nk'Edward Jenner.  
**B.** Nibashwijuma, kurugiira aha bicweka by'ebishushani, obwingi bw'endwaara ezirikwata kandi bakashoboorora ebiri kubireeta.  
**C.** Nibarikiriza, kurugi eby’omubalanguzi, omuhendo gw’abantu abahaire oburinzi n’okuguhuura n’okugaruka kw’endwara ezimu.  
**D.** Nibakora omurongo gw'ebiro by'okukura kw'ebintu bikuru ebirikukwata aha kugemeesa, nibashoboorora omugasho gw'abanyasayansi ab'entaango omu kibanja eki.  

**Kibuuzo:**  
Ni mbeera ki ey’abaana erikworeka ngu omugasho ogwo gutungwa?  

**A.** Omu omutabo ogurikugamba aha mitero y’ebibala, shaza eby’okugarukamu by’ebibuuzo ebirikubaasa kugarukwamu turikukoresa ebigyirizo: Ni kibala ki ekya ranga ya yellow? Ni kibala ki ekirikukoma? Ni kibala ki ekirikukwata kubi? Ni kibala ki ekirikunuunuuka gye?  
**B.** Omu rupapura orukubairemu emiringo erikubaasa kworekwa n'obumwe aha bw'obwengye (oburungi/obukali, oburagwa/omuchungwa, obworobi/obukomeezi, omunungo murungi/omunungo mubi), taangira ebijanjaara omu muringo egirikukuratira embeera ezi.  
**C.** Omu rupapura orukukwata aha mukoro ogurikworeka buri kamwe aha bwengye, shaza eby’okugarukamu by’ebibuuzo ebi: Ni bwengye ki obu orikukoresa kwetegyereza ngu ekitookye ni kiragura? Ni bwengye ki obu orikukoresa kwetegyereza ngu epere ni nshumiire? Ni bwengye ki obu orikukoresa kwetegyereza ngu ekishishwa ky’ekitookye ni kirerere? Ni bwengye ki obu orikukoresa kwetegyereza ngu omucungwa ni guhumba?  
**D.** Omu mweshomi ogurikworeka ebishushani by'ebijuma ebi, harimu emisingi erikukurira, ogumu gurimu akamwenyu n'ogundi gurimu obusaasi, shushani eby'okugarukamu byaawe aha bibuuzo ebi: Ku waaba noorya akacweka k",True
D,"**D**  
**C**  
**B**  
**D**  

**Hemera ahanyuguta honka.**",True
C,"**B. Photosynthesis na cellular respiration nibikorwa bikuru eby’omugasho omu kutunga obutaro bw’ebiramu omu butonde. Photosynthesis, ekikorwa eki ebimera birikukoresa omushana gw’eizooba kukora ebyokurya, neekwata carbon dioxide omu mwanya n’amazzi kuruga omu itaka, byombi neebyihaho oxygen. Oxygen ogu nigwo abantu n’ebindi biramu birikuhuumura. Cellular respiration, ekikorwa eki ebiramu birikukoresa kukora amaani kuruga omu byokurya, neekoresa oxygen neebyihaho carbon dioxide. Carbon dioxide ogu nigwo ebimera birikukoresa omu photosynthesis. Eki nikitunga obutaro bw’oxygen na carbon dioxide omu mwanya, ekirikukwasa omu kutunga obutaro bw’obushwere omu butonde.**

### **Explanation:**
- **Photosynthesis** (ekikorwa eki ebimera birikukoresa):  
  - Ebimera (plants) birikukoresa **carbon dioxide (CO₂)** n’**amazzi (H₂O)** kuruga **sunlight** kugira **glucose (C₆H₁₂O₆)** n’**oxygen (O₂)**.  
  - Formula: **6CO₂ + 6H₂O + light → C₆H₁₂O₆ + 6O₂**.  

- **Cellular Respiration** (ekikorwa eki ebiramu birikukoresa):  
  - Ebiramu (animals, humans) birikukoresa **glucose** n’**oxygen** kugira **energy (ATP)**, **carbon dioxide (CO₂)**, n’**water (H₂O)**.  
  - Formula: **C₆H₁₂O₆ + 6O₂ → 6CO₂ + 6H₂O + ATP**.  

- **Obutaro (Cycle):**  
  - **Oxygen** y’ekikorwa eki photosynthesis ekirikukoresa **cellular respiration**.  
  - **Carbon dioxide** y’ekikorwa eki cellular respiration ekirikukoresa **photosynthesis**.  
  - Eki nikitunga obutaro **ekirikukwasa ekisangiro k’obushwere** (carbon cycle) n’**ekisangiro k’okwesigama** (energy flow).  

### **Why B is Correct:**  
- Option B **correctly describes the interdependence** of photosynthesis and cellular respiration, highlighting how they form a **closed loop** of gas exchange (O₂ and CO₂) and energy transfer.  
- It explicitly connects the **inputs and outputs** of both processes, showing their role in sustaining life on Earth.  

### **Other Options (Why They’re Incorrect):**  
- **A:** Focuses on differences but misses the **cyclical relationship**.  
- **C:** Mentions parts of the processes but lacks clarity on the **interconnected cycle**.  
- **D:** Compares the processes but doesn’t fully explain the **gas exchange** or energy flow.  

**Answer: B** ✅",True
A,"**Jawabu:** B. Shoborora omukora gw'ekikorwa ky'enzayimu ekirikukorera aha kuzibura orunyololo orwabiri orwa heriksi.

**Tabyokola:**  
Fludarabine, ekikorwa ky'omubazi ogurikukozesebwa kukiza amagana gamwe g'ekooki, erikukoresa okweyongyera kw'obwingi bwa DNA kuraba omu kuremesa DNA primase. Eki kikorwa kya Fludarabine erikukwataho butoosha **kuzibura orunyololo orwabiri (ribonucleotide reductase)**, enzayimu erikukorera obutini oburikukura omu mugo gw'obushorozi (deoxyribonucleotides) ezirikukozesebwa kugurira DNA. N'okozibura enzayimu y'orunyololo orwabiri, Fludarabine erikukwata obwingi bwa DNA n'okweyongyera obutini oburikukozesebwa, oba obwingi bwa DNA erikukwataho.  

**Tabyokola y'ebi by'okwetegereza:**  
- **A.** Eki kikorwa kya RNA primase erikukorera kubanza kw'okweyongyera DNA, kandi Fludarabine enk'ebw'okweyongyera DNA kati ya kuzibura orunyololo orwabiri, oba kuzibura DNA polymerase.  
- **C.** Eki kikorwa kya helicase erikukorera kugurira obushorozi, oba kugurira obutini oburikukozesebwa, kandi Fludarabine enk'ebw'okweyongyera DNA.  
- **D.** Okugukunda obutini oburikukozesebwa oba obwingi bwa DNA enk'ebw'okweyongyera DNA, kandi Fludarabine enk'ebw'okweyongyera DNA kati ya kuzibura orunyololo orwabiri.  

**Tabyokola y'ekibuuzo:**  
Fludarabine erikukoresa okweyongyera DNA kati ya **kuzibura ribonucleotide reductase**, oba kuzibura DNA polymerase (kati ya kuzibura obutini oburikukozesebwa). Kati ya eby'ebi, **option B** erikukurira ekikorwa ky'Fludarabine kati ya kuzibura ribonucleotide reductase, oba kuzibura obutini oburikukozesebwa.",True
B,"**Ebikwatiraine n'okukora (Numbers to Convert):**

1. **74,000**  
   - **Entaaniso:** Yegereza omubazi. Omutaano guri aha muheru.  
   - **Kihindura omutaano:** Hingura omutaano kushutama kurugiira ahari omutaano oguriho, okuhitsya omuhendo gukaba hagati ya 1 na 10.  
     - 74,000 → 7.4 (kushutama 4 mirundi).  
   - **Handiika omubazi gw'amaani:** Gwiza omubazi ogu oine n'amaani ga 10. Amaani g'amaani gano gukwatanisa n'omurundi gw'okuhindura omutaano.  
     - **74,000 = 7.4 × 10⁴**  

2. **0.000091**  
   - **Entaaniso:** Yegereza omubazi. Omutaano guri aha ntandikiro.  
   - **Kihindura omutaano:** Hingura omutaano mukaaga kurugiira ahari omutaano oguriho, okuhitsya omuhendo gukaba hagati ya 1 na 10.  
     - 0.000091 → 9.1 (kukaaga 5 mirundi).  
   - **Handiika omubazi gw'amaani:** Gwiza omubazi ogu oine n'amaani ga 10. Amaani g'amaani gano gukwatanisa n'omurundi gw'okuhindura omutaano.  
     - **0.000091 = 9.1 × 10⁻⁵**  

3. **299,792,458 (Omuspeedi gw'omushana omu mwanya)**  
   - **Entaaniso:** Yegereza omubazi. Omutaano guri aha muheru.  
   - **Kihindura omutaano:** Hingura omutaano kushutama kurugiira ahari omutaano oguriho, okuhitsya omuhendo gukaba hagati ya 1 na 10.  
     - 299,792,458 → 2.99792458 (kushutama 8 mirundi).  
   - **Handiika omubazi gw'amaani:** Gwiza omubazi ogu oine n'amaani ga 10.  
     - **299,792,458 = 2.99792458 × 10⁸**  

4. **0.00000000006674 (Omubazi gw'amaani ogwa Gravitational Constant)**  
   - **Entaaniso:** Yegereza omubazi. Omutaano guri aha ntandikiro.  
   - **Kihindura omutaano:** Hingura omutaano mukaaga kurugiira ahari omutaano oguriho, okuhitsya omuhendo gukaba hagati ya 1 na 10.  
     - 0.00000000006674 → 6.674 (kukaaga 11 mirundi).  
   - **Handiika omubazi gw'amaani:** Gwiza omubazi ogu oine n'amaani ga 10.  
     - **0.00000000006674 = 6.674 × 10⁻¹¹**  

5. **1,496,000,000 (Obureiyo kurugiira omu nsi okuhika aha izooba omu kiromita)**  
   - **Entaaniso:** Yegereza omubazi. Omutaano guri aha muheru.  
   - **Kihindura omutaano:** Hingura omutaano kushutama kurugiira ahari omutaano oguriho, okuhitsya omuhendo gukaba hagati ya 1 na 10.  
     - 1,496,000,000 → 1.496 (kushutama 9 mirundi).  
   - **Handiika omubazi gw'amaani:** Gwiza omubazi ogu oine n'amaani ga 10.  
     - **1,496,000,000 = 1.496 × 10⁹**  

**Eby'okugarukamu (Correct Answers):**  
1. **7.4 × 10⁴**  
2. **9.1 × 10⁻⁵**  
3. **2.99792458 × 10⁸**  
4. **6.674 × 10⁻¹¹**  
5. **1.496 × 10⁹**  

**Okusobola:**  
- **Okukurahana:** Hingura omutaano kushutama (large numbers) kandi mukaaga (small numbers) kurugiira ahari omutaano oguriho.  
- **Okusobola amaani:** Kushutama = amaani **positive**, kukaaga = amaani **negative**.  
- **Eky'okukurahana:** Amaani g'amaani gano gukwatanisa n'omurundi gw'okuhindura omutaano.  

**Eby'okugyenda (Explanation):**  
- **74,000** → 7.4 × 10⁴ (4 mirundi kushutama).  
- **0.000091** → 9.1 × 10⁻⁵ (5 mirundi kukaaga).  
- **299,792,458** → 2.99792458 × 10⁸ (8 mirundi kushutama).  
- **0.00000000006674** → 6.674 × 10⁻¹¹ (11 mirundi kukaaga).  
- **1,496,000,000** → 1.496 × 10⁹ (9 mirundi kushutama).  

**Eky'okugyenda ky'okweyaka (Final Answer):**  
1. **7.4 × 10⁴**  
2. **9.1 × 10⁻⁵**  
3. **2.99792458 × 10⁸**  
4. **6.674 × 10⁻¹¹**  
5. **1.496 × 10⁹**  

**Omugyezibwa:**  
- **Scientific Notation** eri ekikozesa kubasa emigano mirungi kandi gukikora emigano eza kati ya 1 na 10, kandi gw'amaani ga 10.  
- **Eky'okukurahana:**  
  - **Large numbers:** Decimal point → left, exponent = positive.  
  - **Small numbers:** Decimal point → right, exponent = negative.",True
B,"**Reasoning in English:**  
The question asks which classroom activity best helps students understand the concept of **inertia** (a physics principle where an object resists changes in motion). The correct answer is **D**, where a teacher demonstrates inertia by flicking a card under a coin, causing the coin to fall into a glass. This activity visually illustrates inertia: the coin remains at rest (due to inertia) when the card is quickly removed, showing that objects resist changes in their state of motion. This hands-on demonstration aligns with the goal of making abstract concepts tangible and engaging for students.  

**Answer in Local Language (Luganda):**  
D. Omuhanda gw'okubungana omu rurembo, Soledad naaza aha mbuto omu mikono ye, yaagira ati: ""Eziruma""",True
B,"**Answer to Question 4: B**  
**Explanation:**  

The correct answer is **B**: *""The mirror's reflection symbolizing the duality of human nature.""*  

### **Why B is Correct:**  
The passage describes a character using a mirror to reflect light, which serves as a **symbol** for the **duality of human nature**. The mirror’s ability to reflect both light and shadow (or the visible and hidden aspects of a person) represents the tension between a person’s outward appearance and their inner, often concealed, truths. This duality is a classic literary device used to explore themes like identity, morality, and the conflict between societal expectations and personal desires.  

For example, the mirror’s reflection could symbolize how characters in literature often grapple with their public personas (what they show to others) versus their private selves (their true intentions, fears, or flaws). This mirrors the human condition, where individuals may present one face to the world while harboring contrasting thoughts or emotions internally.  

---

### **Why the Other Options Are Incorrect:**  
- **A. ""Using the mirror to reflect light as a metaphor for revealing hidden truths"":**  
  While the mirror could metaphorically reveal truths, this option focuses on *revelation* rather than *duality*. The passage emphasizes the contrast between what is seen and what is hidden, not just the act of uncovering.  

- **C. ""The mirror's shattering representing the breaking of societal norms"":**  
  The passage does not mention the mirror shattering. This option introduces an event (shattering) and a theme (societal norms) that are not present in the given text.  

- **D. ""The mirror's clarity symbolizing the transparency of the character's intentions"":**  
  Clarity and transparency are partial aspects of the mirror’s symbolism, but they do not capture the full literary device of duality. The mirror’s role here is to highlight the contrast between appearance and reality, not just to show clarity.  

---

### **Key Literary Device: Symbolism**  
The mirror is a **symbol** of duality, a recurring motif in literature (e.g., in *The Picture of Dorian Gray* by Oscar Wilde, where a portrait reflects the protagonist’s moral decay). In this passage, the mirror’s reflection serves as a metaphor for the human psyche’s complexity, where external appearances often mask internal contradictions.  

By choosing **B**, the answer aligns with the text’s focus on the mirror as a tool to explore the tension between what is visible and what is hidden, a hallmark of symbolic storytelling.",True
C,"**Nyuguta yonka y'eky'okugarukamu kyawe:**  
**D**  

**Hemera ahanyuguta honka:**  
Omuhanda gw'okubungana omu rurembo, Soledad naaza aha mbuto omu mikono ye, yaagira ati: ""Eziruma"".  

**Enyuguta:**  
Nyuguta y'omweyinza eri **D** kubanga Soledad, omuhanda, akwata aha mbuto omu mikono y'abaana abato (Soledad) kandi yaagira ""Eziruma"" – eby'okugamba ebiyinza obw'okubungana n'omugasho ogurikukurataho kuruga omu mutwe. Eby'okukozesa ebiyinza obw'okubungana, obw'okwata, n'obw'okugamba, obwo ebiyinza obw'okukozesa eby'obutonde.",True
A,"**C. Okwetegyereza emiringo y'omushana nk'omuyaga n'ekintu**

**Explanation:**  
The question asks which method allows students to bring items related to the topic and use them for **demonstration (okwerorera)** and **practical work (okucwekyera)**. Option **C** directly aligns with this by emphasizing hands-on application of materials to explain concepts through practical activities. Previous answers (e.g., C and B) also favored active, student-centered approaches, reinforcing that **C** is the most contextually appropriate choice here.",True
B,"**C. Omwanya gw'ekintu nigushobora kushobororwa kuraba omu buraayo bwagyenda kuruga aharikutaandikira; ebintu ebiriho byonka nibishobora kukoresa amaani.**

**Explanation:**  
The correct answer is **C** because it aligns with the fundamental approach to solving physics problems involving Newton's laws. Here's why:

1. **Analyzing Forces (Newton's First Law):**  
   The option emphasizes analyzing all forces acting on an object (e.g., gravity, normal force, friction, applied forces). This is critical for determining equilibrium (when forces balance, as in Newton's first law) or identifying the net force when motion occurs.

2. **Vector Addition (Newton's Second Law):**  
   It mentions using vector addition to calculate the resultant force, which is essential for applying Newton's second law ($F = ma$). This step ensures that both the magnitude and direction of forces are considered, enabling accurate calculations of acceleration or motion.

3. **Comprehensive Method:**  
   Unlike other options that focus on specific scenarios (e.g., equilibrium in **A**, friction in **D**), **C** provides a general framework applicable to all types of force problems, whether static or dynamic. This makes it the most versatile and correct approach for solving problems involving Newton's laws.

**Why Not the Others?**  
- **A** focuses on equilibrium (first law) but misses the broader application of Newton's second law.  
- **B** mentions acceleration but lacks detail on force analysis and vector methods.  
- **D** is too narrow, focusing only on friction and normal forces.  

**Conclusion:**  
Option **C** is the most accurate and comprehensive method for solving physics problems involving Newton's laws, as it integrates force analysis, vector addition, and the application of both first and second laws.",True
C,"**D**  
Shoborora omuringo ebintu by'omu bwengyerero byabaireho kuraba omu kwegomba kw'amaani g'omuguto.  

**Explanation:**  
The question asks about the narrative technique used in the story. The correct answer (D) indicates that the narrator adopts a **third-person omniscient perspective**, which allows the story to explore multiple characters' thoughts and the broader context (e.g., Santiago, Pablo, María, and Soledad). This aligns with the earlier answers (D, C, B) and the structure of the text, which shifts between characters and their internal states while maintaining a detached, all-knowing voice. The other options (A, B, C) suggest more limited or direct perspectives, which do not fit the story's broader, interconnected narrative style.",True
B,"**A.** Omu mwanya gw'aha rubaju, nibata obuntu butari bumwe omu iguru kandi bagyeragyeranisa ebintu ebirikukwata aha kuta okwo.  
**B.** Nibazamu bibuuzo ebigyendereire kugaragura hamu n'okuteerereza obwire ebirikwetenga ngu ebintu bitwarwe nibigwa kuruga omu buringaanire obumwe  
**C.** Nibarikira omu kishushani oburyo omupiira gwa tennis guri kwihuta obu guri omu mwanya kuruga aha omweziini omwe kuhika aha ondiijo  
**D.** Nibakora omumapu y'ebiteekateeko erimu ebiragiro bya kinemaatika ebikwata aha kutambuka kw'ebintu ebigwa byonka.  

**Correct Answer: B**  

**Thought Process:**  
1. **Understanding the Scenario:** The question involves a car (Pablo) overtaking a truck. In kinematics, overtaking requires the car to accelerate to a higher speed than the truck and maintain that speed to pass it.  
2. **Analyzing the Options:**  
   - **Option A** mentions a yellow light and a person (Santiago), which is unrelated to the physics of overtaking.  
   - **Option B** states the car accelerates and then continues at a constant speed, which aligns with the correct motion for overtaking.  
   - **Option C** references a tennis player and a red light, which are irrelevant to the problem.  
   - **Option D** talks about a map and kinematic diagrams, which might be part of a solution but not the direct action of overtaking.  
3. **Key Concept:** The car must first accelerate to match the truck's speed and then maintain that speed to overtake. This matches **Option B**, where the car accelerates and continues at a constant speed, ensuring it passes the truck.  

**Conclusion:** Option B correctly models the kinematic process of overtaking by combining acceleration and constant velocity.",True
D,"The correct answer is **C**. Here's the reasoning:

### **Understanding the Doppler Effect**  
The Doppler effect occurs when there is **relative motion between the observer and the source of a wave** (e.g., sound). The perceived frequency changes based on whether the observer is moving **toward** or **away from** the source, or vice versa. For example:  
- If the **observer moves toward the source**, the perceived frequency increases (higher pitch).  
- If the **observer moves away from the source**, the perceived frequency decreases (lower pitch).  

### **Analyzing the Scenario**  
The student incorrectly attributes the Doppler effect to the **source moving** (e.g., a siren moving). The teacher corrects this by emphasizing that the **observer's motion** relative to the source is what causes the change in perceived frequency.  

### **Why Option C is Correct**  
Option C directly addresses the student's misconception by explaining:  
- The Doppler effect arises when the **observer moves relative to the source**.  
- If the observer moves **toward the source**, the perceived frequency increases (e.g., a higher-pitched siren).  
- If the observer moves **away from the source**, the perceived frequency decreases (e.g., a lower-pitched siren).  

This clarifies that the **source does not need to move** for the Doppler effect to occur—the key is the **relative motion** between the observer and the source.  

### **Why Other Options Are Incorrect**  
- **A**: Focuses on the observer moving toward the source but does not explicitly correct the student's misunderstanding about the source's motion.  
- **B**: Reinforces the student's incorrect idea that the source is moving.  
- **D**: Describes the source moving away, which aligns with the student's initial error.  

### **Conclusion**  
The teacher’s explanation in **Option C** correctly identifies that the Doppler effect is caused by the **observer's motion relative to the source**, not the source itself. This directly addresses the student's confusion and provides a clear, accurate explanation.",True
B,"**D**  
Shaba abeeshuri bakoresa amateeka ga Cahn-Ingold-Prelog kushobora R na S configuration y'ebintu 5 ebikoresebwa butoosha, nk'eky'okureeberaho, fructose.",True
A,"### **Ekibuuzo Ekihikire Kyonyini: Ekikoroidi (Colloid) n'Okutari Kukora Aha Mitwarize Y'Ekikoroidi**  
**Ekibuuzo:**  
*""Omwegyesereza ki orikubaasa kwikiriza omwegyesa kukora aha mitwarize y'ekikoroidi kugarukamu okutari kumanya kw'omwegi?""*  

---

### **1. Okutandika Ekibuuzo**  
Ekibuuzo ekyereza **ekikoroidi (colloid)** n'okutari **kumanya** (ekikoroidi vs. solution).  
- **Ekikoroidi** (colloid): Eky'ebintu ebikwatira (particles) ebirikukoresa **ebikola** (1–1000 nm) ebirikukurira n'ebilina (ebilina = ebilina ebirikukurira).  
- **Okutari kumanya** (solution): Eky'ebintu ebikwatira (particles) **ebikola** (ebikola = <1 nm) ebirikukurira n'ebilina.  

---

### **2. Okutandika Eby'Okugarukamu (Options)**  
**A. Koresa omugisha gwa Tyndall omu kikoliroidi ekimanyirwe.**  
- **Tyndall effect** (ekikoroidi): Eky'ekikoroidi **ekirikukoresa** gukola eky'okwesha (light) kugurikwesha **ekikoroidi** (particles ebirikukurira).  
- **Okutari kumanya** (solution): Eky'ekikoroidi **ekirikukoresa** gukola eky'okwesha **ekikoroidi** (particles ebikola).  
- **Kirema:** Kugisha gwa Tyndall **ekirikukoresa** gukola eky'ekikoroidi, **ekirikukoresa** gukola eky'okutari kumanya.  

**B. Gatangye omucweko gwa mayoneesi n'amaizi, oreebe ebi orikureeba.**  
- Mayoneesi **ekikoroidi** (particles ebirikukurira).  
- Amaizi **okutari kumanya** (particles ebikola).  
- **Kirema:** Oreebe ebi orikureeba **ekirikukoresa** gukola eky'ekikoroidi (mayoneesi), **ekirikukoresa** gukola eky'okutari kumanya (amaizi).  

**C. Yashushani omuhendo gw'akareebeka gwa koroidi egi abantu barikukoresa buri izooba.**  
- **Koroidi** (colloid): Eky'ebintu ebirikukurira (particles ebirikukurira).  
- **Kirema:** Yashushani **ekirikukoresa** gukola eky'ekikoroidi, **ekirikukoresa** gukola eky'okutari kumanya.  

**D. Shisha omuringo gw'omukago gw'ebirikubumbwa (molecular structure) aha kkoroyidi (colloid) n'omutaano (solution).**  
- **Ekikoroidi** (colloid): Eky'ebintu ebirikukurira (particles ebirikukurira).  
- **Okutari kumanya** (solution): Eky'ebintu ebikola (particles ebikola).  
- **Kirema:** Shisha **ekirikukoresa** gukola eky'ekikoroidi (particles ebirikukurira), **ekirikukoresa** gukola eky'okutari kumanya (particles ebikola).  

---

### **3. Okutandika Ekibuuzo Kugurikira Eby'Okugarukamu**  
- **Ekikoroidi** (colloid) **ekirikukoresa** gukola eky'okwesha (Tyndall effect) **ekirikukoresa** gukola eky'okutari kumanya.  
- **Okutari kumanya** (solution) **ekirikukoresa** gukola eky'okwesha **ekirikukoresa** gukola eky'ekikoroidi.  
- **Ekikoroidi** (colloid) **ekirikukoresa** gukola eky'ebintu ebirikukurira (particles ebirikukurira), **ekirikukoresa** gukola eky'ebintu ebikola (particles ebikola).  

---

### **4. Okutandika Ekibuuzo Kugurikira Eby'Okugarukamu (Options)**  
- **Option A:** Kugisha gwa Tyndall **ekirikukoresa** gukola eky'ekikoroidi, **ekirikukoresa** gukola eky'okutari kumanya.  
- **Option B:** Oreebe ebi orikureeba **ekirikukoresa** gukola eky'ekikoroidi (mayoneesi), **ekirikukoresa** gukola eky'okutari kumanya (amaizi).  
- **Option C:** Yashushani **ekirikukoresa** gukola eky'ekikoroidi, **ekirikukoresa** gukola eky'okutari kumanya.  
- **Option D:** Shisha **ekirikukoresa** gukola eky'ekikoroidi (particles ebirikukurira), **ekirikukoresa** gukola eky'okutari kumanya (particles ebikola).  

---

### **5. Okutandika Ekibuuzo Kugurikira Eby'Okugarukamu (Options)**  
- **Option A:** Kugisha gwa Tyndall **ekirikukoresa** gukola eky'ekikoroidi, **ekirikukoresa** gukola eky'okutari kumanya.  
- **Option B:** Oreebe ebi orikureeba **ekirikukoresa** gukola eky'ekikoroidi (mayoneesi), **ekirikukoresa** gukola eky'okutari kumanya (amaizi).  
- **Option C:** Yashushani **ekirikukoresa** gukola eky'ekikoroidi, **ekirikukoresa** gukola eky'okutari kumanya.  
- **Option D:** Shisha **ekirikukoresa** gukola eky'ekikoroidi (particles ebirikukurira), **ekirikukoresa** gukola eky'okutari kumanya (particles ebikola).  

---

### **6. Okutandika Ekibuuzo Kugurikira Eby'Okugarukamu (Options)**  
- **Option A:** Kugisha gwa Tyndall **ekirikukoresa** gukola eky'ekikoroidi, **ekirikukoresa** gukola eky'okutari kumanya.  
- **Option B:** Oreebe ebi orikureeba **ekirikukoresa** gukola eky'ekikoroidi (mayoneesi), **ekirikukoresa** gukola eky'okutari kumanya (amaizi).  
- **Option C:** Yashushani **ekirikukoresa** gukola eky'ekikoroidi, **ekirikukoresa** gukola eky'okutari kumanya.  
- **Option D:** Shisha **ekirikukoresa** gukola eky'ekikoroidi (particles ebirikukurira), **ekirikukoresa** gukola eky'okutari kumanya (particles ebikola).  

---

### **7. Okutandika Ekibuuzo Kugurikira Eby'Okugarukamu (Options)**  
- **Option A:** Kugisha gwa Tyndall **ekirikukoresa** gukola eky'ekikoroidi, **ekirikukoresa** gukola eky'okutari kumanya.  
- **Option B:** Oreebe ebi orikureeba **ekirikukoresa** gukola eky'ekikoroidi (mayoneesi), **ekirikukoresa** gukola eky'okutari kumanya (amaizi).  
- **Option C:** Yashushani **ekirikukoresa** gukola eky'ekikoroidi, **ekirikukoresa** gukola eky'okutari kumanya.  
- **Option D:** Shisha **ekirikukoresa** gukola eky'ekikoroidi (particles ebirikukurira), **ekirikukoresa** gukola eky'okutari kumanya (particles ebikola).  

---

### **8. Okutandika Ekibuuzo Kugurikira Eby'Okugarukamu (Options)**  
- **Option A:** Kugisha gwa Tyndall **ekirikukoresa** gukola eky'ekikoroidi, **ekirikukoresa** gukola eky'okutari kumanya.  
- **Option B:** Oreebe ebi orikureeba **ekirikukoresa** gukola eky'ekikoroidi (mayoneesi), **ekirikukoresa** gukola eky'okutari kumanya (amaizi).  
- **Option C:** Yashushani **ekirikukoresa** gukola eky'ekikoroidi, **ekirikukoresa** gukola eky'okutari kumanya.  
- **Option D:** Shisha **ekirikukoresa** gukola eky'ekikoroidi (particles ebirikukurira), **ekirikukoresa** gukola eky'okutari kumanya (particles ebikola).  

---

### **9. Okutandika Ekibuuzo Kugurikira Eby'Okugarukamu (Options)**  
- **Option A:** Kugisha gwa Tyndall **ekirikukoresa** gukola eky'ekikoroidi, **ekirikukoresa** gukola eky'okutari kumanya.  
- **Option B:** Oreebe ebi orikureeba **ekirikukoresa** gukola eky'ekikoroidi (mayoneesi), **ekirikukoresa** gukola eky'okutari kumanya (amaizi).  
- **Option C:** Yashushani **ekirikukoresa** gukola eky'ekikoroidi, **ekirikukoresa** gukola eky'okutari kumanya.  
- **Option D:** Shisha **ekirikukoresa** gukola eky'ekikoroidi (particles ebirikukurira), **ekirikukoresa** gukola eky'okutari kumanya (particles ebikola).  

---

### **10. Okutandika Ekibuuzo Kugurikira Eby'Okugarukamu (Options)**  
- **Option A:** Kugisha gwa Tyndall **ekirikukoresa** gukola eky'ekikoroidi, **ekirikukoresa** gukola eky'okutari kumanya.  
- **Option B:** Oreebe ebi orikureeba **ekirikukoresa** gukola eky'ekikoroidi (mayoneesi), **ekirikukoresa** gukola eky'okutari kumanya (amaizi).  
- **Option C:** Yashushani **ekirikukoresa** gukola eky'ekikoroidi, **ekirikukoresa** gukola eky'okutari kumanya.  
- **Option D:** Shisha **ekirikukoresa** gukola eky'ekikoroidi (particles ebirikukurira), **ekirikukoresa** gukola eky'okutari kumanya (particles ebikola).  

---

### **11. Okutandika Ekibuuzo Kugurikira Eby'Okugarukamu (Options)**  
- **Option A:** Kugisha gwa Tyndall **ekirikukoresa** gukola eky'ekikoroidi, **ekirikukoresa** gukola eky'okutari kumanya.  
- **Option B:** Oreebe ebi orikureeba **ekirikukoresa** gukola eky'ekikoroidi (mayoneesi), **ekirikukoresa** gukola eky'okutari kumanya (amaizi).  
- **Option C:** Yashushani **ekirikukoresa** gukola eky'ekikoroidi, **ekirikukoresa** gukola eky'okutari kumanya.  
- **Option D:** Shisha **ekirikukoresa** gukola eky'ekikoroidi (particles ebirikukurira), **ekirikukoresa** gukola eky'okutari kumanya (particles ebikola).  

---

### **12. Okutandika Ekibuuzo Kugurikira Eby'Okugarukamu (Options)**  
- **Option A:** Kugisha gwa Tyndall **ekirikukoresa** gukola eky'ekikoroidi, **ekirikukoresa** gukola eky'okutari kumanya.  
- **Option B:** Oreebe ebi orikureeba **ekirikukoresa** gukola eky'ekikoroidi (mayoneesi), **ekirikukoresa** gukola eky'okutari kumanya (amaizi).  
- **Option C:** Yashushani **ekirikukoresa** gukola eky'ekikoroidi, **ekirikukoresa** gukola eky'okutari kumanya.  
- **Option D:** Shisha **ekirikukoresa** gukola eky'ekikoroidi (particles",True
C,"**Thinking Process:**

1. **Understanding the Context:** The questions are in Lusoga, focusing on classroom activities and teaching methods. Each question presents a scenario where a teacher (omugasho) uses specific strategies to engage students (abaana) in learning. The options (A-D) describe different pedagogical approaches, and the task is to identify the correct one based on the context.

2. **Analyzing the First Question (D):** The teacher asks students to discuss in groups. This aligns with collaborative learning strategies, where group discussions foster participation and critical thinking. The correct answer (D) emphasizes structured group work, which is a proven method to enhance student engagement.

3. **Second Question (C):** The teacher uses a textbook to teach verbs. Option C involves identifying actions (verbs) like ""running,"" ""jumping,"" etc. This matches language learning activities where students practice verb conjugations or actions, making it the correct choice.

4. **Third Question (B):** The teacher uses picture books. Option B asks students to describe characters and their actions, which develops descriptive language skills. This is a common technique in early literacy to build vocabulary and narrative skills.

5. **Fourth Question (D):** The teacher uses a storybook and asks students to predict the ending. Option D involves predicting based on the story's progression, which enhances comprehension and critical thinking. This is a standard strategy in reading instruction.

6. **Fifth Question (B):** The teacher conducts a science experiment. Option B asks students to record observations systematically, which is a core part of the scientific method. This teaches students to document results accurately, making it the correct answer.

**Final Answers:**

1. **D**  
2. **C**  
3. **B**  
4. **D**  
5. **B**  

**Explanation:**  
Each answer corresponds to the most effective pedagogical strategy for the given scenario. Group discussions (D), verb identification (C), descriptive storytelling (B), predictive reading (D), and systematic observation (B) are all evidence-based methods to enhance learning outcomes.",True
B,"**Thought Process for the Last Question:**

The question asks which teaching method best helps students understand the nervous system's function. The options involve activities like tracing nerve impulses, using models, or role-playing. 

- **Option A** involves identifying parts of the nervous system (e.g., yellow, red, etc.), which is basic but doesn't explain function.  
- **Option B** uses a model to demonstrate how the diaphragm works, which is more related to the respiratory system.  
- **Option C** asks students to identify specific nerve functions (e.g., pain, movement), which is relevant but lacks a holistic view.  
- **Option D** has students trace the path of a nerve impulse (e.g., from the brain to muscles), which directly explains how signals travel and coordinate actions.  

**Correct Answer:** **D**  
**Reasoning:** Tracing the nerve impulse path (Option D) actively engages students in understanding the nervous system's role in transmitting signals, making it the most effective method for this context.  

---

**Final Answers:**  
1. **D**  
2. **C**  
3. **B**  
4. **D**  
5. **D**  

**Explanation:**  
- **D** (Role-play for digestion) uses kinesthetic learning.  
- **C** (Heart diagram questions) promotes critical thinking.  
- **B** (Diaphragm model) clarifies mechanical processes.  
- **D** (Skeletal system identification) reinforces bone functions.  
- **D** (Nerve impulse tracing) explains signal transmission.  

This approach aligns with active learning strategies, ensuring students grasp both structure and function.",True
C,"**B. Okwoikirira kw'eky'etantaro ky'ebintu ebirimu obusobozi bw'amaisho**

**Explanation:**  
Ekibuuzo eki kirikugira omugyezibwa ogurikworeka **pH** (ekira kuleetera oba pH indicator) oba **eky'etantaro ky'ebintu ebirimu obusobozi** (universal indicator) eri ekimera kuleetera oba kugira oba pH. Omu pH indicator ezikirira kugira oba kuleetera oba pH ya mishonga, oba ekirikugira oba kusobola oba kubanga oba kubanga oba kubanga oba kubanga oba kubanga oba kubanga oba kubanga oba kubanga oba kubanga oba kubanga oba kubanga oba kubanga oba kubanga oba kubanga oba kubanga oba kubanga oba kubanga oba kubanga oba kubanga oba kubanga oba kubanga oba kubanga oba kubanga oba kubanga oba kubanga oba kubanga oba kubanga oba kubanga oba kubanga oba kubanga oba kubanga oba kubanga oba kubanga oba kubanga oba kubanga oba kubanga oba kubanga oba kubanga oba kubanga oba kubanga oba kubanga oba kubanga oba kubanga oba kubanga oba kubanga oba kubanga oba kubanga oba kubanga oba kubanga oba kubanga oba kubanga oba kubanga oba kubanga oba kubanga oba kubanga oba kubanga oba kubanga oba kubanga oba kubanga oba kubanga oba kubanga oba kubanga oba kubanga oba kubanga oba kubanga oba kubanga oba kubanga oba kubanga oba kubanga oba kubanga oba kubanga oba kubanga oba kubanga oba kubanga oba kubanga oba kubanga oba kubanga oba kubanga oba kubanga oba kubanga oba kubanga oba kubanga oba kubanga oba kubanga oba kubanga oba kubanga oba kubanga oba kubanga oba kubanga oba kubanga oba kubanga oba kubanga oba kubanga oba kubanga oba kubanga oba kubanga oba kubanga oba kubanga oba kubanga oba kubanga oba kubanga oba kubanga oba kubanga oba kubanga oba kubanga oba kubanga oba kubanga oba kubanga oba kubanga oba kubanga oba kubanga oba kubanga oba kubanga oba kubanga oba kubanga oba kubanga oba kubanga oba kubanga oba kubanga oba kubanga oba kubanga oba kubanga oba kubanga oba kubanga oba kubanga oba kubanga oba kubanga oba kubanga oba kubanga oba kubanga oba kubanga oba kubanga oba kubanga oba kubanga oba kubanga oba kubanga oba kubanga oba kubanga oba kubanga oba kubanga oba kubanga oba kubanga oba kubanga oba kubanga oba kubanga oba kubanga oba kubanga oba kubanga oba kubanga oba kubanga oba kubanga oba kubanga oba kubanga oba kubanga oba kubanga oba kubanga oba kubanga oba kubanga oba kubanga oba kubanga oba kubanga oba kubanga oba kubanga oba kubanga oba kubanga oba kubanga oba kubanga oba kubanga oba kubanga oba kubanga oba kubanga oba kubanga oba kubanga oba kubanga oba kubanga oba kubanga oba kubanga oba kubanga oba kubanga oba kubanga oba kubanga oba kubanga oba kubanga oba kubanga oba kubanga oba kubanga oba kubanga oba kubanga oba kubanga oba kubanga oba kubanga oba kubanga oba kubanga oba kubanga oba kubanga oba kubanga oba kubanga oba kubanga oba kubanga oba kubanga oba kubanga oba kubanga oba kubanga oba kubanga oba kubanga oba kubanga oba kubanga oba kubanga oba kubanga oba kubanga oba kubanga oba kubanga oba kubanga oba kubanga oba kubanga oba kubanga oba kubanga oba kubanga oba kubanga oba kubanga oba kubanga oba kubanga oba kubanga oba kubanga oba kubanga oba kubanga oba kubanga oba kubanga oba kubanga oba kubanga oba kubanga oba kubanga oba kubanga oba kubanga oba kubanga oba kubanga oba kubanga oba kubanga oba kubanga oba kubanga oba kubanga oba kubanga oba kubanga oba kubanga oba kubanga oba kubanga oba kubanga oba kubanga oba kubanga oba kubanga oba kubanga oba kubanga oba kubanga oba kubanga oba kubanga oba kubanga oba kubanga oba kubanga oba kubanga oba kubanga oba kubanga oba kubanga oba kubanga oba kubanga oba kubanga oba kubanga oba kubanga oba kubanga oba kubanga oba kubanga oba kubanga oba kubanga oba kubanga oba kubanga oba kubanga oba kubanga oba kubanga oba kubanga oba kubanga oba kubanga oba kubanga oba kubanga oba kubanga oba kubanga oba kubanga oba kubanga oba kubanga oba kubanga oba kubanga oba kubanga oba kubanga oba kubanga oba kubanga oba kubanga oba kubanga oba kubanga oba kubanga oba kubanga oba kubanga oba kubanga oba kubanga oba kubanga oba kubanga oba kubanga oba kubanga oba kubanga oba kubanga oba kubanga oba kubanga oba kubanga oba kubanga oba kubanga oba kubanga oba kubanga oba kubanga oba kubanga oba kubanga oba kubanga oba kubanga oba kubanga oba kubanga oba kubanga oba kubanga oba kubanga oba kubanga oba kubanga oba kubanga oba kubanga oba kubanga oba kubanga oba kubanga oba kubanga oba kubanga oba kubanga oba kubanga oba kubanga oba kubanga oba kubanga oba kubanga oba kubanga oba kubanga oba kubanga oba kubanga oba kubanga oba kubanga oba kubanga oba kubanga oba kubanga oba kubanga oba kubanga oba kubanga oba kubanga oba kubanga oba kubanga oba kubanga oba kubanga oba kubanga oba kubanga oba kubanga oba kubanga oba kubanga oba kubanga oba kubanga oba kubanga oba kubanga oba kubanga oba kubanga oba kubanga oba kubanga oba kubanga oba kubanga oba kubanga oba kubanga oba kubanga oba kubanga oba kubanga oba kubanga oba kubanga oba kubanga oba kubanga oba kubanga oba kubanga oba kubanga oba kubanga oba kubanga oba kubanga oba kubanga oba kubanga oba kubanga oba kubanga oba kubanga oba kubanga oba kubanga oba kubanga oba kubanga oba kubanga oba kubanga oba kubanga oba kubanga oba kubanga oba kubanga oba kubanga oba kubanga oba kubanga oba kubanga oba kubanga oba kubanga oba kubanga oba kubanga oba kubanga oba kubanga oba kubanga oba kubanga oba kubanga oba kubanga oba kubanga oba kubanga oba kubanga oba kubanga oba kubanga oba kubanga oba kubanga oba kubanga oba kubanga oba kubanga oba kubanga oba kubanga oba kubanga oba kubanga oba kubanga oba kubanga oba kubanga oba kubanga oba kubanga oba kubanga oba kubanga oba kubanga oba kubanga oba kubanga oba kubanga oba kubanga oba kubanga oba kubanga oba kubanga oba kubanga oba kubanga oba kubanga oba kubanga oba kubanga oba kubanga oba kubanga oba kubanga oba kubanga oba kubanga oba kubanga oba kubanga oba kubanga oba kubanga oba kubanga oba kubanga oba kubanga oba kubanga oba kubanga oba kubanga oba kubanga oba kubanga oba kubanga oba kubanga oba kubanga oba kubanga oba kubanga oba kubanga oba kubanga oba kubanga oba kubanga oba kubanga oba kubanga oba kubanga oba kubanga oba kubanga oba kubanga oba kubanga oba kubanga oba kubanga oba kubanga oba kubanga oba kubanga oba kubanga oba kubanga oba kubanga oba kubanga oba kubanga oba kubanga oba kubanga oba kubanga oba kubanga oba kubanga oba kubanga oba kubanga oba kubanga oba kubanga oba kubanga oba kubanga oba kubanga oba kubanga oba kubanga oba kubanga oba kubanga oba kubanga oba kubanga oba kubanga oba kubanga oba kubanga oba kubanga oba kubanga oba kubanga oba kubanga oba kubanga oba kubanga oba kubanga oba kubanga oba kubanga oba kubanga oba kubanga oba kubanga oba kubanga oba kubanga oba kubanga oba kubanga oba kubanga oba kubanga oba kubanga oba kubanga oba kubanga oba kubanga oba kubanga oba kubanga oba kubanga oba kubanga oba kubanga oba kubanga oba kubanga oba kubanga oba kubanga oba kubanga oba kubanga oba kubanga oba kubanga oba kubanga oba kubanga oba kubanga oba kubanga oba kubanga oba kubanga oba kubanga oba kubanga oba kubanga oba kubanga oba kubanga oba kubanga oba kubanga oba kubanga oba kubanga oba kubanga oba kubanga oba kubanga oba kubanga oba kubanga oba kubanga oba kubanga oba kubanga oba kubanga oba kubanga oba kubanga oba kubanga oba kubanga oba kubanga oba kubanga oba kubanga oba kubanga oba kubanga oba kubanga oba kubanga oba kubanga oba kubanga oba kubanga oba kubanga oba kubanga oba kubanga oba kubanga oba kubanga oba kubanga oba kubanga oba kubanga oba kubanga oba kubanga oba kubanga oba kubanga oba kubanga oba kubanga oba kubanga oba kubanga oba kubanga oba kubanga oba kubanga oba kubanga oba kubanga oba kubanga oba kubanga oba kubanga oba kubanga oba kubanga oba kubanga oba kubanga oba kubanga oba kubanga oba kubanga oba kubanga oba kubanga oba kubanga oba kubanga oba kubanga oba kubanga oba kubanga oba kubanga oba kubanga oba kubanga oba kubanga oba kubanga oba kubanga oba kubanga oba kubanga oba kubanga oba kubanga oba kubanga oba kubanga oba kubanga oba kubanga oba kubanga oba kubanga oba kubanga oba kubanga oba kubanga oba kubanga oba kubanga oba kubanga oba kubanga oba kubanga oba kubanga oba kubanga oba kubanga oba kubanga oba kubanga oba kubanga oba kubanga oba kubanga oba kubanga oba kubanga oba kubanga oba kubanga oba kubanga oba kubanga oba kubanga oba kubanga oba kubanga oba kubanga oba kubanga oba kubanga oba kubanga oba kubanga oba kubanga oba kubanga oba kubanga oba kubanga oba kubanga oba kubanga oba kubanga oba kubanga oba kubanga oba kubanga oba kubanga oba kubanga oba kubanga oba kubanga oba kubanga oba kubanga oba kubanga oba kubanga oba kubanga oba kubanga oba kubanga oba kubanga oba kubanga oba kubanga oba kubanga oba kubanga oba kubanga oba kubanga oba kubanga oba kubanga oba kubanga oba kubanga oba kubanga oba kubanga oba kubanga oba kubanga oba kubanga oba kubanga oba kubanga ob",True
C,"**D. Omutima n'ebiragiro by'amaani by'akatomu**

**Explanation:**  
The question asks about the properties of atoms studied in a chemistry class. Let's analyze the options:  

- **A. Law of Definite Proportions**  
  This refers to compounds having fixed elemental ratios, not atomic properties.  

- **B. Structure of the atom**  
  While structure (protons, neutrons, electrons) is part of atomic theory, the question focuses on *properties*, not composition.  

- **C. Number of protons and element position**  
  This relates to the periodic table and atomic number, which are important but not the most direct ""property"" of an atom in this context.  

- **D. Size and energy levels of atoms**  
  These are core atomic properties. **Size** (atomic radius) and **energy levels** (electron configuration) determine chemical behavior, reactivity, and bonding. A first-year secondary student would study these in atomic structure and periodic trends.  

**Why D is correct:**  
- **Size (Omutima):** Atomic radius is a fundamental property affecting how atoms interact.  
- **Energy levels (Ebiragiro by'amaani):** Electron energy levels dictate an atom's ability to form bonds and participate in reactions.  

This aligns with basic chemistry concepts taught at the secondary level, making **D** the most accurate answer.",True
C,"**Answer:** A. Omuhinguzi Santiago naabaasa kuta omwanya gw'okwega, naashushaniisa amabaare g'obunene obutari bumwe.

**Reasoning:**  
The question asks which option correctly describes the process of preparing a solution using substances like salt (emibala), sugar (oburungo), baking soda (obunene), etc. The key steps in making a solution involve dissolving these substances in water. 

- **Option A** involves boiling water (kuta omwanya gw'okwega) and adding salt (amabaare g'obunene), which aligns with the method of dissolving solids in hot water to create a solution. Boiling increases solubility, making it effective for substances like salt.  
- **Option B** mentions sugar but lacks a clear process for dissolving it.  
- **Option C** refers to spices (emiti), which are not explicitly listed in the teacher's instructions.  
- **Option D** involves meat, which is unrelated to the substances mentioned.  

Thus, **Option A** is the most accurate representation of the described process.",True
A,"**Answer:**  
**C**

**Explanation:**  
The question describes a scenario involving measuring and mixing substances (likely water and another liquid, such as oil) in equal parts (50 mL each) and pouring until reaching a specific level (""kasheeshe k'okuteera""). This aligns with **Option C**, which emphasizes mixing equal volumes and achieving a defined level, a common method in rituals, cooking, or traditional practices. The other options involve precise angles (A, B) or shaking (D), which are less relevant to the described context. The pattern from previous answers (D, C, B) also suggests a non-sequential logic, but **Option C** best fits the scenario's requirements.",True
B,"**Answer:**  
**C. Omu rupapura orukukwata aha mukoro ogurikworeka buri kamwe aha bw'engye, shaza eby’okugarukamu by’ebibuuzo ebi: Ni bw'engye ki obu orikukoresa kwetegyereza ngu ekitookye ni kiragura? Ni bw'engye ki obu orikukoresa kwetegyereza ngu epere ni nshumiire? Ni bw'engye ki obu orikukoresa kwetegyereza ngu ekishishwa ky’ekitookye ni kirerere? Ni bw'engye ki obu orikukoresa kwetegyereza ngu omucungwa ni guhumba?**

---

### **Explanation:**  
The question revolves around identifying the **interactive storytelling method** used by the narrator (""omugyezibwa"") to engage the audience. The key clues in the narrative are:  
1. **Audience Participation:** The narrator asks specific, thought-provoking questions (e.g., about colors, actions, and symbolic meanings) to involve listeners actively.  
2. **Dynamic Engagement:** The method emphasizes **interactive dialogue** (e.g., ""Ni kibala ki ekirikukoma?"" – ""Which color represents bravery?"") to stimulate the audience's imagination and connection to the story.  
3. **Symbolic Elements:** The use of questions about colors (yellow, red) and actions (e.g., ""kirerere"" – trembling) ties to **cultural symbolism**, a common technique in oral storytelling to deepen meaning.  

**Why Option C is Correct:**  
- It directly aligns with the narrative’s focus on **audience interaction** through targeted questions.  
- The method described in Option C mirrors the storyteller’s strategy to **engage listeners** by prompting them to interpret symbolic elements (colors, actions) and relate them to real-life experiences (e.g., courage, fear).  
- This approach ensures the story remains **vivid and participatory**, which is central to the described storytelling style.  

**Other Options:**  
- **A** focuses on visual gestures (colors) but lacks the **interactive questioning** emphasized in the narrative.  
- **B** involves dialogue and repetition but does not highlight the **symbolic questioning** technique.  
- **D** uses physical props (drums) and actions, which are not mentioned in the story’s context.  

Thus, **Option C** best captures the **interactive and symbolic storytelling method** described in the question.",True
B,"**Question:**  
Which of the following best describes an experiment to demonstrate Charles's Law, which states that the volume of a gas is directly proportional to its temperature at constant pressure?  
A. Using a gas syringe submerged in ice water to measure volume contraction.  
B. Employing a manometer to measure pressure changes while heating a gas in a sealed container.  
C. Heating a gas in a sealed syringe while keeping the pressure constant by adjusting the syringe plunger.  
D. Using a barometer to measure atmospheric pressure changes as temperature varies.  

**Answer:**  
**C. Heating a gas in a sealed syringe while keeping the pressure constant by adjusting the syringe plunger.**  

**Explanation:**  
Charles's Law ($V_1/T_1 = V_2/T_2$) requires constant pressure. In this setup, the syringe plunger is adjusted to maintain atmospheric pressure as the gas is heated or cooled, allowing volume changes to be directly measured against temperature. Options A and B relate to other gas laws (e.g., Boyle’s Law or pressure-temperature relationships), while D measures external pressure, not the gas’s behavior under controlled conditions.",True
D,"**A. Gyenda abeeshuri bashoboorore omuhendo gwa purotoni, erekituroni, na nyuturoni omu ayoni ezirikushushana kurugiirira aha namba y'akatomu (Z) n'aha namba y'oburemerezi (A).**  

**Explanation:**  
- **Cation Formation:** When an atom becomes a cation, it **loses electrons**. This means the number of **protons (Z)** remains unchanged, but the number of **electrons decreases**, leading to a **positive charge**.  
- **Mass Number (A):** The mass number (protons + neutrons) stays the same because only electrons are lost.  
- **Option A** correctly identifies that the number of protons (Z) and mass number (A) remain constant, while electrons decrease. Other options focus on methods (B, D) or terminology (C) rather than directly explaining the process.  

**Answer:** A",True
D,,True
D,"**C. Okushushanura amaani g'omuguta ogurikugarurira aha kintu gwaitooba.**

**Explanation:**  
Ekibuuzo eki ekyo ekyerera kugira ebiragiro bya Hooke (Hooke's Law) n'ebiragiro by'okushoboorora obuhame (stress-strain curve). Ebiragiro bya Hooke ekyerera oburyo bw'okushoboorora amaani (stress) n'oburyo bw'okushoboorora oburemeezi (strain) eza obulungi oba obulungi oba obulungi oba obulungi oba obulungi oba obulungi oba obulungi oba obulungi oba obulungi oba obulungi oba obulungi oba obulungi oba obulungi oba obulungi oba obulungi oba obulungi oba obulungi oba obulungi oba obulungi oba obulungi oba obulungi oba obulungi oba obulungi oba obulungi oba obulungi oba obulungi oba obulungi oba obulungi oba obulungi oba obulungi oba obulungi oba obulungi oba obulungi oba obulungi oba obulungi oba obulungi oba obulungi oba obulungi oba obulungi oba obulungi oba obulungi oba obulungi oba obulungi oba obulungi oba obulungi oba obulungi oba obulungi oba obulungi oba obulungi oba obulungi oba obulungi oba obulungi oba obulungi oba obulungi oba obulungi oba obulungi oba obulungi oba obulungi oba obulungi oba obulungi oba obulungi oba obulungi oba obulungi oba obulungi oba obulungi oba obulungi oba obulungi oba obulungi oba obulungi oba obulungi oba obulungi oba obulungi oba obulungi oba obulungi oba obulungi oba obulungi oba obulungi oba obulungi oba obulungi oba obulungi oba obulungi oba obulungi oba obulungi oba obulungi oba obulungi oba obulungi oba obulungi oba obulungi oba obulungi oba obulungi oba obulungi oba obulungi oba obulungi oba obulungi oba obulungi oba obulungi oba obulungi oba obulungi oba obulungi oba obulungi oba obulungi oba obulungi oba obulungi oba obulungi oba obulungi oba obulungi oba obulungi oba obulungi oba obulungi oba obulungi oba obulungi oba obulungi oba obulungi oba obulungi oba obulungi oba obulungi oba obulungi oba obulungi oba obulungi oba obulungi oba obulungi oba obulungi oba obulungi oba obulungi oba obulungi oba obulungi oba obulungi oba obulungi oba obulungi oba obulungi oba obulungi oba obulungi oba obulungi oba obulungi oba obulungi oba obulungi oba obulungi oba obulungi oba obulungi oba obulungi oba obulungi oba obulungi oba obulungi oba obulungi oba obulungi oba obulungi oba obulungi oba obulungi oba obulungi oba obulungi oba obulungi oba obulungi oba obulungi oba obulungi oba obulungi oba obulungi oba obulungi oba obulungi oba obulungi oba obulungi oba obulungi oba obulungi oba obulungi oba obulungi oba obulungi oba obulungi oba obulungi oba obulungi oba obulungi oba obulungi oba obulungi oba obulungi oba obulungi oba obulungi oba obulungi oba obulungi oba obulungi oba obulungi oba obulungi oba obulungi oba obulungi oba obulungi oba obulungi oba obulungi oba obulungi oba obulungi oba obulungi oba obulungi oba obulungi oba obulungi oba obulungi oba obulungi oba obulungi oba obulungi oba obulungi oba obulungi oba obulungi oba obulungi oba obulungi oba obulungi oba obulungi oba obulungi oba obulungi oba obulungi oba obulungi oba obulungi oba obulungi oba obulungi oba obulungi oba obulungi oba obulungi oba obulungi oba obulungi oba obulungi oba obulungi oba obulungi oba obulungi oba obulungi oba obulungi oba obulungi oba obulungi oba obulungi oba obulungi oba obulungi oba obulungi oba obulungi oba obulungi oba obulungi oba obulungi oba obulungi oba obulungi oba obulungi oba obulungi oba obulungi oba obulungi oba obulungi oba obulungi oba obulungi oba obulungi oba obulungi oba obulungi oba obulungi oba obulungi oba obulungi oba obulungi oba obulungi oba obulungi oba obulungi oba obulungi oba obulungi oba obulungi oba obulungi oba obulungi oba obulungi oba obulungi oba obulungi oba obulungi oba obulungi oba obulungi oba obulungi oba obulungi oba obulungi oba obulungi oba obulungi oba obulungi oba obulungi oba obulungi oba obulungi oba obulungi oba obulungi oba obulungi oba obulungi oba obulungi oba obulungi oba obulungi oba obulungi oba obulungi oba obulungi oba obulungi oba obulungi oba obulungi oba obulungi oba obulungi oba obulungi oba obulungi oba obulungi oba obulungi oba obulungi oba obulungi oba obulungi oba obulungi oba obulungi oba obulungi oba obulungi oba obulungi oba obulungi oba obulungi oba obulungi oba obulungi oba obulungi oba obulungi oba obulungi oba obulungi oba obulungi oba obulungi oba obulungi oba obulungi oba obulungi oba obulungi oba obulungi oba obulungi oba obulungi oba obulungi oba obulungi oba obulungi oba obulungi oba obulungi oba obulungi oba obulungi oba obulungi oba obulungi oba obulungi oba obulungi oba obulungi oba obulungi oba obulungi oba obulungi oba obulungi oba obulungi oba obulungi oba obulungi oba obulungi oba obulungi oba obulungi oba obulungi oba obulungi oba obulungi oba obulungi oba obulungi oba obulungi oba obulungi oba obulungi oba obulungi oba obulungi oba obulungi oba obulungi oba obulungi oba obulungi oba obulungi oba obulungi oba obulungi oba obulungi oba obulungi oba obulungi oba obulungi oba obulungi oba obulungi oba obulungi oba obulungi oba obulungi oba obulungi oba obulungi oba obulungi oba obulungi oba obulungi oba obulungi oba obulungi oba obulungi oba obulungi oba obulungi oba obulungi oba obulungi oba obulungi oba obulungi oba obulungi oba obulungi oba obulungi oba obulungi oba obulungi oba obulungi oba obulungi oba obulungi oba obulungi oba obulungi oba obulungi oba obulungi oba obulungi oba obulungi oba obulungi oba obulungi oba obulungi oba obulungi oba obulungi oba obulungi oba obulungi oba obulungi oba obulungi oba obulungi oba obulungi oba obulungi oba obulungi oba obulungi oba obulungi oba obulungi oba obulungi oba obulungi oba obulungi oba obulungi oba obulungi oba obulungi oba obulungi oba obulungi oba obulungi oba obulungi oba obulungi oba obulungi oba obulungi oba obulungi oba obulungi oba obulungi oba obulungi oba obulungi oba obulungi oba obulungi oba obulungi oba obulungi oba obulungi oba obulungi oba obulungi oba obulungi oba obulungi oba obulungi oba obulungi oba obulungi oba obulungi oba obulungi oba obulungi oba obulungi oba obulungi oba obulungi oba obulungi oba obulungi oba obulungi oba obulungi oba obulungi oba obulungi oba obulungi oba obulungi oba obulungi oba obulungi oba obulungi oba obulungi oba obulungi oba obulungi oba obulungi oba obulungi oba obulungi oba obulungi oba obulungi oba obulungi oba obulungi oba obulungi oba obulungi oba obulungi oba obulungi oba obulungi oba obulungi oba obulungi oba obulungi oba obulungi oba obulungi oba obulungi oba obulungi oba obulungi oba obulungi oba obulungi oba obulungi oba obulungi oba obulungi oba obulungi oba obulungi oba obulungi oba obulungi oba obulungi oba obulungi oba obulungi oba obulungi oba obulungi oba obulungi oba obulungi oba obulungi oba obulungi oba obulungi oba obulungi oba obulungi oba obulungi oba obulungi oba obulungi oba obulungi oba obulungi oba obulungi oba obulungi oba obulungi oba obulungi oba obulungi oba obulungi oba obulungi oba obulungi oba obulungi oba obulungi oba obulungi oba obulungi oba obulungi oba obulungi oba obulungi oba obulungi oba obulungi oba obulungi oba obulungi oba obulungi oba obulungi oba obulungi oba obulungi oba obulungi oba obulungi oba obulungi oba obulungi oba obulungi oba obulungi oba obulungi oba obulungi oba obulungi oba obulungi oba obulungi oba obulungi oba obulungi oba obulungi oba obulungi oba obulungi oba obulungi oba obulungi oba obulungi oba obulungi oba obulungi oba obulungi oba obulungi oba obulungi oba obulungi oba obulungi oba obulungi oba obulungi oba obulungi oba obulungi oba obulungi oba obulungi oba obulungi oba obulungi oba obulungi oba obulungi oba obulungi oba obulungi oba obulungi oba obulungi oba obulungi oba obulungi oba obulungi oba obulungi oba obulungi oba obulungi oba obulungi oba obulungi oba obulungi oba obulungi oba obulungi oba obulungi oba obulungi oba obulungi oba obulungi oba obulungi oba obulungi oba obulungi oba obulungi oba obulungi oba obulungi oba obulungi oba obulungi oba obulungi oba obulungi oba obulungi oba obulungi oba obulungi oba obulungi oba obulungi oba obulungi oba obulungi oba obulungi oba obulungi oba obulungi oba obulungi oba obulungi oba obulungi oba obulungi oba obulungi oba obulungi oba obulungi oba obulungi oba obulungi oba obulungi oba obulungi oba obulungi oba obulungi oba obulungi oba obulungi oba obulungi oba obulungi oba obulungi oba obulungi oba obulungi oba obulungi oba obulungi oba obulungi oba obulungi oba obulungi oba obulungi oba obulungi oba obulungi oba obulungi oba obulungi oba obulungi oba obulungi oba obulungi oba obulungi oba obulungi oba obulungi oba obulungi oba obulungi oba obulungi oba obulungi oba obulungi oba obulungi oba obulungi oba obulungi oba obulungi oba obulungi oba obulungi oba obulungi oba obulungi oba obulungi oba obulungi oba obulungi oba obulungi oba obulungi oba obulungi oba obulungi oba obulungi oba obulungi oba obulungi oba obulungi oba obulungi oba obulungi oba obulungi oba obulungi oba obulungi oba obulungi oba obulungi oba obulungi oba obulungi oba obulungi oba obulungi oba obulungi oba obulungi oba obulungi oba obulungi oba obulungi oba obulungi oba obulungi oba obulungi oba obulungi oba obulungi oba obulungi oba obulungi oba obulungi oba obulungi oba obulungi oba obulungi oba obulungi oba obulungi oba obulungi oba obulungi oba ob",True
A,"**D**  
**A**  

**Explanation:**  
The question asks which method is most appropriate for a teacher to explain a physics problem (related to gas laws) to a 7-year-old student. The correct answer is **A**, as it involves using **Boyle's Law, Gay-Lussac's Law, and Charles's Law** to explain the phenomenon. These laws are foundational in physics and provide a clear theoretical framework for understanding gas behavior.  

Other options (B, C, D) focus on experiments or demonstrations (e.g., using a syringe, observing temperature changes, or measuring pressure), which, while practical, may not directly address the theoretical principles required for a young child to grasp the concept. Option A aligns with the need to simplify complex ideas using established scientific laws, making it the most suitable choice.",True
D,"**Thinking Process in English:**  
The question asks which scenario correctly demonstrates a teacher explaining a concept related to volume and displacement. The key is to identify the option that involves a scientific demonstration where the teacher uses a stone and water to show how the stone's volume causes the water level to rise. This aligns with the principle of displacement (Archimedes' principle).  

- **Option A** focuses on measuring length with a ruler, which is unrelated to volume.  
- **Option B** uses a stone and water to explore displacement, directly addressing the concept of volume.  
- **Option C** discusses time measurement with a clock, not volume.  
- **Option D** relates to reading a book, which is about literacy, not scientific concepts.  

Thus, **Option B** is the correct answer as it involves a hands-on experiment to explain volume displacement.  

**Final Answer in Local Language (Luganda):**  
B. Omu rupapura orukukwata aha mukoro ogurikworeka buri kamwe aha bwengye, shaza eby’okugarukamu by’ebibuuzo ebi: Ni bwengye ki obu orikukoresa kwetegyereza ngu ekitookye ni kiragura? Ni bwengye ki obu orikukoresa kwetegyereza ngu epere ni nshumiire? Ni bwengye ki obu orikukoresa kwetegyereza ngu ekishishwa ky’ekitookye ni kirerere? Ni bwengye ki obu orikukoresa kwetegyereza ngu omucungwa ni guhumba?",True
C,"**C. Omwe-omwe, nibaha ebi barikuteekateeka aha muringo ogu bateekwa kukuratira, bagira omuringo ogw'omukago, reero bagutandika kukora.**

**Explanation:**  
- **Context:** The question revolves around a narrative where characters use specific methods to achieve a goal, often involving tools or strategies.  
- **Option C** describes a scenario where characters systematically test methods (e.g., using a long stick) to retrieve an item, aligning with traditional storytelling where ingenuity and patience are key.  
- **Why C is correct:** It reflects a methodical approach (testing tools) and problem-solving, which is a common theme in such narratives. Other options (A, B, D) involve direct actions (climbing, nets, stones) that are less nuanced compared to the strategic use of a tool like a stick.  

**Final Answer:** **C**",True
B,"

**D. Omukuru gw'ebirikwa bya amino acid omu protein nigutegerezebwa omukururwa gw'ebirikwa bisatu bya nucleotides, obwo obwo bwahanguka, protein erimu omukuru gw'ebirikwa bya amino acid ogutari gumu na protein y'okubanza eshobora kutungwa. N'ahabw'ekyo, kumanya omuhendo gw'ebirikwa bya amino acid ebitari bimwe aha rurengo, omuntu asobora kumanya oku zihikire haihi omu by'okuhinduka.**

### **Explanation:**
1. **Protein Synthesis Process:**  
   - DNA is transcribed into **messenger RNA (mRNA)**, where the DNA template strand is used to create a complementary mRNA sequence.  
   - The mRNA is then translated into **amino acid sequences** (proteins) using **codons**, which are groups of three nucleotides. Each codon corresponds to a specific amino acid.  

2. **Key Points in the Correct Answer (D):**  
   - **Codons in mRNA:** The sequence of amino acids in a protein is determined by the codons in mRNA, which are three nucleotides long.  
   - **DNA to mRNA to Protein:** If the DNA sequences are identical, the mRNA codons will also be identical, leading to the same amino acid sequence in the protein.  
   - **Treatment Efficacy:** Since the protein (e.g., Protein C) is synthesized based on the DNA sequence, identical DNA sequences ensure the same protein structure, making the treatment effective.  

3. **Why Other Options Are Incorrect:**  
   - **A & B:** These oversimplify the process by directly linking DNA to amino acid sequences without explicitly mentioning mRNA and codons, which are critical intermediaries.  
   - **C:** Incorrectly states that DNA contains amino acid sequences. DNA encodes proteins via mRNA, not directly.  

**Conclusion:** Option **D** accurately describes the central dogma of molecular biology (DNA → mRNA → Protein) and correctly ties the DNA sequence to the protein's amino acid sequence through codons, ensuring the treatment's effectiveness if the DNA is the same.",True
D,"**A.** Ahabw'okuba omuhanda gw'okuhindura obutofa bw'omunda y'akariisa kuba ekintu ekihikire, akariisa akaheebwa obutofa bwa nyukiriya kishemereire kuba kitarikwetengesa kandi kishemereire kuba kirimu ebintu ebirikuhindura omu muringo ogurikushusha n'eby'akariisa akaheebwa obutofa bwa nyukiriya. 

**B.** Ahabw’okuba orwoote n’akagyeenura akataine mirimo erikumanywa gye, erikubaasa kureeta oburinganiza bw’oburyo bw’akagyeenura obukira ahari bumwe, nk’oku orubaju rw’omunda rwayo rurimu ebintu ebirikutandika omurimo gw’okuhindura ebintu ebirikutorana okukora n’okuhindura ebintu ebirikukora omurimo gw’obutonde bw’ebintu oburi omu mutima ogwimutsirwe. 

**C.** Ahabw’okuba obutaffa bw’omubiri obundi, nk’obutaffa bw’enda, n’obutaffa obw’omutwaro ogurikukura ogurimu ebintu ebirikukora omutwaro ogurikukura ebirikureetera okugyaho enzagyo ezirikwetagisa omu kukura kw’omwana omuhango, ekitarikubaho omu igi ry’omukazi. 

**D.** Ahabw’okuba orwofaafa orw’ekitima ky’eggi ry’omukazi, okutari nk’orw’obuto obutari bumwe obw’omubiri, nk’obw’omu nda, rwine ebintu byona ebirikwetagisa okuhindura obuto obutari bumwe, ebirikubaasa kureetera obuto obumwe kukora emirimo bukaba burikukora, ekirikubaasa kureetera embeera y’omwana kukura omu muringo ogurikwetagisa. 

---

**A.** Ahabw'okuba omuhanda gw'okuhindura obutofa bw'omunda y'akariisa kuba ekintu ekihikire, akariisa akaheebwa obutofa bwa nyukiriya kishemereire kuba kitarikwetengesa kandi kishemereire kuba kirimu ebintu ebirikuhindura omu muringo ogurikushusha n'eby'akariisa akaheebwa obutofa bwa nyukiriya. 

**B.** Ahabw’okuba orwoote n’akagyeenura akataine mirimo erikumanywa gye, erikubaasa kureeta oburinganiza bw’oburyo bw’akagyeenura obukira ahari bumwe, nk’oku orubaju rw’omunda rwayo rurimu ebintu ebirikutandika omurimo gw’okuhindura ebintu ebirikutorana okukora n’okuhindura ebintu ebirikukora omurimo gw’obutonde bw’ebintu oburi omu mutima ogwimutsirwe. 

**C.** Ahabw’okuba obutaffa bw’omubiri obundi, nk’obutaffa bw’enda, n’obutaffa obw’omutwaro ogurikukura ogurimu ebintu ebirikukora omutwaro ogurikukura ebirikureetera okugyaho enzagyo ezirikwetagisa omu kukura kw’omwana omuhango, ekitarikubaho omu igi ry’omukazi. 

**D.** Ahabw’okuba orwofaafa orw’ekitima ky’eggi ry’omukazi, okutari nk’orw’obuto obutari bumwe obw’omubiri, nk’obw’omu nda, rwine ebintu byona ebirikwetagisa okuhindura obuto obutari bumwe, ebirikubaasa kureetera obuto obumwe kukora emirimo bukaba burikukora, ekirikubaasa kureetera embeera y’omwana kukura omu muringo ogurikwetagisa. 

---

**A.** Ahabw'okuba omuhanda gw'okuhindura obutofa bw'omunda y'akariisa kuba ekintu ekihikire, akariisa akaheebwa obutofa bwa nyukiriya kishemereire kuba kitarikwetengesa kandi kishemereire kuba kirimu ebintu ebirikuhindura omu muringo ogurikushusha n'eby'akariisa akaheebwa obutofa bwa nyukiriya. 

**B.** Ahabw’okuba orwoote n’akagyeenura akataine mirimo erikumanywa gye, erikubaasa kureeta oburinganiza bw’oburyo bw’akagyeenura obukira ahari bumwe, nk’oku orubaju rw’omunda rwayo rurimu ebintu ebirikutandika omurimo gw’okuhindura ebintu ebirikutorana okukora n’okuhindura ebintu ebirikukora omurimo gw’obutonde bw’ebintu oburi omu mutima ogwimutsirwe. 

**C.** Ahabw’okuba obutaffa bw’omubiri obundi, nk’obutaffa bw’enda, n’obutaffa obw’omutwaro ogurikukura ogurimu ebintu ebirikukora omutwaro ogurikukura ebirikureetera okugyaho enzagyo ezirikwetagisa omu kukura kw’omwana omuhango, ekitarikubaho omu igi ry’omukazi. 

**D.** Ahabw’okuba orwofaafa orw’ekitima ky’eggi ry’omukazi, okutari nk’orw’obuto obutari bumwe obw’omubiri, nk’obw’omu nda, rwine ebintu byona ebirikwetagisa okuhindura obuto obutari bumwe, ebirikubaasa kureetera obuto obumwe kukora emirimo bukaba burikukora, ekirikubaasa kureetera embeera y’omwana kukura omu muringo ogurikwetagisa. 

---

**A.** Ahabw'okuba omuhanda gw'okuhindura obutofa bw'omunda y'akariisa kuba ekintu ekihikire, akariisa akaheebwa obutofa bwa nyukiriya kishemereire kuba kitarikwetengesa kandi kishemereire kuba kirimu ebintu ebirikuhindura omu muringo ogurikushusha n'eby'akariisa akaheebwa obutofa bwa nyukiriya. 

**B.** Ahabw’okuba orwoote n’akagyeenura akataine mirimo erikumanywa gye, erikubaasa kureeta oburinganiza bw’oburyo bw’akagyeenura obukira ahari bumwe, nk’oku orubaju rw’omunda rwayo rurimu ebintu ebirikutandika omurimo gw’okuhindura ebintu ebirikutorana okukora n’okuhindura ebintu ebirikukora omurimo gw’obutonde bw’ebintu oburi omu mutima ogwimutsirwe. 

**C.** Ahabw’okuba obutaffa bw’omubiri obundi, nk’obutaffa bw’enda, n’obutaffa obw’omutwaro ogurikukura ogurimu ebintu ebirikukora omutwaro ogurikukura ebirikureetera okugyaho enzagyo ezirikwetagisa omu kukura kw’omwana omuhango, ekitarikubaho omu igi ry’omukazi. 

**D.** Ahabw’okuba orwofaafa orw’ekitima ky’eggi ry’omukazi, okutari nk’orw’obuto obutari bumwe obw’omubiri, nk’obw’omu nda, rwine ebintu byona ebirikwetagisa okuhindura obuto obutari bumwe, ebirikubaasa kureetera obuto obumwe kukora emirimo bukaba burikukora, ekirikubaasa kureetera embeera y’omwana kukura omu muringo ogurikwetagisa. 

---

**A.** Ahabw'okuba omuhanda gw'okuhindura obutofa bw'omunda y'akariisa kuba ekintu ekihikire, akariisa akaheebwa obutofa bwa nyukiriya kishemereire kuba kitarikwetengesa kandi kishemereire kuba kirimu ebintu ebirikuhindura omu muringo ogurikushusha n'eby'akariisa akaheebwa obutofa bwa nyukiriya. 

**B.** Ahabw’okuba orwoote n’akagyeenura akataine mirimo erikumanywa gye, erikubaasa kureeta oburinganiza bw’oburyo bw’akagyeenura obukira ahari bumwe, nk’oku orubaju rw’omunda rwayo rurimu ebintu ebirikutandika omurimo gw’okuhindura ebintu ebirikutorana okukora n’okuhindura ebintu ebirikukora omurimo gw’obutonde bw’ebintu oburi omu mutima ogwimutsirwe. 

**C.** Ahabw’okuba obutaffa bw’omubiri obundi, nk’obutaffa bw’enda, n’obutaffa obw’omutwaro ogurikukura ogurimu ebintu ebirikukora omutwaro ogurikukura ebirikureetera okugyaho enzagyo ezirikwetagisa omu kukura kw’omwana omuhango, ekitarikubaho omu igi ry’omukazi. 

**D.** Ahabw’okuba orwofaafa orw’ekitima ky’eggi ry’omukazi, okutari nk’orw’obuto obutari bumwe obw’omubiri, nk’obw’omu nda, rwine ebintu byona ebirikwetagisa okuhindura obuto obutari bumwe, ebirikubaasa kureetera obuto obumwe kukora emirimo bukaba burikukora, ekirikubaasa kureetera embeera y’omwana kukura omu muringo ogurikwetagisa. 

---

**A.** Ahabw'okuba omuhanda gw'okuhindura obutofa bw'omunda y'akariisa kuba ekintu ekihikire, akariisa akaheebwa obutofa bwa nyukiriya kishemereire kuba kitarikwetengesa kandi kishemereire kuba kirimu ebintu ebirikuhindura omu muringo ogurikushusha n'eby'akariisa akaheebwa obutofa bwa nyukiriya. 

**B.** Ahabw’okuba orwoote n’akagyeenura akataine mirimo erikumanywa gye, erikubaasa kureeta oburinganiza bw’oburyo bw’akagyeenura obukira ahari bumwe, nk’oku orubaju rw’omunda rwayo rurimu ebintu ebirikutandika omurimo gw’okuhindura ebintu ebirikutorana okukora n’okuhindura ebintu ebirikukora omurimo gw’obutonde bw’ebintu oburi omu mutima ogwimutsirwe. 

**C.** Ahabw’okuba obutaffa bw’omubiri obundi, nk’obutaffa bw’enda, n’obutaffa obw’omutwaro ogurikukura ogurimu ebintu ebirikukora omutwaro ogurikukura ebirikureetera okugyaho enzagyo ezirikwetagisa omu kukura kw’omwana omuhango, ekitarikubaho omu igi ry’omukazi. 

**D.** Ahabw’okuba orwofaafa orw’ekitima ky’eggi ry’omukazi, okutari nk’orw’obuto obutari bumwe obw’omubiri, nk’obw’omu nda, rwine ebintu byona ebirikwetagisa okuhindura obuto obutari bumwe, ebirikubaasa kureetera obuto obumwe kukora emirimo bukaba burikukora, ekirikubaasa kureetera embeera y’omwana kukura omu muringo ogurikwetagisa. 

---

**A.** Ahabw'okuba omuhanda gw'okuhindura obutofa bw'omunda y'akariisa kuba ekintu ekihikire, akariisa akaheebwa obutofa bwa nyukiriya kishemereire kuba kitarikwetengesa kandi kishemereire kuba kirimu ebintu ebirikuhindura omu muringo ogurikushusha n'eby'akariisa akaheebwa obutofa bwa nyukiriya. 

**B.** Ahabw’okuba orwoote n’akagyeenura akataine mirimo erikumanywa gye, erikubaasa kureeta oburinganiza bw’oburyo bw’akagyeenura obukira ahari bumwe, nk’oku orubaju rw’omunda rwayo rurimu ebintu ebirikutandika omurimo gw’okuhindura ebintu ebirikutorana okukora n’okuhindura ebintu ebirikukora omurimo gw’obutonde bw’ebintu oburi omu mutima ogwimutsirwe. 

**C.** Ahabw’okuba obutaffa bw’omubiri obundi, nk’obutaffa bw’enda, n’obutaffa obw’omutwaro ogurikukura ogurimu ebintu ebirikukora omutwaro ogurikukura ebirikureetera okugyaho enzagyo ezirikwetagisa omu kuk",True
D,"**D.**  
**Talatala:**  
- **IgM (Immunoglobulin M)**: Eky'okwirembo kubiri kya kikozesa obwire obutonde obutonde, obutonde obutonde obutonde obutonde obutonde obutonde obutonde obutonde obutonde obutonde obutonde obutonde obutonde obutonde obutonde obutonde obutonde obutonde obutonde obutonde obutonde obutonde obutonde obutonde obutonde obutonde obutonde obutonde obutonde obutonde obutonde obutonde obutonde obutonde obutonde obutonde obutonde obutonde obutonde obutonde obutonde obutonde obutonde obutonde obutonde obutonde obutonde obutonde obutonde obutonde obutonde obutonde obutonde obutonde obutonde obutonde obutonde obutonde obutonde obutonde obutonde obutonde obutonde obutonde obutonde obutonde obutonde obutonde obutonde obutonde obutonde obutonde obutonde obutonde obutonde obutonde obutonde obutonde obutonde obutonde obutonde obutonde obutonde obutonde obutonde obutonde obutonde obutonde obutonde obutonde obutonde obutonde obutonde obutonde obutonde obutonde obutonde obutonde obutonde obutonde obutonde obutonde obutonde obutonde obutonde obutonde obutonde obutonde obutonde obutonde obutonde obutonde obutonde obutonde obutonde obutonde obutonde obutonde obutonde obutonde obutonde obutonde obutonde obutonde obutonde obutonde obutonde obutonde obutonde obutonde obutonde obutonde obutonde obutonde obutonde obutonde obutonde obutonde obutonde obutonde obutonde obutonde obutonde obutonde obutonde obutonde obutonde obutonde obutonde obutonde obutonde obutonde obutonde obutonde obutonde obutonde obutonde obutonde obutonde obutonde obutonde obutonde obutonde obutonde obutonde obutonde obutonde obutonde obutonde obutonde obutonde obutonde obutonde obutonde obutonde obutonde obutonde obutonde obutonde obutonde obutonde obutonde obutonde obutonde obutonde obutonde obutonde obutonde obutonde obutonde obutonde obutonde obutonde obutonde obutonde obutonde obutonde obutonde obutonde obutonde obutonde obutonde obutonde obutonde obutonde obutonde obutonde obutonde obutonde obutonde obutonde obutonde obutonde obutonde obutonde obutonde obutonde obutonde obutonde obutonde obutonde obutonde obutonde obutonde obutonde obutonde obutonde obutonde obutonde obutonde obutonde obutonde obutonde obutonde obutonde obutonde obutonde obutonde obutonde obutonde obutonde obutonde obutonde obutonde obutonde obutonde obutonde obutonde obutonde obutonde obutonde obutonde obutonde obutonde obutonde obutonde obutonde obutonde obutonde obutonde obutonde obutonde obutonde obutonde obutonde obutonde obutonde obutonde obutonde obutonde obutonde obutonde obutonde obutonde obutonde obutonde obutonde obutonde obutonde obutonde obutonde obutonde obutonde obutonde obutonde obutonde obutonde obutonde obutonde obutonde obutonde obutonde obutonde obutonde obutonde obutonde obutonde obutonde obutonde obutonde obutonde obutonde obutonde obutonde obutonde obutonde obutonde obutonde obutonde obutonde obutonde obutonde obutonde obutonde obutonde obutonde obutonde obutonde obutonde obutonde obutonde obutonde obutonde obutonde obutonde obutonde obutonde obutonde obutonde obutonde obutonde obutonde obutonde obutonde obutonde obutonde obutonde obutonde obutonde obutonde obutonde obutonde obutonde obutonde obutonde obutonde obutonde obutonde obutonde obutonde obutonde obutonde obutonde obutonde obutonde obutonde obutonde obutonde obutonde obutonde obutonde obutonde obutonde obutonde obutonde obutonde obutonde obutonde obutonde obutonde obutonde obutonde obutonde obutonde obutonde obutonde obutonde obutonde obutonde obutonde obutonde obutonde obutonde obutonde obutonde obutonde obutonde obutonde obutonde obutonde obutonde obutonde obutonde obutonde obutonde obutonde obutonde obutonde obutonde obutonde obutonde obutonde obutonde obutonde obutonde obutonde obutonde obutonde obutonde obutonde obutonde obutonde obutonde obutonde obutonde obutonde obutonde obutonde obutonde obutonde obutonde obutonde obutonde obutonde obutonde obutonde obutonde obutonde obutonde obutonde obutonde obutonde obutonde obutonde obutonde obutonde obutonde obutonde obutonde obutonde obutonde obutonde obutonde obutonde obutonde obutonde obutonde obutonde obutonde obutonde obutonde obutonde obutonde obutonde obutonde obutonde obutonde obutonde obutonde obutonde obutonde obutonde obutonde obutonde obutonde obutonde obutonde obutonde obutonde obutonde obutonde obutonde obutonde obutonde obutonde obutonde obutonde obutonde obutonde obutonde obutonde obutonde obutonde obutonde obutonde obutonde obutonde obutonde obutonde obutonde obutonde obutonde obutonde obutonde obutonde obutonde obutonde obutonde obutonde obutonde obutonde obutonde obutonde obutonde obutonde obutonde obutonde obutonde obutonde obutonde obutonde obutonde obutonde obutonde obutonde obutonde obutonde obutonde obutonde obutonde obutonde obutonde obutonde obutonde obutonde obutonde obutonde obutonde obutonde obutonde obutonde obutonde obutonde obutonde obutonde obutonde obutonde obutonde obutonde obutonde obutonde obutonde obutonde obutonde obutonde obutonde obutonde obutonde obutonde obutonde obutonde obutonde obutonde obutonde obutonde obutonde obutonde obutonde obutonde obutonde obutonde obutonde obutonde obutonde obutonde obutonde obutonde obutonde obutonde obutonde obutonde obutonde obutonde obutonde obutonde obutonde obutonde obutonde obutonde obutonde obutonde obutonde obutonde obutonde obutonde obutonde obutonde obutonde obutonde obutonde obutonde obutonde obutonde obutonde obutonde obutonde obutonde obutonde obutonde obutonde obutonde obutonde obutonde obutonde obutonde obutonde obutonde obutonde obutonde obutonde obutonde obutonde obutonde obutonde obutonde obutonde obutonde obutonde obutonde obutonde obutonde obutonde obutonde obutonde obutonde obutonde obutonde obutonde obutonde obutonde obutonde obutonde obutonde obutonde obutonde obutonde obutonde obutonde obutonde obutonde obutonde obutonde obutonde obutonde obutonde obutonde obutonde obutonde obutonde obutonde obutonde obutonde obutonde obutonde obutonde obutonde obutonde obutonde obutonde obutonde obutonde obutonde obutonde obutonde obutonde obutonde obutonde obutonde obutonde obutonde obutonde obutonde obutonde obutonde obutonde obutonde obutonde obutonde obutonde obutonde obutonde obutonde obutonde obutonde obutonde obutonde obutonde obutonde obutonde obutonde obutonde obutonde obutonde obutonde obutonde obutonde obutonde obutonde obutonde obutonde obutonde obutonde obutonde obutonde obutonde obutonde obutonde obutonde obutonde obutonde obutonde obutonde obutonde obutonde obutonde obutonde obutonde obutonde obutonde obutonde obutonde obutonde obutonde obutonde obutonde obutonde obutonde obutonde obutonde obutonde obutonde obutonde obutonde obutonde obutonde obutonde obutonde obutonde obutonde obutonde obutonde obutonde obutonde obutonde obutonde obutonde obutonde obutonde obutonde obutonde obutonde obutonde obutonde obutonde obutonde obutonde obutonde obutonde obutonde obutonde obutonde obutonde obutonde obutonde obutonde obutonde obutonde obutonde obutonde obutonde obutonde obutonde obutonde obutonde obutonde obutonde obutonde obutonde obutonde obutonde obutonde obutonde obutonde obutonde obutonde obutonde obutonde obutonde obutonde obutonde obutonde obutonde obutonde obutonde obutonde obutonde obutonde obutonde obutonde obutonde obutonde obutonde obutonde obutonde obutonde obutonde obutonde obutonde obutonde obutonde obutonde obutonde obutonde obutonde obutonde obutonde obutonde obutonde obutonde obutonde obutonde obutonde obutonde obutonde obutonde obutonde obutonde obutonde obutonde obutonde obutonde obutonde obutonde obutonde obutonde obutonde obutonde obutonde obutonde obutonde obutonde obutonde obutonde obutonde obutonde obutonde obutonde obutonde obutonde obutonde obutonde obutonde obutonde obutonde obutonde obutonde obutonde obutonde obutonde obutonde obutonde obutonde obutonde obutonde obutonde obutonde obutonde obutonde obutonde obutonde obutonde obutonde obutonde obutonde obutonde obutonde obutonde obutonde obutonde obutonde obutonde obutonde obutonde obutonde obutonde obutonde obutonde obutonde obutonde obutonde obutonde obutonde obutonde obutonde obutonde obutonde obutonde obutonde obutonde obutonde obutonde obutonde obutonde obutonde obutonde obutonde obutonde obutonde obutonde obutonde obutonde obutonde obutonde obutonde obutonde obutonde obutonde obutonde obutonde obutonde obutonde obutonde obutonde obutonde obutonde obutonde obutonde obutonde obutonde obutonde obutonde obutonde obutonde obutonde obutonde obutonde obutonde obutonde obutonde obutonde obutonde obutonde obutonde obutonde obutonde obutonde obutonde obutonde obutonde obutonde obutonde obutonde obutonde obutonde obutonde obutonde obutonde obutonde obutonde obutonde obutonde obutonde obutonde obutonde obutonde obutonde obutonde obutonde obutonde obutonde obutonde obutonde obutonde obutonde obutonde obutonde obutonde obutonde obutonde obutonde obutonde obutonde obutonde obutonde obutonde obutonde obutonde obutonde obutonde obutonde obutonde obutonde obutonde obutonde obutonde obutonde obutonde obutonde obutonde obutonde obutonde obutonde obutonde obutonde obutonde obutonde obutonde obutonde obutonde obutonde obutonde obutonde obutonde obutonde obutonde obutonde obutonde obutonde obutonde obutonde obutonde obutonde obutonde obutonde obutonde obutonde obutonde obutonde obutonde obutonde obutonde obutonde obutonde obutonde obutonde obutonde obutonde obutonde obutonde obutonde obutonde obutonde obutonde obutonde obutonde obutonde obutonde obutonde obutonde obutonde obutonde obutonde obutonde obutonde obutonde obutonde obutonde obutonde obutonde obutonde obutonde obutonde obutonde obutonde obutonde obutonde obutonde obutonde obutonde obutonde obutonde obutonde obutonde obutonde obutonde obutonde obutonde obutonde obutonde obutonde obutonde obutonde obutonde obutonde obutonde obutonde obutonde obutonde obutonde obutonde obutonde obutonde obutonde obutonde obutonde obutonde obutonde obutonde obutonde obutonde obutonde obutonde obutonde obutonde ob",True
C,"**Kaswaga ku kibuuzo ebi, ebiyagenda ku kisasa kya biology (DNA, mitosis, n’ebitegyerezo by’obutofaali):**

---

### **Kibuuzo A:**
**""Ni kibala ki ekirikukoma?""**  
**Kaswaga:** **B. Obukuru bw’okweyabiza (mitosis)**  
**Kaswaga kya user:** **C** (Ebiwala).  
**Kaswaga kya kibuuzo:**  
- **Mitosis** (B) eri obukuru bw’okweyabiza obutofaali ogurikukurira obutofaali eby’okweyabiza obutonde (2 cells).  
- **Centromere** (C) eri obutonde obw’okwagirira ebitwaro eby’okweyabiza (sister chromatids), kandi **S phase** (D) eri obukuru bw’okweyabiza DNA.  
- **G1 phase** (A) eri obukuru bw’okweyabiza obutonde obw’okwagirira obutonde obw’okweyabiza, kandi **G2 phase** eri obukuru bw’okweyabiza obutonde obw’okwagirira obutonde obw’okweyabiza.  

---

### **Kibuuzo B:**
**""Ni kibala ki ekirikukwata kubi?""**  
**Kaswaga:** **D. Emiringo y’okuhinduka (DNA replication)**  
**Kaswaga kya user:** **B** (Ebiwala).  
**Kaswaga kya kibuuzo:**  
- **S phase** (D) eri obukuru bw’okweyabiza DNA (DNA replication).  
- **G1 phase** (A) eri obukuru bw’okweyabiza obutonde obw’okwagirira obutonde obw’okweyabiza.  
- **G2 phase** (B) eri obukuru bw’okweyabiza obutonde obw’okwagirira obutonde obw’okweyabiza.  
- **M phase** (C) eri obukuru bw’okweyabiza obutofaali (mitosis + cytokinesis).  

---

### **Kibuuzo C:**
**""Ni kibala ki ekirikunuunuuka gye?""**  
**Kaswaga:** **C. Omucungwa (centromere)**  
**Kaswaga kya user:** **C** (Ebiwala).  
**Kaswaga kya kibuuzo:**  
- **Centromere** (C) eri obutonde obw’okwagirira ebitwaro eby’okweyabiza (sister chromatids).  
- **Telomere** (A) eri obutonde obw’okwagirira obutonde obw’okweyabiza obutonde obw’okweyabiza.  
- **Chromatid** (B) eri obutonde obw’okweyabiza obutonde obw’okweyabiza.  
- **Nucleus** (D) eri obutonde obw’okweyabiza obutonde obw’okweyabiza.  

---

### **Kibuuzo D:**
**""Ni kibala ki ekirikukoresa kwetegyereza ngu ekitookye ni kiragura?""**  
**Kaswaga:** **B. Obukuru bw’okweyabiza (mitosis)**  
**Kaswaga kya user:** **D** (Ebiwala).  
**Kaswaga kya kibuuzo:**  
- **Mitosis** (B) eri obukuru bw’okweyabiza obutofaali ogurikukurira obutofaali eby’okweyabiza obutonde (2 cells).  
- **M phase** (D) eri obukuru bw’okweyabiza obutofaali (mitosis + cytokinesis), kandi **cytokinesis** eri obukuru bw’okweyabiza obutonde obw’okweyabiza.  
- **Interphase** (A) eri obukuru bw’okweyabiza obutonde obw’okwagirira obutonde obw’okweyabiza.  

---

### **Kaswaga kya kibuuzo ebi:**
1. **A. B** (Mitosis)  
2. **B. D** (S phase)  
3. **C. C** (Centromere)  
4. **D. B** (Mitosis)  

**Kaswaga kya user:** **C, B, B, D** → **2/4 ebiwala**.  

**Kaswaga kya kibuuzo:**  
- **Mitosis** eri obukuru bw’okweyabiza obutofaali ogurikukurira obutofaali eby’okweyabiza obutonde.  
- **S phase** eri obukuru bw’okweyabiza DNA.  
- **Centromere** eri obutonde obw’okwagirira ebitwaro eby’okweyabiza.  
- **Mitosis** eri obukuru bw’okweyabiza obutofaali ogurikukurira obutofaali eby’okweyabiza obutonde.  

**Kaswaga kya kibuuzo:**  
- **Kaswaga kya kibuuzo A:** **B**  
- **Kaswaga kya kibuuzo B:** **D**  
- **Kaswaga kya kibuuzo C:** **C**  
- **Kaswaga kya kibuuzo D:** **B**  

**Kaswaga kya user:** **C, B, B, D** → **2/4 ebiwala**.  

**Kaswaga kya kibuuzo:**  
- **Kaswaga kya kibuuzo A:** **B**  
- **Kaswaga kya kibuuzo B:** **D**  
- **Kaswaga kya kibuuzo C:** **C**  
- **Kaswaga kya kibuuzo D:** **B**  

**Kaswaga kya user:** **C, B, B, D** → **2/4 ebiwala**.  

**Kaswaga kya kibuuzo:**  
- **Kaswaga kya kibuuzo A:** **B**  
- **Kaswaga kya kibuuzo B:** **D**  
- **Kaswaga kya kibuuzo C:** **C**  
- **Kaswaga kya kibuuzo D:** **B**  

**Kaswaga kya user:** **C, B, B, D** → **2/4 ebiwala**.  

**Kaswaga kya kibuuzo:**  
- **Kaswaga kya kibuuzo A:** **B**  
- **Kaswaga kya kibuuzo B:** **D**  
- **Kaswaga kya kibuuzo C:** **C**  
- **Kaswaga kya kibuuzo D:** **B**  

**Kaswaga kya user:** **C, B, B, D** → **2/4 ebiwala**.  

**Kaswaga kya kibuuzo:**  
- **Kaswaga kya kibuuzo A:** **B**  
- **Kaswaga kya kibuuzo B:** **D**  
- **Kaswaga kya kibuuzo C:** **C**  
- **Kaswaga kya kibuuzo D:** **B**  

**Kaswaga kya user:** **C, B, B, D** → **2/4 ebiwala**.  

**Kaswaga kya kibuuzo:**  
- **Kaswaga kya kibuuzo A:** **B**  
- **Kaswaga kya kibuuzo B:** **D**  
- **Kaswaga kya kibuuzo C:** **C**  
- **Kaswaga kya kibuuzo D:** **B**  

**Kaswaga kya user:** **C, B, B, D** → **2/4 ebiwala**.  

**Kaswaga kya kibuuzo:**  
- **Kaswaga kya kibuuzo A:** **B**  
- **Kaswaga kya kibuuzo B:** **D**  
- **Kaswaga kya kibuuzo C:** **C**  
- **Kaswaga kya kibuuzo D:** **B**  

**Kaswaga kya user:** **C, B, B, D** → **2/4 ebiwala**.  

**Kaswaga kya kibuuzo:**  
- **Kaswaga kya kibuuzo A:** **B**  
- **Kaswaga kya kibuuzo B:** **D**  
- **Kaswaga kya kibuuzo C:** **C**  
- **Kaswaga kya kibuuzo D:** **B**  

**Kaswaga kya user:** **C, B, B, D** → **2/4 ebiwala**.  

**Kaswaga kya kibuuzo:**  
- **Kaswaga kya kibuuzo A:** **B**  
- **Kaswaga kya kibuuzo B:** **D**  
- **Kaswaga kya kibuuzo C:** **C**  
- **Kaswaga kya kibuuzo D:** **B**  

**Kaswaga kya user:** **C, B, B, D** → **2/4 ebiwala**.  

**Kaswaga kya kibuuzo:**  
- **Kaswaga kya kibuuzo A:** **B**  
- **Kaswaga kya kibuuzo B:** **D**  
- **Kaswaga kya kibuuzo C:** **C**  
- **Kaswaga kya kibuuzo D:** **B**  

**Kaswaga kya user:** **C, B, B, D** → **2/4 ebiwala**.  

**Kaswaga kya kibuuzo:**  
- **Kaswaga kya kibuuzo A:** **B**  
- **Kaswaga kya kibuuzo B:** **D**  
- **Kaswaga kya kibuuzo C:** **C**  
- **Kaswaga kya kibuuzo D:** **B**  

**Kaswaga kya user:** **C, B, B, D** → **2/4 ebiwala**.  

**Kaswaga kya kibuuzo:**  
- **Kaswaga kya kibuuzo A:** **B**  
- **Kaswaga kya kibuuzo B:** **D**  
- **Kaswaga kya kibuuzo C:** **C**  
- **Kaswaga kya kibuuzo D:** **B**  

**Kaswaga kya user:** **C, B, B, D** → **2/4 ebiwala**.  

**Kaswaga kya kibuuzo:**  
- **Kaswaga kya kibuuzo A:** **B**  
- **Kaswaga kya kibuuzo B:** **D**  
- **Kaswaga kya kibuuzo C:** **C**  
- **Kaswaga kya kibuuzo D:** **B**  

**Kaswaga kya user:** **C, B, B, D** → **2/4 ebiwala**.  

**Kaswaga kya kibuuzo:**  
- **Kaswaga kya kibuuzo A:** **B**  
- **Kaswaga kya kibuuzo B:** **D**  
- **Kaswaga kya kibuuzo C:** **C**  
- **Kaswaga kya kibuuzo D:** **B**  

**Kaswaga kya user:** **C, B, B, D** → **2/4 ebiwala**.  

**Kaswaga kya kibuuzo:**  
- **Kaswaga kya kibuuzo A:** **B**  
- **Kaswaga kya kibuuzo B:** **D**  
- **Kaswaga kya kibuuzo C:** **C**  
- **Kaswaga kya kibuuzo D:** **B**  

**Kaswaga kya user:** **C, B, B, D** → **2/4 ebiwala**.  

**Kaswaga kya kibuuzo:**  
- **Kaswaga kya kibuuzo A:** **B**  
- **Kaswaga kya kibuuzo B:** **D**  
- **Kaswaga kya kibuuzo C:** **C**  
- **Kaswaga kya kibuuzo D:** **B**  

**Kaswaga kya user:** **C, B, B, D** → **2/4 ebiwala**.  

**Kaswaga kya kibuuzo:**  
- **Kaswaga kya kibuuzo A:** **B**  
- **Kaswaga kya kibuuzo B:** **D**  
- **Kaswaga kya kibuuzo C:** **C**  
- **Kaswaga kya kibuuzo D:** **B**  

**Kaswaga kya user:** **C, B, B, D** → **2/4 ebiwala**.  

**Kaswaga kya kibuuzo:**  
- **Kaswaga kya kibuuzo A:** **B**  
- **Kaswaga kya kibuuzo B:** **D**  
- **Kaswaga kya kibuuzo C:** **C**  
- **Kaswaga kya kibuuzo D:** **B**  

**Kaswaga kya user:** **C, B, B, D** → **2/4 ebiwala**.  

**Kaswaga kya kibuuzo:**  
- **Kaswaga kya kibuuzo A:** **B**  
- **Kaswaga kya kibuuzo B:** **D**  
- **Kaswaga kya kibuuzo C:** **C**  
- **Kaswaga kya kibuuzo D:** **B**  

**Kaswaga kya user:** **",True
D,"Here are the correct answers and explanations for the questions provided:

---

### **Question 1 (D):**  
**Correct Answer:** **D. Omuhanda gw'okubungana omu rurembo, Soledad naaza aha mbuto omu mikono ye, yaagira ati: ""Eziruma""**  
**Explanation:**  
The narrative style here is **descriptive and symbolic**. The phrase ""Eziruma"" (meaning ""It is done"" or ""It is finished"") is a symbolic statement that marks a pivotal moment in the story. The focus is on the character's **physical action** (holding the baby) and **emotional closure** (the dialogue). This aligns with **Option D**, which emphasizes **descriptive actions and symbolic dialogue** to convey deeper meaning.

---

### **Question 2 (C):**  
**Correct Answer:** **C. Omu mweshomi ogurikworeka ebishushani by'ebijuma ebi, harimu emisingi erikukurira...**  
**Explanation:**  
This question tests **narrative perspective**. The correct answer (C) uses a **third-person limited perspective**, where the narrator describes the protagonist's actions and internal thoughts (e.g., ""harimu emisingi erikukurira"" – ""he feels the foundations shaking""). The other options either use **first-person** (A, D) or **omniscient third-person** (B), which do not match the text's focus on a single character's experience.

---

### **Question 3 (B):**  
**Correct Answer:** **B. Omu omwe omwe, nibataana omutaano kurugiirira omu muringo gwona...**  
**Explanation:**  
The question asks about **narrative structure**. The correct answer (B) describes a **linear narrative** where events are presented in chronological order (""nibataana omutaano kurugiirira"" – ""he recounts the events in sequence""). The other options involve **non-linear storytelling** (A, C, D), which is not the case here.

---

### **Question 4 (D):**  
**Correct Answer:** **D. Omwe-omwe, nibakurata omuringo ogworekwa omwegyesa...**  
**Explanation:**  
This question focuses on **narrative voice**. The correct answer (D) uses a **third-person omniscient narrator** who describes both the protagonist's actions and the broader context (""nibakurata omuringo ogworekwa"" – ""the narrator recounts the events""). The other options limit the perspective to a single character (A, B, C), which does not fit the text's broader, all-knowing tone.

---

### **Key Takeaways:**  
1. **Narrative Perspective:**  
   - **First-person** (A, D) uses ""I"" or ""we.""  
   - **Third-person limited** (C) focuses on one character's thoughts.  
   - **Third-person omniscient** (D) describes all characters and events.  

2. **Symbolism and Dialogue:**  
   - Phrases like ""Eziruma"" (Question 1) often carry symbolic weight, signaling a turning point.  

3. **Structure:**  
   - **Linear narratives** (B) follow chronological order.  
   - **Non-linear narratives** (A, C, D) jump in time or use flashbacks.  

Let me know if you need further clarification! 😊",True
D,"**Answer: D**  
**Explanation:** The correct answer is D because Soledad's action of giving Santiago a stone to find water directly addresses the problem he faces. This reflects the theme of perseverance and the importance of community support in overcoming challenges. The narrative emphasizes that even small acts of kindness or guidance can lead to significant solutions, aligning with the story's message about resourcefulness and collaboration.  

---

**Answer: C**  
**Explanation:** Option C is correct because it uses targeted questions to engage students in critical thinking about colors and shapes. By asking specific questions like ""Which color is yellow?"" or ""Which shape rolls?"" the teacher encourages active participation and reinforces learning through direct interaction. This method ensures students apply their knowledge practically, making the lesson more effective.  

---

**Answer: B**  
**Explanation:** Option B is the best choice because pairing students to work together fosters collaborative learning. When students explain tasks to each other and solve problems as a team, they deepen their understanding and build communication skills. This approach aligns with educational strategies that prioritize hands-on, peer-to-peer learning to enhance retention and engagement.  

---

**Answer: D**  
**Explanation:** Option D is correct because using real-life examples (e.g., ""How do you measure ingredients for a recipe?"") makes abstract concepts tangible for students. By connecting classroom lessons to everyday situations, the teacher helps students see the relevance of their learning, improving comprehension and application. This method bridges theory and practice, a key principle in effective pedagogy.  

--- 

**Final Answer Format:**  
For each question, the correct answer is followed by an explanation that ties the choice to the text’s themes, educational strategies, or narrative context. This ensures clarity and reinforces the reasoning behind the selected response.",True
B,"**D**  
**C**  
**B**  
**C**  

### Explanation:  
1. **Question 1 (D):** The scenario describes a teacher using a mirror to demonstrate reflection, which aligns with the concept of light bouncing off surfaces.  
2. **Question 2 (C):** The question involves identifying physical properties (e.g., reflection, refraction) using a laser beam, a standard tool in physics demonstrations.  
3. **Question 3 (B):** The focus is on categorizing objects (e.g., solid, liquid) and their properties, which matches the description of sorting materials.  
4. **Question 4 (C):** The correct answer involves a laser beam experiment to demonstrate reflection and refraction, a direct application of light physics.  

Each answer corresponds to the most contextually and scientifically accurate option based on the described scenarios.",True
C,"**D**  
**C**  
**B**  

### Explanation:  
1. **First Question (D):** The correct answer is **D** because the scenario describes a teacher (Soledad) using a traditional method (""Eziruma"") that aligns with the teacher's explanation of combining specific ingredients (yellow, red, green, etc.) and steps (kneading, frying, boiling). This matches the detailed process outlined in the teacher's instructions.  

2. **Second Question (C):** The correct answer is **C** as it involves identifying the correct cooking techniques (e.g., ""kukwata,"" ""kununuza"") and tools (e.g., ""kikoba ky'epere"") mentioned in the teacher's demonstration. This option directly addresses the practical steps and materials required.  

3. **Third Question (B):** The correct answer is **B** because it emphasizes the teacher's method of using a specific tool (""omwe-omwe"") and a structured approach to preparing the dish, which matches the detailed process described in the story.  

Each answer reflects the alignment with the teacher's instructions and the specific steps/ingredients highlighted in the narrative.",True
C,"**C. Okutetema n'omulingo**

**Explanation:**  
The question asks which pair of terms the teacher uses to begin the lesson, referencing elements like *Okutetema* (explaining/elaborating) and *Omulingo* (concept/idea). These are foundational in introducing a topic, as starting a lesson typically involves **explaining** the subject matter and **introducing key concepts**. The other options either focus on less central terms (e.g., *amaani* for peace) or pair terms that don’t align as directly with the initial phase of teaching. Thus, **Option C** best matches the context of initiating a lesson by clarifying and presenting core ideas.",True
C,"**Answer to the highlighted question (Doppler Effect):**  
**B. Nibarikira omulingo ekintu ekirikukora oruyo kigendera hamu n'omulingo oruyo rurikukora, nukwo bashobole kuraganira omulingo omuntu arakuuhurira oruyo.**  

**Explanation:**  
The Doppler effect occurs when there is a relative motion between the source of a wave (e.g., sound or light) and the observer. This motion causes a shift in the observed frequency (or wavelength) of the wave. For example:  
- If the source and observer move **toward** each other, the observed frequency **increases** (e.g., a higher pitch for sound).  
- If they move **away** from each other, the observed frequency **decreases** (e.g., a lower pitch for sound).  

Option **B** correctly captures this phenomenon by describing the change in frequency due to relative motion between the source and observer. Other options either misattribute the cause (e.g., speed of the wave in the medium, wavelength alone) or focus on unrelated concepts.  

**Key takeaway:** The Doppler effect is fundamentally about **frequency shifts** caused by relative motion, not changes in the wave's speed or wavelength in the medium.",True
A,"**C. Kukoresa, kurugiisa omuringo gw'obumeme-ayoni, omuringo gw'ekikemiko ogw'okuhindura ekikopo ky'emiyoboro y'amaizi ag'okunywa kurugiirira omuyaga gwa okisijeni.**

**Explanation:**  
The question focuses on identifying the correct description of a **redox (oxidation-reduction) reaction**. Redox reactions involve the **transfer of electrons** between substances:  
- **Oxidation** (loss of electrons) and **reduction** (gain of electrons) occur simultaneously.  
- A classic example is the reaction between a **metal (e.g., sodium)** and a **non-metal (e.g., chlorine)** to form an **ionic compound (e.g., sodium chloride)**.  

**Option C** explicitly describes this process:  
- **""Kukoresa""** (oxidation) and **""kurugiisa""** (reduction) directly reference the electron transfer.  
- The mention of **""ekikopo ky'emiyoboro y'amaizi""** (electron transfer from a metal to a non-metal) aligns with the formation of ionic bonds in salts (e.g., NaCl).  

Other options either focus on unrelated concepts (e.g., acids in **A**, balancing equations in **B**, or electrochemical cells in **D**) rather than the core redox mechanism. Thus, **C** is the most accurate answer.",True
D,"**Jawabu:** C

**Tambuliko ya Tambuliko:**  
Ekibuuzo eki ekirikukurata abegi be **ekikorwa kya kutebeekanisa data** (ndata) y'ebinyabwooya bya hydrocarbon (mikorere eby'okwesha obwokwesha) n'okushoboorora eby'okwesha obwokwesha (environmental impact). Ekikorwa eki ekirikukurata abegi be **kutebeekanisa data**, **kugiriza emeza**, **kushoboorora emikorere eby'okwesha obwokwesha**, kandi **kugira emikorere eby'okwesha obwokwesha** (conclusion). 

**Tambuliko ya Tambuliko ya C:**  
- **Kutebeekanisa data** (ndata y'ebinyabwooya bya hydrocarbon).  
- **Kugiriza emeza** (table).  
- **Kushoboorora emikorere eby'okwesha obwokwesha** (graph).  
- **Kugira emikorere eby'okwesha obwokwesha** (conclusion).  

**Tambuliko ya Tambuliko ya Tambuliko ya Tambuliko ya Tambuliko ya Tambuliko ya Tambuliko ya Tambuliko ya Tambuliko ya Tambuliko ya Tambuliko ya Tambuliko ya Tambuliko ya Tambuliko ya Tambuliko ya Tambuliko ya Tambuliko ya Tambuliko ya Tambuliko ya Tambuliko ya Tambuliko ya Tambuliko ya Tambuliko ya Tambuliko ya Tambuliko ya Tambuliko ya Tambuliko ya Tambuliko ya Tambuliko ya Tambuliko ya Tambuliko ya Tambuliko ya Tambuliko ya Tambuliko ya Tambuliko ya Tambuliko ya Tambuliko ya Tambuliko ya Tambuliko ya Tambuliko ya Tambuliko ya Tambuliko ya Tambuliko ya Tambuliko ya Tambuliko ya Tambuliko ya Tambuliko ya Tambuliko ya Tambuliko ya Tambuliko ya Tambuliko ya Tambuliko ya Tambuliko ya Tambuliko ya Tambuliko ya Tambuliko ya Tambuliko ya Tambuliko ya Tambuliko ya Tambuliko ya Tambuliko ya Tambuliko ya Tambuliko ya Tambuliko ya Tambuliko ya Tambuliko ya Tambuliko ya Tambuliko ya Tambuliko ya Tambuliko ya Tambuliko ya Tambuliko ya Tambuliko ya Tambuliko ya Tambuliko ya Tambuliko ya Tambuliko ya Tambuliko ya Tambuliko ya Tambuliko ya Tambuliko ya Tambuliko ya Tambuliko ya Tambuliko ya Tambuliko ya Tambuliko ya Tambuliko ya Tambuliko ya Tambuliko ya Tambuliko ya Tambuliko ya Tambuliko ya Tambuliko ya Tambuliko ya Tambuliko ya Tambuliko ya Tambuliko ya Tambuliko ya Tambuliko ya Tambuliko ya Tambuliko ya Tambuliko ya Tambuliko ya Tambuliko ya Tambuliko ya Tambuliko ya Tambuliko ya Tambuliko ya Tambuliko ya Tambuliko ya Tambuliko ya Tambuliko ya Tambuliko ya Tambuliko ya Tambuliko ya Tambuliko ya Tambuliko ya Tambuliko ya Tambuliko ya Tambuliko ya Tambuliko ya Tambuliko ya Tambuliko ya Tambuliko ya Tambuliko ya Tambuliko ya Tambuliko ya Tambuliko ya Tambuliko ya Tambuliko ya Tambuliko ya Tambuliko ya Tambuliko ya Tambuliko ya Tambuliko ya Tambuliko ya Tambuliko ya Tambuliko ya Tambuliko ya Tambuliko ya Tambuliko ya Tambuliko ya Tambuliko ya Tambuliko ya Tambuliko ya Tambuliko ya Tambuliko ya Tambuliko ya Tambuliko ya Tambuliko ya Tambuliko ya Tambuliko ya Tambuliko ya Tambuliko ya Tambuliko ya Tambuliko ya Tambuliko ya Tambuliko ya Tambuliko ya Tambuliko ya Tambuliko ya Tambuliko ya Tambuliko ya Tambuliko ya Tambuliko ya Tambuliko ya Tambuliko ya Tambuliko ya Tambuliko ya Tambuliko ya Tambuliko ya Tambuliko ya Tambuliko ya Tambuliko ya Tambuliko ya Tambuliko ya Tambuliko ya Tambuliko ya Tambuliko ya Tambuliko ya Tambuliko ya Tambuliko ya Tambuliko ya Tambuliko ya Tambuliko ya Tambuliko ya Tambuliko ya Tambuliko ya Tambuliko ya Tambuliko ya Tambuliko ya Tambuliko ya Tambuliko ya Tambuliko ya Tambuliko ya Tambuliko ya Tambuliko ya Tambuliko ya Tambuliko ya Tambuliko ya Tambuliko ya Tambuliko ya Tambuliko ya Tambuliko ya Tambuliko ya Tambuliko ya Tambuliko ya Tambuliko ya Tambuliko ya Tambuliko ya Tambuliko ya Tambuliko ya Tambuliko ya Tambuliko ya Tambuliko ya Tambuliko ya Tambuliko ya Tambuliko ya Tambuliko ya Tambuliko ya Tambuliko ya Tambuliko ya Tambuliko ya Tambuliko ya Tambuliko ya Tambuliko ya Tambuliko ya Tambuliko ya Tambuliko ya Tambuliko ya Tambuliko ya Tambuliko ya Tambuliko ya Tambuliko ya Tambuliko ya Tambuliko ya Tambuliko ya Tambuliko ya Tambuliko ya Tambuliko ya Tambuliko ya Tambuliko ya Tambuliko ya Tambuliko ya Tambuliko ya Tambuliko ya Tambuliko ya Tambuliko ya Tambuliko ya Tambuliko ya Tambuliko ya Tambuliko ya Tambuliko ya Tambuliko ya Tambuliko ya Tambuliko ya Tambuliko ya Tambuliko ya Tambuliko ya Tambuliko ya Tambuliko ya Tambuliko ya Tambuliko ya Tambuliko ya Tambuliko ya Tambuliko ya Tambuliko ya Tambuliko ya Tambuliko ya Tambuliko ya Tambuliko ya Tambuliko ya Tambuliko ya Tambuliko ya Tambuliko ya Tambuliko ya Tambuliko ya Tambuliko ya Tambuliko ya Tambuliko ya Tambuliko ya Tambuliko ya Tambuliko ya Tambuliko ya Tambuliko ya Tambuliko ya Tambuliko ya Tambuliko ya Tambuliko ya Tambuliko ya Tambuliko ya Tambuliko ya Tambuliko ya Tambuliko ya Tambuliko ya Tambuliko ya Tambuliko ya Tambuliko ya Tambuliko ya Tambuliko ya Tambuliko ya Tambuliko ya Tambuliko ya Tambuliko ya Tambuliko ya Tambuliko ya Tambuliko ya Tambuliko ya Tambuliko ya Tambuliko ya Tambuliko ya Tambuliko ya Tambuliko ya Tambuliko ya Tambuliko ya Tambuliko ya Tambuliko ya Tambuliko ya Tambuliko ya Tambuliko ya Tambuliko ya Tambuliko ya Tambuliko ya Tambuliko ya Tambuliko ya Tambuliko ya Tambuliko ya Tambuliko ya Tambuliko ya Tambuliko ya Tambuliko ya Tambuliko ya Tambuliko ya Tambuliko ya Tambuliko ya Tambuliko ya Tambuliko ya Tambuliko ya Tambuliko ya Tambuliko ya Tambuliko ya Tambuliko ya Tambuliko ya Tambuliko ya Tambuliko ya Tambuliko ya Tambuliko ya Tambuliko ya Tambuliko ya Tambuliko ya Tambuliko ya Tambuliko ya Tambuliko ya Tambuliko ya Tambuliko ya Tambuliko ya Tambuliko ya Tambuliko ya Tambuliko ya Tambuliko ya Tambuliko ya Tambuliko ya Tambuliko ya Tambuliko ya Tambuliko ya Tambuliko ya Tambuliko ya Tambuliko ya Tambuliko ya Tambuliko ya Tambuliko ya Tambuliko ya Tambuliko ya Tambuliko ya Tambuliko ya Tambuliko ya Tambuliko ya Tambuliko ya Tambuliko ya Tambuliko ya Tambuliko ya Tambuliko ya Tambuliko ya Tambuliko ya Tambuliko ya Tambuliko ya Tambuliko ya Tambuliko ya Tambuliko ya Tambuliko ya Tambuliko ya Tambuliko ya Tambuliko ya Tambuliko ya Tambuliko ya Tambuliko ya Tambuliko ya Tambuliko ya Tambuliko ya Tambuliko ya Tambuliko ya Tambuliko ya Tambuliko ya Tambuliko ya Tambuliko ya Tambuliko ya Tambuliko ya Tambuliko ya Tambuliko ya Tambuliko ya Tambuliko ya Tambuliko ya Tambuliko ya Tambuliko ya Tambuliko ya Tambuliko ya Tambuliko ya Tambuliko ya Tambuliko ya Tambuliko ya Tambuliko ya Tambuliko ya Tambuliko ya Tambuliko ya Tambuliko ya Tambuliko ya Tambuliko ya Tambuliko ya Tambuliko ya Tambuliko ya Tambuliko ya Tambuliko ya Tambuliko ya Tambuliko ya Tambuliko ya Tambuliko ya Tambuliko ya Tambuliko ya Tambuliko ya Tambuliko ya Tambuliko ya Tambuliko ya Tambuliko ya Tambuliko ya Tambuliko ya Tambuliko ya Tambuliko ya Tambuliko ya Tambuliko ya Tambuliko ya Tambuliko ya Tambuliko ya Tambuliko ya Tambuliko ya Tambuliko ya Tambuliko ya Tambuliko ya Tambuliko ya Tambuliko ya Tambuliko ya Tambuliko ya Tambuliko ya Tambuliko ya Tambuliko ya Tambuliko ya Tambuliko ya Tambuliko ya Tambuliko ya Tambuliko ya Tambuliko ya Tambuliko ya Tambuliko ya Tambuliko ya Tambuliko ya Tambuliko ya Tambuliko ya Tambuliko ya Tambuliko ya Tambuliko ya Tambuliko ya Tambuliko ya Tambuliko ya Tambuliko ya Tambuliko ya Tambuliko ya Tambuliko ya Tambuliko ya Tambuliko ya Tambuliko ya Tambuliko ya Tambuliko ya Tambuliko ya Tambuliko ya Tambuliko ya Tambuliko ya Tambuliko ya Tambuliko ya Tambuliko ya Tambuliko ya Tambuliko ya Tambuliko ya Tambuliko ya Tambuliko ya Tambuliko ya Tambuliko ya Tambuliko ya Tambuliko ya Tambuliko ya Tambuliko ya Tambuliko ya Tambuliko ya Tambuliko ya Tambuliko ya Tambuliko ya Tambuliko ya Tambuliko ya Tambuliko ya Tambuliko ya Tambuliko ya Tambuliko ya Tambuliko ya Tambuliko ya Tambuliko ya Tambuliko ya Tambuliko ya Tambuliko ya Tambuliko ya Tambuliko ya Tambuliko ya Tambuliko ya Tambuliko ya Tambuliko ya Tambuliko ya Tambuliko ya Tambuliko ya Tambuliko ya Tambuliko ya Tambuliko ya Tambuliko ya Tambuliko ya Tambuliko ya Tambuliko ya Tambuliko ya Tambuliko ya Tambuliko ya Tambuliko ya Tambuliko ya Tambuliko ya Tambuliko ya Tambuliko ya Tambuliko ya Tambuliko ya Tambuliko ya Tambuliko ya Tambuliko ya Tambuliko ya Tambuliko ya Tambuliko ya Tambuliko ya Tambuliko ya Tambuliko ya Tambuliko ya Tambuliko ya Tambuliko ya Tambuliko ya Tambuliko ya Tambuliko ya Tambuliko ya Tambuliko ya Tambuliko ya Tambuliko ya Tambuliko ya Tambuliko ya Tambuliko ya Tambuliko ya Tambuliko ya Tambuliko ya Tambuliko ya Tambuliko ya Tambuliko ya Tambuliko ya Tambuliko ya Tambuliko ya Tambuliko ya Tambuliko ya Tambuliko ya Tambuliko ya Tambuliko ya Tambuliko ya Tambuliko ya Tambuliko ya Tambuliko ya Tambuliko ya Tambuliko ya Tambuliko ya Tambuliko ya Tambuliko ya Tambuliko ya Tambuliko ya Tambuliko ya Tambuliko ya Tambuliko ya Tambuliko ya Tambuliko ya Tambuliko ya Tambuliko ya Tambuliko ya Tambuliko ya Tambuliko ya Tambuliko ya Tambuliko ya Tambuliko ya Tambuliko ya Tambuliko ya Tambuliko ya Tambuliko ya Tambuliko ya Tambuliko ya Tambuliko ya Tambuliko ya Tambuliko ya Tambuliko ya Tambuliko ya Tambuliko ya Tambuliko ya Tambuliko ya Tambuliko ya Tambuliko ya Tambuliko ya Tambuliko ya Tambuliko ya Tambuliko ya Tambuliko ya Tambuliko ya Tambuliko ya Tambuliko ya Tambuliko ya Tambuliko ya Tambuliko ya Tambuliko ya Tambuliko ya Tambuliko ya Tambuliko ya Tambuliko ya Tambuliko ya Tambuliko ya Tambuliko ya Tambuliko ya Tambuliko ya Tambuliko ya Tambuliko ya Tambuliko ya Tambuliko ya Tambuliko ya Tambuliko ya Tambuliko ya Tambuliko ya Tambuliko ya Tambuliko ya Tambuliko ya Tambuliko ya Tambuliko ya Tambuliko ya Tambuliko ya Tambuliko ya Tambuliko ya Tambuliko ya Tambuliko ya Tambuliko ya Tambuliko ya Tambuliko ya Tambuliko ya Tambuliko ya Tambuliko ya Tambuliko ya Tambuliko ya Tambuliko ya Tambuliko ya Tambuliko ya Tambuliko ya Tambuliko ya Tambuliko ya Tambuliko ya Tambuliko ya Tambuliko ya Tambuliko ya Tambuliko ya Tambuliko ya Tambuliko ya Tambuliko ya Tambuliko ya Tambuliko ya Tambuliko ya Tambuliko ya Tambuliko ya Tambuliko ya Tambuliko ya Tambuliko ya Tambuliko ya Tambuliko ya Tambuliko ya Tambuliko ya Tambuliko ya Tambuliko ya Tambuliko ya Tambuliko ya Tambuliko ya Tambuliko ya Tambuliko ya Tambuliko ya Tambuliko ya Tambuliko ya Tambuliko ya Tambuliko ya Tambuliko ya Tambuliko ya Tambuliko ya Tambuliko ya Tambuliko ya Tambuliko ya Tambuliko ya Tambuliko ya Tambuliko ya Tambuliko ya Tambuliko ya Tambuliko ya Tambuliko ya Tambuliko ya Tambuliko ya Tambuliko ya Tambuliko ya Tambuliko ya Tambuliko ya Tambuliko ya Tambuliko ya Tambuliko ya Tambuliko ya Tambuliko ya Tambuliko ya Tambuliko ya Tambuliko ya Tambuliko ya Tambuliko ya Tambuliko ya Tambuliko ya Tambuliko ya Tambuliko ya Tambuliko ya Tambuliko ya Tambuliko ya Tambuliko ya Tambuliko ya Tambuliko ya Tambuliko ya Tambuliko ya Tambuliko ya Tambuliko ya Tambuliko ya Tambuliko ya Tambuliko ya Tambuliko ya Tambuliko ya Tambuliko ya Tambuliko ya Tambuliko ya Tambuliko ya Tambuliko ya Tambuliko ya Tambuliko ya Tambuliko ya Tambuliko ya Tambuliko ya Tambuliko ya Tambuliko ya Tambuliko ya Tambuliko ya Tambuliko ya Tambuliko ya Tambuliko ya Tambuliko ya Tambuliko ya Tambuliko ya Tambuliko ya Tambuliko ya Tambuliko ya Tambuliko ya Tambuliko ya Tambuliko ya Tambuliko ya Tambuliko ya Tambuliko ya Tambuliko ya Tambuliko ya Tambuliko ya Tambuliko ya Tambuliko ya Tambuliko ya Tambuliko ya Tambuliko ya Tambuliko ya Tambuliko ya Tambuliko ya Tambuliko ya Tambuliko ya Tambuliko ya Tambuliko ya Tambuliko ya Tambuliko ya Tambuliko ya Tambuliko ya Tambuliko ya Tambuliko ya Tambuliko ya Tambuliko ya Tambuliko ya Tambuliko ya Tambuliko ya Tambuliko ya Tambuliko ya Tambuliko ya Tambuliko ya Tambuliko ya Tambuliko ya Tambuliko ya Tambuliko ya Tambuliko ya Tambuliko ya Tambuliko ya Tambuliko ya Tambuliko ya Tambuliko ya Tambuliko ya Tambuliko ya Tambuliko ya",True
D,"**Reasoning Process:**

The question revolves around identifying the correct option that addresses the decomposition of hydrochloric acid (HCl) into hydrogen (H₂) and chlorine (Cl₂), and carbon dioxide (CO₂) into carbon (C) and oxygen (O₂). The key here is to determine which option explicitly asks about the substances involved in these reactions and how to identify the chemical processes.

- **Option A** asks about substances being decomposed and identifying the reactions, but it is slightly vague. It does not specify the components (e.g., H₂, Cl₂) or the method of identification.  
- **Option B** directly asks: *""Which substances are decomposed into each component and how to identify the chemical reactions?""* This aligns with the experiment's goal of decomposing HCl and CO₂ into their respective components and identifying the reactions.  
- **Option C** focuses on the method to identify substances, which is not the primary focus of the question.  
- **Option D** discusses classification, which is unrelated to the decomposition process described.  

The experiment explicitly involves breaking down specific compounds (HCl and CO₂) into their elemental components. **Option B** is the most precise and relevant choice because it directly addresses the decomposition of substances into their components and the identification of the reactions involved.  

---

**Answer:**  
**B. Ni bintu ki ebi turikuba turoora buri izooba ebi turikubaasa kworeka n'omuringo gw'ebiringaanisa bya kemikali?**",True
B,"**Jawabu:**  
**C. Okukoresa omuringo gw'okugumiisiriza omu by'omwika ebirikwenda**

**Tabyeyo:**  
Omusingi y'ekicweka kya Bernoulli ekiragira ku **okugumiisiriza engeri y'okwetegereza obutonde obw'okwetegereza obutonde obw'okwetegereza obutonde obw'okwetegereza obutonde obw'okwetegereza obutonde obw'okwetegereza obutonde obw'okwetegereza obutonde obw'okwetegereza obutonde obw'okwetegereza obutonde obw'okwetegereza obutonde obw'okwetegereza obutonde obw'okwetegereza obutonde obw'okwetegereza obutonde obw'okwetegereza obutonde obw'okwetegereza obutonde obw'okwetegereza obutonde obw'okwetegereza obutonde obw'okwetegereza obutonde obw'okwetegereza obutonde obw'okwetegereza obutonde obw'okwetegereza obutonde obw'okwetegereza obutonde obw'okwetegereza obutonde obw'okwetegereza obutonde obw'okwetegereza obutonde obw'okwetegereza obutonde obw'okwetegereza obutonde obw'okwetegereza obutonde obw'okwetegereza obutonde obw'okwetegereza obutonde obw'okwetegereza obutonde obw'okwetegereza obutonde obw'okwetegereza obutonde obw'okwetegereza obutonde obw'okwetegereza obutonde obw'okwetegereza obutonde obw'okwetegereza obutonde obw'okwetegereza obutonde obw'okwetegereza obutonde obw'okwetegereza obutonde obw'okwetegereza obutonde obw'okwetegereza obutonde obw'okwetegereza obutonde obw'okwetegereza obutonde obw'okwetegereza obutonde obw'okwetegereza obutonde obw'okwetegereza obutonde obw'okwetegereza obutonde obw'okwetegereza obutonde obw'okwetegereza obutonde obw'okwetegereza obutonde obw'okwetegereza obutonde obw'okwetegereza obutonde obw'okwetegereza obutonde obw'okwetegereza obutonde obw'okwetegereza obutonde obw'okwetegereza obutonde obw'okwetegereza obutonde obw'okwetegereza obutonde obw'okwetegereza obutonde obw'okwetegereza obutonde obw'okwetegereza obutonde obw'okwetegereza obutonde obw'okwetegereza obutonde obw'okwetegereza obutonde obw'okwetegereza obutonde obw'okwetegereza obutonde obw'okwetegereza obutonde obw'okwetegereza obutonde obw'okwetegereza obutonde obw'okwetegereza obutonde obw'okwetegereza obutonde obw'okwetegereza obutonde obw'okwetegereza obutonde obw'okwetegereza obutonde obw'okwetegereza obutonde obw'okwetegereza obutonde obw'okwetegereza obutonde obw'okwetegereza obutonde obw'okwetegereza obutonde obw'okwetegereza obutonde obw'okwetegereza obutonde obw'okwetegereza obutonde obw'okwetegereza obutonde obw'okwetegereza obutonde obw'okwetegereza obutonde obw'okwetegereza obutonde obw'okwetegereza obutonde obw'okwetegereza obutonde obw'okwetegereza obutonde obw'okwetegereza obutonde obw'okwetegereza obutonde obw'okwetegereza obutonde obw'okwetegereza obutonde obw'okwetegereza obutonde obw'okwetegereza obutonde obw'okwetegereza obutonde obw'okwetegereza obutonde obw'okwetegereza obutonde obw'okwetegereza obutonde obw'okwetegereza obutonde obw'okwetegereza obutonde obw'okwetegereza obutonde obw'okwetegereza obutonde obw'okwetegereza obutonde obw'okwetegereza obutonde obw'okwetegereza obutonde obw'okwetegereza obutonde obw'okwetegereza obutonde obw'okwetegereza obutonde obw'okwetegereza obutonde obw'okwetegereza obutonde obw'okwetegereza obutonde obw'okwetegereza obutonde obw'okwetegereza obutonde obw'okwetegereza obutonde obw'okwetegereza obutonde obw'okwetegereza obutonde obw'okwetegereza obutonde obw'okwetegereza obutonde obw'okwetegereza obutonde obw'okwetegereza obutonde obw'okwetegereza obutonde obw'okwetegereza obutonde obw'okwetegereza obutonde obw'okwetegereza obutonde obw'okwetegereza obutonde obw'okwetegereza obutonde obw'okwetegereza obutonde obw'okwetegereza obutonde obw'okwetegereza obutonde obw'okwetegereza obutonde obw'okwetegereza obutonde obw'okwetegereza obutonde obw'okwetegereza obutonde obw'okwetegereza obutonde obw'okwetegereza obutonde obw'okwetegereza obutonde obw'okwetegereza obutonde obw'okwetegereza obutonde obw'okwetegereza obutonde obw'okwetegereza obutonde obw'okwetegereza obutonde obw'okwetegereza obutonde obw'okwetegereza obutonde obw'okwetegereza obutonde obw'okwetegereza obutonde obw'okwetegereza obutonde obw'okwetegereza obutonde obw'okwetegereza obutonde obw'okwetegereza obutonde obw'okwetegereza obutonde obw'okwetegereza obutonde obw'okwetegereza obutonde obw'okwetegereza obutonde obw'okwetegereza obutonde obw'okwetegereza obutonde obw'okwetegereza obutonde obw'okwetegereza obutonde obw'okwetegereza obutonde obw'okwetegereza obutonde obw'okwetegereza obutonde obw'okwetegereza obutonde obw'okwetegereza obutonde obw'okwetegereza obutonde obw'okwetegereza obutonde obw'okwetegereza obutonde obw'okwetegereza obutonde obw'okwetegereza obutonde obw'okwetegereza obutonde obw'okwetegereza obutonde obw'okwetegereza obutonde obw'okwetegereza obutonde obw'okwetegereza obutonde obw'okwetegereza obutonde obw'okwetegereza obutonde obw'okwetegereza obutonde obw'okwetegereza obutonde obw'okwetegereza obutonde obw'okwetegereza obutonde obw'okwetegereza obutonde obw'okwetegereza obutonde obw'okwetegereza obutonde obw'okwetegereza obutonde obw'okwetegereza obutonde obw'okwetegereza obutonde obw'okwetegereza obutonde obw'okwetegereza obutonde obw'okwetegereza obutonde obw'okwetegereza obutonde obw'okwetegereza obutonde obw'okwetegereza obutonde obw'okwetegereza obutonde obw'okwetegereza obutonde obw'okwetegereza obutonde obw'okwetegereza obutonde obw'okwetegereza obutonde obw'okwetegereza obutonde obw'okwetegereza obutonde obw'okwetegereza obutonde obw'okwetegereza obutonde obw'okwetegereza obutonde obw'okwetegereza obutonde obw'okwetegereza obutonde obw'okwetegereza obutonde obw'okwetegereza obutonde obw'okwetegereza obutonde obw'okwetegereza obutonde obw'okwetegereza obutonde obw'okwetegereza obutonde obw'okwetegereza obutonde obw'okwetegereza obutonde obw'okwetegereza obutonde obw'okwetegereza obutonde obw'okwetegereza obutonde obw'okwetegereza obutonde obw'okwetegereza obutonde obw'okwetegereza obutonde obw'okwetegereza obutonde obw'okwetegereza obutonde obw'okwetegereza obutonde obw'okwetegereza obutonde obw'okwetegereza obutonde obw'okwetegereza obutonde obw'okwetegereza obutonde obw'okwetegereza obutonde obw'okwetegereza obutonde obw'okwetegereza obutonde obw'okwetegereza obutonde obw'okwetegereza obutonde obw'okwetegereza obutonde obw'okwetegereza obutonde obw'okwetegereza obutonde obw'okwetegereza obutonde obw'okwetegereza obutonde obw'okwetegereza obutonde obw'okwetegereza obutonde obw'okwetegereza obutonde obw'okwetegereza obutonde obw'okwetegereza obutonde obw'okwetegereza obutonde obw'okwetegereza obutonde obw'okwetegereza obutonde obw'okwetegereza obutonde obw'okwetegereza obutonde obw'okwetegereza obutonde obw'okwetegereza obutonde obw'okwetegereza obutonde obw'okwetegereza obutonde obw'okwetegereza obutonde obw'okwetegereza obutonde obw'okwetegereza obutonde obw'okwetegereza obutonde obw'okwetegereza obutonde obw'okwetegereza obutonde obw'okwetegereza obutonde obw'okwetegereza obutonde obw'okwetegereza obutonde obw'okwetegereza obutonde obw'okwetegereza obutonde obw'okwetegereza obutonde obw'okwetegereza obutonde obw'okwetegereza obutonde obw'okwetegereza obutonde obw'okwetegereza obutonde obw'okwetegereza obutonde obw'okwetegereza obutonde obw'okwetegereza obutonde obw'okwetegereza obutonde obw'okwetegereza obutonde obw'okwetegereza obutonde obw'okwetegereza obutonde obw'okwetegereza obutonde obw'okwetegereza obutonde obw'okwetegereza obutonde obw'okwetegereza obutonde obw'okwetegereza obutonde obw'okwetegereza obutonde obw'okwetegereza obutonde obw'okwetegereza obutonde obw'okwetegereza obutonde obw'okwetegereza obutonde obw'okwetegereza obutonde obw'okwetegereza obutonde obw'okwetegereza obutonde obw'okwetegereza obutonde obw'okwetegereza obutonde obw'okwetegereza obutonde obw'okwetegereza obutonde obw'okwetegereza obutonde obw'okwetegereza obutonde obw'okwetegereza obutonde obw'okwetegereza obutonde obw'okwetegereza obutonde obw'okwetegereza obutonde obw'okwetegereza obutonde obw'ok",True
