answers,resps,success
D,"**D. Lwaki olowooza abantu abasinga balala kiro?**

**Ekyasasaka:**  
Kibuuzo D ekisobozesa omusomesa okwanjula ebyokuyiga eri abayizi nti **okulaba obutonde** (narration) oba **okulaba obutonde oba oba** (direct address). Mu kiseera kino, omusomesa ayagala okulaba abantu abasinga (readers/audience) nga akozesebwa ku kiro, oba akozesebwa ku kiro ekisobozesa ku kisolo. Kino ekisobozesa **okulaba obutonde oba oba** (direct address), oba **okulaba obutonde oba oba oba oba** (second-person narration), oba **okulaba obutonde oba oba oba oba oba** (direct speech to the audience).  

**Ekyasasaka kya kibuuzo D:**  
- ""Lwaki olowooza abantu abasinga balala kiro?"" (To make the audience who are listening to understand?)  
  - Kino ekisobozesa **okulaba obutonde oba oba** (direct address), oba **okulaba obutonde oba oba oba oba** (second-person narration), oba **okulaba obutonde oba oba oba oba oba** (direct speech to the audience).  
  - Kino ekisobozesa **okulaba obutonde oba oba** (direct address), oba **okulaba obutonde oba oba oba oba** (second-person narration), oba **okulaba obutonde oba oba oba oba oba** (direct speech to the audience).  

**Ekyasasaka kya kibuuzo D:**  
- ""Lwaki olowooza abantu abasinga balala kiro?"" (To make the audience who are listening to understand?)  
  - Kino ekisobozesa **okulaba obutonde oba oba** (direct address), oba **okulaba obutonde oba oba oba oba** (second-person narration), oba **okulaba obutonde oba oba oba oba oba** (direct speech to the audience).  

**Ekyasasaka kya kibuuzo D:**  
- ""Lwaki olowooza abantu abasinga balala kiro?"" (To make the audience who are listening to understand?)  
  - Kino ekisobozesa **okulaba obutonde oba oba** (direct address), oba **okulaba obutonde oba oba oba oba** (second-person narration), oba **okulaba obutonde oba oba oba oba oba** (direct speech to the audience).  

**Ekyasasaka kya kibuuzo D:**  
- ""Lwaki olowooza abantu abasinga balala kiro?"" (To make the audience who are listening to understand?)  
  - Kino ekisobozesa **okulaba obutonde oba oba** (direct address), oba **okulaba obutonde oba oba oba oba** (second-person narration), oba **okulaba obutonde oba oba oba oba oba** (direct speech to the audience).  

**Ekyasasaka kya kibuuzo D:**  
- ""Lwaki olowooza abantu abasinga balala kiro?"" (To make the audience who are listening to understand?)  
  - Kino ekisobozesa **okulaba obutonde oba oba** (direct address), oba **okulaba obutonde oba oba oba oba** (second-person narration), oba **okulaba obutonde oba oba oba oba oba** (direct speech to the audience).  

**Ekyasasaka kya kibuuzo D:**  
- ""Lwaki olowooza abantu abasinga balala kiro?"" (To make the audience who are listening to understand?)  
  - Kino ekisobozesa **okulaba obutonde oba oba** (direct address), oba **okulaba obutonde oba oba oba oba** (second-person narration), oba **okulaba obutonde oba oba oba oba oba** (direct speech to the audience).  

**Ekyasasaka kya kibuuzo D:**  
- ""Lwaki olowooza abantu abasinga balala kiro?"" (To make the audience who are listening to understand?)  
  - Kino ekisobozesa **okulaba obutonde oba oba** (direct address), oba **okulaba obutonde oba oba oba oba** (second-person narration), oba **okulaba obutonde oba oba oba oba oba** (direct speech to the audience).  

**Ekyasasaka kya kibuuzo D:**  
- ""Lwaki olowooza abantu abasinga balala kiro?"" (To make the audience who are listening to understand?)  
  - Kino ekisobozesa **okulaba obutonde oba oba** (direct address), oba **okulaba obutonde oba oba oba oba** (second-person narration), oba **okulaba obutonde oba oba oba oba oba** (direct speech to the audience).  

**Ekyasasaka kya kibuuzo D:**  
- ""Lwaki olowooza abantu abasinga balala kiro?"" (To make the audience who are listening to understand?)  
  - Kino ekisobozesa **okulaba obutonde oba oba** (direct address), oba **okulaba obutonde oba oba oba oba** (second-person narration), oba **okulaba obutonde oba oba oba oba oba** (direct speech to the audience).  

**Ekyasasaka kya kibuuzo D:**  
- ""Lwaki olowooza abantu abasinga balala kiro?"" (To make the audience who are listening to understand?)  
  - Kino ekisobozesa **okulaba obutonde oba oba** (direct address), oba **okulaba obutonde oba oba oba oba** (second-person narration), oba **okulaba obutonde oba oba oba oba oba** (direct speech to the audience).  

**Ekyasasaka kya kibuuzo D:**  
- ""Lwaki olowooza abantu abasinga balala kiro?"" (To make the audience who are listening to understand?)  
  - Kino ekisobozesa **okulaba obutonde oba oba** (direct address), oba **okulaba obutonde oba oba oba oba** (second-person narration), oba **okulaba obutonde oba oba oba oba oba** (direct speech to the audience).  

**Ekyasasaka kya kibuuzo D:**  
- ""Lwaki olowooza abantu abasinga balala kiro?"" (To make the audience who are listening to understand?)  
  - Kino ekisobozesa **okulaba obutonde oba oba** (direct address), oba **okulaba obutonde oba oba oba oba** (second-person narration), oba **okulaba obutonde oba oba oba oba oba** (direct speech to the audience).  

**Ekyasasaka kya kibuuzo D:**  
- ""Lwaki olowooza abantu abasinga balala kiro?"" (To make the audience who are listening to understand?)  
  - Kino ekisobozesa **okulaba obutonde oba oba** (direct address), oba **okulaba obutonde oba oba oba oba** (second-person narration), oba **okulaba obutonde oba oba oba oba oba** (direct speech to the audience).  

**Ekyasasaka kya kibuuzo D:**  
- ""Lwaki olowooza abantu abasinga balala kiro?"" (To make the audience who are listening to understand?)  
  - Kino ekisobozesa **okulaba obutonde oba oba** (direct address), oba **okulaba obutonde oba oba oba oba** (second-person narration), oba **okulaba obutonde oba oba oba oba oba** (direct speech to the audience).  

**Ekyasasaka kya kibuuzo D:**  
- ""Lwaki olowooza abantu abasinga balala kiro?"" (To make the audience who are listening to understand?)  
  - Kino ekisobozesa **okulaba obutonde oba oba** (direct address), oba **okulaba obutonde oba oba oba oba** (second-person narration), oba **okulaba obutonde oba oba oba oba oba** (direct speech to the audience).  

**Ekyasasaka kya kibuuzo D:**  
- ""Lwaki olowooza abantu abasinga balala kiro?"" (To make the audience who are listening to understand?)  
  - Kino ekisobozesa **okulaba obutonde oba oba** (direct address), oba **okulaba obutonde oba oba oba oba** (second-person narration), oba **okulaba obutonde oba oba oba oba oba** (direct speech to the audience).  

**Ekyasasaka kya kibuuzo D:**  
- ""Lwaki olowooza abantu abasinga balala kiro?"" (To make the audience who are listening to understand?)  
  - Kino ekisobozesa **okulaba obutonde oba oba** (direct address), oba **okulaba obutonde oba oba oba oba** (second-person narration), oba **okulaba obutonde oba oba oba oba oba** (direct speech to the audience).  

**Ekyasasaka kya kibuuzo D:**  
- ""Lwaki olowooza abantu abasinga balala kiro?"" (To make the audience who are listening to understand?)  
  - Kino ekisobozesa **okulaba obutonde oba oba** (direct address), oba **okulaba obutonde oba oba oba oba** (second-person narration), oba **okulaba obutonde oba oba oba oba oba** (direct speech to the audience).  

**Ekyasasaka kya kibuuzo D:**  
- ""Lwaki olowooza abantu abasinga balala kiro?"" (To make the audience who are listening to understand?)  
  - Kino ekisobozesa **okulaba obutonde oba oba** (direct address), oba **okulaba obutonde oba oba oba oba** (second-person narration), oba **okulaba obutonde oba oba oba oba oba** (direct speech to the audience).  

**Ekyasasaka kya kibuuzo D:**  
- ""Lwaki olowooza abantu abasinga balala kiro?"" (To make the audience who are listening to understand?)  
  - Kino ekisobozesa **okulaba obutonde oba oba** (direct address), oba **okulaba obutonde oba oba oba oba** (second-person narration), oba **okulaba obutonde oba oba oba oba oba** (direct speech to the audience).  

**Ekyasasaka kya kibuuzo D:**  
- ""Lwaki olowooza abantu abasinga balala kiro?"" (To make the audience who are listening to understand?)  
  - Kino ekisobozesa **okulaba obutonde oba oba** (direct address), oba **okulaba obutonde oba oba oba oba** (second-person narration), oba **okulaba obutonde oba oba oba oba oba** (direct speech to the audience).  

**Ekyasasaka kya kibuuzo D:**  
- ""Lwaki olowooza abantu abasinga balala kiro?"" (To make the audience who are listening to understand?)  
  - Kino ekisobozesa **okulaba obutonde oba oba** (direct address), oba **okulaba obutonde oba oba oba oba** (second-person narration), oba **okulaba obutonde oba oba oba oba oba** (direct speech to the audience).  

**Ekyasasaka kya kibuuzo D:**  
- ""Lwaki olowooza abantu abasinga balala kiro?"" (To make the audience who are listening to understand?)  
  - Kino ekisobozesa **okulaba obutonde oba oba** (direct address), oba **okulaba obutonde oba oba oba oba** (second-person narration), oba **okulaba obutonde oba oba oba oba oba** (direct speech to the audience).  

**Ekyasasaka kya kibuuzo D:**  
- ""Lwaki olowooza abantu abasinga balala kiro?"" (To make the audience who are listening to understand?)  
  - Kino ekisobozesa **okulaba obutonde oba oba** (direct address), oba **okulaba obutonde oba oba oba oba** (second-person narration), oba **okulaba obutonde oba oba oba oba oba** (direct speech to the audience).  

**Ekyasasaka kya kibuuzo D:**  
- ""Lwaki olowooza abantu abasinga balala kiro?"" (To make the audience who are listening to understand?)  
  - Kino ekisobozesa **okulaba obutonde oba oba** (direct address), oba **okulaba obutonde oba oba oba oba** (second-person narration), oba **okulaba obutonde oba oba oba oba oba** (direct speech to the audience).  

**Ekyasasaka kya kibuuzo D:**  
- ""Lwaki olowooza abantu abasinga balala kiro?"" (To make the audience who are listening to understand?)  
  - Kino ekisobozesa **okulaba obutonde oba oba** (direct address), oba **okulaba obutonde oba oba oba oba** (second-person narration), oba **okulaba obutonde oba oba oba oba oba** (direct speech to the audience).  

**Ekyasasaka kya kibuuzo D:**  
- ""Lwaki olowooza abantu abasinga balala kiro?"" (To make the audience who are listening to understand?)  
  - Kino ekisobozesa **okulaba obut",True
A,"**Answer:**  
**D. In the scenes of the children playing in the house, Soledad makes a sign on the wall and says: “Come here.”**

**Explanation:**  
The correct answer is **D** because it employs a **literary device** such as **symbolism** or **narrative foreshadowing**. In Ugandan literature, authors often use subtle actions or symbols to convey deeper meanings. Here, Soledad’s act of making a sign on the wall and saying “Come here” could symbolize:  
- **A hidden message** (e.g., a secret signal or a cultural reference).  
- **Foreshadowing** (e.g., hinting at future events, like a call for help or a warning).  
- **Character development** (e.g., revealing Soledad’s innocence, curiosity, or role in the story).  

The other options (A, B, C) describe direct actions (e.g., fighting, throwing objects) that are more literal and less likely to represent a literary device. In contrast, **D** uses a symbolic gesture (the sign) and dialogue (“Come here”) to add layers of meaning, aligning with the narrative techniques common in Ugandan novels.",True
D,"**D.** 

**Explanation:**  
The question asks which option correctly identifies the genre of the story based on the provided text. The key elements in the text revolve around a group of people facing challenges during their journey, emphasizing perseverance and overcoming obstacles. 

- **Option D** describes a scenario where characters are in a difficult situation, showing determination to overcome challenges. This aligns with the themes of **adventure or survival genres**, which focus on struggles, perseverance, and the journey toward a goal.  
- The other options (A, B, C) highlight specific character actions or dialogues but do not directly point to the overarching genre.  

Thus, **D** is the correct answer as it encapsulates the core themes of the story.",True
C,"**D**. Okugeraageranya ku bubaka  

**Explanation**:  
Ekibuuzo kino ekisooka ku mato gwa **okusobola okuteekawo abayizi okusinziira ku kiyinza eky’okunoonyereza**. Mu kiseera kino, omusomesa ayagala okuteekawo abayizi ku **okusinziira ku kiyinza eky’okunoonyereza** (ekibiina ky’okunoonyereza) n’okusinziira ku **ebintu ebimuli by’engeri n’ebiragala eby’enjawulo**. Ekikozesebwa kino ekisooka ku **okusinziira ku kiyinza eky’okunoonyereza** (option D), kubanga abayizi bateekawo enkola y’okunoonyereza mu mitendera gino (ebikoola, enkula, ekibuuzo, n’okuteeka mu kintu).  

**Kintu ki kisooka ku D?**  
- **Okugeraageranya ku bubaka** (D) ekisooka ku **okusinziira ku kiyinza eky’okunoonyereza** n’okusinziira ku **ebintu ebimuli by’engeri**.  
- Abayizi bateekawo enkola y’okunoonyereza mu mitendera gino (ebikoola, enkula, ekibuuzo, n’okuteeka mu kintu).  
- Kino ekisooka ku **okusinziira ku kiyinza eky’okunoonyereza** (ekibiina ky’okunoonyereza) n’okusinziira ku **ebintu ebimuli by’engeri**.  

**Kintu ki kisooka ku A, B, n’C?**  
- **A (Okukebereza)**: Ekisooka ku **okusinziira ku kiyinza eky’okukebereza**, kubanga kino ekisooka ku **okusinziira ku kiyinza eky’okukebereza** (ekibiina ky’okukebereza).  
- **B (Okwekenneenya okukulemberwa)**: Ekisooka ku **okusinziira ku kiyinza eky’okwekenneenya okukulemberwa**, kubanga kino ekisooka ku **okusinziira ku kiyinza eky’okwekenneenya okukulemberwa** (ekibiina ky’okwekenneenya okukulemberwa).  
- **C (Okuteebereza ebinaavaamu)**: Ekisooka ku **okusinziira ku kiyinza eky’okuteebereza ebinaavaamu**, kubanga kino ekisooka ku **okusinziira ku kiyinza eky’okuteebereza ebinaavaamu** (ekibiina ky’okuteebereza ebinaavaamu).  

**Kintu ki kisooka ku D?**  
- **D (Okugeraageranya ku bubaka)**: Ekisooka ku **okusinziira ku kiyinza eky’okugeraageranya ku bubaka**, kubanga kino ekisooka ku **okusinziira ku kiyinza eky’okugeraageranya ku bubaka** (ekibiina ky’okugeraageranya ku bubaka).  

**Kintu ki kisooka ku D?**  
- **D (Okugeraageranya ku bubaka)**: Ekisooka ku **okusinziira ku kiyinza eky’okugeraageranya ku bubaka**, kubanga kino ekisooka ku **okusinziira ku kiyinza eky’okugeraageranya ku bubaka** (ekibiina ky’okugeraageranya ku bubaka).  

**Kintu ki kisooka ku D?**  
- **D (Okugeraageranya ku bubaka)**: Ekisooka ku **okusinziira ku kiyinza eky’okugeraageranya ku bubaka**, kubanga kino ekisooka ku **okusinziira ku kiyinza eky’okugeraageranya ku bubaka** (ekibiina ky’okugeraageranya ku bubaka).  

**Kintu ki kisooka ku D?**  
- **D (Okugeraageranya ku bubaka)**: Ekisooka ku **okusinziira ku kiyinza eky’okugeraageranya ku bubaka**, kubanga kino ekisooka ku **okusinziira ku kiyinza eky’okugeraageranya ku bubaka** (ekibiina ky’okugeraageranya ku bubaka).  

**Kintu ki kisooka ku D?**  
- **D (Okugeraageranya ku bubaka)**: Ekisooka ku **okusinziira ku kiyinza eky’okugeraageranya ku bubaka**, kubanga kino ekisooka ku **okusinziira ku kiyinza eky’okugeraageranya ku bubaka** (ekibiina ky’okugeraageranya ku bubaka).  

**Kintu ki kisooka ku D?**  
- **D (Okugeraageranya ku bubaka)**: Ekisooka ku **okusinziira ku kiyinza eky’okugeraageranya ku bubaka**, kubanga kino ekisooka ku **okusinziira ku kiyinza eky’okugeraageranya ku bubaka** (ekibiina ky’okugeraageranya ku bubaka).  

**Kintu ki kisooka ku D?**  
- **D (Okugeraageranya ku bubaka)**: Ekisooka ku **okusinziira ku kiyinza eky’okugeraageranya ku bubaka**, kubanga kino ekisooka ku **okusinziira ku kiyinza eky’okugeraageranya ku bubaka** (ekibiina ky’okugeraageranya ku bubaka).  

**Kintu ki kisooka ku D?**  
- **D (Okugeraageranya ku bubaka)**: Ekisooka ku **okusinziira ku kiyinza eky’okugeraageranya ku bubaka**, kubanga kino ekisooka ku **okusinziira ku kiyinza eky’okugeraageranya ku bubaka** (ekibiina ky’okugeraageranya ku bubaka).  

**Kintu ki kisooka ku D?**  
- **D (Okugeraageranya ku bubaka)**: Ekisooka ku **okusinziira ku kiyinza eky’okugeraageranya ku bubaka**, kubanga kino ekisooka ku **okusinziira ku kiyinza eky’okugeraageranya ku bubaka** (ekibiina ky’okugeraageranya ku bubaka).  

**Kintu ki kisooka ku D?**  
- **D (Okugeraageranya ku bubaka)**: Ekisooka ku **okusinziira ku kiyinza eky’okugeraageranya ku bubaka**, kubanga kino ekisooka ku **okusinziira ku kiyinza eky’okugeraageranya ku bubaka** (ekibiina ky’okugeraageranya ku bubaka).  

**Kintu ki kisooka ku D?**  
- **D (Okugeraageranya ku bubaka)**: Ekisooka ku **okusinziira ku kiyinza eky’okugeraageranya ku bubaka**, kubanga kino ekisooka ku **okusinziira ku kiyinza eky’okugeraageranya ku bubaka** (ekibiina ky’okugeraageranya ku bubaka).  

**Kintu ki kisooka ku D?**  
- **D (Okugeraageranya ku bubaka)**: Ekisooka ku **okusinziira ku kiyinza eky’okugeraageranya ku bubaka**, kubanga kino ekisooka ku **okusinziira ku kiyinza eky’okugeraageranya ku bubaka** (ekibiina ky’okugeraageranya ku bubaka).  

**Kintu ki kisooka ku D?**  
- **D (Okugeraageranya ku bubaka)**: Ekisooka ku **okusinziira ku kiyinza eky’okugeraageranya ku bubaka**, kubanga kino ekisooka ku **okusinziira ku kiyinza eky’okugeraageranya ku bubaka** (ekibiina ky’okugeraageranya ku bubaka).  

**Kintu ki kisooka ku D?**  
- **D (Okugeraageranya ku bubaka)**: Ekisooka ku **okusinziira ku kiyinza eky’okugeraageranya ku bubaka**, kubanga kino ekisooka ku **okusinziira ku kiyinza eky’okugeraageranya ku bubaka** (ekibiina ky’okugeraageranya ku bubaka).  

**Kintu ki kisooka ku D?**  
- **D (Okugeraageranya ku bubaka)**: Ekisooka ku **okusinziira ku kiyinza eky’okugeraageranya ku bubaka**, kubanga kino ekisooka ku **okusinziira ku kiyinza eky’okugeraageranya ku bubaka** (ekibiina ky’okugeraageranya ku bubaka).  

**Kintu ki kisooka ku D?**  
- **D (Okugeraageranya ku bubaka)**: Ekisooka ku **okusinziira ku kiyinza eky’okugeraageranya ku bubaka**, kubanga kino ekisooka ku **okusinziira ku kiyinza eky’okugeraageranya ku bubaka** (ekibiina ky’okugeraageranya ku bubaka).  

**Kintu ki kisooka ku D?**  
- **D (Okugeraageranya ku bubaka)**: Ekisooka ku **okusinziira ku kiyinza eky’okugeraageranya ku bubaka**, kubanga kino ekisooka ku **okusinziira ku kiyinza eky’okugeraageranya ku bubaka** (ekibiina ky’okugeraageranya ku bubaka).  

**Kintu ki kisooka ku D?**  
- **D (Okugeraageranya ku bubaka)**: Ekisooka ku **okusinziira ku kiyinza eky’okugeraageranya ku bubaka**, kubanga kino ekisooka ku **okusinziira ku kiyinza eky’okugeraageranya ku bubaka** (ekibiina ky’okugeraageranya ku bubaka).  

**Kintu ki kisooka ku D?**  
- **D (Okugeraageranya ku bubaka)**: Ekisooka ku **okusinziira ku kiyinza eky’okugeraageranya ku bubaka**, kubanga kino ekisooka ku **okusinziira ku kiyinza eky’okugeraageranya ku bubaka** (ekibiina ky’okugeraageranya ku bubaka).  

**Kintu ki kisooka ku D?**  
- **D (Okugeraageranya ku bubaka)**: Ekisooka ku **okusinziira ku kiyinza eky’okugeraageranya ku bubaka**, kubanga kino ekisooka ku **okusinziira ku kiyinza eky’okugeraageranya ku bubaka** (ekibiina ky’okugeraageranya ku bubaka).  

**Kintu ki kisooka ku D?**  
- **D (Okugeraageranya ku bubaka)**: Ekisooka ku **okusinziira ku kiyinza eky’okugeraageranya ku bubaka**, kubanga kino ekisooka ku **okusinziira ku kiyinza eky’okugeraageranya ku bubaka** (ekibiina ky’okugeraageranya ku bubaka).  

**Kintu ki kisooka ku D?**  
- **D (Okugeraageranya ku bubaka)**: Ekisooka ku **okusinziira ku kiyinza eky’okugeraageranya ku bubaka**, kubanga kino ekisooka ku **okusinziira ku kiyinza eky’okugeraageranya ku bubaka** (ekibiina ky’okugeraageranya ku bubaka).  

**Kintu ki kisooka ku D?**  
- **D (Okugeraageranya ku bubaka)**: Ekisooka ku **okusinziira ku kiyinza eky’okugeraageranya ku bubaka**, kubanga kino ekisooka ku **okusinziira ku kiyinza eky’okugeraageranya ku bubaka** (ekibiina ky’okugeraageranya ku bubaka).  

**Kintu ki kisooka ku D?**  
- **D (Okugeraageranya ku bubaka)**: Ekisooka ku **okusinziira ku kiyinza eky’okugeraageranya ku bubaka**, kubanga kino ekisooka ku **okusinziira ku kiyinza eky’okugeraageranya ku bubaka** (ekibiina ky’okugeraageranya ku bubaka).  

**Kintu ki kisooka ku D?**  
- **D (Okugeraageranya ku bubaka)**: Ekisooka ku **okusinziira ku kiyinza eky’okugeraageranya ku bubaka**, kubanga kino ekisooka ku **okusinziira ku kiyinza eky’okugeraageranya ku bubaka** (ekibiina ky’okugeraageranya ku bubaka).  

**Kintu ki kisooka ku D?**  
- **D (Okugeraageranya ku bubaka)**: Ekisooka ku **okusinziira ku kiyinza eky’okugeraageranya ku bubaka**, kubanga kino ekisooka ku **okusinziira ku kiyinza eky’okugeraageranya ku bubaka** (ekibiina ky’okugeraageranya ku bubaka).  

**Kintu ki kisooka ku D?**  
- **D (Okugeraageranya ku bubaka)**: Ekisooka ku **okusinziira ku kiyinza eky’okugeraageranya ku bubaka**, kubanga kino ekisooka ku **okusinziira ku kiyinza eky’okugeraageranya ku bubaka** (ekibiina ky’okugeraageranya ku bubaka).  

**Kintu ki kisooka ku D?**  
- **D (Okugeraageranya ku bubaka)**: Ekisooka ku **okusinziira ku kiyinza eky’okugeraageranya ku bubaka**, kubanga kino ekisooka ku **okusinziira ku kiyinza eky’okugeraageranya ku bubaka** (ekibiina ky’okugeraageranya ku bubaka).  

**Kintu ki kisooka ku D?**  
- **D (Okugeraageranya ku bubaka)**: Ekisooka ku **",True
A,"**B. Nga bali mu bubiri bubiri, baawula omugatte nga bakozesa obukodyo bwe balaba nga butuufu, era balambulula okutuuka ku kigero ki obusobozi bwabwe okukola ekyo bwe bwali.**

**Explanation:**  
Ekigendererwa ky’okunoonyereza okwa ssaayansi ekituuka ku **nkola ey’okugoberera obusobozi** (ekisooka ku obungi, obusobozi, obuwewufu, obunene, obulungi, oba obulungi). Mu enkola, abayizi **bawulira obungi**, **bawulira obusobozi**, **banyonnyola obuwewufu**, **banyonnyola obunene**, **banyonnyola obulungi**, **banyonnyola obulungi**, **banyonnyola obungi**, **banyonnyola obusobozi**, **banyonnyola obuwewufu**, **banyonnyola obunene**, **banyonnyola obulungi**, **banyonnyola obulungi**, **banyonnyola obungi**, **banyonnyola obusobozi**, **banyonnyola obuwewufu**, **banyonnyola obunene**, **banyonnyola obulungi**, **banyonnyola obulungi**, **banyonnyola obungi**, **banyonnyola obusobozi**, **banyonnyola obuwewufu**, **banyonnyola obunene**, **banyonnyola obulungi**, **banyonnyola obulungi**, **banyonnyola obungi**, **banyonnyola obusobozi**, **banyonnyola obuwewufu**, **banyonnyola obunene**, **banyonnyola obulungi**, **banyonnyola obulungi**, **banyonnyola obungi**, **banyonnyola obusobozi**, **banyonnyola obuwewufu**, **banyonnyola obunene**, **banyonnyola obulungi**, **banyonnyola obulungi**, **banyonnyola obungi**, **banyonnyola obusobozi**, **banyonnyola obuwewufu**, **banyonnyola obunene**, **banyonnyola obulungi**, **banyonnyola obulungi**, **banyonnyola obungi**, **banyonnyola obusobozi**, **banyonnyola obuwewufu**, **banyonnyola obunene**, **banyonnyola obulungi**, **banyonnyola obulungi**, **banyonnyola obungi**, **banyonnyola obusobozi**, **banyonnyola obuwewufu**, **banyonnyola obunene**, **banyonnyola obulungi**, **banyonnyola obulungi**, **banyonnyola obungi**, **banyonnyola obusobozi**, **banyonnyola obuwewufu**, **banyonnyola obunene**, **banyonnyola obulungi**, **banyonnyola obulungi**, **banyonnyola obungi**, **banyonnyola obusobozi**, **banyonnyola obuwewufu**, **banyonnyola obunene**, **banyonnyola obulungi**, **banyonnyola obulungi**, **banyonnyola obungi**, **banyonnyola obusobozi**, **banyonnyola obuwewufu**, **banyonnyola obunene**, **banyonnyola obulungi**, **banyonnyola obulungi**, **banyonnyola obungi**, **banyonnyola obusobozi**, **banyonnyola obuwewufu**, **banyonnyola obunene**, **banyonnyola obulungi**, **banyonnyola obulungi**, **banyonnyola obungi**, **banyonnyola obusobozi**, **banyonnyola obuwewufu**, **banyonnyola obunene**, **banyonnyola obulungi**, **banyonnyola obulungi**, **banyonnyola obungi**, **banyonnyola obusobozi**, **banyonnyola obuwewufu**, **banyonnyola obunene**, **banyonnyola obulungi**, **banyonnyola obulungi**, **banyonnyola obungi**, **banyonnyola obusobozi**, **banyonnyola obuwewufu**, **banyonnyola obunene**, **banyonnyola obulungi**, **banyonnyola obulungi**, **banyonnyola obungi**, **banyonnyola obusobozi**, **banyonnyola obuwewufu**, **banyonnyola obunene**, **banyonnyola obulungi**, **banyonnyola obulungi**, **banyonnyola obungi**, **banyonnyola obusobozi**, **banyonnyola obuwewufu**, **banyonnyola obunene**, **banyonnyola obulungi**, **banyonnyola obulungi**, **banyonnyola obungi**, **banyonnyola obusobozi**, **banyonnyola obuwewufu**, **banyonnyola obunene**, **banyonnyola obulungi**, **banyonnyola obulungi**, **banyonnyola obungi**, **banyonnyola obusobozi**, **banyonnyola obuwewufu**, **banyonnyola obunene**, **banyonnyola obulungi**, **banyonnyola obulungi**, **banyonnyola obungi**, **banyonnyola obusobozi**, **banyonnyola obuwewufu**, **banyonnyola obunene**, **banyonnyola obulungi**, **banyonnyola obulungi**, **banyonnyola obungi**, **banyonnyola obusobozi**, **banyonnyola obuwewufu**, **banyonnyola obunene**, **banyonnyola obulungi**, **banyonnyola obulungi**, **banyonnyola obungi**, **banyonnyola obusobozi**, **banyonnyola obuwewufu**, **banyonnyola obunene**, **banyonnyola obulungi**, **banyonnyola obulungi**, **banyonnyola obungi**, **banyonnyola obusobozi**, **banyonnyola obuwewufu**, **banyonnyola obunene**, **banyonnyola obulungi**, **banyonnyola obulungi**, **banyonnyola obungi**, **banyonnyola obusobozi**, **banyonnyola obuwewufu**, **banyonnyola obunene**, **banyonnyola obulungi**, **banyonnyola obulungi**, **banyonnyola obungi**, **banyonnyola obusobozi**, **banyonnyola obuwewufu**, **banyonnyola obunene**, **banyonnyola obulungi**, **banyonnyola obulungi**, **banyonnyola obungi**, **banyonnyola obusobozi**, **banyonnyola obuwewufu**, **banyonnyola obunene**, **banyonnyola obulungi**, **banyonnyola obulungi**, **banyonnyola obungi**, **banyonnyola obusobozi**, **banyonnyola obuwewufu**, **banyonnyola obunene**, **banyonnyola obulungi**, **banyonnyola obulungi**, **banyonnyola obungi**, **banyonnyola obusobozi**, **banyonnyola obuwewufu**, **banyonnyola obunene**, **banyonnyola obulungi**, **banyonnyola obulungi**, **banyonnyola obungi**, **banyonnyola obusobozi**, **banyonnyola obuwewufu**, **banyonnyola obunene**, **banyonnyola obulungi**, **banyonnyola obulungi**, **banyonnyola obungi**, **banyonnyola obusobozi**, **banyonnyola obuwewufu**, **banyonnyola obunene**, **banyonnyola obulungi**, **banyonnyola obulungi**, **banyonnyola obungi**, **banyonnyola obusobozi**, **banyonnyola obuwewufu**, **banyonnyola obunene**, **banyonnyola obulungi**, **banyonnyola obulungi**, **banyonnyola obungi**, **banyonnyola obusobozi**, **banyonnyola obuwewufu**, **banyonnyola obunene**, **banyonnyola obulungi**, **banyonnyola obulungi**, **banyonnyola obungi**, **banyonnyola obusobozi**, **banyonnyola obuwewufu**, **banyonnyola obunene**, **banyonnyola obulungi**, **banyonnyola obulungi**, **banyonnyola obungi**, **banyonnyola obusobozi**, **banyonnyola obuwewufu**, **banyonnyola obunene**, **banyonnyola obulungi**, **banyonnyola obulungi**, **banyonnyola obungi**, **banyonnyola obusobozi**, **banyonnyola obuwewufu**, **banyonnyola obunene**, **banyonnyola obulungi**, **banyonnyola obulungi**, **banyonnyola obungi**, **banyonnyola obusobozi**, **banyonnyola obuwewufu**, **banyonnyola obunene**, **banyonnyola obulungi**, **banyonnyola obulungi**, **banyonnyola obungi**, **banyonnyola obusobozi**, **banyonnyola obuwewufu**, **banyonnyola obunene**, **banyonnyola obulungi**, **banyonnyola obulungi**, **banyonnyola obungi**, **banyonnyola obusobozi**, **banyonnyola obuwewufu**, **banyonnyola obunene**, **banyonnyola obulungi**, **banyonnyola obulungi**, **banyonnyola obungi**, **banyonnyola obusobozi**, **banyonnyola obuwewufu**, **banyonnyola obunene**, **banyonnyola obulungi**, **banyonnyola obulungi**, **banyonnyola obungi**, **banyonnyola obusobozi**, **banyonnyola obuwewufu**, **banyonnyola obunene**, **banyonnyola obulungi**, **banyonnyola obulungi**, **banyonnyola obungi**, **banyonnyola obusobozi**, **banyonnyola obuwewufu**, **banyonnyola obunene**, **banyonnyola obulungi**, **banyonnyola obulungi**, **banyonnyola obungi**, **banyonnyola obusobozi**, **banyonnyola obuwewufu**, **banyonnyola obunene**, **banyonnyola obulungi**, **banyonnyola obulungi**, **banyonnyola obungi**, **banyonnyola obusobozi**, **banyonnyola obuwewufu**, **banyonnyola obunene**, **banyonnyola obulungi**, **banyonnyola obulungi**, **banyonnyola obungi**, **banyonnyola obusobozi**, **banyonnyola obuwewufu**, **banyonnyola obunene**, **banyonnyola obulungi**, **banyonnyola obulungi**, **banyonnyola obungi**, **banyonnyola obusobozi**, **banyonnyola obuwewufu**, **banyonnyola obunene**, **banyonnyola obulungi**, **banyonnyola obulungi**, **banyonnyola obungi**, **banyonnyola obusobozi**, **banyonnyola obuwewufu**, **banyonnyola obunene**, **banyonnyola obulungi**, **banyonnyola obulungi**, **banyonnyola obungi**, **banyonnyola obusobozi**, **banyonnyola obuwewufu**, **banyonnyola obunene**, **banyonnyola obulungi**, **banyonnyola obulungi**, **banyonnyola obungi**, **banyonnyola obusobozi**, **banyonnyola obuwewufu**, **banyonnyola obunene**, **banyonnyola obulungi**, **banyonnyola obulungi**, **banyonnyola obungi**, **banyonnyola obusobozi**, **banyonnyola obuwewufu**, **banyonnyola obunene**, **banyonnyola obulungi**, **banyonnyola obulungi**, **banyonnyola obungi**, **banyonnyola obusobozi**, **banyonnyola obuwewufu**, **banyonnyola obunene**, **banyonnyola obulungi**, **banyonnyola obulungi**, **banyonnyola obungi**, **banyonnyola obusobozi**, **banyonnyola obuwewufu**, **banyonnyola obunene**, **banyonnyola obulungi**, **banyonnyola obulungi**, **banyonnyola obungi**, **banyonnyola obusobozi**, **banyonnyola obuwewufu**, **banyonnyola obunene**, **banyonnyola obulungi**, **banyonnyola obulungi**, **banyonnyola obungi**, **banyonnyola obusobozi**, **banyonnyola obuwewufu**, **banyonnyola obunene**, **banyonnyola obulungi**, **banyonnyola obulungi**, **banyonnyola obungi**, **banyonnyola obusobozi**, **banyonnyola obuwewufu**, **banyonnyola obunene**, **banyonnyola obulungi**, **banyonnyola obulungi**, **banyonnyola obungi**, **banyonnyola obusobozi",True
D,"**Jawabu:** D. Mu biseera by’okuzannya obwereere mu luggya, Soledad akuba ensigo mu ngalo ze nagamba: “Nneneenya”

---

### **Takyebuka:**
Ekibuuzo kino ekyokka ekigendererwa ky’okunoonyereza ""Okunnyonnyola ebimu ku bintu ebikulu ebikwata ku butonde bwe banoonyereza,"" kye kusooka ku **okusinziira ku bintu ebikulu (ebikwata) obwerere ku bintu ebimu (ebinoonyereza)**. 

- **Option D** ekyokka Soledad akuba **ensigo** (ekintu ebikulu/ebikwata) mu ngalo era akwata **""Nneneenya""** (ekintu ebimu/ebinoonyereza) obwerere ku abantu. Ensigo y’ekintu enjawulo obwerere ku kusinziira ku abantu obwerere ku kusooka mu ngalo.  
- **Option A, B, C** ekyokka abantu bakozesa obutegeevu (net, stick, basket) obwerere ku kusinziira ku bintu eby’okwawula (fish, people, items), koma **ebintu eby’okwawula** eby’ekintu ebimu, koma **ebikwata** (ebikulu) eby’ekintu obwerere ku kusinziira kino **ekigendererwa kino**.

---

### **Takyebuka ya Ekigendererwa:**
- **Okunnyonnyola ebimu ku bintu ebikulu** ekyokka **okusinziira ku bintu ebikulu (ebikwata) obwerere ku bintu ebimu (ebinoonyereza)**.  
  - **Ensigo** (ebikwata) → **""Nneneenya""** (ebimu).  
  - Ensigo y’ekintu enjawulo obwerere ku kusinziira ku abantu obwerere ku kusooka mu ngalo.  

---

### **Jawabu Ekigguddwa:**
**D** ekyokka **okusinziira ku bintu ebikulu (ensigo) obwerere ku bintu ebimu (""Nneneenya"")**, kye kusooka ku **ekigendererwa ky’okunoonyereza**.",True
B,"**C. Okutulukuka**

**Explanation:**  
The question asks for the term that describes the narrative style used in passing down stories through generations, as seen in the context of traditional storytelling elements like ""langi, obuwewufu, obunene, ebbugumu n'ebirala.""  

- **Okutulukuka** directly translates to ""narrating"" or ""telling a story,"" which aligns with the act of conveying these traditional tales.  
- The other options (e.g., **Okufuuyuka** for ""passing down"" or **Enfuufu** for ""a type of story"") are related but do not specifically capture the **method of narration** emphasized in the context.  
- The correct answer reflects the active process of storytelling, which is central to the examples provided (e.g., Soledad using a sign in the river to narrate a tradition).  

Thus, **C. Okutulukuka** is the most accurate choice.",True
C,"**Ekibuuzo kye kisooka:**  
""Anukula ekibuuzo kino ekituufu ng'ogoberera enkola y'emu: Nga kitundu ku somo eriyitibwa 'Planeti Yange', omusomesa alina okunnyonnyola abaana ebintu ebikola obudde. Ku bintu bino wammanga, kiki omusomesa ky'alina okutwala mu nnyonyola ye?""  

**Ekkwawa kya B:**  
- **Empewo (Planet):** Yange (Earth) ekikozesebwa kuwa **empewo** (planet), naye enkola y'emu enkola y'empewo.  
- **Ebiseera by’omwaka (Solar System):** Yange ekikozesebwa kuwa **ekikozesebwa mu biseera by’omwaka** (part of the solar system), naye enkola y'emu enkola y'ebiseera by’omwaka.  
- **Ob溫度 (Temperature):** Yange **ekikakanyavu** (has a moderate temperature) oba **ekikakanyavu** (is neither too hot nor too cold), naye enkola y'emu enkola y'ekikakanyavu.  

**Ekkwawa kya B ekikozesebwa kuwa ekigguddwaayo kubanga:**  
1. **Yange ekikozesebwa kuwa empewo** (Planet):  
   - Empewo (planet) ekikozesebwa kuwa **ekikozesebwa mu biseera by’omwaka** (part of the solar system) naye **ekikakanyavu** (has a moderate temperature).  
   - Kino ekikozesebwa kuwa Yange **ekikozesebwa kuwa empewo** (is a planet), naye **ekikakanyavu** (has a moderate temperature) oba **ekikakanyavu** (is neither too hot nor too cold) naye **ekikozesebwa mu biseera by’omwaka** (part of the solar system).  

2. **Kino ekikozesebwa kuwa ekikakanyavu** (has a moderate temperature):  
   - Yange **ekikakanyavu** (has a moderate temperature) kubanga **ekikozesebwa mu biseera by’omwaka** (part of the solar system) naye **ekikakanyavu** (has a moderate temperature) oba **ekikakanyavu** (is neither too hot nor too cold).  
   - Kino ekikozesebwa kuwa Yange **ekikakanyavu** (has a moderate temperature) kubanga **ekikozesebwa mu biseera by’omwaka** (part of the solar system) naye **ekikakanyavu** (has a moderate temperature) oba **ekikakanyavu** (is neither too hot nor too cold).  

3. **Kino ekikozesebwa kuwa ekikozesebwa mu biseera by’omwaka** (part of the solar system):  
   - Yange **ekikozesebwa mu biseera by’omwaka** (part of the solar system), naye **ekikakanyavu** (has a moderate temperature) oba **ekikakanyavu** (is neither too hot nor too cold).  
   - Kino ekikozesebwa kuwa Yange **ekikozesebwa mu biseera by’omwaka** (part of the solar system) naye **ekikakanyavu** (has a moderate temperature) oba **ekikakanyavu** (is neither too hot nor too cold).  

**Ekkwawa kya B ekikozesebwa kuwa ekigguddwaayo kubanga:**  
- Yange **ekikozesebwa kuwa empewo** (planet), **ekikozesebwa mu biseera by’omwaka** (part of the solar system), naye **ekikakanyavu** (has a moderate temperature) oba **ekikakanyavu** (is neither too hot nor too cold).  
- Kino ekikozesebwa kuwa Yange **ekikozesebwa kuwa empewo** (is a planet), **ekikozesebwa mu biseera by’omwaka** (part of the solar system), naye **ekikakanyavu** (has a moderate temperature) oba **ekikakanyavu** (is neither too hot nor too cold).  

**Ekkwawa kya B ekikozesebwa kuwa ekigguddwaayo kubanga:**  
- Yange **ekikozesebwa kuwa empewo** (planet), **ekikozesebwa mu biseera by’omwaka** (part of the solar system), naye **ekikakanyavu** (has a moderate temperature) oba **ekikakanyavu** (is neither too hot nor too cold).  
- Kino ekikozesebwa kuwa Yange **ekikozesebwa kuwa empewo** (is a planet), **ekikozesebwa mu biseera by’omwaka** (part of the solar system), naye **ekikakanyavu** (has a moderate temperature) oba **ekikakanyavu** (is neither too hot nor too cold).  

**Ekkwawa kya B ekikozesebwa kuwa ekigguddwaayo kubanga:**  
- Yange **ekikozesebwa kuwa empewo** (planet), **ekikozesebwa mu biseera by’omwaka** (part of the solar system), naye **ekikakanyavu** (has a moderate temperature) oba **ekikakanyavu** (is neither too hot nor too cold).  
- Kino ekikozesebwa kuwa Yange **ekikozesebwa kuwa empewo** (is a planet), **ekikozesebwa mu biseera by’omwaka** (part of the solar system), naye **ekikakanyavu** (has a moderate temperature) oba **ekikakanyavu** (is neither too hot nor too cold).  

**Ekkwawa kya B ekikozesebwa kuwa ekigguddwaayo kubanga:**  
- Yange **ekikozesebwa kuwa empewo** (planet), **ekikozesebwa mu biseera by’omwaka** (part of the solar system), naye **ekikakanyavu** (has a moderate temperature) oba **ekikakanyavu** (is neither too hot nor too cold).  
- Kino ekikozesebwa kuwa Yange **ekikozesebwa kuwa empewo** (is a planet), **ekikozesebwa mu biseera by’omwaka** (part of the solar system), naye **ekikakanyavu** (has a moderate temperature) oba **ekikakanyavu** (is neither too hot nor too cold).  

**Ekkwawa kya B ekikozesebwa kuwa ekigguddwaayo kubanga:**  
- Yange **ekikozesebwa kuwa empewo** (planet), **ekikozesebwa mu biseera by’omwaka** (part of the solar system), naye **ekikakanyavu** (has a moderate temperature) oba **ekikakanyavu** (is neither too hot nor too cold).  
- Kino ekikozesebwa kuwa Yange **ekikozesebwa kuwa empewo** (is a planet), **ekikozesebwa mu biseera by’omwaka** (part of the solar system), naye **ekikakanyavu** (has a moderate temperature) oba **ekikakanyavu** (is neither too hot nor too cold).  

**Ekkwawa kya B ekikozesebwa kuwa ekigguddwaayo kubanga:**  
- Yange **ekikozesebwa kuwa empewo** (planet), **ekikozesebwa mu biseera by’omwaka** (part of the solar system), naye **ekikakanyavu** (has a moderate temperature) oba **ekikakanyavu** (is neither too hot nor too cold).  
- Kino ekikozesebwa kuwa Yange **ekikozesebwa kuwa empewo** (is a planet), **ekikozesebwa mu biseera by’omwaka** (part of the solar system), naye **ekikakanyavu** (has a moderate temperature) oba **ekikakanyavu** (is neither too hot nor too cold).  

**Ekkwawa kya B ekikozesebwa kuwa ekigguddwaayo kubanga:**  
- Yange **ekikozesebwa kuwa empewo** (planet), **ekikozesebwa mu biseera by’omwaka** (part of the solar system), naye **ekikakanyavu** (has a moderate temperature) oba **ekikakanyavu** (is neither too hot nor too cold).  
- Kino ekikozesebwa kuwa Yange **ekikozesebwa kuwa empewo** (is a planet), **ekikozesebwa mu biseera by’omwaka** (part of the solar system), naye **ekikakanyavu** (has a moderate temperature) oba **ekikakanyavu** (is neither too hot nor too cold).  

**Ekkwawa kya B ekikozesebwa kuwa ekigguddwaayo kubanga:**  
- Yange **ekikozesebwa kuwa empewo** (planet), **ekikozesebwa mu biseera by’omwaka** (part of the solar system), naye **ekikakanyavu** (has a moderate temperature) oba **ekikakanyavu** (is neither too hot nor too cold).  
- Kino ekikozesebwa kuwa Yange **ekikozesebwa kuwa empewo** (is a planet), **ekikozesebwa mu biseera by’omwaka** (part of the solar system), naye **ekikakanyavu** (has a moderate temperature) oba **ekikakanyavu** (is neither too hot nor too cold).  

**Ekkwawa kya B ekikozesebwa kuwa ekigguddwaayo kubanga:**  
- Yange **ekikozesebwa kuwa empewo** (planet), **ekikozesebwa mu biseera by’omwaka** (part of the solar system), naye **ekikakanyavu** (has a moderate temperature) oba **ekikakanyavu** (is neither too hot nor too cold).  
- Kino ekikozesebwa kuwa Yange **ekikozesebwa kuwa empewo** (is a planet), **ekikozesebwa mu biseera by’omwaka** (part of the solar system), naye **ekikakanyavu** (has a moderate temperature) oba **ekikakanyavu** (is neither too hot nor too cold).  

**Ekkwawa kya B ekikozesebwa kuwa ekigguddwaayo kubanga:**  
- Yange **ekikozesebwa kuwa empewo** (planet), **ekikozesebwa mu biseera by’omwaka** (part of the solar system), naye **ekikakanyavu** (has a moderate temperature) oba **ekikakanyavu** (is neither too hot nor too cold).  
- Kino ekikozesebwa kuwa Yange **ekikozesebwa kuwa empewo** (is a planet), **ekikozesebwa mu biseera by’omwaka** (part of the solar system), naye **ekikakanyavu** (has a moderate temperature) oba **ekikakanyavu** (is neither too hot nor too cold).  

**Ekkwawa kya B ekikozesebwa kuwa ekigguddwaayo kubanga:**  
- Yange **ekikozesebwa kuwa empewo** (planet), **ekikozesebwa mu biseera by’omwaka** (part of the solar system), naye **ekikakanyavu** (has a moderate temperature) oba **ekikakanyavu** (is neither too hot nor too cold).  
- Kino ekikozesebwa kuwa Yange **ekikozesebwa kuwa empewo** (is a planet), **ekikozesebwa mu biseera by’omwaka** (part of the solar system), naye **ekikakanyavu** (has a moderate temperature) oba **ekikakanyavu** (is neither too hot nor too cold).  

**Ekkwawa kya B ekikozesebwa kuwa ekigguddwaayo kubanga:**  
- Yange **ekikozesebwa kuwa empewo** (planet), **ekikozesebwa mu biseera by’omwaka** (part of the solar system), naye **ekikakanyavu** (has a moderate temperature) oba **ekikakanyavu** (is neither too hot nor too cold).  
- Kino ekikozesebwa kuwa Yange **ekikozesebwa kuwa empewo** (is a planet), **ekikozesebwa mu biseera by’omwaka** (part of the solar system), naye **ekikakanyavu** (has a moderate temperature) oba **ekikakanyavu** (is neither too hot nor too cold).  

**Ekkwawa kya B ekikozesebwa kuwa ekigguddwaayo kubanga:**  
- Yange **ekikozesebwa kuwa empewo** (planet), **ekikozesebwa mu biseera by’omwaka** (part of the solar system), naye **ekikakanyavu** (has a moderate temperature) oba **ekikakanyavu** (is neither too hot nor too cold).",True
A,"**D**  
**C**  
**B**  

**Nukuta y'ekyanulo:**  
1. **D** - Ekigendererwa kino (ekigendererwa ky'ekibiina) ekisooka ku **ekiseera ky’okuzannya obwereere mu luggya** (Soledad akuba ensigo mu ngalo n’agamba: “Nneneenya”). Ekyo ekisooka ku **ekibiina ky’okuzannya obwereere**, kino ekisooka ku **ekiseera ky’okuzannya obwereere**.  

2. **C** - Omusomesa ayagala okwogera ku **nkola z’okwawula ebintu ebiri mu mugatte** (amazzi, amayinja, amafuta, n’omunnyo). Ekyo ekisooka ku **nkola y’okwawula ebintu ebiri mu mugatte** (C), kino ekisooka ku **nkola y’okwawula ebintu ebiri mu mugatte**.  

3. **B** - Empewo zikunta z’ekyanulo kino ekisooka ku **amaanyi agasikira ebintu ku Mwezi** (B). Ekyo ekisooka ku **amaanyi agasikira ebintu ku Mwezi**, kino ekisooka ku **amaanyi agasikira ebintu ku Mwezi**.  

**Kasoolokka:**  
- Ekigendererwa ky’ekibiina (C) ekisooka ku **ekiseera ky’okuzannya obwereere** (D).  
- Nkola y’okwawula ebintu ebiri mu mugatte (B) ekisooka ku **nkola y’okwawula ebintu ebiri mu mugatte**.  
- Empewo zikunta (B) ekisooka ku **amaanyi agasikira ebintu ku Mwezi**.",True
B,"**Jawabu:**  
**D. Mu biseera by’okuzannya obwereere mu luggya, Soledad akuba ensigo mu ngalo ze nagamba: “Nneneenya”**

**Tabyeyi:**  
Ekigendererwa kino ekyinza **okutegeera obwongo n’omulimu** (dialogue and indirect speech) gusobola okukiraga emiti gy’okwawula obutonde. Mu kiseera D, Soledad akuba **ensigo mu ngalo** (indirect speech) n’akozesa **""Nneneenya""** (dialogue) okutegeera emiti gy’okwawula obutonde. Ekyo ekyinza okutegeera obwongo oba obulimu oba obusobozi, oba obulungi, oba obusanyu, oba obunakuwavu, oba obusobozi oba obulungi, oba obusanyu, oba obunakuwavu, oba obusobozi oba obulungi, oba obusanyu, oba obunakuwavu, oba obusobozi oba obulungi, oba obusanyu, oba obunakuwavu, oba obusobozi oba obulungi, oba obusanyu, oba obunakuwavu, oba obusobozi oba obulungi, oba obusanyu, oba obunakuwavu, oba obusobozi oba obulungi, oba obusanyu, oba obunakuwavu, oba obusobozi oba obulungi, oba obusanyu, oba obunakuwavu, oba obusobozi oba obulungi, oba obusanyu, oba obunakuwavu, oba obusobozi oba obulungi, oba obusanyu, oba obunakuwavu, oba obusobozi oba obulungi, oba obusanyu, oba obunakuwavu, oba obusobozi oba obulungi, oba obusanyu, oba obunakuwavu, oba obusobozi oba obulungi, oba obusanyu, oba obunakuwavu, oba obusobozi oba obulungi, oba obusanyu, oba obunakuwavu, oba obusobozi oba obulungi, oba obusanyu, oba obunakuwavu, oba obusobozi oba obulungi, oba obusanyu, oba obunakuwavu, oba obusobozi oba obulungi, oba obusanyu, oba obunakuwavu, oba obusobozi oba obulungi, oba obusanyu, oba obunakuwavu, oba obusobozi oba obulungi, oba obusanyu, oba obunakuwavu, oba obusobozi oba obulungi, oba obusanyu, oba obunakuwavu, oba obusobozi oba obulungi, oba obusanyu, oba obunakuwavu, oba obusobozi oba obulungi, oba obusanyu, oba obunakuwavu, oba obusobozi oba obulungi, oba obusanyu, oba obunakuwavu, oba obusobozi oba obulungi, oba obusanyu, oba obunakuwavu, oba obusobozi oba obulungi, oba obusanyu, oba obunakuwavu, oba obusobozi oba obulungi, oba obusanyu, oba obunakuwavu, oba obusobozi oba obulungi, oba obusanyu, oba obunakuwavu, oba obusobozi oba obulungi, oba obusanyu, oba obunakuwavu, oba obusobozi oba obulungi, oba obusanyu, oba obunakuwavu, oba obusobozi oba obulungi, oba obusanyu, oba obunakuwavu, oba obusobozi oba obulungi, oba obusanyu, oba obunakuwavu, oba obusobozi oba obulungi, oba obusanyu, oba obunakuwavu, oba obusobozi oba obulungi, oba obusanyu, oba obunakuwavu, oba obusobozi oba obulungi, oba obusanyu, oba obunakuwavu, oba obusobozi oba obulungi, oba obusanyu, oba obunakuwavu, oba obusobozi oba obulungi, oba obusanyu, oba obunakuwavu, oba obusobozi oba obulungi, oba obusanyu, oba obunakuwavu, oba obusobozi oba obulungi, oba obusanyu, oba obunakuwavu, oba obusobozi oba obulungi, oba obusanyu, oba obunakuwavu, oba obusobozi oba obulungi, oba obusanyu, oba obunakuwavu, oba obusobozi oba obulungi, oba obusanyu, oba obunakuwavu, oba obusobozi oba obulungi, oba obusanyu, oba obunakuwavu, oba obusobozi oba obulungi, oba obusanyu, oba obunakuwavu, oba obusobozi oba obulungi, oba obusanyu, oba obunakuwavu, oba obusobozi oba obulungi, oba obusanyu, oba obunakuwavu, oba obusobozi oba obulungi, oba obusanyu, oba obunakuwavu, oba obusobozi oba obulungi, oba obusanyu, oba obunakuwavu, oba obusobozi oba obulungi, oba obusanyu, oba obunakuwavu, oba obusobozi oba obulungi, oba obusanyu, oba obunakuwavu, oba obusobozi oba obulungi, oba obusanyu, oba obunakuwavu, oba obusobozi oba obulungi, oba obusanyu, oba obunakuwavu, oba obusobozi oba obulungi, oba obusanyu, oba obunakuwavu, oba obusobozi oba obulungi, oba obusanyu, oba obunakuwavu, oba obusobozi oba obulungi, oba obusanyu, oba obunakuwavu, oba obusobozi oba obulungi, oba obusanyu, oba obunakuwavu, oba obusobozi oba obulungi, oba obusanyu, oba obunakuwavu, oba obusobozi oba obulungi, oba obusanyu, oba obunakuwavu, oba obusobozi oba obulungi, oba obusanyu, oba obunakuwavu, oba obusobozi oba obulungi, oba obusanyu, oba obunakuwavu, oba obusobozi oba obulungi, oba obusanyu, oba obunakuwavu, oba obusobozi oba obulungi, oba obusanyu, oba obunakuwavu, oba obusobozi oba obulungi, oba obusanyu, oba obunakuwavu, oba obusobozi oba obulungi, oba obusanyu, oba obunakuwavu, oba obusobozi oba obulungi, oba obusanyu, oba obunakuwavu, oba obusobozi oba obulungi, oba obusanyu, oba obunakuwavu, oba obusobozi oba obulungi, oba obusanyu, oba obunakuwavu, oba obusobozi oba obulungi, oba obusanyu, oba obunakuwavu, oba obusobozi oba obulungi, oba obusanyu, oba obunakuwavu, oba obusobozi oba obulungi, oba obusanyu, oba obunakuwavu, oba obusobozi oba obulungi, oba obusanyu, oba obunakuwavu, oba obusobozi oba obulungi, oba obusanyu, oba obunakuwavu, oba obusobozi oba obulungi, oba obusanyu, oba obunakuwavu, oba obusobozi oba obulungi, oba obusanyu, oba obunakuwavu, oba obusobozi oba obulungi, oba obusanyu, oba obunakuwavu, oba obusobozi oba obulungi, oba obusanyu, oba obunakuwavu, oba obusobozi oba obulungi, oba obusanyu, oba obunakuwavu, oba obusobozi oba obulungi, oba obusanyu, oba obunakuwavu, oba obusobozi oba obulungi, oba obusanyu, oba obunakuwavu, oba obusobozi oba obulungi, oba obusanyu, oba obunakuwavu, oba obusobozi oba obulungi, oba obusanyu, oba obunakuwavu, oba obusobozi oba obulungi, oba obusanyu, oba obunakuwavu, oba obusobozi oba obulungi, oba obusanyu, oba obunakuwavu, oba obusobozi oba obulungi, oba obusanyu, oba obunakuwavu, oba obusobozi oba obulungi, oba obusanyu, oba obunakuwavu, oba obusobozi oba obulungi, oba obusanyu, oba obunakuwavu, oba obusobozi oba obulungi, oba obusanyu, oba obunakuwavu, oba obusobozi oba obulungi, oba obusanyu, oba obunakuwavu, oba obusobozi oba obulungi, oba obusanyu, oba obunakuwavu, oba obusobozi oba obulungi, oba obusanyu, oba obunakuwavu, oba obusobozi oba obulungi, oba obusanyu, oba obunakuwavu, oba obusobozi oba obulungi, oba obusanyu, oba obunakuwavu, oba obusobozi oba obulungi, oba obusanyu, oba obunakuwavu, oba obusobozi oba obulungi, oba obusanyu, oba obunakuwavu, oba obusobozi oba obulungi, oba obusanyu, oba obunakuwavu, oba obusobozi oba obulungi, oba obusanyu, oba obunakuwavu, oba obusobozi oba obulungi, oba obusanyu, oba obunakuwavu, oba obusobozi oba obulungi, oba obusanyu, oba obunakuwavu, oba obusobozi oba obulungi, oba obusanyu, oba obunakuwavu, oba obusobozi oba obulungi, oba obusanyu, oba obunakuwavu, oba obusobozi oba obulungi, oba obusanyu, oba obunakuwavu, oba obusobozi oba obulungi, oba obusanyu, oba obunakuwavu, oba obusobozi oba obulungi, oba obusanyu, oba obunakuwavu, oba obusobozi oba obulungi, oba obusanyu, oba obunakuwavu, oba obusobozi oba obulungi, oba obusanyu, oba obunakuwavu, oba obusobozi oba obulungi, oba obusanyu, oba obunakuwavu, oba obusobozi oba obulungi, oba obusanyu, oba obunakuwavu, oba obusobozi oba obulungi, oba obusanyu, oba obunakuwavu, oba obusobozi oba obulungi, oba obusanyu, oba obunakuwavu, oba obusobozi oba obulungi, oba obusanyu, oba obunakuwavu, oba obusobozi oba obulungi, oba obusanyu, oba obunakuwavu, oba obusobozi oba obulungi, oba obusanyu, oba obunakuwavu, oba obusobozi oba obulungi, oba obusanyu, oba obunakuwavu, oba obusobozi oba obulungi, oba obusanyu, oba obunakuwavu, oba obusobozi oba obulungi, oba obusanyu, oba obunakuwavu, oba obusobozi oba obulungi, oba obusanyu, oba obunakuwavu, oba obusobozi oba obulungi, oba obusanyu, oba obunakuwavu, oba obusobozi oba obulungi, oba obusanyu, oba obunakuwavu, oba obusobozi oba obulungi, oba obusanyu, oba obunakuwavu, oba obusobozi oba",True
D,"**Jawabu:** D. Omukwano ogw'obuyambi obwa buli omu (Mutualism)

**Tabyeyo:**  
Ku mutendera gwa Ignacio, ekimu ku biramu (clownfish) ne ekirala (anemone) ekisobola okukwata ku **mutualism**, kubanga:  
1. **Ekimu ku biramu** (clownfish) ekisobola okukwata ku **ekirala** (anemone) kubanga ekirala ekisobola okukwata ku ekimu ku biramu ku **okulwanyisa abalya ebyennyanja** (prey).  
2. **Ekirala** (anemone) ekisobola okukwata ku **ekimu ku biramu** kubanga ekimu ku biramu ekisobola okukwata ku **okulwanyisa abalya ebyennyanja** (prey) ne **okukwata ku ekirala** (protection) mu kukaananyi.  

**Ku kiseera ky’ekibiina:**  
- **Mutualism** (Option D) ekisobola okukwata ku **ebiriwo ebimu** (two organisms) gye **ekiremesa** (both benefit).  
- **Amensalism** (Option B) ekisobola okukwata ku **ekimu ekiremesa** (one organism is harmed) ne **ekimu ekisobola okukwata ku ekirala** (the other is unaffected), kubanga kino **ekisobola okukwata ku ekimu ku biramu ne ekirala** (both benefit), kino **ekisobola okukwata ku mutualism**.  

**Ku kiseera ky’ekibiina:**  
- **Clownfish ne anemone** ekisobola okukwata ku **mutualism** kubanga **ebiriwo ebimu** (both organisms) **ekiremesa** (benefit).  
- **Amensalism** (Option B) **ekisobola okukwata ku ekimu ekiremesa** (one organism is harmed) ne **ekimu ekisobola okukwata ku ekirala** (the other is unaffected), kubanga **clownfish ne anemone** **ekisobola okukwata ku mutualism**.  

**Ku kiseera ky’ekibiina:**  
- **Mutualism** (Option D) **ekisobola okukwata ku ekimu ku biramu ne ekirala** (both benefit).  
- **Amensalism** (Option B) **ekisobola okukwata ku ekimu ekiremesa** (one organism is harmed) ne **ekimu ekisobola okukwata ku ekirala** (the other is unaffected), kubanga **clownfish ne anemone** **ekisobola okukwata ku mutualism**.  

**Ku kiseera ky’ekibiina:**  
- **Mutualism** (Option D) **ekisobola okukwata ku ekimu ku biramu ne ekirala** (both benefit).  
- **Amensalism** (Option B) **ekisobola okukwata ku ekimu ekiremesa** (one organism is harmed) ne **ekimu ekisobola okukwata ku ekirala** (the other is unaffected), kubanga **clownfish ne anemone** **ekisobola okukwata ku mutualism**.  

**Ku kiseera ky’ekibiina:**  
- **Mutualism** (Option D) **ekisobola okukwata ku ekimu ku biramu ne ekirala** (both benefit).  
- **Amensalism** (Option B) **ekisobola okukwata ku ekimu ekiremesa** (one organism is harmed) ne **ekimu ekisobola okukwata ku ekirala** (the other is unaffected), kubanga **clownfish ne anemone** **ekisobola okukwata ku mutualism**.  

**Ku kiseera ky’ekibiina:**  
- **Mutualism** (Option D) **ekisobola okukwata ku ekimu ku biramu ne ekirala** (both benefit).  
- **Amensalism** (Option B) **ekisobola okukwata ku ekimu ekiremesa** (one organism is harmed) ne **ekimu ekisobola okukwata ku ekirala** (the other is unaffected), kubanga **clownfish ne anemone** **ekisobola okukwata ku mutualism**.  

**Ku kiseera ky’ekibiina:**  
- **Mutualism** (Option D) **ekisobola okukwata ku ekimu ku biramu ne ekirala** (both benefit).  
- **Amensalism** (Option B) **ekisobola okukwata ku ekimu ekiremesa** (one organism is harmed) ne **ekimu ekisobola okukwata ku ekirala** (the other is unaffected), kubanga **clownfish ne anemone** **ekisobola okukwata ku mutualism**.  

**Ku kiseera ky’ekibiina:**  
- **Mutualism** (Option D) **ekisobola okukwata ku ekimu ku biramu ne ekirala** (both benefit).  
- **Amensalism** (Option B) **ekisobola okukwata ku ekimu ekiremesa** (one organism is harmed) ne **ekimu ekisobola okukwata ku ekirala** (the other is unaffected), kubanga **clownfish ne anemone** **ekisobola okukwata ku mutualism**.  

**Ku kiseera ky’ekibiina:**  
- **Mutualism** (Option D) **ekisobola okukwata ku ekimu ku biramu ne ekirala** (both benefit).  
- **Amensalism** (Option B) **ekisobola okukwata ku ekimu ekiremesa** (one organism is harmed) ne **ekimu ekisobola okukwata ku ekirala** (the other is unaffected), kubanga **clownfish ne anemone** **ekisobola okukwata ku mutualism**.  

**Ku kiseera ky’ekibiina:**  
- **Mutualism** (Option D) **ekisobola okukwata ku ekimu ku biramu ne ekirala** (both benefit).  
- **Amensalism** (Option B) **ekisobola okukwata ku ekimu ekiremesa** (one organism is harmed) ne **ekimu ekisobola okukwata ku ekirala** (the other is unaffected), kubanga **clownfish ne anemone** **ekisobola okukwata ku mutualism**.  

**Ku kiseera ky’ekibiina:**  
- **Mutualism** (Option D) **ekisobola okukwata ku ekimu ku biramu ne ekirala** (both benefit).  
- **Amensalism** (Option B) **ekisobola okukwata ku ekimu ekiremesa** (one organism is harmed) ne **ekimu ekisobola okukwata ku ekirala** (the other is unaffected), kubanga **clownfish ne anemone** **ekisobola okukwata ku mutualism**.  

**Ku kiseera ky’ekibiina:**  
- **Mutualism** (Option D) **ekisobola okukwata ku ekimu ku biramu ne ekirala** (both benefit).  
- **Amensalism** (Option B) **ekisobola okukwata ku ekimu ekiremesa** (one organism is harmed) ne **ekimu ekisobola okukwata ku ekirala** (the other is unaffected), kubanga **clownfish ne anemone** **ekisobola okukwata ku mutualism**.  

**Ku kiseera ky’ekibiina:**  
- **Mutualism** (Option D) **ekisobola okukwata ku ekimu ku biramu ne ekirala** (both benefit).  
- **Amensalism** (Option B) **ekisobola okukwata ku ekimu ekiremesa** (one organism is harmed) ne **ekimu ekisobola okukwata ku ekirala** (the other is unaffected), kubanga **clownfish ne anemone** **ekisobola okukwata ku mutualism**.  

**Ku kiseera ky’ekibiina:**  
- **Mutualism** (Option D) **ekisobola okukwata ku ekimu ku biramu ne ekirala** (both benefit).  
- **Amensalism** (Option B) **ekisobola okukwata ku ekimu ekiremesa** (one organism is harmed) ne **ekimu ekisobola okukwata ku ekirala** (the other is unaffected), kubanga **clownfish ne anemone** **ekisobola okukwata ku mutualism**.  

**Ku kiseera ky’ekibiina:**  
- **Mutualism** (Option D) **ekisobola okukwata ku ekimu ku biramu ne ekirala** (both benefit).  
- **Amensalism** (Option B) **ekisobola okukwata ku ekimu ekiremesa** (one organism is harmed) ne **ekimu ekisobola okukwata ku ekirala** (the other is unaffected), kubanga **clownfish ne anemone** **ekisobola okukwata ku mutualism**.  

**Ku kiseera ky’ekibiina:**  
- **Mutualism** (Option D) **ekisobola okukwata ku ekimu ku biramu ne ekirala** (both benefit).  
- **Amensalism** (Option B) **ekisobola okukwata ku ekimu ekiremesa** (one organism is harmed) ne **ekimu ekisobola okukwata ku ekirala** (the other is unaffected), kubanga **clownfish ne anemone** **ekisobola okukwata ku mutualism**.  

**Ku kiseera ky’ekibiina:**  
- **Mutualism** (Option D) **ekisobola okukwata ku ekimu ku biramu ne ekirala** (both benefit).  
- **Amensalism** (Option B) **ekisobola okukwata ku ekimu ekiremesa** (one organism is harmed) ne **ekimu ekisobola okukwata ku ekirala** (the other is unaffected), kubanga **clownfish ne anemone** **ekisobola okukwata ku mutualism**.  

**Ku kiseera ky’ekibiina:**  
- **Mutualism** (Option D) **ekisobola okukwata ku ekimu ku biramu ne ekirala** (both benefit).  
- **Amensalism** (Option B) **ekisobola okukwata ku ekimu ekiremesa** (one organism is harmed) ne **ekimu ekisobola okukwata ku ekirala** (the other is unaffected), kubanga **clownfish ne anemone** **ekisobola okukwata ku mutualism**.  

**Ku kiseera ky’ekibiina:**  
- **Mutualism** (Option D) **ekisobola okukwata ku ekimu ku biramu ne ekirala** (both benefit).  
- **Amensalism** (Option B) **ekisobola okukwata ku ekimu ekiremesa** (one organism is harmed) ne **ekimu ekisobola okukwata ku ekirala** (the other is unaffected), kubanga **clownfish ne anemone** **ekisobola okukwata ku mutualism**.  

**Ku kiseera ky’ekibiina:**  
- **Mutualism** (Option D) **ekisobola okukwata ku ekimu ku biramu ne ekirala** (both benefit).  
- **Amensalism** (Option B) **ekisobola okukwata ku ekimu ekiremesa** (one organism is harmed) ne **ekimu ekisobola okukwata ku ekirala** (the other is unaffected), kubanga **clownfish ne anemone** **ekisobola okukwata ku mutualism**.  

**Ku kiseera ky’ekibiina:**  
- **Mutualism** (Option D) **ekisobola okukwata ku ekimu ku biramu ne ekirala** (both benefit).  
- **Amensalism** (Option B) **ekisobola okukwata ku ekimu ekiremesa** (one organism is harmed) ne **ekimu ekisobola okukwata ku ekirala** (the other is unaffected), kubanga **clownfish ne anemone** **ekisobola okukwata ku mutualism**.  

**Ku kiseera ky’ekibiina:**  
- **Mutualism** (Option D) **ekisobola okukwata ku ekimu ku biramu ne ekirala** (both benefit).  
- **Amensalism** (Option B) **ekisobola okukwata ku ekimu ekiremesa** (one organism is harmed) ne **ekimu ekisobola okukwata ku ekirala** (the other is unaffected), kubanga **clownfish ne anemone** **ekisobola okukwata ku mutualism**.  

**Ku kiseera ky’ekibiina:**  
- **Mutualism** (Option D) **ekisobola okukwata ku ekimu ku biramu ne ekirala** (both benefit).  
- **Amensalism** (Option B) **ekisobola okukwata ku ekimu ekiremesa** (one organism is harmed) ne **ekimu ekisobola okukwata ku ekirala** (the other is unaffected), kubanga **clownfish ne anemone** **ekisobola okukwata ku mutualism**.  

**Ku kiseera ky’ekibiina:**  
- **Mutualism** (Option D",True
D,"**D. Enkyukakyuka n'okukuuma amasoboza**  

**Kasongola:**  
Ekigendererwa kino ekyakuyambye okutegeera nti **enkyukakyuka n'okukuuma amasoboza** (traditions and customs) kubanga abana abato obaana abakugu mu by'enjigiriza beetaaga okukebera mu bulamu obwa bulijjo ekigendererwa kino. Ekyo ekyakuyambye okutegeera nti amasoboza g'obw'okugenda ku kikuta ky'obw'okugendera obw'okukozesebwa mu ngeri ez'okwawula ebintu ebiri mu mugatte, oba oba obw'okukozesebwa mu kikuta ky'obw'okugendera obw'okukozesebwa mu ngeri ez'okwawula ebintu ebiri mu mugatte. Ekyo ekyakuyambye okutegeera nti amasoboza g'obw'okugenda ku kikuta ky'obw'okugendera obw'okukozesebwa mu ngeri ez'okwawula ebintu ebiri mu mugatte, oba oba obw'okukozesebwa mu kikuta ky'obw'okugendera obw'okukozesebwa mu ngeri ez'okwawula ebintu ebiri mu mugatte.",True
A,**D**,True
B,"**D. Obutaffaali bwa B bwekyusa nebufuuka obutaffaali bwa plasma obuyimbula obuzzaalizi.**

**Explanation:**  
Kino ekigendererwa ekyusa obutaffaali bwa B (B cells) obw’ekikola ku kikuta ky’okuzimba. Nga obutaffaali bwa B bwekola ku antigens (ekikuta ky’obuwewufu), bwekyusa nebufuuka obutaffaali bwa plasma. Obutaffaali bwa plasma bweyimbula obuzzaalizi (antibodies), obw’ekikola ku kikuta ky’okuzimba obw’ekikola ku kikuta ky’obuwewufu obw’ekikola ku kikuta ky’okuzimba. 

- **Option A** (Macrophages presenting antigens to T cells) ekikola ku kikuta ky’okuzimba, kaso kino ekikola ku kikuta ky’okugoberera obuwumbiingirizi (adaptive immunity), kaso kino ekikola ku kikuta ky’okuzimba (innate immunity).  
- **Option B** (Neutrophils phagocytizing pathogens) ekikola ku kikuta ky’okuzimba, kaso kino ekikola ku kikuta ky’okugoberera obuwumbiingirizi.  
- **Option C** (T cells attacking infected cells) ekikola ku kikuta ky’okuzimba, kaso kino ekikola ku kikuta ky’okugoberera obuwumbiingirizi.  

**Kino kino, Option D ekikola ku kikuta ky’okuzimba obw’ekikola ku kikuta ky’obuwewufu obw’ekikola ku kikuta ky’okuzimba.**",True
D,"**Kasooka ku ekibuuzo ekikozesebwa mu kiseera ky’okunoonyereza (D):**  
Ekibuuzo kino ekikozesebwa mu kiseera ky’okunoonyereza obutuufu bw’okukozesa tekinologiya y’okwawula ebintu ebiri mu mugatte. Kino ekikozesebwa mu kiseera ky’okunoonyereza obutuufu bw’okukozesa tekinologiya y’okwawula ebintu ebiri mu mugatte. Kino ekikozesebwa mu kiseera ky’okunoonyereza obutuufu bw’okukozesa tekinologiya y’okwawula ebintu ebiri mu mugatte. Kino ekikozesebwa mu kiseera ky’okunoonyereza obutuufu bw’okukozesa tekinologiya y’okwawula ebintu ebiri mu mugatte. Kino ekikozesebwa mu kiseera ky’okunoonyereza obutuufu bw’okukozesa tekinologiya y’okwawula ebintu ebiri mu mugatte. Kino ekikozesebwa mu kiseera ky’okunoonyereza obutuufu bw’okukozesa tekinologiya y’okwawula ebintu ebiri mu mugatte. Kino ekikozesebwa mu kiseera ky’okunoonyereza obutuufu bw’okukozesa tekinologiya y’okwawula ebintu ebiri mu mugatte. Kino ekikozesebwa mu kiseera ky’okunoonyereza obutuufu bw’okukozesa tekinologiya y’okwawula ebintu ebiri mu mugatte. Kino ekikozesebwa mu kiseera ky’okunoonyereza obutuufu bw’okukozesa tekinologiya y’okwawula ebintu ebiri mu mugatte. Kino ekikozesebwa mu kiseera ky’okunoonyereza obutuufu bw’okukozesa tekinologiya y’okwawula ebintu ebiri mu mugatte. Kino ekikozesebwa mu kiseera ky’okunoonyereza obutuufu bw’okukozesa tekinologiya y’okwawula ebintu ebiri mu mugatte. Kino ekikozesebwa mu kiseera ky’okunoonyereza obutuufu bw’okukozesa tekinologiya y’okwawula ebintu ebiri mu mugatte. Kino ekikozesebwa mu kiseera ky’okunoonyereza obutuufu bw’okukozesa tekinologiya y’okwawula ebintu ebiri mu mugatte. Kino ekikozesebwa mu kiseera ky’okunoonyereza obutuufu bw’okukozesa tekinologiya y’okwawula ebintu ebiri mu mugatte. Kino ekikozesebwa mu kiseera ky’okunoonyereza obutuufu bw’okukozesa tekinologiya y’okwawula ebintu ebiri mu mugatte. Kino ekikozesebwa mu kiseera ky’okunoonyereza obutuufu bw’okukozesa tekinologiya y’okwawula ebintu ebiri mu mugatte. Kino ekikozesebwa mu kiseera ky’okunoonyereza obutuufu bw’okukozesa tekinologiya y’okwawula ebintu ebiri mu mugatte. Kino ekikozesebwa mu kiseera ky’okunoonyereza obutuufu bw’okukozesa tekinologiya y’okwawula ebintu ebiri mu mugatte. Kino ekikozesebwa mu kiseera ky’okunoonyereza obutuufu bw’okukozesa tekinologiya y’okwawula ebintu ebiri mu mugatte. Kino ekikozesebwa mu kiseera ky’okunoonyereza obutuufu bw’okukozesa tekinologiya y’okwawula ebintu ebiri mu mugatte. Kino ekikozesebwa mu kiseera ky’okunoonyereza obutuufu bw’okukozesa tekinologiya y’okwawula ebintu ebiri mu mugatte. Kino ekikozesebwa mu kiseera ky’okunoonyereza obutuufu bw’okukozesa tekinologiya y’okwawula ebintu ebiri mu mugatte. Kino ekikozesebwa mu kiseera ky’okunoonyereza obutuufu bw’okukozesa tekinologiya y’okwawula ebintu ebiri mu mugatte. Kino ekikozesebwa mu kiseera ky’okunoonyereza obutuufu bw’okukozesa tekinologiya y’okwawula ebintu ebiri mu mugatte. Kino ekikozesebwa mu kiseera ky’okunoonyereza obutuufu bw’okukozesa tekinologiya y’okwawula ebintu ebiri mu mugatte. Kino ekikozesebwa mu kiseera ky’okunoonyereza obutuufu bw’okukozesa tekinologiya y’okwawula ebintu ebiri mu mugatte. Kino ekikozesebwa mu kiseera ky’okunoonyereza obutuufu bw’okukozesa tekinologiya y’okwawula ebintu ebiri mu mugatte. Kino ekikozesebwa mu kiseera ky’okunoonyereza obutuufu bw’okukozesa tekinologiya y’okwawula ebintu ebiri mu mugatte. Kino ekikozesebwa mu kiseera ky’okunoonyereza obutuufu bw’okukozesa tekinologiya y’okwawula ebintu ebiri mu mugatte. Kino ekikozesebwa mu kiseera ky’okunoonyereza obutuufu bw’okukozesa tekinologiya y’okwawula ebintu ebiri mu mugatte. Kino ekikozesebwa mu kiseera ky’okunoonyereza obutuufu bw’okukozesa tekinologiya y’okwawula ebintu ebiri mu mugatte. Kino ekikozesebwa mu kiseera ky’okunoonyereza obutuufu bw’okukozesa tekinologiya y’okwawula ebintu ebiri mu mugatte. Kino ekikozesebwa mu kiseera ky’okunoonyereza obutuufu bw’okukozesa tekinologiya y’okwawula ebintu ebiri mu mugatte. Kino ekikozesebwa mu kiseera ky’okunoonyereza obutuufu bw’okukozesa tekinologiya y’okwawula ebintu ebiri mu mugatte. Kino ekikozesebwa mu kiseera ky’okunoonyereza obutuufu bw’okukozesa tekinologiya y’okwawula ebintu ebiri mu mugatte. Kino ekikozesebwa mu kiseera ky’okunoonyereza obutuufu bw’okukozesa tekinologiya y’okwawula ebintu ebiri mu mugatte. Kino ekikozesebwa mu kiseera ky’okunoonyereza obutuufu bw’okukozesa tekinologiya y’okwawula ebintu ebiri mu mugatte. Kino ekikozesebwa mu kiseera ky’okunoonyereza obutuufu bw’okukozesa tekinologiya y’okwawula ebintu ebiri mu mugatte. Kino ekikozesebwa mu kiseera ky’okunoonyereza obutuufu bw’okukozesa tekinologiya y’okwawula ebintu ebiri mu mugatte. Kino ekikozesebwa mu kiseera ky’okunoonyereza obutuufu bw’okukozesa tekinologiya y’okwawula ebintu ebiri mu mugatte. Kino ekikozesebwa mu kiseera ky’okunoonyereza obutuufu bw’okukozesa tekinologiya y’okwawula ebintu ebiri mu mugatte. Kino ekikozesebwa mu kiseera ky’okunoonyereza obutuufu bw’okukozesa tekinologiya y’okwawula ebintu ebiri mu mugatte. Kino ekikozesebwa mu kiseera ky’okunoonyereza obutuufu bw’okukozesa tekinologiya y’okwawula ebintu ebiri mu mugatte. Kino ekikozesebwa mu kiseera ky’okunoonyereza obutuufu bw’okukozesa tekinologiya y’okwawula ebintu ebiri mu mugatte. Kino ekikozesebwa mu kiseera ky’okunoonyereza obutuufu bw’okukozesa tekinologiya y’okwawula ebintu ebiri mu mugatte. Kino ekikozesebwa mu kiseera ky’okunoonyereza obutuufu bw’okukozesa tekinologiya y’okwawula ebintu ebiri mu mugatte. Kino ekikozesebwa mu kiseera ky’okunoonyereza obutuufu bw’okukozesa tekinologiya y’okwawula ebintu ebiri mu mugatte. Kino ekikozesebwa mu kiseera ky’okunoonyereza obutuufu bw’okukozesa tekinologiya y’okwawula ebintu ebiri mu mugatte. Kino ekikozesebwa mu kiseera ky’okunoonyereza obutuufu bw’okukozesa tekinologiya y’okwawula ebintu ebiri mu mugatte. Kino ekikozesebwa mu kiseera ky’okunoonyereza obutuufu bw’okukozesa tekinologiya y’okwawula ebintu ebiri mu mugatte. Kino ekikozesebwa mu kiseera ky’okunoonyereza obutuufu bw’okukozesa tekinologiya y’okwawula ebintu ebiri mu mugatte. Kino ekikozesebwa mu kiseera ky’okunoonyereza obutuufu bw’okukozesa tekinologiya y’okwawula ebintu ebiri mu mugatte. Kino ekikozesebwa mu kiseera ky’okunoonyereza obutuufu bw’okukozesa tekinologiya y’okwawula ebintu ebiri mu mugatte. Kino ekikozesebwa mu kiseera ky’okunoonyereza obutuufu bw’okukozesa tekinologiya y’okwawula ebintu ebiri mu mugatte. Kino ekikozesebwa mu kiseera ky’okunoonyereza obutuufu bw’okukozesa tekinologiya y’okwawula ebintu ebiri mu mugatte. Kino ekikozesebwa mu kiseera ky’okunoonyereza obutuufu bw’okukozesa tekinologiya y’okwawula ebintu ebiri mu mugatte. Kino ekikozesebwa mu kiseera ky’okunoonyereza obutuufu bw’okukozesa tekinologiya y’okwawula ebintu ebiri mu mugatte. Kino ekikozesebwa mu kiseera ky’okunoonyereza obutuufu bw’okukozesa tekinologiya y’okwawula ebintu ebiri mu mugatte. Kino ekikozesebwa mu kiseera ky’okunoonyereza obutuufu bw’okukozesa tekinologiya y’okwawula ebintu ebiri mu mugatte. Kino ekikozesebwa mu kiseera ky’okunoonyereza obutuufu bw’okukozesa tekinologiya y’okwawula ebintu ebiri mu mugatte. Kino ekikozesebwa mu kiseera ky’okunoonyereza obutuufu bw’okukozesa tekinologiya y’okwawula ebintu ebiri mu mugatte. Kino ekikozesebwa mu kiseera ky’okunoonyereza obutuufu bw’okukozesa tekinologiya y’okwawula ebintu ebiri mu mugatte. Kino ekikozesebwa mu kiseera ky’okunoonyereza obutuufu bw’okukozesa tekinologiya y’okwawula ebintu ebiri mu mugatte. Kino ekikozesebwa mu kiseera ky’okunoonyereza obutuufu bw’okukozesa tekinologiya y’okwawula ebintu ebiri mu mugatte. Kino ekikozesebwa mu kiseera ky’okunoonyereza obutuufu bw’okukozesa tekinologiya y’okwawula ebintu ebiri mu mugatte. Kino ekikozesebwa mu kiseera ky’okunoonyereza obutuufu bw’okukozesa tekinologiya y’okwawula ebintu ebiri mu mugatte. Kino ekikozesebwa mu kiseera ky’okunoonyereza obutuufu bw’okukozesa tekinologiya y’okwawula ebintu ebiri mu mugatte. Kino ekikozesebwa mu kiseera ky’okunoonyereza obutuufu bw’okukozesa tekinologiya y’okwawula ebintu ebiri mu mugatte. Kino ekikozesebwa mu kiseera ky’okunoonyereza obutuufu bw’okukozesa tekinologiya y’okwawula ebintu ebiri mu mugatte. Kino ekikozesebwa mu kiseera ky’okunoonyereza obutuufu bw’okukozesa tekinologiya y’okwawula ebintu ebiri mu mugatte. Kino ekikozesebwa mu kiseera ky’okunoonyereza obutuufu bw’okukozesa tekinologiya y’okwawula ebintu ebiri mu mugatte. Kino ekikozesebwa mu kiseera ky’okunoonyereza obutuufu bw’okukozesa tekinologiya y’okwawula ebintu ebiri mu mugatte. Kino ekikozesebwa mu kiseera ky’okunoonyereza obutuufu bw’okukozesa tekinologiya",True
B,"**C. Obuwuka obuyamba omubiri okufuna ebiriisa mu byenda.**

**Explanation:**  
Obuwuka obutono (microbiota) mu bantu eza obulamu obw’ebiramu obw’okwawula obuwuka obuyamba omubiri okufuna ebiriisa mu byenda. Ebirowoozo eza obulamu obw’ebiramu obw’okwawula obuwuka obuyamba omubiri okufuna ebiriisa mu byenda. Ebirowoozo eza obulamu obw’ebiramu obw’okwawula obuwuka obuyamba omubiri okufuna ebiriisa mu byenda. Ebirowoozo eza obulamu obw’ebiramu obw’okwawula obuwuka obuyamba omubiri okufuna ebiriisa mu byenda. Ebirowoozo eza obulamu obw’ebiramu obw’okwawula obuwuka obuyamba omubiri okufuna ebiriisa mu byenda. Ebirowoozo eza obulamu obw’ebiramu obw’okwawula obuwuka obuyamba omubiri okufuna ebiriisa mu byenda. Ebirowoozo eza obulamu obw’ebiramu obw’okwawula obuwuka obuyamba omubiri okufuna ebiriisa mu byenda. Ebirowoozo eza obulamu obw’ebiramu obw’okwawula obuwuka obuyamba omubiri okufuna ebiriisa mu byenda. Ebirowoozo eza obulamu obw’ebiramu obw’okwawula obuwuka obuyamba omubiri okufuna ebiriisa mu byenda. Ebirowoozo eza obulamu obw’ebiramu obw’okwawula obuwuka obuyamba omubiri okufuna ebiriisa mu byenda. Ebirowoozo eza obulamu obw’ebiramu obw’okwawula obuwuka obuyamba omubiri okufuna ebiriisa mu byenda. Ebirowoozo eza obulamu obw’ebiramu obw’okwawula obuwuka obuyamba omubiri okufuna ebiriisa mu byenda. Ebirowoozo eza obulamu obw’ebiramu obw’okwawula obuwuka obuyamba omubiri okufuna ebiriisa mu byenda. Ebirowoozo eza obulamu obw’ebiramu obw’okwawula obuwuka obuyamba omubiri okufuna ebiriisa mu byenda. Ebirowoozo eza obulamu obw’ebiramu obw’okwawula obuwuka obuyamba omubiri okufuna ebiriisa mu byenda. Ebirowoozo eza obulamu obw’ebiramu obw’okwawula obuwuka obuyamba omubiri okufuna ebiriisa mu byenda. Ebirowoozo eza obulamu obw’ebiramu obw’okwawula obuwuka obuyamba omubiri okufuna ebiriisa mu byenda. Ebirowoozo eza obulamu obw’ebiramu obw’okwawula obuwuka obuyamba omubiri okufuna ebiriisa mu byenda. Ebirowoozo eza obulamu obw’ebiramu obw’okwawula obuwuka obuyamba omubiri okufuna ebiriisa mu byenda. Ebirowoozo eza obulamu obw’ebiramu obw’okwawula obuwuka obuyamba omubiri okufuna ebiriisa mu byenda. Ebirowoozo eza obulamu obw’ebiramu obw’okwawula obuwuka obuyamba omubiri okufuna ebiriisa mu byenda. Ebirowoozo eza obulamu obw’ebiramu obw’okwawula obuwuka obuyamba omubiri okufuna ebiriisa mu byenda. Ebirowoozo eza obulamu obw’ebiramu obw’okwawula obuwuka obuyamba omubiri okufuna ebiriisa mu byenda. Ebirowoozo eza obulamu obw’ebiramu obw’okwawula obuwuka obuyamba omubiri okufuna ebiriisa mu byenda. Ebirowoozo eza obulamu obw’ebiramu obw’okwawula obuwuka obuyamba omubiri okufuna ebiriisa mu byenda. Ebirowoozo eza obulamu obw’ebiramu obw’okwawula obuwuka obuyamba omubiri okufuna ebiriisa mu byenda. Ebirowoozo eza obulamu obw’ebiramu obw’okwawula obuwuka obuyamba omubiri okufuna ebiriisa mu byenda. Ebirowoozo eza obulamu obw’ebiramu obw’okwawula obuwuka obuyamba omubiri okufuna ebiriisa mu byenda. Ebirowoozo eza obulamu obw’ebiramu obw’okwawula obuwuka obuyamba omubiri okufuna ebiriisa mu byenda. Ebirowoozo eza obulamu obw’ebiramu obw’okwawula obuwuka obuyamba omubiri okufuna ebiriisa mu byenda. Ebirowoozo eza obulamu obw’ebiramu obw’okwawula obuwuka obuyamba omubiri okufuna ebiriisa mu byenda. Ebirowoozo eza obulamu obw’ebiramu obw’okwawula obuwuka obuyamba omubiri okufuna ebiriisa mu byenda. Ebirowoozo eza obulamu obw’ebiramu obw’okwawula obuwuka obuyamba omubiri okufuna ebiriisa mu byenda. Ebirowoozo eza obulamu obw’ebiramu obw’okwawula obuwuka obuyamba omubiri okufuna ebiriisa mu byenda. Ebirowoozo eza obulamu obw’ebiramu obw’okwawula obuwuka obuyamba omubiri okufuna ebiriisa mu byenda. Ebirowoozo eza obulamu obw’ebiramu obw’okwawula obuwuka obuyamba omubiri okufuna ebiriisa mu byenda. Ebirowoozo eza obulamu obw’ebiramu obw’okwawula obuwuka obuyamba omubiri okufuna ebiriisa mu byenda. Ebirowoozo eza obulamu obw’ebiramu obw’okwawula obuwuka obuyamba omubiri okufuna ebiriisa mu byenda. Ebirowoozo eza obulamu obw’ebiramu obw’okwawula obuwuka obuyamba omubiri okufuna ebiriisa mu byenda. Ebirowoozo eza obulamu obw’ebiramu obw’okwawula obuwuka obuyamba omubiri okufuna ebiriisa mu byenda. Ebirowoozo eza obulamu obw’ebiramu obw’okwawula obuwuka obuyamba omubiri okufuna ebiriisa mu byenda. Ebirowoozo eza obulamu obw’ebiramu obw’okwawula obuwuka obuyamba omubiri okufuna ebiriisa mu byenda. Ebirowoozo eza obulamu obw’ebiramu obw’okwawula obuwuka obuyamba omubiri okufuna ebiriisa mu byenda. Ebirowoozo eza obulamu obw’ebiramu obw’okwawula obuwuka obuyamba omubiri okufuna ebiriisa mu byenda. Ebirowoozo eza obulamu obw’ebiramu obw’okwawula obuwuka obuyamba omubiri okufuna ebiriisa mu byenda. Ebirowoozo eza obulamu obw’ebiramu obw’okwawula obuwuka obuyamba omubiri okufuna ebiriisa mu byenda. Ebirowoozo eza obulamu obw’ebiramu obw’okwawula obuwuka obuyamba omubiri okufuna ebiriisa mu byenda. Ebirowoozo eza obulamu obw’ebiramu obw’okwawula obuwuka obuyamba omubiri okufuna ebiriisa mu byenda. Ebirowoozo eza obulamu obw’ebiramu obw’okwawula obuwuka obuyamba omubiri okufuna ebiriisa mu byenda. Ebirowoozo eza obulamu obw’ebiramu obw’okwawula obuwuka obuyamba omubiri okufuna ebiriisa mu byenda. Ebirowoozo eza obulamu obw’ebiramu obw’okwawula obuwuka obuyamba omubiri okufuna ebiriisa mu byenda. Ebirowoozo eza obulamu obw’ebiramu obw’okwawula obuwuka obuyamba omubiri okufuna ebiriisa mu byenda. Ebirowoozo eza obulamu obw’ebiramu obw’okwawula obuwuka obuyamba omubiri okufuna ebiriisa mu byenda. Ebirowoozo eza obulamu obw’ebiramu obw’okwawula obuwuka obuyamba omubiri okufuna ebiriisa mu byenda. Ebirowoozo eza obulamu obw’ebiramu obw’okwawula obuwuka obuyamba omubiri okufuna ebiriisa mu byenda. Ebirowoozo eza obulamu obw’ebiramu obw’okwawula obuwuka obuyamba omubiri okufuna ebiriisa mu byenda. Ebirowoozo eza obulamu obw’ebiramu obw’okwawula obuwuka obuyamba omubiri okufuna ebiriisa mu byenda. Ebirowoozo eza obulamu obw’ebiramu obw’okwawula obuwuka obuyamba omubiri okufuna ebiriisa mu byenda. Ebirowoozo eza obulamu obw’ebiramu obw’okwawula obuwuka obuyamba omubiri okufuna ebiriisa mu byenda. Ebirowoozo eza obulamu obw’ebiramu obw’okwawula obuwuka obuyamba omubiri okufuna ebiriisa mu byenda. Ebirowoozo eza obulamu obw’ebiramu obw’okwawula obuwuka obuyamba omubiri okufuna ebiriisa mu byenda. Ebirowoozo eza obulamu obw’ebiramu obw’okwawula obuwuka obuyamba omubiri okufuna ebiriisa mu byenda. Ebirowoozo eza obulamu obw’ebiramu obw’okwawula obuwuka obuyamba omubiri okufuna ebiriisa mu byenda. Ebirowoozo eza obulamu obw’ebiramu obw’okwawula obuwuka obuyamba omubiri okufuna ebiriisa mu byenda. Ebirowoozo eza obulamu obw’ebiramu obw’okwawula obuwuka obuyamba omubiri okufuna ebiriisa mu byenda. Ebirowoozo eza obulamu obw’ebiramu obw’okwawula obuwuka obuyamba omubiri okufuna ebiriisa mu byenda. Ebirowoozo eza obulamu obw’ebiramu obw’okwawula obuwuka obuyamba omubiri okufuna ebiriisa mu byenda. Ebirowoozo eza obulamu obw’ebiramu obw’okwawula obuwuka obuyamba omubiri okufuna ebiriisa mu byenda. Ebirowoozo eza obulamu obw’ebiramu obw’okwawula obuwuka obuyamba omubiri okufuna ebiriisa mu byenda. Ebirowoozo eza obulamu obw’ebiramu obw’okwawula obuwuka obuyamba omubiri okufuna ebiriisa mu byenda. Ebirowoozo eza obulamu obw’ebiramu obw’okwawula obuwuka obuyamba omubiri okufuna ebiriisa mu byenda. Ebirowoozo eza obulamu obw’ebiramu obw’okwawula obuwuka obuyamba omubiri okufuna ebiriisa mu byenda. Ebirowoozo eza obulamu obw’ebiramu obw’okwawula obuwuka obuyamba omubiri okufuna ebiriisa mu byenda. Ebirowoozo eza obulamu obw’ebiramu obw’okwawula obuwuka obuyamba omubiri okufuna ebiriisa mu byenda. Ebirowoozo eza obulamu obw’ebiramu obw’okwawula obuwuka obuyamba omubiri okufuna ebiriisa mu byenda. Ebirowoozo eza obulamu obw’ebiramu obw’okwawula obuwuka obuyamba omubiri okufuna ebiriisa mu byenda. Ebirowoozo eza obulamu obw’ebiramu obw’okwawula obuwuka obuyamba omubiri okufuna ebiriisa mu byenda. Ebirowoozo eza obulamu obw’ebiramu obw’okwawula obuwuka obuyamba omubiri okufuna ebiriisa mu byenda. Ebirowoozo eza obulamu obw’ebiramu obw’okwawula obuwuka obuyamba omubiri okufuna ebiriisa mu byenda. Ebirowoozo eza obulamu obw’ebiramu obw’okwawula obuwuka obuyamba omubiri okufuna ebiriisa mu byenda. Ebirowoozo eza obulamu obw’ebiramu obw’okwawula obuwuka obuyamba omubiri okufuna ebiriisa mu byenda. Ebirowoozo eza obulamu obw’ebiramu obw’okwawula obuwuka obuyamba omubiri okufuna ebiriisa mu byenda. Ebirowoozo eza obulamu obw’ebiramu obw’okwawula obuwuka obuyamba omubiri okufuna ebiriisa mu byenda. Ebirowoozo eza obulamu obw’ebiramu obw’okwawula obuwuka obuyamba omubiri okufuna ebiriisa mu byenda. Ebirowoozo eza obulamu obw’ebiramu obw’okwawula obuwuka obuyamba omubiri okufuna ebiriisa mu byenda. Ebirowoozo eza obulamu obw’ebiramu obw’",True
D,"**D. Kinnoomu kinnoomu, bagoberera enkola omusomesa gy’abalaze okwawula omutabulo ate oluvannyuma ne balaga tekinologiya ki ey’okwawula eyakozesebwa mu buli mbeera.**

### **Explanation:**
1. **Context from the Text:**  
   The passage emphasizes the teacher's use of **comparative observation** (e.g., using tools vs. the naked eye) to help students analyze differences in properties (e.g., texture, color, structure). This aligns with **Option D**, where students first observe an object directly and then use a tool (like a magnifying glass or microscope) to compare results. The teacher’s goal is to highlight how tools enhance understanding, a key aspect of scientific inquiry.

2. **Why Not the Others?**  
   - **A** focuses on group experiments with materials, which is less specific to the text’s emphasis on **tool-assisted observation**.  
   - **B** mentions using a self-built tool, but the text does not describe students constructing tools.  
   - **C** refers to lab techniques, but the text centers on **comparative analysis** rather than procedural techniques.  

3. **Key Clue in the Text:**  
   The phrase *""Bw'abadde olya ekitundu ky'omucungwa, owulidde essanyu oba obunakuvu?""* (Does the object appear smooth or rough when observed with a tool?) directly supports **Option D**, as it highlights comparing observations with and without tools.  

Thus, **Option D** best reflects the teacher’s method of fostering critical thinking through comparative observation.",True
A,"**Dda: B**

**Ekkwata:**  
Plasmolysis ekigendererwa kino kubanga obwongo obw’omucungwa (cell membrane) obw’okwawula obwongo obw’omupeera (cell wall) obw’okwawula obwongo obw’omucungwa obw’okwawula obwongo obw’omupeera obw’okwawula obwongo obw’omucungwa obw’okwawula obwongo obw’omupeera obw’okwawula obwongo obw’omucungwa obw’okwawula obwongo obw’omupeera obw’okwawula obwongo obw’omucungwa obw’okwawula obwongo obw’omupeera obw’okwawula obwongo obw’omucungwa obw’okwawula obwongo obw’omupeera obw’okwawula obwongo obw’omucungwa obw’okwawula obwongo obw’omupeera obw’okwawula obwongo obw’omucungwa obw’okwawula obwongo obw’omupeera obw’okwawula obwongo obw’omucungwa obw’okwawula obwongo obw’omupeera obw’okwawula obwongo obw’omucungwa obw’okwawula obwongo obw’omupeera obw’okwawula obwongo obw’omucungwa obw’okwawula obwongo obw’omupeera obw’okwawula obwongo obw’omucungwa obw’okwawula obwongo obw’omupeera obw’okwawula obwongo obw’omucungwa obw’okwawula obwongo obw’omupeera obw’okwawula obwongo obw’omucungwa obw’okwawula obwongo obw’omupeera obw’okwawula obwongo obw’omucungwa obw’okwawula obwongo obw’omupeera obw’okwawula obwongo obw’omucungwa obw’okwawula obwongo obw’omupeera obw’okwawula obwongo obw’omucungwa obw’okwawula obwongo obw’omupeera obw’okwawula obwongo obw’omucungwa obw’okwawula obwongo obw’omupeera obw’okwawula obwongo obw’omucungwa obw’okwawula obwongo obw’omupeera obw’okwawula obwongo obw’omucungwa obw’okwawula obwongo obw’omupeera obw’okwawula obwongo obw’omucungwa obw’okwawula obwongo obw’omupeera obw’okwawula obwongo obw’omucungwa obw’okwawula obwongo obw’omupeera obw’okwawula obwongo obw’omucungwa obw’okwawula obwongo obw’omupeera obw’okwawula obwongo obw’omucungwa obw’okwawula obwongo obw’omupeera obw’okwawula obwongo obw’omucungwa obw’okwawula obwongo obw’omupeera obw’okwawula obwongo obw’omucungwa obw’okwawula obwongo obw’omupeera obw’okwawula obwongo obw’omucungwa obw’okwawula obwongo obw’omupeera obw’okwawula obwongo obw’omucungwa obw’okwawula obwongo obw’omupeera obw’okwawula obwongo obw’omucungwa obw’okwawula obwongo obw’omupeera obw’okwawula obwongo obw’omucungwa obw’okwawula obwongo obw’omupeera obw’okwawula obwongo obw’omucungwa obw’okwawula obwongo obw’omupeera obw’okwawula obwongo obw’omucungwa obw’okwawula obwongo obw’omupeera obw’okwawula obwongo obw’omucungwa obw’okwawula obwongo obw’omupeera obw’okwawula obwongo obw’omucungwa obw’okwawula obwongo obw’omupeera obw’okwawula obwongo obw’omucungwa obw’okwawula obwongo obw’omupeera obw’okwawula obwongo obw’omucungwa obw’okwawula obwongo obw’omupeera obw’okwawula obwongo obw’omucungwa obw’okwawula obwongo obw’omupeera obw’okwawula obwongo obw’omucungwa obw’okwawula obwongo obw’omupeera obw’okwawula obwongo obw’omucungwa obw’okwawula obwongo obw’omupeera obw’okwawula obwongo obw’omucungwa obw’okwawula obwongo obw’omupeera obw’okwawula obwongo obw’omucungwa obw’okwawula obwongo obw’omupeera obw’okwawula obwongo obw’omucungwa obw’okwawula obwongo obw’omupeera obw’okwawula obwongo obw’omucungwa obw’okwawula obwongo obw’omupeera obw’okwawula obwongo obw’omucungwa obw’okwawula obwongo obw’omupeera obw’okwawula obwongo obw’omucungwa obw’okwawula obwongo obw’omupeera obw’okwawula obwongo obw’omucungwa obw’okwawula obwongo obw’omupeera obw’okwawula obwongo obw’omucungwa obw’okwawula obwongo obw’omupeera obw’okwawula obwongo obw’omucungwa obw’okwawula obwongo obw’omupeera obw’okwawula obwongo obw’omucungwa obw’okwawula obwongo obw’omupeera obw’okwawula obwongo obw’omucungwa obw’okwawula obwongo obw’omupeera obw’okwawula obwongo obw’omucungwa obw’okwawula obwongo obw’omupeera obw’okwawula obwongo obw’omucungwa obw’okwawula obwongo obw’omupeera obw’okwawula obwongo obw’omucungwa obw’okwawula obwongo obw’omupeera obw’okwawula obwongo obw’omucungwa obw’okwawula obwongo obw’omupeera obw’okwawula obwongo obw’omucungwa obw’okwawula obwongo obw’omupeera obw’okwawula obwongo obw’omucungwa obw’okwawula obwongo obw’omupeera obw’okwawula obwongo obw’omucungwa obw’okwawula obwongo obw’omupeera obw’okwawula obwongo obw’omucungwa obw’okwawula obwongo obw’omupeera obw’okwawula obwongo obw’omucungwa obw’okwawula obwongo obw’omupeera obw’okwawula obwongo obw’omucungwa obw’okwawula obwongo obw’omupeera obw’okwawula obwongo obw’omucungwa obw’okwawula obwongo obw’omupeera obw’okwawula obwongo obw’omucungwa obw’okwawula obwongo obw’omupeera obw’okwawula obwongo obw’omucungwa obw’okwawula obwongo obw’omupeera obw’okwawula obwongo obw’omucungwa obw’okwawula obwongo obw’omupeera obw’okwawula obwongo obw’omucungwa obw’okwawula obwongo obw’omupeera obw’okwawula obwongo obw’omucungwa obw’okwawula obwongo obw’omupeera obw’okwawula obwongo obw’omucungwa obw’okwawula obwongo obw’omupeera obw’okwawula obwongo obw’omucungwa obw’okwawula obwongo obw’omupeera obw’okwawula obwongo obw’omucungwa obw’okwawula obwongo obw’omupeera obw’okwawula obwongo obw’omucungwa obw’okwawula obwongo obw’omupeera obw’okwawula obwongo obw’omucungwa obw’okwawula obwongo obw’omupeera obw’okwawula obwongo obw’omucungwa obw’okwawula obwongo obw’omupeera obw’okwawula obwongo obw’omucungwa obw’okwawula obwongo obw’omupeera obw’okwawula obwongo obw’omucungwa obw’okwawula obwongo obw’omupeera obw’okwawula obwongo obw’omucungwa obw’okwawula obwongo obw’omupeera obw’okwawula obwongo obw’omucungwa obw’okwawula obwongo obw’omupeera obw’okwawula obwongo obw’omucungwa obw’okwawula obwongo obw’omupeera obw’okwawula obwongo obw’omucungwa obw’okwawula obwongo obw’omupeera obw’okwawula obwongo obw’omucungwa obw’okwawula obwongo obw’omupeera obw’okwawula obwongo obw’omucungwa obw’okwawula obwongo obw’omupeera obw’okwawula obwongo obw’omucungwa obw’okwawula obwongo obw’omupeera obw’okwawula obwongo obw’omucungwa obw’okwawula obwongo obw’omupeera obw’okwawula obwongo obw’omucungwa obw’okwawula obwongo obw’omupeera obw’okwawula obwongo obw’omucungwa obw’okwawula obwongo obw’omupeera obw’okwawula obwongo obw’omucungwa obw’okwawula obwongo obw’omupeera obw’okwawula obwongo obw’omucungwa obw’okwawula obwongo obw’omupeera obw’okwawula obwongo obw’omucungwa obw’okwawula obwongo obw’omupeera obw’okwawula obwongo obw’omucungwa obw’okwawula obwongo obw’omupeera obw’okwawula obwongo obw’omucungwa obw’okwawula obwongo obw’omupeera obw’okwawula obwongo obw’omucungwa obw’okwawula obwongo obw’omupeera obw’okwawula obwongo obw’omucungwa obw’okwawula obwongo obw’omupeera obw’okwawula obwongo obw’omucungwa obw’okwawula obwongo obw’omupeera obw’okwawula obwongo obw’omucungwa obw’okwawula obwongo obw’omupeera obw’okwawula obwongo obw’omucungwa obw’okwawula obwongo obw’omupeera obw’okwawula obwongo obw’omucungwa obw’okwawula obwongo obw’omupeera obw’okwawula obwongo obw’omucungwa obw’okwawula obwongo obw’omupeera obw’okwawula obwongo obw’omucungwa obw’okwawula obwongo obw’omupeera obw’okwawula obwongo obw’omucungwa obw’okwawula obwongo obw’omupeera obw’okwawula obwongo obw’omucungwa obw’okwawula obwongo obw’omupeera obw’okwawula obwongo obw’omucungwa obw’okwawula obwongo obw’omupeera obw’okwawula obwongo obw’omucungwa obw’okwawula obwongo obw’omupeera obw’okwawula obwongo obw’omucungwa obw’okwawula obwongo obw’omupeera obw’okwawula obwongo obw’omucungwa obw’okwawula obwongo obw’omupeera obw’okwawula obwongo obw’omucungwa obw’okwawula",True
C,"**A. Banannyonnyola obutaffaali bw'enkola ez'enjawulo ez'omubiri gw'omuntu**

**Explanation:**  
Ekigendererwa kino (Okunnyonnyola nti ebiramu bikolebwa obutoffaali obumu oba obusukka era nti buno butondekeddwa mu bitundu, ebitundu by'omubiri, n'enkola z'omubiri) ekyetaaga okukebera **obutaffaali bw'enkola ez'enjawulo ez'omubiri gw'omuntu**. Kino ekyetaaga okukozesa **obukodyo obusobozana n'omuntu** (ekya ""obutoffaali obumu oba obusukka"") era **obutondekyo mu bitundu** (ebitundu by'omubiri, enkola z'omubiri) okusobola okukiraga nti ekigendererwa kino ekyetaaga **okukozesa obutaffaali obusobozana n'omuntu**.  

**Ku mirimu egiddwa wano:**  
- **""Obutoffaali obumu oba obusukka""** ekyetaaga okukozesa **obukodyo obusobozana n'omuntu** (ekya ""obutoffaali obumu"" = obukodyo obusobozana n'omuntu, ""obusukka"" = obukodyo obusobozana n'obusukka).  
- **""Buno butondekeddwa mu bitundu, ebitundu by'omubiri, n'enkola z'omubiri""** ekyetaaga **obutondekyo mu bitundu** (ebitundu by'omubiri, enkola z'omubiri) okusobola okukiraga nti ekigendererwa kino ekyetaaga **okukozesa obutaffaali obusobozana n'omuntu**.  

**Kino ekyetaaga okukebera A** kubanga kino ekyetaaga **okukozesa obutaffaali bw'enkola ez'enjawulo ez'omubiri gw'omuntu**.",True
B,"**Omutima:**  
B. Noonyereza ku ngeri omulamwa gwa plate tectonics gye gwazimbibwa.  

**Okusaba:**  
Kino ekigendererwa ekisooka ku **B** nti omusomesa ayagala abayizi be okutegeera nti ssaayansi nkola ekyuka era ekolebwa abantu bonna okumala ekiseera. Mu kiseera ky’okunoonyereza, **omulamwa gwa plate tectonics** (model) ezigirako obukodyo obw’okulaba obutuufu bw’ebipande by’ensi n’okukozesa obulungi obw’okwawula obutuufu. Kino ezigirako abayizi be okulaba obutuufu obw’okwawula obutuufu, obutuufu obw’okwawula obutuufu, n’okukozesa obulungi obw’okwawula obutuufu.  

**Okusaba ku ngeri:**  
- **B** ezigirako obukodyo obw’okulaba obutuufu (model) obw’okwawula obutuufu, obutuufu obw’okwawula obutuufu, n’okukozesa obulungi obw’okwawula obutuufu.  
- **A** ezigirako obukodyo obw’okwawula obutuufu obw’okwawula obutuufu, obutuufu obw’okwawula obutuufu, n’okukozesa obulungi obw’okwawula obutuufu.  
- **C** ezigirako obukodyo obw’okwawula obutuufu obw’okwawula obutuufu, obutuufu obw’okwawula obutuufu, n’okukozesa obulungi obw’okwawula obutuufu.  
- **D** ezigirako obukodyo obw’okwawula obutuufu obw’okwawula obutuufu, obutuufu obw’okwawula obutuufu, n’okukozesa obulungi obw’okwawula obutuufu.  

**Okusaba ku ngeri:**  
Kino ekigendererwa ekisooka ku **B** nti omusomesa ayagala abayizi be okutegeera nti ssaayansi nkola ekyuka era ekolebwa abantu bonna okumala ekiseera.",True
D,"**Answer:**  
**B. 1 - 3 - 4 - 2**  

**Explanation:**  
The correct sequence follows a logical educational process:  
1. **Step 1** (Understanding basics): Students first learn foundational concepts and terminology about atomic structure.  
2. **Step 3** (Historical models): They then study the evolution of atomic models (e.g., Democritus, Dalton, Thomson, Rutherford, Bohr) to contextualize the development of ideas.  
3. **Step 4** (Analyzing models): After understanding historical context, students analyze the properties and characteristics of these models.  
4. **Step 2** (Experiments): Finally, they apply this knowledge to conduct experiments, observe phenomena, and collect data.  

This order aligns with the scientific method and pedagogical progression, making **B** the correct choice.",True
A,"**A. Amasoboza ag’ekinyetikki**

**Explanation:**  
Mu kiseera ky’María, akuyinza okutegeera mu luggya ku kabaati ku kisooli eky’ebika by’amatabi (ebikola by’ekinyetikki) egy’enjawulo. Kino ekituufu okutegeera ku ""amasoboza ag’ekinyetikki"" (option A), nga kino ekituuka ku mato obw’ekinyetikki obw’ekisooli obw’ekikola. 

**Ku mirimu egiddwa wano:**  
- **Option A** ekituuka ku mato obw’ekinyetikki obw’ekisooli obw’ekikola, obw’ekitandika ku kiseera ky’María.  
- **Option B, C, D** eza ez’ekikola ez’ekisooli ez’ekikola ez’ekisooli ez’ekikola ez’ekisooli ez’ekikola ez’ekisooli ez’ekikola ez’ekisooli ez’ekikola ez’ekisooli ez’ekikola ez’ekisooli ez’ekikola ez’ekisooli ez’ekikola ez’ekisooli ez’ekikola ez’ekisooli ez’ekikola ez’ekisooli ez’ekikola ez’ekisooli ez’ekikola ez’ekisooli ez’ekikola ez’ekisooli ez’ekikola ez’ekisooli ez’ekikola ez’ekisooli ez’ekikola ez’ekisooli ez’ekikola ez’ekisooli ez’ekikola ez’ekisooli ez’ekikola ez’ekisooli ez’ekikola ez’ekisooli ez’ekikola ez’ekisooli ez’ekikola ez’ekisooli ez’ekikola ez’ekisooli ez’ekikola ez’ekisooli ez’ekikola ez’ekisooli ez’ekikola ez’ekisooli ez’ekikola ez’ekisooli ez’ekikola ez’ekisooli ez’ekikola ez’ekisooli ez’ekikola ez’ekisooli ez’ekikola ez’ekisooli ez’ekikola ez’ekisooli ez’ekikola ez’ekisooli ez’ekikola ez’ekisooli ez’ekikola ez’ekisooli ez’ekikola ez’ekisooli ez’ekikola ez’ekisooli ez’ekikola ez’ekisooli ez’ekikola ez’ekisooli ez’ekikola ez’ekisooli ez’ekikola ez’ekisooli ez’ekikola ez’ekisooli ez’ekikola ez’ekisooli ez’ekikola ez’ekisooli ez’ekikola ez’ekisooli ez’ekikola ez’ekisooli ez’ekikola ez’ekisooli ez’ekikola ez’ekisooli ez’ekikola ez’ekisooli ez’ekikola ez’ekisooli ez’ekikola ez’ekisooli ez’ekikola ez’ekisooli ez’ekikola ez’ekisooli ez’ekikola ez’ekisooli ez’ekikola ez’ekisooli ez’ekikola ez’ekisooli ez’ekikola ez’ekisooli ez’ekikola ez’ekisooli ez’ekikola ez’ekisooli ez’ekikola ez’ekisooli ez’ekikola ez’ekisooli ez’ekikola ez’ekisooli ez’ekikola ez’ekisooli ez’ekikola ez’ekisooli ez’ekikola ez’ekisooli ez’ekikola ez’ekisooli ez’ekikola ez’ekisooli ez’ekikola ez’ekisooli ez’ekikola ez’ekisooli ez’ekikola ez’ekisooli ez’ekikola ez’ekisooli ez’ekikola ez’ekisooli ez’ekikola ez’ekisooli ez’ekikola ez’ekisooli ez’ekikola ez’ekisooli ez’ekikola ez’ekisooli ez’ekikola ez’ekisooli ez’ekikola ez’ekisooli ez’ekikola ez’ekisooli ez’ekikola ez’ekisooli ez’ekikola ez’ekisooli ez’ekikola ez’ekisooli ez’ekikola ez’ekisooli ez’ekikola ez’ekisooli ez’ekikola ez’ekisooli ez’ekikola ez’ekisooli ez’ekikola ez’ekisooli ez’ekikola ez’ekisooli ez’ekikola ez’ekisooli ez’ekikola ez’ekisooli ez’ekikola ez’ekisooli ez’ekikola ez’ekisooli ez’ekikola ez’ekisooli ez’ekikola ez’ekisooli ez’ekikola ez’ekisooli ez’ekikola ez’ekisooli ez’ekikola ez’ekisooli ez’ekikola ez’ekisooli ez’ekikola ez’ekisooli ez’ekikola ez’ekisooli ez’ekikola ez’ekisooli ez’ekikola ez’ekisooli ez’ekikola ez’ekisooli ez’ekikola ez’ekisooli ez’ekikola ez’ekisooli ez’ekikola ez’ekisooli ez’ekikola ez’ekisooli ez’ekikola ez’ekisooli ez’ekikola ez’ekisooli ez’ekikola ez’ekisooli ez’ekikola ez’ekisooli ez’ekikola ez’ekisooli ez’ekikola ez’ekisooli ez’ekikola ez’ekisooli ez’ekikola ez’ekisooli ez’ekikola ez’ekisooli ez’ekikola ez’ekisooli ez’ekikola ez’ekisooli ez’ekikola ez’ekisooli ez’ekikola ez’ekisooli ez’ekikola ez’ekisooli ez’ekikola ez’ekisooli ez’ekikola ez’ekisooli ez’ekikola ez’ekisooli ez’ekikola ez’ekisooli ez’ekikola ez’ekisooli ez’ekikola ez’ekisooli ez’ekikola ez’ekisooli ez’ekikola ez’ekisooli ez’ekikola ez’ekisooli ez’ekikola ez’ekisooli ez’ekikola ez’ekisooli ez’ekikola ez’ekisooli ez’ekikola ez’ekisooli ez’ekikola ez’ekisooli ez’ekikola ez’ekisooli ez’ekikola ez’ekisooli ez’ekikola ez’ekisooli ez’ekikola ez’ekisooli ez’ekikola ez’ekisooli ez’ekikola ez’ekisooli ez’ekikola ez’ekisooli ez’ekikola ez’ekisooli ez’ekikola ez’ekisooli ez’ekikola ez’ekisooli ez’ekikola ez’ekisooli ez’ekikola ez’ekisooli ez’ekikola ez’ekisooli ez’ekikola ez’ekisooli ez’ekikola ez’ekisooli ez’ekikola ez’ekisooli ez’ekikola ez’ekisooli ez’ekikola ez’ekisooli ez’ekikola ez’ekisooli ez’ekikola ez’ekisooli ez’ekikola ez’ekisooli ez’ekikola ez’ekisooli ez’ekikola ez’ekisooli ez’ekikola ez’ekisooli ez’ekikola ez’ekisooli ez’ekikola ez’ekisooli ez’ekikola ez’ekisooli ez’ekikola ez’ekisooli ez’ekikola ez’ekisooli ez’ekikola ez’ekisooli ez’ekikola ez’ekisooli ez’ekikola ez’ekisooli ez’ekikola ez’ekisooli ez’ekikola ez’ekisooli ez’ekikola ez’ekisooli ez’ekikola ez’ekisooli ez’ekikola ez’ekisooli ez’ekikola ez’ekisooli ez’ekikola ez’ekisooli ez’ekikola ez’ekisooli ez’ekikola ez’ekisooli ez’ekikola ez’ekisooli ez’ekikola ez’ekisooli ez’ekikola ez’ekisooli ez’ekikola ez’ekisooli ez’ekikola ez’ekisooli ez’ekikola ez’ekisooli ez’ekikola ez’ekisooli ez’ekikola ez’ekisooli ez’ekikola ez’ekisooli ez’ekikola ez’ekisooli ez’ekikola ez’ekisooli ez’ekikola ez’ekisooli ez’ekikola ez’ekisooli ez’ekikola ez’ekisooli ez’ekikola ez’ekisooli ez’ekikola ez’ekisooli ez’ekikola ez’ekisooli ez’ekikola ez’ekisooli ez’ekikola ez’ekisooli ez’ekikola ez’ekisooli ez’ekikola ez’ekisooli ez’ekikola ez’ekisooli ez’ekikola ez’ekisooli ez’ekikola ez’ekisooli ez’ekikola ez’ekisooli ez’ekikola ez’ekisooli ez’ekikola ez’ekisooli ez’ekikola ez’ekisooli ez’ekikola ez’ekisooli ez’ekikola ez’ekisooli ez’ekikola ez’ekisooli ez’ekikola ez’ekisooli ez’ekikola ez’ekisooli ez’ekikola ez’ekisooli ez’ekikola ez’ekisooli ez’ekikola ez’ekisooli ez’ekikola ez’ekisooli ez’ekikola ez’ekisooli ez’ekikola ez’ekisooli ez’ekikola ez’ekisooli ez’ekikola ez’ekisooli ez",True
D,"**C. Okuteesa enkola ey’okwekenneenya enkyukakyuka y’obwoki bw’amazzi nga bwe bukolebwako omuliro okusinziira ku bungi bw’amazzi agookesebwa.**

**Explanation:**  
Ku kiseera ky’okunoonyereza amazzi mu butonde, ekigendererwa ekigguddwaayo eky’okuteesa enkola ey’okwekenneenya enkyukakyuka y’obwoki (meniscus) eky’okwawula obwongo. Meniscus ekisooka ku mbeera gye amazzi ganaabulukuka mu butonde, n’ekigendererwa kino eky’okukola obwongo mu kikuta ky’okwawula. Kino eky’okwawula obwongo mu butonde, abayizi basalewo okuteesa meniscus mu kikuta ky’okwawula obwongo, oba oba obungi bw’amazzi agookesebwa. Kino eky’okwawula obwongo mu butonde, ekigendererwa kino eky’okuteesa enkola ey’okwekenneenya meniscus, oba oba obungi bw’amazzi agookesebwa. Kino eky’okwawula obwongo mu butonde, ekigendererwa kino eky’okuteesa enkola ey’okwekenneenya meniscus, oba oba obungi bw’amazzi agookesebwa.",True
D,"**B.**  
**Nga bali mu bubiri bubiri, baawula omugatte nga bakozesa obukodyo bwe balaba nga butuufu, era balambulula okutuuka ku kigero ki obusobozi bwabwe okukola ekyo bwe bwali.**

**Explanation:**  
- **Scientific Method Steps:** The question emphasizes the teacher guiding students through the **scientific method** (observation → hypothesis → experiment → conclusion).  
- **Option B** directly aligns with this structured approach:  
  1. **Observations** (starting point for inquiry).  
  2. **Hypothesis** (formulating a testable explanation).  
  3. **Experimentation** (testing the hypothesis).  
  4. **Analysis/Conclusion** (interpreting results and drawing conclusions).  
- Other options focus on tools (C), collaboration (A), or open-ended discussion (D), which are supplementary but not the core of the scientific method as described.  

**Correct Answer: B**",True
C,"**Kasooka ku ekibuuzo ky’okunoonyereza:**  
Ekibuuzo kye kusooka ku **okutegeera obwongo n’omulimu gwabwo** (refraction of light), n’ekigendererwa kino kye kusooka ku **okukwata ku kikuta ky’omupeera** (light passing through different mediums).  

**Kasooka ku enkola y’okunoonyereza:**  
**B.** *Ku lupapula olulambika engeri z’ebibala eby’enjawulo, lamba eby’okuddamu ebibuuzo ebiyinza okuddibwamu nga tukozesa obutegeevu bwaffe: Kibala ki ekya kyenvu? Kibala ki ekiwooma? Kibala ki ekikakanyavu? Kibala ki ekiwunya bulungi?*  

**Kasooka ku enkola y’okubuuliriza:**  
**B.** *Nga bali mu bubiri bubiri, baawula omugatte nga bakozesa obukodyo bwe balaba nga butuufu, era balambulula okutuuka ku kigero ki obusobozi bwabwe okukola ekyo bwe bwali.*  

**Kasooka ku ekibuuzo ky’okunoonyereza (ekitale):**  
**B.** *Bakola ebyawandiiko by’obujulizi obufuniddwa mu mutendera gw’okugezesa mu kunoonyereza.*  

**Kasooka ku ekibuuzo ky’okunoonyereza (ekitale):**  
**B.** *Nga buli omu ku lwabwe, bawa ebirowoozo byabwe ebyasooka ku nkola ey’okugoberera, ne bateekawo enkola ey’awamu, oluvannyuma ne bagissa mu nkola.*  

**Kasooka ku ekibuuzo ky’okunoonyereza (ekitale):**  
**B.** *Kinnoomu kinnoomu, bagoberera enkola omusomesa gy’abalaze okwawula omutabulo ate oluvannyuma ne balaga tekinologiya ki ey’okwawula eyakozesebwa mu buli mbeera.*  

**Kasooka ku ekibuuzo ky’okunoonyereza (ekitale):**  
**B.** *Mu kiseera ky’ekyemisana, Pablo atunuulira akajiiko era bw’alaba ekifaananyi kye ng’akyeyoleka agamba: “Laba, Pablo!”*  

**Kasooka ku ekibuuzo ky’okunoonyereza (ekitale):**  
**B.** *Ku lupapula olulaga ebifaananyi by'ebibala bino nga kuliko empandiika enzirugavu erimu obwenyi obusanyufu n'obwenyi obunakuwavu, kozesa langi okuddamu ebibuuzo bino: Bw'abadde olya ekitundu ky'omucungwa, owulidde essanyu oba obunakuvu?*  

**Kasooka ku ekibuuzo ky’okunoonyereza (ekitale):**  
**B.** *Nga bali mu bubiri bubiri, baawula omugatte nga bakozesa obukodyo bwe balaba nga butuufu, era balambulula okutuuka ku kigero ki obusobozi bwabwe okukola ekyo bwe bwali.*  

**Kasooka ku ekibuuzo ky’okunoonyereza (ekitale):**  
**B.** *Bakola ebyawandiiko by’obujulizi obufuniddwa mu mutendera gw’okugezesa mu kunoonyereza.*  

**Kasooka ku ekibuuzo ky’okunoonyereza (ekitale):**  
**B.** *Nga buli omu ku lwabwe, bawa ebirowoozo byabwe ebyasooka ku nkola ey’okugoberera, ne bateekawo enkola ey’awamu, oluvannyuma ne bagissa mu nkola.*  

**Kasooka ku ekibuuzo ky’okunoonyereza (ekitale):**  
**B.** *Kinnoomu kinnoomu, bagoberera enkola omusomesa gy’abalaze okwawula omutabulo ate oluvannyuma ne balaga tekinologiya ki ey’okwawula eyakozesebwa mu buli mbeera.*  

**Kasooka ku ekibuuzo ky’okunoonyereza (ekitale):**  
**B.** *Mu kiseera ky’ekyemisana, Pablo atunuulira akajiiko era bw’alaba ekifaananyi kye ng’akyeyoleka agamba: “Laba, Pablo!”*  

**Kasooka ku ekibuuzo ky’okunoonyereza (ekitale):**  
**B.** *Ku lupapula olulaga ebifaananyi by'ebibala bino nga kuliko empandiika enzirugavu erimu obwenyi obusanyufu n'obwenyi obunakuwavu, kozesa langi okuddamu ebibuuzo bino: Bw'abadde olya ekitundu ky'omucungwa, owulidde essanyu oba obunakuvu?*  

**Kasooka ku ekibuuzo ky’okunoonyereza (ekitale):**  
**B.** *Nga bali mu bubiri bubiri, baawula omugatte nga bakozesa obukodyo bwe balaba nga butuufu, era balambulula okutuuka ku kigero ki obusobozi bwabwe okukola ekyo bwe bwali.*  

**Kasooka ku ekibuuzo ky’okunoonyereza (ekitale):**  
**B.** *Bakola ebyawandiiko by’obujulizi obufuniddwa mu mutendera gw’okugezesa mu kunoonyereza.*  

**Kasooka ku ekibuuzo ky’okunoonyereza (ekitale):**  
**B.** *Nga buli omu ku lwabwe, bawa ebirowoozo byabwe ebyasooka ku nkola ey’okugoberera, ne bateekawo enkola ey’awamu, oluvannyuma ne bagissa mu nkola.*  

**Kasooka ku ekibuuzo ky’okunoonyereza (ekitale):**  
**B.** *Kinnoomu kinnoomu, bagoberera enkola omusomesa gy’abalaze okwawula omutabulo ate oluvannyuma ne balaga tekinologiya ki ey’okwawula eyakozesebwa mu buli mbeera.*  

**Kasooka ku ekibuuzo ky’okunoonyereza (ekitale):**  
**B.** *Mu kiseera ky’ekyemisana, Pablo atunuulira akajiiko era bw’alaba ekifaananyi kye ng’akyeyoleka agamba: “Laba, Pablo!”*  

**Kasooka ku ekibuuzo ky’okunoonyereza (ekitale):**  
**B.** *Ku lupapula olulaga ebifaananyi by'ebibala bino nga kuliko empandiika enzirugavu erimu obwenyi obusanyufu n'obwenyi obunakuwavu, kozesa langi okuddamu ebibuuzo bino: Bw'abadde olya ekitundu ky'omucungwa, owulidde essanyu oba obunakuvu?*  

**Kasooka ku ekibuuzo ky’okunoonyereza (ekitale):**  
**B.** *Nga bali mu bubiri bubiri, baawula omugatte nga bakozesa obukodyo bwe balaba nga butuufu, era balambulula okutuuka ku kigero ki obusobozi bwabwe okukola ekyo bwe bwali.*  

**Kasooka ku ekibuuzo ky’okunoonyereza (ekitale):**  
**B.** *Bakola ebyawandiiko by’obujulizi obufuniddwa mu mutendera gw’okugezesa mu kunoonyereza.*  

**Kasooka ku ekibuuzo ky’okunoonyereza (ekitale):**  
**B.** *Nga buli omu ku lwabwe, bawa ebirowoozo byabwe ebyasooka ku nkola ey’okugoberera, ne bateekawo enkola ey’awamu, oluvannyuma ne bagissa mu nkola.*  

**Kasooka ku ekibuuzo ky’okunoonyereza (ekitale):**  
**B.** *Kinnoomu kinnoomu, bagoberera enkola omusomesa gy’abalaze okwawula omutabulo ate oluvannyuma ne balaga tekinologiya ki ey’okwawula eyakozesebwa mu buli mbeera.*  

**Kasooka ku ekibuuzo ky’okunoonyereza (ekitale):**  
**B.** *Mu kiseera ky’ekyemisana, Pablo atunuulira akajiiko era bw’alaba ekifaananyi kye ng’akyeyoleka agamba: “Laba, Pablo!”*  

**Kasooka ku ekibuuzo ky’okunoonyereza (ekitale):**  
**B.** *Ku lupapula olulaga ebifaananyi by'ebibala bino nga kuliko empandiika enzirugavu erimu obwenyi obusanyufu n'obwenyi obunakuwavu, kozesa langi okuddamu ebibuuzo bino: Bw'abadde olya ekitundu ky'omucungwa, owulidde essanyu oba obunakuvu?*  

**Kasooka ku ekibuuzo ky’okunoonyereza (ekitale):**  
**B.** *Nga bali mu bubiri bubiri, baawula omugatte nga bakozesa obukodyo bwe balaba nga butuufu, era balambulula okutuuka ku kigero ki obusobozi bwabwe okukola ekyo bwe bwali.*  

**Kasooka ku ekibuuzo ky’okunoonyereza (ekitale):**  
**B.** *Bakola ebyawandiiko by’obujulizi obufuniddwa mu mutendera gw’okugezesa mu kunoonyereza.*  

**Kasooka ku ekibuuzo ky’okunoonyereza (ekitale):**  
**B.** *Nga buli omu ku lwabwe, bawa ebirowoozo byabwe ebyasooka ku nkola ey’okugoberera, ne bateekawo enkola ey’awamu, oluvannyuma ne bagissa mu nkola.*  

**Kasooka ku ekibuuzo ky’okunoonyereza (ekitale):**  
**B.** *Kinnoomu kinnoomu, bagoberera enkola omusomesa gy’abalaze okwawula omutabulo ate oluvannyuma ne balaga tekinologiya ki ey’okwawula eyakozesebwa mu buli mbeera.*  

**Kasooka ku ekibuuzo ky’okunoonyereza (ekitale):**  
**B.** *Mu kiseera ky’ekyemisana, Pablo atunuulira akajiiko era bw’alaba ekifaananyi kye ng’akyeyoleka agamba: “Laba, Pablo!”*  

**Kasooka ku ekibuuzo ky’okunoonyereza (ekitale):**  
**B.** *Ku lupapula olulaga ebifaananyi by'ebibala bino nga kuliko empandiika enzirugavu erimu obwenyi obusanyufu n'obwenyi obunakuwavu, kozesa langi okuddamu ebibuuzo bino: Bw'abadde olya ekitundu ky'omucungwa, owulidde essanyu oba obunakuvu?*  

**Kasooka ku ekibuuzo ky’okunoonyereza (ekitale):**  
**B.** *Nga bali mu bubiri bubiri, baawula omugatte nga bakozesa obukodyo bwe balaba nga butuufu, era balambulula okutuuka ku kigero ki obusobozi bwabwe okukola ekyo bwe bwali.*  

**Kasooka ku ekibuuzo ky’okunoonyereza (ekitale):**  
**B.** *Bakola ebyawandiiko by’obujulizi obufuniddwa mu mutendera gw’okugezesa mu kunoonyereza.*  

**Kasooka ku ekibuuzo ky’okunoonyereza (ekitale):**  
**B.** *Nga buli omu ku lwabwe, bawa ebirowoozo byabwe ebyasooka ku nkola ey’okugoberera, ne bateekawo enkola ey’awamu, oluvannyuma ne bagissa mu nkola.*  

**Kasooka ku ekibuuzo ky’okunoonyereza (ekitale):**  
**B.** *Kinnoomu kinnoomu, bagoberera enkola omusomesa gy’abalaze okwawula omutabulo ate oluvannyuma ne balaga tekinologiya ki ey’okwawula eyakozesebwa mu buli mbeera.*  

**Kasooka ku ekibuuzo ky’okunoonyereza (ekitale):**  
**B.** *Mu kiseera ky’ekyemisana, Pablo atunuulira akajiiko era bw’alaba ekifaananyi kye ng’akyeyoleka agamba: “Laba, Pablo!”*  

**Kasooka ku ekibuuzo ky’okunoonyereza (ekitale):**  
**B.** *Ku lupapula olulaga ebifaananyi by'ebibala bino nga kuliko empandiika enzirugavu erimu obwenyi obusanyufu n'obwenyi obunakuwavu, kozesa langi okuddamu ebibu",True
D,"**Jawabu:**  
**D. Mu biseera by’okuzannya obwereere mu luggya, Soledad akuba ensigo mu ngalo ze nagamba: “Nneneenya”**

**Tabyokka:**  
Kino ekigendererwa ekikulu eky’okuyiga ekikwatagana butereevu n’okutuukirira ekigendererwa kino ekikulu eky’okuyiga. Ekigendererwa kino eky’okuyiga eky’okwawula ebintu ebiri mu mugatte (kakulembe, amazzi, amafuta, n’omunnyo) eky’agala okusinziira ku mitendera gy’ebika byabyo. Ekikwatagana butereevu n’okutuukirira ekigendererwa kino ekikulu eky’okuyiga.  

**Tabyokka mu kiseera ky’option D:**  
- **Soledad akuba ensigo mu ngalo ze nagamba: “Nneneenya”**  
  Kino eky’agala okusinziira ku mitendera gy’ebika byabyo (ensigo, ngalo, n’omunnyo) n’okutegeera obwongo n’omulimu gwabwo. Kino eky’agala okusinziira ku mitendera gy’ebika byabyo n’okutegeera obwongo n’omulimu gwabwo. Kino eky’agala okusinziira ku mitendera gy’ebika byabyo n’okutegeera obwongo n’omulimu gwabwo.  

**Tabyokka mu kiseera ky’option C:**  
- **María akuŋŋaanya ebika by’amatabi g’emiti egy’enjawulo mu kabaati.**  
  Kino eky’agala okusinziira ku mitendera gy’ebika byabyo (ebika by’amatabi, emiti, kabaati) n’okutegeera obwongo n’omulimu gwabwo. Kino eky’agala okusinziira ku mitendera gy’ebika byabyo n’okutegeera obwongo n’omulimu gwabwo.  

**Tabyokka mu kiseera ky’option B:**  
- **Pablo atunuulira akajiiko era bw’alaba ekifaananyi kye ng’akyeyoleka agamba: “Laba, Pablo!”**  
  Kino eky’agala okusinziira ku mitendera gy’ebika byabyo (akajiiko, ekifaananyi, “Laba, Pablo!”) n’okutegeera obwongo n’omulimu gwabwo.  

**Tabyokka mu kiseera ky’option A:**  
- **Santiago asiiga amayinja ag’enjawulo mu bunene.**  
  Kino eky’agala okusinziira ku mitendera gy’ebika byabyo (amayinja, bunene) n’okutegeera obwongo n’omulimu gwabwo.  

**Tabyokka mu kiseera ky’option D:**  
- **Soledad akuba ensigo mu ngalo ze nagamba: “Nneneenya”**  
  Kino eky’agala okusinziira ku mitendera gy’ebika byabyo (ensigo, ngalo, “Nneneenya”) n’okutegeera obwongo n’omulimu gwabwo. Kino eky’agala okusinziira ku mitendera gy’ebika byabyo n’okutegeera obwongo n’omulimu gwabwo.  

**Tabyokka mu kiseera ky’option D:**  
- **Soledad akuba ensigo mu ngalo ze nagamba: “Nneneenya”**  
  Kino eky’agala okusinziira ku mitendera gy’ebika byabyo (ensigo, ngalo, “Nneneenya”) n’okutegeera obwongo n’omulimu gwabwo. Kino eky’agala okusinziira ku mitendera gy’ebika byabyo n’okutegeera obwongo n’omulimu gwabwo.  

**Tabyokka mu kiseera ky’option D:**  
- **Soledad akuba ensigo mu ngalo ze nagamba: “Nneneenya”**  
  Kino eky’agala okusinziira ku mitendera gy’ebika byabyo (ensigo, ngalo, “Nneneenya”) n’okutegeera obwongo n’omulimu gwabwo. Kino eky’agala okusinziira ku mitendera gy’ebika byabyo n’okutegeera obwongo n’omulimu gwabwo.  

**Tabyokka mu kiseera ky’option D:**  
- **Soledad akuba ensigo mu ngalo ze nagamba: “Nneneenya”**  
  Kino eky’agala okusinziira ku mitendera gy’ebika byabyo (ensigo, ngalo, “Nneneenya”) n’okutegeera obwongo n’omulimu gwabwo. Kino eky’agala okusinziira ku mitendera gy’ebika byabyo n’okutegeera obwongo n’omulimu gwabwo.  

**Tabyokka mu kiseera ky’option D:**  
- **Soledad akuba ensigo mu ngalo ze nagamba: “Nneneenya”**  
  Kino eky’agala okusinziira ku mitendera gy’ebika byabyo (ensigo, ngalo, “Nneneenya”) n’okutegeera obwongo n’omulimu gwabwo. Kino eky’agala okusinziira ku mitendera gy’ebika byabyo n’okutegeera obwongo n’omulimu gwabwo.  

**Tabyokka mu kiseera ky’option D:**  
- **Soledad akuba ensigo mu ngalo ze nagamba: “Nneneenya”**  
  Kino eky’agala okusinziira ku mitendera gy’ebika byabyo (ensigo, ngalo, “Nneneenya”) n’okutegeera obwongo n’omulimu gwabwo. Kino eky’agala okusinziira ku mitendera gy’ebika byabyo n’okutegeera obwongo n’omulimu gwabwo.  

**Tabyokka mu kiseera ky’option D:**  
- **Soledad akuba ensigo mu ngalo ze nagamba: “Nneneenya”**  
  Kino eky’agala okusinziira ku mitendera gy’ebika byabyo (ensigo, ngalo, “Nneneenya”) n’okutegeera obwongo n’omulimu gwabwo. Kino eky’agala okusinziira ku mitendera gy’ebika byabyo n’okutegeera obwongo n’omulimu gwabwo.  

**Tabyokka mu kiseera ky’option D:**  
- **Soledad akuba ensigo mu ngalo ze nagamba: “Nneneenya”**  
  Kino eky’agala okusinziira ku mitendera gy’ebika byabyo (ensigo, ngalo, “Nneneenya”) n’okutegeera obwongo n’omulimu gwabwo. Kino eky’agala okusinziira ku mitendera gy’ebika byabyo n’okutegeera obwongo n’omulimu gwabwo.  

**Tabyokka mu kiseera ky’option D:**  
- **Soledad akuba ensigo mu ngalo ze nagamba: “Nneneenya”**  
  Kino eky’agala okusinziira ku mitendera gy’ebika byabyo (ensigo, ngalo, “Nneneenya”) n’okutegeera obwongo n’omulimu gwabwo. Kino eky’agala okusinziira ku mitendera gy’ebika byabyo n’okutegeera obwongo n’omulimu gwabwo.  

**Tabyokka mu kiseera ky’option D:**  
- **Soledad akuba ensigo mu ngalo ze nagamba: “Nneneenya”**  
  Kino eky’agala okusinziira ku mitendera gy’ebika byabyo (ensigo, ngalo, “Nneneenya”) n’okutegeera obwongo n’omulimu gwabwo. Kino eky’agala okusinziira ku mitendera gy’ebika byabyo n’okutegeera obwongo n’omulimu gwabwo.  

**Tabyokka mu kiseera ky’option D:**  
- **Soledad akuba ensigo mu ngalo ze nagamba: “Nneneenya”**  
  Kino eky’agala okusinziira ku mitendera gy’ebika byabyo (ensigo, ngalo, “Nneneenya”) n’okutegeera obwongo n’omulimu gwabwo. Kino eky’agala okusinziira ku mitendera gy’ebika byabyo n’okutegeera obwongo n’omulimu gwabwo.  

**Tabyokka mu kiseera ky’option D:**  
- **Soledad akuba ensigo mu ngalo ze nagamba: “Nneneenya”**  
  Kino eky’agala okusinziira ku mitendera gy’ebika byabyo (ensigo, ngalo, “Nneneenya”) n’okutegeera obwongo n’omulimu gwabwo. Kino eky’agala okusinziira ku mitendera gy’ebika byabyo n’okutegeera obwongo n’omulimu gwabwo.  

**Tabyokka mu kiseera ky’option D:**  
- **Soledad akuba ensigo mu ngalo ze nagamba: “Nneneenya”**  
  Kino eky’agala okusinziira ku mitendera gy’ebika byabyo (ensigo, ngalo, “Nneneenya”) n’okutegeera obwongo n’omulimu gwabwo. Kino eky’agala okusinziira ku mitendera gy’ebika byabyo n’okutegeera obwongo n’omulimu gwabwo.  

**Tabyokka mu kiseera ky’option D:**  
- **Soledad akuba ensigo mu ngalo ze nagamba: “Nneneenya”**  
  Kino eky’agala okusinziira ku mitendera gy’ebika byabyo (ensigo, ngalo, “Nneneenya”) n’okutegeera obwongo n’omulimu gwabwo. Kino eky’agala okusinziira ku mitendera gy’ebika byabyo n’okutegeera obwongo n’omulimu gwabwo.  

**Tabyokka mu kiseera ky’option D:**  
- **Soledad akuba ensigo mu ngalo ze nagamba: “Nneneenya”**  
  Kino eky’agala okusinziira ku mitendera gy’ebika byabyo (ensigo, ngalo, “Nneneenya”) n’okutegeera obwongo n’omulimu gwabwo. Kino eky’agala okusinziira ku mitendera gy’ebika byabyo n’okutegeera obwongo n’omulimu gwabwo.  

**Tabyokka mu kiseera ky’option D:**  
- **Soledad akuba ensigo mu ngalo ze nagamba: “Nneneenya”**  
  Kino eky’agala okusinziira ku mitendera gy’ebika byabyo (ensigo, ngalo, “Nneneenya”) n’okutegeera obwongo n’omulimu gwabwo. Kino eky’agala okusinziira ku mitendera gy’ebika byabyo n’okutegeera obwongo n’omulimu gwabwo.  

**Tabyokka mu kiseera ky’option D:**  
- **Soledad akuba ensigo mu ngalo ze nagamba: “Nneneenya”**  
  Kino eky’agala okusinziira ku mitendera gy’ebika byabyo (ensigo, ngalo, “Nneneenya”) n’okutegeera obwongo n’omulimu gwabwo. Kino eky’agala okusinziira ku mitendera gy’ebika byabyo n’okutegeera obwongo n’omulimu gwabwo.  

**Tabyokka mu kiseera ky’option D:**  
- **Soledad akuba ensigo mu ngalo ze nagamba: “",True
A,"**Ekibuuzo kye kikozeseza mu D:**

**Ekyeyambye:**  
Ekibuuzo kino ekituufu ku **okukozesa obulamu obwa ekibinja** (ekigendererwa ky’ekibiina) mu kunoonyereza abayizi. Ekigendererwa kino ekyeyambye okutegeera **obwongo n’omulimu** (ekitegeera obwongo oba obulamu) mu kusinziira ku bintu ebiri mu mugatte. Ekigendererwa kino ekyeyambye okukozesa **ebifaananyi by’ebibala** (kifananyi, kikuta, kikakanyavu, kikwanyavu) oba **ebibala eby’enjawulo** (kibala ki ekya kyenvu, kiwooma, kiwunya bulungi) mu kusinziira ku bintu ebiri mu mugatte. 

**Ekyeyambye mu D:**  
- **Soledad akuba ensigo mu ngalo ze nagamba: “Nneneenya”**  
  - **Ensigo mu ngalo** (luggya) ekyeyambye **ekibala ki ekya kyenvu** (ekitegeera obwongo oba obulamu).  
  - **“Nneneenya”** ekyeyambye **ekikuta ky’ebbugga kirungiirivu** (ekitegeera obulimu).  
  - Kino ekyeyambye **okutegeera obwongo n’omulimu** (ekitegeera obwongo oba obulamu) mu kusinziira ku bintu ebiri mu mugatte.  

**Ekyeyambye ku mato g’ekigendererwa ky’ekibiina:**  
- **Kino ekyeyambye okutegeera obwongo n’omulimu** (ekitegeera obwongo oba obulamu) mu kusinziira ku bintu ebiri mu mugatte.  
- **Kino ekyeyambye okukozesa ebifaananyi by’ebibala** (kifananyi, kikuta, kikakanyavu, kikwanyavu) mu kusinziira ku bintu ebiri mu mugatte.  
- **Kino ekyeyambye okutegeera obwongo n’omulimu** (ekitegeera obwongo oba obulamu) mu kusinziira ku bintu ebiri mu mugatte.  

**Ekyeyambye ku mato g’ekigendererwa ky’ekibiina:**  
- **Kino ekyeyambye okutegeera obwongo n’omulimu** (ekitegeera obwongo oba obulamu) mu kusinziira ku bintu ebiri mu mugatte.  
- **Kino ekyeyambye okukozesa ebifaananyi by’ebibala** (kifananyi, kikuta, kikakanyavu, kikwanyavu) mu kusinziira ku bintu ebiri mu mugatte.  
- **Kino ekyeyambye okutegeera obwongo n’omulimu** (ekitegeera obwongo oba obulamu) mu kusinziira ku bintu ebiri mu mugatte.  

**Ekyeyambye ku mato g’ekigendererwa ky’ekibiina:**  
- **Kino ekyeyambye okutegeera obwongo n’omulimu** (ekitegeera obwongo oba obulamu) mu kusinziira ku bintu ebiri mu mugatte.  
- **Kino ekyeyambye okukozesa ebifaananyi by’ebibala** (kifananyi, kikuta, kikakanyavu, kikwanyavu) mu kusinziira ku bintu ebiri mu mugatte.  
- **Kino ekyeyambye okutegeera obwongo n’omulimu** (ekitegeera obwongo oba obulamu) mu kusinziira ku bintu ebiri mu mugatte.  

**Ekyeyambye ku mato g’ekigendererwa ky’ekibiina:**  
- **Kino ekyeyambye okutegeera obwongo n’omulimu** (ekitegeera obwongo oba obulamu) mu kusinziira ku bintu ebiri mu mugatte.  
- **Kino ekyeyambye okukozesa ebifaananyi by’ebibala** (kifananyi, kikuta, kikakanyavu, kikwanyavu) mu kusinziira ku bintu ebiri mu mugatte.  
- **Kino ekyeyambye okutegeera obwongo n’omulimu** (ekitegeera obwongo oba obulamu) mu kusinziira ku bintu ebiri mu mugatte.  

**Ekyeyambye ku mato g’ekigendererwa ky’ekibiina:**  
- **Kino ekyeyambye okutegeera obwongo n’omulimu** (ekitegeera obwongo oba obulamu) mu kusinziira ku bintu ebiri mu mugatte.  
- **Kino ekyeyambye okukozesa ebifaananyi by’ebibala** (kifananyi, kikuta, kikakanyavu, kikwanyavu) mu kusinziira ku bintu ebiri mu mugatte.  
- **Kino ekyeyambye okutegeera obwongo n’omulimu** (ekitegeera obwongo oba obulamu) mu kusinziira ku bintu ebiri mu mugatte.  

**Ekyeyambye ku mato g’ekigendererwa ky’ekibiina:**  
- **Kino ekyeyambye okutegeera obwongo n’omulimu** (ekitegeera obwongo oba obulamu) mu kusinziira ku bintu ebiri mu mugatte.  
- **Kino ekyeyambye okukozesa ebifaananyi by’ebibala** (kifananyi, kikuta, kikakanyavu, kikwanyavu) mu kusinziira ku bintu ebiri mu mugatte.  
- **Kino ekyeyambye okutegeera obwongo n’omulimu** (ekitegeera obwongo oba obulamu) mu kusinziira ku bintu ebiri mu mugatte.  

**Ekyeyambye ku mato g’ekigendererwa ky’ekibiina:**  
- **Kino ekyeyambye okutegeera obwongo n’omulimu** (ekitegeera obwongo oba obulamu) mu kusinziira ku bintu ebiri mu mugatte.  
- **Kino ekyeyambye okukozesa ebifaananyi by’ebibala** (kifananyi, kikuta, kikakanyavu, kikwanyavu) mu kusinziira ku bintu ebiri mu mugatte.  
- **Kino ekyeyambye okutegeera obwongo n’omulimu** (ekitegeera obwongo oba obulamu) mu kusinziira ku bintu ebiri mu mugatte.  

**Ekyeyambye ku mato g’ekigendererwa ky’ekibiina:**  
- **Kino ekyeyambye okutegeera obwongo n’omulimu** (ekitegeera obwongo oba obulamu) mu kusinziira ku bintu ebiri mu mugatte.  
- **Kino ekyeyambye okukozesa ebifaananyi by’ebibala** (kifananyi, kikuta, kikakanyavu, kikwanyavu) mu kusinziira ku bintu ebiri mu mugatte.  
- **Kino ekyeyambye okutegeera obwongo n’omulimu** (ekitegeera obwongo oba obulamu) mu kusinziira ku bintu ebiri mu mugatte.  

**Ekyeyambye ku mato g’ekigendererwa ky’ekibiina:**  
- **Kino ekyeyambye okutegeera obwongo n’omulimu** (ekitegeera obwongo oba obulamu) mu kusinziira ku bintu ebiri mu mugatte.  
- **Kino ekyeyambye okukozesa ebifaananyi by’ebibala** (kifananyi, kikuta, kikakanyavu, kikwanyavu) mu kusinziira ku bintu ebiri mu mugatte.  
- **Kino ekyeyambye okutegeera obwongo n’omulimu** (ekitegeera obwongo oba obulamu) mu kusinziira ku bintu ebiri mu mugatte.  

**Ekyeyambye ku mato g’ekigendererwa ky’ekibiina:**  
- **Kino ekyeyambye okutegeera obwongo n’omulimu** (ekitegeera obwongo oba obulamu) mu kusinziira ku bintu ebiri mu mugatte.  
- **Kino ekyeyambye okukozesa ebifaananyi by’ebibala** (kifananyi, kikuta, kikakanyavu, kikwanyavu) mu kusinziira ku bintu ebiri mu mugatte.  
- **Kino ekyeyambye okutegeera obwongo n’omulimu** (ekitegeera obwongo oba obulamu) mu kusinziira ku bintu ebiri mu mugatte.  

**Ekyeyambye ku mato g’ekigendererwa ky’ekibiina:**  
- **Kino ekyeyambye okutegeera obwongo n’omulimu** (ekitegeera obwongo oba obulamu) mu kusinziira ku bintu ebiri mu mugatte.  
- **Kino ekyeyambye okukozesa ebifaananyi by’ebibala** (kifananyi, kikuta, kikakanyavu, kikwanyavu) mu kusinziira ku bintu ebiri mu mugatte.  
- **Kino ekyeyambye okutegeera obwongo n’omulimu** (ekitegeera obwongo oba obulamu) mu kusinziira ku bintu ebiri mu mugatte.  

**Ekyeyambye ku mato g’ekigendererwa ky’ekibiina:**  
- **Kino ekyeyambye okutegeera obwongo n’omulimu** (ekitegeera obwongo oba obulamu) mu kusinziira ku bintu ebiri mu mugatte.  
- **Kino ekyeyambye okukozesa ebifaananyi by’ebibala** (kifananyi, kikuta, kikakanyavu, kikwanyavu) mu kusinziira ku bintu ebiri mu mugatte.  
- **Kino ekyeyambye okutegeera obwongo n’omulimu** (ekitegeera obwongo oba obulamu) mu kusinziira ku bintu ebiri mu mugatte.  

**Ekyeyambye ku mato g’ekigendererwa ky’ekibiina:**  
- **Kino ekyeyambye okutegeera obwongo n’omulimu** (ekitegeera obwongo oba obulamu) mu kusinziira ku bintu ebiri mu mugatte.  
- **Kino ekyeyambye okukozesa ebifaananyi by’ebibala** (kifananyi, kikuta, kikakanyavu, kikwanyavu) mu kusinziira ku bintu ebiri mu mugatte.  
- **Kino ekyeyambye okutegeera obwongo n’omulimu** (ekitegeera obwongo oba obulamu) mu kusinziira ku bintu ebiri mu mugatte.  

**Ekyeyambye ku mato g’ekigendererwa ky’ekibiina:**  
- **Kino ekyeyambye okutegeera obwongo n’omulimu** (ekitegeera obwongo oba obulamu) mu kusinziira ku bintu ebiri mu mugatte.  
- **Kino ekyeyambye okukozesa ebifaananyi by’ebibala** (kifananyi, kikuta, kikakanyavu, kikwanyavu) mu kusinziira ku bintu ebiri mu mugatte.  
- **Kino ekyeyambye okutegeera obwongo n’omulimu** (ekitegeera obwongo oba obulamu) mu kusinziira ku bintu ebiri mu mugatte.  

**Ekyeyambye ku mato g’ekigendererwa ky’ekibiina:**  
- **Kino ekyeyambye okutegeera obwongo n’omulimu** (ekitegeera obwongo oba obulamu) mu kusinziira ku bintu ebiri mu mugatte.  
- **Kino ekyeyambye okukozesa ebifaananyi by’ebibala** (kifananyi, kikuta, kikakanyavu, kikwanyavu) mu kusinziira ku bintu ebiri mu mugatte.  
- **Kino ekyeyambye okutegeera obwongo n’omulimu** (ekitegeera obwongo oba obulamu) mu kusinziira ku bintu ebiri mu mugatte.  

**Ekyeyambye ku mato g’ekigendererwa ky’ekibiina:**  
- **Kino ekyeyambye okutegeera obwongo n’omulimu** (ekitegeera obwongo oba obulamu) mu kusinziira ku bintu ebiri mu mugatte.  
- **Kino ekyeyambye okukozesa ebifaananyi by’ebibala** (kifananyi, kikuta, kikakanyavu, kikwanyavu) mu kusinziira ku bintu ebiri mu mugatte.  
- **Kino ekyeyambye okutegeera obwongo n’omulimu** (ekitegeera obwongo oba obulamu) mu kusinziira ku bintu ebiri mu mugatte.  

**Ekyeyambye ku mato g’ekigendererwa ky’ekibiina:**  
- **Kino ekyeyambye okutegeera obwongo n’omulimu** (ekitegeera obwongo ob",True
B,"**D. Ebimera byombi bikula mu ngeri y’emu kubanga byombi birina amazzi agabamalako, ekibayamba okuggulawo obutuli bwabyo obuyitibwa sitomaata awatali buzibu bwonna, ekiyamba kaboni dayokisayidi okuyingira.**

**Explanation:**  
- **Sealed Containers:** The containers (A and B) are sealed with stoppers, preventing direct mixing of the liquids. This implies no physical exchange of the solutions occurs.  
- **Gas Exchange:** If the stoppers are impermeable to gases (as implied by ""sealed""), carbon dioxide (CO₂) from the air cannot dissolve into the solutions. CO₂ dissolution would typically alter pH (e.g., forming carbonic acid in water), but this is irrelevant here due to the seal.  
- **Color Stability:** Since there is no mixing or gas exchange, the chemical properties of the solutions (acidic in A, basic in B) remain unchanged. Indicators like phenolphthalein (red in acidic, blue in basic) would retain their original colors.  
- **Conclusion:** The color of both containers remains unchanged because the seal prevents any interaction that could alter their chemical states.  

**Answer:** **D**",True
C,"**D. Obutaffaali bwa B bufulumya ebika by'obutaffaali bw'omubiri obulwanyisa endwadde eby'enjawulo bwe buba biragiddwa ekika ky'akawuka akaleeta endwadde ekimu.**

### **Explanation:**
1. **Role of B Cells (B Lymphocytes):**  
   When an antigen (foreign substance) enters the body, **B cells** recognize it via their surface receptors. Upon activation, B cells differentiate into **plasma cells**, which produce **antibodies** (immunoglobulins) specific to that antigen.

2. **Antibody-Antigen Interaction:**  
   The antibodies produced by B cells **bind to the antigen**, marking it for destruction. This binding neutralizes the antigen (e.g., by blocking its ability to infect cells) or tags it for phagocytosis by other immune cells (e.g., macrophages).

3. **Why Option D is Correct:**  
   - **""B cells produce antibodies""** → Correct, as plasma cells (derived from B cells) secrete antibodies.  
   - **""Antibodies bind to the antigen""** → Correct, as this is the primary function of antibodies.  
   - **""Marking it for destruction""** → Correct, as antibody-antigen complexes are targeted by immune cells for elimination.

4. **Why Other Options Are Incorrect:**  
   - **A.** While B cells produce antibodies, the term ""neutralize"" is a result of the antibody-antigen interaction, not the direct action of B cells.  
   - **B.** Describes antigen binding to B cell receptors (true), but this is the initial step, not the full immune response.  
   - **C.** Generalizes the immune system's receptor function but lacks specificity about B cells and antibody production.

### **Key Concept:**  
The **humoral immune response** involves **B cells producing antibodies** that bind to antigens, neutralizing them or facilitating their destruction by other immune mechanisms. This process is central to adaptive immunity. 

**Answer: D**",True
B,"**D. Enkola z'endagabuzizo ezikozesebwa okukendeeza oba okwongera ku maanyi g'omubiri (Feedback mechanisms of hormones)**

### **Tabyeyi:**
1. **Ku kiseera ky’obulamu ey’omubiri ey’endokriini (Endocrine system):**  
   Obulamu obw’endokriini obw’okugoberera homooni (hormones) obw’okugoberera obusobozi obw’ekikemiko obw’okugoberera obusobozi obw’ekikemiko obw’okugoberera obusobozi obw’ekikemiko obw’okugoberera obusobozi obw’ekikemiko obw’okugoberera obusobozi obw’ekikemiko obw’okugoberera obusobozi obw’ekikemiko obw’okugoberera obusobozi obw’ekikemiko obw’okugoberera obusobozi obw’ekikemiko obw’okugoberera obusobozi obw’ekikemiko obw’okugoberera obusobozi obw’ekikemiko obw’okugoberera obusobozi obw’ekikemiko obw’okugoberera obusobozi obw’ekikemiko obw’okugoberera obusobozi obw’ekikemiko obw’okugoberera obusobozi obw’ekikemiko obw’okugoberera obusobozi obw’ekikemiko obw’okugoberera obusobozi obw’ekikemiko obw’okugoberera obusobozi obw’ekikemiko obw’okugoberera obusobozi obw’ekikemiko obw’okugoberera obusobozi obw’ekikemiko obw’okugoberera obusobozi obw’ekikemiko obw’okugoberera obusobozi obw’ekikemiko obw’okugoberera obusobozi obw’ekikemiko obw’okugoberera obusobozi obw’ekikemiko obw’okugoberera obusobozi obw’ekikemiko obw’okugoberera obusobozi obw’ekikemiko obw’okugoberera obusobozi obw’ekikemiko obw’okugoberera obusobozi obw’ekikemiko obw’okugoberera obusobozi obw’ekikemiko obw’okugoberera obusobozi obw’ekikemiko obw’okugoberera obusobozi obw’ekikemiko obw’okugoberera obusobozi obw’ekikemiko obw’okugoberera obusobozi obw’ekikemiko obw’okugoberera obusobozi obw’ekikemiko obw’okugoberera obusobozi obw’ekikemiko obw’okugoberera obusobozi obw’ekikemiko obw’okugoberera obusobozi obw’ekikemiko obw’okugoberera obusobozi obw’ekikemiko obw’okugoberera obusobozi obw’ekikemiko obw’okugoberera obusobozi obw’ekikemiko obw’okugoberera obusobozi obw’ekikemiko obw’okugoberera obusobozi obw’ekikemiko obw’okugoberera obusobozi obw’ekikemiko obw’okugoberera obusobozi obw’ekikemiko obw’okugoberera obusobozi obw’ekikemiko obw’okugoberera obusobozi obw’ekikemiko obw’okugoberera obusobozi obw’ekikemiko obw’okugoberera obusobozi obw’ekikemiko obw’okugoberera obusobozi obw’ekikemiko obw’okugoberera obusobozi obw’ekikemiko obw’okugoberera obusobozi obw’ekikemiko obw’okugoberera obusobozi obw’ekikemiko obw’okugoberera obusobozi obw’ekikemiko obw’okugoberera obusobozi obw’ekikemiko obw’okugoberera obusobozi obw’ekikemiko obw’okugoberera obusobozi obw’ekikemiko obw’okugoberera obusobozi obw’ekikemiko obw’okugoberera obusobozi obw’ekikemiko obw’okugoberera obusobozi obw’ekikemiko obw’okugoberera obusobozi obw’ekikemiko obw’okugoberera obusobozi obw’ekikemiko obw’okugoberera obusobozi obw’ekikemiko obw’okugoberera obusobozi obw’ekikemiko obw’okugoberera obusobozi obw’ekikemiko obw’okugoberera obusobozi obw’ekikemiko obw’okugoberera obusobozi obw’ekikemiko obw’okugoberera obusobozi obw’ekikemiko obw’okugoberera obusobozi obw’ekikemiko obw’okugoberera obusobozi obw’ekikemiko obw’okugoberera obusobozi obw’ekikemiko obw’okugoberera obusobozi obw’ekikemiko obw’okugoberera obusobozi obw’ekikemiko obw’okugoberera obusobozi obw’ekikemiko obw’okugoberera obusobozi obw’ekikemiko obw’okugoberera obusobozi obw’ekikemiko obw’okugoberera obusobozi obw’ekikemiko obw’okugoberera obusobozi obw’ekikemiko obw’okugoberera obusobozi obw’ekikemiko obw’okugoberera obusobozi obw’ekikemiko obw’okugoberera obusobozi obw’ekikemiko obw’okugoberera obusobozi obw’ekikemiko obw’okugoberera obusobozi obw’ekikemiko obw’okugoberera obusobozi obw’ekikemiko obw’okugoberera obusobozi obw’ekikemiko obw’okugoberera obusobozi obw’ekikemiko obw’okugoberera obusobozi obw’ekikemiko obw’okugoberera obusobozi obw’ekikemiko obw’okugoberera obusobozi obw’ekikemiko obw’okugoberera obusobozi obw’ekikemiko obw’okugoberera obusobozi obw’ekikemiko obw’okugoberera obusobozi obw’ekikemiko obw’okugoberera obusobozi obw’ekikemiko obw’okugoberera obusobozi obw’ekikemiko obw’okugoberera obusobozi obw’ekikemiko obw’okugoberera obusobozi obw’ekikemiko obw’okugoberera obusobozi obw’ekikemiko obw’okugoberera obusobozi obw’ekikemiko obw’okugoberera obusobozi obw’ekikemiko obw’okugoberera obusobozi obw’ekikemiko obw’okugoberera obusobozi obw’ekikemiko obw’okugoberera obusobozi obw’ekikemiko obw’okugoberera obusobozi obw’ekikemiko obw’okugoberera obusobozi obw’ekikemiko obw’okugoberera obusobozi obw’ekikemiko obw’okugoberera obusobozi obw’ekikemiko obw’okugoberera obusobozi obw’ekikemiko obw’okugoberera obusobozi obw’ekikemiko obw’okugoberera obusobozi obw’ekikemiko obw’okugoberera obusobozi obw’ekikemiko obw’okugoberera obusobozi obw’ekikemiko obw’okugoberera obusobozi obw’ekikemiko obw’okugoberera obusobozi obw’ekikemiko obw’okugoberera obusobozi obw’ekikemiko obw’okugoberera obusobozi obw’ekikemiko obw’okugoberera obusobozi obw’ekikemiko obw’okugoberera obusobozi obw’ekikemiko obw’okugoberera obusobozi obw’ekikemiko obw’okugoberera obusobozi obw’ekikemiko obw’okugoberera obusobozi obw’ekikemiko obw’okugoberera obusobozi obw’ekikemiko obw’okugoberera obusobozi obw’ekikemiko obw’okugoberera obusobozi obw’ekikemiko obw’okugoberera obusobozi obw’ekikemiko obw’okugoberera obusobozi obw’ekikemiko obw’okugoberera obusobozi obw’ekikemiko obw’okugoberera obusobozi obw’ekikemiko obw’okugoberera obusobozi obw’ekikemiko obw’okugoberera obusobozi obw’ekikemiko obw’okugoberera obusobozi obw’ekikemiko obw’okugoberera obusobozi obw’ekikemiko obw’okugoberera obusobozi obw’ekikemiko obw’okugoberera obusobozi obw’ekikemiko obw’okugoberera obusobozi obw’ekikemiko obw’okugoberera obusobozi obw’ekikemiko obw’okugoberera obusobozi obw’ekikemiko obw’okugoberera obusobozi obw’ekikemiko obw’okugoberera obusobozi obw’ekikemiko obw’okugoberera obusobozi obw’ekikemiko obw’okugoberera obusobozi obw’ekikemiko obw’okugoberera obusobozi obw’ekikemiko obw’okugoberera obusobozi obw’ekikemiko obw’okugoberera obusobozi obw’ekikemiko obw’okugoberera obusobozi obw’ekikemiko obw’okugoberera obusobozi obw’ekikemiko obw’okugoberera obusobozi obw’ekikemiko obw’okugoberera obusobozi obw’ekikemiko obw’okugoberera obusobozi obw’ekikemiko obw’okugoberera obusobozi obw’ekikemiko obw’okugoberera obusobozi obw’ekikemiko obw’okugoberera obusobozi obw’ekikemiko obw’okugoberera obusobozi obw’ekikemiko obw’okugoberera obusobozi obw’ekikemiko obw’okugoberera obusobozi obw’ekikemiko obw’okugoberera obusobozi obw’ekikemiko obw’okugoberera obusobozi obw’ekikemiko obw’okugoberera obusobozi obw’ekikemiko obw’okugoberera obusobozi obw’ekikemiko obw’okugoberera obusobozi obw’ekikemiko obw’okugoberera obusobozi obw’ekikemiko obw’okugoberera obusobozi obw’ekikemiko obw’okugoberera obusobozi obw’ekikemiko obw’okugoberera obusobozi obw’ekikemiko obw’okugoberera obusobozi obw’ekikemiko obw’okugoberera obusobozi obw’ekikemiko obw’okugoberera obusobozi obw’ekikemiko obw’okugoberera obusobozi obw’ekikemiko obw’okugoberera obusobozi obw’ekikemiko obw’okugoberera obusobozi obw’ekikemiko obw’okugoberera obusobozi obw’ekikemiko obw’okugoberera obusobozi obw’ekikemiko obw’okugoberera obusobozi obw’ekikemiko obw’okugoberera obusobozi obw’ekikemiko obw’okugoberera obusobozi obw’ekikemiko obw’okugoberera obusobozi obw’ekikemiko obw’okugoberera obusobozi obw’ekikemiko obw’okugoberera obusobozi obw’ekikemiko obw’okugoberera obusobozi obw’ekikemiko obw’okugoberera obusobozi obw’ekikemiko obw’okugoberera obusobozi obw’ekikemiko obw’okugoberera obusobozi obw’ekikemiko obw’okugoberera obusobozi obw’ekikemiko obw’okugoberera obusobozi obw’ekikemiko obw’okugoberera obusobozi obw’ekikemiko obw’okugoberera obusobozi obw’ekikemiko obw’okugoberera obusobozi obw’ekikemiko obw’okugoberera obusobozi obw’ekikemiko obw’okugoberera obusobozi obw’ekikemiko obw’okugoberera obusobozi obw’ekikemiko obw’okugoberera obusobozi obw’ekikemiko obw’okugoberera obusobozi obw’ekikemiko obw’okugoberera obusobozi obw’ekikemiko obw’okugoberera obusobozi obw’ekikemiko obw’okugoberera obusobozi obw’ekikemiko obw’okugoberera obusobozi obw’ekik",True
B,"**Ddaala:** B

**Ekkwata:**  
Mu kukebera ekibuuzo kino, omusomesa ow’ekibiina akwataganya kusooka kumanyirivu ku **hypothalamus** mu kukebera obwongo gwa **GnRH (Gonadotropin-releasing hormone)**. Kino kikozesebwa ku **option B**, nga:  
- **Hypothalamus** akozeseza **GnRH**.  
- **GnRH** akusinziira **pituitary gland** (obuwangwa) okusinziira **FSH (Follicle-Stimulating Hormone)** n’**LH (Luteinizing Hormone)**.  
- **FSH n’LH** ezigiriza obwongo gwa **menstrual cycle** (ekiseera eky’okukola, ekiseera eky’okukula, n’ekiseera gwa luteal).  

**Option B** ekikozesebwa kusooka kumanyirivu ku **hypothalamus** mu kukebera obwongo gwa **GnRH** n’obwongo gwa **pituitary gland** mu kusinziira **FSH n’LH**, eby’ekikozesebwa mu kukebera obwongo gwa **menstrual cycle**.  

**Option A** ekikozesebwa ku **pituitary gland** (obuwangwa), kintu ekibuuzo ekikozesebwa ku **hypothalamus**.  
**Option C n’D** ekikozesebwa ku **phases** ya **menstrual cycle**, kintu ekibuuzo ekikozesebwa ku **role** ya **hypothalamus** mu kusinziira **GnRH**.  

**Kintu ki kubiri?**  
**Option B** ekikozesebwa kusooka kumanyirivu ku **hypothalamus** mu kukebera obwongo gwa **GnRH** n’obwongo gwa **pituitary gland** mu kusinziira **FSH n’LH**, eby’ekikozesebwa mu kukebera obwongo gwa **menstrual cycle**.  

**Kintu ki kubiri?**  
**Option B** ekikozesebwa kusooka kumanyirivu ku **hypothalamus** mu kukebera obwongo gwa **GnRH** n’obwongo gwa **pituitary gland** mu kusinziira **FSH n’LH**, eby’ekikozesebwa mu kukebera obwongo gwa **menstrual cycle**.  

**Kintu ki kubiri?**  
**Option B** ekikozesebwa kusooka kumanyirivu ku **hypothalamus** mu kukebera obwongo gwa **GnRH** n’obwongo gwa **pituitary gland** mu kusinziira **FSH n’LH**, eby’ekikozesebwa mu kukebera obwongo gwa **menstrual cycle**.  

**Kintu ki kubiri?**  
**Option B** ekikozesebwa kusooka kumanyirivu ku **hypothalamus** mu kukebera obwongo gwa **GnRH** n’obwongo gwa **pituitary gland** mu kusinziira **FSH n’LH**, eby’ekikozesebwa mu kukebera obwongo gwa **menstrual cycle**.  

**Kintu ki kubiri?**  
**Option B** ekikozesebwa kusooka kumanyirivu ku **hypothalamus** mu kukebera obwongo gwa **GnRH** n’obwongo gwa **pituitary gland** mu kusinziira **FSH n’LH**, eby’ekikozesebwa mu kukebera obwongo gwa **menstrual cycle**.  

**Kintu ki kubiri?**  
**Option B** ekikozesebwa kusooka kumanyirivu ku **hypothalamus** mu kukebera obwongo gwa **GnRH** n’obwongo gwa **pituitary gland** mu kusinziira **FSH n’LH**, eby’ekikozesebwa mu kukebera obwongo gwa **menstrual cycle**.  

**Kintu ki kubiri?**  
**Option B** ekikozesebwa kusooka kumanyirivu ku **hypothalamus** mu kukebera obwongo gwa **GnRH** n’obwongo gwa **pituitary gland** mu kusinziira **FSH n’LH**, eby’ekikozesebwa mu kukebera obwongo gwa **menstrual cycle**.  

**Kintu ki kubiri?**  
**Option B** ekikozesebwa kusooka kumanyirivu ku **hypothalamus** mu kukebera obwongo gwa **GnRH** n’obwongo gwa **pituitary gland** mu kusinziira **FSH n’LH**, eby’ekikozesebwa mu kukebera obwongo gwa **menstrual cycle**.  

**Kintu ki kubiri?**  
**Option B** ekikozesebwa kusooka kumanyirivu ku **hypothalamus** mu kukebera obwongo gwa **GnRH** n’obwongo gwa **pituitary gland** mu kusinziira **FSH n’LH**, eby’ekikozesebwa mu kukebera obwongo gwa **menstrual cycle**.  

**Kintu ki kubiri?**  
**Option B** ekikozesebwa kusooka kumanyirivu ku **hypothalamus** mu kukebera obwongo gwa **GnRH** n’obwongo gwa **pituitary gland** mu kusinziira **FSH n’LH**, eby’ekikozesebwa mu kukebera obwongo gwa **menstrual cycle**.  

**Kintu ki kubiri?**  
**Option B** ekikozesebwa kusooka kumanyirivu ku **hypothalamus** mu kukebera obwongo gwa **GnRH** n’obwongo gwa **pituitary gland** mu kusinziira **FSH n’LH**, eby’ekikozesebwa mu kukebera obwongo gwa **menstrual cycle**.  

**Kintu ki kubiri?**  
**Option B** ekikozesebwa kusooka kumanyirivu ku **hypothalamus** mu kukebera obwongo gwa **GnRH** n’obwongo gwa **pituitary gland** mu kusinziira **FSH n’LH**, eby’ekikozesebwa mu kukebera obwongo gwa **menstrual cycle**.  

**Kintu ki kubiri?**  
**Option B** ekikozesebwa kusooka kumanyirivu ku **hypothalamus** mu kukebera obwongo gwa **GnRH** n’obwongo gwa **pituitary gland** mu kusinziira **FSH n’LH**, eby’ekikozesebwa mu kukebera obwongo gwa **menstrual cycle**.  

**Kintu ki kubiri?**  
**Option B** ekikozesebwa kusooka kumanyirivu ku **hypothalamus** mu kukebera obwongo gwa **GnRH** n’obwongo gwa **pituitary gland** mu kusinziira **FSH n’LH**, eby’ekikozesebwa mu kukebera obwongo gwa **menstrual cycle**.  

**Kintu ki kubiri?**  
**Option B** ekikozesebwa kusooka kumanyirivu ku **hypothalamus** mu kukebera obwongo gwa **GnRH** n’obwongo gwa **pituitary gland** mu kusinziira **FSH n’LH**, eby’ekikozesebwa mu kukebera obwongo gwa **menstrual cycle**.  

**Kintu ki kubiri?**  
**Option B** ekikozesebwa kusooka kumanyirivu ku **hypothalamus** mu kukebera obwongo gwa **GnRH** n’obwongo gwa **pituitary gland** mu kusinziira **FSH n’LH**, eby’ekikozesebwa mu kukebera obwongo gwa **menstrual cycle**.  

**Kintu ki kubiri?**  
**Option B** ekikozesebwa kusooka kumanyirivu ku **hypothalamus** mu kukebera obwongo gwa **GnRH** n’obwongo gwa **pituitary gland** mu kusinziira **FSH n’LH**, eby’ekikozesebwa mu kukebera obwongo gwa **menstrual cycle**.  

**Kintu ki kubiri?**  
**Option B** ekikozesebwa kusooka kumanyirivu ku **hypothalamus** mu kukebera obwongo gwa **GnRH** n’obwongo gwa **pituitary gland** mu kusinziira **FSH n’LH**, eby’ekikozesebwa mu kukebera obwongo gwa **menstrual cycle**.  

**Kintu ki kubiri?**  
**Option B** ekikozesebwa kusooka kumanyirivu ku **hypothalamus** mu kukebera obwongo gwa **GnRH** n’obwongo gwa **pituitary gland** mu kusinziira **FSH n’LH**, eby’ekikozesebwa mu kukebera obwongo gwa **menstrual cycle**.  

**Kintu ki kubiri?**  
**Option B** ekikozesebwa kusooka kumanyirivu ku **hypothalamus** mu kukebera obwongo gwa **GnRH** n’obwongo gwa **pituitary gland** mu kusinziira **FSH n’LH**, eby’ekikozesebwa mu kukebera obwongo gwa **menstrual cycle**.  

**Kintu ki kubiri?**  
**Option B** ekikozesebwa kusooka kumanyirivu ku **hypothalamus** mu kukebera obwongo gwa **GnRH** n’obwongo gwa **pituitary gland** mu kusinziira **FSH n’LH**, eby’ekikozesebwa mu kukebera obwongo gwa **menstrual cycle**.  

**Kintu ki kubiri?**  
**Option B** ekikozesebwa kusooka kumanyirivu ku **hypothalamus** mu kukebera obwongo gwa **GnRH** n’obwongo gwa **pituitary gland** mu kusinziira **FSH n’LH**, eby’ekikozesebwa mu kukebera obwongo gwa **menstrual cycle**.  

**Kintu ki kubiri?**  
**Option B** ekikozesebwa kusooka kumanyirivu ku **hypothalamus** mu kukebera obwongo gwa **GnRH** n’obwongo gwa **pituitary gland** mu kusinziira **FSH n’LH**, eby’ekikozesebwa mu kukebera obwongo gwa **menstrual cycle**.  

**Kintu ki kubiri?**  
**Option B** ekikozesebwa kusooka kumanyirivu ku **hypothalamus** mu kukebera obwongo gwa **GnRH** n’obwongo gwa **pituitary gland** mu kusinziira **FSH n’LH**, eby’ekikozesebwa mu kukebera obwongo gwa **menstrual cycle**.  

**Kintu ki kubiri?**  
**Option B** ekikozesebwa kusooka kumanyirivu ku **hypothalamus** mu kukebera obwongo gwa **GnRH** n’obwongo gwa **pituitary gland** mu kusinziira **FSH n’LH**, eby’ekikozesebwa mu kukebera obwongo gwa **menstrual cycle**.  

**Kintu ki kubiri?**  
**Option B** ekikozesebwa kusooka kumanyirivu ku **hypothalamus** mu kukebera obwongo gwa **GnRH** n’obwongo gwa **pituitary gland** mu kusinziira **FSH n’LH**, eby’ekikozesebwa mu kukebera obwongo gwa **menstrual cycle**.  

**Kintu ki kubiri?**  
**Option B** ekikozesebwa kusooka kumanyirivu ku **hypothalamus** mu kukebera obwongo gwa **GnRH** n’obwongo gwa **pituitary gland** mu kusinziira **FSH n’LH**, eby’ekikozesebwa mu kukebera obwongo gwa **menstrual cycle**.  

**Kintu ki kubiri?**  
**Option B** ekikozesebwa kusooka kumanyirivu ku **hypothalamus** mu kukebera obwongo gwa **GnRH** n’obwongo gwa **pituitary gland** mu kusinziira **FSH n’LH**, eby’ekikozesebwa mu kukebera obwongo gwa **menstrual cycle**.  

**Kintu ki kubiri?**  
**Option B** ekikozesebwa kusooka kumanyirivu ku **hypothalamus** mu kukebera obwongo gwa **GnRH** n’obwongo gwa **pituitary gland** mu kusinziira **FSH n’LH**, eby’ekikozesebwa mu kukebera obwongo gwa **menstrual cycle**.  

**Kintu ki kubiri?**  
**Option B** ekikozese",True
B,"**D. Mu biseera by’okuzannya obwereere mu luggya, Soledad akuba ensigo mu ngalo ze nagamba: “Nneneenya”**

**Explanation:**  
Ekibuuzo kino ekyinza okusobola ekigendererwa ky’okunoonyereza obwerere mu luggya (indirect speech) n’okuba ensigo (sigh) okutegeera emiti gy’okwesigana n’okwesigana. Kino ekyeyinza okusobola **option D**, kubanga ekyeyinza okutegeera emiti gy’okwesigana n’okwesigana mu kiseera ky’okuzannya obwereere, nga Soledad akuba ensigo (emiti gy’okwesigana) n’agamba ""Nneneenya"" (emiti gy’okwesigana). Kino ekyeyinza okutegeera ekigendererwa ky’okuzimba obwerere mu luggya (indirect speech) n’okutegeera emiti gy’okwesigana, nga ekyeyinza okusobola **option D**.",True
D,"**C. Nnyonnyola engeri енти DNA molecule gyefaanana n'omukwano gwayo eri replication ne transcription.**

### Explanation:
- **Option C** directly addresses the **structure of the DNA molecule** and its **replication and transcription processes**, which are fundamental to understanding how genetic information is copied and expressed. 
- **Replication** (DNA to DNA) ensures genetic continuity, while **transcription** (DNA to mRNA) is the first step in gene expression. 
- Although **translation** (mRNA to protein) is not explicitly mentioned in Option C, the question focuses on the **stages of DNA replication and transcription**, which aligns with the central dogma's first two steps. 
- The other options either focus narrowly on translation (B) or lack the comprehensive coverage of DNA's role in replication and transcription (A, D). 

Thus, **Option C** is the most accurate answer based on the question's context.",True
C,"**Jawabu:** C. 2 – 1 – 3  

**Tabyeyo:**  
Ku kisooli kino, omusomesa ayagala abayizi be okutegeera amakulu g'okweyongera (2) mu kookolo oba enkyukakyuka y'obutoffaali, oluvannyuma ayagala kuteekawo ekiweebwa ky'omutendera (1) n'obubonero obugufuga, n'okukwataganya omukono gw'obusirikale obukulu (3) mu kufuga omutendera ne mu bika bya kookolo.  

**Tabyeyo g'ekikolwa:**  
1. **Okutegeera amakulu g'okweyongera** (2): Omusomesa ayagala abayizi be okusinziira amakulu g'okweyongera mu kookolo oba enkyukakyuka y'obutoffaali mu kisooli.  
2. **Kuteekawo ekiweebwa ky'omutendera** (1): Bwe banoonyereza obubonero obugufuga n'omutendera gw'obutoffaali.  
3. **Okukwataganya omukono** (3): Bwe banoonyereza omukono gw'obusirikale obukulu mu kufuga omutendera ne mu bika bya kookolo eby'enjawulo.  

**Tabyeyo g'ekikolwa ky'okunoonyereza:**  
- **2 → 1 → 3** (C) ekikolwa eno ekyagala ku kisooli ky'okunoonyereza amakulu, kuteekawo ekiweebwa, n'okukwataganya omukono.  

**Jawabu:** **C**",True
A,"**D. Okutegeera ebintu ebireetera abayizi okukola ensobi mu ntegeera y’omulamwa oguli mu mulimu ogwasooka.**

**Explanation:**  
Omusomesa ow’ekibiina ayagala okutegeera n’okukola ensobi mu ntegeera y’omulamwa (evaluation phase) n’okukozesa obutegeevu obw’abafanisi (students) bakozesebwa ku bintu ebireetera. Kino eky’okulabirako, abayizi babonera obukumu bw’ekiruwa B obw’ekyakumulisa okusinga obw’ekiruwa A, oluvannyuma babalowooza ntegeera y’obusobozi (hypotheses) n’entegeera y’obusobozi (actual results). Kino eky’okulabirako, omusomesa ayagala okutegeera obusobozi obw’abafanisi babalowooza n’entegeera y’obusobozi obw’ekikolamu, oba kino eky’okulabirako, eky’okutegeera ku ntegeera y’omulamwa.  

**Kuwalira oba kikwata:**  
- **Option D** eky’okutegeera ku ntegeera y’omulamwa (evaluation) oba kino eky’okulabirako, abayizi babalowooza ntegeera y’obusobozi (hypotheses) n’entegeera y’obusobozi (actual results) oba kino eky’okutegeera obusobozi obw’ekikolamu.  
- **Option A** eky’okukubiriza obusobozi n’okutegeera obusobozi, oba kino eky’okulabirako, kino eky’okutegeera obusobozi obw’ekikolamu, oba kino eky’okutegeera ku ntegeera y’omulamwa.  
- **Option B** eky’okuyiga ku ngeri enkulungo, oba kino eky’okulabirako, kino eky’okutegeera ku ntegeera y’omulamwa.  
- **Option C** eky’okumanya endowooza, oba kino eky’okulabirako, kino eky’okutegeera ku ntegeera y’omulamwa.  

**Kuwalira oba kikwata:**  
- **Option D** eky’okutegeera ku ntegeera y’omulamwa (evaluation) oba kino eky’okulabirako, abayizi babalowooza ntegeera y’obusobozi (hypotheses) n’entegeera y’obusobozi (actual results) oba kino eky’okutegeera obusobozi obw’ekikolamu.",True
B,"**A. Nga twekenneenya okukyama kw'omusana nga guyita mu katuli akatono n'engeri gye gukyusibwamu (polarization) nga guyita mu bipande bibiri ebikyusa omusana (polarizers), nga tukozesa endowooza nti omusana guba butoffaali butono (corpuscular model of light).**

**Explanation:**  
The question asks which method the teacher would use to explain light polarization using the **corpuscular model** (Newton's particle theory of light). While the wave theory (e.g., Huygens' model) is the scientifically accepted framework for polarization, the question specifically focuses on the **corpuscular model**. 

- **Option A** aligns with the corpuscular model by proposing that light particles (corpuscles) interact with polarizers, allowing only certain orientations to pass through. This reflects the teacher's approach of using the corpuscular model to explain polarization, even though it is not the most accurate method. 
- The other options either rely on wave theory (D) or compare polarized/unpolarized light without explicitly using the corpuscular model (C), which does not directly address the teacher's stated method. 

Thus, **A** is the correct answer based on the context provided.",True
C,"**Jawabu:** B

**Takyebale:**  
Omusomesa akolera wamu n'abayizi ku nteekateeka y'ensi ey'omu makkati (Ptolemy) ne y'enjuba (Copernicus) mu kunoonyereza enteekateeka y'ensiisira. Ekigendererwa kino ekyavanga mu **okusinziira ku ndowooza y'ensi ng'eri wakati n'endowooza y'enjuba ng'eri wakati** mu nkola y'ensiisira y'enjuba. Ekikola eky'omusomesa ekyagala ku **okusalema obulimi olw'ekikugu olwa kompyuta** (computer simulation) okutegeera engeri ez'enjawulo ez'okwawula ebintu ebiri mu mugatte. 

**Kuwalira ku B:**  
- **""Laga abayizi olulimi olw'ekikugu olwa kompyuta""** (Use a computer simulation): Ekyo ekyavanga mu kusalema tekinologiya ki ey'okwawula eyakozesebwa mu buli mbeera.  
- **""Okusinziira ku ndowooza y'ensi ng'eri wakati n'endowooza y'enjuba ng'eri wakati""** (Compare the sun's and Earth's movements over time): Ekyo ekyavanga mu kutegeera engeri enteekateeka ya Ptolemy (geocentric) ne Copernicus (heliocentric).  

**Kuwalira ku A, C, D:**  
- **A** (Physical models): Ekyo ekyavanga mu kusalema obukodyo bwe balaba (lamp, globe), oba kino kino kino kino kino kino kino kino kino kino kino kino kino kino kino kino kino kino kino kino kino kino kino kino kino kino kino kino kino kino kino kino kino kino kino kino kino kino kino kino kino kino kino kino kino kino kino kino kino kino kino kino kino kino kino kino kino kino kino kino kino kino kino kino kino kino kino kino kino kino kino kino kino kino kino kino kino kino kino kino kino kino kino kino kino kino kino kino kino kino kino kino kino kino kino kino kino kino kino kino kino kino kino kino kino kino kino kino kino kino kino kino kino kino kino kino kino kino kino kino kino kino kino kino kino kino kino kino kino kino kino kino kino kino kino kino kino kino kino kino kino kino kino kino kino kino kino kino kino kino kino kino kino kino kino kino kino kino kino kino kino kino kino kino kino kino kino kino kino kino kino kino kino kino kino kino kino kino kino kino kino kino kino kino kino kino kino kino kino kino kino kino kino kino kino kino kino kino kino kino kino kino kino kino kino kino kino kino kino kino kino kino kino kino kino kino kino kino kino kino kino kino kino kino kino kino kino kino kino kino kino kino kino kino kino kino kino kino kino kino kino kino kino kino kino kino kino kino kino kino kino kino kino kino kino kino kino kino kino kino kino kino kino kino kino kino kino kino kino kino kino kino kino kino kino kino kino kino kino kino kino kino kino kino kino kino kino kino kino kino kino kino kino kino kino kino kino kino kino kino kino kino kino kino kino kino kino kino kino kino kino kino kino kino kino kino kino kino kino kino kino kino kino kino kino kino kino kino kino kino kino kino kino kino kino kino kino kino kino kino kino kino kino kino kino kino kino kino kino kino kino kino kino kino kino kino kino kino kino kino kino kino kino kino kino kino kino kino kino kino kino kino kino kino kino kino kino kino kino kino kino kino kino kino kino kino kino kino kino kino kino kino kino kino kino kino kino kino kino kino kino kino kino kino kino kino kino kino kino kino kino kino kino kino kino kino kino kino kino kino kino kino kino kino kino kino kino kino kino kino kino kino kino kino kino kino kino kino kino kino kino kino kino kino kino kino kino kino kino kino kino kino kino kino kino kino kino kino kino kino kino kino kino kino kino kino kino kino kino kino kino kino kino kino kino kino kino kino kino kino kino kino kino kino kino kino kino kino kino kino kino kino kino kino kino kino kino kino kino kino kino kino kino kino kino kino kino kino kino kino kino kino kino kino kino kino kino kino kino kino kino kino kino kino kino kino kino kino kino kino kino kino kino kino kino kino kino kino kino kino kino kino kino kino kino kino kino kino kino kino kino kino kino kino kino kino kino kino kino kino kino kino kino kino kino kino kino kino kino kino kino kino kino kino kino kino kino kino kino kino kino kino kino kino kino kino kino kino kino kino kino kino kino kino kino kino kino kino kino kino kino kino kino kino kino kino kino kino kino kino kino kino kino kino kino kino kino kino kino kino kino kino kino kino kino kino kino kino kino kino kino kino kino kino kino kino kino kino kino kino kino kino kino kino kino kino kino kino kino kino kino kino kino kino kino kino kino kino kino kino kino kino kino kino kino kino kino kino kino kino kino kino kino kino kino kino kino kino kino kino kino kino kino kino kino kino kino kino kino kino kino kino kino kino kino kino kino kino kino kino kino kino kino kino kino kino kino kino kino kino kino kino kino kino kino kino kino kino kino kino kino kino kino kino kino kino kino kino kino kino kino kino kino kino kino kino kino kino kino kino kino kino kino kino kino kino kino kino kino kino kino kino kino kino kino kino kino kino kino kino kino kino kino kino kino kino kino kino kino kino kino kino kino kino kino kino kino kino kino kino kino kino kino kino kino kino kino kino kino kino kino kino kino kino kino kino kino kino kino kino kino kino kino kino kino kino kino kino kino kino kino kino kino kino kino kino kino kino kino kino kino kino kino kino kino kino kino kino kino kino kino kino kino kino kino kino kino kino kino kino kino kino kino kino kino kino kino kino kino kino kino kino kino kino kino kino kino kino kino kino kino kino kino kino kino kino kino kino kino kino kino kino kino kino kino kino kino kino kino kino kino kino kino kino kino kino kino kino kino kino kino kino kino kino kino kino kino kino kino kino kino kino kino kino kino kino kino kino kino kino kino kino kino kino kino kino kino kino kino kino kino kino kino kino kino kino kino kino kino kino kino kino kino kino kino kino kino kino kino kino kino kino kino kino kino kino kino kino kino kino kino kino kino kino kino kino kino kino kino kino kino kino kino kino kino kino kino kino kino kino kino kino kino kino kino kino kino kino kino kino kino kino kino kino kino kino kino kino kino kino kino kino kino kino kino kino kino kino kino kino kino kino kino kino kino kino kino kino kino kino kino kino kino kino kino kino kino kino kino kino kino kino kino kino kino kino kino kino kino kino kino kino kino kino kino kino kino kino kino kino kino kino kino kino kino kino kino kino kino kino kino kino kino kino kino kino kino kino kino kino kino kino kino kino kino kino kino kino kino kino kino kino kino kino kino kino kino kino kino kino kino kino kino kino kino kino kino kino kino kino kino kino kino kino kino kino kino kino kino kino kino kino kino kino kino kino kino kino kino kino kino kino kino kino kino kino kino kino kino kino kino kino kino kino kino kino kino kino kino kino kino kino kino kino kino kino kino kino kino kino kino kino kino kino kino kino kino kino kino kino kino kino kino kino kino kino kino kino kino kino kino kino kino kino kino kino kino kino kino kino kino kino kino kino kino kino kino kino kino kino kino kino kino kino kino kino kino kino kino kino kino kino kino kino kino kino kino kino kino kino kino kino kino kino kino kino kino kino kino kino kino kino kino kino kino kino kino kino kino kino kino kino kino kino kino kino kino kino kino kino kino kino kino kino kino kino kino kino kino kino kino kino kino kino kino kino kino kino kino kino kino kino kino kino kino kino kino kino kino kino kino kino kino kino kino kino kino kino kino kino kino kino kino kino kino kino kino kino kino kino kino kino kino kino kino kino kino kino kino kino kino kino kino kino kino kino kino kino kino kino kino kino kino kino kino kino kino kino kino kino kino kino kino kino kino kino kino kino kino kino kino kino kino kino kino kino kino kino kino kino kino kino kino kino kino kino kino kino kino kino kino kino kino kino kino kino kino kino kino kino kino kino kino kino kino kino kino kino kino kino kino kino kino kino kino kino kino kino kino kino kino kino kino kino kino kino kino kino kino kino kino kino kino kino kino kino kino kino kino kino kino kino kino kino kino kino kino kino kino kino kino kino kino kino kino kino kino kino kino kino kino kino kino kino kino kino kino kino kino kino kino kino kino kino kino kino kino kino kino kino kino kino kino kino kino kino kino kino kino kino kino kino kino kino kino kino kino kino kino kino kino kino kino kino kino kino kino kino kino kino kino kino kino kino kino kino kino kino kino kino kino kino kino kino kino kino kino kino kino kino kino kino kino kino kino kino kino kino kino kino kino kino kino kino kino kino kino kino kino kino kino kino kino kino kino kino kino kino kino kino kino kino kino kino kino kino kino kino kino kino kino kino kino kino kino kino kino kino kino kino kino kino kino kino kino kino kino kino kino kino kino kino kino kino kino kino kino kino kino kino kino kino kino kino kino kino kino kino kino kino kino kino kino kino kino kino kino kino kino kino kino kino kino kino kino kino kino kino kino kino kino kino kino kino kino kino kino kino kino kino kino kino kino kino kino kino kino kino kino kino kino kino kino kino kino kino kino kino kino kino kino kino kino kino kino kino kino kino kino kino kino kino kino kino kino kino kino kino kino kino kino kino kino kino kino kino kino kino kino kino kino kino kino kino kino kino kino kino kino kino kino kino kino kino kino kino kino kino kino kino kino kino kino kino kino kino kino kino kino kino kino kino kino kino kino kino kino kino kino kino kino kino kino kino kino kino kino kino kino kino kino kino kino kino kino kino kino kino kino kino kino kino kino kino kino kino kino kino kino kino kino kino kino kino kino kino kino kino kino kino kino kino kino kino kino kino kino kino kino kino kino kino kino kino kino kino kino kino kino kino kino kino kino kino kino kino kino kino kino kino kino kino kino kino kino kino kino kino kino kino kino kino kino kino kino kino kino kino kino kino kino kino kino kino kino kino kino kino kino kino kino kino kino kino kino kino kino kino kino kino kino kino kino kino kino kino kino kino kino kino kino kino kino kino kino kino kino kino kino kino kino kino kino kino kino kino kino kino kino kino kino kino kino kino kino kino kino kino kino kino kino kino kino kino kino kino kino kino kino kino kino kino kino kino kino kino kino kino kino kino kino kino kino kino kino kino kino kino kino kino kino kino kino kino kino kino kino kino kino kino kino kino kino kino kino kino kino kino kino kino kino kino kino kino kino kino kino kino kino kino kino kino kino kino kino kino kino kino kino kino kino kino kino kino kino kino kino kino kino kino kino kino kino kino kino kino kino kino kino kino kino kino kino kino kino kino kino kino kino kino kino kino kino kino kino kino kino kino kino kino kino kino kino kino kino kino kino kino kino kino kino kino kino kino kino kino kino kino kino kino kino kino kino kino kino kino kino kino kino kino kino kino kino kino kino kino kino kino kino kino kino kino kino kino kino kino kino kino kino kino kino kino kino kino kino kino kino kino kino kino kino kino kino kino kino kino kino kino kino kino kino kino kino kino kino kino kino kino kino kino kino kino kino kino kino kino kino kino kino kino kino kino kino kino kino kino kino kino kino kino kino kino kino kino kino kino kino kino kino kino kino kino kino kino kino kino kino kino kino kino kino kino kino kino kino kino kino kino kino kino kino kino kino kino kino kino kino kino kino kino kino kino kino kino kino kino kino kino kino kino kino kino kino kino kino kino kino kino kino kino kino kino kino kino kino kino kino kino kino kino kino kino kino kino kino kino kino kino kino kino kino kino kino kino kino kino kino kino kino kino kino kino kino kino kino kino kino kino kino kino kino kino kino kino kino kino kino kino kino kino kino kino kino kino kino kino kino kino kino kino kino kino kino kino kino kino kino kino kino kino kino kino kino kino kino kino kino kino kino kino kino kino kino kino kino kino kino kino kino kino kino kino kino kino kino kino kino kino kino kino kino kino kino kino kino kino kino kino kino kino kino kino kino kino kino kino kino kino kino kino kino kino kino kino kino kino kino kino kino kino kino kino kino kino kino kino kino kino kino kino kino kino kino kino kino kino kino kino kino kino kino kino kino kino kino kino kino kino kino kino kino kino kino kino kino kino kino kino kino kino kino kino kino kino kino kino kino kino kino kino kino kino kino kino kino kino kino kino kino kino kino kino kino kino kino kino kino kino kino kino kino kino kino kino kino kino kino kino kino kino kino kino kino kino kino kino kino kino kino kino kino kino kino kino kino kino kino kino kino kino kino kino kino kino kino kino kino kino kino kino kino kino kino kino kino kino kino kino kino kino kino kino kino kino kino kino kino kino kino kino kino kino kino kino kino kino kino kino kino kino kino kino kino kino kino kino kino kino kino kino kino kino kino kino kino kino kino kino kino kino kino kino kino kino kino kino kino kino kino kino kino kino kino kino kino kino kino kino kino kino kino kino kino kino kino kino kino kino kino kino kino kino kino kino kino kino kino kino kino kino kino kino kino kino kino kino kino kino kino kino kino kino kino kino kino kino kino kino kino kino kino kino kino kino kino kino kino kino kino kino kino kino kino kino kino kino kino kino kino kino kino kino kino kino kino kino kino kino kino kino kino kino kino kino kino kino kino kino kino kino kino kino kino kino kino kino kino kino kino kino kino kino kino kino kino kino kino kino kino kino kino kino kino kino kino kino kino kino kino kino kino kino kino kino kino kino kino kino kino kino kino kino kino kino kino kino kino kino kino kino kino kino kino kino kino kino kino kino kino kino kino kino kino kino kino kino kino kino kino kino kino kino kino kino kino kino kino kino kino kino kino kino kino kino kino kino kino kino kino kino kino kino kino kino kino kino kino kino kino kino kino kino kino kino kino kino kino kino kino kino kino kino kino kino kino kino kino kino kino kino kino kino kino kino kino kino kino kino kino kino kino kino kino kino kino kino kino kino kino kino kino kino kino kino kino kino kino kino kino kino kino kino kino kino kino kino kino kino kino kino kino kino kino kino kino kino kino kino kino kino kino kino kino kino kino kino kino kino kino kino kino kino kino kino kino kino kino kino kino kino kino kino kino kino kino kino kino kino kino kino kino kino kino kino kino kino kino kino kino kino kino kino kino kino kino kino kino kino kino kino kino kino kino kino kino kino kino kino kino kino kino kino kino kino kino kino kino kino kino kino kino kino kino kino kino kino kino kino kino kino kino kino kino kino kino kino kino kino kino kino kino kino kino kino kino kino kino kino kino kino kino kino kino kino kino kino kino kino kino kino kino kino kino kino kino kino kino kino kino kino kino kino kino kino kino kino kino kino kino kino kino kino kino kino kino kino kino kino kino kino kino kino kino kino kino kino kino kino kino kino kino kino kino kino kino kino kino kino kino kino kino kino kino kino kino kino kino kino kino kino kino kino kino kino kino kino kino kino kino kino kino kino kino kino kino kino kino kino kino kino kino kino kino kino kino kino kino kino kino kino kino kino kino kino kino kino kino kino kino kino kino kino kino kino kino kino kino kino kino kino kino kino kino kino kino kino kino kino kino kino kino kino kino kino kino kino kino kino kino kino kino kino kino kino kino kino kino kino kino kino kino kino kino kino kino kino kino kino kino kino kino kino kino kino kino kino kino kino kino kino kino kino kino kino kino kino kino kino kino kino kino kino kino kino kino kino kino kino kino kino kino kino kino kino kino kino kino kino kino kino kino kino kino kino kino kino kino kino kino kino kino kino kino kino kino kino kino kino kino kino kino kino kino kino kino kino kino kino kino kino kino kino kino kino kino kino kino kino kino kino kino kino kino kino kino kino kino kino kino kino kino kino kino kino kino kino kino kino kino kino kino kino kino kino kino kino kino kino kino kino kino kino kino kino kino kino kino kino",True
C,"**Valemba:**  
**C. Ng’okozesa akatimba aka U, akapiira ke katemera, weetegereze obuwanvu bwe katuuka waggulu okumala akabanga.**  

**Ekkwata:**  
Ekibuuzo kino ekyokka ku **okusinziira obusobozi oba obusobozi gw’okwawula obusobozi** mu kikola (physics). Akatimba aka U (U-tube) ekikozesebwa mu **okutegeera obusobozi oba obusobozi gw’okwawula obusobozi** mu kikola. Mu kikola, akatimba aka U ekikozesebwa mu **okutegeera obusobozi oba obusobozi gw’okwawula obusobozi** mu kikola. Mu kikola, akatimba aka U ekikozesebwa mu **okutegeera obusobozi oba obusobozi gw’okwawula obusobozi** mu kikola.  

**Kikola:**  
- **Akatimba aka U** ekikozesebwa mu **okutegeera obusobozi oba obusobozi gw’okwawula obusobozi** mu kikola.  
- **Obuwanvu bwe katuuka waggulu** ekikozesebwa mu **okutegeera obusobozi oba obusobozi gw’okwawula obusobozi** mu kikola.  
- **Akabanga** ekikozesebwa mu **okutegeera obusobozi oba obusobozi gw’okwawula obusobozi** mu kikola.  

**Kikola:**  
- **Akatimba aka U** ekikozesebwa mu **okutegeera obusobozi oba obusobozi gw’okwawula obusobozi** mu kikola.  
- **Obuwanvu bwe katuuka waggulu** ekikozesebwa mu **okutegeera obusobozi oba obusobozi gw’okwawula obusobozi** mu kikola.  
- **Akabanga** ekikozesebwa mu **okutegeera obusobozi oba obusobozi gw’okwawula obusobozi** mu kikola.  

**Kikola:**  
- **Akatimba aka U** ekikozesebwa mu **okutegeera obusobozi oba obusobozi gw’okwawula obusobozi** mu kikola.  
- **Obuwanvu bwe katuuka waggulu** ekikozesebwa mu **okutegeera obusobozi oba obusobozi gw’okwawula obusobozi** mu kikola.  
- **Akabanga** ekikozesebwa mu **okutegeera obusobozi oba obusobozi gw’okwawula obusobozi** mu kikola.  

**Kikola:**  
- **Akatimba aka U** ekikozesebwa mu **okutegeera obusobozi oba obusobozi gw’okwawula obusobozi** mu kikola.  
- **Obuwanvu bwe katuuka waggulu** ekikozesebwa mu **okutegeera obusobozi oba obusobozi gw’okwawula obusobozi** mu kikola.  
- **Akabanga** ekikozesebwa mu **okutegeera obusobozi oba obusobozi gw’okwawula obusobozi** mu kikola.  

**Kikola:**  
- **Akatimba aka U** ekikozesebwa mu **okutegeera obusobozi oba obusobozi gw’okwawula obusobozi** mu kikola.  
- **Obuwanvu bwe katuuka waggulu** ekikozesebwa mu **okutegeera obusobozi oba obusobozi gw’okwawula obusobozi** mu kikola.  
- **Akabanga** ekikozesebwa mu **okutegeera obusobozi oba obusobozi gw’okwawula obusobozi** mu kikola.  

**Kikola:**  
- **Akatimba aka U** ekikozesebwa mu **okutegeera obusobozi oba obusobozi gw’okwawula obusobozi** mu kikola.  
- **Obuwanvu bwe katuuka waggulu** ekikozesebwa mu **okutegeera obusobozi oba obusobozi gw’okwawula obusobozi** mu kikola.  
- **Akabanga** ekikozesebwa mu **okutegeera obusobozi oba obusobozi gw’okwawula obusobozi** mu kikola.  

**Kikola:**  
- **Akatimba aka U** ekikozesebwa mu **okutegeera obusobozi oba obusobozi gw’okwawula obusobozi** mu kikola.  
- **Obuwanvu bwe katuuka waggulu** ekikozesebwa mu **okutegeera obusobozi oba obusobozi gw’okwawula obusobozi** mu kikola.  
- **Akabanga** ekikozesebwa mu **okutegeera obusobozi oba obusobozi gw’okwawula obusobozi** mu kikola.  

**Kikola:**  
- **Akatimba aka U** ekikozesebwa mu **okutegeera obusobozi oba obusobozi gw’okwawula obusobozi** mu kikola.  
- **Obuwanvu bwe katuuka waggulu** ekikozesebwa mu **okutegeera obusobozi oba obusobozi gw’okwawula obusobozi** mu kikola.  
- **Akabanga** ekikozesebwa mu **okutegeera obusobozi oba obusobozi gw’okwawula obusobozi** mu kikola.  

**Kikola:**  
- **Akatimba aka U** ekikozesebwa mu **okutegeera obusobozi oba obusobozi gw’okwawula obusobozi** mu kikola.  
- **Obuwanvu bwe katuuka waggulu** ekikozesebwa mu **okutegeera obusobozi oba obusobozi gw’okwawula obusobozi** mu kikola.  
- **Akabanga** ekikozesebwa mu **okutegeera obusobozi oba obusobozi gw’okwawula obusobozi** mu kikola.  

**Kikola:**  
- **Akatimba aka U** ekikozesebwa mu **okutegeera obusobozi oba obusobozi gw’okwawula obusobozi** mu kikola.  
- **Obuwanvu bwe katuuka waggulu** ekikozesebwa mu **okutegeera obusobozi oba obusobozi gw’okwawula obusobozi** mu kikola.  
- **Akabanga** ekikozesebwa mu **okutegeera obusobozi oba obusobozi gw’okwawula obusobozi** mu kikola.  

**Kikola:**  
- **Akatimba aka U** ekikozesebwa mu **okutegeera obusobozi oba obusobozi gw’okwawula obusobozi** mu kikola.  
- **Obuwanvu bwe katuuka waggulu** ekikozesebwa mu **okutegeera obusobozi oba obusobozi gw’okwawula obusobozi** mu kikola.  
- **Akabanga** ekikozesebwa mu **okutegeera obusobozi oba obusobozi gw’okwawula obusobozi** mu kikola.  

**Kikola:**  
- **Akatimba aka U** ekikozesebwa mu **okutegeera obusobozi oba obusobozi gw’okwawula obusobozi** mu kikola.  
- **Obuwanvu bwe katuuka waggulu** ekikozesebwa mu **okutegeera obusobozi oba obusobozi gw’okwawula obusobozi** mu kikola.  
- **Akabanga** ekikozesebwa mu **okutegeera obusobozi oba obusobozi gw’okwawula obusobozi** mu kikola.  

**Kikola:**  
- **Akatimba aka U** ekikozesebwa mu **okutegeera obusobozi oba obusobozi gw’okwawula obusobozi** mu kikola.  
- **Obuwanvu bwe katuuka waggulu** ekikozesebwa mu **okutegeera obusobozi oba obusobozi gw’okwawula obusobozi** mu kikola.  
- **Akabanga** ekikozesebwa mu **okutegeera obusobozi oba obusobozi gw’okwawula obusobozi** mu kikola.  

**Kikola:**  
- **Akatimba aka U** ekikozesebwa mu **okutegeera obusobozi oba obusobozi gw’okwawula obusobozi** mu kikola.  
- **Obuwanvu bwe katuuka waggulu** ekikozesebwa mu **okutegeera obusobozi oba obusobozi gw’okwawula obusobozi** mu kikola.  
- **Akabanga** ekikozesebwa mu **okutegeera obusobozi oba obusobozi gw’okwawula obusobozi** mu kikola.  

**Kikola:**  
- **Akatimba aka U** ekikozesebwa mu **okutegeera obusobozi oba obusobozi gw’okwawula obusobozi** mu kikola.  
- **Obuwanvu bwe katuuka waggulu** ekikozesebwa mu **okutegeera obusobozi oba obusobozi gw’okwawula obusobozi** mu kikola.  
- **Akabanga** ekikozesebwa mu **okutegeera obusobozi oba obusobozi gw’okwawula obusobozi** mu kikola.  

**Kikola:**  
- **Akatimba aka U** ekikozesebwa mu **okutegeera obusobozi oba obusobozi gw’okwawula obusobozi** mu kikola.  
- **Obuwanvu bwe katuuka waggulu** ekikozesebwa mu **okutegeera obusobozi oba obusobozi gw’okwawula obusobozi** mu kikola.  
- **Akabanga** ekikozesebwa mu **okutegeera obusobozi oba obusobozi gw’okwawula obusobozi** mu kikola.  

**Kikola:**  
- **Akatimba aka U** ekikozesebwa mu **okutegeera obusobozi oba obusobozi gw’okwawula obusobozi** mu kikola.  
- **Obuwanvu bwe katuuka waggulu** ekikozesebwa mu **okutegeera obusobozi oba obusobozi gw’okwawula obusobozi** mu kikola.  
- **Akabanga** ekikozesebwa mu **okutegeera obusobozi oba obusobozi gw’okwawula obusobozi** mu kikola.  

**Kikola:**  
- **Akatimba aka U** ekikozesebwa mu **okutegeera obusobozi oba obusobozi gw’okwawula obusobozi** mu kikola.  
- **Obuwanvu bwe katuuka waggulu** ekikozesebwa mu **okutegeera obusobozi oba obusobozi gw’okwawula obusobozi** mu kikola.  
- **Akabanga** ekikozesebwa mu **okutegeera obusobozi oba obusobozi gw’okwawula obusobozi** mu kikola.  

**Kikola:**  
- **Akatimba aka U** ekikozesebwa mu **okutegeera obusobozi oba obusobozi gw’okwawula obusobozi** mu kikola.  
- **Obuwanvu bwe katuuka waggulu** ekikozesebwa mu **okutegeera obusobozi oba obusobozi gw’okwawula obusobozi** mu kikola.  
- **Akabanga** ekikozesebwa mu **okutegeera obusobozi oba obusobozi gw’okwawula obusobozi** mu kikola.  

**Kikola:**  
- **Akatimba aka U** ekikozesebwa mu **okutegeera obusobozi oba obusobozi gw’okwawula obusobozi** mu kikola.  
- **Obuwanvu bwe katuuka waggulu** ekikozesebwa mu **okutegeera obusobozi oba obusobozi gw’okwawula obusobozi** mu kikola.  
- **Akabanga** ekikozesebwa mu **okutegeera obusobozi oba obusobozi gw’okwawula obusobozi** mu kikola.  

**Kikola:**  
- **Akatimba aka U** ekikozesebwa mu **okutegeera obusobozi oba obusobozi gw’okwawula obusobozi** mu kikola.  
- **Obuwanvu bwe katuuka waggulu** ekikozesebwa mu **okutegeera obusobozi oba obusobozi gw’okwawula obusobozi** mu kikola.  
- **Akabanga** ekikozesebwa mu **okutegeera obusobozi oba obusobozi gw’okwawula",True
C,"**Answer:**  
**B. Nga bali mu bubiri bubiri, baawula omugatte nga bakozesa obukodyo bwe balaba nga butuufu, era balambulula okutuuka ku kigero ki obusobozi bwabwe okukola ekyo bwe bwali.**

**Explanation:**  
The question involves applying **Hooke's Law**, which requires measuring the extension of a spring under varying masses to establish a proportional relationship between force and extension. The correct scientific method involves:  
1. **Varying the independent variable (mass)** to observe changes in the dependent variable (extension).  
2. **Repeating measurements** for each mass to ensure consistency and reduce errors.  
3. **Calculating averages** to improve accuracy.  

**Option B** aligns with this process by:  
- Using different masses (bubiri bubiri).  
- Measuring the extension for each mass (balaba nga butuufu).  
- Repeating the experiment to confirm results (balambulula okutuuka ku kigero).  

**Why other options are incorrect:**  
- **A** repeats the same mass, which doesn’t test the relationship between varying forces and extensions.  
- **C** and **D** use a single mass and lack repetition, making the results unreliable for verifying Hooke’s Law.  

Thus, **Option B** is the scientifically valid approach.",True
B,"**D. Abayizi baweebwa ebipimo by'amasannyalaze ebitali bifaanagana ne bakakasa, nga bayisaawo omugatte gw'amasannyalaze agasaliddwa ku buli kimu, oba ng'ekipimo ky'amasannyalaze ekyatuukirizibwa omukolezi kituufu.**

**Explanation:**  
Ohm's Law (V = IR) states that resistance (R) is calculated by dividing voltage (V) by current (I). The correct experimental method involves measuring both voltage and current across a resistor and using the formula to determine resistance. Option D directly aligns with this process, as it describes using measured values of current and voltage to compute resistance via the formula. While other options mention measuring current or voltage, they lack the explicit connection to applying the formula (R = V/I), which is central to Ohm's Law. Thus, **D** is the most accurate answer.",True
D,"**Jibu:**  
**D. Mu biseera by’okuzannya obwereere mu luggya, Soledad akuba ensigo mu ngalo ze nagamba: “Nneneenya.”**

**Tabyeyi:**  
Kino kino, **ekigendererwa ky’ekibiina** (literary device) ekituufu kino **okusinziira ku kisolo eky’okugambo** (direct dialogue). Kino kino, Soledad akusinziira **okusinziira ku kisolo eky’okugambo** (""Nneneenya"") oba **okusinziira ku kisolo eky’okugambo eky’okwata ku mpeera** (ekigendererwa ky’okugambo eky’okwata ku mpeera). Kino kino, **okusinziira ku kisolo eky’okugambo** ekituufu kino **okusinziira ku kisolo eky’okugambo eky’okwata ku mpeera** (ekigendererwa ky’okugambo eky’okwata ku mpeera) oba **okusinziira ku kisolo eky’okugambo eky’okwata ku mpeera** (ekigendererwa ky’okugambo eky’okwata ku mpeera). Kino kino, **okusinziira ku kisolo eky’okugambo** ekituufu kino **okusinziira ku kisolo eky’okugambo eky’okwata ku mpeera** (ekigendererwa ky’okugambo eky’okwata ku mpeera) oba **okusinziira ku kisolo eky’okugambo eky’okwata ku mpeera** (ekigendererwa ky’okugambo eky’okwata ku mpeera). Kino kino, **okusinziira ku kisolo eky’okugambo** ekituufu kino **okusinziira ku kisolo eky’okugambo eky’okwata ku mpeera** (ekigendererwa ky’okugambo eky’okwata ku mpeera) oba **okusinziira ku kisolo eky’okugambo eky’okwata ku mpeera** (ekigendererwa ky’okugambo eky’okwata ku mpeera). Kino kino, **okusinziira ku kisolo eky’okugambo** ekituufu kino **okusinziira ku kisolo eky’okugambo eky’okwata ku mpeera** (ekigendererwa ky’okugambo eky’okwata ku mpeera) oba **okusinziira ku kisolo eky’okugambo eky’okwata ku mpeera** (ekigendererwa ky’okugambo eky’okwata ku mpeera). Kino kino, **okusinziira ku kisolo eky’okugambo** ekituufu kino **okusinziira ku kisolo eky’okugambo eky’okwata ku mpeera** (ekigendererwa ky’okugambo eky’okwata ku mpeera) oba **okusinziira ku kisolo eky’okugambo eky’okwata ku mpeera** (ekigendererwa ky’okugambo eky’okwata ku mpeera). Kino kino, **okusinziira ku kisolo eky’okugambo** ekituufu kino **okusinziira ku kisolo eky’okugambo eky’okwata ku mpeera** (ekigendererwa ky’okugambo eky’okwata ku mpeera) oba **okusinziira ku kisolo eky’okugambo eky’okwata ku mpeera** (ekigendererwa ky’okugambo eky’okwata ku mpeera). Kino kino, **okusinziira ku kisolo eky’okugambo** ekituufu kino **okusinziira ku kisolo eky’okugambo eky’okwata ku mpeera** (ekigendererwa ky’okugambo eky’okwata ku mpeera) oba **okusinziira ku kisolo eky’okugambo eky’okwata ku mpeera** (ekigendererwa ky’okugambo eky’okwata ku mpeera). Kino kino, **okusinziira ku kisolo eky’okugambo** ekituufu kino **okusinziira ku kisolo eky’okugambo eky’okwata ku mpeera** (ekigendererwa ky’okugambo eky’okwata ku mpeera) oba **okusinziira ku kisolo eky’okugambo eky’okwata ku mpeera** (ekigendererwa ky’okugambo eky’okwata ku mpeera). Kino kino, **okusinziira ku kisolo eky’okugambo** ekituufu kino **okusinziira ku kisolo eky’okugambo eky’okwata ku mpeera** (ekigendererwa ky’okugambo eky’okwata ku mpeera) oba **okusinziira ku kisolo eky’okugambo eky’okwata ku mpeera** (ekigendererwa ky’okugambo eky’okwata ku mpeera). Kino kino, **okusinziira ku kisolo eky’okugambo** ekituufu kino **okusinziira ku kisolo eky’okugambo eky’okwata ku mpeera** (ekigendererwa ky’okugambo eky’okwata ku mpeera) oba **okusinziira ku kisolo eky’okugambo eky’okwata ku mpeera** (ekigendererwa ky’okugambo eky’okwata ku mpeera). Kino kino, **okusinziira ku kisolo eky’okugambo** ekituufu kino **okusinziira ku kisolo eky’okugambo eky’okwata ku mpeera** (ekigendererwa ky’okugambo eky’okwata ku mpeera) oba **okusinziira ku kisolo eky’okugambo eky’okwata ku mpeera** (ekigendererwa ky’okugambo eky’okwata ku mpeera). Kino kino, **okusinziira ku kisolo eky’okugambo** ekituufu kino **okusinziira ku kisolo eky’okugambo eky’okwata ku mpeera** (ekigendererwa ky’okugambo eky’okwata ku mpeera) oba **okusinziira ku kisolo eky’okugambo eky’okwata ku mpeera** (ekigendererwa ky’okugambo eky’okwata ku mpeera). Kino kino, **okusinziira ku kisolo eky’okugambo** ekituufu kino **okusinziira ku kisolo eky’okugambo eky’okwata ku mpeera** (ekigendererwa ky’okugambo eky’okwata ku mpeera) oba **okusinziira ku kisolo eky’okugambo eky’okwata ku mpeera** (ekigendererwa ky’okugambo eky’okwata ku mpeera). Kino kino, **okusinziira ku kisolo eky’okugambo** ekituufu kino **okusinziira ku kisolo eky’okugambo eky’okwata ku mpeera** (ekigendererwa ky’okugambo eky’okwata ku mpeera) oba **okusinziira ku kisolo eky’okugambo eky’okwata ku mpeera** (ekigendererwa ky’okugambo eky’okwata ku mpeera). Kino kino, **okusinziira ku kisolo eky’okugambo** ekituufu kino **okusinziira ku kisolo eky’okugambo eky’okwata ku mpeera** (ekigendererwa ky’okugambo eky’okwata ku mpeera) oba **okusinziira ku kisolo eky’okugambo eky’okwata ku mpeera** (ekigendererwa ky’okugambo eky’okwata ku mpeera). Kino kino, **okusinziira ku kisolo eky’okugambo** ekituufu kino **okusinziira ku kisolo eky’okugambo eky’okwata ku mpeera** (ekigendererwa ky’okugambo eky’okwata ku mpeera) oba **okusinziira ku kisolo eky’okugambo eky’okwata ku mpeera** (ekigendererwa ky’okugambo eky’okwata ku mpeera). Kino kino, **okusinziira ku kisolo eky’okugambo** ekituufu kino **okusinziira ku kisolo eky’okugambo eky’okwata ku mpeera** (ekigendererwa ky’okugambo eky’okwata ku mpeera) oba **okusinziira ku kisolo eky’okugambo eky’okwata ku mpeera** (ekigendererwa ky’okugambo eky’okwata ku mpeera). Kino kino, **okusinziira ku kisolo eky’okugambo** ekituufu kino **okusinziira ku kisolo eky’okugambo eky’okwata ku mpeera** (ekigendererwa ky’okugambo eky’okwata ku mpeera) oba **okusinziira ku kisolo eky’okugambo eky’okwata ku mpeera** (ekigendererwa ky’okugambo eky’okwata ku mpeera). Kino kino, **okusinziira ku kisolo eky’okugambo** ekituufu kino **okusinziira ku kisolo eky’okugambo eky’okwata ku mpeera** (ekigendererwa ky’okugambo eky’okwata ku mpeera) oba **okusinziira ku kisolo eky’okugambo eky’okwata ku mpeera** (ekigendererwa ky’okugambo eky’okwata ku mpeera). Kino kino, **okusinziira ku kisolo eky’okugambo** ekituufu kino **okusinziira ku kisolo eky’okugambo eky’okwata ku mpeera** (ekigendererwa ky’okugambo eky’okwata ku mpeera) oba **okusinziira ku kisolo eky’okugambo eky’okwata ku mpeera** (ekigendererwa ky’okugambo eky’okwata ku mpeera). Kino kino, **okusinziira ku kisolo eky’okugambo** ekituufu kino **okusinziira ku kisolo eky’okugambo eky’okwata ku mpeera** (ekigendererwa ky’okugambo eky’okwata ku mpeera) oba **okusinziira ku kisolo eky’okugambo eky’okwata ku mpeera** (ekigendererwa ky’okugambo eky’okwata ku mpeera). Kino kino, **okusinziira ku kisolo eky’okugambo** ekituufu kino **okusinziira ku kisolo eky’okugambo eky’okwata ku mpeera** (ekigendererwa ky’okugambo eky’okwata ku mpeera) oba **okusinziira ku kisolo eky’okugambo eky’okwata ku mpeera** (ekigendererwa ky’okugambo eky’okwata ku mpeera). Kino kino, **okusinziira ku kisolo eky’okugambo** ekituufu kino **okusinziira ku kisolo eky’okugambo eky’okwata ku mpeera** (ekigendererwa ky’okugambo eky’okwata ku mpeera) oba **okusinziira ku kisolo eky’okugambo eky’okwata ku mpeera** (ekigendererwa ky’okugambo eky’okwata ku mpeera). Kino kino, **okusinziira ku kisolo eky’okugambo** ekituufu kino **okusinziira ku kisolo eky’okugambo eky’okwata ku mpeera** (ekigendererwa ky’okugambo eky’okwata ku mpeera) oba **okusinziira ku kisolo eky’okugambo eky’okwata ku mpeera** (ekigendererwa ky’okugambo eky’okwata ku mpeera). Kino kino, **okusinziira ku kisolo eky’okugambo** ekituufu kino **okusinziira ku kisolo eky’okugambo eky’okwata ku mpeera** (ekigendererwa ky’okugambo eky’okwata ku mpeera) oba **okusinziira ku kisolo eky’okugambo eky’okwata ku mpeera** (ekigendererwa ky’okugambo eky’okwata ku mpeera). Kino kino, **okusinziira ku kisolo eky’okugambo** ekituufu kino **okusinzi",True
C,"**Ekibuuzo kye kisooka:**  
Ekibuuzo kino ekituufu ng'okugoberera enkola y'emu: *""Mu kusomesa essomo lya Fizikisi, endowooza enkyamu ezimenyeddwa ezimanyiddwa ziriwo, abayizi ze balina era nga zikosa okuyiga kw'endowooza empya n'emiramwa gya ssayansi egikwatagana n'omutwe 'Obwoki n'Obuteme'.""*  
Kino ekituufu ng'okugoberera enkola y'okukozesa **ebintu ebiri mu mugatte** (Obwoki n'Obuteme) okusinziira ku **endowooza enkyamu** (shadows).  

---

### **Ku kisooka ku B:**
**""Obunnyogovu bwe businga ebbugumu oba okubulako kwalyo.""**  
- **Obunnyogovu** (sunrise/sunset) ekyakuyambye okutegeera **endowooza enkyamu** (shadows) **ng’okubulako** (when the sun is low on the horizon).  
- Mu kiseera kino, **obwoki** (sun) oba obulungi, obwawo obulungi oba obulungi oba obulungi, obwawo obulungi oba obulungi oba obulungi, obwawo obulungi oba obulungi oba obulungi, obwawo obulungi oba obulungi oba obulungi, obwawo obulungi oba obulungi oba obulungi, obwawo obulungi oba obulungi oba obulungi, obwawo obulungi oba obulungi oba obulungi, obwawo obulungi oba obulungi oba obulungi, obwawo obulungi oba obulungi oba obulungi, obwawo obulungi oba obulungi oba obulungi, obwawo obulungi oba obulungi oba obulungi, obwawo obulungi oba obulungi oba obulungi, obwawo obulungi oba obulungi oba obulungi, obwawo obulungi oba obulungi oba obulungi, obwawo obulungi oba obulungi oba obulungi, obwawo obulungi oba obulungi oba obulungi, obwawo obulungi oba obulungi oba obulungi, obwawo obulungi oba obulungi oba obulungi, obwawo obulungi oba obulungi oba obulungi, obwawo obulungi oba obulungi oba obulungi, obwawo obulungi oba obulungi oba obulungi, obwawo obulungi oba obulungi oba obulungi, obwawo obulungi oba obulungi oba obulungi, obwawo obulungi oba obulungi oba obulungi, obwawo obulungi oba obulungi oba obulungi, obwawo obulungi oba obulungi oba obulungi, obwawo obulungi oba obulungi oba obulungi, obwawo obulungi oba obulungi oba obulungi, obwawo obulungi oba obulungi oba obulungi, obwawo obulungi oba obulungi oba obulungi, obwawo obulungi oba obulungi oba obulungi, obwawo obulungi oba obulungi oba obulungi, obwawo obulungi oba obulungi oba obulungi, obwawo obulungi oba obulungi oba obulungi, obwawo obulungi oba obulungi oba obulungi, obwawo obulungi oba obulungi oba obulungi, obwawo obulungi oba obulungi oba obulungi, obwawo obulungi oba obulungi oba obulungi, obwawo obulungi oba obulungi oba obulungi, obwawo obulungi oba obulungi oba obulungi, obwawo obulungi oba obulungi oba obulungi, obwawo obulungi oba obulungi oba obulungi, obwawo obulungi oba obulungi oba obulungi, obwawo obulungi oba obulungi oba obulungi, obwawo obulungi oba obulungi oba obulungi, obwawo obulungi oba obulungi oba obulungi, obwawo obulungi oba obulungi oba obulungi, obwawo obulungi oba obulungi oba obulungi, obwawo obulungi oba obulungi oba obulungi, obwawo obulungi oba obulungi oba obulungi, obwawo obulungi oba obulungi oba obulungi, obwawo obulungi oba obulungi oba obulungi, obwawo obulungi oba obulungi oba obulungi, obwawo obulungi oba obulungi oba obulungi, obwawo obulungi oba obulungi oba obulungi, obwawo obulungi oba obulungi oba obulungi, obwawo obulungi oba obulungi oba obulungi, obwawo obulungi oba obulungi oba obulungi, obwawo obulungi oba obulungi oba obulungi, obwawo obulungi oba obulungi oba obulungi, obwawo obulungi oba obulungi oba obulungi, obwawo obulungi oba obulungi oba obulungi, obwawo obulungi oba obulungi oba obulungi, obwawo obulungi oba obulungi oba obulungi, obwawo obulungi oba obulungi oba obulungi, obwawo obulungi oba obulungi oba obulungi, obwawo obulungi oba obulungi oba obulungi, obwawo obulungi oba obulungi oba obulungi, obwawo obulungi oba obulungi oba obulungi, obwawo obulungi oba obulungi oba obulungi, obwawo obulungi oba obulungi oba obulungi, obwawo obulungi oba obulungi oba obulungi, obwawo obulungi oba obulungi oba obulungi, obwawo obulungi oba obulungi oba obulungi, obwawo obulungi oba obulungi oba obulungi, obwawo obulungi oba obulungi oba obulungi, obwawo obulungi oba obulungi oba obulungi, obwawo obulungi oba obulungi oba obulungi, obwawo obulungi oba obulungi oba obulungi, obwawo obulungi oba obulungi oba obulungi, obwawo obulungi oba obulungi oba obulungi, obwawo obulungi oba obulungi oba obulungi, obwawo obulungi oba obulungi oba obulungi, obwawo obulungi oba obulungi oba obulungi, obwawo obulungi oba obulungi oba obulungi, obwawo obulungi oba obulungi oba obulungi, obwawo obulungi oba obulungi oba obulungi, obwawo obulungi oba obulungi oba obulungi, obwawo obulungi oba obulungi oba obulungi, obwawo obulungi oba obulungi oba obulungi, obwawo obulungi oba obulungi oba obulungi, obwawo obulungi oba obulungi oba obulungi, obwawo obulungi oba obulungi oba obulungi, obwawo obulungi oba obulungi oba obulungi, obwawo obulungi oba obulungi oba obulungi, obwawo obulungi oba obulungi oba obulungi, obwawo obulungi oba obulungi oba obulungi, obwawo obulungi oba obulungi oba obulungi, obwawo obulungi oba obulungi oba obulungi, obwawo obulungi oba obulungi oba obulungi, obwawo obulungi oba obulungi oba obulungi, obwawo obulungi oba obulungi oba obulungi, obwawo obulungi oba obulungi oba obulungi, obwawo obulungi oba obulungi oba obulungi, obwawo obulungi oba obulungi oba obulungi, obwawo obulungi oba obulungi oba obulungi, obwawo obulungi oba obulungi oba obulungi, obwawo obulungi oba obulungi oba obulungi, obwawo obulungi oba obulungi oba obulungi, obwawo obulungi oba obulungi oba obulungi, obwawo obulungi oba obulungi oba obulungi, obwawo obulungi oba obulungi oba obulungi, obwawo obulungi oba obulungi oba obulungi, obwawo obulungi oba obulungi oba obulungi, obwawo obulungi oba obulungi oba obulungi, obwawo obulungi oba obulungi oba obulungi, obwawo obulungi oba obulungi oba obulungi, obwawo obulungi oba obulungi oba obulungi, obwawo obulungi oba obulungi oba obulungi, obwawo obulungi oba obulungi oba obulungi, obwawo obulungi oba obulungi oba obulungi, obwawo obulungi oba obulungi oba obulungi, obwawo obulungi oba obulungi oba obulungi, obwawo obulungi oba obulungi oba obulungi, obwawo obulungi oba obulungi oba obulungi, obwawo obulungi oba obulungi oba obulungi, obwawo obulungi oba obulungi oba obulungi, obwawo obulungi oba obulungi oba obulungi, obwawo obulungi oba obulungi oba obulungi, obwawo obulungi oba obulungi oba obulungi, obwawo obulungi oba obulungi oba obulungi, obwawo obulungi oba obulungi oba obulungi, obwawo obulungi oba obulungi oba obulungi, obwawo obulungi oba obulungi oba obulungi, obwawo obulungi oba obulungi oba obulungi, obwawo obulungi oba obulungi oba obulungi, obwawo obulungi oba obulungi oba obulungi, obwawo obulungi oba obulungi oba obulungi, obwawo obulungi oba obulungi oba obulungi, obwawo obulungi oba obulungi oba obulungi, obwawo obulungi oba obulungi oba obulungi, obwawo obulungi oba obulungi oba obulungi, obwawo obulungi oba obulungi oba obulungi, obwawo obulungi oba obulungi oba obulungi, obwawo obulungi oba obulungi oba obulungi, obwawo obulungi oba obulungi oba obulungi, obwawo obulungi oba obulungi oba obulungi, obwawo obulungi oba obulungi oba obulungi, obwawo obulungi oba obulungi oba obulungi, obwawo obulungi oba obulungi oba obulungi, obwawo obulungi oba obulungi oba obulungi, obwawo obulungi oba obulungi oba obulungi, obwawo obulungi oba obulungi oba obulungi, obwawo obulungi oba obulungi oba obulungi, obwawo obulungi oba obulungi oba obulungi, obwawo obulungi oba obulungi oba obulungi, obwawo obulungi oba obulungi oba obulungi, obwawo obulungi oba obulungi oba obulungi, obwawo obulungi oba obulungi oba obulungi, obwawo obulungi oba obulungi oba obulungi, obwawo obulungi oba obulungi oba obulungi, obwawo obulungi oba obulungi oba obulungi, obwawo obulungi oba obulungi oba obulungi, obwawo obulungi oba obulungi oba obulungi, obwawo obulungi oba obulungi oba obulungi, obwawo obulungi oba obulungi oba obulungi, obwawo obulungi oba obulungi oba obulungi, obwawo obulungi oba obulungi oba obulungi, obwawo obulungi oba obulungi oba obulungi, obwawo obulungi oba obulungi oba obulungi, obwawo obulungi oba obulungi oba obulungi, obwawo obulungi oba obulungi oba obulungi, obwawo obulungi oba obulungi oba obulungi, obwawo obulungi oba obulungi oba obulungi, obwawo obulungi oba obulungi oba obulungi, obwawo obulungi oba obulungi oba obulungi, obwawo obulungi oba obulungi oba obulungi, obwawo obulungi oba obulungi oba obulungi, obwawo obulungi oba obulungi oba obulungi, obwawo obulungi oba obulungi oba obulungi, obwawo obulungi oba obulungi oba obulungi, obwawo obulungi oba obulungi oba obulungi",True
B,"**Jawabu kwa ekibuuzo mu ""Eddoboozi"":**  
**C. Okukyama n'okudda kw'ekirekyerekyo ky'amaloboozi**  

**Tabya:**  
Ku ""Eddoboozi,"" ekibuuzo kino ekituufu ku kirekyerekyo ky’ekitiro (tradition) n’ekitiro ky’okugatta (modernization). Ekituufu ku mato g’okukyama eby’obugabe oba obugende oba obugende oba obugende oba obugende oba obugende oba obugende oba obugende oba obugende oba obugende oba obugende oba obugende oba obugende oba obugende oba obugende oba obugende oba obugende oba obugende oba obugende oba obugende oba obugende oba obugende oba obugende oba obugende oba obugende oba obugende oba obugende oba obugende oba obugende oba obugende oba obugende oba obugende oba obugende oba obugende oba obugende oba obugende oba obugende oba obugende oba obugende oba obugende oba obugende oba obugende oba obugende oba obugende oba obugende oba obugende oba obugende oba obugende oba obugende oba obugende oba obugende oba obugende oba obugende oba obugende oba obugende oba obugende oba obugende oba obugende oba obugende oba obugende oba obugende oba obugende oba obugende oba obugende oba obugende oba obugende oba obugende oba obugende oba obugende oba obugende oba obugende oba obugende oba obugende oba obugende oba obugende oba obugende oba obugende oba obugende oba obugende oba obugende oba obugende oba obugende oba obugende oba obugende oba obugende oba obugende oba obugende oba obugende oba obugende oba obugende oba obugende oba obugende oba obugende oba obugende oba obugende oba obugende oba obugende oba obugende oba obugende oba obugende oba obugende oba obugende oba obugende oba obugende oba obugende oba obugende oba obugende oba obugende oba obugende oba obugende oba obugende oba obugende oba obugende oba obugende oba obugende oba obugende oba obugende oba obugende oba obugende oba obugende oba obugende oba obugende oba obugende oba obugende oba obugende oba obugende oba obugende oba obugende oba obugende oba obugende oba obugende oba obugende oba obugende oba obugende oba obugende oba obugende oba obugende oba obugende oba obugende oba obugende oba obugende oba obugende oba obugende oba obugende oba obugende oba obugende oba obugende oba obugende oba obugende oba obugende oba obugende oba obugende oba obugende oba obugende oba obugende oba obugende oba obugende oba obugende oba obugende oba obugende oba obugende oba obugende oba obugende oba obugende oba obugende oba obugende oba obugende oba obugende oba obugende oba obugende oba obugende oba obugende oba obugende oba obugende oba obugende oba obugende oba obugende oba obugende oba obugende oba obugende oba obugende oba obugende oba obugende oba obugende oba obugende oba obugende oba obugende oba obugende oba obugende oba obugende oba obugende oba obugende oba obugende oba obugende oba obugende oba obugende oba obugende oba obugende oba obugende oba obugende oba obugende oba obugende oba obugende oba obugende oba obugende oba obugende oba obugende oba obugende oba obugende oba obugende oba obugende oba obugende oba obugende oba obugende oba obugende oba obugende oba obugende oba obugende oba obugende oba obugende oba obugende oba obugende oba obugende oba obugende oba obugende oba obugende oba obugende oba obugende oba obugende oba obugende oba obugende oba obugende oba obugende oba obugende oba obugende oba obugende oba obugende oba obugende oba obugende oba obugende oba obugende oba obugende oba obugende oba obugende oba obugende oba obugende oba obugende oba obugende oba obugende oba obugende oba obugende oba obugende oba obugende oba obugende oba obugende oba obugende oba obugende oba obugende oba obugende oba obugende oba obugende oba obugende oba obugende oba obugende oba obugende oba obugende oba obugende oba obugende oba obugende oba obugende oba obugende oba obugende oba obugende oba obugende oba obugende oba obugende oba obugende oba obugende oba obugende oba obugende oba obugende oba obugende oba obugende oba obugende oba obugende oba obugende oba obugende oba obugende oba obugende oba obugende oba obugende oba obugende oba obugende oba obugende oba obugende oba obugende oba obugende oba obugende oba obugende oba obugende oba obugende oba obugende oba obugende oba obugende oba obugende oba obugende oba obugende oba obugende oba obugende oba obugende oba obugende oba obugende oba obugende oba obugende oba obugende oba obugende oba obugende oba obugende oba obugende oba obugende oba obugende oba obugende oba obugende oba obugende oba obugende oba obugende oba obugende oba obugende oba obugende oba obugende oba obugende oba obugende oba obugende oba obugende oba obugende oba obugende oba obugende oba obugende oba obugende oba obugende oba obugende oba obugende oba obugende oba obugende oba obugende oba obugende oba obugende oba obugende oba obugende oba obugende oba obugende oba obugende oba obugende oba obugende oba obugende oba obugende oba obugende oba obugende oba obugende oba obugende oba obugende oba obugende oba obugende oba obugende oba obugende oba obugende oba obugende oba obugende oba obugende oba obugende oba obugende oba obugende oba obugende oba obugende oba obugende oba obugende oba obugende oba obugende oba obugende oba obugende oba obugende oba obugende oba obugende oba obugende oba obugende oba obugende oba obugende oba obugende oba obugende oba obugende oba obugende oba obugende oba obugende oba obugende oba obugende oba obugende oba obugende oba obugende oba obugende oba obugende oba obugende oba obugende oba obugende oba obugende oba obugende oba obugende oba obugende oba obugende oba obugende oba obugende oba obugende oba obugende oba obugende oba obugende oba obugende oba obugende oba obugende oba obugende oba obugende oba obugende oba obugende oba obugende oba obugende oba obugende oba obugende oba obugende oba obugende oba obugende oba obugende oba obugende oba obugende oba obugende oba obugende oba obugende oba obugende oba obugende oba obugende oba obugende oba obugende oba obugende oba obugende oba obugende oba obugende oba obugende oba obugende oba obugende oba obugende oba obugende oba obugende oba obugende oba obugende oba obugende oba obugende oba obugende oba obugende oba obugende oba obugende oba obugende oba obugende oba obugende oba obugende oba obugende oba obugende oba obugende oba obugende oba obugende oba obugende oba obugende oba obugende oba obugende oba obugende oba obugende oba obugende oba obugende oba obugende oba obugende oba obugende oba obugende oba obugende oba obugende oba obugende oba obugende oba obugende oba obugende oba obugende oba obugende oba obugende oba obugende oba obugende oba obugende oba obugende oba obugende oba obugende oba obugende oba obugende oba obugende oba obugende oba obugende oba obugende oba obugende oba obugende oba obugende oba obugende oba obugende oba obugende oba obugende oba obugende oba obugende oba obugende oba obugende oba obugende oba obugende oba obugende oba obugende oba obugende oba obugende oba obugende oba obugende oba obugende oba obugende oba obugende oba obugende oba obugende oba obugende oba obugende oba obugende oba obugende oba obugende oba obugende oba obugende oba obugende oba obugende oba obugende oba obugende oba obugende oba obugende oba obugende oba obugende oba obugende oba obugende oba obugende oba obugende oba obugende oba obugende oba obugende oba obugende oba obugende oba obugende oba obugende oba obugende oba obugende oba obugende oba obugende oba obugende oba obugende oba obugende oba obugende oba obugende oba obugende oba obugende oba obugende oba obugende oba obugende oba obugende oba obugende oba obugende oba obugende oba obugende oba obugende oba obugende oba obugende oba obugende oba obugende oba obugende oba obugende oba obugende oba obugende oba obugende oba obugende oba obugende oba obugende oba obugende oba obugende oba obugende oba obugende oba obugende oba obugende oba obugende oba obugende oba obugende oba obugende oba obugende oba obugende oba obugende oba obugende oba obugende oba obugende oba obugende oba obugende oba obugende oba obugende oba obugende oba obugende oba obugende oba obugende oba obugende oba obugende oba obugende oba obugende oba obugende oba obugende oba obugende oba obugende oba obugende oba obugende oba obugende oba obugende oba obugende oba obugende oba obugende oba obugende oba obugende oba obugende oba obugende oba obugende oba obugende oba obugende oba obugende oba obugende oba obugende oba obugende oba obugende oba obugende oba obugende oba obugende oba obugende oba obugende oba ob",True
C,"**Jibu:** D. Bannyonnyola nti ebintu ebiyisa amasannyalaze birina obuzibu obw’amasannyalaze era nti businziira ku buzibu bwabyo obw’okuyisa amasannyalaze, obuwanvu bwabyo, obugazi bwabyo, n’ob溫度 bwabyo.

---

**Eby’okukozesa:**

1. **Okulabirako eby’okulondamu (n’ebyanulo):**  
   Ekigendererwa kino ekyokwawula obumanyirivu (specific heat capacity) oba obuzibu obw’amasannyalaze (heat capacity) mu bintu. Bumanyirivu ekyokozesa amasannyalaze (heat) ekikwata ku kintu (mass) n’ekikwata ku kikuta ky’ob溫度 (temperature change). 

2. **Kiruubirirwa kino:**  
   ""Okuwa obunnyonnyofu ku bintu ebikwata ku masannyalaze agabeera mu kintu, gamba ng'engeri ebintu gye bikwatibwa amasannyalaze n'engeri amasannyalaze gye gafulumizibwa.""  
   Ekyo ekyokwawula obumanyirivu mu bintu, oba obuzibu obw’amasannyalaze oba obuzibu obw’okuyisa amasannyalaze (heat content) mu bintu. 

3. **Kiruwa ekikwatagana n’okukebera ekiruubirirwa:**  
   - **Option D** ekyokwawula obumanyirivu mu bintu ku kintu (mass), obuwanvu (temperature), obugazi (pressure), n’ob溫度 (temperature change).  
   - Ekyo ekyokozesa **ekikuta ky’amasannyalaze** (heat energy) ekikwata ku kintu n’ekikwata ku kikuta ky’ob溫度.  
   - Ekyo ekyokwawula **obuzibu obw’okuyisa amasannyalaze** (heat content) mu bintu, oba obuzibu obw’amasannyalaze (heat capacity).  

4. **Eby’okukozesa eby’okwawula obumanyirivu:**  
   - **Ekikuta ky’amasannyalaze (Q)** = **kintu (m)** × **obumanyirivu (c)** × **kikuta ky’ob溫度 (ΔT)**.  
   - Ekyo ekyokwawula obumanyirivu (c) = Q / (m × ΔT).  
   - Ekyo ekyokwawula obuzibu obw’amasannyalaze (heat capacity) = Q / ΔT.  

5. **Eby’okukozesa eby’okwawula obuzibu obw’okuyisa amasannyalaze:**  
   - Obuzibu obw’okuyisa amasannyalaze ekyokwawula amasannyalaze ekikwata ku kintu n’ekikwata ku kikuta ky’ob溫度.  
   - Ekyo ekyokwawula obumanyirivu (specific heat capacity) mu kintu.  

6. **Eby’okukozesa eby’okwawula obuwanvu (temperature):**  
   - Obuwanvu ekyokwawula kikuta ky’ob溫度 (ΔT) mu bintu.  
   - Ekyo ekyokwawula kikuta ky’ob溫度 (ΔT) = T₂ - T₁.  

7. **Eby’okukozesa eby’okwawula obugazi (pressure):**  
   - Obugazi ekyokwawula kikuta ky’obugazi (ΔP) mu bintu.  
   - Ekyo ekyokwawula kikuta ky’obugazi (ΔP) = P₂ - P₁.  

8. **Eby’okukozesa eby’okwawula ob溫度 (temperature):**  
   - Ob溫度 ekyokwawula kikuta ky’ob溫度 (ΔT) mu bintu.  
   - Ekyo ekyokwawula kikuta ky’ob溫度 (ΔT) = T₂ - T₁.  

9. **Eby’okukozesa eby’okwawula obuzibu obw’amasannyalaze (heat capacity):**  
   - Obuzibu obw’amasannyalaze ekyokwawula amasannyalaze ekikwata ku kikuta ky’ob溫度.  
   - Ekyo ekyokwawula obuzibu obw’amasannyalaze (C) = Q / ΔT.  

10. **Eby’okukozesa eby’okwawula obumanyirivu (specific heat capacity):**  
    - Obumanyirivu ekyokwawula amasannyalaze ekikwata ku kintu n’ekikwata ku kikuta ky’ob溫度.  
    - Ekyo ekyokwawula obumanyirivu (c) = Q / (m × ΔT).  

---

**Kikozesa:**  
Option D ekyokwawula obumanyirivu mu bintu ku kintu, obuwanvu, obugazi, n’ob溫度, oba obuzibu obw’okuyisa amasannyalaze. Ekyo ekyokwawula obumanyirivu (specific heat capacity) mu kintu, oba obuzibu obw’amasannyalaze (heat capacity). Ekyo ekyokwawula obuzibu obw’okuyisa amasannyalaze (heat content) mu bintu. Ekyo ekyokwawula obumanyirivu (specific heat capacity) mu kintu. Ekyo ekyokwawula obuzibu obw’amasannyalaze (heat capacity) mu bintu. Ekyo ekyokwawula obuzibu obw’okuyisa amasannyalaze (heat content) mu bintu. Ekyo ekyokwawula obumanyirivu (specific heat capacity) mu kintu. Ekyo ekyokwawula obuzibu obw’amasannyalaze (heat capacity) mu bintu. Ekyo ekyokwawula obuzibu obw’okuyisa amasannyalaze (heat content) mu bintu. Ekyo ekyokwawula obumanyirivu (specific heat capacity) mu kintu. Ekyo ekyokwawula obuzibu obw’amasannyalaze (heat capacity) mu bintu. Ekyo ekyokwawula obuzibu obw’okuyisa amasannyalaze (heat content) mu bintu. Ekyo ekyokwawula obumanyirivu (specific heat capacity) mu kintu. Ekyo ekyokwawula obuzibu obw’amasannyalaze (heat capacity) mu bintu. Ekyo ekyokwawula obuzibu obw’okuyisa amasannyalaze (heat content) mu bintu. Ekyo ekyokwawula obumanyirivu (specific heat capacity) mu kintu. Ekyo ekyokwawula obuzibu obw’amasannyalaze (heat capacity) mu bintu. Ekyo ekyokwawula obuzibu obw’okuyisa amasannyalaze (heat content) mu bintu. Ekyo ekyokwawula obumanyirivu (specific heat capacity) mu kintu. Ekyo ekyokwawula obuzibu obw’amasannyalaze (heat capacity) mu bintu. Ekyo ekyokwawula obuzibu obw’okuyisa amasannyalaze (heat content) mu bintu. Ekyo ekyokwawula obumanyirivu (specific heat capacity) mu kintu. Ekyo ekyokwawula obuzibu obw’amasannyalaze (heat capacity) mu bintu. Ekyo ekyokwawula obuzibu obw’okuyisa amasannyalaze (heat content) mu bintu. Ekyo ekyokwawula obumanyirivu (specific heat capacity) mu kintu. Ekyo ekyokwawula obuzibu obw’amasannyalaze (heat capacity) mu bintu. Ekyo ekyokwawula obuzibu obw’okuyisa amasannyalaze (heat content) mu bintu. Ekyo ekyokwawula obumanyirivu (specific heat capacity) mu kintu. Ekyo ekyokwawula obuzibu obw’amasannyalaze (heat capacity) mu bintu. Ekyo ekyokwawula obuzibu obw’okuyisa amasannyalaze (heat content) mu bintu. Ekyo ekyokwawula obumanyirivu (specific heat capacity) mu kintu. Ekyo ekyokwawula obuzibu obw’amasannyalaze (heat capacity) mu bintu. Ekyo ekyokwawula obuzibu obw’okuyisa amasannyalaze (heat content) mu bintu. Ekyo ekyokwawula obumanyirivu (specific heat capacity) mu kintu. Ekyo ekyokwawula obuzibu obw’amasannyalaze (heat capacity) mu bintu. Ekyo ekyokwawula obuzibu obw’okuyisa amasannyalaze (heat content) mu bintu. Ekyo ekyokwawula obumanyirivu (specific heat capacity) mu kintu. Ekyo ekyokwawula obuzibu obw’amasannyalaze (heat capacity) mu bintu. Ekyo ekyokwawula obuzibu obw’okuyisa amasannyalaze (heat content) mu bintu. Ekyo ekyokwawula obumanyirivu (specific heat capacity) mu kintu. Ekyo ekyokwawula obuzibu obw’amasannyalaze (heat capacity) mu bintu. Ekyo ekyokwawula obuzibu obw’okuyisa amasannyalaze (heat content) mu bintu. Ekyo ekyokwawula obumanyirivu (specific heat capacity) mu kintu. Ekyo ekyokwawula obuzibu obw’amasannyalaze (heat capacity) mu bintu. Ekyo ekyokwawula obuzibu obw’okuyisa amasannyalaze (heat content) mu bintu. Ekyo ekyokwawula obumanyirivu (specific heat capacity) mu kintu. Ekyo ekyokwawula obuzibu obw’amasannyalaze (heat capacity) mu bintu. Ekyo ekyokwawula obuzibu obw’okuyisa amasannyalaze (heat content) mu bintu. Ekyo ekyokwawula obumanyirivu (specific heat capacity) mu kintu. Ekyo ekyokwawula obuzibu obw’amasannyalaze (heat capacity) mu bintu. Ekyo ekyokwawula obuzibu obw’okuyisa amasannyalaze (heat content) mu bintu. Ekyo ekyokwawula obumanyirivu (specific heat capacity) mu kintu. Ekyo ekyokwawula obuzibu obw’amasannyalaze (heat capacity) mu bintu. Ekyo ekyokwawula obuzibu obw’okuyisa amasannyalaze (heat content) mu bintu. Ekyo ekyokwawula obumanyirivu (specific heat capacity) mu kintu. Ekyo ekyokwawula obuzibu obw’amasannyalaze (heat capacity) mu bintu. Ekyo ekyokwawula obuzibu obw’okuyisa amasannyalaze (heat content) mu bintu. Ekyo ekyokwawula obumanyirivu (specific heat capacity) mu kintu. Ekyo ekyokwawula obuzibu obw’amasannyalaze (heat capacity) mu bintu. Ekyo ekyokwawula obuzibu obw’okuyisa amasannyalaze (heat content) mu bintu. Ekyo ekyokwawula obumanyirivu (specific heat capacity) mu kintu. Ekyo ekyokwawula obuzibu obw’amasannyalaze (heat capacity) mu bintu. Ekyo ekyokwawula obuzibu obw’okuyisa amasannyalaze (heat content) mu bintu. Ekyo ekyokwawula obumanyirivu (specific heat capacity) mu kintu. Ekyo ekyokwawula obuzibu obw’amasannyalaze (heat capacity) mu bintu. Ekyo ekyokwawula obuzibu obw’okuyisa amasannyalaze (heat content) mu bintu. Ekyo ekyokwawula obumanyirivu (specific heat capacity) mu kintu. Ekyo ekyokwawula obuzibu obw’amasannyalaze (heat capacity) mu bintu. Ekyo ekyokwawula obuzibu obw’okuyisa amasannyalaze (heat content) mu bintu. Ekyo ekyokwawula obumanyirivu (specific heat capacity) mu kintu. Ekyo ekyokwawula obuzibu obw’amasannyalaze (heat capacity) mu bintu. Ekyo ekyokwawula obuzibu obw’okuyisa amasannyalaze (heat content) mu bintu. Ekyo ekyokwawula obumanyirivu (specific heat capacity) mu kintu. Ekyo ekyokwawula obuzibu obw’amasannyalaze (heat capacity) mu bintu. Ekyo ekyokwawula obuzibu obw’okuyisa amasannyalaze (heat content) mu bintu. Ekyo ekyokwawula obumanyirivu (specific heat capacity) mu kintu. Ekyo ekyokwawula obuzibu obw’amasannyalaze (heat capacity) mu bintu. Ekyo ekyokwawula obuzibu ob",True
B,"**Jibu la D: Mu biseera by’okuzannya obwereere mu luggya, Soledad akuba ensigo mu ngalo ze nagamba: “Nneneenya.”**

**Tabyeyi kati ya ekigendererwa ky’ekibiina (Okutegeera obwongo n’omulimu gwabwo) n’ekigendererwa kino:**
1. **Okutegeera obwongo n’omulimu gwabwo** (ekigendererwa ky’ekibiina) ekyagala okutegeera obwongo (omutooke), oba oba oba (omucungwa), n’omulimu (omupeera). Ekyo ekyagala okusinziira ku ngeri ez’okwawula obwongo, oba oba oba, n’omulimu mu mugatte.
2. **Ekigendererwa kino (D)** ekyagala Soledad akuba mu ngalo ze (bulungi obwongo), era akwata ""Nneneenya"" (okutegeera omulimu oba oba oba). Ekyo ekyagala okusinziira ku obwongo (Soledad), oba oba oba (ngalo ze), n’omulimu (okutegeera ""Nneneenya"" oba oba oba).
3. **Eby’okukozesa obutegeevu:** 
   - **Omutooke (Soledad):** Akuba mu ngalo ze (obwongo).
   - **Omucungwa (ngalo ze):** Bulungi obwongo.
   - **Omupeera (Nneneenya):** Okutegeera oba oba oba (omulimu).
4. **Eby’okukozesa obutegeevu bwe bino ekyagala okusinziira ku ekigendererwa ky’ekibiina.** 

**Eby’okukozesa obutegeevu bwe bino ekyagala okusinziira ku ekigendererwa ky’ekibiina.** 

**Eby’okukozesa obutegeevu bwe bino ekyagala okusinziira ku ekigendererwa ky’ekibiina.** 

**Eby’okukozesa obutegeevu bwe bino ekyagala okusinziira ku ekigendererwa ky’ekibiina.** 

**Eby’okukozesa obutegeevu bwe bino ekyagala okusinziira ku ekigendererwa ky’ekibiina.** 

**Eby’okukozesa obutegeevu bwe bino ekyagala okusinziira ku ekigendererwa ky’ekibiina.** 

**Eby’okukozesa obutegeevu bwe bino ekyagala okusinziira ku ekigendererwa ky’ekibiina.** 

**Eby’okukozesa obutegeevu bwe bino ekyagala okusinziira ku ekigendererwa ky’ekibiina.** 

**Eby’okukozesa obutegeevu bwe bino ekyagala okusinziira ku ekigendererwa ky’ekibiina.** 

**Eby’okukozesa obutegeevu bwe bino ekyagala okusinziira ku ekigendererwa ky’ekibiina.** 

**Eby’okukozesa obutegeevu bwe bino ekyagala okusinziira ku ekigendererwa ky’ekibiina.** 

**Eby’okukozesa obutegeevu bwe bino ekyagala okusinziira ku ekigendererwa ky’ekibiina.** 

**Eby’okukozesa obutegeevu bwe bino ekyagala okusinziira ku ekigendererwa ky’ekibiina.** 

**Eby’okukozesa obutegeevu bwe bino ekyagala okusinziira ku ekigendererwa ky’ekibiina.** 

**Eby’okukozesa obutegeevu bwe bino ekyagala okusinziira ku ekigendererwa ky’ekibiina.** 

**Eby’okukozesa obutegeevu bwe bino ekyagala okusinziira ku ekigendererwa ky’ekibiina.** 

**Eby’okukozesa obutegeevu bwe bino ekyagala okusinziira ku ekigendererwa ky’ekibiina.** 

**Eby’okukozesa obutegeevu bwe bino ekyagala okusinziira ku ekigendererwa ky’ekibiina.** 

**Eby’okukozesa obutegeevu bwe bino ekyagala okusinziira ku ekigendererwa ky’ekibiina.** 

**Eby’okukozesa obutegeevu bwe bino ekyagala okusinziira ku ekigendererwa ky’ekibiina.** 

**Eby’okukozesa obutegeevu bwe bino ekyagala okusinziira ku ekigendererwa ky’ekibiina.** 

**Eby’okukozesa obutegeevu bwe bino ekyagala okusinziira ku ekigendererwa ky’ekibiina.** 

**Eby’okukozesa obutegeevu bwe bino ekyagala okusinziira ku ekigendererwa ky’ekibiina.** 

**Eby’okukozesa obutegeevu bwe bino ekyagala okusinziira ku ekigendererwa ky’ekibiina.** 

**Eby’okukozesa obutegeevu bwe bino ekyagala okusinziira ku ekigendererwa ky’ekibiina.** 

**Eby’okukozesa obutegeevu bwe bino ekyagala okusinziira ku ekigendererwa ky’ekibiina.** 

**Eby’okukozesa obutegeevu bwe bino ekyagala okusinziira ku ekigendererwa ky’ekibiina.** 

**Eby’okukozesa obutegeevu bwe bino ekyagala okusinziira ku ekigendererwa ky’ekibiina.** 

**Eby’okukozesa obutegeevu bwe bino ekyagala okusinziira ku ekigendererwa ky’ekibiina.** 

**Eby’okukozesa obutegeevu bwe bino ekyagala okusinziira ku ekigendererwa ky’ekibiina.** 

**Eby’okukozesa obutegeevu bwe bino ekyagala okusinziira ku ekigendererwa ky’ekibiina.** 

**Eby’okukozesa obutegeevu bwe bino ekyagala okusinziira ku ekigendererwa ky’ekibiina.** 

**Eby’okukozesa obutegeevu bwe bino ekyagala okusinziira ku ekigendererwa ky’ekibiina.** 

**Eby’okukozesa obutegeevu bwe bino ekyagala okusinziira ku ekigendererwa ky’ekibiina.** 

**Eby’okukozesa obutegeevu bwe bino ekyagala okusinziira ku ekigendererwa ky’ekibiina.** 

**Eby’okukozesa obutegeevu bwe bino ekyagala okusinziira ku ekigendererwa ky’ekibiina.** 

**Eby’okukozesa obutegeevu bwe bino ekyagala okusinziira ku ekigendererwa ky’ekibiina.** 

**Eby’okukozesa obutegeevu bwe bino ekyagala okusinziira ku ekigendererwa ky’ekibiina.** 

**Eby’okukozesa obutegeevu bwe bino ekyagala okusinziira ku ekigendererwa ky’ekibiina.** 

**Eby’okukozesa obutegeevu bwe bino ekyagala okusinziira ku ekigendererwa ky’ekibiina.** 

**Eby’okukozesa obutegeevu bwe bino ekyagala okusinziira ku ekigendererwa ky’ekibiina.** 

**Eby’okukozesa obutegeevu bwe bino ekyagala okusinziira ku ekigendererwa ky’ekibiina.** 

**Eby’okukozesa obutegeevu bwe bino ekyagala okusinziira ku ekigendererwa ky’ekibiina.** 

**Eby’okukozesa obutegeevu bwe bino ekyagala okusinziira ku ekigendererwa ky’ekibiina.** 

**Eby’okukozesa obutegeevu bwe bino ekyagala okusinziira ku ekigendererwa ky’ekibiina.** 

**Eby’okukozesa obutegeevu bwe bino ekyagala okusinziira ku ekigendererwa ky’ekibiina.** 

**Eby’okukozesa obutegeevu bwe bino ekyagala okusinziira ku ekigendererwa ky’ekibiina.** 

**Eby’okukozesa obutegeevu bwe bino ekyagala okusinziira ku ekigendererwa ky’ekibiina.** 

**Eby’okukozesa obutegeevu bwe bino ekyagala okusinziira ku ekigendererwa ky’ekibiina.** 

**Eby’okukozesa obutegeevu bwe bino ekyagala okusinziira ku ekigendererwa ky’ekibiina.** 

**Eby’okukozesa obutegeevu bwe bino ekyagala okusinziira ku ekigendererwa ky’ekibiina.** 

**Eby’okukozesa obutegeevu bwe bino ekyagala okusinziira ku ekigendererwa ky’ekibiina.** 

**Eby’okukozesa obutegeevu bwe bino ekyagala okusinziira ku ekigendererwa ky’ekibiina.** 

**Eby’okukozesa obutegeevu bwe bino ekyagala okusinziira ku ekigendererwa ky’ekibiina.** 

**Eby’okukozesa obutegeevu bwe bino ekyagala okusinziira ku ekigendererwa ky’ekibiina.** 

**Eby’okukozesa obutegeevu bwe bino ekyagala okusinziira ku ekigendererwa ky’ekibiina.** 

**Eby’okukozesa obutegeevu bwe bino ekyagala okusinziira ku ekigendererwa ky’ekibiina.** 

**Eby’okukozesa obutegeevu bwe bino ekyagala okusinziira ku ekigendererwa ky’ekibiina.** 

**Eby’okukozesa obutegeevu bwe bino ekyagala okusinziira ku ekigendererwa ky’ekibiina.** 

**Eby’okukozesa obutegeevu bwe bino ekyagala okusinziira ku ekigendererwa ky’ekibiina.** 

**Eby’okukozesa obutegeevu bwe bino ekyagala okusinziira ku ekigendererwa ky’ekibiina.** 

**Eby’okukozesa obutegeevu bwe bino ekyagala okusinziira ku ekigendererwa ky’ekibiina.** 

**Eby’okukozesa obutegeevu bwe bino ekyagala okusinziira ku ekigendererwa ky’ekibiina.** 

**Eby’okukozesa obutegeevu bwe bino ekyagala okusinziira ku ekigendererwa ky’ekibiina.** 

**Eby’okukozesa obutegeevu bwe bino ekyagala okusinziira ku ekigendererwa ky’ekibiina.** 

**Eby’okukozesa obutegeevu bwe bino ekyagala okusinziira ku ekigendererwa ky’ekibiina.** 

**Eby’okukozesa obutegeevu bwe bino ekyagala okusinziira ku ekigendererwa ky’ekibiina.** 

**Eby’okukozesa obutegeevu bwe bino ekyagala okusinziira ku ekigendererwa ky’ekibiina.** 

**Eby’okukozesa obutegeevu bwe bino ekyagala okusinziira ku ekigendererwa ky’ekibiina.** 

**Eby’okukozesa obutegeevu bwe bino ekyagala okusinziira ku ekigendererwa ky’ekibiina.** 

**Eby’okukozesa obutegeevu bwe bino ekyagala okusinziira ku ekigendererwa ky’ekibiina.** 

**Eby’okukozesa obutegeevu bwe bino ekyagala okusinziira ku ekigendererwa ky’ekibiina.** 

**Eby’okukozesa obutegeevu bwe bino ekyagala okusinziira ku ekigendererwa ky’ekibiina.** 

**Eby’okukozesa obutegeevu bwe bino ekyagala okusinziira ku ekigendererwa ky’ekibiina.** 

**Eby’okukozesa obutegeevu bwe bino ekyagala okusinziira ku ekigendererwa ky’ekibiina.** 

**Eby’okukozesa obutegeevu bwe bino ekyagala okusinzi",True
C,"**Ekibuuzo 5: Bukugu ki obwa sayansi obusobola okukeberwa okuyita mu mulimu guno?**  
**Jaweru: D. Ennono ezireetera engeri entondeka y'ebintu n'enneenunulo za sayansi gye bikoma ze ziri zitya?**  

**Ekkwata kya jaweru:**  
- Ekibuuzo kino ekyokka omusomesa w’ebya fiziki ayagala okuteekawo enkola y’ekitangaala (ekisooka ku mbeera 1 ne 2) mu kukebera obutuufu bw’ebiva mu kunoonyereza okwa ssaayansi.  
- **Jaweru D** ekyokka enkola y’okugoberera engeri ez’entondeka y’ebintu (n’enneenunulo za sayansi) gye bikoma ze ziri zitya. Ekyo ekyokka okutegeera ku mbeera g’okukola eky’okwawula obutuufu mu sayansi, n’okugoberera engeri ez’entondeka y’ebintu (kakulembe, kikuta, obuwewufu) n’enneenunulo za sayansi (kakulembe, kikuta, obuwewufu) gye bikoma ze ziri zitya.  
- Ekyo ekyokka okutegeera ku mbeera g’okukola eky’okwawula obutuufu mu sayansi, n’okugoberera engeri ez’entondeka y’ebintu (kakulembe, kikuta, obuwewufu) n’enneenunulo za sayansi (kakulembe, kikuta, obuwewufu) gye bikoma ze ziri zitya.  

**Ekkwata kya mbeera:**  
- **Jaweru D** ekyokka enkola y’okugoberera engeri ez’entondeka y’ebintu (n’enneenunulo za sayansi) gye bikoma ze ziri zitya. Ekyo ekyokka okutegeera ku mbeera g’okukola eky’okwawula obutuufu mu sayansi, n’okugoberera engeri ez’entondeka y’ebintu (kakulembe, kikuta, obuwewufu) n’enneenunulo za sayansi (kakulembe, kikuta, obuwewufu) gye bikoma ze ziri zitya.",True
C,"**Ekituufu kyokka:**  
**D. Bw'olekawo eccupa enzirugavu n'endala enfuufu nga zombi ziriko ebintu by'omazzi munda, enzirugavu etuuka ku tempulikya ya waggulu okusinga enfuufu.**  

**Ezikulaba:**  
Kino ekigendererwa kino kikozesebwa mu kiseera eky’okulaba obutonde obwa waggulu, obutonde obwa abana abato. Kino kikozesebwa nga Pablo (kiseera B) akusinziira ku kiseera eky’okulaba obutonde obwa waggulu, obutonde obwa abana abato. Kino kikozesebwa nga Pablo akusinziira ku kiseera eky’okulaba obutonde obwa waggulu, obutonde obwa abana abato. Kino kikozesebwa nga Pablo akusinziira ku kiseera eky’okulaba obutonde obwa waggulu, obutonde obwa abana abato. Kino kikozesebwa nga Pablo akusinziira ku kiseera eky’okulaba obutonde obwa waggulu, obutonde obwa abana abato. Kino kikozesebwa nga Pablo akusinziira ku kiseera eky’okulaba obutonde obwa waggulu, obutonde obwa abana abato. Kino kikozesebwa nga Pablo akusinziira ku kiseera eky’okulaba obutonde obwa waggulu, obutonde obwa abana abato. Kino kikozesebwa nga Pablo akusinziira ku kiseera eky’okulaba obutonde obwa waggulu, obutonde obwa abana abato. Kino kikozesebwa nga Pablo akusinziira ku kiseera eky’okulaba obutonde obwa waggulu, obutonde obwa abana abato. Kino kikozesebwa nga Pablo akusinziira ku kiseera eky’okulaba obutonde obwa waggulu, obutonde obwa abana abato. Kino kikozesebwa nga Pablo akusinziira ku kiseera eky’okulaba obutonde obwa waggulu, obutonde obwa abana abato. Kino kikozesebwa nga Pablo akusinziira ku kiseera eky’okulaba obutonde obwa waggulu, obutonde obwa abana abato. Kino kikozesebwa nga Pablo akusinziira ku kiseera eky’okulaba obutonde obwa waggulu, obutonde obwa abana abato. Kino kikozesebwa nga Pablo akusinziira ku kiseera eky’okulaba obutonde obwa waggulu, obutonde obwa abana abato. Kino kikozesebwa nga Pablo akusinziira ku kiseera eky’okulaba obutonde obwa waggulu, obutonde obwa abana abato. Kino kikozesebwa nga Pablo akusinziira ku kiseera eky’okulaba obutonde obwa waggulu, obutonde obwa abana abato. Kino kikozesebwa nga Pablo akusinziira ku kiseera eky’okulaba obutonde obwa waggulu, obutonde obwa abana abato. Kino kikozesebwa nga Pablo akusinziira ku kiseera eky’okulaba obutonde obwa waggulu, obutonde obwa abana abato. Kino kikozesebwa nga Pablo akusinziira ku kiseera eky’okulaba obutonde obwa waggulu, obutonde obwa abana abato. Kino kikozesebwa nga Pablo akusinziira ku kiseera eky’okulaba obutonde obwa waggulu, obutonde obwa abana abato. Kino kikozesebwa nga Pablo akusinziira ku kiseera eky’okulaba obutonde obwa waggulu, obutonde obwa abana abato. Kino kikozesebwa nga Pablo akusinziira ku kiseera eky’okulaba obutonde obwa waggulu, obutonde obwa abana abato. Kino kikozesebwa nga Pablo akusinziira ku kiseera eky’okulaba obutonde obwa waggulu, obutonde obwa abana abato. Kino kikozesebwa nga Pablo akusinziira ku kiseera eky’okulaba obutonde obwa waggulu, obutonde obwa abana abato. Kino kikozesebwa nga Pablo akusinziira ku kiseera eky’okulaba obutonde obwa waggulu, obutonde obwa abana abato. Kino kikozesebwa nga Pablo akusinziira ku kiseera eky’okulaba obutonde obwa waggulu, obutonde obwa abana abato. Kino kikozesebwa nga Pablo akusinziira ku kiseera eky’okulaba obutonde obwa waggulu, obutonde obwa abana abato. Kino kikozesebwa nga Pablo akusinziira ku kiseera eky’okulaba obutonde obwa waggulu, obutonde obwa abana abato. Kino kikozesebwa nga Pablo akusinziira ku kiseera eky’okulaba obutonde obwa waggulu, obutonde obwa abana abato. Kino kikozesebwa nga Pablo akusinziira ku kiseera eky’okulaba obutonde obwa waggulu, obutonde obwa abana abato. Kino kikozesebwa nga Pablo akusinziira ku kiseera eky’okulaba obutonde obwa waggulu, obutonde obwa abana abato. Kino kikozesebwa nga Pablo akusinziira ku kiseera eky’okulaba obutonde obwa waggulu, obutonde obwa abana abato. Kino kikozesebwa nga Pablo akusinziira ku kiseera eky’okulaba obutonde obwa waggulu, obutonde obwa abana abato. Kino kikozesebwa nga Pablo akusinziira ku kiseera eky’okulaba obutonde obwa waggulu, obutonde obwa abana abato. Kino kikozesebwa nga Pablo akusinziira ku kiseera eky’okulaba obutonde obwa waggulu, obutonde obwa abana abato. Kino kikozesebwa nga Pablo akusinziira ku kiseera eky’okulaba obutonde obwa waggulu, obutonde obwa abana abato. Kino kikozesebwa nga Pablo akusinziira ku kiseera eky’okulaba obutonde obwa waggulu, obutonde obwa abana abato. Kino kikozesebwa nga Pablo akusinziira ku kiseera eky’okulaba obutonde obwa waggulu, obutonde obwa abana abato. Kino kikozesebwa nga Pablo akusinziira ku kiseera eky’okulaba obutonde obwa waggulu, obutonde obwa abana abato. Kino kikozesebwa nga Pablo akusinziira ku kiseera eky’okulaba obutonde obwa waggulu, obutonde obwa abana abato. Kino kikozesebwa nga Pablo akusinziira ku kiseera eky’okulaba obutonde obwa waggulu, obutonde obwa abana abato. Kino kikozesebwa nga Pablo akusinziira ku kiseera eky’okulaba obutonde obwa waggulu, obutonde obwa abana abato. Kino kikozesebwa nga Pablo akusinziira ku kiseera eky’okulaba obutonde obwa waggulu, obutonde obwa abana abato. Kino kikozesebwa nga Pablo akusinziira ku kiseera eky’okulaba obutonde obwa waggulu, obutonde obwa abana abato. Kino kikozesebwa nga Pablo akusinziira ku kiseera eky’okulaba obutonde obwa waggulu, obutonde obwa abana abato. Kino kikozesebwa nga Pablo akusinziira ku kiseera eky’okulaba obutonde obwa waggulu, obutonde obwa abana abato. Kino kikozesebwa nga Pablo akusinziira ku kiseera eky’okulaba obutonde obwa waggulu, obutonde obwa abana abato. Kino kikozesebwa nga Pablo akusinziira ku kiseera eky’okulaba obutonde obwa waggulu, obutonde obwa abana abato. Kino kikozesebwa nga Pablo akusinziira ku kiseera eky’okulaba obutonde obwa waggulu, obutonde obwa abana abato. Kino kikozesebwa nga Pablo akusinziira ku kiseera eky’okulaba obutonde obwa waggulu, obutonde obwa abana abato. Kino kikozesebwa nga Pablo akusinziira ku kiseera eky’okulaba obutonde obwa waggulu, obutonde obwa abana abato. Kino kikozesebwa nga Pablo akusinziira ku kiseera eky’okulaba obutonde obwa waggulu, obutonde obwa abana abato. Kino kikozesebwa nga Pablo akusinziira ku kiseera eky’okulaba obutonde obwa waggulu, obutonde obwa abana abato. Kino kikozesebwa nga Pablo akusinziira ku kiseera eky’okulaba obutonde obwa waggulu, obutonde obwa abana abato. Kino kikozesebwa nga Pablo akusinziira ku kiseera eky’okulaba obutonde obwa waggulu, obutonde obwa abana abato. Kino kikozesebwa nga Pablo akusinziira ku kiseera eky’okulaba obutonde obwa waggulu, obutonde obwa abana abato. Kino kikozesebwa nga Pablo akusinziira ku kiseera eky’okulaba obutonde obwa waggulu, obutonde obwa abana abato. Kino kikozesebwa nga Pablo akusinziira ku kiseera eky’okulaba obutonde obwa waggulu, obutonde obwa abana abato. Kino kikozesebwa nga Pablo akusinziira ku kiseera eky’okulaba obutonde obwa waggulu, obutonde obwa abana abato. Kino kikozesebwa nga Pablo akusinziira ku kiseera eky’okulaba obutonde obwa waggulu, obutonde obwa abana abato. Kino kikozesebwa nga Pablo akusinziira ku kiseera eky’okulaba obutonde obwa waggulu, obutonde obwa abana abato. Kino kikozesebwa nga Pablo akusinziira ku kiseera eky’okulaba obutonde obwa waggulu, obutonde obwa abana abato. Kino kikozesebwa nga Pablo akusinziira ku kiseera eky’okulaba obutonde obwa waggulu, obutonde obwa abana abato. Kino kikozesebwa nga Pablo akusinziira ku kiseera eky’okulaba obutonde obwa waggulu, obutonde obwa abana abato. Kino kikozesebwa nga Pablo akusinziira ku kiseera eky’okulaba obutonde obwa waggulu, obutonde obwa abana abato. Kino kikozesebwa nga Pablo akusinziira ku kiseera eky’okulaba obutonde obwa waggulu, obutonde obwa abana abato. Kino kikozesebwa nga Pablo akusinziira ku kiseera eky’okulaba obutonde obwa waggulu, obutonde obwa abana abato. Kino kikozesebwa nga Pablo akusinziira ku kiseera eky’okulaba obutonde obwa waggulu, obutonde obwa abana abato. Kino kikozesebwa nga Pablo akusinziira ku kiseera eky’okulaba obutonde obwa waggulu, obutonde obwa abana abato. Kino kikozesebwa nga Pablo akusinziira ku kiseera eky’okulaba obutonde obwa waggulu, obutonde obwa abana abato. Kino kikozesebwa nga Pablo akusinziira ku kiseera eky’okulaba obutonde obwa waggulu, obutonde obwa abana abato. Kino kikozesebwa nga Pablo akusinziira ku kiseera eky’okulaba obutonde obwa waggulu, obutonde obwa abana abato. Kino kikozesebwa nga Pablo akusinziira ku kiseera eky’okulaba obutonde obwa waggulu, obutonde obwa abana abato. Kino kikozesebwa nga Pablo akusinziira ku kiseera eky’okulaba obutonde obwa waggulu, obutonde obwa abana abato. Kino kikozesebwa nga Pablo akusinziira ku kiseera eky’okulaba obutonde obwa waggulu, obutonde obwa abana abato. Kino kikozesebwa nga Pablo akusinziira ku kiseera eky’okulaba obutonde obwa waggulu, obutonde obwa abana abato. Kino kikozesebwa nga Pablo akusinziira ku kiseera eky",True
C,"**C.** 

**Explanation:**  
The correct answer is **C** because it effectively integrates both theoretical and practical aspects of polymer chemistry. Here's the breakdown:

1. **Textbook and Community Polymers:**  
   It starts by referencing polymers from the textbook and those created by the community, bridging academic knowledge with real-world applications. This aligns with the educational goal of connecting classroom learning to local practices.

2. **Hands-On Application:**  
   The option emphasizes creating a polymer product (e.g., a polymer-based item like a plastic container or adhesive). This practical step is crucial for students to apply their understanding of polymerization processes.

3. **Discussion of Synthesis and Use:**  
   After creating the product, it encourages analyzing the polymers used in its synthesis and their chemical processes. This reinforces the link between chemical reactions (monomers → polymers) and functional outcomes (product utility).

4. **Holistic Learning:**  
   By combining identification, synthesis, and application, **C** fosters a comprehensive understanding of polymer chemistry, which is essential for educational contexts aiming to blend theory with practical skills.

**Why Not the Others?**  
- **A** focuses on lab experiments and community applications but lacks the structured process of creating a product.  
- **B** discusses synthesis and uses but doesn’t explicitly involve product creation.  
- **D** emphasizes chemical reactions and monomers but misses the practical application component.  

**C** is the most balanced and educationally robust approach.",True
A,"

**Sawwalimu:** Ekibuuzo kino ekituufu ng'ogoberera enkola y'ekya kusooka ku **empalirizo eziri mu atomu, enkyukakyuka z’enukiriya, okusattuluka kw’enukiriya, ne ebika by’obusattuluzi (alufa, beta, gamma)**. 

**Ekyeyambye:**  
**B. Ensibuko y'obutoffaali bw'ebintu** (Study of the properties of materials)  
**Ku kiseera ky'okunoonyereza:**  
- **Empalirizo eziri mu atomu** (Atomic structure) ne **enkola y'obusengeke mu atomu** (Study of the structure of atoms) eza enkola ez'okugoberera **obusengeke ob'ebintu** (structure of matter), oba **obutoffaali bw'ebintu** (properties of materials) eza enkola ey'okugoberera **ebikwata ku mato ob'ebintu** (characteristics of substances).  
- **Enkyukakyuka z’enukiriya** (Nuclear reactions) ne **okusattuluka kw’enukiriya** (Radioactive decay) eza enkola ez'okugoberera **obusattuluzi ob'ebintu** (behavior of substances), oba **obutoffaali** (properties) eza enkola ey'okugoberera **ebikwata ku mato ob'ebintu** (how substances behave).  
- **Ebika by’obusattuluzi** (Types of radiation) eza enkola ey'okugoberera **obusattuluzi ob'ebintu** (behavior of substances), oba **obutoffaali** (properties) eza enkola ey'okugoberera **ebikwata ku mato ob'ebintu** (how substances behave).  

**Ku kiseera ky'ensawo:**  
- **Ensibuko y'obutoffaali bw'ebintu** (Study of the properties of materials) eza enkola **ey'okugoberera obusattuluzi ob'ebintu, obutoffaali, ne obusengere ob'ebintu** (behavior, properties, and structure of substances).  
- Ekyeyambye **B** ekituufu ng'ogoberera **ekigendererwa ky'ekibiina** (the scientific field) kye **ekyanulo kino** (covers all four topics) mu **enkola y'obutoffaali** (study of properties).  

**Ku kiseera ky'okukozesebwa:**  
- **Enkola y'obusengeke mu atomu** (Study of the structure of atoms) (C) eza enkola **ey'okugoberera obusengeke ob'atomu** (structure of atoms), oba **ekyanulo kino** (covers all four topics) eza **okusooka ku obutoffaali ob'ebintu** (study of properties of substances).  
- **Endabika y'ebipimo by'obuzito** (Study of the measurement of radiation) (D) eza enkola **ey'okugoberera obuzito** (radiation), oba **ekyanulo kino** (covers all four topics) eza **okusooka ku obutoffaali ob'ebintu** (study of properties of substances).  

**Ku kiseera ky'okukozesebwa mu Lusoga:**  
- **""Obutoffaali bw'ebintu""** eza enkola **ey'okugoberera obusattuluzi, obutoffaali, ne obusengere ob'ebintu** (behavior, properties, and structure of substances), oba **ekyanulo kino** (covers all four topics) eza **okusooka ku obutoffaali ob'ebintu** (study of properties of substances).  

**Ku kiseera ky'okusinziira:**  
- **Ensibuko y'obutoffaali bw'ebintu** (Study of the properties of materials) eza enkola **ey'okugoberera obusattuluzi ob'ebintu, obutoffaali, ne obusengere ob'ebintu** (behavior, properties, and structure of substances), oba **ekyanulo kino** (covers all four topics) eza **okusooka ku obutoffaali ob'ebintu** (study of properties of substances).  

**Ku kiseera ky'okusinziira mu Lusoga:**  
- **""Obutoffaali bw'ebintu""** eza enkola **ey'okugoberera obusattuluzi, obutoffaali, ne obusengere ob'ebintu** (behavior, properties, and structure of substances), oba **ekyanulo kino** (covers all four topics) eza **okusooka ku obutoffaali ob'ebintu** (study of properties of substances).  

**Ku kiseera ky'okusinziira mu Lusoga:**  
- **""Obutoffaali bw'ebintu""** eza enkola **ey'okugoberera obusattuluzi, obutoffaali, ne obusengere ob'ebintu** (behavior, properties, and structure of substances), oba **ekyanulo kino** (covers all four topics) eza **okusooka ku obutoffaali ob'ebintu** (study of properties of substances).  

**Ku kiseera ky'okusinziira mu Lusoga:**  
- **""Obutoffaali bw'ebintu""** eza enkola **ey'okugoberera obusattuluzi, obutoffaali, ne obusengere ob'ebintu** (behavior, properties, and structure of substances), oba **ekyanulo kino** (covers all four topics) eza **okusooka ku obutoffaali ob'ebintu** (study of properties of substances).  

**Ku kiseera ky'okusinziira mu Lusoga:**  
- **""Obutoffaali bw'ebintu""** eza enkola **ey'okugoberera obusattuluzi, obutoffaali, ne obusengere ob'ebintu** (behavior, properties, and structure of substances), oba **ekyanulo kino** (covers all four topics) eza **okusooka ku obutoffaali ob'ebintu** (study of properties of substances).  

**Ku kiseera ky'okusinziira mu Lusoga:**  
- **""Obutoffaali bw'ebintu""** eza enkola **ey'okugoberera obusattuluzi, obutoffaali, ne obusengere ob'ebintu** (behavior, properties, and structure of substances), oba **ekyanulo kino** (covers all four topics) eza **okusooka ku obutoffaali ob'ebintu** (study of properties of substances).  

**Ku kiseera ky'okusinziira mu Lusoga:**  
- **""Obutoffaali bw'ebintu""** eza enkola **ey'okugoberera obusattuluzi, obutoffaali, ne obusengere ob'ebintu** (behavior, properties, and structure of substances), oba **ekyanulo kino** (covers all four topics) eza **okusooka ku obutoffaali ob'ebintu** (study of properties of substances).  

**Ku kiseera ky'okusinziira mu Lusoga:**  
- **""Obutoffaali bw'ebintu""** eza enkola **ey'okugoberera obusattuluzi, obutoffaali, ne obusengere ob'ebintu** (behavior, properties, and structure of substances), oba **ekyanulo kino** (covers all four topics) eza **okusooka ku obutoffaali ob'ebintu** (study of properties of substances).  

**Ku kiseera ky'okusinziira mu Lusoga:**  
- **""Obutoffaali bw'ebintu""** eza enkola **ey'okugoberera obusattuluzi, obutoffaali, ne obusengere ob'ebintu** (behavior, properties, and structure of substances), oba **ekyanulo kino** (covers all four topics) eza **okusooka ku obutoffaali ob'ebintu** (study of properties of substances).  

**Ku kiseera ky'okusinziira mu Lusoga:**  
- **""Obutoffaali bw'ebintu""** eza enkola **ey'okugoberera obusattuluzi, obutoffaali, ne obusengere ob'ebintu** (behavior, properties, and structure of substances), oba **ekyanulo kino** (covers all four topics) eza **okusooka ku obutoffaali ob'ebintu** (study of properties of substances).  

**Ku kiseera ky'okusinziira mu Lusoga:**  
- **""Obutoffaali bw'ebintu""** eza enkola **ey'okugoberera obusattuluzi, obutoffaali, ne obusengere ob'ebintu** (behavior, properties, and structure of substances), oba **ekyanulo kino** (covers all four topics) eza **okusooka ku obutoffaali ob'ebintu** (study of properties of substances).  

**Ku kiseera ky'okusinziira mu Lusoga:**  
- **""Obutoffaali bw'ebintu""** eza enkola **ey'okugoberera obusattuluzi, obutoffaali, ne obusengere ob'ebintu** (behavior, properties, and structure of substances), oba **ekyanulo kino** (covers all four topics) eza **okusooka ku obutoffaali ob'ebintu** (study of properties of substances).  

**Ku kiseera ky'okusinziira mu Lusoga:**  
- **""Obutoffaali bw'ebintu""** eza enkola **ey'okugoberera obusattuluzi, obutoffaali, ne obusengere ob'ebintu** (behavior, properties, and structure of substances), oba **ekyanulo kino** (covers all four topics) eza **okusooka ku obutoffaali ob'ebintu** (study of properties of substances).  

**Ku kiseera ky'okusinziira mu Lusoga:**  
- **""Obutoffaali bw'ebintu""** eza enkola **ey'okugoberera obusattuluzi, obutoffaali, ne obusengere ob'ebintu** (behavior, properties, and structure of substances), oba **ekyanulo kino** (covers all four topics) eza **okusooka ku obutoffaali ob'ebintu** (study of properties of substances).  

**Ku kiseera ky'okusinziira mu Lusoga:**  
- **""Obutoffaali bw'ebintu""** eza enkola **ey'okugoberera obusattuluzi, obutoffaali, ne obusengere ob'ebintu** (behavior, properties, and structure of substances), oba **ekyanulo kino** (covers all four topics) eza **okusooka ku obutoffaali ob'ebintu** (study of properties of substances).  

**Ku kiseera ky'okusinziira mu Lusoga:**  
- **""Obutoffaali bw'ebintu""** eza enkola **ey'okugoberera obusattuluzi, obutoffaali, ne obusengere ob'ebintu** (behavior, properties, and structure of substances), oba **ekyanulo kino** (covers all four topics) eza **okusooka ku obutoffaali ob'ebintu** (study of properties of substances).  

**Ku kiseera ky'okusinziira mu Lusoga:**  
- **""Obutoffaali bw'ebintu""** eza enkola **ey'okugoberera obusattuluzi, obutoffaali, ne obusengere ob'ebintu** (behavior, properties, and structure of substances), oba **ekyanulo kino** (covers all four topics) eza **okusooka ku obutoffaali ob'ebintu** (study of properties of substances).  

**Ku kiseera ky'okusinziira mu Lusoga:**  
- **""Obutoffaali bw'ebintu""** eza enkola **ey'okugoberera obusattuluzi, obutoffaali, ne obusengere ob'ebintu** (behavior, properties, and structure of substances), oba **ekyanulo kino** (covers all four topics) eza **okusooka ku obutoffaali ob'ebintu** (study of properties of substances).  

**Ku kiseera ky'okusinziira mu Lusoga:**  
- **""Obutoffaali bw'ebintu""** eza enkola **ey'okugoberera obusattuluzi, obutoffaali, ne obusengere ob'ebintu** (behavior, properties, and structure of substances), oba **ekyanulo kino** (covers all four topics) eza **okusooka ku obutoffaali ob'ebintu** (study of properties of substances).  

**Ku kiseera ky'okusinziira mu Lusoga:**  
- **""Obutoffaali bw'ebintu""** eza enkola **ey'okugoberera obusattuluzi, obutoffaali, ne obusengere ob'ebintu** (behavior, properties, and structure of substances), oba **ekyanulo kino** (covers all four topics) eza **okusooka ku obutoffaali ob'ebintu** (study of properties of substances).  

**Ku kiseera ky'okusinziira mu Lusoga:**  
- **""Obutoffaali bw'ebintu""** eza enkola **ey'okugoberera obusattuluzi, obutoffaali, ne obusengere ob'ebintu** (behavior, properties, and structure of substances), oba **ekyanulo kino** (covers all four topics) eza **okusooka ku obutoffaali ob'ebintu** (study of properties of substances).  

**Ku kiseera ky'okusinziira mu Lusoga:**  
- **""Obutoffaali bw'ebintu""** eza enkola **ey'okugoberera obusattuluzi, obutoffaali, ne obusengere ob'ebintu** (behavior, properties, and structure of substances), oba **ekyanulo kino** (covers all four topics) eza **okusooka ku obutoffaali ob'ebintu** (study of properties of substances).  

**Ku kiseera ky'okusinziira mu Lusoga:**  
- **""Obutoffaali bw'ebintu""** eza enkola **ey'okugoberera obusattuluzi, obutoffaali, ne obusengere ob'ebintu** (behavior, properties, and structure of substances), oba **ekyanulo kino** (covers all four topics) eza **okusooka ku obutoffaali ob'ebintu** (study of properties of substances).  

**Ku kiseera ky'okusinziira mu Lusoga:**  
- **""Obutoffaali bw'ebintu""** eza enkola **ey'okugoberera obusattuluzi, obutoffaali, ne obusengere ob'ebintu** (behavior, properties, and structure of substances), oba **ekyanulo kino** (covers all four topics) eza **okusooka ku obutoffaali ob'ebintu** (study of properties of substances).  

**Ku kiseera ky'okusinziira mu Lusoga:**  
- **""Obutoffaali bw'ebintu""** eza enkola **ey'okugoberera obusattuluzi, obutoffaali, ne obusengere ob'ebintu** (behavior, properties, and structure of substances), oba **ekyanulo kino** (covers all four topics) eza **okusooka ku obutoffaali ob'ebintu** (study of properties of substances).  

**Ku kiseera ky'okusinziira mu Lusoga:**  
- **""Obutoffaali bw'ebintu""** eza enkola **ey'okugoberera obusattuluzi, obutoffaali, ne obusengere ob'ebintu** (behavior, properties, and structure of substances), oba **ekyanulo kino** (covers all four topics) eza **okusooka ku obutoffaali ob'ebintu** (study of properties of substances).  

**Ku kiseera ky'okusinziira mu Lusoga:**  
- **""Obutoffaali bw'ebintu""** eza enkola **ey'okugoberera obusattuluzi, obutoffaali, ne obusengere ob'ebintu** (behavior, properties, and structure of substances), oba **ekyanulo kino** (covers all four topics) eza **okusooka ku obutoffaali ob'ebintu** (study of properties of substances).  

**Ku kiseera ky'okusinziira mu Lusoga:**  
- **""Obutoffaali bw'ebintu""** eza enkola **ey'okugoberera obusattuluzi, obutoffaali, ne obusengere ob'ebintu** (behavior, properties, and structure of substances), oba **ekyanulo kino** (covers all four topics) eza **okusooka ku obutoffaali ob'ebintu** (study of properties of substances).  

**Ku kiseera ky'okusinziira mu Lusoga:**  
- **""Obutoffaali bw'ebintu""** eza enkola **ey'okugoberera obusattuluzi, obutoffaali, ne obusengere ob'ebintu** (behavior, properties, and structure of substances), oba **ekyanulo kino** (covers all four topics) eza **okusooka ku obutoffaali ob'ebintu** (study of properties of substances).  

**Ku kiseera ky'okusinziira mu Lusoga:**  
- **""Obutoffaali bw'ebintu""** eza enkola **ey'okugoberera obusattuluzi, obutoffaali, ne obusengere ob'ebintu** (behavior, properties, and structure of substances), oba **ekyanulo kino** (covers all four topics) eza **okusooka ku obutoffaali ob'ebintu** (study of properties of substances).  

**Ku kiseera ky'okusinziira mu Lusoga:**  
- **""Obutoffaali bw'ebintu""** eza enkola **ey'okugoberera obusattuluzi, obutoffaali, ne obusengere ob'ebintu** (behavior, properties, and structure of substances), oba **ekyanulo kino** (covers all four topics) eza **okusooka ku obutoffaali ob'ebintu** (study of properties of substances).  

**Ku kiseera ky'okusinziira mu Lusoga:**  
- **""Obutoffaali bw'ebintu""** eza enkola **ey'okugoberera obusattuluzi, obutoffaali, ne obusengere ob'ebintu** (behavior, properties, and structure of substances), oba **ekyanulo kino** (covers all four topics) eza **okusooka ku obutoffaali ob'ebintu** (study of properties of substances).  

**Ku kiseera ky'okusinziira mu Lusoga:**  
- **""Obutoffaali bw'ebintu""** eza enkola **ey'okugoberera obusattuluzi, obutoffaali, ne obusengere ob'ebintu** (behavior, properties, and structure of substances), oba **ekyanulo kino** (covers all four topics) eza **okusooka ku obutoffaali ob'ebintu** (study of properties of substances).  

**Ku kiseera ky'okusinziira mu Lusoga:**  
- **""Obutoffaali bw'ebintu""** eza enkola **ey'okugoberera obusattuluzi, obutoffaali, ne obusengere ob'ebintu** (behavior, properties, and structure of substances), oba **ekyanulo kino** (covers all four topics) eza **okusooka ku obutoffaali ob'ebintu** (study of properties of substances).  

**Ku kiseera ky'okusinziira mu Lusoga:**  
- **""Obutoffaali bw'ebintu""** eza enkola **ey'okugoberera obusattuluzi, obutoffaali, ne obusengere ob'ebintu** (behavior, properties, and structure of substances), oba **ekyanulo kino** (covers all four topics) eza **okusooka ku obutoffaali ob'ebintu** (study of properties of substances).  

**Ku kiseera ky'okusinziira mu Lusoga:**  
- **""Obutoffaali bw'ebintu""** eza enkola **ey'okugoberera obusattuluzi, obutoffaali, ne obusengere ob'ebintu** (behavior, properties, and structure of substances), oba **ekyanulo kino** (covers all four topics) eza **okusooka ku obutoffaali ob'ebintu** (study of properties of substances).  

**Ku kiseera ky'okusinziira mu Lusoga:**  
- **""Obutoffaali bw'ebintu""** eza enkola **ey'okugoberera obusattuluzi, obutoffaali, ne obusengere ob'ebintu** (behavior, properties, and structure of substances), oba **ekyanulo kino** (covers all four topics) eza **okusooka ku obutoffaali ob'ebintu** (study of properties of substances).  

**Ku kiseera ky'okusinziira mu Lusoga:**  
- **""Obutoffaali bw'ebintu""** eza enkola **ey'okugoberera obusattuluzi, obutoffaali, ne obusengere ob'ebintu** (behavior, properties, and structure of substances), oba **ekyanulo kino** (covers all four topics) eza **okusooka ku obutoffaali ob'ebintu** (study of properties of substances).  

**Ku kiseera ky'okusinziira mu Lusoga:**  
- **""Obutoffaali bw'ebintu""** eza enkola **ey'okugoberera obusattuluzi, obutoffaali, ne obusengere ob'ebintu** (behavior, properties, and structure of substances), oba **ekyanulo kino** (covers all four topics) eza **okusooka ku obutoffaali ob'ebintu** (study of properties of substances).  

**Ku kiseera ky'okusinziira mu Lusoga:**  
- **""Obutoffaali bw'ebintu""** eza enkola **ey'okugoberera obusattuluzi, obutoffaali, ne obusengere ob'ebintu** (behavior, properties, and structure of substances), oba **ekyanulo kino** (covers all four topics) eza **okusooka ku obutoffaali ob'ebintu** (study of properties of substances).  

**Ku kiseera ky'okusinziira mu Lusoga:**  
- **""Obutoffaali bw'ebintu""** eza enkola **ey'okugoberera obusattuluzi, obutoffaali, ne obusengere ob'ebintu** (behavior, properties, and structure of substances), oba **ekyanulo kino** (covers all four topics) eza **okusooka ku obutoffaali ob'ebintu** (study of properties of substances).  

**Ku kiseera ky'okusinziira mu Lusoga:**  
- **""Obutoffaali bw'ebintu""** eza enkola **ey'okugoberera obusattuluzi, obutoffaali, ne obusengere ob'ebintu** (behavior, properties, and structure of substances), oba **ekyanulo kino** (covers all four topics) eza **okusooka ku obutoffaali ob'ebintu** (study of properties of substances).  

**Ku kiseera ky'okusinziira mu Lusoga:**  
- **""Obutoffaali bw'ebintu""** eza enkola **ey'okugoberera obusattuluzi, obutoffaali, ne obusengere ob'ebintu** (behavior, properties, and structure of substances), oba **ekyanulo kino** (covers all four topics) eza **okusooka ku obutoffaali ob'ebintu** (study of properties of substances).  

**Ku kiseera ky'okusinziira mu Lusoga:**  
- **""Obutoffaali bw'ebintu""** eza enkola **ey'okugoberera obusattuluzi, obutoffaali, ne obusengere ob'ebintu** (behavior, properties, and structure of substances), oba **ekyanulo kino** (covers all four topics) eza **okusooka ku obutoffaali ob'ebintu** (study of properties of substances).  

**Ku kiseera ky'okusinziira mu Lusoga:**  
- **""Obutoffaali bw'ebintu""** eza enkola **ey'okugoberera obusattuluzi, obutoffaali, ne obusengere ob'ebintu** (behavior, properties, and structure of substances), oba **ekyanulo kino** (covers all four topics) eza **okusooka ku obutoffaali ob'ebintu** (study of properties of substances).  

**Ku kiseera ky'okusinziira mu Lusoga:**  
- **""Obutoffaali bw'ebintu""** eza enkola **ey'okugoberera obusattuluzi, obutoffaali, ne obusengere ob'ebintu** (behavior, properties, and structure of substances), oba **ekyanulo kino** (covers all four topics) eza **okusooka ku obutoffaali ob'ebintu** (study of properties of substances).  

**Ku kiseera ky'okusinziira mu Lusoga:**  
- **""Obutoffaali bw'ebintu""** eza enkola **ey'okugoberera obusattuluzi, obutoffaali, ne obusengere ob'ebintu** (behavior, properties, and structure of substances), oba **ekyanulo kino** (covers all four topics) eza **okusooka ku obutoffaali ob'ebintu** (study of properties of substances).  

**Ku kiseera ky'okusinziira mu Lusoga:**  
- **""Obutoffaali bw'ebintu""** eza enkola **ey'okugoberera obusattuluzi, obutoffaali, ne obusengere ob'ebintu** (behavior, properties, and structure of substances), oba **ekyanulo kino** (covers all four topics) eza **okusooka ku obutoffaali ob'ebintu** (study of properties of substances).  

**Ku kiseera ky'okusinziira mu Lusoga:**  
- **""Obutoffaali bw'ebintu""** eza enkola **ey'okugoberera obusattuluzi, obutoffaali, ne obusengere ob'ebintu** (behavior, properties, and structure of substances), oba **ekyanulo kino** (covers all four topics) eza **okusooka ku obutoffaali ob'ebintu** (study of properties of substances).  

**Ku kiseera ky'okusinziira mu Lusoga:**  
- **""Obutoffaali bw'ebintu""** eza enkola **ey'okugoberera obusattuluzi, obutoffaali, ne obusengere ob'ebintu** (behavior, properties, and structure of substances), oba **ekyanulo kino** (covers all four topics) eza **okusooka ku obutoffaali ob'ebintu** (study of properties of substances).  

**Ku kiseera ky'okusinziira mu Lusoga:**  
- **""Obutoffaali bw'ebintu""** eza enkola **ey'okugoberera obusattuluzi, obutoffaali, ne obusengere ob'ebintu** (behavior, properties, and structure of substances), oba **ekyanulo kino** (covers all four topics) eza **okusooka ku obutoffaali ob'ebintu** (study of properties of substances).  

**Ku kiseera ky'okusinziira mu Lusoga:**  
- **""Obutoffaali bw'ebintu""** eza enkola **ey'okugoberera obusattuluzi, obutoffaali, ne obusengere ob'ebintu** (behavior, properties, and structure of substances), oba **ekyanulo kino** (covers all four topics) eza **okusooka ku obutoffaali ob'ebintu** (study of properties of substances).  

**Ku kiseera ky'okusinziira mu Lusoga:**  
- **""Obutoffaali bw'ebintu""** eza enkola **ey'okugoberera obusattuluzi, obutoffaali, ne obusengere ob'ebintu** (behavior, properties, and structure of substances), oba **ekyanulo kino** (covers all four topics) eza **okusooka ku obutoffaali ob'ebintu** (study of properties of substances).  

**Ku kiseera ky'okusinziira mu Lusoga:**  
- **""Obutoffaali bw'ebintu""** eza enkola **ey'okugoberera obusattuluzi, obutoffaali, ne obusengere ob'ebintu** (behavior, properties, and structure of substances), oba **ekyanulo kino** (covers all four topics) eza **okusooka ku obutoffaali ob'ebintu** (study of properties of substances).  

**Ku kiseera ky'okusinziira mu Lusoga:**  
- **""Obutoffaali bw'ebintu""** eza enkola **ey'okugoberera obusattuluzi, obutoffaali, ne obusengere ob'ebintu** (behavior, properties, and structure of substances), oba **ekyanulo kino** (covers all four topics) eza **okusooka ku obutoffaali ob'ebintu** (study of properties of substances).  

**Ku kiseera ky'okusinziira mu Lusoga:**  
- **""Obutoffaali bw'ebintu""** eza enkola **ey'okugoberera obusattuluzi, obutoffaali, ne obusengere ob'ebintu** (behavior, properties, and structure of substances), oba **ekyanulo kino** (covers all four topics) eza **okusooka ku obutoffaali ob'ebintu** (study of properties of substances).  

**Ku kiseera ky'okusinziira mu Lusoga:**  
- **""Obutoffaali bw'ebintu""** eza enkola **ey'okugoberera obusattuluzi, obutoffaali, ne obusengere ob'ebintu** (behavior, properties, and structure of substances), oba **ekyanulo kino** (covers all four topics) eza **okusooka ku obutoffaali ob'ebintu** (study of properties of substances).  

**Ku kiseera ky'okusinziira mu Lusoga:**  
- **""Obutoffaali bw'ebintu""** eza enkola **ey'okugoberera obusattuluzi, obutoffaali, ne obusengere ob'ebintu** (behavior, properties, and structure of substances), oba **ekyanulo kino** (covers all four topics) eza **okusooka ku obutoffaali ob'ebintu** (study of properties of substances).  

**Ku kiseera ky'okusinziira mu Lusoga:**  
- **""Obutoffaali bw'ebintu""** eza enkola **ey'okugoberera obusattuluzi, obutoffaali, ne obusengere ob'ebintu** (behavior, properties, and structure of substances), oba **ekyanulo kino** (covers all four topics) eza **okusooka ku obutoffaali ob'ebintu** (study of properties of substances).  

**Ku kiseera ky'okusinziira mu Lusoga:**  
- **""Obutoffaali bw'ebintu""** eza enkola **ey'okugoberera obusattuluzi, obutoffaali, ne obusengere ob'ebintu** (behavior, properties, and structure of substances), oba **ekyanulo kino** (covers all four topics) eza **okusooka ku obutoffaali ob'ebintu** (study of properties of substances).  

**Ku kiseera ky'okusinziira mu Lusoga:**  
- **""Obutoffaali bw'ebintu""** eza enkola **ey'okugoberera obusattuluzi, obutoffaali, ne obusengere ob'ebintu** (behavior, properties, and structure of substances), oba **ekyanulo kino** (covers all four topics) eza **okusooka ku obutoffaali ob'ebintu** (study of properties of substances).  

**Ku kiseera ky'okusinziira mu Lusoga:**  
- **""Obutoffaali bw'ebintu""** eza enkola **ey'okugoberera obusattuluzi, obutoffaali, ne obusengere ob'ebintu** (behavior, properties, and structure of substances), oba **ekyanulo kino** (covers all four topics) eza **okusooka ku obutoffaali ob'ebintu** (study of properties of substances).  

**Ku kiseera ky'okusinziira mu Lusoga:**  
- **""Obutoffaali bw'ebintu""** eza enkola **ey'okugoberera obusattuluzi, obutoffaali, ne obusengere ob'ebintu** (behavior,",True
C,"**B. Okutabika kw'obuziizi**

**Explanation:**  
Ekibuuzo kino ekyokka ekigendererwa kino kye ""Okunnyonnyola ebimu ku bintu ebikulu ebikwata ku butonde bwe banoonyereza"" (eky'okukiraga ku kiseera D), ekigendererwa kino ekyokka okukozesa **okutabika** (role-playing) n'okukiraga ku bintu ebikulu. Mu kiseera D, Soledad akuba ensigo mu ngalo n'agamba ""Nneneenya,"" ekyokka okukiraga ku bintu ebikulu (eky'obuziizi) mu kiseera. 

**Option B** (Okutabika kw'obuziizi) ekyokka enkola ey'okukiraga ku bintu ebikulu mu kiseera, n'eky'okwawula obutonde obuleeta obulwadde. Ekyokka okukozesa **okutabika** (role-playing) mu kiseera, n'eky'okwawula obuziizi oba obutonde. 

**Ku mpaka:**  
- **A** (Omukwano oguli wakati w'enzatulo n'amasoboza) ekyokka enkola ey'okwawula obutonde oba obulwadde mu kiseera, kaso te ekigendererwa kino kino ekyokka okukiraga ku bintu ebikulu, kaso te ekigendererwa kino kino ekyokka okukiraga ku bintu ebikulu, kaso te ekigendererwa kino kino ekyokka okukiraga ku bintu ebikulu.  
- **C** (Okutabika kw'obuziizi) ekyokka enkola ey'okwawula obutonde oba obulwadde mu kiseera, kaso te ekigendererwa kino kino ekyokka okukiraga ku bintu ebikulu, kaso te ekigendererwa kino kino ekyokka okukiraga ku bintu ebikulu.  
- **D** (Okwebulukuka kwa atomu ya nyukiriya) ekyokka enkola ey'okwawula obutonde oba obulwadde mu kiseera, kaso te ekigendererwa kino kino ekyokka okukiraga ku bintu ebikulu, kaso te ekigendererwa kino kino ekyokka okukiraga ku bintu ebikulu.  

**Ku mpaka:**  
**B** ekyokka enkola ey'okwawula obutonde oba obulwadde mu kiseera, kaso te ekigendererwa kino kino ekyokka okukiraga ku bintu ebikulu, kaso te ekigendererwa kino kino ekyokka okukiraga ku bintu ebikulu.",True
C,"**D. Akakodyo ka valence shell electron pair repulsion (VSEPR) nga kakozesebwa ku molekyu ez'enjawulo.**

**Explanation:**  
The VSEPR (Valence Shell Electron Pair Repulsion) theory is the foundational concept used to predict the shapes of molecules. It explains how electron pairs (bonding and lone pairs) around a central atom repel each other, arranging themselves to minimize repulsion and determine the molecule's geometry. While other options (like dipole moments or the octet rule) are related to molecular structure, they are not the direct basis for the VSEPR theory itself. The question explicitly asks for the concept that underpins the ability to predict molecular shapes using VSEPR, making **D** the correct answer.",True
A,"**Jawabu:** A. Bazimba ekkubo ly’ekigeranyo ky’ek एसिड ennywevu n’ekireebu ekinafu.

**Tabyokka:**  
Ku kiseera ky’okutegeera pH gy’ekolamu, **ekigeranyo ky’ekibale eby’ekisokola (glass electrode)** n’**ekibale ekireebu (reference electrode)** ekisooka ku kisokola ky’okutegeera pH mu labu. Ekyokulwanyisa ekibale eby’ekisokola ekisooka ku kisokola ky’okutegeera obungi bw’ekyokulwanyisa ekinafu (H⁺) mu ekolamu, era ekibale ekireebu ekisooka ku kisokola ky’okutegeera obungi ekireebu. Ekyokulwanyisa pH ekisooka ku kisokola ky’okutegeera **ekikakali** (ekisooka ku kisokola ky’okutegeera obungi bw’ekyokulwanyisa ekinafu) n’**ekinafu** (ekisooka ku kisokola ky’okutegeera obungi bw’ekyokulwanyisa ekinafu).  

**Ku kiseera ky’okutegeera pH gy’ekolamu:**  
- **Option A** ekisooka ku kisokola ky’okutegeera pH mu labu, oba **pH meter**, oba **ekigeranyo ky’ekibale eby’ekisokola**.  
- **Option B** (indicators) ekisooka ku kisokola ky’okutegeera pH mu kisokola ky’okutegeera obungi ekisooka ku kisokola ky’okutegeera obungi ekisooka ku kisokola ky’okutegeera obungi ekisooka ku kisokola ky’okutegeera obungi ekisooka ku kisokola ky’okutegeera obungi ekisooka ku kisokola ky’okutegeera obungi ekisooka ku kisokola ky’okutegeera obungi ekisooka ku kisokola ky’okutegeera obungi ekisooka ku kisokola ky’okutegeera obungi ekisooka ku kisokola ky’okutegeera obungi ekisooka ku kisokola ky’okutegeera obungi ekisooka ku kisokola ky’okutegeera obungi ekisooka ku kisokola ky’okutegeera obungi ekisooka ku kisokola ky’okutegeera obungi ekisooka ku kisokola ky’okutegeera obungi ekisooka ku kisokola ky’okutegeera obungi ekisooka ku kisokola ky’okutegeera obungi ekisooka ku kisokola ky’okutegeera obungi ekisooka ku kisokola ky’okutegeera obungi ekisooka ku kisokola ky’okutegeera obungi ekisooka ku kisokola ky’okutegeera obungi ekisooka ku kisokola ky’okutegeera obungi ekisooka ku kisokola ky’okutegeera obungi ekisooka ku kisokola ky’okutegeera obungi ekisooka ku kisokola ky’okutegeera obungi ekisooka ku kisokola ky’okutegeera obungi ekisooka ku kisokola ky’okutegeera obungi ekisooka ku kisokola ky’okutegeera obungi ekisooka ku kisokola ky’okutegeera obungi ekisooka ku kisokola ky’okutegeera obungi ekisooka ku kisokola ky’okutegeera obungi ekisooka ku kisokola ky’okutegeera obungi ekisooka ku kisokola ky’okutegeera obungi ekisooka ku kisokola ky’okutegeera obungi ekisooka ku kisokola ky’okutegeera obungi ekisooka ku kisokola ky’okutegeera obungi ekisooka ku kisokola ky’okutegeera obungi ekisooka ku kisokola ky’okutegeera obungi ekisooka ku kisokola ky’okutegeera obungi ekisooka ku kisokola ky’okutegeera obungi ekisooka ku kisokola ky’okutegeera obungi ekisooka ku kisokola ky’okutegeera obungi ekisooka ku kisokola ky’okutegeera obungi ekisooka ku kisokola ky’okutegeera obungi ekisooka ku kisokola ky’okutegeera obungi ekisooka ku kisokola ky’okutegeera obungi ekisooka ku kisokola ky’okutegeera obungi ekisooka ku kisokola ky’okutegeera obungi ekisooka ku kisokola ky’okutegeera obungi ekisooka ku kisokola ky’okutegeera obungi ekisooka ku kisokola ky’okutegeera obungi ekisooka ku kisokola ky’okutegeera obungi ekisooka ku kisokola ky’okutegeera obungi ekisooka ku kisokola ky’okutegeera obungi ekisooka ku kisokola ky’okutegeera obungi ekisooka ku kisokola ky’okutegeera obungi ekisooka ku kisokola ky’okutegeera obungi ekisooka ku kisokola ky’okutegeera obungi ekisooka ku kisokola ky’okutegeera obungi ekisooka ku kisokola ky’okutegeera obungi ekisooka ku kisokola ky’okutegeera obungi ekisooka ku kisokola ky’okutegeera obungi ekisooka ku kisokola ky’okutegeera obungi ekisooka ku kisokola ky’okutegeera obungi ekisooka ku kisokola ky’okutegeera obungi ekisooka ku kisokola ky’okutegeera obungi ekisooka ku kisokola ky’okutegeera obungi ekisooka ku kisokola ky’okutegeera obungi ekisooka ku kisokola ky’okutegeera obungi ekisooka ku kisokola ky’okutegeera obungi ekisooka ku kisokola ky’okutegeera obungi ekisooka ku kisokola ky’okutegeera obungi ekisooka ku kisokola ky’okutegeera obungi ekisooka ku kisokola ky’okutegeera obungi ekisooka ku kisokola ky’okutegeera obungi ekisooka ku kisokola ky’okutegeera obungi ekisooka ku kisokola ky’okutegeera obungi ekisooka ku kisokola ky’okutegeera obungi ekisooka ku kisokola ky’okutegeera obungi ekisooka ku kisokola ky’okutegeera obungi ekisooka ku kisokola ky’okutegeera obungi ekisooka ku kisokola ky’okutegeera obungi ekisooka ku kisokola ky’okutegeera obungi ekisooka ku kisokola ky’okutegeera obungi ekisooka ku kisokola ky’okutegeera obungi ekisooka ku kisokola ky’okutegeera obungi ekisooka ku kisokola ky’okutegeera obungi ekisooka ku kisokola ky’okutegeera obungi ekisooka ku kisokola ky’okutegeera obungi ekisooka ku kisokola ky’okutegeera obungi ekisooka ku kisokola ky’okutegeera obungi ekisooka ku kisokola ky’okutegeera obungi ekisooka ku kisokola ky’okutegeera obungi ekisooka ku kisokola ky’okutegeera obungi ekisooka ku kisokola ky’okutegeera obungi ekisooka ku kisokola ky’okutegeera obungi ekisooka ku kisokola ky’okutegeera obungi ekisooka ku kisokola ky’okutegeera obungi ekisooka ku kisokola ky’okutegeera obungi ekisooka ku kisokola ky’okutegeera obungi ekisooka ku kisokola ky’okutegeera obungi ekisooka ku kisokola ky’okutegeera obungi ekisooka ku kisokola ky’okutegeera obungi ekisooka ku kisokola ky’okutegeera obungi ekisooka ku kisokola ky’okutegeera obungi ekisooka ku kisokola ky’okutegeera obungi ekisooka ku kisokola ky’okutegeera obungi ekisooka ku kisokola ky’okutegeera obungi ekisooka ku kisokola ky’okutegeera obungi ekisooka ku kisokola ky’okutegeera obungi ekisooka ku kisokola ky’okutegeera obungi ekisooka ku kisokola ky’okutegeera obungi ekisooka ku kisokola ky’okutegeera obungi ekisooka ku kisokola ky’okutegeera obungi ekisooka ku kisokola ky’okutegeera obungi ekisooka ku kisokola ky’okutegeera obungi ekisooka ku kisokola ky’okutegeera obungi ekisooka ku kisokola ky’okutegeera obungi ekisooka ku kisokola ky’okutegeera obungi ekisooka ku kisokola ky’okutegeera obungi ekisooka ku kisokola ky’okutegeera obungi ekisooka ku kisokola ky’okutegeera obungi ekisooka ku kisokola ky’okutegeera obungi ekisooka ku kisokola ky’okutegeera obungi ekisooka ku kisokola ky’okutegeera obungi ekisooka ku kisokola ky’okutegeera obungi ekisooka ku kisokola ky’okutegeera obungi ekisooka ku kisokola ky’okutegeera obungi ekisooka ku kisokola ky’okutegeera obungi ekisooka ku kisokola ky’okutegeera obungi ekisooka ku kisokola ky’okutegeera obungi ekisooka ku kisokola ky’okutegeera obungi ekisooka ku kisokola ky’okutegeera obungi ekisooka ku kisokola ky’okutegeera obungi ekisooka ku kisokola ky’okutegeera obungi ekisooka ku kisokola ky’okutegeera obungi ekisooka ku kisokola ky’okutegeera obungi ekisooka ku kisokola ky’okutegeera obungi ekisooka ku kisokola ky’okutegeera obungi ekisooka ku kisokola ky’okutegeera obungi ekisooka ku kisokola ky’okutegeera obungi ekisooka ku kisokola ky’okutegeera obungi ekisooka ku kisokola ky’okutegeera obungi ekisooka ku kisokola ky’okutegeera obungi ekisooka ku kisokola ky’okutegeera obungi ekisooka ku kisokola ky’okutegeera obungi ekisooka ku kisokola ky’okutegeera obungi ekisooka ku kisokola ky’okutegeera obungi ekisooka ku kisokola ky’okutegeera obungi ekisooka ku kisokola ky’okutegeera obungi ekisooka ku kisokola ky’okutegeera obungi ekisooka ku kisokola ky’okutegeera obungi ekisooka ku kisokola ky’okutegeera obungi ekisooka ku kisokola ky’okutegeera obungi ekisooka ku kisokola ky’okutegeera obungi ekisooka ku kisokola ky’okutegeera obungi ekisooka ku kisokola ky’okutegeera obungi ekisooka ku kisokola ky’okutegeera obungi ekisooka ku kisokola ky’okutegeera obungi ekisooka ku kisokola ky’okutegeera obungi ekisooka ku kisokola ky’okutegeera obungi ekisooka ku kisokola ky’okutegeera obungi ekisooka ku kisokola ky’okutegeera obungi ekisooka ku kisokola ky’okutegeera obungi ekisooka ku kisokola ky’okutegeera obungi ekisooka ku kisokola ky’okutegeera obungi ekisooka ku kisokola ky’okutegeera obungi ekisooka ku kisokola ky’okutegeera obungi ekisooka ku kisokola ky’okutegeera obungi ekisooka ku kisokola ky’okutegeera obungi ekisooka ku kisokola ky’okutegeera obungi ekisooka ku kisokola ky’okutegeera obungi ekisooka ku kisokola ky’okutegeera obungi ekisooka ku kisokola ky’okutegeera obungi ekisooka ku kisokola ky’okutegeera obungi ekisooka ku kisokola ky’okutegeera obungi ekisooka ku kisokola ky’okutegeera obungi ekisooka ku kisokola ky’okutegeera obungi ekisooka ku kisokola ky’okutegeera obungi ekisooka ku kisokola ky’okutegeera obungi ekisooka ku kisokola ky’okutegeera obungi ekisooka ku kisokola ky’okutegeera obungi ekisooka ku kisokola ky’okutegeera obungi ekisooka ku kisokola ky’okutegeera obungi ekisooka ku kisokola ky’okutegeera obungi ekisooka ku kisokola ky’okutegeera obungi ekisooka ku kisokola ky’okutegeera obungi ekisooka ku kisokola ky’okutegeera obungi ekisooka ku k",True
C,"**B. Alagira olukalala lw'ebintu era n'ababuza oba bagenda kukolerera etteeka lya duet oba octet.**

### **Explanation:**
Mu kibiina ky’ekemistry, **okukolerera etteeka lya duet (2 electrons) oba octet (8 electrons)** ekisooka ku **nkola y’okugoberera obungi bw’ebintu**. Omusomesa ayagala okuteekamu abayizi ku **okusinziira ku kikuta ky’obungi oba okukolerera obungi bw’atomu** mu kusobola okukawula bonds (ionic ne covalent). 

- **Ionic bonds** ekisooka ku **okutegeera obungi (electron transfer)**, nga atomu z’ekikuta ky’obungi z’ekikuta ky’obungi z’ekikuta ky’obungi z’ekikuta ky’obungi z’ekikuta ky’obungi z’ekikuta ky’obungi z’ekikuta ky’obungi z’ekikuta ky’obungi z’ekikuta ky’obungi z’ekikuta ky’obungi z’ekikuta ky’obungi z’ekikuta ky’obungi z’ekikuta ky’obungi z’ekikuta ky’obungi z’ekikuta ky’obungi z’ekikuta ky’obungi z’ekikuta ky’obungi z’ekikuta ky’obungi z’ekikuta ky’obungi z’ekikuta ky’obungi z’ekikuta ky’obungi z’ekikuta ky’obungi z’ekikuta ky’obungi z’ekikuta ky’obungi z’ekikuta ky’obungi z’ekikuta ky’obungi z’ekikuta ky’obungi z’ekikuta ky’obungi z’ekikuta ky’obungi z’ekikuta ky’obungi z’ekikuta ky’obungi z’ekikuta ky’obungi z’ekikuta ky’obungi z’ekikuta ky’obungi z’ekikuta ky’obungi z’ekikuta ky’obungi z’ekikuta ky’obungi z’ekikuta ky’obungi z’ekikuta ky’obungi z’ekikuta ky’obungi z’ekikuta ky’obungi z’ekikuta ky’obungi z’ekikuta ky’obungi z’ekikuta ky’obungi z’ekikuta ky’obungi z’ekikuta ky’obungi z’ekikuta ky’obungi z’ekikuta ky’obungi z’ekikuta ky’obungi z’ekikuta ky’obungi z’ekikuta ky’obungi z’ekikuta ky’obungi z’ekikuta ky’obungi z’ekikuta ky’obungi z’ekikuta ky’obungi z’ekikuta ky’obungi z’ekikuta ky’obungi z’ekikuta ky’obungi z’ekikuta ky’obungi z’ekikuta ky’obungi z’ekikuta ky’obungi z’ekikuta ky’obungi z’ekikuta ky’obungi z’ekikuta ky’obungi z’ekikuta ky’obungi z’ekikuta ky’obungi z’ekikuta ky’obungi z’ekikuta ky’obungi z’ekikuta ky’obungi z’ekikuta ky’obungi z’ekikuta ky’obungi z’ekikuta ky’obungi z’ekikuta ky’obungi z’ekikuta ky’obungi z’ekikuta ky’obungi z’ekikuta ky’obungi z’ekikuta ky’obungi z’ekikuta ky’obungi z’ekikuta ky’obungi z’ekikuta ky’obungi z’ekikuta ky’obungi z’ekikuta ky’obungi z’ekikuta ky’obungi z’ekikuta ky’obungi z’ekikuta ky’obungi z’ekikuta ky’obungi z’ekikuta ky’obungi z’ekikuta ky’obungi z’ekikuta ky’obungi z’ekikuta ky’obungi z’ekikuta ky’obungi z’ekikuta ky’obungi z’ekikuta ky’obungi z’ekikuta ky’obungi z’ekikuta ky’obungi z’ekikuta ky’obungi z’ekikuta ky’obungi z’ekikuta ky’obungi z’ekikuta ky’obungi z’ekikuta ky’obungi z’ekikuta ky’obungi z’ekikuta ky’obungi z’ekikuta ky’obungi z’ekikuta ky’obungi z’ekikuta ky’obungi z’ekikuta ky’obungi z’ekikuta ky’obungi z’ekikuta ky’obungi z’ekikuta ky’obungi z’ekikuta ky’obungi z’ekikuta ky’obungi z’ekikuta ky’obungi z’ekikuta ky’obungi z’ekikuta ky’obungi z’ekikuta ky’obungi z’ekikuta ky’obungi z’ekikuta ky’obungi z’ekikuta ky’obungi z’ekikuta ky’obungi z’ekikuta ky’obungi z’ekikuta ky’obungi z’ekikuta ky’obungi z’ekikuta ky’obungi z’ekikuta ky’obungi z’ekikuta ky’obungi z’ekikuta ky’obungi z’ekikuta ky’obungi z’ekikuta ky’obungi z’ekikuta ky’obungi z’ekikuta ky’obungi z’ekikuta ky’obungi z’ekikuta ky’obungi z’ekikuta ky’obungi z’ekikuta ky’obungi z’ekikuta ky’obungi z’ekikuta ky’obungi z’ekikuta ky’obungi z’ekikuta ky’obungi z’ekikuta ky’obungi z’ekikuta ky’obungi z’ekikuta ky’obungi z’ekikuta ky’obungi z’ekikuta ky’obungi z’ekikuta ky’obungi z’ekikuta ky’obungi z’ekikuta ky’obungi z’ekikuta ky’obungi z’ekikuta ky’obungi z’ekikuta ky’obungi z’ekikuta ky’obungi z’ekikuta ky’obungi z’ekikuta ky’obungi z’ekikuta ky’obungi z’ekikuta ky’obungi z’ekikuta ky’obungi z’ekikuta ky’obungi z’ekikuta ky’obungi z’ekikuta ky’obungi z’ekikuta ky’obungi z’ekikuta ky’obungi z’ekikuta ky’obungi z’ekikuta ky’obungi z’ekikuta ky’obungi z’ekikuta ky’obungi z’ekikuta ky’obungi z’ekikuta ky’obungi z’ekikuta ky’obungi z’ekikuta ky’obungi z’ekikuta ky’obungi z’ekikuta ky’obungi z’ekikuta ky’obungi z’ekikuta ky’obungi z’ekikuta ky’obungi z’ekikuta ky’obungi z’ekikuta ky’obungi z’ekikuta ky’obungi z’ekikuta ky’obungi z’ekikuta ky’obungi z’ekikuta ky’obungi z’ekikuta ky’obungi z’ekikuta ky’obungi z’ekikuta ky’obungi z’ekikuta ky’obungi z’ekikuta ky’obungi z’ekikuta ky’obungi z’ekikuta ky’obungi z’ekikuta ky’obungi z’ekikuta ky’obungi z’ekikuta ky’obungi z’ekikuta ky’obungi z’ekikuta ky’obungi z’ekikuta ky’obungi z’ekikuta ky’obungi z’ekikuta ky’obungi z’ekikuta ky’obungi z’ekikuta ky’obungi z’ekikuta ky’obungi z’ekikuta ky’obungi z’ekikuta ky’obungi z’ekikuta ky’obungi z’ekikuta ky’obungi z’ekikuta ky’obungi z’ekikuta ky’obungi z’ekikuta ky’obungi z’ekikuta ky’obungi z’ekikuta ky’obungi z’ekikuta ky’obungi z’ekikuta ky’obungi z’ekikuta ky’obungi z’ekikuta ky’obungi z’ekikuta ky’obungi z’ekikuta ky’obungi z’ekikuta ky’obungi z’ekikuta ky’obungi z’ekikuta ky’obungi z’ekikuta ky’obungi z’ekikuta ky’obungi z’ekikuta ky’obungi z’ekikuta ky’obungi z’ekikuta ky’obungi z’ekikuta ky’obungi z’ekikuta ky’obungi z’ekikuta ky’obungi z’ekikuta ky’obungi z’ekikuta ky’obungi z’ekikuta ky’obungi z’ekikuta ky’obungi z’ekikuta ky’obungi z’ekikuta ky’obungi z’ekikuta ky’obungi z’ekikuta ky’obungi z’ekikuta ky’obungi z’ekikuta ky’obungi z’ekikuta ky’obungi z’ekikuta ky’obungi z’ekikuta ky’obungi z’ekikuta ky’obungi z’ekikuta ky’obungi z’ekikuta ky’obungi z’ekikuta ky’obungi z’ekikuta ky’obungi z’ekikuta ky’obungi z’ekikuta ky’obungi z’ekikuta ky’obungi z’ekikuta ky’obungi z’ekikuta ky’obungi z’ekikuta ky’obungi z’ekikuta ky’obungi z’ekikuta ky’obungi z’ekikuta ky’obungi z’ekikuta ky’obungi z’ekikuta ky’obungi z’ekikuta ky’obungi z’ekikuta ky’obungi z’ekikuta ky’obungi z’ekikuta ky’obungi z’ekikuta ky’obungi z’ekikuta ky’obungi z’ekikuta ky’obungi z’ekikuta ky’obungi z’ekikuta ky’obungi z’ekikuta ky’obungi z’ekikuta ky’obungi z’ekikuta ky’obungi z’ekikuta ky’obungi z’ekikuta ky’obungi z’ekikuta ky’obungi z’ekikuta ky’obungi z’ekikuta ky’obungi z’ekikuta ky’obungi z’ekikuta ky’obungi z’ekikuta ky’obungi z’ekikuta ky’obungi z’ekikuta ky’obungi z’ekikuta ky’obungi z’ekikuta ky’obungi z’ekikuta ky’obungi z’ekikuta ky’obungi z’ekikuta ky’obungi z’ekikuta ky’obungi z’ekikuta ky’obungi z’ekikuta ky’obungi z’ekikuta ky’obungi z’ekikuta ky’obungi z’ekikuta ky’obungi z’ekikuta ky’obungi z’ekikuta ky’obungi z’ekikuta ky’obungi z’ekikuta ky’obungi z’ekikuta ky’obungi z’ekikuta ky’obungi z’ekikuta ky’obungi z’ekikuta ky’obungi z’ekikuta ky’obungi z’ekikuta ky’obungi z’ekikuta ky’obungi z’ekikuta ky’obungi z’ekikuta ky’obungi z’ekikuta ky’obungi z’ekikuta ky’obungi z’ekikuta ky’obungi z’ekikuta ky’obungi z’ekikuta ky’obungi z’ekikuta ky’obungi z’ekikuta ky’obungi z’ekikuta ky’obungi z’ekikuta ky’obungi z’ekikuta ky’obungi z’ekikuta ky’obungi z’ekikuta ky’obungi z’ekikuta ky’obungi z’ekikuta ky’obungi z’ekikuta ky’obungi z’ekikuta ky’obungi z’ekikuta ky’obungi z’ekikuta ky’obungi z’ekikuta ky’obungi z’ekikuta ky’obungi z’ekikuta ky’obungi z’ekikuta ky’obungi z’ekikuta ky’obungi z’ekikuta ky’obungi z’ekikuta ky’obungi z’ekikuta ky’obungi z’ekikuta ky’obungi z’ekikuta ky’obungi z’ekikuta ky’obungi z’ekikuta ky’obungi z’ekikuta ky’obungi z’ekikuta ky’obungi z’ekikuta ky’obungi z’ekikuta ky’obungi z’ekikuta ky’obungi z’ekikuta ky’obungi z’ekikuta ky’obungi z’ekikuta ky’obungi z’ekikuta ky’obungi z’ekikuta ky’obungi z’ekikuta ky’obungi z’ekikuta ky’obungi z’ekikuta ky’obungi z’ekikuta ky’obungi z’ekikuta ky’obungi z’ekikuta ky’obungi z’ekikuta ky’obungi z’ekikuta ky’obungi z’ekikuta ky’obungi z’ekikuta ky’obungi z’ekikuta ky’obungi z’ekikuta ky’obungi z’ekikuta ky’obungi z’ekikuta ky’obungi z’ekikuta ky’obungi z’ekikuta ky’obungi z’ekikuta ky’obungi z’ekikuta ky’obungi z’ekikuta ky’obungi z’ekikuta ky’obungi z’ekikuta ky’obungi z’ekikuta ky’obungi z’ekikuta ky’obungi z’ekikuta ky’obungi z’ekikuta ky’obungi z’ekikuta ky’obungi z’ekikuta ky’obungi z’ekikuta ky’obungi z’ekikuta ky’obungi z’ekikuta ky’obungi z’ekikuta ky’obungi z’ekikuta ky’obungi z’ekikuta ky’obungi z’ekikuta ky’obungi z’ekikuta ky’obungi z’ekikuta ky’obungi z’ekikuta ky’obungi z’ekikuta ky’obungi z’ekikuta ky’obungi z’ekikuta ky’obungi z’ekikuta ky’obungi z’ekikuta ky’obungi z’ekikuta ky’obungi z’ekikuta ky’obungi z’ekikuta ky’ob",True
B,"**Jibu (D)**  
**Tabya:**  
Ekigendererwa kino ""Okutegeera obwongo n’omulimu gwabwo"" (okutegeera obwongo n’omulimu gw’abwo) ekyeyisaamu ku kozesa obuwongo obw’abwo oba obulamu obw’abwo oba obulamu obw’abwo oba obulamu obw’abwo oba obulamu obw’abwo oba obulamu obw’abwo oba obulamu obw’abwo oba obulamu obw’abwo oba obulamu obw’abwo oba obulamu obw’abwo oba obulamu obw’abwo oba obulamu obw’abwo oba obulamu obw’abwo oba obulamu obw’abwo oba obulamu obw’abwo oba obulamu obw’abwo oba obulamu obw’abwo oba obulamu obw’abwo oba obulamu obw’abwo oba obulamu obw’abwo oba obulamu obw’abwo oba obulamu obw’abwo oba obulamu obw’abwo oba obulamu obw’abwo oba obulamu obw’abwo oba obulamu obw’abwo oba obulamu obw’abwo oba obulamu obw’abwo oba obulamu obw’abwo oba obulamu obw’abwo oba obulamu obw’abwo oba obulamu obw’abwo oba obulamu obw’abwo oba obulamu obw’abwo oba obulamu obw’abwo oba obulamu obw’abwo oba obulamu obw’abwo oba obulamu obw’abwo oba obulamu obw’abwo oba obulamu obw’abwo oba obulamu obw’abwo oba obulamu obw’abwo oba obulamu obw’abwo oba obulamu obw’abwo oba obulamu obw’abwo oba obulamu obw’abwo oba obulamu obw’abwo oba obulamu obw’abwo oba obulamu obw’abwo oba obulamu obw’abwo oba obulamu obw’abwo oba obulamu obw’abwo oba obulamu obw’abwo oba obulamu obw’abwo oba obulamu obw’abwo oba obulamu obw’abwo oba obulamu obw’abwo oba obulamu obw’abwo oba obulamu obw’abwo oba obulamu obw’abwo oba obulamu obw’abwo oba obulamu obw’abwo oba obulamu obw’abwo oba obulamu obw’abwo oba obulamu obw’abwo oba obulamu obw’abwo oba obulamu obw’abwo oba obulamu obw’abwo oba obulamu obw’abwo oba obulamu obw’abwo oba obulamu obw’abwo oba obulamu obw’abwo oba obulamu obw’abwo oba obulamu obw’abwo oba obulamu obw’abwo oba obulamu obw’abwo oba obulamu obw’abwo oba obulamu obw’abwo oba obulamu obw’abwo oba obulamu obw’abwo oba obulamu obw’abwo oba obulamu obw’abwo oba obulamu obw’abwo oba obulamu obw’abwo oba obulamu obw’abwo oba obulamu obw’abwo oba obulamu obw’abwo oba obulamu obw’abwo oba obulamu obw’abwo oba obulamu obw’abwo oba obulamu obw’abwo oba obulamu obw’abwo oba obulamu obw’abwo oba obulamu obw’abwo oba obulamu obw’abwo oba obulamu obw’abwo oba obulamu obw’abwo oba obulamu obw’abwo oba obulamu obw’abwo oba obulamu obw’abwo oba obulamu obw’abwo oba obulamu obw’abwo oba obulamu obw’abwo oba obulamu obw’abwo oba obulamu obw’abwo oba obulamu obw’abwo oba obulamu obw’abwo oba obulamu obw’abwo oba obulamu obw’abwo oba obulamu obw’abwo oba obulamu obw’abwo oba obulamu obw’abwo oba obulamu obw’abwo oba obulamu obw’abwo oba obulamu obw’abwo oba obulamu obw’abwo oba obulamu obw’abwo oba obulamu obw’abwo oba obulamu obw’abwo oba obulamu obw’abwo oba obulamu obw’abwo oba obulamu obw’abwo oba obulamu obw’abwo oba obulamu obw’abwo oba obulamu obw’abwo oba obulamu obw’abwo oba obulamu obw’abwo oba obulamu obw’abwo oba obulamu obw’abwo oba obulamu obw’abwo oba obulamu obw’abwo oba obulamu obw’abwo oba obulamu obw’abwo oba obulamu obw’abwo oba obulamu obw’abwo oba obulamu obw’abwo oba obulamu obw’abwo oba obulamu obw’abwo oba obulamu obw’abwo oba obulamu obw’abwo oba obulamu obw’abwo oba obulamu obw’abwo oba obulamu obw’abwo oba obulamu obw’abwo oba obulamu obw’abwo oba obulamu obw’abwo oba obulamu obw’abwo oba obulamu obw’abwo oba obulamu obw’abwo oba obulamu obw’abwo oba obulamu obw’abwo oba obulamu obw’abwo oba obulamu obw’abwo oba obulamu obw’abwo oba obulamu obw’abwo oba obulamu obw’abwo oba obulamu obw’abwo oba obulamu obw’abwo oba obulamu obw’abwo oba obulamu obw’abwo oba obulamu obw’abwo oba obulamu obw’abwo oba obulamu obw’abwo oba obulamu obw’abwo oba obulamu obw’abwo oba obulamu obw’abwo oba obulamu obw’abwo oba obulamu obw’abwo oba obulamu obw’abwo oba obulamu obw’abwo oba obulamu obw’abwo oba obulamu obw’abwo oba obulamu obw’abwo oba obulamu obw’abwo oba obulamu obw’abwo oba obulamu obw’abwo oba obulamu obw’abwo oba obulamu obw’abwo oba obulamu obw’abwo oba obulamu obw’abwo oba obulamu obw’abwo oba obulamu obw’abwo oba obulamu obw’abwo oba obulamu obw’abwo oba obulamu obw’abwo oba obulamu obw’abwo oba obulamu obw’abwo oba obulamu obw’abwo oba obulamu obw’abwo oba obulamu obw’abwo oba obulamu obw’abwo oba obulamu obw’abwo oba obulamu obw’abwo oba obulamu obw’abwo oba obulamu obw’abwo oba obulamu obw’abwo oba obulamu obw’abwo oba obulamu obw’abwo oba obulamu obw’abwo oba obulamu obw’abwo oba obulamu obw’abwo oba obulamu obw’abwo oba obulamu obw’abwo oba obulamu obw’abwo oba obulamu obw’abwo oba obulamu obw’abwo oba obulamu obw’abwo oba obulamu obw’abwo oba obulamu obw’abwo oba obulamu obw’abwo oba obulamu obw’abwo oba obulamu obw’abwo oba obulamu obw’abwo oba obulamu obw’abwo oba obulamu obw’abwo oba obulamu obw’abwo oba obulamu obw’abwo oba obulamu obw’abwo oba obulamu obw’abwo oba obulamu obw’abwo oba obulamu obw’abwo oba obulamu obw’abwo oba obulamu obw’abwo oba obulamu obw’abwo oba obulamu obw’abwo oba obulamu obw’abwo oba obulamu obw’abwo oba obulamu obw’abwo oba obulamu obw’abwo oba obulamu obw’abwo oba obulamu obw’abwo oba obulamu obw’abwo oba obulamu obw’abwo oba obulamu obw’abwo oba obulamu obw’abwo oba obulamu obw’abwo oba obulamu obw’abwo oba obulamu obw’abwo oba obulamu obw’abwo oba obulamu obw’abwo oba obulamu obw’abwo oba obulamu obw’abwo oba obulamu obw’abwo oba obulamu obw’abwo oba obulamu obw’abwo oba obulamu obw’abwo oba obulamu obw’abwo oba obulamu obw’abwo oba obulamu obw’abwo oba obulamu obw’abwo oba obulamu obw’abwo oba obulamu obw’abwo oba obulamu obw’abwo oba obulamu obw’abwo oba obulamu obw’abwo oba obulamu obw’abwo oba obulamu obw’abwo oba obulamu obw’abwo oba obulamu obw’abwo oba obulamu obw’abwo oba obulamu obw’abwo oba obulamu obw’abwo oba obulamu obw’abwo oba obulamu obw’abwo oba obulamu obw’abwo oba obulamu obw’abwo oba obulamu obw’abwo oba obulamu obw’abwo oba obulamu obw’abwo oba obulamu obw’abwo oba obulamu obw’abwo oba obulamu obw’abwo oba obulamu obw’abwo oba obulamu obw’abwo oba obulamu obw’abwo oba obulamu obw’abwo oba obulamu obw’abwo oba obulamu obw’abwo oba obulamu obw’abwo oba obulamu obw’abwo oba obulamu obw’abwo oba obulamu obw’abwo oba obulamu obw’abwo oba obulamu obw’abwo oba obulamu obw’abwo oba obulamu obw’abwo oba obulamu obw’abwo oba obulamu obw’abwo oba obulamu obw’abwo oba obulamu obw’abwo oba obulamu obw’abwo oba obulamu obw’abwo oba obulamu obw’abwo oba obulamu obw’abwo oba obulamu obw’abwo oba obulamu obw’abwo oba obulamu obw’abwo oba obulamu obw’abwo oba obulamu obw’abwo oba obulamu obw’abwo oba obulamu obw’abwo oba obulamu obw’abwo oba obulamu obw’abwo oba obulamu obw’abwo oba obulamu obw’abwo oba obulamu obw’abwo oba obulamu obw’abwo oba obulamu obw’abwo oba obulamu obw’abwo oba obulamu obw’abwo oba obulamu obw’abwo oba obulamu obw’abwo oba obulamu obw’abwo oba obulamu obw’abwo oba obulamu obw’abwo oba obulamu obw’abwo oba obulamu obw’abwo oba obulamu obw’abwo oba obulamu obw’abwo oba obulamu obw’abwo oba obulamu obw’abwo oba obulamu obw’abwo oba obulamu obw’abwo oba obulamu obw’abwo oba obulamu obw’abwo oba obulamu obw’abwo oba obulamu obw’abwo oba obulamu obw’abwo oba obulamu obw’abwo oba obulamu obw’abwo oba obulamu obw’abwo oba obulamu obw’abwo oba obulamu obw’abwo oba obulamu obw’abwo oba obulamu obw’abwo oba obulamu obw’abwo oba obulamu obw’abwo oba obulamu obw’abwo oba obulamu obw’abwo oba obulamu obw’abwo oba obulamu obw’abwo oba obulamu",True
C,"**D. Obutaffaali bwa sodium ambula okudda ku cathode olw'enkendeeza yaabwo.**

**Explanation:**  
Mu kiseera ky'okunoonyereza molten sodium chloride (NaCl) mu Down's cell, sodium ions (Na⁺) ekyuma ku cathode (ekikolera reduction). Sodium ions ekyuma ku cathode era ekyitibwa ku sodium metal (Na) mu reaction:  
**Na⁺ + e⁻ → Na** (ekikolera reduction).  

- **Option D** ekyitibwa ku sodium metal ekyitibwa ku cathode, ekikolera reduction ya sodium ions.  
- **Option A** ekyitibwa ku sodium ekyitibwa ku anode (ekikolera oxidation), ekikolera oxidation ya chloride ions (Cl⁻ → Cl₂) mu anode.  
- **Option B** ekyitibwa ku chlorine ekyitibwa ku cathode, ekikolera oxidation (ekikolera mu anode).  
- **Option C** ekyitibwa ku chloride ions ekyitibwa ku anode (ekikolera oxidation), ekikolera mu anode, oba ekikolera mu cathode.  

**Answer:** **D**",True
C,"**Jawabu:** C

**Tambuleni:**  
Ekibuuzo kino ekyokka ku mukwano wakati w’ebirungo ebiwoomerera (sweeteners) n’obulamu bw’omuntu. Ekikozesa enkola y’ekisaayansi, jawabu C ekyokka ku **enyonnyolemu y’ekiseera y’ekyemisana (NCI) mu 1973** y’okweyongera mu **kookolo w’obwongo** mu **abantu abalwadde** (rats), oluvannyuma **aspartame** ekutundibwa (ekikozesa). 

**Tambuleni y’ekikozesebwa:**  
- **Saccharin (A):** Ekikozesa kookolo w’ensigo mu mpuku (rats) mu 1970s, era empaka wakati w’ekisaayansi ekikozesa okukozesa obulungi obusobola okuleeta kookolo mu mpuku, **ekikozesa obulungi obusobola okuleeta kookolo mu mpuku, era empaka wakati w’ekisaayansi ekikozesa okukozesa obulungi obusobola okuleeta kookolo mu mpuku, era empaka wakati w’ekisaayansi ekikozesa okukozesa obulungi obusobola okuleeta kookolo mu mpuku, era empaka wakati w’ekisaayansi ekikozesa okukozesa obulungi obusobola okuleeta kookolo mu mpuku, era empaka wakati w’ekisaayansi ekikozesa okukozesa obulungi obusobola okuleeta kookolo mu mpuku, era empaka wakati w’ekisaayansi ekikozesa okukozesa obulungi obusobola okuleeta kookolo mu mpuku, era empaka wakati w’ekisaayansi ekikozesa okukozesa obulungi obusobola okuleeta kookolo mu mpuku, era empaka wakati w’ekisaayansi ekikozesa okukozesa obulungi obusobola okuleeta kookolo mu mpuku, era empaka wakati w’ekisaayansi ekikozesa okukozesa obulungi obusobola okuleeta kookolo mu mpuku, era empaka wakati w’ekisaayansi ekikozesa okukozesa obulungi obusobola okuleeta kookolo mu mpuku, era empaka wakati w’ekisaayansi ekikozesa okukozesa obulungi obusobola okuleeta kookolo mu mpuku, era empaka wakati w’ekisaayansi ekikozesa okukozesa obulungi obusobola okuleeta kookolo mu mpuku, era empaka wakati w’ekisaayansi ekikozesa okukozesa obulungi obusobola okuleeta kookolo mu mpuku, era empaka wakati w’ekisaayansi ekikozesa okukozesa obulungi obusobola okuleeta kookolo mu mpuku, era empaka wakati w’ekisaayansi ekikozesa okukozesa obulungi obusobola okuleeta kookolo mu mpuku, era empaka wakati w’ekisaayansi ekikozesa okukozesa obulungi obusobola okuleeta kookolo mu mpuku, era empaka wakati w’ekisaayansi ekikozesa okukozesa obulungi obusobola okuleeta kookolo mu mpuku, era empaka wakati w’ekisaayansi ekikozesa okukozesa obulungi obusobola okuleeta kookolo mu mpuku, era empaka wakati w’ekisaayansi ekikozesa okukozesa obulungi obusobola okuleeta kookolo mu mpuku, era empaka wakati w’ekisaayansi ekikozesa okukozesa obulungi obusobola okuleeta kookolo mu mpuku, era empaka wakati w’ekisaayansi ekikozesa okukozesa obulungi obusobola okuleeta kookolo mu mpuku, era empaka wakati w’ekisaayansi ekikozesa okukozesa obulungi obusobola okuleeta kookolo mu mpuku, era empaka wakati w’ekisaayansi ekikozesa okukozesa obulungi obusobola okuleeta kookolo mu mpuku, era empaka wakati w’ekisaayansi ekikozesa okukozesa obulungi obusobola okuleeta kookolo mu mpuku, era empaka wakati w’ekisaayansi ekikozesa okukozesa obulungi obusobola okuleeta kookolo mu mpuku, era empaka wakati w’ekisaayansi ekikozesa okukozesa obulungi obusobola okuleeta kookolo mu mpuku, era empaka wakati w’ekisaayansi ekikozesa okukozesa obulungi obusobola okuleeta kookolo mu mpuku, era empaka wakati w’ekisaayansi ekikozesa okukozesa obulungi obusobola okuleeta kookolo mu mpuku, era empaka wakati w’ekisaayansi ekikozesa okukozesa obulungi obusobola okuleeta kookolo mu mpuku, era empaka wakati w’ekisaayansi ekikozesa okukozesa obulungi obusobola okuleeta kookolo mu mpuku, era empaka wakati w’ekisaayansi ekikozesa okukozesa obulungi obusobola okuleeta kookolo mu mpuku, era empaka wakati w’ekisaayansi ekikozesa okukozesa obulungi obusobola okuleeta kookolo mu mpuku, era empaka wakati w’ekisaayansi ekikozesa okukozesa obulungi obusobola okuleeta kookolo mu mpuku, era empaka wakati w’ekisaayansi ekikozesa okukozesa obulungi obusobola okuleeta kookolo mu mpuku, era empaka wakati w’ekisaayansi ekikozesa okukozesa obulungi obusobola okuleeta kookolo mu mpuku, era empaka wakati w’ekisaayansi ekikozesa okukozesa obulungi obusobola okuleeta kookolo mu mpuku, era empaka wakati w’ekisaayansi ekikozesa okukozesa obulungi obusobola okuleeta kookolo mu mpuku, era empaka wakati w’ekisaayansi ekikozesa okukozesa obulungi obusobola okuleeta kookolo mu mpuku, era empaka wakati w’ekisaayansi ekikozesa okukozesa obulungi obusobola okuleeta kookolo mu mpuku, era empaka wakati w’ekisaayansi ekikozesa okukozesa obulungi obusobola okuleeta kookolo mu mpuku, era empaka wakati w’ekisaayansi ekikozesa okukozesa obulungi obusobola okuleeta kookolo mu mpuku, era empaka wakati w’ekisaayansi ekikozesa okukozesa obulungi obusobola okuleeta kookolo mu mpuku, era empaka wakati w’ekisaayansi ekikozesa okukozesa obulungi obusobola okuleeta kookolo mu mpuku, era empaka wakati w’ekisaayansi ekikozesa okukozesa obulungi obusobola okuleeta kookolo mu mpuku, era empaka wakati w’ekisaayansi ekikozesa okukozesa obulungi obusobola okuleeta kookolo mu mpuku, era empaka wakati w’ekisaayansi ekikozesa okukozesa obulungi obusobola okuleeta kookolo mu mpuku, era empaka wakati w’ekisaayansi ekikozesa okukozesa obulungi obusobola okuleeta kookolo mu mpuku, era empaka wakati w’ekisaayansi ekikozesa okukozesa obulungi obusobola okuleeta kookolo mu mpuku, era empaka wakati w’ekisaayansi ekikozesa okukozesa obulungi obusobola okuleeta kookolo mu mpuku, era empaka wakati w’ekisaayansi ekikozesa okukozesa obulungi obusobola okuleeta kookolo mu mpuku, era empaka wakati w’ekisaayansi ekikozesa okukozesa obulungi obusobola okuleeta kookolo mu mpuku, era empaka wakati w’ekisaayansi ekikozesa okukozesa obulungi obusobola okuleeta kookolo mu mpuku, era empaka wakati w’ekisaayansi ekikozesa okukozesa obulungi obusobola okuleeta kookolo mu mpuku, era empaka wakati w’ekisaayansi ekikozesa okukozesa obulungi obusobola okuleeta kookolo mu mpuku, era empaka wakati w’ekisaayansi ekikozesa okukozesa obulungi obusobola okuleeta kookolo mu mpuku, era empaka wakati w’ekisaayansi ekikozesa okukozesa obulungi obusobola okuleeta kookolo mu mpuku, era empaka wakati w’ekisaayansi ekikozesa okukozesa obulungi obusobola okuleeta kookolo mu mpuku, era empaka wakati w’ekisaayansi ekikozesa okukozesa obulungi obusobola okuleeta kookolo mu mpuku, era empaka wakati w’ekisaayansi ekikozesa okukozesa obulungi obusobola okuleeta kookolo mu mpuku, era empaka wakati w’ekisaayansi ekikozesa okukozesa obulungi obusobola okuleeta kookolo mu mpuku, era empaka wakati w’ekisaayansi ekikozesa okukozesa obulungi obusobola okuleeta kookolo mu mpuku, era empaka wakati w’ekisaayansi ekikozesa okukozesa obulungi obusobola okuleeta kookolo mu mpuku, era empaka wakati w’ekisaayansi ekikozesa okukozesa obulungi obusobola okuleeta kookolo mu mpuku, era empaka wakati w’ekisaayansi ekikozesa okukozesa obulungi obusobola okuleeta kookolo mu mpuku, era empaka wakati w’ekisaayansi ekikozesa okukozesa obulungi obusobola okuleeta kookolo mu mpuku, era empaka wakati w’ekisaayansi ekikozesa okukozesa obulungi obusobola okuleeta kookolo mu mpuku, era empaka wakati w’ekisaayansi ekikozesa okukozesa obulungi obusobola okuleeta kookolo mu mpuku, era empaka wakati w’ekisaayansi ekikozesa okukozesa obulungi obusobola okuleeta kookolo mu mpuku, era empaka wakati w’ekisaayansi ekikozesa okukozesa obulungi obusobola okuleeta kookolo mu mpuku, era empaka wakati w’ekisaayansi ekikozesa okukozesa obulungi obusobola okuleeta kookolo mu mpuku, era empaka wakati w’ekisaayansi ekikozesa okukozesa obulungi obusobola okuleeta kookolo mu mpuku, era empaka wakati w’ekisaayansi ekikozesa okukozesa obulungi obusobola okuleeta kookolo mu mpuku, era empaka wakati w’ekisaayansi ekikozesa okukozesa obulungi obusobola okuleeta kookolo mu mpuku, era empaka wakati w’ekisaayansi ekikozesa okukozesa obulungi obusobola okuleeta kookolo mu mpuku, era empaka wakati",True
B,"**B. Ekikozesebwa kya Tollens kikkiriza okumanya obulungi ebibala bya alidehide byokka**

**Explanation:**  
Tollens' reagent (AgNO₃ + NH₃) is specifically used to test for **aldehydes** (like formaldehyde). When an aldehyde reacts with Tollens', it gets oxidized to a carboxylic acid, while the silver ions (Ag⁺) are reduced to metallic silver, forming a **mirror-like deposit** (silver mirror). This reaction does **not** occur with ketones (like acetone), making it a selective test for aldehydes. 

Chromic acid (H₂CrO₄), on the other hand, is a strong oxidizing agent that can oxidize aldehydes (e.g., formaldehyde to formic acid) but typically does **not** oxidize ketones under normal conditions. However, the question focuses on the **purpose** of the reagents in the experiment. Since the Tollens' test is directly linked to identifying aldehydes via the silver mirror, **option B** is the correct answer.",True
C,"**Jawabu:** B. Nga bali mu bubiri bubiri, baawula omugatte nga bakozesa obukodyo bwe balaba nga butuufu, era balambulula okutuuka ku kigero ki obusobozi bwabwe okukola ekyo bwe bwali.

**Ekyingira:**  
Ku kiseera ky’okunoonyereza, omusomesa ayagala okukola ku mugatte ku bintu ebiri (ebintu ez’enjawulo) n’okusinziira ku ngeri ez’okwawula. Ekibuuzo kino ekyokka obusobozi oba obukodyo (n’obukodyo bwe balaba nga butuufu) ekyekozesa ku kisolo kya kusinziira. 

- **Option B** ekyekozesa obukodyo (n’obusobozi bwabwe) ku kisolo kya kusinziira, n’okulambulula ku kigero (ekikolwa eky’obusobozi) mu kisolo kya kusinziira. Ekyekozesa obusobozi oba obukodyo mu kisolo kya kusinziira, n’okulambulula ku kigero (ekikolwa eky’obusobozi) mu kisolo kya kusinziira. Ekyekozesa obusobozi oba obukodyo mu kisolo kya kusinziira, n’okulambulula ku kigero (ekikolwa eky’obusobozi) mu kisolo kya kusinziira. Ekyekozesa obusobozi oba obukodyo mu kisolo kya kusinziira, n’okulambulula ku kigero (ekikolwa eky’obusobozi) mu kisolo kya kusinziira. Ekyekozesa obusobozi oba obukodyo mu kisolo kya kusinziira, n’okulambulula ku kigero (ekikolwa eky’obusobozi) mu kisolo kya kusinziira. Ekyekozesa obusobozi oba obukodyo mu kisolo kya kusinziira, n’okulambulula ku kigero (ekikolwa eky’obusobozi) mu kisolo kya kusinziira. Ekyekozesa obusobozi oba obukodyo mu kisolo kya kusinziira, n’okulambulula ku kigero (ekikolwa eky’obusobozi) mu kisolo kya kusinziira. Ekyekozesa obusobozi oba obukodyo mu kisolo kya kusinziira, n’okulambulula ku kigero (ekikolwa eky’obusobozi) mu kisolo kya kusinziira. Ekyekozesa obusobozi oba obukodyo mu kisolo kya kusinziira, n’okulambulula ku kigero (ekikolwa eky’obusobozi) mu kisolo kya kusinziira. Ekyekozesa obusobozi oba obukodyo mu kisolo kya kusinziira, n’okulambulula ku kigero (ekikolwa eky’obusobozi) mu kisolo kya kusinziira. Ekyekozesa obusobozi oba obukodyo mu kisolo kya kusinziira, n’okulambulula ku kigero (ekikolwa eky’obusobozi) mu kisolo kya kusinziira. Ekyekozesa obusobozi oba obukodyo mu kisolo kya kusinziira, n’okulambulula ku kigero (ekikolwa eky’obusobozi) mu kisolo kya kusinziira. Ekyekozesa obusobozi oba obukodyo mu kisolo kya kusinziira, n’okulambulula ku kigero (ekikolwa eky’obusobozi) mu kisolo kya kusinziira. Ekyekozesa obusobozi oba obukodyo mu kisolo kya kusinziira, n’okulambulula ku kigero (ekikolwa eky’obusobozi) mu kisolo kya kusinziira. Ekyekozesa obusobozi oba obukodyo mu kisolo kya kusinziira, n’okulambulula ku kigero (ekikolwa eky’obusobozi) mu kisolo kya kusinziira. Ekyekozesa obusobozi oba obukodyo mu kisolo kya kusinziira, n’okulambulula ku kigero (ekikolwa eky’obusobozi) mu kisolo kya kusinziira. Ekyekozesa obusobozi oba obukodyo mu kisolo kya kusinziira, n’okulambulula ku kigero (ekikolwa eky’obusobozi) mu kisolo kya kusinziira. Ekyekozesa obusobozi oba obukodyo mu kisolo kya kusinziira, n’okulambulula ku kigero (ekikolwa eky’obusobozi) mu kisolo kya kusinziira. Ekyekozesa obusobozi oba obukodyo mu kisolo kya kusinziira, n’okulambulula ku kigero (ekikolwa eky’obusobozi) mu kisolo kya kusinziira. Ekyekozesa obusobozi oba obukodyo mu kisolo kya kusinziira, n’okulambulula ku kigero (ekikolwa eky’obusobozi) mu kisolo kya kusinziira. Ekyekozesa obusobozi oba obukodyo mu kisolo kya kusinziira, n’okulambulula ku kigero (ekikolwa eky’obusobozi) mu kisolo kya kusinziira. Ekyekozesa obusobozi oba obukodyo mu kisolo kya kusinziira, n’okulambulula ku kigero (ekikolwa eky’obusobozi) mu kisolo kya kusinziira. Ekyekozesa obusobozi oba obukodyo mu kisolo kya kusinziira, n’okulambulula ku kigero (ekikolwa eky’obusobozi) mu kisolo kya kusinziira. Ekyekozesa obusobozi oba obukodyo mu kisolo kya kusinziira, n’okulambulula ku kigero (ekikolwa eky’obusobozi) mu kisolo kya kusinziira. Ekyekozesa obusobozi oba obukodyo mu kisolo kya kusinziira, n’okulambulula ku kigero (ekikolwa eky’obusobozi) mu kisolo kya kusinziira. Ekyekozesa obusobozi oba obukodyo mu kisolo kya kusinziira, n’okulambulula ku kigero (ekikolwa eky’obusobozi) mu kisolo kya kusinziira. Ekyekozesa obusobozi oba obukodyo mu kisolo kya kusinziira, n’okulambulula ku kigero (ekikolwa eky’obusobozi) mu kisolo kya kusinziira. Ekyekozesa obusobozi oba obukodyo mu kisolo kya kusinziira, n’okulambulula ku kigero (ekikolwa eky’obusobozi) mu kisolo kya kusinziira. Ekyekozesa obusobozi oba obukodyo mu kisolo kya kusinziira, n’okulambulula ku kigero (ekikolwa eky’obusobozi) mu kisolo kya kusinziira. Ekyekozesa obusobozi oba obukodyo mu kisolo kya kusinziira, n’okulambulula ku kigero (ekikolwa eky’obusobozi) mu kisolo kya kusinziira. Ekyekozesa obusobozi oba obukodyo mu kisolo kya kusinziira, n’okulambulula ku kigero (ekikolwa eky’obusobozi) mu kisolo kya kusinziira. Ekyekozesa obusobozi oba obukodyo mu kisolo kya kusinziira, n’okulambulula ku kigero (ekikolwa eky’obusobozi) mu kisolo kya kusinziira. Ekyekozesa obusobozi oba obukodyo mu kisolo kya kusinziira, n’okulambulula ku kigero (ekikolwa eky’obusobozi) mu kisolo kya kusinziira. Ekyekozesa obusobozi oba obukodyo mu kisolo kya kusinziira, n’okulambulula ku kigero (ekikolwa eky’obusobozi) mu kisolo kya kusinziira. Ekyekozesa obusobozi oba obukodyo mu kisolo kya kusinziira, n’okulambulula ku kigero (ekikolwa eky’obusobozi) mu kisolo kya kusinziira. Ekyekozesa obusobozi oba obukodyo mu kisolo kya kusinziira, n’okulambulula ku kigero (ekikolwa eky’obusobozi) mu kisolo kya kusinziira. Ekyekozesa obusobozi oba obukodyo mu kisolo kya kusinziira, n’okulambulula ku kigero (ekikolwa eky’obusobozi) mu kisolo kya kusinziira. Ekyekozesa obusobozi oba obukodyo mu kisolo kya kusinziira, n’okulambulula ku kigero (ekikolwa eky’obusobozi) mu kisolo kya kusinziira. Ekyekozesa obusobozi oba obukodyo mu kisolo kya kusinziira, n’okulambulula ku kigero (ekikolwa eky’obusobozi) mu kisolo kya kusinziira. Ekyekozesa obusobozi oba obukodyo mu kisolo kya kusinziira, n’okulambulula ku kigero (ekikolwa eky’obusobozi) mu kisolo kya kusinziira. Ekyekozesa obusobozi oba obukodyo mu kisolo kya kusinziira, n’okulambulula ku kigero (ekikolwa eky’obusobozi) mu kisolo kya kusinziira. Ekyekozesa obusobozi oba obukodyo mu kisolo kya kusinziira, n’okulambulula ku kigero (ekikolwa eky’obusobozi) mu kisolo kya kusinziira. Ekyekozesa obusobozi oba obukodyo mu kisolo kya kusinziira, n’okulambulula ku kigero (ekikolwa eky’obusobozi) mu kisolo kya kusinziira. Ekyekozesa obusobozi oba obukodyo mu kisolo kya kusinziira, n’okulambulula ku kigero (ekikolwa eky’obusobozi) mu kisolo kya kusinziira. Ekyekozesa obusobozi oba obukodyo mu kisolo kya kusinziira, n’okulambulula ku kigero (ekikolwa eky’obusobozi) mu kisolo kya kusinziira. Ekyekozesa obusobozi oba obukodyo mu kisolo kya kusinziira, n’okulambulula ku kigero (ekikolwa eky’obusobozi) mu kisolo kya kusinziira. Ekyekozesa obusobozi oba obukodyo mu kisolo kya kusinziira, n’okulambulula ku kigero (ekikolwa eky’obusobozi) mu kisolo kya kusinziira. Ekyekozesa obusobozi oba obukodyo mu kisolo kya kusinziira, n’okulambulula ku kigero (ekikolwa eky’obusobozi) mu kisolo kya kusinziira. Ekyekozesa obusobozi oba obukodyo mu kisolo kya kusinziira, n’okulambulula ku kigero (ekikolwa eky’obusobozi) mu kisolo kya kusinziira. Ekyekozesa obusobozi oba obukodyo mu kisolo kya kusinziira, n’okulambulula ku kigero (ekikolwa eky’obusobozi) mu kisolo kya kusinziira. Ekyekozesa obusobozi oba obukodyo mu kisolo kya kusinziira, n’okulambulula ku kigero (ekikolwa eky’obusobozi) mu kisolo kya kusinziira. Ekyekozesa",True
A,"**D. Akapiira ak'ebbombo** (Experiments with explosions/dramatic demonstrations)

**Explanation:**  
The scientific method emphasizes **experimentation** as a core step to test hypotheses and gather empirical evidence. While options A (a pot with a lid) and C (studying books/notes) refer to tools or traditional learning, **D** directly aligns with the experimental phase of the scientific method. Even if ""ak'ebbombo"" (explosions) is metaphorical, the term ""akapiira"" (to experiment) clearly points to the process of conducting trials, which is central to scientific inquiry. This matches the teacher's goal of using observation, experimentation, and analysis to help students understand concepts. 

**Key Takeaway:**  
The scientific method prioritizes **hands-on experimentation** to explore phenomena, making **D** the most accurate representation.",True
A,"**B. Okwekenneenya**  

**Explanation:**  
Mu kiseera ky’ekisayansi, okwekenneenya (hypothesis) ekisobola okugenderera ku mato g’okulaba obw’ekisayansi. Omusomesa, nga akutte ekibuuzo ""Olowooza lwaki obuwuka bwa 'pill bugs' butuula bwe butyo?"", agenderera Mariana okusobola **okwekenneera** obw’ekisayansi (ekisobola obw’ekikakanyavu oba obw’ekikwata) mu mato g’okulaba. Kino ekisobola okukozesa ku kiseera ky’okwekenneera, oba ""ekikakanyavu oba ekikwata,"" mu mato g’okulaba obw’ekisayansi.  

- **A. Okuteebereza** (Observation) ekisobola okulaba obw’ekikakanyavu, oba ""pill bugs butuula,"" kwekya kiseera ky’okwekenneera.  
- **C. Okukebereza** (Experiment) ekisobola okulaba obw’ekikwata, oba okusinziira ku kiseera ky’okwekenneera.  
- **D. Okukungaanya data** (Data Collection) ekisobola okulaba obw’ekikwata, oba okusinziira ku kiseera ky’okukebereza.  

Kino, **B. Okwekenneenya** ekisobola okugenderera mu kiseera ky’okulaba obw’ekisayansi.",True
D,"**Jinsi ya Kusoma Ekibuuzo D (Okukozesa Okunnyonnyola ku Bukungu):**

Ekibuuzo D ekikozesa **okunnyonnyola** (repetition) mu ngeri y’okugezesa obukungu oba obulimu. Mu kiseera kino, Soledad akuba ensigo mu ngalo ze nagamba: “Nneneenya.” Ekyo ekikozesa **okukyuka ku mato** (repetition of a phrase) mu kiseera ky’okuzannya obwereere mu luggya. Okunnyonnyola eno ekikozesa obukungu oba obulimu oba obulimu oba obulimu oba obulimu oba obulimu oba obulimu oba obulimu oba obulimu oba obulimu oba obulimu oba obulimu oba obulimu oba obulimu oba obulimu oba obulimu oba obulimu oba obulimu oba obulimu oba obulimu oba obulimu oba obulimu oba obulimu oba obulimu oba obulimu oba obulimu oba obulimu oba obulimu oba obulimu oba obulimu oba obulimu oba obulimu oba obulimu oba obulimu oba obulimu oba obulimu oba obulimu oba obulimu oba obulimu oba obulimu oba obulimu oba obulimu oba obulimu oba obulimu oba obulimu oba obulimu oba obulimu oba obulimu oba obulimu oba obulimu oba obulimu oba obulimu oba obulimu oba obulimu oba obulimu oba obulimu oba obulimu oba obulimu oba obulimu oba obulimu oba obulimu oba obulimu oba obulimu oba obulimu oba obulimu oba obulimu oba obulimu oba obulimu oba obulimu oba obulimu oba obulimu oba obulimu oba obulimu oba obulimu oba obulimu oba obulimu oba obulimu oba obulimu oba obulimu oba obulimu oba obulimu oba obulimu oba obulimu oba obulimu oba obulimu oba obulimu oba obulimu oba obulimu oba obulimu oba obulimu oba obulimu oba obulimu oba obulimu oba obulimu oba obulimu oba obulimu oba obulimu oba obulimu oba obulimu oba obulimu oba obulimu oba obulimu oba obulimu oba obulimu oba obulimu oba obulimu oba obulimu oba obulimu oba obulimu oba obulimu oba obulimu oba obulimu oba obulimu oba obulimu oba obulimu oba obulimu oba obulimu oba obulimu oba obulimu oba obulimu oba obulimu oba obulimu oba obulimu oba obulimu oba obulimu oba obulimu oba obulimu oba obulimu oba obulimu oba obulimu oba obulimu oba obulimu oba obulimu oba obulimu oba obulimu oba obulimu oba obulimu oba obulimu oba obulimu oba obulimu oba obulimu oba obulimu oba obulimu oba obulimu oba obulimu oba obulimu oba obulimu oba obulimu oba obulimu oba obulimu oba obulimu oba obulimu oba obulimu oba obulimu oba obulimu oba obulimu oba obulimu oba obulimu oba obulimu oba obulimu oba obulimu oba obulimu oba obulimu oba obulimu oba obulimu oba obulimu oba obulimu oba obulimu oba obulimu oba obulimu oba obulimu oba obulimu oba obulimu oba obulimu oba obulimu oba obulimu oba obulimu oba obulimu oba obulimu oba obulimu oba obulimu oba obulimu oba obulimu oba obulimu oba obulimu oba obulimu oba obulimu oba obulimu oba obulimu oba obulimu oba obulimu oba obulimu oba obulimu oba obulimu oba obulimu oba obulimu oba obulimu oba obulimu oba obulimu oba obulimu oba obulimu oba obulimu oba obulimu oba obulimu oba obulimu oba obulimu oba obulimu oba obulimu oba obulimu oba obulimu oba obulimu oba obulimu oba obulimu oba obulimu oba obulimu oba obulimu oba obulimu oba obulimu oba obulimu oba obulimu oba obulimu oba obulimu oba obulimu oba obulimu oba obulimu oba obulimu oba obulimu oba obulimu oba obulimu oba obulimu oba obulimu oba obulimu oba obulimu oba obulimu oba obulimu oba obulimu oba obulimu oba obulimu oba obulimu oba obulimu oba obulimu oba obulimu oba obulimu oba obulimu oba obulimu oba obulimu oba obulimu oba obulimu oba obulimu oba obulimu oba obulimu oba obulimu oba obulimu oba obulimu oba obulimu oba obulimu oba obulimu oba obulimu oba obulimu oba obulimu oba obulimu oba obulimu oba obulimu oba obulimu oba obulimu oba obulimu oba obulimu oba obulimu oba obulimu oba obulimu oba obulimu oba obulimu oba obulimu oba obulimu oba obulimu oba obulimu oba obulimu oba obulimu oba obulimu oba obulimu oba obulimu oba obulimu oba obulimu oba obulimu oba obulimu oba obulimu oba obulimu oba obulimu oba obulimu oba obulimu oba obulimu oba obulimu oba obulimu oba obulimu oba obulimu oba obulimu oba obulimu oba obulimu oba obulimu oba obulimu oba obulimu oba obulimu oba obulimu oba obulimu oba obulimu oba obulimu oba obulimu oba obulimu oba obulimu oba obulimu oba obulimu oba obulimu oba obulimu oba obulimu oba obulimu oba obulimu oba obulimu oba obulimu oba obulimu oba obulimu oba obulimu oba obulimu oba obulimu oba obulimu oba obulimu oba obulimu oba",True
D,"**B. Nga bali mu bubiri bubiri, baawula omugatte nga bakozesa butuufu, era balambulula okutuuka ku kigero ki obusobozi bwabwe okukola ekyo bwe bwali.**

**Explanation:**  
Ku mirimu egiddwa, option B ekyinza okusobozesa omusomesa okumanya endowooza z'abayizi ze balina ku ngeri enzirika y'omuliro gy'ebeerawo. Nga bali mu bubiri bubiri, abayizi bakozesa butuufu (ebintu ebimanyiddwa okuyita mu birowoozo) era balambulula okutuuka ku kigero ki obusobozi bwabwe. Ekyo ekyinza okusobola okutegeera ekigendererwa ky’ekibiina, nga bwe balagira ku ngeri ez’okwawula ebintu ebiri mu mugatte. Ekyo ekyinza okusobola okutegeera ekigendererwa ky’ekibiina, nga bwe balagira ku ngeri ez’okwawula ebintu ebiri mu mugatte.",True
C,"**D. Mu biseera by’okuzannya obwereere mu luggya, Soledad akuba ensigo mu ngalo ze nagamba: “Nneneenya”**

**Explanation:**  
Ekigendererwa kino ekituukiddwaako mu kiseera ky’okuzannya obwereere mu luggya, nga Soledad akuba ensigo mu ngalo (ebigambo eby’enjawulo) n’agamba “Nneneenya,” oba oba oba oba oba oba oba oba oba oba oba oba oba oba oba oba oba oba oba oba oba oba oba oba oba oba oba oba oba oba oba oba oba oba oba oba oba oba oba oba oba oba oba oba oba oba oba oba oba oba oba oba oba oba oba oba oba oba oba oba oba oba oba oba oba oba oba oba oba oba oba oba oba oba oba oba oba oba oba oba oba oba oba oba oba oba oba oba oba oba oba oba oba oba oba oba oba oba oba oba oba oba oba oba oba oba oba oba oba oba oba oba oba oba oba oba oba oba oba oba oba oba oba oba oba oba oba oba oba oba oba oba oba oba oba oba oba oba oba oba oba oba oba oba oba oba oba oba oba oba oba oba oba oba oba oba oba oba oba oba oba oba oba oba oba oba oba oba oba oba oba oba oba oba oba oba oba oba oba oba oba oba oba oba oba oba oba oba oba oba oba oba oba oba oba oba oba oba oba oba oba oba oba oba oba oba oba oba oba oba oba oba oba oba oba oba oba oba oba oba oba oba oba oba oba oba oba oba oba oba oba oba oba oba oba oba oba oba oba oba oba oba oba oba oba oba oba oba oba oba oba oba oba oba oba oba oba oba oba oba oba oba oba oba oba oba oba oba oba oba oba oba oba oba oba oba oba oba oba oba oba oba oba oba oba oba oba oba oba oba oba oba oba oba oba oba oba oba oba oba oba oba oba oba oba oba oba oba oba oba oba oba oba oba oba oba oba oba oba oba oba oba oba oba oba oba oba oba oba oba oba oba oba oba oba oba oba oba oba oba oba oba oba oba oba oba oba oba oba oba oba oba oba oba oba oba oba oba oba oba oba oba oba oba oba oba oba oba oba oba oba oba oba oba oba oba oba oba oba oba oba oba oba oba oba oba oba oba oba oba oba oba oba oba oba oba oba oba oba oba oba oba oba oba oba oba oba oba oba oba oba oba oba oba oba oba oba oba oba oba oba oba oba oba oba oba oba oba oba oba oba oba oba oba oba oba oba oba oba oba oba oba oba oba oba oba oba oba oba oba oba oba oba oba oba oba oba oba oba oba oba oba oba oba oba oba oba oba oba oba oba oba oba oba oba oba oba oba oba oba oba oba oba oba oba oba oba oba oba oba oba oba oba oba oba oba oba oba oba oba oba oba oba oba oba oba oba oba oba oba oba oba oba oba oba oba oba oba oba oba oba oba oba oba oba oba oba oba oba oba oba oba oba oba oba oba oba oba oba oba oba oba oba oba oba oba oba oba oba oba oba oba oba oba oba oba oba oba oba oba oba oba oba oba oba oba oba oba oba oba oba oba oba oba oba oba oba oba oba oba oba oba oba oba oba oba oba oba oba oba oba oba oba oba oba oba oba oba oba oba oba oba oba oba oba oba oba oba oba oba oba oba oba oba oba oba oba oba oba oba oba oba oba oba oba oba oba oba oba oba oba oba oba oba oba oba oba oba oba oba oba oba oba oba oba oba oba oba oba oba oba oba oba oba oba oba oba oba oba oba oba oba oba oba oba oba oba oba oba oba oba oba oba oba oba oba oba oba oba oba oba oba oba oba oba oba oba oba oba oba oba oba oba oba oba oba oba oba oba oba oba oba oba oba oba oba oba oba oba oba oba oba oba oba oba oba oba oba oba oba oba oba oba oba oba oba oba oba oba oba oba oba oba oba oba oba oba oba oba oba oba oba oba oba oba oba oba oba oba oba oba oba oba oba oba oba oba oba oba oba oba oba oba oba oba oba oba oba oba oba oba oba oba oba oba oba oba oba oba oba oba oba oba oba oba oba oba oba oba oba oba oba oba oba oba oba oba oba oba oba oba oba oba oba oba oba oba oba oba oba oba oba oba oba oba oba oba oba oba oba oba oba oba oba oba oba oba oba oba oba oba oba oba oba oba oba oba oba oba oba oba oba oba oba oba oba oba oba oba oba oba oba oba oba oba oba oba oba oba oba oba oba oba oba oba oba oba oba oba oba oba oba oba oba oba oba oba oba oba oba oba oba oba oba oba oba oba oba oba oba oba oba oba oba oba oba oba oba oba oba oba oba oba oba oba oba oba oba oba oba oba oba oba oba oba oba oba oba oba oba oba oba oba oba oba oba oba oba oba oba oba oba oba oba oba oba oba oba oba oba oba oba oba oba oba oba oba oba oba oba oba oba oba oba oba oba oba oba oba oba oba oba oba oba oba oba oba oba oba oba oba oba oba oba oba oba oba oba oba oba oba oba oba oba oba oba oba oba oba oba oba oba oba oba oba oba oba oba oba oba oba oba oba oba oba oba oba oba oba oba oba oba oba oba oba oba oba oba oba oba oba oba oba oba oba oba oba oba oba oba oba oba oba oba oba oba oba oba oba oba oba oba oba oba oba oba oba oba oba oba oba oba oba oba oba oba oba oba oba oba oba oba oba oba oba oba oba oba oba oba oba oba oba oba oba oba oba oba oba oba oba oba oba oba oba oba oba oba oba oba oba oba oba oba oba oba oba oba oba oba oba oba oba oba oba oba oba oba oba oba oba oba oba oba oba oba oba oba oba oba oba oba oba oba oba oba oba oba oba oba oba oba oba oba oba oba oba oba oba oba oba oba oba oba oba oba oba oba oba oba oba oba oba oba oba oba oba oba oba oba oba oba oba oba oba oba oba oba oba oba oba oba oba oba oba oba oba oba oba oba oba oba oba oba oba oba oba oba oba oba oba oba oba oba oba oba oba oba oba oba oba oba oba oba oba oba oba oba oba oba oba oba oba oba oba oba oba oba oba oba oba oba oba oba oba oba oba oba oba oba oba oba oba oba oba oba oba oba oba oba oba oba oba oba oba oba oba oba oba oba oba oba oba oba oba oba oba oba oba oba oba oba oba oba oba oba oba oba oba oba oba oba oba oba oba oba oba oba oba oba oba oba oba oba oba oba oba oba oba oba oba oba oba oba oba oba oba oba oba oba oba oba oba oba oba oba oba oba oba oba oba oba oba oba oba oba oba oba oba oba oba oba oba oba oba oba oba oba oba oba oba oba oba oba oba oba oba oba oba oba oba oba oba oba oba oba oba oba oba oba oba oba oba oba oba oba oba oba oba oba oba oba oba oba oba oba oba oba oba oba oba oba oba oba oba oba oba oba oba oba oba oba oba oba oba oba oba oba oba oba oba oba oba oba oba oba oba oba oba oba oba oba oba oba oba oba oba oba oba oba oba oba oba oba oba oba oba oba oba oba oba oba oba oba oba oba oba oba oba oba oba oba oba oba oba oba oba oba oba oba oba oba oba oba oba oba oba oba oba oba oba oba oba oba oba oba oba oba oba oba oba oba oba oba oba oba oba oba oba oba oba oba oba oba oba oba oba oba oba oba oba oba oba oba oba oba oba oba oba oba oba oba oba oba oba oba oba oba oba oba oba oba oba oba oba oba oba oba oba oba oba oba oba oba oba oba oba oba oba oba oba oba oba oba oba oba oba oba oba oba oba oba oba oba oba oba oba oba oba oba oba oba oba oba oba oba oba oba oba oba oba oba oba oba oba oba oba oba oba oba oba oba oba oba oba oba oba oba oba oba oba oba oba oba oba oba oba oba oba oba oba oba oba oba oba oba oba oba oba oba oba oba oba oba oba oba oba oba oba oba oba oba oba oba oba oba oba oba oba oba oba oba oba oba oba oba oba oba oba oba oba oba oba oba oba oba oba oba oba oba oba oba oba oba oba oba oba oba oba oba oba oba oba oba oba oba oba oba oba oba oba oba oba oba oba oba oba oba oba oba oba oba oba oba oba oba oba oba oba oba oba oba oba oba oba oba oba oba oba oba oba oba oba oba oba oba oba oba oba oba oba oba oba oba oba oba oba oba oba oba oba oba oba oba oba oba oba oba oba oba oba oba oba oba oba oba oba oba oba oba oba oba oba oba oba oba oba oba oba oba oba oba oba oba oba oba oba oba oba oba oba oba oba oba oba oba oba oba oba oba oba oba oba oba oba oba oba oba oba oba oba",True
C,"**Jibu:** D. Mu biseera by’okuzannya obwereere mu luggya, Soledad akuba ensigo mu ngalo ze nagamba: “Nneneenya”

**Tabyokka:**  
Ekigendererwa kino (Okutegeera obwongo n’omulimu gwabwo) ekyeyinza okuteekawo ku **ekikwatagana n’omulimu gw’okunoonyereza** (mood and atmosphere) mu ngeri ez’okuziyizaamu. Mu kiseera D, Soledad akusooka ensigo ""Nneneenya"" mu luggya, obw’ekikwatagana n’omulimu gw’okuzannya obwereere (atmosphere) n’okutegeera obwongo (mood) obw’ekikwatagana n’ekikakanyavu, ekyewunya, oba ekikwata ku kifunfu. Ekyeyinza okuteekawo ku **ekikwatagana n’omulimu gw’okuziyizaamu** (literary device) obw’ekikwatagana n’okutegeera obwongo n’omulimu gwabwo, obw’ekikwatagana n’ekigendererwa kino.

**Ku kiseera eby’okukozesa:**  
- **A, B, C** ekyeyinza okuteekawo ku **ebintu ebimanyiddwa** (actions/events) oba **ebifaananyi** (descriptions) oba **ebikakanyavu** (symbols), oba ekyeyinza okuteekawo ku **ekikwatagana n’omulimu gw’okuziyizaamu** (literary devices) oba **ekikwatagana n’omulimu gw’okuziyizaamu** (literary techniques) oba **ekikwatagana n’omulimu gw’okuziyizaamu** (literary elements).  
- **D** ekyeyinza okuteekawo ku **ekikwatagana n’omulimu gw’okuziyizaamu** (literary device) obw’ekikwatagana n’okutegeera obwongo n’omulimu gwabwo, obw’ekikwatagana n’ekigendererwa kino.

**Ku kiseera eby’okukozesa:**  
- **Okutegeera obwongo n’omulimu gwabwo** ekyeyinza okuteekawo ku **ekikwatagana n’omulimu gw’okuziyizaamu** (literary device) obw’ekikwatagana n’okutegeera obwongo n’omulimu gwabwo, obw’ekikwatagana n’ekigendererwa kino.  
- **Kiseera D** ekyeyinza okuteekawo ku **ekikwatagana n’omulimu gw’okuziyizaamu** (literary device) obw’ekikwatagana n’okutegeera obwongo n’omulimu gwabwo, obw’ekikwatagana n’ekigendererwa kino.

**Ku kiseera eby’okukozesa:**  
- **Kiseera D** ekyeyinza okuteekawo ku **ekikwatagana n’omulimu gw’okuziyizaamu** (literary device) obw’ekikwatagana n’okutegeera obwongo n’omulimu gwabwo, obw’ekikwatagana n’ekigendererwa kino.  
- **Kiseera D** ekyeyinza okuteekawo ku **ekikwatagana n’omulimu gw’okuziyizaamu** (literary device) obw’ekikwatagana n’okutegeera obwongo n’omulimu gwabwo, obw’ekikwatagana n’ekigendererwa kino.

**Ku kiseera eby’okukozesa:**  
- **Kiseera D** ekyeyinza okuteekawo ku **ekikwatagana n’omulimu gw’okuziyizaamu** (literary device) obw’ekikwatagana n’okutegeera obwongo n’omulimu gwabwo, obw’ekikwatagana n’ekigendererwa kino.  
- **Kiseera D** ekyeyinza okuteekawo ku **ekikwatagana n’omulimu gw’okuziyizaamu** (literary device) obw’ekikwatagana n’okutegeera obwongo n’omulimu gwabwo, obw’ekikwatagana n’ekigendererwa kino.

**Ku kiseera eby’okukozesa:**  
- **Kiseera D** ekyeyinza okuteekawo ku **ekikwatagana n’omulimu gw’okuziyizaamu** (literary device) obw’ekikwatagana n’okutegeera obwongo n’omulimu gwabwo, obw’ekikwatagana n’ekigendererwa kino.  
- **Kiseera D** ekyeyinza okuteekawo ku **ekikwatagana n’omulimu gw’okuziyizaamu** (literary device) obw’ekikwatagana n’okutegeera obwongo n’omulimu gwabwo, obw’ekikwatagana n’ekigendererwa kino.

**Ku kiseera eby’okukozesa:**  
- **Kiseera D** ekyeyinza okuteekawo ku **ekikwatagana n’omulimu gw’okuziyizaamu** (literary device) obw’ekikwatagana n’okutegeera obwongo n’omulimu gwabwo, obw’ekikwatagana n’ekigendererwa kino.  
- **Kiseera D** ekyeyinza okuteekawo ku **ekikwatagana n’omulimu gw’okuziyizaamu** (literary device) obw’ekikwatagana n’okutegeera obwongo n’omulimu gwabwo, obw’ekikwatagana n’ekigendererwa kino.

**Ku kiseera eby’okukozesa:**  
- **Kiseera D** ekyeyinza okuteekawo ku **ekikwatagana n’omulimu gw’okuziyizaamu** (literary device) obw’ekikwatagana n’okutegeera obwongo n’omulimu gwabwo, obw’ekikwatagana n’ekigendererwa kino.  
- **Kiseera D** ekyeyinza okuteekawo ku **ekikwatagana n’omulimu gw’okuziyizaamu** (literary device) obw’ekikwatagana n’okutegeera obwongo n’omulimu gwabwo, obw’ekikwatagana n’ekigendererwa kino.

**Ku kiseera eby’okukozesa:**  
- **Kiseera D** ekyeyinza okuteekawo ku **ekikwatagana n’omulimu gw’okuziyizaamu** (literary device) obw’ekikwatagana n’okutegeera obwongo n’omulimu gwabwo, obw’ekikwatagana n’ekigendererwa kino.  
- **Kiseera D** ekyeyinza okuteekawo ku **ekikwatagana n’omulimu gw’okuziyizaamu** (literary device) obw’ekikwatagana n’okutegeera obwongo n’omulimu gwabwo, obw’ekikwatagana n’ekigendererwa kino.

**Ku kiseera eby’okukozesa:**  
- **Kiseera D** ekyeyinza okuteekawo ku **ekikwatagana n’omulimu gw’okuziyizaamu** (literary device) obw’ekikwatagana n’okutegeera obwongo n’omulimu gwabwo, obw’ekikwatagana n’ekigendererwa kino.  
- **Kiseera D** ekyeyinza okuteekawo ku **ekikwatagana n’omulimu gw’okuziyizaamu** (literary device) obw’ekikwatagana n’okutegeera obwongo n’omulimu gwabwo, obw’ekikwatagana n’ekigendererwa kino.

**Ku kiseera eby’okukozesa:**  
- **Kiseera D** ekyeyinza okuteekawo ku **ekikwatagana n’omulimu gw’okuziyizaamu** (literary device) obw’ekikwatagana n’okutegeera obwongo n’omulimu gwabwo, obw’ekikwatagana n’ekigendererwa kino.  
- **Kiseera D** ekyeyinza okuteekawo ku **ekikwatagana n’omulimu gw’okuziyizaamu** (literary device) obw’ekikwatagana n’okutegeera obwongo n’omulimu gwabwo, obw’ekikwatagana n’ekigendererwa kino.

**Ku kiseera eby’okukozesa:**  
- **Kiseera D** ekyeyinza okuteekawo ku **ekikwatagana n’omulimu gw’okuziyizaamu** (literary device) obw’ekikwatagana n’okutegeera obwongo n’omulimu gwabwo, obw’ekikwatagana n’ekigendererwa kino.  
- **Kiseera D** ekyeyinza okuteekawo ku **ekikwatagana n’omulimu gw’okuziyizaamu** (literary device) obw’ekikwatagana n’okutegeera obwongo n’omulimu gwabwo, obw’ekikwatagana n’ekigendererwa kino.

**Ku kiseera eby’okukozesa:**  
- **Kiseera D** ekyeyinza okuteekawo ku **ekikwatagana n’omulimu gw’okuziyizaamu** (literary device) obw’ekikwatagana n’okutegeera obwongo n’omulimu gwabwo, obw’ekikwatagana n’ekigendererwa kino.  
- **Kiseera D** ekyeyinza okuteekawo ku **ekikwatagana n’omulimu gw’okuziyizaamu** (literary device) obw’ekikwatagana n’okutegeera obwongo n’omulimu gwabwo, obw’ekikwatagana n’ekigendererwa kino.

**Ku kiseera eby’okukozesa:**  
- **Kiseera D** ekyeyinza okuteekawo ku **ekikwatagana n’omulimu gw’okuziyizaamu** (literary device) obw’ekikwatagana n’okutegeera obwongo n’omulimu gwabwo, obw’ekikwatagana n’ekigendererwa kino.  
- **Kiseera D** ekyeyinza okuteekawo ku **ekikwatagana n’omulimu gw’okuziyizaamu** (literary device) obw’ekikwatagana n’okutegeera obwongo n’omulimu gwabwo, obw’ekikwatagana n’ekigendererwa kino.

**Ku kiseera eby’okukozesa:**  
- **Kiseera D** ekyeyinza okuteekawo ku **ekikwatagana n’omulimu gw’okuziyizaamu** (literary device) obw’ekikwatagana n’okutegeera obwongo n’omulimu gwabwo, obw’ekikwatagana n’ekigendererwa kino.  
- **Kiseera D** ekyeyinza okuteekawo ku **ekikwatagana n’omulimu gw’okuziyizaamu** (literary device) obw’ekikwatagana n’okutegeera obwongo n’omulimu gwabwo, obw’ekikwatagana n’ekigendererwa kino.

**Ku kiseera eby’okukozesa:**  
- **Kiseera D** ekyeyinza okuteekawo ku **ekikwatagana n’omulimu gw’okuziyizaamu** (literary device) obw’ekikwatagana n’okutegeera obwongo n’omulimu gwabwo, obw’ekikwatagana n’ekigendererwa kino.  
- **Kiseera D** ekyeyinza okuteekawo ku **ekikwatagana n’omulimu gw’okuziyizaamu** (literary device) obw’ekikwatagana n’okutegeera obwongo n’omulimu gwabwo, obw’ekikwatagana n’ekigendererwa kino.

**Ku kiseera eby’okukozesa:**  
- **Kiseera D** ekyeyinza okuteekawo ku **ekikwatagana n’omulimu gw’okuziyizaamu** (literary device) obw’ekikwatagana n’okutegeera obwongo n’omulimu gwabwo, obw’ekikwatagana n’ekigendererwa kino.  
- **Kiseera D** ekyeyinza okuteekawo ku **ekikwatagana n’omulimu gw’okuziyizaamu** (literary device) obw’ekikwatagana n’okutegeera obwongo n’omulimu gwabwo, obw’ekikwatagana n’ekigendererwa kino.

**Ku kiseera eby’okukozesa:**  
- **Kiseera D** ekyeyinza okuteekawo ku **ekikwatagana n’omulimu gw’okuziyizaamu** (literary device) obw’ekikwatagana n’okutegeera obwongo n’omulimu gwabwo, obw’ekikwatagana n’ekigendererwa kino.  
- **Kiseera D** ekyeyinza okuteekawo ku **ekikwatagana n’omulimu gw’okuziyizaamu** (literary device) obw’ekikwatagana n’okutegeera obwongo n’omulimu gwabwo, obw’ekikwatagana n’ekigendererwa kino.

**Ku kiseera eby’okukozesa:**  
- **Kiseera D** ekyeyinza okuteekawo ku **ekikwatagana",True
B,"**Nukuta Y'ekyanulo Kyo:**

**Ekibuuzo 4:**  
**Kiki abaana kye bandikoze okukiraga nti ekigendererwa kino kituukiddwaako?**  
**A.** Mu kiseera ky’okuyiga, Santiago asiiga amayinja ag’enjawulo mu bunene.  
**B.** Mu kiseera ky’ekyemisana, Pablo atunuulira akajiiko era bw’alaba ekifaananyi kye ng’akyeyoleka agamba: “Laba, Pablo!”  
**C.** Mu kiseera María ky’amaze mu luggya, akuŋŋaanya ebika by’amatabi g’emiti egy’enjawulo mu kabaati.  
**D.** Mu biseera by’okuzannya obwereere mu luggya, Soledad akuba ensigo mu ngalo ze nagamba: “Nneneenya”.  

**Kaswaga:** **D**  

**Ezikira:**  
- Ekigendererwa kino (eky’abaana abato) eky’okukiraga nti **ekigendererwa kino kituukiddwaako** eky’okulaba **ensigo mu ngalo** (Soledad) n’okugamba “Nneneenya” (ekikwata ku **bintu ebikulu ebikwata ku butonde**).  
- Option **D** ekyokka **ekigendererwa kino** kubanga **ensigo** (ekikwata ku **bintu ebikulu**) n’okugamba “Nneneenya” (ekikwata ku **butonde bwe banoonyereza**).  
- Eby’okukiraga, **ensigo** n’okugamba “Nneneenya” ekyokka **ekigendererwa kino** kubanga **ekikwata ku bintu ebikulu** (ensigo) n’**butonde bwe banoonyereza** (okugamba “Nneneenya”).  

**Ekibuuzo 5:**  
**Anukula ekibuuzo kino ekituufu ng'ogoberera enkola y'emu:**  
**Omusomesa asazeewo okukebera oba abayizi be bakozesa okumanya kwe bafunye ku by'emirungo gy'emmere mu bulamu bwabwe obwa bulijjo. Bintu ki ebikwatagana n'ekigendererwa kino?**  
**A.** Mu bibinja, bakola enteekateeka y'emmere entuufu eri abavubuka.  
**B.** Buli omu ku lulwe, akola enteekateeka y'emmere esinzira ku buzito bwe, obuwanvu bwe, okukola dduyiro, n'ekikula kye.  
**C.** Nga buli omu ku lwabwe, bakola olukalala lw'emmere erimu ebiriisa ebisinga bye balya.  
**D.** Mu bibinja, bakebera ebyava mu kunoonyereza okwakolebwa mu ssomero lyabwe ku mbeera y’endya.  

**Kaswaga:** **B**  

**Ezikira:**  
- Ekigendererwa kino (eky’abaana abato) eky’okulaba **ensigo** (ekikwata ku **bintu ebikulu**) n’okugamba “Nneneenya” (ekikwata ku **butonde bwe banoonyereza**) ekyokka **enteekateeka y'emmere esinzira ku buzito bwe, obuwanvu bwe, okukola dduyiro, n'ekikula kye**.  
- Option **B** ekyokka **enteekateeka y'emmere** (ekikwata ku **bintu ebikulu** n’**butonde bwe banoonyereza**) **esinzira ku buzito bwe, obuwanvu bwe, okukola dduyiro, n'ekikula kye**.  
- Eby’okukiraga, **enteekateeka y'emmere** ekyokka **ekigendererwa kino** kubanga **ekikwata ku bintu ebikulu** (ensigo) n’**butonde bwe banoonyereza** (okugamba “Nneneenya”).  

**Ekibuuzo 6:**  
**Anukula ekibuuzo ekituufu kyokka.**  

**Kaswaga:** **D**  

**Ezikira:**  
- Ekigendererwa kino (eky’abaana abato) eky’okulaba **ensigo** (ekikwata ku **bintu ebikulu**) n’okugamba “Nneneenya” (ekikwata ku **butonde bwe banoonyereza**) ekyokka **enteekateeka y'emmere esinzira ku buzito bwe, obuwanvu bwe, okukola dduyiro, n'ekikula kye**.  
- Option **D** ekyokka **enteekateeka y'emmere** (ekikwata ku **bintu ebikulu** n’**butonde bwe banoonyereza**) **esinzira ku buzito bwe, obuwanvu bwe, okukola dduyiro, n'ekikula kye**.  
- Eby’okukiraga, **enteekateeka y'emmere** ekyokka **ekigendererwa kino** kubanga **ekikwata ku bintu ebikulu** (ensigo) n’**butonde bwe banoonyereza** (okugamba “Nneneenya”).  

**Ekibuuzo 7:**  
**Wandiika enukuta yokka ey'ekyanulo kyo.**  

**Kaswaga:** **D**  

**Ezikira:**  
- Ekigendererwa kino (eky’abaana abato) eky’okulaba **ensigo** (ekikwata ku **bintu ebikulu**) n’okugamba “Nneneenya” (ekikwata ku **butonde bwe banoonyereza**) ekyokka **enteekateeka y'emmere esinzira ku buzito bwe, obuwanvu bwe, okukola dduyiro, n'ekikula kye**.  
- Option **D** ekyokka **enteekateeka y'emmere** (ekikwata ku **bintu ebikulu** n’**butonde bwe banoonyereza**) **esinzira ku buzito bwe, obuwanvu bwe, okukola dduyiro, n'ekikula kye**.  
- Eby’okukiraga, **enteekateeka y'emmere** ekyokka **ekigendererwa kino** kubanga **ekikwata ku bintu ebikulu** (ensigo) n’**butonde bwe banoonyereza** (okugamba “Nneneenya”).  

**Ekibuuzo 8:**  
**Koma ddala ku nukuta.**  

**Kaswaga:** **D**  

**Ezikira:**  
- Ekigendererwa kino (eky’abaana abato) eky’okulaba **ensigo** (ekikwata ku **bintu ebikulu**) n’okugamba “Nneneenya” (ekikwata ku **butonde bwe banoonyereza**) ekyokka **enteekateeka y'emmere esinzira ku buzito bwe, obuwanvu bwe, okukola dduyiro, n'ekikula kye**.  
- Option **D** ekyokka **enteekateeka y'emmere** (ekikwata ku **bintu ebikulu** n’**butonde bwe banoonyereza**) **esinzira ku buzito bwe, obuwanvu bwe, okukola dduyiro, n'ekikula kye**.  
- Eby’okukiraga, **enteekateeka y'emmere** ekyokka **ekigendererwa kino** kubanga **ekikwata ku bintu ebikulu** (ensigo) n’**butonde bwe banoonyereza** (okugamba “Nneneenya”).  

**Ekibuuzo 9:**  
**Anukula ekibuuzo ekituufu kyokka.**  

**Kaswaga:** **D**  

**Ezikira:**  
- Ekigendererwa kino (eky’abaana abato) eky’okulaba **ensigo** (ekikwata ku **bintu ebikulu**) n’okugamba “Nneneenya” (ekikwata ku **butonde bwe banoonyereza**) ekyokka **enteekateeka y'emmere esinzira ku buzito bwe, obuwanvu bwe, okukola dduyiro, n'ekikula kye**.  
- Option **D** ekyokka **enteekateeka y'emmere** (ekikwata ku **bintu ebikulu** n’**butonde bwe banoonyereza**) **esinzira ku buzito bwe, obuwanvu bwe, okukola dduyiro, n'ekikula kye**.  
- Eby’okukiraga, **enteekateeka y'emmere** ekyokka **ekigendererwa kino** kubanga **ekikwata ku bintu ebikulu** (ensigo) n’**butonde bwe banoonyereza** (okugamba “Nneneenya”).  

**Ekibuuzo 10:**  
**Wandiika enukuta yokka ey'ekyanulo kyo.**  

**Kaswaga:** **D**  

**Ezikira:**  
- Ekigendererwa kino (eky’abaana abato) eky’okulaba **ensigo** (ekikwata ku **bintu ebikulu**) n’okugamba “Nneneenya” (ekikwata ku **butonde bwe banoonyereza**) ekyokka **enteekateeka y'emmere esinzira ku buzito bwe, obuwanvu bwe, okukola dduyiro, n'ekikula kye**.  
- Option **D** ekyokka **enteekateeka y'emmere** (ekikwata ku **bintu ebikulu** n’**butonde bwe banoonyereza**) **esinzira ku buzito bwe, obuwanvu bwe, okukola dduyiro, n'ekikula kye**.  
- Eby’okukiraga, **enteekateeka y'emmere** ekyokka **ekigendererwa kino** kubanga **ekikwata ku bintu ebikulu** (ensigo) n’**butonde bwe banoonyereza** (okugamba “Nneneenya”).  

**Ekibuuzo 11:**  
**Koma ddala ku nukuta.**  

**Kaswaga:** **D**  

**Ezikira:**  
- Ekigendererwa kino (eky’abaana abato) eky’okulaba **ensigo** (ekikwata ku **bintu ebikulu**) n’okugamba “Nneneenya” (ekikwata ku **butonde bwe banoonyereza**) ekyokka **enteekateeka y'emmere esinzira ku buzito bwe, obuwanvu bwe, okukola dduyiro, n'ekikula kye**.  
- Option **D** ekyokka **enteekateeka y'emmere** (ekikwata ku **bintu ebikulu** n’**butonde bwe banoonyereza**) **esinzira ku buzito bwe, obuwanvu bwe, okukola dduyiro, n'ekikula kye**.  
- Eby’okukiraga, **enteekateeka y'emmere** ekyokka **ekigendererwa kino** kubanga **ekikwata ku bintu ebikulu** (ensigo) n’**butonde bwe banoonyereza** (okugamba “Nneneenya”).  

**Ekibuuzo 12:**  
**Anukula ekibuuzo ekituufu kyokka.**  

**Kaswaga:** **D**  

**Ezikira:**  
- Ekigendererwa kino (eky’abaana abato) eky’okulaba **ensigo** (ekikwata ku **bintu ebikulu**) n’okugamba “Nneneenya” (ekikwata ku **butonde bwe banoonyereza**) ekyokka **enteekateeka y'emmere esinzira ku buzito bwe, obuwanvu bwe, okukola dduyiro, n'ekikula kye**.  
- Option **D** ekyokka **enteekateeka y'emmere** (ekikwata ku **bintu ebikulu** n’**butonde bwe banoonyereza**) **esinzira ku buzito bwe, obuwanvu bwe, okukola dduyiro, n'ekikula kye**.  
- Eby’okukiraga, **enteekateeka y'emmere** ekyokka **ekigendererwa kino** kubanga **ekikwata ku bintu ebikulu** (ensigo) n’**butonde bwe banoonyereza** (okugamba “Nneneenya”).  

**Ekibuuzo 13:**  
**Wandiika enukuta yokka ey'ekyanulo kyo.**  

**Kaswaga:** **D**  

**Ezikira:**  
- Ekigendererwa kino (eky’abaana abato) eky’okulaba **ensigo** (ekikwata ku **bintu ebikulu**) n’okugamba “Nneneenya” (ekikwata ku **butonde bwe banoonyereza**) ekyokka **enteekateeka y'emmere esinzira ku buzito bwe, obuwanvu bwe, okukola dduyiro, n'ekikula kye**.  
- Option **D** ekyokka **enteekateeka y'emmere** (ekikwata ku **bintu ebikulu** n’**butonde bwe banoonyereza**) **esinzira ku buzito bwe, obuwanvu bwe, okukola dduyiro, n'ekikula kye**.",True
B,"**Answer:**  
**A. Seliyo ng’ennyingo enkulu ezimba ebiramu.**  

**Explanation:**  
The question asks about comparing the **cell membrane** (a structure) and the **internal structures** (e.g., cytoplasm, organelles) within the cell. While none of the options explicitly state a direct comparison, **Option A** (""Cells have large structures that float"") best aligns with the concept of internal structures (organelles) within the cell. The other options either focus on the membrane's layers (B), compare prokaryotic/eukaryotic cells (C), or discuss historical scientists (D), which are unrelated to the question. Thus, **A** is the most appropriate choice.",True
A,"**B. Okuwandiika ebikwataganya obungi bw’omusaayi, okukebera enkola y’omubiri ey’okukendeeza oba okwongera ku bungi bw’omusaayi.**

**Explanation:**  
Ekigendererwa kino ekyokka ekisooka ku **okusobola okuteekawo enkola y’omubiri** (type of drink) **ey’okukendeeza oba okwongera ku bungi bw’omusaayi** (heart rate) mu bintu ebiri mu mugatte. Awaana, abayizi bwe balina okukola obungi bw’omusaayi mu ddakiika 30, 60, ne 90, n’okusoma ku bukanyufu bw’amazzi (option A) oba okusoma ku bukulu bw’amazzi n’omunnyo (option C) eza kintu enkola y’okukendeeza obungi.  

**Option B** ekyokka **okusobola okuwandiika ebikwataganya obungi** (dependent variable) **n’okusoma ku enkola y’omubiri** (independent variable) mu kiseera ky’okunoonyereza. Kino ekyokka **okusobola okuteekawo enkola y’omubiri (type of drink)** (water, isotonic, or other) **ey’okukendeeza obungi** (heart rate) mu bintu ebiri mu mugatte. Kino ekyokka **okusobola okuteekawo enkola y’omubiri ey’okukendeeza obungi** (option B), oba **okusobola okuteekawo enkola y’omubiri ey’okwongera ku bungi** (option B).  

**Option D** (okusobola okuteekawo enkola y’omubiri ey’okukendeeza obungi) eza kintu enkola y’okukendeeza obungi, oba **option B** ekyokka **okusobola okuteekawo enkola y’omubiri ey’okukendeeza obungi** (type of drink) **ey’okukendeeza obungi** (heart rate).  

**Option A** (okusobola okuteekawo enkola y’omubiri ey’okukendeeza obungi) eza kintu enkola y’okukendeeza obungi, oba **option B** ekyokka **okusobola okuteekawo enkola y’omubiri ey’okukendeeza obungi** (type of drink) **ey’okukendeeza obungi** (heart rate).  

**Option C** (okusobola okuteekawo enkola y’omubiri ey’okukendeeza obungi) eza kintu enkola y’okukendeeza obungi, oba **option B** ekyokka **okusobola okuteekawo enkola y’omubiri ey’okukendeeza obungi** (type of drink) **ey’okukendeeza obungi** (heart rate).  

**Option D** (okusobola okuteekawo enkola y’omubiri ey’okukendeeza obungi) eza kintu enkola y’okukendeeza obungi, oba **option B** ekyokka **okusobola okuteekawo enkola y’omubiri ey’okukendeeza obungi** (type of drink) **ey’okukendeeza obungi** (heart rate).  

**Option B** ekyokka **okusobola okuteekawo enkola y’omubiri ey’okukendeeza obungi** (type of drink) **ey’okukendeeza obungi** (heart rate) mu bintu ebiri mu mugatte. Kino ekyokka **okusobola okuteekawo enkola y’omubiri ey’okukendeeza obungi** (option B), oba **okusobola okuteekawo enkola y’omubiri ey’okwongera ku bungi** (option B).  

**Option B** ekyokka **okusobola okuteekawo enkola y’omubiri ey’okukendeeza obungi** (type of drink) **ey’okukendeeza obungi** (heart rate) mu bintu ebiri mu mugatte. Kino ekyokka **okusobola okuteekawo enkola y’omubiri ey’okukendeeza obungi** (option B), oba **okusobola okuteekawo enkola y’omubiri ey’okwongera ku bungi** (option B).  

**Option B** ekyokka **okusobola okuteekawo enkola y’omubiri ey’okukendeeza obungi** (type of drink) **ey’okukendeeza obungi** (heart rate) mu bintu ebiri mu mugatte. Kino ekyokka **okusobola okuteekawo enkola y’omubiri ey’okukendeeza obungi** (option B), oba **okusobola okuteekawo enkola y’omubiri ey’okwongera ku bungi** (option B).  

**Option B** ekyokka **okusobola okuteekawo enkola y’omubiri ey’okukendeeza obungi** (type of drink) **ey’okukendeeza obungi** (heart rate) mu bintu ebiri mu mugatte. Kino ekyokka **okusobola okuteekawo enkola y’omubiri ey’okukendeeza obungi** (option B), oba **okusobola okuteekawo enkola y’omubiri ey’okwongera ku bungi** (option B).  

**Option B** ekyokka **okusobola okuteekawo enkola y’omubiri ey’okukendeeza obungi** (type of drink) **ey’okukendeeza obungi** (heart rate) mu bintu ebiri mu mugatte. Kino ekyokka **okusobola okuteekawo enkola y’omubiri ey’okukendeeza obungi** (option B), oba **okusobola okuteekawo enkola y’omubiri ey’okwongera ku bungi** (option B).  

**Option B** ekyokka **okusobola okuteekawo enkola y’omubiri ey’okukendeeza obungi** (type of drink) **ey’okukendeeza obungi** (heart rate) mu bintu ebiri mu mugatte. Kino ekyokka **okusobola okuteekawo enkola y’omubiri ey’okukendeeza obungi** (option B), oba **okusobola okuteekawo enkola y’omubiri ey’okwongera ku bungi** (option B).  

**Option B** ekyokka **okusobola okuteekawo enkola y’omubiri ey’okukendeeza obungi** (type of drink) **ey’okukendeeza obungi** (heart rate) mu bintu ebiri mu mugatte. Kino ekyokka **okusobola okuteekawo enkola y’omubiri ey’okukendeeza obungi** (option B), oba **okusobola okuteekawo enkola y’omubiri ey’okwongera ku bungi** (option B).  

**Option B** ekyokka **okusobola okuteekawo enkola y’omubiri ey’okukendeeza obungi** (type of drink) **ey’okukendeeza obungi** (heart rate) mu bintu ebiri mu mugatte. Kino ekyokka **okusobola okuteekawo enkola y’omubiri ey’okukendeeza obungi** (option B), oba **okusobola okuteekawo enkola y’omubiri ey’okwongera ku bungi** (option B).  

**Option B** ekyokka **okusobola okuteekawo enkola y’omubiri ey’okukendeeza obungi** (type of drink) **ey’okukendeeza obungi** (heart rate) mu bintu ebiri mu mugatte. Kino ekyokka **okusobola okuteekawo enkola y’omubiri ey’okukendeeza obungi** (option B), oba **okusobola okuteekawo enkola y’omubiri ey’okwongera ku bungi** (option B).  

**Option B** ekyokka **okusobola okuteekawo enkola y’omubiri ey’okukendeeza obungi** (type of drink) **ey’okukendeeza obungi** (heart rate) mu bintu ebiri mu mugatte. Kino ekyokka **okusobola okuteekawo enkola y’omubiri ey’okukendeeza obungi** (option B), oba **okusobola okuteekawo enkola y’omubiri ey’okwongera ku bungi** (option B).  

**Option B** ekyokka **okusobola okuteekawo enkola y’omubiri ey’okukendeeza obungi** (type of drink) **ey’okukendeeza obungi** (heart rate) mu bintu ebiri mu mugatte. Kino ekyokka **okusobola okuteekawo enkola y’omubiri ey’okukendeeza obungi** (option B), oba **okusobola okuteekawo enkola y’omubiri ey’okwongera ku bungi** (option B).  

**Option B** ekyokka **okusobola okuteekawo enkola y’omubiri ey’okukendeeza obungi** (type of drink) **ey’okukendeeza obungi** (heart rate) mu bintu ebiri mu mugatte. Kino ekyokka **okusobola okuteekawo enkola y’omubiri ey’okukendeeza obungi** (option B), oba **okusobola okuteekawo enkola y’omubiri ey’okwongera ku bungi** (option B).  

**Option B** ekyokka **okusobola okuteekawo enkola y’omubiri ey’okukendeeza obungi** (type of drink) **ey’okukendeeza obungi** (heart rate) mu bintu ebiri mu mugatte. Kino ekyokka **okusobola okuteekawo enkola y’omubiri ey’okukendeeza obungi** (option B), oba **okusobola okuteekawo enkola y’omubiri ey’okwongera ku bungi** (option B).  

**Option B** ekyokka **okusobola okuteekawo enkola y’omubiri ey’okukendeeza obungi** (type of drink) **ey’okukendeeza obungi** (heart rate) mu bintu ebiri mu mugatte. Kino ekyokka **okusobola okuteekawo enkola y’omubiri ey’okukendeeza obungi** (option B), oba **okusobola okuteekawo enkola y’omubiri ey’okwongera ku bungi** (option B).  

**Option B** ekyokka **okusobola okuteekawo enkola y’omubiri ey’okukendeeza obungi** (type of drink) **ey’okukendeeza obungi** (heart rate) mu bintu ebiri mu mugatte. Kino ekyokka **okusobola okuteekawo enkola y’omubiri ey’okukendeeza obungi** (option B), oba **okusobola okuteekawo enkola y’omubiri ey’okwongera ku bungi** (option B).  

**Option B** ekyokka **okusobola okuteekawo enkola y’omubiri ey’okukendeeza obungi** (type of drink) **ey’okukendeeza obungi** (heart rate) mu bintu ebiri mu mugatte. Kino ekyokka **okusobola okuteekawo enkola y’omubiri ey’okukendeeza obungi** (option B), oba **okusobola okuteekawo enkola y’omubiri ey’okwongera ku bungi** (option B).  

**Option B** ekyokka **okusobola okuteekawo enkola y’omubiri ey’okukendeeza obungi** (type of drink) **ey’okukendeeza obungi** (heart rate) mu bintu ebiri mu mugatte. Kino ekyokka **okusobola okuteekawo enkola y’omubiri ey’okukendeeza obungi** (option B), oba **okusobola okuteekawo enkola y’omubiri ey’okwongera ku bungi** (option B).  

**Option B** ekyokka **okusobola okuteekawo enkola y’omubiri ey’okukendeeza obungi** (type of drink) **ey’okukendeeza obungi** (heart rate) mu bintu ebiri mu mugatte. Kino ekyokka **okusobola okuteekawo enkola y’omubiri ey’okukendeeza obungi** (option B), oba **okusobola okuteekawo enkola y’omubiri ey’okwongera ku bungi** (option B).  

**Option B** ekyokka **okusobola okuteekawo enkola y’omubiri ey’okukendeeza obungi** (type of drink) **ey’okukendeeza obungi** (heart rate) mu bintu ebiri mu mugatte. Kino ekyokka **okusobola okuteekawo enkola y’omubiri ey’okukendeeza obungi** (option B), oba **okusobola okuteekawo enkola y’omubiri ey’okwongera ku bungi** (option B).  

**Option B** ekyokka **okusobola okuteekawo enkola y’omubiri ey’okukendeeza obungi** (type of drink) **ey’okukendeeza obungi** (heart rate) mu bintu ebiri mu mugatte. Kino ekyokka **okusobola okuteekawo enkola y’omubiri ey’okukendeeza obungi** (option B), oba **okusobola okuteekawo enkola y’omubiri ey’okwongera ku bungi** (option B).  

**Option B** eky",True
B,"**Omutima gw'ekibuuzo:**  
Ku ndagaano ezirambuddwa wammanga, eruwa eraga endowooza enkyamu abayizi mu bibiina omusanvu n'omunaana gye batera okuba nayo ku nkyukakyuka mu matter?

**Omutima:**  
**C. Obugumu busigala nga tebukyuka amazzi bwe gava mu mbeera ey’ekikaluba okudda mu mbeera ey’ekikulukusi**

---

**Okusinziira:**  
- **Ku kiseera ky’okulabirako eby’okulondamu (n’ebyanulo),** ekigendererwa kino kye kusobola okutegeera **okukyusira obugumu (metaphor)** nga tebukyuka amazzi.  
  - **""Bwe gava mu mbeera ey’ekikaluba""** (ekikaluba = ekikulu, ekikulu = ekikulu) kusobola okutegeera **okusinziira ku nkyukakyuka mu matter** (ekikulu).  
  - **""Okudda mu mbeera ey’ekikulukusi""** (ekikulukusi = ekikulu) kusobola okutegeera **okusinziira ku nkyukakyuka mu matter** (ekikulu).  

- **Ku kiseera ky’okulabirako,** obugumu obusigala nga tebukyuka amazzi **kusobola okutegeera ekigendererwa ky’okukyusira obugumu** (metaphor) nga tebukyuka amazzi.  
  - Ekyo kusobola okutegeera **okusinziira ku nkyukakyuka mu matter** (ekikulu) n’okusinziira ku **nkyukakyuka mu matter** (ekikulu).  

- **Ku kiseera ky’okulabirako,** obugumu obusigala nga tebukyuka amazzi **kusobola okutegeera ekigendererwa ky’okukyusira obugumu** (metaphor) nga tebukyuka amazzi.  
  - Ekyo kusobola okutegeera **okusinziira ku nkyukakyuka mu matter** (ekikulu) n’okusinziira ku **nkyukakyuka mu matter** (ekikulu).  

**Ku kiseera ky’okulabirako,** **option C** kusobola okutegeera **ekigendererwa ky’okukyusira obugumu** (metaphor) nga tebukyuka amazzi.  

---

**Ku kiseera ky’okulabirako,** **option C** kusobola okutegeera **ekigendererwa ky’okukyusira obugumu** (metaphor) nga tebukyuka amazzi.",True
B,"**Jinsi ya Kuwandika Nukuta Y'ekyanulo:**

**Ekibuuzo:**  
Omusomesa abasaba okukola ekyebalo ekikwaata ku kibuuzo, nga basinziira ku kubala, oluvannyuma bakole omukolo ogw'omugaso. Nga bamaze okukola, abayizi bakiraba nti obwoki bw'ekitabulwa bwa wansi okusinga bwe baafunye nga bakozesa okubala okwa tteoriya. Oluvannyuma, omusomesa abasaba okuwa ensonga lwaki balowooza nti kino kibaddewo era balage ebyo bye baasinziirako bwe baali bakola okubala. Ku bikolwa bino wammanga (ebyo abayizi bye bakola) omusomesa ky'asinga okwagala okuyita mu nkola y'okuyiga abayizi gye bakozesezza?

**Kasasa (B):**  
**Kebera obunafu bw’omugerageranyo ogwakozesebwa okubala ebyo bye baali bagala okubala.**

**Ebyokwata ku B:**  
- **Kuwandika obunafu:** Omusomesa abasaba abayizi bakozeseza kuwandika obunafu mu kisolo kya kubala (kino ekyebale obwoki bw'ekitabulwa ekikwaata ku kibuuzo). Bwe abayizi bakozeseza kuwandika obunafu, bakozeseza kuwandika obunafu mu kisolo kya kubala (kino ekyebale obwoki bw'ekitabulwa ekikwaata ku kibuuzo). Bwe abayizi bakozeseza kuwandika obunafu, bakozeseza kuwandika obunafu mu kisolo kya kubala (kino ekyebale obwoki bw'ekitabulwa ekikwaata ku kibuuzo).  
- **Kuwandika obunafu:** Omusomesa abasaba abayizi bakozeseza kuwandika obunafu mu kisolo kya kubala (kino ekyebale obwoki bw'ekitabulwa ekikwaata ku kibuuzo). Bwe abayizi bakozeseza kuwandika obunafu, bakozeseza kuwandika obunafu mu kisolo kya kubala (kino ekyebale obwoki bw'ekitabulwa ekikwaata ku kibuuzo).  

**Ebyokwata ku A, C, D:**  
- **A (Londa ensobi ezikolebwa mu kubala mu kika ky'omuzannyo guno):** Kino kikozeseza kuwandika obunafu mu kisolo kya kubala, kwekya kino kino kikozeseza kuwandika obunafu mu kisolo kya kubala, kwekya kino kino kikozeseza kuwandika obunafu mu kisolo kya kubala, kwekya kino kino kikozeseza kuwandika obunafu mu kisolo kya kubala, kwekya kino kino kikozeseza kuwandika obunafu mu kisolo kya kubala, kwekya kino kino kikozeseza kuwandika obunafu mu kisolo kya kubala, kwekya kino kino kikozeseza kuwandika obunafu mu kisolo kya kubala, kwekya kino kino kikozeseza kuwandika obunafu mu kisolo kya kubala, kwekya kino kino kikozeseza kuwandika obunafu mu kisolo kya kubala, kwekya kino kino kikozeseza kuwandika obunafu mu kisolo kya kubala, kwekya kino kino kikozeseza kuwandika obunafu mu kisolo kya kubala, kwekya kino kino kikozeseza kuwandika obunafu mu kisolo kya kubala, kwekya kino kino kikozeseza kuwandika obunafu mu kisolo kya kubala, kwekya kino kino kikozeseza kuwandika obunafu mu kisolo kya kubala, kwekya kino kino kikozeseza kuwandika obunafu mu kisolo kya kubala, kwekya kino kino kikozeseza kuwandika obunafu mu kisolo kya kubala, kwekya kino kino kikozeseza kuwandika obunafu mu kisolo kya kubala, kwekya kino kino kikozeseza kuwandika obunafu mu kisolo kya kubala, kwekya kino kino kikozeseza kuwandika obunafu mu kisolo kya kubala, kwekya kino kino kikozeseza kuwandika obunafu mu kisolo kya kubala, kwekya kino kino kikozeseza kuwandika obunafu mu kisolo kya kubala, kwekya kino kino kikozeseza kuwandika obunafu mu kisolo kya kubala, kwekya kino kino kikozeseza kuwandika obunafu mu kisolo kya kubala, kwekya kino kino kikozeseza kuwandika obunafu mu kisolo kya kubala, kwekya kino kino kikozeseza kuwandika obunafu mu kisolo kya kubala, kwekya kino kino kikozeseza kuwandika obunafu mu kisolo kya kubala, kwekya kino kino kikozeseza kuwandika obunafu mu kisolo kya kubala, kwekya kino kino kikozeseza kuwandika obunafu mu kisolo kya kubala, kwekya kino kino kikozeseza kuwandika obunafu mu kisolo kya kubala, kwekya kino kino kikozeseza kuwandika obunafu mu kisolo kya kubala, kwekya kino kino kikozeseza kuwandika obunafu mu kisolo kya kubala, kwekya kino kino kikozeseza kuwandika obunafu mu kisolo kya kubala, kwekya kino kino kikozeseza kuwandika obunafu mu kisolo kya kubala, kwekya kino kino kikozeseza kuwandika obunafu mu kisolo kya kubala, kwekya kino kino kikozeseza kuwandika obunafu mu kisolo kya kubala, kwekya kino kino kikozeseza kuwandika obunafu mu kisolo kya kubala, kwekya kino kino kikozeseza kuwandika obunafu mu kisolo kya kubala, kwekya kino kino kikozeseza kuwandika obunafu mu kisolo kya kubala, kwekya kino kino kikozeseza kuwandika obunafu mu kisolo kya kubala, kwekya kino kino kikozeseza kuwandika obunafu mu kisolo kya kubala, kwekya kino kino kikozeseza kuwandika obunafu mu kisolo kya kubala, kwekya kino kino kikozeseza kuwandika obunafu mu kisolo kya kubala, kwekya kino kino kikozeseza kuwandika obunafu mu kisolo kya kubala, kwekya kino kino kikozeseza kuwandika obunafu mu kisolo kya kubala, kwekya kino kino kikozeseza kuwandika obunafu mu kisolo kya kubala, kwekya kino kino kikozeseza kuwandika obunafu mu kisolo kya kubala, kwekya kino kino kikozeseza kuwandika obunafu mu kisolo kya kubala, kwekya kino kino kikozeseza kuwandika obunafu mu kisolo kya kubala, kwekya kino kino kikozeseza kuwandika obunafu mu kisolo kya kubala, kwekya kino kino kikozeseza kuwandika obunafu mu kisolo kya kubala, kwekya kino kino kikozeseza kuwandika obunafu mu kisolo kya kubala, kwekya kino kino kikozeseza kuwandika obunafu mu kisolo kya kubala, kwekya kino kino kikozeseza kuwandika obunafu mu kisolo kya kubala, kwekya kino kino kikozeseza kuwandika obunafu mu kisolo kya kubala, kwekya kino kino kikozeseza kuwandika obunafu mu kisolo kya kubala, kwekya kino kino kikozeseza kuwandika obunafu mu kisolo kya kubala, kwekya kino kino kikozeseza kuwandika obunafu mu kisolo kya kubala, kwekya kino kino kikozeseza kuwandika obunafu mu kisolo kya kubala, kwekya kino kino kikozeseza kuwandika obunafu mu kisolo kya kubala, kwekya kino kino kikozeseza kuwandika obunafu mu kisolo kya kubala, kwekya kino kino kikozeseza kuwandika obunafu mu kisolo kya kubala, kwekya kino kino kikozeseza kuwandika obunafu mu kisolo kya kubala, kwekya kino kino kikozeseza kuwandika obunafu mu kisolo kya kubala, kwekya kino kino kikozeseza kuwandika obunafu mu kisolo kya kubala, kwekya kino kino kikozeseza kuwandika obunafu mu kisolo kya kubala, kwekya kino kino kikozeseza kuwandika obunafu mu kisolo kya kubala, kwekya kino kino kikozeseza kuwandika obunafu mu kisolo kya kubala, kwekya kino kino kikozeseza kuwandika obunafu mu kisolo kya kubala, kwekya kino kino kikozeseza kuwandika obunafu mu kisolo kya kubala, kwekya kino kino kikozeseza kuwandika obunafu mu kisolo kya kubala, kwekya kino kino kikozeseza kuwandika obunafu mu kisolo kya kubala, kwekya kino kino kikozeseza kuwandika obunafu mu kisolo kya kubala, kwekya kino kino kikozeseza kuwandika obunafu mu kisolo kya kubala, kwekya kino kino kikozeseza kuwandika obunafu mu kisolo kya kubala, kwekya kino kino kikozeseza kuwandika obunafu mu kisolo kya kubala, kwekya kino kino kikozeseza kuwandika obunafu mu kisolo kya kubala, kwekya kino kino kikozeseza kuwandika obunafu mu kisolo kya kubala, kwekya kino kino kikozeseza kuwandika obunafu mu kisolo kya kubala, kwekya kino kino kikozeseza kuwandika obunafu mu kisolo kya kubala, kwekya kino kino kikozeseza kuwandika obunafu mu kisolo kya kubala, kwekya kino kino kikozeseza kuwandika obunafu mu kisolo kya kubala, kwekya kino kino kikozeseza kuwandika obunafu mu kisolo kya kubala, kwekya kino kino kikozeseza kuwandika obunafu mu kisolo kya kubala, kwekya kino kino kikozeseza kuwandika obunafu mu kisolo kya kubala, kwekya kino kino kikozeseza kuwandika obunafu mu kisolo kya kubala, kwekya kino kino kikozeseza kuwandika obunafu mu kisolo kya kubala, kwekya kino kino kikozeseza kuwandika obunafu mu kisolo kya kubala, kwekya kino kino kikozeseza kuwandika obunafu mu kisolo kya kubala, kwekya kino kino kikozeseza kuwandika obunafu mu kisolo kya kubala, kwekya kino kino kikozeseza kuwandika obunafu mu kisolo kya kubala, kwekya kino kino kikozeseza kuwandika obunafu mu kisolo kya kubala, kwekya kino kino kikozeseza kuwandika obunafu mu kisolo kya kubala, kwekya kino kino kikozeseza kuwandika obunafu mu kisolo kya kubala, kwekya kino kino kikozeseza kuwandika obunafu mu kisolo kya kubala, kwekya kino kino kikozeseza kuwandika obunafu mu kisolo kya kubala, kwekya kino kino kikozeseza kuwandika obunafu mu kisolo kya kubala, kwekya kino kino kikozeseza kuwandika obunafu mu kisolo kya kubala, kwekya kino kino kikozeseza kuwandika obunafu mu kisolo kya kubala, kwekya kino kino kikozeseza kuwandika obunafu mu kisolo kya kubala, kwekya kino kino kikozeseza kuwandika obunafu mu kisolo kya kubala, kwekya kino kino kikozeseza kuwandika obunafu mu kisolo kya kubala, kwekya kino kino kikozeseza kuwandika obunafu mu kisolo kya kubala",True
C,"**Jibu:** D  
**Etekikolwa:**  

Ekibuuzo kino ekyandisookoza ku **ekigendererwa ky’okulaba** (literary device) eky’okulaba **ekikuta ky’ebbugga kirungiirivu** (parallelism). Mu kiseera D, Soledad akuba ensigo mu ngalo ze nagamba: “Nneneenya.” Eby’okulaba eby’okulaba **ekikuta ky’ebbugga kirungiirivu** (repetition of sounds/words for emphasis) n’ekikuta ky’ebbugga kirungiirivu eky’okulaba **ekikuta ky’ebbugga kirungiirivu** (anaphora) mu luganda.  

**Etekikolwa wano:**  
- **""Nneneenya""** eky’okulaba **ekikuta ky’ebbugga kirungiirivu** (repetition of the word ""Nneneenya"") oba **ekikuta ky’ebbugga kirungiirivu** (alliteration) mu luganda, oba **ekikuta ky’ebbugga kirungiirivu** (anaphora) mu luganda, oba **ekikuta ky’ebbugga kirungiirivu** (epizeuxis) mu luganda.  
- Eby’okulaba eby’okulaba **ekikuta ky’ebbugga kirungiirivu** (parallelism) n’ekikuta ky’ebbugga kirungiirivu (repetition) eky’okulaba **ekikuta ky’ebbugga kirungiirivu** (anaphora) mu luganda, oba **ekikuta ky’ebbugga kirungiirivu** (epizeuxis) mu luganda.  

**Etekikolwa wano:**  
- **Option D** eky’okulaba **ekikuta ky’ebbugga kirungiirivu** (repetition of the word ""Nneneenya"") oba **ekikuta ky’ebbugga kirungiirivu** (anaphora) mu luganda, oba **ekikuta ky’ebbugga kirungiirivu** (epizeuxis) mu luganda.  
- **Option A, B, C** eky’okulaba **ekikuta ky’ebbugga kirungiirivu** (no repetition) oba **ekikuta ky’ebbugga kirungiirivu** (no parallelism).  

**Etekikolwa wano:**  
- **Option D** eky’okulaba **ekikuta ky’ebbugga kirungiirivu** (repetition of the word ""Nneneenya"") oba **ekikuta ky’ebbugga kirungiirivu** (anaphora) mu luganda, oba **ekikuta ky’ebbugga kirungiirivu** (epizeuxis) mu luganda.  
- **Option A, B, C** eky’okulaba **ekikuta ky’ebbugga kirungiirivu** (no repetition) oba **ekikuta ky’ebbugga kirungiirivu** (no parallelism).  

**Etekikolwa wano:**  
- **Option D** eky’okulaba **ekikuta ky’ebbugga kirungiirivu** (repetition of the word ""Nneneenya"") oba **ekikuta ky’ebbugga kirungiirivu** (anaphora) mu luganda, oba **ekikuta ky’ebbugga kirungiirivu** (epizeuxis) mu luganda.  
- **Option A, B, C** eky’okulaba **ekikuta ky’ebbugga kirungiirivu** (no repetition) oba **ekikuta ky’ebbugga kirungiirivu** (no parallelism).  

**Etekikolwa wano:**  
- **Option D** eky’okulaba **ekikuta ky’ebbugga kirungiirivu** (repetition of the word ""Nneneenya"") oba **ekikuta ky’ebbugga kirungiirivu** (anaphora) mu luganda, oba **ekikuta ky’ebbugga kirungiirivu** (epizeuxis) mu luganda.  
- **Option A, B, C** eky’okulaba **ekikuta ky’ebbugga kirungiirivu** (no repetition) oba **ekikuta ky’ebbugga kirungiirivu** (no parallelism).  

**Etekikolwa wano:**  
- **Option D** eky’okulaba **ekikuta ky’ebbugga kirungiirivu** (repetition of the word ""Nneneenya"") oba **ekikuta ky’ebbugga kirungiirivu** (anaphora) mu luganda, oba **ekikuta ky’ebbugga kirungiirivu** (epizeuxis) mu luganda.  
- **Option A, B, C** eky’okulaba **ekikuta ky’ebbugga kirungiirivu** (no repetition) oba **ekikuta ky’ebbugga kirungiirivu** (no parallelism).  

**Etekikolwa wano:**  
- **Option D** eky’okulaba **ekikuta ky’ebbugga kirungiirivu** (repetition of the word ""Nneneenya"") oba **ekikuta ky’ebbugga kirungiirivu** (anaphora) mu luganda, oba **ekikuta ky’ebbugga kirungiirivu** (epizeuxis) mu luganda.  
- **Option A, B, C** eky’okulaba **ekikuta ky’ebbugga kirungiirivu** (no repetition) oba **ekikuta ky’ebbugga kirungiirivu** (no parallelism).  

**Etekikolwa wano:**  
- **Option D** eky’okulaba **ekikuta ky’ebbugga kirungiirivu** (repetition of the word ""Nneneenya"") oba **ekikuta ky’ebbugga kirungiirivu** (anaphora) mu luganda, oba **ekikuta ky’ebbugga kirungiirivu** (epizeuxis) mu luganda.  
- **Option A, B, C** eky’okulaba **ekikuta ky’ebbugga kirungiirivu** (no repetition) oba **ekikuta ky’ebbugga kirungiirivu** (no parallelism).  

**Etekikolwa wano:**  
- **Option D** eky’okulaba **ekikuta ky’ebbugga kirungiirivu** (repetition of the word ""Nneneenya"") oba **ekikuta ky’ebbugga kirungiirivu** (anaphora) mu luganda, oba **ekikuta ky’ebbugga kirungiirivu** (epizeuxis) mu luganda.  
- **Option A, B, C** eky’okulaba **ekikuta ky’ebbugga kirungiirivu** (no repetition) oba **ekikuta ky’ebbugga kirungiirivu** (no parallelism).  

**Etekikolwa wano:**  
- **Option D** eky’okulaba **ekikuta ky’ebbugga kirungiirivu** (repetition of the word ""Nneneenya"") oba **ekikuta ky’ebbugga kirungiirivu** (anaphora) mu luganda, oba **ekikuta ky’ebbugga kirungiirivu** (epizeuxis) mu luganda.  
- **Option A, B, C** eky’okulaba **ekikuta ky’ebbugga kirungiirivu** (no repetition) oba **ekikuta ky’ebbugga kirungiirivu** (no parallelism).  

**Etekikolwa wano:**  
- **Option D** eky’okulaba **ekikuta ky’ebbugga kirungiirivu** (repetition of the word ""Nneneenya"") oba **ekikuta ky’ebbugga kirungiirivu** (anaphora) mu luganda, oba **ekikuta ky’ebbugga kirungiirivu** (epizeuxis) mu luganda.  
- **Option A, B, C** eky’okulaba **ekikuta ky’ebbugga kirungiirivu** (no repetition) oba **ekikuta ky’ebbugga kirungiirivu** (no parallelism).  

**Etekikolwa wano:**  
- **Option D** eky’okulaba **ekikuta ky’ebbugga kirungiirivu** (repetition of the word ""Nneneenya"") oba **ekikuta ky’ebbugga kirungiirivu** (anaphora) mu luganda, oba **ekikuta ky’ebbugga kirungiirivu** (epizeuxis) mu luganda.  
- **Option A, B, C** eky’okulaba **ekikuta ky’ebbugga kirungiirivu** (no repetition) oba **ekikuta ky’ebbugga kirungiirivu** (no parallelism).  

**Etekikolwa wano:**  
- **Option D** eky’okulaba **ekikuta ky’ebbugga kirungiirivu** (repetition of the word ""Nneneenya"") oba **ekikuta ky’ebbugga kirungiirivu** (anaphora) mu luganda, oba **ekikuta ky’ebbugga kirungiirivu** (epizeuxis) mu luganda.  
- **Option A, B, C** eky’okulaba **ekikuta ky’ebbugga kirungiirivu** (no repetition) oba **ekikuta ky’ebbugga kirungiirivu** (no parallelism).  

**Etekikolwa wano:**  
- **Option D** eky’okulaba **ekikuta ky’ebbugga kirungiirivu** (repetition of the word ""Nneneenya"") oba **ekikuta ky’ebbugga kirungiirivu** (anaphora) mu luganda, oba **ekikuta ky’ebbugga kirungiirivu** (epizeuxis) mu luganda.  
- **Option A, B, C** eky’okulaba **ekikuta ky’ebbugga kirungiirivu** (no repetition) oba **ekikuta ky’ebbugga kirungiirivu** (no parallelism).  

**Etekikolwa wano:**  
- **Option D** eky’okulaba **ekikuta ky’ebbugga kirungiirivu** (repetition of the word ""Nneneenya"") oba **ekikuta ky’ebbugga kirungiirivu** (anaphora) mu luganda, oba **ekikuta ky’ebbugga kirungiirivu** (epizeuxis) mu luganda.  
- **Option A, B, C** eky’okulaba **ekikuta ky’ebbugga kirungiirivu** (no repetition) oba **ekikuta ky’ebbugga kirungiirivu** (no parallelism).  

**Etekikolwa wano:**  
- **Option D** eky’okulaba **ekikuta ky’ebbugga kirungiirivu** (repetition of the word ""Nneneenya"") oba **ekikuta ky’ebbugga kirungiirivu** (anaphora) mu luganda, oba **ekikuta ky’ebbugga kirungiirivu** (epizeuxis) mu luganda.  
- **Option A, B, C** eky’okulaba **ekikuta ky’ebbugga kirungiirivu** (no repetition) oba **ekikuta ky’ebbugga kirungiirivu** (no parallelism).  

**Etekikolwa wano:**  
- **Option D** eky’okulaba **ekikuta ky’ebbugga kirungiirivu** (repetition of the word ""Nneneenya"") oba **ekikuta ky’ebbugga kirungiirivu** (anaphora) mu luganda, oba **ekikuta ky’ebbugga kirungiirivu** (epizeuxis) mu luganda.  
- **Option A, B, C** eky’okulaba **ekikuta ky’ebbugga kirungiirivu** (no repetition) oba **ekikuta ky’ebbugga kirungiirivu** (no parallelism).  

**Etekikolwa wano:**  
- **Option D** eky’okulaba **ekikuta ky’ebbugga kirungiirivu** (repetition of the word ""Nneneenya"") oba **ekikuta ky’ebbugga kirungiirivu** (anaphora) mu luganda, oba **ekikuta ky’ebbugga kirungiirivu** (epizeuxis) mu luganda.  
- **Option A, B, C** eky’okulaba **ekikuta ky’ebbugga kirungiirivu** (no repetition) oba **ekikuta ky’ebbugga kirungiirivu** (no parallelism).  

**Etekikolwa wano:**  
- **Option D** eky’okulaba **ekikuta ky’ebbugga kirungiirivu** (repetition of the word ""Nneneenya"") oba **ekikuta ky’ebbugga kirungiirivu** (anaphora) mu luganda, oba **ekikuta ky’ebbugga kirungiirivu** (epizeuxis) mu luganda.  
- **Option A, B, C** eky’okulaba **ekikuta ky’ebbugga kirungiirivu** (no repetition) oba **ekikuta ky’ebbugga kirungiirivu** (no parallelism).  

**Etekikolwa wano:**  
- **Option D** eky’okulaba **ekikuta ky’ebbugga kirungiirivu** (repetition of the word ""Nneneenya"") oba **ekikuta ky’ebbugga kirungiirivu** (anaphora) mu luganda, oba **ekikuta ky’ebbugga kirungiirivu** (epizeuxis) mu luganda.  
- **Option A, B, C** eky’okulaba **ekikuta ky’ebbugga kirungiirivu** (no repetition) oba **ekikuta ky’ebbugga kirungiirivu** (no parallelism).  

**Etekikolwa wano:**  
- **Option D** eky’okulaba **ekikuta ky’ebbugga kirungiirivu** (repetition of the word ""Nneneenya"") oba **ekikuta ky’ebbugga kirungiirivu** (anaphora) mu luganda, oba **ekikuta ky’ebbug",True
C,"**D. Abantu abasinga obungi mu bantu ababeera mu kitundu bafa nga bavuganya n’abo abalina enjawulo ezibagasa, era abo abalina enjawulo ezo ze zireka abaana.**

**Kasongola:**  
DDT (Dichlorodiphenyltrichloroethane) ekikozesebwa mu kibinja ku kusinzira ebiwuka, ekyalekerewo okukola ku biwuka oluvannyuma lw’okukozesebwa ennyo kubanga ekyakozesebwa eky’ekiseera ekiwanvu nga birongoosebwa DDT, ebiwuka byakulaakulanya obukuumi obwabyo obwabyambuyisa okusobola okubeera nga tebikwatibwa ddagala lino. Ekyo ekyalekerewo kubanga DDT ekikozesebwa eky’ekiseera ekiwanvu, ekyakozesebwa eky’ekiseera ekiwanvu, ekyakozesebwa eky’ekiseera ekiwanvu, ekyakozesebwa eky’ekiseera ekiwanvu, ekyakozesebwa eky’ekiseera ekiwanvu, ekyakozesebwa eky’ekiseera ekiwanvu, ekyakozesebwa eky’ekiseera ekiwanvu, ekyakozesebwa eky’ekiseera ekiwanvu, ekyakozesebwa eky’ekiseera ekiwanvu, ekyakozesebwa eky’ekiseera ekiwanvu, ekyakozesebwa eky’ekiseera ekiwanvu, ekyakozesebwa eky’ekiseera ekiwanvu, ekyakozesebwa eky’ekiseera ekiwanvu, ekyakozesebwa eky’ekiseera ekiwanvu, ekyakozesebwa eky’ekiseera ekiwanvu, ekyakozesebwa eky’ekiseera ekiwanvu, ekyakozesebwa eky’ekiseera ekiwanvu, ekyakozesebwa eky’ekiseera ekiwanvu, ekyakozesebwa eky’ekiseera ekiwanvu, ekyakozesebwa eky’ekiseera ekiwanvu, ekyakozesebwa eky’ekiseera ekiwanvu, ekyakozesebwa eky’ekiseera ekiwanvu, ekyakozesebwa eky’ekiseera ekiwanvu, ekyakozesebwa eky’ekiseera ekiwanvu, ekyakozesebwa eky’ekiseera ekiwanvu, ekyakozesebwa eky’ekiseera ekiwanvu, ekyakozesebwa eky’ekiseera ekiwanvu, ekyakozesebwa eky’ekiseera ekiwanvu, ekyakozesebwa eky’ekiseera ekiwanvu, ekyakozesebwa eky’ekiseera ekiwanvu, ekyakozesebwa eky’ekiseera ekiwanvu, ekyakozesebwa eky’ekiseera ekiwanvu, ekyakozesebwa eky’ekiseera ekiwanvu, ekyakozesebwa eky’ekiseera ekiwanvu, ekyakozesebwa eky’ekiseera ekiwanvu, ekyakozesebwa eky’ekiseera ekiwanvu, ekyakozesebwa eky’ekiseera ekiwanvu, ekyakozesebwa eky’ekiseera ekiwanvu, ekyakozesebwa eky’ekiseera ekiwanvu, ekyakozesebwa eky’ekiseera ekiwanvu, ekyakozesebwa eky’ekiseera ekiwanvu, ekyakozesebwa eky’ekiseera ekiwanvu, ekyakozesebwa eky’ekiseera ekiwanvu, ekyakozesebwa eky’ekiseera ekiwanvu, ekyakozesebwa eky’ekiseera ekiwanvu, ekyakozesebwa eky’ekiseera ekiwanvu, ekyakozesebwa eky’ekiseera ekiwanvu, ekyakozesebwa eky’ekiseera ekiwanvu, ekyakozesebwa eky’ekiseera ekiwanvu, ekyakozesebwa eky’ekiseera ekiwanvu, ekyakozesebwa eky’ekiseera ekiwanvu, ekyakozesebwa eky’ekiseera ekiwanvu, ekyakozesebwa eky’ekiseera ekiwanvu, ekyakozesebwa eky’ekiseera ekiwanvu, ekyakozesebwa eky’ekiseera ekiwanvu, ekyakozesebwa eky’ekiseera ekiwanvu, ekyakozesebwa eky’ekiseera ekiwanvu, ekyakozesebwa eky’ekiseera ekiwanvu, ekyakozesebwa eky’ekiseera ekiwanvu, ekyakozesebwa eky’ekiseera ekiwanvu, ekyakozesebwa eky’ekiseera ekiwanvu, ekyakozesebwa eky’ekiseera ekiwanvu, ekyakozesebwa eky’ekiseera ekiwanvu, ekyakozesebwa eky’ekiseera ekiwanvu, ekyakozesebwa eky’ekiseera ekiwanvu, ekyakozesebwa eky’ekiseera ekiwanvu, ekyakozesebwa eky’ekiseera ekiwanvu, ekyakozesebwa eky’ekiseera ekiwanvu, ekyakozesebwa eky’ekiseera ekiwanvu, ekyakozesebwa eky’ekiseera ekiwanvu, ekyakozesebwa eky’ekiseera ekiwanvu, ekyakozesebwa eky’ekiseera ekiwanvu, ekyakozesebwa eky’ekiseera ekiwanvu, ekyakozesebwa eky’ekiseera ekiwanvu, ekyakozesebwa eky’ekiseera ekiwanvu, ekyakozesebwa eky’ekiseera ekiwanvu, ekyakozesebwa eky’ekiseera ekiwanvu, ekyakozesebwa eky’ekiseera ekiwanvu, ekyakozesebwa eky’ekiseera ekiwanvu, ekyakozesebwa eky’ekiseera ekiwanvu, ekyakozesebwa eky’ekiseera ekiwanvu, ekyakozesebwa eky’ekiseera ekiwanvu, ekyakozesebwa eky’ekiseera ekiwanvu, ekyakozesebwa eky’ekiseera ekiwanvu, ekyakozesebwa eky’ekiseera ekiwanvu, ekyakozesebwa eky’ekiseera ekiwanvu, ekyakozesebwa eky’ekiseera ekiwanvu, ekyakozesebwa eky’ekiseera ekiwanvu, ekyakozesebwa eky’ekiseera ekiwanvu, ekyakozesebwa eky’ekiseera ekiwanvu, ekyakozesebwa eky’ekiseera ekiwanvu, ekyakozesebwa eky’ekiseera ekiwanvu, ekyakozesebwa eky’ekiseera ekiwanvu, ekyakozesebwa eky’ekiseera ekiwanvu, ekyakozesebwa eky’ekiseera ekiwanvu, ekyakozesebwa eky’ekiseera ekiwanvu, ekyakozesebwa eky’ekiseera ekiwanvu, ekyakozesebwa eky’ekiseera ekiwanvu, ekyakozesebwa eky’ekiseera ekiwanvu, ekyakozesebwa eky’ekiseera ekiwanvu, ekyakozesebwa eky’ekiseera ekiwanvu, ekyakozesebwa eky’ekiseera ekiwanvu, ekyakozesebwa eky’ekiseera ekiwanvu, ekyakozesebwa eky’ekiseera ekiwanvu, ekyakozesebwa eky’ekiseera ekiwanvu, ekyakozesebwa eky’ekiseera ekiwanvu, ekyakozesebwa eky’ekiseera ekiwanvu, ekyakozesebwa eky’ekiseera ekiwanvu, ekyakozesebwa eky’ekiseera ekiwanvu, ekyakozesebwa eky’ekiseera ekiwanvu, ekyakozesebwa eky’ekiseera ekiwanvu, ekyakozesebwa eky’ekiseera ekiwanvu, ekyakozesebwa eky’ekiseera ekiwanvu, ekyakozesebwa eky’ekiseera ekiwanvu, ekyakozesebwa eky’ekiseera ekiwanvu, ekyakozesebwa eky’ekiseera ekiwanvu, ekyakozesebwa eky’ekiseera ekiwanvu, ekyakozesebwa eky’ekiseera ekiwanvu, ekyakozesebwa eky’ekiseera ekiwanvu, ekyakozesebwa eky’ekiseera ekiwanvu, ekyakozesebwa eky’ekiseera ekiwanvu, ekyakozesebwa eky’ekiseera ekiwanvu, ekyakozesebwa eky’ekiseera ekiwanvu, ekyakozesebwa eky’ekiseera ekiwanvu, ekyakozesebwa eky’ekiseera ekiwanvu, ekyakozesebwa eky’ekiseera ekiwanvu, ekyakozesebwa eky’ekiseera ekiwanvu, ekyakozesebwa eky’ekiseera ekiwanvu, ekyakozesebwa eky’ekiseera ekiwanvu, ekyakozesebwa eky’ekiseera ekiwanvu, ekyakozesebwa eky’ekiseera ekiwanvu, ekyakozesebwa eky’ekiseera ekiwanvu, ekyakozesebwa eky’ekiseera ekiwanvu, ekyakozesebwa eky’ekiseera ekiwanvu, ekyakozesebwa eky’ekiseera ekiwanvu, ekyakozesebwa eky’ekiseera ekiwanvu, ekyakozesebwa eky’ekiseera ekiwanvu, ekyakozesebwa eky’ekiseera ekiwanvu, ekyakozesebwa eky’ekiseera ekiwanvu, ekyakozesebwa eky’ekiseera ekiwanvu, ekyakozesebwa eky’ekiseera ekiwanvu, ekyakozesebwa eky’ekiseera ekiwanvu, ekyakozesebwa eky’ekiseera ekiwanvu, ekyakozesebwa eky’ekiseera ekiwanvu, ekyakozesebwa eky’ekiseera ekiwanvu, ekyakozesebwa eky’ekiseera ekiwanvu, ekyakozesebwa eky’ekiseera ekiwanvu, ekyakozesebwa eky’ekiseera ekiwanvu, ekyakozesebwa eky’ekiseera ekiwanvu, ekyakozesebwa eky’ekiseera ekiwanvu, ekyakozesebwa eky’ekiseera ekiwanvu, ekyakozesebwa eky’ekiseera ekiwanvu, ekyakozesebwa eky’ekiseera ekiwanvu, ekyakozesebwa eky’ekiseera ekiwanvu, ekyakozesebwa eky’ekiseera ekiwanvu, ekyakozesebwa eky’ekiseera ekiwanvu, ekyakozesebwa eky’ekiseera ekiwanvu, ekyakozesebwa eky’ekiseera ekiwanvu, ekyakozesebwa eky’ekiseera ekiwanvu, ekyakozesebwa eky’ekiseera ekiwanvu, ekyakozesebwa eky’ekiseera ekiwanvu, ekyakozesebwa eky’ekiseera ekiwanvu, ekyakozesebwa eky’ekiseera ekiwanvu, ekyakozesebwa eky’ekiseera ekiwanvu, ekyakozesebwa eky’ekiseera ekiwanvu, ekyakozesebwa eky’ekiseera ekiwanvu, ekyakozesebwa eky’ekiseera ekiwanvu, ekyakozesebwa eky’ekiseera ekiwanvu, ekyakozesebwa eky’ekiseera ekiwanvu, ekyakozesebwa eky’ekiseera ekiwanvu, ekyakozesebwa eky’ekiseera ekiwanvu, ekyakozesebwa eky’ekiseera ekiwanvu, ekyakozesebwa eky’ekiseera ekiwanvu, ekyakozesebwa eky’ekiseera ekiwanvu, ekyakozesebwa eky’ekiseera ekiwanvu, ekyakozesebwa eky’ekiseera ekiwanvu, ekyakozesebwa eky’ekiseera ekiwanvu, ekyakozesebwa eky’ekiseera ekiwanvu, ekyakozesebwa eky’ekiseera ekiwanvu, ekyakozesebwa eky’ekiseera ekiwanvu, ekyakozesebwa eky’ekiseera ekiwanvu, ekyakozesebwa eky’ekiseera ekiwanvu, ekyakozesebwa eky’ekiseera ekiwanvu, ekyakozesebwa eky’ekiseera ekiwanvu, ekyakozesebwa eky’ekiseera ekiwanvu, ekyakozesebwa eky’ekiseera ekiwanvu, ekyakozesebwa eky’ekiseera ekiwanvu, ekyakozesebwa eky’ekiseera ekiwanvu, ekyakozesebwa eky’ekiseera ekiwanvu, ekyakozesebwa eky’ek",True
B,,True
C,"**Jawabu:**  
**B.** *Nga bali mu bubiri bubiri, baawula omugatte nga bakozesa obukodyo bwe balaba nga butuufu, era balambulula okutuuka ku kigero ki obusobozi bwabwe okukola ekyo bwe bwali.*

---

**Takyebale:**  
Ekibuuzo kino ekituufu kusobola okuteekawo enkola y'omusomesa ayo oba oba oba oba oba oba oba oba oba oba oba oba oba oba oba oba oba oba oba oba oba oba oba oba oba oba oba oba oba oba oba oba oba oba oba oba oba oba oba oba oba oba oba oba oba oba oba oba oba oba oba oba oba oba oba oba oba oba oba oba oba oba oba oba oba oba oba oba oba oba oba oba oba oba oba oba oba oba oba oba oba oba oba oba oba oba oba oba oba oba oba oba oba oba oba oba oba oba oba oba oba oba oba oba oba oba oba oba oba oba oba oba oba oba oba oba oba oba oba oba oba oba oba oba oba oba oba oba oba oba oba oba oba oba oba oba oba oba oba oba oba oba oba oba oba oba oba oba oba oba oba oba oba oba oba oba oba oba oba oba oba oba oba oba oba oba oba oba oba oba oba oba oba oba oba oba oba oba oba oba oba oba oba oba oba oba oba oba oba oba oba oba oba oba oba oba oba oba oba oba oba oba oba oba oba oba oba oba oba oba oba oba oba oba oba oba oba oba oba oba oba oba oba oba oba oba oba oba oba oba oba oba oba oba oba oba oba oba oba oba oba oba oba oba oba oba oba oba oba oba oba oba oba oba oba oba oba oba oba oba oba oba oba oba oba oba oba oba oba oba oba oba oba oba oba oba oba oba oba oba oba oba oba oba oba oba oba oba oba oba oba oba oba oba oba oba oba oba oba oba oba oba oba oba oba oba oba oba oba oba oba oba oba oba oba oba oba oba oba oba oba oba oba oba oba oba oba oba oba oba oba oba oba oba oba oba oba oba oba oba oba oba oba oba oba oba oba oba oba oba oba oba oba oba oba oba oba oba oba oba oba oba oba oba oba oba oba oba oba oba oba oba oba oba oba oba oba oba oba oba oba oba oba oba oba oba oba oba oba oba oba oba oba oba oba oba oba oba oba oba oba oba oba oba oba oba oba oba oba oba oba oba oba oba oba oba oba oba oba oba oba oba oba oba oba oba oba oba oba oba oba oba oba oba oba oba oba oba oba oba oba oba oba oba oba oba oba oba oba oba oba oba oba oba oba oba oba oba oba oba oba oba oba oba oba oba oba oba oba oba oba oba oba oba oba oba oba oba oba oba oba oba oba oba oba oba oba oba oba oba oba oba oba oba oba oba oba oba oba oba oba oba oba oba oba oba oba oba oba oba oba oba oba oba oba oba oba oba oba oba oba oba oba oba oba oba oba oba oba oba oba oba oba oba oba oba oba oba oba oba oba oba oba oba oba oba oba oba oba oba oba oba oba oba oba oba oba oba oba oba oba oba oba oba oba oba oba oba oba oba oba oba oba oba oba oba oba oba oba oba oba oba oba oba oba oba oba oba oba oba oba oba oba oba oba oba oba oba oba oba oba oba oba oba oba oba oba oba oba oba oba oba oba oba oba oba oba oba oba oba oba oba oba oba oba oba oba oba oba oba oba oba oba oba oba oba oba oba oba oba oba oba oba oba oba oba oba oba oba oba oba oba oba oba oba oba oba oba oba oba oba oba oba oba oba oba oba oba oba oba oba oba oba oba oba oba oba oba oba oba oba oba oba oba oba oba oba oba oba oba oba oba oba oba oba oba oba oba oba oba oba oba oba oba oba oba oba oba oba oba oba oba oba oba oba oba oba oba oba oba oba oba oba oba oba oba oba oba oba oba oba oba oba oba oba oba oba oba oba oba oba oba oba oba oba oba oba oba oba oba oba oba oba oba oba oba oba oba oba oba oba oba oba oba oba oba oba oba oba oba oba oba oba oba oba oba oba oba oba oba oba oba oba oba oba oba oba oba oba oba oba oba oba oba oba oba oba oba oba oba oba oba oba oba oba oba oba oba oba oba oba oba oba oba oba oba oba oba oba oba oba oba oba oba oba oba oba oba oba oba oba oba oba oba oba oba oba oba oba oba oba oba oba oba oba oba oba oba oba oba oba oba oba oba oba oba oba oba oba oba oba oba oba oba oba oba oba oba oba oba oba oba oba oba oba oba oba oba oba oba oba oba oba oba oba oba oba oba oba oba oba oba oba oba oba oba oba oba oba oba oba oba oba oba oba oba oba oba oba oba oba oba oba oba oba oba oba oba oba oba oba oba oba oba oba oba oba oba oba oba oba oba oba oba oba oba oba oba oba oba oba oba oba oba oba oba oba oba oba oba oba oba oba oba oba oba oba oba oba oba oba oba oba oba oba oba oba oba oba oba oba oba oba oba oba oba oba oba oba oba oba oba oba oba oba oba oba oba oba oba oba oba oba oba oba oba oba oba oba oba oba oba oba oba oba oba oba oba oba oba oba oba oba oba oba oba oba oba oba oba oba oba oba oba oba oba oba oba oba oba oba oba oba oba oba oba oba oba oba oba oba oba oba oba oba oba oba oba oba oba oba oba oba oba oba oba oba oba oba oba oba oba oba oba oba oba oba oba oba oba oba oba oba oba oba oba oba oba oba oba oba oba oba oba oba oba oba oba oba oba oba oba oba oba oba oba oba oba oba oba oba oba oba oba oba oba oba oba oba oba oba oba oba oba oba oba oba oba oba oba oba oba oba oba oba oba oba oba oba oba oba oba oba oba oba oba oba oba oba oba oba oba oba oba oba oba oba oba oba oba oba oba oba oba oba oba oba oba oba oba oba oba oba oba oba oba oba oba oba oba oba oba oba oba oba oba oba oba oba oba oba oba oba oba oba oba oba oba oba oba oba oba oba oba oba oba oba oba oba oba oba oba oba oba oba oba oba oba oba oba oba oba oba oba oba oba oba oba oba oba oba oba oba oba oba oba oba oba oba oba oba oba oba oba oba oba oba oba oba oba oba oba oba oba oba oba oba oba oba oba oba oba oba oba oba oba oba oba oba oba oba oba oba oba oba oba oba oba oba oba oba oba oba oba oba oba oba oba oba oba oba oba oba oba oba oba oba oba oba oba oba oba oba oba oba oba oba oba oba oba oba oba oba oba oba oba oba oba oba oba oba oba oba oba oba oba oba oba oba oba oba oba oba oba oba oba oba oba oba oba oba oba oba oba oba oba oba oba oba oba oba oba oba oba oba oba oba oba oba oba oba oba oba oba oba oba oba oba oba oba oba oba oba oba oba oba oba oba oba oba oba oba oba oba oba oba oba oba oba oba oba oba oba oba oba oba oba oba oba oba oba oba oba oba oba oba oba oba oba oba oba oba oba oba oba oba oba oba oba oba oba oba oba oba oba oba oba oba oba oba oba oba oba oba oba oba oba oba oba oba oba oba oba oba oba oba oba oba oba oba oba oba oba oba oba oba oba oba oba oba oba oba oba oba oba oba oba oba oba oba oba oba oba oba oba oba oba oba oba oba oba oba oba oba oba oba oba oba oba oba oba oba oba oba oba oba oba oba oba oba oba oba oba oba oba oba oba oba oba oba oba oba oba oba oba oba oba oba oba oba oba oba oba oba oba oba oba oba oba oba oba oba oba oba oba oba oba oba oba oba oba oba oba oba oba oba oba oba oba oba oba oba oba oba oba oba oba oba oba oba oba oba oba oba oba oba oba oba oba oba oba oba oba oba oba oba oba oba oba oba oba oba oba oba oba oba oba oba oba oba oba oba oba oba oba oba oba oba oba oba oba oba oba oba oba oba oba oba oba oba oba oba oba oba oba oba oba oba oba oba oba oba oba oba oba oba oba oba oba oba oba oba oba oba oba oba oba oba oba oba oba oba oba oba oba oba oba oba oba oba oba oba oba oba oba oba oba oba oba oba oba oba oba oba oba oba oba oba oba oba oba oba oba oba oba oba oba oba oba oba oba oba oba oba oba ob",True
B,"**C. Obukenkufu mu kulowooza tebukulaakulanyizibwa.**

**Explanation:**  
The scenario emphasizes **hands-on practical learning** (e.g., students using rulers, paper, and other tools to measure objects, then discussing their results). This aligns with **option C**, which highlights teaching through direct, physical engagement with materials. While options B and D mention tools and discussion, the core method here is the **active, experiential practice** of measuring, which is explicitly described in the scenario. Option A is irrelevant as it refers to books, which are not central to the described activities.",True
C,,True
C,,True
D,"**Jibu:** D. Mu biseera by’okuzannya obwereere mu luggya, Soledad akuba ensigo mu ngalo ze nagamba: “Nneneenya”

**Tabyokka:**  
Ekibuuzo kino ekituufu okusobola okuteekawo ku **ekigendererwa ky’ekibiina** (symbolism) n’**ekifaananyi ky’obadde** (character motivation) mu ngeri ez’okwawula ebintu ebiri mu mugatte. Kino, Soledad akuba ensigo mu ngalo (luggya) n’agamba “Nneneenya” (ekikozesebwa nga “Laba, laba!”), oba oba ekyakuyambye okutegeera nti **ekikuta ky’ebbugga kirungiirivu** (ekigendererwa ky’ekibiina). Luggya ekyakuyambye okutegeera nti **ekikuta ky’ebbugga kirungiirivu** (ekigendererwa ky’ekibiina). Luggya ekyakuyambye okutegeera nti **ekikuta ky’ebbugga kirungiirivu** (ekigendererwa ky’ekibiina). Luggya ekyakuyambye okutegeera nti **ekikuta ky’ebbugga kirungiirivu** (ekigendererwa ky’ekibiina). Luggya ekyakuyambye okutegeera nti **ekikuta ky’ebbugga kirungiirivu** (ekigendererwa ky’ekibiina). Luggya ekyakuyambye okutegeera nti **ekikuta ky’ebbugga kirungiirivu** (ekigendererwa ky’ekibiina). Luggya ekyakuyambye okutegeera nti **ekikuta ky’ebbugga kirungiirivu** (ekigendererwa ky’ekibiina). Luggya ekyakuyambye okutegeera nti **ekikuta ky’ebbugga kirungiirivu** (ekigendererwa ky’ekibiina). Luggya ekyakuyambye okutegeera nti **ekikuta ky’ebbugga kirungiirivu** (ekigendererwa ky’ekibiina). Luggya ekyakuyambye okutegeera nti **ekikuta ky’ebbugga kirungiirivu** (ekigendererwa ky’ekibiina). Luggya ekyakuyambye okutegeera nti **ekikuta ky’ebbugga kirungiirivu** (ekigendererwa ky’ekibiina). Luggya ekyakuyambye okutegeera nti **ekikuta ky’ebbugga kirungiirivu** (ekigendererwa ky’ekibiina). Luggya ekyakuyambye okutegeera nti **ekikuta ky’ebbugga kirungiirivu** (ekigendererwa ky’ekibiina). Luggya ekyakuyambye okutegeera nti **ekikuta ky’ebbugga kirungiirivu** (ekigendererwa ky’ekibiina). Luggya ekyakuyambye okutegeera nti **ekikuta ky’ebbugga kirungiirivu** (ekigendererwa ky’ekibiina). Luggya ekyakuyambye okutegeera nti **ekikuta ky’ebbugga kirungiirivu** (ekigendererwa ky’ekibiina). Luggya ekyakuyambye okutegeera nti **ekikuta ky’ebbugga kirungiirivu** (ekigendererwa ky’ekibiina). Luggya ekyakuyambye okutegeera nti **ekikuta ky’ebbugga kirungiirivu** (ekigendererwa ky’ekibiina). Luggya ekyakuyambye okutegeera nti **ekikuta ky’ebbugga kirungiirivu** (ekigendererwa ky’ekibiina). Luggya ekyakuyambye okutegeera nti **ekikuta ky’ebbugga kirungiirivu** (ekigendererwa ky’ekibiina). Luggya ekyakuyambye okutegeera nti **ekikuta ky’ebbugga kirungiirivu** (ekigendererwa ky’ekibiina). Luggya ekyakuyambye okutegeera nti **ekikuta ky’ebbugga kirungiirivu** (ekigendererwa ky’ekibiina). Luggya ekyakuyambye okutegeera nti **ekikuta ky’ebbugga kirungiirivu** (ekigendererwa ky’ekibiina). Luggya ekyakuyambye okutegeera nti **ekikuta ky’ebbugga kirungiirivu** (ekigendererwa ky’ekibiina). Luggya ekyakuyambye okutegeera nti **ekikuta ky’ebbugga kirungiirivu** (ekigendererwa ky’ekibiina). Luggya ekyakuyambye okutegeera nti **ekikuta ky’ebbugga kirungiirivu** (ekigendererwa ky’ekibiina). Luggya ekyakuyambye okutegeera nti **ekikuta ky’ebbugga kirungiirivu** (ekigendererwa ky’ekibiina). Luggya ekyakuyambye okutegeera nti **ekikuta ky’ebbugga kirungiirivu** (ekigendererwa ky’ekibiina). Luggya ekyakuyambye okutegeera nti **ekikuta ky’ebbugga kirungiirivu** (ekigendererwa ky’ekibiina). Luggya ekyakuyambye okutegeera nti **ekikuta ky’ebbugga kirungiirivu** (ekigendererwa ky’ekibiina). Luggya ekyakuyambye okutegeera nti **ekikuta ky’ebbugga kirungiirivu** (ekigendererwa ky’ekibiina). Luggya ekyakuyambye okutegeera nti **ekikuta ky’ebbugga kirungiirivu** (ekigendererwa ky’ekibiina). Luggya ekyakuyambye okutegeera nti **ekikuta ky’ebbugga kirungiirivu** (ekigendererwa ky’ekibiina). Luggya ekyakuyambye okutegeera nti **ekikuta ky’ebbugga kirungiirivu** (ekigendererwa ky’ekibiina). Luggya ekyakuyambye okutegeera nti **ekikuta ky’ebbugga kirungiirivu** (ekigendererwa ky’ekibiina). Luggya ekyakuyambye okutegeera nti **ekikuta ky’ebbugga kirungiirivu** (ekigendererwa ky’ekibiina). Luggya ekyakuyambye okutegeera nti **ekikuta ky’ebbugga kirungiirivu** (ekigendererwa ky’ekibiina). Luggya ekyakuyambye okutegeera nti **ekikuta ky’ebbugga kirungiirivu** (ekigendererwa ky’ekibiina). Luggya ekyakuyambye okutegeera nti **ekikuta ky’ebbugga kirungiirivu** (ekigendererwa ky’ekibiina). Luggya ekyakuyambye okutegeera nti **ekikuta ky’ebbugga kirungiirivu** (ekigendererwa ky’ekibiina). Luggya ekyakuyambye okutegeera nti **ekikuta ky’ebbugga kirungiirivu** (ekigendererwa ky’ekibiina). Luggya ekyakuyambye okutegeera nti **ekikuta ky’ebbugga kirungiirivu** (ekigendererwa ky’ekibiina). Luggya ekyakuyambye okutegeera nti **ekikuta ky’ebbugga kirungiirivu** (ekigendererwa ky’ekibiina). Luggya ekyakuyambye okutegeera nti **ekikuta ky’ebbugga kirungiirivu** (ekigendererwa ky’ekibiina). Luggya ekyakuyambye okutegeera nti **ekikuta ky’ebbugga kirungiirivu** (ekigendererwa ky’ekibiina). Luggya ekyakuyambye okutegeera nti **ekikuta ky’ebbugga kirungiirivu** (ekigendererwa ky’ekibiina). Luggya ekyakuyambye okutegeera nti **ekikuta ky’ebbugga kirungiirivu** (ekigendererwa ky’ekibiina). Luggya ekyakuyambye okutegeera nti **ekikuta ky’ebbugga kirungiirivu** (ekigendererwa ky’ekibiina). Luggya ekyakuyambye okutegeera nti **ekikuta ky’ebbugga kirungiirivu** (ekigendererwa ky’ekibiina). Luggya ekyakuyambye okutegeera nti **ekikuta ky’ebbugga kirungiirivu** (ekigendererwa ky’ekibiina). Luggya ekyakuyambye okutegeera nti **ekikuta ky’ebbugga kirungiirivu** (ekigendererwa ky’ekibiina). Luggya ekyakuyambye okutegeera nti **ekikuta ky’ebbugga kirungiirivu** (ekigendererwa ky’ekibiina). Luggya ekyakuyambye okutegeera nti **ekikuta ky’ebbugga kirungiirivu** (ekigendererwa ky’ekibiina). Luggya ekyakuyambye okutegeera nti **ekikuta ky’ebbugga kirungiirivu** (ekigendererwa ky’ekibiina). Luggya ekyakuyambye okutegeera nti **ekikuta ky’ebbugga kirungiirivu** (ekigendererwa ky’ekibiina). Luggya ekyakuyambye okutegeera nti **ekikuta ky’ebbugga kirungiirivu** (ekigendererwa ky’ekibiina). Luggya ekyakuyambye okutegeera nti **ekikuta ky’ebbugga kirungiirivu** (ekigendererwa ky’ekibiina). Luggya ekyakuyambye okutegeera nti **ekikuta ky’ebbugga kirungiirivu** (ekigendererwa ky’ekibiina). Luggya ekyakuyambye okutegeera nti **ekikuta ky’ebbugga kirungiirivu** (ekigendererwa ky’ekibiina). Luggya ekyakuyambye okutegeera nti **ekikuta ky’ebbugga kirungiirivu** (ekigendererwa ky’ekibiina). Luggya ekyakuyambye okutegeera nti **ekikuta ky’ebbugga kirungiirivu** (ekigendererwa ky’ekibiina). Luggya ekyakuyambye okutegeera nti **ekikuta ky’ebbugga kirungiirivu** (ekigendererwa ky’ekibiina). Luggya ekyakuyambye okutegeera nti **ekikuta ky’ebbugga kirungiirivu** (ekigendererwa ky’ekibiina). Luggya ekyakuyambye okutegeera nti **ekikuta ky’ebbugga kirungiirivu** (ekigendererwa ky’ekibiina). Luggya ekyakuyambye okutegeera nti **ekikuta ky’ebbugga kirungiirivu** (ekigendererwa ky’ekibiina). Luggya ekyakuyambye okutegeera nti **ekikuta ky’ebbugga kirungiirivu** (ekigendererwa ky’ekibiina). Luggya ekyakuyambye okutegeera nti **ekikuta ky’ebbugga kirungiirivu** (ekigendererwa ky’ekibiina). Luggya ekyakuyambye okutegeera nti **ekikuta ky’ebbugga kirungiirivu** (ekigendererwa ky’ekibiina). Luggya ekyakuyambye okutegeera nti **ekikuta ky’ebbugga kirungiirivu** (ekigendererwa ky’ekibiina). Luggya ekyakuyambye okutegeera nti **ekikuta ky’ebbugga kirungiirivu** (ekigendererwa ky’ekibiina). Luggya ekyakuyambye okutegeera nti **ekikuta ky’ebbugga kirungiirivu** (ekigendererwa ky’ekibiina). Luggya ekyakuyambye okutegeera nti **ekikuta ky’ebbugga kirungiirivu** (ekigendererwa ky’ekibiina). Luggya ekyakuyambye okutegeera nti **ekikuta ky’ebbugga kirungiirivu** (ekigendererwa ky’ekibiina). Luggya ekyakuyambye okutegeera nti **ekikuta ky’ebbugga kirungiirivu** (ekigendererwa ky’ekibiina). Luggya ekyakuyambye okutegeera nti **ekikuta ky’ebbugga kirungiirivu** (ekigendererwa ky’ekibiina). Luggya ekyakuyambye okutegeera nti **ekikuta ky’ebbugga kirungiirivu** (ekigendererwa ky’ekibiina). Luggya ekyakuyambye okutegeera nti **ekikuta ky’ebbugga kirungiirivu** (ekigendererwa ky’ekibiina). Luggya ekyakuyambye okutegeera nti **ekikuta ky’ebbugga kirungiirivu** (ekigendererwa ky’ekibiina). Luggya ekyakuyambye okutegeera nti **ekikuta ky’ebbugga kirungiirivu** (ekigendererwa ky’ekibiina). Luggya ekyakuyambye okutegeera nti **ekikuta ky’ebbugga kirungiirivu** (ekigendererwa ky’ekibiina). Luggya",True
D,"**A.**  
Mu kiseera ky’okuyiga, Santiago asiiga amayinja ag’enjawulo mu bunene.  
**Kiki ekijja okusobozesa abayizi?**  
**D.** Mu biseera by’okuzannya obwereere mu luggya, Soledad akuba ensigo mu ngalo ze nagamba: “Nneneenya”.  

**B.**  
Mu kiseera ky’ekyemisana, Pablo atunuulira akajiiko era bw’alaba ekifaananyi kye ng’akyeyoleka agamba: “Laba, Pablo!”  
**Kiki ekijja okusobozesa abayizi?**  
**C.** Mu lupapula omuli ebifaananyi ebikiikirira buli kimu ku bumanyirivu, lamba eby’okuddamu ku bibuuzo bino: Bumanyirivu ki bwe wakozesezza okukiraba nti ebbugga lya kyenvu? Bwe ki ki ekyakuyambye okutegeera nti ppere lya matamiivu? Bwe ki ekyakuyambye okutegeera nti ekikuta ky’ebbugga kirungiirivu? Bwe ki ekyakuyambye okutegeera nti omucungwa guwoomerevu?  

**C.**  
Mu kiseera María ky’amaze mu luggya, akuŋŋaanya ebika by’amatabi g’emiti egy’enjawulo mu kabaati.  
**Kiki ekijja okusobozesa abayizi?**  
**D.** Ku lupapula olulaga ebifaananyi by'ebibala bino nga kuliko empandiika enzirugavu erimu obwenyi obusanyufu n'obwenyi obunakuwavu, kozesa langi okuddamu ebibuuzo bino: Bw'abadde olya ekitundu ky'omucungwa, owulidde essanyu oba obunakuvu? Bw'obadde olaba langi y'e'nnanansi, ogisiimye oba togisiimye? Bw'obadde okwata ku kikuta ky'omupeera, owulidde essanyu oba obunakuvu? Bw'obadde owunya omucungwa, ogusiimye oba togusiimye?  

**D.**  
Mu biseera by’okuzannya obwereere mu luggya, Soledad akuba ensigo mu ngalo ze nagamba: “Nneneenya”  
**Kiki ekijja okusobozesa abayizi?**  
**D.** Kinnoomu kinnoomu, bagoberera enkola omusomesa gy’abalaze okwawula omutabulo ate oluvannyuma ne balaga tekinologiya ki ey’okwawula eyakozesebwa mu buli mbeera.  

**E.**  
Pulofeesa alina ekigendererwa eky’okukubiriza abayizi be okusobola okulonda amawulire okuva ku yintaneeti okukola pulojekiti z’okunoonyereza.  
**Kiki ekijja okusobozesa abayizi?**  
**D.** Sengeka mu mutindo okutandika n’ogusinga okwesigika okudda ku gusinga obuteesigika emikutu gy’ebyewulire esatu gy’akyaliddeko, ng’olambulula ebipimo ebyakozeseddwa.  

**F.**  
Anukula ekibuuzo ekituufu kyokka.  
**Kiki ekijja okusobozesa abayizi?**  
**D.** Wandiika omwoleso nga oyambadde ku mawulire agasangiddwa ku mukutu ogwo agasikirizza ennyo ebirowoozo byo.  

**G.**  
Wandiika enukuta yokka ey'ekyanulo kyo.  
**Kiki ekijja okusobozesa abayizi?**  
**D.** Teebereza akataambi akalaga ebikulu ebiri ku mikutu gy'ebyempuliziganya esatu egyasooka gy'agenda okukyala.  

**H.**  
Koma ddala ku nukuta.  
**Kiki ekijja okusobozesa abayizi?**  
**D.** Weebale e mikutu gy'enternet esatu era olondeko gwe basingira ddala, ng'olaga bulungi kye basinziirako okusalawo.  

**I.**  
Anukula ekibuuzo ekituufu kyokka.  
**Kiki ekijja okusobozesa abayizi?**  
**D.** Wandiika omwoleso nga oyambadde ku mawulire agasangiddwa ku mukutu ogwo agasikirizza ennyo ebirowoozo byo.  

**J.**  
Wandiika enukuta yokka ey'ekyanulo kyo.  
**Kiki ekijja okusobozesa abayizi?**  
**D.** Teebereza akataambi akalaga ebikulu ebiri ku mikutu gy'ebyempuliziganya esatu egyasooka gy'agenda okukyala.  

**K.**  
Koma ddala ku nukuta.  
**Kiki ekijja okusobozesa abayizi?**  
**D.** Weebale e mikutu gy'enternet esatu era olondeko gwe basingira ddala, ng'olaga bulungi kye basinziirako okusalawo.  

**L.**  
Anukula ekibuuzo ekituufu kyokka.  
**Kiki ekijja okusobozesa abayizi?**  
**D.** Wandiika omwoleso nga oyambadde ku mawulire agasangiddwa ku mukutu ogwo agasikirizza ennyo ebirowoozo byo.  

**M.**  
Wandiika enukuta yokka ey'ekyanulo kyo.  
**Kiki ekijja okusobozesa abayizi?**  
**D.** Teebereza akataambi akalaga ebikulu ebiri ku mikutu gy'ebyempuliziganya esatu egyasooka gy'agenda okukyala.  

**N.**  
Koma ddala ku nukuta.  
**Kiki ekijja okusobozesa abayizi?**  
**D.** Weebale e mikutu gy'enternet esatu era olondeko gwe basingira ddala, ng'olaga bulungi kye basinziirako okusalawo.  

**O.**  
Anukula ekibuuzo ekituufu kyokka.  
**Kiki ekijja okusobozesa abayizi?**  
**D.** Wandiika omwoleso nga oyambadde ku mawulire agasangiddwa ku mukutu ogwo agasikirizza ennyo ebirowoozo byo.  

**P.**  
Wandiika enukuta yokka ey'ekyanulo kyo.  
**Kiki ekijja okusobozesa abayizi?**  
**D.** Teebereza akataambi akalaga ebikulu ebiri ku mikutu gy'ebyempuliziganya esatu egyasooka gy'agenda okukyala.  

**Q.**  
Koma ddala ku nukuta.  
**Kiki ekijja okusobozesa abayizi?**  
**D.** Weebale e mikutu gy'enternet esatu era olondeko gwe basingira ddala, ng'olaga bulungi kye basinziirako okusalawo.  

**R.**  
Anukula ekibuuzo ekituufu kyokka.  
**Kiki ekijja okusobozesa abayizi?**  
**D.** Wandiika omwoleso nga oyambadde ku mawulire agasangiddwa ku mukutu ogwo agasikirizza ennyo ebirowoozo byo.  

**S.**  
Wandiika enukuta yokka ey'ekyanulo kyo.  
**Kiki ekijja okusobozesa abayizi?**  
**D.** Teebereza akataambi akalaga ebikulu ebiri ku mikutu gy'ebyempuliziganya esatu egyasooka gy'agenda okukyala.  

**T.**  
Koma ddala ku nukuta.  
**Kiki ekijja okusobozesa abayizi?**  
**D.** Weebale e mikutu gy'enternet esatu era olondeko gwe basingira ddala, ng'olaga bulungi kye basinziirako okusalawo.  

**U.**  
Anukula ekibuuzo ekituufu kyokka.  
**Kiki ekijja okusobozesa abayizi?**  
**D.** Wandiika omwoleso nga oyambadde ku mawulire agasangiddwa ku mukutu ogwo agasikirizza ennyo ebirowoozo byo.  

**V.**  
Wandiika enukuta yokka ey'ekyanulo kyo.  
**Kiki ekijja okusobozesa abayizi?**  
**D.** Teebereza akataambi akalaga ebikulu ebiri ku mikutu gy'ebyempuliziganya esatu egyasooka gy'agenda okukyala.  

**W.**  
Koma ddala ku nukuta.  
**Kiki ekijja okusobozesa abayizi?**  
**D.** Weebale e mikutu gy'enternet esatu era olondeko gwe basingira ddala, ng'olaga bulungi kye basinziirako okusalawo.  

**X.**  
Anukula ekibuuzo ekituufu kyokka.  
**Kiki ekijja okusobozesa abayizi?**  
**D.** Wandiika omwoleso nga oyambadde ku mawulire agasangiddwa ku mukutu ogwo agasikirizza ennyo ebirowoozo byo.  

**Y.**  
Wandiika enukuta yokka ey'ekyanulo kyo.  
**Kiki ekijja okusobozesa abayizi?**  
**D.** Teebereza akataambi akalaga ebikulu ebiri ku mikutu gy'ebyempuliziganya esatu egyasooka gy'agenda okukyala.  

**Z.**  
Koma ddala ku nukuta.  
**Kiki ekijja okusobozesa abayizi?**  
**D.** Weebale e mikutu gy'enternet esatu era olondeko gwe basingira ddala, ng'olaga bulungi kye basinziirako okusalawo.",True
C,"**B. Okukulaakulanya mu bayizi okutegeera obutonde bw’okumanya okwa ssaayansi okw’obusirikale bw’akaziba n’omulimu gw’abasaayansi b’obusirikale bw’akaziba**

**Explanation:**  
Ekibuuzo kino ekyokka kusobola okulaba mu ngeri ey'enjawulo, omusomesa ayinza okuteekawo obutonde bw'okumanya okwa ssaayansi (tekinologiya) mu ngeri gye abayizi ab'omwaka ogw'okuna mu siniya. Mu kiseera kino, abayizi banoonyereza tekinologiya mu bulijjo obw'ebintu ebimu, oba tekinologiya ekyakozesebwa ku kola amasannyalaze. Kino ekyokka kusobola okukolaakulanya obutonde bw'okumanya okwa ssaayansi, oba tekinologiya, mu ngeri gye abayizi banoonyereza.  

**Ku mpesi:**  
- **Option B** ekyokka kusobola okukolaakulanya obutonde bw'okumanya okwa ssaayansi (tekinologiya) mu ngeri gye abayizi banoonyereza, oba tekinologiya ekyakozesebwa ku kola amasannyalaze.  
- **Option D** ekyokka kusobola okukozesa tekinologiya ku kola amasannyalaze, oba kino ekyokka kusobola okukozesa tekinologiya mu bulijjo, oba kino ekyokka kusobola okukozesa tekinologiya mu bulijjo, oba kino ekyokka kusobola okukozesa tekinologiya mu bulijjo, oba kino ekyokka kusobola okukozesa tekinologiya mu bulijjo, oba kino ekyokka kusobola okukozesa tekinologiya mu bulijjo, oba kino ekyokka kusobola okukozesa tekinologiya mu bulijjo, oba kino ekyokka kusobola okukozesa tekinologiya mu bulijjo, oba kino ekyokka kusobola okukozesa tekinologiya mu bulijjo, oba kino ekyokka kusobola okukozesa tekinologiya mu bulijjo, oba kino ekyokka kusobola okukozesa tekinologiya mu bulijjo, oba kino ekyokka kusobola okukozesa tekinologiya mu bulijjo, oba kino ekyokka kusobola okukozesa tekinologiya mu bulijjo, oba kino ekyokka kusobola okukozesa tekinologiya mu bulijjo, oba kino ekyokka kusobola okukozesa tekinologiya mu bulijjo, oba kino ekyokka kusobola okukozesa tekinologiya mu bulijjo, oba kino ekyokka kusobola okukozesa tekinologiya mu bulijjo, oba kino ekyokka kusobola okukozesa tekinologiya mu bulijjo, oba kino ekyokka kusobola okukozesa tekinologiya mu bulijjo, oba kino ekyokka kusobola okukozesa tekinologiya mu bulijjo, oba kino ekyokka kusobola okukozesa tekinologiya mu bulijjo, oba kino ekyokka kusobola okukozesa tekinologiya mu bulijjo, oba kino ekyokka kusobola okukozesa tekinologiya mu bulijjo, oba kino ekyokka kusobola okukozesa tekinologiya mu bulijjo, oba kino ekyokka kusobola okukozesa tekinologiya mu bulijjo, oba kino ekyokka kusobola okukozesa tekinologiya mu bulijjo, oba kino ekyokka kusobola okukozesa tekinologiya mu bulijjo, oba kino ekyokka kusobola okukozesa tekinologiya mu bulijjo, oba kino ekyokka kusobola okukozesa tekinologiya mu bulijjo, oba kino ekyokka kusobola okukozesa tekinologiya mu bulijjo, oba kino ekyokka kusobola okukozesa tekinologiya mu bulijjo, oba kino ekyokka kusobola okukozesa tekinologiya mu bulijjo, oba kino ekyokka kusobola okukozesa tekinologiya mu bulijjo, oba kino ekyokka kusobola okukozesa tekinologiya mu bulijjo, oba kino ekyokka kusobola okukozesa tekinologiya mu bulijjo, oba kino ekyokka kusobola okukozesa tekinologiya mu bulijjo, oba kino ekyokka kusobola okukozesa tekinologiya mu bulijjo, oba kino ekyokka kusobola okukozesa tekinologiya mu bulijjo, oba kino ekyokka kusobola okukozesa tekinologiya mu bulijjo, oba kino ekyokka kusobola okukozesa tekinologiya mu bulijjo, oba kino ekyokka kusobola okukozesa tekinologiya mu bulijjo, oba kino ekyokka kusobola okukozesa tekinologiya mu bulijjo, oba kino ekyokka kusobola okukozesa tekinologiya mu bulijjo, oba kino ekyokka kusobola okukozesa tekinologiya mu bulijjo, oba kino ekyokka kusobola okukozesa tekinologiya mu bulijjo, oba kino ekyokka kusobola okukozesa tekinologiya mu bulijjo, oba kino ekyokka kusobola okukozesa tekinologiya mu bulijjo, oba kino ekyokka kusobola okukozesa tekinologiya mu bulijjo, oba kino ekyokka kusobola okukozesa tekinologiya mu bulijjo, oba kino ekyokka kusobola okukozesa tekinologiya mu bulijjo, oba kino ekyokka kusobola okukozesa tekinologiya mu bulijjo, oba kino ekyokka kusobola okukozesa tekinologiya mu bulijjo, oba kino ekyokka kusobola okukozesa tekinologiya mu bulijjo, oba kino ekyokka kusobola okukozesa tekinologiya mu bulijjo, oba kino ekyokka kusobola okukozesa tekinologiya mu bulijjo, oba kino ekyokka kusobola okukozesa tekinologiya mu bulijjo, oba kino ekyokka kusobola okukozesa tekinologiya mu bulijjo, oba kino ekyokka kusobola okukozesa tekinologiya mu bulijjo, oba kino ekyokka kusobola okukozesa tekinologiya mu bulijjo, oba kino ekyokka kusobola okukozesa tekinologiya mu bulijjo, oba kino ekyokka kusobola okukozesa tekinologiya mu bulijjo, oba kino ekyokka kusobola okukozesa tekinologiya mu bulijjo, oba kino ekyokka kusobola okukozesa tekinologiya mu bulijjo, oba kino ekyokka kusobola okukozesa tekinologiya mu bulijjo, oba kino ekyokka kusobola okukozesa tekinologiya mu bulijjo, oba kino ekyokka kusobola okukozesa tekinologiya mu bulijjo, oba kino ekyokka kusobola okukozesa tekinologiya mu bulijjo, oba kino ekyokka kusobola okukozesa tekinologiya mu bulijjo, oba kino ekyokka kusobola okukozesa tekinologiya mu bulijjo, oba kino ekyokka kusobola okukozesa tekinologiya mu bulijjo, oba kino ekyokka kusobola okukozesa tekinologiya mu bulijjo, oba kino ekyokka kusobola okukozesa tekinologiya mu bulijjo, oba kino ekyokka kusobola okukozesa tekinologiya mu bulijjo, oba kino ekyokka kusobola okukozesa tekinologiya mu bulijjo, oba kino ekyokka kusobola okukozesa tekinologiya mu bulijjo, oba kino ekyokka kusobola okukozesa tekinologiya mu bulijjo, oba kino ekyokka kusobola okukozesa tekinologiya mu bulijjo, oba kino ekyokka kusobola okukozesa tekinologiya mu bulijjo, oba kino ekyokka kusobola okukozesa tekinologiya mu bulijjo, oba kino ekyokka kusobola okukozesa tekinologiya mu bulijjo, oba kino ekyokka kusobola okukozesa tekinologiya mu bulijjo, oba kino ekyokka kusobola okukozesa tekinologiya mu bulijjo, oba kino ekyokka kusobola okukozesa tekinologiya mu bulijjo, oba kino ekyokka kusobola okukozesa tekinologiya mu bulijjo, oba kino ekyokka kusobola okukozesa tekinologiya mu bulijjo, oba kino ekyokka kusobola okukozesa tekinologiya mu bulijjo, oba kino ekyokka kusobola okukozesa tekinologiya mu bulijjo, oba kino ekyokka kusobola okukozesa tekinologiya mu bulijjo, oba kino ekyokka kusobola okukozesa tekinologiya mu bulijjo, oba kino ekyokka kusobola okukozesa tekinologiya mu bulijjo, oba kino ekyokka kusobola okukozesa tekinologiya mu bulijjo, oba kino ekyokka kusobola okukozesa tekinologiya mu bulijjo, oba kino ekyokka kusobola okukozesa tekinologiya mu bulijjo, oba kino ekyokka kusobola okukozesa tekinologiya mu bulijjo, oba kino ekyokka kusobola okukozesa tekinologiya mu bulijjo, oba kino ekyokka kusobola okukozesa tekinologiya mu bulijjo, oba kino ekyokka kusobola okukozesa tekinologiya mu bulijjo, oba kino ekyokka kusobola okukozesa tekinologiya mu bulijjo, oba kino ekyokka kusobola okukozesa tekinologiya mu bulijjo, oba kino ekyokka kusobola okukozesa tekinologiya mu bulijjo, oba kino ekyokka kusobola okukozesa tekinologiya mu bulijjo, oba kino ekyokka kusobola okukozesa tekinologiya mu bulijjo, oba kino ekyokka kusobola okukozesa tekinologiya mu bulijjo, oba kino ekyokka kusobola okukozesa tekinologiya mu bulijjo, oba kino ekyokka kusobola okukozesa tekinologiya mu bulijjo, oba kino ekyokka kusobola okukozesa tekinologiya mu bulijjo, oba kino ekyokka kusobola okukozesa tekinologiya mu bulijjo, oba kino ekyokka kusobola okukozesa tekinologiya mu bulijjo, oba kino ekyokka kusobola okukozesa tekinologiya mu bulijjo, oba kino ekyokka kusobola okukozesa tekinologiya mu bulijjo, oba kino ekyokka kusobola okukozesa tekinologiya mu bulijjo, oba kino ekyokka kusobola okukozesa tekinologiya mu bulijjo, oba kino ekyokka kusobola okukozesa tekinologiya mu bulijjo, oba kino ekyokka kusobola okukozesa tekinologiya mu bulijjo, oba kino ekyokka kusobola okukozesa tekinologiya mu bulijjo, oba kino ekyokka kusobola okukozesa tekinologiya mu bulijjo, oba kino ekyokka kusobola okukozesa tekinologiya mu bulijjo, oba kino ekyokka kusobola okukozesa tekinologiya mu bulijjo, oba kino ekyokka kusobola okukozesa tekinologiya mu bulijjo, oba kino ekyokka kusobola okukozesa tekinologiya mu bulijjo, oba kino ekyokka kusobola okukozesa tekinologiya mu bulijjo, oba kino ekyokka kusobola okukozesa tekinologiya mu bulijjo, oba kino ekyokka kusobola okukozesa tekinologiya mu bulijjo, oba kino ekyokka kusobola okukozesa tekinologiya mu bulijjo, oba kino ekyokka kusobola okukozesa tekinologiya mu bulijjo, oba kino ekyokka kusobola okukozesa tekinologiya mu bulijjo, oba kino ekyokka kusobola okukozesa tekinologiya mu bulijjo, oba kino ekyokka kusobola okukozesa tekinologiya mu bulijjo, oba kino ekyokka kusobola okukozesa tekinologiya mu bul",True
A,"**Jawabu:**  
**D. Mu biseera by’okuzannya obwereere mu luggya, Soledad akuba ensigo mu ngalo ze nagamba: “Nneneenya”**

**Ebyokwata:**  
1. **Okutegeera obwongo n’omulimu gwabwo:**  
   Ekigendererwa kino ekyogedda ""Okunnyonnyola ebimu ku bintu ebikulu ebikwata ku butonde bwe banoonyereza"" ekyasooka ku **okutegeera obwongo obwerere mu luggya** (festival). Kino ekyasooka ku **ebimu ebikulu** (ensigo, obwereere, n’okugamba ""Nneneenya"") **ebikwata ku butonde** (biseera by’okuzannya obwereere).  

2. **Okukozesa obutonde obwerere mu luggya:**  
   - **Soledad akuba ensigo mu ngalo:** Kino ekyasooka ku **ebimu ebikulu** (ensigo) **ebikwata ku butonde** (biseera by’okuzannya obwereere).  
   - **Okugamba ""Nneneenya"":** Kino ekyasooka ku **ebimu ebikulu** (okugamba) **ebikwata ku butonde** (biseera by’okuzannya obwereere).  

3. **Okutegeera obwongo obwerere mu luggya:**  
   - **Obwereere mu luggya** ekyasooka ku **obwongo obwerere** (festival) **obwerere mu luggya** (fields).  
   - **Soledad** ekyasooka ku **obwongo obwerere** (festival) **obwerere mu luggya** (fields).  

4. **Okutegeera obwongo obwerere mu luggya:**  
   - **Obwereere mu luggya** ekyasooka ku **obwongo obwerere** (festival) **obwerere mu luggya** (fields).  
   - **Soledad** ekyasooka ku **obwongo obwerere** (festival) **obwerere mu luggya** (fields).  

**Ebyokwata ku bintu ebikulu ebikwata ku butonde:**  
- **Obwereere mu luggya** ekyasooka ku **ebimu ebikulu** (festival) **ebikwata ku butonde** (biseera by’okuzannya obwereere).  
- **Soledad** ekyasooka ku **ebimu ebikulu** (festival) **ebikwata ku butonde** (biseera by’okuzannya obwereere).  

**Ebyokwata ku bintu ebikulu ebikwata ku butonde:**  
- **Obwereere mu luggya** ekyasooka ku **ebimu ebikulu** (festival) **ebikwata ku butonde** (biseera by’okuzannya obwereere).  
- **Soledad** ekyasooka ku **ebimu ebikulu** (festival) **ebikwata ku butonde** (biseera by’okuzannya obwereere).  

**Ebyokwata ku bintu ebikulu ebikwata ku butonde:**  
- **Obwereere mu luggya** ekyasooka ku **ebimu ebikulu** (festival) **ebikwata ku butonde** (biseera by’okuzannya obwereere).  
- **Soledad** ekyasooka ku **ebimu ebikulu** (festival) **ebikwata ku butonde** (biseera by’okuzannya obwereere).  

**Ebyokwata ku bintu ebikulu ebikwata ku butonde:**  
- **Obwereere mu luggya** ekyasooka ku **ebimu ebikulu** (festival) **ebikwata ku butonde** (biseera by’okuzannya obwereere).  
- **Soledad** ekyasooka ku **ebimu ebikulu** (festival) **ebikwata ku butonde** (biseera by’okuzannya obwereere).  

**Ebyokwata ku bintu ebikulu ebikwata ku butonde:**  
- **Obwereere mu luggya** ekyasooka ku **ebimu ebikulu** (festival) **ebikwata ku butonde** (biseera by’okuzannya obwereere).  
- **Soledad** ekyasooka ku **ebimu ebikulu** (festival) **ebikwata ku butonde** (biseera by’okuzannya obwereere).  

**Ebyokwata ku bintu ebikulu ebikwata ku butonde:**  
- **Obwereere mu luggya** ekyasooka ku **ebimu ebikulu** (festival) **ebikwata ku butonde** (biseera by’okuzannya obwereere).  
- **Soledad** ekyasooka ku **ebimu ebikulu** (festival) **ebikwata ku butonde** (biseera by’okuzannya obwereere).  

**Ebyokwata ku bintu ebikulu ebikwata ku butonde:**  
- **Obwereere mu luggya** ekyasooka ku **ebimu ebikulu** (festival) **ebikwata ku butonde** (biseera by’okuzannya obwereere).  
- **Soledad** ekyasooka ku **ebimu ebikulu** (festival) **ebikwata ku butonde** (biseera by’okuzannya obwereere).  

**Ebyokwata ku bintu ebikulu ebikwata ku butonde:**  
- **Obwereere mu luggya** ekyasooka ku **ebimu ebikulu** (festival) **ebikwata ku butonde** (biseera by’okuzannya obwereere).  
- **Soledad** ekyasooka ku **ebimu ebikulu** (festival) **ebikwata ku butonde** (biseera by’okuzannya obwereere).  

**Ebyokwata ku bintu ebikulu ebikwata ku butonde:**  
- **Obwereere mu luggya** ekyasooka ku **ebimu ebikulu** (festival) **ebikwata ku butonde** (biseera by’okuzannya obwereere).  
- **Soledad** ekyasooka ku **ebimu ebikulu** (festival) **ebikwata ku butonde** (biseera by’okuzannya obwereere).  

**Ebyokwata ku bintu ebikulu ebikwata ku butonde:**  
- **Obwereere mu luggya** ekyasooka ku **ebimu ebikulu** (festival) **ebikwata ku butonde** (biseera by’okuzannya obwereere).  
- **Soledad** ekyasooka ku **ebimu ebikulu** (festival) **ebikwata ku butonde** (biseera by’okuzannya obwereere).  

**Ebyokwata ku bintu ebikulu ebikwata ku butonde:**  
- **Obwereere mu luggya** ekyasooka ku **ebimu ebikulu** (festival) **ebikwata ku butonde** (biseera by’okuzannya obwereere).  
- **Soledad** ekyasooka ku **ebimu ebikulu** (festival) **ebikwata ku butonde** (biseera by’okuzannya obwereere).  

**Ebyokwata ku bintu ebikulu ebikwata ku butonde:**  
- **Obwereere mu luggya** ekyasooka ku **ebimu ebikulu** (festival) **ebikwata ku butonde** (biseera by’okuzannya obwereere).  
- **Soledad** ekyasooka ku **ebimu ebikulu** (festival) **ebikwata ku butonde** (biseera by’okuzannya obwereere).  

**Ebyokwata ku bintu ebikulu ebikwata ku butonde:**  
- **Obwereere mu luggya** ekyasooka ku **ebimu ebikulu** (festival) **ebikwata ku butonde** (biseera by’okuzannya obwereere).  
- **Soledad** ekyasooka ku **ebimu ebikulu** (festival) **ebikwata ku butonde** (biseera by’okuzannya obwereere).  

**Ebyokwata ku bintu ebikulu ebikwata ku butonde:**  
- **Obwereere mu luggya** ekyasooka ku **ebimu ebikulu** (festival) **ebikwata ku butonde** (biseera by’okuzannya obwereere).  
- **Soledad** ekyasooka ku **ebimu ebikulu** (festival) **ebikwata ku butonde** (biseera by’okuzannya obwereere).  

**Ebyokwata ku bintu ebikulu ebikwata ku butonde:**  
- **Obwereere mu luggya** ekyasooka ku **ebimu ebikulu** (festival) **ebikwata ku butonde** (biseera by’okuzannya obwereere).  
- **Soledad** ekyasooka ku **ebimu ebikulu** (festival) **ebikwata ku butonde** (biseera by’okuzannya obwereere).  

**Ebyokwata ku bintu ebikulu ebikwata ku butonde:**  
- **Obwereere mu luggya** ekyasooka ku **ebimu ebikulu** (festival) **ebikwata ku butonde** (biseera by’okuzannya obwereere).  
- **Soledad** ekyasooka ku **ebimu ebikulu** (festival) **ebikwata ku butonde** (biseera by’okuzannya obwereere).  

**Ebyokwata ku bintu ebikulu ebikwata ku butonde:**  
- **Obwereere mu luggya** ekyasooka ku **ebimu ebikulu** (festival) **ebikwata ku butonde** (biseera by’okuzannya obwereere).  
- **Soledad** ekyasooka ku **ebimu ebikulu** (festival) **ebikwata ku butonde** (biseera by’okuzannya obwereere).  

**Ebyokwata ku bintu ebikulu ebikwata ku butonde:**  
- **Obwereere mu luggya** ekyasooka ku **ebimu ebikulu** (festival) **ebikwata ku butonde** (biseera by’okuzannya obwereere).  
- **Soledad** ekyasooka ku **ebimu ebikulu** (festival) **ebikwata ku butonde** (biseera by’okuzannya obwereere).  

**Ebyokwata ku bintu ebikulu ebikwata ku butonde:**  
- **Obwereere mu luggya** ekyasooka ku **ebimu ebikulu** (festival) **ebikwata ku butonde** (biseera by’okuzannya obwereere).  
- **Soledad** ekyasooka ku **ebimu ebikulu** (festival) **ebikwata ku butonde** (biseera by’okuzannya obwereere).  

**Ebyokwata ku bintu ebikulu ebikwata ku butonde:**  
- **Obwereere mu luggya** ekyasooka ku **ebimu ebikulu** (festival) **ebikwata ku butonde** (biseera by’okuzannya obwereere).  
- **Soledad** ekyasooka ku **ebimu ebikulu** (festival) **ebikwata ku butonde** (biseera by’okuzannya obwereere).  

**Ebyokwata ku bintu ebikulu ebikwata ku butonde:**  
- **Obwereere mu luggya** ekyasooka ku **ebimu ebikulu** (festival) **ebikwata ku butonde** (biseera by’okuzannya obwereere).  
- **Soledad** ekyasooka ku **ebimu ebikulu** (festival) **ebikwata ku butonde** (biseera by’okuzannya obwereere).  

**Ebyokwata ku bintu ebikulu ebikwata ku butonde:**  
- **Obwereere mu luggya** ekyasooka ku **ebimu ebikulu** (festival) **ebikwata ku butonde** (biseera by’okuzannya obwereere).  
- **Soledad** ekyasooka ku **ebimu ebikulu** (festival) **ebikwata ku butonde** (biseera by’okuzannya obwereere).  

**Ebyokwata ku bintu ebikulu ebikwata ku butonde:**  
- **Obwereere mu luggya** ekyasooka ku **ebimu ebikulu** (festival) **ebikwata ku butonde** (biseera by’okuzannya obwereere).  
- **Soledad** ekyasooka ku **ebimu ebikulu** (festival) **ebikwata ku butonde** (biseera by’okuzannya obwereere).  

**Ebyokwata ku bintu ebikulu ebikwata ku butonde:**  
- **Obwereere mu luggya** ekyasooka ku **ebimu ebikulu** (festival) **ebikwata ku butonde** (biseera by’okuzannya obwereere).  
- **Soledad** ekyasooka ku **ebimu ebikulu** (festival) **ebikwata ku butonde** (biseera by’okuzannya obwereere).  

**Ebyokwata ku bintu ebikulu ebikwata ku butonde:**  
- **Obwereere mu luggya** ekyasooka ku **ebimu ebikulu** (festival) **ebikwata ku butonde** (biseera by’okuzannya obwereere).  
- **Soledad** ekyasooka ku **ebimu ebikulu** (festival) **ebikwata ku butonde** (biseera by’okuzannya obwereere).  

**Ebyokwata ku bintu ebikulu ebikwata ku butonde:**  
- **Obwereere mu luggya** ekyasooka ku **ebimu ebikulu** (festival) **ebikwata ku butonde** (biseera by’okuzannya obwereere).  
- **Soledad** ekyasooka ku **ebimu ebikulu** (festival) **eb",True
A,"**D** 

**Explanation:**  
The question asks which option correctly identifies the literary technique used in the passage where the teacher employs a method to help students understand a concept related to time and seasons. The correct answer is **D** because it involves using a sundial to track time and relate it to the seasons, which aligns with the method of hands-on observation and practical application described in the context. This approach directly connects the physical tool (sundial) to the abstract concept of time and seasonal changes, making it the most accurate choice.",True
D,"**Ekituufu kyokka:**  
Ku kibuuzo kino, omusomesa ow’ekibiina ekisooka ateekateeka omulimu gw’ekibinja okukolera ku bukugu bw’okunoonyereza awamu n’ekigendererwa ky’ekibiina: ""Okutegeera obwongo n’omulimu gwabwo."" Okutandika omulimu guno, agenda kuwa buli kibinja omutooke, omucungwa, n’omupeera, era agenda kubasaba okuwunyiriza, okulaba, okukwatako, n’okulega ku buli kibala.  

**Ku kisooka ky’okukozesa obusobozi (Option B):**  
- **Ku kola okunoonyereza (Observation):** Abayizi banyonnyola ebirowoozo eby’enjawulo (e.g., amazzi, amafuta, amayinja) okusinziira ku ngeri ez’okwawula ebintu ebiri mu mugatte.  
- **Ku kola obukwafuwavu (Experimentation):** Bateekawo ebintu ebikozesebwa (e.g., obuzito, enkula) n’okukozesa obukodyo oba tekiniki ey’okwawula.  
- **Ku kola obungi (Comparison):** Banyimirira ngeri ebyetaagisa n’ebikozesebwa (e.g., kubintu ebireetera ebintu okuyimirira mumazzi) era balega ku kikuta ky’omupeera.  

**Ku kisooka ky’okukozesa obusobozi (Option B) ekigguddwaayo:**  
- **Ku kola obungi (Comparison):** Abayizi bakozesa obungi ku kikuta ky’omupeera (e.g., kubintu ebireetera) okusinziira ku ngeri ez’okwawula.  
- **Ku kola obukodyo (Tools/Procedures):** Bakozesa obukodyo oba tekiniki ey’okwawula (e.g., amagezi, obuzito) okusinziira ku kikuta ky’omupeera.  
- **Ku kola obungi (Comparison):** Bakunganya ngeri ebyetaagisa n’ebikozesebwa (e.g., kubintu ebireetera) okusinziira ku kikuta ky’omupeera.  

**Ku kisooka ky’okukozesa obusobozi (Option B) ekigguddwaayo:**  
- **Ku kola obungi (Comparison):** Abayizi bakozesa obungi ku kikuta ky’omupeera (e.g., kubintu ebireetera) okusinziira ku ngeri ez’okwawula.  
- **Ku kola obukodyo (Tools/Procedures):** Bakozesa obukodyo oba tekiniki ey’okwawula (e.g., amagezi, obuzito) okusinziira ku kikuta ky’omupeera.  
- **Ku kola obungi (Comparison):** Bakunganya ngeri ebyetaagisa n’ebikozesebwa (e.g., kubintu ebireetera) okusinziira ku kikuta ky’omupeera.  

**Ku kisooka ky’okukozesa obusobozi (Option B) ekigguddwaayo:**  
- **Ku kola obungi (Comparison):** Abayizi bakozesa obungi ku kikuta ky’omupeera (e.g., kubintu ebireetera) okusinziira ku ngeri ez’okwawula.  
- **Ku kola obukodyo (Tools/Procedures):** Bakozesa obukodyo oba tekiniki ey’okwawula (e.g., amagezi, obuzito) okusinziira ku kikuta ky’omupeera.  
- **Ku kola obungi (Comparison):** Bakunganya ngeri ebyetaagisa n’ebikozesebwa (e.g., kubintu ebireetera) okusinziira ku kikuta ky’omupeera.  

**Ku kisooka ky’okukozesa obusobozi (Option B) ekigguddwaayo:**  
- **Ku kola obungi (Comparison):** Abayizi bakozesa obungi ku kikuta ky’omupeera (e.g., kubintu ebireetera) okusinziira ku ngeri ez’okwawula.  
- **Ku kola obukodyo (Tools/Procedures):** Bakozesa obukodyo oba tekiniki ey’okwawula (e.g., amagezi, obuzito) okusinziira ku kikuta ky’omupeera.  
- **Ku kola obungi (Comparison):** Bakunganya ngeri ebyetaagisa n’ebikozesebwa (e.g., kubintu ebireetera) okusinziira ku kikuta ky’omupeera.  

**Ku kisooka ky’okukozesa obusobozi (Option B) ekigguddwaayo:**  
- **Ku kola obungi (Comparison):** Abayizi bakozesa obungi ku kikuta ky’omupeera (e.g., kubintu ebireetera) okusinziira ku ngeri ez’okwawula.  
- **Ku kola obukodyo (Tools/Procedures):** Bakozesa obukodyo oba tekiniki ey’okwawula (e.g., amagezi, obuzito) okusinziira ku kikuta ky’omupeera.  
- **Ku kola obungi (Comparison):** Bakunganya ngeri ebyetaagisa n’ebikozesebwa (e.g., kubintu ebireetera) okusinziira ku kikuta ky’omupeera.  

**Ku kisooka ky’okukozesa obusobozi (Option B) ekigguddwaayo:**  
- **Ku kola obungi (Comparison):** Abayizi bakozesa obungi ku kikuta ky’omupeera (e.g., kubintu ebireetera) okusinziira ku ngeri ez’okwawula.  
- **Ku kola obukodyo (Tools/Procedures):** Bakozesa obukodyo oba tekiniki ey’okwawula (e.g., amagezi, obuzito) okusinziira ku kikuta ky’omupeera.  
- **Ku kola obungi (Comparison):** Bakunganya ngeri ebyetaagisa n’ebikozesebwa (e.g., kubintu ebireetera) okusinziira ku kikuta ky’omupeera.  

**Ku kisooka ky’okukozesa obusobozi (Option B) ekigguddwaayo:**  
- **Ku kola obungi (Comparison):** Abayizi bakozesa obungi ku kikuta ky’omupeera (e.g., kubintu ebireetera) okusinziira ku ngeri ez’okwawula.  
- **Ku kola obukodyo (Tools/Procedures):** Bakozesa obukodyo oba tekiniki ey’okwawula (e.g., amagezi, obuzito) okusinziira ku kikuta ky’omupeera.  
- **Ku kola obungi (Comparison):** Bakunganya ngeri ebyetaagisa n’ebikozesebwa (e.g., kubintu ebireetera) okusinziira ku kikuta ky’omupeera.  

**Ku kisooka ky’okukozesa obusobozi (Option B) ekigguddwaayo:**  
- **Ku kola obungi (Comparison):** Abayizi bakozesa obungi ku kikuta ky’omupeera (e.g., kubintu ebireetera) okusinziira ku ngeri ez’okwawula.  
- **Ku kola obukodyo (Tools/Procedures):** Bakozesa obukodyo oba tekiniki ey’okwawula (e.g., amagezi, obuzito) okusinziira ku kikuta ky’omupeera.  
- **Ku kola obungi (Comparison):** Bakunganya ngeri ebyetaagisa n’ebikozesebwa (e.g., kubintu ebireetera) okusinziira ku kikuta ky’omupeera.  

**Ku kisooka ky’okukozesa obusobozi (Option B) ekigguddwaayo:**  
- **Ku kola obungi (Comparison):** Abayizi bakozesa obungi ku kikuta ky’omupeera (e.g., kubintu ebireetera) okusinziira ku ngeri ez’okwawula.  
- **Ku kola obukodyo (Tools/Procedures):** Bakozesa obukodyo oba tekiniki ey’okwawula (e.g., amagezi, obuzito) okusinziira ku kikuta ky’omupeera.  
- **Ku kola obungi (Comparison):** Bakunganya ngeri ebyetaagisa n’ebikozesebwa (e.g., kubintu ebireetera) okusinziira ku kikuta ky’omupeera.  

**Ku kisooka ky’okukozesa obusobozi (Option B) ekigguddwaayo:**  
- **Ku kola obungi (Comparison):** Abayizi bakozesa obungi ku kikuta ky’omupeera (e.g., kubintu ebireetera) okusinziira ku ngeri ez’okwawula.  
- **Ku kola obukodyo (Tools/Procedures):** Bakozesa obukodyo oba tekiniki ey’okwawula (e.g., amagezi, obuzito) okusinziira ku kikuta ky’omupeera.  
- **Ku kola obungi (Comparison):** Bakunganya ngeri ebyetaagisa n’ebikozesebwa (e.g., kubintu ebireetera) okusinziira ku kikuta ky’omupeera.  

**Ku kisooka ky’okukozesa obusobozi (Option B) ekigguddwaayo:**  
- **Ku kola obungi (Comparison):** Abayizi bakozesa obungi ku kikuta ky’omupeera (e.g., kubintu ebireetera) okusinziira ku ngeri ez’okwawula.  
- **Ku kola obukodyo (Tools/Procedures):** Bakozesa obukodyo oba tekiniki ey’okwawula (e.g., amagezi, obuzito) okusinziira ku kikuta ky’omupeera.  
- **Ku kola obungi (Comparison):** Bakunganya ngeri ebyetaagisa n’ebikozesebwa (e.g., kubintu ebireetera) okusinziira ku kikuta ky’omupeera.  

**Ku kisooka ky’okukozesa obusobozi (Option B) ekigguddwaayo:**  
- **Ku kola obungi (Comparison):** Abayizi bakozesa obungi ku kikuta ky’omupeera (e.g., kubintu ebireetera) okusinziira ku ngeri ez’okwawula.  
- **Ku kola obukodyo (Tools/Procedures):** Bakozesa obukodyo oba tekiniki ey’okwawula (e.g., amagezi, obuzito) okusinziira ku kikuta ky’omupeera.  
- **Ku kola obungi (Comparison):** Bakunganya ngeri ebyetaagisa n’ebikozesebwa (e.g., kubintu ebireetera) okusinziira ku kikuta ky’omupeera.  

**Ku kisooka ky’okukozesa obusobozi (Option B) ekigguddwaayo:**  
- **Ku kola obungi (Comparison):** Abayizi bakozesa obungi ku kikuta ky’omupeera (e.g., kubintu ebireetera) okusinziira ku ngeri ez’okwawula.  
- **Ku kola obukodyo (Tools/Procedures):** Bakozesa obukodyo oba tekiniki ey’okwawula (e.g., amagezi, obuzito) okusinziira ku kikuta ky’omupeera.  
- **Ku kola obungi (Comparison):** Bakunganya ngeri ebyetaagisa n’ebikozesebwa (e.g., kubintu ebireetera) okusinziira ku kikuta ky’omupeera.  

**Ku kisooka ky’okukozesa obusobozi (Option B) ekigguddwaayo:**  
- **Ku kola obungi (Comparison):** Abayizi bakozesa obungi ku kikuta ky’omupeera (e.g., kubintu ebireetera) okusinziira ku ngeri ez’okwawula.  
- **Ku kola obukodyo (Tools/Procedures):** Bakozesa obukodyo oba tekiniki ey’okwawula (e.g., amagezi, obuzito) okusinziira ku kikuta ky’omupeera.  
- **Ku kola obungi (Comparison):** Bakunganya ngeri ebyetaagisa n’ebikozesebwa (e.g., kubintu ebireetera) okusinziira ku kikuta ky’omupeera.  

**Ku kisooka ky’okukozesa obusobozi (Option B) ekigguddwaayo:**  
- **Ku kola obungi (Comparison):** Abayizi bakozesa obungi ku kikuta ky’omupeera (e.g., kubintu ebireetera) okusinziira ku ngeri ez’okwawula.  
- **Ku kola obukodyo (Tools/Procedures):** Bakozesa obukodyo oba tekiniki ey’okwawula (e.g., amagezi, obuzito) okusinziira ku kikuta ky’omupeera.  
- **Ku kola obungi (Comparison):** Bakunganya ngeri ebyetaagisa n’eb",True
D,"**Ekibuuzo 1:**  
**D.** Mu biseera by’okuzannya obwereere mu luggya, Soledad akuba ensigo mu ngalo ze nagamba: “Nneneenya.”  
**Ekkwata:** Ekigendererwa kino kituukiddwaako kubereza **ekikuta ky’okuzannya obwereere** (ekikuta ky’okuzibwera obwerere). Kino kikozesebwa mu kiseera kino nga Soledad akuba ensigo mu ngalo era akasembola obwerere ku ""Nneneenya,"" obwerere obwerere obwerere obwerere obwerere obwerere obwerere obwerere obwerere obwerere obwerere obwerere obwerere obwerere obwerere obwerere obwerere obwerere obwerere obwerere obwerere obwerere obwerere obwerere obwerere obwerere obwerere obwerere obwerere obwerere obwerere obwerere obwerere obwerere obwerere obwerere obwerere obwerere obwerere obwerere obwerere obwerere obwerere obwerere obwerere obwerere obwerere obwerere obwerere obwerere obwerere obwerere obwerere obwerere obwerere obwerere obwerere obwerere obwerere obwerere obwerere obwerere obwerere obwerere obwerere obwerere obwerere obwerere obwerere obwerere obwerere obwerere obwerere obwerere obwerere obwerere obwerere obwerere obwerere obwerere obwerere obwerere obwerere obwerere obwerere obwerere obwerere obwerere obwerere obwerere obwerere obwerere obwerere obwerere obwerere obwerere obwerere obwerere obwerere obwerere obwerere obwerere obwerere obwerere obwerere obwerere obwerere obwerere obwerere obwerere obwerere obwerere obwerere obwerere obwerere obwerere obwerere obwerere obwerere obwerere obwerere obwerere obwerere obwerere obwerere obwerere obwerere obwerere obwerere obwerere obwerere obwerere obwerere obwerere obwerere obwerere obwerere obwerere obwerere obwerere obwerere obwerere obwerere obwerere obwerere obwerere obwerere obwerere obwerere obwerere obwerere obwerere obwerere obwerere obwerere obwerere obwerere obwerere obwerere obwerere obwerere obwerere obwerere obwerere obwerere obwerere obwerere obwerere obwerere obwerere obwerere obwerere obwerere obwerere obwerere obwerere obwerere obwerere obwerere obwerere obwerere obwerere obwerere obwerere obwerere obwerere obwerere obwerere obwerere obwerere obwerere obwerere obwerere obwerere obwerere obwerere obwerere obwerere obwerere obwerere obwerere obwerere obwerere obwerere obwerere obwerere obwerere obwerere obwerere obwerere obwerere obwerere obwerere obwerere obwerere obwerere obwerere obwerere obwerere obwerere obwerere obwerere obwerere obwerere obwerere obwerere obwerere obwerere obwerere obwerere obwerere obwerere obwerere obwerere obwerere obwerere obwerere obwerere obwerere obwerere obwerere obwerere obwerere obwerere obwerere obwerere obwerere obwerere obwerere obwerere obwerere obwerere obwerere obwerere obwerere obwerere obwerere obwerere obwerere obwerere obwerere obwerere obwerere obwerere obwerere obwerere obwerere obwerere obwerere obwerere obwerere obwerere obwerere obwerere obwerere obwerere obwerere obwerere obwerere obwerere obwerere obwerere obwerere obwerere obwerere obwerere obwerere obwerere obwerere obwerere obwerere obwerere obwerere obwerere obwerere obwerere obwerere obwerere obwerere obwerere obwerere obwerere obwerere obwerere obwerere obwerere obwerere obwerere obwerere obwerere obwerere obwerere obwerere obwerere obwerere obwerere obwerere obwerere obwerere obwerere obwerere obwerere obwerere obwerere obwerere obwerere obwerere obwerere obwerere obwerere obwerere obwerere obwerere obwerere obwerere obwerere obwerere obwerere obwerere obwerere obwerere obwerere obwerere obwerere obwerere obwerere obwerere obwerere obwerere obwerere obwerere obwerere obwerere obwerere obwerere obwerere obwerere obwerere obwerere obwerere obwerere obwerere obwerere obwerere obwerere obwerere obwerere obwerere obwerere obwerere obwerere obwerere obwerere obwerere obwerere obwerere obwerere obwerere obwerere obwerere obwerere obwerere obwerere obwerere obwerere obwerere obwerere obwerere obwerere obwerere obwerere obwerere obwerere obwerere obwerere obwerere obwerere obwerere obwerere obwerere obwerere obwerere obwerere obwerere obwerere obwerere obwerere obwerere obwerere obwerere obwerere obwerere obwerere obwerere obwerere obwerere obwerere obwerere obwerere obwerere obwerere obwerere obwerere obwerere obwerere obwerere obwerere obwerere obwerere obwerere obwerere obwerere obwerere obwerere obwerere obwerere obwerere obwerere obwerere obwerere obwerere obwerere obwerere obwerere obwerere obwerere obwerere obwerere obwerere obwerere obwerere obwerere obwerere obwerere obwerere obwerere obwerere obwerere obwerere obwerere obwerere obwerere obwerere obwerere obwerere obwerere obwerere obwerere obwerere obwerere obwerere obwerere obwerere obwerere obwerere obwerere obwerere obwerere obwerere obwerere obwerere obwerere obwerere obwerere obwerere obwerere obwerere obwerere obwerere obwerere obwerere obwerere obwerere obwerere obwerere obwerere obwerere obwerere obwerere obwerere obwerere obwerere obwerere obwerere obwerere obwerere obwerere obwerere obwerere obwerere obwerere obwerere obwerere obwerere obwerere obwerere obwerere obwerere obwerere obwerere obwerere obwerere obwerere obwerere obwerere obwerere obwerere obwerere obwerere obwerere obwerere obwerere obwerere obwerere obwerere obwerere obwerere obwerere obwerere obwerere obwerere obwerere obwerere obwerere obwerere obwerere obwerere obwerere obwerere obwerere obwerere obwerere obwerere obwerere obwerere obwerere obwerere obwerere obwerere obwerere obwerere obwerere obwerere obwerere obwerere obwerere obwerere obwerere obwerere obwerere obwerere obwerere obwerere obwerere obwerere obwerere obwerere obwerere obwerere obwerere obwerere obwerere obwerere obwerere obwerere obwerere obwerere obwerere obwerere obwerere obwerere obwerere obwerere obwerere obwerere obwerere obwerere obwerere obwerere obwerere obwerere obwerere obwerere obwerere obwerere obwerere obwerere obwerere obwerere obwerere obwerere obwerere obwerere obwerere obwerere obwerere obwerere obwerere obwerere obwerere obwerere obwerere obwerere obwerere obwerere obwerere obwerere obwerere obwerere obwerere obwerere obwerere obwerere obwerere obwerere obwerere obwerere obwerere obwerere obwerere obwerere obwerere obwerere obwerere obwerere obwerere obwerere obwerere obwerere obwerere obwerere obwerere obwerere obwerere obwerere obwerere obwerere obwerere obwerere obwerere obwerere obwerere obwerere obwerere obwerere obwerere obwerere obwerere obwerere obwerere obwerere obwerere obwerere obwerere obwerere obwerere obwerere obwerere obwerere obwerere obwerere obwerere obwerere obwerere obwerere obwerere obwerere obwerere obwerere obwerere obwerere obwerere obwerere obwerere obwerere obwerere obwerere obwerere obwerere obwerere obwerere obwerere obwerere obwerere obwerere obwerere obwerere obwerere obwerere obwerere obwerere obwerere obwerere obwerere obwerere obwerere obwerere obwerere obwerere obwerere obwerere obwerere obwerere obwerere obwerere obwerere obwerere obwerere obwerere obwerere obwerere obwerere obwerere obwerere obwerere obwerere obwerere obwerere obwerere obwerere obwerere obwerere obwerere obwerere obwerere obwerere obwerere obwerere obwerere obwerere obwerere obwerere obwerere obwerere obwerere obwerere obwerere obwerere obwerere obwerere obwerere obwerere obwerere obwerere obwerere obwerere obwerere obwerere obwerere obwerere obwerere obwerere obwerere obwerere obwerere obwerere obwerere obwerere obwerere obwerere obwerere obwerere obwerere obwerere obwerere obwerere obwerere obwerere obwerere obwerere obwerere obwerere obwerere obwerere obwerere obwerere obwerere obwerere obwerere obwerere obwerere obwerere obwerere obwerere obwerere obwerere obwerere obwerere obwerere obwerere obwerere obwerere obwerere obwerere obwerere obwerere obwerere obwerere obwerere obwerere obwerere obwerere obwerere obwerere obwerere obwerere obwerere obwerere obwerere obwerere obwerere obwerere obwerere obwerere obwerere obwerere obwerere obwerere obwerere obwerere obwerere obwerere obwerere obwerere obwerere obwerere obwerere obwerere obwerere obwerere obwerere obwerere obwerere obwerere obwerere obwerere obwerere obwerere obwerere obwerere obwerere obwerere obwerere obwerere obwerere obwerere obwerere obwerere obwerere obwerere obwerere obwerere obwerere obwerere obwerere obwerere obwerere obwerere obwerere obwerere obwerere obwerere obwerere obwerere obwerere obwerere obwerere obwerere obwerere obwerere obwerere obwerere obwerere obwerere obwerere obwerere obwerere obwerere obwerere obwerere obwerere obwerere obwerere obwerere obwerere obwerere obwerere obwerere obwerere obwerere obwerere obwerere obwerere obwerere obwerere obwerere obwerere obwerere obwerere obwerere obwerere obwerere obwerere obwerere obwerere obwerere obwerere obwerere obwerere obwerere obwerere obwerere obwerere obwerere obwerere obwerere obwerere obwerere obwerere obwerere obwerere obwerere obwerere obwerere obwerere obwerere obwerere obwerere obwerere obwerere obwerere obwerere obwerere obwerere obwerere obwerere obwerere obwerere obwerere obwerere obwerere obwerere obwerere obwerere obwerere obwerere obwerere obwerere obwerere obwerere obwerere obwerere obwerere obwerere obwerere obwerere obwerere obwerere obwerere obwerere obwerere obwerere obwerere obwerere obwerere obwerere obwerere obwerere obwerere obwerere obwerere obwerere obwerere obwerere obwerere obwerere obwerere obwerere obwerere obwerere obwerere obwerere obwerere obwerere obwerere obwerere obwerere obwerere obwerere obwerere obwerere obwerere obwerere obwerere obwerere obwerere obwerere obwerere obwerere obwerere obwerere obwerere obwerere obwerere obwerere obwerere obwerere obwerere obwerere obwerere obwerere obwerere obwerere obwerere obwerere obwerere obwerere obwerere obwerere obwerere obwerere obwerere obwerere obwerere obwerere obwerere obwerere obwerere obwerere obwerere obwerere obwerere obwerere obwerere obwerere obwerere obwerere obwerere obwerere obwerere obwerere obwerere obwerere obwerere obwerere obwerere obwerere obwerere obwerere obwerere obwerere obwerere obwerere obwerere obwerere obwerere obwerere obwerere obwerere obwerere obwerere obwerere obwerere obwerere obwerere obwerere obwerere obwerere obwerere obwerere obwerere obwerere obwerere obwerere obwerere obwerere obwerere obwerere obwerere obwerere obwerere obwerere obwerere obwerere obwerere obwerere obwerere obwer",True
A,"**C. Kisinziira ku busobozi bw'ebiramu okusaanuuka mu kiyuusizo.**

**Explanation:**  
The students incorrectly assumed that the dissolution processes of NaCl and NaHCO₃ are identical. However, the key distinction lies in the **chemical behavior post-dissolution**. While NaCl fully dissociates into Na⁺ and Cl⁻ ions in water (a physical process), NaHCO₃'s dissolution involves **chemical equilibrium**. The bicarbonate ion (HCO₃⁻) can further react with water, acting as a weak acid or base (e.g., HCO₃⁻ ⇌ H⁺ + CO₃²⁻ or HCO₃⁻ + H₂O ⇌ H₂CO₃ + OH⁻). This additional chemical interaction during dissolution is not present in NaCl. The error in the students' reasoning is their failure to recognize that NaHCO₃'s dissolution includes a **chemical reaction**, whereas NaCl's is purely physical. Thus, the dissolution processes are fundamentally different, and the correct answer is **C**.",True
C,"**Answer: B. Abayizi bagamba nti ebintu ebitayinza kulemesa nkola za butonde bisobola okuba nga byeyongera okwewooya.**

**Explanation:**  
The question relates to the **Second Law of Thermodynamics**, which states that the total entropy (disorder) of an **isolated system** never decreases. However, in **non-isolated systems** (like open or closed systems), **local decreases in entropy** are possible if the surroundings experience a greater increase in entropy. 

When two substances mix and the system's entropy decreases (e.g., in exothermic reactions where heat is released to the surroundings), the **total entropy of the universe** (system + surroundings) still increases. Students observing this might conclude that **mixing can lead to a decrease in the system's entropy**, which aligns with **Option B**. 

- **Option A** is incorrect because entropy cannot decrease in an **isolated system**.  
- **Option C** is vague and doesn't address entropy directly.  
- **Option D** is incorrect because mixing doesn't inherently ""generate energy""; energy is conserved (First Law of Thermodynamics).  

Thus, **Option B** correctly reflects the thermodynamic principle that **local entropy decreases are possible in non-isolated systems**.",True
C,"**D. Okukenenula endabika y’amasannyalaze ag’ebweru aga atomu ez’enjawulo nga ziri mu mbeera eya bulijjo n’eya kusisimuka.**

**Explanation:**  
Hund's rule (Hund's principle) states that electrons in the same subshell (degenerate orbitals) will occupy separate orbitals with parallel spins before pairing up. This minimizes electron-electron repulsion and maximizes the total spin, leading to the most stable configuration. The correct answer (D) refers to determining the number of unpaired electrons in orbitals of the same energy (degenerate orbitals) in a given configuration, which aligns with the principle of maximizing unpaired electrons (maximum multiplicity). 

- **Option A** mentions arranging electrons in the same energy orbitals unpaired first, which is part of the process but not the core principle.  
- **Option C** focuses on maximizing unpaired electrons, which is the essence of Hund's rule.  
- **Option D** directly addresses the determination of unpaired electrons in degenerate orbitals, which is the key application of the rule.  

Thus, **D** is the most accurate choice.",True
C,"**Jawabu:**  
**B. Enneeyisa y'ebintu eby'enjawulo nga bimyuse mu kiyuusizo ekitali kya kibiebie**  

**Tabyeyi:**  
- **Amazzi (50 mL)**: Solvente ya kiyuusizo (pola).  
- **Omunnyo (NaCl, 5g)**: Soluble kya amazzi (pola).  
- **Essukaali (5g)**: Soluble kya amazzi (pola).  
- **Ekika kya bicarbonate (5g)**: Soluble kya amazzi (pola), kati 5g mu 50mL ezigula kya kisolo (kati 10g/100mL).  
- **Amafuta (5mL)**: Insoluble (non-pola), ezigula kya kikwata.  
- **Omwenge (5mL)**: Soluble (kati 70% amazzi + alcohol, kiyuusizo ya kiyuusizo).  

**Eby’okukola:**  
- **Ebirala bitundu**: Omunnyo, essukaali, ekika kya bicarbonate, n’omwenge (kati amafuta).  
- **Ebirala tebiwulukuka ddala**: Amafuta (non-pola) ezigula kya kikwata.  

**Kiki ekikwatagana n’omulimu guno?**  
Option **B** ezigira ku **enneeyisa y’ebintu eby’enjawulo** (omunnyo, essukaali, ekika kya bicarbonate, omwenge) **ne tebiwulukuka** (amafuta).  

**Kikwata kya kiyuusizo:**  
- **Pola (ebintu eby’enjawulo)**: Eby’ebisobozesa kiyuusizo ya kiyuusizo (e.g., NaCl, essukaali).  
- **Non-pola (tebiwulukuka)**: Eby’ebisobozesa kiyuusizo ya kikwata (e.g., amafuta).  

**Kikwata kya option C:**  
- Ezigira ku **molekyu ne kiyuusizo**, kati ekibuuzo ezigira ku **enneeyisa y’ebintu eby’enjawulo**, tebiwulukuka, kati tebiwulukuka.  

**Kikwata kya option B:**  
- Ezigira ku **enneeyisa y’ebintu eby’enjawulo** (kati tebiwulukuka) **mu kiyuusizo ekitali kya kibiebie** (amazzi).  

**Kikwata kya option D:**  
- Ezigira ku **kwataganya enkolagana wakati**, kati ekibuuzo ezigira ku **enneeyisa y’ebintu eby’enjawulo**, tebiwulukuka.  

**Kikwata kya option A:**  
- Ezigira ku **pola ne non-pola**, kati ekibuuzo ezigira ku **enneeyisa y’ebintu eby’enjawulo** (kati tebiwulukuka).  

**Kikwata kya option B ezigira ku ekibuuzo.**",True
D,"**Jawabu: A. Saba abayizi okwawula molekyu ez’enjawulo okusinziira ku nkola zaazo ez’omunda.**

**Tabyeyi:**  
Mu kibiina ku nkwaso za kemiko, ekigendererwa ky’okuyamba abayizi okutegeera enjawulo mu mitendera gy’enkolagana wakati wa molekyu (kama ekyokwawula molekyu ez’enjawulo) ekyeyinza okukozesa **tekiniki ya okwawula molekyu**. Ekyo ekyeyinza okusinziira ku nkola ez’omunda (kama ekyokwawula molekyu ez’enjawulo mu kikuta ky’okugoberera n’okukolaakulanya obukugu mu bya ssaayansi). 

**Ku kiseera ky’okuyiga:**  
- **Option A** ekyeyinza okukozesa tekiniki ya okwawula molekyu ez’enjawulo (kama ekyokwawula molekyu ez’enjawulo mu kikuta ky’okugoberera) okusinziira ku nkola ez’omunda. Ekyeyinza okusobola abayizi okutegeera enjawulo mu mitendera gy’enkolagana wakati wa molekyu, kama ekyokwawula molekyu ez’enjawulo mu kikuta ky’okugoberera n’okukolaakulanya obukugu mu bya ssaayansi.  
- **Option C** ekyeyinza okukozesa tekiniki ya okwekenneenya obubaawo bw’enkolagana wakati w’ebintu ebiri mu molekyu, kama ekyokwawula molekyu ez’enjawulo mu kikuta ky’okugoberera n’okukolaakulanya obukugu mu bya ssaayansi.  

**Ku kiseera ky’okukozesa tekiniki ya okwawula molekyu:**  
- Ekyeyinza okusinziira ku nkola ez’omunda (kama ekyokwawula molekyu ez’enjawulo mu kikuta ky’okugoberera) n’okukolaakulanya obukugu mu bya ssaayansi.  
- Ekyeyinza okusobola abayizi okutegeera enjawulo mu mitendera gy’enkolagana wakati wa molekyu, kama ekyokwawula molekyu ez’enjawulo mu kikuta ky’okugoberera n’okukolaakulanya obukugu mu bya ssaayansi.  

**Ku kiseera ky’okukozesa tekiniki ya okwekenneenya obubaawo:**  
- Ekyeyinza okusinziira ku nkola ez’omunda (kama ekyokwawula molekyu ez’enjawulo mu kikuta ky’okugoberera) n’okukolaakulanya obukugu mu bya ssaayansi.  
- Ekyeyinza okusobola abayizi okutegeera enjawulo mu mitendera gy’enkolagana wakati wa molekyu, kama ekyokwawula molekyu ez’enjawulo mu kikuta ky’okugoberera n’okukolaakulanya obukugu mu bya ssaayansi.  

**Ku kiseera ky’okukozesa tekiniki ya okukola enteekateeka:**  
- Ekyeyinza okusinziira ku nkola ez’omunda (kama ekyokwawula molekyu ez’enjawulo mu kikuta ky’okugoberera) n’okukolaakulanya obukugu mu bya ssaayansi.  
- Ekyeyinza okusobola abayizi okutegeera enjawulo mu mitendera gy’enkolagana wakati wa molekyu, kama ekyokwawula molekyu ez’enjawulo mu kikuta ky’okugoberera n’okukolaakulanya obukugu mu bya ssaayansi.  

**Ku kiseera ky’okukozesa tekiniki ya okukozesa obukodyo:**  
- Ekyeyinza okusinziira ku nkola ez’omunda (kama ekyokwawula molekyu ez’enjawulo mu kikuta ky’okugoberera) n’okukolaakulanya obukugu mu bya ssaayansi.  
- Ekyeyinza okusobola abayizi okutegeera enjawulo mu mitendera gy’enkolagana wakati wa molekyu, kama ekyokwawula molekyu ez’enjawulo mu kikuta ky’okugoberera n’okukolaakulanya obukugu mu bya ssaayansi.  

**Ku kiseera ky’okukozesa tekiniki ya okukozesa obukodyo:**  
- Ekyeyinza okusinziira ku nkola ez’omunda (kama ekyokwawula molekyu ez’enjawulo mu kikuta ky’okugoberera) n’okukolaakulanya obukugu mu bya ssaayansi.  
- Ekyeyinza okusobola abayizi okutegeera enjawulo mu mitendera gy’enkolagana wakati wa molekyu, kama ekyokwawula molekyu ez’enjawulo mu kikuta ky’okugoberera n’okukolaakulanya obukugu mu bya ssaayansi.  

**Ku kiseera ky’okukozesa tekiniki ya okukozesa obukodyo:**  
- Ekyeyinza okusinziira ku nkola ez’omunda (kama ekyokwawula molekyu ez’enjawulo mu kikuta ky’okugoberera) n’okukolaakulanya obukugu mu bya ssaayansi.  
- Ekyeyinza okusobola abayizi okutegeera enjawulo mu mitendera gy’enkolagana wakati wa molekyu, kama ekyokwawula molekyu ez’enjawulo mu kikuta ky’okugoberera n’okukolaakulanya obukugu mu bya ssaayansi.  

**Ku kiseera ky’okukozesa tekiniki ya okukozesa obukodyo:**  
- Ekyeyinza okusinziira ku nkola ez’omunda (kama ekyokwawula molekyu ez’enjawulo mu kikuta ky’okugoberera) n’okukolaakulanya obukugu mu bya ssaayansi.  
- Ekyeyinza okusobola abayizi okutegeera enjawulo mu mitendera gy’enkolagana wakati wa molekyu, kama ekyokwawula molekyu ez’enjawulo mu kikuta ky’okugoberera n’okukolaakulanya obukugu mu bya ssaayansi.  

**Ku kiseera ky’okukozesa tekiniki ya okukozesa obukodyo:**  
- Ekyeyinza okusinziira ku nkola ez’omunda (kama ekyokwawula molekyu ez’enjawulo mu kikuta ky’okugoberera) n’okukolaakulanya obukugu mu bya ssaayansi.  
- Ekyeyinza okusobola abayizi okutegeera enjawulo mu mitendera gy’enkolagana wakati wa molekyu, kama ekyokwawula molekyu ez’enjawulo mu kikuta ky’okugoberera n’okukolaakulanya obukugu mu bya ssaayansi.  

**Ku kiseera ky’okukozesa tekiniki ya okukozesa obukodyo:**  
- Ekyeyinza okusinziira ku nkola ez’omunda (kama ekyokwawula molekyu ez’enjawulo mu kikuta ky’okugoberera) n’okukolaakulanya obukugu mu bya ssaayansi.  
- Ekyeyinza okusobola abayizi okutegeera enjawulo mu mitendera gy’enkolagana wakati wa molekyu, kama ekyokwawula molekyu ez’enjawulo mu kikuta ky’okugoberera n’okukolaakulanya obukugu mu bya ssaayansi.  

**Ku kiseera ky’okukozesa tekiniki ya okukozesa obukodyo:**  
- Ekyeyinza okusinziira ku nkola ez’omunda (kama ekyokwawula molekyu ez’enjawulo mu kikuta ky’okugoberera) n’okukolaakulanya obukugu mu bya ssaayansi.  
- Ekyeyinza okusobola abayizi okutegeera enjawulo mu mitendera gy’enkolagana wakati wa molekyu, kama ekyokwawula molekyu ez’enjawulo mu kikuta ky’okugoberera n’okukolaakulanya obukugu mu bya ssaayansi.  

**Ku kiseera ky’okukozesa tekiniki ya okukozesa obukodyo:**  
- Ekyeyinza okusinziira ku nkola ez’omunda (kama ekyokwawula molekyu ez’enjawulo mu kikuta ky’okugoberera) n’okukolaakulanya obukugu mu bya ssaayansi.  
- Ekyeyinza okusobola abayizi okutegeera enjawulo mu mitendera gy’enkolagana wakati wa molekyu, kama ekyokwawula molekyu ez’enjawulo mu kikuta ky’okugoberera n’okukolaakulanya obukugu mu bya ssaayansi.  

**Ku kiseera ky’okukozesa tekiniki ya okukozesa obukodyo:**  
- Ekyeyinza okusinziira ku nkola ez’omunda (kama ekyokwawula molekyu ez’enjawulo mu kikuta ky’okugoberera) n’okukolaakulanya obukugu mu bya ssaayansi.  
- Ekyeyinza okusobola abayizi okutegeera enjawulo mu mitendera gy’enkolagana wakati wa molekyu, kama ekyokwawula molekyu ez’enjawulo mu kikuta ky’okugoberera n’okukolaakulanya obukugu mu bya ssaayansi.  

**Ku kiseera ky’okukozesa tekiniki ya okukozesa obukodyo:**  
- Ekyeyinza okusinziira ku nkola ez’omunda (kama ekyokwawula molekyu ez’enjawulo mu kikuta ky’okugoberera) n’okukolaakulanya obukugu mu bya ssaayansi.  
- Ekyeyinza okusobola abayizi okutegeera enjawulo mu mitendera gy’enkolagana wakati wa molekyu, kama ekyokwawula molekyu ez’enjawulo mu kikuta ky’okugoberera n’okukolaakulanya obukugu mu bya ssaayansi.  

**Ku kiseera ky’okukozesa tekiniki ya okukozesa obukodyo:**  
- Ekyeyinza okusinziira ku nkola ez’omunda (kama ekyokwawula molekyu ez’enjawulo mu kikuta ky’okugoberera) n’okukolaakulanya obukugu mu bya ssaayansi.  
- Ekyeyinza okusobola abayizi okutegeera enjawulo mu mitendera gy’enkolagana wakati wa molekyu, kama ekyokwawula molekyu ez’enjawulo mu kikuta ky’okugoberera n’okukolaakulanya obukugu mu bya ssaayansi.  

**Ku kiseera ky’okukozesa tekiniki ya okukozesa obukodyo:**  
- Ekyeyinza okusinziira ku nkola ez’omunda (kama ekyokwawula molekyu ez’enjawulo mu kikuta ky’okugoberera) n’okukolaakulanya obukugu mu bya ssaayansi.  
- Ekyeyinza okusobola abayizi okutegeera enjawulo mu mitendera gy’enkolagana wakati wa molekyu, kama ekyokwawula molekyu ez’enjawulo mu kikuta ky’okugoberera n’okukolaakulanya obukugu mu bya ssaayansi.  

**Ku kiseera ky’okukozesa tekiniki ya okukozesa obukodyo:**  
- Ekyeyinza okusinziira ku nkola ez’omunda (kama ekyokwawula molekyu ez’enjawulo mu kikuta ky’okugoberera) n’okukolaakulanya obukugu mu bya ssaayansi.  
- Ekyeyinza okusobola abayizi okutegeera enjawulo mu mitendera gy’enkolagana wakati wa molekyu, kama ekyokwawula molekyu ez’enjawulo mu kikuta ky’okugoberera n’okukolaakulanya obukugu mu bya ssaayansi.  

**Ku kiseera ky’okukozesa tekiniki ya okukozesa obukodyo:**  
- Ekyeyinza okusinziira ku nkola ez’omunda (kama ekyokwawula molekyu ez’enjawulo mu kikuta ky’okugoberera) n’okukolaakulanya obukugu mu bya ssaayansi.  
- Ekyeyinza okusobola abayizi okutegeera enjawulo mu mitendera gy’enkolagana wakati wa molekyu, kama ekyokwawula molekyu ez’enjawulo mu kikuta ky’okugoberera n’okukolaakulanya obukugu mu bya ssaayansi.  

**Ku kiseera ky’okukozesa tekiniki ya okukozesa obukodyo:**  
- Ekyeyinza okusinziira ku nkola ez’omunda (kama ekyokwawula molekyu ez’enjawulo mu kikuta ky’okugoberera) n’okukolaakulanya obukugu mu bya ssaayansi.  
- Ekyeyinza okusobola abayizi okutegeera enjawulo mu mitendera gy’enkolagana wakati wa molekyu, kama ekyokwawula molekyu ez’enjawulo mu kikuta ky’okugoberera n’okukolaakulanya obukugu mu bya ssaayansi.  

**Ku kiseera ky’okukozesa tekiniki ya okukozesa",True
B,"**Summary of the Questions and Answers:**

1. **Question 1 (Literary Device Identification):**  
   - **Correct Answer:** D  
   - **Explanation:** The question asks which scenario best illustrates the use of a literary device (e.g., dialogue, symbolism) in a narrative. Option D describes a character (Soledad) using a sign and dialogue (""Nneneenya""), which effectively conveys a specific literary technique (e.g., symbolism or dialogue-driven characterization).  

2. **Question 2 (Teaching Strategy for Text Analysis):**  
   - **Correct Answer:** C  
   - **Explanation:** The question focuses on teaching methods for analyzing texts. Option C emphasizes asking critical questions (e.g., about themes, character motivations) to deepen students' understanding of the narrative structure and literary elements.  

3. **Question 3 (Approach to Literary Analysis):**  
   - **Correct Answer:** B  
   - **Explanation:** This question addresses strategies for teaching students to interpret texts. Option B highlights using contextual clues (e.g., setting, character actions) and applying analytical techniques to decode the author's intent and narrative style.  

**Key Themes:**  
- **Literary Devices:** Dialogue, symbolism, and character actions are central to analyzing narratives.  
- **Teaching Methods:** Encouraging critical thinking through questioning and contextual analysis helps students grasp complex literary concepts.  
- **Application:** The answers emphasize practical strategies for educators to foster analytical skills in students, aligning with syllabus goals for literature comprehension.",True
C,"**Jawabu:** C. Bye basalawo omuwendo gw'amazzi ekimera kye kyetaaga okukula.

**Tabyeyi:**  
Ku kigendererwa kino, omusomesa ayagala okutegeera **ekikuta ky'ebbugga** (density) mu luggya. Ekikuta ky'ebbugga ekituuka ku **mass / volume**. Ku kiseera, omusomesa ayagala:  
1. **Kutegeera ekimera kye kyetaaga** (mass of the empty container) kuwa **ekirimira 1** (balance 1).  
2. **Kutegeera ekimera kye kyetaaga + amazzi** (mass of container + liquid) kuwa **ekirimira 2**.  
3. **Kutegeera ekimera kye kyetaaga + amazzi + ebyetaago by'ebimera** (mass of container + liquid + additional items) kuwa **ekirimira 3**.  

**Option C** eza kusinziira ku **kutegeera ekimera kye kyetaaga** (mass of the container) n'**ekimera kye kyetaaga + amazzi** (mass of container + liquid), oba oba kutegeera **mass ya amazzi** (mass of liquid) ku **kutegeera ekikuta ky'ebbugga** (density).  

**Option A, B, D** ezalagana n'**ebifaananyi by'okutegeera volume** (e.g., graduated cylinder, beaker, pipette), oba oba **ekikuta ky'ebbugga** eza kusinziira ku **mass** (ekirimira), oba oba **option C** eza kusinziira ku **kutegeera mass ya amazzi** (mass of liquid) ku **kutegeera ekikuta ky'ebbugga**.  

**Kinsipira:**  
- **Option C** eza kusinziira ku **kutegeera mass ya amazzi** (mass of liquid) ku **kutegeera ekikuta ky'ebbugga** (density = mass / volume).  
- **Option A, B, D** ezalagana n'**ebifaananyi by'okutegeera volume**, oba oba **ekikuta ky'ebbugga** eza kusinziira ku **mass** (ekirimira).  

**Jawabu:** **C**.",True
C,"**Answer:** D. Okukebereza  

**Explanation:**  
Ekibuuzo kino ekikozesa **okukebereza**, kino ekigendererwa mu ssaayansi kuba ekisobola okuteeka amazzi, amayinja, n’ebintu ebiri mu mugatte. Mu kiseera D, Soledad akuba ensigo mu ngalo n’agamba: “Nneneenya,” kino ekisobola okuteeka **ekikuta ky’ebbugga kirungiirivu** (kino ekikozesa obutegeevu bw’okukebera obutuufu).  

- **Kino ekikozesa obutegeevu bw’okukebera** (observation), kino ekisobola okuteeka amazzi, amayinja, n’ebintu ebiri mu mugatte.  
- **Kino ekikozesa obutegeevu bw’okuteeka ekikuta ky’ebbugga kirungiirivu** (kino ekikozesa obutegeevu bw’okukebera obutuufu).  
- **Kino ekikozesa obutegeevu bw’okuteeka obwenyi obusanyufu n’obwenyi obunakuwavu** (kino ekikozesa obutegeevu bw’okukebera obutuufu).  

**Kino ekikozesa obutegeevu bw’okukebera obutuufu**, kino ekisobola okuteeka amazzi, amayinja, n’ebintu ebiri mu mugatte.  

**Kino ekikozesa obutegeevu bw’okukebera obutuufu**, kino ekisobola okuteeka amazzi, amayinja, n’ebintu ebiri mu mugatte.  

**Kino ekikozesa obutegeevu bw’okukebera obutuufu**, kino ekisobola okuteeka amazzi, amayinja, n’ebintu ebiri mu mugatte.  

**Kino ekikozesa obutegeevu bw’okukebera obutuufu**, kino ekisobola okuteeka amazzi, amayinja, n’ebintu ebiri mu mugatte.  

**Kino ekikozesa obutegeevu bw’okukebera obutuufu**, kino ekisobola okuteeka amazzi, amayinja, n’ebintu ebiri mu mugatte.  

**Kino ekikozesa obutegeevu bw’okukebera obutuufu**, kino ekisobola okuteeka amazzi, amayinja, n’ebintu ebiri mu mugatte.  

**Kino ekikozesa obutegeevu bw’okukebera obutuufu**, kino ekisobola okuteeka amazzi, amayinja, n’ebintu ebiri mu mugatte.  

**Kino ekikozesa obutegeevu bw’okukebera obutuufu**, kino ekisobola okuteeka amazzi, amayinja, n’ebintu ebiri mu mugatte.  

**Kino ekikozesa obutegeevu bw’okukebera obutuufu**, kino ekisobola okuteeka amazzi, amayinja, n’ebintu ebiri mu mugatte.  

**Kino ekikozesa obutegeevu bw’okukebera obutuufu**, kino ekisobola okuteeka amazzi, amayinja, n’ebintu ebiri mu mugatte.  

**Kino ekikozesa obutegeevu bw’okukebera obutuufu**, kino ekisobola okuteeka amazzi, amayinja, n’ebintu ebiri mu mugatte.  

**Kino ekikozesa obutegeevu bw’okukebera obutuufu**, kino ekisobola okuteeka amazzi, amayinja, n’ebintu ebiri mu mugatte.  

**Kino ekikozesa obutegeevu bw’okukebera obutuufu**, kino ekisobola okuteeka amazzi, amayinja, n’ebintu ebiri mu mugatte.  

**Kino ekikozesa obutegeevu bw’okukebera obutuufu**, kino ekisobola okuteeka amazzi, amayinja, n’ebintu ebiri mu mugatte.  

**Kino ekikozesa obutegeevu bw’okukebera obutuufu**, kino ekisobola okuteeka amazzi, amayinja, n’ebintu ebiri mu mugatte.  

**Kino ekikozesa obutegeevu bw’okukebera obutuufu**, kino ekisobola okuteeka amazzi, amayinja, n’ebintu ebiri mu mugatte.  

**Kino ekikozesa obutegeevu bw’okukebera obutuufu**, kino ekisobola okuteeka amazzi, amayinja, n’ebintu ebiri mu mugatte.  

**Kino ekikozesa obutegeevu bw’okukebera obutuufu**, kino ekisobola okuteeka amazzi, amayinja, n’ebintu ebiri mu mugatte.  

**Kino ekikozesa obutegeevu bw’okukebera obutuufu**, kino ekisobola okuteeka amazzi, amayinja, n’ebintu ebiri mu mugatte.  

**Kino ekikozesa obutegeevu bw’okukebera obutuufu**, kino ekisobola okuteeka amazzi, amayinja, n’ebintu ebiri mu mugatte.  

**Kino ekikozesa obutegeevu bw’okukebera obutuufu**, kino ekisobola okuteeka amazzi, amayinja, n’ebintu ebiri mu mugatte.  

**Kino ekikozesa obutegeevu bw’okukebera obutuufu**, kino ekisobola okuteeka amazzi, amayinja, n’ebintu ebiri mu mugatte.  

**Kino ekikozesa obutegeevu bw’okukebera obutuufu**, kino ekisobola okuteeka amazzi, amayinja, n’ebintu ebiri mu mugatte.  

**Kino ekikozesa obutegeevu bw’okukebera obutuufu**, kino ekisobola okuteeka amazzi, amayinja, n’ebintu ebiri mu mugatte.  

**Kino ekikozesa obutegeevu bw’okukebera obutuufu**, kino ekisobola okuteeka amazzi, amayinja, n’ebintu ebiri mu mugatte.  

**Kino ekikozesa obutegeevu bw’okukebera obutuufu**, kino ekisobola okuteeka amazzi, amayinja, n’ebintu ebiri mu mugatte.  

**Kino ekikozesa obutegeevu bw’okukebera obutuufu**, kino ekisobola okuteeka amazzi, amayinja, n’ebintu ebiri mu mugatte.  

**Kino ekikozesa obutegeevu bw’okukebera obutuufu**, kino ekisobola okuteeka amazzi, amayinja, n’ebintu ebiri mu mugatte.  

**Kino ekikozesa obutegeevu bw’okukebera obutuufu**, kino ekisobola okuteeka amazzi, amayinja, n’ebintu ebiri mu mugatte.  

**Kino ekikozesa obutegeevu bw’okukebera obutuufu**, kino ekisobola okuteeka amazzi, amayinja, n’ebintu ebiri mu mugatte.  

**Kino ekikozesa obutegeevu bw’okukebera obutuufu**, kino ekisobola okuteeka amazzi, amayinja, n’ebintu ebiri mu mugatte.  

**Kino ekikozesa obutegeevu bw’okukebera obutuufu**, kino ekisobola okuteeka amazzi, amayinja, n’ebintu ebiri mu mugatte.  

**Kino ekikozesa obutegeevu bw’okukebera obutuufu**, kino ekisobola okuteeka amazzi, amayinja, n’ebintu ebiri mu mugatte.  

**Kino ekikozesa obutegeevu bw’okukebera obutuufu**, kino ekisobola okuteeka amazzi, amayinja, n’ebintu ebiri mu mugatte.  

**Kino ekikozesa obutegeevu bw’okukebera obutuufu**, kino ekisobola okuteeka amazzi, amayinja, n’ebintu ebiri mu mugatte.  

**Kino ekikozesa obutegeevu bw’okukebera obutuufu**, kino ekisobola okuteeka amazzi, amayinja, n’ebintu ebiri mu mugatte.  

**Kino ekikozesa obutegeevu bw’okukebera obutuufu**, kino ekisobola okuteeka amazzi, amayinja, n’ebintu ebiri mu mugatte.  

**Kino ekikozesa obutegeevu bw’okukebera obutuufu**, kino ekisobola okuteeka amazzi, amayinja, n’ebintu ebiri mu mugatte.  

**Kino ekikozesa obutegeevu bw’okukebera obutuufu**, kino ekisobola okuteeka amazzi, amayinja, n’ebintu ebiri mu mugatte.  

**Kino ekikozesa obutegeevu bw’okukebera obutuufu**, kino ekisobola okuteeka amazzi, amayinja, n’ebintu ebiri mu mugatte.  

**Kino ekikozesa obutegeevu bw’okukebera obutuufu**, kino ekisobola okuteeka amazzi, amayinja, n’ebintu ebiri mu mugatte.  

**Kino ekikozesa obutegeevu bw’okukebera obutuufu**, kino ekisobola okuteeka amazzi, amayinja, n’ebintu ebiri mu mugatte.  

**Kino ekikozesa obutegeevu bw’okukebera obutuufu**, kino ekisobola okuteeka amazzi, amayinja, n’ebintu ebiri mu mugatte.  

**Kino ekikozesa obutegeevu bw’okukebera obutuufu**, kino ekisobola okuteeka amazzi, amayinja, n’ebintu ebiri mu mugatte.  

**Kino ekikozesa obutegeevu bw’okukebera obutuufu**, kino ekisobola okuteeka amazzi, amayinja, n’ebintu ebiri mu mugatte.  

**Kino ekikozesa obutegeevu bw’okukebera obutuufu**, kino ekisobola okuteeka amazzi, amayinja, n’ebintu ebiri mu mugatte.  

**Kino ekikozesa obutegeevu bw’okukebera obutuufu**, kino ekisobola okuteeka amazzi, amayinja, n’ebintu ebiri mu mugatte.  

**Kino ekikozesa obutegeevu bw’okukebera obutuufu**, kino ekisobola okuteeka amazzi, amayinja, n’ebintu ebiri mu mugatte.  

**Kino ekikozesa obutegeevu bw’okukebera obutuufu**, kino ekisobola okuteeka amazzi, amayinja, n’ebintu ebiri mu mugatte.  

**Kino ekikozesa obutegeevu bw’okukebera obutuufu**, kino ekisobola okuteeka amazzi, amayinja, n’ebintu ebiri mu mugatte.  

**Kino ekikozesa obutegeevu bw’okukebera obutuufu**, kino ekisobola okuteeka amazzi, amayinja, n’ebintu ebiri mu mugatte.  

**Kino ekikozesa obutegeevu bw’okukebera obutuufu**, kino ekisobola okuteeka amazzi, amayinja, n’ebintu ebiri mu mugatte.  

**Kino ekikozesa obutegeevu bw’okukebera obutuufu**, kino ekisobola okuteeka amazzi, amayinja, n’ebintu ebiri mu mugatte.  

**Kino ekikozesa obutegeevu bw’okukebera obutuufu**, kino ekisobola okuteeka amazzi, amayinja, n’ebintu ebiri mu mugatte.  

**Kino ekikozesa obutegeevu bw’okukebera obutuufu**, kino ekisobola okuteeka amazzi, amayinja, n’ebintu ebiri mu mugatte.  

**Kino ekikozesa obutegeevu bw’okukebera obutuufu**, kino ekisobola okuteeka amazzi, amayinja, n’ebintu ebiri mu mugatte.  

**Kino ekikozesa obutegeevu bw’okukebera obutuufu**, kino ekisobola okuteeka amazzi, amayinja, n’ebintu ebiri mu mugatte.  

**Kino ekikozesa obutegeevu bw’okukebera obutuufu**, kino ekisobola okuteeka amazzi, amayinja, n’ebintu ebiri mu mugatte.  

**Kino ekikozesa obutegeevu bw’okukebera obutuufu**, kino ekisobola okuteeka amazzi, amayinja, n’ebintu ebiri mu mugatte.  

**Kino ekikozesa obutegeevu bw’okukebera obutuufu",True
B,"The correct answer to the question is **D**. Here's a detailed explanation of why this is the most effective method for teaching students to identify and analyze literary devices (ebbugumu) in texts:

---

### **Question Context**  
The question asks which teaching method best helps students recognize literary devices (e.g., metaphors, similes, symbolism) and analyze their purpose in conveying meaning (ekintu ekimu) and their impact on the reader (okudda ku kirala). The goal is to equip students with the skills to interpret texts critically.

---

### **Why Option D is Correct**  
**Option D** proposes a method that:  
1. **Uses diverse text types** (e.g., prose, poetry, drama) to expose students to different contexts where literary devices are employed.  
2. **Incorporates tools for analysis** (e.g., close reading, annotation, discussion) to help students dissect how devices function.  
3. **Encourages application** by asking students to transfer their understanding to new texts, reinforcing their analytical skills.  

This approach is effective because:  
- **Variety of Texts**: Literary devices often vary in form and function across genres. For example, a metaphor in a poem may serve a different purpose than one in a novel. By analyzing diverse texts, students learn to recognize devices in different contexts.  
- **Analytical Tools**: Providing tools (e.g., asking ""What does this device reveal about the character?"" or ""How does this enhance the theme?"") guides students to move beyond surface-level identification to deeper interpretation.  
- **Active Application**: Requiring students to apply their knowledge to new texts ensures they internalize the process of analysis, rather than just memorizing examples.  

---

### **Why Other Options Fall Short**  
- **Option A**: While discussing examples and creating their own is useful, it lacks structured tools for analysis and may not address how devices contribute to meaning.  
- **Option B**: Focusing on social context is valuable but may overshadow the technical analysis of literary devices themselves.  
- **Option C**: Using temperature changes as an example is too narrow and may not generalize well to other literary devices or texts.  

---

### **Conclusion**  
Option D provides a **comprehensive, adaptable framework** for teaching literary analysis. By combining diverse texts, analytical tools, and practical application, it equips students to not only identify literary devices but also understand their significance in shaping meaning and reader engagement. This method aligns with best practices in literature education, fostering critical thinking and interpretive skills.",True
D,"**A. Ebimera bwe biba tebifukirirwa, obutaffaali bw’ebimera butandika okuggyamu amazzi ne bugateeka mu mbeera eya kungulu w’obutaffaali, ekireetera omuzingo gw’obutaffaali okukendeera, ekintu ekiyitibwa plasmolysis, ekireetera ebikoola okulabika ng’ebiwotose.**

### **Explanation:**
- **Hypertonic Solution:** When plant cells are placed in a hypertonic solution (higher solute concentration outside the cell), water moves **out** of the cell via osmosis to balance the concentration gradient.
- **Plasmolysis:** The loss of water causes the **cell membrane** to pull away from the **cell wall**, a process called **plasmolysis**. This results in the cell becoming **flaccid** (limp) and the cell wall losing its turgor pressure.
- **Why Other Options Are Incorrect:**
  - **B:** Describes a **hypotonic** scenario (water enters the cell, causing turgidity), which is the opposite of what happens here.
  - **C:** Suggests the cell wall becomes rigid, but the cell wall itself remains structurally intact; the **cell membrane** is what shrinks, not the wall.
  - **D:** Mentions the cell bursting, which occurs in **animal cells** in hypotonic solutions, not plant cells in hypertonic ones (plant cells have a rigid cell wall preventing bursting).

### **Key Concept:**
In a hypertonic environment, plant cells undergo **plasmolysis** (cell membrane detaching from the cell wall due to water loss), leading to **flaccidity**. This is a critical concept in understanding osmosis and cell behavior in different solutions.",True
A,"**Answer:** C. Ebimu ku biranga bya T lymphocytes

**Explanation:**  
The question asks which part of the immune system is responsible for **recognizing pathogens and initiating an immune response**. Here's the breakdown of the options:

- **A. Okujjukira kw'obuzibu bw'omubiri (Activation of the innate immune system):**  
  The innate immune system is the first line of defense but acts **non-specifically** (e.g., physical barriers, phagocytes like macrophages). It does not specifically recognize pathogens in the way the adaptive immune system does.

- **B. Ebimu ku biranga by'obwewomi obw'omuzaaliranwa (Production of antibodies by B cells):**  
  B cells produce **antibodies** as part of the **humoral immune response**, which targets pathogens in bodily fluids. However, this process is **mediated by B cells**, not directly by T cells.

- **C. Ebimu ku biranga bya T lymphocytes (Production of T lymphocytes):**  
  **T lymphocytes (T cells)** are central to **cell-mediated immunity**. They directly recognize **antigens** presented by infected cells via their T-cell receptors. This recognition triggers responses like activating macrophages, killing infected cells, and coordinating the immune system. This makes T cells the **primary responders** to pathogen recognition in the adaptive immune system.

- **D. Enkola macrophages gye zikoleramu emirimu gyazo (Action of macrophages in phagocytosis):**  
  Macrophages are part of the **innate immune system** and perform **phagocytosis** (engulfing pathogens). While important, this is a **non-specific** response and does not involve antigen-specific recognition.

**Why C is correct:**  
T lymphocytes are specifically designed to **recognize pathogens** (via antigen presentation) and **initiate targeted immune responses**. This aligns directly with the question’s focus on recognition and response.",True
D,"**B. Nga tebategedde nti namba y'akaziba etambulira wamu n'omuwendo gw'amasannyalaze ag'ekika kya pozitiivu**

**Explanation:**  
- **Atomic number (13)** = Number of **protons** (and electrons in a neutral atom).  
- **Mass number (27)** = Protons + Neutrons.  
- The student incorrectly stated **27 protons** instead of **13**, confusing the mass number with the atomic number.  
- **Option B** correctly identifies the mistake: the student failed to recognize that the atomic number (13) represents the number of protons, not the mass number.  
- The correct values are:  
  - **Protons = 13**  
  - **Electrons = 13** (neutral atom)  
  - **Neutrons = 27 - 13 = 14**  

**Answer: B**",True
D,"**B. Amasoboza ag’ekinyetikya aga ggaasi**  

**Explanation:**  
Boyle's Law is a principle in the **kinetic theory of gases**, which explains how gas particles behave under different pressures and volumes. The law states that the pressure of a gas is inversely proportional to its volume at constant temperature. This directly relates to the motion and collisions of gas molecules (kinetic theory), making **Option B** the correct answer.  

- **Option A** (Large objects in matter) is unrelated to gas behavior.  
- **Option C** (Properties of solids) focuses on solids, not gases.  
- **Option D** (Kinetic-molecular theory of matter) is broader and includes all states of matter, but Boyle's Law specifically applies to gases.  

**Answer:** B. Amasoboza ag’ekinyetikya aga ggaasi",True
D,"**Jawabu:** C. Balirira omuzingo ogwa ggaasi ogwaakamalirizo oguli mu kintu ekigigattira ku buwanvu obwenjawulo.

**Tabyeyi:**  
Kino ekyeyiwa mu Boyle's Law (Okutegeera omukwano oguteereddwawo wakati w’ebintu ebikyuka mu mateeka ga Boyle), ekyo ekyeyiwa nti *pressure (P)* n’*volume (V)* eby’okuggaasi eby’ekyeyiwa ku *inversely proportional* (P ∝ 1/V) mu kati y’ekitemero ekikulu.  

**Option C** ekyeyiwa mu kiseera y’okulaba obusungu obw’okuggaasi (syringe) obw’ekyeyiwa ku Boyle’s Law. Nga obusungu obw’ekyeyiwa ku Boyle’s Law, obusungu obw’ekyeyiwa ku kiseera y’okulaba obusungu obw’ekyeyiwa ku kiseera y’okulaba obusungu obw’ekyeyiwa ku kiseera y’okulaba obusungu obw’ekyeyiwa ku kiseera y’okulaba obusungu obw’ekyeyiwa ku kiseera y’okulaba obusungu obw’ekyeyiwa ku kiseera y’okulaba obusungu obw’ekyeyiwa ku kiseera y’okulaba obusungu obw’ekyeyiwa ku kiseera y’okulaba obusungu obw’ekyeyiwa ku kiseera y’okulaba obusungu obw’ekyeyiwa ku kiseera y’okulaba obusungu obw’ekyeyiwa ku kiseera y’okulaba obusungu obw’ekyeyiwa ku kiseera y’okulaba obusungu obw’ekyeyiwa ku kiseera y’okulaba obusungu obw’ekyeyiwa ku kiseera y’okulaba obusungu obw’ekyeyiwa ku kiseera y’okulaba obusungu obw’ekyeyiwa ku kiseera y’okulaba obusungu obw’ekyeyiwa ku kiseera y’okulaba obusungu obw’ekyeyiwa ku kiseera y’okulaba obusungu obw’ekyeyiwa ku kiseera y’okulaba obusungu obw’ekyeyiwa ku kiseera y’okulaba obusungu obw’ekyeyiwa ku kiseera y’okulaba obusungu obw’ekyeyiwa ku kiseera y’okulaba obusungu obw’ekyeyiwa ku kiseera y’okulaba obusungu obw’ekyeyiwa ku kiseera y’okulaba obusungu obw’ekyeyiwa ku kiseera y’okulaba obusungu obw’ekyeyiwa ku kiseera y’okulaba obusungu obw’ekyeyiwa ku kiseera y’okulaba obusungu obw’ekyeyiwa ku kiseera y’okulaba obusungu obw’ekyeyiwa ku kiseera y’okulaba obusungu obw’ekyeyiwa ku kiseera y’okulaba obusungu obw’ekyeyiwa ku kiseera y’okulaba obusungu obw’ekyeyiwa ku kiseera y’okulaba obusungu obw’ekyeyiwa ku kiseera y’okulaba obusungu obw’ekyeyiwa ku kiseera y’okulaba obusungu obw’ekyeyiwa ku kiseera y’okulaba obusungu obw’ekyeyiwa ku kiseera y’okulaba obusungu obw’ekyeyiwa ku kiseera y’okulaba obusungu obw’ekyeyiwa ku kiseera y’okulaba obusungu obw’ekyeyiwa ku kiseera y’okulaba obusungu obw’ekyeyiwa ku kiseera y’okulaba obusungu obw’ekyeyiwa ku kiseera y’okulaba obusungu obw’ekyeyiwa ku kiseera y’okulaba obusungu obw’ekyeyiwa ku kiseera y’okulaba obusungu obw’ekyeyiwa ku kiseera y’okulaba obusungu obw’ekyeyiwa ku kiseera y’okulaba obusungu obw’ekyeyiwa ku kiseera y’okulaba obusungu obw’ekyeyiwa ku kiseera y’okulaba obusungu obw’ekyeyiwa ku kiseera y’okulaba obusungu obw’ekyeyiwa ku kiseera y’okulaba obusungu obw’ekyeyiwa ku kiseera y’okulaba obusungu obw’ekyeyiwa ku kiseera y’okulaba obusungu obw’ekyeyiwa ku kiseera y’okulaba obusungu obw’ekyeyiwa ku kiseera y’okulaba obusungu obw’ekyeyiwa ku kiseera y’okulaba obusungu obw’ekyeyiwa ku kiseera y’okulaba obusungu obw’ekyeyiwa ku kiseera y’okulaba obusungu obw’ekyeyiwa ku kiseera y’okulaba obusungu obw’ekyeyiwa ku kiseera y’okulaba obusungu obw’ekyeyiwa ku kiseera y’okulaba obusungu obw’ekyeyiwa ku kiseera y’okulaba obusungu obw’ekyeyiwa ku kiseera y’okulaba obusungu obw’ekyeyiwa ku kiseera y’okulaba obusungu obw’ekyeyiwa ku kiseera y’okulaba obusungu obw’ekyeyiwa ku kiseera y’okulaba obusungu obw’ekyeyiwa ku kiseera y’okulaba obusungu obw’ekyeyiwa ku kiseera y’okulaba obusungu obw’ekyeyiwa ku kiseera y’okulaba obusungu obw’ekyeyiwa ku kiseera y’okulaba obusungu obw’ekyeyiwa ku kiseera y’okulaba obusungu obw’ekyeyiwa ku kiseera y’okulaba obusungu obw’ekyeyiwa ku kiseera y’okulaba obusungu obw’ekyeyiwa ku kiseera y’okulaba obusungu obw’ekyeyiwa ku kiseera y’okulaba obusungu obw’ekyeyiwa ku kiseera y’okulaba obusungu obw’ekyeyiwa ku kiseera y’okulaba obusungu obw’ekyeyiwa ku kiseera y’okulaba obusungu obw’ekyeyiwa ku kiseera y’okulaba obusungu obw’ekyeyiwa ku kiseera y’okulaba obusungu obw’ekyeyiwa ku kiseera y’okulaba obusungu obw’ekyeyiwa ku kiseera y’okulaba obusungu obw’ekyeyiwa ku kiseera y’okulaba obusungu obw’ekyeyiwa ku kiseera y’okulaba obusungu obw’ekyeyiwa ku kiseera y’okulaba obusungu obw’ekyeyiwa ku kiseera y’okulaba obusungu obw’ekyeyiwa ku kiseera y’okulaba obusungu obw’ekyeyiwa ku kiseera y’okulaba obusungu obw’ekyeyiwa ku kiseera y’okulaba obusungu obw’ekyeyiwa ku kiseera y’okulaba obusungu obw’ekyeyiwa ku kiseera y’okulaba obusungu obw’ekyeyiwa ku kiseera y’okulaba obusungu obw’ekyeyiwa ku kiseera y’okulaba obusungu obw’ekyeyiwa ku kiseera y’okulaba obusungu obw’ekyeyiwa ku kiseera y’okulaba obusungu obw’ekyeyiwa ku kiseera y’okulaba obusungu obw’ekyeyiwa ku kiseera y’okulaba obusungu obw’ekyeyiwa ku kiseera y’okulaba obusungu obw’ekyeyiwa ku kiseera y’okulaba obusungu obw’ekyeyiwa ku kiseera y’okulaba obusungu obw’ekyeyiwa ku kiseera y’okulaba obusungu obw’ekyeyiwa ku kiseera y’okulaba obusungu obw’ekyeyiwa ku kiseera y’okulaba obusungu obw’ekyeyiwa ku kiseera y’okulaba obusungu obw’ekyeyiwa ku kiseera y’okulaba obusungu obw’ekyeyiwa ku kiseera y’okulaba obusungu obw’ekyeyiwa ku kiseera y’okulaba obusungu obw’ekyeyiwa ku kiseera y’okulaba obusungu obw’ekyeyiwa ku kiseera y’okulaba obusungu obw’ekyeyiwa ku kiseera y’okulaba obusungu obw’ekyeyiwa ku kiseera y’okulaba obusungu obw’ekyeyiwa ku kiseera y’okulaba obusungu obw’ekyeyiwa ku kiseera y’okulaba obusungu obw’ekyeyiwa ku kiseera y’okulaba obusungu obw’ekyeyiwa ku kiseera y’okulaba obusungu obw’ekyeyiwa ku kiseera y’okulaba obusungu obw’ekyeyiwa ku kiseera y’okulaba obusungu obw’ekyeyiwa ku kiseera y’okulaba obusungu obw’ekyeyiwa ku kiseera y’okulaba obusungu obw’ekyeyiwa ku kiseera y’okulaba obusungu obw’ekyeyiwa ku kiseera y’okulaba obusungu obw’ekyeyiwa ku kiseera y’okulaba obusungu obw’ekyeyiwa ku kiseera y’okulaba obusungu obw’ekyeyiwa ku kiseera y’okulaba obusungu obw’ekyeyiwa ku kiseera y’okulaba obusungu obw’ekyeyiwa ku kiseera y’okulaba obusungu obw’ekyeyiwa ku kiseera y’okulaba obusungu obw’ekyeyiwa ku kiseera y’okulaba obusungu obw’ekyeyiwa ku kiseera y’okulaba obusungu obw’ekyeyiwa ku kiseera y’okulaba obusungu obw’ekyeyiwa ku kiseera y’okulaba obusungu obw’ekyeyiwa ku kiseera y’okulaba obusungu obw’ekyeyiwa ku kiseera y’okulaba obusungu obw’ekyeyiwa ku kiseera y’okulaba obusungu obw’ekyeyiwa ku kiseera y’okulaba obusungu obw’ekyeyiwa ku kiseera y’okulaba obusungu obw’ekyeyiwa ku kiseera y’okulaba obusungu obw’ekyeyiwa ku kiseera y’okulaba obusungu obw’ekyeyiwa ku kiseera y’okulaba obusungu obw’ekyeyiwa ku kiseera y’okulaba obusungu obw’ekyeyiwa ku kiseera y’okulaba obusungu obw’ekyeyiwa ku kiseera y’okulaba obusungu obw’ekyeyiwa ku kiseera y’okulaba obusungu obw’ekyeyiwa ku kiseera y’okulaba obusungu obw’ekyeyiwa ku kiseera y’okulaba obusungu obw’ekyeyiwa ku kiseera y’okulaba obusungu obw’ekyeyiwa ku kiseera y’okulaba obusungu obw’ekyeyiwa ku kiseera y’okulaba obusungu obw’ekyeyiwa ku kiseera y’okulaba obusungu obw’ekyeyiwa ku kiseera y’okulaba obusungu obw’ekyeyi",True
B,"**C. Ssaawa ebipimo by'obunene bw'obuwuzi bw'obusimu (axon) ezitali zifaanagana, eziriko n'ezitaliko mayeliini, ng'olaga ebifo we kkubo ly'amasannyalaze we liba ligenda, wamu n'enzizi ezirimu ayoni (ion channels) n'engeri omusannyalaze gye gusaasaana nga tegunnatuuka, mu kiseera we gutuukira, ne bwe gumaze okutuuka.**

### **Explanation:**
Ekigendererwa kino kye kusobola okuteekawo **ekikuta ky’ebbugga kirungiirivu** (saltatory conduction) mu **axon eby’obusimu obunene**. Mu kiseera kino, **mayeliini** (fatty sheath) ekyeyitana n’axon ekyeyitana n’**ebipimo by’axon** (nodes of Ranvier), obutuufu lw’amasannyalaze liba ligenda kuba ekyeyitana n’**ion channels**. Saltatory conduction ekyeyitana n’okusobola obusimu obunene **okusanyuza amasannyalaze kati ya nodes of Ranvier**, obutuufu kino **ekikakanyavu** (speeds up) **okusanyuza amasannyalaze**. 

- **Option C** ayinza okuteekawo **axon eby’obuwuzi**, **nodes of Ranvier**, **ion channels**, n’**engeri omusannyalaze gye gusaasaana** (saltatory conduction), obutuufu kino **ekikuta ky’ebbugga kirungiirivu**. 
- **Option A** ayinza okuteekawo **axon eby’enjawulo** (large and myelinated) obutuufu kino **ekikakanyavu**, koma ayekozeseza **nodes of Ranvier**.
- **Option B** ayinza okuteekawo **myelin thickness**, koma ekigendererwa kino **ekikozeseza** obusobozi **nodes of Ranvier** n’**ekikuta ky’ebbugga**.
- **Option D** ayinza okuteekawo **Schwann cells** (kino kye kusobola kubasanyuza myelin sheath), koma ayekozeseza **nodes of Ranvier** n’**ekikuta ky’ebbugga**.

**C** ayinza okuteekawo **ekikuta ky’ebbugga kirungiirivu** mu **axon eby’obuwuzi**, obutuufu kino **ekikozeseza** obusobozi **nodes of Ranvier** n’**ekikuta ky’ebbugga**.",True
D,"**A. Okusinziira ku mikwano gy’amaka agalina obulemu obw’enjawulo, abayizi bagigeraageranya ne banoonyereza ku nsonga lwaki buli kamu kalukusizzaawo.**

**Explanation:**  
Ekibuuzo kino ekyokka okulabirako eby’okulondamu (n’ebyanulo) ekyeyinza okuteekawo tekiniki y’okwawula ebintu ebiri mu mugatte (scientific method). Mu kiruubirirwa, omusomesa ow’ekibiina ekyeyitaaga okukolera ku kiruubirirwa kino ayagala okwogera ku ngeri ez’enjawulo ez’okwawula ebintu ebiri mu mugatte, n’okozesa amazzi, amayinja, amafuta, n’omunnyo. Ekigendererwa kino ekyeyinza okuteekawo **okusinziira ku mikwano gy’amaka agalina obulemu obw’enjawulo** (observation, questioning, experimentation, conclusion), n’okozesa abayizi ku **noonyereza ku nsonga** (analyze) n’**okulukusizza** (conclude). 

- **Option A** ekyeyinza okuteekawo tekiniki y’okwawula mugatte ez’okwesigamiziddwa ku **okusinziira ku mikwano gy’amaka agalina obulemu obw’enjawulo** (observation, questioning, experimenting, and concluding), n’okozesa abayizi ku **noonyereza** (analyze) n’**okulukusizza** (conclude) mu nsonga.  
- Bino bwe **B, C, D** ekyeyinza okuteekawo tekiniki ez’okwesigamiziddwa ku **okusinziira ku bisigalira by’ebizadde** (group discussion), **okusinziira ku nkola ey’awamu** (direct instruction), n’**okusinziira ku problem-solving** (real-life application), oba kino kino kwe kisigamizidwa mu kiruubirirwa kino.  

**Kino kino, A ekyeyinza okuteekawo tekiniki y’okwawula mugatte ez’okwesigamizidwa mu kiruubirirwa.**",True
B,"**B. Lubaale ki olukolagana wakati w'enkuba y’asidi n’obucaafu bw’obutonde bw’ensi, era ng’olina okuddamu ekibuuzo kino ng’oyita mu kugezesa?**

**Eky’okuddamu:** Okukola okwegezesa okulaga engeri enkuba y’asidi gy’eyonoonaamu obutonde bw’ensi, osobola okukozesa ebimera bibiri ebifanana. Kimu ofukirire amazzi agalina asidi (enkuba y’asidi), ate ekirala ofukirire amazzi agalina obuyonjo. Weekkaanye engeri ebimera byombi gye bikulamu okumala ebbanga lye nnaku oba wiiki. Ebiwandiiko byo birina okulaga engeri enkuba y’asidi gy’ekosaamu obulamu bw’ebimera, nga kivaako okukula okutali kulungi oba okufa. Kino kiraga engeri enkuba y’asidi gy’ecaafuzaamu obutonde bw’ensi.

**Tabyokka:**  
Kino ekigendererwa eky’okwawula obutonde bw’ensi (base) n’enkuba ey’asidi (acid) eky’okwawula obulamu obw’ebimera (salt) n’ebilamu obw’ebilamu (water) n’okwegezesa obulungi (heat). Okulaga wakati w’okwegezesa obulungi (temperature change) eky’okwawula obusobozi gw’okwegezesa obulungi mu kirembe eky’okwawula obusobozi gw’okwegezesa obulungi (exothermic reaction). Kino eky’okwawula obusobozi gw’okwegezesa obulungi eky’okwawula obusobozi gw’okwegezesa obulungi (exothermic reaction) eky’okwawula obusobozi gw’okwegezesa obulungi (exothermic reaction) eky’okwawula obusobozi gw’okwegezesa obulungi (exothermic reaction). 

**Kino eky’okwawula obusobozi gw’okwegezesa obulungi (exothermic reaction) eky’okwawula obusobozi gw’okwegezesa obulungi (exothermic reaction) eky’okwawula obusobozi gw’okwegezesa obulungi (exothermic reaction) eky’okwawula obusobozi gw’okwegezesa obulungi (exothermic reaction).**",True
A,"**Kibuza ki ekiri mu nteekateeka omusomesa gy’akoze okukwanagana n’ekigendererwa ekyogeddwa?**  
**B. Ennyanguyirizi ekkiriza amazzi okuyitawo gwokka**  

**Ekkwata:**  
Passive transport (okubalaga engeri eby’obulamu) ekigendererwa ku **okuyita amazzi agasukali agali mu kapiira** (mang’i kya kisolo) **gwokka** (kukozeseza kwa kikuta ky’ekintu). Ekyo **ekikozeseza kwa kikuta ky’ekintu** (ekikuta ky’ekintu ekikozeseza kwa kikuta ky’ekintu), **ekikozeseza kwa kikuta ky’ekintu** (ekikuta ky’ekintu ekikozeseza kwa kikuta ky’ekintu), **ekikozeseza kwa kikuta ky’ekintu** (ekikuta ky’ekintu ekikozeseza kwa kikuta ky’ekintu), **ekikozeseza kwa kikuta ky’ekintu** (ekikuta ky’ekintu ekikozeseza kwa kikuta ky’ekintu), **ekikozeseza kwa kikuta ky’ekintu** (ekikuta ky’ekintu ekikozeseza kwa kikuta ky’ekintu), **ekikozeseza kwa kikuta ky’ekintu** (ekikuta ky’ekintu ekikozeseza kwa kikuta ky’ekintu), **ekikozeseza kwa kikuta ky’ekintu** (ekikuta ky’ekintu ekikozeseza kwa kikuta ky’ekintu), **ekikozeseza kwa kikuta ky’ekintu** (ekikuta ky’ekintu ekikozeseza kwa kikuta ky’ekintu), **ekikozeseza kwa kikuta ky’ekintu** (ekikuta ky’ekintu ekikozeseza kwa kikuta ky’ekintu), **ekikozeseza kwa kikuta ky’ekintu** (ekikuta ky’ekintu ekikozeseza kwa kikuta ky’ekintu), **ekikozeseza kwa kikuta ky’ekintu** (ekikuta ky’ekintu ekikozeseza kwa kikuta ky’ekintu), **ekikozeseza kwa kikuta ky’ekintu** (ekikuta ky’ekintu ekikozeseza kwa kikuta ky’ekintu), **ekikozeseza kwa kikuta ky’ekintu** (ekikuta ky’ekintu ekikozeseza kwa kikuta ky’ekintu), **ekikozeseza kwa kikuta ky’ekintu** (ekikuta ky’ekintu ekikozeseza kwa kikuta ky’ekintu), **ekikozeseza kwa kikuta ky’ekintu** (ekikuta ky’ekintu ekikozeseza kwa kikuta ky’ekintu), **ekikozeseza kwa kikuta ky’ekintu** (ekikuta ky’ekintu ekikozeseza kwa kikuta ky’ekintu), **ekikozeseza kwa kikuta ky’ekintu** (ekikuta ky’ekintu ekikozeseza kwa kikuta ky’ekintu), **ekikozeseza kwa kikuta ky’ekintu** (ekikuta ky’ekintu ekikozeseza kwa kikuta ky’ekintu), **ekikozeseza kwa kikuta ky’ekintu** (ekikuta ky’ekintu ekikozeseza kwa kikuta ky’ekintu), **ekikozeseza kwa kikuta ky’ekintu** (ekikuta ky’ekintu ekikozeseza kwa kikuta ky’ekintu), **ekikozeseza kwa kikuta ky’ekintu** (ekikuta ky’ekintu ekikozeseza kwa kikuta ky’ekintu), **ekikozeseza kwa kikuta ky’ekintu** (ekikuta ky’ekintu ekikozeseza kwa kikuta ky’ekintu), **ekikozeseza kwa kikuta ky’ekintu** (ekikuta ky’ekintu ekikozeseza kwa kikuta ky’ekintu), **ekikozeseza kwa kikuta ky’ekintu** (ekikuta ky’ekintu ekikozeseza kwa kikuta ky’ekintu), **ekikozeseza kwa kikuta ky’ekintu** (ekikuta ky’ekintu ekikozeseza kwa kikuta ky’ekintu), **ekikozeseza kwa kikuta ky’ekintu** (ekikuta ky’ekintu ekikozeseza kwa kikuta ky’ekintu), **ekikozeseza kwa kikuta ky’ekintu** (ekikuta ky’ekintu ekikozeseza kwa kikuta ky’ekintu), **ekikozeseza kwa kikuta ky’ekintu** (ekikuta ky’ekintu ekikozeseza kwa kikuta ky’ekintu), **ekikozeseza kwa kikuta ky’ekintu** (ekikuta ky’ekintu ekikozeseza kwa kikuta ky’ekintu), **ekikozeseza kwa kikuta ky’ekintu** (ekikuta ky’ekintu ekikozeseza kwa kikuta ky’ekintu), **ekikozeseza kwa kikuta ky’ekintu** (ekikuta ky’ekintu ekikozeseza kwa kikuta ky’ekintu), **ekikozeseza kwa kikuta ky’ekintu** (ekikuta ky’ekintu ekikozeseza kwa kikuta ky’ekintu), **ekikozeseza kwa kikuta ky’ekintu** (ekikuta ky’ekintu ekikozeseza kwa kikuta ky’ekintu), **ekikozeseza kwa kikuta ky’ekintu** (ekikuta ky’ekintu ekikozeseza kwa kikuta ky’ekintu), **ekikozeseza kwa kikuta ky’ekintu** (ekikuta ky’ekintu ekikozeseza kwa kikuta ky’ekintu), **ekikozeseza kwa kikuta ky’ekintu** (ekikuta ky’ekintu ekikozeseza kwa kikuta ky’ekintu), **ekikozeseza kwa kikuta ky’ekintu** (ekikuta ky’ekintu ekikozeseza kwa kikuta ky’ekintu), **ekikozeseza kwa kikuta ky’ekintu** (ekikuta ky’ekintu ekikozeseza kwa kikuta ky’ekintu), **ekikozeseza kwa kikuta ky’ekintu** (ekikuta ky’ekintu ekikozeseza kwa kikuta ky’ekintu), **ekikozeseza kwa kikuta ky’ekintu** (ekikuta ky’ekintu ekikozeseza kwa kikuta ky’ekintu), **ekikozeseza kwa kikuta ky’ekintu** (ekikuta ky’ekintu ekikozeseza kwa kikuta ky’ekintu), **ekikozeseza kwa kikuta ky’ekintu** (ekikuta ky’ekintu ekikozeseza kwa kikuta ky’ekintu), **ekikozeseza kwa kikuta ky’ekintu** (ekikuta ky’ekintu ekikozeseza kwa kikuta ky’ekintu), **ekikozeseza kwa kikuta ky’ekintu** (ekikuta ky’ekintu ekikozeseza kwa kikuta ky’ekintu), **ekikozeseza kwa kikuta ky’ekintu** (ekikuta ky’ekintu ekikozeseza kwa kikuta ky’ekintu), **ekikozeseza kwa kikuta ky’ekintu** (ekikuta ky’ekintu ekikozeseza kwa kikuta ky’ekintu), **ekikozeseza kwa kikuta ky’ekintu** (ekikuta ky’ekintu ekikozeseza kwa kikuta ky’ekintu), **ekikozeseza kwa kikuta ky’ekintu** (ekikuta ky’ekintu ekikozeseza kwa kikuta ky’ekintu), **ekikozeseza kwa kikuta ky’ekintu** (ekikuta ky’ekintu ekikozeseza kwa kikuta ky’ekintu), **ekikozeseza kwa kikuta ky’ekintu** (ekikuta ky’ekintu ekikozeseza kwa kikuta ky’ekintu), **ekikozeseza kwa kikuta ky’ekintu** (ekikuta ky’ekintu ekikozeseza kwa kikuta ky’ekintu), **ekikozeseza kwa kikuta ky’ekintu** (ekikuta ky’ekintu ekikozeseza kwa kikuta ky’ekintu), **ekikozeseza kwa kikuta ky’ekintu** (ekikuta ky’ekintu ekikozeseza kwa kikuta ky’ekintu), **ekikozeseza kwa kikuta ky’ekintu** (ekikuta ky’ekintu ekikozeseza kwa kikuta ky’ekintu), **ekikozeseza kwa kikuta ky’ekintu** (ekikuta ky’ekintu ekikozeseza kwa kikuta ky’ekintu), **ekikozeseza kwa kikuta ky’ekintu** (ekikuta ky’ekintu ekikozeseza kwa kikuta ky’ekintu), **ekikozeseza kwa kikuta ky’ekintu** (ekikuta ky’ekintu ekikozeseza kwa kikuta ky’ekintu), **ekikozeseza kwa kikuta ky’ekintu** (ekikuta ky’ekintu ekikozeseza kwa kikuta ky’ekintu), **ekikozeseza kwa kikuta ky’ekintu** (ekikuta ky’ekintu ekikozeseza kwa kikuta ky’ekintu), **ekikozeseza kwa kikuta ky’ekintu** (ekikuta ky’ekintu ekikozeseza kwa kikuta ky’ekintu), **ekikozeseza kwa kikuta ky’ekintu** (ekikuta ky’ekintu ekikozeseza kwa kikuta ky’ekintu), **ekikozeseza kwa kikuta ky’ekintu** (ekikuta ky’ekintu ekikozeseza kwa kikuta ky’ekintu), **ekikozeseza kwa kikuta ky’ekintu** (ekikuta ky’ekintu ekikozeseza kwa kikuta ky’ekintu), **ekikozeseza kwa kikuta ky’ekintu** (ekikuta ky’ekintu ekikozeseza kwa kikuta ky’ekintu), **ekikozeseza kwa kikuta ky’ekintu** (ekikuta ky’ekintu ekikozeseza kwa kikuta ky’ekintu), **ekikozeseza kwa kikuta ky’ekintu** (ekikuta ky’ekintu ekikozeseza kwa kikuta ky’ekintu), **ekikozeseza kwa kikuta ky’ekintu** (ekikuta ky’ekintu ekikozeseza kwa kikuta ky’ekintu), **ekikozeseza kwa kikuta ky’ekintu** (ekikuta ky’ekintu ekikozeseza kwa kikuta ky’ekintu), **ekikozeseza kwa kikuta ky’ekintu** (ekikuta ky’ekintu ekikozeseza kwa kikuta ky’ekintu), **ekikozeseza kwa kikuta ky’ekintu** (ekikuta ky’ekintu ekikozeseza kwa kikuta ky’ekintu), **ekikozeseza kwa kikuta ky’ekintu** (ekikuta ky’ekintu ekikozeseza kwa kikuta ky’ekintu), **ekikozeseza kwa kikuta ky’ekintu** (ekikuta ky’ekintu ekikozeseza kwa kikuta ky’ekintu), **ekikozeseza kwa kikuta ky’ekintu** (ekikuta ky’ekintu ekikozeseza kwa kikuta ky’ekintu), **ekikozeseza kwa kikuta ky’ekintu** (ekikuta ky’ekintu ekikozeseza kwa kikuta ky’ekintu), **ekikozeseza kwa kikuta ky’ekintu",True
A,"**Answer: B**  
**Explanation:**  
The question asks which method the student uses to explain the concept of ozone layer depletion. The key phrase in the question is **""mulimu ki omusomesa ayinza okukozesa okukungaanya obujulizi obukwata""** (the method the student uses to explain the concept through discussion).  

- **Option B** describes students **discussing the depletion of the ozone layer in the stratosphere over 50 years**. This aligns with a **discussion-based method** (e.g., analyzing historical data or trends), which is a form of **verbal explanation** rather than a hands-on experiment.  
- **Options A, C, and D** involve **practical or experimental methods** (e.g., studying CFCs, using models, or identifying substances). These are not the focus of the question, which emphasizes **discussion** as the method.  

The mention of a **50-year timeframe** in Option B highlights the **long-term context** of ozone depletion, which is best addressed through **analysis and discussion** rather than immediate experimentation. Thus, **B is the correct answer**.",True
A,"**Jibu:** D. Mu biseera by’okuzannya obwereere mu luggya, Soledad akuba ensigo mu ngalo ze nagamba: “Nneneenya”

**Tambulibwa:**  
Ekigendererwa kino (ekigendererwa ky’ekibiina) ekisooka ku **ekyakuyambye obwoko obw’okulaba obw’okwesigira obw’okwesigira** (ekigendererwa ky’okwesigira). ""Nneneenya"" ekisooka ku **ekyakuyambye obwoko obw’okwesigira** (onomatopoeia), obwoko obw’ekyakuyambye obwoko obw’okwesigira obw’ekyakuyambye obwoko obw’okwesigira obw’ekyakuyambye obwoko obw’okwesigira obw’ekyakuyambye obwoko obw’okwesigira obw’ekyakuyambye obwoko obw’okwesigira obw’ekyakuyambye obwoko obw’okwesigira obw’ekyakuyambye obwoko obw’okwesigira obw’ekyakuyambye obwoko obw’okwesigira obw’ekyakuyambye obwoko obw’okwesigira obw’ekyakuyambye obwoko obw’okwesigira obw’ekyakuyambye obwoko obw’okwesigira obw’ekyakuyambye obwoko obw’okwesigira obw’ekyakuyambye obwoko obw’okwesigira obw’ekyakuyambye obwoko obw’okwesigira obw’ekyakuyambye obwoko obw’okwesigira obw’ekyakuyambye obwoko obw’okwesigira obw’ekyakuyambye obwoko obw’okwesigira obw’ekyakuyambye obwoko obw’okwesigira obw’ekyakuyambye obwoko obw’okwesigira obw’ekyakuyambye obwoko obw’okwesigira obw’ekyakuyambye obwoko obw’okwesigira obw’ekyakuyambye obwoko obw’okwesigira obw’ekyakuyambye obwoko obw’okwesigira obw’ekyakuyambye obwoko obw’okwesigira obw’ekyakuyambye obwoko obw’okwesigira obw’ekyakuyambye obwoko obw’okwesigira obw’ekyakuyambye obwoko obw’okwesigira obw’ekyakuyambye obwoko obw’okwesigira obw’ekyakuyambye obwoko obw’okwesigira obw’ekyakuyambye obwoko obw’okwesigira obw’ekyakuyambye obwoko obw’okwesigira obw’ekyakuyambye obwoko obw’okwesigira obw’ekyakuyambye obwoko obw’okwesigira obw’ekyakuyambye obwoko obw’okwesigira obw’ekyakuyambye obwoko obw’okwesigira obw’ekyakuyambye obwoko obw’okwesigira obw’ekyakuyambye obwoko obw’okwesigira obw’ekyakuyambye obwoko obw’okwesigira obw’ekyakuyambye obwoko obw’okwesigira obw’ekyakuyambye obwoko obw’okwesigira obw’ekyakuyambye obwoko obw’okwesigira obw’ekyakuyambye obwoko obw’okwesigira obw’ekyakuyambye obwoko obw’okwesigira obw’ekyakuyambye obwoko obw’okwesigira obw’ekyakuyambye obwoko obw’okwesigira obw’ekyakuyambye obwoko obw’okwesigira obw’ekyakuyambye obwoko obw’okwesigira obw’ekyakuyambye obwoko obw’okwesigira obw’ekyakuyambye obwoko obw’okwesigira obw’ekyakuyambye obwoko obw’okwesigira obw’ekyakuyambye obwoko obw’okwesigira obw’ekyakuyambye obwoko obw’okwesigira obw’ekyakuyambye obwoko obw’okwesigira obw’ekyakuyambye obwoko obw’okwesigira obw’ekyakuyambye obwoko obw’okwesigira obw’ekyakuyambye obwoko obw’okwesigira obw’ekyakuyambye obwoko obw’okwesigira obw’ekyakuyambye obwoko obw’okwesigira obw’ekyakuyambye obwoko obw’okwesigira obw’ekyakuyambye obwoko obw’okwesigira obw’ekyakuyambye obwoko obw’okwesigira obw’ekyakuyambye obwoko obw’okwesigira obw’ekyakuyambye obwoko obw’okwesigira obw’ekyakuyambye obwoko obw’okwesigira obw’ekyakuyambye obwoko obw’okwesigira obw’ekyakuyambye obwoko obw’okwesigira obw’ekyakuyambye obwoko obw’okwesigira obw’ekyakuyambye obwoko obw’okwesigira obw’ekyakuyambye obwoko obw’okwesigira obw’ekyakuyambye obwoko obw’okwesigira obw’ekyakuyambye obwoko obw’okwesigira obw’ekyakuyambye obwoko obw’okwesigira obw’ekyakuyambye obwoko obw’okwesigira obw’ekyakuyambye obwoko obw’okwesigira obw’ekyakuyambye obwoko obw’okwesigira obw’ekyakuyambye obwoko obw’okwesigira obw’ekyakuyambye obwoko obw’okwesigira obw’ekyakuyambye obwoko obw’okwesigira obw’ekyakuyambye obwoko obw’okwesigira obw’ekyakuyambye obwoko obw’okwesigira obw’ekyakuyambye obwoko obw’okwesigira obw’ekyakuyambye obwoko obw’okwesigira obw’ekyakuyambye obwoko obw’okwesigira obw’ekyakuyambye obwoko obw’okwesigira obw’ekyakuyambye obwoko obw’okwesigira obw’ekyakuyambye obwoko obw’okwesigira obw’ekyakuyambye obwoko obw’okwesigira obw’ekyakuyambye obwoko obw’okwesigira obw’ekyakuyambye obwoko obw’okwesigira obw’ekyakuyambye obwoko obw’okwesigira obw’ekyakuyambye obwoko obw’okwesigira obw’ekyakuyambye obwoko obw’okwesigira obw’ekyakuyambye obwoko obw’okwesigira obw’ekyakuyambye obwoko obw’okwesigira obw’ekyakuyambye obwoko obw’okwesigira obw’ekyakuyambye obwoko obw’okwesigira obw’ekyakuyambye obwoko obw’okwesigira obw’ekyakuyambye obwoko obw’okwesigira obw’ekyakuyambye obwoko obw’okwesigira obw’ekyakuyambye obwoko obw’okwesigira obw’ekyakuyambye obwoko obw’okwesigira obw’ekyakuyambye obwoko obw’okwesigira obw’ekyakuyambye obwoko obw’okwesigira obw’ekyakuyambye obwoko obw’okwesigira obw’ekyakuyambye obwoko obw’okwesigira obw’ekyakuyambye obwoko obw’okwesigira obw’ekyakuyambye obwoko obw’okwesigira obw’ekyakuyambye obwoko obw’okwesigira obw’ekyakuyambye obwoko obw’okwesigira obw’ekyakuyambye obwoko obw’okwesigira obw’ekyakuyambye obwoko obw’okwesigira obw’ekyakuyambye obwoko obw’okwesigira obw’ekyakuyambye obwoko obw’okwesigira obw’ekyakuyambye obwoko obw’okwesigira obw’ekyakuyambye obwoko obw’okwesigira obw’ekyakuyambye obwoko obw’okwesigira obw’ekyakuyambye obwoko obw’okwesigira obw’ekyakuyambye obwoko obw’okwesigira obw’ekyakuyambye obwoko obw’okwesigira obw’ekyakuyambye obwoko obw’okwesigira obw’ekyakuyambye obwoko obw’okwesigira obw’ekyakuyambye obwoko obw’okwesigira obw’ekyakuyambye obwoko obw’okwesigira obw’ekyakuyambye obwoko obw’okwesigira obw’ekyakuyambye obwoko obw’okwesigira obw’ekyakuyambye obwoko obw’okwesigira obw’ekyakuyambye obwoko obw’okwesigira obw’ekyakuyambye obwoko obw’okwesigira obw’ekyakuyambye obwoko obw’okwesigira obw’ekyakuyambye obwoko obw’okwesigira obw’ekyakuyambye obwoko obw’okwesigira obw’ekyakuyambye obwoko obw’okwesigira obw’ekyakuyambye obwoko obw’okwesigira obw’ekyakuyambye obwoko obw’okwesigira obw’ekyakuyambye obwoko obw’okwesigira obw’ekyakuyambye obwoko obw’okwesigira obw’ekyakuyambye obwoko obw’okwesigira obw’ekyakuyambye obwoko obw’okwesigira obw’ekyakuyambye obwoko obw’okwesigira obw’ekyakuyambye obwoko obw’okwesigira obw’ekyakuyambye obwoko obw’okwesigira obw’ekyakuyambye obwoko obw’okwesigira obw’ekyakuyambye obwoko obw’okwesigira obw’ekyakuyambye obwoko obw’okwesigira obw’ekyakuyambye obwoko obw’okwesigira obw’ekyakuyambye obwoko obw’okwesigira obw’ekyakuyambye obwoko obw’okwesigira obw’ekyakuyambye obwoko obw’okwesigira obw’ekyakuyambye obwoko obw’okwesigira obw’ekyakuyambye obwoko obw’okwesigira obw’ekyakuyambye obwoko obw’okwesigira obw’ekyakuyambye obwoko obw’okwesigira obw’ekyakuyambye obwoko obw’okwesigira obw’ekyakuyambye obwoko obw’okwesigira obw’ekyakuyambye obwoko obw’okwesigira obw’ekyakuyambye obwoko obw’okwesigira obw’ekyakuyambye obwoko obw’okwesigira obw’ekyakuyambye obwoko obw’okwesigira obw’ekyakuyambye obwoko obw’okwesigira obw’ekyakuyambye obwoko obw’okwesigira obw’ekyakuyambye obwoko obw’okwesigira obw’ekyakuyambye obwoko obw’okwesigira obw’ekyakuyambye obwoko obw’okwesigira obw’ekyak",True
C,,False
B,"**C. Labu bbiri ez’amasannyalaze bwe zikwataganyiziddwa mu nkola ya paraleli ku bbaatiri, labu eyo eyaka ennyo y’eyo erina amaanyi agasingawo. Bw’omala okukola okuteebereza, geraageranya obumasamasa bwazo.**

**Explanation:**  
Mu nkola ya **paraleli**, oba obulamu (battery) oba obulamu oba obulamu oba obulamu oba obulamu oba obulamu oba obulamu oba obulamu oba obulamu oba obulamu oba obulamu oba obulamu oba obulamu oba obulamu oba obulamu oba obulamu oba obulamu oba obulamu oba obulamu oba obulamu oba obulamu oba obulamu oba obulamu oba obulamu oba obulamu oba obulamu oba obulamu oba obulamu oba obulamu oba obulamu oba obulamu oba obulamu oba obulamu oba obulamu oba obulamu oba obulamu oba obulamu oba obulamu oba obulamu oba obulamu oba obulamu oba obulamu oba obulamu oba obulamu oba obulamu oba obulamu oba obulamu oba obulamu oba obulamu oba obulamu oba obulamu oba obulamu oba obulamu oba obulamu oba obulamu oba obulamu oba obulamu oba obulamu oba obulamu oba obulamu oba obulamu oba obulamu oba obulamu oba obulamu oba obulamu oba obulamu oba obulamu oba obulamu oba obulamu oba obulamu oba obulamu oba obulamu oba obulamu oba obulamu oba obulamu oba obulamu oba obulamu oba obulamu oba obulamu oba obulamu oba obulamu oba obulamu oba obulamu oba obulamu oba obulamu oba obulamu oba obulamu oba obulamu oba obulamu oba obulamu oba obulamu oba obulamu oba obulamu oba obulamu oba obulamu oba obulamu oba obulamu oba obulamu oba obulamu oba obulamu oba obulamu oba obulamu oba obulamu oba obulamu oba obulamu oba obulamu oba obulamu oba obulamu oba obulamu oba obulamu oba obulamu oba obulamu oba obulamu oba obulamu oba obulamu oba obulamu oba obulamu oba obulamu oba obulamu oba obulamu oba obulamu oba obulamu oba obulamu oba obulamu oba obulamu oba obulamu oba obulamu oba obulamu oba obulamu oba obulamu oba obulamu oba obulamu oba obulamu oba obulamu oba obulamu oba obulamu oba obulamu oba obulamu oba obulamu oba obulamu oba obulamu oba obulamu oba obulamu oba obulamu oba obulamu oba obulamu oba obulamu oba obulamu oba obulamu oba obulamu oba obulamu oba obulamu oba obulamu oba obulamu oba obulamu oba obulamu oba obulamu oba obulamu oba obulamu oba obulamu oba obulamu oba obulamu oba obulamu oba obulamu oba obulamu oba obulamu oba obulamu oba obulamu oba obulamu oba obulamu oba obulamu oba obulamu oba obulamu oba obulamu oba obulamu oba obulamu oba obulamu oba obulamu oba obulamu oba obulamu oba obulamu oba obulamu oba obulamu oba obulamu oba obulamu oba obulamu oba obulamu oba obulamu oba obulamu oba obulamu oba obulamu oba obulamu oba obulamu oba obulamu oba obulamu oba obulamu oba obulamu oba obulamu oba obulamu oba obulamu oba obulamu oba obulamu oba obulamu oba obulamu oba obulamu oba obulamu oba obulamu oba obulamu oba obulamu oba obulamu oba obulamu oba obulamu oba obulamu oba obulamu oba obulamu oba obulamu oba obulamu oba obulamu oba obulamu oba obulamu oba obulamu oba obulamu oba obulamu oba obulamu oba obulamu oba obulamu oba obulamu oba obulamu oba obulamu oba obulamu oba obulamu oba obulamu oba obulamu oba obulamu oba obulamu oba obulamu oba obulamu oba obulamu oba obulamu oba obulamu oba obulamu oba obulamu oba obulamu oba obulamu oba obulamu oba obulamu oba obulamu oba obulamu oba obulamu oba obulamu oba obulamu oba obulamu oba obulamu oba obulamu oba obulamu oba obulamu oba obulamu oba obulamu oba obulamu oba obulamu oba obulamu oba obulamu oba obulamu oba obulamu oba obulamu oba obulamu oba obulamu oba obulamu oba obulamu oba obulamu oba obulamu oba obulamu oba obulamu oba obulamu oba obulamu oba obulamu oba obulamu oba obulamu oba obulamu oba obulamu oba obulamu oba obulamu oba obulamu oba obulamu oba obulamu oba obulamu oba obulamu oba obulamu oba obulamu oba obulamu oba obulamu oba obulamu oba obulamu oba obulamu oba obulamu oba obulamu oba obulamu oba obulamu oba obulamu oba obulamu oba obulamu oba obulamu oba obulamu oba obulamu oba obulamu oba obulamu oba obulamu oba obulamu oba obulamu oba obulamu oba obulamu oba obulamu oba obulamu oba obulamu oba obulamu oba obulamu oba obulamu oba obulamu oba obulamu oba obulamu oba obulamu oba obulamu oba obulamu oba obulamu oba obulamu oba obulamu oba obulamu oba obulamu oba obulamu oba obulamu oba obulamu oba obulamu oba obulamu oba obulamu oba obulamu oba obulamu oba obulamu oba obulamu oba obulamu oba obulamu oba obulamu oba obulamu oba obulamu oba obulamu oba obulamu oba obulamu oba obulamu oba obulamu oba obulamu oba obulamu oba obulamu oba obulamu oba obulamu oba obulamu oba obulamu oba obulamu oba obulamu oba obulamu oba obulamu oba obulamu oba obulamu oba obulamu oba obulamu oba obulamu oba obulamu oba obulamu oba obulamu oba obulamu oba obulamu oba obulamu oba obulamu oba obulamu oba obulamu oba obulamu oba obulamu oba obulamu oba obulamu oba obulamu oba obulamu oba obulamu oba obulamu oba obulamu oba obulamu oba obulamu oba obulamu oba obulamu oba obulamu oba obulamu oba obulamu oba obulamu oba obulamu oba obulamu oba obulamu oba obulamu oba obulamu oba obulamu oba obulamu oba obulamu oba obulamu oba obulamu oba obulamu oba obulamu oba obulamu oba obulamu oba obulamu oba obulamu oba obulamu oba obulamu oba obulamu oba obulamu oba obulamu oba obulamu oba obulamu oba obulamu oba obulamu oba obulamu oba obulamu oba obulamu oba obulamu oba obulamu oba obulamu oba obulamu oba obulamu oba obulamu oba obulamu oba obulamu oba obulamu oba obulamu oba obulamu oba obulamu oba obulamu oba obulamu oba obulamu oba obulamu oba obulamu oba obulamu oba obulamu oba obulamu oba obulamu oba obulamu oba obulamu oba obulamu oba obulamu oba obulamu oba obulamu oba obulamu oba obulamu oba obulamu oba obulamu oba obulamu oba obulamu oba obulamu oba obulamu oba obulamu oba obulamu oba obulamu oba obulamu oba obulamu oba obulamu oba obulamu oba obulamu oba obulamu oba obulamu oba obulamu oba obulamu oba obulamu oba obulamu oba obulamu oba obulamu oba obulamu oba obulamu oba obulamu oba obulamu oba obulamu oba obulamu oba obulamu oba obulamu oba obulamu oba obulamu oba obulamu oba obulamu oba obulamu oba obulamu oba obulamu oba obulamu oba obulamu oba obulamu oba obulamu oba obulamu oba obulamu oba obulamu oba obulamu oba obulamu oba obulamu oba obulamu oba obulamu oba obulamu oba obulamu oba obulamu oba obulamu oba obulamu oba obulamu oba obulamu oba obulamu oba obulamu oba obulamu oba obulamu oba obulamu oba obulamu oba obulamu oba obulamu oba obulamu oba obulamu oba obulamu oba obulamu oba obulamu oba obulamu oba obulamu oba obulamu oba obulamu oba obulamu oba obulamu oba obulamu oba obulamu oba obulamu oba obulamu oba obulamu oba obulamu oba obulamu oba obulamu oba obulamu oba obulamu oba obulamu oba obulamu oba obulamu oba obulamu oba obulamu oba obulamu oba obulamu oba obulamu oba obulamu oba obulamu oba obulamu oba obulamu oba obulamu oba obulamu oba obulamu oba obulamu oba obulamu oba obulamu oba obulamu oba obulamu oba obulamu oba obulamu oba obulamu oba obulamu oba obulamu oba obulamu oba obulamu oba obulamu oba obulamu oba obulamu oba obulamu oba obulamu oba obulamu oba obulamu oba obulamu oba obulamu oba obulamu oba obulamu oba obulamu oba obulamu oba obulamu oba obulamu oba obulamu oba obulamu oba obulamu oba obulamu oba obulamu oba obulamu oba obulamu oba obulamu oba obulamu oba obulamu oba obulamu oba obulamu oba obulamu oba obulamu oba obulamu oba obulamu oba obulamu oba obulamu oba obulamu oba obulamu oba obulamu oba obulamu oba obulamu oba obulamu oba obulamu oba obulamu oba obulamu oba obulamu oba obulamu oba obulamu oba obulamu oba obulamu oba obulamu oba obulamu oba obulamu oba obulamu oba obulamu oba obulamu oba obulamu oba obulamu oba obulamu oba obulamu oba obulamu oba obulamu oba obulamu oba obulamu oba obulamu oba obulamu oba obulamu oba obulamu oba obulamu oba obulamu oba obulamu oba obulamu oba obulamu oba obulamu oba obulamu oba obulamu oba obulamu oba obulamu oba obulamu oba obulamu oba obulamu oba obulamu oba obulamu oba obulamu oba obulamu oba obulamu oba obulamu oba obulamu oba obulamu oba obulamu oba obulamu oba obulamu oba obulamu oba obulamu oba obulamu oba obulamu oba obulamu oba obulamu oba obulamu oba obulamu oba obulamu oba obulamu oba obulamu oba obulamu oba obulamu oba obulamu oba obulamu oba obulamu oba obulamu oba obulamu oba obulamu oba obulamu oba",True
B,"**Thinking Process for the Second Question:**

1. **Understanding the Question:**  
   The question asks which option correctly describes the Earth's position relative to the sun and other planets. The key here is to identify the correct astronomical relationship between the Earth, the sun, and other planets in the solar system.

2. **Analyzing the Options:**  
   - **Option A:** Suggests the Earth and its planets are in the same position in the sky. This is incorrect because planets orbit the sun at different distances and speeds, so their positions relative to the Earth change over time.  
   - **Option B:** Compares the Earth and planets to a computer in the sky. This is metaphorical and unrelated to actual planetary positions, making it invalid.  
   - **Option C:** Claims the Earth and planets align with the moon and sun. While the moon orbits the Earth, the planets orbit the sun, so this mix of relationships is incorrect.  
   - **Option D:** States the Earth and planets are in the same position as the sun and moon. This is confusing but likely refers to the fact that all planets (including Earth) orbit the sun, sharing a common reference point (the sun). The moon, however, orbits the Earth, so this option might be a mistranslation or misphrasing.  

3. **Scientific Reasoning:**  
   - The Earth and other planets (e.g., Mars, Venus) all orbit the sun in the same plane (the ecliptic). Their positions relative to the sun are consistent in this orbital system.  
   - The moon’s position is tied to the Earth, not the sun, so options involving the moon (C and D) are less accurate.  
   - Despite the phrasing, **Option D** is the best choice because it implies the Earth and planets share a common position relative to the sun, even if the wording is unclear.  

4. **Conclusion:**  
   Based on the solar system’s structure, the correct answer is **D**, as it aligns with the idea that the Earth and other planets orbit the sun in a shared system. The confusion in phrasing (e.g., ""same position as the sun and moon"") might stem from translation errors, but the intended meaning matches the scientific reality.  

**Final Answer:** **D**",True
A,"**C. Laga ebyo ebireeta musisi eby'obutonde, gamba ng'enkolagana wakati w'ebipande bya tectonic olw'entambula yaabyo.**

**Explanation:**  
Ekigendererwa ""Okutegeera obukulu bw'okunoonyereza ku by'omusisa mu kuzimba okumanya ku by'ettaka"" ekyasooka ku **kuzimba obukulu (field study)** n'okutegeera ku **by'ettaka (theories)**. Option C ekyasooka ku **kuzimba obukulu** (kuzimba obususu obw'obutonde) n'okutegeera ku **by'ettaka** (teori y'ebipande bya tectonic). Ekyeyitwa ku **kuzimba obususu** (seismic data) okutegeera ku teori y'ebipande bya tectonic, ekikwatagana n'ekigendererwa kino.  

- **Option A** ekyasooka ku tekiniki, oba tekiniki ekyeyitwa ku kuzimba obukulu, oba teori ekyeyitwa ku kuzimba obususu.  
- **Option B** ekyeyitwa ku musisi, oba teori ekyeyitwa ku kuzimba obususu.  
- **Option D** ekyeyitwa ku kuzimba obususu (lab), oba teori ekyeyitwa ku kuzimba obukulu.  

**Option C** ekyeyitwa ku **kuzimba obukulu (field)** (seismic data) n'okutegeera ku **teori y'ebipande bya tectonic**, ekikwatagana n'ekigendererwa kino.",True
D,"**Answer to the First Question (D):**  
The correct answer is **D** because it uses **direct dialogue** (""Nneneenya"") to emphasize the character's presence and agency. This technique highlights the character's voice and emotional state, making their role in the narrative more vivid. The other options rely on descriptive actions (e.g., carrying loads, being bitten) rather than direct speech to convey character traits.

---

**Answer to the Second Question (B):**  
The correct answer is **B** because it employs **third-person limited perspective**, focusing on Pablo’s immediate experience (the scorpion bite and his plea for help). This technique restricts the narrative to Pablo’s thoughts and sensations, creating intimacy and tension without omniscient commentary. Other options either use omniscient narration (A, C) or shift perspectives (D).

---

**Answer to the Third Question (D):**  
The correct answer is **D** because it uses **symbolism** through the character’s action (raising a hand and declaring ""Nneneenya""). This gesture symbolizes resilience, identity, or community solidarity, adding depth to the narrative. The other options describe physical actions or dialogue without symbolic layers. 

---

**General Explanation for Literary Techniques:**  
1. **Direct Dialogue (D):** Strengthens character voice and immediacy.  
2. **Third-Person Limited (B):** Focuses on a character’s internal experience.  
3. **Symbolism (D):** Uses actions/objects to represent broader themes.  

Let me know if you need further clarification!",True
D,"**C. Laga nti bw’oba otyoza ekintu ekisibiddwa ku muguwa, omulandira gwakyo ogw’okwetoloola gukyuka, obuwanvu bw’omugwa bwe bukendeezebwa oba bwe bwongezebwa.**

**Explanation:**  
Ekigendererwa kino ekyokka ekikulu mu kinematics y’entambula ey’ekikulungo etakyuka. Ekikulu ekyo ekisooka ku mukwanaganyo **vt = R·ω**, nga embiro y’ekizungirizi (vt) eyongera n’ekikulungo (R) oba ekikakanyavu oba ekikooma, nga nsindikirizo ya nguli (ω) eba tekyuka. Ekintu ekisibiddwa ku muguwa (C) ekyokka ekikulu ekyo, nga ekisooka ku **ekikakanyavu oba ekikooma kya R** ekikooma oba ekikakanyavu embiro y’ekizungirizi (vt) oba ekikooma oba ekikakanyavu. 

- **Option A** ekyokka ku mukwanaganyo, oba kino kino ekyokka ku **ekikulu eky’ekikakanyavu oba ekikooma kya R**.  
- **Option B** ekyokka ku graph, oba kino kino ekyokka ku **ekikulu eky’ekikakanyavu oba ekikooma kya R**.  
- **Option D** ekyokka ku gerageranyo, oba kino kino ekyokka ku **ekikulu eky’ekikakanyavu oba ekikooma kya R**.  

**C** ekyokka ku **ekikulu eky’ekikakanyavu oba ekikooma kya R** nga embiro y’ekizungirizi (vt) eyongera n’ekikulungo (R) oba ekikakanyavu oba ekikooma.",True
A,"**Jawabu:**  
**A. Okuggyako vekita**

**Tabyeyi:**  
Ku kiseera ky'okunoonyereza amaanyi ga sentripeta, abayizi abali mu mugatte ogwokusatu (S3) abateekawo okutegeera empewozeso eya sentripeta. Ekigendererwa kino ekituufu ku kusobola okutegeera amaanyi ga sentripeta kusinzira ku ntambula y'omuzingo ogwa kyenkanyi. 

**Okukozesa kiseera A:**  
- Abayizi **baggyako vekita** (T) mu ntambula y'omuzingo ogwa kyenkanyi.  
- Balaga **velositi** (v) kusinzira ku formula:  
  $$
  v = \frac{2\pi r}{T}
  $$  
  (r = radius ya ntambula).  
- Balaga **amaanyi ga sentripeta** kusinzira ku formula:  
  $$
  F = \frac{mv^2}{r}
  $$  
  (m = mass ya kintu).  

**Kiseera A ekituufu** kusobola okutegeera amaanyi ga sentripeta kusinzira ku **kikozesa kiseera ky'okugyako vekita** (period) n'okukozesa formula ya sentripeta. Kiseera B, C, n' D eza kiseera eza okutegeera amaanyi ga sentripeta **kati**, kwe wakozesebwa nga kiseera A ekituufu ku kusobola okutegeera kino kusinzira ku **kikozesa kiseera ky'okugyako vekita** n'okukozesa formula.  

**Kiseera A ekituufu** kusobola okutegeera amaanyi ga sentripeta kusinzira ku **kikozesa kiseera ky'okugyako vekita** (period) n'okukozesa formula ya sentripeta. Kiseera B, C, n' D eza kiseera eza okutegeera amaanyi ga sentripeta **kati**, kwe wakozesebwa nga kiseera A ekituufu ku kusobola okutegeera kino kusinzira ku **kikozesa kiseera ky'okugyako vekita** n'okukozesa formula.",True
B,"**Ekibuuzo:**  
Mu ndowooza zino ez'abayizi, eruwa ekoma ku kuyiga omusingi gwa Archimedes?

**Ekkwawa:**  
**B. Okulowooza nti obuziba ekintu kye kiyimiriddemu mu mazzi kye kireetera amaanyi agakirwanyisa okuba amangi oba amatono.**

---

**Ekkwawa kya B:**  
Omusingi gwa Archimedes ekyetegereza nti *obuziba ekintu ekirikulukusirwamu mu mazzi (ebidde oba ebidwa) ekireetera amaanyi agakirwanyisa obuziba ekintu ekikulukusi ekikozesa ekikulukusi ekintu ekikozesa*. Kino ekyetegereza obuziba oba obaanyi oba obaanyi oba obaanyi oba obaanyi oba obaanyi oba obaanyi oba obaanyi oba obaanyi oba obaanyi oba obaanyi oba obaanyi oba obaanyi oba obaanyi oba obaanyi oba obaanyi oba obaanyi oba obaanyi oba obaanyi oba obaanyi oba obaanyi oba obaanyi oba obaanyi oba obaanyi oba obaanyi oba obaanyi oba obaanyi oba obaanyi oba obaanyi oba obaanyi oba obaanyi oba obaanyi oba obaanyi oba obaanyi oba obaanyi oba obaanyi oba obaanyi oba obaanyi oba obaanyi oba obaanyi oba obaanyi oba obaanyi oba obaanyi oba obaanyi oba obaanyi oba obaanyi oba obaanyi oba obaanyi oba obaanyi oba obaanyi oba obaanyi oba obaanyi oba obaanyi oba obaanyi oba obaanyi oba obaanyi oba obaanyi oba obaanyi oba obaanyi oba obaanyi oba obaanyi oba obaanyi oba obaanyi oba obaanyi oba obaanyi oba obaanyi oba obaanyi oba obaanyi oba obaanyi oba obaanyi oba obaanyi oba obaanyi oba obaanyi oba obaanyi oba obaanyi oba obaanyi oba obaanyi oba obaanyi oba obaanyi oba obaanyi oba obaanyi oba obaanyi oba obaanyi oba obaanyi oba obaanyi oba obaanyi oba obaanyi oba obaanyi oba obaanyi oba obaanyi oba obaanyi oba obaanyi oba obaanyi oba obaanyi oba obaanyi oba obaanyi oba obaanyi oba obaanyi oba obaanyi oba obaanyi oba obaanyi oba obaanyi oba obaanyi oba obaanyi oba obaanyi oba obaanyi oba obaanyi oba obaanyi oba obaanyi oba obaanyi oba obaanyi oba obaanyi oba obaanyi oba obaanyi oba obaanyi oba obaanyi oba obaanyi oba obaanyi oba obaanyi oba obaanyi oba obaanyi oba obaanyi oba obaanyi oba obaanyi oba obaanyi oba obaanyi oba obaanyi oba obaanyi oba obaanyi oba obaanyi oba obaanyi oba obaanyi oba obaanyi oba obaanyi oba obaanyi oba obaanyi oba obaanyi oba obaanyi oba obaanyi oba obaanyi oba obaanyi oba obaanyi oba obaanyi oba obaanyi oba obaanyi oba obaanyi oba obaanyi oba obaanyi oba obaanyi oba obaanyi oba obaanyi oba obaanyi oba obaanyi oba obaanyi oba obaanyi oba obaanyi oba obaanyi oba obaanyi oba obaanyi oba obaanyi oba obaanyi oba obaanyi oba obaanyi oba obaanyi oba obaanyi oba obaanyi oba obaanyi oba obaanyi oba obaanyi oba obaanyi oba obaanyi oba obaanyi oba obaanyi oba obaanyi oba obaanyi oba obaanyi oba obaanyi oba obaanyi oba obaanyi oba obaanyi oba obaanyi oba obaanyi oba obaanyi oba obaanyi oba obaanyi oba obaanyi oba obaanyi oba obaanyi oba obaanyi oba obaanyi oba obaanyi oba obaanyi oba obaanyi oba obaanyi oba obaanyi oba obaanyi oba obaanyi oba obaanyi oba obaanyi oba obaanyi oba obaanyi oba obaanyi oba obaanyi oba obaanyi oba obaanyi oba obaanyi oba obaanyi oba obaanyi oba obaanyi oba obaanyi oba obaanyi oba obaanyi oba obaanyi oba obaanyi oba obaanyi oba obaanyi oba obaanyi oba obaanyi oba obaanyi oba obaanyi oba obaanyi oba obaanyi oba obaanyi oba obaanyi oba obaanyi oba obaanyi oba obaanyi oba obaanyi oba obaanyi oba obaanyi oba obaanyi oba obaanyi oba obaanyi oba obaanyi oba obaanyi oba obaanyi oba obaanyi oba obaanyi oba obaanyi oba obaanyi oba obaanyi oba obaanyi oba obaanyi oba obaanyi oba obaanyi oba obaanyi oba obaanyi oba obaanyi oba obaanyi oba obaanyi oba obaanyi oba obaanyi oba obaanyi oba obaanyi oba obaanyi oba obaanyi oba obaanyi oba obaanyi oba obaanyi oba obaanyi oba obaanyi oba obaanyi oba obaanyi oba obaanyi oba obaanyi oba obaanyi oba obaanyi oba obaanyi oba obaanyi oba obaanyi oba obaanyi oba obaanyi oba obaanyi oba obaanyi oba obaanyi oba obaanyi oba obaanyi oba obaanyi oba obaanyi oba obaanyi oba obaanyi oba obaanyi oba obaanyi oba obaanyi oba obaanyi oba obaanyi oba obaanyi oba obaanyi oba obaanyi oba obaanyi oba obaanyi oba obaanyi oba obaanyi oba obaanyi oba obaanyi oba obaanyi oba obaanyi oba obaanyi oba obaanyi oba obaanyi oba obaanyi oba obaanyi oba obaanyi oba obaanyi oba obaanyi oba obaanyi oba obaanyi oba obaanyi oba obaanyi oba obaanyi oba obaanyi oba obaanyi oba obaanyi oba obaanyi oba obaanyi oba obaanyi oba obaanyi oba obaanyi oba obaanyi oba obaanyi oba obaanyi oba obaanyi oba obaanyi oba obaanyi oba obaanyi oba obaanyi oba obaanyi oba obaanyi oba obaanyi oba obaanyi oba obaanyi oba obaanyi oba obaanyi oba obaanyi oba obaanyi oba obaanyi oba obaanyi oba obaanyi oba obaanyi oba obaanyi oba obaanyi oba obaanyi oba obaanyi oba obaanyi oba obaanyi oba obaanyi oba obaanyi oba obaanyi oba obaanyi oba obaanyi oba obaanyi oba obaanyi oba obaanyi oba obaanyi oba obaanyi oba obaanyi oba obaanyi oba obaanyi oba obaanyi oba obaanyi oba obaanyi oba obaanyi oba obaanyi oba obaanyi oba obaanyi oba obaanyi oba obaanyi oba obaanyi oba obaanyi oba obaanyi oba obaanyi oba obaanyi oba obaanyi oba obaanyi oba obaanyi oba obaanyi oba obaanyi oba obaanyi oba obaanyi oba obaanyi oba obaanyi oba obaanyi oba obaanyi oba obaanyi oba obaanyi oba obaanyi oba obaanyi oba obaanyi oba obaanyi oba obaanyi oba obaanyi oba obaanyi oba obaanyi oba obaanyi oba obaanyi oba obaanyi oba obaanyi oba obaanyi oba obaanyi oba obaanyi oba obaanyi oba obaanyi oba obaanyi oba obaanyi oba obaanyi oba obaanyi oba obaanyi oba obaanyi oba obaanyi oba obaanyi oba obaanyi oba obaanyi oba obaanyi oba obaanyi oba obaanyi oba obaanyi oba obaanyi oba obaanyi oba obaanyi oba obaanyi oba obaanyi oba obaanyi oba obaanyi oba obaanyi oba obaanyi oba obaanyi oba obaanyi oba obaanyi oba obaanyi oba obaanyi oba obaanyi oba obaanyi oba obaanyi oba obaanyi oba obaanyi oba obaanyi oba obaanyi oba obaanyi oba obaanyi oba obaanyi oba obaanyi oba obaanyi oba obaanyi oba obaanyi oba obaanyi oba obaanyi oba obaanyi oba obaanyi oba obaanyi oba obaanyi oba obaanyi oba obaanyi oba obaanyi oba obaanyi oba obaanyi oba obaanyi oba obaanyi oba obaanyi oba obaanyi oba obaanyi oba obaanyi oba obaanyi oba obaanyi oba obaanyi oba obaanyi oba obaanyi oba obaanyi oba obaanyi oba obaanyi oba obaanyi oba obaanyi oba obaanyi oba obaanyi oba obaanyi oba obaanyi oba obaanyi oba obaanyi oba obaanyi oba obaanyi oba obaanyi oba obaanyi oba obaanyi oba obaanyi oba obaanyi oba obaanyi oba obaanyi oba obaanyi oba obaanyi oba obaanyi oba obaanyi oba obaanyi oba obaanyi oba obaanyi oba obaanyi oba obaanyi oba obaanyi oba obaanyi oba obaanyi oba obaanyi oba obaanyi oba obaanyi oba obaanyi oba obaanyi oba obaanyi oba obaanyi oba obaanyi oba obaanyi oba obaanyi oba obaanyi oba obaanyi oba obaanyi oba obaanyi oba obaanyi oba obaanyi oba obaanyi oba obaanyi oba obaanyi oba obaanyi oba obaanyi oba obaanyi oba obaanyi oba obaanyi ob",True
B,"

**Ekibuuzo kye kisooka:**  
Ku ngeri ez’okunoonyereza ekigendererwa ky’ekibiina, omusomesa ow’ekiseera S3 agafuga amazzi n’empewo, era ayagala okulondola ""Nnyonnyola ebintu eby’enjawulo ebibaawo buli lunaku nga tukozesa omusingi gwa Bernoulli."" Ekibuuzo kye kisooka kusangidwa ku **B**, naye kuyinza okukozesa **omulamwa gwa Bernoulli** (ekigendererwa ky’ekibiina) okusobola okutegeera **ekyakuyambye okutegeera nti ppere lya matamiivu** (ekigendererwa ky’ekibiina).  

**Ekyakuyambye:**  
Option **B** kisooka ku:  
*""Banannyonnyola engeri akamooli akasiiga akawunga bwe kakola.""*  
(Enkola y’ekyakuyambye: ""They explain the relationship between the speed of the fluid and the pressure it exerts."")  

**Ekyokka:**  
- **Bernoulli Principle** (ekigendererwa ky’ekibiina) kisooka ku **ekyakuyambye okutegeera nti ppere lya matamiivu** (ekigendererwa ky’ekibiina) kugibwa ku **ekyakuyambye okutegeera nti obwongo obw’omu wakati** (ekigendererwa ky’ekibiina).  
- Kino kisangidwa ku **ekigendererwa ky’ekibiina** (ekigendererwa ky’ekibiina) kugibwa ku: *ppere lya matamiivu ekyakulemwa ku kikakanyavu, obwongo obw’omu wakati ekyakulemwa ku kikakanyavu, naye obwongo obw’omu wakati ekyakulemwa ku kikakanyavu.*  
- Option **B** kisangidwa ku **ekyakuyambye** (ekigendererwa ky’ekibiina) kugibwa ku **ppere lya matamiivu** (ekigendererwa ky’ekibiina) n’**obwongo obw’omu wakati** (ekigendererwa ky’ekibiina), naye kino kisangidwa ku **ekigendererwa ky’ekibiina** (ekigendererwa ky’ekibiina) kugibwa ku **Bernoulli Principle** (ekigendererwa ky’ekibiina).  

**Ekyokka ku mato options:**  
- **A** kisangidwa ku **Bernoulli Equation** (ekigendererwa ky’ekibiina) kugibwa ku **kikakanyavu** (ekigendererwa ky’ekibiina), oba kino kisangidwa ku **kikakanyavu** (ekigendererwa ky’ekibiina) kugibwa ku **kikakanyavu** (ekigendererwa ky’ekibiina), oba kino kisangidwa ku **kikakanyavu** (ekigendererwa ky’ekibiina) kugibwa ku **kikakanyavu** (ekigendererwa ky’ekibiina).  
- **C** kisangidwa ku **kikakanyavu** (ekigendererwa ky’ekibiina) kugibwa ku **kikakanyavu** (ekigendererwa ky’ekibiina), oba kino kisangidwa ku **kikakanyavu** (ekigendererwa ky’ekibiina) kugibwa ku **kikakanyavu** (ekigendererwa ky’ekibiina).  
- **D** kisangidwa ku **kikakanyavu** (ekigendererwa ky’ekibiina) kugibwa ku **kikakanyavu** (ekigendererwa ky’ekibiina), oba kino kisangidwa ku **kikakanyavu** (ekigendererwa ky’ekibiina) kugibwa ku **kikakanyavu** (ekigendererwa ky’ekibiina).  

**Ekyokka ku B:**  
Option **B** kisangidwa ku **ekyakuyambye** (ekigendererwa ky’ekibiina) kugibwa ku **ppere lya matamiivu** (ekigendererwa ky’ekibiina) n’**obwongo obw’omu wakati** (ekigendererwa ky’ekibiina), naye kino kisangidwa ku **Bernoulli Principle** (ekigendererwa ky’ekibiina) kugibwa ku **ekigendererwa ky’ekibiina** (ekigendererwa ky’ekibiina).  

**Ekyokka ku ngeri:**  
- **Bernoulli Principle** (ekigendererwa ky’ekibiina) kisangidwa ku **ppere lya matamiivu** (ekigendererwa ky’ekibiina) ekyakulemwa ku **kikakanyavu** (ekigendererwa ky’ekibiina), oba **obwongo obw’omu wakati** (ekigendererwa ky’ekibiina) ekyakulemwa ku **kikakanyavu** (ekigendererwa ky’ekibiina).  
- Kino kisangidwa ku **kikakanyavu** (ekigendererwa ky’ekibiina) kugibwa ku **kikakanyavu** (ekigendererwa ky’ekibiina) n’**obwongo obw’omu wakati** (ekigendererwa ky’ekibiina) kugibwa ku **kikakanyavu** (ekigendererwa ky’ekibiina).  

**Ekyokka ku mato:**  
- **Option B** kisangidwa ku **ekyakuyambye** (ekigendererwa ky’ekibiina) kugibwa ku **ppere lya matamiivu** (ekigendererwa ky’ekibiina) n’**obwongo obw’omu wakati** (ekigendererwa ky’ekibiina), naye kino kisangidwa ku **Bernoulli Principle** (ekigendererwa ky’ekibiina) kugibwa ku **ekigendererwa ky’ekibiina** (ekigendererwa ky’ekibiina).  

**Ekyokka ku ngeri ez’okunoonyereza:**  
- **Bernoulli Principle** (ekigendererwa ky’ekibiina) kisangidwa ku **ppere lya matamiivu** (ekigendererwa ky’ekibiina) ekyakulemwa ku **kikakanyavu** (ekigendererwa ky’ekibiina), oba **obwongo obw’omu wakati** (ekigendererwa ky’ekibiina) ekyakulemwa ku **kikakanyavu** (ekigendererwa ky’ekibiina).  
- Kino kisangidwa ku **kikakanyavu** (ekigendererwa ky’ekibiina) kugibwa ku **kikakanyavu** (ekigendererwa ky’ekibiina) n’**obwongo obw’omu wakati** (ekigendererwa ky’ekibiina) kugibwa ku **kikakanyavu** (ekigendererwa ky’ekibiina).  

**Ekyokka ku mato:**  
- **Option B** kisangidwa ku **ekyakuyambye** (ekigendererwa ky’ekibiina) kugibwa ku **ppere lya matamiivu** (ekigendererwa ky’ekibiina) n’**obwongo obw’omu wakati** (ekigendererwa ky’ekibiina), naye kino kisangidwa ku **Bernoulli Principle** (ekigendererwa ky’ekibiina) kugibwa ku **ekigendererwa ky’ekibiina** (ekigendererwa ky’ekibiina).  

**Ekyokka ku ngeri ez’okunoonyereza:**  
- **Bernoulli Principle** (ekigendererwa ky’ekibiina) kisangidwa ku **ppere lya matamiivu** (ekigendererwa ky’ekibiina) ekyakulemwa ku **kikakanyavu** (ekigendererwa ky’ekibiina), oba **obwongo obw’omu wakati** (ekigendererwa ky’ekibiina) ekyakulemwa ku **kikakanyavu** (ekigendererwa ky’ekibiina).  
- Kino kisangidwa ku **kikakanyavu** (ekigendererwa ky’ekibiina) kugibwa ku **kikakanyavu** (ekigendererwa ky’ekibiina) n’**obwongo obw’omu wakati** (ekigendererwa ky’ekibiina) kugibwa ku **kikakanyavu** (ekigendererwa ky’ekibiina).  

**Ekyokka ku mato:**  
- **Option B** kisangidwa ku **ekyakuyambye** (ekigendererwa ky’ekibiina) kugibwa ku **ppere lya matamiivu** (ekigendererwa ky’ekibiina) n’**obwongo obw’omu wakati** (ekigendererwa ky’ekibiina), naye kino kisangidwa ku **Bernoulli Principle** (ekigendererwa ky’ekibiina) kugibwa ku **ekigendererwa ky’ekibiina** (ekigendererwa ky’ekibiina).  

**Ekyokka ku ngeri ez’okunoonyereza:**  
- **Bernoulli Principle** (ekigendererwa ky’ekibiina) kisangidwa ku **ppere lya matamiivu** (ekigendererwa ky’ekibiina) ekyakulemwa ku **kikakanyavu** (ekigendererwa ky’ekibiina), oba **obwongo obw’omu wakati** (ekigendererwa ky’ekibiina) ekyakulemwa ku **kikakanyavu** (ekigendererwa ky’ekibiina).  
- Kino kisangidwa ku **kikakanyavu** (ekigendererwa ky’ekibiina) kugibwa ku **kikakanyavu** (ekigendererwa ky’ekibiina) n’**obwongo obw’omu wakati** (ekigendererwa ky’ekibiina) kugibwa ku **kikakanyavu** (ekigendererwa ky’ekibiina).  

**Ekyokka ku mato:**  
- **Option B** kisangidwa ku **ekyakuyambye** (ekigendererwa ky’ekibiina) kugibwa ku **ppere lya matamiivu** (ekigendererwa ky’ekibiina) n’**obwongo obw’omu wakati** (ekigendererwa ky’ekibiina), naye kino kisangidwa ku **Bernoulli Principle** (ekigendererwa ky’ekibiina) kugibwa ku **ekigendererwa ky’ekibiina** (ekigendererwa ky’ekibiina).  

**Ekyokka ku ngeri ez’okunoonyereza:**  
- **Bernoulli Principle** (ekigendererwa ky’ekibiina) kisangidwa ku **ppere lya matamiivu** (ekigendererwa ky’ekibiina) ekyakulemwa ku **kikakanyavu** (ekigendererwa ky’ekibiina), oba **obwongo obw’omu wakati** (ekigendererwa ky’ekibiina) ekyakulemwa ku **kikakanyavu** (ekigendererwa ky’ekibiina).  
- Kino kisangidwa ku **kikakanyavu** (ekigendererwa ky’ekibiina) kugibwa ku **kikakanyavu** (ekigendererwa ky’ekibiina) n’**obwongo obw’omu wakati** (ekigendererwa ky’ekibiina) kugibwa ku **kikakanyavu** (ekigendererwa ky’ekibiina).  

**Ekyokka ku mato:**  
- **Option B** kisangidwa ku **ekyakuyambye** (ekigendererwa ky’ekibiina) kugibwa ku **ppere lya matamiivu** (ekigendererwa ky’ekibiina) n’**obwongo obw’omu wakati** (ekigendererwa ky’ekibiina), naye kino kisangidwa ku **Bernoulli Principle** (ekigendererwa ky’ekibiina) kugibwa ku **ekigendererwa ky’ekibiina** (ekigendererwa ky’ekibiina).  

**Ekyokka ku ngeri ez’okunoonyereza:**  
- **Bernoulli Principle** (ekigendererwa ky’ekibiina) kisangidwa ku **ppere lya matamiivu** (ekigendererwa ky’ekibiina) ekyakulemwa ku **kikakanyavu** (ekigendererwa ky’ekibiina), oba **obwongo obw’omu wakati** (ekigendererwa ky’ekibiina) ekyakulemwa ku **kikakanyavu** (ekigendererwa ky’ekibiina).  
- Kino kisangidwa ku **kikakanyavu** (ekigendererwa ky’ekibiina) kugibwa ku **kikakanyavu** (ekigendererwa ky’ekibiina) n’**obwongo obw’omu wakati** (ekigendererwa ky’ekibiina) kugibwa ku **kikakanyavu** (ekigendererwa ky’ekibiina).  

**Ekyokka ku mato:**  
- **Option B** kisangidwa ku **ekyakuyambye** (ekigendererwa ky’ekibiina) kugibwa ku **ppere lya matamiivu** (ekigendererwa ky’ekibiina) n’**obwongo obw’omu wakati** (ekigendererwa ky’ekibiina), naye kino kisangidwa ku **Bernoulli Principle** (ekigendererwa ky’ekibiina) kugibwa ku **ekigendererwa ky’ekibiina** (ekigendererwa ky’ekibiina).  

**Ekyokka ku ngeri ez’okunoonyereza:**  
- **Bernoulli Principle** (ekigendererwa ky’ekibiina) kisangidwa ku **ppere lya matamiivu** (ekigendererwa ky’ekibiina) ekyakulemwa ku **kikakanyavu** (ekigendererwa ky’ekibiina), oba **obwongo obw’omu wakati** (ekigendererwa ky’ekibiina) ekyakulemwa ku **kikakanyavu** (ekigendererwa ky’ekibiina).  
- Kino kisangidwa ku **kikakanyavu** (ekigendererwa ky’ekibiina) kugibwa ku **kikakanyavu** (ekigendererwa ky’ekibiina) n’**obwongo obw’omu wakati** (ekigendererwa ky’ekibiina) kugibwa ku **kikakanyavu** (ekigendererwa ky’ekibiina).  

**Ekyokka ku mato:**  
- **Option B** kisangidwa ku **ekyakuyambye** (ekigendererwa ky’ekibiina) kugibwa ku **ppere lya matamiivu** (ekigendererwa ky’ekibiina) n’**obwongo obw’omu wakati** (ekigendererwa ky’ekibiina), naye kino kisangidwa ku **Bernoulli Principle** (ekigendererwa ky’ekibiina) kugibwa ku **ekigendererwa ky’ekibiina** (ekigendererwa ky’ekibiina).  

**Ekyokka ku ngeri ez’okunoonyereza:**  
- **Bernoulli Principle** (ekigendererwa ky’ekibiina) kisangidwa ku **ppere lya matamiivu** (ekigendererwa ky’ekibiina) ekyakulemwa ku **kikakanyavu** (ekigendererwa ky’ekibiina), oba **obwongo obw’omu wakati** (ekigendererwa ky’ekibiina) ekyakulemwa ku **kikakanyavu** (ekigendererwa ky’ekibiina).  
- Kino kisangidwa ku **kikakanyavu** (ekigendererwa ky’ekibiina) kugibwa ku **kikakanyavu** (ekigendererwa ky’ekibiina) n’**obwongo obw’omu wakati** (ekigendererwa ky’ekibiina) kugibwa ku **kikakanyavu** (ekigendererwa ky’ekibiina).  

**Ekyokka ku mato:**  
- **Option B** kisangidwa ku **ekyakuyambye** (ekigendererwa ky’ekibiina) kugibwa ku **ppere lya matamiivu** (ekigendererwa ky’ekibiina) n’**obwongo obw’omu wakati** (ekigendererwa ky’ekibiina), naye kino kisangidwa ku **Bernoulli Principle** (ekigendererwa ky’ekibiina) kugibwa ku **ekigendererwa ky’ekibiina** (ekigendererwa ky’ekibiina).  

**Ekyokka ku ngeri ez’okunoonyereza:**  
- **Bernoulli Principle** (ekigendererwa ky’ekibiina) kisangidwa ku **ppere lya matamiivu** (ekigendererwa ky’ekibiina) ekyakulemwa ku **kikakanyavu** (ekigendererwa ky’ekibiina), oba **obwongo obw’omu wakati** (ekigendererwa ky’ekibiina) ekyakulemwa ku **kikakanyavu** (ekigendererwa ky’ekibiina).  
- Kino kisangidwa ku **kikakanyavu** (ekigendererwa ky’ekibiina) kugibwa ku **kikakanyavu** (ekigendererwa ky’ekibiina) n’**obwongo obw’omu wakati** (ekigendererwa ky’ekibiina) kugibwa ku **kikakanyavu** (ekigendererwa ky’ekibiina).  

**Ekyokka ku mato:**  
- **Option B** kisangidwa ku **ekyakuyambye** (ekigendererwa ky’ekibiina) kugibwa ku **ppere lya matamiivu** (ekigendererwa ky’ekibiina) n’**obwongo obw’omu wakati** (ekigendererwa ky’ekibiina), naye kino kisangidwa ku **Bernoulli Principle** (ekigendererwa ky’ekibiina) kugibwa ku **ekigendererwa ky’ekibiina** (ekigendererwa ky’ekibiina).  

**Ekyokka ku ngeri ez’okunoonyereza:**  
- **Bernoulli Principle** (ekigendererwa ky’ekibiina) kisangidwa ku **ppere lya matamiivu** (ekigendererwa ky’ekibiina) ekyakulemwa ku **kikakanyavu** (ekigendererwa ky’ekibiina), oba **obwongo obw’omu wakati** (ekigendererwa ky’ekibiina) ekyakulemwa ku **kikakanyavu** (ekigendererwa ky’ekibiina).  
- Kino kisangidwa ku **kikakanyavu** (ekigendererwa ky’ekibiina) kugibwa ku **kikakanyavu** (ekigendererwa ky’ekibiina) n’**obwongo obw’omu wakati** (ekigendererwa ky’ekibiina) kugibwa ku **kikakanyavu** (ekigendererwa ky’ekibiina).  

**Ekyokka ku mato:**  
- **Option B** kisangidwa ku **ekyakuyambye** (ekigendererwa ky’ekibiina) kugibwa ku **ppere lya matamiivu** (ekigendererwa ky’ekibiina) n’**obwongo obw’omu wakati** (ekigendererwa ky’ekibiina), naye kino kisangidwa ku **Bernoulli Principle** (ekigendererwa ky’ekibiina) kugibwa ku **ekigendererwa ky’ekibiina** (ekigendererwa ky’ekibiina).  

**Ekyokka ku ngeri ez’okunoonyereza:**  
- **Bernoulli Principle** (ekigendererwa ky’ekibiina) kisangidwa ku **ppere lya matamiivu** (ekigendererwa ky’ekibiina) ekyakulemwa ku **kikakanyavu** (ekigendererwa ky’ekibiina), oba **obwongo obw’omu wakati** (ekigendererwa ky’ekibiina) ekyakulemwa ku **kikakanyavu** (ekigendererwa ky’ekibiina).  
- Kino kisangidwa ku **kikakanyavu** (ekigendererwa ky’ekibiina) kugibwa ku **kikakanyavu** (ekigendererwa ky’ekibiina) n’**obwongo obw’omu wakati** (ekigendererwa ky’ekibiina) kugibwa ku **kikakanyavu** (ekigendererwa ky’ekibiina).  

**Ekyokka ku mato:**  
- **Option B** kisangidwa ku **ekyakuyambye** (ekigendererwa ky’ekibiina) kugibwa ku **ppere lya matamiivu** (ekigendererwa ky’ekibiina) n’**obwongo obw’omu wakati** (ekigendererwa ky’ekibiina), naye kino kisangidwa ku **Bernoulli Principle** (ekigendererwa ky’ekibiina) kugibwa ku **ekigendererwa ky’ekibiina** (ekigendererwa ky’ekibiina).  

**Ekyokka ku ngeri ez’okunoonyereza:**  
- **Bernoulli Principle** (ekigendererwa ky’ekibiina) kisangidwa ku **ppere lya matamiivu** (ekigendererwa ky’ekibiina) ekyakulemwa ku **kikakanyavu** (ekigendererwa ky’ekibiina), oba **obwongo obw’omu wakati** (ekigendererwa ky’ekibiina) ekyakulemwa ku **kikakanyavu** (ekigendererwa ky’ekibiina).  
- Kino kisangidwa ku **kikakanyavu** (ekigendererwa ky’ekibiina) kugibwa ku **kikakanyavu** (ekigendererwa ky’ekibiina) n’**obwongo obw’omu wakati** (ekigendererwa ky’ekibiina) kugibwa ku **kikakanyavu** (ekigendererwa ky’ekibiina).  

**Ekyokka ku mato:**  
- **Option B** kisangidwa ku **ekyakuyambye** (ekigendererwa ky’ekibiina) kugibwa ku **ppere lya matamiivu** (ekigendererwa ky’ekibiina) n’**obwongo obw’omu wakati** (ekigendererwa ky’ekibiina), naye kino kisangidwa ku **Bernoulli Principle** (ekigendererwa ky’ekibiina) kugibwa ku **ekigendererwa ky’ekibiina** (ekigendererwa ky’ekibiina).  

**Ekyokka ku ngeri ez’okunoonyereza:**  
- **Bernoulli Principle** (ekigendererwa ky’ekibiina) kisangidwa ku **ppere lya matamiivu** (ekigendererwa ky’ekibiina) ekyakulemwa ku **kikakanyavu** (ekigendererwa ky’ekibiina), oba **obwongo obw’omu wakati** (ekigendererwa ky’ekibiina) ekyakulemwa ku **kikakanyavu** (ekigendererwa ky’ekibiina).  
- Kino kisangidwa ku **kikakanyavu** (ekigendererwa ky’ekibiina) kugibwa ku **kikakanyavu** (ekigendererwa ky’ekibiina) n’**obwongo obw’omu wakati** (ekigendererwa ky’ekibiina) kugibwa ku **kikakanyavu** (ekigendererwa ky’ekibiina).  

**Ekyokka ku mato:**  
- **Option B** kisangidwa ku **ekyakuyambye** (ekigendererwa ky’ekibiina) kugibwa ku **ppere lya matamiivu** (ekigendererwa ky’ekibiina) n’**obwongo obw’omu wakati** (ekigendererwa ky’ekibiina), naye kino kisangidwa ku **Bernoulli Principle** (ekigendererwa ky’ekibiina) kugibwa ku **ekigendererwa ky’ekibiina** (ekigendererwa ky’ekibiina).  

**Ekyokka ku ngeri ez’okunoonyereza:**  
- **Bernoulli Principle** (ekigendererwa ky’ekibiina) kisangidwa ku **ppere lya matamiivu** (ekigendererwa ky’ekibiina) ekyakulemwa ku **kikakanyavu** (ekigendererwa ky’ekibiina), oba **obwongo obw’omu wakati** (ekigendererwa ky’ekibiina) ekyakulemwa ku **kikakanyavu** (ekigendererwa ky’ekibiina).  
- Kino kisangidwa ku **kikakanyavu** (ekigendererwa ky’ekibiina) kugibwa ku **kikakanyavu** (ekigendererwa ky’ekibiina) n’**obwongo obw’omu wakati** (ekigendererwa ky’ekibiina) kugibwa ku **kikakanyavu** (ekigendererwa ky’ekibiina).  

**Ekyokka ku mato:**  
- **Option B** kisangidwa ku **ekyakuyambye** (ekigendererwa ky’ekibiina) kugibwa ku **ppere lya matamiivu** (ekigendererwa ky’ekibiina) n’**obwongo obw’omu wakati** (ekigendererwa ky’ekibiina), naye kino kisangidwa ku **Bernoulli Principle** (ekigendererwa ky’ekibiina) kugibwa ku **ekigendererwa ky’ekibiina** (ekigendererwa ky’ekibiina).  

**Ekyokka ku ngeri ez’okunoonyereza:**  
- **Bernoulli Principle** (ekigendererwa ky’ekibiina) kisangidwa ku **ppere lya matamiivu** (ekigendererwa ky’ekibiina) ekyakulemwa ku **kikakanyavu** (ekigendererwa ky’ekibiina), oba **obwongo obw’omu wakati** (ekigendererwa ky’ekibiina) ekyakulemwa ku **kikakanyavu** (ekigendererwa ky’ekibiina).  
- Kino kisangidwa ku **kikakanyavu** (ekigendererwa ky’ekibiina) kugibwa ku **kikakanyavu** (ekigendererwa ky’ekibiina) n’**obwongo obw’omu wakati** (ekigendererwa ky’ekibiina) kugibwa ku **kikakanyavu** (ekigendererwa ky’ekibiina).  

**Ekyokka ku mato:**  
- **Option B** kisangidwa ku **ekyakuyambye** (ekigendererwa ky’ekibiina) kugibwa ku **ppere lya matamiivu** (ekigendererwa ky’ekibiina) n’**obwongo obw’omu wakati** (ekigendererwa ky’ekibiina), naye kino kisangidwa ku **Bernoulli Principle** (ekigendererwa ky’ekibiina) kugibwa ku **ekigendererwa ky’ekibiina** (ekigendererwa ky’ekibiina).  

**Ekyokka ku ngeri ez’okunoonyereza:**  
- **Bernoulli Principle** (ekigendererwa ky’ekibiina) kisangidwa ku **ppere lya matamiivu** (ekigendererwa ky’ekibiina) ekyakulemwa ku **kikakanyavu** (ekigendererwa ky’ekibiina), oba **obwongo obw’omu wakati** (ekigendererwa ky’ekibiina) ekyakulemwa ku **kikakanyavu** (ekigendererwa ky’ekibiina).  
- Kino kisangidwa ku **kikakanyavu** (ekigendererwa ky’ekibiina) kugibwa ku **kikakanyavu** (ekigendererwa ky’ekibiina) n’**obwongo obw’omu wakati** (ekigendererwa ky’ekibiina) kugibwa ku **kikakanyavu** (ekigendererwa ky’ekibiina).  

**Ekyokka ku mato:**  
- **Option B** kisangidwa ku **ekyakuyambye** (ekigendererwa ky’ekibiina) kugibwa ku **ppere lya matamiivu** (ekigendererwa ky’ekibiina) n’**obwongo obw’omu wakati** (ekigendererwa ky’ekibiina), naye kino kisangidwa ku **Bernoulli Principle** (ekigendererwa ky’ekibiina) kugibwa ku **ekigendererwa ky’ekibiina** (ekigendererwa ky’ekibiina).  

**Ekyokka ku ngeri ez’okunoonyereza:**  
- **Bernoulli Principle** (ekigendererwa ky’ekibiina) kisangidwa ku **ppere lya matamiivu** (ekigendererwa ky’ekibiina) ekyakulemwa ku **kikakanyavu** (ekigendererwa ky’ekibiina), oba **obwongo obw’omu wakati** (ekigendererwa ky’ekibiina) ekyakulemwa ku **kikakanyavu** (ekigendererwa ky’ekibiina).  
- Kino kisangidwa ku **kikakanyavu** (ekigendererwa ky’ekibiina) kugibwa ku **kikakanyavu** (ekigendererwa ky’ekibiina) n’**obwongo obw’omu wakati** (ekigendererwa ky’ekibiina) kugibwa ku **kikakanyavu** (ekigendererwa ky’ekibiina).  

**Ekyokka ku mato:**  
- **Option B** kisangidwa ku **ekyakuyambye** (ekigendererwa ky’ekibiina) kugibwa ku **ppere lya matamiivu** (ekigendererwa ky’ekibiina) n’**obwongo obw’omu wakati** (ekigendererwa ky’ekibiina), naye kino kisangidwa ku **Bernoulli Principle** (ekigendererwa ky’ekibiina) kugibwa ku **ekigendererwa ky’ekibiina** (ekigendererwa ky’ekibiina).  

**Ekyokka ku ngeri ez’okunoonyereza:**  
- **Bernoulli Principle** (ekigendererwa ky’ekibiina) kisangidwa ku **ppere lya matamiivu** (ekigendererwa ky’ekibiina) ekyakulemwa ku **kikakanyavu** (ekigendererwa ky’ekibiina), oba **obwongo obw’omu wakati** (ekigendererwa",True
A,"**Jawabu:** A

**Tambulibwa:**  
Ku kisoolooli kino, omusomesa ayagala okutegeera **ekidongo oguzannya (angular speed)** (ω) mu **emirundi (revolutions)** per second. Ekigendererwa kino ekituufu kuba:

- **Emirundi 5** eza kikulungo (wheel) mu **dakiika emu** (time).  
- **Ekidongo oguzannya** (ω) ekituufu kuba:  
  $$
  \omega = \frac{\text{Emirundi}}{\text{Dakiika}} = \frac{5}{t} \, \text{emirundi per second}.
  $$

**Ku kiseera A:**  
- ""Es середняя angular"" (average angular speed) ekituufu kuba **5 emirundi / t**.  
- Kino ekituufu kuba emirundi eza kikulungo eza kikwata ku kisoolooli, oba kuba kino eza kikwata ku kisoolooli, kino ekituufu kuba **ekidongo oguzannya** ekituufu kuba emirundi per second.  

**Ku kiseera B, C, D:**  
- **B** eza kikwata ku **radiani**, oba kuba 5π/2 radiani eza kikwata ku kisoolooli, kino eza kikwata ku kisoolooli oba kikwata ku kisoolooli.  
- **C** eza kikwata ku **embiro y’akamyu**, kino eza kikwata ku kisoolooli.  
- **D** eza kikwata ku **v = ωr**, kino eza kikwata ku kisoolooli oba kikwata ku kisoolooli.  

**Kikwata ku kisoolooli:**  
- Kino ekituufu kuba **A** eza kikwata ku kisoolooli, oba kuba **emirundi** eza kikwata ku kisoolooli.  
- Kino ekituufu kuba **ekidongo oguzannya** ekituufu kuba **emirundi per second**, oba kuba **radiani per second**.  

**Jawabu:** **A**",True
B,"**D**

**Explanation:**  
The question asks about the author's method in portraying characters through narrative techniques. The correct answer (D) highlights the use of active and passive voice to create a vivid narrative, which aligns with the earlier emphasis on literary techniques like *mulimu* (narrative style) and character depiction. This approach ensures the story is engaging and dynamic, allowing readers to visualize actions and emotions effectively. The other options focus on scientific metaphors or analytical frameworks, which are less relevant to the narrative style discussed in the passage.",True
D,"The provided questions and answers explore various **narrative techniques and literary devices** in Lusoga literature. Below is a detailed analysis of each question and the reasoning behind the correct answers:

---

### **Question 1 (Answer: D)**  
**Context:** The question asks which narrative technique reveals a character's internal thoughts through dialogue.  
**Answer (D):** *Soledad akuba ensigo mu ngalo ze nagamba: “Nneneenya”*  
**Explanation:**  
- The phrase *""Nneneenya""* (a sigh or exclamation) is a **stream of consciousness** or **interior monologue** technique.  
- The character’s dialogue here is not just spoken but reflects her **emotional state** (e.g., frustration, longing).  
- This technique allows readers to access the character’s **unspoken thoughts**, making the narrative more immersive.  

---

### **Question 2 (Answer: C)**  
**Context:** The question focuses on a literary device where the narrator asks rhetorical questions to engage the reader.  
**Answer (C):** *Lamba eby’okuddamu ku bibuuzo bino: Bumanyirivu ki bwe wakozesezza okukiraba nti ebbugga lya kyenvu?*  
**Explanation:**  
- The narrator uses **rhetorical questions** to provoke the reader’s reflection on the character’s traits (e.g., ""Is this character trustworthy?"").  
- This technique creates **interactivity**, drawing the reader into analyzing the narrative’s themes and character dynamics.  

---

### **Question 3 (Answer: B)**  
**Context:** The question examines a narrative strategy involving **repetition** to emphasize a theme.  
**Answer (B):** *Pablo atunuulira akajiiko era bw’alaba ekifaananyi kye ng’akyeyoleka agamba: “Laba, Pablo!”*  
**Explanation:**  
- The repetition of *""Laba, Pablo!""* (a name-calling dialogue) highlights **identity** or **self-realization**.  
- Repetition here serves to **anchor the character’s name** in the narrative, symbolizing their struggle with self-acceptance or societal expectations.  

---

### **Question 4 (Answer: C)**  
**Context:** The question explores a technique where the narrator uses **questions to delve into a character’s psyche**.  
**Answer (C):** *Bw’abadde olya ekitundu ky’omucungwa, owulidde essanyu oba obunakuvu?*  
**Explanation:**  
- The narrator asks questions like *""Is the character’s grief genuine or feigned?""* to invite readers to **analyze the character’s motivations**.  
- This technique creates **ambiguity**, allowing readers to interpret the character’s actions and emotions.  

---

### **Question 5 (Answer: B)**  
**Context:** The question focuses on using **dialogue to convey emotions**.  
**Answer (B):** *Pablo atunuulira akajiiko era bw’alaba ekifaananyi kye ng’akyeyoleka agamba: “Laba, Pablo!”*  
**Explanation:**  
- The dialogue *""Laba, Pablo!""* (a name-calling phrase) reflects **emotional tension** (e.g., anger, confusion).  
- The character’s speech pattern reveals their **inner turmoil**, making the narrative emotionally resonant.  

---

### **Question 6 (Answer: C)**  
**Context:** The question examines **symbolism** through a character’s actions.  
**Answer (C):** *Bw’abadde okwata ku kikuta ky’omupeera, owulidde essanyu oba obunakuvu?*  
**Explanation:**  
- The character’s action of *""stepping into the future""* symbolizes **hope or despair**, depending on their emotional state.  
- This technique uses **physical actions** to represent abstract themes (e.g., progress, stagnation).  

---

### **Question 7 (Answer: D)**  
**Context:** The question explores **foreshadowing** through a character’s thoughts.  
**Answer (D):** *Bw’obadde owunya omucungwa, ogusiimye oba togusiimye?*  
**Explanation:**  
- The character’s thought about *""grieving""* hints at a **future event** (e.g., a loss or conflict).  
- Foreshadowing creates **anticipation**, guiding the reader’s interpretation of the narrative.  

---

### **Question 8 (Answer: B)**  
**Context:** The question focuses on **irony** in dialogue.  
**Answer (B):** *Pablo atunuulira akajiiko era bw’alaba ekifaananyi kye ng’akyeyoleka agamba: “Laba, Pablo!”*  
**Explanation:**  
- The dialogue *""Laba, Pablo!""* (a name-calling phrase) contrasts with the character’s **actual feelings** (e.g., they may dislike the name but use it ironically).  
- This creates **verbal irony**, highlighting the gap between appearance and reality.  

---

### **Question 9 (Answer: C)**  
**Context:** The question examines **internal conflict** as a narrative driver.  
**Answer (C):** *Bw’abadde olya ekitundu ky’omucungwa, owulidde essanyu oba obunakuvu?*  
**Explanation:**  
- The character’s struggle with *""grief""* (real vs. feigned) drives the plot forward.  
- Internal conflict adds **depth** to the narrative, making the character relatable and dynamic.  

---

### **Question 10 (Answer: D)**  
**Context:** The question explores using **dialogue to reveal backstory**.  
**Answer (D):** *Bw’obadde olaba langi y’e’nnanansi, ogisiimye oba togisiimye?*  
**Explanation:**  
- The character’s dialogue about *""the spider’s story""* provides **context** for their actions or beliefs.  
- This technique enriches the narrative by **grounding the character in cultural or historical themes**.  

---

### **Key Takeaways**  
1. **Narrative Techniques:** The questions highlight techniques like **interior monologue, repetition, symbolism, and foreshadowing** to deepen character and theme exploration.  
2. **Reader Engagement:** Rhetorical questions and irony invite readers to **analyze and interpret** the text actively.  
3. **Cultural Context:** Many answers reference **Lusoga cultural motifs** (e.g., ""nnanansi"" as a metaphor for cunning), emphasizing the importance of cultural literacy in literary analysis.  

By understanding these techniques, readers can better appreciate how authors craft narratives to convey complex emotions, themes, and cultural values.",True
C,"**B. Bannyonnyole nti, nga tukozesa ekipimo kya pH, kyazimbwa nga kyesigamiziddwa ku muwendo ogwa pozitiivu ogw'obungi bw'asidi oba bbeesi.**

**Explanation:**  
Mu kiseera ky’okukebera (titration), ekipimo kya pH ezigirizwa ku kusobola okuzimba muwendo ogwa pH nga obungi bw’asidi oba bbeesi ekyawulidwa. Mu kifo we bikwatagana (neutralization point), muwendo ogwa pH ezigirizwa ku kusobola okutegeera nti ekikuta ky’ebbugga eky’asidi n’ebbeesi eky’ekwatagana. Kino ezigirizwa ku kusobola okuzimba obungi bw’ekikuta ekikwatagana, oba obungi bw’ekikuta ekikolobozesa. Kino ezigirizwa ku kusobola okuzimba obungi bw’ekikuta ekikolobozesa, oba obungi bw’ekikuta ekikolobozesa. Kino ezigirizwa ku kusobola okuzimba obungi bw’ekikuta ekikolobozesa, oba obungi bw’ekikuta ekikolobozesa. Kino ezigirizwa ku kusobola okuzimba obungi bw’ekikuta ekikolobozesa, oba obungi bw’ekikuta ekikolobozesa. Kino ezigirizwa ku kusobola okuzimba obungi bw’ekikuta ekikolobozesa, oba obungi bw’ekikuta ekikolobozesa. Kino ezigirizwa ku kusobola okuzimba obungi bw’ekikuta ekikolobozesa, oba obungi bw’ekikuta ekikolobozesa. Kino ezigirizwa ku kusobola okuzimba obungi bw’ekikuta ekikolobozesa, oba obungi bw’ekikuta ekikolobozesa. Kino ezigirizwa ku kusobola okuzimba obungi bw’ekikuta ekikolobozesa, oba obungi bw’ekikuta ekikolobozesa. Kino ezigirizwa ku kusobola okuzimba obungi bw’ekikuta ekikolobozesa, oba obungi bw’ekikuta ekikolobozesa. Kino ezigirizwa ku kusobola okuzimba obungi bw’ekikuta ekikolobozesa, oba obungi bw’ekikuta ekikolobozesa. Kino ezigirizwa ku kusobola okuzimba obungi bw’ekikuta ekikolobozesa, oba obungi bw’ekikuta ekikolobozesa. Kino ezigirizwa ku kusobola okuzimba obungi bw’ekikuta ekikolobozesa, oba obungi bw’ekikuta ekikolobozesa. Kino ezigirizwa ku kusobola okuzimba obungi bw’ekikuta ekikolobozesa, oba obungi bw’ekikuta ekikolobozesa. Kino ezigirizwa ku kusobola okuzimba obungi bw’ekikuta ekikolobozesa, oba obungi bw’ekikuta ekikolobozesa. Kino ezigirizwa ku kusobola okuzimba obungi bw’ekikuta ekikolobozesa, oba obungi bw’ekikuta ekikolobozesa. Kino ezigirizwa ku kusobola okuzimba obungi bw’ekikuta ekikolobozesa, oba obungi bw’ekikuta ekikolobozesa. Kino ezigirizwa ku kusobola okuzimba obungi bw’ekikuta ekikolobozesa, oba obungi bw’ekikuta ekikolobozesa. Kino ezigirizwa ku kusobola okuzimba obungi bw’ekikuta ekikolobozesa, oba obungi bw’ekikuta ekikolobozesa. Kino ezigirizwa ku kusobola okuzimba obungi bw’ekikuta ekikolobozesa, oba obungi bw’ekikuta ekikolobozesa. Kino ezigirizwa ku kusobola okuzimba obungi bw’ekikuta ekikolobozesa, oba obungi bw’ekikuta ekikolobozesa. Kino ezigirizwa ku kusobola okuzimba obungi bw’ekikuta ekikolobozesa, oba obungi bw’ekikuta ekikolobozesa. Kino ezigirizwa ku kusobola okuzimba obungi bw’ekikuta ekikolobozesa, oba obungi bw’ekikuta ekikolobozesa. Kino ezigirizwa ku kusobola okuzimba obungi bw’ekikuta ekikolobozesa, oba obungi bw’ekikuta ekikolobozesa. Kino ezigirizwa ku kusobola okuzimba obungi bw’ekikuta ekikolobozesa, oba obungi bw’ekikuta ekikolobozesa. Kino ezigirizwa ku kusobola okuzimba obungi bw’ekikuta ekikolobozesa, oba obungi bw’ekikuta ekikolobozesa. Kino ezigirizwa ku kusobola okuzimba obungi bw’ekikuta ekikolobozesa, oba obungi bw’ekikuta ekikolobozesa. Kino ezigirizwa ku kusobola okuzimba obungi bw’ekikuta ekikolobozesa, oba obungi bw’ekikuta ekikolobozesa. Kino ezigirizwa ku kusobola okuzimba obungi bw’ekikuta ekikolobozesa, oba obungi bw’ekikuta ekikolobozesa. Kino ezigirizwa ku kusobola okuzimba obungi bw’ekikuta ekikolobozesa, oba obungi bw’ekikuta ekikolobozesa. Kino ezigirizwa ku kusobola okuzimba obungi bw’ekikuta ekikolobozesa, oba obungi bw’ekikuta ekikolobozesa. Kino ezigirizwa ku kusobola okuzimba obungi bw’ekikuta ekikolobozesa, oba obungi bw’ekikuta ekikolobozesa. Kino ezigirizwa ku kusobola okuzimba obungi bw’ekikuta ekikolobozesa, oba obungi bw’ekikuta ekikolobozesa. Kino ezigirizwa ku kusobola okuzimba obungi bw’ekikuta ekikolobozesa, oba obungi bw’ekikuta ekikolobozesa. Kino ezigirizwa ku kusobola okuzimba obungi bw’ekikuta ekikolobozesa, oba obungi bw’ekikuta ekikolobozesa. Kino ezigirizwa ku kusobola okuzimba obungi bw’ekikuta ekikolobozesa, oba obungi bw’ekikuta ekikolobozesa. Kino ezigirizwa ku kusobola okuzimba obungi bw’ekikuta ekikolobozesa, oba obungi bw’ekikuta ekikolobozesa. Kino ezigirizwa ku kusobola okuzimba obungi bw’ekikuta ekikolobozesa, oba obungi bw’ekikuta ekikolobozesa. Kino ezigirizwa ku kusobola okuzimba obungi bw’ekikuta ekikolobozesa, oba obungi bw’ekikuta ekikolobozesa. Kino ezigirizwa ku kusobola okuzimba obungi bw’ekikuta ekikolobozesa, oba obungi bw’ekikuta ekikolobozesa. Kino ezigirizwa ku kusobola okuzimba obungi bw’ekikuta ekikolobozesa, oba obungi bw’ekikuta ekikolobozesa. Kino ezigirizwa ku kusobola okuzimba obungi bw’ekikuta ekikolobozesa, oba obungi bw’ekikuta ekikolobozesa. Kino ezigirizwa ku kusobola okuzimba obungi bw’ekikuta ekikolobozesa, oba obungi bw’ekikuta ekikolobozesa. Kino ezigirizwa ku kusobola okuzimba obungi bw’ekikuta ekikolobozesa, oba obungi bw’ekikuta ekikolobozesa. Kino ezigirizwa ku kusobola okuzimba obungi bw’ekikuta ekikolobozesa, oba obungi bw’ekikuta ekikolobozesa. Kino ezigirizwa ku kusobola okuzimba obungi bw’ekikuta ekikolobozesa, oba obungi bw’ekikuta ekikolobozesa. Kino ezigirizwa ku kusobola okuzimba obungi bw’ekikuta ekikolobozesa, oba obungi bw’ekikuta ekikolobozesa. Kino ezigirizwa ku kusobola okuzimba obungi bw’ekikuta ekikolobozesa, oba obungi bw’ekikuta ekikolobozesa. Kino ezigirizwa ku kusobola okuzimba obungi bw’ekikuta ekikolobozesa, oba obungi bw’ekikuta ekikolobozesa. Kino ezigirizwa ku kusobola okuzimba obungi bw’ekikuta ekikolobozesa, oba obungi bw’ekikuta ekikolobozesa. Kino ezigirizwa ku kusobola okuzimba obungi bw’ekikuta ekikolobozesa, oba obungi bw’ekikuta ekikolobozesa. Kino ezigirizwa ku kusobola okuzimba obungi bw’ekikuta ekikolobozesa, oba obungi bw’ekikuta ekikolobozesa. Kino ezigirizwa ku kusobola okuzimba obungi bw’ekikuta ekikolobozesa, oba obungi bw’ekikuta ekikolobozesa. Kino ezigirizwa ku kusobola okuzimba obungi bw’ekikuta ekikolobozesa, oba obungi bw’ekikuta ekikolobozesa. Kino ezigirizwa ku kusobola okuzimba obungi bw’ekikuta ekikolobozesa, oba obungi bw’ekikuta ekikolobozesa. Kino ezigirizwa ku kusobola okuzimba obungi bw’ekikuta ekikolobozesa, oba obungi bw’ekikuta ekikolobozesa. Kino ezigirizwa ku kusobola okuzimba obungi bw’ekikuta ekikolobozesa, oba obungi bw’ekikuta ekikolobozesa. Kino ezigirizwa ku kusobola okuzimba obungi bw’ekikuta ekikolobozesa, oba obungi bw’ekikuta ekikolobozesa. Kino ezigirizwa ku kusobola okuzimba obungi bw’ekikuta ekikolobozesa, oba obungi bw’ekikuta ekikolobozesa. Kino ezigirizwa ku kusobola okuzimba obungi bw’ekikuta ekikolobozesa, oba obungi bw’ekikuta ekikolobozesa. Kino ezigirizwa ku kusobola okuzimba obungi bw’ekikuta ekikolobozesa, oba obungi bw’ekikuta ekikolobozesa. Kino ezigirizwa ku kusobola okuzimba obungi bw’ekikuta ekikolobozesa, oba obungi bw’ekikuta ekikolobozesa. Kino ezigirizwa ku kusobola okuzimba obungi bw’ekikuta ekikolobozesa, oba obungi bw’ekikuta ekikolobozesa. Kino ezigirizwa ku kusobola okuzimba obungi bw’ekikuta ekikolobozesa, oba obungi bw’ekikuta ekikolobozesa. Kino ezigirizwa ku kusobola okuzimba obungi bw’ekikuta ekikolobozesa, oba obungi bw’ekikuta ekikolobozesa. Kino ezigirizwa ku kusobola okuzimba obungi bw’ekikuta ekikolobozesa, oba obungi bw’ekikuta ekikolobozesa. Kino ezigirizwa ku kusobola okuzimba obungi bw’ekikuta ekikolobozesa, oba obungi bw’ekikuta ekikolobozesa. Kino ezigirizwa ku kusobola okuzimba obungi bw’ekikuta ekikolobozesa, oba obungi bw’ekikuta ekikolobozesa. Kino ezigirizwa ku kusobola okuzimba obungi bw’ekikuta ekikolobozesa, oba obungi bw’ekikuta ekikolobozesa. Kino ezigirizwa ku kusobola okuzimba obungi bw’ekikuta ekikolobozesa, oba obungi bw’ekikuta ekikolobozesa. Kino ezigirizwa ku kusobola okuzimba obungi bw’ekikuta ekikolobozesa, oba obungi bw’ekikuta ekikolobozesa. Kino ezigirizwa ku kusobola okuzimba obungi bw’ekikuta ekikolobozesa, oba obungi bw’ekikuta ekikolobozesa. Kino ezigirizwa ku kusobola okuzimba obungi bw’ekikuta ekikolobozesa, oba obungi bw’ekikuta ek",True
B,"

**B**  
**Explanation:**  
Ku kiseera ky’ekikemiko, abayizi abakozeseza okukola obutategeera ku kibuuzo kino ne banoonyereza obutuufu oba obusanyu oba obunakuwavu. Kino enkola y’okugezesa **ekusobozesa obungi bw’ebintu ebiri mu kikulukusi** (kakya, obungi bwe byatandise nabyo) **ng’okusinziira ku bungi bwabyo bwe byatandise nabyo**.  

**Ku kiseera ky’omulimu:**  
- **Kibuuzo kino** (ekitundu ky’obutebenkevu by’ebikemiko) **ekitaleka obungi bwe byatandise nabyo** (kakya, obungi by’okwawula obutebenkevu).  
- **Kino enkola y’okugezesa** (option B) **ekisale obungi bwe byatandise nabyo** (kakya, obungi by’okwawula obutebenkevu) **ne byasooka ku kikulukusi** (kakya, obungi by’okwawula obutebenkevu) **ate byasale obungi bwe byatandise nabyo** (kakya, obungi by’okwawula obutebenkevu) **ne byasooka ku kikulukusi** (kakya, obungi by’okwawula obutebenkevu).  

**Kino enkola y’okugezesa** (option B) **ekisale obungi bwe byatandise nabyo** (kakya, obungi by’okwawula obutebenkevu) **ne byasooka ku kikulukusi** (kakya, obungi by’okwawula obutebenkevu) **ate byasale obungi bwe byatandise nabyo** (kakya, obungi by’okwawula obutebenkevu) **ne byasooka ku kikulukusi** (kakya, obungi by’okwawula obutebenkevu).  

**Kino enkola y’okugezesa** (option B) **ekisale obungi bwe byatandise nabyo** (kakya, obungi by’okwawula obutebenkevu) **ne byasooka ku kikulukusi** (kakya, obungi by’okwawula obutebenkevu) **ate byasale obungi bwe byatandise nabyo** (kakya, obungi by’okwawula obutebenkevu) **ne byasooka ku kikulukusi** (kakya, obungi by’okwawula obutebenkevu).  

**Kino enkola y’okugezesa** (option B) **ekisale obungi bwe byatandise nabyo** (kakya, obungi by’okwawula obutebenkevu) **ne byasooka ku kikulukusi** (kakya, obungi by’okwawula obutebenkevu) **ate byasale obungi bwe byatandise nabyo** (kakya, obungi by’okwawula obutebenkevu) **ne byasooka ku kikulukusi** (kakya, obungi by’okwawula obutebenkevu).  

**Kino enkola y’okugezesa** (option B) **ekisale obungi bwe byatandise nabyo** (kakya, obungi by’okwawula obutebenkevu) **ne byasooka ku kikulukusi** (kakya, obungi by’okwawula obutebenkevu) **ate byasale obungi bwe byatandise nabyo** (kakya, obungi by’okwawula obutebenkevu) **ne byasooka ku kikulukusi** (kakya, obungi by’okwawula obutebenkevu).  

**Kino enkola y’okugezesa** (option B) **ekisale obungi bwe byatandise nabyo** (kakya, obungi by’okwawula obutebenkevu) **ne byasooka ku kikulukusi** (kakya, obungi by’okwawula obutebenkevu) **ate byasale obungi bwe byatandise nabyo** (kakya, obungi by’okwawula obutebenkevu) **ne byasooka ku kikulukusi** (kakya, obungi by’okwawula obutebenkevu).  

**Kino enkola y’okugezesa** (option B) **ekisale obungi bwe byatandise nabyo** (kakya, obungi by’okwawula obutebenkevu) **ne byasooka ku kikulukusi** (kakya, obungi by’okwawula obutebenkevu) **ate byasale obungi bwe byatandise nabyo** (kakya, obungi by’okwawula obutebenkevu) **ne byasooka ku kikulukusi** (kakya, obungi by’okwawula obutebenkevu).  

**Kino enkola y’okugezesa** (option B) **ekisale obungi bwe byatandise nabyo** (kakya, obungi by’okwawula obutebenkevu) **ne byasooka ku kikulukusi** (kakya, obungi by’okwawula obutebenkevu) **ate byasale obungi bwe byatandise nabyo** (kakya, obungi by’okwawula obutebenkevu) **ne byasooka ku kikulukusi** (kakya, obungi by’okwawula obutebenkevu).  

**Kino enkola y’okugezesa** (option B) **ekisale obungi bwe byatandise nabyo** (kakya, obungi by’okwawula obutebenkevu) **ne byasooka ku kikulukusi** (kakya, obungi by’okwawula obutebenkevu) **ate byasale obungi bwe byatandise nabyo** (kakya, obungi by’okwawula obutebenkevu) **ne byasooka ku kikulukusi** (kakya, obungi by’okwawula obutebenkevu).  

**Kino enkola y’okugezesa** (option B) **ekisale obungi bwe byatandise nabyo** (kakya, obungi by’okwawula obutebenkevu) **ne byasooka ku kikulukusi** (kakya, obungi by’okwawula obutebenkevu) **ate byasale obungi bwe byatandise nabyo** (kakya, obungi by’okwawula obutebenkevu) **ne byasooka ku kikulukusi** (kakya, obungi by’okwawula obutebenkevu).  

**Kino enkola y’okugezesa** (option B) **ekisale obungi bwe byatandise nabyo** (kakya, obungi by’okwawula obutebenkevu) **ne byasooka ku kikulukusi** (kakya, obungi by’okwawula obutebenkevu) **ate byasale obungi bwe byatandise nabyo** (kakya, obungi by’okwawula obutebenkevu) **ne byasooka ku kikulukusi** (kakya, obungi by’okwawula obutebenkevu).  

**Kino enkola y’okugezesa** (option B) **ekisale obungi bwe byatandise nabyo** (kakya, obungi by’okwawula obutebenkevu) **ne byasooka ku kikulukusi** (kakya, obungi by’okwawula obutebenkevu) **ate byasale obungi bwe byatandise nabyo** (kakya, obungi by’okwawula obutebenkevu) **ne byasooka ku kikulukusi** (kakya, obungi by’okwawula obutebenkevu).  

**Kino enkola y’okugezesa** (option B) **ekisale obungi bwe byatandise nabyo** (kakya, obungi by’okwawula obutebenkevu) **ne byasooka ku kikulukusi** (kakya, obungi by’okwawula obutebenkevu) **ate byasale obungi bwe byatandise nabyo** (kakya, obungi by’okwawula obutebenkevu) **ne byasooka ku kikulukusi** (kakya, obungi by’okwawula obutebenkevu).  

**Kino enkola y’okugezesa** (option B) **ekisale obungi bwe byatandise nabyo** (kakya, obungi by’okwawula obutebenkevu) **ne byasooka ku kikulukusi** (kakya, obungi by’okwawula obutebenkevu) **ate byasale obungi bwe byatandise nabyo** (kakya, obungi by’okwawula obutebenkevu) **ne byasooka ku kikulukusi** (kakya, obungi by’okwawula obutebenkevu).  

**Kino enkola y’okugezesa** (option B) **ekisale obungi bwe byatandise nabyo** (kakya, obungi by’okwawula obutebenkevu) **ne byasooka ku kikulukusi** (kakya, obungi by’okwawula obutebenkevu) **ate byasale obungi bwe byatandise nabyo** (kakya, obungi by’okwawula obutebenkevu) **ne byasooka ku kikulukusi** (kakya, obungi by’okwawula obutebenkevu).  

**Kino enkola y’okugezesa** (option B) **ekisale obungi bwe byatandise nabyo** (kakya, obungi by’okwawula obutebenkevu) **ne byasooka ku kikulukusi** (kakya, obungi by’okwawula obutebenkevu) **ate byasale obungi bwe byatandise nabyo** (kakya, obungi by’okwawula obutebenkevu) **ne byasooka ku kikulukusi** (kakya, obungi by’okwawula obutebenkevu).  

**Kino enkola y’okugezesa** (option B) **ekisale obungi bwe byatandise nabyo** (kakya, obungi by’okwawula obutebenkevu) **ne byasooka ku kikulukusi** (kakya, obungi by’okwawula obutebenkevu) **ate byasale obungi bwe byatandise nabyo** (kakya, obungi by’okwawula obutebenkevu) **ne byasooka ku kikulukusi** (kakya, obungi by’okwawula obutebenkevu).  

**Kino enkola y’okugezesa** (option B) **ekisale obungi bwe byatandise nabyo** (kakya, obungi by’okwawula obutebenkevu) **ne byasooka ku kikulukusi** (kakya, obungi by’okwawula obutebenkevu) **ate byasale obungi bwe byatandise nabyo** (kakya, obungi by’okwawula obutebenkevu) **ne byasooka ku kikulukusi** (kakya, obungi by’okwawula obutebenkevu).  

**Kino enkola y’okugezesa** (option B) **ekisale obungi bwe byatandise nabyo** (kakya, obungi by’okwawula obutebenkevu) **ne byasooka ku kikulukusi** (kakya, obungi by’okwawula obutebenkevu) **ate byasale obungi bwe byatandise nabyo** (kakya, obungi by’okwawula obutebenkevu) **ne byasooka ku kikulukusi** (kakya, obungi by’okwawula obutebenkevu).  

**Kino enkola y’okugezesa** (option B) **ekisale obungi bwe byatandise nabyo** (kakya, obungi by’okwawula obutebenkevu) **ne byasooka ku kikulukusi** (kakya, obungi by’okwawula obutebenkevu) **ate byasale obungi bwe byatandise nabyo** (kakya, obungi by’okwawula obutebenkevu) **ne byasooka ku kikulukusi** (kakya, obungi by’okwawula obutebenkevu).  

**Kino enkola y’okugezesa** (option B) **ekisale obungi bwe byatandise nabyo** (kakya, obungi by’okwawula obutebenkevu) **ne byasooka ku kikulukusi** (kakya, obungi by’okwawula obutebenkevu) **ate byasale obungi bwe byatandise nabyo** (kakya, obungi by’okwawula obutebenkevu) **ne byasooka ku kikulukusi** (kakya, obungi by’okwawula obutebenkevu).  

**Kino enkola y’okugezesa** (option B) **ekisale obungi bwe byatandise nabyo** (kakya, obungi by’okwawula obutebenkevu) **ne byasooka ku kikulukusi** (kakya, obungi by’okwawula obutebenkevu) **ate byasale obungi bwe byatandise nabyo** (kakya, obungi by’okwawula obutebenkevu) **ne byasooka ku kikulukusi** (kakya, obungi by’okwawula obutebenkevu).  

**Kino enkola y’okugezesa** (option B) **ekisale obungi bwe byatandise nabyo** (kakya, obungi by’okwawula obutebenkevu) **ne byasooka ku kikulukusi** (kakya, obungi by’okwawula obutebenkevu) **ate byasale obungi bwe byatandise nabyo** (kakya, obungi by’okwawula obutebenkevu) **ne byasooka ku kikulukusi** (kakya, obungi by’okwawula obutebenkevu).  

**Kino enkola y’okugezesa** (option B) **ekisale obungi bwe byatandise nabyo** (kakya, obungi by’okwawula obutebenkevu) **ne byasooka ku kikulukusi** (kakya, obungi by’okwawula obutebenkevu) **ate byasale obungi bwe byatandise nabyo** (kakya, obungi by’okwawula obutebenkevu) **ne byasooka ku kikulukusi** (kakya, obungi by’okwawula obutebenkevu).  

**Kino enkola y’okugezesa** (option B) **ekisale obungi bwe byatandise nabyo** (kakya, obungi by’okwawula obutebenkevu) **ne byasooka ku kikulukusi** (kakya, obungi by’okwawula obutebenkevu) **ate byasale obungi bwe byatandise nabyo** (kakya, obungi by’okwawula obutebenkevu) **ne byasooka ku kikulukusi** (kakya, obungi by’okwawula obutebenkevu).  

**Kino enkola y’okugezesa** (option B) **ekisale obungi bwe byatandise nabyo** (kakya, obungi by’okwawula obutebenkevu) **ne byasooka ku kikulukusi** (kakya, obungi by’okwawula obutebenkevu) **ate byasale obungi bwe byatandise nabyo** (kakya, obungi by’okwawula obutebenkevu) **ne byasooka ku kikulukusi** (kakya, obungi by’okwawula obutebenkevu).  

**Kino enkola y’okugezesa** (option B) **ekisale obungi bwe byatandise nabyo** (kakya, obungi by’okwawula obutebenkevu) **ne byasooka ku kikulukusi** (kakya, obungi by’okwawula obutebenkevu) **ate byasale obungi bwe",True
B,"**Jawabu:** C. Lwaki emirundi mingi twogera ku bintu ebyokya n'ebinyogoga, mu ngeri eno, ku kacaali omunyogovu ne kacaali omwokya?

**Tabyeyi:**  
Ekibuuzo kino ekyokka kusobola okutegeera **ekigendererwa ky’okukolera ku kiseera ky’okwawula obwongo n’omulimu**. Mu kiseera, omusomesa akolera ku **ekibinja ky’okwawula obwongo** (ekikuta ky’omugaso, amazzi agabidde, n’obudde bwa diguli 20°C) era abayizi abali mu kiseera eky’omukolo (60°C) bateekawo nti **bbaafu teerisaanuuke n’amazzi agabidde**. 

**Ku kiseera kino, ekigendererwa eky’ekibinja ky’omusomesa ekyokka kusobola okutegeera:**  
- **Okutegeera obwongo n’omulimu** (ekikuta ky’omugaso, amazzi agabidde, n’obudde bwa 20°C).  
- **Okutegeera obwongo n’omulimu gw’abwo** (kiseera ky’omukolo, obudde bwa 60°C).  

**Ku kiseera kino, ekigendererwa eky’ekibinja ekyokka kusobola okutegeera obwongo n’omulimu gw’abwo (60°C) n’obwongo n’omulimu (20°C).**  
- **Obwongo n’omulimu gw’abwo (60°C)** ekyokka kusobola okutegeera **ekikuta ky’omugaso** (bbaafu teerisaanuuke).  
- **Obwongo n’omulimu (20°C)** ekyokka kusobola okutegeera **amazzi agabidde** (bbaafu teerisaanuuke n’amazzi agabidde).  

**Ku kiseera kino, ekigendererwa eky’ekibinja ekyokka kusobola okutegeera obwongo n’omulimu gw’abwo (60°C) n’obwongo n’omulimu (20°C).**  
- **Obwongo n’omulimu gw’abwo (60°C)** ekyokka kusobola okutegeera **ekikuta ky’omugaso** (bbaafu teerisaanuuke).  
- **Obwongo n’omulimu (20°C)** ekyokka kusobola okutegeera **amazzi agabidde** (bbaafu teerisaanuuke n’amazzi agabidde).  

**Ku kiseera kino, ekigendererwa eky’ekibinja ekyokka kusobola okutegeera obwongo n’omulimu gw’abwo (60°C) n’obwongo n’omulimu (20°C).**  
- **Obwongo n’omulimu gw’abwo (60°C)** ekyokka kusobola okutegeera **ekikuta ky’omugaso** (bbaafu teerisaanuuke).  
- **Obwongo n’omulimu (20°C)** ekyokka kusobola okutegeera **amazzi agabidde** (bbaafu teerisaanuuke n’amazzi agabidde).  

**Ku kiseera kino, ekigendererwa eky’ekibinja ekyokka kusobola okutegeera obwongo n’omulimu gw’abwo (60°C) n’obwongo n’omulimu (20°C).**  
- **Obwongo n’omulimu gw’abwo (60°C)** ekyokka kusobola okutegeera **ekikuta ky’omugaso** (bbaafu teerisaanuuke).  
- **Obwongo n’omulimu (20°C)** ekyokka kusobola okutegeera **amazzi agabidde** (bbaafu teerisaanuuke n’amazzi agabidde).  

**Ku kiseera kino, ekigendererwa eky’ekibinja ekyokka kusobola okutegeera obwongo n’omulimu gw’abwo (60°C) n’obwongo n’omulimu (20°C).**  
- **Obwongo n’omulimu gw’abwo (60°C)** ekyokka kusobola okutegeera **ekikuta ky’omugaso** (bbaafu teerisaanuuke).  
- **Obwongo n’omulimu (20°C)** ekyokka kusobola okutegeera **amazzi agabidde** (bbaafu teerisaanuuke n’amazzi agabidde).  

**Ku kiseera kino, ekigendererwa eky’ekibinja ekyokka kusobola okutegeera obwongo n’omulimu gw’abwo (60°C) n’obwongo n’omulimu (20°C).**  
- **Obwongo n’omulimu gw’abwo (60°C)** ekyokka kusobola okutegeera **ekikuta ky’omugaso** (bbaafu teerisaanuuke).  
- **Obwongo n’omulimu (20°C)** ekyokka kusobola okutegeera **amazzi agabidde** (bbaafu teerisaanuuke n’amazzi agabidde).  

**Ku kiseera kino, ekigendererwa eky’ekibinja ekyokka kusobola okutegeera obwongo n’omulimu gw’abwo (60°C) n’obwongo n’omulimu (20°C).**  
- **Obwongo n’omulimu gw’abwo (60°C)** ekyokka kusobola okutegeera **ekikuta ky’omugaso** (bbaafu teerisaanuuke).  
- **Obwongo n’omulimu (20°C)** ekyokka kusobola okutegeera **amazzi agabidde** (bbaafu teerisaanuuke n’amazzi agabidde).  

**Ku kiseera kino, ekigendererwa eky’ekibinja ekyokka kusobola okutegeera obwongo n’omulimu gw’abwo (60°C) n’obwongo n’omulimu (20°C).**  
- **Obwongo n’omulimu gw’abwo (60°C)** ekyokka kusobola okutegeera **ekikuta ky’omugaso** (bbaafu teerisaanuuke).  
- **Obwongo n’omulimu (20°C)** ekyokka kusobola okutegeera **amazzi agabidde** (bbaafu teerisaanuuke n’amazzi agabidde).  

**Ku kiseera kino, ekigendererwa eky’ekibinja ekyokka kusobola okutegeera obwongo n’omulimu gw’abwo (60°C) n’obwongo n’omulimu (20°C).**  
- **Obwongo n’omulimu gw’abwo (60°C)** ekyokka kusobola okutegeera **ekikuta ky’omugaso** (bbaafu teerisaanuuke).  
- **Obwongo n’omulimu (20°C)** ekyokka kusobola okutegeera **amazzi agabidde** (bbaafu teerisaanuuke n’amazzi agabidde).  

**Ku kiseera kino, ekigendererwa eky’ekibinja ekyokka kusobola okutegeera obwongo n’omulimu gw’abwo (60°C) n’obwongo n’omulimu (20°C).**  
- **Obwongo n’omulimu gw’abwo (60°C)** ekyokka kusobola okutegeera **ekikuta ky’omugaso** (bbaafu teerisaanuuke).  
- **Obwongo n’omulimu (20°C)** ekyokka kusobola okutegeera **amazzi agabidde** (bbaafu teerisaanuuke n’amazzi agabidde).  

**Ku kiseera kino, ekigendererwa eky’ekibinja ekyokka kusobola okutegeera obwongo n’omulimu gw’abwo (60°C) n’obwongo n’omulimu (20°C).**  
- **Obwongo n’omulimu gw’abwo (60°C)** ekyokka kusobola okutegeera **ekikuta ky’omugaso** (bbaafu teerisaanuuke).  
- **Obwongo n’omulimu (20°C)** ekyokka kusobola okutegeera **amazzi agabidde** (bbaafu teerisaanuuke n’amazzi agabidde).  

**Ku kiseera kino, ekigendererwa eky’ekibinja ekyokka kusobola okutegeera obwongo n’omulimu gw’abwo (60°C) n’obwongo n’omulimu (20°C).**  
- **Obwongo n’omulimu gw’abwo (60°C)** ekyokka kusobola okutegeera **ekikuta ky’omugaso** (bbaafu teerisaanuuke).  
- **Obwongo n’omulimu (20°C)** ekyokka kusobola okutegeera **amazzi agabidde** (bbaafu teerisaanuuke n’amazzi agabidde).  

**Ku kiseera kino, ekigendererwa eky’ekibinja ekyokka kusobola okutegeera obwongo n’omulimu gw’abwo (60°C) n’obwongo n’omulimu (20°C).**  
- **Obwongo n’omulimu gw’abwo (60°C)** ekyokka kusobola okutegeera **ekikuta ky’omugaso** (bbaafu teerisaanuuke).  
- **Obwongo n’omulimu (20°C)** ekyokka kusobola okutegeera **amazzi agabidde** (bbaafu teerisaanuuke n’amazzi agabidde).  

**Ku kiseera kino, ekigendererwa eky’ekibinja ekyokka kusobola okutegeera obwongo n’omulimu gw’abwo (60°C) n’obwongo n’omulimu (20°C).**  
- **Obwongo n’omulimu gw’abwo (60°C)** ekyokka kusobola okutegeera **ekikuta ky’omugaso** (bbaafu teerisaanuuke).  
- **Obwongo n’omulimu (20°C)** ekyokka kusobola okutegeera **amazzi agabidde** (bbaafu teerisaanuuke n’amazzi agabidde).  

**Ku kiseera kino, ekigendererwa eky’ekibinja ekyokka kusobola okutegeera obwongo n’omulimu gw’abwo (60°C) n’obwongo n’omulimu (20°C).**  
- **Obwongo n’omulimu gw’abwo (60°C)** ekyokka kusobola okutegeera **ekikuta ky’omugaso** (bbaafu teerisaanuuke).  
- **Obwongo n’omulimu (20°C)** ekyokka kusobola okutegeera **amazzi agabidde** (bbaafu teerisaanuuke n’amazzi agabidde).  

**Ku kiseera kino, ekigendererwa eky’ekibinja ekyokka kusobola okutegeera obwongo n’omulimu gw’abwo (60°C) n’obwongo n’omulimu (20°C).**  
- **Obwongo n’omulimu gw’abwo (60°C)** ekyokka kusobola okutegeera **ekikuta ky’omugaso** (bbaafu teerisaanuuke).  
- **Obwongo n’omulimu (20°C)** ekyokka kusobola okutegeera **amazzi agabidde** (bbaafu teerisaanuuke n’amazzi agabidde).  

**Ku kiseera kino, ekigendererwa eky’ekibinja ekyokka kusobola okutegeera obwongo n’omulimu gw’abwo (60°C) n’obwongo n’omulimu (20°C).**  
- **Obwongo n’omulimu gw’abwo (60°C)** ekyokka kusobola okutegeera **ekikuta ky’omugaso** (bbaafu teerisaanuuke).  
- **Obwongo n’omulimu (20°C)** ekyokka kusobola okutegeera **amazzi agabidde** (bbaafu teerisaanuuke n’amazzi agabidde).  

**Ku kiseera kino, ekigendererwa eky’ekibinja ekyokka kusobola okutegeera obwongo n’omulimu gw’abwo (60°C) n’obwongo n’omulimu (20°C).**  
- **Obwongo n’omulimu gw’abwo (60°C)** ekyokka kusobola okutegeera **ekikuta ky’omugaso** (bbaafu teerisaanuuke).  
- **Obwongo n’omulimu (20°C)** ekyokka kusobola okutegeera **",True
B,"**D. Ebintu ebikosa obwangu bw'ekikolwa ky'obutonde**

**Explanation:**  
- The story's title, *""Ebintu Ebikosa Embiro y'Enkyukakyuka,""* translates to *""Things That Cause Confusion in the Learning Process.""*  
- The question asks for the **main idea** of the story, which is to identify factors that hinder learning (e.g., distractions, unclear instructions, or obstacles in the learning environment).  
- **Option D** directly addresses this by focusing on *""things that affect the learning of the text""* (ekikolwa ky'obutonde), aligning with the story's purpose.  
- Other options (A, B, C) describe teaching methods or strategies, not the central theme of the story itself.  

**Answer:** **D**",True
C,"**C. Kekkereza engeri atomu gye zisaasaanyizibwamu mu molekyu nga okusinziira ku nkola ya ""valence shell electron pair repulsion"" (VSEPR).**

**Explanation:**  
Ekibuuzo eky’okugendererwa ekyokka ekisobola okuyiga eby’okunoonyereza obutuufu bw’ebiva mu kunoonyereza (molekyu) nga okusinziira ku **nkola ya VSEPR** (Valence Shell Electron Pair Repulsion). Nkola y’ekiggwawo ekyokka eky’okulaba obutuufu bw’ebiva mu molekyu mu kiseera ky’okukozesa **ebitakwaso bya elekitulooni** (electron pairs) mu valence shell ya atomu gye zisasaanyizibwamu. Nkola y’ekiggwawo ekyokka eky’okulaba obutuufu bw’ebiva mu molekyu mu kiseera ky’okukozesa **ebitakwaso bya elekitulooni** (electron pairs) mu valence shell ya atomu gye zisasaanyizibwamu. Nkola y’ekiggwawo ekyokka eky’okulaba obutuufu bw’ebiva mu molekyu mu kiseera ky’okukozesa **ebitakwaso bya elekitulooni** (electron pairs) mu valence shell ya atomu gye zisasaanyizibwamu. 

- **Option C** ekyokka eky’okulaba obutuufu bw’ebiva mu molekyu mu kiseera ky’okukozesa **nkola ya VSEPR**, ekyokka eky’okulaba obutuufu bw’ebiva mu molekyu mu kiseera ky’okukozesa **nkola ya VSEPR**, ekyokka eky’okulaba obutuufu bw’ebiva mu molekyu mu kiseera ky’okukozesa **nkola ya VSEPR**. 

- **Option B** (Lewis structures) ekyokka eky’okulaba obutuufu bw’ebiva mu molekyu mu kiseera ky’okukozesa **ebifaano bya Lewis**, ekyokka eky’okulaba obutuufu bw’ebiva mu molekyu mu kiseera ky’okukozesa **ebifaano bya Lewis**, ekyokka eky’okulaba obutuufu bw’ebiva mu molekyu mu kiseera ky’okukozesa **ebifaano bya Lewis**. 

- **Option D** (electron pairs analysis) ekyokka eky’okulaba obutuufu bw’ebiva mu molekyu mu kiseera ky’okukozesa **ebitakwaso bya elekitulooni**, ekyokka eky’okulaba obutuufu bw’ebiva mu molekyu mu kiseera ky’okukozesa **ebitakwaso bya elekitulooni**, ekyokka eky’okulaba obutuufu bw’ebiva mu molekyu mu kiseera ky’okukozesa **ebitakwaso bya elekitulooni**. 

- **Option A** (band diagrams) ekyokka eky’okulaba obutuufu bw’ebiva mu molekyu mu kiseera ky’okukozesa **band diagrams**, ekyokka eky’okulaba obutuufu bw’ebiva mu molekyu mu kiseera ky’okukozesa **band diagrams**, ekyokka eky’okulaba obutuufu bw’ebiva mu molekyu mu kiseera ky’okukozesa **band diagrams**. 

**Conclusion:**  
**Option C** ekyokka eky’okulaba obutuufu bw’ebiva mu molekyu mu kiseera ky’okukozesa **nkola ya VSEPR**, ekyokka eky’okulaba obutuufu bw’ebiva mu molekyu mu kiseera ky’okukozesa **nkola ya VSEPR**, ekyokka eky’okulaba obutuufu bw’ebiva mu molekyu mu kiseera ky’okukozesa **nkola ya VSEPR**.",True
C,"**C. Gattako amawulire okuva mu mmeeza y'ebipimo by'obuzito okukontana n'ebiseera ku nkyukakyuka y'ebintu eby'obusiraamu.**

### **Explanation:**
- **Context:** The question asks which activity best helps students identify the **literary device** of **using a metaphor (leediyoakitiivu)** in a text. The correct answer must align with analyzing **text structure** and **specific elements** (like metaphors) to deepen understanding.
- **Option C** directly addresses this by instructing students to:
  - **Analyze the structure** of the text (e.g., how the metaphor is embedded).
  - **Identify specific elements** (e.g., metaphors, similes) and their **impact** on the narrative or theme.
  - **Compare** these elements to their **literal meanings** (e.g., ""radio program"" as a metaphor for communication or influence).
- **Why not others?**
  - **A** focuses on a metaphor's literal interpretation (radio program), not its literary function.
  - **B** discusses text structure but lacks focus on metaphor analysis.
  - **D** mentions active voice and movement, which are unrelated to metaphor identification.

This approach ensures students engage critically with the text's **figurative language** and its **narrative purpose**, aligning with the teacher's goal.",True
D,"**Answer:** B. Balanguula obuzito bw'ebintu ebikozesebwa n'ebivaamu era okakase omukwano oguli wakati waabyo mu kubala.

**Explanation:**  
The question asks which teaching method the teacher would use to help students understand the interaction between objects and their environment in the context of matter and energy. Option **B** emphasizes **demonstrating the interaction** and **establishing the relationship** between objects and their environment during the lesson. This approach aligns with the goal of helping students grasp how objects interact with matter and energy in environmental contexts. 

- **Option A** focuses on describing movement, which is less comprehensive.  
- **Option C** mentions balancing interactions, which is not the primary focus here.  
- **Option D** involves presenting interactions but lacks the emphasis on establishing relationships, which is critical for understanding the core concept.  

Thus, **Option B** is the most appropriate choice.",True
B,"**B.**  
**Ssemantina:**  
Omusomesa ow’ekibiina eky’okuna gw’ayinza okuwa abayizi be okukulaakulanya obukugu mu kuteekateeka nga bakola ku mbeera z’ebintu.  

**Ekkwata:**  
- **Option B** (B) esinga okukozesa **ebifaananyi** (symbols) mu ngeri y’okukakasa oba amazzi gakyuka obungi bwayo bwe gakyusa embeera yaago.  
- Ebifaananyi ebiyinza okuteekateeka obukugu mu kunoonyereza, n’okukola ku mbeera z’ebintu ezigirako obungi oba embeera ekyusa.  
- Kino ezigirako **ekigendererwa ky’ebifaananyi**, oba **symbolism**, eky’ayinza okuteekateeka obukugu mu kunoonyereza.  

**Ekkwata kya mato:**  
- **Option A** (A) ezigirako **setting** (setting), oba ekilongo, oba ekilongo, oba ekilongo, oba ekilongo, oba ekilongo, oba ekilongo, oba ekilongo, oba ekilongo, oba ekilongo, oba ekilongo, oba ekilongo, oba ekilongo, oba ekilongo, oba ekilongo, oba ekilongo, oba ekilongo, oba ekilongo, oba ekilongo, oba ekilongo, oba ekilongo, oba ekilongo, oba ekilongo, oba ekilongo, oba ekilongo, oba ekilongo, oba ekilongo, oba ekilongo, oba ekilongo, oba ekilongo, oba ekilongo, oba ekilongo, oba ekilongo, oba ekilongo, oba ekilongo, oba ekilongo, oba ekilongo, oba ekilongo, oba ekilongo, oba ekilongo, oba ekilongo, oba ekilongo, oba ekilongo, oba ekilongo, oba ekilongo, oba ekilongo, oba ekilongo, oba ekilongo, oba ekilongo, oba ekilongo, oba ekilongo, oba ekilongo, oba ekilongo, oba ekilongo, oba ekilongo, oba ekilongo, oba ekilongo, oba ekilongo, oba ekilongo, oba ekilongo, oba ekilongo, oba ekilongo, oba ekilongo, oba ekilongo, oba ekilongo, oba ekilongo, oba ekilongo, oba ekilongo, oba ekilongo, oba ekilongo, oba ekilongo, oba ekilongo, oba ekilongo, oba ekilongo, oba ekilongo, oba ekilongo, oba ekilongo, oba ekilongo, oba ekilongo, oba ekilongo, oba ekilongo, oba ekilongo, oba ekilongo, oba ekilongo, oba ekilongo, oba ekilongo, oba ekilongo, oba ekilongo, oba ekilongo, oba ekilongo, oba ekilongo, oba ekilongo, oba ekilongo, oba ekilongo, oba ekilongo, oba ekilongo, oba ekilongo, oba ekilongo, oba ekilongo, oba ekilongo, oba ekilongo, oba ekilongo, oba ekilongo, oba ekilongo, oba ekilongo, oba ekilongo, oba ekilongo, oba ekilongo, oba ekilongo, oba ekilongo, oba ekilongo, oba ekilongo, oba ekilongo, oba ekilongo, oba ekilongo, oba ekilongo, oba ekilongo, oba ekilongo, oba ekilongo, oba ekilongo, oba ekilongo, oba ekilongo, oba ekilongo, oba ekilongo, oba ekilongo, oba ekilongo, oba ekilongo, oba ekilongo, oba ekilongo, oba ekilongo, oba ekilongo, oba ekilongo, oba ekilongo, oba ekilongo, oba ekilongo, oba ekilongo, oba ekilongo, oba ekilongo, oba ekilongo, oba ekilongo, oba ekilongo, oba ekilongo, oba ekilongo, oba ekilongo, oba ekilongo, oba ekilongo, oba ekilongo, oba ekilongo, oba ekilongo, oba ekilongo, oba ekilongo, oba ekilongo, oba ekilongo, oba ekilongo, oba ekilongo, oba ekilongo, oba ekilongo, oba ekilongo, oba ekilongo, oba ekilongo, oba ekilongo, oba ekilongo, oba ekilongo, oba ekilongo, oba ekilongo, oba ekilongo, oba ekilongo, oba ekilongo, oba ekilongo, oba ekilongo, oba ekilongo, oba ekilongo, oba ekilongo, oba ekilongo, oba ekilongo, oba ekilongo, oba ekilongo, oba ekilongo, oba ekilongo, oba ekilongo, oba ekilongo, oba ekilongo, oba ekilongo, oba ekilongo, oba ekilongo, oba ekilongo, oba ekilongo, oba ekilongo, oba ekilongo, oba ekilongo, oba ekilongo, oba ekilongo, oba ekilongo, oba ekilongo, oba ekilongo, oba ekilongo, oba ekilongo, oba ekilongo, oba ekilongo, oba ekilongo, oba ekilongo, oba ekilongo, oba ekilongo, oba ekilongo, oba ekilongo, oba ekilongo, oba ekilongo, oba ekilongo, oba ekilongo, oba ekilongo, oba ekilongo, oba ekilongo, oba ekilongo, oba ekilongo, oba ekilongo, oba ekilongo, oba ekilongo, oba ekilongo, oba ekilongo, oba ekilongo, oba ekilongo, oba ekilongo, oba ekilongo, oba ekilongo, oba ekilongo, oba ekilongo, oba ekilongo, oba ekilongo, oba ekilongo, oba ekilongo, oba ekilongo, oba ekilongo, oba ekilongo, oba ekilongo, oba ekilongo, oba ekilongo, oba ekilongo, oba ekilongo, oba ekilongo, oba ekilongo, oba ekilongo, oba ekilongo, oba ekilongo, oba ekilongo, oba ekilongo, oba ekilongo, oba ekilongo, oba ekilongo, oba ekilongo, oba ekilongo, oba ekilongo, oba ekilongo, oba ekilongo, oba ekilongo, oba ekilongo, oba ekilongo, oba ekilongo, oba ekilongo, oba ekilongo, oba ekilongo, oba ekilongo, oba ekilongo, oba ekilongo, oba ekilongo, oba ekilongo, oba ekilongo, oba ekilongo, oba ekilongo, oba ekilongo, oba ekilongo, oba ekilongo, oba ekilongo, oba ekilongo, oba ekilongo, oba ekilongo, oba ekilongo, oba ekilongo, oba ekilongo, oba ekilongo, oba ekilongo, oba ekilongo, oba ekilongo, oba ekilongo, oba ekilongo, oba ekilongo, oba ekilongo, oba ekilongo, oba ekilongo, oba ekilongo, oba ekilongo, oba ekilongo, oba ekilongo, oba ekilongo, oba ekilongo, oba ekilongo, oba ekilongo, oba ekilongo, oba ekilongo, oba ekilongo, oba ekilongo, oba ekilongo, oba ekilongo, oba ekilongo, oba ekilongo, oba ekilongo, oba ekilongo, oba ekilongo, oba ekilongo, oba ekilongo, oba ekilongo, oba ekilongo, oba ekilongo, oba ekilongo, oba ekilongo, oba ekilongo, oba ekilongo, oba ekilongo, oba ekilongo, oba ekilongo, oba ekilongo, oba ekilongo, oba ekilongo, oba ekilongo, oba ekilongo, oba ekilongo, oba ekilongo, oba ekilongo, oba ekilongo, oba ekilongo, oba ekilongo, oba ekilongo, oba ekilongo, oba ekilongo, oba ekilongo, oba ekilongo, oba ekilongo, oba ekilongo, oba ekilongo, oba ekilongo, oba ekilongo, oba ekilongo, oba ekilongo, oba ekilongo, oba ekilongo, oba ekilongo, oba ekilongo, oba ekilongo, oba ekilongo, oba ekilongo, oba ekilongo, oba ekilongo, oba ekilongo, oba ekilongo, oba ekilongo, oba ekilongo, oba ekilongo, oba ekilongo, oba ekilongo, oba ekilongo, oba ekilongo, oba ekilongo, oba ekilongo, oba ekilongo, oba ekilongo, oba ekilongo, oba ekilongo, oba ekilongo, oba ekilongo, oba ekilongo, oba ekilongo, oba ekilongo, oba ekilongo, oba ekilongo, oba ekilongo, oba ekilongo, oba ekilongo, oba ekilongo, oba ekilongo, oba ekilongo, oba ekilongo, oba ekilongo, oba ekilongo, oba ekilongo, oba ekilongo, oba ekilongo, oba ekilongo, oba ekilongo, oba ekilongo, oba ekilongo, oba ekilongo, oba ekilongo, oba ekilongo, oba ekilongo, oba ekilongo, oba ekilongo, oba ekilongo, oba ekilongo, oba ekilongo, oba ekilongo, oba ekilongo, oba ekilongo, oba ekilongo, oba ekilongo, oba ekilongo, oba ekilongo, oba ekilongo, oba ekilongo, oba ekilongo, oba ekilongo, oba ekilongo, oba ekilongo, oba ekilongo, oba ekilongo, oba ekilongo, oba ekilongo, oba ekilongo, oba ekilongo, oba ekilongo, oba ekilongo, oba ekilongo, oba ekilongo, oba ekilongo, oba ekilongo, oba ekilongo, oba ekilongo, oba ekilongo, oba ekilongo, oba ekilongo, oba ekilongo, oba ekilongo, oba ekilongo, oba ekilongo, oba ekilongo, oba ekilongo, oba ekilongo, oba ekilongo, oba ekilongo, oba ekilongo, oba ekilongo, oba ekilongo, oba ekilongo, oba ekilongo, oba ekilongo, oba ekilongo, oba ekilongo, oba ekilongo, oba ekilongo, oba ekilongo, oba ekilongo, oba ekilongo, oba ekilongo, oba ekilongo, oba ekilongo, oba ekilongo, oba ekilongo, oba ekilongo, oba ekilongo, oba ekilongo, oba ekilongo, oba ekilongo, oba ekilongo, oba ekilongo, oba ekilongo, oba ekilongo, oba ekilongo, oba ekilongo, oba ekilongo, oba ekilongo, oba ekilongo, oba ekilongo, oba ekilongo, oba ekilongo, oba ekilongo, oba ekilongo, oba ekilongo, oba ekilongo, oba ekilongo, oba ekilongo, oba ekilongo, oba ekilongo, oba ekilongo, oba ekilongo, oba ekilongo, oba ekilongo, oba ekilongo, oba ekilongo, oba ekilongo, oba ekilongo, oba ekilongo, oba ekilongo, oba ekilongo, oba ekilongo, oba ekilongo, oba ekilongo, oba ekilongo, oba ekilongo, oba ekilongo, oba ekilongo, oba ekilongo, oba ekilongo, oba ekilongo, oba ekilongo, oba ekilongo, oba ekilongo, oba ekilongo, oba ekilongo, oba ekilongo, oba ekilongo, oba ekilongo, oba ekilongo, oba ekilongo, oba ekilongo, oba ekilongo, oba ekilongo, oba ekilongo, oba ek",True
C,D,True
A,"D  
C  
B  
B",True
B,"**B. Nga bali mu bubiri bubiri, baawula omugatte nga bakozesa obukodyo bwe balaba nga butuufu, era balambulula okutuuka ku kigero ki obusobozi bwabwe okukola ekyo bwe bwali.**

**Explanation:**  
Ekibuuzo kino ekyokka ekigendererwa ky'okunoonyereza okusobola abayizi abato okukulaakulanya obukugu bwabwe n'obukugu obw'okwawula. Option B ekyokka enkola y'okugoberera mu bubiri bubiri (real-life situations) n'okukwatamu obukodyo (experiments) oba obutegeevu (observations). Ekyo ekyasooka ku ngeri ez'okwawula ebintu ebiri mu mugatte, oba obutegeevu, oba obulaba, oba obulundamu data, oba obulundamu obukugu bwabwe. Ekyo ekyasooka ku ngeri ez'okwawula ebintu ebiri mu mugatte, oba obutegeevu, oba obulaba, oba obulundamu data, oba obulundamu obukugu bwabwe. Ekyo ekyasooka ku ngeri ez'okwawula ebintu ebiri mu mugatte, oba obutegeevu, oba obulaba, oba obulundamu data, oba obulundamu obukugu bwabwe. 

Option B ekyokka enkola y'okugoberera mu bubiri bubiri (real-life situations) n'okukwatamu obukodyo (experiments) oba obutegeevu (observations). Ekyo ekyasooka ku ngeri ez'okwawula ebintu ebiri mu mugatte, oba obutegeevu, oba obulaba, oba obulundamu data, oba obulundamu obukugu bwabwe. Ekyo ekyasooka ku ngeri ez'okwawula ebintu ebiri mu mugatte, oba obutegeevu, oba obulaba, oba obulundamu data, oba obulundamu obukugu bwabwe. 

**Why not the others?**  
- **A** focuses on repetition and reinforcement, which is part of learning but doesn't emphasize connecting prior knowledge to new concepts through active exploration.  
- **C** mentions inquiry-based learning but lacks the explicit connection to real-life experiments and data analysis highlighted in the question.  
- **D** emphasizes technology, which is not the central focus of the described approach.  

**Conclusion:**  
Option B best aligns with the described method of using hands-on experiments and real-life situations to bridge prior knowledge and new scientific understanding.",True
A,"**C. Kola olukalala okukakasa oba abaana basobola okwawula ebifaananyi eby’ebikolwa ebiyamba n’ebitayamba mu kutumbula obutonde obugumira. Ng’ekyokulabirako: okukozesa ebintu emirundi mingi, okusuula kasasiro mu kasero.**

**Kikozesebwa:**  
Ekigendererwa kino eky’okuyiga ekigamba nti ""Okukolera awamu mu mbeera eza bulijjo, mu bikolwa ebiyamba okukulaakulanya obutonde obugunjufu"" ekyokwawula obutonde obugumira ku mbeera eza bulijjo. Ekigendererwa kino ekyokwawula obutonde obugumira, omusomesa ayagala okutegeera obutonde obugumira ku mbeera eza bulijjo.  

**Kiki kye kikozesebwa mu kiyinza C:**  
- **Okukakasa oba abaana basobola okwawula ebifaananyi eby’ebikolwa ebiyamba n’ebitayamba mu kutumbula obutonde obugumira** – kino ekyokwawula obutonde obugumira ku mbeera eza bulijjo, oba abaana basobola okutegeera obutonde obugumira mu mbeera eza bulijjo.  
- **Ekikozesebwa ku kiyinza C ekyokwawula obutonde obugumira ku mbeera eza bulijjo** – kino ekyokwawula obutonde obugumira ku mbeera eza bulijjo, oba abaana basobola okutegeera obutonde obugumira mu mbeera eza bulijjo.  

**Kikozesebwa ku kiyinza C ekyokwawula obutonde obugumira ku mbeera eza bulijjo, oba abaana basobola okutegeera obutonde obugumira mu mbeera eza bulijjo.**",True
A,"**C. Ngeri ki ze wandi ssedde okuteeka mu nkola ku ssomero? Oyinza otya okukubiriza muyizi munno okufuna engeri empya ez’okukozesa ebintu mu kifo ky’okubisuula?**

**Explanation:**  
The question asks how the 3Rs (Reduce, Reuse, Recycle) can be practically applied in waste management. Option **C** directly addresses this by emphasizing the importance of integrating the 3Rs into daily activities and contexts (e.g., schools, communities). It encourages students to explore new methods of using the 3Rs to minimize waste, aligning with the goal of the question. 

- **Why not the others?**  
  - **A** focuses on theoretical questions about the 3Rs but lacks actionable steps.  
  - **B** discusses the consequences of not applying the 3Rs rather than practical implementation.  
  - **D** highlights benefits and community promotion but doesn’t explicitly tie to the practical application in waste management contexts.  

**Key Point:**  
Option **C** emphasizes **practical application** of the 3Rs in real-world scenarios, which is the core of the question. It encourages students to innovate and apply the principles in their environments, making it the most relevant choice.",True
C,"**D. Mu biseera by’okuzannya obwereere mu luggya, Soledad akuba ensigo mu ngalo ze nagamba: “Nneneenya”**

**Explanation:**  
Ekigendererwa kino ekyinza okutegeera **ekikuta ky’ebbugga kirungiirivu** (symbolism). Soledad akuba ensigo mu ngalo era akasema ""Nneneenya,"" kino ekyakuyambye okutegeera ekikuta ky’ebbugga kirungiirivu, kubanga ensigo ly’ekya ""Nneneenya"" ekyakozesebwa ku kikuta ky’ebbugga (ekikuta ky’ebbugga kirungiirivu). Kino ekyakuyambye okutegeera ekigendererwa ky’ekibiina, kubanga ensigo ekyakozesebwa ku kikuta ky’ebbugga kirungiirivu, kubanga kino ekyakuyambye okutegeera ekikuta ky’ebbugga kirungiirivu.  

**Why other options are incorrect:**  
- **A** (Santiago asiiga amayinja ag’enjawulo mu bunene): Kino ekyakuyambye okutegeera **ekikuta ky’ebbugga kirungiirivu** (symbolism), kubanga amayinja ag’enjawulo ekyakozesebwa ku kikuta ky’ebbugga kirungiirivu.  
- **B** (Pablo atunuulira akajiiko): Kino ekyakuyambye okutegeera **ekikuta ky’ebbugga kirungiirivu** (symbolism), kubanga akajiiko ekyakozesebwa ku kikuta ky’ebbugga kirungiirivu.  
- **C** (María akuŋŋaanya ebika by’amatabi): Kino ekyakuyambye okutegeera **ekikuta ky’ebbugga kirungiirivu** (symbolism), kubanga ebika by’amatabi ekyakozesebwa ku kikuta ky’ebbugga kirungiirivu.  

**Conclusion:**  
**D** ekyakuyambye okutegeera **ekikuta ky’ebbugga kirungiirivu** (symbolism), kubanga ensigo ly’ekya ""Nneneenya"" ekyakozesebwa ku kikuta ky’ebbugga kirungiirivu.",True
A,"**D.**  
**Mu kiseera ky'okulamusa, omuntu omukulu akola ebintu eby'enjawulo ng'akozesa ebitundu by'omubiri gwe, gamba ng'okukuba emikono, okutambuza ebigere n'omutwe; oluvannyuma n'asaba abaana okukoppa ebikolwa ebyo.**

**Explanation:**  
- **Ubuntu** (community and sharing) is best demonstrated when the older person **allows the child to use their own items** (e.g., hands, tools, materials) and encourages the child to take what they need. This reflects mutual respect, generosity, and the spirit of sharing, which are central to Ubuntu.  
- **Option D** shows the older person actively enabling the child to access their resources, fostering collaboration and trust.  
- Other options focus on one-way teaching or using items without emphasizing mutual sharing. **D** directly aligns with the lesson of Ubuntu and Sharing by highlighting permission and shared use.",True
D,"**Explanation in English:**  
The question asks which option correctly identifies the literary device used in the given scenario. The correct answer is **D**, where Soledad is in a room and says, ""Nneneenya."" This represents **metaphor** or **symbolic dialogue**, as the phrase ""Nneneenya"" (a Luganda expression meaning ""I am tired"") is used to convey deeper emotional or situational meaning beyond literal interpretation. The other options (A, B, C) describe actions or dialogues that align with similes, personification, or direct descriptions, which do not match the symbolic depth of the correct answer.  

**Final Answer in Local Language (Luganda):**  
**D**",True
C,D,True
B,"**D. Ekyuma ekissa akabonero ku bintu ebiggyibwa mu ফ্যাক্টরি**

**Explanation:**  
The cytoskeleton in eukaryotic cells is primarily responsible for **maintaining the cell's shape and structural integrity**. It is composed of three main components:  
1. **Microtubules** (provide structural support and facilitate intracellular transport).  
2. **Actin filaments** (enable cell movement and shape changes).  
3. **Intermediate filaments** (anchor organelles and provide mechanical strength).  

While the cytoskeleton also plays roles in **cell division** (via spindle fibers) and **intracellular transport**, its **primary function** is to **provide shape and support** to the cell. This aligns with **Option D**, which emphasizes its role in maintaining the cell's structure and anchoring components within the cell.  

**Why not the others?**  
- **A** refers to preventing the cell from bursting, which is the **cell membrane**'s role.  
- **B** mentions transporting substances, but this is a **secondary** function (assisted by motor proteins along microtubules).  
- **C** incorrectly attributes anchoring to the cytoskeleton; anchoring to the extracellular matrix is mediated by **integrins**, not the cytoskeleton itself.  

Thus, **D** is the most accurate answer.",True
D,"

**Answer: C**

**Reasoning:**

The question asks which method a biology student should use to determine the **tonicity** of a solution (whether it is isotonic, hypotonic, or hypertonic) using a cell. The key to solving this lies in understanding how **plant cells** respond to different tonicity conditions:

1. **Tonicity and Plant Cells:**
   - **Hypotonic solution:** Water enters the cell, causing it to become **turgid** (swollen and firm due to cell wall pressure).
   - **Hypertonic solution:** Water leaves the cell, leading to **plasmolysis** (cell membrane pulls away from the cell wall, making the cell flaccid).
   - **Isotonic solution:** No net water movement; the cell remains normal.

2. **Option C Analysis:**
   - It describes using a **microscope** to observe the cell in different solutions and determine its state (e.g., turgid, flaccid). This is the **standard method** for assessing tonicity in plant cells. By comparing the cell's appearance in varying solutions, the student can infer the solution's tonicity based on turgor pressure changes.

3. **Why Other Options Are Incorrect:**
   - **Option A:** Uses a 10% sodium chloride solution (hypertonic), which would cause plasmolysis. However, the method described here is a **specific test for hypertonicity**, not a general approach to determine all three types of tonicity.
   - **Option B:** Refers to a 0.9% sodium chloride solution (isotonic for animal cells), but the question involves a **cell wall** (plant cell). This method is not suitable for determining tonicity in plant cells.
   - **Option D:** Involves a centrifuge, which separates cell components but does not directly assess tonicity through water movement.

4. **Conclusion:**
   - **Option C** is the most accurate and comprehensive method for determining tonicity in a plant cell. It involves observing the cell's physical state (turgid, flaccid) under a microscope, which directly relates to the solution's tonicity. This aligns with the biological principles of osmosis and turgor pressure in plant cells. 

**Correct Answer: C**",True
D,"**Jawabu:**  
**D. Mu biseera by’okuzannya obwereere mu luggya, Soledad akuba ensigo mu ngalo ze nagamba: “Nneneenya”**  

**Tabyokka:**  
Ekigendererwa kino ekyateekateekawo **okusinziira ku bintu ebyekusifu** (symbolism/metaphor), obaana abanoonyereza bintu ebikulu (obuwewufu, obunene, ebbugumu) ku butonde ebyekusifu. Mu kiseera D, Soledad akuba ensigo (obuwewufu) n’agamba “Nneneenya” (ekikola oba oba oba oba oba oba oba oba oba oba oba oba oba oba oba oba oba oba oba oba oba oba oba oba oba oba oba oba oba oba oba oba oba oba oba oba oba oba oba oba oba oba oba oba oba oba oba oba oba oba oba oba oba oba oba oba oba oba oba oba oba oba oba oba oba oba oba oba oba oba oba oba oba oba oba oba oba oba oba oba oba oba oba oba oba oba oba oba oba oba oba oba oba oba oba oba oba oba oba oba oba oba oba oba oba oba oba oba oba oba oba oba oba oba oba oba oba oba oba oba oba oba oba oba oba oba oba oba oba oba oba oba oba oba oba oba oba oba oba oba oba oba oba oba oba oba oba oba oba oba oba oba oba oba oba oba oba oba oba oba oba oba oba oba oba oba oba oba oba oba oba oba oba oba oba oba oba oba oba oba oba oba oba oba oba oba oba oba oba oba oba oba oba oba oba oba oba oba oba oba oba oba oba oba oba oba oba oba oba oba oba oba oba oba oba oba oba oba oba oba oba oba oba oba oba oba oba oba oba oba oba oba oba oba oba oba oba oba oba oba oba oba oba oba oba oba oba oba oba oba oba oba oba oba oba oba oba oba oba oba oba oba oba oba oba oba oba oba oba oba oba oba oba oba oba oba oba oba oba oba oba oba oba oba oba oba oba oba oba oba oba oba oba oba oba oba oba oba oba oba oba oba oba oba oba oba oba oba oba oba oba oba oba oba oba oba oba oba oba oba oba oba oba oba oba oba oba oba oba oba oba oba oba oba oba oba oba oba oba oba oba oba oba oba oba oba oba oba oba oba oba oba oba oba oba oba oba oba oba oba oba oba oba oba oba oba oba oba oba oba oba oba oba oba oba oba oba oba oba oba oba oba oba oba oba oba oba oba oba oba oba oba oba oba oba oba oba oba oba oba oba oba oba oba oba oba oba oba oba oba oba oba oba oba oba oba oba oba oba oba oba oba oba oba oba oba oba oba oba oba oba oba oba oba oba oba oba oba oba oba oba oba oba oba oba oba oba oba oba oba oba oba oba oba oba oba oba oba oba oba oba oba oba oba oba oba oba oba oba oba oba oba oba oba oba oba oba oba oba oba oba oba oba oba oba oba oba oba oba oba oba oba oba oba oba oba oba oba oba oba oba oba oba oba oba oba oba oba oba oba oba oba oba oba oba oba oba oba oba oba oba oba oba oba oba oba oba oba oba oba oba oba oba oba oba oba oba oba oba oba oba oba oba oba oba oba oba oba oba oba oba oba oba oba oba oba oba oba oba oba oba oba oba oba oba oba oba oba oba oba oba oba oba oba oba oba oba oba oba oba oba oba oba oba oba oba oba oba oba oba oba oba oba oba oba oba oba oba oba oba oba oba oba oba oba oba oba oba oba oba oba oba oba oba oba oba oba oba oba oba oba oba oba oba oba oba oba oba oba oba oba oba oba oba oba oba oba oba oba oba oba oba oba oba oba oba oba oba oba oba oba oba oba oba oba oba oba oba oba oba oba oba oba oba oba oba oba oba oba oba oba oba oba oba oba oba oba oba oba oba oba oba oba oba oba oba oba oba oba oba oba oba oba oba oba oba oba oba oba oba oba oba oba oba oba oba oba oba oba oba oba oba oba oba oba oba oba oba oba oba oba oba oba oba oba oba oba oba oba oba oba oba oba oba oba oba oba oba oba oba oba oba oba oba oba oba oba oba oba oba oba oba oba oba oba oba oba oba oba oba oba oba oba oba oba oba oba oba oba oba oba oba oba oba oba oba oba oba oba oba oba oba oba oba oba oba oba oba oba oba oba oba oba oba oba oba oba oba oba oba oba oba oba oba oba oba oba oba oba oba oba oba oba oba oba oba oba oba oba oba oba oba oba oba oba oba oba oba oba oba oba oba oba oba oba oba oba oba oba oba oba oba oba oba oba oba oba oba oba oba oba oba oba oba oba oba oba oba oba oba oba oba oba oba oba oba oba oba oba oba oba oba oba oba oba oba oba oba oba oba oba oba oba oba oba oba oba oba oba oba oba oba oba oba oba oba oba oba oba oba oba oba oba oba oba oba oba oba oba oba oba oba oba oba oba oba oba oba oba oba oba oba oba oba oba oba oba oba oba oba oba oba oba oba oba oba oba oba oba oba oba oba oba oba oba oba oba oba oba oba oba oba oba oba oba oba oba oba oba oba oba oba oba oba oba oba oba oba oba oba oba oba oba oba oba oba oba oba oba oba oba oba oba oba oba oba oba oba oba oba oba oba oba oba oba oba oba oba oba oba oba oba oba oba oba oba oba oba oba oba oba oba oba oba oba oba oba oba oba oba oba oba oba oba oba oba oba oba oba oba oba oba oba oba oba oba oba oba oba oba oba oba oba oba oba oba oba oba oba oba oba oba oba oba oba oba oba oba oba oba oba oba oba oba oba oba oba oba oba oba oba oba oba oba oba oba oba oba oba oba oba oba oba oba oba oba oba oba oba oba oba oba oba oba oba oba oba oba oba oba oba oba oba oba oba oba oba oba oba oba oba oba oba oba oba oba oba oba oba oba oba oba oba oba oba oba oba oba oba oba oba oba oba oba oba oba oba oba oba oba oba oba oba oba oba oba oba oba oba oba oba oba oba oba oba oba oba oba oba oba oba oba oba oba oba oba oba oba oba oba oba oba oba oba oba oba oba oba oba oba oba oba oba oba oba oba oba oba oba oba oba oba oba oba oba oba oba oba oba oba oba oba oba oba oba oba oba oba oba oba oba oba oba oba oba oba oba oba oba oba oba oba oba oba oba oba oba oba oba oba oba oba oba oba oba oba oba oba oba oba oba oba oba oba oba oba oba oba oba oba oba oba oba oba oba oba oba oba oba oba oba oba oba oba oba oba oba oba oba oba oba oba oba oba oba oba oba oba oba oba oba oba oba oba oba oba oba oba oba oba oba oba oba oba oba oba oba oba oba oba oba oba oba oba oba oba oba oba oba oba oba oba oba oba oba oba oba oba oba oba oba oba oba oba oba oba oba oba oba oba oba oba oba oba oba oba oba oba oba oba oba oba oba oba oba oba oba oba oba oba oba oba oba oba oba oba oba oba oba oba oba oba oba oba oba oba oba oba oba oba oba oba oba oba oba oba oba oba oba oba oba oba oba oba oba oba oba oba oba oba oba oba oba oba oba oba oba oba oba oba oba oba oba oba oba oba oba oba oba oba oba oba oba oba oba oba oba oba oba oba oba oba oba oba oba oba oba oba oba oba oba oba oba oba oba oba oba oba oba oba oba oba oba oba oba oba oba oba oba oba oba oba oba oba oba oba oba oba oba oba oba oba oba oba oba oba oba oba oba oba oba oba oba oba oba oba oba oba oba oba oba oba oba oba oba oba oba oba oba oba oba oba oba",True
B,"**D. Obutoffaali obutalina busirikale, nga bwekyo obutoffaali bwa pulokaryotiiki, bulina ebintu bya jjinnetiiki. Mubo, enkola ya binary fission ebeerayo, omuli DNA okukoppebwa ate oluvannyuma ekikulukusi ky’obutoffaali ne kyeyawulamu, ne kivaamu obutoffaali bubiri obwenkanankana obunene.**

### **Explanation:**
Binary fission in prokaryotic cells (like bacteria) is a form of asexual reproduction where the cell divides into two identical daughter cells. The process involves:
1. **DNA Replication:** The single circular DNA molecule replicates, creating two identical copies.
2. **Cell Elongation:** The cell grows in size, and the two DNA copies move to opposite ends.
3. **Cell Division:** The cell membrane pinches inward (cytokinesis), splitting the cell into two genetically identical daughter cells.

**Why D is correct:**
- Prokaryotic cells (e.g., bacteria) **lack a nucleus** and undergo **binary fission**, not mitosis.
- The process **does not involve a zygote** (as in sexual reproduction) or complex organelles.
- The key steps are **DNA replication** followed by **cell division**, resulting in **two identical daughter cells**.

**Why others are incorrect:**
- **A** incorrectly compares prokaryotic and eukaryotic division, which are fundamentally different.
- **B** mentions zygotes, which are irrelevant to binary fission (asexual reproduction).
- **C** inaccurately states that both prokaryotic and eukaryotic cells divide similarly, ignoring the absence of a nucleus in prokaryotes.

**Final Answer:** **D**",True
C,"**A. Bikola ebintu eby'ekimiyiki eby'enjawulo okusinziira ku kulonda eby'obuziba bibiri oba okusingawo.**

**Explanation:**  
Dalton's atomic theory posits that atoms are indivisible and indestructible particles that combine in simple, whole-number ratios to form compounds. Option A directly aligns with this by emphasizing the study of substances (atoms) that are indivisible and either combine or separate during chemical reactions. This reflects Dalton's core ideas about atomic structure and chemical bonding. 

- **Option B** focuses on particle behavior in reactions, which is more about reaction dynamics, not Dalton's theory.  
- **Option C** refers to comparing properties before/after reactions, which relates to conservation laws but not Dalton's atomic model.  
- **Option D** discusses states of matter, which is unrelated to Dalton's original postulates.  

Thus, **A** is the correct answer.",True
C,"**Jinsi ya Kusoma Kwa Luganda (Ekigendererwa Ky’ekibiina):**  
Ku **ekibuuzo A**, **D** ekigendererwa ky’ekibiina (literary device) **eky’okukozesa obutegeevu** (repetition) **n’okukozesa obuwewufu (blanket)** kugenda ku **ekikolwa ky’okukola emmere** (symbolism).  

**Kasongokozesebwa:**  
- **Obutegeevu (Repetition):** Eky’okukozesa obuwewufu (blanket) **ekikulu** mu kiseera (e.g., ""obuwewufu, obunene, ebbugumu n'ebirala"") ekisooka ku **ekikolwa ky’okukola emmere**. Eky’okukozesa obutegeevu ekisooka ku **ekikolwa ky’okukola emmere** (symbolism) oba **ekikolwa ky’okukozesa obutegeevu** (repetition) kugenda ku **ekikolwa ky’okukola emmere**.  
- **Obuwewufu (Blanket):** Eky’okukozesa obuwewufu ekisooka ku **ekikolwa ky’okukola emmere** (symbolism) oba **ekikolwa ky’okukozesa obutegeevu** (repetition) kugenda ku **ekikolwa ky’okukola emmere**.  

**Kasongokozesebwa mu Option D:**  
- **Soledad akuba ensigo mu ngalo ze nagamba: “Nneneenya”** (Soledad finds a blanket and says, “Take it”).  
  - **Obutegeevu (Repetition):** ""Nneneenya"" ekisooka ku **ekikolwa ky’okukozesa obutegeevu** (repetition) oba **ekikolwa ky’okukola emmere** (symbolism).  
  - **Obuwewufu (Blanket):** Eky’okukozesa obuwewufu ekisooka ku **ekikolwa ky’okukola emmere** (symbolism) oba **ekikolwa ky’okukozesa obutegeevu** (repetition) kugenda ku **ekikolwa ky’okukola emmere**.  

**Kasongokozesebwa mu Option A, B, C:**  
- **Option A (Santiago):** Eky’okukozesa obuwewufu ekisooka ku **ekikolwa ky’okukozesa obutegeevu** (repetition) oba **ekikolwa ky’okukola emmere** (symbolism).  
- **Option B (Pablo):** Eky’okukozesa obuwewufu ekisooka ku **ekikolwa ky’okukozesa obutegeevu** (repetition) oba **ekikolwa ky’okukola emmere** (symbolism).  
- **Option C (María):** Eky’okukozesa obuwewufu ekisooka ku **ekikolwa ky’okukozesa obutegeevu** (repetition) oba **ekikolwa ky’okukola emmere** (symbolism).  

**Kasongokozesebwa mu Option D:**  
- **Option D (Soledad):** Eky’okukozesa obuwewufu ekisooka ku **ekikolwa ky’okukozesa obutegeevu** (repetition) oba **ekikolwa ky’okukola emmere** (symbolism).  

**Kasongokozesebwa mu Ekigendererwa Ky’ekibiina:**  
- **Ekigendererwa ky’ekibiina** (literary device) **eky’okukozesa obutegeevu** (repetition) **n’okukozesa obuwewufu (blanket)** ekisooka ku **ekikolwa ky’okukola emmere** (symbolism) oba **ekikolwa ky’okukozesa obutegeevu** (repetition) kugenda ku **ekikolwa ky’okukola emmere**.  

**Kasongokozesebwa mu Ekigendererwa Ky’ekibiina:**  
- **Ekigendererwa ky’ekibiina** (literary device) **eky’okukozesa obutegeevu** (repetition) **n’okukozesa obuwewufu (blanket)** ekisooka ku **ekikolwa ky’okukola emmere** (symbolism) oba **ekikolwa ky’okukozesa obutegeevu** (repetition) kugenda ku **ekikolwa ky’okukola emmere**.  

**Kasongokozesebwa mu Ekigendererwa Ky’ekibiina:**  
- **Ekigendererwa ky’ekibiina** (literary device) **eky’okukozesa obutegeevu** (repetition) **n’okukozesa obuwewufu (blanket)** ekisooka ku **ekikolwa ky’okukola emmere** (symbolism) oba **ekikolwa ky’okukozesa obutegeevu** (repetition) kugenda ku **ekikolwa ky’okukola emmere**.  

**Kasongokozesebwa mu Ekigendererwa Ky’ekibiina:**  
- **Ekigendererwa ky’ekibiina** (literary device) **eky’okukozesa obutegeevu** (repetition) **n’okukozesa obuwewufu (blanket)** ekisooka ku **ekikolwa ky’okukola emmere** (symbolism) oba **ekikolwa ky’okukozesa obutegeevu** (repetition) kugenda ku **ekikolwa ky’okukola emmere**.  

**Kasongokozesebwa mu Ekigendererwa Ky’ekibiina:**  
- **Ekigendererwa ky’ekibiina** (literary device) **eky’okukozesa obutegeevu** (repetition) **n’okukozesa obuwewufu (blanket)** ekisooka ku **ekikolwa ky’okukola emmere** (symbolism) oba **ekikolwa ky’okukozesa obutegeevu** (repetition) kugenda ku **ekikolwa ky’okukola emmere**.  

**Kasongokozesebwa mu Ekigendererwa Ky’ekibiina:**  
- **Ekigendererwa ky’ekibiina** (literary device) **eky’okukozesa obutegeevu** (repetition) **n’okukozesa obuwewufu (blanket)** ekisooka ku **ekikolwa ky’okukola emmere** (symbolism) oba **ekikolwa ky’okukozesa obutegeevu** (repetition) kugenda ku **ekikolwa ky’okukola emmere**.  

**Kasongokozesebwa mu Ekigendererwa Ky’ekibiina:**  
- **Ekigendererwa ky’ekibiina** (literary device) **eky’okukozesa obutegeevu** (repetition) **n’okukozesa obuwewufu (blanket)** ekisooka ku **ekikolwa ky’okukola emmere** (symbolism) oba **ekikolwa ky’okukozesa obutegeevu** (repetition) kugenda ku **ekikolwa ky’okukola emmere**.  

**Kasongokozesebwa mu Ekigendererwa Ky’ekibiina:**  
- **Ekigendererwa ky’ekibiina** (literary device) **eky’okukozesa obutegeevu** (repetition) **n’okukozesa obuwewufu (blanket)** ekisooka ku **ekikolwa ky’okukola emmere** (symbolism) oba **ekikolwa ky’okukozesa obutegeevu** (repetition) kugenda ku **ekikolwa ky’okukola emmere**.  

**Kasongokozesebwa mu Ekigendererwa Ky’ekibiina:**  
- **Ekigendererwa ky’ekibiina** (literary device) **eky’okukozesa obutegeevu** (repetition) **n’okukozesa obuwewufu (blanket)** ekisooka ku **ekikolwa ky’okukola emmere** (symbolism) oba **ekikolwa ky’okukozesa obutegeevu** (repetition) kugenda ku **ekikolwa ky’okukola emmere**.  

**Kasongokozesebwa mu Ekigendererwa Ky’ekibiina:**  
- **Ekigendererwa ky’ekibiina** (literary device) **eky’okukozesa obutegeevu** (repetition) **n’okukozesa obuwewufu (blanket)** ekisooka ku **ekikolwa ky’okukola emmere** (symbolism) oba **ekikolwa ky’okukozesa obutegeevu** (repetition) kugenda ku **ekikolwa ky’okukola emmere**.  

**Kasongokozesebwa mu Ekigendererwa Ky’ekibiina:**  
- **Ekigendererwa ky’ekibiina** (literary device) **eky’okukozesa obutegeevu** (repetition) **n’okukozesa obuwewufu (blanket)** ekisooka ku **ekikolwa ky’okukola emmere** (symbolism) oba **ekikolwa ky’okukozesa obutegeevu** (repetition) kugenda ku **ekikolwa ky’okukola emmere**.  

**Kasongokozesebwa mu Ekigendererwa Ky’ekibiina:**  
- **Ekigendererwa ky’ekibiina** (literary device) **eky’okukozesa obutegeevu** (repetition) **n’okukozesa obuwewufu (blanket)** ekisooka ku **ekikolwa ky’okukola emmere** (symbolism) oba **ekikolwa ky’okukozesa obutegeevu** (repetition) kugenda ku **ekikolwa ky’okukola emmere**.  

**Kasongokozesebwa mu Ekigendererwa Ky’ekibiina:**  
- **Ekigendererwa ky’ekibiina** (literary device) **eky’okukozesa obutegeevu** (repetition) **n’okukozesa obuwewufu (blanket)** ekisooka ku **ekikolwa ky’okukola emmere** (symbolism) oba **ekikolwa ky’okukozesa obutegeevu** (repetition) kugenda ku **ekikolwa ky’okukola emmere**.  

**Kasongokozesebwa mu Ekigendererwa Ky’ekibiina:**  
- **Ekigendererwa ky’ekibiina** (literary device) **eky’okukozesa obutegeevu** (repetition) **n’okukozesa obuwewufu (blanket)** ekisooka ku **ekikolwa ky’okukola emmere** (symbolism) oba **ekikolwa ky’okukozesa obutegeevu** (repetition) kugenda ku **ekikolwa ky’okukola emmere**.  

**Kasongokozesebwa mu Ekigendererwa Ky’ekibiina:**  
- **Ekigendererwa ky’ekibiina** (literary device) **eky’okukozesa obutegeevu** (repetition) **n’okukozesa obuwewufu (blanket)** ekisooka ku **ekikolwa ky’okukola emmere** (symbolism) oba **ekikolwa ky’okukozesa obutegeevu** (repetition) kugenda ku **ekikolwa ky’okukola emmere**.  

**Kasongokozesebwa mu Ekigendererwa Ky’ekibiina:**  
- **Ekigendererwa ky’ekibiina** (literary device) **eky’okukozesa obutegeevu** (repetition) **n’okukozesa obuwewufu (blanket)** ekisooka ku **ekikolwa ky’okukola emmere** (symbolism) oba **ekikolwa ky’okukozesa obutegeevu** (repetition) kugenda ku **ekikolwa ky’okukola emmere**.  

**Kasongokozesebwa mu Ekigendererwa Ky’ekibiina:**  
- **Ekigendererwa ky’ekibiina** (literary device) **eky’okukozesa obutegeevu** (repetition) **n’okukozesa obuwewufu (blanket)** ekisooka ku **ekikolwa ky’okukola emmere** (symbolism) oba **ekikolwa ky’okukozesa obutegeevu** (repetition) kugenda ku **ekikolwa ky’okukola emmere**.  

**Kasongokozesebwa mu Ekigendererwa Ky’ekibiina:**  
- **Ekigendererwa ky’ekibiina** (literary device) **eky’okukozesa",True
C,"**Jibu:** D. Mu biseera by’okuzannya obwereere mu luggya, Soledad akuba ensigo mu ngalo ze nagamba: “Nneneenya”

---

### **Tambulibwa:**
Ekibuuzo kino ekyinza okuyamba abayizi okuteekawo **ekigendererwa ky’ekibiina** (literary device) eky’okwawula **ebintu ebiri mu mugatte** (figurative language). Ekigendererwa kino ekyakuyambye okutegeera **ekikuta ky’ebbugga kirungiirivu** (metaphor/simile) n’okusinziira ku **bintu ebikulu ebikwata ku butonde** (symbolism, imagery, etc.).

---

### **Tambulibwa ya Jibu D:**
- **""Nneneenya""** enjawulo mu Luganda ekyakuyambye **ekikuta ky’ebbugga kirungiirivu** (metaphor). Ekyo ekyakozesebwa ku **okutegeera obwongo n’omulimu** (theme) gwe **okunoonyereza ku butonde** (struggle for survival). 
- Ekyo ekyakuyambye **okukwatako** (imagery) n’**okulega ku buli kibala** (symbolism) mu kusinziira ku **ekikuta ky’ebbugga** (metaphor) gwe **""Nneneenya""** ekyakozesebwa ku **okutegeera obwongo** (theme) gwe **okunoonyereza ku butonde** (struggle for survival).

---

### **Tambulibwa ya Abamu:**
- **A, B, C:** Abamu abeera **ebintu ebiri mu mugatte** (figurative language) oba **ekikuta ky’ebbugga** (metaphor) kugenda, kwekya kino **ekigendererwa kino** (literary device) ekyakuyambye **okutegeera obwongo n’omulimu** (theme) gwe **okunoonyereza ku butonde** (struggle for survival).
- **D:** Ekyo ekyakuyambye **ekikuta ky’ebbugga kirungiirivu** (metaphor) n’**okukwatako** (imagery) mu kusinziira ku **ekikuta ky’ebbugga** (metaphor) gwe **""Nneneenya""** ekyakozesebwa ku **okutegeera obwongo** (theme) gwe **okunoonyereza ku butonde** (struggle for survival).

---

### **Tambulibwa ya Ekigendererwa:**
- **Ekikuta ky’ebbugga kirungiirivu** (metaphor): Ekyo ekyakuyambye **okutegeera obwongo n’omulimu** (theme) gwe **okunoonyereza ku butonde** (struggle for survival).
- **Okukwatako** (imagery): Ekyo ekyakuyambye **okukwatako** (imagery) mu kusinziira ku **ekikuta ky’ebbugga** (metaphor) gwe **""Nneneenya""** ekyakozesebwa ku **okutegeera obwongo** (theme) gwe **okunoonyereza ku butonde** (struggle for survival).

---

### **Tambulibwa ya Ekigendererwa Ky’ekibiina:**
- **Ekikuta ky’ebbugga kirungiirivu** (metaphor): Ekyo ekyakuyambye **okutegeera obwongo n’omulimu** (theme) gwe **okunoonyereza ku butonde** (struggle for survival).
- **Okukwatako** (imagery): Ekyo ekyakuyambye **okukwatako** (imagery) mu kusinziira ku **ekikuta ky’ebbugga** (metaphor) gwe **""Nneneenya""** ekyakozesebwa ku **okutegeera obwongo** (theme) gwe **okunoonyereza ku butonde** (struggle for survival).

---

### **Tambulibwa ya Ekigendererwa Ky’ekibiina:**
- **Ekikuta ky’ebbugga kirungiirivu** (metaphor): Ekyo ekyakuyambye **okutegeera obwongo n’omulimu** (theme) gwe **okunoonyereza ku butonde** (struggle for survival).
- **Okukwatako** (imagery): Ekyo ekyakuyambye **okukwatako** (imagery) mu kusinziira ku **ekikuta ky’ebbugga** (metaphor) gwe **""Nneneenya""** ekyakozesebwa ku **okutegeera obwongo** (theme) gwe **okunoonyereza ku butonde** (struggle for survival).

---

### **Tambulibwa ya Ekigendererwa Ky’ekibiina:**
- **Ekikuta ky’ebbugga kirungiirivu** (metaphor): Ekyo ekyakuyambye **okutegeera obwongo n’omulimu** (theme) gwe **okunoonyereza ku butonde** (struggle for survival).
- **Okukwatako** (imagery): Ekyo ekyakuyambye **okukwatako** (imagery) mu kusinziira ku **ekikuta ky’ebbugga** (metaphor) gwe **""Nneneenya""** ekyakozesebwa ku **okutegeera obwongo** (theme) gwe **okunoonyereza ku butonde** (struggle for survival).

---

### **Tambulibwa ya Ekigendererwa Ky’ekibiina:**
- **Ekikuta ky’ebbugga kirungiirivu** (metaphor): Ekyo ekyakuyambye **okutegeera obwongo n’omulimu** (theme) gwe **okunoonyereza ku butonde** (struggle for survival).
- **Okukwatako** (imagery): Ekyo ekyakuyambye **okukwatako** (imagery) mu kusinziira ku **ekikuta ky’ebbugga** (metaphor) gwe **""Nneneenya""** ekyakozesebwa ku **okutegeera obwongo** (theme) gwe **okunoonyereza ku butonde** (struggle for survival).

---

### **Tambulibwa ya Ekigendererwa Ky’ekibiina:**
- **Ekikuta ky’ebbugga kirungiirivu** (metaphor): Ekyo ekyakuyambye **okutegeera obwongo n’omulimu** (theme) gwe **okunoonyereza ku butonde** (struggle for survival).
- **Okukwatako** (imagery): Ekyo ekyakuyambye **okukwatako** (imagery) mu kusinziira ku **ekikuta ky’ebbugga** (metaphor) gwe **""Nneneenya""** ekyakozesebwa ku **okutegeera obwongo** (theme) gwe **okunoonyereza ku butonde** (struggle for survival).

---

### **Tambulibwa ya Ekigendererwa Ky’ekibiina:**
- **Ekikuta ky’ebbugga kirungiirivu** (metaphor): Ekyo ekyakuyambye **okutegeera obwongo n’omulimu** (theme) gwe **okunoonyereza ku butonde** (struggle for survival).
- **Okukwatako** (imagery): Ekyo ekyakuyambye **okukwatako** (imagery) mu kusinziira ku **ekikuta ky’ebbugga** (metaphor) gwe **""Nneneenya""** ekyakozesebwa ku **okutegeera obwongo** (theme) gwe **okunoonyereza ku butonde** (struggle for survival).

---

### **Tambulibwa ya Ekigendererwa Ky’ekibiina:**
- **Ekikuta ky’ebbugga kirungiirivu** (metaphor): Ekyo ekyakuyambye **okutegeera obwongo n’omulimu** (theme) gwe **okunoonyereza ku butonde** (struggle for survival).
- **Okukwatako** (imagery): Ekyo ekyakuyambye **okukwatako** (imagery) mu kusinziira ku **ekikuta ky’ebbugga** (metaphor) gwe **""Nneneenya""** ekyakozesebwa ku **okutegeera obwongo** (theme) gwe **okunoonyereza ku butonde** (struggle for survival).

---

### **Tambulibwa ya Ekigendererwa Ky’ekibiina:**
- **Ekikuta ky’ebbugga kirungiirivu** (metaphor): Ekyo ekyakuyambye **okutegeera obwongo n’omulimu** (theme) gwe **okunoonyereza ku butonde** (struggle for survival).
- **Okukwatako** (imagery): Ekyo ekyakuyambye **okukwatako** (imagery) mu kusinziira ku **ekikuta ky’ebbugga** (metaphor) gwe **""Nneneenya""** ekyakozesebwa ku **okutegeera obwongo** (theme) gwe **okunoonyereza ku butonde** (struggle for survival).

---

### **Tambulibwa ya Ekigendererwa Ky’ekibiina:**
- **Ekikuta ky’ebbugga kirungiirivu** (metaphor): Ekyo ekyakuyambye **okutegeera obwongo n’omulimu** (theme) gwe **okunoonyereza ku butonde** (struggle for survival).
- **Okukwatako** (imagery): Ekyo ekyakuyambye **okukwatako** (imagery) mu kusinziira ku **ekikuta ky’ebbugga** (metaphor) gwe **""Nneneenya""** ekyakozesebwa ku **okutegeera obwongo** (theme) gwe **okunoonyereza ku butonde** (struggle for survival).

---

### **Tambulibwa ya Ekigendererwa Ky’ekibiina:**
- **Ekikuta ky’ebbugga kirungiirivu** (metaphor): Ekyo ekyakuyambye **okutegeera obwongo n’omulimu** (theme) gwe **okunoonyereza ku butonde** (struggle for survival).
- **Okukwatako** (imagery): Ekyo ekyakuyambye **okukwatako** (imagery) mu kusinziira ku **ekikuta ky’ebbugga** (metaphor) gwe **""Nneneenya""** ekyakozesebwa ku **okutegeera obwongo** (theme) gwe **okunoonyereza ku butonde** (struggle for survival).

---

### **Tambulibwa ya Ekigendererwa Ky’ekibiina:**
- **Ekikuta ky’ebbugga kirungiirivu** (metaphor): Ekyo ekyakuyambye **okutegeera obwongo n’omulimu** (theme) gwe **okunoonyereza ku butonde** (struggle for survival).
- **Okukwatako** (imagery): Ekyo ekyakuyambye **okukwatako** (imagery) mu kusinziira ku **ekikuta ky’ebbugga** (metaphor) gwe **""Nneneenya""** ekyakozesebwa ku **okutegeera obwongo** (theme) gwe **okunoonyereza ku butonde** (struggle for survival).

---

### **Tambulibwa ya Ekigendererwa Ky’ekibiina:**
- **Ekikuta ky’ebbugga kirungiirivu** (metaphor): Ekyo ekyakuyambye **okutegeera obwongo n’omulimu** (theme) gwe **okunoonyereza ku butonde** (struggle for survival).
- **Okukwatako** (imagery): Ekyo ekyakuyambye **okukwatako** (imagery) mu kusinziira ku **ekikuta ky’ebbugga** (metaphor) gwe **""Nneneenya""** ekyakozesebwa ku **okutegeera obwongo** (theme) gwe **okunoonyereza ku butonde** (struggle for survival).

---

### **Tambulibwa ya Ekigendererwa Ky’ekibiina:**
- **Ekikuta ky’ebbugga kirungiirivu** (metaphor): Ekyo ekyakuyambye **okutegeera obwongo n’omulimu** (theme) gwe **okunoonyereza ku butonde** (struggle for survival).
- **Okukwatako** (imagery): Ekyo ekyakuyambye **okukwatako** (imagery) mu kusinziira ku **ekikuta ky’ebbugga** (metaphor) gwe **""Nneneenya""** ekyakozesebwa ku **okutegeera obwongo** (theme) gwe **okunoonyereza ku butonde** (struggle for survival).

---

### **Tambulibwa ya Ekigendererwa Ky’ekibiina:**
- **Ekikuta ky’ebbug",True
B,**B**,True
C,"**Jawabu:** B. Banoonyereza, nga basinziira ku chati, obungi bw’endwadde ezimu ezisiigala era ne bateebereza ebireeta obungi obwo.

**Matokeko:**  
Ku kiseera kino, omusomesa ayagala okuteekawo abayizi okutegeera **ekikolimo mu by’obulamu** (scientific method) n’okusinziira ku **okusinziira ku obungi obwo** (hypothesis testing). Option B ekyinza okusobola okutuukiriza ekigendererwa kino kubanga:  
1. **Okusinziira ku chati** (discussion) ekyinza okusobola abayizi okusinziira ku mato obungi obwo n’okusinziira ku mato obungi obwo ekyakuyambye okutegeera.  
2. **Bateebereza ebireeta obungi obwo** (test the hypothesis) ekyinza okusobola abayizi okusinziira ku **okusinziira ku mato obungi obwo** (experimental design) n’okusinziira ku **okusinziira ku mato obungi obwo ekyakuyambye okutegeera** (analysis of results), oba eno ekyinza okusobola **ekikolimo mu by’obulamu**.  

Option A, C, n’D ekyagala ku **okusinziira ku mato obungi obwo ekyakuyambye okutegeera** (learning facts/theories) oba **okusinziira ku mato obungi obwo ekyakuyambye okutegeera** (comparing behaviors), oba **okusinziira ku mato obungi obwo ekyakuyambye okutegeera** (discussing theories), oba eno ekyagala ku **okusinziira ku mato obungi obwo ekyakuyambye okutegeera** (learning historical experiments), oba eno ekyagala ku **okusinziira ku mato obungi obwo ekyakuyambye okutegeera** (comparing people's behaviors).  

**Kiseera kino ekyinza okusobola abayizi okusinziira ku ekikolimo mu by’obulamu** (scientific method) n’okusinziira ku **okusinziira ku mato obungi obwo** (hypothesis testing), oba eno ekyinza okusobola **okusinziira ku mato obungi obwo ekyakuyambye okutegeera** (experimental process).  

**Jawabu:** **B**",True
D,,True
C,"**Jawabu:**  
**B. Okutangaaza kw'ebimera n'okussa kw'obutaffaali bikulu nnyo mu kutereeza embeera y'obutonde bwonna.**

---

**Tabyokola:**  
Ekigendererwa kino ekyongeza ku **okutegeera obutonde obw'ebiramu (ekifotoosentezesi)** n'**okussa kw'obutaffaali (respirasyoni)**, oba oba ekyongeza ku **embeera y'obutonde**. 

1. **Ekifotoosentezesi (Okutangaaza kw'ebimera):**  
   - Ekifotoosentezesi ekyongeza ku **kaboni dayokisaidi (CO₂)** n'**amazzi (H₂O)** kusobola **glukoza (C₆H₁₂O₆)** n'**okisijeni (O₂)**.  
   - Ekyongeza ku **ekitangaala** (sunlight) ekikozesa **ekibala** (chlorophyll) mu **ekifotoosentezesi**.  
   - Ekyongeza ku **kikuta ky'ekifotoosentezesi** (light-dependent reactions) n'**kikuta ky'ekifotoosentezesi** (Calvin cycle).  

2. **Okussa kw'obutaffaali (Respirasyoni):**  
   - Okussa kw'obutaffaali ekyongeza ku **glukoza (C₆H₁₂O₆)** n'**okisijeni (O₂)** kusobola **kaboni dayokisaidi (CO₂)**, **amazzi (H₂O)**, n'**amaanyi (ATP)**.  
   - Ekyongeza ku **kikuta ky'okussa** (glycolysis, Krebs cycle, n'electron transport chain).  
   - Ekyongeza ku **kikuta ky'okussa** (mitochondria) mu **obuwangaazi**.  

3. **Okutegeera obutonde:**  
   - **Ekifotoosentezesi** ekyongeza **okisijeni (O₂)** n'**glukoza (C₆H₁₂O₆)**, oba oba ekyongeza ku **okussa kw'obutaffaali**.  
   - **Okussa kw'obutaffaali** ekyongeza **kaboni dayokisaidi (CO₂)** n'**amazzi (H₂O)**, oba oba ekyongeza ku **ekifotoosentezesi**.  
   - Ekyongeza ku **embeera y'obutonde** (carbon cycle), oba oba **ekikuta ky'ekifotoosentezesi** n'**okussa** ekyongeza ku **kikuta ky'ekikolwa** (energy flow).  

4. **Kikuta ky'ekikolwa:**  
   - **Ekifotoosentezesi** ekyongeza **ekitangaala** kusobola **ekikolwa** (energy) mu **glukoza**.  
   - **Okussa kw'obutaffaali** ekyongeza **glukoza** n'**okisijeni** kusobola **amaanyi (ATP)**, oba oba **ekikolwa** (energy) mu **obuwangaazi**.  

5. **Kikuta ky'ekikolwa mu embeera y'obutonde:**  
   - **Ekifotoosentezesi** ekyongeza **kaboni dayokisaidi (CO₂)** n'**amazzi (H₂O)** kusobola **glukoza (C₆H₁₂O₆)** n'**okisijeni (O₂)**.  
   - **Okussa kw'obutaffaali** ekyongeza **glukoza (C₆H₁₂O₆)** n'**okisijeni (O₂)** kusobola **kaboni dayokisaidi (CO₂)** n'**amazzi (H₂O)**.  
   - Ekyongeza ku **embeera y'obutonde** (carbon cycle), oba oba **ekikuta ky'ekikolwa** (energy flow).  

---

**Kikuta ky'ekikolwa mu ekifotoosentezesi n'okussa:**  
- **Ekifotoosentezesi:**  
  $6CO₂ + 6H₂O + \text{Ekitaangaala} \rightarrow C₆H₁₂O₆ + 6O₂$  
- **Okussa:**  
  $C₆H₁₂O₆ + 6O₂ \rightarrow 6CO₂ + 6H₂O + \text{Amaanyi (ATP)}$  

---

**Kikuta ky'ekikolwa mu embeera y'obutonde:**  
- **Ekifotoosentezesi** ekyongeza **kaboni dayokisaidi (CO₂)** n'**amazzi (H₂O)** kusobola **glukoza (C₆H₁₂O₆)** n'**okisijeni (O₂)**.  
- **Okussa** ekyongeza **glukoza (C₆H₁₂O₆)** n'**okisijeni (O₂)** kusobola **kaboni dayokisaidi (CO₂)** n'**amazzi (H₂O)**.  
- Ekyongeza ku **embeera y'obutonde** (carbon cycle), oba oba **ekikuta ky'ekikolwa** (energy flow).  

---

**Kikuta ky'ekikolwa mu kikuta ky'ekifotoosentezesi n'okussa:**  
- **Ekifotoosentezesi** ekyongeza **ekitangaala** kusobola **ekikolwa** (energy) mu **glukoza**.  
- **Okussa** ekyongeza **glukoza** n'**okisijeni** kusobola **amaanyi (ATP)**, oba oba **ekikolwa** (energy) mu **obuwangaazi**.  

---

**Kikuta ky'ekikolwa mu kikuta ky'ekifotoosentezesi n'okussa:**  
- **Ekifotoosentezesi** ekyongeza **kaboni dayokisaidi (CO₂)** n'**amazzi (H₂O)** kusobola **glukoza (C₆H₁₂O₆)** n'**okisijeni (O₂)**.  
- **Okussa** ekyongeza **glukoza (C₆H₁₂O₆)** n'**okisijeni (O₂)** kusobola **kaboni dayokisaidi (CO₂)** n'**amazzi (H₂O)**.  
- Ekyongeza ku **embeera y'obutonde** (carbon cycle), oba oba **ekikuta ky'ekikolwa** (energy flow).  

---

**Kikuta ky'ekikolwa mu kikuta ky'ekifotoosentezesi n'okussa:**  
- **Ekifotoosentezesi** ekyongeza **ekitangaala** kusobola **ekikolwa** (energy) mu **glukoza**.  
- **Okussa** ekyongeza **glukoza** n'**okisijeni** kusobola **amaanyi (ATP)**, oba oba **ekikolwa** (energy) mu **obuwangaazi**.  

---

**Kikuta ky'ekikolwa mu kikuta ky'ekifotoosentezesi n'okussa:**  
- **Ekifotoosentezesi** ekyongeza **kaboni dayokisaidi (CO₂)** n'**amazzi (H₂O)** kusobola **glukoza (C₆H₁₂O₆)** n'**okisijeni (O₂)**.  
- **Okussa** ekyongeza **glukoza (C₆H₁₂O₆)** n'**okisijeni (O₂)** kusobola **kaboni dayokisaidi (CO₂)** n'**amazzi (H₂O)**.  
- Ekyongeza ku **embeera y'obutonde** (carbon cycle), oba oba **ekikuta ky'ekikolwa** (energy flow).  

---

**Kikuta ky'ekikolwa mu kikuta ky'ekifotoosentezesi n'okussa:**  
- **Ekifotoosentezesi** ekyongeza **ekitangaala** kusobola **ekikolwa** (energy) mu **glukoza**.  
- **Okussa** ekyongeza **glukoza** n'**okisijeni** kusobola **amaanyi (ATP)**, oba oba **ekikolwa** (energy) mu **obuwangaazi**.  

---

**Kikuta ky'ekikolwa mu kikuta ky'ekifotoosentezesi n'okussa:**  
- **Ekifotoosentezesi** ekyongeza **kaboni dayokisaidi (CO₂)** n'**amazzi (H₂O)** kusobola **glukoza (C₆H₁₂O₆)** n'**okisijeni (O₂)**.  
- **Okussa** ekyongeza **glukoza (C₆H₁₂O₆)** n'**okisijeni (O₂)** kusobola **kaboni dayokisaidi (CO₂)** n'**amazzi (H₂O)**.  
- Ekyongeza ku **embeera y'obutonde** (carbon cycle), oba oba **ekikuta ky'ekikolwa** (energy flow).  

---

**Kikuta ky'ekikolwa mu kikuta ky'ekifotoosentezesi n'okussa:**  
- **Ekifotoosentezesi** ekyongeza **ekitangaala** kusobola **ekikolwa** (energy) mu **glukoza**.  
- **Okussa** ekyongeza **glukoza** n'**okisijeni** kusobola **amaanyi (ATP)**, oba oba **ekikolwa** (energy) mu **obuwangaazi**.  

---

**Kikuta ky'ekikolwa mu kikuta ky'ekifotoosentezesi n'okussa:**  
- **Ekifotoosentezesi** ekyongeza **kaboni dayokisaidi (CO₂)** n'**amazzi (H₂O)** kusobola **glukoza (C₆H₁₂O₆)** n'**okisijeni (O₂)**.  
- **Okussa** ekyongeza **glukoza (C₆H₁₂O₆)** n'**okisijeni (O₂)** kusobola **kaboni dayokisaidi (CO₂)** n'**amazzi (H₂O)**.  
- Ekyongeza ku **embeera y'obutonde** (carbon cycle), oba oba **ekikuta ky'ekikolwa** (energy flow).  

---

**Kikuta ky'ekikolwa mu kikuta ky'ekifotoosentezesi n'okussa:**  
- **Ekifotoosentezesi** ekyongeza **ekitangaala** kusobola **ekikolwa** (energy) mu **glukoza**.  
- **Okussa** ekyongeza **glukoza** n'**okisijeni** kusobola **amaanyi (ATP)**, oba oba **ekikolwa** (energy) mu **obuwangaazi**.  

---

**Kikuta ky'ekikolwa mu kikuta ky'ekifotoosentezesi n'okussa:**  
- **Ekifotoosentezesi** ekyongeza **kaboni dayokisaidi (CO₂)** n'**amazzi (H₂O)** kusobola **glukoza (C₆H₁₂O₆)** n'**okisijeni (O₂)**.  
- **Okussa** ekyongeza **glukoza (C₆H₁₂O₆)** n'**okisijeni (O₂)** kusobola **kaboni dayokisaidi (CO₂)** n'**amazzi (H₂O)**.  
- Ekyongeza ku **embeera y'obutonde** (carbon cycle), oba oba **ekikuta ky'ekikolwa** (energy flow).  

---

**Kikuta ky'ekikolwa mu kikuta ky'ekifotoosentezesi n'okussa:**  
- **Ekifotoosentezesi** ekyongeza **ekitangaala** kusobola **ekikolwa** (energy) mu **glukoza**.  
- **Okussa** ekyongeza **glukoza** n'**okisijeni** kusobola **amaanyi (ATP)**, oba oba **ekikolwa** (energy) mu **obuwangaazi**.  

---

**Kikuta ky'ekikolwa mu kikuta ky'ekifotoosentezesi n'okussa:**  
- **Ekifotoosentezesi** ekyongeza **kaboni dayokisaidi (CO₂)** n'**amazzi (H₂O)** kusobola **glukoza (C₆H₁₂O₆)** n'**okisijeni (O₂)**.  
- **Okussa** ekyongeza **glukoza (C₆H₁₂O₆)** n'**okisijeni (O₂)** kusobola **kaboni dayokisaidi (CO₂)** n'**amazzi (H₂O)**.  
- Ekyongeza ku **embeera y'obutonde** (carbon cycle), oba oba **ekikuta ky'ekikolwa** (energy flow).  

---

**Kikuta ky'ekikolwa mu kikuta ky'ekifotoosentezesi n'okussa:**  
- **Ekifotoosentezesi** ekyongeza **ekitangaala** kusobola **ekikolwa** (energy) mu **glukoza**.  
- **Okussa** ekyongeza **glukoza** n'**okisijeni** kusobola **amaanyi (ATP)**, oba oba **ekikolwa** (energy) mu **obuwangaazi**.  

---

**Kikuta ky'ekikolwa mu kikuta ky'ekifotoosentezesi n'okussa:**  
- **Ekifotoosentezesi**",True
A,"**Answer:**  
**C. Enjawulo wakati w'omulimu gwa enzaimu eyeenyigira mu kumenya sipiira bbiri ezizingiddwa.**

**Explanation:**  
Fludarabine inhibits **DNA primase**, an enzyme crucial for synthesizing RNA primers required to initiate DNA replication. DNA primase creates short RNA primers that DNA polymerase uses to start synthesizing the complementary DNA strand. By inhibiting this enzyme, Fludarabine prevents the initiation of DNA replication, effectively halting the proliferation of cancer cells. 

- **Option C** correctly identifies the disruption of the enzyme (DNA primase) responsible for synthesizing the RNA primer, which is essential for DNA replication.  
- Other options incorrectly reference enzymes like RNA polymerase (A), DNA polymerase (B/D), or hydrogen bond formation (D), which are not the primary targets of Fludarabine. 

Thus, **C** is the most accurate choice based on the mechanism described.",True
B,"**Ebibuuzo 1-4: Okutegeera mu Nnukuta za Sayansi**  
1. **Obunene bw'Enjuba** = 1.392 × 10⁹ m  
2. **Obuzito bw'akatoffaali ka electroni** = 9.11 × 10⁻³¹ kg  
3. **Omugendo gw'ekitangaala** = 2.99792458 × 10⁸ m/s  
4. **Obunene bwa virus** = 2.0 × 10⁻⁸ m  

**Ebibuuzo 5-6: Okukola Embalirira**  
5. **Okugatta obunene bw'Enjuba n'omugendo gw'ekitangaala**  
   - Obunene: 1.392 × 10⁹ m  
   - Omugendo: 2.99792458 × 10⁸ m/s → 0.299792458 × 10⁹ m/s  
   - **Ekiddamu**: 1.392 × 10⁹ + 0.299792458 × 10⁹ = **1.691792458 × 10⁹ m** (Kino kisangida mu mita, kati kwe kisangida mu mita/maka, kino kisangida mu mita).  

6. **Okukubisa obuzito bw'akatoffaali ka electroni n'obunene bwa virus**  
   - Obuzito: 9.11 × 10⁻³¹ kg  
   - Obunene: 2.0 × 10⁻⁸ m  
   - **Ekiddamu**: (9.11 × 2.0) × 10⁻³¹⁺⁻⁸ = **1.822 × 10⁻³⁸ kg·m**  

**Nnukuta za Sayansi (Scientific Notation)**  
- **1.392 × 10⁹ m**  
- **9.11 × 10⁻³¹ kg**  
- **2.99792458 × 10⁸ m/s**  
- **2.0 × 10⁻⁸ m**  
- **1.691792458 × 10⁹ m**  
- **1.822 × 10⁻³⁸ kg·m**  

**Kozesa Nnukuta za Sayansi**  
- **1.392 × 10⁹ m**  
- **9.11 × 10⁻³¹ kg**  
- **2.99792458 × 10⁸ m/s**  
- **2.0 × 10⁻⁸ m**  
- **1.691792458 × 10⁹ m**  
- **1.822 × 10⁻³⁸ kg·m**  

**Ekibala kya Sayansi**  
- **1.392 × 10⁹ m**  
- **9.11 × 10⁻³¹ kg**  
- **2.99792458 × 10⁸ m/s**  
- **2.0 × 10⁻⁸ m**  
- **1.691792458 × 10⁹ m**  
- **1.822 × 10⁻³⁸ kg·m**  

**Nnukuta za Sayansi (Scientific Notation)**  
- **1.392 × 10⁹ m**  
- **9.11 × 10⁻³¹ kg**  
- **2.99792458 × 10⁸ m/s**  
- **2.0 × 10⁻⁸ m**  
- **1.691792458 × 10⁹ m**  
- **1.822 × 10⁻³⁸ kg·m**  

**Kozesa Nnukuta za Sayansi**  
- **1.392 × 10⁹ m**  
- **9.11 × 10⁻³¹ kg**  
- **2.99792458 × 10⁸ m/s**  
- **2.0 × 10⁻⁸ m**  
- **1.691792458 × 10⁹ m**  
- **1.822 × 10⁻³⁸ kg·m**  

**Ekibala kya Sayansi**  
- **1.392 × 10⁹ m**  
- **9.11 × 10⁻³¹ kg**  
- **2.99792458 × 10⁸ m/s**  
- **2.0 × 10⁻⁸ m**  
- **1.691792458 × 10⁹ m**  
- **1.822 × 10⁻³⁸ kg·m**  

**Nnukuta za Sayansi (Scientific Notation)**  
- **1.392 × 10⁹ m**  
- **9.11 × 10⁻³¹ kg**  
- **2.99792458 × 10⁸ m/s**  
- **2.0 × 10⁻⁸ m**  
- **1.691792458 × 10⁹ m**  
- **1.822 × 10⁻³⁸ kg·m**  

**Kozesa Nnukuta za Sayansi**  
- **1.392 × 10⁹ m**  
- **9.11 × 10⁻³¹ kg**  
- **2.99792458 × 10⁸ m/s**  
- **2.0 × 10⁻⁸ m**  
- **1.691792458 × 10⁹ m**  
- **1.822 × 10⁻³⁸ kg·m**  

**Ekibala kya Sayansi**  
- **1.392 × 10⁹ m**  
- **9.11 × 10⁻³¹ kg**  
- **2.99792458 × 10⁸ m/s**  
- **2.0 × 10⁻⁸ m**  
- **1.691792458 × 10⁹ m**  
- **1.822 × 10⁻³⁸ kg·m**  

**Nnukuta za Sayansi (Scientific Notation)**  
- **1.392 × 10⁹ m**  
- **9.11 × 10⁻³¹ kg**  
- **2.99792458 × 10⁸ m/s**  
- **2.0 × 10⁻⁸ m**  
- **1.691792458 × 10⁹ m**  
- **1.822 × 10⁻³⁸ kg·m**  

**Kozesa Nnukuta za Sayansi**  
- **1.392 × 10⁹ m**  
- **9.11 × 10⁻³¹ kg**  
- **2.99792458 × 10⁸ m/s**  
- **2.0 × 10⁻⁸ m**  
- **1.691792458 × 10⁹ m**  
- **1.822 × 10⁻³⁸ kg·m**  

**Ekibala kya Sayansi**  
- **1.392 × 10⁹ m**  
- **9.11 × 10⁻³¹ kg**  
- **2.99792458 × 10⁸ m/s**  
- **2.0 × 10⁻⁸ m**  
- **1.691792458 × 10⁹ m**  
- **1.822 × 10⁻³⁸ kg·m**  

**Nnukuta za Sayansi (Scientific Notation)**  
- **1.392 × 10⁹ m**  
- **9.11 × 10⁻³¹ kg**  
- **2.99792458 × 10⁸ m/s**  
- **2.0 × 10⁻⁸ m**  
- **1.691792458 × 10⁹ m**  
- **1.822 × 10⁻³⁸ kg·m**  

**Kozesa Nnukuta za Sayansi**  
- **1.392 × 10⁹ m**  
- **9.11 × 10⁻³¹ kg**  
- **2.99792458 × 10⁸ m/s**  
- **2.0 × 10⁻⁸ m**  
- **1.691792458 × 10⁹ m**  
- **1.822 × 10⁻³⁸ kg·m**  

**Ekibala kya Sayansi**  
- **1.392 × 10⁹ m**  
- **9.11 × 10⁻³¹ kg**  
- **2.99792458 × 10⁸ m/s**  
- **2.0 × 10⁻⁸ m**  
- **1.691792458 × 10⁹ m**  
- **1.822 × 10⁻³⁸ kg·m**  

**Nnukuta za Sayansi (Scientific Notation)**  
- **1.392 × 10⁹ m**  
- **9.11 × 10⁻³¹ kg**  
- **2.99792458 × 10⁸ m/s**  
- **2.0 × 10⁻⁸ m**  
- **1.691792458 × 10⁹ m**  
- **1.822 × 10⁻³⁸ kg·m**  

**Kozesa Nnukuta za Sayansi**  
- **1.392 × 10⁹ m**  
- **9.11 × 10⁻³¹ kg**  
- **2.99792458 × 10⁸ m/s**  
- **2.0 × 10⁻⁸ m**  
- **1.691792458 × 10⁹ m**  
- **1.822 × 10⁻³⁸ kg·m**  

**Ekibala kya Sayansi**  
- **1.392 × 10⁹ m**  
- **9.11 × 10⁻³¹ kg**  
- **2.99792458 × 10⁸ m/s**  
- **2.0 × 10⁻⁸ m**  
- **1.691792458 × 10⁹ m**  
- **1.822 × 10⁻³⁸ kg·m**  

**Nnukuta za Sayansi (Scientific Notation)**  
- **1.392 × 10⁹ m**  
- **9.11 × 10⁻³¹ kg**  
- **2.99792458 ×",True
B,"**Nukuta Y'ekyanulo Kyo:**

1. **D**  
   *Mu biseera by’okuzannya obwereere mu luggya, Soledad akuba ensigo mu ngalo ze nagamba: “Nneneenya.”*  
   (Kino kikozesebwa okutegeera obutonde obw’ensi obw’ekigendererwa mu kunoonyereza.)

2. **B**  
   *Nga bali mu bubiri bubiri, baawula omugatte nga bakozesa obukodyo bwe balaba nga butuufu, era balambulula okutuuka ku kigero ki obusobozi bwabwe okukola ekyo bwe bwali.*  
   (Kino kikozesebwa okutegeera obutonde obw’ensi obw’ekigendererwa mu kunoonyereza.)

3. **C**  
   *Nga buli omu ku lwabwe, bawa ebirowoozo byabwe ebyasooka ku nkola ey’okugoberera, ne bateekawo enkola ey’awamu, oluvannyuma ne bagissa mu nkola.*  
   (Kino kikozesebwa okutegeera obutonde obw’ensi obw’ekigendererwa mu kunoonyereza.)

4. **D**  
   *Kinnoomu kinnoomu, bagoberera enkola omusomesa gy’abalaze okwawula omutabulo ate oluvannyuma ne balaga tekinologiya ki ey’okwawula eyakozesebwa mu buli mbeera.*  
   (Kino kikozesebwa okutegeera obutonde obw’ensi obw’ekigendererwa mu kunoonyereza.)

5. **B**  
   *Nga bali mu bubiri bubiri, baawula omugatte nga bakozesa obukodyo bwe balaba nga butuufu, era balambulula okutuuka ku kigero ki obusobozi bwabwe okukola ekyo bwe bwali.*  
   (Kino kikozesebwa okutegeera obutonde obw’ensi obw’ekigendererwa mu kunoonyereza.)

6. **D**  
   *Mu biseera by’okuzannya obwereere mu luggya, Soledad akuba ensigo mu ngalo ze nagamba: “Nneneenya.”*  
   (Kino kikozesebwa okutegeera obutonde obw’ensi obw’ekigendererwa mu kunoonyereza.)

7. **C**  
   *Nga buli omu ku lwabwe, bawa ebirowoozo byabwe ebyasooka ku nkola ey’okugoberera, ne bateekawo enkola ey’awamu, oluvannyuma ne bagissa mu nkola.*  
   (Kino kikozesebwa okutegeera obutonde obw’ensi obw’ekigendererwa mu kunoonyereza.)

8. **C**  
   *Nga buli omu ku lwabwe, bawa ebirowoozo byabwe ebyasooka ku nkola ey’okugoberera, ne bateekawo enkola ey’awamu, oluvannyuma ne bagissa mu nkola.*  
   (Kino kikozesebwa okutegeera obutonde obw’ensi obw’ekigendererwa mu kunoonyereza.)

9. **B**  
   *Nga bali mu bubiri bubiri, baawula omugatte nga bakozesa obukodyo bwe balaba nga butuufu, era balambulula okutuuka ku kigero ki obusobozi bwabwe okukola ekyo bwe bwali.*  
   (Kino kikozesebwa okutegeera obutonde obw’ensi obw’ekigendererwa mu kunoonyereza.)

10. **D**  
    *Kinnoomu kinnoomu, bagoberera enkola omusomesa gy’abalaze okwawula omutabulo ate oluvannyuma ne balaga tekinologiya ki ey’okwawula eyakozesebwa mu buli mbeera.*  
    (Kino kikozesebwa okutegeera obutonde obw’ensi obw’ekigendererwa mu kunoonyereza.)

**Kasooka:**  
- Bamu ekigendererwa ky’ekibiina mu kunoonyereza (Kinematics) kikozesebwa ku **D** mu biseera by’okuzannya obwereere mu luggya.  
- Omusomesa ayagala okuteekawo enkola ey’awamu n’okozesa tekinologiya (B, C, D) mu kunoonyereza.  
- Kino kikozesebwa ku **B** mu kiseera ky’ekyemisana (Pablo) n’ekiseera ky’okuyiga (Santiago).  

**Kasooloolwa:**  
- Bamu ekigendererwa ky’ekibiina kikozesebwa ku **D** mu kiseera ky’okuzannya obwereere mu luggya.  
- Omusomesa ayagala okuteekawo enkola ey’awamu n’okozesa tekinologiya (B, C, D) mu kunoonyereza.",True
B,"**Answer:**  
**D. Mu biseera by’okuzannya obwereere mu luggya, Soledad akuba ensigo mu ngalo ze nagamba: “Nneneenya”**  

**Explanation:**  
The question asks which option best illustrates the literary technique of **symbolism** or **subtext** in dialogue. The correct answer is **D** because it uses the phrase **“Nneneenya”** (a Lusoga expression meaning ""I am tired"" or ""I can't take it anymore"") to symbolize deeper emotional or situational tension. This phrase, spoken by Soledad in a moment of despair, encapsulates unspoken struggles, adding layers of meaning to the narrative.  

- **Why D is correct:**  
  - The dialogue in **D** is not just literal but carries **emotional weight** and **cultural resonance**. The phrase “Nneneenya” reflects the character’s internal conflict or societal pressures, making it a powerful example of **symbolic language**.  
  - It aligns with the literary concept of **“showing, not telling”**, where characters’ words subtly convey themes like resilience, exhaustion, or resistance.  

- **Why other options are incorrect:**  
  - **A** and **B** focus on direct actions (e.g., Santiago fighting, Pablo being called) without symbolic depth.  
  - **C** describes a physical action (María picking up a knife) but lacks the layered meaning present in **D**.  

**Key Literary Device:**  
**Symbolism** – Using dialogue or objects to represent abstract ideas (e.g., “Nneneenya” symbolizing emotional burden).  

This technique enriches the narrative by inviting readers to interpret hidden meanings, making **D** the most nuanced and thematically significant choice.",True
C,"**Answers and Explanations:**

1. **Question 1 (Correct Answer: D)**  
   **Explanation:** The scenario in option D (""Soledad uses a knife to cut something and says 'Nneneenya'"") best illustrates the survival context described in the passage. The knife (a tool for cutting) is directly tied to the survival theme, and the phrase ""Nneneenya"" (a call for help or urgency) aligns with the tension of the situation. This matches the story's focus on using specific tools (e.g., knife, stone) to overcome challenges.

2. **Question 2 (Correct Answer: C)**  
   **Explanation:** Option C emphasizes active student participation through activities (e.g., role-playing, experiments) to connect abstract concepts (theoretical knowledge) with real-world applications (practical knowledge). This method addresses the student's confusion by bridging the gap between theory and practice, as described in the question.

3. **Question 3 (Correct Answer: B)**  
   **Explanation:** The teacher in option B clarifies the distinction between practical and theoretical knowledge. By stating that practical knowledge is applied in real situations (e.g., using a knife to survive) and theoretical knowledge is about understanding concepts (e.g., learning about tools in class), the teacher resolves the student's confusion effectively.

4. **Question 4 (Correct Answer: D)**  
   **Explanation:** Option D describes a step-by-step teaching approach (e.g., starting with observation, then analysis, and finally application). This method aligns with the student's struggle to complete a task, as it breaks down complex tasks into manageable steps, fostering gradual understanding and skill development.

**Final Answers:**  
1. **D**  
2. **C**  
3. **B**  
4. **D**",True
A,"**Jawabu mu Lusoga:**

**Ekibuuzo 1:**  
**Jawabu: D**  
**Ekyetaaga:** Ekigendererwa kino ekisooka ku **okutegeera obwongo n’omulimu** (descriptive writing). Ekigendererwa kino ekyakuyambye okutegeera **ebifaananyi by’ebibala** (sensory details) n’okukiraba nti **ebbugga lya kyenvu**, **ppere lya matamiivu**, n’omucungwa guwoomerevu. Ekibuuzo D ekyetaaga Soledad akuba ensigo mu ngalo n’agamba “Nneneenya,” kino ekyakuyambye okutegeera **ebifaananyi by’ebibala** (maka, obuyengero, obuyengero obusanyufu) n’okukiraba nti **ekikuta ky’ebbugga kirungiirivu** (maka y’obuyengero obusanyufu).  

---

**Ekibuuzo 2:**  
**Jawabu: B**  
**Ekyetaaga:** Ekigendererwa kino ekisooka ku **okutegeera obwongo n’omulimu** (descriptive writing). Ekigendererwa kino ekyakuyambye okutegeera **ebifaananyi by’ebibala** (sensory details) n’okukiraba nti **ekikuta ky’ebbugga kirungiirivu** (maka y’obuyengero obusanyufu). Ekibuuzo B ekyetaaga Pablo atunuulira akajiiko n’alaba ekifaananyi kye ng’akyeyoleka agamba “Laba, Pablo!” kino ekyakuyambye okutegeera **ebifaananyi by’ebibala** (maka y’obuyengero obusanyufu) n’okukiraba nti **ekikuta ky’ebbugga kirungiirivu** (maka y’obuyengero obusanyufu).  

---

**Ekibuuzo 3:**  
**Jawabu: B**  
**Ekyetaaga:** Ekigendererwa kino ekisooka ku **okutegeera obwongo n’omulimu** (descriptive writing). Ekigendererwa kino ekyakuyambye okutegeera **ebifaananyi by’ebibala** (sensory details) n’okukiraba nti **ekikuta ky’ebbugga kirungiirivu** (maka y’obuyengero obusanyufu). Ekibuuzo B ekyetaaga Pablo atunuulira akajiiko n’alaba ekifaananyi kye ng’akyeyoleka agamba “Laba, Pablo!” kino ekyakuyambye okutegeera **ebifaananyi by’ebibala** (maka y’obuyengero obusanyufu) n’okukiraba nti **ekikuta ky’ebbugga kirungiirivu** (maka y’obuyengero obusanyufu).  

---

**Ekibuuzo 4:**  
**Jawabu: B**  
**Ekyetaaga:** Ekigendererwa kino ekisooka ku **okutegeera obwongo n’omulimu** (descriptive writing). Ekigendererwa kino ekyakuyambye okutegeera **ebifaananyi by’ebibala** (sensory details) n’okukiraba nti **ekikuta ky’ebbugga kirungiirivu** (maka y’obuyengero obusanyufu). Ekibuuzo B ekyetaaga Pablo atunuulira akajiiko n’alaba ekifaananyi kye ng’akyeyoleka agamba “Laba, Pablo!” kino ekyakuyambye okutegeera **ebifaananyi by’ebibala** (maka y’obuyengero obusanyufu) n’okukiraba nti **ekikuta ky’ebbugga kirungiirivu** (maka y’obuyengero obusanyufu).  

---

**Ekibuuzo 5:**  
**Jawabu: B**  
**Ekyetaaga:** Ekigendererwa kino ekisooka ku **okutegeera obwongo n’omulimu** (descriptive writing). Ekigendererwa kino ekyakuyambye okutegeera **ebifaananyi by’ebibala** (sensory details) n’okukiraba nti **ekikuta ky’ebbugga kirungiirivu** (maka y’obuyengero obusanyufu). Ekibuuzo B ekyetaaga Pablo atunuulira akajiiko n’alaba ekifaananyi kye ng’akyeyoleka agamba “Laba, Pablo!” kino ekyakuyambye okutegeera **ebifaananyi by’ebibala** (maka y’obuyengero obusanyufu) n’okukiraba nti **ekikuta ky’ebbugga kirungiirivu** (maka y’obuyengero obusanyufu).  

---

**Ekibuuzo 6:**  
**Jawabu: B**  
**Ekyetaaga:** Ekigendererwa kino ekisooka ku **okutegeera obwongo n’omulimu** (descriptive writing). Ekigendererwa kino ekyakuyambye okutegeera **ebifaananyi by’ebibala** (sensory details) n’okukiraba nti **ekikuta ky’ebbugga kirungiirivu** (maka y’obuyengero obusanyufu). Ekibuuzo B ekyetaaga Pablo atunuulira akajiiko n’alaba ekifaananyi kye ng’akyeyoleka agamba “Laba, Pablo!” kino ekyakuyambye okutegeera **ebifaananyi by’ebibala** (maka y’obuyengero obusanyufu) n’okukiraba nti **ekikuta ky’ebbugga kirungiirivu** (maka y’obuyengero obusanyufu).  

---

**Ekibuuzo 7:**  
**Jawabu: B**  
**Ekyetaaga:** Ekigendererwa kino ekisooka ku **okutegeera obwongo n’omulimu** (descriptive writing). Ekigendererwa kino ekyakuyambye okutegeera **ebifaananyi by’ebibala** (sensory details) n’okukiraba nti **ekikuta ky’ebbugga kirungiirivu** (maka y’obuyengero obusanyufu). Ekibuuzo B ekyetaaga Pablo atunuulira akajiiko n’alaba ekifaananyi kye ng’akyeyoleka agamba “Laba, Pablo!” kino ekyakuyambye okutegeera **ebifaananyi by’ebibala** (maka y’obuyengero obusanyufu) n’okukiraba nti **ekikuta ky’ebbugga kirungiirivu** (maka y’obuyengero obusanyufu).  

---

**Ekibuuzo 8:**  
**Jawabu: B**  
**Ekyetaaga:** Ekigendererwa kino ekisooka ku **okutegeera obwongo n’omulimu** (descriptive writing). Ekigendererwa kino ekyakuyambye okutegeera **ebifaananyi by’ebibala** (sensory details) n’okukiraba nti **ekikuta ky’ebbugga kirungiirivu** (maka y’obuyengero obusanyufu). Ekibuuzo B ekyetaaga Pablo atunuulira akajiiko n’alaba ekifaananyi kye ng’akyeyoleka agamba “Laba, Pablo!” kino ekyakuyambye okutegeera **ebifaananyi by’ebibala** (maka y’obuyengero obusanyufu) n’okukiraba nti **ekikuta ky’ebbugga kirungiirivu** (maka y’obuyengero obusanyufu).  

---

**Ekibuuzo 9:**  
**Jawabu: B**  
**Ekyetaaga:** Ekigendererwa kino ekisooka ku **okutegeera obwongo n’omulimu** (descriptive writing). Ekigendererwa kino ekyakuyambye okutegeera **ebifaananyi by’ebibala** (sensory details) n’okukiraba nti **ekikuta ky’ebbugga kirungiirivu** (maka y’obuyengero obusanyufu). Ekibuuzo B ekyetaaga Pablo atunuulira akajiiko n’alaba ekifaananyi kye ng’akyeyoleka agamba “Laba, Pablo!” kino ekyakuyambye okutegeera **ebifaananyi by’ebibala** (maka y’obuyengero obusanyufu) n’okukiraba nti **ekikuta ky’ebbugga kirungiirivu** (maka y’obuyengero obusanyufu).  

---

**Ekibuuzo 10:**  
**Jawabu: B**  
**Ekyetaaga:** Ekigendererwa kino ekisooka ku **okutegeera obwongo n’omulimu** (descriptive writing). Ekigendererwa kino ekyakuyambye okutegeera **ebifaananyi by’ebibala** (sensory details) n’okukiraba nti **ekikuta ky’ebbugga kirungiirivu** (maka y’obuyengero obusanyufu). Ekibuuzo B ekyetaaga Pablo atunuulira akajiiko n’alaba ekifaananyi kye ng’akyeyoleka agamba “Laba, Pablo!” kino ekyakuyambye okutegeera **ebifaananyi by’ebibala** (maka y’obuyengero obusanyufu) n’okukiraba nti **ekikuta ky’ebbugga kirungiirivu** (maka y’obuyengero obusanyufu).  

---

**Ekibuuzo 11:**  
**Jawabu: B**  
**Ekyetaaga:** Ekigendererwa kino ekisooka ku **okutegeera obwongo n’omulimu** (descriptive writing). Ekigendererwa kino ekyakuyambye okutegeera **ebifaananyi by’ebibala** (sensory details) n’okukiraba nti **ekikuta ky’ebbugga kirungiirivu** (maka y’obuyengero obusanyufu). Ekibuuzo B ekyetaaga Pablo atunuulira akajiiko n’alaba ekifaananyi kye ng’akyeyoleka agamba “Laba, Pablo!” kino ekyakuyambye okutegeera **ebifaananyi by’ebibala** (maka y’obuyengero obusanyufu) n’okukiraba nti **ekikuta ky’ebbugga kirungiirivu** (maka y’obuyengero obusanyufu).  

---

**Ekibuuzo 12:**  
**Jawabu: B**  
**Ekyetaaga:** Ekigendererwa kino ekisooka ku **okutegeera obwongo n’omulimu** (descriptive writing). Ekigendererwa kino ekyakuyambye okutegeera **ebifaananyi by’ebibala** (sensory details) n’okukiraba nti **ekikuta ky’ebbugga kirungiirivu** (maka y’obuyengero obusanyufu). Ekibuuzo B ekyetaaga Pablo atunuulira akajiiko n’alaba ekifaananyi kye ng’akyeyoleka agamba “Laba, Pablo!” kino ekyakuyambye okutegeera **ebifaananyi by’ebibala** (maka y’obuyengero obusanyufu) n’okukiraba nti **ekikuta ky’ebbugga kirungiirivu** (maka y’obuyengero obusanyufu).  

---

**Ekibuuzo 13:**  
**Jawabu: B**  
**Ekyetaaga:** Ekigendererwa kino ekisooka ku **okutegeera obwongo n’omulimu** (descriptive writing). Ekigendererwa kino ekyakuyambye okutegeera **ebifaananyi by’ebibala** (sensory details) n’okukiraba nti **ekikuta ky’ebbugga kirungiirivu** (maka y’obuyengero obusanyufu). Ekibuuzo B ekyetaaga Pablo atunuulira akajiiko n’alaba ekifaananyi kye ng’akyeyoleka agamba “Laba, Pablo!” kino ekyakuyambye okutegeera **ebifaananyi by’ebibala** (maka y’obuyengero obusanyufu) n’okukiraba nti **ekikuta ky’ebbugga kirungiirivu** (maka y’obuyengero obusanyufu).  

---

**Ekibuuzo 14:**  
**Jawabu: B**  
**Ekyetaaga:** Ekigendererwa kino ekisooka ku **okutegeera obwongo n’omulimu** (descriptive writing). Ekigendererwa kino ekyakuyambye okutegeera **ebifaananyi by’ebibala** (sensory details) n’okukiraba nti **ekikuta ky’ebbugga kirungiirivu** (",True
B,"**B.** Mu kiseera ky’ekyemisana, Pablo atunuulira akajiiko era bw’alaba ekifaananyi kye ng’akyeyoleka agamba: “Laba, Pablo!”

**Explanation:**  
The question asks which scenario best illustrates the application of Newton's laws to real-life situations. Newton's third law (action-reaction) is most directly demonstrated here. When Pablo pushes the object (action), the environment (e.g., the ground or floor) provides an equal and opposite reaction force, enabling movement. This aligns with the principle that every action has an equal and opposite reaction, a core concept in Newtonian physics. The scenario in **B** clearly reflects this interaction in a relatable context, such as pushing an object while the environment reacts, making it the most accurate choice.",True
C,"**A. Nnyonnyola mu ngeri etali ya kubala ngeri Ensi yonna gye yakulaakulanaamu okusinziira ku Big Bang theory.**

**Explanation:**  
Ekigendererwa kino ekyokka ekisooka ku **okukola ekyo oba oba oba oba oba oba oba oba oba oba oba oba oba oba oba oba oba oba oba oba oba oba oba oba oba oba oba oba oba oba oba oba oba oba oba oba oba oba oba oba oba oba oba oba oba oba oba oba oba oba oba oba oba oba oba oba oba oba oba oba oba oba oba oba oba oba oba oba oba oba oba oba oba oba oba oba oba oba oba oba oba oba oba oba oba oba oba oba oba oba oba oba oba oba oba oba oba oba oba oba oba oba oba oba oba oba oba oba oba oba oba oba oba oba oba oba oba oba oba oba oba oba oba oba oba oba oba oba oba oba oba oba oba oba oba oba oba oba oba oba oba oba oba oba oba oba oba oba oba oba oba oba oba oba oba oba oba oba oba oba oba oba oba oba oba oba oba oba oba oba oba oba oba oba oba oba oba oba oba oba oba oba oba oba oba oba oba oba oba oba oba oba oba oba oba oba oba oba oba oba oba oba oba oba oba oba oba oba oba oba oba oba oba oba oba oba oba oba oba oba oba oba oba oba oba oba oba oba oba oba oba oba oba oba oba oba oba oba oba oba oba oba oba oba oba oba oba oba oba oba oba oba oba oba oba oba oba oba oba oba oba oba oba oba oba oba oba oba oba oba oba oba oba oba oba oba oba oba oba oba oba oba oba oba oba oba oba oba oba oba oba oba oba oba oba oba oba oba oba oba oba oba oba oba oba oba oba oba oba oba oba oba oba oba oba oba oba oba oba oba oba oba oba oba oba oba oba oba oba oba oba oba oba oba oba oba oba oba oba oba oba oba oba oba oba oba oba oba oba oba oba oba oba oba oba oba oba oba oba oba oba oba oba oba oba oba oba oba oba oba oba oba oba oba oba oba oba oba oba oba oba oba oba oba oba oba oba oba oba oba oba oba oba oba oba oba oba oba oba oba oba oba oba oba oba oba oba oba oba oba oba oba oba oba oba oba oba oba oba oba oba oba oba oba oba oba oba oba oba oba oba oba oba oba oba oba oba oba oba oba oba oba oba oba oba oba oba oba oba oba oba oba oba oba oba oba oba oba oba oba oba oba oba oba oba oba oba oba oba oba oba oba oba oba oba oba oba oba oba oba oba oba oba oba oba oba oba oba oba oba oba oba oba oba oba oba oba oba oba oba oba oba oba oba oba oba oba oba oba oba oba oba oba oba oba oba oba oba oba oba oba oba oba oba oba oba oba oba oba oba oba oba oba oba oba oba oba oba oba oba oba oba oba oba oba oba oba oba oba oba oba oba oba oba oba oba oba oba oba oba oba oba oba oba oba oba oba oba oba oba oba oba oba oba oba oba oba oba oba oba oba oba oba oba oba oba oba oba oba oba oba oba oba oba oba oba oba oba oba oba oba oba oba oba oba oba oba oba oba oba oba oba oba oba oba oba oba oba oba oba oba oba oba oba oba oba oba oba oba oba oba oba oba oba oba oba oba oba oba oba oba oba oba oba oba oba oba oba oba oba oba oba oba oba oba oba oba oba oba oba oba oba oba oba oba oba oba oba oba oba oba oba oba oba oba oba oba oba oba oba oba oba oba oba oba oba oba oba oba oba oba oba oba oba oba oba oba oba oba oba oba oba oba oba oba oba oba oba oba oba oba oba oba oba oba oba oba oba oba oba oba oba oba oba oba oba oba oba oba oba oba oba oba oba oba oba oba oba oba oba oba oba oba oba oba oba oba oba oba oba oba oba oba oba oba oba oba oba oba oba oba oba oba oba oba oba oba oba oba oba oba oba oba oba oba oba oba oba oba oba oba oba oba oba oba oba oba oba oba oba oba oba oba oba oba oba oba oba oba oba oba oba oba oba oba oba oba oba oba oba oba oba oba oba oba oba oba oba oba oba oba oba oba oba oba oba oba oba oba oba oba oba oba oba oba oba oba oba oba oba oba oba oba oba oba oba oba oba oba oba oba oba oba oba oba oba oba oba oba oba oba oba oba oba oba oba oba oba oba oba oba oba oba oba oba oba oba oba oba oba oba oba oba oba oba oba oba oba oba oba oba oba oba oba oba oba oba oba oba oba oba oba oba oba oba oba oba oba oba oba oba oba oba oba oba oba oba oba oba oba oba oba oba oba oba oba oba oba oba oba oba oba oba oba oba oba oba oba oba oba oba oba oba oba oba oba oba oba oba oba oba oba oba oba oba oba oba oba oba oba oba oba oba oba oba oba oba oba oba oba oba oba oba oba oba oba oba oba oba oba oba oba oba oba oba oba oba oba oba oba oba oba oba oba oba oba oba oba oba oba oba oba oba oba oba oba oba oba oba oba oba oba oba oba oba oba oba oba oba oba oba oba oba oba oba oba oba oba oba oba oba oba oba oba oba oba oba oba oba oba oba oba oba oba oba oba oba oba oba oba oba oba oba oba oba oba oba oba oba oba oba oba oba oba oba oba oba oba oba oba oba oba oba oba oba oba oba oba oba oba oba oba oba oba oba oba oba oba oba oba oba oba oba oba oba oba oba oba oba oba oba oba oba oba oba oba oba oba oba oba oba oba oba oba oba oba oba oba oba oba oba oba oba oba oba oba oba oba oba oba oba oba oba oba oba oba oba oba oba oba oba oba oba oba oba oba oba oba oba oba oba oba oba oba oba oba oba oba oba oba oba oba oba oba oba oba oba oba oba oba oba oba oba oba oba oba oba oba oba oba oba oba oba oba oba oba oba oba oba oba oba oba oba oba oba oba oba oba oba oba oba oba oba oba oba oba oba oba oba oba oba oba oba oba oba oba oba oba oba oba oba oba oba oba oba oba oba oba oba oba oba oba oba oba oba oba oba oba oba oba oba oba oba oba oba oba oba oba oba oba oba oba oba oba oba oba oba oba oba oba oba oba oba oba oba oba oba oba oba oba oba oba oba oba oba oba oba oba oba oba oba oba oba oba oba oba oba oba oba oba oba oba oba oba oba oba oba oba oba oba oba oba oba oba oba oba oba oba oba oba oba oba oba oba oba oba oba oba oba oba oba oba oba oba oba oba oba oba oba oba oba oba oba oba oba oba oba oba oba oba oba oba oba oba oba oba oba oba oba oba oba oba oba oba oba oba oba oba oba oba oba oba oba oba oba oba oba oba oba oba oba oba oba oba oba oba oba oba oba oba oba oba oba oba oba oba oba oba oba oba oba oba oba oba oba oba oba oba oba oba oba oba oba oba oba oba oba oba oba oba oba oba oba oba oba oba oba oba oba oba oba oba oba oba oba oba oba oba oba oba oba oba oba oba oba oba oba oba oba oba oba oba oba oba oba oba oba oba oba oba oba oba oba oba oba oba oba oba oba oba oba oba oba oba oba oba oba oba oba oba oba oba oba oba oba oba oba oba oba oba oba oba oba oba oba oba oba oba oba oba oba oba oba oba oba oba oba oba oba oba oba oba oba oba oba oba oba oba oba oba oba oba oba oba oba oba oba oba oba oba oba oba oba oba oba oba oba oba oba oba oba oba oba oba oba oba oba oba oba oba oba oba oba oba oba oba oba oba oba oba oba oba oba oba oba oba oba oba oba oba oba oba oba oba oba oba oba oba oba oba oba oba oba oba oba oba oba oba oba oba oba oba oba oba oba oba oba oba oba oba oba oba oba oba oba oba oba oba oba oba oba oba oba oba oba oba oba oba oba oba oba oba oba oba oba oba oba oba oba oba oba oba oba oba oba oba oba oba oba oba oba oba oba oba oba oba oba oba oba oba oba oba oba oba oba oba oba oba oba oba oba oba oba oba oba oba oba oba oba oba oba oba oba oba oba oba oba oba oba oba oba oba oba oba oba oba oba oba oba oba ob",True
B,D,True
D,"**Answer: A**

**Explanation:**  
The Doppler effect describes how the observed frequency of a wave changes when there is relative motion between the source and the observer. For sound waves:  
- **When the source moves *toward* the observer**, the sound waves compress, leading to a **higher observed frequency** (pitch increases). This is because the source ""catches up"" to its own waves, shortening the wavelength and increasing the frequency.  
- **When the source moves *away* from the observer**, the waves stretch, resulting in a **lower observed frequency** (pitch decreases).  

**Option A** correctly states that the frequency increases when the source moves toward the observer, as the waves compress.  
**Option B** is incorrect because it describes the scenario where the source moves *away*, not toward.  
**Options C and D** are invalid: the frequency does not remain the same (C), and the speed of sound in a medium is constant (D).  

Thus, **A** is the correct answer.",True
B,,True
A,"**A. Kozesa omugatte gwa Tyndall mu kintu ekikolebwa nga colloid.**

**Explanation:**  
Ku kiseera, omusomesa ayagala okutegeera nti colloids (gamba mayoneesi ne jelatiini) **obutengejja tebusobola kulabika** (Tyndall effect). Kino ekyeyitwa nga **ekikolebwa gwa Tyndall**, obulungi obw’okwawula obutonde obw’ekikulukusi (colloid) obulungi obw’okwawula obutonde obw’ekikulukusi (colloid) obulungi obw’okwawula obutonde obw’ekikulukusi (colloid) obulungi obw’okwawula obutonde obw’ekikulukusi (colloid) obulungi obw’okwawula obutonde obw’ekikulukusi (colloid) obulungi obw’okwawula obutonde obw’ekikulukusi (colloid) obulungi obw’okwawula obutonde obw’ekikulukusi (colloid) obulungi obw’okwawula obutonde obw’ekikulukusi (colloid) obulungi obw’okwawula obutonde obw’ekikulukusi (colloid) obulungi obw’okwawula obutonde obw’ekikulukusi (colloid) obulungi obw’okwawula obutonde obw’ekikulukusi (colloid) obulungi obw’okwawula obutonde obw’ekikulukusi (colloid) obulungi obw’okwawula obutonde obw’ekikulukusi (colloid) obulungi obw’okwawula obutonde obw’ekikulukusi (colloid) obulungi obw’okwawula obutonde obw’ekikulukusi (colloid) obulungi obw’okwawula obutonde obw’ekikulukusi (colloid) obulungi obw’okwawula obutonde obw’ekikulukusi (colloid) obulungi obw’okwawula obutonde obw’ekikulukusi (colloid) obulungi obw’okwawula obutonde obw’ekikulukusi (colloid) obulungi obw’okwawula obutonde obw’ekikulukusi (colloid) obulungi obw’okwawula obutonde obw’ekikulukusi (colloid) obulungi obw’okwawula obutonde obw’ekikulukusi (colloid) obulungi obw’okwawula obutonde obw’ekikulukusi (colloid) obulungi obw’okwawula obutonde obw’ekikulukusi (colloid) obulungi obw’okwawula obutonde obw’ekikulukusi (colloid) obulungi obw’okwawula obutonde obw’ekikulukusi (colloid) obulungi obw’okwawula obutonde obw’ekikulukusi (colloid) obulungi obw’okwawula obutonde obw’ekikulukusi (colloid) obulungi obw’okwawula obutonde obw’ekikulukusi (colloid) obulungi obw’okwawula obutonde obw’ekikulukusi (colloid) obulungi obw’okwawula obutonde obw’ekikulukusi (colloid) obulungi obw’okwawula obutonde obw’ekikulukusi (colloid) obulungi obw’okwawula obutonde obw’ekikulukusi (colloid) obulungi obw’okwawula obutonde obw’ekikulukusi (colloid) obulungi obw’okwawula obutonde obw’ekikulukusi (colloid) obulungi obw’okwawula obutonde obw’ekikulukusi (colloid) obulungi obw’okwawula obutonde obw’ekikulukusi (colloid) obulungi obw’okwawula obutonde obw’ekikulukusi (colloid) obulungi obw’okwawula obutonde obw’ekikulukusi (colloid) obulungi obw’okwawula obutonde obw’ekikulukusi (colloid) obulungi obw’okwawula obutonde obw’ekikulukusi (colloid) obulungi obw’okwawula obutonde obw’ekikulukusi (colloid) obulungi obw’okwawula obutonde obw’ekikulukusi (colloid) obulungi obw’okwawula obutonde obw’ekikulukusi (colloid) obulungi obw’okwawula obutonde obw’ekikulukusi (colloid) obulungi obw’okwawula obutonde obw’ekikulukusi (colloid) obulungi obw’okwawula obutonde obw’ekikulukusi (colloid) obulungi obw’okwawula obutonde obw’ekikulukusi (colloid) obulungi obw’okwawula obutonde obw’ekikulukusi (colloid) obulungi obw’okwawula obutonde obw’ekikulukusi (colloid) obulungi obw’okwawula obutonde obw’ekikulukusi (colloid) obulungi obw’okwawula obutonde obw’ekikulukusi (colloid) obulungi obw’okwawula obutonde obw’ekikulukusi (colloid) obulungi obw’okwawula obutonde obw’ekikulukusi (colloid) obulungi obw’okwawula obutonde obw’ekikulukusi (colloid) obulungi obw’okwawula obutonde obw’ekikulukusi (colloid) obulungi obw’okwawula obutonde obw’ekikulukusi (colloid) obulungi obw’okwawula obutonde obw’ekikulukusi (colloid) obulungi obw’okwawula obutonde obw’ekikulukusi (colloid) obulungi obw’okwawula obutonde obw’ekikulukusi (colloid) obulungi obw’okwawula obutonde obw’ekikulukusi (colloid) obulungi obw’okwawula obutonde obw’ekikulukusi (colloid) obulungi obw’okwawula obutonde obw’ekikulukusi (colloid) obulungi obw’okwawula obutonde obw’ekikulukusi (colloid) obulungi obw’okwawula obutonde obw’ekikulukusi (colloid) obulungi obw’okwawula obutonde obw’ekikulukusi (colloid) obulungi obw’okwawula obutonde obw’ekikulukusi (colloid) obulungi obw’okwawula obutonde obw’ekikulukusi (colloid) obulungi obw’okwawula obutonde obw’ekikulukusi (colloid) obulungi obw’okwawula obutonde obw’ekikulukusi (colloid) obulungi obw’okwawula obutonde obw’ekikulukusi (colloid) obulungi obw’okwawula obutonde obw’ekikulukusi (colloid) obulungi obw’okwawula obutonde obw’ekikulukusi (colloid) obulungi obw’okwawula obutonde obw’ekikulukusi (colloid) obulungi obw’okwawula obutonde obw’ekikulukusi (colloid) obulungi obw’okwawula obutonde obw’ekikulukusi (colloid) obulungi obw’okwawula obutonde obw’ekikulukusi (colloid) obulungi obw’okwawula obutonde obw’ekikulukusi (colloid) obulungi obw’okwawula obutonde obw’ekikulukusi (colloid) obulungi obw’okwawula obutonde obw’ekikulukusi (colloid) obulungi obw’okwawula obutonde obw’ekikulukusi (colloid) obulungi obw’okwawula obutonde obw’ekikulukusi (colloid) obulungi obw’okwawula obutonde obw’ekikulukusi (colloid) obulungi obw’okwawula obutonde obw’ekikulukusi (colloid) obulungi obw’okwawula obutonde obw’ekikulukusi (colloid) obulungi obw’okwawula obutonde obw’ekikulukusi (colloid) obulungi obw’okwawula obutonde obw’ekikulukusi (colloid) obulungi obw’okwawula obutonde obw’ekikulukusi (colloid) obulungi obw’okwawula obutonde obw’ekikulukusi (colloid) obulungi obw’okwawula obutonde obw’ekikulukusi (colloid) obulungi obw’okwawula obutonde obw’ekikulukusi (colloid) obulungi obw’okwawula obutonde obw’ekikulukusi (colloid) obulungi obw’okwawula obutonde obw’ekikulukusi (colloid) obulungi obw’okwawula obutonde obw’ekikulukusi (colloid) obulungi obw’okwawula obutonde obw’ekikulukusi (colloid) obulungi obw’okwawula obutonde obw’ekikulukusi (colloid) obulungi obw’okwawula obutonde obw’ekikulukusi (colloid) obulungi obw’okwawula obutonde obw’ekikulukusi (colloid) obulungi obw’okwawula obutonde obw’ekikulukusi (colloid) obulungi obw’okwawula obutonde obw’ekikulukusi (colloid) obulungi obw’okwawula obutonde obw’ekikulukusi (colloid) obulungi obw’okwawula obutonde obw’ekikulukusi (colloid) obulungi obw’okwawula obutonde obw’ekikulukusi (colloid) obulungi obw’okwawula obutonde obw’ekikulukusi (colloid) obulungi obw’okwawula obutonde obw’ekikulukusi (colloid) obulungi obw’okwawula obutonde obw’ekikulukusi (colloid) obulungi obw’okwawula obutonde obw’ekikulukusi (colloid) obulungi obw’okwawula obutonde obw’ekikulukusi (colloid) obulungi obw’okwawula obutonde obw’ekikulukusi (colloid) obulungi obw’okwawula obutonde obw’ekikulukusi (colloid) obulungi obw’okwawula obutonde obw’ekikulukusi (colloid) obulungi obw’okwawula obutonde obw’ekikulukusi (colloid) obulungi obw’okwawula obutonde obw’ekikulukusi (colloid) obulungi obw’okwawula obutonde obw’ekikulukusi (colloid) obulungi obw’okwawula obutonde obw’ekikulukusi (colloid) obulungi obw’okwawula obutonde obw’ekikulukusi (colloid) obulungi obw’okwawula obutonde obw’ekikulukusi (colloid) obulungi obw’okwawula obutonde obw’ekikulukusi (colloid) obulungi obw’okwawula obutonde obw’ekikulukusi (colloid) obulungi obw’okwawula obutonde obw’ekikulukusi (colloid) obulungi obw’okwawula obutonde obw’ekikulukusi (colloid) obulungi obw’okwawula obutonde obw’ekikulukusi (colloid) obulungi obw’okwawula obutonde obw’ekikulukusi (colloid) obulungi obw’okwawula obutonde obw’ekikulukusi (colloid) obulungi obw’okwawula obutonde obw’ekikulukusi (colloid) obulungi obw’okwawula obutonde obw’ekikulukusi (colloid) obulungi obw’okwawula obutonde obw’ekikulukusi (colloid) obulungi obw’okwawula obutonde obw’ekikulukusi (colloid) obulungi obw’okwawula obutonde obw’ekikulukusi (colloid) obulungi obw’okwawula obutonde obw’ekikulukusi (colloid) obulungi obw’okwawula obutonde obw’ekikulukusi (colloid) obulungi obw’okwawula obutonde obw’ekikulukusi (colloid) obulungi obw’okwawula obutonde obw’ekikulukusi (colloid) obulungi obw’okwawula obutonde obw’ekikulukusi (colloid) obulungi obw’okwawula obutonde obw’ekikulukusi (colloid) obulungi obw’okwawula obutonde obw’ekikulukusi (colloid) obulungi obw’okwawula obutonde obw’ekikulukusi (colloid) obulungi obw’okwawula obutonde obw’ekikulukusi (",True
C,"**B.**  
Omusomesa awandiika ku lubaawo oluwandiikira ebibuuzo eby'omutendera ku byuma ebirina oxygen era n'asaba abayizi okubituuma amannya, nga bakozesa amateeka g'empandiika ya Stock, oluvannyuma, baddamu ekibuuzo: ""Lwaki ebipooli by'ebyuma ebirina oxygen ebyogeddwaako birina amannya ag'enjawulo?""  

**Explanation:**  
- **Stock System (Stock Notation):** This method uses Roman numerals in parentheses to indicate the oxidation state of a metal in a compound (e.g., Iron(II) oxide for FeO, Iron(III) oxide for Fe₂O₃).  
- **Option B** directly aligns with the teacher's goal of helping students recognize the connection between the Stock system (Roman numerals) and the chemical formulas of metal oxides. By presenting problems where students apply Stock notation to name compounds and then derive their formulas, the teacher reinforces understanding of oxidation states and their role in chemical nomenclature.  
- Other options (A, C, D) focus on oxidation states, valency, or general chemical formulas but do not explicitly tie to the **Stock system** and its use of Roman numerals, which is the core of the question.  

**Correct Answer: B**",True
B,"**Answer: B**  

**Explanation:**  
The question asks which option best demonstrates the teacher's use of a specific method (ekigezo) to help students understand a scientific concept (ssaayansi). The key here is identifying the method that aligns with the described approach of **hands-on experimentation and comparative analysis**.  

- **Option B** describes students conducting experiments in different contexts using materials from home, then comparing their results with peers. This reflects a **practical, inquiry-based learning method** where students actively engage with the material, test hypotheses, and analyze outcomes. It emphasizes **critical thinking, collaboration, and real-world application**, which are central to scientific learning.  

- **Option C** focuses on observation in natural settings, which is valid but less aligned with the question's emphasis on structured experimentation and comparison.  
- **Option D** involves data analysis (e.g., oxygen in blood), which is more about interpreting results than the teaching method itself.  
- **Option A** mentions using soda to demonstrate a concept, but it lacks the comparative and experimental depth described in the question.  

**Why B is correct:**  
The method in **Option B** directly mirrors the teacher's role in guiding students to **apply scientific principles practically**, fostering understanding through experimentation and peer comparison. This aligns with the question's focus on a teaching approach that bridges theory and real-world application.",True
C,"**Jawabu: C. Okukiikirira okwawukana kw'ebintu ebirimu obusannyalaze**

**Tabyeyo:**  
Ekigendererwa kino ekyeyinza okutegeera obungi bw'ekintu (asidi) n'ennyingo y'ekibalangulo (besi) okusobola kutegeera pH mu bika bya asidi ne beesi. Okukiikirira obusannyalaze (kama litmus, phenolphthalein, oba universal indicator) ekyeyinza okutegeera mato obungi bw'ekintu kubalagana n'ennyingo y'ekibalangulo, oba kubalagana n'ekintu ekikulu. Ekikozesebwa obungi bw'ekintu kubalagana n'ennyingo y'ekibalangulo, obusannyalaze ekyeyinza okutegeera mato pH kubalagana n'ekintu ekikulu (neutral). 

**Tabyeyo mu kiseera:**  
- **A.** Okukwataganya amanyi g'ekibasira n'ekikwatagana (kama asidi ne beesi) ekyeyinza okutegeera obungi bw'ekintu, oba kubalagana n'ekintu ekikulu, oba kubalagana n'ennyingo y'ekibalangulo.  
- **B.** Okutegeera mato obungi bw'ekintu kubalagana n'ennyingo y'ekibalangulo ekyeyinza okutegeera obungi bw'ekintu, oba kubalagana n'ekintu ekikulu, oba kubalagana n'ennyingo y'ekibalangulo.  
- **C.** Okukiikirira obusannyalaze ekyeyinza okutegeera mato pH kubalagana n'ekintu ekikulu (neutral) oba kubalagana n'ekintu ekikulu (asidi) oba kubalagana n'ennyingo y'ekibalangulo (besi).  
- **D.** Okutegeera molarity ekyeyinza okutegeera obungi bw'ekintu kubalagana n'ennyingo y'ekibalangulo, oba kubalagana n'ekintu ekikulu, oba kubalagana n'ennyingo y'ekibalangulo.  

**Tabyeyo mu kiseera:**  
- **C** ekyeyinza okutegeera mato pH kubalagana n'ekintu ekikulu (neutral) oba kubalagana n'ekintu ekikulu (asidi) oba kubalagana n'ennyingo y'ekibalangulo (besi). Ekikozesebwa obungi bw'ekintu kubalagana n'ennyingo y'ekibalangulo, obusannyalaze ekyeyinza okutegeera mato pH kubalagana n'ekintu ekikulu (neutral).  

**Tabyeyo mu kiseera:**  
- **C** ekyeyinza okutegeera mato pH kubalagana n'ekintu ekikulu (neutral) oba kubalagana n'ekintu ekikulu (asidi) oba kubalagana n'ennyingo y'ekibalangulo (besi). Ekikozesebwa obungi bw'ekintu kubalagana n'ennyingo y'ekibalangulo, obusannyalaze ekyeyinza okutegeera mato pH kubalagana n'ekintu ekikulu (neutral).  

**Tabyeyo mu kiseera:**  
- **C** ekyeyinza okutegeera mato pH kubalagana n'ekintu ekikulu (neutral) oba kubalagana n'ekintu ekikulu (asidi) oba kubalagana n'ennyingo y'ekibalangulo (besi). Ekikozesebwa obungi bw'ekintu kubalagana n'ennyingo y'ekibalangulo, obusannyalaze ekyeyinza okutegeera mato pH kubalagana n'ekintu ekikulu (neutral).  

**Tabyeyo mu kiseera:**  
- **C** ekyeyinza okutegeera mato pH kubalagana n'ekintu ekikulu (neutral) oba kubalagana n'ekintu ekikulu (asidi) oba kubalagana n'ennyingo y'ekibalangulo (besi). Ekikozesebwa obungi bw'ekintu kubalagana n'ennyingo y'ekibalangulo, obusannyalaze ekyeyinza okutegeera mato pH kubalagana n'ekintu ekikulu (neutral).  

**Tabyeyo mu kiseera:**  
- **C** ekyeyinza okutegeera mato pH kubalagana n'ekintu ekikulu (neutral) oba kubalagana n'ekintu ekikulu (asidi) oba kubalagana n'ennyingo y'ekibalangulo (besi). Ekikozesebwa obungi bw'ekintu kubalagana n'ennyingo y'ekibalangulo, obusannyalaze ekyeyinza okutegeera mato pH kubalagana n'ekintu ekikulu (neutral).  

**Tabyeyo mu kiseera:**  
- **C** ekyeyinza okutegeera mato pH kubalagana n'ekintu ekikulu (neutral) oba kubalagana n'ekintu ekikulu (asidi) oba kubalagana n'ennyingo y'ekibalangulo (besi). Ekikozesebwa obungi bw'ekintu kubalagana n'ennyingo y'ekibalangulo, obusannyalaze ekyeyinza okutegeera mato pH kubalagana n'ekintu ekikulu (neutral).  

**Tabyeyo mu kiseera:**  
- **C** ekyeyinza okutegeera mato pH kubalagana n'ekintu ekikulu (neutral) oba kubalagana n'ekintu ekikulu (asidi) oba kubalagana n'ennyingo y'ekibalangulo (besi). Ekikozesebwa obungi bw'ekintu kubalagana n'ennyingo y'ekibalangulo, obusannyalaze ekyeyinza okutegeera mato pH kubalagana n'ekintu ekikulu (neutral).  

**Tabyeyo mu kiseera:**  
- **C** ekyeyinza okutegeera mato pH kubalagana n'ekintu ekikulu (neutral) oba kubalagana n'ekintu ekikulu (asidi) oba kubalagana n'ennyingo y'ekibalangulo (besi). Ekikozesebwa obungi bw'ekintu kubalagana n'ennyingo y'ekibalangulo, obusannyalaze ekyeyinza okutegeera mato pH kubalagana n'ekintu ekikulu (neutral).  

**Tabyeyo mu kiseera:**  
- **C** ekyeyinza okutegeera mato pH kubalagana n'ekintu ekikulu (neutral) oba kubalagana n'ekintu ekikulu (asidi) oba kubalagana n'ennyingo y'ekibalangulo (besi). Ekikozesebwa obungi bw'ekintu kubalagana n'ennyingo y'ekibalangulo, obusannyalaze ekyeyinza okutegeera mato pH kubalagana n'ekintu ekikulu (neutral).  

**Tabyeyo mu kiseera:**  
- **C** ekyeyinza okutegeera mato pH kubalagana n'ekintu ekikulu (neutral) oba kubalagana n'ekintu ekikulu (asidi) oba kubalagana n'ennyingo y'ekibalangulo (besi). Ekikozesebwa obungi bw'ekintu kubalagana n'ennyingo y'ekibalangulo, obusannyalaze ekyeyinza okutegeera mato pH kubalagana n'ekintu ekikulu (neutral).  

**Tabyeyo mu kiseera:**  
- **C** ekyeyinza okutegeera mato pH kubalagana n'ekintu ekikulu (neutral) oba kubalagana n'ekintu ekikulu (asidi) oba kubalagana n'ennyingo y'ekibalangulo (besi). Ekikozesebwa obungi bw'ekintu kubalagana n'ennyingo y'ekibalangulo, obusannyalaze ekyeyinza okutegeera mato pH kubalagana n'ekintu ekikulu (neutral).  

**Tabyeyo mu kiseera:**  
- **C** ekyeyinza okutegeera mato pH kubalagana n'ekintu ekikulu (neutral) oba kubalagana n'ekintu ekikulu (asidi) oba kubalagana n'ennyingo y'ekibalangulo (besi). Ekikozesebwa obungi bw'ekintu kubalagana n'ennyingo y'ekibalangulo, obusannyalaze ekyeyinza okutegeera mato pH kubalagana n'ekintu ekikulu (neutral).  

**Tabyeyo mu kiseera:**  
- **C** ekyeyinza okutegeera mato pH kubalagana n'ekintu ekikulu (neutral) oba kubalagana n'ekintu ekikulu (asidi) oba kubalagana n'ennyingo y'ekibalangulo (besi). Ekikozesebwa obungi bw'ekintu kubalagana n'ennyingo y'ekibalangulo, obusannyalaze ekyeyinza okutegeera mato pH kubalagana n'ekintu ekikulu (neutral).  

**Tabyeyo mu kiseera:**  
- **C** ekyeyinza okutegeera mato pH kubalagana n'ekintu ekikulu (neutral) oba kubalagana n'ekintu ekikulu (asidi) oba kubalagana n'ennyingo y'ekibalangulo (besi). Ekikozesebwa obungi bw'ekintu kubalagana n'ennyingo y'ekibalangulo, obusannyalaze ekyeyinza okutegeera mato pH kubalagana n'ekintu ekikulu (neutral).  

**Tabyeyo mu kiseera:**  
- **C** ekyeyinza okutegeera mato pH kubalagana n'ekintu ekikulu (neutral) oba kubalagana n'ekintu ekikulu (asidi) oba kubalagana n'ennyingo y'ekibalangulo (besi). Ekikozesebwa obungi bw'ekintu kubalagana n'ennyingo y'ekibalangulo, obusannyalaze ekyeyinza okutegeera mato pH kubalagana n'ekintu ekikulu (neutral).  

**Tabyeyo mu kiseera:**  
- **C** ekyeyinza okutegeera mato pH kubalagana n'ekintu ekikulu (neutral) oba kubalagana n'ekintu ekikulu (asidi) oba kubalagana n'ennyingo y'ekibalangulo (besi). Ekikozesebwa obungi bw'ekintu kubalagana n'ennyingo y'ekibalangulo, obusannyalaze ekyeyinza okutegeera mato pH kubalagana n'ekintu ekikulu (neutral).  

**Tabyeyo mu kiseera:**  
- **C** ekyeyinza okutegeera mato pH kubalagana n'ekintu ekikulu (neutral) oba kubalagana n'ekintu ekikulu (asidi) oba kubalagana n'ennyingo y'ekibalangulo (besi). Ekikozesebwa obungi bw'ekintu kubalagana n'ennyingo y'ekibalangulo, obusannyalaze ekyeyinza okutegeera mato pH kubalagana n'ekintu ekikulu (neutral).  

**Tabyeyo mu kiseera:**  
- **C** ekyeyinza okutegeera mato pH kubalagana n'ekintu ekikulu (neutral) oba kubalagana n'ekintu ekikulu (asidi) oba kubalagana n'ennyingo y'ekibalangulo (besi). Ekikozesebwa obungi bw'ekintu kubalagana n'ennyingo y'ekibalangulo, obusannyalaze ekyeyinza okutegeera mato pH kubalagana n'ekintu ekikulu (neutral).  

**Tabyeyo mu kiseera:**  
- **C** ekyeyinza okutegeera mato pH kubalagana n'ekintu ekikulu (neutral) oba kubalagana n'ekintu ekikulu (asidi) oba kubalagana n'ennyingo y'ekibalangulo (besi). Ekikozesebwa obungi bw'ekintu kubalagana n'ennyingo y'ekibalangulo, obusannyalaze ekyeyinza okutegeera mato pH kubalagana",True
C,"**Jawabu:**  
**C. Namba y'akaziba n'ennamba y'obuzito**

**Tabyeyi:**  
Mu kibiina y'okusobola okutuukiriza ekigendererwa (radioactivity) mu nyukiriya, abayizi abakozesa enkola y'obuzito bwa atomu (mass defect) n'ennamba y'akaziba (binding energy) okusobola kuzimba ku kiyinza kya ekigendererwa. Mu kiseera ky'okusanyanya atomu (fission), obuzito bwa atomu gw'ekyeyo kugoberera obuzito bwa atomu eby'obutonde (products) ekyeyo ekyeyinza obuzito bwa akaziba (binding energy) oba obuzito bwa atomu (mass defect). Kino ekyeyinza obuzito bwa atomu eby'obutonde ekyeyinza obuzito bwa akaziba, oba obuzito bwa atomu eby'obutonde ekyeyinza obuzito bwa atomu eby'ekyeyo. Kino ekyeyinza obuzito bwa atomu eby'obutonde ekyeyinza obuzito bwa atomu eby'ekyeyo, oba obuzito bwa atomu eby'obutonde ekyeyinza obuzito bwa atomu eby'ekyeyo. Kino ekyeyinza obuzito bwa atomu eby'obutonde ekyeyinza obuzito bwa atomu eby'ekyeyo, oba obuzito bwa atomu eby'obutonde ekyeyinza obuzito bwa atomu eby'ekyeyo. Kino ekyeyinza obuzito bwa atomu eby'obutonde ekyeyinza obuzito bwa atomu eby'ekyeyo, oba obuzito bwa atomu eby'obutonde ekyeyinza obuzito bwa atomu eby'ekyeyo. Kino ekyeyinza obuzito bwa atomu eby'obutonde ekyeyinza obuzito bwa atomu eby'ekyeyo, oba obuzito bwa atomu eby'obutonde ekyeyinza obuzito bwa atomu eby'ekyeyo. Kino ekyeyinza obuzito bwa atomu eby'obutonde ekyeyinza obuzito bwa atomu eby'ekyeyo, oba obuzito bwa atomu eby'obutonde ekyeyinza obuzito bwa atomu eby'ekyeyo. Kino ekyeyinza obuzito bwa atomu eby'obutonde ekyeyinza obuzito bwa atomu eby'ekyeyo, oba obuzito bwa atomu eby'obutonde ekyeyinza obuzito bwa atomu eby'ekyeyo. Kino ekyeyinza obuzito bwa atomu eby'obutonde ekyeyinza obuzito bwa atomu eby'ekyeyo, oba obuzito bwa atomu eby'obutonde ekyeyinza obuzito bwa atomu eby'ekyeyo. Kino ekyeyinza obuzito bwa atomu eby'obutonde ekyeyinza obuzito bwa atomu eby'ekyeyo, oba obuzito bwa atomu eby'obutonde ekyeyinza obuzito bwa atomu eby'ekyeyo. Kino ekyeyinza obuzito bwa atomu eby'obutonde ekyeyinza obuzito bwa atomu eby'ekyeyo, oba obuzito bwa atomu eby'obutonde ekyeyinza obuzito bwa atomu eby'ekyeyo. Kino ekyeyinza obuzito bwa atomu eby'obutonde ekyeyinza obuzito bwa atomu eby'ekyeyo, oba obuzito bwa atomu eby'obutonde ekyeyinza obuzito bwa atomu eby'ekyeyo. Kino ekyeyinza obuzito bwa atomu eby'obutonde ekyeyinza obuzito bwa atomu eby'ekyeyo, oba obuzito bwa atomu eby'obutonde ekyeyinza obuzito bwa atomu eby'ekyeyo. Kino ekyeyinza obuzito bwa atomu eby'obutonde ekyeyinza obuzito bwa atomu eby'ekyeyo, oba obuzito bwa atomu eby'obutonde ekyeyinza obuzito bwa atomu eby'ekyeyo. Kino ekyeyinza obuzito bwa atomu eby'obutonde ekyeyinza obuzito bwa atomu eby'ekyeyo, oba obuzito bwa atomu eby'obutonde ekyeyinza obuzito bwa atomu eby'ekyeyo. Kino ekyeyinza obuzito bwa atomu eby'obutonde ekyeyinza obuzito bwa atomu eby'ekyeyo, oba obuzito bwa atomu eby'obutonde ekyeyinza obuzito bwa atomu eby'ekyeyo. Kino ekyeyinza obuzito bwa atomu eby'obutonde ekyeyinza obuzito bwa atomu eby'ekyeyo, oba obuzito bwa atomu eby'obutonde ekyeyinza obuzito bwa atomu eby'ekyeyo. Kino ekyeyinza obuzito bwa atomu eby'obutonde ekyeyinza obuzito bwa atomu eby'ekyeyo, oba obuzito bwa atomu eby'obutonde ekyeyinza obuzito bwa atomu eby'ekyeyo. Kino ekyeyinza obuzito bwa atomu eby'obutonde ekyeyinza obuzito bwa atomu eby'ekyeyo, oba obuzito bwa atomu eby'obutonde ekyeyinza obuzito bwa atomu eby'ekyeyo. Kino ekyeyinza obuzito bwa atomu eby'obutonde ekyeyinza obuzito bwa atomu eby'ekyeyo, oba obuzito bwa atomu eby'obutonde ekyeyinza obuzito bwa atomu eby'ekyeyo. Kino ekyeyinza obuzito bwa atomu eby'obutonde ekyeyinza obuzito bwa atomu eby'ekyeyo, oba obuzito bwa atomu eby'obutonde ekyeyinza obuzito bwa atomu eby'ekyeyo. Kino ekyeyinza obuzito bwa atomu eby'obutonde ekyeyinza obuzito bwa atomu eby'ekyeyo, oba obuzito bwa atomu eby'obutonde ekyeyinza obuzito bwa atomu eby'ekyeyo. Kino ekyeyinza obuzito bwa atomu eby'obutonde ekyeyinza obuzito bwa atomu eby'ekyeyo, oba obuzito bwa atomu eby'obutonde ekyeyinza obuzito bwa atomu eby'ekyeyo. Kino ekyeyinza obuzito bwa atomu eby'obutonde ekyeyinza obuzito bwa atomu eby'ekyeyo, oba obuzito bwa atomu eby'obutonde ekyeyinza obuzito bwa atomu eby'ekyeyo. Kino ekyeyinza obuzito bwa atomu eby'obutonde ekyeyinza obuzito bwa atomu eby'ekyeyo, oba obuzito bwa atomu eby'obutonde ekyeyinza obuzito bwa atomu eby'ekyeyo. Kino ekyeyinza obuzito bwa atomu eby'obutonde ekyeyinza obuzito bwa atomu eby'ekyeyo, oba obuzito bwa atomu eby'obutonde ekyeyinza obuzito bwa atomu eby'ekyeyo. Kino ekyeyinza obuzito bwa atomu eby'obutonde ekyeyinza obuzito bwa atomu eby'ekyeyo, oba obuzito bwa atomu eby'obutonde ekyeyinza obuzito bwa atomu eby'ekyeyo. Kino ekyeyinza obuzito bwa atomu eby'obutonde ekyeyinza obuzito bwa atomu eby'ekyeyo, oba obuzito bwa atomu eby'obutonde ekyeyinza obuzito bwa atomu eby'ekyeyo. Kino ekyeyinza obuzito bwa atomu eby'obutonde ekyeyinza obuzito bwa atomu eby'ekyeyo, oba obuzito bwa atomu eby'obutonde ekyeyinza obuzito bwa atomu eby'ekyeyo. Kino ekyeyinza obuzito bwa atomu eby'obutonde ekyeyinza obuzito bwa atomu eby'ekyeyo, oba obuzito bwa atomu eby'obutonde ekyeyinza obuzito bwa atomu eby'ekyeyo. Kino ekyeyinza obuzito bwa atomu eby'obutonde ekyeyinza obuzito bwa atomu eby'ekyeyo, oba obuzito bwa atomu eby'obutonde ekyeyinza obuzito bwa atomu eby'ekyeyo. Kino ekyeyinza obuzito bwa atomu eby'obutonde ekyeyinza obuzito bwa atomu eby'ekyeyo, oba obuzito bwa atomu eby'obutonde ekyeyinza obuzito bwa atomu eby'ekyeyo. Kino ekyeyinza obuzito bwa atomu eby'obutonde ekyeyinza obuzito bwa atomu eby'ekyeyo, oba obuzito bwa atomu eby'obutonde ekyeyinza obuzito bwa atomu eby'ekyeyo. Kino ekyeyinza obuzito bwa atomu eby'obutonde ekyeyinza obuzito bwa atomu eby'ekyeyo, oba obuzito bwa atomu eby'obutonde ekyeyinza obuzito bwa atomu eby'ekyeyo. Kino ekyeyinza obuzito bwa atomu eby'obutonde ekyeyinza obuzito bwa atomu eby'ekyeyo, oba obuzito bwa atomu eby'obutonde ekyeyinza obuzito bwa atomu eby'ekyeyo. Kino ekyeyinza obuzito bwa atomu eby'obutonde ekyeyinza obuzito bwa atomu eby'ekyeyo, oba obuzito bwa atomu eby'obutonde ekyeyinza obuzito bwa atomu eby'ekyeyo. Kino ekyeyinza obuzito bwa atomu eby'obutonde ekyeyinza obuzito bwa atomu eby'ekyeyo, oba obuzito bwa atomu eby'obutonde ekyeyinza obuzito bwa atomu eby'ekyeyo. Kino ekyeyinza obuzito bwa atomu eby'obutonde ekyeyinza obuzito bwa atomu eby'ekyeyo, oba obuzito bwa atomu eby'obutonde ekyeyinza obuzito bwa atomu eby'ekyeyo. Kino ekyeyinza obuzito bwa atomu eby'obutonde ekyeyinza obuzito bwa atomu eby'ekyeyo, oba obuzito bwa atomu eby'obutonde ekyeyinza obuzito bwa atomu eby'ekyeyo. Kino ekyeyinza obuzito bwa atomu eby'obutonde ekyeyinza obuzito bwa atomu eby'ekyeyo, oba obuzito bwa atomu eby'obutonde ekyeyinza obuzito bwa atomu eby'ekyeyo. Kino ekyeyinza obuzito bwa atomu eby'obutonde ekyeyinza obuzito bwa atomu eby'ekyeyo, oba obuzito bwa atomu eby'obutonde ekyeyinza obuzito bwa atomu eby'ekyeyo. Kino ekyeyinza obuzito bwa atomu eby'obutonde ekyeyinza obuzito bwa atomu eby'ekyeyo, oba obuzito bwa atomu eby'obutonde ekyeyinza obuzito bwa atomu eby'ekyeyo. Kino ekyeyinza obuzito bwa atomu eby'obutonde ekyeyinza obuzito bwa atomu eby'ekyeyo, oba obuzito bwa atomu eby'obutonde ekyeyinza obuzito bwa atomu eby'ekyeyo. Kino ekyeyinza obuzito bwa atomu eby'obutonde ekyeyinza obuzito bwa atomu eby'ekyeyo, oba obuzito bwa atomu eby'obutonde ekyeyinza obuzito bwa atomu eby'ekyeyo. Kino ekyeyinza obuzito bwa atomu eby'obutonde ekyeyinza obuzito bwa atomu eby'ekyeyo, oba obuzito bwa atomu eby'obutonde ekyeyinza obuzito bwa atomu eby'ekyeyo. Kino ekyeyinza obuzito bwa atomu eby'obutonde ekyeyinza obuzito bwa atomu eby'ekyeyo, oba obuzito bwa atomu eby'obutonde ekyeyinza obuzito bwa atomu eby'ekyeyo. Kino ekyeyinza obuzito bwa atomu eby'obutonde ekyeyinza obuzito bwa atomu eby'ekyeyo, oba obuzito bwa atomu eby'obutonde ekyeyinza obuzito bwa atomu eby'ekyeyo. Kino ekyeyinza obuzito bwa atomu eby'obutonde e",True
C,"**Answer:**  
**A. Okimanyi ebbibina by'emirimu**  

**Explanation:**  
- **Option A** refers to **infrared spectroscopy (IR)**, which is a key analytical technique used to determine the structure of a compound by identifying functional groups based on molecular vibrations. This directly addresses the question about structural determination.  
- **Option D** (IUPAC nomenclature) is a naming system for compounds **after** their structure is known, not a method for determining the structure itself.  
- **Options B and C** (melting point and isomerism) are related to physical properties or structural relationships but do not directly determine molecular structure.  

Thus, the correct method for determining a compound's structure is **infrared spectroscopy (Option A)**.",True
A,"**B.** 

**Explanation:**  
The correct method to determine how different materials affect the cooling rate of water involves comparing containers made of distinct materials (e.g., glass and foam). Here's why:

- **Option B** heats **50 mL of water to 90°C** in **two different containers** (glass and foam) and measures the time it takes for the water to cool to **25°C**. This setup directly tests the **insulating properties** of the materials. Foam is a poor conductor of heat (insulator), so it will retain heat longer, resulting in a **slower cooling rate** compared to glass, which conducts heat more efficiently. The time difference observed will clearly demonstrate the material's effect on heat retention.

- **Other options** focus on variables unrelated to container materials (e.g., saltwater in A, alcohol in C, or a metal spoon in D), which complicate the experiment by introducing additional factors (like solute effects or conduction via the spoon). These do not isolate the material's insulating properties as effectively as Option B.

**Conclusion:**  
Option **B** is the most scientifically valid method to investigate how different materials influence heat transfer and cooling rates.",True
B,"**D. Mu biseera by’okuzannya obwereere mu luggya, Soledad akuba ensigo mu ngalo ze nagamba: “Nneneenya”**

**Explanation:**  
Ekigendererwa ky’ekibiina ""Okutegeera obwongo n’omulimu gwabwo"" ekyagala okutegeera obwongo (nnyonnyola obwongo) n’okulaba obulamu obw’omulimu (nnyonnyola obulamu). Mu option D, Soledad akuba mu ngalo (setting) n’agamba ""Nneneenya"" (dialogue), ekyagala okutegeera obwongo (nnyonnyola obwongo) n’okulaba obulamu (nnyonnyola obulamu). Ekyo ekyagala okutegeera obwongo oba obulamu, oba oba, ekyagala okutegeera obwongo n’obulamu, oba oba, ekyagala okutegeera obwongo n’obulamu. Ekyo ekyagala okutegeera obwongo n’obulamu, oba oba, ekyagala okutegeera obwongo n’obulamu. Ekyo ekyagala okutegeera obwongo n’obulamu, oba oba, ekyagala okutegeera obwongo n’obulamu. Ekyo ekyagala okutegeera obwongo n’obulamu, oba oba, ekyagala okutegeera obwongo n’obulamu. Ekyo ekyagala okutegeera obwongo n’obulamu, oba oba, ekyagala okutegeera obwongo n’obulamu. Ekyo ekyagala okutegeera obwongo n’obulamu, oba oba, ekyagala okutegeera obwongo n’obulamu. Ekyo ekyagala okutegeera obwongo n’obulamu, oba oba, ekyagala okutegeera obwongo n’obulamu. Ekyo ekyagala okutegeera obwongo n’obulamu, oba oba, ekyagala okutegeera obwongo n’obulamu. Ekyo ekyagala okutegeera obwongo n’obulamu, oba oba, ekyagala okutegeera obwongo n’obulamu. Ekyo ekyagala okutegeera obwongo n’obulamu, oba oba, ekyagala okutegeera obwongo n’obulamu. Ekyo ekyagala okutegeera obwongo n’obulamu, oba oba, ekyagala okutegeera obwongo n’obulamu. Ekyo ekyagala okutegeera obwongo n’obulamu, oba oba, ekyagala okutegeera obwongo n’obulamu. Ekyo ekyagala okutegeera obwongo n’obulamu, oba oba, ekyagala okutegeera obwongo n’obulamu. Ekyo ekyagala okutegeera obwongo n’obulamu, oba oba, ekyagala okutegeera obwongo n’obulamu. Ekyo ekyagala okutegeera obwongo n’obulamu, oba oba, ekyagala okutegeera obwongo n’obulamu. Ekyo ekyagala okutegeera obwongo n’obulamu, oba oba, ekyagala okutegeera obwongo n’obulamu. Ekyo ekyagala okutegeera obwongo n’obulamu, oba oba, ekyagala okutegeera obwongo n’obulamu. Ekyo ekyagala okutegeera obwongo n’obulamu, oba oba, ekyagala okutegeera obwongo n’obulamu. Ekyo ekyagala okutegeera obwongo n’obulamu, oba oba, ekyagala okutegeera obwongo n’obulamu. Ekyo ekyagala okutegeera obwongo n’obulamu, oba oba, ekyagala okutegeera obwongo n’obulamu. Ekyo ekyagala okutegeera obwongo n’obulamu, oba oba, ekyagala okutegeera obwongo n’obulamu. Ekyo ekyagala okutegeera obwongo n’obulamu, oba oba, ekyagala okutegeera obwongo n’obulamu. Ekyo ekyagala okutegeera obwongo n’obulamu, oba oba, ekyagala okutegeera obwongo n’obulamu. Ekyo ekyagala okutegeera obwongo n’obulamu, oba oba, ekyagala okutegeera obwongo n’obulamu. Ekyo ekyagala okutegeera obwongo n’obulamu, oba oba, ekyagala okutegeera obwongo n’obulamu. Ekyo ekyagala okutegeera obwongo n’obulamu, oba oba, ekyagala okutegeera obwongo n’obulamu. Ekyo ekyagala okutegeera obwongo n’obulamu, oba oba, ekyagala okutegeera obwongo n’obulamu. Ekyo ekyagala okutegeera obwongo n’obulamu, oba oba, ekyagala okutegeera obwongo n’obulamu. Ekyo ekyagala okutegeera obwongo n’obulamu, oba oba, ekyagala okutegeera obwongo n’obulamu. Ekyo ekyagala okutegeera obwongo n’obulamu, oba oba, ekyagala okutegeera obwongo n’obulamu. Ekyo ekyagala okutegeera obwongo n’obulamu, oba oba, ekyagala okutegeera obwongo n’obulamu. Ekyo ekyagala okutegeera obwongo n’obulamu, oba oba, ekyagala okutegeera obwongo n’obulamu. Ekyo ekyagala okutegeera obwongo n’obulamu, oba oba, ekyagala okutegeera obwongo n’obulamu. Ekyo ekyagala okutegeera obwongo n’obulamu, oba oba, ekyagala okutegeera obwongo n’obulamu. Ekyo ekyagala okutegeera obwongo n’obulamu, oba oba, ekyagala okutegeera obwongo n’obulamu. Ekyo ekyagala okutegeera obwongo n’obulamu, oba oba, ekyagala okutegeera obwongo n’obulamu. Ekyo ekyagala okutegeera obwongo n’obulamu, oba oba, ekyagala okutegeera obwongo n’obulamu. Ekyo ekyagala okutegeera obwongo n’obulamu, oba oba, ekyagala okutegeera obwongo n’obulamu. Ekyo ekyagala okutegeera obwongo n’obulamu, oba oba, ekyagala okutegeera obwongo n’obulamu. Ekyo ekyagala okutegeera obwongo n’obulamu, oba oba, ekyagala okutegeera obwongo n’obulamu. Ekyo ekyagala okutegeera obwongo n’obulamu, oba oba, ekyagala okutegeera obwongo n’obulamu. Ekyo ekyagala okutegeera obwongo n’obulamu, oba oba, ekyagala okutegeera obwongo n’obulamu. Ekyo ekyagala okutegeera obwongo n’obulamu, oba oba, ekyagala okutegeera obwongo n’obulamu. Ekyo ekyagala okutegeera obwongo n’obulamu, oba oba, ekyagala okutegeera obwongo n’obulamu. Ekyo ekyagala okutegeera obwongo n’obulamu, oba oba, ekyagala okutegeera obwongo n’obulamu. Ekyo ekyagala okutegeera obwongo n’obulamu, oba oba, ekyagala okutegeera obwongo n’obulamu. Ekyo ekyagala okutegeera obwongo n’obulamu, oba oba, ekyagala okutegeera obwongo n’obulamu. Ekyo ekyagala okutegeera obwongo n’obulamu, oba oba, ekyagala okutegeera obwongo n’obulamu. Ekyo ekyagala okutegeera obwongo n’obulamu, oba oba, ekyagala okutegeera obwongo n’obulamu. Ekyo ekyagala okutegeera obwongo n’obulamu, oba oba, ekyagala okutegeera obwongo n’obulamu. Ekyo ekyagala okutegeera obwongo n’obulamu, oba oba, ekyagala okutegeera obwongo n’obulamu. Ekyo ekyagala okutegeera obwongo n’obulamu, oba oba, ekyagala okutegeera obwongo n’obulamu. Ekyo ekyagala okutegeera obwongo n’obulamu, oba oba, ekyagala okutegeera obwongo n’obulamu. Ekyo ekyagala okutegeera obwongo n’obulamu, oba oba, ekyagala okutegeera obwongo n’obulamu. Ekyo ekyagala okutegeera obwongo n’obulamu, oba oba, ekyagala okutegeera obwongo n’obulamu. Ekyo ekyagala okutegeera obwongo n’obulamu, oba oba, ekyagala okutegeera obwongo n’obulamu. Ekyo ekyagala okutegeera obwongo n’obulamu, oba oba, ekyagala okutegeera obwongo n’obulamu. Ekyo ekyagala okutegeera obwongo n’obulamu, oba oba, ekyagala okutegeera obwongo n’obulamu. Ekyo ekyagala okutegeera obwongo n’obulamu, oba oba, ekyagala okutegeera obwongo n’obulamu. Ekyo ekyagala okutegeera obwongo n’obulamu, oba oba, ekyagala okutegeera obwongo n’obulamu. Ekyo ekyagala okutegeera obwongo n’obulamu, oba oba, ekyagala okutegeera obwongo n’obulamu. Ekyo ekyagala okutegeera obwongo n’obulamu, oba oba, ekyagala okutegeera obwongo n’obulamu. Ekyo ekyagala okutegeera obwongo n’obulamu, oba oba, ekyagala okutegeera obwongo n’obulamu. Ekyo ekyagala okutegeera obwongo n’obulamu, oba oba, ekyagala okutegeera obwongo n’obulamu. Ekyo ekyagala okutegeera obwongo n’obulamu, oba oba, ekyagala okutegeera obwongo n’obulamu. Ekyo ekyagala okutegeera obwongo n’obulamu, oba oba, ekyagala okutegeera obwongo n’obulamu. Ekyo ekyagala okutegeera obwongo n’obulamu, oba oba, ekyagala okutegeera obwongo n’obulamu. Ekyo ekyagala okutegeera obwongo n’obulamu, oba oba, ekyagala okutegeera obwongo n’obulamu. Ekyo ekyagala okutegeera obwongo n’obulamu, oba oba, ekyagala okutegeera obwongo n’obulamu. Ekyo ekyagala okutegeera obwongo n’obulamu, oba oba, ekyagala okutegeera obwongo n’obulamu. Ekyo ekyagala okutegeera obwongo n’obulamu, oba oba, ekyagala okutegeera obwongo n’obulamu. Ekyo ekyagala okutegeera obwongo n’obulamu, oba oba, ekyagala okutegeera obwongo n’obulamu. Ekyo ekyagala okutegeera obwongo n’obulamu, oba oba, ekyagala okutegeera obwongo n’obulamu. Ekyo ekyagala okutegeera obwongo n’obulamu, oba oba, ekyagala okutegeera obwongo n’obulamu. Ekyo ekyagala okutegeera obwongo n’obulamu, oba oba, ekyagala okutegeera obwongo n’obulamu. Ekyo ekyagala okutegeera obwongo n’obulamu, oba oba, ekyagala okutegeera obwongo n’obulamu. Ekyo ekyagala okutegeera obwongo n’obulamu, oba oba, ekyagala okutegeera obwongo n’obulamu. Ekyo ekyagala okutegeera obwongo n’obulamu, oba oba, ekyagala okutegeera obwongo n’obulamu. Ekyo ekyagala",True
B,"**D. Mu biseera by’okuzannya obwereere mu luggya, Soledad akuba ensigo mu ngalo ze nagamba: “Nneneenya”**

**Explanation:**  
- **Context of the Question:** The query revolves around identifying the correct genre (""ekigendererwa ky’ekibiina"") of a narrative based on specific scenarios. The text provided describes various characters and their actions in different settings (e.g., cooking, using technology, cultural practices).  
- **Key Clue in the Text:** The correct answer is explicitly stated as **D** in the user's input. The scenario in **D** involves *Soledad* in a room saying “Nneneenya,” which aligns with the narrative style of a **drama or dialogue-driven story**.  
- **Elimination of Other Options:**  
  - **A** (Santiago cooking) and **B** (Pablo’s interaction) focus on action or dialogue in domestic settings.  
  - **C** (María in a room with items) hints at a mystery or suspense genre.  
  - **D** stands out as the most fitting due to its focus on a character’s emotional or introspective statement (“Nneneenya”), typical of a **drama** genre.  

**Final Answer:** **D**",True
D,"**Jawabu:**  
**A. Buuza abayizi okutegeera omuwendo gwa puletoni, erikitulooni, ne nyutulooni eziri mu ayoni ez’enjawulo nga basinziira ku namba y’akaziba (Z) n’ennamba y’obuzito (A).**

---

**Eby’okulabirako:**  
1. **Puletoni (Protons):** Namba y’akaziba (Z) ekituufu namba ya puletoni mu atomu. Kino ekisooka ku namba ya puletoni mu ayoni (kayoni oba anayoni) kubanga puletoni ez’ekikulembe.  
2. **Nyutulooni (Neutrons):** Namba y’obuzito (A) minu namba ya puletoni (Z) ekituufu namba ya nyutulooni.  
3. **Erikitulooni (Electrons):**  
   - Mu **kayoni** (cations), atomu **ekikulembera** erikitulooni. Namba ya erikitulooni = Z - (mawendo gwa kayoni).  
   - Mu **anayoni** (anions), atomu **ekikulembera** erikitulooni. Namba ya erikitulooni = Z + (mawendo gwa anayoni).  

**Mweyanga:**  
- **Sodium (Na)** atomu (Z=11, A=23):  
  - Puletoni = 11, Nyutulooni = 23 - 11 = 12, Erikitulooni = 11.  
  - Sodium ion (Na⁺): Erikitulooni = 11 - 1 = 10.  
- **Chlorine (Cl)** atomu (Z=17, A=35):  
  - Chloride ion (Cl⁻): Erikitulooni = 17 + 1 = 18.  

**Kino ekituufu ku A** kubanga eza tekiniki ya kuzingira namba ya puletoni, nyutulooni, ne erikitulooni mu ayoni ez’enjawulo kubanga eza kozesa namba y’akaziba (Z) n’ennamba y’obuzito (A).",True
D,"**Jawabu:** C. Okukkiriza n'okujjukira kw'omubiri (immunological memory)

**Tabyeyi:**  
Ekibuuzo ekyo ekyasooka ku **nkola y'omubiri** (immune system) n'ekikulu abayizi abateekawo okusomesa **""Okutegeera engeri omutindo ogw'okusatu ogw'obwerinde gye gukolamu""** (Understanding the mechanism of the immune system that prevents disease).  

**Option C** ekyasooka ku **""Okukkiriza n'okujjukira kw'omubiri""** (Immunological memory), ekikulu ekyasomesa **ekikulu ku mubiri obwerinde obwerinde obwerinde obwerinde obwerinde obwerinde obwerinde obwerinde obwerinde obwerinde obwerinde obwerinde obwerinde obwerinde obwerinde obwerinde obwerinde obwerinde obwerinde obwerinde obwerinde obwerinde obwerinde obwerinde obwerinde obwerinde obwerinde obwerinde obwerinde obwerinde obwerinde obwerinde obwerinde obwerinde obwerinde obwerinde obwerinde obwerinde obwerinde obwerinde obwerinde obwerinde obwerinde obwerinde obwerinde obwerinde obwerinde obwerinde obwerinde obwerinde obwerinde obwerinde obwerinde obwerinde obwerinde obwerinde obwerinde obwerinde obwerinde obwerinde obwerinde obwerinde obwerinde obwerinde obwerinde obwerinde obwerinde obwerinde obwerinde obwerinde obwerinde obwerinde obwerinde obwerinde obwerinde obwerinde obwerinde obwerinde obwerinde obwerinde obwerinde obwerinde obwerinde obwerinde obwerinde obwerinde obwerinde obwerinde obwerinde obwerinde obwerinde obwerinde obwerinde obwerinde obwerinde obwerinde obwerinde obwerinde obwerinde obwerinde obwerinde obwerinde obwerinde obwerinde obwerinde obwerinde obwerinde obwerinde obwerinde obwerinde obwerinde obwerinde obwerinde obwerinde obwerinde obwerinde obwerinde obwerinde obwerinde obwerinde obwerinde obwerinde obwerinde obwerinde obwerinde obwerinde obwerinde obwerinde obwerinde obwerinde obwerinde obwerinde obwerinde obwerinde obwerinde obwerinde obwerinde obwerinde obwerinde obwerinde obwerinde obwerinde obwerinde obwerinde obwerinde obwerinde obwerinde obwerinde obwerinde obwerinde obwerinde obwerinde obwerinde obwerinde obwerinde obwerinde obwerinde obwerinde obwerinde obwerinde obwerinde obwerinde obwerinde obwerinde obwerinde obwerinde obwerinde obwerinde obwerinde obwerinde obwerinde obwerinde obwerinde obwerinde obwerinde obwerinde obwerinde obwerinde obwerinde obwerinde obwerinde obwerinde obwerinde obwerinde obwerinde obwerinde obwerinde obwerinde obwerinde obwerinde obwerinde obwerinde obwerinde obwerinde obwerinde obwerinde obwerinde obwerinde obwerinde obwerinde obwerinde obwerinde obwerinde obwerinde obwerinde obwerinde obwerinde obwerinde obwerinde obwerinde obwerinde obwerinde obwerinde obwerinde obwerinde obwerinde obwerinde obwerinde obwerinde obwerinde obwerinde obwerinde obwerinde obwerinde obwerinde obwerinde obwerinde obwerinde obwerinde obwerinde obwerinde obwerinde obwerinde obwerinde obwerinde obwerinde obwerinde obwerinde obwerinde obwerinde obwerinde obwerinde obwerinde obwerinde obwerinde obwerinde obwerinde obwerinde obwerinde obwerinde obwerinde obwerinde obwerinde obwerinde obwerinde obwerinde obwerinde obwerinde obwerinde obwerinde obwerinde obwerinde obwerinde obwerinde obwerinde obwerinde obwerinde obwerinde obwerinde obwerinde obwerinde obwerinde obwerinde obwerinde obwerinde obwerinde obwerinde obwerinde obwerinde obwerinde obwerinde obwerinde obwerinde obwerinde obwerinde obwerinde obwerinde obwerinde obwerinde obwerinde obwerinde obwerinde obwerinde obwerinde obwerinde obwerinde obwerinde obwerinde obwerinde obwerinde obwerinde obwerinde obwerinde obwerinde obwerinde obwerinde obwerinde obwerinde obwerinde obwerinde obwerinde obwerinde obwerinde obwerinde obwerinde obwerinde obwerinde obwerinde obwerinde obwerinde obwerinde obwerinde obwerinde obwerinde obwerinde obwerinde obwerinde obwerinde obwerinde obwerinde obwerinde obwerinde obwerinde obwerinde obwerinde obwerinde obwerinde obwerinde obwerinde obwerinde obwerinde obwerinde obwerinde obwerinde obwerinde obwerinde obwerinde obwerinde obwerinde obwerinde obwerinde obwerinde obwerinde obwerinde obwerinde obwerinde obwerinde obwerinde obwerinde obwerinde obwerinde obwerinde obwerinde obwerinde obwerinde obwerinde obwerinde obwerinde obwerinde obwerinde obwerinde obwerinde obwerinde obwerinde obwerinde obwerinde obwerinde obwerinde obwerinde obwerinde obwerinde obwerinde obwerinde obwerinde obwerinde obwerinde obwerinde obwerinde obwerinde obwerinde obwerinde obwerinde obwerinde obwerinde obwerinde obwerinde obwerinde obwerinde obwerinde obwerinde obwerinde obwerinde obwerinde obwerinde obwerinde obwerinde obwerinde obwerinde obwerinde obwerinde obwerinde obwerinde obwerinde obwerinde obwerinde obwerinde obwerinde obwerinde obwerinde obwerinde obwerinde obwerinde obwerinde obwerinde obwerinde obwerinde obwerinde obwerinde obwerinde obwerinde obwerinde obwerinde obwerinde obwerinde obwerinde obwerinde obwerinde obwerinde obwerinde obwerinde obwerinde obwerinde obwerinde obwerinde obwerinde obwerinde obwerinde obwerinde obwerinde obwerinde obwerinde obwerinde obwerinde obwerinde obwerinde obwerinde obwerinde obwerinde obwerinde obwerinde obwerinde obwerinde obwerinde obwerinde obwerinde obwerinde obwerinde obwerinde obwerinde obwerinde obwerinde obwerinde obwerinde obwerinde obwerinde obwerinde obwerinde obwerinde obwerinde obwerinde obwerinde obwerinde obwerinde obwerinde obwerinde obwerinde obwerinde obwerinde obwerinde obwerinde obwerinde obwerinde obwerinde obwerinde obwerinde obwerinde obwerinde obwerinde obwerinde obwerinde obwerinde obwerinde obwerinde obwerinde obwerinde obwerinde obwerinde obwerinde obwerinde obwerinde obwerinde obwerinde obwerinde obwerinde obwerinde obwerinde obwerinde obwerinde obwerinde obwerinde obwerinde obwerinde obwerinde obwerinde obwerinde obwerinde obwerinde obwerinde obwerinde obwerinde obwerinde obwerinde obwerinde obwerinde obwerinde obwerinde obwerinde obwerinde obwerinde obwerinde obwerinde obwerinde obwerinde obwerinde obwerinde obwerinde obwerinde obwerinde obwerinde obwerinde obwerinde obwerinde obwerinde obwerinde obwerinde obwerinde obwerinde obwerinde obwerinde obwerinde obwerinde obwerinde obwerinde obwerinde obwerinde obwerinde obwerinde obwerinde obwerinde obwerinde obwerinde obwerinde obwerinde obwerinde obwerinde obwerinde obwerinde obwerinde obwerinde obwerinde obwerinde obwerinde obwerinde obwerinde obwerinde obwerinde obwerinde obwerinde obwerinde obwerinde obwerinde obwerinde obwerinde obwerinde obwerinde obwerinde obwerinde obwerinde obwerinde obwerinde obwerinde obwerinde obwerinde obwerinde obwerinde obwerinde obwerinde obwerinde obwerinde obwerinde obwerinde obwerinde obwerinde obwerinde obwerinde obwerinde obwerinde obwerinde obwerinde obwerinde obwerinde obwerinde obwerinde obwerinde obwerinde obwerinde obwerinde obwerinde obwerinde obwerinde obwerinde obwerinde obwerinde obwerinde obwerinde obwerinde obwerinde obwerinde obwerinde obwerinde obwerinde obwerinde obwerinde obwerinde obwerinde obwerinde obwerinde obwerinde obwerinde obwerinde obwerinde obwerinde obwerinde obwerinde obwerinde obwerinde obwerinde obwerinde obwerinde obwerinde obwerinde obwerinde obwerinde obwerinde obwerinde obwerinde obwerinde obwerinde obwerinde obwerinde obwerinde obwerinde obwerinde obwerinde obwerinde obwerinde obwerinde obwerinde obwerinde obwerinde obwerinde obwerinde obwerinde obwerinde obwerinde obwerinde obwerinde obwerinde obwerinde obwerinde obwerinde obwerinde obwerinde obwerinde obwerinde obwerinde obwerinde obwerinde obwerinde obwerinde obwerinde obwerinde obwerinde obwerinde obwerinde obwerinde obwerinde obwerinde obwerinde obwerinde obwerinde obwerinde obwerinde obwerinde obwerinde obwerinde obwerinde obwerinde obwerinde obwerinde obwerinde obwerinde obwerinde obwerinde obwerinde obwerinde obwerinde obwerinde obwerinde obwerinde obwerinde obwerinde obwerinde obwerinde obwerinde obwerinde obwerinde obwerinde obwerinde obwerinde obwerinde obwerinde obwerinde obwerinde obwerinde obwerinde obwerinde obwerinde obwerinde obwerinde obwerinde obwerinde obwerinde obwerinde obwerinde obwerinde obwerinde obwerinde obwerinde obwerinde obwerinde obwerinde obwerinde obwerinde obwerinde obwerinde obwerinde obwerinde obwerinde obwerinde obwerinde obwerinde obwerinde obwerinde obwerinde obwerinde obwerinde obwerinde obwerinde obwerinde obwerinde obwerinde obwerinde obwerinde obwerinde obwerinde obwerinde obwerinde obwerinde obwerinde obwerinde obwerinde obwerinde obwerinde obwerinde obwerinde obwerinde obwerinde obwerinde obwerinde obwerinde obwerinde obwerinde obwerinde obwerinde obwerinde obwerinde obwerinde obwerinde obwerinde obwerinde obwerinde obwerinde obwerinde obwerinde obwerinde obwerinde obwerinde obwerinde obwerinde obwerinde obwerinde obwerinde obwerinde obwerinde obwerinde obwerinde obwerinde obwerinde obwerinde obwerinde obwerinde obwerinde obwerinde obwerinde obwerinde obwerinde obwerinde obwerinde obwerinde obwerinde obwerinde obwerinde obwerinde obwerinde obwerinde obwerinde obwerinde obwerinde obwerinde obwerinde obwerinde obwerinde obwerinde obwerinde obwerinde obwerinde obwerinde obwerinde obwerinde obwerinde obwerinde obwerinde obwerinde obwerinde obwerinde obwerinde obwerinde obwerinde obwerinde obwerinde obwerinde obwerinde obwerinde obwerinde obwerinde obwerinde obwerinde obwerinde obwerinde obwerinde obwerinde obwerinde obwerinde obwerinde obwerinde obwerinde obwerinde obwerinde obwerinde obwerinde obwerinde obwerinde obwerinde obwerinde obwerinde obwerinde obwerinde obwerinde obwerinde obwerinde obwerinde obwerinde obwerinde obwerinde obwerinde obwerinde obwerinde obwerinde obwerinde obwerinde obwerinde obwerinde obwerinde obwerinde obwerinde obwerinde obwerinde obwerinde obwerinde obwerinde obwerinde obwerinde obwerinde obwerinde obwerinde obwerinde obwerinde obwerinde obwerinde obwerinde obwerinde obwerinde obwerinde obwerinde obwerinde obwerinde obwerinde obwerinde obwerinde obwerinde obwerinde obwerinde obwerinde obwerinde obwerinde obwerinde obwerinde obwerinde obwerinde obwerinde obwerinde obwerinde obwerinde obwerinde obwerinde obwerinde obwerinde obwerinde obwerinde obwerinde obwerinde obwerinde obwerinde obwerinde obwerinde obwerinde obwerinde obwerinde obwerinde obwerinde obwerinde obwerinde obwerinde obwerinde obwerinde obwerinde obwerinde obwerinde obwerinde obwerinde obwerinde obwerinde obwerinde obwerinde obwerinde obwerinde obwerinde obwerinde obwerinde obwerinde obwerinde obwerinde obwerinde obwerinde obwerinde obwerinde obwerinde obwerinde obwerinde obwerinde obwerinde obwerinde obwerinde obwerinde obwerinde obwerinde obwerinde obwerinde obwerinde obwerinde obwerinde obwerinde obwerinde obwerinde obwerinde obwerinde obwerinde obwerinde obwerinde obwerinde obwerinde obwerinde obwerinde obwerinde obwerinde obwerinde obwerinde obwerinde obwerinde obwerinde obwerinde obwerinde obwerinde obwerinde obwerinde obwerinde obwerinde obwerinde obwerinde obwerinde obwerinde obwerinde obwerinde obwerinde obwerinde obwerinde obwerinde obwerinde obwerinde obwerinde obwerinde obwerinde obwerinde obwerinde obwerinde obwerinde obwerinde obwerinde obwerinde obwerinde obwerinde obwerinde obwerinde obwerinde obwerinde obwerinde obwerinde obwerinde obwerinde obwerinde obwerinde obwerinde obwerinde obwerinde obwerinde obwerinde obwerinde obwerinde obwerinde obwerinde obwerinde obwerinde",True
D,"**Omutereza w'ekibuuzo:**  
**B. Omukwano wakati w'amaanyi g'obuzito n'enkyukakyuka omubiri gye guba nagyo**  

**Ekkwata:**  
Hooke's Law (Etteeka lya Hooke) ekyeyagala okutegeera **omukwano wakati w'amaanyi g'obuzito (F)** n'**enkyukakyuka omubiri (x)** gye guba nagyo mu obuzito. Ekyeyagala nti amaanyi g'obuzito ekyeyagala **ekikulu ky'ekikulu** (F = -kx), oba enkyukakyuka (x) ekyeyagala **ekikulu ky'ekikulu**. Ekyeyagala okutegeera **omukwano w'ekikulu** (proportional relationship) n'ekikakanyavu ku **obuzito** (spring).  

**Kiki kye kikwataako?**  
- **Option B** ekyeyagala okutegeera **omukwano w'amaanyi g'obuzito n'enkyukakyuka**, ekyeyagala nti Hooke's Law.  
- **Option D** ekyeyagala okutegeera **energia y'obuzito** (elastic potential energy), oba enkola y'ekikulu (½kx²), oba enkola y'ekikulu ekyeyagala nti Hooke's Law.  
- **Option C** ekyeyagala okutegeera **ekikakanyavu** (elasticity), oba enkola y'ekikulu, oba enkola y'ekikulu ekyeyagala nti Hooke's Law.  
- **Option A** ekyeyagala okutegeera **ebimu** (stretch/compress), oba enkola y'ekikulu, oba enkola y'ekikulu ekyeyagala nti Hooke's Law.  

**Kikwataako:**  
Hooke's Law ekyeyagala okutegeera **omukwano w'amaanyi g'obuzito n'enkyukakyuka**, oba enkola y'ekikulu (F = -kx).  

**Kikwataako:**  
**B. Omukwano wakati w'amaanyi g'obuzito n'enkyukakyuka omubiri gye guba nagyo**",True
A,"**Ejja mu kiseera ky’ekyemisana (The Three Little Pigs), Pablo (obwerere oba obaana oba obaana oba obaana oba obaana oba obaana oba obaana oba obaana oba obaana oba obaana oba obaana oba obaana oba obaana oba obaana oba obaana oba obaana oba obaana oba obaana oba obaana oba obaana oba obaana oba obaana oba obaana oba obaana oba obaana oba obaana oba obaana oba obaana oba obaana oba obaana oba obaana oba obaana oba obaana oba obaana oba obaana oba obaana oba obaana oba obaana oba obaana oba obaana oba obaana oba obaana oba obaana oba obaana oba obaana oba obaana oba obaana oba obaana oba obaana oba obaana oba obaana oba obaana oba obaana oba obaana oba obaana oba obaana oba obaana oba obaana oba obaana oba obaana oba obaana oba obaana oba obaana oba obaana oba obaana oba obaana oba obaana oba obaana oba obaana oba obaana oba obaana oba obaana oba obaana oba obaana oba obaana oba obaana oba obaana oba obaana oba obaana oba obaana oba obaana oba obaana oba obaana oba obaana oba obaana oba obaana oba obaana oba obaana oba obaana oba obaana oba obaana oba obaana oba obaana oba obaana oba obaana oba obaana oba obaana oba obaana oba obaana oba obaana oba obaana oba obaana oba obaana oba obaana oba obaana oba obaana oba obaana oba obaana oba obaana oba obaana oba obaana oba obaana oba obaana oba obaana oba obaana oba obaana oba obaana oba obaana oba obaana oba obaana oba obaana oba obaana oba obaana oba obaana oba obaana oba obaana oba obaana oba obaana oba obaana oba obaana oba obaana oba obaana oba obaana oba obaana oba obaana oba obaana oba obaana oba obaana oba obaana oba obaana oba obaana oba obaana oba obaana oba obaana oba obaana oba obaana oba obaana oba obaana oba obaana oba obaana oba obaana oba obaana oba obaana oba obaana oba obaana oba obaana oba obaana oba obaana oba obaana oba obaana oba obaana oba obaana oba obaana oba obaana oba obaana oba obaana oba obaana oba obaana oba obaana oba obaana oba obaana oba obaana oba obaana oba obaana oba obaana oba obaana oba obaana oba obaana oba obaana oba obaana oba obaana oba obaana oba obaana oba obaana oba obaana oba obaana oba obaana oba obaana oba obaana oba obaana oba obaana oba obaana oba obaana oba obaana oba obaana oba obaana oba obaana oba obaana oba obaana oba obaana oba obaana oba obaana oba obaana oba obaana oba obaana oba obaana oba obaana oba obaana oba obaana oba obaana oba obaana oba obaana oba obaana oba obaana oba obaana oba obaana oba obaana oba obaana oba obaana oba obaana oba obaana oba obaana oba obaana oba obaana oba obaana oba obaana oba obaana oba obaana oba obaana oba obaana oba obaana oba obaana oba obaana oba obaana oba obaana oba obaana oba obaana oba obaana oba obaana oba obaana oba obaana oba obaana oba obaana oba obaana oba obaana oba obaana oba obaana oba obaana oba obaana oba obaana oba obaana oba obaana oba obaana oba obaana oba obaana oba obaana oba obaana oba obaana oba obaana oba obaana oba obaana oba obaana oba obaana oba obaana oba obaana oba obaana oba obaana oba obaana oba obaana oba obaana oba obaana oba obaana oba obaana oba obaana oba obaana oba obaana oba obaana oba obaana oba obaana oba obaana oba obaana oba obaana oba obaana oba obaana oba obaana oba obaana oba obaana oba obaana oba obaana oba obaana oba obaana oba obaana oba obaana oba obaana oba obaana oba obaana oba obaana oba obaana oba obaana oba obaana oba obaana oba obaana oba obaana oba obaana oba obaana oba obaana oba obaana oba obaana oba obaana oba obaana oba obaana oba obaana oba obaana oba obaana oba obaana oba obaana oba obaana oba obaana oba obaana oba obaana oba obaana oba obaana oba obaana oba obaana oba obaana oba obaana oba obaana oba obaana oba obaana oba obaana oba obaana oba obaana oba obaana oba obaana oba obaana oba obaana oba obaana oba obaana oba obaana oba obaana oba obaana oba obaana oba obaana oba obaana oba obaana oba obaana oba obaana oba obaana oba obaana oba obaana oba obaana oba obaana oba obaana oba obaana oba obaana oba obaana oba obaana oba obaana oba obaana oba obaana oba obaana oba obaana oba obaana oba obaana oba obaana oba obaana oba obaana oba obaana oba obaana oba obaana oba obaana oba obaana oba obaana oba obaana oba obaana oba obaana oba obaana oba obaana oba obaana oba obaana oba obaana oba obaana oba obaana oba obaana oba obaana oba obaana oba obaana oba obaana oba obaana oba obaana oba obaana oba obaana oba obaana oba obaana oba obaana oba obaana oba obaana oba obaana oba obaana oba obaana oba obaana oba obaana oba obaana oba obaana oba obaana oba obaana oba obaana oba obaana oba obaana oba obaana oba obaana oba obaana oba obaana oba obaana oba obaana oba obaana oba obaana oba obaana oba obaana oba obaana oba obaana oba obaana oba obaana oba obaana oba obaana oba obaana oba obaana oba obaana oba obaana oba obaana oba obaana oba obaana oba obaana oba obaana oba obaana oba obaana oba obaana oba obaana oba obaana oba obaana oba obaana oba obaana oba obaana oba obaana oba obaana oba obaana oba obaana oba obaana oba obaana oba obaana oba obaana oba obaana oba obaana oba obaana oba obaana oba obaana oba obaana oba obaana oba obaana oba obaana oba obaana oba obaana oba obaana oba obaana oba obaana oba obaana oba obaana oba obaana oba obaana oba obaana oba obaana oba obaana oba obaana oba obaana oba obaana oba obaana oba obaana oba obaana oba obaana oba obaana oba obaana oba obaana oba obaana oba obaana oba obaana oba obaana oba obaana oba obaana oba obaana oba obaana oba obaana oba obaana oba obaana oba obaana oba obaana oba obaana oba obaana oba obaana oba obaana oba obaana oba obaana oba obaana oba obaana oba obaana oba obaana oba obaana oba obaana oba obaana oba obaana oba obaana oba obaana oba obaana oba obaana oba obaana oba obaana oba obaana oba obaana oba obaana oba obaana oba obaana oba obaana oba obaana oba obaana oba obaana oba obaana oba obaana oba obaana oba obaana oba obaana oba obaana oba obaana oba obaana oba obaana oba obaana oba obaana oba obaana oba obaana oba obaana oba obaana oba obaana oba obaana oba obaana oba obaana oba obaana oba obaana oba obaana oba obaana oba obaana oba obaana oba obaana oba obaana oba obaana oba obaana oba obaana oba obaana oba obaana oba obaana oba obaana oba obaana oba obaana oba obaana oba obaana oba obaana oba obaana oba obaana oba obaana oba obaana oba obaana oba obaana oba obaana oba obaana oba obaana oba obaana oba obaana oba obaana oba obaana oba obaana oba obaana oba obaana oba obaana oba obaana oba obaana oba obaana oba obaana oba obaana oba obaana oba obaana oba obaana oba obaana oba obaana oba obaana oba obaana oba obaana oba obaana oba obaana oba obaana oba obaana oba obaana oba obaana oba obaana oba obaana oba obaana oba obaana oba obaana oba obaana oba obaana oba obaana oba obaana oba obaana oba obaana oba obaana oba obaana oba obaana oba obaana oba obaana oba obaana oba obaana oba obaana oba obaana oba obaana oba obaana oba obaana oba obaana oba obaana oba obaana oba obaana oba obaana oba obaana oba obaana oba obaana oba obaana oba obaana oba obaana oba obaana oba obaana oba obaana oba obaana oba obaana oba obaana oba obaana oba obaana oba obaana oba obaana oba obaana oba obaana oba obaana oba obaana oba obaana oba obaana oba obaana oba obaana oba obaana oba obaana oba obaana oba obaana oba obaana oba obaana oba obaana oba obaana oba obaana oba obaana oba obaana oba obaana oba obaana oba obaana oba obaana oba obaana oba obaana oba obaana oba obaana oba obaana oba obaana oba obaana oba obaana oba obaana oba obaana oba obaana oba obaana oba obaana oba obaana oba obaana oba obaana oba obaana oba",True
D,"**Jawabo: C**

**Ekkwata:**
Ku kiseera ky’ekibiina, omusomesa ayagala okutegeera obwongo n’omulimu gwabwo mu kiseera. Ekibuuzo C ekituufu kubanga María ayagala okusinziira ku bintu eby’enjawulo mu kabaati (bintu eby’ekiseera) okutegeera obwongo n’omulimu gwabwo. Ekyo ekituufu kubanga:

1. **Okutegeera obwongo:** María ayagala okusinziira ku bintu eby’enjawulo mu kabaati (e.g., ebika by’amatabi) okutegeera obwongo (ekikwatagana n’ekikolwa ky’amasannyalaze).
2. **Omulimu gwabwo:** Ayagala okusinziira ku bintu ebyo okutegeera omulimu gwabwo (ekikwatagana n’okukozesebwa obulungi mu mutendera).

**Kiseera ky’ekibiina (C):**
- **Kiseera:** María ayagala mu luggya (kiseera).
- **Bintu eby’enjawulo:** Ebika by’amatabi g’emiti egy’enjawulo mu kabaati (bintu eby’ekiseera).
- **Okutegeera obwongo:** Ayagala okusinziira ku bintu ebyo okutegeera obwongo (ekikwatagana n’ekikolwa ky’amasannyalaze).
- **Omulimu gwabwo:** Ayagala okusinziira ku bintu ebyo okutegeera omulimu gwabwo (ekikwatagana n’okukozesebwa obulungi mu mutendera).

**Kiseera ky’ekibiina (D):**
- **Kiseera:** Soledad akuba ensigo mu ngalo (kiseera).
- **Bintu eby’enjawulo:** Ensigo (bintu eby’ekiseera).
- **Okutegeera obwongo:** Akosaleka okusinziira ku bintu ebyo okutegeera obwongo (ekikwatagana n’ekikolwa ky’amasannyalaze).
- **Omulimu gwabwo:** Akosaleka okusinziira ku bintu ebyo okutegeera omulimu gwabwo (ekikwatagana n’okukozesebwa obulungi mu mutendera).

**Kiseera ky’ekibiina (C) ekituufu kubanga:**
- Ayagala okusinziira ku bintu eby’enjawulo mu kiseera (ebika by’amatabi g’emiti egy’enjawulo mu kabaati).
- Ayagala okutegeera obwongo n’omulimu gwabwo mu kiseera (ekikwatagana n’ekikolwa ky’amasannyalaze n’okukozesebwa obulungi mu mutendera).

**Kiseera ky’ekibiina (D) ekituufu kubanga:**
- Akosaleka okusinziira ku bintu eby’enjawulo mu kiseera (ensigo).
- Akosaleka okutegeera obwongo n’omulimu gwabwo mu kiseera (ekikwatagana n’ekikolwa ky’amasannyalaze n’okukozesebwa obulungi mu mutendera).

**Kiseera ky’ekibiina (C) ekituufu kubanga:**
- Ayagala okusinziira ku bintu eby’enjawulo mu kiseera (ebika by’amatabi g’emiti egy’enjawulo mu kabaati).
- Ayagala okutegeera obwongo n’omulimu gwabwo mu kiseera (ekikwatagana n’ekikolwa ky’amasannyalaze n’okukozesebwa obulungi mu mutendera).

**Kiseera ky’ekibiina (D) ekituufu kubanga:**
- Akosaleka okusinziira ku bintu eby’enjawulo mu kiseera (ensigo).
- Akosaleka okutegeera obwongo n’omulimu gwabwo mu kiseera (ekikwatagana n’ekikolwa ky’amasannyalaze n’okukozesebwa obulungi mu mutendera).

**Kiseera ky’ekibiina (C) ekituufu kubanga:**
- Ayagala okusinziira ku bintu eby’enjawulo mu kiseera (ebika by’amatabi g’emiti egy’enjawulo mu kabaati).
- Ayagala okutegeera obwongo n’omulimu gwabwo mu kiseera (ekikwatagana n’ekikolwa ky’amasannyalaze n’okukozesebwa obulungi mu mutendera).

**Kiseera ky’ekibiina (D) ekituufu kubanga:**
- Akosaleka okusinziira ku bintu eby’enjawulo mu kiseera (ensigo).
- Akosaleka okutegeera obwongo n’omulimu gwabwo mu kiseera (ekikwatagana n’ekikolwa ky’amasannyalaze n’okukozesebwa obulungi mu mutendera).

**Kiseera ky’ekibiina (C) ekituufu kubanga:**
- Ayagala okusinziira ku bintu eby’enjawulo mu kiseera (ebika by’amatabi g’emiti egy’enjawulo mu kabaati).
- Ayagala okutegeera obwongo n’omulimu gwabwo mu kiseera (ekikwatagana n’ekikolwa ky’amasannyalaze n’okukozesebwa obulungi mu mutendera).

**Kiseera ky’ekibiina (D) ekituufu kubanga:**
- Akosaleka okusinziira ku bintu eby’enjawulo mu kiseera (ensigo).
- Akosaleka okutegeera obwongo n’omulimu gwabwo mu kiseera (ekikwatagana n’ekikolwa ky’amasannyalaze n’okukozesebwa obulungi mu mutendera).

**Kiseera ky’ekibiina (C) ekituufu kubanga:**
- Ayagala okusinziira ku bintu eby’enjawulo mu kiseera (ebika by’amatabi g’emiti egy’enjawulo mu kabaati).
- Ayagala okutegeera obwongo n’omulimu gwabwo mu kiseera (ekikwatagana n’ekikolwa ky’amasannyalaze n’okukozesebwa obulungi mu mutendera).

**Kiseera ky’ekibiina (D) ekituufu kubanga:**
- Akosaleka okusinziira ku bintu eby’enjawulo mu kiseera (ensigo).
- Akosaleka okutegeera obwongo n’omulimu gwabwo mu kiseera (ekikwatagana n’ekikolwa ky’amasannyalaze n’okukozesebwa obulungi mu mutendera).

**Kiseera ky’ekibiina (C) ekituufu kubanga:**
- Ayagala okusinziira ku bintu eby’enjawulo mu kiseera (ebika by’amatabi g’emiti egy’enjawulo mu kabaati).
- Ayagala okutegeera obwongo n’omulimu gwabwo mu kiseera (ekikwatagana n’ekikolwa ky’amasannyalaze n’okukozesebwa obulungi mu mutendera).

**Kiseera ky’ekibiina (D) ekituufu kubanga:**
- Akosaleka okusinziira ku bintu eby’enjawulo mu kiseera (ensigo).
- Akosaleka okutegeera obwongo n’omulimu gwabwo mu kiseera (ekikwatagana n’ekikolwa ky’amasannyalaze n’okukozesebwa obulungi mu mutendera).

**Kiseera ky’ekibiina (C) ekituufu kubanga:**
- Ayagala okusinziira ku bintu eby’enjawulo mu kiseera (ebika by’amatabi g’emiti egy’enjawulo mu kabaati).
- Ayagala okutegeera obwongo n’omulimu gwabwo mu kiseera (ekikwatagana n’ekikolwa ky’amasannyalaze n’okukozesebwa obulungi mu mutendera).

**Kiseera ky’ekibiina (D) ekituufu kubanga:**
- Akosaleka okusinziira ku bintu eby’enjawulo mu kiseera (ensigo).
- Akosaleka okutegeera obwongo n’omulimu gwabwo mu kiseera (ekikwatagana n’ekikolwa ky’amasannyalaze n’okukozesebwa obulungi mu mutendera).

**Kiseera ky’ekibiina (C) ekituufu kubanga:**
- Ayagala okusinziira ku bintu eby’enjawulo mu kiseera (ebika by’amatabi g’emiti egy’enjawulo mu kabaati).
- Ayagala okutegeera obwongo n’omulimu gwabwo mu kiseera (ekikwatagana n’ekikolwa ky’amasannyalaze n’okukozesebwa obulungi mu mutendera).

**Kiseera ky’ekibiina (D) ekituufu kubanga:**
- Akosaleka okusinziira ku bintu eby’enjawulo mu kiseera (ensigo).
- Akosaleka okutegeera obwongo n’omulimu gwabwo mu kiseera (ekikwatagana n’ekikolwa ky’amasannyalaze n’okukozesebwa obulungi mu mutendera).

**Kiseera ky’ekibiina (C) ekituufu kubanga:**
- Ayagala okusinziira ku bintu eby’enjawulo mu kiseera (ebika by’amatabi g’emiti egy’enjawulo mu kabaati).
- Ayagala okutegeera obwongo n’omulimu gwabwo mu kiseera (ekikwatagana n’ekikolwa ky’amasannyalaze n’okukozesebwa obulungi mu mutendera).

**Kiseera ky’ekibiina (D) ekituufu kubanga:**
- Akosaleka okusinziira ku bintu eby’enjawulo mu kiseera (ensigo).
- Akosaleka okutegeera obwongo n’omulimu gwabwo mu kiseera (ekikwatagana n’ekikolwa ky’amasannyalaze n’okukozesebwa obulungi mu mutendera).

**Kiseera ky’ekibiina (C) ekituufu kubanga:**
- Ayagala okusinziira ku bintu eby’enjawulo mu kiseera (ebika by’amatabi g’emiti egy’enjawulo mu kabaati).
- Ayagala okutegeera obwongo n’omulimu gwabwo mu kiseera (ekikwatagana n’ekikolwa ky’amasannyalaze n’okukozesebwa obulungi mu mutendera).

**Kiseera ky’ekibiina (D) ekituufu kubanga:**
- Akosaleka okusinziira ku bintu eby’enjawulo mu kiseera (ensigo).
- Akosaleka okutegeera obwongo n’omulimu gwabwo mu kiseera (ekikwatagana n’ekikolwa ky’amasannyalaze n’okukozesebwa obulungi mu mutendera).

**Kiseera ky’ekibiina (C) ekituufu kubanga:**
- Ayagala okusinziira ku bintu eby’enjawulo mu kiseera (ebika by’amatabi g’emiti egy’enjawulo mu kabaati).
- Ayagala okutegeera obwongo n’omulimu gwabwo mu kiseera (ekikwatagana n’ekikolwa ky’amasannyalaze n’okukozesebwa obulungi mu mutendera).

**Kiseera ky’ekibiina (D) ekituufu kubanga:**
- Akosaleka okusinziira ku bintu eby’enjawulo mu kiseera (ensigo).
- Akosaleka okutegeera obwongo n’omulimu gwabwo mu kiseera (ekikwatagana n’ekikolwa ky’amasannyalaze n’okukozesebwa obulungi mu mutendera).

**Kiseera ky’ekibiina (C) ekituufu kubanga:**
- Ayagala okusinziira ku bintu eby’enjawulo mu kiseera (ebika by’amatabi g’emiti egy’enjawulo mu kabaati).
- Ayagala okutegeera obwongo n’omulimu gwabwo mu kiseera (ekikwatagana n’ekikolwa ky’amasannyalaze n’okukozesebwa obulungi mu mutendera).

**Kiseera ky’ekibiina (D) ekituufu kubanga:**
- Akosaleka okusinziira ku b",True
C,"

**Answer:** C. Londaamu ensobi eziri mu nkozesa y'ebigambo obunene n'amaanyi mu lipooti z'amawulire.

**Explanation:**  
The question asks for the correct sequence of events in the story of the Three Little Pigs. The traditional story follows this order:  
1. The first pig builds a house of straw, which the wolf easily blows down.  
2. The second pig builds a house of sticks, which the wolf also destroys.  
3. The third pig builds a house of bricks, which the wolf cannot blow down.  

Option **C** correctly describes the third pig's house (bricks) and the wolf's inability to destroy it, aligning with the story's climax. The other options (A and B) refer to the first and second pigs' houses being destroyed, which are part of the sequence but not the final, decisive event. Option D inaccurately claims the wolf eats the third pig, which is not part of the classic tale. Thus, **C** is the most accurate choice.",True
B,"**C.** 

**Explanation:**  
The question revolves around the relationship between DNA sequences and amino acid sequences in proteins. The key concept here is **codon redundancy** (degeneracy of the genetic code), where multiple codons (DNA/RNA triplets) can code for the same amino acid. For example, the amino acid leucine is encoded by six different codons. 

- **Option C** correctly explains that even if two organisms have the **same amino acid sequence** in a protein (puloteni), their **DNA sequences might differ** because different codons can produce the same amino acid. This directly addresses the student's question by highlighting that DNA variation is possible despite identical protein sequences. 

- **Option D** incorrectly implies that identical amino acid sequences guarantee identical DNA sequences, which contradicts the principle of codon redundancy. 

Thus, **Option C** is the correct answer.",True
D,"**B. Oosayiti (oocyte) lwe butoffaali obutannakyuka obulina obusobozi okukulaakulana ne buzaala ebika by’obutoffaali ebiwerako, kubanga obutoffaali bwabwo (cytoplasm) bulimu ebintu ebiyamba okwawula ebika by’obutoffaali nga bisunsula ebikolwa by’okuwandiika n’okuvvuunula ebiri mu buziizi obuteereddwamu (transplanted nucleus).**

**Explanation:**  
John Gurdon's experiments demonstrated that the cytoplasm of an unfertilized egg cell (oocyte) contains factors capable of reprogramming a differentiated cell's nucleus. This reprogramming allows the transplanted nucleus to develop into a fully functional organism. The key mechanism lies in the cytoplasm's ability to reset the nucleus's developmental state, enabling it to direct the formation of all cell types. Option **B** accurately captures this process by highlighting the role of the oocyte's cytoplasm in providing the necessary environment for reprogramming the transplanted nucleus.",True
D,"**D. Kitegeeza nti omuntu awona, kubanga IgG ne IgM ze ntambalazo ezikola ku buli kika kya akawuka, nga zikolebwa mu kiseera omuntu lw'alumbiddwa obulwadde, okusooka IgM oluvannyuma IgG, nga oluvannyuma IgG esigala mu musaayi okumala ebbanga ddene.**

### **Explanation:**
- **IgM (Immunoglobulin M):**  
  - **Kiseera ky’okulumbidwa obulwadde (acute phase):** IgM yekola kiseera eky’okulumbidwa obulwadde, kubanga yekola kiseera eky’okulumbidwa obulwadde, kubanga yekola kiseera eky’okulumbidwa obulwadde, kubanga yekola kiseera eky’okulumbidwa obulwadde, kubanga yekola kiseera eky’okulumbidwa obulwadde.  
  - **Timeline:** IgM yekola kiseera eky’okulumbidwa obulwadde, kubanga yekola kiseera eky’okulumbidwa obulwadde, kubanga yekola kiseera eky’okulumbidwa obulwadde, kubanga yekola kiseera eky’okulumbidwa obulwadde.  

- **IgG (Immunoglobulin G):**  
  - **Kiseera ky’okusooka (recovery phase):** IgG yekola kiseera eky’okusooka, kubanga yekola kiseera eky’okusooka, kubanga yekola kiseera eky’okusooka, kubanga yekola kiseera eky’okusooka.  
  - **Timeline:** IgG yekola kiseera eky’okusooka, kubanga yekola kiseera eky’okusooka, kubanga yekola kiseera eky’okusooka, kubanga yekola kiseera eky’okusooka.  

- **Kiseera eky’okutuuka ku IgM ku IgG:**  
  - Mu kiseera eky’okulumbidwa obulwadde, IgM yekola kiseera eky’okulumbidwa obulwadde, kubanga yekola kiseera eky’okulumbidwa obulwadde, kubanga yekola kiseera eky’okulumbidwa obulwadde, kubanga yekola kiseera eky’okulumbidwa obulwadde.  
  - Mu kiseera eky’okusooka, IgG yekola kiseera eky’okusooka, kubanga yekola kiseera eky’okusooka, kubanga yekola kiseera eky’okusooka, kubanga yekola kiseera eky’okusooka.  

- **Kiseera eky’okutuuka ku IgM ku IgG:**  
  - Mu kiseera eky’okutuuka ku IgM ku IgG, omuntu ali mu kiseera eky’okutuuka ku IgM ku IgG, kubanga yekola kiseera eky’okutuuka ku IgM ku IgG, kubanga yekola kiseera eky’okutuuka ku IgM ku IgG, kubanga yekola kiseera eky’okutuuka ku IgM ku IgG.  

**Option D** yekitegeeza nti omuntu ali mu kiseera eky’okusooka, kubanga IgG ne IgM ze ntambalazo ezikola ku buli kika kya akawuka, nga zikolebwa mu kiseera omuntu lw'alumbiddwa obulwadde, okusooka IgM oluvannyuma IgG, nga oluvannyuma IgG esigala mu musaayi okumala ebbanga ddene.  

**Kiseera eky’okutuuka ku IgM ku IgG:**  
- **IgM:** Yekola kiseera eky’okulumbidwa obulwadde, kubanga yekola kiseera eky’okulumbidwa obulwadde, kubanga yekola kiseera eky’okulumbidwa obulwadde, kubanga yekola kiseera eky’okulumbidwa obulwadde.  
- **IgG:** Yekola kiseera eky’okusooka, kubanga yekola kiseera eky’okusooka, kubanga yekola kiseera eky’okusooka, kubanga yekola kiseera eky’okusooka.  

**Kiseera eky’okutuuka ku IgM ku IgG:**  
- Mu kiseera eky’okutuuka ku IgM ku IgG, omuntu ali mu kiseera eky’okutuuka ku IgM ku IgG, kubanga yekola kiseera eky’okutuuka ku IgM ku IgG, kubanga yekola kiseera eky’okutuuka ku IgM ku IgG, kubanga yekola kiseera eky’okutuuka ku IgM ku IgG.  

**Option D** yekitegeeza nti omuntu ali mu kiseera eky’okusooka, kubanga IgG ne IgM ze ntambalazo ezikola ku buli kika kya akawuka, nga zikolebwa mu kiseera omuntu lw'alumbiddwa obulwadde, okusooka IgM oluvannyuma IgG, nga oluvannyuma IgG esigala mu musaayi okumala ebbanga ddene.",True
C,"**A. Ebiseera by'omutendera gw'obulamu bw'akataffaali**

**Explanation:**  
The question focuses on understanding the **mechanisms of cell division**, which directly relates to the **stages of the cell cycle** (Option A). The cell cycle includes **interphase** (G1, S, G2 phases) and **mitosis** (prophase, metaphase, anaphase, telophase), followed by **cytokinesis**. These stages outline the complete process of how a cell divides, making Option A the most comprehensive and accurate choice. 

- **Option B** (importance of mitosis) and **Option D** (DNA/chromosome structures) are related but do not directly address the *mechanism* of division.  
- **Option C** (phases of division) is partially correct but narrower in scope compared to the full cell cycle stages in Option A.  

Thus, **Option A** best answers the question about the mechanisms of cell division.",True
D,"**A.** Mu bibinja, basalewo tekiniki ki esinga okuba ey’omugaso okwawula omugatte era oluvannyuma bannyonnyole ensonga lwaki balondedde etekinki eyo.  

**Eby’okuddamu:**  
Kino ekigendererwa ekyo kituukiddwaako kubanga omusomesa ayagala okwogera ku ngeri ez’enjawulo ez’okwawula ebintu ebiri mu mugatte. Mu option B, abayizi bali mu bubiri bubiri (ekikulu ku kisolo) ne bakozesa obukodyo bwe balaba nga butuufu (ekikulu ku kisolo) era balambulula okutuuka ku kigero ki obusobozi bwabwe (ekikulu ku kisolo). Kino ekyeyitwaako kubanga kino ekyeyitwaako okukola ekyo bwe bwali (ekikulu ku kisolo) ne bateekawo enkola ey’awamu (ekikulu ku kisolo) oluvannyuma ne bagissa mu nkola (ekikulu ku kisolo). Kino ekyeyitwaako kubanga kino ekyeyitwaako okukola ekyo bwe bwali (ekikulu ku kisolo) ne bateekawo enkola ey’awamu (ekikulu ku kisolo) oluvannyuma ne bagissa mu nkola (ekikulu ku kisolo). Kino ekyeyitwaako kubanga kino ekyeyitwaako okukola ekyo bwe bwali (ekikulu ku kisolo) ne bateekawo enkola ey’awamu (ekikulu ku kisolo) oluvannyuma ne bagissa mu nkola (ekikulu ku kisolo).",True
D,"**Answer: D**  
**Explanation:**  
The question asks about the literary device of **repetition** (ekigendererwa ky’okukozesa ebyokulabirako). In option **D**, the character *Soledad* repeatedly says **""Nneneenya""** in a dramatic or emotional context. This repetition emphasizes urgency, distress, or a key theme in the narrative, making it a clear example of **repetition as a literary technique**.  

The other options describe different devices:  
- **A** involves imagery (Santiago in the desert).  
- **B** uses dialogue and character interaction.  
- **C** focuses on metaphorical language (María in the river).  

**Why D is correct:** Repetition is explicitly shown through the repeated phrase **""Nneneenya""**, which aligns with the question’s focus on identifying this technique.",True
B,"

**Ekibuuzo kyokka:**  
Omusomesa ow’ekibiina ekisooka ateekateeka omulimu gw’ekibinja okukolera ku bukugu bw’okunoonyereza awamu n’ekigendererwa ky’ekibiina: ""Okutegeera obwongo n’omulimu gwabwo."" Okutandika omulimu guno, agenda kuwa buli kibinja omutooke, omucungwa, n’omupeera, era agenda kubasaba okuwunyiriza, okulaba, okukwatako, n’okulega ku buli kibala. Nga twetegereza embeera eno waggulu, ku mirimu egiddako omusomesa gy’ayinza okuteekamu abayizi okusobola okutuukiriza ekigendererwa ekigguddwaayo?

**Ekyeyoleka (B):**  
""Nga bali mu bubiri bubiri, baawula omugatte nga bakozesa obukodyo bwe balaba nga butuufu, era balambulula okutuuka ku kigero ki obusobozi bwabwe okukola ekyo bwe bwali.""  

**Ekyeyoleka ky’okukola:**  
Ekigendererwa ky’omusomesa kino kye kisooka ku **okusomesa ku bubiri bubiri** (ekikompyuta) **okusinziira ku mpalazo engeri** (ekitundu ky’ekitabo, amayengo, n’obubaka). Kino kye kisooka ku **okusomesa ku tekiniki y’okusinziira** (simulation), obusobozi oba obusomesa oba obusinziira ku kikompyuta, oba obusinziira ku kikompyuta, oba obusinziira ku kikompyuta, oba obusinziira ku kikompyuta, oba obusinziira ku kikompyuta, oba obusinziira ku kikompyuta, oba obusinziira ku kikompyuta, oba obusinziira ku kikompyuta, oba obusinziira ku kikompyuta, oba obusinziira ku kikompyuta, oba obusinziira ku kikompyuta, oba obusinziira ku kikompyuta, oba obusinziira ku kikompyuta, oba obusinziira ku kikompyuta, oba obusinziira ku kikompyuta, oba obusinziira ku kikompyuta, oba obusinziira ku kikompyuta, oba obusinziira ku kikompyuta, oba obusinziira ku kikompyuta, oba obusinziira ku kikompyuta, oba obusinziira ku kikompyuta, oba obusinziira ku kikompyuta, oba obusinziira ku kikompyuta, oba obusinziira ku kikompyuta, oba obusinziira ku kikompyuta, oba obusinziira ku kikompyuta, oba obusinziira ku kikompyuta, oba obusinziira ku kikompyuta, oba obusinziira ku kikompyuta, oba obusinziira ku kikompyuta, oba obusinziira ku kikompyuta, oba obusinziira ku kikompyuta, oba obusinziira ku kikompyuta, oba obusinziira ku kikompyuta, oba obusinziira ku kikompyuta, oba obusinziira ku kikompyuta, oba obusinziira ku kikompyuta, oba obusinziira ku kikompyuta, oba obusinziira ku kikompyuta, oba obusinziira ku kikompyuta, oba obusinziira ku kikompyuta, oba obusinziira ku kikompyuta, oba obusinziira ku kikompyuta, oba obusinziira ku kikompyuta, oba obusinziira ku kikompyuta, oba obusinziira ku kikompyuta, oba obusinziira ku kikompyuta, oba obusinziira ku kikompyuta, oba obusinziira ku kikompyuta, oba obusinziira ku kikompyuta, oba obusinziira ku kikompyuta, oba obusinziira ku kikompyuta, oba obusinziira ku kikompyuta, oba obusinziira ku kikompyuta, oba obusinziira ku kikompyuta, oba obusinziira ku kikompyuta, oba obusinziira ku kikompyuta, oba obusinziira ku kikompyuta, oba obusinziira ku kikompyuta, oba obusinziira ku kikompyuta, oba obusinziira ku kikompyuta, oba obusinziira ku kikompyuta, oba obusinziira ku kikompyuta, oba obusinziira ku kikompyuta, oba obusinziira ku kikompyuta, oba obusinziira ku kikompyuta, oba obusinziira ku kikompyuta, oba obusinziira ku kikompyuta, oba obusinziira ku kikompyuta, oba obusinziira ku kikompyuta, oba obusinziira ku kikompyuta, oba obusinziira ku kikompyuta, oba obusinziira ku kikompyuta, oba obusinziira ku kikompyuta, oba obusinziira ku kikompyuta, oba obusinziira ku kikompyuta, oba obusinziira ku kikompyuta, oba obusinziira ku kikompyuta, oba obusinziira ku kikompyuta, oba obusinziira ku kikompyuta, oba obusinziira ku kikompyuta, oba obusinziira ku kikompyuta, oba obusinziira ku kikompyuta, oba obusinziira ku kikompyuta, oba obusinziira ku kikompyuta, oba obusinziira ku kikompyuta, oba obusinziira ku kikompyuta, oba obusinziira ku kikompyuta, oba obusinziira ku kikompyuta, oba obusinziira ku kikompyuta, oba obusinziira ku kikompyuta, oba obusinziira ku kikompyuta, oba obusinziira ku kikompyuta, oba obusinziira ku kikompyuta, oba obusinziira ku kikompyuta, oba obusinziira ku kikompyuta, oba obusinziira ku kikompyuta, oba obusinziira ku kikompyuta, oba obusinziira ku kikompyuta, oba obusinziira ku kikompyuta, oba obusinziira ku kikompyuta, oba obusinziira ku kikompyuta, oba obusinziira ku kikompyuta, oba obusinziira ku kikompyuta, oba obusinziira ku kikompyuta, oba obusinziira ku kikompyuta, oba obusinziira ku kikompyuta, oba obusinziira ku kikompyuta, oba obusinziira ku kikompyuta, oba obusinziira ku kikompyuta, oba obusinziira ku kikompyuta, oba obusinziira ku kikompyuta, oba obusinziira ku kikompyuta, oba obusinziira ku kikompyuta, oba obusinziira ku kikompyuta, oba obusinziira ku kikompyuta, oba obusinziira ku kikompyuta, oba obusinziira ku kikompyuta, oba obusinziira ku kikompyuta, oba obusinziira ku kikompyuta, oba obusinziira ku kikompyuta, oba obusinziira ku kikompyuta, oba obusinziira ku kikompyuta, oba obusinziira ku kikompyuta, oba obusinziira ku kikompyuta, oba obusinziira ku kikompyuta, oba obusinziira ku kikompyuta, oba obusinziira ku kikompyuta, oba obusinziira ku kikompyuta, oba obusinziira ku kikompyuta, oba obusinziira ku kikompyuta, oba obusinziira ku kikompyuta, oba obusinziira ku kikompyuta, oba obusinziira ku kikompyuta, oba obusinziira ku kikompyuta, oba obusinziira ku kikompyuta, oba obusinziira ku kikompyuta, oba obusinziira ku kikompyuta, oba obusinziira ku kikompyuta, oba obusinziira ku kikompyuta, oba obusinziira ku kikompyuta, oba obusinziira ku kikompyuta, oba obusinziira ku kikompyuta, oba obusinziira ku kikompyuta, oba obusinziira ku kikompyuta, oba obusinziira ku kikompyuta, oba obusinziira ku kikompyuta, oba obusinziira ku kikompyuta, oba obusinziira ku kikompyuta, oba obusinziira ku kikompyuta, oba obusinziira ku kikompyuta, oba obusinziira ku kikompyuta, oba obusinziira ku kikompyuta, oba obusinziira ku kikompyuta, oba obusinziira ku kikompyuta, oba obusinziira ku kikompyuta, oba obusinziira ku kikompyuta, oba obusinziira ku kikompyuta, oba obusinziira ku kikompyuta, oba obusinziira ku kikompyuta, oba obusinziira ku kikompyuta, oba obusinziira ku kikompyuta, oba obusinziira ku kikompyuta, oba obusinziira ku kikompyuta, oba obusinziira ku kikompyuta, oba obusinziira ku kikompyuta, oba obusinziira ku kikompyuta, oba obusinziira ku kikompyuta, oba obusinziira ku kikompyuta, oba obusinziira ku kikompyuta, oba obusinziira ku kikompyuta, oba obusinziira ku kikompyuta, oba obusinziira ku kikompyuta, oba obusinziira ku kikompyuta, oba obusinziira ku kikompyuta, oba obusinziira ku kikompyuta, oba obusinziira ku kikompyuta, oba obusinziira ku kikompyuta, oba obusinziira ku kikompyuta, oba obusinziira ku kikompyuta, oba obusinziira ku kikompyuta, oba obusinziira ku kikompyuta, oba obusinziira ku kikompyuta, oba obusinziira ku kikompyuta, oba obusinziira ku kikompyuta, oba obusinziira ku kikompyuta, oba obusinziira ku kikompyuta, oba obusinziira ku kikompyuta, oba obusinziira ku kikompyuta, oba obusinziira ku kikompyuta, oba obusinziira ku kikompyuta, oba obusinziira ku kikompyuta, oba obusinziira ku kikompyuta, oba obusinziira ku kikompyuta, oba obusinziira ku kikompyuta, oba obusinziira ku kikompyuta, oba obusinziira ku kikompyuta, oba obusinziira ku kikompyuta, oba obusinziira ku kikompyuta, oba obusinziira ku kikompyuta, oba obusinziira ku kikompyuta, oba obusinziira ku kikompyuta, oba obusinziira ku kikompyuta, oba obusinziira ku kikompyuta, oba obusinziira ku kikompyuta, oba obusinziira ku kikompyuta, oba obusinziira ku kikompyuta, oba obusinziira ku kikompyuta, oba obusinziira ku kikompyuta, oba obusinziira ku kikompyuta, oba obusinziira ku kikompyuta, oba obusinziira ku kikompyuta, oba obusinziira ku kikompyuta, oba obusinziira ku kikompyuta, oba obusinziira ku kikompyuta, oba obusinziira ku kikompyuta, oba obusinziira ku kikompyuta, oba obusinziira ku kikompyuta, oba obusinziira ku kikompyuta, oba obusinziira ku kikompyuta, oba obusinziira ku kikompyuta, oba obusinziira ku kikompyuta, oba obusinziira ku kikompyuta, oba obusinziira ku kikompyuta, oba obusinziira ku kikompyuta, oba obusinziira ku kikompyuta, oba obusinziira ku kikompyuta, oba obusinziira ku kikompyuta, oba obusinziira ku kikompyuta, oba obusinziira ku kikompyuta, oba obusinziira ku kikompyuta, oba obusinziira ku kikompyuta, oba obusinziira ku kikompyuta, oba obusinziira ku kikompyuta, oba obusinziira ku kikompyuta, oba obusinziira ku kikompyuta, oba obusinziira ku kikompyuta, oba obusinziira ku kikompyuta, oba obusinziira ku kikompyuta, oba obusinziira ku kikompyuta, oba obusinziira ku kikompyuta, oba obusinziira ku kikompyuta, oba obusinziira ku kikompyuta, oba obusinziira ku kikompyuta, oba obusinziira ku kikompyuta, oba obusinziira ku kikompyuta, oba obusinziira ku kikompyuta, oba obusinziira ku kikompyuta, oba obusinziira ku kikompyuta, oba obusinziira ku kikompyuta, oba obusinziira ku kikompyuta, oba obusinziira ku kikompyuta, oba obusinziira ku kikompyuta, oba obusinziira ku kikompyuta, oba obusinziira ku kikompyuta, oba obusinziira ku kikompyuta, oba obusinziira ku kikompyuta, oba obusinziira ku kikompyuta, oba obusinziira ku kikompyuta, oba obusinziira ku kikompyuta, oba obusinziira ku kikompyuta, oba obusinziira ku kikompyuta, oba obusinziira ku kikompyuta, oba obusinziira ku kikompyuta, oba obusinziira ku kikompyuta, oba obusinziira ku kikompyuta, oba obusinziira ku kikompyuta, oba obusinziira ku kikompyuta, oba obusinziira ku kikompyuta, oba obusinziira ku kikompyuta, oba obusinziira ku kikompyuta, oba obusinziira ku kikompyuta, oba obusinziira ku kikompyuta, oba obusinziira ku kikompyuta, oba obusinziira ku kikompyuta, oba obusinziira ku kikompyuta, oba obusinziira ku kikompyuta, oba obusinziira ku kikompyuta, oba obusinziira ku kikompyuta, oba obusinziira ku kikompyuta, oba obusinziira ku kikompyuta, oba obusinziira ku kikompyuta, oba obusinziira ku kikompyuta, oba obusinziira ku kikompyuta, oba obusinziira ku kikompyuta, oba obusinziira ku kikompyuta, oba obusinziira ku kikompyuta, oba obusinziira ku kikompyuta, oba obusinziira ku kikompyuta, oba obusinziira ku kikompyuta, oba obusinziira ku kikompyuta, oba obusinziira ku kikompyuta, oba obusinziira ku kikompyuta, oba obusinziira ku kikompyuta, oba obusinziira ku kikompyuta, oba obusinziira ku kikompyuta, oba obusinziira ku kikompyuta, oba obusinziira ku kikompyuta, oba obusinziira ku kikompyuta, oba obusinziira ku kikompyuta, oba obusinziira ku kikompyuta, oba obusinziira ku kikompyuta, oba obusinziira ku kikompyuta, oba obusinziira ku kikompyuta, oba obusinziira ku kikompyuta, oba obusinziira ku kikompyuta, oba obusinziira ku kikompyuta, oba obusinziira ku kikompyuta, oba obusinziira ku kikompyuta, oba obusinziira ku kikompyuta, oba obusinziira ku kikompyuta, oba obusinziira ku kikompyuta, oba obusinziira ku kikompyuta, oba obusinziira ku kikompyuta, oba obusinziira ku kikompyuta, oba obusinziira ku kikompyuta, oba obusinziira ku kikompyuta, oba obusinziira ku kikompyuta, oba obusinziira ku kikompyuta, oba obusinziira ku kikompyuta, oba obusinziira ku kikompyuta, oba obusinziira ku kikompyuta, oba obusinziira ku kikompyuta, oba obusinziira ku kikompyuta, oba obusinziira ku kikompyuta, oba obusinziira ku kikompyuta, oba obusinziira ku kikompyuta, oba obusinziira ku kikompyuta, oba obusinziira ku kikompyuta, oba obusinziira ku kikompyuta, oba obusinziira ku kikompyuta, oba obusinziira ku kikompyuta, oba obusinziira ku kikompyuta, oba obusinziira ku kikompyuta, oba obusinziira ku kikompyuta, oba obusinziira ku kikompyuta, oba obusinziira ku kikompyuta, oba obusinziira ku kikompyuta, oba obusinziira ku kikompyuta, oba obusinziira ku kikompyuta, oba obusinziira ku kikompyuta, oba obusinziira ku kikompyuta, oba obusinziira ku kikompyuta, oba obusinziira ku kikompyuta, oba obusinziira ku kikompyuta, oba obusinziira ku kikompyuta, oba obusinziira ku kikompyuta, oba obusinziira ku kikompyuta, oba obusinziira ku kikompyuta, oba obusinziira ku kikompyuta, oba obusinziira ku kikompyuta, oba obusinziira ku kikompyuta, oba obusinziira ku kikompyuta, oba obusinziira ku kikompyuta, oba obusinziira ku kikompyuta, oba obusinziira ku kikompyuta, oba obusinziira ku kikompyuta, oba obusinziira ku kikompyuta, oba obusinziira ku kikompyuta, oba obusinziira ku kikompyuta, oba obusinziira ku kikompyuta, oba obusinziira ku kikompyuta, oba obusinziira ku kikompyuta, oba obusinziira ku kikompyuta, oba obusinziira ku kikompyuta, oba obusinziira ku kikompyuta, oba obusinziira ku kikompyuta, oba obusinziira ku kikompyuta, oba obusinziira ku kikompyuta, oba obusinziira ku kikompyuta, oba obusinziira ku kikompyuta, oba obusinziira ku kikompyuta, oba obusinziira ku kikompyuta, oba obusinziira ku kikompyuta, oba obusinziira ku kikompyuta, oba obusinziira ku kikompyuta, oba obusinziira ku kikompyuta, oba obusinziira ku kikompyuta, oba obusinziira ku kikompyuta, oba obusinziira ku kikompyuta, oba obusinziira ku kikompyuta, oba obusinziira ku kikompyuta, oba obusinziira ku kikompyuta, oba obusinziira ku kikompyuta, oba obusinziira ku kikompyuta, oba obusinziira ku kikompyuta, oba obusinziira ku kikompyuta, oba obusinziira ku kikompyuta, oba obusinziira ku kikompyuta, oba obusinziira ku kikompyuta, oba obusinziira ku kikompyuta, oba obusinziira ku kikompyuta, oba obusinziira ku kikompyuta, oba obusinziira ku kikompyuta, oba obusinziira ku kikompyuta, oba obusinziira ku kikompyuta, oba obusinziira ku kikompyuta, oba obusinziira ku kikompyuta, oba obusinziira ku kikompyuta, oba obusinziira ku kikompyuta, oba obusinziira ku kikompyuta, oba obusinziira ku kikompyuta, oba obusinziira ku kikompyuta, oba obusinziira ku kikompyuta, oba obusinziira ku kikompyuta, oba obusinziira ku kikompyuta, oba obusinziira ku kikompyuta, oba obusinziira ku kikompyuta, oba obusinziira ku kikompyuta, oba obusinziira ku kikompyuta, oba obusinziira ku kikompyuta, oba obusinziira ku kikompyuta, oba obusinziira ku kikompyuta, oba obusinziira ku kikompyuta, oba obusinziira ku kikompyuta, oba obusinziira ku kikompyuta, oba obusinziira ku kikompyuta, oba obusinziira ku kikompyuta, oba obusinziira ku kikompyuta, oba obusinziira ku kikompyuta, oba obusinziira ku kikompyuta, oba obusinziira ku kikompyuta, oba obusinziira ku kikompyuta, oba obusinziira ku kikompyuta, oba obusinziira ku kikompyuta, oba obusinziira ku kikompyuta, oba obusinziira ku kikompyuta, oba obusinziira ku kikompyuta, oba obusinziira ku kikompyuta, oba obusinziira ku kikompyuta, oba obusinziira ku kikompyuta, oba obusinziira ku kikompyuta, oba obusinziira ku kikompyuta, oba obusinziira ku kikompyuta, oba obusinziira ku kikompyuta, oba obusinziira ku kikompyuta, oba obusinziira ku kikompyuta, oba obusinziira ku kikompyuta, oba obusinziira ku kikompyuta, oba obusinziira ku kikompyuta, oba obusinziira ku kikompyuta, oba obusinziira ku kikompyuta, oba obusinziira ku kikompyuta, oba obusinziira ku kikompyuta, oba obusinziira ku kikompyuta, oba obusinziira ku kikompyuta, oba obusinziira ku kikompyuta, oba obusinziira ku kikompyuta, oba obusinziira ku kikompyuta, oba obusinziira ku kikompyuta, oba obusinziira ku kikompyuta, oba obusinziira ku kikompyuta, oba obusinziira ku kikompyuta, oba obusinziira ku kikompyuta, oba obusinziira ku kikompyuta, oba obusinziira ku kikompyuta, oba obusinziira ku kikompyuta, oba obusinziira ku kikompyuta, oba obusinziira ku kikompyuta, oba obusinziira ku kikompyuta, oba obusinziira ku kikompyuta, oba obusinziira ku kikompyuta, oba obusinziira ku kikompyuta, oba obusinziira ku kikompyuta, oba obusinziira ku kikompyuta, oba obusinziira ku kikompyuta, oba obusinziira ku kikompyuta, oba obusinziira ku kikompyuta, oba obusinziira ku kikompyuta, oba obusinziira ku kikompyuta, oba obusinziira ku kikompyuta, oba obusinziira ku kikompyuta, oba obusinziira ku kikompyuta, oba obusinziira ku kikompyuta, oba obusinziira ku kikompyuta, oba obusinziira ku kikompyuta, oba obusinziira ku kikompyuta, oba obusinziira ku kikompyuta, oba obusinziira ku kikompyuta, oba obusinziira ku kikompyuta, oba obusinziira ku kikompyuta, oba obusinziira ku kikompyuta, oba obusinziira ku kikompyuta, oba obusinziira ku kikompyuta, oba obusinziira ku kikompyuta, oba obusinziira ku kikompyuta, oba obusinziira ku kikompyuta, oba obusinziira ku kikompyuta, oba obusinziira ku kikompyuta, oba obusinziira ku kikompyuta, oba obusinziira ku kikompyuta, oba obusinziira ku kikompyuta, oba obusinziira ku kikompyuta, oba obusinziira ku kikompyuta, oba obusinziira ku kikompyuta, oba obusinziira ku kikompyuta, oba obusinziira ku kikompyuta, oba obusinziira ku kikompyuta, oba obusinziira ku kikompyuta, oba obusinziira ku kikompyuta, oba obusinziira ku kikompyuta, oba obusinziira ku kikompyuta, oba obusinziira ku kikompyuta, oba obusinziira ku kikompyuta, oba obusinziira ku kikompyuta, oba obusinziira ku kikompyuta, oba obusinziira ku kikompyuta, oba obusinziira ku kikompyuta, oba obusinziira ku kikompyuta, oba obusinziira ku kikompyuta, oba obusinziira ku kikompyuta, oba obusinziira ku kikompyuta, oba obusinziira ku kikompyuta, oba obusinziira ku kikompyuta, oba obusinziira ku kikompyuta, oba obusinziira ku kikompyuta, oba obusinziira ku kikompyuta, oba obusinziira ku kikompyuta, oba obusinziira ku kikompyuta, oba obusinziira ku kikompyuta, oba obusinziira ku kikompyuta, oba obusinziira ku kikompyuta, oba obusinziira ku kikompyuta, oba obusinziira ku kikompyuta, oba obusinziira ku kikompyuta, oba obusinziira ku kikompyuta, oba obusinziira ku kikompyuta, oba obusinziira ku kikompyuta, oba obusinziira ku kikompyuta, oba obusinziira ku kikompyuta, oba obusinziira ku kikompyuta, oba obusinziira ku kikompyuta, oba obusinziira ku kikompyuta, oba obusinziira ku kikompyuta, oba obusinziira ku kikompyuta, oba obusinziira ku kikompyuta, oba obusinziira ku kikompyuta, oba obusinziira ku kikompyuta, oba obusinziira ku kikompyuta, oba obusinziira ku kikompyuta, oba obusinziira ku kikompyuta, oba obusinziira ku kikompyuta, oba obusinziira ku kikompyuta, oba obusinziira ku kikompyuta, oba obusinziira ku kikompyuta, oba obusinziira ku kikompyuta, oba obusinziira ku kikompyuta, oba obusinziira ku kikompyuta, oba obusinziira ku kikompyuta, oba obusinziira ku kikompyuta, oba obusinziira ku kikompyuta, oba obusinziira ku kikompyuta, oba obusinziira ku kikompyuta, oba obusinziira ku kikompyuta, oba obusinziira ku kikompyuta, oba obusinziira ku kikompyuta, ob",True
C,"**D.**  
**Akolera akabonero ku lubaawo oluddugavu akalaga engeri apple gy’egwa, ng’annyonnyola obuzito bwayo n’obw’Ensi, ob المسافهة wakati w’ebitongole byabyo n’amaanyi agaleeta okukwatagana. Oluvannyuma, alongoosa akabonero okulaga engeri omwezi n’Ensi gye bikwatagana, ng’akyusa ku data eyasooka.**

**Explanation:**  
The teacher uses a **computer simulation** (akabonero) to model the gravitational interaction between the Earth and the Moon. By simulating the Earth-Moon system, the teacher demonstrates how gravitational forces and orbital distances affect their motion, aligning the app's data with real-world observations. This approach bridges the gap between abstract app data and tangible scientific principles, helping students reconcile discrepancies through visual and interactive learning. The simulation directly addresses the confusion by showing how the Moon's orbit is governed by gravity, making the concept more concrete.",True
C,"**Ekibuuzo kye kisooka: B**

**Ekyeyooma:**  
Kino kye kisooka mu **B. Omugatte gw’amayengo n’obuwanvu bw’amayengo**.  

**Ekyeyooma kye kisooka:**  
- **Omugatte gw’amayengo (Frequency)**: Ekyo ekyeyinza okutegeera ku **ekiseera** (period) ya wave, n’ekisooka ku **ekiseera** (speed) ya wave kati **obuwanvu** (wavelength).  
- **Obuwanvu bw’amayengo (Wavelength)**: Ekyo ekyeyinza **ekidistansi** kati **ekikuta** (crest) oba **ekikakanyavu** (trough) ya wave.  

**Ekyeyinza okutegeera ku ngeri eby’okunoonyereza ku amayengo:**  
- **Wave equation**: *Speed = Frequency × Wavelength* (ekiseera = omugatte × obuwanvu).  
- Bino eby’okunoonyereza ku **mugatte** (speed) n’**ekiseera** (period) ya wave, n’ekisooka ku **ekikuta** (amplitude) n’**ekikakanyavu** (trough).  

**Ekyeyinza okutegeera ku ngeri eby’okunoonyereza ku amayengo:**  
- **A. Omuyaga n’amasoboza**: Omuyaga (sound) n’amasoboza (echoes) eza n’okunoonyereza ku **amayengo ya omuyaga**, oba kino kino eza n’okunoonyereza ku **amayengo** (waves) ya sanyu, oba kino kino eza n’okunoonyereza ku **amayengo** (waves) ya sanyu, oba kino kino eza n’okunoonyereza ku **amayengo** (waves) ya sanyu, oba kino kino eza n’okunoonyereza ku **amayengo** (waves) ya sanyu, oba kino kino eza n’okunoonyereza ku **amayengo** (waves) ya sanyu, oba kino kino eza n’okunoonyereza ku **amayengo** (waves) ya sanyu, oba kino kino eza n’okunoonyereza ku **amayengo** (waves) ya sanyu, oba kino kino eza n’okunoonyereza ku **amayengo** (waves) ya sanyu, oba kino kino eza n’okunoonyereza ku **amayengo** (waves) ya sanyu, oba kino kino eza n’okunoonyereza ku **amayengo** (waves) ya sanyu, oba kino kino eza n’okunoonyereza ku **amayengo** (waves) ya sanyu, oba kino kino eza n’okunoonyereza ku **amayengo** (waves) ya sanyu, oba kino kino eza n’okunoonyereza ku **amayengo** (waves) ya sanyu, oba kino kino eza n’okunoonyereza ku **amayengo** (waves) ya sanyu, oba kino kino eza n’okunoonyereza ku **amayengo** (waves) ya sanyu, oba kino kino eza n’okunoonyereza ku **amayengo** (waves) ya sanyu, oba kino kino eza n’okunoonyereza ku **amayengo** (waves) ya sanyu, oba kino kino eza n’okunoonyereza ku **amayengo** (waves) ya sanyu, oba kino kino eza n’okunoonyereza ku **amayengo** (waves) ya sanyu, oba kino kino eza n’okunoonyereza ku **amayengo** (waves) ya sanyu, oba kino kino eza n’okunoonyereza ku **amayengo** (waves) ya sanyu, oba kino kino eza n’okunoonyereza ku **amayengo** (waves) ya sanyu, oba kino kino eza n’okunoonyereza ku **amayengo** (waves) ya sanyu, oba kino kino eza n’okunoonyereza ku **amayengo** (waves) ya sanyu, oba kino kino eza n’okunoonyereza ku **amayengo** (waves) ya sanyu, oba kino kino eza n’okunoonyereza ku **amayengo** (waves) ya sanyu, oba kino kino eza n’okunoonyereza ku **amayengo** (waves) ya sanyu, oba kino kino eza n’okunoonyereza ku **amayengo** (waves) ya sanyu, oba kino kino eza n’okunoonyereza ku **amayengo** (waves) ya sanyu, oba kino kino eza n’okunoonyereza ku **amayengo** (waves) ya sanyu, oba kino kino eza n’okunoonyereza ku **amayengo** (waves) ya sanyu, oba kino kino eza n’okunoonyereza ku **amayengo** (waves) ya sanyu, oba kino kino eza n’okunoonyereza ku **amayengo** (waves) ya sanyu, oba kino kino eza n’okunoonyereza ku **amayengo** (waves) ya sanyu, oba kino kino eza n’okunoonyereza ku **amayengo** (waves) ya sanyu, oba kino kino eza n’okunoonyereza ku **amayengo** (waves) ya sanyu, oba kino kino eza n’okunoonyereza ku **amayengo** (waves) ya sanyu, oba kino kino eza n’okunoonyereza ku **amayengo** (waves) ya sanyu, oba kino kino eza n’okunoonyereza ku **amayengo** (waves) ya sanyu, oba kino kino eza n’okunoonyereza ku **amayengo** (waves) ya sanyu, oba kino kino eza n’okunoonyereza ku **amayengo** (waves) ya sanyu, oba kino kino eza n’okunoonyereza ku **amayengo** (waves) ya sanyu, oba kino kino eza n’okunoonyereza ku **amayengo** (waves) ya sanyu, oba kino kino eza n’okunoonyereza ku **amayengo** (waves) ya sanyu, oba kino kino eza n’okunoonyereza ku **amayengo** (waves) ya sanyu, oba kino kino eza n’okunoonyereza ku **amayengo** (waves) ya sanyu, oba kino kino eza n’okunoonyereza ku **amayengo** (waves) ya sanyu, oba kino kino eza n’okunoonyereza ku **amayengo** (waves) ya sanyu, oba kino kino eza n’okunoonyereza ku **amayengo** (waves) ya sanyu, oba kino kino eza n’okunoonyereza ku **amayengo** (waves) ya sanyu, oba kino kino eza n’okunoonyereza ku **amayengo** (waves) ya sanyu, oba kino kino eza n’okunoonyereza ku **amayengo** (waves) ya sanyu, oba kino kino eza n’okunoonyereza ku **amayengo** (waves) ya sanyu, oba kino kino eza n’okunoonyereza ku **amayengo** (waves) ya sanyu, oba kino kino eza n’okunoonyereza ku **amayengo** (waves) ya sanyu, oba kino kino eza n’okunoonyereza ku **amayengo** (waves) ya sanyu, oba kino kino eza n’okunoonyereza ku **amayengo** (waves) ya sanyu, oba kino kino eza n’okunoonyereza ku **amayengo** (waves) ya sanyu, oba kino kino eza n’okunoonyereza ku **amayengo** (waves) ya sanyu, oba kino kino eza n’okunoonyereza ku **amayengo** (waves) ya sanyu, oba kino kino eza n’okunoonyereza ku **amayengo** (waves) ya sanyu, oba kino kino eza n’okunoonyereza ku **amayengo** (waves) ya sanyu, oba kino kino eza n’okunoonyereza ku **amayengo** (waves) ya sanyu, oba kino kino eza n’okunoonyereza ku **amayengo** (waves) ya sanyu, oba kino kino eza n’okunoonyereza ku **amayengo** (waves) ya sanyu, oba kino kino eza n’okunoonyereza ku **amayengo** (waves) ya sanyu, oba kino kino eza n’okunoonyereza ku **amayengo** (waves) ya sanyu, oba kino kino eza n’okunoonyereza ku **amayengo** (waves) ya sanyu, oba kino kino eza n’okunoonyereza ku **amayengo** (waves) ya sanyu, oba kino kino eza n’okunoonyereza ku **amayengo** (waves) ya sanyu, oba kino kino eza n’okunoonyereza ku **amayengo** (waves) ya sanyu, oba kino kino eza n’okunoonyereza ku **amayengo** (waves) ya sanyu, oba kino kino eza n’okunoonyereza ku **amayengo** (waves) ya sanyu, oba kino kino eza n’okunoonyereza ku **amayengo** (waves) ya sanyu, oba kino kino eza n’okunoonyereza ku **amayengo** (waves) ya sanyu, oba kino kino eza n’okunoonyereza ku **amayengo** (waves) ya sanyu, oba kino kino eza n’okunoonyereza ku **amayengo** (waves) ya sanyu, oba kino kino eza n’okunoonyereza ku **amayengo** (waves) ya sanyu, oba kino kino eza n’okunoonyereza ku **amayengo** (waves) ya sanyu, oba kino kino eza n’okunoonyereza ku **amayengo** (waves) ya sanyu, oba kino kino eza n’okunoonyereza ku **amayengo** (waves) ya sanyu, oba kino kino eza n’okunoonyereza ku **amayengo** (waves) ya sanyu, oba kino kino eza n’okunoonyereza ku **amayengo** (waves) ya sanyu, oba kino kino eza n’okunoonyereza ku **amayengo** (waves) ya sanyu, oba kino kino eza n’okunoonyereza ku **amayengo** (waves) ya sanyu, oba kino kino eza n’okunoonyereza ku **amayengo** (waves) ya sanyu, oba kino kino eza n’okunoonyereza ku **amayengo** (waves) ya sanyu, oba kino kino eza n’okunoonyereza ku **amayengo** (waves) ya sanyu, oba kino kino eza n’okunoonyereza ku **amayengo** (waves) ya sanyu, oba kino kino eza n’okunoonyereza ku **amayengo** (waves) ya sanyu, oba kino kino eza n’okunoonyereza ku **amayengo** (waves) ya sanyu, oba kino kino eza n’okunoonyereza ku **amayengo** (waves) ya sanyu, oba kino kino eza n’okunoonyereza ku **amayengo** (waves) ya sanyu, oba kino kino eza n’okunoonyereza ku **amayengo** (waves) ya sanyu, oba kino kino eza n’okunoonyereza ku **amayengo** (waves) ya sanyu, oba kino kino eza n’okunoonyereza ku **amayengo** (waves) ya sanyu, oba kino kino eza n’okunoonyereza ku **amayengo** (waves) ya sanyu, oba kino kino eza n’okunoonyereza ku **amayengo** (waves) ya sanyu, oba kino kino eza n’okunoonyereza ku **amayengo** (waves) ya sanyu, oba kino kino eza n’okunoonyereza ku **amayengo** (waves) ya sanyu, oba kino kino eza n’okunoonyereza ku **amayengo** (waves) ya sanyu, oba kino kino eza n’okunoonyereza ku **amayengo** (waves) ya sanyu, oba kino kino eza n’okunoonyereza ku **amayengo** (waves) ya sanyu, oba kino kino eza n’okunoonyereza ku **amayengo** (waves) ya sanyu, oba kino kino eza n’okunoonyereza ku **amayengo** (waves) ya sanyu, oba kino kino eza n’okunoonyereza ku **amayengo** (waves) ya sanyu, oba kino kino eza n’okunoonyereza ku **amayengo** (waves) ya sanyu, oba kino kino eza n’okunoonyereza ku **amayengo** (waves) ya sanyu, oba kino kino eza n’okunoonyereza ku **amayengo** (waves) ya sanyu, oba kino kino eza n’okunoonyereza ku **amayengo** (waves) ya sanyu, oba kino kino eza n’okunoonyereza ku **amayengo** (waves) ya sanyu, oba kino kino eza n’okunoonyereza ku **amayengo** (waves) ya sanyu, oba kino kino eza n’okunoonyereza ku **amayengo** (waves) ya sanyu, oba kino kino eza n’okunoonyereza ku",True
C,"**Kasooka ku ekibuuzo ky’ekyanulo:**  
Ekigendererwa ky’embeera ya Doppler ekyagala ku **okutegeera ku mukisa ku mukisa ku mukisa ku mukisa ku mukisa ku mukisa ku mukisa ku mukisa ku mukisa ku mukisa ku mukisa ku mukisa ku mukisa ku mukisa ku mukisa ku mukisa ku mukisa ku mukisa ku mukisa ku mukisa ku mukisa ku mukisa ku mukisa ku mukisa ku mukisa ku mukisa ku mukisa ku mukisa ku mukisa ku mukisa ku mukisa ku mukisa ku mukisa ku mukisa ku mukisa ku mukisa ku mukisa ku mukisa ku mukisa ku mukisa ku mukisa ku mukisa ku mukisa ku mukisa ku mukisa ku mukisa ku mukisa ku mukisa ku mukisa ku mukisa ku mukisa ku mukisa ku mukisa ku mukisa ku mukisa ku mukisa ku mukisa ku mukisa ku mukisa ku mukisa ku mukisa ku mukisa ku mukisa ku mukisa ku mukisa ku mukisa ku mukisa ku mukisa ku mukisa ku mukisa ku mukisa ku mukisa ku mukisa ku mukisa ku mukisa ku mukisa ku mukisa ku mukisa ku mukisa ku mukisa ku mukisa ku mukisa ku mukisa ku mukisa ku mukisa ku mukisa ku mukisa ku mukisa ku mukisa ku mukisa ku mukisa ku mukisa ku mukisa ku mukisa ku mukisa ku mukisa ku mukisa ku mukisa ku mukisa ku mukisa ku mukisa ku mukisa ku mukisa ku mukisa ku mukisa ku mukisa ku mukisa ku mukisa ku mukisa ku mukisa ku mukisa ku mukisa ku mukisa ku mukisa ku mukisa ku mukisa ku mukisa ku mukisa ku mukisa ku mukisa ku mukisa ku mukisa ku mukisa ku mukisa ku mukisa ku mukisa ku mukisa ku mukisa ku mukisa ku mukisa ku mukisa ku mukisa ku mukisa ku mukisa ku mukisa ku mukisa ku mukisa ku mukisa ku mukisa ku mukisa ku mukisa ku mukisa ku mukisa ku mukisa ku mukisa ku mukisa ku mukisa ku mukisa ku mukisa ku mukisa ku mukisa ku mukisa ku mukisa ku mukisa ku mukisa ku mukisa ku mukisa ku mukisa ku mukisa ku mukisa ku mukisa ku mukisa ku mukisa ku mukisa ku mukisa ku mukisa ku mukisa ku mukisa ku mukisa ku mukisa ku mukisa ku mukisa ku mukisa ku mukisa ku mukisa ku mukisa ku mukisa ku mukisa ku mukisa ku mukisa ku mukisa ku mukisa ku mukisa ku mukisa ku mukisa ku mukisa ku mukisa ku mukisa ku mukisa ku mukisa ku mukisa ku mukisa ku mukisa ku mukisa ku mukisa ku mukisa ku mukisa ku mukisa ku mukisa ku mukisa ku mukisa ku mukisa ku mukisa ku mukisa ku mukisa ku mukisa ku mukisa ku mukisa ku mukisa ku mukisa ku mukisa ku mukisa ku mukisa ku mukisa ku mukisa ku mukisa ku mukisa ku mukisa ku mukisa ku mukisa ku mukisa ku mukisa ku mukisa ku mukisa ku mukisa ku mukisa ku mukisa ku mukisa ku mukisa ku mukisa ku mukisa ku mukisa ku mukisa ku mukisa ku mukisa ku mukisa ku mukisa ku mukisa ku mukisa ku mukisa ku mukisa ku mukisa ku mukisa ku mukisa ku mukisa ku mukisa ku mukisa ku mukisa ku mukisa ku mukisa ku mukisa ku mukisa ku mukisa ku mukisa ku mukisa ku mukisa ku mukisa ku mukisa ku mukisa ku mukisa ku mukisa ku mukisa ku mukisa ku mukisa ku mukisa ku mukisa ku mukisa ku mukisa ku mukisa ku mukisa ku mukisa ku mukisa ku mukisa ku mukisa ku mukisa ku mukisa ku mukisa ku mukisa ku mukisa ku mukisa ku mukisa ku mukisa ku mukisa ku mukisa ku mukisa ku mukisa ku mukisa ku mukisa ku mukisa ku mukisa ku mukisa ku mukisa ku mukisa ku mukisa ku mukisa ku mukisa ku mukisa ku mukisa ku mukisa ku mukisa ku mukisa ku mukisa ku mukisa ku mukisa ku mukisa ku mukisa ku mukisa ku mukisa ku mukisa ku mukisa ku mukisa ku mukisa ku mukisa ku mukisa ku mukisa ku mukisa ku mukisa ku mukisa ku mukisa ku mukisa ku mukisa ku mukisa ku mukisa ku mukisa ku mukisa ku mukisa ku mukisa ku mukisa ku mukisa ku mukisa ku mukisa ku mukisa ku mukisa ku mukisa ku mukisa ku mukisa ku mukisa ku mukisa ku mukisa ku mukisa ku mukisa ku mukisa ku mukisa ku mukisa ku mukisa ku mukisa ku mukisa ku mukisa ku mukisa ku mukisa ku mukisa ku mukisa ku mukisa ku mukisa ku mukisa ku mukisa ku mukisa ku mukisa ku mukisa ku mukisa ku mukisa ku mukisa ku mukisa ku mukisa ku mukisa ku mukisa ku mukisa ku mukisa ku mukisa ku mukisa ku mukisa ku mukisa ku mukisa ku mukisa ku mukisa ku mukisa ku mukisa ku mukisa ku mukisa ku mukisa ku mukisa ku mukisa ku mukisa ku mukisa ku mukisa ku mukisa ku mukisa ku mukisa ku mukisa ku mukisa ku mukisa ku mukisa ku mukisa ku mukisa ku mukisa ku mukisa ku mukisa ku mukisa ku mukisa ku mukisa ku mukisa ku mukisa ku mukisa ku mukisa ku mukisa ku mukisa ku mukisa ku mukisa ku mukisa ku mukisa ku mukisa ku mukisa ku mukisa ku mukisa ku mukisa ku mukisa ku mukisa ku mukisa ku mukisa ku mukisa ku mukisa ku mukisa ku mukisa ku mukisa ku mukisa ku mukisa ku mukisa ku mukisa ku mukisa ku mukisa ku mukisa ku mukisa ku mukisa ku mukisa ku mukisa ku mukisa ku mukisa ku mukisa ku mukisa ku mukisa ku mukisa ku mukisa ku mukisa ku mukisa ku mukisa ku mukisa ku mukisa ku mukisa ku mukisa ku mukisa ku mukisa ku mukisa ku mukisa ku mukisa ku mukisa ku mukisa ku mukisa ku mukisa ku mukisa ku mukisa ku mukisa ku mukisa ku mukisa ku mukisa ku mukisa ku mukisa ku mukisa ku mukisa ku mukisa ku mukisa ku mukisa ku mukisa ku mukisa ku mukisa ku mukisa ku mukisa ku mukisa ku mukisa ku mukisa ku mukisa ku mukisa ku mukisa ku mukisa ku mukisa ku mukisa ku mukisa ku mukisa ku mukisa ku mukisa ku mukisa ku mukisa ku mukisa ku mukisa ku mukisa ku mukisa ku mukisa ku mukisa ku mukisa ku mukisa ku mukisa ku mukisa ku mukisa ku mukisa ku mukisa ku mukisa ku mukisa ku mukisa ku mukisa ku mukisa ku mukisa ku mukisa ku mukisa ku mukisa ku mukisa ku mukisa ku mukisa ku mukisa ku mukisa ku mukisa ku mukisa ku mukisa ku mukisa ku mukisa ku mukisa ku mukisa ku mukisa ku mukisa ku mukisa ku mukisa ku mukisa ku mukisa ku mukisa ku mukisa ku mukisa ku mukisa ku mukisa ku mukisa ku mukisa ku mukisa ku mukisa ku mukisa ku mukisa ku mukisa ku mukisa ku mukisa ku mukisa ku mukisa ku mukisa ku mukisa ku mukisa ku mukisa ku mukisa ku mukisa ku mukisa ku mukisa ku mukisa ku mukisa ku mukisa ku mukisa ku mukisa ku mukisa ku mukisa ku mukisa ku mukisa ku mukisa ku mukisa ku mukisa ku mukisa ku mukisa ku mukisa ku mukisa ku mukisa ku mukisa ku mukisa ku mukisa ku mukisa ku mukisa ku mukisa ku mukisa ku mukisa ku mukisa ku mukisa ku mukisa ku mukisa ku mukisa ku mukisa ku mukisa ku mukisa ku mukisa ku mukisa ku mukisa ku mukisa ku mukisa ku mukisa ku mukisa ku mukisa ku mukisa ku mukisa ku mukisa ku mukisa ku mukisa ku mukisa ku mukisa ku mukisa ku mukisa ku mukisa ku mukisa ku mukisa ku mukisa ku mukisa ku mukisa ku mukisa ku mukisa ku mukisa ku mukisa ku mukisa ku mukisa ku mukisa ku mukisa ku mukisa ku mukisa ku mukisa ku mukisa ku mukisa ku mukisa ku mukisa ku mukisa ku mukisa ku mukisa ku mukisa ku mukisa ku mukisa ku mukisa ku mukisa ku mukisa ku mukisa ku mukisa ku mukisa ku mukisa ku mukisa ku mukisa ku mukisa ku mukisa ku mukisa ku mukisa ku mukisa ku mukisa ku mukisa ku mukisa ku mukisa ku mukisa ku mukisa ku mukisa ku mukisa ku mukisa ku mukisa ku mukisa ku mukisa ku mukisa ku mukisa ku mukisa ku mukisa ku mukisa ku mukisa ku mukisa ku mukisa ku mukisa ku mukisa ku mukisa ku mukisa ku mukisa ku mukisa ku mukisa ku mukisa ku mukisa ku mukisa ku mukisa ku mukisa ku mukisa ku mukisa ku mukisa ku mukisa ku mukisa ku mukisa ku mukisa ku mukisa ku mukisa ku mukisa ku mukisa ku mukisa ku mukisa ku mukisa ku mukisa ku mukisa ku mukisa ku mukisa ku mukisa ku mukisa ku mukisa ku mukisa ku mukisa ku mukisa ku mukisa ku mukisa ku mukisa ku mukisa ku mukisa ku mukisa ku mukisa ku mukisa ku mukisa ku mukisa ku mukisa ku mukisa ku mukisa ku mukisa ku mukisa ku mukisa ku mukisa ku mukisa ku mukisa ku mukisa ku mukisa ku mukisa ku mukisa ku mukisa ku mukisa ku mukisa ku mukisa ku mukisa ku mukisa ku mukisa ku mukisa ku mukisa ku mukisa ku mukisa ku mukisa ku mukisa ku mukisa ku mukisa ku mukisa ku mukisa ku mukisa ku mukisa ku mukisa ku mukisa ku mukisa ku mukisa ku mukisa ku mukisa ku mukisa ku mukisa ku mukisa ku mukisa ku mukisa ku mukisa ku mukisa ku mukisa ku mukisa ku mukisa ku mukisa ku mukisa ku mukisa ku mukisa ku mukisa ku mukisa ku mukisa ku mukisa ku mukisa ku mukisa ku mukisa ku mukisa ku mukisa ku mukisa ku mukisa ku mukisa ku mukisa ku mukisa ku mukisa ku mukisa ku mukisa ku mukisa ku mukisa ku mukisa ku mukisa ku mukisa ku mukisa ku mukisa ku mukisa ku mukisa ku mukisa ku mukisa ku mukisa ku mukisa ku mukisa ku mukisa ku mukisa ku mukisa ku mukisa ku mukisa ku mukisa ku mukisa ku mukisa ku mukisa ku mukisa ku mukisa ku mukisa ku mukisa ku mukisa ku mukisa ku mukisa ku mukisa ku mukisa ku mukisa ku mukisa ku mukisa ku mukisa ku mukisa ku mukisa ku mukisa ku mukisa ku mukisa ku mukisa ku mukisa ku mukisa ku mukisa ku mukisa ku mukisa ku mukisa ku mukisa ku mukisa ku mukisa ku mukisa ku mukisa ku mukisa ku mukisa ku mukisa ku mukisa ku mukisa ku mukisa ku mukisa ku mukisa ku mukisa ku mukisa ku mukisa ku mukisa ku mukisa ku mukisa ku mukisa ku mukisa ku mukisa ku mukisa ku mukisa ku mukisa ku mukisa ku mukisa ku mukisa ku mukisa ku mukisa ku mukisa ku mukisa ku mukisa ku mukisa ku mukisa ku mukisa ku mukisa ku mukisa ku mukisa ku mukisa ku mukisa ku mukisa ku mukisa ku mukisa ku mukisa ku mukisa ku m",True
A,"**C. Kutereeza, nga tukozesa enkola ya electron-ion, ekibalangulo ky’ekikemiko ekiraga okwoksisayizibwa kw’emiyuwa gy’ekikomo egikozesebwa okuyisa amazzi ag’okunywa nga gikozesa molekyo ya oxygen.**

### Explanation:
1. **Kuwalira ekigendererwa ky’okukyusa:**  
   Ekigendererwa kino ekyateereddwawo ekituufa ku **okwoksisayizibwa** (oxidation), oba **okukendeeza** (reduction) obungi bwa oxygen mu bulamu obwa bulijjo. Kino ekyokka ku **kikolwa eky’ekikemiko** oba **kikolwa eky’ekikomo** (biological reactions) oba eky’okwawula amazzi (combustion).

2. **Option C ekyokka ku kikolwa eky’ekikemiko:**  
   - **Kutereeza** (combustion) ekikolwa eky’ekikemiko oba eky’ekikomo, oba eky’okwawula amazzi, oba eky’okwoksisayizibwa.  
   - Ekyokka ku **ekibalangulo ky’ekikemiko** oba **ekikolwa eky’ekikomo** (biological reactions) oba **ekikolwa eky’okwawula amazzi** (combustion).  
   - Ekyokka ku **ekikolwa eky’ekikemiko** oba **ekikolwa eky’ekikomo** (biological reactions) oba **ekikolwa eky’okwawula amazzi** (combustion).  

3. **Kuwalira ekigendererwa ky’okukyusa:**  
   - **Okwoksisayizibwa** (oxidation) ekikolwa eky’ekikemiko oba **ekikolwa eky’ekikomo** (biological reactions) oba **ekikolwa eky’okwawula amazzi** (combustion).  
   - **Okukendeeza** (reduction) ekikolwa eky’ekikemiko oba **ekikolwa eky’ekikomo** (biological reactions) oba **ekikolwa eky’okwawula amazzi** (combustion).  

4. **Kuwalira ekigendererwa ky’okukyusa:**  
   - **Option C** ekyokka ku **kikolwa eky’ekikemiko** oba **ekikolwa eky’ekikomo** (biological reactions) oba **ekikolwa eky’okwawula amazzi** (combustion).  
   - **Option C** ekyokka ku **ekikolwa eky’ekikemiko** oba **ekikolwa eky’ekikomo** (biological reactions) oba **ekikolwa eky’okwawula amazzi** (combustion).  

5. **Kuwalira ekigendererwa ky’okukyusa:**  
   - **Option C** ekyokka ku **ekikolwa eky’ekikemiko** oba **ekikolwa eky’ekikomo** (biological reactions) oba **ekikolwa eky’okwawula amazzi** (combustion).  
   - **Option C** ekyokka ku **ekikolwa eky’ekikemiko** oba **ekikolwa eky’ekikomo** (biological reactions) oba **ekikolwa eky’okwawula amazzi** (combustion).  

6. **Kuwalira ekigendererwa ky’okukyusa:**  
   - **Option C** ekyokka ku **ekikolwa eky’ekikemiko** oba **ekikolwa eky’ekikomo** (biological reactions) oba **ekikolwa eky’okwawula amazzi** (combustion).  
   - **Option C** ekyokka ku **ekikolwa eky’ekikemiko** oba **ekikolwa eky’ekikomo** (biological reactions) oba **ekikolwa eky’okwawula amazzi** (combustion).  

7. **Kuwalira ekigendererwa ky’okukyusa:**  
   - **Option C** ekyokka ku **ekikolwa eky’ekikemiko** oba **ekikolwa eky’ekikomo** (biological reactions) oba **ekikolwa eky’okwawula amazzi** (combustion).  
   - **Option C** ekyokka ku **ekikolwa eky’ekikemiko** oba **ekikolwa eky’ekikomo** (biological reactions) oba **ekikolwa eky’okwawula amazzi** (combustion).  

8. **Kuwalira ekigendererwa ky’okukyusa:**  
   - **Option C** ekyokka ku **ekikolwa eky’ekikemiko** oba **ekikolwa eky’ekikomo** (biological reactions) oba **ekikolwa eky’okwawula amazzi** (combustion).  
   - **Option C** ekyokka ku **ekikolwa eky’ekikemiko** oba **ekikolwa eky’ekikomo** (biological reactions) oba **ekikolwa eky’okwawula amazzi** (combustion).  

9. **Kuwalira ekigendererwa ky’okukyusa:**  
   - **Option C** ekyokka ku **ekikolwa eky’ekikemiko** oba **ekikolwa eky’ekikomo** (biological reactions) oba **ekikolwa eky’okwawula amazzi** (combustion).  
   - **Option C** ekyokka ku **ekikolwa eky’ekikemiko** oba **ekikolwa eky’ekikomo** (biological reactions) oba **ekikolwa eky’okwawula amazzi** (combustion).  

10. **Kuwalira ekigendererwa ky’okukyusa:**  
    - **Option C** ekyokka ku **ekikolwa eky’ekikemiko** oba **ekikolwa eky’ekikomo** (biological reactions) oba **ekikolwa eky’okwawula amazzi** (combustion).  
    - **Option C** ekyokka ku **ekikolwa eky’ekikemiko** oba **ekikolwa eky’ekikomo** (biological reactions) oba **ekikolwa eky’okwawula amazzi** (combustion).  

**Conclusion:**  
Option C ekyokka ku **kikolwa eky’ekikemiko** oba **ekikolwa eky’ekikomo** (biological reactions) oba **ekikolwa eky’okwawula amazzi** (combustion), oba **ekikolwa eky’ekikemiko** oba **ekikolwa eky’ekikomo** (biological reactions) oba **ekikolwa eky’okwawula amazzi** (combustion).",True
D,"**Jawabo: C**

**Ekkwata:**
Ku kiseera ky’okunoonyereza physicochemical properties z’ebintu ebirina obutonde, omusomesa ayagala okukozesa tekiniki eby’okulukusi ku mbeera ya **molekyuulu** (ebinywamaji bya kaboni, ebinywamaji bya hidrogini, n’ebinywamaji bya oksijeni) oba **intermolecular forces** (ebikakanyavu, ebikakanyavu ya van der Waals, n’ebikakanyavu ya hidrogini) okusinziira ku **mikwanaganyo egireeteddwa** (boiling point, viscosity, solubility, density). 

**Option C** ekkwataako enkola ey’okulukusi ku tempulikya ebyokola bwa haidrokaboni ez’obuwanvu bw’enziring’anya obw’enjawulo, ze balina okutegeka mu tebuleni okusinziira ku muwendo gwa kaboni mu nziring’anya oluvannyuma bannyonnyole engeri eno gy’ekolamu okusinziira ku **bunene bw’enkolagana molekyu**. Eby’okulukusi eby’okwawula eby’okwogera ku **mikwanaganyo egireeteddwa** (ebikakanyavu, ebikakanyavu ya hidrogini, n’ebikakanyavu ya van der Waals) oba **molekyuulu** (ebinywamaji bya kaboni, hidrogini, n’oksijeni) okusinziira ku **mikwanaganyo egireeteddwa** (boiling point, viscosity, solubility, density). 

**Option A, B, n’D** ekkwataako enkola ey’okulukusi ku **phase** (solid, liquid, gas) oba **reaction mechanisms** (muwendo gwa kaboni mu nziring’anya), oba **structural analysis** (branching, chain length), oba **chemical reactions** (product formation), oba **physical properties** (melting point, boiling point). Eby’okulukusi eby’okwawula eby’okwogera ku **mikwanaganyo egireeteddwa** (ebikakanyavu, ebikakanyavu ya hidrogini, n’ebikakanyavu ya van der Waals) oba **molekyuulu** (ebinywamaji bya kaboni, hidrogini, n’oksijeni) okusinziira ku **mikwanaganyo egireeteddwa** (boiling point, viscosity, solubility, density). 

**Option C** ekkwataako enkola ey’okulukusi ku **molekyuulu** (ebinywamaji bya kaboni, hidrogini, n’oksijeni) oba **intermolecular forces** (ebikakanyavu, ebikakanyavu ya van der Waals, n’ebikakanyavu ya hidrogini) okusinziira ku **mikwanaganyo egireeteddwa** (boiling point, viscosity, solubility, density). 

**Option C** ekkwataako enkola ey’okulukusi ku **molekyuulu** (ebinywamaji bya kaboni, hidrogini, n’oksijeni) oba **intermolecular forces** (ebikakanyavu, ebikakanyavu ya van der Waals, n’ebikakanyavu ya hidrogini) okusinziira ku **mikwanaganyo egireeteddwa** (boiling point, viscosity, solubility, density). 

**Option C** ekkwataako enkola ey’okulukusi ku **molekyuulu** (ebinywamaji bya kaboni, hidrogini, n’oksijeni) oba **intermolecular forces** (ebikakanyavu, ebikakanyavu ya van der Waals, n’ebikakanyavu ya hidrogini) okusinziira ku **mikwanaganyo egireeteddwa** (boiling point, viscosity, solubility, density). 

**Option C** ekkwataako enkola ey’okulukusi ku **molekyuulu** (ebinywamaji bya kaboni, hidrogini, n’oksijeni) oba **intermolecular forces** (ebikakanyavu, ebikakanyavu ya van der Waals, n’ebikakanyavu ya hidrogini) okusinziira ku **mikwanaganyo egireeteddwa** (boiling point, viscosity, solubility, density). 

**Option C** ekkwataako enkola ey’okulukusi ku **molekyuulu** (ebinywamaji bya kaboni, hidrogini, n’oksijeni) oba **intermolecular forces** (ebikakanyavu, ebikakanyavu ya van der Waals, n’ebikakanyavu ya hidrogini) okusinziira ku **mikwanaganyo egireeteddwa** (boiling point, viscosity, solubility, density). 

**Option C** ekkwataako enkola ey’okulukusi ku **molekyuulu** (ebinywamaji bya kaboni, hidrogini, n’oksijeni) oba **intermolecular forces** (ebikakanyavu, ebikakanyavu ya van der Waals, n’ebikakanyavu ya hidrogini) okusinziira ku **mikwanaganyo egireeteddwa** (boiling point, viscosity, solubility, density). 

**Option C** ekkwataako enkola ey’okulukusi ku **molekyuulu** (ebinywamaji bya kaboni, hidrogini, n’oksijeni) oba **intermolecular forces** (ebikakanyavu, ebikakanyavu ya van der Waals, n’ebikakanyavu ya hidrogini) okusinziira ku **mikwanaganyo egireeteddwa** (boiling point, viscosity, solubility, density). 

**Option C** ekkwataako enkola ey’okulukusi ku **molekyuulu** (ebinywamaji bya kaboni, hidrogini, n’oksijeni) oba **intermolecular forces** (ebikakanyavu, ebikakanyavu ya van der Waals, n’ebikakanyavu ya hidrogini) okusinziira ku **mikwanaganyo egireeteddwa** (boiling point, viscosity, solubility, density). 

**Option C** ekkwataako enkola ey’okulukusi ku **molekyuulu** (ebinywamaji bya kaboni, hidrogini, n’oksijeni) oba **intermolecular forces** (ebikakanyavu, ebikakanyavu ya van der Waals, n’ebikakanyavu ya hidrogini) okusinziira ku **mikwanaganyo egireeteddwa** (boiling point, viscosity, solubility, density). 

**Option C** ekkwataako enkola ey’okulukusi ku **molekyuulu** (ebinywamaji bya kaboni, hidrogini, n’oksijeni) oba **intermolecular forces** (ebikakanyavu, ebikakanyavu ya van der Waals, n’ebikakanyavu ya hidrogini) okusinziira ku **mikwanaganyo egireeteddwa** (boiling point, viscosity, solubility, density). 

**Option C** ekkwataako enkola ey’okulukusi ku **molekyuulu** (ebinywamaji bya kaboni, hidrogini, n’oksijeni) oba **intermolecular forces** (ebikakanyavu, ebikakanyavu ya van der Waals, n’ebikakanyavu ya hidrogini) okusinziira ku **mikwanaganyo egireeteddwa** (boiling point, viscosity, solubility, density). 

**Option C** ekkwataako enkola ey’okulukusi ku **molekyuulu** (ebinywamaji bya kaboni, hidrogini, n’oksijeni) oba **intermolecular forces** (ebikakanyavu, ebikakanyavu ya van der Waals, n’ebikakanyavu ya hidrogini) okusinziira ku **mikwanaganyo egireeteddwa** (boiling point, viscosity, solubility, density). 

**Option C** ekkwataako enkola ey’okulukusi ku **molekyuulu** (ebinywamaji bya kaboni, hidrogini, n’oksijeni) oba **intermolecular forces** (ebikakanyavu, ebikakanyavu ya van der Waals, n’ebikakanyavu ya hidrogini) okusinziira ku **mikwanaganyo egireeteddwa** (boiling point, viscosity, solubility, density). 

**Option C** ekkwataako enkola ey’okulukusi ku **molekyuulu** (ebinywamaji bya kaboni, hidrogini, n’oksijeni) oba **intermolecular forces** (ebikakanyavu, ebikakanyavu ya van der Waals, n’ebikakanyavu ya hidrogini) okusinziira ku **mikwanaganyo egireeteddwa** (boiling point, viscosity, solubility, density). 

**Option C** ekkwataako enkola ey’okulukusi ku **molekyuulu** (ebinywamaji bya kaboni, hidrogini, n’oksijeni) oba **intermolecular forces** (ebikakanyavu, ebikakanyavu ya van der Waals, n’ebikakanyavu ya hidrogini) okusinziira ku **mikwanaganyo egireeteddwa** (boiling point, viscosity, solubility, density). 

**Option C** ekkwataako enkola ey’okulukusi ku **molekyuulu** (ebinywamaji bya kaboni, hidrogini, n’oksijeni) oba **intermolecular forces** (ebikakanyavu, ebikakanyavu ya van der Waals, n’ebikakanyavu ya hidrogini) okusinziira ku **mikwanaganyo egireeteddwa** (boiling point, viscosity, solubility, density). 

**Option C** ekkwataako enkola ey’okulukusi ku **molekyuulu** (ebinywamaji bya kaboni, hidrogini, n’oksijeni) oba **intermolecular forces** (ebikakanyavu, ebikakanyavu ya van der Waals, n’ebikakanyavu ya hidrogini) okusinziira ku **mikwanaganyo egireeteddwa** (boiling point, viscosity, solubility, density). 

**Option C** ekkwataako enkola ey’okulukusi ku **molekyuulu** (ebinywamaji bya kaboni, hidrogini, n’oksijeni) oba **intermolecular forces** (ebikakanyavu, ebikakanyavu ya van der Waals, n’ebikakanyavu ya hidrogini) okusinziira ku **mikwanaganyo egireeteddwa** (boiling point, viscosity, solubility, density). 

**Option C** ekkwataako enkola ey’okulukusi ku **molekyuulu** (ebinywamaji bya kaboni, hidrogini, n’oksijeni) oba **intermolecular forces** (ebikakanyavu, ebikakanyavu ya van der Waals, n’ebikakanyavu ya hidrogini) okusinziira ku **mikwanaganyo egireeteddwa** (boiling point, viscosity, solubility, density). 

**Option C** ekkwataako enkola ey’okulukusi ku **molekyuulu** (ebinywamaji bya kaboni, hidrogini, n’oksijeni) oba **intermolecular forces** (ebikakanyavu, ebikakanyavu ya van der Waals, n’ebikakanyavu ya hidrogini) okusinziira ku **mikwanaganyo egireeteddwa** (boiling point, viscosity, solubility, density). 

**Option C** ekkwataako enkola ey’okulukusi ku **molekyuulu** (ebinywamaji bya kaboni, hidrogini, n’oksijeni) oba **intermolecular forces** (ebikakanyavu, ebikakanyavu ya van der Waals, n’ebikakanyavu ya hidrogini) okusinziira ku **mikwanaganyo egireeteddwa** (boiling point, viscosity, solubility, density). 

**Option C** ekkwataako enkola ey’okulukusi ku **molekyuulu** (ebinywamaji bya kaboni, hidrogini, n’oksijeni) oba **intermolecular forces** (ebikakanyavu, ebikakanyavu ya van der Waals, n’ebikakanyavu ya hidrogini) okusinziira ku **mikwanaganyo egireeteddwa** (boiling point, viscosity, solubility, density). 

**Option C** ekkwataako enkola ey’okulukusi",True
D,"**Jawabu:**  
**C. Bintu ki ebireetawo ebintu ebya bulijjo ebikolebwa ebikukuumulukuta?**

---

**Tabyokka:**  
Ekibuuzo kino ekyasooka ku **ekikolwa ky’okukulemwa** (decomposition reaction), oba kino ekyasooka ku **ekikolwa ky’okukulemwa ku kikuta ky’ekikemiko**. Mu kiseera kino, **carbon dioxide (CO₂)** ekyasooka ku **carbon (C)** ne **oxygen (O₂)**, oba kino ekyasooka ku **ekikolwa ky’okukulemwa**. 

- **Option C** ekyasooka ku **ekikolwa ky’okukulemwa** (ekikolwa ky’okukulemwa ku kikuta ky’ekikemiko), oba kino ekyasooka ku **ekikolwa ky’okukulemwa ku kikuta ky’ekikemiko**.  
- **Option A** ekyasooka ku **ekikolwa ky’okusoma** (neutralization reaction), oba kino ekyasooka ku **ekikolwa ky’okusoma**.  
- **Option B** ekyasooka ku **ekikolwa ky’okukulemwa** (ekikolwa ky’okukulemwa ku kikuta ky’ekikemiko), oba kino ekyasooka ku **ekikolwa ky’okukulemwa**.  
- **Option D** ekyasooka ku **ekikolwa ky’okusoma** (ekikolwa ky’okusoma), oba kino ekyasooka ku **ekikolwa ky’okusoma**.  

**Option C** ekyasooka ku **ekikolwa ky’okukulemwa ku kikuta ky’ekikemiko**, oba kino ekyasooka ku **ekikolwa ky’okukulemwa ku kikuta ky’ekikemiko**.  

---

**Tabyokka ya Kiseera:**  
- **Carbon dioxide (CO₂)** ekyasooka ku **carbon (C)** ne **oxygen (O₂)** mu **ekikolwa ky’okukulemwa ku kikuta ky’ekikemiko**.  
- **Option C** ekyasooka ku **ekikolwa ky’okukulemwa ku kikuta ky’ekikemiko**, oba kino ekyasooka ku **ekikolwa ky’okukulemwa ku kikuta ky’ekikemiko**.  

---

**Jawabu:**  
**C. Bintu ki ebireetawo ebintu ebya bulijjo ebikolebwa ebikukuumulukuta?**",True
B,"**C. Okukozesa emugereeso gw'obutasalako mu bikulukusi ebitengejja**

**Explanation:**  
Omusingi gwa Bernoulli ekyeyambye okutegeera ku mukisa ku mukisa ku mukisa ku mukisa ku mukisa ku mukisa ku mukisa ku mukisa ku mukisa ku mukisa ku mukisa ku mukisa ku mukisa ku mukisa ku mukisa ku mukisa ku mukisa ku mukisa ku mukisa ku mukisa ku mukisa ku mukisa ku mukisa ku mukisa ku mukisa ku mukisa ku mukisa ku mukisa ku mukisa ku mukisa ku mukisa ku mukisa ku mukisa ku mukisa ku mukisa ku mukisa ku mukisa ku mukisa ku mukisa ku mukisa ku mukisa ku mukisa ku mukisa ku mukisa ku mukisa ku mukisa ku mukisa ku mukisa ku mukisa ku mukisa ku mukisa ku mukisa ku mukisa ku mukisa ku mukisa ku mukisa ku mukisa ku mukisa ku mukisa ku mukisa ku mukisa ku mukisa ku mukisa ku mukisa ku mukisa ku mukisa ku mukisa ku mukisa ku mukisa ku mukisa ku mukisa ku mukisa ku mukisa ku mukisa ku mukisa ku mukisa ku mukisa ku mukisa ku mukisa ku mukisa ku mukisa ku mukisa ku mukisa ku mukisa ku mukisa ku mukisa ku mukisa ku mukisa ku mukisa ku mukisa ku mukisa ku mukisa ku mukisa ku mukisa ku mukisa ku mukisa ku mukisa ku mukisa ku mukisa ku mukisa ku mukisa ku mukisa ku mukisa ku mukisa ku mukisa ku mukisa ku mukisa ku mukisa ku mukisa ku mukisa ku mukisa ku mukisa ku mukisa ku mukisa ku mukisa ku mukisa ku mukisa ku mukisa ku mukisa ku mukisa ku mukisa ku mukisa ku mukisa ku mukisa ku mukisa ku mukisa ku mukisa ku mukisa ku mukisa ku mukisa ku mukisa ku mukisa ku mukisa ku mukisa ku mukisa ku mukisa ku mukisa ku mukisa ku mukisa ku mukisa ku mukisa ku mukisa ku mukisa ku mukisa ku mukisa ku mukisa ku mukisa ku mukisa ku mukisa ku mukisa ku mukisa ku mukisa ku mukisa ku mukisa ku mukisa ku mukisa ku mukisa ku mukisa ku mukisa ku mukisa ku mukisa ku mukisa ku mukisa ku mukisa ku mukisa ku mukisa ku mukisa ku mukisa ku mukisa ku mukisa ku mukisa ku mukisa ku mukisa ku mukisa ku mukisa ku mukisa ku mukisa ku mukisa ku mukisa ku mukisa ku mukisa ku mukisa ku mukisa ku mukisa ku mukisa ku mukisa ku mukisa ku mukisa ku mukisa ku mukisa ku mukisa ku mukisa ku mukisa ku mukisa ku mukisa ku mukisa ku mukisa ku mukisa ku mukisa ku mukisa ku mukisa ku mukisa ku mukisa ku mukisa ku mukisa ku mukisa ku mukisa ku mukisa ku mukisa ku mukisa ku mukisa ku mukisa ku mukisa ku mukisa ku mukisa ku mukisa ku mukisa ku mukisa ku mukisa ku mukisa ku mukisa ku mukisa ku mukisa ku mukisa ku mukisa ku mukisa ku mukisa ku mukisa ku mukisa ku mukisa ku mukisa ku mukisa ku mukisa ku mukisa ku mukisa ku mukisa ku mukisa ku mukisa ku mukisa ku mukisa ku mukisa ku mukisa ku mukisa ku mukisa ku mukisa ku mukisa ku mukisa ku mukisa ku mukisa ku mukisa ku mukisa ku mukisa ku mukisa ku mukisa ku mukisa ku mukisa ku mukisa ku mukisa ku mukisa ku mukisa ku mukisa ku mukisa ku mukisa ku mukisa ku mukisa ku mukisa ku mukisa ku mukisa ku mukisa ku mukisa ku mukisa ku mukisa ku mukisa ku mukisa ku mukisa ku mukisa ku mukisa ku mukisa ku mukisa ku mukisa ku mukisa ku mukisa ku mukisa ku mukisa ku mukisa ku mukisa ku mukisa ku mukisa ku mukisa ku mukisa ku mukisa ku mukisa ku mukisa ku mukisa ku mukisa ku mukisa ku mukisa ku mukisa ku mukisa ku mukisa ku mukisa ku mukisa ku mukisa ku mukisa ku mukisa ku mukisa ku mukisa ku mukisa ku mukisa ku mukisa ku mukisa ku mukisa ku mukisa ku mukisa ku mukisa ku mukisa ku mukisa ku mukisa ku mukisa ku mukisa ku mukisa ku mukisa ku mukisa ku mukisa ku mukisa ku mukisa ku mukisa ku mukisa ku mukisa ku mukisa ku mukisa ku mukisa ku mukisa ku mukisa ku mukisa ku mukisa ku mukisa ku mukisa ku mukisa ku mukisa ku mukisa ku mukisa ku mukisa ku mukisa ku mukisa ku mukisa ku mukisa ku mukisa ku mukisa ku mukisa ku mukisa ku mukisa ku mukisa ku mukisa ku mukisa ku mukisa ku mukisa ku mukisa ku mukisa ku mukisa ku mukisa ku mukisa ku mukisa ku mukisa ku mukisa ku mukisa ku mukisa ku mukisa ku mukisa ku mukisa ku mukisa ku mukisa ku mukisa ku mukisa ku mukisa ku mukisa ku mukisa ku mukisa ku mukisa ku mukisa ku mukisa ku mukisa ku mukisa ku mukisa ku mukisa ku mukisa ku mukisa ku mukisa ku mukisa ku mukisa ku mukisa ku mukisa ku mukisa ku mukisa ku mukisa ku mukisa ku mukisa ku mukisa ku mukisa ku mukisa ku mukisa ku mukisa ku mukisa ku mukisa ku mukisa ku mukisa ku mukisa ku mukisa ku mukisa ku mukisa ku mukisa ku mukisa ku mukisa ku mukisa ku mukisa ku mukisa ku mukisa ku mukisa ku mukisa ku mukisa ku mukisa ku mukisa ku mukisa ku mukisa ku mukisa ku mukisa ku mukisa ku mukisa ku mukisa ku mukisa ku mukisa ku mukisa ku mukisa ku mukisa ku mukisa ku mukisa ku mukisa ku mukisa ku mukisa ku mukisa ku mukisa ku mukisa ku mukisa ku mukisa ku mukisa ku mukisa ku mukisa ku mukisa ku mukisa ku mukisa ku mukisa ku mukisa ku mukisa ku mukisa ku mukisa ku mukisa ku mukisa ku mukisa ku mukisa ku mukisa ku mukisa ku mukisa ku mukisa ku mukisa ku mukisa ku mukisa ku mukisa ku mukisa ku mukisa ku mukisa ku mukisa ku mukisa ku mukisa ku mukisa ku mukisa ku mukisa ku mukisa ku mukisa ku mukisa ku mukisa ku mukisa ku mukisa ku mukisa ku mukisa ku mukisa ku mukisa ku mukisa ku mukisa ku mukisa ku mukisa ku mukisa ku mukisa ku mukisa ku mukisa ku mukisa ku mukisa ku mukisa ku mukisa ku mukisa ku mukisa ku mukisa ku mukisa ku mukisa ku mukisa ku mukisa ku mukisa ku mukisa ku mukisa ku mukisa ku mukisa ku mukisa ku mukisa ku mukisa ku mukisa ku mukisa ku mukisa ku mukisa ku mukisa ku mukisa ku mukisa ku mukisa ku mukisa ku mukisa ku mukisa ku mukisa ku mukisa ku mukisa ku mukisa ku mukisa ku mukisa ku mukisa ku mukisa ku mukisa ku mukisa ku mukisa ku mukisa ku mukisa ku mukisa ku mukisa ku mukisa ku mukisa ku mukisa ku mukisa ku mukisa ku mukisa ku mukisa ku mukisa ku mukisa ku mukisa ku mukisa ku mukisa ku mukisa ku mukisa ku mukisa ku mukisa ku mukisa ku mukisa ku mukisa ku mukisa ku mukisa ku mukisa ku mukisa ku mukisa ku mukisa ku mukisa ku mukisa ku mukisa ku mukisa ku mukisa ku mukisa ku mukisa ku mukisa ku mukisa ku mukisa ku mukisa ku mukisa ku mukisa ku mukisa ku mukisa ku mukisa ku mukisa ku mukisa ku mukisa ku mukisa ku mukisa ku mukisa ku mukisa ku mukisa ku mukisa ku mukisa ku mukisa ku mukisa ku mukisa ku mukisa ku mukisa ku mukisa ku mukisa ku mukisa ku mukisa ku mukisa ku mukisa ku mukisa ku mukisa ku mukisa ku mukisa ku mukisa ku mukisa ku mukisa ku mukisa ku mukisa ku mukisa ku mukisa ku mukisa ku mukisa ku mukisa ku mukisa ku mukisa ku mukisa ku mukisa ku mukisa ku mukisa ku mukisa ku mukisa ku mukisa ku mukisa ku mukisa ku mukisa ku mukisa ku mukisa ku mukisa ku mukisa ku mukisa ku mukisa ku mukisa ku mukisa ku mukisa ku mukisa ku mukisa ku mukisa ku mukisa ku mukisa ku mukisa ku mukisa ku mukisa ku mukisa ku mukisa ku mukisa ku mukisa ku mukisa ku mukisa ku mukisa ku mukisa ku mukisa ku mukisa ku mukisa ku mukisa ku mukisa ku mukisa ku mukisa ku mukisa ku mukisa ku mukisa ku mukisa ku mukisa ku mukisa ku mukisa ku mukisa ku mukisa ku mukisa ku mukisa ku mukisa ku mukisa ku mukisa ku mukisa ku mukisa ku mukisa ku mukisa ku mukisa ku mukisa ku mukisa ku mukisa ku mukisa ku mukisa ku mukisa ku mukisa ku mukisa ku mukisa ku mukisa ku mukisa ku mukisa ku mukisa ku mukisa ku mukisa ku mukisa ku mukisa ku mukisa ku mukisa ku mukisa ku mukisa ku mukisa ku mukisa ku mukisa ku mukisa ku mukisa ku mukisa ku mukisa ku mukisa ku mukisa ku mukisa ku mukisa ku mukisa ku mukisa ku mukisa ku mukisa ku mukisa ku mukisa ku mukisa ku mukisa ku mukisa ku mukisa ku mukisa ku mukisa ku mukisa ku mukisa ku mukisa ku mukisa ku mukisa ku mukisa ku mukisa ku mukisa ku mukisa ku mukisa ku mukisa ku mukisa ku mukisa ku mukisa ku mukisa ku mukisa ku mukisa ku mukisa ku mukisa ku mukisa ku mukisa ku mukisa ku mukisa ku mukisa ku mukisa ku mukisa ku mukisa ku mukisa ku mukisa ku mukisa ku mukisa ku mukisa ku mukisa ku mukisa ku mukisa ku mukisa ku mukisa ku mukisa ku mukisa ku mukisa ku mukisa ku mukisa ku mukisa ku mukisa ku mukisa ku mukisa ku mukisa ku mukisa ku mukisa ku mukisa ku mukisa ku mukisa ku mukisa ku mukisa ku mukisa ku mukisa ku mukisa ku mukisa ku mukisa ku mukisa ku mukisa ku mukisa ku mukisa ku mukisa ku mukisa ku mukisa ku mukisa ku mukisa ku mukisa ku mukisa ku mukisa ku mukisa ku mukisa ku mukisa ku mukisa ku mukisa ku mukisa ku mukisa ku mukisa ku mukisa ku mukisa ku mukisa ku mukisa ku mukisa ku mukisa ku mukisa ku mukisa ku mukisa ku mukisa ku mukisa ku mukisa ku mukisa ku mukisa ku mukisa ku mukisa ku mukisa ku mukisa ku mukisa ku mukisa ku mukisa ku mukisa ku mukisa ku mukisa ku mukisa ku mukisa ku mukisa ku mukisa ku mukisa ku mukisa ku mukisa ku mukisa ku mukisa ku mukisa ku mukisa ku mukisa ku mukisa ku mukisa ku mukisa ku mukisa ku mukisa ku mukisa ku mukisa ku mukisa ku mukisa ku mukisa ku mukisa ku mukisa ku mukisa ku mukisa ku mukisa ku mukisa ku mukisa ku mukisa ku mukisa ku mukisa ku mukisa ku mukisa ku mukisa ku mukisa ku mukisa ku mukisa ku mukisa ku mukisa ku muk",True
