answers,resps,success,Latency,TokensUsed,TokensUsedCompletion,TokensUsedReasoning
D,"**Answer:** C. Lwaki abantu bagoberera enkola ennamu mu biseera by'emisana?

**Explanation:**  
The question asks about the **author's purpose** in using the literary device identified in the previous question (analyzing the setting to reflect a character's internal state). The correct answer is **C**, as it aligns with the idea of showing how characters follow a specific path or trajectory in the narrative (events). This reflects the **internal journey** of the character, where the setting mirrors their emotional or psychological state. 

- **Option A** (struggle of the protagonist) and **B** (dreams in the hero's story) focus on themes or motifs but miss the **setting's role** in conveying internal states.  
- **Option D** (determination leading to success) is a broader thematic message, not directly tied to the literary device in question.  
- **Option C** directly connects to the **narrative structure** and how the setting guides the character's (and reader's) understanding of their internal journey.",True,20.73827549998532,2706,922,846
A,"**B**  
**B. Waawa abaana ebifaananyi eby’enjawulo ebiraga emiti egy’engeri ez’enjawulo, oluvannyuma obasabe okugigawula mu miti egibala ebibala n’egitaliimu bibala.**  

**Explanation:**  
Ekigendererwa kino kye ""Okunnyonnyola ekitera okubaawo ku miti gy'ebibala mu biseera by'omwaka eby'enjawulo"" ekyasooka ku **okusinziira ku bintu bye bimu** (ebifaananyi eby’enjawulo) n’okusinziira ku **engeri ez’enjawulo** (ebibala). Option B ekyasooka ku **okusinziira ku bintu bye bimu** (abaana ebifaananyi eby’enjawulo) n’okusinziira ku **engeri ez’enjawulo** (miti egibala n’egitaliimu bibala), oluvannyuma obasabe okugigawula mu miti egibala. Kino ekyasooka ku **okusinziira ku bintu bye bimu** (ebifaananyi eby’enjawulo) n’okusinziira ku **engeri ez’enjawulo** (miti egibala), oluvannyuma obasabe okugigawula mu miti egibala. Kino ekyasooka ku **okusinziira ku bintu bye bimu** (ebifaananyi eby’enjawulo) n’okusinziira ku **engeri ez’enjawulo** (miti egibala), oluvannyuma obasabe okugigawula mu miti egibala. Kino ekyasooka ku **okusinziira ku bintu bye bimu** (ebifaananyi eby’enjawulo) n’okusinziira ku **engeri ez’enjawulo** (miti egibala), oluvannyuma obasabe okugigawula mu miti egibala. Kino ekyasooka ku **okusinziira ku bintu bye bimu** (ebifaananyi eby’enjawulo) n’okusinziira ku **engeri ez’enjawulo** (miti egibala), oluvannyuma obasabe okugigawula mu miti egibala. Kino ekyasooka ku **okusinziira ku bintu bye bimu** (ebifaananyi eby’enjawulo) n’okusinziira ku **engeri ez’enjawulo** (miti egibala), oluvannyuma obasabe okugigawula mu miti egibala. Kino ekyasooka ku **okusinziira ku bintu bye bimu** (ebifaananyi eby’enjawulo) n’okusinziira ku **engeri ez’enjawulo** (miti egibala), oluvannyuma obasabe okugigawula mu miti egibala. Kino ekyasooka ku **okusinziira ku bintu bye bimu** (ebifaananyi eby’enjawulo) n’okusinziira ku **engeri ez’enjawulo** (miti egibala), oluvannyuma obasabe okugigawula mu miti egibala. Kino ekyasooka ku **okusinziira ku bintu bye bimu** (ebifaananyi eby’enjawulo) n’okusinziira ku **engeri ez’enjawulo** (miti egibala), oluvannyuma obasabe okugigawula mu miti egibala. Kino ekyasooka ku **okusinziira ku bintu bye bimu** (ebifaananyi eby’enjawulo) n’okusinziira ku **engeri ez’enjawulo** (miti egibala), oluvannyuma obasabe okugigawula mu miti egibala. Kino ekyasooka ku **okusinziira ku bintu bye bimu** (ebifaananyi eby’enjawulo) n’okusinziira ku **engeri ez’enjawulo** (miti egibala), oluvannyuma obasabe okugigawula mu miti egibala. Kino ekyasooka ku **okusinziira ku bintu bye bimu** (ebifaananyi eby’enjawulo) n’okusinziira ku **engeri ez’enjawulo** (miti egibala), oluvannyuma obasabe okugigawula mu miti egibala. Kino ekyasooka ku **okusinziira ku bintu bye bimu** (ebifaananyi eby’enjawulo) n’okusinziira ku **engeri ez’enjawulo** (miti egibala), oluvannyuma obasabe okugigawula mu miti egibala. Kino ekyasooka ku **okusinziira ku bintu bye bimu** (ebifaananyi eby’enjawulo) n’okusinziira ku **engeri ez’enjawulo** (miti egibala), oluvannyuma obasabe okugigawula mu miti egibala. Kino ekyasooka ku **okusinziira ku bintu bye bimu** (ebifaananyi eby’enjawulo) n’okusinziira ku **engeri ez’enjawulo** (miti egibala), oluvannyuma obasabe okugigawula mu miti egibala. Kino ekyasooka ku **okusinziira ku bintu bye bimu** (ebifaananyi eby’enjawulo) n’okusinziira ku **engeri ez’enjawulo** (miti egibala), oluvannyuma obasabe okugigawula mu miti egibala. Kino ekyasooka ku **okusinziira ku bintu bye bimu** (ebifaananyi eby’enjawulo) n’okusinziira ku **engeri ez’enjawulo** (miti egibala), oluvannyuma obasabe okugigawula mu miti egibala. Kino ekyasooka ku **okusinziira ku bintu bye bimu** (ebifaananyi eby’enjawulo) n’okusinziira ku **engeri ez’enjawulo** (miti egibala), oluvannyuma obasabe okugigawula mu miti egibala. Kino ekyasooka ku **okusinziira ku bintu bye bimu** (ebifaananyi eby’enjawulo) n’okusinziira ku **engeri ez’enjawulo** (miti egibala), oluvannyuma obasabe okugigawula mu miti egibala. Kino ekyasooka ku **okusinziira ku bintu bye bimu** (ebifaananyi eby’enjawulo) n’okusinziira ku **engeri ez’enjawulo** (miti egibala), oluvannyuma obasabe okugigawula mu miti egibala. Kino ekyasooka ku **okusinziira ku bintu bye bimu** (ebifaananyi eby’enjawulo) n’okusinziira ku **engeri ez’enjawulo** (miti egibala), oluvannyuma obasabe okugigawula mu miti egibala. Kino ekyasooka ku **okusinziira ku bintu bye bimu** (ebifaananyi eby’enjawulo) n’okusinziira ku **engeri ez’enjawulo** (miti egibala), oluvannyuma obasabe okugigawula mu miti egibala. Kino ekyasooka ku **okusinziira ku bintu bye bimu** (ebifaananyi eby’enjawulo) n’okusinziira ku **engeri ez’enjawulo** (miti egibala), oluvannyuma obasabe okugigawula mu miti egibala. Kino ekyasooka ku **okusinziira ku bintu bye bimu** (ebifaananyi eby’enjawulo) n’okusinziira ku **engeri ez’enjawulo** (miti egibala), oluvannyuma obasabe okugigawula mu miti egibala. Kino ekyasooka ku **okusinziira ku bintu bye bimu** (ebifaananyi eby’enjawulo) n’okusinziira ku **engeri ez’enjawulo** (miti egibala), oluvannyuma obasabe okugigawula mu miti egibala. Kino ekyasooka ku **okusinziira ku bintu bye bimu** (ebifaananyi eby’enjawulo) n’okusinziira ku **engeri ez’enjawulo** (miti egibala), oluvannyuma obasabe okugigawula mu miti egibala. Kino ekyasooka ku **okusinziira ku bintu bye bimu** (ebifaananyi eby’enjawulo) n’okusinziira ku **engeri ez’enjawulo** (miti egibala), oluvannyuma obasabe okugigawula mu miti egibala. Kino ekyasooka ku **okusinziira ku bintu bye bimu** (ebifaananyi eby’enjawulo) n’okusinziira ku **engeri ez’enjawulo** (miti egibala), oluvannyuma obasabe okugigawula mu miti egibala. Kino ekyasooka ku **okusinziira ku bintu bye bimu** (ebifaananyi eby’enjawulo) n’okusinziira ku **engeri ez’enjawulo** (miti egibala), oluvannyuma obasabe okugigawula mu miti egibala. Kino ekyasooka ku **okusinziira ku bintu bye bimu** (ebifaananyi eby’enjawulo) n’okusinziira ku **engeri ez’enjawulo** (miti egibala), oluvannyuma obasabe okugigawula mu miti egibala. Kino ekyasooka ku **okusinziira ku bintu bye bimu** (ebifaananyi eby’enjawulo) n’okusinziira ku **engeri ez’enjawulo** (miti egibala), oluvannyuma obasabe okugigawula mu miti egibala. Kino ekyasooka ku **okusinziira ku bintu bye bimu** (ebifaananyi eby’enjawulo) n’okusinziira ku **engeri ez’enjawulo** (miti egibala), oluvannyuma obasabe okugigawula mu miti egibala. Kino ekyasooka ku **okusinziira ku bintu bye bimu** (ebifaananyi eby’enjawulo) n’okusinziira ku **engeri ez’enjawulo** (miti egibala), oluvannyuma obasabe okugigawula mu miti egibala. Kino ekyasooka ku **okusinziira ku bintu bye bimu** (ebifaananyi eby’enjawulo) n’okusinziira ku **engeri ez’enjawulo** (miti egibala), oluvannyuma obasabe okugigawula mu miti egibala. Kino ekyasooka ku **okusinziira ku bintu bye bimu** (ebifaananyi eby’enjawulo) n’okusinziira ku **engeri ez’enjawulo** (miti egibala), oluvannyuma obasabe okugigawula mu miti egibala. Kino ekyasooka ku **okusinziira ku bintu bye bimu** (ebifaananyi eby’enjawulo) n’okusinziira ku **engeri ez’enjawulo** (miti egibala), oluvannyuma obasabe okugigawula mu miti egibala. Kino ekyasooka ku **okusinziira ku bintu bye bimu** (ebifaananyi eby’enjawulo) n’okusinziira ku **engeri ez’enjawulo** (miti egibala), oluvannyuma obasabe okugigawula mu miti egibala. Kino ekyasooka ku **okusinziira ku bintu bye bimu** (ebifaananyi eby’enjawulo) n’okusinziira ku **engeri ez’enjawulo** (miti egibala), oluvannyuma obasabe okugigawula mu miti egibala. Kino ekyasooka ku **okusinziira ku bintu bye bimu",True,131.51930889999494,5971,4000,1049
D,"**Answer: B. Omutima gw'omuntu gulinga ekikonde kye.**

**Explanation:**  
The question asks which process demonstrates the body using energy to maintain its functions. Here's the breakdown:

- **Option A** (Breaking down food) is part of digestion, which requires energy but is more about nutrient absorption than sustaining immediate bodily functions.  
- **Option B** (Pumping blood) is a **continuous, vital process**. The heart uses energy (ATP) to contract and circulate blood, delivering oxygen and nutrients to cells while removing waste. This is a core function for survival.  
- **Option C** (Moving muscles) requires energy but is typically tied to voluntary activity, not a constant baseline function.  
- **Option D** (Maintaining body temperature) is crucial for homeostasis, but the energy used here is part of metabolic processes (e.g., shivering, sweating), which are regulatory rather than the primary energy expenditure for basic survival.  

**Why B is correct:**  
The heart's work to pump blood is an **essential, ongoing process** that directly sustains life. Even at rest, the heart uses ~10% of the body’s energy to maintain circulation, making it a textbook example of energy use for fundamental bodily functions. This aligns with the question’s focus on ""maintaining functions"" (ekikonde kye).",True,20.426438900001813,2569,744,576
C,"**Omutima gw'ekibuuzo D:**  
**D. Mu biseera by’okuzannya obwereere mu luggya, Soledad akuba ensigo mu ngalo ze nagamba: “Nneneenya”**  

**Ekkwata kya kibuuzo:**  
Ekibuuzo kye kusooka ku **okutegeera obwongo n’omulimu gwabwo** (ekigendererwa ky’ekibiina). Omusomesa ow’ekibiina akusooka ku **okuteekawo obwongo oba obwongo oba obwongo oba obwongo** (ekigendererwa ky’ekibiina).  

**Ekkwata kya kibuuzo D:**  
- **Soledad** akuba ensigo mu ngalo (luggya) n’agamba “Nneneenya.”  
- “Nneneenya” ekikozesebwa ku **okutegeera obwongo oba obwongo oba obwongo** (ekigendererwa ky’ekibiina).  
- Eky’okutegeera obwongo oba obwongo oba obwongo ekikozesebwa ku **okutegeera obwongo oba obwongo oba obwongo** (ekigendererwa ky’ekibiina).  

**Ekkwata kya kibuuzo D:**  
- **Soledad** akuba ensigo mu ngalo (luggya) n’agamba “Nneneenya.”  
- “Nneneenya” ekikozesebwa ku **okutegeera obwongo oba obwongo oba obwongo** (ekigendererwa ky’ekibiina).  
- Eky’okutegeera obwongo oba obwongo oba obwongo ekikozesebwa ku **okutegeera obwongo oba obwongo oba obwongo** (ekigendererwa ky’ekibiina).  

**Ekkwata kya kibuuzo D:**  
- **Soledad** akuba ensigo mu ngalo (luggya) n’agamba “Nneneenya.”  
- “Nneneenya” ekikozesebwa ku **okutegeera obwongo oba obwongo oba obwongo** (ekigendererwa ky’ekibiina).  
- Eky’okutegeera obwongo oba obwongo oba obwongo ekikozesebwa ku **okutegeera obwongo oba obwongo oba obwongo** (ekigendererwa ky’ekibiina).  

**Ekkwata kya kibuuzo D:**  
- **Soledad** akuba ensigo mu ngalo (luggya) n’agamba “Nneneenya.”  
- “Nneneenya” ekikozesebwa ku **okutegeera obwongo oba obwongo oba obwongo** (ekigendererwa ky’ekibiina).  
- Eky’okutegeera obwongo oba obwongo oba obwongo ekikozesebwa ku **okutegeera obwongo oba obwongo oba obwongo** (ekigendererwa ky’ekibiina).  

**Ekkwata kya kibuuzo D:**  
- **Soledad** akuba ensigo mu ngalo (luggya) n’agamba “Nneneenya.”  
- “Nneneenya” ekikozesebwa ku **okutegeera obwongo oba obwongo oba obwongo** (ekigendererwa ky’ekibiina).  
- Eky’okutegeera obwongo oba obwongo oba obwongo ekikozesebwa ku **okutegeera obwongo oba obwongo oba obwongo** (ekigendererwa ky’ekibiina).  

**Ekkwata kya kibuuzo D:**  
- **Soledad** akuba ensigo mu ngalo (luggya) n’agamba “Nneneenya.”  
- “Nneneenya” ekikozesebwa ku **okutegeera obwongo oba obwongo oba obwongo** (ekigendererwa ky’ekibiina).  
- Eky’okutegeera obwongo oba obwongo oba obwongo ekikozesebwa ku **okutegeera obwongo oba obwongo oba obwongo** (ekigendererwa ky’ekibiina).  

**Ekkwata kya kibuuzo D:**  
- **Soledad** akuba ensigo mu ngalo (luggya) n’agamba “Nneneenya.”  
- “Nneneenya” ekikozesebwa ku **okutegeera obwongo oba obwongo oba obwongo** (ekigendererwa ky’ekibiina).  
- Eky’okutegeera obwongo oba obwongo oba obwongo ekikozesebwa ku **okutegeera obwongo oba obwongo oba obwongo** (ekigendererwa ky’ekibiina).  

**Ekkwata kya kibuuzo D:**  
- **Soledad** akuba ensigo mu ngalo (luggya) n’agamba “Nneneenya.”  
- “Nneneenya” ekikozesebwa ku **okutegeera obwongo oba obwongo oba obwongo** (ekigendererwa ky’ekibiina).  
- Eky’okutegeera obwongo oba obwongo oba obwongo ekikozesebwa ku **okutegeera obwongo oba obwongo oba obwongo** (ekigendererwa ky’ekibiina).  

**Ekkwata kya kibuuzo D:**  
- **Soledad** akuba ensigo mu ngalo (luggya) n’agamba “Nneneenya.”  
- “Nneneenya” ekikozesebwa ku **okutegeera obwongo oba obwongo oba obwongo** (ekigendererwa ky’ekibiina).  
- Eky’okutegeera obwongo oba obwongo oba obwongo ekikozesebwa ku **okutegeera obwongo oba obwongo oba obwongo** (ekigendererwa ky’ekibiina).  

**Ekkwata kya kibuuzo D:**  
- **Soledad** akuba ensigo mu ngalo (luggya) n’agamba “Nneneenya.”  
- “Nneneenya” ekikozesebwa ku **okutegeera obwongo oba obwongo oba obwongo** (ekigendererwa ky’ekibiina).  
- Eky’okutegeera obwongo oba obwongo oba obwongo ekikozesebwa ku **okutegeera obwongo oba obwongo oba obwongo** (ekigendererwa ky’ekibiina).  

**Ekkwata kya kibuuzo D:**  
- **Soledad** akuba ensigo mu ngalo (luggya) n’agamba “Nneneenya.”  
- “Nneneenya” ekikozesebwa ku **okutegeera obwongo oba obwongo oba obwongo** (ekigendererwa ky’ekibiina).  
- Eky’okutegeera obwongo oba obwongo oba obwongo ekikozesebwa ku **okutegeera obwongo oba obwongo oba obwongo** (ekigendererwa ky’ekibiina).  

**Ekkwata kya kibuuzo D:**  
- **Soledad** akuba ensigo mu ngalo (luggya) n’agamba “Nneneenya.”  
- “Nneneenya” ekikozesebwa ku **okutegeera obwongo oba obwongo oba obwongo** (ekigendererwa ky’ekibiina).  
- Eky’okutegeera obwongo oba obwongo oba obwongo ekikozesebwa ku **okutegeera obwongo oba obwongo oba obwongo** (ekigendererwa ky’ekibiina).  

**Ekkwata kya kibuuzo D:**  
- **Soledad** akuba ensigo mu ngalo (luggya) n’agamba “Nneneenya.”  
- “Nneneenya” ekikozesebwa ku **okutegeera obwongo oba obwongo oba obwongo** (ekigendererwa ky’ekibiina).  
- Eky’okutegeera obwongo oba obwongo oba obwongo ekikozesebwa ku **okutegeera obwongo oba obwongo oba obwongo** (ekigendererwa ky’ekibiina).  

**Ekkwata kya kibuuzo D:**  
- **Soledad** akuba ensigo mu ngalo (luggya) n’agamba “Nneneenya.”  
- “Nneneenya” ekikozesebwa ku **okutegeera obwongo oba obwongo oba obwongo** (ekigendererwa ky’ekibiina).  
- Eky’okutegeera obwongo oba obwongo oba obwongo ekikozesebwa ku **okutegeera obwongo oba obwongo oba obwongo** (ekigendererwa ky’ekibiina).  

**Ekkwata kya kibuuzo D:**  
- **Soledad** akuba ensigo mu ngalo (luggya) n’agamba “Nneneenya.”  
- “Nneneenya” ekikozesebwa ku **okutegeera obwongo oba obwongo oba obwongo** (ekigendererwa ky’ekibiina).  
- Eky’okutegeera obwongo oba obwongo oba obwongo ekikozesebwa ku **okutegeera obwongo oba obwongo oba obwongo** (ekigendererwa ky’ekibiina).  

**Ekkwata kya kibuuzo D:**  
- **Soledad** akuba ensigo mu ngalo (luggya) n’agamba “Nneneenya.”  
- “Nneneenya” ekikozesebwa ku **okutegeera obwongo oba obwongo oba obwongo** (ekigendererwa ky’ekibiina).  
- Eky’okutegeera obwongo oba obwongo oba obwongo ekikozesebwa ku **okutegeera obwongo oba obwongo oba obwongo** (ekigendererwa ky’ekibiina).  

**Ekkwata kya kibuuzo D:**  
- **Soledad** akuba ensigo mu ngalo (luggya) n’agamba “Nneneenya.”  
- “Nneneenya” ekikozesebwa ku **okutegeera obwongo oba obwongo oba obwongo** (ekigendererwa ky’ekibiina).  
- Eky’okutegeera obwongo oba obwongo oba obwongo ekikozesebwa ku **okutegeera obwongo oba obwongo oba obwongo** (ekigendererwa ky’ekibiina).  

**Ekkwata kya kibuuzo D:**  
- **Soledad** akuba ensigo mu ngalo (luggya) n’agamba “Nneneenya.”  
- “Nneneenya” ekikozesebwa ku **okutegeera obwongo oba obwongo oba obwongo** (ekigendererwa ky’ekibiina).  
- Eky’okutegeera obwongo oba obwongo oba obwongo ekikozesebwa ku **okutegeera obwongo oba obwongo oba obwongo** (ekigendererwa ky’ekibiina).  

**Ekkwata kya kibuuzo D:**  
- **Soledad** akuba ensigo mu ngalo (luggya) n’agamba “Nneneenya.”  
- “Nneneenya” ekikozesebwa ku **okutegeera obwongo oba obwongo oba obwongo** (ekigendererwa ky’ekibiina).  
- Eky’okutegeera obwongo oba obwongo oba obwongo ekikozesebwa ku **okutegeera obwongo oba obwongo oba obwongo** (ekigendererwa ky’ekibiina).  

**Ekkwata kya kibuuzo D:**  
- **Soledad** akuba ensigo mu ngalo (luggya) n’agamba “Nneneenya.”  
- “Nneneenya” ekikozesebwa ku **okutegeera obwongo oba obwongo oba obwongo** (ekigendererwa ky’ekibiina).  
- Eky’okutegeera obwongo oba obwongo oba obwongo ekikozesebwa ku **okutegeera obwongo oba obwongo oba obwongo** (ekigendererwa ky’ekibiina).  

**Ekkwata kya kibuuzo D:**  
- **Soledad** akuba ensigo mu ngalo (luggya) n’agamba “Nneneenya.”  
- “Nneneenya” ekikozesebwa ku **okutegeera obwongo oba obwongo oba obwongo** (ekigendererwa ky’ekibiina).  
- Eky’okutegeera obwongo oba obwongo oba obwongo ekikozesebwa ku **okutegeera obwongo oba obwongo oba obwongo** (ekigendererwa ky’ekibiina).  

**Ekkwata kya kibuuzo D:**  
- **Soledad** akuba ensigo mu ngalo (luggya) n’agamba “Nneneenya.”  
- “Nneneenya” ekikozesebwa ku **okutegeera obwongo oba obwongo oba obwongo** (ekigendererwa ky’ekibiina).  
- Eky’okutegeera obwongo oba obwongo oba obwongo ekikozesebwa ku **okutegeera obwongo oba obwongo oba obwongo** (ekigendererwa ky’ekibiina).  

",True,154.3422149999824,5879,4000,612
A,"**C. Mu kiseera María ky’amaze mu luggya, akuŋŋaanya ebika by’amatabi g’emiti egy’enjawulo mu kabaati.**

**Explanation:**  
Ekigendererwa ky’ekibiina (metaphor) ekisooka ku kubasira ekintu eno ku kintu eno ne ngeri ez’ekintu eno. Mu kiseera C, María akuŋŋaanya ebika by’amatabi g’emiti egy’enjawulo mu kabaati. Ekyo ekisooka ku kubasira obika by’emiti (ekintu eno) ku kabaati (ekintu eno) ne ngeri ez’ekabaati. Ekyo ekisooka ku metaphor, kubasira ekintu eno ku kintu eno ne ngeri ez’ekintu eno.  

- **A** (Santiago ayiga amayinja) ekisooka ku kubasira obutonde obwe obw’okuyiga, oba oba obwe obw’okuyiga.  
- **B** (Pablo atunuulira akajiiko) ekisooka ku kubasira obutonde obwe obw’okukwatako, oba oba obwe obw’okukwatako.  
- **D** (Soledad akuba ensigo) ekisooka ku kubasira obutonde obwe obw’okulaba, oba oba obwe obw’okulaba.  

Kiseera C ekisooka ku kubasira obika by’emiti ku kabaati ne ngeri ez’ekabaati, ekisooka ku metaphor.",True,40.43311690000701,2631,861,521
D,"**B. Enkyukakyuka y'omuzira okufuuka omukka olw'amaanyi g'omusana**  

**Explanation:**  
Condensation occurs when water vapor cools and changes into liquid droplets. In this scenario, a child's warm, moist breath (water vapor) meets cold air, causing the vapor to condense into tiny droplets, forming a visible ""cloud."" This is a classic example of condensation.  

- **Option A** refers to water formation from fire vapor, which is unclear and not a direct example of condensation.  
- **Option C** describes boiling (evaporation), the opposite of condensation.  
- **Option D** involves collecting rainwater, which is precipitation, not condensation.  

**Answer: B**",True,31.955866900010733,2448,669,530
B,"**B. Okufuuyuka**  

**Explanation:**  
The term ""Okufuuyuka"" (to be startled/frightened) best captures Pablo's reaction when he encounters the figure. His sudden exclamation, “Laba, Pablo!” reflects a moment of fear or alarm, aligning with the narrative's emphasis on abrupt emotional responses. While other options like confusion (A) or panic (C) might seem plausible, the text explicitly highlights a startled reaction, making **B** the most accurate choice.",True,2.2449534999905154,2292,589,526
C,"**Kasooka ku Buusu B**  
**Kasooka: C**  

**Kasooka ku Buusu B**  
**Kasooka: B**  

**Kasooka ku Buusu C**  
**Kasooka: C**  

**Kasooka ku Buusu D**  
**Kasooka: D**  

**Kasooka ku Buusu E**  
**Kasooka: C**  

**Kasooka ku Buusu F**  
**Kasooka: B**  

**Kasooka ku Buusu G**  
**Kasooka: C**  

**Kasooka ku Buusu H**  
**Kasooka: D**  

**Kasooka ku Buusu I**  
**Kasooka: C**  

**Kasooka ku Buusu J**  
**Kasooka: B**  

**Kasooka ku Buusu K**  
**Kasooka: C**  

**Kasooka ku Buusu L**  
**Kasooka: D**  

**Kasooka ku Buusu M**  
**Kasooka: C**  

**Kasooka ku Buusu N**  
**Kasooka: B**  

**Kasooka ku Buusu O**  
**Kasooka: C**  

**Kasooka ku Buusu P**  
**Kasooka: D**  

**Kasooka ku Buusu Q**  
**Kasooka: C**  

**Kasooka ku Buusu R**  
**Kasooka: B**  

**Kasooka ku Buusu S**  
**Kasooka: C**  

**Kasooka ku Buusu T**  
**Kasooka: D**  

**Kasooka ku Buusu U**  
**Kasooka: C**  

**Kasooka ku Buusu V**  
**Kasooka: B**  

**Kasooka ku Buusu W**  
**Kasooka: C**  

**Kasooka ku Buusu X**  
**Kasooka: D**  

**Kasooka ku Buusu Y**  
**Kasooka: C**  

**Kasooka ku Buusu Z**  
**Kasooka: B**  

**Kasooka ku Buusu AA**  
**Kasooka: C**  

**Kasooka ku Buusu AB**  
**Kasooka: D**  

**Kasooka ku Buusu AC**  
**Kasooka: C**  

**Kasooka ku Buusu AD**  
**Kasooka: B**  

**Kasooka ku Buusu AE**  
**Kasooka: C**  

**Kasooka ku Buusu AF**  
**Kasooka: D**  

**Kasooka ku Buusu AG**  
**Kasooka: C**  

**Kasooka ku Buusu AH**  
**Kasooka: B**  

**Kasooka ku Buusu AI**  
**Kasooka: C**  

**Kasooka ku Buusu AJ**  
**Kasooka: D**  

**Kasooka ku Buusu AK**  
**Kasooka: C**  

**Kasooka ku Buusu AL**  
**Kasooka: B**  

**Kasooka ku Buusu AM**  
**Kasooka: C**  

**Kasooka ku Buusu AN**  
**Kasooka: D**  

**Kasooka ku Buusu AO**  
**Kasooka: C**  

**Kasooka ku Buusu AP**  
**Kasooka: B**  

**Kasooka ku Buusu AQ**  
**Kasooka: C**  

**Kasooka ku Buusu AR**  
**Kasooka: D**  

**Kasooka ku Buusu AS**  
**Kasooka: C**  

**Kasooka ku Buusu AT**  
**Kasooka: B**  

**Kasooka ku Buusu AU**  
**Kasooka: C**  

**Kasooka ku Buusu AV**  
**Kasooka: D**  

**Kasooka ku Buusu AW**  
**Kasooka: C**  

**Kasooka ku Buusu AX**  
**Kasooka: B**  

**Kasooka ku Buusu AY**  
**Kasooka: C**  

**Kasooka ku Buusu AZ**  
**Kasooka: D**  

**Kasooka ku Buusu BA**  
**Kasooka: C**  

**Kasooka ku Buusu BB**  
**Kasooka: B**  

**Kasooka ku Buusu BC**  
**Kasooka: C**  

**Kasooka ku Buusu BD**  
**Kasooka: D**  

**Kasooka ku Buusu BE**  
**Kasooka: C**  

**Kasooka ku Buusu BF**  
**Kasooka: B**  

**Kasooka ku Buusu BG**  
**Kasooka: C**  

**Kasooka ku Buusu BH**  
**Kasooka: D**  

**Kasooka ku Buusu BI**  
**Kasooka: C**  

**Kasooka ku Buusu BJ**  
**Kasooka: B**  

**Kasooka ku Buusu BK**  
**Kasooka: C**  

**Kasooka ku Buusu BL**  
**Kasooka: D**  

**Kasooka ku Buusu BM**  
**Kasooka: C**  

**Kasooka ku Buusu BN**  
**Kasooka: B**  

**Kasooka ku Buusu BO**  
**Kasooka: C**  

**Kasooka ku Buusu BP**  
**Kasooka: D**  

**Kasooka ku Buusu BQ**  
**Kasooka: C**  

**Kasooka ku Buusu BR**  
**Kasooka: B**  

**Kasooka ku Buusu BS**  
**Kasooka: C**  

**Kasooka ku Buusu BT**  
**Kasooka: D**  

**Kasooka ku Buusu BU**  
**Kasooka: C**  

**Kasooka ku Buusu BV**  
**Kasooka: B**  

**Kasooka ku Buusu BW**  
**Kasooka: C**  

**Kasooka ku Buusu BX**  
**Kasooka: D**  

**Kasooka ku Buusu BY**  
**Kasooka: C**  

**Kasooka ku Buusu BZ**  
**Kasooka: B**  

**Kasooka ku Buusu CA**  
**Kasooka: C**  

**Kasooka ku Buusu CB**  
**Kasooka: D**  

**Kasooka ku Buusu CC**  
**Kasooka: C**  

**Kasooka ku Buusu CD**  
**Kasooka: B**  

**Kasooka ku Buusu CE**  
**Kasooka: C**  

**Kasooka ku Buusu CF**  
**Kasooka: D**  

**Kasooka ku Buusu CG**  
**Kasooka: C**  

**Kasooka ku Buusu CH**  
**Kasooka: B**  

**Kasooka ku Buusu CI**  
**Kasooka: C**  

**Kasooka ku Buusu CJ**  
**Kasooka: D**  

**Kasooka ku Buusu CK**  
**Kasooka: C**  

**Kasooka ku Buusu CL**  
**Kasooka: B**  

**Kasooka ku Buusu CM**  
**Kasooka: C**  

**Kasooka ku Buusu CN**  
**Kasooka: D**  

**Kasooka ku Buusu CO**  
**Kasooka: C**  

**Kasooka ku Buusu CP**  
**Kasooka: B**  

**Kasooka ku Buusu CQ**  
**Kasooka: C**  

**Kasooka ku Buusu CR**  
**Kasooka: D**  

**Kasooka ku Buusu CS**  
**Kasooka: C**  

**Kasooka ku Buusu CT**  
**Kasooka: B**  

**Kasooka ku Buusu CU**  
**Kasooka: C**  

**Kasooka ku Buusu CV**  
**Kasooka: D**  

**Kasooka ku Buusu CW**  
**Kasooka: C**  

**Kasooka ku Buusu CX**  
**Kasooka: B**  

**Kasooka ku Buusu CY**  
**Kasooka: C**  

**Kasooka ku Buusu CZ**  
**Kasooka: D**  

**Kasooka ku Buusu DA**  
**Kasooka: C**  

**Kasooka ku Buusu DB**  
**Kasooka: B**  

**Kasooka ku Buusu DC**  
**Kasooka: C**  

**Kasooka ku Buusu DD**  
**Kasooka: D**  

**Kasooka ku Buusu DE**  
**Kasooka: C**  

**Kasooka ku Buusu DF**  
**Kasooka: B**  

**Kasooka ku Buusu DG**  
**Kasooka: C**  

**Kasooka ku Buusu DH**  
**Kasooka: D**  

**Kasooka ku Buusu DI**  
**Kasooka: C**  

**Kasooka ku Buusu DJ**  
**Kasooka: B**  

**Kasooka ku Buusu DK**  
**Kasooka: C**  

**Kasooka ku Buusu DL**  
**Kasooka: D**  

**Kasooka ku Buusu DM**  
**Kasooka: C**  

**Kasooka ku Buusu DN**  
**Kasooka: B**  

**Kasooka ku Buusu DO**  
**Kasooka: C**  

**Kasooka ku Buusu DP**  
**Kasooka: D**  

**Kasooka ku Buusu DQ**  
**Kasooka: C**  

**Kasooka ku Buusu DR**  
**Kasooka: B**  

**Kasooka ku Buusu DS**  
**Kasooka: C**  

**Kasooka ku Buusu DT**  
**Kasooka: D**  

**Kasooka ku Buusu DU**  
**Kasooka: C**  

**Kasooka ku Buusu DV**  
**Kasooka: B**  

**Kasooka ku Buusu DW**  
**Kasooka: C**  

**Kasooka ku Buusu DX**  
**Kasooka: D**  

**Kasooka ku Buusu DY**  
**Kasooka: C**  

**Kasooka ku Buusu DZ**  
**Kasooka: B**  

**Kasooka ku Buusu EA**  
**Kasooka: C**  

**Kasooka ku Buusu EB**  
**Kasooka: D**  

**Kasooka ku Buusu EC**  
**Kasooka: C**  

**Kasooka ku Buusu ED**  
**Kasooka: B**  

**Kasooka ku Buusu EE**  
**Kasooka: C**  

**Kasooka ku Buusu EF**  
**Kasooka: D**  

**Kasooka ku Buusu EG**  
**Kasooka: C**  

**Kasooka ku Buusu EH**  
**Kasooka: B**  

**Kasooka ku Buusu EI**  
**Kasooka: C**  

**Kasooka ku Buusu EJ**  
**Kasooka: D**  

**Kasooka ku Buusu EK**  
**Kasooka: C**  

**Kasooka ku Buusu EL**  
**Kasooka: B**  

**Kasooka ku Buusu EM**  
**Kasooka: C**  

**Kasooka ku Buusu EN**  
**Kasooka: D**  

**Kasooka ku Buusu EO**  
**Kasooka: C**  

**Kasooka ku Buusu EP**  
**Kasooka: B**  

**Kasooka ku Buusu EQ**  
**Kasooka: C**  

**Kasooka ku Buusu ER**  
**Kasooka: D**  

**Kasooka ku Buusu ES**  
**Kasooka: C**  

**Kasooka ku Buusu ET**  
**Kasooka: B**  

**Kasooka ku Buusu EU**  
**Kasooka: C**  

**Kasooka ku Buusu EV**  
**Kasooka: D**  

**Kasooka ku Buusu EW**  
**Kasooka: C**  

**Kasooka ku Buusu EX**  
**Kasooka: B**  

**Kasooka ku Buusu EY**  
**Kasooka: C**  

**Kasooka ku Buusu EZ**  
**Kasooka: D**  

**Kasooka ku Buusu FA**  
**Kasooka: C**  

**Kasooka ku Buusu FB**  
**Kasooka: B**  

**Kasooka ku Buusu FC**  
**Kasooka: C**  

**Kasooka ku Buusu FD**  
**Kasooka: D**  

**Kasooka ku Buusu FE**  
**Kasooka: C**  

**Kasooka ku Buusu FF**  
**Kasooka: B**  

**Kasooka ku Buusu FG**  
**Kasooka: C**  

**Kasooka ku Buusu FH**  
**Kasooka: D**  

**Kasooka ku Buusu FI**  
**Kasooka: C**  

**Kasooka ku Buusu FJ**  
**Kasooka: B**  

**Kasooka ku Buusu FK**  
**Kasooka: C**  

**Kasooka ku Buusu FL**  
**Kasooka: D**  

**Kasooka ku Buusu FM**  
**Kasooka: C**  

**Kasooka ku Buusu FN**  
**Kasooka: B**  

**Kasooka ku Buusu FO**  
**Kasooka: C**  

**Kasooka ku Buusu FP**  
**Kasooka: D**  

**Kasooka ku Buusu FQ**  
**Kasooka: C**  

**Kasooka ku Buusu FR**  
**Kasooka: B**  

**Kasooka ku Buusu FS**  
**Kasooka: C**  

**Kasooka ku Buusu FT**  
**Kasooka: D**  

**Kasooka ku Buusu FU**  
**Kasooka: C**  

**Kasooka ku Buusu FV**  
**Kasooka: B**  

**Kasooka ku Buusu FW**  
**Kasooka: C**  

**Kasooka ku Buusu FX**  
**Kasooka: D**  

**Kasooka ku Buusu FY**  
**Kasooka: C**  

**Kasooka ku",True,115.08933570000227,5758,4000,403
A,"**A. Omuyaga**

**Explanation:**  
Kino enkola y'omuyaga (lightning) ekisooka ku kiggwawo ku ngeri ez'enjawulo mu kusomesa ku mpewo ezikunta. Omuyaga ow'ekikwata ku nnyanja mu mbeera eno (kino enkola y'ekikwata ku Biramu n'Obutonde Bwebyetoolodde) ekisooka ku kiggwawo ku mpewo ezikunta, mukozesebwa ku mpewo ezikwata ku nnyanja mu kiseera ky'okukwata ku nnyanja.  

**B, C, D** ekisooka ku kiggwawo ku mpewo ezikwata ku nnyanja mu kiseera ky'okukwata ku nnyanja, era te ekisooka ku kiggwawo ku mpewo ezikwata ku nnyanja mu kiseera ky'okukwata ku nnyanja.  

**Kino enkola y'omuyaga (A)** ekisooka ku kiggwawo ku mpewo ezikunta, mukozesebwa ku mpewo ezikwata ku nnyanja mu kiseera ky'okukwata ku nnyanja.",True,22.164033299981384,2522,728,495
B,"**Kasooka ku Buusimire:**  
Ku kiseera kino, omusomesa ow’abaana abato alaga vidiyo ekiraga ekintu ekireetebwa obwewunzike (heating and cooling device) okumulisa obutali bumu okw’omusana mu kiseera ensi ky’etambulira okwetoloola omusana. Kino enkola y’okwawula eky’abaleeta ku **ekikuta ky’omusana** (temperature measurement) mbeera okukozesa **ebiseera by’omwaka** (temperature measurement methods) oba **ekikuta ky’omusana** (temperature readings).  

**Kasooka ku B:**  
- **Ebiseera by’omwaka** (B) ekituufu ku **okusinziira ku kikuta ky’omusana** (monitoring temperature changes) mu kiseera kino. Omusomesa ayagala okutegeera **ekikuta ky’omusana** (temperature) mu kikuta ky’obukiikakkono (heating) n’ekikuta ky’obukiikaddyo (cooling) oba **okusinziira ku kikuta ky’omusana** (tracking temperature equilibrium) mu butali.  
- Kino enkola y’okwawula eky’abaleeta ku **okusinziira ku kikuta ky’omusana** (monitoring temperature) mbeera okukozesa **ebiseera by’omwaka** (temperature measurement methods) oba **ekikuta ky’omusana** (temperature readings) oba **okusinziira ku kikuta ky’omusana** (tracking temperature equilibrium).  

**Kasooka ku A, C, n’D:**  
- **A (Emigga gy’amazzi mu nnyanja)** n’**D (Emigga gy’amazzi)** ekituufu ku **okusinziira ku obukiikakkono** (heating methods), era kino **ekisookaako** kubiri ku **okusinziira ku kikuta ky’omusana** (temperature measurement).  
- **C (Emisana n’ekiro)** ekituufu ku **okusinziira ku amazzi** (observation and recording), era kino **ekisookaako** kubiri ku **okusinziira ku kikuta ky’omusana** (temperature measurement).  

**Kasooka ku Kifanisi:**  
Kino **ekigendererwa** ekituufu ku **okusinziira ku kikuta ky’omusana** (temperature measurement) mbeera okukozesa **ebiseera by’omwaka** (temperature measurement methods) oba **ekikuta ky’omusana** (temperature readings) oba **okusinziira ku kikuta ky’omusana** (tracking temperature equilibrium).  

**Kasooka ku Kansere:**  
**B. Ebiseera by’omwaka** (Temperature measurement methods) **ekitale** kubiri ku **okusinziira ku kikuta ky’omusana** (monitoring temperature) mbeera okukozesa **ebiseera by’omwaka** (temperature measurement methods) oba **ekikuta ky’omusana** (temperature readings) oba **okusinziira ku kikuta ky’omusana** (tracking temperature equilibrium).  

**Kasooka ku Kifanisi:**  
**B** ekituufu ku **okusinziira ku kikuta ky’omusana** (monitoring temperature) mbeera okukozesa **ebiseera by’omwaka** (temperature measurement methods) oba **ekikuta ky’omusana** (temperature readings) oba **okusinziira ku kikuta ky’omusana** (tracking temperature equilibrium).",True,36.2311152999755,3112,1324,555
D,"**Ekibuuzo ekituufu kyokka:**

**Soma embeera eno:**
Mu kibiina ky'abaana abato, Ignacio ayanjula ku ky'ekyennyanja ekya clownfish eraannyonnyola bagenzi be nti ekika kino kifuna obukuumi okuva ku ttooki y'ennyanja okulwanyisa abalya ebyennyanja ebirala, ate era n'ettooki y'ennyanja ekuumibwa kubanga ekyennyanja kigoba ebyennyanja ebirala ebigirya. Omusomesa ayingirawo okubannyonnyola erinnya ly'ekika ky'enkolagana y'ebiramu ekyogeddwaako omwana.

**Nkola ki ey'enkolagana y'ebiramu omusomesa gy'asaanidde okwogerako mu kunnyonnyola kwe?**

---

**A. Obuwangwa obw’okubeera awamu nga ekimu ku biramu kiganyulwa ate ekirala tekirina kye kifuna wadde okufiirwa.**

---

**Ekkwawa:**
Ekibuuzo ekituufu ekyokka eky’okunoonyereza ku **nkola y’ekolagana y’ebiramu** (ekika ky’ebiramu). 

- **Clownfish** (fish ya ekyennyanja) **ekiganyulwa** ku **anemone** (ekirala), oba ekikwata ku **ekirala** (anemone) **ekifuna wadde okufiirwa** (kifuna obukuumi). 
- Nkola y’okubeera awamu (ekikwata ku ekirala, ekifuna wadde okufiirwa) **ekikwata ku ekirala** (anemone) oba **ekifuna wadde okufiirwa** (kifuna obukuumi), oba **ekifuna wadde okufiirwa** (kifuna obukuumi) oba **ekifuna wadde okufiirwa** (kifuna obukuumi) oba **ekifuna wadde okufiirwa** (kifuna obukuumi) oba **ekifuna wadde okufiirwa** (kifuna obukuumi) oba **ekifuna wadde okufiirwa** (kifuna obukuumi) oba **ekifuna wadde okufiirwa** (kifuna obukuumi) oba **ekifuna wadde okufiirwa** (kifuna obukuumi) oba **ekifuna wadde okufiirwa** (kifuna obukuumi) oba **ekifuna wadde okufiirwa** (kifuna obukuumi) oba **ekifuna wadde okufiirwa** (kifuna obukuumi) oba **ekifuna wadde okufiirwa** (kifuna obukuumi) oba **ekifuna wadde okufiirwa** (kifuna obukuumi) oba **ekifuna wadde okufiirwa** (kifuna obukuumi) oba **ekifuna wadde okufiirwa** (kifuna obukuumi) oba **ekifuna wadde okufiirwa** (kifuna obukuumi) oba **ekifuna wadde okufiirwa** (kifuna obukuumi) oba **ekifuna wadde okufiirwa** (kifuna obukuumi) oba **ekifuna wadde okufiirwa** (kifuna obukuumi) oba **ekifuna wadde okufiirwa** (kifuna obukuumi) oba **ekifuna wadde okufiirwa** (kifuna obukuumi) oba **ekifuna wadde okufiirwa** (kifuna obukuumi) oba **ekifuna wadde okufiirwa** (kifuna obukuumi) oba **ekifuna wadde okufiirwa** (kifuna obukuumi) oba **ekifuna wadde okufiirwa** (kifuna obukuumi) oba **ekifuna wadde okufiirwa** (kifuna obukuumi) oba **ekifuna wadde okufiirwa** (kifuna obukuumi) oba **ekifuna wadde okufiirwa** (kifuna obukuumi) oba **ekifuna wadde okufiirwa** (kifuna obukuumi) oba **ekifuna wadde okufiirwa** (kifuna obukuumi) oba **ekifuna wadde okufiirwa** (kifuna obukuumi) oba **ekifuna wadde okufiirwa** (kifuna obukuumi) oba **ekifuna wadde okufiirwa** (kifuna obukuumi) oba **ekifuna wadde okufiirwa** (kifuna obukuumi) oba **ekifuna wadde okufiirwa** (kifuna obukuumi) oba **ekifuna wadde okufiirwa** (kifuna obukuumi) oba **ekifuna wadde okufiirwa** (kifuna obukuumi) oba **ekifuna wadde okufiirwa** (kifuna obukuumi) oba **ekifuna wadde okufiirwa** (kifuna obukuumi) oba **ekifuna wadde okufiirwa** (kifuna obukuumi) oba **ekifuna wadde okufiirwa** (kifuna obukuumi) oba **ekifuna wadde okufiirwa** (kifuna obukuumi) oba **ekifuna wadde okufiirwa** (kifuna obukuumi) oba **ekifuna wadde okufiirwa** (kifuna obukuumi) oba **ekifuna wadde okufiirwa** (kifuna obukuumi) oba **ekifuna wadde okufiirwa** (kifuna obukuumi) oba **ekifuna wadde okufiirwa** (kifuna obukuumi) oba **ekifuna wadde okufiirwa** (kifuna obukuumi) oba **ekifuna wadde okufiirwa** (kifuna obukuumi) oba **ekifuna wadde okufiirwa** (kifuna obukuumi) oba **ekifuna wadde okufiirwa** (kifuna obukuumi) oba **ekifuna wadde okufiirwa** (kifuna obukuumi) oba **ekifuna wadde okufiirwa** (kifuna obukuumi) oba **ekifuna wadde okufiirwa** (kifuna obukuumi) oba **ekifuna wadde okufiirwa** (kifuna obukuumi) oba **ekifuna wadde okufiirwa** (kifuna obukuumi) oba **ekifuna wadde okufiirwa** (kifuna obukuumi) oba **ekifuna wadde okufiirwa** (kifuna obukuumi) oba **ekifuna wadde okufiirwa** (kifuna obukuumi) oba **ekifuna wadde okufiirwa** (kifuna obukuumi) oba **ekifuna wadde okufiirwa** (kifuna obukuumi) oba **ekifuna wadde okufiirwa** (kifuna obukuumi) oba **ekifuna wadde okufiirwa** (kifuna obukuumi) oba **ekifuna wadde okufiirwa** (kifuna obukuumi) oba **ekifuna wadde okufiirwa** (kifuna obukuumi) oba **ekifuna wadde okufiirwa** (kifuna obukuumi) oba **ekifuna wadde okufiirwa** (kifuna obukuumi) oba **ekifuna wadde okufiirwa** (kifuna obukuumi) oba **ekifuna wadde okufiirwa** (kifuna obukuumi) oba **ekifuna wadde okufiirwa** (kifuna obukuumi) oba **ekifuna wadde okufiirwa** (kifuna obukuumi) oba **ekifuna wadde okufiirwa** (kifuna obukuumi) oba **ekifuna wadde okufiirwa** (kifuna obukuumi) oba **ekifuna wadde okufiirwa** (kifuna obukuumi) oba **ekifuna wadde okufiirwa** (kifuna obukuumi) oba **ekifuna wadde okufiirwa** (kifuna obukuumi) oba **ekifuna wadde okufiirwa** (kifuna obukuumi) oba **ekifuna wadde okufiirwa** (kifuna obukuumi) oba **ekifuna wadde okufiirwa** (kifuna obukuumi) oba **ekifuna wadde okufiirwa** (kifuna obukuumi) oba **ekifuna wadde okufiirwa** (kifuna obukuumi) oba **ekifuna wadde okufiirwa** (kifuna obukuumi) oba **ekifuna wadde okufiirwa** (kifuna obukuumi) oba **ekifuna wadde okufiirwa** (kifuna obukuumi) oba **ekifuna wadde okufiirwa** (kifuna obukuumi) oba **ekifuna wadde okufiirwa** (kifuna obukuumi) oba **ekifuna wadde okufiirwa** (kifuna obukuumi) oba **ekifuna wadde okufiirwa** (kifuna obukuumi) oba **ekifuna wadde okufiirwa** (kifuna obukuumi) oba **ekifuna wadde okufiirwa** (kifuna obukuumi) oba **ekifuna wadde okufiirwa** (kifuna obukuumi) oba **ekifuna wadde okufiirwa** (kifuna obukuumi) oba **ekifuna wadde okufiirwa** (kifuna obukuumi) oba **ekifuna wadde okufiirwa** (kifuna obukuumi) oba **ekifuna wadde okufiirwa** (kifuna obukuumi) oba **ekifuna wadde okufiirwa** (kifuna obukuumi) oba **ekifuna wadde okufiirwa** (kifuna obukuumi) oba **ekifuna wadde okufiirwa** (kifuna obukuumi) oba **ekifuna wadde okufiirwa** (kifuna obukuumi) oba **ekifuna wadde okufiirwa** (kifuna obukuumi) oba **ekifuna wadde okufiirwa** (kifuna obukuumi) oba **ekifuna wadde okufiirwa** (kifuna obukuumi) oba **ekifuna wadde okufiirwa** (kifuna obukuumi) oba **ekifuna wadde okufiirwa** (kifuna obukuumi) oba **ekifuna wadde okufiirwa** (kifuna obukuumi) oba **ekifuna wadde okufiirwa** (kifuna obukuumi) oba **ekifuna wadde okufiirwa** (kifuna obukuumi) oba **ekifuna wadde okufiirwa** (kifuna obukuumi) oba **ekifuna wadde okufiirwa** (kifuna obukuumi) oba **ekifuna wadde okufiirwa** (kifuna obukuumi) oba **ekifuna wadde okufiirwa** (kifuna obukuumi) oba **ekifuna wadde okufiirwa** (kifuna obukuumi) oba **ekifuna wadde okufiirwa** (kifuna obukuumi) oba **ekifuna wadde okufiirwa** (kifuna obukuumi) oba **ekifuna wadde okufiirwa** (kifuna obukuumi) oba **ekifuna wadde okufiirwa** (kifuna obukuumi) oba **ekifuna wadde okufiirwa** (kifuna obukuumi) oba **ekifuna wadde okufiirwa** (kifuna obukuumi) oba **ekifuna wadde okufiirwa** (kifuna obukuumi) oba **ekifuna wadde okufiirwa** (kifuna obukuumi) oba **ekifuna wadde okufiirwa** (kifuna obukuumi) oba **ekifuna wadde okufiirwa** (kifuna obukuumi) oba **ekifuna wadde okufiirwa** (kifuna obukuumi) oba **ekifuna wadde okufiirwa** (kifuna obukuumi) oba **ekifuna wadde okufiirwa** (kifuna obukuumi) oba **ekifuna wadde okufiirwa** (kifuna obukuumi) oba **ekifuna wadde okufiirwa** (kifuna obukuumi) oba **ekifuna wadde okufiirwa** (kifuna obukuumi) oba **ekifuna wadde okufiirwa** (kifuna obukuumi) oba **ekifuna wadde okufiirwa** (kifuna obukuumi) oba **ekifuna wadde okufiirwa** (kifuna obukuumi) oba **ekifuna wadde okufiirwa** (kifuna obukuumi) oba **ekifuna wadde okufiirwa** (kifuna obukuumi) oba **ekifuna wadde okufiirwa** (kifuna obukuumi) oba **ekifuna wadde okufiirwa** (kifuna obukuumi) oba **ekifuna wadde okufiirwa** (kifuna obukuumi) oba **ekifuna wadde okufiirwa** (kifuna obukuumi) oba **ekifuna wadde okufiirwa** (kifuna obukuumi) oba **ekifuna wadde okufiirwa** (kifuna obukuumi) oba **ekifuna wadde okufiirwa** (kifuna obukuumi) oba **ekifuna wadde okufiirwa** (kifuna obukuumi) oba **ekifuna wadde okufiirwa** (kifuna obukuumi) oba **ekifuna wadde okufiirwa** (kifuna obukuumi) oba **ekifuna wadde okufiirwa** (kifuna obukuumi) oba **ekifuna wadde okufiirwa** (kifuna obukuumi) oba **ekifuna wadde okufiirwa** (kifuna obukuumi) oba **ekifuna wadde okufiirwa** (kifuna obukuumi) oba **ekifuna wadde okufiirwa** (kifuna obukuumi) oba **ekifuna wadde okufiirwa** (kifuna obukuumi) oba **ekifuna wadde okufiirwa** (kifuna obukuumi) oba **ekifuna wadde okufiirwa** (kifuna obukuumi) oba **ekifuna wadde okufiirwa** (kifuna obukuumi) oba **ekifuna wadde okufiirwa** (kifuna obukuumi) oba **ekifuna wadde okufiirwa** (kifuna obukuumi) oba **ekifuna wadde okufiirwa** (kifuna obukuumi) oba **ekifuna wadde okufiirwa** (kifuna obukuumi) oba **ekifuna wadde okufiirwa** (kifuna obukuumi) oba **ekifuna wadde okufiirwa** (kifuna obukuumi) oba **ekifuna wadde okufiirwa** (kifuna obukuumi) oba **ekifuna wadde okufiirwa** (kifuna obukuumi) oba **ekifuna wadde okufiirwa** (kifuna obukuumi) oba **ekifuna wadde okufiirwa** (kifuna obukuumi) oba **ekifuna wadde okufiirwa** (kifuna obukuumi) oba **ekifuna wadde okufiirwa** (kifuna obukuumi) oba **ekifuna wadde okufiirwa** (kifuna obukuumi) oba **ekifuna wadde okufiirwa** (kifuna obukuumi) oba **ekifuna wadde okufiirwa** (kifuna obukuumi) oba **ekifuna wadde okufiirwa** (kifuna obukuumi) oba **ekifuna wadde okufiirwa** (kifuna obukuumi) oba **ekifuna wadde okufiirwa** (kifuna obukuumi) oba **ekifuna wadde okufiirwa** (kifuna obukuumi) oba **ekifuna wadde okufiirwa** (kifuna obukuumi) oba **ekifuna wadde okufiirwa** (kifuna obukuumi) oba **ekifuna wadde okufiirwa** (kifuna obukuumi) oba **ekifuna wadde okufiirwa** (kifuna obukuumi) oba **ekifuna wadde okufiirwa** (kifuna obukuumi) oba **ekifuna wadde okufiirwa** (kifuna obukuumi) oba **ekifuna wadde okufiirwa** (kifuna obukuumi) oba **ekifuna wadde okufiirwa** (kifuna obukuumi) oba **ekifuna wadde okufiirwa** (kifuna obukuumi) oba **ekifuna wadde okufiirwa** (kifuna obukuumi) oba **ekifuna wadde okufiirwa** (kifuna obukuumi) oba **ekifuna wadde okufiirwa** (kifuna obukuumi) oba **ekifuna wadde okufiirwa** (kifuna obukuumi) oba **ekifuna wadde okufiirwa** (kifuna obukuumi) oba **ekifuna wadde okufiirwa** (kifuna obukuumi) oba **ekifuna wadde okufiirwa** (kifuna obukuumi) oba **ekifuna wadde okufiirwa** (kifuna obukuumi) oba **ekifuna wadde okufiirwa** (kifuna obukuumi) oba **ekifuna wadde okufiirwa** (kifuna obukuumi) oba **ekifuna wadde okufiirwa** (kifuna obukuumi) oba **ekifuna wadde okufiirwa** (kifuna obukuumi) oba **ekifuna wadde okufiirwa** (kifuna obukuumi) oba **ekifuna wadde okufiirwa** (kifuna obukuumi) oba **ekifuna wadde okufiirwa** (kifuna obukuumi) oba **ekifuna wadde okufiirwa** (kifuna obukuumi) oba **ekifuna wadde okufiirwa** (kifuna obukuumi) oba **ekifuna wadde okufiirwa** (kifuna obukuumi) oba **ekifuna wadde okufiirwa** (kifuna obukuumi) oba **ekifuna wadde okufiirwa** (kifuna obukuumi) oba **ekifuna wadde okufiirwa** (kifuna obukuumi) oba **ekifuna wadde okufiirwa** (kifuna obukuumi) oba **ekifuna wadde okufiirwa** (kifuna obukuumi) oba **ekifuna wadde okufiirwa** (kifuna obukuumi) oba **ekifuna wadde okufiirwa** (kifuna obukuumi) oba **ekifuna wadde okufiirwa** (kifuna obukuumi) oba **ekifuna wadde okufiirwa** (kifuna obukuumi) oba **ekifuna wadde okufiirwa** (kifuna obukuumi) oba **ekifuna wadde okufiirwa** (kifuna obukuumi) oba **ekifuna wadde okufiirwa** (kifuna obukuumi) oba **ekifuna wadde okufiirwa** (kifuna obukuumi) oba **ekifuna wadde okufiirwa** (kifuna obukuumi) oba **ekifuna wadde okufiirwa** (kifuna obukuumi) oba **ekifuna wadde okufiirwa** (kifuna obukuumi) oba **ekifuna wadde okufiirwa** (kifuna obukuumi) oba **ekifuna wadde okufiirwa** (kifuna obukuumi) oba **ekifuna wadde okufiirwa** (kifuna obukuumi) oba **ekifuna wadde okufiirwa** (kifuna obukuumi) oba **ekifuna wadde okufiirwa** (kifuna obukuumi) oba **ekifuna wadde okufiirwa** (kifuna obukuumi) oba **ekifuna wadde okufiirwa** (kifuna obukuumi) oba **ekifuna wadde okufiirwa** (kifuna obukuumi) oba **ekifuna wadde okufiirwa** (kifuna obukuumi) oba **ekifuna wadde okufiirwa** (kifuna obukuumi) oba **ekifuna wadde okufiirwa** (kifuna obukuumi) oba **ekifuna wadde okufiirwa** (kifuna obukuumi) oba **ekifuna wadde okufiirwa** (kifuna obukuumi) oba **ekifuna wadde okufiirwa** (kifuna obukuumi) oba **ekifuna wadde okufiirwa** (kifuna obukuumi) oba **ekifuna wadde okufiirwa** (kifuna obukuumi) oba **ekifuna wadde okufiirwa** (kifuna obukuumi) oba **ekifuna wadde okufiirwa** (kifuna obukuumi) oba **ekifuna wadde okufiirwa** (kifuna obukuumi) oba **ekifuna wadde okufiirwa** (kifuna obukuumi) oba **ekifuna wadde okufiirwa** (kifuna obukuumi) oba **ekifuna wadde okufiirwa** (kifuna obukuumi) oba **ekifuna wadde okufiirwa** (kifuna obukuumi) oba **ekifuna wadde okufiirwa** (kifuna obukuumi) oba **ekifuna wadde okufiirwa** (kifuna obukuumi) oba **ekifuna wadde okufiirwa** (kifuna obukuumi) oba **ekifuna wadde okufiirwa** (kifuna obukuumi) oba **ekifuna wadde okufiirwa** (kifuna obukuumi) oba **ekifuna wadde okufiirwa** (kifuna obukuumi) oba **ekifuna wadde okufiirwa** (kifuna obukuumi) oba **ekifuna wadde okufiirwa** (kifuna obukuumi) oba **ekifuna wadde okufiirwa** (kifuna obukuumi) oba **ekifuna wadde okufiirwa** (kifuna obukuumi) oba **ekifuna wadde okufiirwa** (kifuna obukuumi) oba **ekifuna wadde okufiirwa** (kifuna obukuumi) oba **ekifuna wadde okufiirwa** (kifuna obukuumi) oba **ekifuna wadde okufiirwa** (kifuna obukuumi) oba **ekifuna wadde okufiirwa** (kifuna obukuumi) oba **ekifuna wadde okufiirwa** (kifuna obukuumi) oba **ekifuna wadde okufiirwa** (kifuna obukuumi) oba **ekifuna wadde okufiirwa** (kifuna obukuumi) oba **ekifuna wadde okufiirwa** (kifuna obukuumi) oba **ekifuna wadde okufiirwa** (kifuna obukuumi) oba **ekifuna wadde okufiirwa** (kifuna obukuumi) oba **ekifuna wadde okufiirwa** (kifuna obukuumi) oba **ekifuna wadde okufiirwa** (kifuna obukuumi) oba **ekifuna wadde okufiirwa** (kifuna obukuumi) oba **ekifuna wadde okufiirwa** (kifuna obukuumi) oba **ekifuna wadde okufiirwa** (kifuna obukuumi) oba **ekifuna wadde okufiirwa** (kifuna obukuumi) oba **ekifuna wadde okufiirwa** (kifuna obukuumi) oba **ekifuna wadde okufiirwa** (kifuna obukuumi) oba **ekifuna wadde okufiirwa** (kifuna obukuumi) oba **ekifuna wadde okufiirwa** (kifuna obukuumi) oba **ekifuna wadde okufiirwa** (kifuna obukuumi) oba **ekifuna wadde okufiirwa** (kifuna obukuumi) oba **ekifuna wadde okufiirwa** (kifuna obukuumi) oba **ekifuna wadde okufiirwa** (kifuna obukuumi) oba **ekifuna wadde okufiirwa** (kifuna obukuumi) oba **ekifuna wadde okufiirwa** (kifuna obukuumi) oba **ekifuna wadde okufiirwa** (kifuna obukuumi) oba **ekifuna wadde okufiirwa** (kifuna obukuumi) oba **ekifuna wadde okufiirwa** (kifuna obukuumi) oba **ekifuna wadde okufiirwa** (kifuna obukuumi) oba **ekifuna wadde okufiirwa** (kifuna obukuumi) oba **ekifuna wadde okufiirwa** (kifuna obukuumi) oba **ekifuna wadde okufiirwa** (kifuna obukuumi) oba **ekifuna wadde okufiirwa** (kifuna obukuumi) oba **ekifuna wadde okufiirwa** (kifuna obukuumi) oba **ekifuna wadde okufiirwa** (kifuna obukuumi) oba **ekifuna wadde okufiirwa** (kifuna obukuumi) oba **ekifuna wadde okufiirwa** (kifuna obukuumi) oba **ekifuna wadde okufiirwa** (kifuna obukuumi) oba **ekifuna wadde okufiirwa** (kifuna obukuumi) oba **ekifuna wadde okufiirwa** (kifuna obukuumi) oba **ekifuna wadde okufiirwa** (kifuna obukuumi) oba **ekifuna wadde okufiirwa** (kifuna obukuumi) oba **ekifuna wadde okufiirwa** (kifuna obukuumi) oba **ekifuna wadde okufiirwa** (kifuna obukuumi) oba **ekifuna wadde okufiirwa** (kifuna obukuumi) oba **ekifuna wadde okufiirwa** (kifuna obukuumi) oba **ekifuna wadde okufiirwa** (kifuna obukuumi) oba **ekifuna wadde okufiirwa** (kifuna obukuumi) oba **ekifuna wadde okufiirwa** (kifuna obukuumi) oba **ekifuna wadde okufiirwa** (kifuna obukuumi) oba **ekifuna wadde okufiirwa** (kifuna obukuumi) oba **ekifuna wadde okufiirwa** (kifuna obukuumi) oba **ekifuna wadde okufiirwa** (kifuna obukuumi) oba **ekifuna wadde okufiirwa** (kifuna obukuumi) oba **ekifuna wadde okufiirwa** (kifuna obukuumi) oba **ekifuna wadde okufiirwa** (kifuna obukuumi) oba **ekifuna wadde okufiirwa** (kifuna obukuumi) oba **ekifuna wadde okufiirwa** (kifuna obukuumi) oba **ekifuna wadde okufiirwa** (kifuna obukuumi) oba **ekifuna wadde okufiirwa** (kifuna obukuumi) oba **ekifuna wadde okufiirwa** (kifuna obukuumi) oba **ekifuna wadde okufiirwa** (kifuna obukuumi) oba **ekifuna wadde okufiirwa** (kifuna obukuumi) oba **ekifuna wadde okufiirwa** (kifuna obukuumi) oba **ekifuna wadde okufiirwa** (kifuna obukuumi) oba **ekifuna wadde okufiirwa** (kifuna obukuumi) oba **ekifuna wadde okufiirwa** (kifuna obukuumi) oba **ekifuna wadde okufiirwa** (kifuna obukuumi) oba **ekifuna wadde okufiirwa** (kifuna obukuumi) oba **ekifuna wadde okufiirwa** (kifuna obukuumi) oba **ekifuna wadde okufiirwa** (kifuna obukuumi) oba **ekifuna wadde okufiirwa** (kifuna obukuumi) oba **ekifuna wadde okufiirwa** (kifuna obukuumi) oba **ekifuna wadde okufiirwa",True,251.94197630000417,10130,8192,0
D,"### Explanation of the Correct Answers:

#### **Question 1: Why is Option D Correct?**
The question asks which scenario best illustrates the literary technique of **""Okunnyonnyola ebimu ku bintu ebikulu ebikwata ku butonde""** (highlighting significant objects through dialogue).  
- **Option D** describes Soledad in a luggya (a traditional setting) saying, “Nneneenya” (a phrase that implies a deep emotional or cultural resonance). This dialogue directly ties the object (the luggya) to the character’s emotional state, emphasizing its symbolic importance.  
- The phrase “Nneneenya” likely reflects a cultural or familial memory, linking the object (the luggya) to the character’s identity or heritage. This aligns with the technique of using dialogue to elevate the significance of objects in the narrative.

#### **Question 2: Why is Option C Correct?**
The question focuses on analyzing the **narrative technique** used to explore characters’ motivations and the story’s structure.  
- **Option C** involves asking specific questions about the characters’ actions (e.g., “Which character would emphasize the importance of a ritual?”). This reflects **close reading** and **symbolic analysis**, where the author uses characters’ behaviors to convey deeper themes (e.g., tradition vs. modernity).  
- The narrative technique here is **interrogative reflection**, where the story’s structure invites readers to decode characters’ motivations through their interactions with objects or rituals. This is a hallmark of **magical realism** or **cultural allegory**, common in Ugandan literature.

#### **Question 3: Why is Option B Correct?**
The question examines the **use of technology** in the story.  
- **Option B** describes characters using a “bukodyo” (a traditional tool) to navigate a conflict, then transitioning to modern technology. This reflects **technological juxtaposition**, a technique where traditional and modern elements coexist to highlight societal tensions.  
- The narrative uses this contrast to critique how technology can both resolve and complicate human relationships, a common theme in postcolonial African literature.

#### **Question 4: Why is Option D Correct?**
The final question asks about the **central theme** of the story.  
- **Option D** refers to “Enkyukakyuka n’okukuuma amasoboza” (struggle between tradition and societal expectations). The story’s characters (e.g., Soledad, Pablo) grapple with balancing ancestral customs (e.g., rituals in the luggya) with modern pressures (e.g., urbanization).  
- This theme is reinforced through the narrative’s focus on **cultural identity** and **intergenerational conflict**, as seen in characters like María, who navigates between traditional roles and personal aspirations.

---

### Key Literary Techniques in the Text:
1. **Symbolism**: Objects like the luggya or “bukodyo” represent cultural heritage and conflict.  
2. **Dialogue as Symbolic Action**: Phrases like “Nneneenya” encode emotional or historical weight.  
3. **Intergenerational Conflict**: Characters like Pablo and María embody tensions between tradition and modernity.  
4. **Magical Realism**: Blending the mundane (e.g., daily rituals) with the symbolic (e.g., ancestral spirits).  

The story uses these techniques to explore **cultural identity**, **social change**, and **personal agency** in a Ugandan context. The correct answers reflect an understanding of how these elements are interwoven to convey the narrative’s themes.",True,32.97773579999921,3095,1354,837
A,"**D. Mu biseera by’okuzannya obwereere mu luggya, Soledad akuba ensigo mu ngalo ze nagamba: “Nneneenya”**

**Explanation:**  
Ekibuuzo ekituufu ekikwata ku **""Okunnyonnyola ebimu ku bintu ebikulu ebikwata ku butonde bwe banoonyereza""** (Observing large objects brought to the table for discussion). Ekigendererwa kino ekyokka **okusobola abayizi okutegeera n’okukiraga ku bintu ebikulu** (encouraging students to participate by interacting with large objects).  

- **Option D** ekyokka **abana obaana obaayizi okutegeera mu biseera by’okuzannya** (singing session) n’okuba **ensigo mu ngalo** (raising a hand) n’okugamba **“Nneneenya”** (I want to sing). Ekyo ekyokka **okusobola abayizi okutegeera mu kikola** (participate in the lesson) n’okukiraga ku **bintu ebikulu** (large object—here, the act of singing itself as a ""large"" participation).  

- **Options A, B, C** eza ekikwata ku **bintu ebikulu** (drum, stick, picture in a book), era te **ekikwata ku butonde bwe banoonyereza** (table for discussion). Ekyo te **ekikwata ku kikola ky’okutegeera n’okukiraga**, era **D** ekyokka **okusobola abayizi okutegeera mu kikola** (student participation) n’okukiraga ku **bintu ebikulu** (large participation in singing).  

**Kiki ekikyama:**  
Ekigendererwa kino ekyokka **okusobola abayizi okutegeera mu kikola** (student participation) n’okukiraga ku **bintu ebikulu** (large participation in singing). **D** ekyokka **okusobola abayizi okutegeera mu kikola** (student participation) n’okukiraga ku **bintu ebikulu** (large participation in singing).",True,27.324649699992733,2860,923,469
B,"**A. Obutaffaali bwa macrophages buleetera obutaffaali bwa T lymphocytes antigens.**

**Explanation:**  
Macrophages are antigen-presenting cells (APCs) that engulf pathogens and display their antigens on their surface via MHC molecules. This process activates T lymphocytes (specifically helper T cells), initiating the adaptive immune response. 

- **Option A** correctly describes this interaction.  
- **Option C** is incorrect because T cells do not directly bind to antigens on pathogens; they recognize antigens presented by APCs.  
- **Options B and D** describe valid immune processes (neutrophil phagocytosis and B cell antibody production) but are not the best answers for this specific question about antigen presentation.  

**Answer:** **A**",True,18.9444155000092,2344,516,410
D,"**Jawabu:**  
**C. Ssaayansi mu kugezesa ku kikolwa kya pepsin ku puloteni**  

**Etekereza:**  
Mu kugezesa kino, enkyusibwa ekyusibwa (independent variable) ekyinza okuba **obungi bwa pepsin** (kino kino kintu omuntu akyusa mu kugezesa). Enkyusibwa ekyusibwa (dependent variable) ekyinza okuba **obungi bwa puloteni ezigattiddwa oba ebbanga erimazeewo okugattika puloteni** (kino kino kintu ekipimwa mu kugezesa). Enkyusibwa eziteekeddwa okubeera nga tezikyuka (controlled variables) ebinokka **tempeeca, pH, n’obungi bwa puloteni** (bino bye bintu byonna ebiteekeddwa okubeera nga tebikyuka mu kugezesa).  

**Etekereza ku ngeri:**  
- **Pepsin** ekyeyambye okugattika **puloteni** (protein) mu kikolwa kya mazzi.  
- **Carbohydrates** (kabohayidureeti) ekyeyambye **amylase**, oba **lipids** (amazzi) ekyeyambye **lipase**.  
- Kino kino, **option C** ekyeyambye okukozesa **pepsin** n’**puloteni** mu kugezesa, oba **option D** (ekyeyambye carbohydrates) ekyeyambye obungi oba obungi oba obungi oba obungi oba obungi oba obungi oba obungi oba obungi oba obungi oba obungi oba obungi oba obungi oba obungi oba obungi oba obungi oba obungi oba obungi oba obungi oba obungi oba obungi oba obungi oba obungi oba obungi oba obungi oba obungi oba obungi oba obungi oba obungi oba obungi oba obungi oba obungi oba obungi oba obungi oba obungi oba obungi oba obungi oba obungi oba obungi oba obungi oba obungi oba obungi oba obungi oba obungi oba obungi oba obungi oba obungi oba obungi oba obungi oba obungi oba obungi oba obungi oba obungi oba obungi oba obungi oba obungi oba obungi oba obungi oba obungi oba obungi oba obungi oba obungi oba obungi oba obungi oba obungi oba obungi oba obungi oba obungi oba obungi oba obungi oba obungi oba obungi oba obungi oba obungi oba obungi oba obungi oba obungi oba obungi oba obungi oba obungi oba obungi oba obungi oba obungi oba obungi oba obungi oba obungi oba obungi oba obungi oba obungi oba obungi oba obungi oba obungi oba obungi oba obungi oba obungi oba obungi oba obungi oba obungi oba obungi oba obungi oba obungi oba obungi oba obungi oba obungi oba obungi oba obungi oba obungi oba obungi oba obungi oba obungi oba obungi oba obungi oba obungi oba obungi oba obungi oba obungi oba obungi oba obungi oba obungi oba obungi oba obungi oba obungi oba obungi oba obungi oba obungi oba obungi oba obungi oba obungi oba obungi oba obungi oba obungi oba obungi oba obungi oba obungi oba obungi oba obungi oba obungi oba obungi oba obungi oba obungi oba obungi oba obungi oba obungi oba obungi oba obungi oba obungi oba obungi oba obungi oba obungi oba obungi oba obungi oba obungi oba obungi oba obungi oba obungi oba obungi oba obungi oba obungi oba obungi oba obungi oba obungi oba obungi oba obungi oba obungi oba obungi oba obungi oba obungi oba obungi oba obungi oba obungi oba obungi oba obungi oba obungi oba obungi oba obungi oba obungi oba obungi oba obungi oba obungi oba obungi oba obungi oba obungi oba obungi oba obungi oba obungi oba obungi oba obungi oba obungi oba obungi oba obungi oba obungi oba obungi oba obungi oba obungi oba obungi oba obungi oba obungi oba obungi oba obungi oba obungi oba obungi oba obungi oba obungi oba obungi oba obungi oba obungi oba obungi oba obungi oba obungi oba obungi oba obungi oba obungi oba obungi oba obungi oba obungi oba obungi oba obungi oba obungi oba obungi oba obungi oba obungi oba obungi oba obungi oba obungi oba obungi oba obungi oba obungi oba obungi oba obungi oba obungi oba obungi oba obungi oba obungi oba obungi oba obungi oba obungi oba obungi oba obungi oba obungi oba obungi oba obungi oba obungi oba obungi oba obungi oba obungi oba obungi oba obungi oba obungi oba obungi oba obungi oba obungi oba obungi oba obungi oba obungi oba obungi oba obungi oba obungi oba obungi oba obungi oba obungi oba obungi oba obungi oba obungi oba obungi oba obungi oba obungi oba obungi oba obungi oba obungi oba obungi oba obungi oba obungi oba obungi oba obungi oba obungi oba obungi oba obungi oba obungi oba obungi oba obungi oba obungi oba obungi oba obungi oba obungi oba obungi oba obungi oba obungi oba obungi oba obungi oba obungi oba obungi oba obungi oba obungi oba obungi oba obungi oba obungi oba obungi oba obungi oba obungi oba obungi oba obungi oba obungi oba obungi oba obungi oba obungi oba obungi oba obungi oba obungi oba obungi oba obungi oba obungi oba obungi oba obungi oba obungi oba obungi oba obungi oba obungi oba obungi oba obungi oba obungi oba obungi oba obungi oba obungi oba obungi oba obungi oba obungi oba obungi oba obungi oba obungi oba obungi oba obungi oba obungi oba obungi oba obungi oba obungi oba obungi oba obungi oba obungi oba obungi oba obungi oba obungi oba obungi oba obungi oba obungi oba obungi oba obungi oba obungi oba obungi oba obungi oba obungi oba obungi oba obungi oba obungi oba obungi oba obungi oba obungi oba obungi oba obungi oba obungi oba obungi oba obungi oba obungi oba obungi oba obungi oba obungi oba obungi oba obungi oba obungi oba obungi oba obungi oba obungi oba obungi oba obungi oba obungi oba obungi oba obungi oba obungi oba obungi oba obungi oba obungi oba obungi oba obungi oba obungi oba obungi oba obungi oba obungi oba obungi oba obungi oba obungi oba obungi oba obungi oba obungi oba obungi oba obungi oba obungi oba obungi oba obungi oba obungi oba obungi oba obungi oba obungi oba obungi oba obungi oba obungi oba obungi oba obungi oba obungi oba obungi oba obungi oba obungi oba obungi oba obungi oba obungi oba obungi oba obungi oba obungi oba obungi oba obungi oba obungi oba obungi oba obungi oba obungi oba obungi oba obungi oba obungi oba obungi oba obungi oba obungi oba obungi oba obungi oba obungi oba obungi oba obungi oba obungi oba obungi oba obungi oba obungi oba obungi oba obungi oba obungi oba obungi oba obungi oba obungi oba obungi oba obungi oba obungi oba obungi oba obungi oba obungi oba obungi oba obungi oba obungi oba obungi oba obungi oba obungi oba obungi oba obungi oba obungi oba obungi oba obungi oba obungi oba obungi oba obungi oba obungi oba obungi oba obungi oba obungi oba obungi oba obungi oba obungi oba obungi oba obungi oba obungi oba obungi oba obungi oba obungi oba obungi oba obungi oba obungi oba obungi oba obungi oba obungi oba obungi oba obungi oba obungi oba obungi oba obungi oba obungi oba obungi oba obungi oba obungi oba obungi oba obungi oba obungi oba obungi oba obungi oba obungi oba obungi oba obungi oba obungi oba obungi oba obungi oba obungi oba obungi oba obungi oba obungi oba obungi oba obungi oba obungi oba obungi oba obungi oba obungi oba obungi oba obungi oba obungi oba obungi oba obungi oba obungi oba obungi oba obungi oba obungi oba obungi oba obungi oba obungi oba obungi oba obungi oba obungi oba obungi oba obungi oba obungi oba obungi oba obungi oba obungi oba obungi oba obungi oba obungi oba obungi oba obungi oba obungi oba obungi oba obungi oba obungi oba obungi oba obungi oba obungi oba obungi oba obungi oba obungi oba obungi oba obungi oba obungi oba obungi oba obungi oba obungi oba obungi oba obungi oba obungi oba obungi oba obungi oba obungi oba obungi oba obungi oba obungi oba obungi oba obungi oba obungi oba obungi oba obungi oba obungi oba obungi oba obungi oba obungi oba obungi oba obungi oba obungi oba obungi oba obungi oba obungi oba obungi oba obungi oba obungi oba obungi oba obungi oba obungi oba obungi oba obungi oba obungi oba obungi oba obungi oba obungi oba obungi oba obungi oba obungi oba obungi oba obungi oba obungi oba obungi oba obungi oba obungi oba obungi oba obungi oba obungi oba obungi oba obungi oba obungi oba obungi oba obungi oba obungi oba obungi oba obungi oba obungi oba obungi oba obungi oba obungi oba obungi oba obungi oba obungi oba obungi oba obungi oba obungi oba obungi oba obungi oba obungi oba obungi oba obungi oba obungi oba obungi oba obungi oba obungi oba obungi oba obungi oba obungi oba obungi oba obungi oba obungi oba obungi oba obungi oba obungi oba obungi oba obungi oba obungi oba obungi oba obungi oba obungi oba obungi oba obungi oba obungi oba obungi oba obungi oba obungi oba obungi oba obungi oba obungi oba obungi oba obungi oba obungi oba obungi oba obungi oba obungi oba obungi oba obungi oba obungi oba obungi oba obungi oba obungi oba obungi oba obungi oba obungi oba obungi oba obungi oba obungi oba obungi oba obungi oba obungi oba obungi oba obungi oba obungi oba obungi oba obungi oba obungi oba obungi oba obungi oba obungi oba obungi oba obungi oba obungi oba obungi oba obungi oba obungi oba obungi oba obungi oba obungi oba obungi oba obungi oba obungi oba obungi oba obungi oba obungi oba obungi oba obungi oba obungi oba obungi oba obungi oba obungi oba obungi oba obungi oba obungi oba obungi oba obungi oba obungi oba obungi oba obungi oba obungi oba obungi oba obungi oba obungi oba obungi oba obungi oba obungi oba obungi oba obungi oba obungi oba obungi oba obungi oba obungi oba obungi oba obungi oba obungi oba obungi oba obungi oba obungi oba obungi oba obungi oba obungi oba obungi oba obungi oba obungi oba obungi oba obungi oba obungi oba obungi oba obungi oba obungi oba obungi oba obungi oba obungi oba obungi oba obungi oba obungi oba obungi oba obungi oba obungi oba obungi oba obungi oba obungi oba obungi oba obungi oba obungi oba obungi oba obungi oba obungi oba obungi oba obungi oba obungi oba obungi oba obungi oba obungi oba obungi oba obungi oba obungi oba obungi oba obungi oba obungi oba obungi oba obungi oba obungi oba obungi oba obungi oba obungi oba obungi oba obungi oba obungi oba obungi oba obungi oba obungi oba obungi oba obungi oba obungi oba obungi oba obungi oba obungi oba obungi oba obungi oba obungi oba obungi oba obungi oba obungi oba obungi oba obungi oba obungi oba obungi oba obungi oba ob",True,149.11381779998192,6127,4000,537
B,"**Jawabu:**  
**B. Obuwuka bwa bacteria buzisa obulamu bw'ebiramu.**

**Tabyeyo:**  
Probiotiki (obuwuka obwa bacteria) buzisa obulamu bw'ebiramu mu bulamu obwa bantu kati ya mbinu gino:  
1. **Okukozesa obulamu bw'ebiramu:** Probiotiki bafuna obulamu bw'ebiramu mu bulamu obwa bantu, obw'ebiramu obw'ebiramu obw'ebiramu obw'ebiramu obw'ebiramu obw'ebiramu obw'ebiramu obw'ebiramu obw'ebiramu obw'ebiramu obw'ebiramu obw'ebiramu obw'ebiramu obw'ebiramu obw'ebiramu obw'ebiramu obw'ebiramu obw'ebiramu obw'ebiramu obw'ebiramu obw'ebiramu obw'ebiramu obw'ebiramu obw'ebiramu obw'ebiramu obw'ebiramu obw'ebiramu obw'ebiramu obw'ebiramu obw'ebiramu obw'ebiramu obw'ebiramu obw'ebiramu obw'ebiramu obw'ebiramu obw'ebiramu obw'ebiramu obw'ebiramu obw'ebiramu obw'ebiramu obw'ebiramu obw'ebiramu obw'ebiramu obw'ebiramu obw'ebiramu obw'ebiramu obw'ebiramu obw'ebiramu obw'ebiramu obw'ebiramu obw'ebiramu obw'ebiramu obw'ebiramu obw'ebiramu obw'ebiramu obw'ebiramu obw'ebiramu obw'ebiramu obw'ebiramu obw'ebiramu obw'ebiramu obw'ebiramu obw'ebiramu obw'ebiramu obw'ebiramu obw'ebiramu obw'ebiramu obw'ebiramu obw'ebiramu obw'ebiramu obw'ebiramu obw'ebiramu obw'ebiramu obw'ebiramu obw'ebiramu obw'ebiramu obw'ebiramu obw'ebiramu obw'ebiramu obw'ebiramu obw'ebiramu obw'ebiramu obw'ebiramu obw'ebiramu obw'ebiramu obw'ebiramu obw'ebiramu obw'ebiramu obw'ebiramu obw'ebiramu obw'ebiramu obw'ebiramu obw'ebiramu obw'ebiramu obw'ebiramu obw'ebiramu obw'ebiramu obw'ebiramu obw'ebiramu obw'ebiramu obw'ebiramu obw'ebiramu obw'ebiramu obw'ebiramu obw'ebiramu obw'ebiramu obw'ebiramu obw'ebiramu obw'ebiramu obw'ebiramu obw'ebiramu obw'ebiramu obw'ebiramu obw'ebiramu obw'ebiramu obw'ebiramu obw'ebiramu obw'ebiramu obw'ebiramu obw'ebiramu obw'ebiramu obw'ebiramu obw'ebiramu obw'ebiramu obw'ebiramu obw'ebiramu obw'ebiramu obw'ebiramu obw'ebiramu obw'ebiramu obw'ebiramu obw'ebiramu obw'ebiramu obw'ebiramu obw'ebiramu obw'ebiramu obw'ebiramu obw'ebiramu obw'ebiramu obw'ebiramu obw'ebiramu obw'ebiramu obw'ebiramu obw'ebiramu obw'ebiramu obw'ebiramu obw'ebiramu obw'ebiramu obw'ebiramu obw'ebiramu obw'ebiramu obw'ebiramu obw'ebiramu obw'ebiramu obw'ebiramu obw'ebiramu obw'ebiramu obw'ebiramu obw'ebiramu obw'ebiramu obw'ebiramu obw'ebiramu obw'ebiramu obw'ebiramu obw'ebiramu obw'ebiramu obw'ebiramu obw'ebiramu obw'ebiramu obw'ebiramu obw'ebiramu obw'ebiramu obw'ebiramu obw'ebiramu obw'ebiramu obw'ebiramu obw'ebiramu obw'ebiramu obw'ebiramu obw'ebiramu obw'ebiramu obw'ebiramu obw'ebiramu obw'ebiramu obw'ebiramu obw'ebiramu obw'ebiramu obw'ebiramu obw'ebiramu obw'ebiramu obw'ebiramu obw'ebiramu obw'ebiramu obw'ebiramu obw'ebiramu obw'ebiramu obw'ebiramu obw'ebiramu obw'ebiramu obw'ebiramu obw'ebiramu obw'ebiramu obw'ebiramu obw'ebiramu obw'ebiramu obw'ebiramu obw'ebiramu obw'ebiramu obw'ebiramu obw'ebiramu obw'ebiramu obw'ebiramu obw'ebiramu obw'ebiramu obw'ebiramu obw'ebiramu obw'ebiramu obw'ebiramu obw'ebiramu obw'ebiramu obw'ebiramu obw'ebiramu obw'ebiramu obw'ebiramu obw'ebiramu obw'ebiramu obw'ebiramu obw'ebiramu obw'ebiramu obw'ebiramu obw'ebiramu obw'ebiramu obw'ebiramu obw'ebiramu obw'ebiramu obw'ebiramu obw'ebiramu obw'ebiramu obw'ebiramu obw'ebiramu obw'ebiramu obw'ebiramu obw'ebiramu obw'ebiramu obw'ebiramu obw'ebiramu obw'ebiramu obw'ebiramu obw'ebiramu obw'ebiramu obw'ebiramu obw'ebiramu obw'ebiramu obw'ebiramu obw'ebiramu obw'ebiramu obw'ebiramu obw'ebiramu obw'ebiramu obw'ebiramu obw'ebiramu obw'ebiramu obw'ebiramu obw'ebiramu obw'ebiramu obw'ebiramu obw'ebiramu obw'ebiramu obw'ebiramu obw'ebiramu obw'ebiramu obw'ebiramu obw'ebiramu obw'ebiramu obw'ebiramu obw'ebiramu obw'ebiramu obw'ebiramu obw'ebiramu obw'ebiramu obw'ebiramu obw'ebiramu obw'ebiramu obw'ebiramu obw'ebiramu obw'ebiramu obw'ebiramu obw'ebiramu obw'ebiramu obw'ebiramu obw'ebiramu obw'ebiramu obw'ebiramu obw'ebiramu obw'ebiramu obw'ebiramu obw'ebiramu obw'ebiramu obw'ebiramu obw'ebiramu obw'ebiramu obw'ebiramu obw'ebiramu obw'ebiramu obw'ebiramu obw'ebiramu obw'ebiramu obw'ebiramu obw'ebiramu obw'ebiramu obw'ebiramu obw'ebiramu obw'ebiramu obw'ebiramu obw'ebiramu obw'ebiramu obw'ebiramu obw'ebiramu obw'ebiramu obw'ebiramu obw'ebiramu obw'ebiramu obw'ebiramu obw'ebiramu obw'ebiramu obw'ebiramu obw'ebiramu obw'ebiramu obw'ebiramu obw'ebiramu obw'ebiramu obw'ebiramu obw'ebiramu obw'ebiramu obw'ebiramu obw'ebiramu obw'ebiramu obw'ebiramu obw'ebiramu obw'ebiramu obw'ebiramu obw'ebiramu obw'ebiramu obw'ebiramu obw'ebiramu obw'ebiramu obw'ebiramu obw'ebiramu obw'ebiramu obw'ebiramu obw'ebiramu obw'ebiramu obw'ebiramu obw'ebiramu obw'ebiramu obw'ebiramu obw'ebiramu obw'ebiramu obw'ebiramu obw'ebiramu obw'ebiramu obw'ebiramu obw'ebiramu obw'ebiramu obw'ebiramu obw'ebiramu obw'ebiramu obw'ebiramu obw'ebiramu obw'ebiramu obw'ebiramu obw'ebiramu obw'ebiramu obw'ebiramu obw'ebiramu obw'ebiramu obw'ebiramu obw'ebiramu obw'ebiramu obw'ebiramu obw'ebiramu obw'ebiramu obw'ebiramu obw'ebiramu obw'ebiramu obw'ebiramu obw'ebiramu obw'ebiramu obw'ebiramu obw'ebiramu obw'ebiramu obw'ebiramu obw'ebiramu obw'ebiramu obw'ebiramu obw'ebiramu obw'ebiramu obw'ebiramu obw'ebiramu obw'ebiramu obw'ebiramu obw'ebiramu obw'ebiramu obw'ebiramu obw'ebiramu obw'ebiramu obw'ebiramu obw'ebiramu obw'ebiramu obw'ebiramu obw'ebiramu obw'ebiramu obw'ebiramu obw'ebiramu obw'ebiramu obw'ebiramu obw'ebiramu obw'ebiramu obw'ebiramu obw'ebiramu obw'ebiramu obw'ebiramu obw'ebiramu obw'ebiramu obw'ebiramu obw'ebiramu obw'ebiramu obw'ebiramu obw'ebiramu obw'ebiramu obw'ebiramu obw'ebiramu obw'ebiramu obw'ebiramu obw'ebiramu obw'ebiramu obw'ebiramu obw'ebiramu obw'ebiramu obw'ebiramu obw'ebiramu obw'ebiramu obw'ebiramu obw'ebiramu obw'ebiramu obw'ebiramu obw'ebiramu obw'ebiramu obw'ebiramu obw'ebiramu obw'ebiramu obw'ebiramu obw'ebiramu obw'ebiramu obw'ebiramu obw'ebiramu obw'ebiramu obw'ebiramu obw'ebiramu obw'ebiramu obw'ebiramu obw'ebiramu obw'ebiramu obw'ebiramu obw'ebiramu obw'ebiramu obw'ebiramu obw'ebiramu obw'ebiramu obw'ebiramu obw'ebiramu obw'ebiramu obw'ebiramu obw'ebiramu obw'ebiramu obw'ebiramu obw'ebiramu obw'ebiramu obw'ebiramu obw'ebiramu obw'ebiramu obw'ebiramu obw'ebiramu obw'ebiramu obw'ebiramu obw'ebiramu obw'ebiramu obw'ebiramu obw'ebiramu obw'ebiramu obw'ebiramu obw'ebiramu obw'ebiramu obw'ebiramu obw'ebiramu obw'ebiramu obw'ebiramu obw'ebiramu obw'ebiramu obw'ebiramu obw'ebiramu obw'ebiramu obw'ebiramu obw'ebiramu obw'ebiramu obw'ebiramu obw'ebiramu obw'ebiramu obw'ebiramu obw'ebiramu obw'ebiramu obw'ebiramu obw'ebiramu obw'ebiramu obw'ebiramu obw'ebiramu obw'ebiramu obw'ebiramu obw'ebiramu obw'ebiramu obw'ebiramu obw'ebiramu obw'ebiramu obw'ebiramu obw'ebiramu obw'ebiramu obw'ebiramu obw'ebiramu obw'ebiramu obw'ebiramu obw'ebiramu obw'ebiramu obw'ebiramu obw'ebiramu obw'ebiramu obw'ebiramu obw'ebiramu obw'ebiramu obw'ebiramu obw'ebiramu obw'ebiramu obw'ebiramu obw'ebiramu obw'ebiramu obw'ebiramu obw'ebiramu obw'ebiramu obw'ebiramu obw'ebiramu obw'ebiramu obw'ebiramu obw'ebiramu obw'ebiramu obw'ebiramu obw'ebiramu obw'ebiramu obw'ebiramu obw'ebiramu obw'ebiramu obw'ebiramu obw'ebiramu obw'ebiramu obw'ebiramu obw'ebiramu obw'ebiramu obw'ebiramu obw'ebiramu obw'ebiramu obw'ebiramu obw'ebiramu obw'ebiramu obw'ebiramu obw'ebiramu obw'ebiramu obw'ebiramu obw'ebiramu obw'ebiramu obw'ebiramu obw'ebiramu obw'ebiramu obw'ebiramu obw'ebiramu obw'ebiramu obw'ebiramu obw'eb",True,72.9140827000083,5801,4000,481
D,"**Ekibuuzo ekituufu:**  
*""Omusomesa ayagala abayizi be okuwa endowooza ennyonnyofu ku nkola ezimu ez’okumanya ku butaffaali bw’ebiramu. Ku bikolwa bino wammanga, kiki omusomesa kyakozesa okutuukiriza ekigendererwa kye?""*

---

**Ekyanulo kyokka:**

**B. Okukola pposita ku tekiniki ezikozesebwa okukola ebiramu ebyakyusibwa ensengeka y’obutonde bwabyo.**

---

**Ekkwata kya kikolwa:**

Ku kiseera ky’okunoonyereza, omusomesa ayagala abayizi okusinziira ku **nkola ezimu ez’okumanya ku butaffaali** (stem cells). Kino enkola eza ekyusibwa **ensengeka y’obutonde** (tissue-specific) oba **ensengeka y’okusinziira ku bintu bino**. 

Ku **bikolwa B**, abayizi **banyonnyola tekiniki ezikozesebwa okukola ebiramu** (stem cells) ebyakyusibwa **ensengeka y’obutonde** (tissue-specific). Kino eza **ekigendererwa ky’okunoonyereza** okusinziira ku **okusinziira ku tekiniki ezikozesebwa okukola ebiramu** (differentiation of stem cells into specific tissues), oba **okusinziira ku nkola ezimu** (multipotent stem cells). 

Kino **ekikozesebwa mu kiseera ky’okunoonyereza** okusinziira ku **okusinziira ku tekiniki ezikozesebwa okukola obutonde obw’ekyusibwa**. 

---

**Kikolwa kyokka: B** ✅

---

**Ekkwata kya kikolwa:**

- **A.** Kino kyaagala ku **nkola z’okukoppa ebintu ebiramu** (tissue engineering), oba kino kyaagala ku **okusinziira ku tekiniki ezikozesebwa okukola ebiramu**, oba kino kyaagala ku **nkola z’okukoppa obutonde** (tissue regeneration), oba kino kyaagala ku **okusinziira ku tekiniki ezikozesebwa okukola obutonde obw’ekyusibwa**. Kino **ekikozesebwa mu kiseera ky’okunoonyereza** oba **okusinziira ku tekiniki ezikozesebwa okukola obutonde obw’ekyusibwa**. Kino **ekikozesebwa mu kiseera ky’okunoonyereza** oba **okusinziira ku tekiniki ezikozesebwa okukola obutonde obw’ekyusibwa**. Kino **ekikozesebwa mu kiseera ky’okunoonyereza** oba **okusinziira ku tekiniki ezikozesebwa okukola obutonde obw’ekyusibwa**. Kino **ekikozesebwa mu kiseera ky’okunoonyereza** oba **okusinziira ku tekiniki ezikozesebwa okukola obutonde obw’ekyusibwa**. Kino **ekikozesebwa mu kiseera ky’okunoonyereza** oba **okusinziira ku tekiniki ezikozesebwa okukola obutonde obw’ekyusibwa**. Kino **ekikozesebwa mu kiseera ky’okunoonyereza** oba **okusinziira ku tekiniki ezikozesebwa okukola obutonde obw’ekyusibwa**. Kino **ekikozesebwa mu kiseera ky’okunoonyereza** oba **okusinziira ku tekiniki ezikozesebwa okukola obutonde obw’ekyusibwa**. Kino **ekikozesebwa mu kiseera ky’okunoonyereza** oba **okusinziira ku tekiniki ezikozesebwa okukola obutonde obw’ekyusibwa**. Kino **ekikozesebwa mu kiseera ky’okunoonyereza** oba **okusinziira ku tekiniki ezikozesebwa okukola obutonde obw’ekyusibwa**. Kino **ekikozesebwa mu kiseera ky’okunoonyereza** oba **okusinziira ku tekiniki ezikozesebwa okukola obutonde obw’ekyusibwa**. Kino **ekikozesebwa mu kiseera ky’okunoonyereza** oba **okusinziira ku tekiniki ezikozesebwa okukola obutonde obw’ekyusibwa**. Kino **ekikozesebwa mu kiseera ky’okunoonyereza** oba **okusinziira ku tekiniki ezikozesebwa okukola obutonde obw’ekyusibwa**. Kino **ekikozesebwa mu kiseera ky’okunoonyereza** oba **okusinziira ku tekiniki ezikozesebwa okukola obutonde obw’ekyusibwa**. Kino **ekikozesebwa mu kiseera ky’okunoonyereza** oba **okusinziira ku tekiniki ezikozesebwa okukola obutonde obw’ekyusibwa**. Kino **ekikozesebwa mu kiseera ky’okunoonyereza** oba **okusinziira ku tekiniki ezikozesebwa okukola obutonde obw’ekyusibwa**. Kino **ekikozesebwa mu kiseera ky’okunoonyereza** oba **okusinziira ku tekiniki ezikozesebwa okukola obutonde obw’ekyusibwa**. Kino **ekikozesebwa mu kiseera ky’okunoonyereza** oba **okusinziira ku tekiniki ezikozesebwa okukola obutonde obw’ekyusibwa**. Kino **ekikozesebwa mu kiseera ky’okunoonyereza** oba **okusinziira ku tekiniki ezikozesebwa okukola obutonde obw’ekyusibwa**. Kino **ekikozesebwa mu kiseera ky’okunoonyereza** oba **okusinziira ku tekiniki ezikozesebwa okukola obutonde obw’ekyusibwa**. Kino **ekikozesebwa mu kiseera ky’okunoonyereza** oba **okusinziira ku tekiniki ezikozesebwa okukola obutonde obw’ekyusibwa**. Kino **ekikozesebwa mu kiseera ky’okunoonyereza** oba **okusinziira ku tekiniki ezikozesebwa okukola obutonde obw’ekyusibwa**. Kino **ekikozesebwa mu kiseera ky’okunoonyereza** oba **okusinziira ku tekiniki ezikozesebwa okukola obutonde obw’ekyusibwa**. Kino **ekikozesebwa mu kiseera ky’okunoonyereza** oba **okusinziira ku tekiniki ezikozesebwa okukola obutonde obw’ekyusibwa**. Kino **ekikozesebwa mu kiseera ky’okunoonyereza** oba **okusinziira ku tekiniki ezikozesebwa okukola obutonde obw’ekyusibwa**. Kino **ekikozesebwa mu kiseera ky’okunoonyereza** oba **okusinziira ku tekiniki ezikozesebwa okukola obutonde obw’ekyusibwa**. Kino **ekikozesebwa mu kiseera ky’okunoonyereza** oba **okusinziira ku tekiniki ezikozesebwa okukola obutonde obw’ekyusibwa**. Kino **ekikozesebwa mu kiseera ky’okunoonyereza** oba **okusinziira ku tekiniki ezikozesebwa okukola obutonde obw’ekyusibwa**. Kino **ekikozesebwa mu kiseera ky’okunoonyereza** oba **okusinziira ku tekiniki ezikozesebwa okukola obutonde obw’ekyusibwa**. Kino **ekikozesebwa mu kiseera ky’okunoonyereza** oba **okusinziira ku tekiniki ezikozesebwa okukola obutonde obw’ekyusibwa**. Kino **ekikozesebwa mu kiseera ky’okunoonyereza** oba **okusinziira ku tekiniki ezikozesebwa okukola obutonde obw’ekyusibwa**. Kino **ekikozesebwa mu kiseera ky’okunoonyereza** oba **okusinziira ku tekiniki ezikozesebwa okukola obutonde obw’ekyusibwa**. Kino **ekikozesebwa mu kiseera ky’okunoonyereza** oba **okusinziira ku tekiniki ezikozesebwa okukola obutonde obw’ekyusibwa**. Kino **ekikozesebwa mu kiseera ky’okunoonyereza** oba **okusinziira ku tekiniki ezikozesebwa okukola obutonde obw’ekyusibwa**. Kino **ekikozesebwa mu kiseera ky’okunoonyereza** oba **okusinziira ku tekiniki ezikozesebwa okukola obutonde obw’ekyusibwa**. Kino **ekikozesebwa mu kiseera ky’okunoonyereza** oba **okusinziira ku tekiniki ezikozesebwa okukola obutonde obw’ekyusibwa**. Kino **ekikozesebwa mu kiseera ky’okunoonyereza** oba **okusinziira ku tekiniki ezikozesebwa okukola obutonde obw’ekyusibwa**. Kino **ekikozesebwa mu kiseera ky’okunoonyereza** oba **okusinziira ku tekiniki ezikozesebwa okukola obutonde obw’ekyusibwa**. Kino **ekikozesebwa mu kiseera ky’okunoonyereza** oba **okusinziira ku tekiniki ezikozesebwa okukola obutonde obw’ekyusibwa**. Kino **ekikozesebwa mu kiseera ky’okunoonyereza** oba **okusinziira ku tekiniki ezikozesebwa okukola obutonde obw’ekyusibwa**. Kino **ekikozesebwa mu kiseera ky’okunoonyereza** oba **okusinziira ku tekiniki ezikozesebwa okukola obutonde obw’ekyusibwa**. Kino **ekikozesebwa mu kiseera ky’okunoonyereza** oba **okusinziira ku tekiniki ezikozesebwa okukola obutonde obw’ekyusibwa**. Kino **ekikozesebwa mu kiseera ky’okunoonyereza** oba **okusinziira ku tekiniki ezikozesebwa okukola obutonde obw’ekyusibwa**. Kino **ekikozesebwa mu kiseera ky’okunoonyereza** oba **okusinziira ku tekiniki ezikozesebwa okukola obutonde obw’ekyusibwa**. Kino **ekikozesebwa mu kiseera ky’okunoonyereza** oba **okusinziira ku tekiniki ezikozesebwa okukola obutonde obw’ekyusibwa**. Kino **ekikozesebwa mu kiseera ky’okunoonyereza** oba **okusinziira ku tekiniki ezikozesebwa okukola obutonde obw’ekyusibwa**. Kino **ekikozesebwa mu kiseera ky’okunoonyereza** oba **okusinziira ku tekiniki ezikozesebwa okukola obutonde obw’ekyusibwa**. Kino **ekikozesebwa mu kiseera ky’okunoonyereza** oba **okusinziira ku tekiniki ezikozesebwa okukola obutonde obw’ekyusibwa**. Kino **ekikozesebwa mu kiseera ky’okunoonyereza** oba **okusinziira ku tekiniki ezikozesebwa okukola obutonde obw’ekyusibwa**. Kino **ekikozesebwa mu kiseera ky’okunoonyereza** oba **okusinziira ku tekiniki ezikozesebwa okukola obutonde obw’ekyusibwa**. Kino **ekikozesebwa mu kiseera ky’okunoonyereza** oba **okusinziira ku tekiniki ezikozesebwa okukola obutonde obw’ekyusibwa**. Kino **ekikozesebwa mu kiseera ky’okunoonyereza** oba **okusinziira ku tekiniki ezikozesebwa okukola obutonde obw’ekyusibwa**. Kino **ekikozesebwa mu kiseera ky’okunoonyereza** oba **okusinziira ku tekiniki ezikozesebwa okukola obutonde obw’ekyusibwa**. Kino **ekikozesebwa mu kiseera ky’okunoonyereza** oba **okusinziira ku tekiniki ezikozesebwa okukola obutonde obw’ekyusibwa**. Kino **ekikozesebwa mu kiseera ky’okunoonyereza** oba **okusinziira ku tekiniki ezikozesebwa okukola obutonde obw’ekyusibwa**. Kino **ekikozesebwa mu kiseera ky’okunoonyereza** oba **okusinziira ku tekiniki ezikozesebwa okukola obutonde obw’ekyusibwa**. Kino **ekikozesebwa mu kiseera ky’okunoonyereza** oba **okusinziira ku tekiniki ezikozesebwa okukola obutonde obw’ekyusibwa**. Kino **ekikozesebwa mu kiseera ky’okunoonyereza** oba **okusinziira ku tekiniki ezikozesebwa okukola obutonde obw’ekyusibwa**. Kino **ekikozesebwa mu kiseera ky’okunoonyereza** oba **okusinziira ku tekiniki ezikozesebwa okukola obutonde obw’ekyusibwa**. Kino **ekikozesebwa mu kiseera ky’okunoonyereza** oba **okusinziira ku tekiniki ezikozesebwa okukola obutonde obw’ekyusibwa**. Kino **ekikozesebwa mu kiseera ky’okunoonyereza** oba **okusinziira ku tekiniki ezikozesebwa okukola obutonde obw’ekyusibwa**. Kino **ekikozesebwa mu kiseera ky’okunoonyereza** oba **okusinziira ku tekiniki ezikozesebwa okukola obutonde obw’ekyusibwa**. Kino **ekikozesebwa mu kiseera ky’okunoonyereza** oba **okusinziira ku tekiniki ezikozesebwa okukola obutonde obw’ekyusibwa**. Kino **ekikozesebwa mu kiseera ky’okunoonyereza** oba **okusinziira ku tekiniki ezikozesebwa okukola obutonde obw’ekyusibwa**. Kino **ekikozesebwa mu kiseera ky’okunoonyereza** oba **okusinziira ku tekiniki ezikozesebwa okukola obutonde obw’ekyusibwa**. Kino **ekikozesebwa mu kiseera ky’okunoonyereza** oba **okusinziira ku tekiniki ezikozesebwa okukola obutonde obw’ekyusibwa**. Kino **ekikozesebwa mu kiseera ky’okunoonyereza** oba **okusinziira ku tekiniki ezikozesebwa okukola obutonde obw’ekyusibwa**. Kino **ekikozesebwa mu kiseera ky’okunoonyereza** oba **okusinziira ku tekiniki ezikozesebwa okukola obutonde obw’ekyusibwa**. Kino **ekikozesebwa mu kiseera ky’okunoonyereza** oba **okusinziira ku tekiniki ezikozesebwa okukola obutonde obw’ekyusibwa**. Kino **ekikozesebwa mu kiseera ky’okunoonyereza** oba **okusinziira ku tekiniki ezikozesebwa okukola obutonde obw’ekyusibwa**. Kino **ekikozesebwa mu kiseera ky’okunoonyereza** oba **okusinziira ku tekiniki ezikozesebwa okukola obutonde obw’ekyusibwa**. Kino **ekikozesebwa mu kiseera ky’okunoonyereza** oba **okusinziira ku tekiniki ezikozesebwa okukola obutonde obw’ekyusibwa**. Kino **ekikozesebwa mu kiseera ky’okunoonyereza** oba **okusinziira ku tekiniki ezikozesebwa okukola obutonde obw’ekyusibwa**. Kino **ekikozesebwa mu kiseera ky’okunoonyereza** oba **okusinziira ku tekiniki ezikozesebwa okukola obutonde obw’ekyusibwa**. Kino **ekikozesebwa mu kiseera ky’okunoonyereza** oba **okusinziira ku tekiniki ezikozesebwa okukola obutonde obw’ekyusibwa**. Kino **ekikozesebwa mu kiseera ky’okunoonyereza** oba **okusinziira ku tekiniki ezikozesebwa okukola obutonde obw’ekyusibwa**. Kino **ekikozesebwa mu kiseera ky’okunoonyereza** oba **okusinziira ku tekiniki ezikozesebwa okukola obutonde obw’ekyusibwa**. Kino **ekikozesebwa mu kiseera ky’okunoonyereza** oba **okusinziira ku tekiniki ezikozesebwa okukola obutonde obw’ekyusibwa**. Kino **ekikozesebwa mu kiseera ky’okunoonyereza** oba **okusinziira ku tekiniki ezikozesebwa okukola obutonde obw’ekyusibwa**. Kino **ekikozesebwa mu kiseera ky’okunoonyereza** oba **okusinziira ku tekiniki ezikozesebwa okukola obutonde obw’ekyusibwa**. Kino **ekikozesebwa mu kiseera ky’okunoonyereza** oba **okusinziira ku tekiniki ezikozesebwa okukola obutonde obw’ekyusibwa**. Kino **ekikozesebwa mu kiseera ky’okunoonyereza** oba **okusinziira ku tekiniki ezikozesebwa okukola obutonde obw’ekyusibwa**. Kino **ekikozesebwa mu kiseera ky’okunoonyereza** oba **okusinziira ku tekiniki ezikozesebwa okukola obutonde obw’ekyusibwa**. Kino **ekikozesebwa mu kiseera ky’okunoonyereza** oba **okusinziira ku tekiniki ezikozesebwa okukola obutonde obw’ekyusibwa**. Kino **ekikozesebwa mu kiseera ky’okunoonyereza** oba **okusinziira ku tekiniki ezikozesebwa okukola obutonde obw’ekyusibwa**. Kino **ekikozesebwa mu kiseera ky’okunoonyereza** oba **okusinziira ku tekiniki ezikozesebwa okukola obutonde obw’ekyusibwa**. Kino **ekikozesebwa mu kiseera ky’okunoonyereza** oba **okusinziira ku tekiniki ezikozesebwa okukola obutonde obw’ekyusibwa**. Kino **ekikozesebwa mu kiseera ky’okunoonyereza** oba **okusinziira ku tekiniki ezikozesebwa okukola obutonde obw’ekyusibwa**. Kino **ekikozesebwa mu kiseera ky’okunoonyereza** oba **okusinziira ku tekiniki ezikozesebwa okukola obutonde obw’ekyusibwa**. Kino **ekikozesebwa mu kiseera ky’okunoonyereza** oba **okusinziira ku tekiniki ezikozesebwa okukola obutonde obw’ekyusibwa**. Kino **ekikozesebwa mu kiseera ky’okunoonyereza** oba **okusinziira ku tekiniki ezikozesebwa okukola obutonde obw’ekyusibwa**. Kino **ekikozesebwa mu kiseera ky’okunoonyereza** oba **okusinziira ku tekiniki ezikozesebwa okukola obutonde obw’ekyusibwa**. Kino **ekikozesebwa mu kiseera ky’okunoonyereza** oba **okusinziira ku tekiniki ezikozesebwa okukola obutonde obw’ekyusibwa**. Kino **ekikozesebwa mu kiseera ky’okunoonyereza** oba **okusinziira ku tekiniki ezikozesebwa okukola obutonde obw’ekyusibwa**. Kino **ekikozesebwa mu kiseera ky’okunoonyereza** oba **okusinziira ku tekiniki ezikozesebwa okukola obutonde obw’ekyusibwa**. Kino **ekikozesebwa mu kiseera ky’okunoonyereza** oba **okusinziira ku tekiniki ezikozesebwa okukola obutonde obw’ekyusibwa**. Kino **ekikozesebwa mu kiseera ky’okunoonyereza** oba **okusinziira ku tekiniki ezikozesebwa okukola obutonde obw’ekyusibwa**. Kino **ekikozesebwa mu kiseera ky’okunoonyereza** oba **okusinziira ku tekiniki ezikozesebwa okukola obutonde obw’ekyusibwa**. Kino **ekikozesebwa mu kiseera ky’okunoonyereza** oba **okusinziira ku tekiniki ezikozesebwa okukola obutonde obw’ekyusibwa**. Kino **ekikozesebwa mu kiseera ky’okunoonyereza** oba **okusinziira ku tekiniki ezikozesebwa okukola obutonde obw’ekyusibwa**. Kino **ekikozesebwa mu kiseera ky’okunoonyereza** oba **okusinziira ku tekiniki ezikozesebwa okukola obutonde obw’ekyusibwa**. Kino **ekikozesebwa mu kiseera ky’okunoonyereza** oba **okusinziira ku tekiniki ezikozesebwa okukola obutonde obw’ekyusibwa**. Kino **ekikozesebwa mu kiseera ky’okunoonyereza** oba **okusinziira ku tekiniki ezikozesebwa okukola obutonde obw’ekyusibwa**. Kino **ekikozesebwa mu kiseera ky’okunoonyereza** oba **okusinziira ku tekiniki ezikozesebwa okukola obutonde obw’ekyusibwa**. Kino **ekikozesebwa mu kiseera ky’okunoonyereza** oba **okusinziira ku tekiniki ezikozesebwa okukola obutonde obw’ekyusibwa**. Kino **ekikozesebwa mu kiseera ky’okunoonyereza** oba **okusinziira ku tekiniki ezikozesebwa okukola obutonde obw’ekyusibwa**. Kino **ekikozesebwa mu kiseera ky’okunoonyereza** oba **okusinziira ku tekiniki ezikozesebwa okukola obutonde obw’ekyusibwa**. Kino **ekikozesebwa mu kiseera ky’okunoonyereza** oba **okusinziira ku tekiniki ezikozesebwa okukola obutonde obw’ekyusibwa**. Kino **ekikozesebwa mu kiseera ky’okunoonyereza** oba **okusinziira ku tekiniki ezikozesebwa okukola obutonde obw’ekyusibwa**. Kino **ekikozesebwa mu kiseera ky’okunoonyereza** oba **okusinziira ku tekiniki ezikozesebwa okukola obutonde obw’ekyusibwa**. Kino **ekikozesebwa mu kiseera ky’okunoonyereza** oba **okusinziira ku tekiniki ezikozesebwa okukola obutonde obw’ekyusibwa**. Kino **ekikozesebwa mu kiseera ky’okunoonyereza** oba **okusinziira ku tekiniki ezikozesebwa okukola obutonde obw’ekyusibwa**. Kino **ekikozesebwa mu kiseera ky’okunoonyereza** oba **okusinziira ku tekiniki ezikozesebwa okukola obutonde obw’ekyusibwa**. Kino **ekikozesebwa mu kiseera ky’okunoonyereza** oba **okusinziira ku tekiniki ezikozesebwa okukola obutonde obw’ekyusibwa**. Kino **ekikozesebwa mu kiseera ky’okunoonyereza** oba **okusinziira ku tekiniki ezikozesebwa okukola obutonde obw’ekyusibwa**. Kino **ekikozesebwa mu kiseera ky’okunoonyereza** oba **okusinziira ku tekiniki ezikozesebwa okukola obutonde obw’ekyusibwa**. Kino **ekikozesebwa mu kiseera ky’okunoonyereza** oba **okusinziira ku tekiniki ezikozesebwa okukola obutonde obw’ekyusibwa**. Kino **ekikozesebwa mu kiseera ky’okunoonyereza** oba **okusinziira ku tekiniki ezikozesebwa okukola obutonde obw’ekyusibwa**. Kino **ekikozesebwa mu kiseera ky’okunoonyereza** oba **okusinziira ku tekiniki ezikozesebwa okukola obutonde obw’ekyusibwa**. Kino **ekikozesebwa mu kiseera ky’okunoonyereza** oba **okusinziira ku tekiniki ezikozesebwa okukola obutonde obw’ekyusibwa**. Kino **ekikozesebwa mu kiseera ky’okunoonyereza** oba **okusinziira ku tekiniki ezikozesebwa okukola obutonde obw’ekyusibwa**. Kino **ekikozesebwa mu kiseera ky’okunoonyereza** oba **okusinziira ku tekiniki ezikozesebwa okukola obutonde obw’ekyusibwa**. Kino **ekikozesebwa mu kiseera ky’okunoonyereza** oba **okusinziira ku tekiniki ezikozesebwa okukola obutonde obw’ekyusibwa**. Kino **ekikozesebwa mu kiseera ky’okunoonyereza** oba **okusinziira ku tekiniki ezikozesebwa okukola obutonde obw’ekyusibwa**. Kino **ekikozesebwa mu kiseera ky’okunoonyereza** oba **okusinziira ku tekiniki ezikozesebwa okukola obutonde obw’ekyusibwa**. Kino **ekikozesebwa mu kiseera ky’okunoonyereza** oba **okusinziira ku tekiniki ezikozesebwa okukola obutonde obw’ekyusibwa**. Kino **ekikozesebwa mu kiseera ky’okunoonyereza** oba **okusinziira ku tekiniki ezikozesebwa okukola obutonde obw’ekyusibwa**. Kino **ekikozesebwa mu kiseera ky’okunoonyereza** oba **okusinziira ku tekiniki ezikozesebwa okukola obutonde obw’ekyusibwa**. Kino **ekikozesebwa mu kiseera ky’okunoonyereza** oba **okusinziira ku tekiniki ezikozesebwa okukola obutonde obw’ekyusibwa**. Kino **ekikozesebwa mu kiseera ky’okunoonyereza** oba **okusinziira ku tekiniki ezikozesebwa okukola obutonde obw’ekyusibwa**. Kino **ekikozesebwa mu kiseera ky’okunoonyereza** oba **okusinziira ku tekiniki ezikozesebwa okukola obutonde obw’ekyusibwa**. Kino **ekikozesebwa mu kiseera ky’okunoonyereza** oba **okusinziira ku tekiniki ezikozesebwa okukola obutonde obw’ekyusibwa**. Kino **ekikozesebwa mu kiseera ky’okunoonyereza** oba **okusinziira ku tekiniki ezikozesebwa okukola obutonde obw’ekyusibwa**. Kino **ekikozesebwa mu kiseera ky’okunoonyereza** oba **okusinziira ku tekiniki ezikozesebwa okukola obutonde obw’ekyusibwa**. Kino **ekikozesebwa mu kiseera ky’okunoonyereza** oba **okusinziira ku tekiniki ezikozesebwa okukola obutonde obw’ekyusibwa**. Kino **ekikozesebwa mu kiseera ky’okunoonyereza** oba **okusinziira ku tekiniki ezikozesebwa okukola obutonde obw’ekyusibwa**. Kino **ekikozesebwa mu kiseera ky’okunoonyereza** oba **okusinziira ku tekiniki ezikozesebwa okukola obutonde obw’ekyusibwa**. Kino **ekikozesebwa mu kiseera ky’okunoonyereza** oba **okusinziira ku tekiniki ezikozesebwa okukola obutonde obw’ekyusibwa**. Kino **ekikozesebwa mu kiseera ky’okunoonyereza** oba **okusinziira ku tekiniki ezikozesebwa okukola obutonde obw’ekyusibwa**. Kino **ekikozesebwa mu kiseera ky’okunoonyereza** oba **okusinziira ku tekiniki ezikozesebwa okukola obutonde obw’ekyusibwa**. Kino **ekikozesebwa mu kiseera ky’okunoonyereza** oba **okusinziira ku tekiniki ezikozesebwa okukola obutonde obw’ekyusibwa**. Kino **ekikozesebwa mu kiseera ky’okunoonyereza**",True,250.01768829999492,10022,8192,0
A,,True,103.00270909999381,5893,4000,3941
C,"**Answer:** D. Balaga enkolagana wakati w’obubeezi n’omuwendo gw’ebizimbe by’obutaffaali n’emirimu gy’obutaffaali.

**Explanation:**  
The question asks which option correctly identifies the literary technique used when characters interact with objects symbolically in the narrative. The correct answer is **D** because it refers to the use of **rituals and ceremonies** (symbolic interactions) to convey deeper meanings. In literature, objects often represent abstract ideas (e.g., Santiago’s journey in *The Alchemist* symbolizes self-discovery). The other options focus on formal language use (A, B) or traditions (C), which are less specific to the symbolic interaction with objects in rituals. The narrative’s emphasis on symbolic actions (e.g., ""Okunnyonnyola ebimu ku bintu ebikulu"") aligns with **D**, as rituals and ceremonies inherently involve symbolic gestures and objects to express themes like transformation, identity, or cultural values.",True,12.029838400019798,2489,627,531
B,"**Omutunda:** B. Noonyereza ku ngeri omulamwa gwa plate tectonics gye gwazimbibwa.

**Ekkwata:**  
Mu kiseera ky’okunoonyereza okusobola okutuukiriza ekigendererwa ky’ekibiina, omusomesa ayagala okutegeera nti ekibiina ekikozesebwa ku ngeri ez’okwawula ebintu ebiri mu mugatte. Mu kiseera kino, ""plate tectonics"" (omulamwa gwa plate tectonics) ekikozesebwa ku ngeri ey’okwawula ekikuta ky’ebipande by’ensi, obuwewufu, n’ebirala. Kino ekikozesebwa ku ngeri ey’okwawula obwongo n’omulimu gwabwo, oba oba ekikozesebwa ku ngeri ey’okwawula obwongo n’omulimu gwabwo, oba oba ekikozesebwa ku ngeri ey’okwawula obwongo n’omulimu gwabwo, oba oba ekikozesebwa ku ngeri ey’okwawula obwongo n’omulimu gwabwo, oba oba ekikozesebwa ku ngeri ey’okwawula obwongo n’omulimu gwabwo, oba oba ekikozesebwa ku ngeri ey’okwawula obwongo n’omulimu gwabwo, oba oba ekikozesebwa ku ngeri ey’okwawula obwongo n’omulimu gwabwo, oba oba ekikozesebwa ku ngeri ey’okwawula obwongo n’omulimu gwabwo, oba oba ekikozesebwa ku ngeri ey’okwawula obwongo n’omulimu gwabwo, oba oba ekikozesebwa ku ngeri ey’okwawula obwongo n’omulimu gwabwo, oba oba ekikozesebwa ku ngeri ey’okwawula obwongo n’omulimu gwabwo, oba oba ekikozesebwa ku ngeri ey’okwawula obwongo n’omulimu gwabwo, oba oba ekikozesebwa ku ngeri ey’okwawula obwongo n’omulimu gwabwo, oba oba ekikozesebwa ku ngeri ey’okwawula obwongo n’omulimu gwabwo, oba oba ekikozesebwa ku ngeri ey’okwawula obwongo n’omulimu gwabwo, oba oba ekikozesebwa ku ngeri ey’okwawula obwongo n’omulimu gwabwo, oba oba ekikozesebwa ku ngeri ey’okwawula obwongo n’omulimu gwabwo, oba oba ekikozesebwa ku ngeri ey’okwawula obwongo n’omulimu gwabwo, oba oba ekikozesebwa ku ngeri ey’okwawula obwongo n’omulimu gwabwo, oba oba ekikozesebwa ku ngeri ey’okwawula obwongo n’omulimu gwabwo, oba oba ekikozesebwa ku ngeri ey’okwawula obwongo n’omulimu gwabwo, oba oba ekikozesebwa ku ngeri ey’okwawula obwongo n’omulimu gwabwo, oba oba ekikozesebwa ku ngeri ey’okwawula obwongo n’omulimu gwabwo, oba oba ekikozesebwa ku ngeri ey’okwawula obwongo n’omulimu gwabwo, oba oba ekikozesebwa ku ngeri ey’okwawula obwongo n’omulimu gwabwo, oba oba ekikozesebwa ku ngeri ey’okwawula obwongo n’omulimu gwabwo, oba oba ekikozesebwa ku ngeri ey’okwawula obwongo n’omulimu gwabwo, oba oba ekikozesebwa ku ngeri ey’okwawula obwongo n’omulimu gwabwo, oba oba ekikozesebwa ku ngeri ey’okwawula obwongo n’omulimu gwabwo, oba oba ekikozesebwa ku ngeri ey’okwawula obwongo n’omulimu gwabwo, oba oba ekikozesebwa ku ngeri ey’okwawula obwongo n’omulimu gwabwo, oba oba ekikozesebwa ku ngeri ey’okwawula obwongo n’omulimu gwabwo, oba oba ekikozesebwa ku ngeri ey’okwawula obwongo n’omulimu gwabwo, oba oba ekikozesebwa ku ngeri ey’okwawula obwongo n’omulimu gwabwo, oba oba ekikozesebwa ku ngeri ey’okwawula obwongo n’omulimu gwabwo, oba oba ekikozesebwa ku ngeri ey’okwawula obwongo n’omulimu gwabwo, oba oba ekikozesebwa ku ngeri ey’okwawula obwongo n’omulimu gwabwo, oba oba ekikozesebwa ku ngeri ey’okwawula obwongo n’omulimu gwabwo, oba oba ekikozesebwa ku ngeri ey’okwawula obwongo n’omulimu gwabwo, oba oba ekikozesebwa ku ngeri ey’okwawula obwongo n’omulimu gwabwo, oba oba ekikozesebwa ku ngeri ey’okwawula obwongo n’omulimu gwabwo, oba oba ekikozesebwa ku ngeri ey’okwawula obwongo n’omulimu gwabwo, oba oba ekikozesebwa ku ngeri ey’okwawula obwongo n’omulimu gwabwo, oba oba ekikozesebwa ku ngeri ey’okwawula obwongo n’omulimu gwabwo, oba oba ekikozesebwa ku ngeri ey’okwawula obwongo n’omulimu gwabwo, oba oba ekikozesebwa ku ngeri ey’okwawula obwongo n’omulimu gwabwo, oba oba ekikozesebwa ku ngeri ey’okwawula obwongo n’omulimu gwabwo, oba oba ekikozesebwa ku ngeri ey’okwawula obwongo n’omulimu gwabwo, oba oba ekikozesebwa ku ngeri ey’okwawula obwongo n’omulimu gwabwo, oba oba ekikozesebwa ku ngeri ey’okwawula obwongo n’omulimu gwabwo, oba oba ekikozesebwa ku ngeri ey’okwawula obwongo n’omulimu gwabwo, oba oba ekikozesebwa ku ngeri ey’okwawula obwongo n’omulimu gwabwo, oba oba ekikozesebwa ku ngeri ey’okwawula obwongo n’omulimu gwabwo, oba oba ekikozesebwa ku ngeri ey’okwawula obwongo n’omulimu gwabwo, oba oba ekikozesebwa ku ngeri ey’okwawula obwongo n’omulimu gwabwo, oba oba ekikozesebwa ku ngeri ey’okwawula obwongo n’omulimu gwabwo, oba oba ekikozesebwa ku ngeri ey’okwawula obwongo n’omulimu gwabwo, oba oba ekikozesebwa ku ngeri ey’okwawula obwongo n’omulimu gwabwo, oba oba ekikozesebwa ku ngeri ey’okwawula obwongo n’omulimu gwabwo, oba oba ekikozesebwa ku ngeri ey’okwawula obwongo n’omulimu gwabwo, oba oba ekikozesebwa ku ngeri ey’okwawula obwongo n’omulimu gwabwo, oba oba ekikozesebwa ku ngeri ey’okwawula obwongo n’omulimu gwabwo, oba oba ekikozesebwa ku ngeri ey’okwawula obwongo n’omulimu gwabwo, oba oba ekikozesebwa ku ngeri ey’okwawula obwongo n’omulimu gwabwo, oba oba ekikozesebwa ku ngeri ey’okwawula obwongo n’omulimu gwabwo, oba oba ekikozesebwa ku ngeri ey’okwawula obwongo n’omulimu gwabwo, oba oba ekikozesebwa ku ngeri ey’okwawula obwongo n’omulimu gwabwo, oba oba ekikozesebwa ku ngeri ey’okwawula obwongo n’omulimu gwabwo, oba oba ekikozesebwa ku ngeri ey’okwawula obwongo n’omulimu gwabwo, oba oba ekikozesebwa ku ngeri ey’okwawula obwongo n’omulimu gwabwo, oba oba ekikozesebwa ku ngeri ey’okwawula obwongo n’omulimu gwabwo, oba oba ekikozesebwa ku ngeri ey’okwawula obwongo n’omulimu gwabwo, oba oba ekikozesebwa ku ngeri ey’okwawula obwongo n’omulimu gwabwo, oba oba ekikozesebwa ku ngeri ey’okwawula obwongo n’omulimu gwabwo, oba oba ekikozesebwa ku ngeri ey’okwawula obwongo n’omulimu gwabwo, oba oba ekikozesebwa ku ngeri ey’okwawula obwongo n’omulimu gwabwo, oba oba ekikozesebwa ku ngeri ey’okwawula obwongo n’omulimu gwabwo, oba oba ekikozesebwa ku ngeri ey’okwawula obwongo n’omulimu gwabwo, oba oba ekikozesebwa ku ngeri ey’okwawula obwongo n’omulimu gwabwo, oba oba ekikozesebwa ku ngeri ey’okwawula obwongo n’omulimu gwabwo, oba oba ekikozesebwa ku ngeri ey’okwawula obwongo n’omulimu gwabwo, oba oba ekikozesebwa ku ngeri ey’okwawula obwongo n’omulimu gwabwo, oba oba ekikozesebwa ku ngeri ey’okwawula obwongo n’omulimu gwabwo, oba oba ekikozesebwa ku ngeri ey’okwawula obwongo n’omulimu gwabwo, oba oba ekikozesebwa ku ngeri ey’okwawula obwongo n’omulimu gwabwo, oba oba ekikozesebwa ku ngeri ey’okwawula obwongo n’omulimu gwabwo, oba oba ekikozesebwa ku ngeri ey’okwawula obwongo n’omulimu gwabwo, oba oba ekikozesebwa ku ngeri ey’okwawula obwongo n’omulimu gwabwo, oba oba ekikozesebwa ku ngeri ey’okwawula obwongo n’omulimu gwabwo, oba oba ekikozesebwa ku ngeri ey’okwawula obwongo n’omulimu gwabwo, oba oba ekikozesebwa ku ngeri ey’okwawula obwongo n’omulimu gwabwo, oba oba ekikozesebwa ku ngeri ey’okwawula obwongo n’omulimu gwabwo, oba oba ekikozesebwa ku ngeri ey’okwawula obwongo n’omulimu gwabwo, oba oba ekikozesebwa ku ngeri ey’okwawula obwongo n’omulimu gwabwo, oba oba ekikozesebwa ku ngeri ey’okwawula obwongo n’omulimu gwabwo, oba oba ekikozesebwa ku ngeri ey’okwawula obwongo n’omulimu gwabwo, oba oba ekikozesebwa ku ngeri ey’okwawula obwongo n’omulimu gwabwo, oba oba ekikozesebwa ku ngeri ey’okwawula obwongo n’omulimu gwabwo, oba oba ekikozesebwa ku ngeri ey’okwawula obwongo n’omulimu gwabwo, oba oba ekikozesebwa ku ngeri ey’okwawula obwongo n’omulimu gwabwo, oba oba ekikozesebwa ku ngeri ey’okwawula obwongo n’omulimu gwabwo, oba oba ekikozesebwa ku ngeri ey’okwawula obwongo n’omulimu gwabwo, oba oba ekikozesebwa ku ngeri ey’okwawula obwongo n’omulimu gwabwo, oba oba ekikozesebwa ku ngeri ey’okwawula obwongo n’omulimu gwabwo, oba oba ekikozesebwa ku ngeri ey’okwawula obwongo n’omulimu gwabwo, oba oba ekikozesebwa ku ngeri ey’okwawula obwongo n’omulimu gwabwo",True,167.0625788999896,5913,4000,557
D,"**B. 1 - 3 - 4 - 2**

**Explanation:**  
The correct sequence aligns with a logical progression in a chemistry curriculum:  
1. **Step 1** (Basics of atomic structure and properties) is foundational.  
2. **Step 3** (Historical models like Democritus to Bohr) follows to contextualize the development of atomic theory.  
3. **Step 4** (Exploring different chemistry areas) comes next, applying theoretical knowledge to broader topics.  
4. **Step 2** (Laboratory experiments) is placed last, as practical application typically occurs after theoretical and conceptual understanding.  

This order ensures students build a strong base, understand historical context, apply knowledge to diverse areas, and finally engage in hands-on experiments. **Option B** reflects this reasoning.",True,56.87591559998691,3181,1209,1113
A,"**D. Mu biseera by’okuzannya obwereere mu luggya, Soledad akuba ensigo mu ngalo ze nagamba: “Nneneenya”**

**Tabyeyi:**  
Ekibuuzo kino ekisooka ku **okutegeera obwongo n’omulimu gwabwo** mu kiseera ky’okunoonyereza. Soledad akuba ensigo (ensigo y’okulaba obwerere) n’agamba ""Nneneenya"" (ekisemba obwerere) ekisooka ku **okutegeera obwongo** (okulaba obwerere) n’**omulimu gwabwo** (ensigo y’okulaba). Ekyo ekisooka ku kiseera ky’okunoonyereza kubanga obwerere ekisemba obwerere, n’ensigo ekisemba obwerere, n’agamba ekisemba obwerere.  

**Kiki ekisooka?**  
- **Okutegeera obwongo** (okulaba obwerere) ekisemba Soledad akuba ensigo y’okulaba obwerere.  
- **Omulimu gwabwo** (ensigo y’okulaba) ekisemba ensigo y’okulaba obwerere.  
- Ekyo ekisooka ku kiseera ky’okunoonyereza kubanga obwerere ekisemba obwerere, n’ensigo ekisemba obwerere, n’agamba ekisemba obwerere.  

**Kiki ekisooka ku kiseera ky’okunoonyereza?**  
- **Okutegeera obwongo n’omulimu gwabwo** ekisemba Soledad akuba ensigo y’okulaba obwerere n’agamba ""Nneneenya"" (ekisemba obwerere).  
- Ekyo ekisooka ku kiseera ky’okunoonyereza kubanga obwerere ekisemba obwerere, n’ensigo ekisemba obwerere, n’agamba ekisemba obwerere.  

**Kiki ekisooka ku kiseera ky’okunoonyereza?**  
- **Okutegeera obwongo n’omulimu gwabwo** ekisemba Soledad akuba ensigo y’okulaba obwerere n’agamba ""Nneneenya"" (ekisemba obwerere).  
- Ekyo ekisooka ku kiseera ky’okunoonyereza kubanga obwerere ekisemba obwerere, n’ensigo ekisemba obwerere, n’agamba ekisemba obwerere.  

**Kiki ekisooka ku kiseera ky’okunoonyereza?**  
- **Okutegeera obwongo n’omulimu gwabwo** ekisemba Soledad akuba ensigo y’okulaba obwerere n’agamba ""Nneneenya"" (ekisemba obwerere).  
- Ekyo ekisooka ku kiseera ky’okunoonyereza kubanga obwerere ekisemba obwerere, n’ensigo ekisemba obwerere, n’agamba ekisemba obwerere.  

**Kiki ekisooka ku kiseera ky’okunoonyereza?**  
- **Okutegeera obwongo n’omulimu gwabwo** ekisemba Soledad akuba ensigo y’okulaba obwerere n’agamba ""Nneneenya"" (ekisemba obwerere).  
- Ekyo ekisooka ku kiseera ky’okunoonyereza kubanga obwerere ekisemba obwerere, n’ensigo ekisemba obwerere, n’agamba ekisemba obwerere.  

**Kiki ekisooka ku kiseera ky’okunoonyereza?**  
- **Okutegeera obwongo n’omulimu gwabwo** ekisemba Soledad akuba ensigo y’okulaba obwerere n’agamba ""Nneneenya"" (ekisemba obwerere).  
- Ekyo ekisooka ku kiseera ky’okunoonyereza kubanga obwerere ekisemba obwerere, n’ensigo ekisemba obwerere, n’agamba ekisemba obwerere.  

**Kiki ekisooka ku kiseera ky’okunoonyereza?**  
- **Okutegeera obwongo n’omulimu gwabwo** ekisemba Soledad akuba ensigo y’okulaba obwerere n’agamba ""Nneneenya"" (ekisemba obwerere).  
- Ekyo ekisooka ku kiseera ky’okunoonyereza kubanga obwerere ekisemba obwerere, n’ensigo ekisemba obwerere, n’agamba ekisemba obwerere.  

**Kiki ekisooka ku kiseera ky’okunoonyereza?**  
- **Okutegeera obwongo n’omulimu gwabwo** ekisemba Soledad akuba ensigo y’okulaba obwerere n’agamba ""Nneneenya"" (ekisemba obwerere).  
- Ekyo ekisooka ku kiseera ky’okunoonyereza kubanga obwerere ekisemba obwerere, n’ensigo ekisemba obwerere, n’agamba ekisemba obwerere.  

**Kiki ekisooka ku kiseera ky’okunoonyereza?**  
- **Okutegeera obwongo n’omulimu gwabwo** ekisemba Soledad akuba ensigo y’okulaba obwerere n’agamba ""Nneneenya"" (ekisemba obwerere).  
- Ekyo ekisooka ku kiseera ky’okunoonyereza kubanga obwerere ekisemba obwerere, n’ensigo ekisemba obwerere, n’agamba ekisemba obwerere.  

**Kiki ekisooka ku kiseera ky’okunoonyereza?**  
- **Okutegeera obwongo n’omulimu gwabwo** ekisemba Soledad akuba ensigo y’okulaba obwerere n’agamba ""Nneneenya"" (ekisemba obwerere).  
- Ekyo ekisooka ku kiseera ky’okunoonyereza kubanga obwerere ekisemba obwerere, n’ensigo ekisemba obwerere, n’agamba ekisemba obwerere.  

**Kiki ekisooka ku kiseera ky’okunoonyereza?**  
- **Okutegeera obwongo n’omulimu gwabwo** ekisemba Soledad akuba ensigo y’okulaba obwerere n’agamba ""Nneneenya"" (ekisemba obwerere).  
- Ekyo ekisooka ku kiseera ky’okunoonyereza kubanga obwerere ekisemba obwerere, n’ensigo ekisemba obwerere, n’agamba ekisemba obwerere.  

**Kiki ekisooka ku kiseera ky’okunoonyereza?**  
- **Okutegeera obwongo n’omulimu gwabwo** ekisemba Soledad akuba ensigo y’okulaba obwerere n’agamba ""Nneneenya"" (ekisemba obwerere).  
- Ekyo ekisooka ku kiseera ky’okunoonyereza kubanga obwerere ekisemba obwerere, n’ensigo ekisemba obwerere, n’agamba ekisemba obwerere.  

**Kiki ekisooka ku kiseera ky’okunoonyereza?**  
- **Okutegeera obwongo n’omulimu gwabwo** ekisemba Soledad akuba ensigo y’okulaba obwerere n’agamba ""Nneneenya"" (ekisemba obwerere).  
- Ekyo ekisooka ku kiseera ky’okunoonyereza kubanga obwerere ekisemba obwerere, n’ensigo ekisemba obwerere, n’agamba ekisemba obwerere.  

**Kiki ekisooka ku kiseera ky’okunoonyereza?**  
- **Okutegeera obwongo n’omulimu gwabwo** ekisemba Soledad akuba ensigo y’okulaba obwerere n’agamba ""Nneneenya"" (ekisemba obwerere).  
- Ekyo ekisooka ku kiseera ky’okunoonyereza kubanga obwerere ekisemba obwerere, n’ensigo ekisemba obwerere, n’agamba ekisemba obwerere.  

**Kiki ekisooka ku kiseera ky’okunoonyereza?**  
- **Okutegeera obwongo n’omulimu gwabwo** ekisemba Soledad akuba ensigo y’okulaba obwerere n’agamba ""Nneneenya"" (ekisemba obwerere).  
- Ekyo ekisooka ku kiseera ky’okunoonyereza kubanga obwerere ekisemba obwerere, n’ensigo ekisemba obwerere, n’agamba ekisemba obwerere.  

**Kiki ekisooka ku kiseera ky’okunoonyereza?**  
- **Okutegeera obwongo n’omulimu gwabwo** ekisemba Soledad akuba ensigo y’okulaba obwerere n’agamba ""Nneneenya"" (ekisemba obwerere).  
- Ekyo ekisooka ku kiseera ky’okunoonyereza kubanga obwerere ekisemba obwerere, n’ensigo ekisemba obwerere, n’agamba ekisemba obwerere.  

**Kiki ekisooka ku kiseera ky’okunoonyereza?**  
- **Okutegeera obwongo n’omulimu gwabwo** ekisemba Soledad akuba ensigo y’okulaba obwerere n’agamba ""Nneneenya"" (ekisemba obwerere).  
- Ekyo ekisooka ku kiseera ky’okunoonyereza kubanga obwerere ekisemba obwerere, n’ensigo ekisemba obwerere, n’agamba ekisemba obwerere.  

**Kiki ekisooka ku kiseera ky’okunoonyereza?**  
- **Okutegeera obwongo n’omulimu gwabwo** ekisemba Soledad akuba ensigo y’okulaba obwerere n’agamba ""Nneneenya"" (ekisemba obwerere).  
- Ekyo ekisooka ku kiseera ky’okunoonyereza kubanga obwerere ekisemba obwerere, n’ensigo ekisemba obwerere, n’agamba ekisemba obwerere.  

**Kiki ekisooka ku kiseera ky’okunoonyereza?**  
- **Okutegeera obwongo n’omulimu gwabwo** ekisemba Soledad akuba ensigo y’okulaba obwerere n’agamba ""Nneneenya"" (ekisemba obwerere).  
- Ekyo ekisooka ku kiseera ky’okunoonyereza kubanga obwerere ekisemba obwerere, n’ensigo ekisemba obwerere, n’agamba ekisemba obwerere.  

**Kiki ekisooka ku kiseera ky’okunoonyereza?**  
- **Okutegeera obwongo n’omulimu gwabwo** ekisemba Soledad akuba ensigo y’okulaba obwerere n’agamba ""Nneneenya"" (ekisemba obwerere).  
- Ekyo ekisooka ku kiseera ky’okunoonyereza kubanga obwerere ekisemba obwerere, n’ensigo ekisemba obwerere, n’agamba ekisemba obwerere.  

**Kiki ekisooka ku kiseera ky’okunoonyereza?**  
- **Okutegeera obwongo n’omulimu gwabwo** ekisemba Soledad akuba ensigo y’okulaba obwerere n’agamba ""Nneneenya"" (ekisemba obwerere).  
- Ekyo ekisooka ku kiseera ky’okunoonyereza kubanga obwerere ekisemba obwerere, n’ensigo ekisemba obwerere, n’agamba ekisemba obwerere.  

**Kiki ekisooka ku kiseera ky’okunoonyereza?**  
- **Okutegeera obwongo n’omulimu gwabwo** ekisemba Soledad akuba ensigo y’okulaba obwerere n’agamba ""Nneneenya"" (ekisemba obwerere).  
- Ekyo ekisooka ku kiseera ky’okunoonyereza kubanga obwerere ekisemba obwerere, n’ensigo ekisemba obwerere, n’agamba ekisemba obwerere.  

**Kiki ekisooka ku kiseera ky’okunoonyereza?**  
- **Okutegeera obwongo n’omulimu gwabwo** ekisemba Soledad akuba ensigo y’okulaba obwerere n’agamba ""Nneneenya"" (ekisemba obwerere).  
- Ekyo ekisooka ku kiseera ky’okunoonyereza kubanga obwerere ekisemba obwerere, n’ensigo ekisemba obwerere, n’agamba ekisemba obwerere.  

**Kiki ekisooka ku kiseera ky’okunoonyereza?**  
- **Okutegeera obwongo n’omulimu gwabwo** ekisemba Soledad akuba ensigo y’okulaba obwerere n’agamba ""Nneneenya"" (ekisemba obwerere).  
- Ekyo ekisooka ku kiseera ky’okunoonyereza kubanga obwerere ekisemba obwerere, n’ensigo ekisem",True,18.88441700002295,5747,4000,585
D,"**C. Okuteesa enkola ey’okwekenneenya enkyukakyuka y’obwoki bw’amazzi nga bwe bukolebwako omuliro okusinziira ku bungi bw’amazzi agookesebwa.**

**Explanation:**  
Ku mirimu egiddwa, Marcial asomera abayizi ku **okuteesa enkola** (hypothesis testing) mu ngeri ey’okwekenneenya enkyukakyuka y’obwoki bw’amazzi. Nga obungi (muliro) obwokolera oba obwokozesebwa mu syringe (muliro) okusinziira ku bungi bw’amazzi agookesebwa (nnuulu), abayizi bwe bateekawo nti amazzi eky’okwawula obungi. Ekyo ekyokka **okuteesa enkola** (option C) nga bwe bukolebwako obungi mu ngeri ey’okwekenneenya obungi bw’amazzi agookesebwa. 

- **Option A** (ekikolera ku ngeri ebbugumu ly’amazzi) ekyokka okusooka, kintu kino kino ekyokka okuteesa enkola, oba kino kino ekyokka okusooka ku ngeri.  
- **Option B** (okupima 200 mL y’amazzi) ekyokka okusooka, kintu kino kino ekyokka okuteesa enkola.  
- **Option D** (okumala eddakiika nnya) ekyokka okusooka, kintu kino kino ekyokka okuteesa enkola.  

**Option C** ekyokka **okuteesa enkola** (hypothesis testing) mu ngeri ey’okwekenneenya obungi bw’amazzi agookesebwa, oba kino kino ekyokka okuteesa enkola.",True,36.99217049998697,3039,1004,663
D,"**D**. Buuza abayizi okutegeera amakubo agayinza okukozesebwa okukakasa omukwano oguli wakati w’obwangaavu bw’ekikata n’enjuyi gyekitandikirako okuseerera.

**Explanation:**  
The question asks which method the teacher uses to help students understand a concept. The correct answer (D) involves encouraging students to question assumptions and discuss how different factors affect outcomes. This aligns with the narrative context where the teacher emphasizes critical thinking and analysis of variables (e.g., in experiments or observations). The other options focus on data collection (A), using tools to measure (B), or observation and prediction (C), but **D** directly addresses fostering analytical discussion and understanding of underlying principles, which is central to the teacher's approach in the story.",True,5.1085713999927975,2836,782,763
C,"**Ekibuuzo ekituufu kyokka:**

**Ku mutendera gw'abaana abato, abakugu mu by'enjigiriza beetaaga okukebera mu bulamu obwa bulijjo ekigendererwa kino okuva mu mutima gw'okunoonyereza ku butonde: ""Okunnyonnyola ebimu ku bintu ebikulu ebikwata ku butonde bwe banoonyereza, gamba nga langi, obuwewufu, obunene, ebbugumu n'ebirala."" Kiki abaana kye bandikoze okukiraga nti ekigendererwa kino kituukiddwaako?**

**A.** Mu kiseera ky’okuyiga, Santiago asiiga amayinja ag’enjawulo mu bunene.  
**B.** Mu kiseera ky’ekyemisana, Pablo atunuulira akajiiko era bw’alaba ekifaananyi kye ng’akyeyoleka agamba: “Laba, Pablo!”  
**C.** Mu kiseera María ky’amaze mu luggya, akuŋŋaanya ebika by’amatabi g’emiti egy’enjawulo mu kabaati.  
**D.** Mu biseera by’okuzannya obwereere mu luggya, Soledad akuba ensigo mu ngalo ze nagamba: “Nneneenya”

---

**Ekkwawa: D**

**Ebisobozesa:**

Ekibuuzo ekituufu ekisooka ku **okukiraga nti ekigendererwa ekisooka ku ""okunnyonnyola ebimu ku bintu ebikulu ebikwata ku butonde""**. Kino ekiyinza **okukiraga ku bintu ebikulu** (langi, obuwewufu, obunene, ebbugumu, ebirala) **mu butonde** (luggya, kabaati, ngalo, m. m.) **okusobola okutegeera obutuufu**.

- **Option D** ekyo **Soledad akuba ensigo mu ngalo** (butonde) **nagamba: ""Nneneenya""** (bintu ebikulu).  
  - ""Nneneenya"" ekyo **ekikuta ky'ebbugga** (ekikakanyavu), n'ekisooka ku **bintu ebikulu**.  
  - Kino **ekisobola okutegeera obutuufu** (ekikuta ky'ebbugga) **mu butonde** (ngalo).  
  - Nga **Soledad akuba ensigo**, ekyo **ekisooka ku obutuufu mu butonde**, naye **ekikuta ky'ebbugga** ekyo **ekisooka ku bintu ebikulu**.

---

**Option D** **ekisooka ku ekigendererwa kino** kaka:

> ""Okunnyonnyola ebimu ku bintu ebikulu ebikwata ku butonde bwe banoonyereza...""

---

**Kanserola eby’okukozola:**

- **Option A** (Santiago asiiga amayinja mu bunene): Amayinja **ebikulu**, bunene **ekikuta ky'ebbugga**, kaka **ekisooka**, kintu **Santiago** **asiiga**, kino **ekisigana ku obutuufu**, kaka **ekisigana** te ku ekigendererwa kino (ekisooka ku obutuufu, kaka **ekisigana ku obutuufu**).

- **Option B** (Pablo atunuulira akajiiko): Akajiiko **ekikuta ky'ebbugga**, kaka **ekisooka**, kintu **Pablo atunuulira**, kino **ekisigana ku obutuufu**, kaka **ekisigana** te ku ekigendererwa kino.

- **Option C** (María akuŋŋaanya ebika by’amatabi g’emiti): Ebika by’amatabi **ebikulu**, kaka **ekisooka**, kintu **kabaati** (ekikuta ky'ebbugga), kaka **ekisigana** te ku ekigendererwa kino.

---

**Kaka, ekkwawa: D** ✅

**Ebisobozesa: Soledad akuba ensigo mu ngalo (butonde) n'agamba ""Nneneenya"" (bintu ebikulu), kaka ekisooka ku ekigendererwa kino.**",True,40.34657779999543,3000,1074,0
D,"**C. Okusinziira ku biwandiiko by'ebisigalira by'ebiramu eby'enjawulo, teebereza enfaanana y'ekika ekyo.**

**Explanation:**  
Ekigendererwa kino ekikulu eky'okuyiga ekyasooka ku **okusinziira ku biwandiiko by'ebisigalira by'ebiramu eby'enjawulo** (data collected from the field) **era teebereza enfaanana y'ekika ekyo** (identify patterns that help in understanding communication). Ekyo ekyasooka ku mato gwa kikulu kino:  
1. **Okusinziira ku biwandiiko** (analyzing data)  
2. **Enjawulo y'ebiramu** (from the field of communication)  
3. **Teebereza enfaanana y'ekika ekyo** (identify patterns to understand communication).  

Option C ekyasooka ku mato gwa kikulu kino, kati ya abeera, kati ya kusinziira ku data, kati ya kuteebereza enfaanana, n'okutegeera ku mato gwa kikulu.",True,27.76871500001289,2763,851,713
A,"**Jibu la C ndiyo lino linafungua njia ya kuchangia mazingira na hali ya kisasa kwa kuchangia matokeo ya kisasa na mazingira.**  

**Tafuta kwa kila jibu:**  
- **A.** Santiago akisogelea kwenye kaskazini (desert), akisogelea kwa matokeo ya kaskazini (maji, mafuta, mafuta). Hii ndio inaonyesha **matokeo ya kisasa** (desert) na **hali ya kisasa** (matokeo ya kaskazini).  
- **B.** Pablo akisogelea kwenye baza (market), akisogelea kwa **mazungumzo** (dialogue). Hii inaonyesha **matokeo ya kisasa** (market) na **mazungumzo**.  
- **C.** María akisogelea kwenye nyumba, akisogelea **matokeo ya kisasa** (tiles, mafuta, mafuta) na **hali ya kisasa** (matokeo ya kisasa na mazingira). Hii inaonyesha **matokeo ya kisasa** na **hali ya kisasa** kwa kuchangia matokeo ya kisasa na mazingira.  
- **D.** Soledad akisogelea kwenye kaskazini (field), akisogelea kwa **mazungumzo** (dialogue). Hii inaonyesha **matokeo ya kisasa** (field) na **mazungumzo**.  

**Jibu la C ndiyo linafungua njia ya kuchangia matokeo ya kisasa na hali ya kisasa kwa kuchangia matokeo ya kisasa na mazingira.** Hii inaonyesha matokeo ya kisasa (tiles, mafuta, mafuta) na hali ya kisasa (matokeo ya kisasa na mazingira) kwa kuchangia matokeo ya kisasa na mazingira.  

**Jibu la C ndiyo linafungua njia ya kuchangia matokeo ya kisasa na hali ya kisasa kwa kuchangia matokeo ya kisasa na mazingira.**",True,28.51254830000107,2851,937,447
B,"**Answer:** D

**Explanation:**  
The question involves two containers (A and B) with substances undergoing phase changes when heated. Container A starts as a liquid that solidifies, while Container B starts as a solid that melts. Both are placed in hot water. The correct answer hinges on the chemical behavior of the substances:

- **Container A** (liquid → solid): If the liquid is a substance like **calcium carbonate (CaCO₃)** in solution, heating causes it to decompose into **carbon dioxide (CO₂)** and solid calcium oxide (CaO). The solidification here is due to the formation of CaO, while CO₂ is released.
- **Container B** (solid → liquid): If the solid is also **calcium carbonate**, heating it directly produces **CO₂** and liquid calcium oxide. 

Both containers involve **CaCO₃** undergoing thermal decomposition, releasing **CO₂** in the process. Thus, **both containers produce the same result (CO₂)** when heated, making **Option D** correct. 

**Key Reasoning:**  
The question tests understanding of chemical reactions (thermal decomposition) and phase changes. The critical detail is that **both substances (A and B) are calcium carbonate**, which releases CO₂ when heated, regardless of their initial state (liquid or solid). This aligns with Option D, which explicitly states the production of CO₂ due to the reaction.",True,40.12877229999867,4206,2060,1933
C,"**Answer:**  
**D. Obutaffaali bwa B bufulumya ebika by'obutaffaali bw'omubiri obulwanyisa endwadde eby'enjawulo bwe buba biragiddwa ekika ky'akawuka akaleeta endwadde ekimu.**

**Explanation:**  
When an antigen enters the body, **B lymphocytes (B cells)** play a central role in the adaptive immune response. Here's the process:  
1. **Antigen Recognition:** B cells have surface receptors that specifically bind to antigens.  
2. **Activation:** After binding the antigen, B cells internalize and process it. They then present the antigen to **helper T cells** (via MHC-II molecules).  
3. **Differentiation:** Activated B cells differentiate into **plasma cells**, which secrete large amounts of **antibodies** specific to the antigen.  
4. **Antibody Production:** These antibodies neutralize pathogens, mark them for destruction, or activate other immune mechanisms.  

**Why D is correct:**  
- B cells are activated by the antigen (and helper T cells) and then produce antibodies.  
- The process involves interaction with other immune cells (helper T cells) and is part of the **adaptive immune response**.  

**Other Options:**  
- **A** is partially correct but oversimplifies the process (B cells become plasma cells to produce antibodies).  
- **B** refers to phagocytes (innate immunity), not directly related to antibody production.  
- **C** mentions recognition but doesn’t address the activation and antibody production steps.  

Thus, **D** best captures the full process of B cell activation and antibody production in response to an antigen.",True,26.766004300006898,2676,827,580
B,"**D. Enkola z'endagabuzizo ezikozesebwa okukendeeza oba okwongera ku maanyi g'omubiri (Feedback mechanisms of hormones)**

**Explanation:**  
The endocrine system regulates bodily functions through hormones, which are chemical messengers. A key aspect of this system is **feedback mechanisms** (e.g., negative or positive feedback loops) that maintain homeostasis. For example:  
- **Negative feedback**: When hormone levels are too high, the system reduces their production (e.g., thyroid hormone regulation).  
- **Positive feedback**: Amplifies processes (e.g., oxytocin during childbirth).  

While options A and B relate to hormones (their secretion and structure), **option D directly addresses the core regulatory process** of the endocrine system—feedback mechanisms. This makes **D** the most accurate answer.",True,24.17249170001014,2551,742,636
B,"**B. Nnyonnyola engeri omutwe gw’obwongo gye gufugaamu omusinde gw’ebi hormone eziva mu kitundu kya hypothalamus ku musinde gw’ebisa eggi n’omubiri gw’ennyingo.**

**Ekkwata:**
- **GnRH (Gonadotropin-releasing hormone)** ekisindwa mu **hypothalamus** (kitundu kya mukyala) oba oba obwongera **pituitary gland** (mubiri gw’ennyingo) okusindwa **FSH (Follicle-Stimulating Hormone)** n’**LH (Luteinizing Hormone)**.
- **FSH** n’**LH** ekisindwa mu **menstrual cycle** (mutendera gw’omubiri gw’ekyenda) oba oba obwongera **ovulation** (okusindwa obwokwokwa) n’okusindwa **corpus luteum** (ekikuta ky’obwokwokwa).
- Kino ekisindwa mu **hypothalamus → pituitary → ovaries** (ekikuta ky’obwokwokwa) **feedback loop** (ekikuta ky’okusindwa oba oba obwongera).

**Kintu ki ku biragiro by’okukebera ekolebwako n’ekibuuzo kino?**
- **B** ekisindwa oba oba obwongera **GnRH** ekisindwa mu **hypothalamus** oba oba obwongera **FSH** n’**LH** mu **pituitary**, oba oba obwongera **menstrual cycle**.",True,24.293146999989403,2863,922,564
B,"**Ekibuuzo ekituufu kyokka:**

**Mu kitundu ekikwata ku biragalalagala, omusomesa alina ekigendererwa ky'okuyamba abayizi be okukulaakulanya obusobozi bw'okutegeera ebintu ebikyuka mu kunoonyereza. Kiki ekikolwa eky'okukebera ekiyinza okusobozesa omusomesa ono okugera ekituukiddwa ku kigendererwa ekyo?**

---

**A. Okuzimba akakungunta k’essigala okusobola okuzuula obutwa obulimu.**  
**B. Okuteekateeka ebyava mu kunoonyereza okwakolebwa abayizi ku bintu ebireetera abantu okutandika okunywa omwenge nga bakyali bato.**  
**C. Okutegeka omusingi ogw'ekibalangulo ku kunoonyereza okukwata ku nsonga ezireetera abavubuka okukozesa enjaga.**  
**D. Okukola ebyokulabirako ebyazimbibwa abayizi ku ngeri enzirukanya y'eddagala erisindikiriza emikwanaganyo gy'obusimu ku mutendera gwa kemiko.**

---

**Omusomesa ow’ekibiina ekisooka ateekateeka omulimu gw’ekibinja okukolera ku bukugu bw’okunoonyereza awamu n’ekigendererwa ky’ekibiina: ""Okutegeera obwongo n’omulimu gwabwo.""**

Ku mirimu egiddako, omusomesa ono **ayagala okuteekateeka ebyava mu kunoonyereza** (option B), naye **ekigendererwa ky’okuyamba abayizi be okukulaakulanya obusobozi** (ekikolwa eky’okukebera) **ekiyinza okusobozesa omusomesa ono okugera ekituukiddwa ku kigendererwa ekyo.**

---

**Kanserere: B**

---

**Enkola y’ekyanulo kyo:**

**B. Okuteekateeka ebyava mu kunoonyereza okwakolebwa abayizi ku bintu ebireetera abantu okutandika okunywa omwenge nga bakyali bato.**

---

**Koma ddala ku nukuta:**

Ku kiseera ky’okuteekateeka ebyava mu kunoonyereza, omusomesa ono **ayagala okusobola abayizi ku bintu ebireetera abantu**. Eky’okukebera ekyinza okusobola omusomesa ono okugera ku **ekigendererwa ky’okuyamba abayizi be okukulaakulanya obusobozi**. Naye, **ekigendererwa ky’okuyamba abayizi be** ekyokka **okusobola abayizi ku bintu ebireetera abantu**, mweyanga **option B** **ekitwandikira** **ekikolwa eky’okukebera**.

---

**Kanserere: B** ✅",True,25.73440909999772,2700,793,0
D,"**D. Vvuunula ebigezo ebiraga nti DNA ye molekyu etisse amawulire g'obusika.**

**Explanation:**  
Ekibuuzo kino ekisooka ku **ekigendererwa ky’obutonde (DNA)** n’ekikozesebwa ku **ekikyusizo ky’obutoffaali (heredity)**. Abayizi abaddako (Friedrich Miescher, Robert Feulgen, P. A. Levene, Frederick Griffith, Oswald Avery, Alfred D. Hershey, Martha Chase) abakozesa **ebigezo** eri **ekikyusizo ky’obutoffaali** ku DNA. Nampi, ekikozesebwa kino ekisooka ku **ekikyusizo ky’obutoffaali** (heredity) n’ekikozesebwa ku DNA ye **molekyu etisse amawulire g’obusika**. 

- **Option D** ekisooka ku **ebigezo** eri **ekikyusizo ky’obutoffaali** (e.g., Griffith’s transformation, Avery’s experiment, Hershey-Chase phage experiment), ekikozesebwa ku DNA ye **molekyu etisse amawulire g’obusika**.  
- **Options A, B, C** ekisooka ku **ekikyusizo ky’obutoffaali** (replication, transcription, protein synthesis), oba **ekikyusizo ky’obutoffaali** (heredity) **ekikozesebwa ku DNA**, oba **ekikyusizo ky’obutoffaali** (heredity) **ekikozesebwa ku DNA**.  

**Kinsipira:**  
- **Miescher** (1869): Ekikozesebwa ku **nuclein** (DNA) mu **ebikulu**.  
- **Feulgen** (1924): Ekikozesebwa ku **Feulgen reaction** (ekikozesebwa ku DNA mu **ebikulu**).  
- **Levene** (1929): Ekikozesebwa ku **nucleotides** (ekikyusizo ky’obutoffaali).  
- **Griffith** (1928): Ekikozesebwa ku **transformation** (ekikyusizo ky’obutoffaali).  
- **Avery** (1944): Ekikozesebwa ku **DNA** ye **molekyu etisse amawulire g’obusika**.  
- **Hershey-Chase** (1952): Ekikozesebwa ku **DNA** ye **molekyu etisse amawulire g’obusika**.  

**Kinsipira kino ekisooka ku Option D.**",True,20.99291230001836,2925,1021,443
C,"**Answer:** B. 1 – 3 – 2  

**Explanation:**  
The correct sequence for addressing genetic alterations follows a logical scientific process:  
1. **Identify the genetic alteration and the responsible gene** (Step 1). This is the foundational step to understand what is being studied.  
2. **Develop a strategy to correct the genetic alteration and its effects** (Step 3). Once the problem is identified, researchers design interventions or solutions.  
3. **Determine the effects of the alteration on traits using experimental methods** (Step 2). This final step validates the strategy's effectiveness through experimentation.  

This order (1 → 3 → 2) aligns with the scientific method: **hypothesis (identification) → intervention (strategy) → testing (effects)**.  

**Option B** reflects this logical progression.",True,12.746697100024903,2617,677,523
A,"**Ekibuuzo ekituufu kyokka:**

**A. Okukubiriza okutabanguka mu birowoozo n'okukubiriza enkyukakyuka mu ntegeera y'abayizi**

---

**Ekyanulo:**

Mu kiseera ky’okunoonyereza, omusomesa ow’ekibiina ekisooka ayagala okuteekawo abayizi okusobola okutuukiriza ekigendererwa ekigguddwaayo. Ekibuuzo ekituufu kino ekyeyinza okuteekawo abayizi okusinziira ku birowoozo (ebiwoma, obuwunga, ebiwewuka, m.m) n’okusinziira ku ntegeera y’okwawula. 

Ku kiseera ky’ekigendererwa, abayizi abalowooza ekiruwa B n’ekiruwa A, n’okulaba obukumu bw’ekiruwa B oba oba obukumu oba oba obukumu oba oba obukumu oba oba obukumu oba oba obukumu oba oba obukumu oba oba obukumu oba oba obukumu oba oba obukumu oba oba obukumu oba oba obukumu oba oba obukumu oba oba obukumu oba oba obukumu oba oba obukumu oba oba obukumu oba oba obukumu oba oba obukumu oba oba obukumu oba oba obukumu oba oba obukumu oba oba obukumu oba oba obukumu oba oba obukumu oba oba obukumu oba oba obukumu oba oba obukumu oba oba obukumu oba oba obukumu oba oba obukumu oba oba obukumu oba oba obukumu oba oba obukumu oba oba obukumu oba oba obukumu oba oba obukumu oba oba obukumu oba oba obukumu oba oba obukumu oba oba obukumu oba oba obukumu oba oba obukumu oba oba obukumu oba oba obukumu oba oba obukumu oba oba obukumu oba oba obukumu oba oba obukumu oba oba obukumu oba oba obukumu oba oba obukumu oba oba obukumu oba oba obukumu oba oba obukumu oba oba obukumu oba oba obukumu oba oba obukumu oba oba obukumu oba oba obukumu oba oba obukumu oba oba obukumu oba oba obukumu oba oba obukumu oba oba obukumu oba oba obukumu oba oba obukumu oba oba obukumu oba oba obukumu oba oba obukumu oba oba obukumu oba oba obukumu oba oba obukumu oba oba obukumu oba oba obukumu oba oba obukumu oba oba obukumu oba oba obukumu oba oba obukumu oba oba obukumu oba oba obukumu oba oba obukumu oba oba obukumu oba oba obukumu oba oba obukumu oba oba obukumu oba oba obukumu oba oba obukumu oba oba obukumu oba oba obukumu oba oba obukumu oba oba obukumu oba oba obukumu oba oba obukumu oba oba obukumu oba oba obukumu oba oba obukumu oba oba obukumu oba oba obukumu oba oba obukumu oba oba obukumu oba oba obukumu oba oba obukumu oba oba obukumu oba oba obukumu oba oba obukumu oba oba obukumu oba oba obukumu oba oba obukumu oba oba obukumu oba oba obukumu oba oba obukumu oba oba obukumu oba oba obukumu oba oba obukumu oba oba obukumu oba oba obukumu oba oba obukumu oba oba obukumu oba oba obukumu oba oba obukumu oba oba obukumu oba oba obukumu oba oba obukumu oba oba obukumu oba oba obukumu oba oba obukumu oba oba obukumu oba oba obukumu oba oba obukumu oba oba obukumu oba oba obukumu oba oba obukumu oba oba obukumu oba oba obukumu oba oba obukumu oba oba obukumu oba oba obukumu oba oba obukumu oba oba obukumu oba oba obukumu oba oba obukumu oba oba obukumu oba oba obukumu oba oba obukumu oba oba obukumu oba oba obukumu oba oba obukumu oba oba obukumu oba oba obukumu oba oba obukumu oba oba obukumu oba oba obukumu oba oba obukumu oba oba obukumu oba oba obukumu oba oba obukumu oba oba obukumu oba oba obukumu oba oba obukumu oba oba obukumu oba oba obukumu oba oba obukumu oba oba obukumu oba oba obukumu oba oba obukumu oba oba obukumu oba oba obukumu oba oba obukumu oba oba obukumu oba oba obukumu oba oba obukumu oba oba obukumu oba oba obukumu oba oba obukumu oba oba obukumu oba oba obukumu oba oba obukumu oba oba obukumu oba oba obukumu oba oba obukumu oba oba obukumu oba oba obukumu oba oba obukumu oba oba obukumu oba oba obukumu oba oba obukumu oba oba obukumu oba oba obukumu oba oba obukumu oba oba obukumu oba oba obukumu oba oba obukumu oba oba obukumu oba oba obukumu oba oba obukumu oba oba obukumu oba oba obukumu oba oba obukumu oba oba obukumu oba oba obukumu oba oba obukumu oba oba obukumu oba oba obukumu oba oba obukumu oba oba obukumu oba oba obukumu oba oba obukumu oba oba obukumu oba oba obukumu oba oba obukumu oba oba obukumu oba oba obukumu oba oba obukumu oba oba obukumu oba oba obukumu oba oba obukumu oba oba obukumu oba oba obukumu oba oba obukumu oba oba obukumu oba oba obukumu oba oba obukumu oba oba obukumu oba oba obukumu oba oba obukumu oba oba obukumu oba oba obukumu oba oba obukumu oba oba obukumu oba oba obukumu oba oba obukumu oba oba obukumu oba oba obukumu oba oba obukumu oba oba obukumu oba oba obukumu oba oba obukumu oba oba obukumu oba oba obukumu oba oba obukumu oba oba obukumu oba oba obukumu oba oba obukumu oba oba obukumu oba oba obukumu oba oba obukumu oba oba obukumu oba oba obukumu oba oba obukumu oba oba obukumu oba oba obukumu oba oba obukumu oba oba obukumu oba oba obukumu oba oba obukumu oba oba obukumu oba oba obukumu oba oba obukumu oba oba obukumu oba oba obukumu oba oba obukumu oba oba obukumu oba oba obukumu oba oba obukumu oba oba obukumu oba oba obukumu oba oba obukumu oba oba obukumu oba oba obukumu oba oba obukumu oba oba obukumu oba oba obukumu oba oba obukumu oba oba obukumu oba oba obukumu oba oba obukumu oba oba obukumu oba oba obukumu oba oba obukumu oba oba obukumu oba oba obukumu oba oba obukumu oba oba obukumu oba oba obukumu oba oba obukumu oba oba obukumu oba oba obukumu oba oba obukumu oba oba obukumu oba oba obukumu oba oba obukumu oba oba obukumu oba oba obukumu oba oba obukumu oba oba obukumu oba oba obukumu oba oba obukumu oba oba obukumu oba oba obukumu oba oba obukumu oba oba obukumu oba oba obukumu oba oba obukumu oba oba obukumu oba oba obukumu oba oba obukumu oba oba obukumu oba oba obukumu oba oba obukumu oba oba obukumu oba oba obukumu oba oba obukumu oba oba obukumu oba oba obukumu oba oba obukumu oba oba obukumu oba oba obukumu oba oba obukumu oba oba obukumu oba oba obukumu oba oba obukumu oba oba obukumu oba oba obukumu oba oba obukumu oba oba obukumu oba oba obukumu oba oba obukumu oba oba obukumu oba oba obukumu oba oba obukumu oba oba obukumu oba oba obukumu oba oba obukumu oba oba obukumu oba oba obukumu oba oba obukumu oba oba obukumu oba oba obukumu oba oba obukumu oba oba obukumu oba oba obukumu oba oba obukumu oba oba obukumu oba oba obukumu oba oba obukumu oba oba obukumu oba oba obukumu oba oba obukumu oba oba obukumu oba oba obukumu oba oba obukumu oba oba obukumu oba oba obukumu oba oba obukumu oba oba obukumu oba oba obukumu oba oba obukumu oba oba obukumu oba oba obukumu oba oba obukumu oba oba obukumu oba oba obukumu oba oba obukumu oba oba obukumu oba oba obukumu oba oba obukumu oba oba obukumu oba oba obukumu oba oba obukumu oba oba obukumu oba oba obukumu oba oba obukumu oba oba obukumu oba oba obukumu oba oba obukumu oba oba obukumu oba oba obukumu oba oba obukumu oba oba obukumu oba oba obukumu oba oba obukumu oba oba obukumu oba oba obukumu oba oba obukumu oba oba obukumu oba oba obukumu oba oba obukumu oba oba obukumu oba oba obukumu oba oba obukumu oba oba obukumu oba oba obukumu oba oba obukumu oba oba obukumu oba oba obukumu oba oba obukumu oba oba obukumu oba oba obukumu oba oba obukumu oba oba obukumu oba oba obukumu oba oba obukumu oba oba obukumu oba oba obukumu oba oba obukumu oba oba obukumu oba oba obukumu oba oba obukumu oba oba obukumu oba oba obukumu oba oba obukumu oba oba obukumu oba oba obukumu oba oba obukumu oba oba obukumu oba oba obukumu oba oba obukumu oba oba obukumu oba oba obukumu oba oba obukumu oba oba obukumu oba oba obukumu oba oba obukumu oba oba obukumu oba oba obukumu oba oba obukumu oba oba obukumu oba oba obukumu oba oba obukumu oba oba obukumu oba oba obukumu oba oba obukumu oba oba obukumu oba oba obukumu oba oba obukumu oba oba obukumu oba oba obukumu oba oba obukumu oba oba obukumu oba oba obukumu oba oba obukumu oba oba obukumu oba oba obukumu oba oba obukumu oba oba obukumu oba oba obukumu oba oba obukumu oba oba obukumu oba oba obukumu oba oba obukumu oba oba obukumu oba oba obukumu oba oba obukumu oba oba obukumu oba oba obukumu oba oba obukumu oba oba obukumu oba oba obukumu oba oba obukumu oba oba obukumu oba oba obukumu oba oba obukumu oba oba obukumu oba oba obukumu oba oba obukumu oba oba obukumu oba oba obukumu oba oba obukumu oba oba obukumu oba oba obukumu oba oba obukumu oba oba obukumu oba oba obukumu oba oba obukumu oba oba obukumu oba oba obukumu oba oba obukumu oba oba obukumu oba oba obukumu oba oba obukumu oba oba obukumu oba oba obukumu oba oba obukumu oba oba obukumu oba oba obukumu oba oba obukumu oba oba obukumu oba oba obukumu oba oba obukumu oba oba obukumu oba oba obukumu oba oba obukumu oba oba obukumu oba oba obukumu oba oba obukumu oba oba obukumu oba oba obukumu oba oba obukumu oba oba obukumu oba oba obukumu oba oba obukumu oba oba obukumu oba oba obukumu oba oba obukumu oba oba obukumu oba oba obukumu oba oba obukumu oba oba obukumu oba oba obukumu oba oba obukumu oba oba obukumu oba oba obukumu oba oba obukumu oba oba obukumu oba oba obukumu oba oba obukumu oba oba obukumu oba oba obukumu oba oba obukumu oba oba obukumu oba oba obukumu oba oba obukumu oba oba obukumu oba oba obukumu oba oba obukumu oba oba obukumu oba oba obukumu oba oba obukumu oba oba obukumu oba oba obukumu oba oba obukumu oba oba obukumu oba oba obukumu oba oba obukumu oba oba obukumu oba oba obukumu oba oba obukumu oba oba obukumu oba oba obukumu oba oba obukumu oba oba obukumu oba oba obukumu oba oba obukumu oba oba obukumu oba oba obukumu oba oba obukumu oba oba obukumu oba oba obukumu oba oba obukumu oba oba obukumu oba oba obukumu oba oba obukumu oba oba obukumu oba oba obukumu oba oba obukumu oba oba obukumu oba oba obukumu oba oba obukumu oba oba obukumu oba oba obukumu oba oba obukumu oba oba obukumu oba oba obukumu oba oba obukumu oba oba obukumu oba oba obukumu oba oba obukumu oba oba obukumu oba oba obukumu oba oba obukumu oba oba obukumu oba oba obukumu oba oba obukumu oba oba obukumu oba oba obukumu oba oba obukumu oba oba obukumu oba oba obukumu oba oba obukumu oba oba obukumu oba oba obukumu oba oba obukumu oba oba obukumu oba oba obukumu oba oba obukumu oba oba obukumu oba oba obukumu oba oba obukumu oba oba obukumu oba oba obukumu oba oba obukumu oba oba obukumu oba oba obukumu oba oba obukumu oba oba obukumu oba oba obukumu oba oba obukumu oba oba obukumu oba oba obukumu oba oba obukumu oba oba obukumu oba oba obukumu oba oba obukumu oba oba obukumu oba oba obukumu oba oba obukumu oba oba obukumu oba oba obukumu oba oba obukumu oba oba obukumu oba oba obukumu oba oba obukumu oba oba obukumu oba oba obukumu oba oba obukumu oba oba obukumu oba oba obukumu oba oba obukumu oba oba obukumu oba oba obukumu oba oba obukumu oba oba obukumu oba oba obukumu oba oba obukumu oba oba obukumu oba oba obukumu oba oba obukumu oba oba obukumu oba oba obukumu oba oba obukumu oba oba obukumu oba oba obukumu oba oba obukumu oba oba obukumu oba oba obukumu oba oba obukumu oba oba obukumu oba oba obukumu oba oba obukumu oba oba obukumu oba oba obukumu oba oba obukumu oba oba obukumu oba oba obukumu oba oba obukumu oba oba obukumu oba oba obukumu oba oba obukumu oba oba obukumu oba oba obukumu oba oba obukumu oba oba obukumu oba oba obukumu oba oba obukumu oba oba obukumu oba oba obukumu oba oba obukumu oba oba obukumu oba oba obukumu oba oba obukumu oba oba obukumu oba oba obukumu oba oba obukumu oba oba obukumu oba oba obukumu oba oba obukumu oba oba obukumu oba oba obukumu oba oba obukumu oba oba obukumu oba oba obukumu oba oba obukumu oba oba obukumu oba oba obukumu oba oba obukumu oba oba obukumu oba oba obukumu oba oba obukumu oba oba obukumu oba oba obukumu oba oba obukumu oba oba obukumu oba oba obukumu oba oba obukumu oba oba obukumu oba oba obukumu oba oba obukumu oba oba obukumu oba oba obukumu oba oba obukumu oba oba obukumu oba oba obukumu oba oba obukumu oba oba obukumu oba oba obukumu oba oba obukumu oba oba obukumu oba oba obukumu oba oba obukumu oba oba obukumu oba oba obukumu oba oba obukumu oba oba obukumu oba oba obukumu oba oba obukumu oba oba obukumu oba oba obukumu oba oba obukumu oba oba obukumu oba oba obukumu oba oba obukumu oba oba obukumu oba oba obukumu oba oba obukumu oba oba obukumu oba oba obukumu oba oba obukumu oba oba obukumu oba oba obukumu oba oba obukumu oba oba obukumu oba oba obukumu oba oba obukumu oba oba obukumu oba oba obukumu oba oba obukumu oba oba obukumu oba oba obukumu oba oba obukumu oba oba obukumu oba oba obukumu oba oba obukumu oba oba obukumu oba oba obukumu oba oba obukumu oba oba obukumu oba oba obukumu oba oba obukumu oba oba obukumu oba oba obukumu oba oba obukumu oba oba obukumu oba oba obukumu oba oba obukumu oba oba obukumu oba oba obukumu oba oba obukumu oba oba obukumu oba oba obukumu oba oba obukumu oba oba obukumu oba oba obukumu oba oba obukumu oba oba obukumu oba oba obukumu oba oba obukumu oba oba obukumu oba oba obukumu oba oba obukumu oba oba obukumu oba oba obukumu oba oba obukumu oba oba obukumu oba oba obukumu oba oba obukumu oba oba obukumu oba oba obukumu oba oba obukumu oba oba obukumu oba oba obukumu oba oba obukumu oba oba obukumu oba oba obukumu oba oba obukumu oba oba obukumu oba oba obukumu oba oba obukumu oba oba obukumu oba oba obukumu oba oba obukumu oba oba obukumu oba oba obukumu oba oba obukumu oba oba obukumu oba oba obukumu oba oba obukumu oba oba obukumu oba oba obukumu oba oba obukumu oba oba obukumu oba oba obukumu oba oba obukumu oba oba obukumu oba oba obukumu oba oba obukumu oba oba obukumu oba oba obukumu oba oba obukumu oba oba obukumu oba oba obukumu oba oba obukumu oba oba obukumu oba oba obukumu oba oba obukumu oba oba obukumu oba oba obukumu oba oba obukumu oba oba obukumu oba oba obukumu oba oba obukumu oba oba obukumu oba oba obukumu oba oba obukumu oba oba obukumu oba oba obukumu oba oba obukumu oba oba obukumu oba oba obukumu oba oba obukumu oba oba obukumu oba oba obukumu oba oba obukumu oba oba obukumu oba oba obukumu oba oba obukumu oba oba obukumu oba oba obukumu oba oba obukumu oba oba obukumu oba oba obukumu oba oba obukumu oba oba obukumu oba oba obukumu oba oba obukumu oba oba obukumu oba oba obukumu oba oba obukumu oba oba obukumu oba oba obukumu oba oba obukumu oba oba obukumu oba oba obukumu oba oba obukumu oba oba obukumu oba oba obukumu oba oba obukumu oba oba obukumu oba oba obukumu oba oba obukumu oba oba obukumu oba oba obukumu oba oba obukumu oba oba obukumu oba oba obukumu oba oba obukumu oba oba obukumu oba oba obukumu oba oba obukumu oba oba obukumu oba oba obukumu oba oba obukumu oba oba obukumu oba oba obukumu oba oba obukumu oba oba obukumu oba oba obukumu oba oba obukumu oba oba obukumu oba oba obukumu oba oba obukumu oba oba obukumu oba oba obukumu oba oba obukumu oba oba obukumu oba oba obukumu oba oba obukumu oba oba obukumu oba oba obukumu oba oba obukumu oba oba obukumu oba oba obukumu oba oba obukumu oba oba obukumu oba oba obukumu oba oba obukumu oba oba obukumu oba oba obukumu oba oba obukumu oba oba obukumu oba oba obukumu oba oba obukumu oba oba obukumu oba oba obukumu oba oba obukumu oba oba obukumu oba oba obukumu oba oba obukumu oba oba obukumu oba oba obukumu oba oba obukumu oba oba obukumu oba oba obukumu oba oba obukumu oba oba obukumu oba oba obukumu oba oba obukumu oba oba obukumu oba oba obukumu oba oba obukumu oba oba obukumu oba oba obukumu oba oba obukumu oba oba obukumu oba oba obukumu oba oba obukumu oba oba obukumu oba oba obukumu oba oba obukumu oba oba obukumu oba oba obukumu oba oba obukumu oba oba obukumu oba oba obukumu oba oba obukumu oba oba obukumu oba oba obukumu oba oba obukumu oba oba obukumu oba oba obukumu oba oba obukumu oba oba obukumu oba oba obukumu oba oba obukumu oba oba obukumu oba oba obukumu oba oba obukumu oba oba obukumu oba oba obukumu oba oba obukumu oba oba obukumu oba oba obukumu oba oba obukumu oba oba obukumu oba oba obukumu oba oba obukumu oba oba obukumu oba oba obukumu oba oba obukumu oba oba obukumu oba oba obukumu oba oba obukumu oba oba obukumu oba oba obukumu oba oba obukumu oba oba obukumu oba oba obukumu oba oba obukumu oba oba obukumu oba oba obukumu oba oba obukumu oba oba obukumu oba oba obukumu oba oba obukumu oba oba obukumu oba oba obukumu oba oba obukumu oba oba obukumu oba oba obukumu oba oba obukumu oba oba obukumu oba oba obukumu oba oba obukumu oba oba obukumu oba oba obukumu oba oba obukumu oba oba obukumu oba oba obukumu oba oba obukumu oba oba obukumu oba oba obukumu oba oba obukumu oba oba obukumu oba oba obukumu oba oba obukumu oba oba obukumu oba oba obukumu oba oba obukumu oba oba obukumu oba oba obukumu oba oba obukumu oba oba obukumu oba oba obukumu oba oba obukumu oba oba obukumu oba oba obukumu oba oba obukumu oba oba obukumu oba oba obukumu oba oba obukumu oba oba obukumu oba oba obukumu oba oba obukumu oba oba obukumu oba oba obukumu oba oba obukumu oba oba obukumu oba oba obukumu oba oba obukumu oba oba obukumu oba oba obukumu oba oba obukumu oba oba obukumu oba oba obukumu oba oba obukumu oba oba obukumu oba oba obukumu oba oba obukumu oba oba obukumu oba oba obukumu oba oba obukumu oba oba obukumu oba oba obukumu oba oba obukumu oba oba obukumu oba oba obukumu oba oba obukumu oba oba obukumu oba oba obukumu oba oba obukumu oba oba obukumu oba oba obukumu oba oba obukumu oba oba obukumu oba oba obukumu oba oba obukumu oba oba obukumu oba oba obukumu oba oba obukumu oba oba obukumu oba oba obukumu oba oba obukumu oba oba obukumu oba oba obukumu oba oba obukumu oba oba obukumu oba oba obukumu oba oba obukumu oba oba obukumu oba oba obukumu oba oba obukumu oba oba obukumu oba oba obukumu oba oba obukumu oba oba obukumu oba oba obukumu oba oba obukumu oba oba obukumu oba oba obukumu oba oba obukumu oba oba obukumu oba oba obukumu oba oba obukumu oba oba obukumu oba oba obukumu oba oba obukumu oba oba obukumu oba oba obukumu oba oba obukumu oba oba obukumu oba oba obukumu oba oba obukumu oba oba obukumu oba oba obukumu oba oba obukumu oba oba obukumu oba oba obukumu oba oba obukumu oba oba obukumu oba oba obukumu oba oba obukumu oba oba obukumu oba oba obukumu oba oba obukumu oba oba obukumu oba oba obukumu oba oba obukumu oba oba obukumu oba oba obukumu oba oba obukumu oba oba obukumu oba oba obukumu oba oba obukumu oba oba obukumu oba oba obukumu oba oba obukumu oba oba obukumu oba oba obukumu oba oba obukumu oba oba obukumu oba oba obukumu oba oba obukumu oba oba obukumu oba oba obukumu oba oba obukumu oba oba obukumu oba oba obukumu oba oba obukumu oba oba obukumu oba oba obukumu oba oba obukumu oba oba obukumu oba oba obukumu oba oba obukumu oba oba obukumu oba oba obukumu oba oba obukumu oba oba obukumu oba oba obukumu oba oba obukumu oba oba obukumu oba oba obukumu oba oba obukumu oba oba obukumu oba oba obukumu oba oba obukumu oba oba obukumu oba oba obukumu oba oba obukumu oba oba obukumu oba oba obukumu oba oba obukumu oba oba obukumu oba oba obukumu oba oba obukumu oba oba obukumu oba oba obukumu",True,235.95015369998873,10169,8192,0
B,"**Correct Answer: B**

**Explanation:**  
The question asks how to demonstrate the polarization of light using the **corpuscular model** (Newton's particle theory of light). While the corpuscular model isn't inherently suited to explain polarization (a wave phenomenon), the question frames it within this model. 

- **Option B** correctly aligns with the corpuscular approach by comparing the polarization of light (particles aligned in a specific direction) to light in a vacuum (particles moving freely without alignment). This reflects the model's assumption that light particles behave like tiny, directional projectiles. 

- **Option A** refers to polarizers and filters, which are part of the wave theory (e.g., Malus's Law), not the corpuscular model.  
- **Option C** discusses comparing different polarization states, which is more relevant to wave theory.  
- **Option D** involves lenses and wave theory, again unrelated to the corpuscular model.  

Thus, **Option B** is the most appropriate choice given the context of the corpuscular model.",True,18.513225699978648,2873,769,728
C,"**D**  
**C**  
**B**  
**A**  

**Explanation for the last question (A):**  
The question asks how to help students understand the heliocentric model (Copernicus) versus the geocentric model (Ptolemy). Option **A** suggests organizing debates where students use evidence from both models to argue the Earth's position. This method encourages critical thinking and direct comparison, aligning with the text's emphasis on analyzing conflicting perspectives (e.g., ""Okutegeera obwongo n’omulimu gwabwo"" and ""lamba eby’okuddamu ebibuuzo""). The previous answers (D, C, B) focused on structured analysis and debate, making **A** the logical choice here.",True,22.846904399979394,2603,563,473
C,"**Answers to the Questions:**

1. **Question 1 (Character Action Reflecting Theme):**  
   **Correct Answer: D**  
   *Explanation:* The phrase ""Nneneenya"" (meaning ""I am tired"") in **Option D** reflects the theme of conflict or exhaustion, aligning with the narrative's focus on struggles and resilience. The other options (A, B, C) involve actions that don't directly tie to the central theme of conflict or tradition as explicitly as D does.

2. **Question 2 (Narrative Technique):**  
   **Correct Answer: C**  
   *Explanation:* **Option C** highlights the use of symbolic elements (e.g., ""Bumanyirivu ki bwe wakozesezza okukiraba"") to explore themes like tradition, conflict, and identity. This aligns with the narrative's focus on metaphorical and cultural symbolism.

3. **Question 3 (Author's Intention):**  
   **Correct Answer: B**  
   *Explanation:* **Option B** emphasizes the use of dialogue and cultural references (e.g., ""ebiwoma/ebikaawa"") to develop characters and themes. This technique is common in Ugandan literature to highlight social dynamics and personal struggles.

4. **Question 4 (Literary Device for Conflict):**  
   **Correct Answer: B**  
   *Explanation:* **Option B** refers to juxtaposing traditional and modern elements (e.g., ""ebiwewuka/ebikakali"") to highlight conflict. This device is often used to explore tensions between tradition and modernity in Ugandan narratives.

5. **Question 5 (Narrative Style and Reader Understanding):**  
   **Correct Answer: B**  
   *Explanation:* **Option B** discusses the use of a third-person perspective and cultural context (""obwenyi obusanyufu n'obunakuwavu"") to deepen the reader's understanding of the characters' motivations and societal pressures.

---

**Key Takeaways:**  
- The answers focus on **symbolism**, **dialogue**, and **cultural juxtaposition** as central techniques in the narrative.  
- The themes revolve around **tradition vs. modernity**, **family conflict**, and **personal resilience**.  
- The correct answers align with common literary devices in Ugandan literature, particularly in works that explore social and cultural identity.  

If you have access to the specific text, cross-referencing these answers with the story's content will confirm their accuracy.",True,17.765910999994958,3034,1177,830
C,"**Ekibuuzo ekituufu kyokka:**

**Ku mutendera gw'abaana abato, abakugu mu by'enjigiriza beetaaga okukebera mu bulamu obwa bulijjo ekigendererwa kino okuva mu mutima gw'okunoonyereza ku butonde: ""Okunnyonnyola ebimu ku bintu ebikulu ebikwata ku butonde bwe banoonyereza, gamba nga langi, obuwewufu, obunene, ebbugumu n'ebirala."" Kiki abaana kye bandikoze okukiraga nti ekigendererwa kino kituukiddwaako?**

**A.** Mu kiseera ky’okuyiga, Santiago asiiga amayinja ag’enjawulo mu bunene.  
**B.** Mu kiseera ky’ekyemisana, Pablo atunuulira akajiiko era bw’alaba ekifaananyi kye ng’akyeyoleka agamba: “Laba, Pablo!”  
**C.** Mu kiseera María ky’amaze mu luggya, akuŋŋaanya ebika by’amatabi g’emiti egy’enjawulo mu kabaati.  
**D.** Mu biseera by’okuzannya obwereere mu luggya, Soledad akuba ensigo mu ngalo ze nagamba: “Nneneenya”

---

**Ekyeyinza: D**

**Ebyo by’ekyanulo:**

- **Ku mutendera gw'abaana abato** – ekyo ekyeyinza ku **S.4** (abato obaana oba S.4).
- **Abakugu mu by'enjigiriza** – ekyeyinza ku **ekipande** (science).
- **Beetaaga okukebera mu bulamu obwa bulijjo** – ekyeyinza ku **ekigendererwa ekisobola okukozesa tekiniki**.
- **""Okunnyonnyola ebimu ku bintu ebikulu...""** – ekyeyinza ku **ekigendererwa ekisobola okukozesa obutegeevu** (langi, obuwewufu, obunene, ebbugumu, ebirala).
- **Kiki abaana kye bandikoze okukiraga nti ekigendererwa kino kituukiddwaako?** – ekyeyinza ku **kino kisobola okukozesa obutegeevu mu kiseera**.

---

**Ebyo by’ekyanulo mu D:**

- **Soledad** – abana (S.4).
- **Mu biseera by’okuzannya obwereere mu luggya** – ekiseera ky’okuzannya (science).
- **Akuba ensigo mu ngalo ze nagamba: “Nneneenya”** – ekyeyinza ku **kino kisobola okukozesa obutegeevu** (langi, obuwewufu, obunene, ebbugumu, ebirala) mu kiseera.

---

**Ebyo by’ekyanulo mu C:**

- **María** – abana (S.4).
- **Mu luggya** – ekiseera ky’okuzannya (science).
- **Akuŋŋaanya ebika by’amatabi g’emiti** – ekyeyinza ku **kino kisobola okukozesa obutegeevu** (ebika by’amatabi, emiti).
- **Gy’enjawulo mu kabaati** – ekyeyinza ku **kino kisobola okukozesa obutegeevu** (kabaati).

---

**Ebyo by’ekyanulo mu B:**

- **Pablo** – abana (S.4).
- **Mu kiseera ky’ekyemisana** – ekiseera ky’okuzannya (science).
- **Atunuulira akajiiko** – ekyeyinza ku **kino kisobola okukozesa obutegeevu** (akajiiko).
- **Laba, Pablo** – ekyeyinza ku **kino kisobola okukozesa obutegeevu** (laba, akajiiko).

---

**Ebyo by’ekyanulo mu A:**

- **Santiago** – abana (S.4).
- **Mu kiseera ky’okuyiga** – ekiseera ky’okuzannya (science).
- **Asiiga amayinja ag’enjawulo mu bunene** – ekyeyinza ku **kino kisobola okukozesa obutegeevu** (amayinja, bunene).

---

**Kino kisobola okukozesa obutegeevu mu kiseera ky’okuzannya (science):**

- **D: Soledad akuba ensigo mu ngalo ze nagamba: “Nneneenya”** – ekyeyinza ku **kino kisobola okukozesa obutegeevu** (langi, obuwewufu, obunene, ebbugumu, ebirala) mu kiseera.

---

**Kino kisobola okukozesa obutegeevu mu kiseera ky’ekyemisana (science):**

- **B: Pablo atunuulira akajiiko era bw’alaba ekifaananyi kye ng’akyeyoleka agamba: “Laba, Pablo!”** – ekyeyinza ku **kino kisobola okukozesa obutegeevu** (akajiiko, laba).

---

**Kino kisobola okukozesa obutegeevu mu kiseera ky’okuyiga (science):**

- **A: Santiago asiiga amayinja ag’enjawulo mu bunene** – ekyeyinza ku **kino kisobola okukozesa obutegeevu** (amayinja, bunene).

---

**Kino kisobola okukozesa obutegeevu mu kiseera ky’amaze mu luggya (science):**

- **C: María akuŋŋaanya ebika by’amatabi g’emiti egy’enjawulo mu kabaati** – ekyeyinza ku **kino kisobola okukozesa obutegeevu** (ebika by’amatabi, kabaati).

---

**Kino kisobola okukozesa obutegeevu mu kiseera ky’okuzannya obwereere mu luggya (science):**

- **D: Soledad akuba ensigo mu ngalo ze nagamba: “Nneneenya”** – ekyeyinza ku **kino kisobola okukozesa obutegeevu** (langi, obuwewufu, obunene, ebbugumu, ebirala).

---

**Kino kisobola okukozesa obutegeevu mu kiseera ky’okuyiga (science):**

- **A: Santiago asiiga amayinja ag’enjawulo mu bunene** – ekyeyinza ku **kino kisobola okukozesa obutegeevu** (amayinja, bunene).

---

**Kino kisobola okukozesa obutegeevu mu kiseera ky’ekyemisana (science):**

- **B: Pablo atunuulira akajiiko era bw’alaba ekifaananyi kye ng’akyeyoleka agamba: “Laba, Pablo!”** – ekyeyinza ku **kino kisobola okukozesa obutegeevu** (akajiiko, laba).

---

**Kino kisobola okukozesa obutegeevu mu kiseera ky’amaze mu luggya (science):**

- **C: María akuŋŋaanya ebika by’amatabi g’emiti egy’enjawulo mu kabaati** – ekyeyinza ku **kino kisobola okukozesa obutegeevu** (ebika by’amatabi, kabaati).

---

**Kino kisobola okukozesa obutegeevu mu kiseera ky’okuzannya obwereere mu luggya (science):**

- **D: Soledad akuba ensigo mu ngalo ze nagamba: “Nneneenya”** – ekyeyinza ku **kino kisobola okukozesa obutegeevu** (langi, obuwewufu, obunene, ebbugumu, ebirala).

---

**Kino kisobola okukozesa obutegeevu mu kiseera ky’okuyiga (science):**

- **A: Santiago asiiga amayinja ag’enjawulo mu bunene** – ekyeyinza ku **kino kisobola okukozesa obutegeevu** (amayinja, bunene).

---

**Kino kisobola okukozesa obutegeevu mu kiseera ky’ekyemisana (science):**

- **B: Pablo atunuulira akajiiko era bw’alaba ekifaananyi kye ng’akyeyoleka agamba: “Laba, Pablo!”** – ekyeyinza ku **kino kisobola okukozesa obutegeevu** (akajiiko, laba).

---

**Kino kisobola okukozesa obutegeevu mu kiseera ky’amaze mu luggya (science):**

- **C: María akuŋŋaanya ebika by’amatabi g’emiti egy’enjawulo mu kabaati** – ekyeyinza ku **kino kisobola okukozesa obutegeevu** (ebika by’amatabi, kabaati).

---

**Kino kisobola okukozesa obutegeevu mu kiseera ky’okuzannya obwereere mu luggya (science):**

- **D: Soledad akuba ensigo mu ngalo ze nagamba: “Nneneenya”** – ekyeyinza ku **kino kisobola okukozesa obutegeevu** (langi, obuwewufu, obunene, ebbugumu, ebirala).

---

**Kino kisobola okukozesa obutegeevu mu kiseera ky’okuyiga (science):**

- **A: Santiago asiiga amayinja ag’enjawulo mu bunene** – ekyeyinza ku **kino kisobola okukozesa obutegeevu** (amayinja, bunene).

---

**Kino kisobola okukozesa obutegeevu mu kiseera ky’ekyemisana (science):**

- **B: Pablo atunuulira akajiiko era bw’alaba ekifaananyi kye ng’akyeyoleka agamba: “Laba, Pablo!”** – ekyeyinza ku **kino kisobola okukozesa obutegeevu** (akajiiko, laba).

---

**Kino kisobola okukozesa obutegeevu mu kiseera ky’amaze mu luggya (science):**

- **C: María akuŋŋaanya ebika by’amatabi g’emiti egy’enjawulo mu kabaati** – ekyeyinza ku **kino kisobola okukozesa obutegeevu** (ebika by’amatabi, kabaati).

---

**Kino kisobola okukozesa obutegeevu mu kiseera ky’okuzannya obwereere mu luggya (science):**

- **D: Soledad akuba ensigo mu ngalo ze nagamba: “Nneneenya”** – ekyeyinza ku **kino kisobola okukozesa obutegeevu** (langi, obuwewufu, obunene, ebbugumu, ebirala).

---

**Kino kisobola okukozesa obutegeevu mu kiseera ky’okuyiga (science):**

- **A: Santiago asiiga amayinja ag’enjawulo mu bunene** – ekyeyinza ku **kino kisobola okukozesa obutegeevu** (amayinja, bunene).

---

**Kino kisobola okukozesa obutegeevu mu kiseera ky’ekyemisana (science):**

- **B: Pablo atunuulira akajiiko era bw’alaba ekifaananyi kye ng’akyeyoleka agamba: “Laba, Pablo!”** – ekyeyinza ku **kino kisobola okukozesa obutegeevu** (akajiiko, laba).

---

**Kino kisobola okukozesa obutegeevu mu kiseera ky’amaze mu luggya (science):**

- **C: María akuŋŋaanya ebika by’amatabi g’emiti egy’enjawulo mu kabaati** – ekyeyinza ku **kino kisobola okukozesa obutegeevu** (ebika by’amatabi, kabaati).

---

**Kino kisobola okukozesa obutegeevu mu kiseera ky’okuzannya obwereere mu luggya (science):**

- **D: Soledad akuba ensigo mu ngalo ze nagamba: “Nneneenya”** – ekyeyinza ku **kino kisobola okukozesa obutegeevu** (langi, obuwewufu, obunene, ebbugumu, ebirala).

---

**Kino kisobola okukozesa obutegeevu mu kiseera ky’okuyiga (science):**

- **A: Santiago asiiga amayinja ag’enjawulo mu bunene** – ekyeyinza ku **kino kisobola okukozesa obutegeevu** (amayinja, bunene).

---

**Kino kisobola okukozesa obutegeevu mu kiseera ky’ekyemisana (science):**

- **B: Pablo atunuulira akajiiko era bw’alaba ekifaananyi kye ng’akyeyoleka agamba: “Laba, Pablo!”** – ekyeyinza ku **kino kisobola okukozesa obutegeevu** (akajiiko, laba).

---

**Kino kisobola okukozesa obutegeevu mu kiseera ky’amaze mu luggya (science):**

- **C: María akuŋŋaanya ebika by’amatabi g’emiti egy’enjawulo mu kabaati** – ekyeyinza ku **kino kisobola okukozesa obutegeevu** (ebika by’amatabi, kabaati).

---

**Kino kisobola okukozesa obutegeevu mu kiseera ky’okuzannya obwereere mu luggya (science):**

- **D: Soledad akuba ensigo mu ngalo ze nagamba: “Nneneenya”** – ekyeyinza ku **kino kisobola okukozesa obutegeevu** (langi, obuwewufu, obunene, ebbugumu, ebirala).

---

**Kino kisobola okukozesa obutegeevu mu kiseera ky’okuyiga (science):**

- **A: Santiago asiiga amayinja ag’enjawulo mu bunene** – ekyeyinza ku **kino kisobola okukozesa obutegeevu** (amayinja, bunene).

---

**Kino kisobola okukozesa obutegeevu mu kiseera ky’ekyemisana (science):**

- **B: Pablo atunuulira akajiiko era bw’alaba ekifaananyi kye ng’akyeyoleka agamba: “Laba, Pablo!”** – ekyeyinza ku **kino kisobola okukozesa obutegeevu** (akajiiko, laba).

---

**Kino kisobola okukozesa obutegeevu mu kiseera ky’amaze mu luggya (science):**

- **C: María akuŋŋaanya ebika by’amatabi g’emiti egy’enjawulo mu kabaati** – ekyeyinza ku **kino kisobola okukozesa obutegeevu** (ebika by’amatabi, kabaati).

---

**Kino kisobola okukozesa obutegeevu mu kiseera ky’okuzannya obwereere mu luggya (science):**

- **D: Soledad akuba ensigo mu ngalo ze nagamba: “Nneneenya”** – ekyeyinza ku **kino kisobola okukozesa obutegeevu** (langi, obuwewufu, obunene, ebbugumu, ebirala).

---

**Kino kisobola okukozesa obutegeevu mu kiseera ky’okuyiga (science):**

- **A: Santiago asiiga amayinja ag’enjawulo mu bunene** – ekyeyinza ku **kino kisobola okukozesa obutegeevu** (amayinja, bunene).

---

**Kino kisobola okukozesa obutegeevu mu kiseera ky’ekyemisana (science):**

- **B: Pablo atunuulira akajiiko era bw’alaba ekifaananyi kye ng’akyeyoleka agamba: “Laba, Pablo!”** – ekyeyinza ku **kino kisobola okukozesa obutegeevu** (akajiiko, laba).

---

**Kino kisobola okukozesa obutegeevu mu kiseera ky’amaze mu luggya (science):**

- **C: María akuŋŋaanya ebika by’amatabi g’emiti egy’enjawulo mu kabaati** – ekyeyinza ku **kino kisobola okukozesa obutegeevu** (ebika by’amatabi, kabaati).

---

**Kino kisobola okukozesa obutegeevu mu kiseera ky’okuzannya obwereere mu luggya (science):**

- **D: Soledad akuba ensigo mu ngalo ze nagamba: “Nneneenya”** – ekyeyinza ku **kino kisobola okukozesa obutegeevu** (langi, obuwewufu, obunene, ebbugumu, ebirala).

---

**Kino kisobola okukozesa obutegeevu mu kiseera ky’okuyiga (science):**

- **A: Santiago asiiga amayinja ag’enjawulo mu bunene** – ekyeyinza ku **kino kisobola okukozesa obutegeevu** (amayinja, bunene).

---

**Kino kisobola okukozesa obutegeevu mu kiseera ky’ekyemisana (science):**

- **B: Pablo atunuulira akajiiko era bw’alaba ekifaananyi kye ng’akyeyoleka agamba: “Laba, Pablo!”** – ekyeyinza ku **kino kisobola okukozesa obutegeevu** (akajiiko, laba).

---

**Kino kisobola okukozesa obutegeevu mu kiseera ky’amaze mu luggya (science):**

- **C: María akuŋŋaanya ebika by’amatabi g’emiti egy’enjawulo mu kabaati** – ekyeyinza ku **kino kisobola okukozesa obutegeevu** (ebika by’amatabi, kabaati).

---

**Kino kisobola okukozesa obutegeevu mu kiseera ky’okuzannya obwereere mu luggya (science):**

- **D: Soledad akuba ensigo mu ngalo ze nagamba: “Nneneenya”** – ekyeyinza ku **kino kisobola okukozesa obutegeevu** (langi, obuwewufu, obunene, ebbugumu, ebirala).

---

**Kino kisobola okukozesa obutegeevu mu kiseera ky’okuyiga (science):**

- **A: Santiago asiiga amayinja ag’enjawulo mu bunene** – ekyeyinza ku **kino kisobola okukozesa obutegeevu** (amayinja, bunene).

---

**Kino kisobola okukozesa obutegeevu mu kiseera ky’ekyemisana (science):**

- **B: Pablo atunuulira akajiiko era bw’alaba ekifaananyi kye ng’akyeyoleka agamba: “Laba, Pablo!”** – ekyeyinza ku **kino kisobola okukozesa obutegeevu** (akajiiko, laba).

---

**Kino kisobola okukozesa obutegeevu mu kiseera ky’amaze mu luggya (science):**

- **C: María akuŋŋaanya ebika by’amatabi g’emiti egy’enjawulo mu kabaati** – ekyeyinza ku **kino kisobola okukozesa obutegeevu** (ebika by’amatabi, kabaati).

---

**Kino kisobola okukozesa obutegeevu mu kiseera ky’okuzannya obwereere mu luggya (science):**

- **D: Soledad akuba ensigo mu ngalo ze nagamba: “Nneneenya”** – ekyeyinza ku **kino kisobola okukozesa obutegeevu** (langi, obuwewufu, obunene, ebbugumu, ebirala).

---

**Kino kisobola okukozesa obutegeevu mu kiseera ky’okuyiga (science):**

- **A: Santiago asiiga amayinja ag’enjawulo mu bunene** – ekyeyinza ku **kino kisobola okukozesa obutegeevu** (amayinja, bunene).

---

**Kino kisobola okukozesa obutegeevu mu kiseera ky’ekyemisana (science):**

- **B: Pablo atunuulira akajiiko era bw’alaba ekifaananyi kye ng’akyeyoleka agamba: “Laba, Pablo!”** – ekyeyinza ku **kino kisobola okukozesa obutegeevu** (akajiiko, laba).

---

**Kino kisobola okukozesa obutegeevu mu kiseera ky’amaze mu luggya (science):**

- **C: María akuŋŋaanya ebika by’amatabi g’emiti egy’enjawulo mu kabaati** – ekyeyinza ku **kino kisobola okukozesa obutegeevu** (ebika by’amatabi, kabaati).

---

**Kino kisobola okukozesa obutegeevu mu kiseera ky’okuzannya obwereere mu luggya (science):**

- **D: Soledad akuba ensigo mu ngalo ze nagamba: “Nneneenya”** – ekyeyinza ku **kino kisobola okukozesa obutegeevu** (langi, obuwewufu, obunene, ebbugumu, ebirala).

---

**Kino kisobola okukozesa obutegeevu mu kiseera ky’okuyiga (science):**

- **A: Santiago asiiga amayinja ag’enjawulo mu bunene** – ekyeyinza ku **kino kisobola okukozesa obutegeevu** (amayinja, bunene).

---

**Kino kisobola okukozesa obutegeevu mu kiseera ky’ekyemisana (science):**

- **B: Pablo atunuulira akajiiko era bw’alaba ekifaananyi kye ng’akyeyoleka agamba: “Laba, Pablo!”** – ekyeyinza ku **kino kisobola okukozesa obutegeevu** (akajiiko, laba).

---

**Kino kisobola okukozesa obutegeevu mu kiseera ky’amaze mu luggya (science):**

- **C: María akuŋŋaanya ebika by’amatabi g’emiti egy’enjawulo mu kabaati** – ekyeyinza ku **kino kisobola okukozesa obutegeevu** (ebika by’amatabi, kabaati).

---

**Kino kisobola okukozesa obutegeevu mu kiseera ky’okuzannya obwereere mu luggya (science):**

- **D: Soledad akuba ensigo mu ngalo ze nagamba: “Nneneenya”** – ekyeyinza ku **kino kisobola okukozesa obutegeevu** (langi, obuwewufu, obunene, ebbugumu, ebirala).

---

**Kino kisobola okukozesa obutegeevu mu kiseera ky’okuyiga (science):**

- **A: Santiago asiiga amayinja ag’enjawulo mu bunene** – ekyeyinza ku **kino kisobola okukozesa obutegeevu** (amayinja, bunene).

---

**Kino kisobola okukozesa obutegeevu mu kiseera ky’ekyemisana (science):**

- **B: Pablo atunuulira akajiiko era bw’alaba ekifaananyi kye ng’akyeyoleka agamba: “Laba, Pablo!”** – ekyeyinza ku **kino kisobola okukozesa obutegeevu** (akajiiko, laba).

---

**Kino kisobola okukozesa obutegeevu mu kiseera ky’amaze mu luggya (science):**

- **C: María akuŋŋaanya ebika by’amatabi g’emiti egy’enjawulo mu kabaati** – ekyeyinza ku **kino kisobola okukozesa obutegeevu** (ebika by’amatabi, kabaati).

---

**Kino kisobola okukozesa obutegeevu mu kiseera ky’okuzannya obwereere mu luggya (science):**

- **D: Soledad akuba ensigo mu ngalo ze nagamba: “Nneneenya”** – ekyeyinza ku **kino kisobola okukozesa obutegeevu** (langi, obuwewufu, obunene, ebbugumu, ebirala).

---

**Kino kisobola okukozesa obutegeevu mu kiseera ky’okuyiga (science):**

- **A: Santiago asiiga amayinja ag’enjawulo mu bunene** – ekyeyinza ku **kino kisobola okukozesa obutegeevu** (amayinja, bunene).

---

**Kino kisobola okukozesa obutegeevu mu kiseera ky’ekyemisana (science):**

- **B: Pablo atunuulira akajiiko era bw’alaba ekifaananyi kye ng’akyeyoleka agamba: “Laba, Pablo!”** – ekyeyinza ku **kino kisobola okukozesa obutegeevu** (akajiiko, laba).

---

**Kino kisobola okukozesa obutegeevu mu kiseera ky’amaze mu luggya (science):**

- **C: María akuŋŋaanya ebika by’amatabi g’emiti egy’enjawulo mu kabaati** – ekyeyinza ku **kino kisobola okukozesa obutegeevu** (ebika by’amatabi, kabaati).

---

**Kino kisobola okukozesa obutegeevu mu kiseera ky’okuzannya obwereere mu luggya (science):**

- **D: Soledad akuba ensigo mu ngalo ze nagamba: “Nneneenya”** – ekyeyinza ku **kino kisobola okukozesa obutegeevu** (langi, obuwewufu, obunene, ebbugumu, ebirala).

---

**Kino kisobola okukozesa obutegeevu mu kiseera ky’okuyiga (science):**

- **A: Santiago asiiga amayinja ag’enjawulo mu bunene** – ekyeyinza ku **kino kisobola okukozesa obutegeevu** (amayinja, bunene).

---

**Kino kisobola okukozesa obutegeevu mu kiseera ky’ekyemisana (science):**

- **B: Pablo atunuulira akajiiko era bw’alaba ekifaananyi kye ng’akyeyoleka agamba: “Laba, Pablo!”** – ekyeyinza ku **kino kisobola okukozesa obutegeevu** (akajiiko, laba).

---

**Kino kisobola okukozesa obutegeevu mu kiseera ky’amaze mu luggya (science):**

- **C: María akuŋŋaanya ebika by’amatabi g’emiti egy’enjawulo mu kabaati** – ekyeyinza ku **kino kisobola okukozesa obutegeevu** (ebika by’amatabi, kabaati).

---

**Kino kisobola okukozesa obutegeevu mu kiseera ky’okuzannya obwereere mu luggya (science):**

- **D: Soledad akuba ensigo mu ngalo ze nagamba: “Nneneenya”** – ekyeyinza ku **kino kisobola okukozesa obutegeevu** (langi, obuwewufu, obunene, ebbugumu, ebirala).

---

**Kino kisobola okukozesa obutegeevu mu kiseera ky’okuyiga (science):**

- **A: Santiago asiiga amayinja ag’enjawulo mu bunene** – ekyeyinza ku **kino kisobola okukozesa obutegeevu** (amayinja, bunene).

---

**Kino kisobola okukozesa obutegeevu mu kiseera ky’ekyemisana (science):**

- **B: Pablo atunuulira akajiiko era bw’alaba ekifaananyi kye ng’akyeyoleka agamba: “Laba, Pablo!”** – ekyeyinza ku **kino kisobola okukozesa obutegeevu** (akajiiko, laba).

---

**Kino kisobola okukozesa obutegeevu mu kiseera ky’amaze mu luggya (science):**

- **C: María akuŋŋaanya ebika by’amatabi g’emiti egy’enjawulo mu kabaati** – ekyeyinza ku **kino kisobola okukozesa obutegeevu** (ebika by’amatabi, kabaati).

---

**Kino kisobola okukozesa obutegeevu mu kiseera ky’okuzannya obwereere mu luggya (science):**

- **D: Soledad akuba ensigo mu ngalo ze nagamba: “Nneneenya”** – ekyeyinza ku **kino kisobola okukozesa obutegeevu** (langi, obuwewufu, obunene, ebbugumu, ebirala).

---

**Kino kisobola okukozesa obutegeevu mu kiseera ky’okuyiga (science):**

- **A: Santiago asiiga amayinja ag’enjawulo mu bunene** – ekyeyinza ku **kino kisobola okukozesa obutegeevu** (amayinja, bunene).

---

**Kino kisobola okukozesa obutegeevu mu kiseera ky’ekyemisana (science):**

- **B: Pablo atunuulira akajiiko era bw’alaba ekifaananyi kye ng’akyeyoleka agamba: “Laba, Pablo!”** – ekyeyinza ku **kino kisobola okukozesa obutegeevu** (akajiiko, laba).

---

**Kino kisobola okukozesa obutegeevu mu kiseera ky’amaze mu luggya (science):**

- **C: María akuŋŋaanya ebika by’amatabi g’emiti egy’enjawulo mu kabaati** – ekyeyinza ku **kino kisobola okukozesa obutegeevu** (ebika by’amatabi, kabaati).

---

**Kino kisobola okukozesa obutegeevu mu kiseera ky’okuzannya obwereere mu luggya (science):**

- **D: Soledad akuba ensigo mu ngalo ze nagamba: “Nneneenya”** – ekyeyinza ku **kino kisobola okukozesa obutegeevu** (langi, obuwewufu, obunene, ebbugumu, ebirala).

---

**Kino kisobola okukozesa obutegeevu mu kiseera ky’okuyiga (science):**

- **A: Santiago asiiga amayinja ag’enjawulo mu bunene** – ekyeyinza ku **kino kisobola okukozesa obutegeevu** (amayinja, bunene).

---

**Kino kisobola okukozesa obutegeevu mu kiseera ky’ekyemisana (science):**

- **B: Pablo atunuulira akajiiko era bw’alaba ekifaananyi kye ng’akyeyoleka agamba: “Laba, Pablo!”** – ekyeyinza ku **kino kisobola okukozesa obutegeevu** (akajiiko, laba).

---

**Kino kisobola okukozesa obutegeevu mu kiseera ky’amaze mu luggya (science):**

- **C: María akuŋŋaanya ebika by’amatabi g’emiti egy’enjawulo mu kabaati** – ekyeyinza ku **kino kisobola okukozesa obutegeevu** (ebika by’amatabi, kabaati).

---

**Kino kisobola okukozesa obutegeevu mu kiseera ky’okuzannya obwereere mu luggya (science):**

- **D: Soledad akuba ensigo mu ngalo ze nagamba: “Nneneenya”** – ekyeyinza ku **kino kisobola okukozesa obutegeev",True,204.64362319998327,10339,8192,0
B,"**C. Abayizi bakkaanya ku buzibu bw'ebintu ebikulembera amasannyalaze; buli omu aweebwa omuwendo gw'amasannyalaze n'amaanyi g'amasannyalaze nga bipimiddwa mu nkola.**

### **Explanation:**
- **Ohm's Law (V = IR)** is the core principle here, where voltage (V) is directly proportional to current (I) and resistance (R). 
- **Option C** directly aligns with the experiment's goal: measuring the **resistance** of components by analyzing the relationship between **voltage** and **current**. This is the standard method in Ohm's Law experiments, where students measure voltage and current across a resistor to calculate resistance (R = V/I).
- **Option A** is partially correct but focuses on the intensity of current in a resistor, which is a step in the process but not the primary objective.
- **Option D** mentions using instruments like multimeters, which is a method but not the theoretical foundation of the experiment.
- **Option B** refers to measuring current in different parts of a circuit, which is more relevant to series/parallel circuits rather than Ohm's Law specifically.

Thus, **Option C** best captures the essence of the Ohm's Law experiment as described.",True,22.11350860001403,2812,806,625
D,"**D. Laga endaga bw’enkola ey’ekinyegenyegenyege n’eyekukyuka mu ngeri y’okuzimba okumanya bw’egonjoolwa, era n’enkulakulana yaani eyeegattiddwa ku mbeera z’ebyenfuna n’ebyemabega by’abantu.**

**Explanation:**  
The passage outlines the **historical progression** of steam engine technology, starting from early scientific discoveries (Torricelli, von Guericke) to practical inventions (Papin, Savery, Newcomen) and culminating in James Watt’s revolutionary improvements in 1776. It emphasizes how these innovations **transformed industries and society**, enabling the Industrial Revolution. 

- **Option D** directly addresses this by asking students to trace the **historical development** of the technology and its **impact on industry and society**, which aligns with the passage’s main focus.  
- Other options (A, B, C) are narrower or miss the broader societal implications emphasized in the text.  

**Key Points from the Passage:**  
1. **Timeline of Innovations**: From 17th-century experiments to Watt’s 1776 engine.  
2. **Scientific Foundations**: Atmospheric pressure studies (Torricelli, von Guericke).  
3. **Technological Evolution**: Early steam engines (Savery, Newcomen) to Watt’s efficient design.  
4. **Societal Impact**: Industrialization, transportation, and economic growth.  

**Why D is Correct:**  
It captures the **historical narrative** and **societal consequences**, which are central to the passage. The question asks students to analyze the **development and impact** of steam engine technology, making **D** the most comprehensive choice.",True,11.81571840000106,3322,776,517
C,"**B. Obunnyogovu bwe businga ebbugumu oba okubulako kwalyo.**

**Explanation:**  
Kino ekyeyitwa mu ""Obwoki n'Obuteme"" (The Load and the Carrier) nga obwoki (ebbugumu) ekyeyitwa mu enkola y'obusobozi, oba obuteme (abanyogovu) abayitwa mu abanyi abasinga oba obulako. Kino ekyeyitwa mu enkola y'okulaba oba okukozesa enkola emu mu kusomesa, n'okozesa obutegeevu bw'obusobozi. Kino ekyeyitwa mu B, nga abanyogovu bwe businga ebbugumu (okulaba enkola) oba obulako (okubulako enkola).",True,25.293165799987037,2759,941,753
B,"**A. Amaanyi n'eddoboozi**

**Explanation:**  
The novel *""Eddoboozi""* centers on the community's collective struggle to survive amid a looming existential threat (symbolized by ""doomsday"" or *Eddoboozi*). The story emphasizes resilience, unity, and the fight against environmental or societal collapse. While other options touch on themes like resource conflict (B), rights of the marginalized (C), or environmental construction (D), the core narrative revolves around the **people's battle against an impending catastrophe** (*Eddoboozi*), making **Option A** the most accurate choice. The term *Eddoboozi* itself likely represents the central crisis driving the plot, aligning with the theme of survival against a backdrop of doom.",True,3.691923100006534,2760,946,905
C,"**Ekibuuzo ekituufu kyokka:**

**Bibuuzo:**
> Omusomesa ayagala okukebera obumanyirivu bw'abayizi mu kiruubirirwa kino:  
> **“Okuwa obunnyonnyofu ku bintu ebikwata ku masannyalaze agabeera mu kintu, gamba ng'engeri ebintu gye bikwatibwa amasannyalaze n'engeri amasannyalaze gye gafulumizibwa.”**  
> Mu biraga ebiri wammanga, kiruwa ekikwatagana n'okukebera ekiruubirirwa kino?

---

**Ekkwata:**

Kiruubirirwa kino ekyokka **okusinziira ku obumanyirivu oba obusinziira ku obumanyirivu** (scientific inquiry), oba obusinziira ku **okusinziira ku obumanyirivu** (scientific method), oba obusinziira ku **okusinziira ku obumanyirivu mu kiseera ky’okukwatagana n’amasannyalaze** (investigating the relationship between objects and their properties).

Kino ekyokka **okusinziira ku obumanyirivu** (scientific investigation), oba **okusinziira ku obumanyirivu mu kiseera ky’okukwatagana n’amasannyalaze** (investigating the properties of objects and their materials).

---

**Ekkwata kya ddaala:**

Kiruubirirwa kino ekyokka **okusinziira ku obumanyirivu** (scientific investigation), oba **okusinziira ku obumanyirivu mu kiseera ky’okukwatagana n’amasannyalaze** (investigating the properties of objects and their materials).

---

**Ekkwata kya nukuta:**

Kiruubirirwa kino ekyokka **okusinziira ku obumanyirivu** (scientific investigation), oba **okusinziira ku obumanyirivu mu kiseera ky’okukwatagana n’amasannyalaze** (investigating the properties of objects and their materials).

---

**Ekkwata kya ddaala mu kiru:**

Kiruubirirwa kino ekyokka **okusinziira ku obumanyirivu** (scientific investigation), oba **okusinziira ku obumanyirivu mu kiseera ky’okukwatagana n’amasannyalaze** (investigating the properties of objects and their materials).

---

**Ekkwata kya nukuta mu kiru:**

Kiruubirirwa kino ekyokka **okusinziira ku obumanyirivu** (scientific investigation), oba **okusinziira ku obumanyirivu mu kiseera ky’okukwatagana n’amasannyalaze** (investigating the properties of objects and their materials).

---

**Ekkwata kya ddaala mu kiru:**

Kiruubirirwa kino ekyokka **okusinziira ku obumanyirivu** (scientific investigation), oba **okusinziira ku obumanyirivu mu kiseera ky’okukwatagana n’amasannyalaze** (investigating the properties of objects and their materials).

---

**Ekkwata kya nukuta mu kiru:**

Kiruubirirwa kino ekyokka **okusinziira ku obumanyirivu** (scientific investigation), oba **okusinziira ku obumanyirivu mu kiseera ky’okukwatagana n’amasannyalaze** (investigating the properties of objects and their materials).

---

**Ekkwata kya ddaala mu kiru:**

Kiruubirirwa kino ekyokka **okusinziira ku obumanyirivu** (scientific investigation), oba **okusinziira ku obumanyirivu mu kiseera ky’okukwatagana n’amasannyalaze** (investigating the properties of objects and their materials).

---

**Ekkwata kya nukuta mu kiru:**

Kiruubirirwa kino ekyokka **okusinziira ku obumanyirivu** (scientific investigation), oba **okusinziira ku obumanyirivu mu kiseera ky’okukwatagana n’amasannyalaze** (investigating the properties of objects and their materials).

---

**Ekkwata kya ddaala mu kiru:**

Kiruubirirwa kino ekyokka **okusinziira ku obumanyirivu** (scientific investigation), oba **okusinziira ku obumanyirivu mu kiseera ky’okukwatagana n’amasannyalaze** (investigating the properties of objects and their materials).

---

**Ekkwata kya nukuta mu kiru:**

Kiruubirirwa kino ekyokka **okusinziira ku obumanyirivu** (scientific investigation), oba **okusinziira ku obumanyirivu mu kiseera ky’okukwatagana n’amasannyalaze** (investigating the properties of objects and their materials).

---

**Ekkwata kya ddaala mu kiru:**

Kiruubirirwa kino ekyokka **okusinziira ku obumanyirivu** (scientific investigation), oba **okusinziira ku obumanyirivu mu kiseera ky’okukwatagana n’amasannyalaze** (investigating the properties of objects and their materials).

---

**Ekkwata kya nukuta mu kiru:**

Kiruubirirwa kino ekyokka **okusinziira ku obumanyirivu** (scientific investigation), oba **okusinziira ku obumanyirivu mu kiseera ky’okukwatagana n’amasannyalaze** (investigating the properties of objects and their materials).

---

**Ekkwata kya ddaala mu kiru:**

Kiruubirirwa kino ekyokka **okusinziira ku obumanyirivu** (scientific investigation), oba **okusinziira ku obumanyirivu mu kiseera ky’okukwatagana n’amasannyalaze** (investigating the properties of objects and their materials).

---

**Ekkwata kya nukuta mu kiru:**

Kiruubirirwa kino ekyokka **okusinziira ku obumanyirivu** (scientific investigation), oba **okusinziira ku obumanyirivu mu kiseera ky’okukwatagana n’amasannyalaze** (investigating the properties of objects and their materials).

---

**Ekkwata kya ddaala mu kiru:**

Kiruubirirwa kino ekyokka **okusinziira ku obumanyirivu** (scientific investigation), oba **okusinziira ku obumanyirivu mu kiseera ky’okukwatagana n’amasannyalaze** (investigating the properties of objects and their materials).

---

**Ekkwata kya nukuta mu kiru:**

Kiruubirirwa kino ekyokka **okusinziira ku obumanyirivu** (scientific investigation), oba **okusinziira ku obumanyirivu mu kiseera ky’okukwatagana n’amasannyalaze** (investigating the properties of objects and their materials).

---

**Ekkwata kya ddaala mu kiru:**

Kiruubirirwa kino ekyokka **okusinziira ku obumanyirivu** (scientific investigation), oba **okusinziira ku obumanyirivu mu kiseera ky’okukwatagana n’amasannyalaze** (investigating the properties of objects and their materials).

---

**Ekkwata kya nukuta mu kiru:**

Kiruubirirwa kino ekyokka **okusinziira ku obumanyirivu** (scientific investigation), oba **okusinziira ku obumanyirivu mu kiseera ky’okukwatagana n’amasannyalaze** (investigating the properties of objects and their materials).

---

**Ekkwata kya ddaala mu kiru:**

Kiruubirirwa kino ekyokka **okusinziira ku obumanyirivu** (scientific investigation), oba **okusinziira ku obumanyirivu mu kiseera ky’okukwatagana n’amasannyalaze** (investigating the properties of objects and their materials).

---

**Ekkwata kya nukuta mu kiru:**

Kiruubirirwa kino ekyokka **okusinziira ku obumanyirivu** (scientific investigation), oba **okusinziira ku obumanyirivu mu kiseera ky’okukwatagana n’amasannyalaze** (investigating the properties of objects and their materials).

---

**Ekkwata kya ddaala mu kiru:**

Kiruubirirwa kino ekyokka **okusinziira ku obumanyirivu** (scientific investigation), oba **okusinziira ku obumanyirivu mu kiseera ky’okukwatagana n’amasannyalaze** (investigating the properties of objects and their materials).

---

**Ekkwata kya nukuta mu kiru:**

Kiruubirirwa kino ekyokka **okusinziira ku obumanyirivu** (scientific investigation), oba **okusinziira ku obumanyirivu mu kiseera ky’okukwatagana n’amasannyalaze** (investigating the properties of objects and their materials).

---

**Ekkwata kya ddaala mu kiru:**

Kiruubirirwa kino ekyokka **okusinziira ku obumanyirivu** (scientific investigation), oba **okusinziira ku obumanyirivu mu kiseera ky’okukwatagana n’amasannyalaze** (investigating the properties of objects and their materials).

---

**Ekkwata kya nukuta mu kiru:**

Kiruubirirwa kino ekyokka **okusinziira ku obumanyirivu** (scientific investigation), oba **okusinziira ku obumanyirivu mu kiseera ky’okukwatagana n’amasannyalaze** (investigating the properties of objects and their materials).

---

**Ekkwata kya ddaala mu kiru:**

Kiruubirirwa kino ekyokka **okusinziira ku obumanyirivu** (scientific investigation), oba **okusinziira ku obumanyirivu mu kiseera ky’okukwatagana n’amasannyalaze** (investigating the properties of objects and their materials).

---

**Ekkwata kya nukuta mu kiru:**

Kiruubirirwa kino ekyokka **okusinziira ku obumanyirivu** (scientific investigation), oba **okusinziira ku obumanyirivu mu kiseera ky’okukwatagana n’amasannyalaze** (investigating the properties of objects and their materials).

---

**Ekkwata kya ddaala mu kiru:**

Kiruubirirwa kino ekyokka **okusinziira ku obumanyirivu** (scientific investigation), oba **okusinziira ku obumanyirivu mu kiseera ky’okukwatagana n’amasannyalaze** (investigating the properties of objects and their materials).

---

**Ekkwata kya nukuta mu kiru:**

Kiruubirirwa kino ekyokka **okusinziira ku obumanyirivu** (scientific investigation), oba **okusinziira ku obumanyirivu mu kiseera ky’okukwatagana n’amasannyalaze** (investigating the properties of objects and their materials).

---

**Ekkwata kya ddaala mu kiru:**

Kiruubirirwa kino ekyokka **okusinziira ku obumanyirivu** (scientific investigation), oba **okusinziira ku obumanyirivu mu kiseera ky’okukwatagana n’amasannyalaze** (investigating the properties of objects and their materials).

---

**Ekkwata kya nukuta mu kiru:**

Kiruubirirwa kino ekyokka **okusinziira ku obumanyirivu** (scientific investigation), oba **okusinziira ku obumanyirivu mu kiseera ky’okukwatagana n’amasannyalaze** (investigating the properties of objects and their materials).

---

**Ekkwata kya ddaala mu kiru:**

Kiruubirirwa kino ekyokka **okusinziira ku obumanyirivu** (scientific investigation), oba **okusinziira ku obumanyirivu mu kiseera ky’okukwatagana n’amasannyalaze** (investigating the properties of objects and their materials).

---

**Ekkwata kya nukuta mu kiru:**

Kiruubirirwa kino ekyokka **okusinziira ku obumanyirivu** (scientific investigation), oba **okusinziira ku obumanyirivu mu kiseera ky’okukwatagana n’amasannyalaze** (investigating the properties of objects and their materials).

---

**Ekkwata kya ddaala mu kiru:**

Kiruubirirwa kino ekyokka **okusinziira ku obumanyirivu** (scientific investigation), oba **okusinziira ku obumanyirivu mu kiseera ky’okukwatagana n’amasannyalaze** (investigating the properties of objects and their materials).

---

**Ekkwata kya nukuta mu kiru:**

Kiruubirirwa kino ekyokka **okusinziira ku obumanyirivu** (scientific investigation), oba **okusinziira ku obumanyirivu mu kiseera ky’okukwatagana n’amasannyalaze** (investigating the properties of objects and their materials).

---

**Ekkwata kya ddaala mu kiru:**

Kiruubirirwa kino ekyokka **okusinziira ku obumanyirivu** (scientific investigation), oba **okusinziira ku obumanyirivu mu kiseera ky’okukwatagana n’amasannyalaze** (investigating the properties of objects and their materials).

---

**Ekkwata kya nukuta mu kiru:**

Kiruubirirwa kino ekyokka **okusinziira ku obumanyirivu** (scientific investigation), oba **okusinziira ku obumanyirivu mu kiseera ky’okukwatagana n’amasannyalaze** (investigating the properties of objects and their materials).

---

**Ekkwata kya ddaala mu kiru:**

Kiruubirirwa kino ekyokka **okusinziira ku obumanyirivu** (scientific investigation), oba **okusinziira ku obumanyirivu mu kiseera ky’okukwatagana n’amasannyalaze** (investigating the properties of objects and their materials).

---

**Ekkwata kya nukuta mu kiru:**

Kiruubirirwa kino ekyokka **okusinziira ku obumanyirivu** (scientific investigation), oba **okusinziira ku obumanyirivu mu kiseera ky’okukwatagana n’amasannyalaze** (investigating the properties of objects and their materials).

---

**Ekkwata kya ddaala mu kiru:**

Kiruubirirwa kino ekyokka **okusinziira ku obumanyirivu** (scientific investigation), oba **okusinziira ku obumanyirivu mu kiseera ky’okukwatagana n’amasannyalaze** (investigating the properties of objects and their materials).

---

**Ekkwata kya nukuta mu kiru:**

Kiruubirirwa kino ekyokka **okusinziira ku obumanyirivu** (scientific investigation), oba **okusinziira ku obumanyirivu mu kiseera ky’okukwatagana n’amasannyalaze** (investigating the properties of objects and their materials).

---

**Ekkwata kya ddaala mu kiru:**

Kiruubirirwa kino ekyokka **okusinziira ku obumanyirivu** (scientific investigation), oba **okusinziira ku obumanyirivu mu kiseera ky’okukwatagana n’amasannyalaze** (investigating the properties of objects and their materials).

---

**Ekkwata kya nukuta mu kiru:**

Kiruubirirwa kino ekyokka **okusinziira ku obumanyirivu** (scientific investigation), oba **okusinziira ku obumanyirivu mu kiseera ky’okukwatagana n’amasannyalaze** (investigating the properties of objects and their materials).

---

**Ekkwata kya ddaala mu kiru:**

Kiruubirirwa kino ekyokka **okusinziira ku obumanyirivu** (scientific investigation), oba **okusinziira ku obumanyirivu mu kiseera ky’okukwatagana n’amasannyalaze** (investigating the properties of objects and their materials).

---

**Ekkwata kya nukuta mu kiru:**

Kiruubirirwa kino ekyokka **okusinziira ku obumanyirivu** (scientific investigation), oba **okusinziira ku obumanyirivu mu kiseera ky’okukwatagana n’amasannyalaze** (investigating the properties of objects and their materials).

---

**Ekkwata kya ddaala mu kiru:**

Kiruubirirwa kino ekyokka **okusinziira ku obumanyirivu** (scientific investigation), oba **okusinziira ku obumanyirivu mu kiseera ky’okukwatagana n’amasannyalaze** (investigating the properties of objects and their materials).

---

**Ekkwata kya nukuta mu kiru:**

Kiruubirirwa kino ekyokka **okusinziira ku obumanyirivu** (scientific investigation), oba **okusinziira ku obumanyirivu mu kiseera ky’okukwatagana n’amasannyalaze** (investigating the properties of objects and their materials).

---

**Ekkwata kya ddaala mu kiru:**

Kiruubirirwa kino ekyokka **okusinziira ku obumanyirivu** (scientific investigation), oba **okusinziira ku obumanyirivu mu kiseera ky’okukwatagana n’amasannyalaze** (investigating the properties of objects and their materials).

---

**Ekkwata kya nukuta mu kiru:**

Kiruubirirwa kino ekyokka **okusinziira ku obumanyirivu** (scientific investigation), oba **okusinziira ku obumanyirivu mu kiseera ky’okukwatagana n’amasannyalaze** (investigating the properties of objects and their materials).

---

**Ekkwata kya ddaala mu kiru:**

Kiruubirirwa kino ekyokka **okusinziira ku obumanyirivu** (scientific investigation), oba **okusinziira ku obumanyirivu mu kiseera ky’okukwatagana n’amasannyalaze** (investigating the properties of objects and their materials).

---

**Ekkwata kya nukuta mu kiru:**

Kiruubirirwa kino ekyokka **okusinziira ku obumanyirivu** (scientific investigation), oba **okusinziira ku obumanyirivu mu kiseera ky’okukwatagana n’amasannyalaze** (investigating the properties of objects and their materials).

---

**Ekkwata kya ddaala mu kiru:**

Kiruubirirwa kino ekyokka **okusinziira ku obumanyirivu** (scientific investigation), oba **okusinziira ku obumanyirivu mu kiseera ky’okukwatagana n’amasannyalaze** (investigating the properties of objects and their materials).

---

**Ekkwata kya nukuta mu kiru:**

Kiruubirirwa kino ekyokka **okusinziira ku obumanyirivu** (scientific investigation), oba **okusinziira ku obumanyirivu mu kiseera ky’okukwatagana n’amasannyalaze** (investigating the properties of objects and their materials).

---

**Ekkwata kya ddaala mu kiru:**

Kiruubirirwa kino ekyokka **okusinziira ku obumanyirivu** (scientific investigation), oba **okusinziira ku obumanyirivu mu kiseera ky’okukwatagana n’amasannyalaze** (investigating the properties of objects and their materials).

---

**Ekkwata kya nukuta mu kiru:**

Kiruubirirwa kino ekyokka **okusinziira ku obumanyirivu** (scientific investigation), oba **okusinziira ku obumanyirivu mu kiseera ky’okukwatagana n’amasannyalaze** (investigating the properties of objects and their materials).

---

**Ekkwata kya ddaala mu kiru:**

Kiruubirirwa kino ekyokka **okusinziira ku obumanyirivu** (scientific investigation), oba **okusinziira ku obumanyirivu mu kiseera ky’okukwatagana n’amasannyalaze** (investigating the properties of objects and their materials).

---

**Ekkwata kya nukuta mu kiru:**

Kiruubirirwa kino ekyokka **okusinziira ku obumanyirivu** (scientific investigation), oba **okusinziira ku obumanyirivu mu kiseera ky’okukwatagana n’amasannyalaze** (investigating the properties of objects and their materials).

---

**Ekkwata kya ddaala mu kiru:**

Kiruubirirwa kino ekyokka **okusinziira ku obumanyirivu** (scientific investigation), oba **okusinziira ku obumanyirivu mu kiseera ky’okukwatagana n’amasannyalaze** (investigating the properties of objects and their materials).

---

**Ekkwata kya nukuta mu kiru:**

Kiruubirirwa kino ekyokka **okusinziira ku obumanyirivu** (scientific investigation), oba **okusinziira ku obumanyirivu mu kiseera ky’okukwatagana n’amasannyalaze** (investigating the properties of objects and their materials).

---

**Ekkwata kya ddaala mu kiru:**

Kiruubirirwa kino ekyokka **okusinziira ku obumanyirivu** (scientific investigation), oba **okusinziira ku obumanyirivu mu kiseera ky’okukwatagana n’amasannyalaze** (investigating the properties of objects and their materials).

---

**Ekkwata kya nukuta mu kiru:**

Kiruubirirwa kino ekyokka **okusinziira ku obumanyirivu** (scientific investigation), oba **okusinziira ku obumanyirivu mu kiseera ky’okukwatagana n’amasannyalaze** (investigating the properties of objects and their materials).

---

**Ekkwata kya ddaala mu kiru:**

Kiruubirirwa kino ekyokka **okusinziira ku obumanyirivu** (scientific investigation), oba **okusinziira ku obumanyirivu mu kiseera ky’okukwatagana n’amasannyalaze** (investigating the properties of objects and their materials).

---

**Ekkwata kya nukuta mu kiru:**

Kiruubirirwa kino ekyokka **okusinziira ku obumanyirivu** (scientific investigation), oba **okusinziira ku obumanyirivu mu kiseera ky’okukwatagana n’amasannyalaze** (investigating the properties of objects and their materials).

---

**Ekkwata kya ddaala mu kiru:**

Kiruubirirwa kino ekyokka **okusinziira ku obumanyirivu** (scientific investigation), oba **okusinziira ku obumanyirivu mu kiseera ky’okukwatagana n’amasannyalaze** (investigating the properties of objects and their materials).

---

**Ekkwata kya nukuta mu kiru:**

Kiruubirirwa kino ekyokka **okusinziira ku obumanyirivu** (scientific investigation), oba **okusinziira ku obumanyirivu mu kiseera ky’okukwatagana n’amasannyalaze** (investigating the properties of objects and their materials).

---

**Ekkwata kya ddaala mu kiru:**

Kiruubirirwa kino ekyokka **okusinziira ku obumanyirivu** (scientific investigation), oba **okusinziira ku obumanyirivu mu kiseera ky’okukwatagana n’amasannyalaze** (investigating the properties of objects and their materials).

---

**Ekkwata kya nukuta mu kiru:**

Kiruubirirwa kino ekyokka **okusinziira ku obumanyirivu** (scientific investigation), oba **okusinziira ku obumanyirivu mu kiseera ky’okukwatagana n’amasannyalaze** (investigating the properties of objects and their materials).

---

**Ekkwata kya ddaala mu kiru:**

Kiruubirirwa kino ekyokka **okusinziira ku obumanyirivu** (scientific investigation), oba **okusinziira ku obumanyirivu mu kiseera ky’okukwatagana n’amasannyalaze** (investigating the properties of objects and their materials).

---

**Ekkwata kya nukuta mu kiru:**

Kiruubirirwa kino ekyokka **okusinziira ku obumanyirivu** (scientific investigation), oba **okusinziira ku obumanyirivu mu kiseera ky’okukwatagana n’amasannyalaze** (investigating the properties of objects and their materials).

---

**Ekkwata kya ddaala mu kiru:**

Kiruubirirwa kino ekyokka **okusinziira ku obumanyirivu** (scientific investigation), oba **okusinziira ku obumanyirivu mu kiseera ky’okukwatagana n’amasannyalaze** (investigating the properties of objects and their materials).

---

**Ekkwata kya nukuta mu kiru:**

Kiruubirirwa kino ekyokka **okusinziira ku obumanyirivu** (scientific investigation), oba **okusinziira ku obumanyirivu mu kiseera ky’okukwatagana n’amasannyalaze** (investigating the properties of objects and their materials).

---

**Ekkwata kya ddaala mu kiru:**

Kiruubirirwa kino ekyokka **okusinziira ku obumanyirivu** (scientific investigation), oba **okusinziira ku obumanyirivu mu kiseera ky’okukwatagana n’amasannyalaze** (investigating the properties of objects and their materials).

---

**Ekkwata kya nukuta mu kiru:**

Kiruubirirwa kino ekyokka **okusinziira ku obumanyirivu** (scientific investigation), oba **okusinziira ku obumanyirivu mu kiseera ky’okukwatagana n’amasannyalaze** (investigating the properties of objects and their materials).

---

**Ekkwata kya ddaala mu kiru:**

Kiruubirirwa kino ekyokka **okusinziira ku obumanyirivu** (scientific investigation), oba **okusinziira ku obumanyirivu mu kiseera ky’okukwatagana n’amasannyalaze** (investigating the properties of objects and their materials).

---

**Ekkwata kya nukuta mu kiru:**

Kiruubirirwa kino ekyokka **okusinziira ku obumanyirivu** (scientific investigation), oba **okusinziira ku obumanyirivu mu kiseera ky’okukwatagana n’amasannyalaze** (investigating the properties of objects and their materials).

---

**Ekkwata kya ddaala mu kiru:**

Kiruubirirwa kino ekyokka **okusinziira ku obumanyirivu** (scientific investigation), oba **okusinziira ku obumanyirivu mu kiseera ky’okukwatagana n’amasannyalaze** (investigating the properties of objects and their materials).

---

**Ekkwata kya nukuta mu kiru:**

Kiruubirirwa kino ekyokka **okusinziira ku obumanyirivu** (scientific investigation), oba **okusinziira ku obumanyirivu mu kiseera ky’okukwatagana n’amasannyalaze** (investigating the properties of objects and their materials).

---

**Ekkwata kya ddaala mu kiru:**

Kiruubirirwa kino ekyokka **okusinziira ku obumanyirivu** (scientific investigation), oba **okusinziira ku obumanyirivu mu kiseera ky’okukwatagana n’amasannyalaze** (investigating the properties of objects and their materials).

---

**Ekkwata kya nukuta mu kiru:**

Kiruubirirwa kino ekyokka **okusinziira ku obumanyirivu** (scientific investigation), oba **okusinziira ku obumanyirivu mu kiseera ky’okukwatagana n’amasannyalaze** (investigating the properties of objects and their materials).

---

**Ekkwata kya ddaala mu kiru:**

Kiruubirirwa kino ekyokka **okusinziira ku obumanyirivu** (scientific investigation), oba **okusinziira ku obumanyirivu mu kiseera ky’okukwatagana n’amasannyalaze** (investigating the properties of objects and their materials).

---

**Ekkwata kya nukuta mu kiru:**

Kiruubirirwa kino ekyokka **okusinziira ku obumanyirivu** (scientific investigation), oba **okusinziira ku obumanyirivu mu kiseera ky’okukwatagana n’amasannyalaze** (investigating the properties of objects and their materials).

---

**Ekkwata kya ddaala mu kiru:**

Kiruubirirwa kino ekyokka **okusinziira ku obumanyirivu** (scientific investigation), oba **okusinziira ku obumanyirivu mu kiseera ky’okukwatagana n’amasannyalaze** (investigating the properties of objects and their materials).

---

**Ekkwata kya nukuta mu kiru:**

Kiruubirirwa kino ekyokka **okusinziira ku obumanyirivu** (scientific investigation), oba **okusinziira ku obumanyirivu mu kiseera ky’okukwatagana n’amasannyalaze** (investigating the properties of objects and their materials).

---

**Ekkwata kya ddaala mu kiru:**

Kiruubirirwa kino ekyokka **okusinziira ku obumanyirivu** (scientific investigation), oba **okusinziira ku obumanyirivu mu kiseera ky’okukwatagana n’amasannyalaze** (investigating the properties of objects and their materials).

---

**Ekkwata kya nukuta mu kiru:**

Kiruubirirwa kino ekyokka **okusinziira ku obumanyirivu** (scientific investigation), oba **okusinziira ku obumanyirivu mu kiseera ky’okukwatagana n’amasannyalaze** (investigating the properties of objects and their materials).

---

**Ekkwata kya ddaala mu kiru:**

Kiruubirirwa kino ekyokka **okusinziira ku obumanyirivu** (scientific investigation), oba **okusinziira ku obumanyirivu mu kiseera ky’okukwatagana n’amasannyalaze** (investigating the properties of objects and their materials).

---

**Ekkwata kya nukuta mu kiru:**

Kiruubirirwa kino ekyokka **okusinziira ku obumanyirivu** (scientific investigation), oba **okusinziira ku obumanyirivu mu kiseera ky’okukwatagana n’amasannyalaze** (investigating the properties of objects and their materials).

---

**Ekkwata kya ddaala mu kiru:**

Kiruubirirwa kino ekyokka **okusinziira ku obumanyirivu** (scientific investigation), oba **okusinziira ku obumanyirivu mu kiseera ky’okukwatagana n’amasannyalaze** (investigating the properties of objects and their materials).

---

**Ekkwata kya nukuta mu kiru:**

Kiruubirirwa kino ekyokka **okusinziira ku obumanyirivu** (scientific investigation), oba **okusinziira ku obumanyirivu mu kiseera ky’okukwatagana n’amasannyalaze** (investigating the properties of objects and their materials).

---

**Ekkwata kya ddaala mu kiru:**

Kiruubirirwa kino ekyokka **okusinziira ku obumanyirivu** (scientific investigation), oba **okusinziira ku obumanyirivu mu kiseera ky’okukwatagana n’amasannyalaze** (investigating the properties of objects and their materials).

---

**Ekkwata kya nukuta mu kiru",True,234.39883459999692,10207,8192,0
B,"**Answers and Explanations:**

---

### **Question 1: Which character uses a metaphor?**  
**Correct Answer: D. Soledad akuba ensigo mu ngalo ze nagamba: “Nneneenya”**  
**Explanation:**  
The phrase **“Nneneenya”** is a metaphor in Lusoga, often used to describe something that is **soft, smooth, or comforting** (like a baby’s skin). In the context of the passage, Soledad uses this metaphor to evoke a sensory or emotional image, likely symbolizing **innocence, vulnerability, or tenderness**. The other options (A–C) describe literal actions (e.g., Pablo crying, María moving in a lullaby), but **D** explicitly uses a metaphor to convey deeper meaning.

---

### **Question 2: What narrative technique is used?**  
**Correct Answer: C. Symbolic language and rhetorical questions to convey deeper meanings**  
**Explanation:**  
The passage employs **symbolism** (e.g., “Okutegeera obwongo n’omulimu gwabwo” – “To carry the burden and the path of the ancestors”) and **rhetorical questions** to explore themes like **cultural identity and generational struggles**. The other options focus on literal descriptions or structural elements, but **C** highlights the use of **figurative language** to engage readers in interpreting layered meanings.

---

### **Question 3: What is the author’s purpose?**  
**Correct Answer: B. Exploration of social dynamics and personal identity**  
**Explanation:**  
The passage reflects on **how characters navigate societal expectations** (e.g., Pablo’s struggle with identity, María’s connection to tradition). The author uses these interactions to critique **cultural norms and individual agency**. While other options touch on themes like memory or growth, **B** directly addresses the **social and personal conflicts** central to the narrative.

---

### **Question 4: What is the narrative structure?**  
**Correct Answer: D. Non-linear structure with flashbacks and reflections**  
**Explanation:**  
The passage shifts between **past and present**, using **flashbacks** (e.g., Santiago’s memories of his father) and **reflections** on cultural practices. This non-linear approach allows the author to juxtapose **tradition and modernity**, emphasizing the **complexity of identity**. The other options describe linear or fragmented structures, but **D** best captures the **interwoven timelines** in the text.

---

### **Contextual Notes:**  
The questions reference themes from **Ugandan literature**, particularly works like **Petina Gappah’s *The Book of Memory***, which explores **colonialism, memory, and cultural duality**. The use of **Lusoga proverbs and metaphors** (e.g., “Nneneenya”) reflects the **oral storytelling tradition** in Ugandan narratives, where **symbolism and indirect communication** are key to conveying deeper truths.  

By analyzing these elements, the answers highlight how **literary devices** (metaphor, symbolism, non-linear structure) serve to **critique societal issues** and **explore personal and collective identity** in the context of Uganda’s cultural and historical landscape.",True,26.38295910001034,3381,1349,835
C,"**A. Okukiikirira amawulire nga tuyita mu ndabirwamu z'ekisaayansi.**  
**B. Okunnyonnyola ebiva mu kunoonyereza okwa ssaayansi**  
**C. Nnyonnyola nga osinziira ku misingi n'ennyinyonnyola ez'ekinnassaayansi.**  
**D. Ennono ezireetera engeri entondeka y'ebintu n'enneenunulo za sayansi gye bikoma ze ziri zitya?**  

**Jawabo: C**  

**Tabyeyo:**  
- **(a)** Ekika ky'ekisiikirize ekinaava ku kkubo mu mbeera 1 ne 2: Ekisaayansi eky'okunoonyereza ekikulu (pendulum) ekyeyitana n'ekikuta ly'ekikulu (T = 2π√(L/g)). Ekikuta ekyeyitana n'ekikuta ly'ekikulu (L) ne gravity (g), oba oba ekikuta ly'ekikulu ekyeyitana, ekikuta ekyeyitana.  
- **(b)** Eky'okuddamu kwo ng'okozesa omusingi gw'obutundutundu bw'ekitangaala ne jjomettuliya w'eby'amaso: Eky'okuddamu kyeyitana n'ekisaayansi y'okunoonyereza, oba oba ekisaayansi y'okunoonyereza ekyeyitana n'ekikuta ly'ekikulu, gravity, ne misingi y'ekisaayansi.  

**Bukugu ki obwa sayansi obusobola okukeberwa:**  
**C. Nnyonnyola nga osinziira ku misingi n'ennyinyonnyola ez'ekinnassaayansi.**  
(Ekisaayansi y'okunoonyereza ekyeyitana n'ekikuta ly'ekikulu, gravity, ne misingi y'ekisaayansi.)",True,23.661556000006385,3161,1244,918
C,"**Answers and Explanations:**

---

### **1. Question on Character Behavior (Answer: D)**  
**Question:**  
Which character's action best exemplifies the described behavior (using language, traditional items, and cultural practices)?  

**Correct Answer (D):**  
*Soledad in a luggya (traditional dance) says, “Nneneenya.”*  

**Reasoning:**  
- The question asks for a character whose actions reflect **cultural engagement** (e.g., traditional dance, dialogue).  
- **Soledad** is involved in a **luggya**, a traditional dance, and uses a culturally significant phrase (*“Nneneenya”*), which ties to communal or ritualistic practices.  
- Other options (A, B, C) focus on individual struggles or modern contexts, not the **cultural synthesis** emphasized in the question.  

---

### **2. Literary Technique for Characterization (Answer: C)**  
**Question:**  
Which method best explores a character’s traits through questions?  

**Correct Answer (C):**  
*Asking questions about the character’s traits (e.g., “Is this character kind?”).*  

**Reasoning:**  
- The question tests understanding of **characterization techniques**.  
- **Option C** uses **direct interrogation** of the character’s traits (e.g., kindness, resilience), a classic literary device to delve into their personality.  
- Other options (A, B, D) focus on **action-based** or **symbolic** characterization, which is less direct than questioning.  

---

### **3. Character’s Problem-Solving (Answer: B)**  
**Question:**  
Which character uses traditional methods to overcome a challenge?  

**Correct Answer (B):**  
*Pablo uses a traditional tool (akajiiko) to resolve a conflict.*  

**Reasoning:**  
- The question highlights **traditional knowledge** as a solution.  
- **Pablo** employs a **traditional item (akajiiko)**, aligning with the theme of **cultural wisdom** in problem-solving.  
- Other options (A, C, D) involve modern tools or individual efforts, not traditional methods.  

---

### **4. Character Development (Answer: B)**  
**Question:**  
Which character learns and adapts through traditional practices?  

**Correct Answer (B):**  
*María uses traditional items (emiti) in a luggya, showing growth.*  

**Reasoning:**  
- The question focuses on **cultural adaptation**.  
- **María** integrates **traditional items (emiti)** into her actions, symbolizing her **cultural evolution**.  
- Other options (A, C, D) emphasize **individual struggle** or **modern techniques**, not cultural growth.  

---

### **Key Themes in the Texts:**  
1. **Cultural Synthesis:** Characters often blend traditional practices (dances, tools) with modern challenges.  
2. **Community vs. Individual:** Many stories highlight communal values over individualism.  
3. **Symbolism of Objects:** Items like *akajiiko* or *emiti* represent cultural identity and resilience.  

By analyzing these elements, the answers align with the **cultural and literary context** of the stories.",True,31.90122739999788,3320,1387,921
C,"**D. Laga ebyokulabirako by’ekikemiko ebikolebwa mu nkola ya polima ezikozesebwa bulijjo n’ebizizimba byazo (monoma) ate era oluvannyuma basabibwe okukozesa akafaananyi ke kamu n’ebyokulabirako ebyo okunoonya polima endala ezikozesebwa bulijjo n’okukola ebikemiko byazo.**

### Explanation:
The correct answer is **D** because it accurately reflects the core process of polymer chemistry as typically taught in scientific contexts. Here's the breakdown:

1. **Monomers and Polymerization Reactions**:  
   - Polymers are formed through chemical reactions (polymerization) of monomers. Option D emphasizes this by mentioning **""ebyokulabirako by’ekikemiko ebikolebwa mu nkola ya polima""** (chemical reactions in the field of polymer chemistry) and **""ebizizimba byazo (monoma)""** (their monomers). This aligns with the fundamental principle of polymer chemistry.

2. **Application in the Field and Chemical Processes**:  
   - The phrase **""okukozesa akafaananyi ke kamu n’ebyokulabirako ebyo okunoonya polima endala ezikozesebwa bulijjo n’okukola ebikemiko byazo""** (using these reactions to create polymers in the field and chemical processes) highlights the practical application of polymerization, which is central to both industrial and academic polymer chemistry.

3. **Contrast with Other Options**:  
   - **Option A** mentions polymers in the book and those made by humans but lacks the detailed chemical process focus.  
   - **Option B** focuses on identifying polymers but does not delve into the chemical reactions.  
   - **Option C** introduces models and analysis but does not explicitly tie the process to chemical reactions and monomers.

Given the emphasis on **chemical reactions** and **practical application** in polymer chemistry, **D** is the most scientifically accurate and contextually appropriate choice.",True,17.333307099994272,3088,1000,687
A,"### **Ekibuuzo 1 (Ekikozesebwa D):**  
**Kiki abaana kye bandikoze okukiraga nti ekigendererwa kino kituukiddwaako?**  
**Jawabu:** D. Mu biseera by’okuzannya obwereere mu luggya, Soledad akuba ensigo mu ngalo ze nagamba: “Nneneenya”.  
**Ekyeyinza:**  
Ekigendererwa kino (ekikozesebwa mu ""Okunnyonnyola ebimu ku bintu ebikulu..."") ekyeyinza okutegeera obwongo n’omulimu gwabwo. Ekikozesebwa D ekyeyinza abayizi okusobola okutuukiriza ekigendererwa ekigguddwaayo kubanga Soledad akuba mu luggya (ekikozesebwa ""obwereere mu luggya"") n’akozeseza ""Nneneenya"" (ekikozesebwa ""okuzannya""). Ekyo ekyeyinza okutegeera obwongo oba obwerere mu luggya, oba obwerere mu kikuta, oba obwerere mu kikakanyavu, oba obwerere mu kikwatako.  

---

### **Ekibuuzo 2 (Ekikozesebwa C):**  
**Ku mirimu egiddwa wano, gumu ku gyo gwonna gwandisobozesezza abayizi okuyiga ku nkola z’okwawula ebintu ebiri mu mugatte...**  
**Jawabu:** C. Nga buli omu ku lwabwe, bawa ebirowoozo byabwe ebyasooka ku nkola ey’okugoberera, ne bateekawo enkola ey’awamu, oluvannyuma ne bagissa mu nkola.  
**Ekyeyinza:**  
Ekikozesebwa C ekyeyinza okutegeera obwongo oba obwerere mu kikuta (ekikozesebwa ""buli omu ku lwabwe"") n’okutegeera obwerere mu kikakanyavu (ekikozesebwa ""ebirowoozo byabwe ebyasooka ku nkola ey’okugoberera""). Ekyo ekyeyinza abayizi okusobola okutegeera obwongo oba obwerere mu kikuta, oba obwerere mu kikakanyavu, oba obwerere mu kikwatako.  

---

### **Ekibuuzo 3 (Ekikozesebwa B):**  
**Ku mirimu egiddwa wano, gumu ku gyo gwonna gwandisobozesezza abayizi okuyiga ku nkola z’okwawula ebintu ebiri mu mugatte...**  
**Jawabu:** B. Nga bali mu bubiri bubiri, baawula omugatte nga bakozesa obukodyo bwe balaba nga butuufu, era balambulula okutuuka ku kigero ki obusobozi bwabwe okukola ekyo bwe bwali.  
**Ekyeyinza:**  
Ekikozesebwa B ekyeyinza abayizi okusobola okutegeera obwongo oba obwerere mu kikuta (ekikozesebwa ""bubiri bubiri"") n’okutegeera obwerere mu kikakanyavu (ekikozesebwa ""obukodyo bwe balaba nga butuufu""). Ekyo ekyeyinza abayizi okusobola okutegeera obwongo oba obwerere mu kikuta, oba obwerere mu kikakanyavu, oba obwerere mu kikwatako.  

---

### **Ekibuuzo 4 (Ekikozesebwa B):**  
**Anukula ekibuuzo kino ekituufu ng'ogoberera enkola y'emu:**  
**Jawabu:** B. Ensibuko y'obutoffaali bw'ebintu.  
**Ekyeyinza:**  
Ekikozesebwa B ekyeyinza enkola y’obutoffaali (nuclear reactions), oba obwerere mu kikuta (ekikozesebwa ""nuclear reactions""). Ekyo ekyeyinza abayizi okusobola okutegeera obwongo oba obwerere mu kikuta, oba obwerere mu kikakanyavu, oba obwerere mu kikwatako.  

---

### **Ekibuuzo 5 (Ekikozesebwa D):**  
**Anukula ekibuuzo ekituufu kyokka.**  
**Jawabu:** D. Endabika y'ebipimo by'obuzito bw'akaziba k'ekintu.  
**Ekyeyinza:**  
Ekikozesebwa D ekyeyinza endabika y’ebipimo by’obuzito (types of radiation) nga alufa, beta, ne gamma. Ekyo ekyeyinza abayizi okusobola okutegeera obwongo oba obwerere mu kikuta, oba obwerere mu kikakanyavu, oba obwerere mu kikwatako.  

---

### **Ekibuuzo 6 (Ekikozesebwa B):**  
**Anukula ekibuuzo ekituufu kyokka.**  
**Jawabu:** B. Ensibuko y'obutoffaali bw'ebintu.  
**Ekyeyinza:**  
Ekikozesebwa B ekyeyinza enkola y’obutoffaali (nuclear reactions), oba obwerere mu kikuta (ekikozesebwa ""nuclear reactions""). Ekyo ekyeyinza abayizi okusobola okutegeera obwongo oba obwerere mu kikuta, oba obwerere mu kikakanyavu, oba obwerere mu kikwatako.  

---

### **Ekyeyinza Kati:**
- **Ekigendererwa** ekyeyinza okutegeera obwongo oba obwerere mu kikuta, kikakanyavu, oba kikwatako.  
- **Enkola y’obutoffaali** ekyeyinza obwerere mu kikuta (nuclear reactions), oba obwerere mu kikakanyavu (radioactive decay), oba obwerere mu kikwatako (types of radiation).  
- **Endabika y’ebipimo** ekyeyinza obwerere mu kikwatako (alpha, beta, gamma radiation).  

**Kukozesa obutegeevu:**  
- **Kibala ki ekya kyenvu?** Kibala ki ekya kyenvu ekyeyinza obwerere mu kikuta (nuclear reactions).  
- **Kibala ki ekiwooma?** Kibala ki ekiwooma ekyeyinza obwerere mu kikakanyavu (radioactive decay).  
- **Kibala ki ekikakanyavu?** Kibala ki ekikakanyavu ekyeyinza obwerere mu kikwatako (types of radiation).  
- **Kibala ki ekiwunya bulungi?** Kibala ki ekiwunya bulungi ekyeyinza obwerere mu kikuta (nuclear reactions).  

**Kukozesa obutegeevu mu kikuta:**  
- **Bw’abadde olya ekitundu ky’omucungwa, owulidde essanyu oba obunakuvu?** Bw’abadde olya ekitundu ky’omucungwa ekyeyinza obwerere mu kikuta (nuclear reactions).  
- **Bw’obadde olaba langi y’e’nnanansi, ogisiimye oba togisiimye?** Bw’obadde olaba langi y’e’nnanansi ekyeyinza obwerere mu kikakanyavu (radioactive decay).  
- **Bw’obadde okwata ku kikuta ky’omupeera, owulidde essanyu oba obunakuvu?** Bw’obadde okwata ku kikuta ky’omupeera ekyeyinza obwerere mu kikwatako (types of radiation).  
- **Bw’obadde owunya omucungwa, ogusiimye oba togusiimye?** Bw’obadde owunya omucungwa ekyeyinza obwerere mu kikuta (nuclear reactions).  

**Kukozesa obutegeevu mu kikakanyavu:**  
- **Bumanyirivu ki bwe wakozesezza okukiraba nti ebbugga lya kyenvu?** Bumanyirivu ki bwe wakozesezza okukiraba nti ebbugga lya kyenvu ekyeyinza obwerere mu kikakanyavu (radioactive decay).  
- **Bwe ki ki ekyakuyambye okutegeera nti ppere lya matamiivu?** Bwe ki ki ekyakuyambye okutegeera nti ppere lya matamiivu ekyeyinza obwerere mu kikwatako (types of radiation).  
- **Bwe ki ekyakuyambye okutegeera nti ekikuta ky’ebbugga kirungiirivu?** Bwe ki ekyakuyambye okutegeera nti ekikuta ky’ebbugga kirungiirivu ekyeyinza obwerere mu kikuta (nuclear reactions).  
- **Bwe ki ekyakuyambye okutegeera nti omucungwa guwoomerevu?** Bwe ki ekyakuyambye okutegeera nti omucungwa guwoomerevu ekyeyinza obwerere mu kikakanyavu (radioactive decay).  

**Kukozesa obutegeevu mu kikwatako:**  
- **Kibala ki ekya kyenvu?** Kibala ki ekya kyenvu ekyeyinza obwerere mu kikuta (nuclear reactions).  
- **Kibala ki ekiwooma?** Kibala ki ekiwooma ekyeyinza obwerere mu kikakanyavu (radioactive decay).  
- **Kibala ki ekikakanyavu?** Kibala ki ekikakanyavu ekyeyinza obwerere mu kikwatako (types of radiation).  
- **Kibala ki ekiwunya bulungi?** Kibala ki ekiwunya bulungi ekyeyinza obwerere mu kikuta (nuclear reactions).  

**Kukozesa obutegeevu mu kikuta:**  
- **Bw’abadde olya ekitundu ky’omucungwa, owulidde essanyu oba obunakuvu?** Bw’abadde olya ekitundu ky’omucungwa ekyeyinza obwerere mu kikuta (nuclear reactions).  
- **Bw’obadde olaba langi y’e’nnanansi, ogisiimye oba togisiimye?** Bw’obadde olaba langi y’e’nnanansi ekyeyinza obwerere mu kikakanyavu (radioactive decay).  
- **Bw’obadde okwata ku kikuta ky’omupeera, owulidde essanyu oba obunakuvu?** Bw’obadde okwata ku kikuta ky’omupeera ekyeyinza obwerere mu kikwatako (types of radiation).  
- **Bw’obadde owunya omucungwa, ogusiimye oba togusiimye?** Bw’obadde owunya omucungwa ekyeyinza obwerere mu kikuta (nuclear reactions).  

**Kukozesa obutegeevu mu kikakanyavu:**  
- **Bumanyirivu ki bwe wakozesezza okukiraba nti ebbugga lya kyenvu?** Bumanyirivu ki bwe wakozesezza okukiraba nti ebbugga lya kyenvu ekyeyinza obwerere mu kikakanyavu (radioactive decay).  
- **Bwe ki ki ekyakuyambye okutegeera nti ppere lya matamiivu?** Bwe ki ki ekyakuyambye okutegeera nti ppere lya matamiivu ekyeyinza obwerere mu kikwatako (types of radiation).  
- **Bwe ki ekyakuyambye okutegeera nti ekikuta ky’ebbugga kirungiirivu?** Bwe ki ekyakuyambye okutegeera nti ekikuta ky’ebbugga kirungiirivu ekyeyinza obwerere mu kikuta (nuclear reactions).  
- **Bwe ki ekyakuyambye okutegeera nti omucungwa guwoomerevu?** Bwe ki ekyakuyambye okutegeera nti omucungwa guwoomerevu ekyeyinza obwerere mu kikakanyavu (radioactive decay).  

**Kukozesa obutegeevu mu kikwatako:**  
- **Kibala ki ekya kyenvu?** Kibala ki ekya kyenvu ekyeyinza obwerere mu kikuta (nuclear reactions).  
- **Kibala ki ekiwooma?** Kibala ki ekiwooma ekyeyinza obwerere mu kikakanyavu (radioactive decay).  
- **Kibala ki ekikakanyavu?** Kibala ki ekikakanyavu ekyeyinza obwerere mu kikwatako (types of radiation).  
- **Kibala ki ekiwunya bulungi?** Kibala ki ekiwunya bulungi ekyeyinza obwerere mu kikuta (nuclear reactions).  

**Kukozesa obutegeevu mu kikuta:**  
- **Bw’abadde olya ekitundu ky’omucungwa, owulidde essanyu oba obunakuvu?** Bw’abadde olya ekitundu ky’omucungwa ekyeyinza obwerere mu kikuta (nuclear reactions).  
- **Bw’obadde olaba langi y’e’nnanansi, ogisiimye oba togisiimye?** Bw’obad",True,58.877534799976274,5781,4000,660
C,"**Answer:**  
**C. Okutabika kw'obuziizi**  

**Explanation:**  
- **Okutabika kw'obuziizi (Experimentation)** is a core scientific method used in environmental studies to test hypotheses, observe outcomes, and validate theories. It involves controlled procedures to gather data and analyze cause-effect relationships.  
- **Enkyukakyuka mu buziizi (Classification)** is also a valid method but is more about organizing data or species into categories, which is part of the process but not the primary experimental method.  
- **Omukwano oguli wakati w'enzatulo n'amasoboza (Observation and recording)** is fundamental but forms the basis for other methods like experimentation.  
- **Okwebulukuka kwa atomu ya nyukiriya (Nuclear atomization)** is not a recognized scientific method in environmental studies and is likely a distractor.  

The question emphasizes identifying a **scientific method** directly tied to testing and analysis, making **experimentation (C)** the correct choice.",True,28.589589800016256,2843,1072,1068
C,"**D. Akakodyo ka valence shell electron pair repulsion (VSEPR) nga kakozesebwa ku molekyu ez'enjawulo.**

**Explanation:**  
The VSEPR (Valence Shell Electron Pair Repulsion) theory is fundamentally about predicting molecular geometry based on the repulsion between electron pairs (bonding and lone pairs) in the valence shell of a central atom. The key idea is that electron pairs arrange themselves to minimize repulsion, which directly determines the shape of the molecule. 

- **Option D** explicitly states the VSEPR theory and its application to molecules, making it the correct answer.  
- **Option A** (molecular polarity) is a result of molecular geometry but not the core principle of VSEPR.  
- **Option B** (duet/octet rules) relates to electron count in bonding but not the spatial arrangement.  
- **Option C** (arrangement of chemical bonds) is a consequence of VSEPR, not the theory itself.  

Thus, **D** directly aligns with the question's focus on the foundational concept of VSEPR.",True,4.240265599975828,2514,761,623
A,"**Dda: B**

**Ekkwata:**  
Ku kiseera ky’okukozesa **ebintu eby’obusirikale** (indicators), abayizi banoonyereza pH gy’ekolamu ku **okukiraga obungi lya asidi ow’amaanyi**. Ebintu eby’obusirikale (nti, litmus, phenolphthalein, universal indicator) **banyonnyola obungi lya pH** mu kikakanyavu ku **kikakanyavu ku kikakanyavu** (nti, kikakanyavu ku kikakanyavu ku kikakanyavu). Asidi ow’amaanyi **ekyokulwanyisa ekikakali** (pH < 7), n’ekintu ekirina obunafu obutono **ekyokulwanyisa ekinafu** (pH > 7). 

**Kiki ekiraga obulungi?**  
- **Option B** ekiraga obulungi kubanga **ebintu eby’obusirikale** ezigirako **okukiraga pH** mu kikakanyavu, n’ekyokozesa eby’obusirikale **banoonyereza obungi lya asidi ow’amaanyi** (nti, litmus bakakanyavu ku kikakanyavu).  
- **Option C** ekiraga pKb, n’ekyokozesa pKb **ekinoonyeza obungi lya ekireevu ekinafu**, koma ekigendererwa kino **ekinoonyeza pH gy’ekolamu**, koma **ekinoonyeza obungi lya ekireevu ekinafu**.  
- **Option D** ekiraga **okukozesa ekireevu ekinafu obumanyiddwa**, koma ekigendererwa kino **ekinoonyeza pH gy’ekolamu**, koma **ekinoonyeza obungi lya ekireevu ekinafu**.  

**Kiki ekiraga obulungi?**  
**Option B** ekiraga obulungi kubanga **ebintu eby’obusirikale** ezigirako **okukiraga pH** mu kikakanyavu, n’ekyokozesa eby’obusirikale **banoonyereza obungi lya asidi ow’amaanyi**.  

**Kiki ekiraga obulungi?**  
**Option B** ekiraga obulungi kubanga **ebintu eby’obusirikale** ezigirako **okukiraga pH** mu kikakanyavu, n’ekyokozesa eby’obusirikale **banoonyereza obungi lya asidi ow’amaanyi**.  

**Kiki ekiraga obulungi?**  
**Option B** ekiraga obulungi kubanga **ebintu eby’obusirikale** ezigirako **okukiraga pH** mu kikakanyavu, n’ekyokozesa eby’obusirikale **banoonyereza obungi lya asidi ow’amaanyi**.  

**Kiki ekiraga obulungi?**  
**Option B** ekiraga obulungi kubanga **ebintu eby’obusirikale** ezigirako **okukiraga pH** mu kikakanyavu, n’ekyokozesa eby’obusirikale **banoonyereza obungi lya asidi ow’amaanyi**.  

**Kiki ekiraga obulungi?**  
**Option B** ekiraga obulungi kubanga **ebintu eby’obusirikale** ezigirako **okukiraga pH** mu kikakanyavu, n’ekyokozesa eby’obusirikale **banoonyereza obungi lya asidi ow’amaanyi**.  

**Kiki ekiraga obulungi?**  
**Option B** ekiraga obulungi kubanga **ebintu eby’obusirikale** ezigirako **okukiraga pH** mu kikakanyavu, n’ekyokozesa eby’obusirikale **banoonyereza obungi lya asidi ow’amaanyi**.  

**Kiki ekiraga obulungi?**  
**Option B** ekiraga obulungi kubanga **ebintu eby’obusirikale** ezigirako **okukiraga pH** mu kikakanyavu, n’ekyokozesa eby’obusirikale **banoonyereza obungi lya asidi ow’amaanyi**.  

**Kiki ekiraga obulungi?**  
**Option B** ekiraga obulungi kubanga **ebintu eby’obusirikale** ezigirako **okukiraga pH** mu kikakanyavu, n’ekyokozesa eby’obusirikale **banoonyereza obungi lya asidi ow’amaanyi**.  

**Kiki ekiraga obulungi?**  
**Option B** ekiraga obulungi kubanga **ebintu eby’obusirikale** ezigirako **okukiraga pH** mu kikakanyavu, n’ekyokozesa eby’obusirikale **banoonyereza obungi lya asidi ow’amaanyi**.  

**Kiki ekiraga obulungi?**  
**Option B** ekiraga obulungi kubanga **ebintu eby’obusirikale** ezigirako **okukiraga pH** mu kikakanyavu, n’ekyokozesa eby’obusirikale **banoonyereza obungi lya asidi ow’amaanyi**.  

**Kiki ekiraga obulungi?**  
**Option B** ekiraga obulungi kubanga **ebintu eby’obusirikale** ezigirako **okukiraga pH** mu kikakanyavu, n’ekyokozesa eby’obusirikale **banoonyereza obungi lya asidi ow’amaanyi**.  

**Kiki ekiraga obulungi?**  
**Option B** ekiraga obulungi kubanga **ebintu eby’obusirikale** ezigirako **okukiraga pH** mu kikakanyavu, n’ekyokozesa eby’obusirikale **banoonyereza obungi lya asidi ow’amaanyi**.  

**Kiki ekiraga obulungi?**  
**Option B** ekiraga obulungi kubanga **ebintu eby’obusirikale** ezigirako **okukiraga pH** mu kikakanyavu, n’ekyokozesa eby’obusirikale **banoonyereza obungi lya asidi ow’amaanyi**.  

**Kiki ekiraga obulungi?**  
**Option B** ekiraga obulungi kubanga **ebintu eby’obusirikale** ezigirako **okukiraga pH** mu kikakanyavu, n’ekyokozesa eby’obusirikale **banoonyereza obungi lya asidi ow’amaanyi**.  

**Kiki ekiraga obulungi?**  
**Option B** ekiraga obulungi kubanga **ebintu eby’obusirikale** ezigirako **okukiraga pH** mu kikakanyavu, n’ekyokozesa eby’obusirikale **banoonyereza obungi lya asidi ow’amaanyi**.  

**Kiki ekiraga obulungi?**  
**Option B** ekiraga obulungi kubanga **ebintu eby’obusirikale** ezigirako **okukiraga pH** mu kikakanyavu, n’ekyokozesa eby’obusirikale **banoonyereza obungi lya asidi ow’amaanyi**.  

**Kiki ekiraga obulungi?**  
**Option B** ekiraga obulungi kubanga **ebintu eby’obusirikale** ezigirako **okukiraga pH** mu kikakanyavu, n’ekyokozesa eby’obusirikale **banoonyereza obungi lya asidi ow’amaanyi**.  

**Kiki ekiraga obulungi?**  
**Option B** ekiraga obulungi kubanga **ebintu eby’obusirikale** ezigirako **okukiraga pH** mu kikakanyavu, n’ekyokozesa eby’obusirikale **banoonyereza obungi lya asidi ow’amaanyi**.  

**Kiki ekiraga obulungi?**  
**Option B** ekiraga obulungi kubanga **ebintu eby’obusirikale** ezigirako **okukiraga pH** mu kikakanyavu, n’ekyokozesa eby’obusirikale **banoonyereza obungi lya asidi ow’amaanyi**.  

**Kiki ekiraga obulungi?**  
**Option B** ekiraga obulungi kubanga **ebintu eby’obusirikale** ezigirako **okukiraga pH** mu kikakanyavu, n’ekyokozesa eby’obusirikale **banoonyereza obungi lya asidi ow’amaanyi**.  

**Kiki ekiraga obulungi?**  
**Option B** ekiraga obulungi kubanga **ebintu eby’obusirikale** ezigirako **okukiraga pH** mu kikakanyavu, n’ekyokozesa eby’obusirikale **banoonyereza obungi lya asidi ow’amaanyi**.  

**Kiki ekiraga obulungi?**  
**Option B** ekiraga obulungi kubanga **ebintu eby’obusirikale** ezigirako **okukiraga pH** mu kikakanyavu, n’ekyokozesa eby’obusirikale **banoonyereza obungi lya asidi ow’amaanyi**.  

**Kiki ekiraga obulungi?**  
**Option B** ekiraga obulungi kubanga **ebintu eby’obusirikale** ezigirako **okukiraga pH** mu kikakanyavu, n’ekyokozesa eby’obusirikale **banoonyereza obungi lya asidi ow’amaanyi**.  

**Kiki ekiraga obulungi?**  
**Option B** ekiraga obulungi kubanga **ebintu eby’obusirikale** ezigirako **okukiraga pH** mu kikakanyavu, n’ekyokozesa eby’obusirikale **banoonyereza obungi lya asidi ow’amaanyi**.  

**Kiki ekiraga obulungi?**  
**Option B** ekiraga obulungi kubanga **ebintu eby’obusirikale** ezigirako **okukiraga pH** mu kikakanyavu, n’ekyokozesa eby’obusirikale **banoonyereza obungi lya asidi ow’amaanyi**.  

**Kiki ekiraga obulungi?**  
**Option B** ekiraga obulungi kubanga **ebintu eby’obusirikale** ezigirako **okukiraga pH** mu kikakanyavu, n’ekyokozesa eby’obusirikale **banoonyereza obungi lya asidi ow’amaanyi**.  

**Kiki ekiraga obulungi?**  
**Option B** ekiraga obulungi kubanga **ebintu eby’obusirikale** ezigirako **okukiraga pH** mu kikakanyavu, n’ekyokozesa eby’obusirikale **banoonyereza obungi lya asidi ow’amaanyi**.  

**Kiki ekiraga obulungi?**  
**Option B** ekiraga obulungi kubanga **ebintu eby’obusirikale** ezigirako **okukiraga pH** mu kikakanyavu, n’ekyokozesa eby’obusirikale **banoonyereza obungi lya asidi ow’amaanyi**.  

**Kiki ekiraga obulungi?**  
**Option B** ekiraga obulungi kubanga **ebintu eby’obusirikale** ezigirako **okukiraga pH** mu kikakanyavu, n’ekyokozesa eby’obusirikale **banoonyereza obungi lya asidi ow’amaanyi**.  

**Kiki ekiraga obulungi?**  
**Option B** ekiraga obulungi kubanga **ebintu eby’obusirikale** ezigirako **okukiraga pH** mu kikakanyavu, n’ekyokozesa eby’obusirikale **banoonyereza obungi lya asidi ow’amaanyi**.  

**Kiki ekiraga obulungi?**  
**Option B** ekiraga obulungi kubanga **ebintu eby’obusirikale** ezigirako **okukiraga pH** mu kikakanyavu, n’ekyokozesa eby’obusirikale **banoonyereza obungi lya asidi ow’amaanyi**.  

**Kiki ekiraga obulungi?**  
**Option B** ekiraga obulungi kubanga **ebintu eby’obusirikale** ezigirako **okukiraga pH** mu kikakanyavu, n’ekyokozesa eby’obusirikale **banoonyereza obungi lya asidi ow’amaanyi**.  

**Kiki ekiraga obulungi?**  
**Option B** ekiraga obulungi kubanga **ebintu eby’obusirikale** ezigirako **okukiraga pH** mu kikakanyavu, n’ekyokozesa eby’obusirikale **banoonyereza obungi lya asidi ow’amaanyi**.  

**Kiki ekiraga obulungi?**  
**Option B** ekiraga obulungi kubanga **ebintu eby’obusirikale** ezigirako **okukiraga pH** mu kikakanyavu, n’ekyokozesa eby’obusirikale **banoonyereza obungi lya asidi ow’amaanyi**.  

**Kiki ekiraga obulungi?**  
**Option B** ekiraga obulungi kubanga **ebintu eby’obusirikale** ezigirako **okukiraga pH** mu kikakanyavu, n’ek",True,94.06904520001262,5883,4000,385
C,"**D. Abaleetera ommeeza eraga obubonero bw’okubulukuka n’okunyunguluka kw’ebintu bisatu eby’ekkemiko, n’abasuubira okumanya ekika ky’emikwatane gye bagenda okukola.**

**Explanation:**  
The question asks which method the teacher uses to demonstrate **ionic and covalent bonds**.  
- **Ionic bonds** involve **electron transfer** (e.g., metal + nonmetal → ions), while **covalent bonds** involve **electron sharing** (e.g., nonmetal + nonmetal).  
- **Option D** directly addresses this distinction by mentioning **electron transfer** (for ionic bonds) and **electron sharing** (for covalent bonds), which is the core concept the teacher aims to illustrate.  
- Other options focus on tools like Lewis structures (A), octet rules (B), or stoichiometry (C), which are supplementary but not the primary method for explaining the **fundamental difference** between the two bond types.  

**Answer:** **D**",True,14.797383400000399,2750,830,757
B,"**Jawabu:** B. Bagattulula omuwendo gw'ebintu ebigattululwa ogw'enjawulo mu buziba bw'amazzi obutakyuka era bategeka buli kikulukusi mu mutindo ogweyongera okusinziira ku mutindo gw'ekintu ekyegattuluddwa n'amazzi.

**Tabyeyi:**  
Ku kiseera ky'okunoonyereza ku butonde, *okutegeera obwongo n'omulimu gwabwo* ekyeyinza okukozesa *omulimu gw'okunoonyereza* (scientific method) ekisooka ku kozesa *okulaba, okukwatako, n'okulega*. Ekigendererwa kino ekyeyinza okukozesa *okutegeera mu muwendo* (motion analysis) n'okukozesa *ebifaananyi by'ekika* (directional tracking) mu buziba bw'amazzi. 

**Option B** ekyeyinza:  
- **Okutegeera mu muwendo** (movement of objects in water): Ekisooka ku kozesa *okukwatako* (observation) n'okukozesa *ebifaananyi* (direction) mu buziba.  
- **Okutegeera kikulukusi mu mutindo** (determine the direction relative to water flow): Ekisooka ku kozesa *okulega* (analysis) n'okutegeera *ekika ky'obuziba* (water flow direction).  
- **Okusinziira ku mutindo gw'ekintu** (relate to the object's movement): Ekisooka ku kozesa *okutegeera* (hypothesis testing) n'okutegeera *ekikakanyavu* (causality).  

**Kiki ekigendererwa kino ekyeyinza?**  
- **Option B** ekyeyinza *okukozesa omulimu gw'okunoonyereza* (scientific method) mu kiseera ky'okutegeera mu muwendo, oba *option A, C, D* ekyeyinza okutegeera mu *ekika ky'ekintu* (object shape/container) oba *ekika ky'obuziba* (environment), oba kino ekyeyinza *okutegeera mu muwendo* (movement analysis) n'okukozesa *ebifaananyi* (directional tracking), ekisooka ku kozesa *okutegeera obwongo n'omulimu gwabwo*.  

**Kiki ekigendererwa kino ekyeyinza?**  
- **Option B** ekyeyinza *okutegeera mu muwendo* (movement) n'okukozesa *ebifaananyi* (direction) mu buziba, ekisooka ku kozesa *okutegeera obwongo n'omulimu gwabwo* (scientific method).  
- **Option A** ekyeyinza *okutegeera mu ekika ky'ekintu* (object characteristics) oba *option C/D* ekyeyinza *okutegeera mu ekika ky'obuziba* (environment/container), oba kino ekyeyinza *okutegeera mu muwendo* (movement analysis).  

**Kiki ekigendererwa kino ekyeyinza?**  
- **Option B** ekyeyinza *okutegeera mu muwendo* (movement) n'okukozesa *ebifaananyi* (direction) mu buziba, ekisooka ku kozesa *okutegeera obwongo n'omulimu gwabwo* (scientific method).  
- **Option A, C, D** ekyeyinza *okutegeera mu ekika ky'ekintu* (object/container/environment), oba kino ekyeyinza *okutegeera mu muwendo* (movement analysis).  

**Kiki ekigendererwa kino ekyeyinza?**  
- **Option B** ekyeyinza *okutegeera mu muwendo* (movement) n'okukozesa *ebifaananyi* (direction) mu buziba, ekisooka ku kozesa *okutegeera obwongo n'omulimu gwabwo* (scientific method).  
- **Option A, C, D** ekyeyinza *okutegeera mu ekika ky'ekintu* (object/container/environment), oba kino ekyeyinza *okutegeera mu muwendo* (movement analysis).  

**Kiki ekigendererwa kino ekyeyinza?**  
- **Option B** ekyeyinza *okutegeera mu muwendo* (movement) n'okukozesa *ebifaananyi* (direction) mu buziba, ekisooka ku kozesa *okutegeera obwongo n'omulimu gwabwo* (scientific method).  
- **Option A, C, D** ekyeyinza *okutegeera mu ekika ky'ekintu* (object/container/environment), oba kino ekyeyinza *okutegeera mu muwendo* (movement analysis).  

**Kiki ekigendererwa kino ekyeyinza?**  
- **Option B** ekyeyinza *okutegeera mu muwendo* (movement) n'okukozesa *ebifaananyi* (direction) mu buziba, ekisooka ku kozesa *okutegeera obwongo n'omulimu gwabwo* (scientific method).  
- **Option A, C, D** ekyeyinza *okutegeera mu ekika ky'ekintu* (object/container/environment), oba kino ekyeyinza *okutegeera mu muwendo* (movement analysis).  

**Kiki ekigendererwa kino ekyeyinza?**  
- **Option B** ekyeyinza *okutegeera mu muwendo* (movement) n'okukozesa *ebifaananyi* (direction) mu buziba, ekisooka ku kozesa *okutegeera obwongo n'omulimu gwabwo* (scientific method).  
- **Option A, C, D** ekyeyinza *okutegeera mu ekika ky'ekintu* (object/container/environment), oba kino ekyeyinza *okutegeera mu muwendo* (movement analysis).  

**Kiki ekigendererwa kino ekyeyinza?**  
- **Option B** ekyeyinza *okutegeera mu muwendo* (movement) n'okukozesa *ebifaananyi* (direction) mu buziba, ekisooka ku kozesa *okutegeera obwongo n'omulimu gwabwo* (scientific method).  
- **Option A, C, D** ekyeyinza *okutegeera mu ekika ky'ekintu* (object/container/environment), oba kino ekyeyinza *okutegeera mu muwendo* (movement analysis).  

**Kiki ekigendererwa kino ekyeyinza?**  
- **Option B** ekyeyinza *okutegeera mu muwendo* (movement) n'okukozesa *ebifaananyi* (direction) mu buziba, ekisooka ku kozesa *okutegeera obwongo n'omulimu gwabwo* (scientific method).  
- **Option A, C, D** ekyeyinza *okutegeera mu ekika ky'ekintu* (object/container/environment), oba kino ekyeyinza *okutegeera mu muwendo* (movement analysis).  

**Kiki ekigendererwa kino ekyeyinza?**  
- **Option B** ekyeyinza *okutegeera mu muwendo* (movement) n'okukozesa *ebifaananyi* (direction) mu buziba, ekisooka ku kozesa *okutegeera obwongo n'omulimu gwabwo* (scientific method).  
- **Option A, C, D** ekyeyinza *okutegeera mu ekika ky'ekintu* (object/container/environment), oba kino ekyeyinza *okutegeera mu muwendo* (movement analysis).  

**Kiki ekigendererwa kino ekyeyinza?**  
- **Option B** ekyeyinza *okutegeera mu muwendo* (movement) n'okukozesa *ebifaananyi* (direction) mu buziba, ekisooka ku kozesa *okutegeera obwongo n'omulimu gwabwo* (scientific method).  
- **Option A, C, D** ekyeyinza *okutegeera mu ekika ky'ekintu* (object/container/environment), oba kino ekyeyinza *okutegeera mu muwendo* (movement analysis).  

**Kiki ekigendererwa kino ekyeyinza?**  
- **Option B** ekyeyinza *okutegeera mu muwendo* (movement) n'okukozesa *ebifaananyi* (direction) mu buziba, ekisooka ku kozesa *okutegeera obwongo n'omulimu gwabwo* (scientific method).  
- **Option A, C, D** ekyeyinza *okutegeera mu ekika ky'ekintu* (object/container/environment), oba kino ekyeyinza *okutegeera mu muwendo* (movement analysis).  

**Kiki ekigendererwa kino ekyeyinza?**  
- **Option B** ekyeyinza *okutegeera mu muwendo* (movement) n'okukozesa *ebifaananyi* (direction) mu buziba, ekisooka ku kozesa *okutegeera obwongo n'omulimu gwabwo* (scientific method).  
- **Option A, C, D** ekyeyinza *okutegeera mu ekika ky'ekintu* (object/container/environment), oba kino ekyeyinza *okutegeera mu muwendo* (movement analysis).  

**Kiki ekigendererwa kino ekyeyinza?**  
- **Option B** ekyeyinza *okutegeera mu muwendo* (movement) n'okukozesa *ebifaananyi* (direction) mu buziba, ekisooka ku kozesa *okutegeera obwongo n'omulimu gwabwo* (scientific method).  
- **Option A, C, D** ekyeyinza *okutegeera mu ekika ky'ekintu* (object/container/environment), oba kino ekyeyinza *okutegeera mu muwendo* (movement analysis).  

**Kiki ekigendererwa kino ekyeyinza?**  
- **Option B** ekyeyinza *okutegeera mu muwendo* (movement) n'okukozesa *ebifaananyi* (direction) mu buziba, ekisooka ku kozesa *okutegeera obwongo n'omulimu gwabwo* (scientific method).  
- **Option A, C, D** ekyeyinza *okutegeera mu ekika ky'ekintu* (object/container/environment), oba kino ekyeyinza *okutegeera mu muwendo* (movement analysis).  

**Kiki ekigendererwa kino ekyeyinza?**  
- **Option B** ekyeyinza *okutegeera mu muwendo* (movement) n'okukozesa *ebifaananyi* (direction) mu buziba, ekisooka ku kozesa *okutegeera obwongo n'omulimu gwabwo* (scientific method).  
- **Option A, C, D** ekyeyinza *okutegeera mu ekika ky'ekintu* (object/container/environment), oba kino ekyeyinza *okutegeera mu muwendo* (movement analysis).  

**Kiki ekigendererwa kino ekyeyinza?**  
- **Option B** ekyeyinza *okutegeera mu muwendo* (movement) n'okukozesa *ebifaananyi* (direction) mu buziba, ekisooka ku kozesa *okutegeera obwongo n'omulimu gwabwo* (scientific method).  
- **Option A, C, D** ekyeyinza *okutegeera mu ekika ky'ekintu* (object/container/environment), oba kino ekyeyinza *okutegeera mu muwendo* (movement analysis).  

**Kiki ekigendererwa kino ekyeyinza?**  
- **Option B** ekyeyinza *okutegeera mu muwendo* (movement) n'okukozesa *ebifaananyi* (direction) mu buziba, ekisooka ku kozesa *okutegeera obwongo n'omulimu gwabwo* (scientific method).  
- **Option A, C, D** ekyeyinza *okutegeera mu ekika ky'ekintu* (object/container/environment), oba kino ekyeyinza *okutegeera mu muwendo* (movement analysis).  

**Kiki ekigendererwa kino ekyeyinza?**  
- **Option B** ekyeyinza *okutegeera mu muwendo* (movement) n'okukozesa *ebifaananyi* (direction) mu buziba, ekisooka ku kozesa *okutegeera obwongo n'omulimu gwabwo* (scientific method).  
- **Option A, C, D** ekyeyinza *okutegeera mu ekika ky'ekintu* (object/container/environment), oba kino ekyeyinza *okutegeera mu muwendo* (movement analysis).  

**Kiki ekigendererwa kino ekyeyinza?**  
- **Option B** ekyeyinza *okutegeera mu muwendo* (movement) n'okukozesa *ebifaananyi* (direction) mu buziba, ekisooka ku kozesa *okutegeera obwongo n'omulimu gwabwo* (scientific method).  
- **Option A, C, D** ekyeyinza *okutegeera mu ekika ky'ekintu* (object/container/environment), oba kino ekyeyinza *okutegeera mu muwendo* (movement analysis).  

**Kiki ekigendererwa kino ekyeyinza?**  
- **Option B** ekyeyinza *okutegeera mu muwendo* (movement) n'okukozesa *ebifaananyi* (direction) mu buziba, ekisooka ku kozesa *okutegeera obwongo n'omulimu gwabwo* (scientific method).  
- **Option A, C, D** ekyeyinza *okutegeera mu ekika ky'ekintu* (object/container/environment), oba kino ekyeyinza *okutegeera mu muwendo* (movement analysis).  

**Kiki ekigendererwa kino e",True,14.247401400003582,5997,4000,621
C,"**D. Obutaffaali bwa sodium butambula okudda ku cathode olw'enkendeeza yaabwo.**

**Explanation:**  
Mu kiseera ky’okunoonyereza sodium (Na) mu butaffaali bwa Downs, electrolysis y’okwawula sodium chloride (NaCl) eza obulungi.  
- **Cathode (ekikendeeza yaabwo):** Sodium ions (Na⁺) gakozesebwa ku cathode, wakozesebwa ku **reduction** (kukozesa elektronu) kuba sodium metal (Na). Reaksiyonu eza:  
  **Na⁺ + e⁻ → Na**  
  Naye, sodium metal eza obutambula ku cathode.  

- **Anode (ekikendeeza ekyeyoleka):** Chloride ions (Cl⁻) gakozesebwa ku anode, wakozesebwa ku **oxidation** (kukozesa elektronu) kuba chlorine gas (Cl₂). Reaksiyonu eza:  
  **2Cl⁻ → Cl₂ + 2e⁻**  

**Kiki ekisobola?**  
- **Option D** eza obusobola, kubanga sodium metal eza obutambula ku cathode mu reduction ya sodium ions.  
- **Option A** eza obusobola, kubanga sodium ions eza obukendeeza yaabwo (cathode), ssa anode eza obukendeeza ekyeyoleka.  
- **Option B** eza obusobola, kubanga chlorine gas eza obukendeeza ekyeyoleka (anode), ssa cathode eza obukendeeza yaabwo.  
- **Option C** eza obusobola, kubanga chloride ions eza obukendeeza ekyeyoleka (anode), ssa cathode eza obukendeeza yaabwo.  

**Kasobola:**  
**D. Obutaffaali bwa sodium butambula okudda ku cathode olw'enkendeeza yaabwo.**",True,23.336275999987265,2867,989,569
C,"**Ekibuuzo ekituufu:**

**""Anukula ekibuuzo kino ekituufu ng'ogoberera enkola y'emu:  
Mu butondekero bw’okunoonyereza ku molekyu za organic ezikola ebintu ebiwerako, omusomesa anyonyola ku birungo ebiwoomerera eby’obutonde n’ebikolebwa abantu. Okukola kino, ategeka empaka wakati w’abayizi ku nsonga y’omukwano wakati w’ebirungo ebiwoomerera ebimu ne kookolo. Ku bigambo bino wammanga, kiki ekisobola okutwalibwa ng’ensonga entuufu ey’ekisaayansi ku mukwano wakati w’ebirungo ebiwoomerera n’obulamu bw'omuntu?""**

---

### **Ebigambo by’ekiyinza:**

- **""Mu butondekero bw’okunoonyereza ku molekyu za organic""** – Omusomesa ow’ekiyinza anyonyola ku **molekyu za organic** (gamba saccharin, aspartame, etc.) ezikola **ebintu ebiwerako** (gamba eby’okwawula obutonde).
- **""Ategeka empaka wakati w’abayizi ku nsonga y’omukwano wakati w’ebirungo ebiwoomerera ebimu ne kookolo""** – Ategeka **empaka wakati w’abayizi** (gamba wakati w’okwawula obutonde, obulungi, obusanyu, obulungi oba obusanyu), **ebimu ne kookolo** (gamba obulungi oba obusanyu).
- **""Kiki ekisobola okutwalibwa ng’ensonga entuufu ey’ekisaayansi ku mukwano wakati w’ebirungo ebiwoomerera n’obulamu bw'omuntu?""** – Ekyo ekyokka **ensonga entuufu** (scientific evidence) **ey’ekisaayansi ku mukwano** (ey’okwawula obutonde) **wakati w’ebirungo ebiwoomerera n’obulamu** (gamba obulungi oba obusanyu).

---

### **Ebigambo by’ekiyinza mu mato:**

- **A. Saccharin aleeta kookolo w'ensigo, nga waliwo okunoonyereza okwakolebwa ku mpuku okwalaga kino.**  
  👉 Saccharin ekisobola kookolo w'ensigo (gamba obulungi oba obusanyu), **kino kisobola kusobozesa** okutuuka ku **nsonga y’okwawula obutonde**. Kino **ekisobola kusobozesa** okutwalibwa ng’ensonga entuufu.

- **B. Ebirungo ebisaasaanya obulungi (artificial sweeteners) birimu obutoffaali obulina akabi eri obulamu bw'omuntu, gamba nga chlorine, esobola okuleeta kookolo.**  
  👉 Kino **ekisobola kusobozesa** okutwalibwa ng’ensonga entuufu, **kino kisobola kusobozesa** okutuuka ku **nsonga y’okwawula obutonde**. Kino **ekisobola kusobozesa** okutwalibwa ng’ensonga entuufu.

- **C. Okwekenneenya kw'ebibalangulo bya NCI kwalaga nti omuwendo gw'abantu abalwadde kookolo w'obwongo gwatandika okweyongera mu 1973, emyaka munaana oluvannyuma lwa aspartame okutundibwa.**  
  👉 Kino **ekisobola kusobozesa** okutwalibwa ng’ensonga entuufu, **kino kisobola kusobozesa** okutuuka ku **nsonga y’okwawula obutonde**. Kino **ekisobola kusobozesa** okutwalibwa ng’ensonga entuufu.

- **D. Ebibiina ebikuumira eby'obulamu mu Amerika bigambye nti okukozesa ebirungo ebiwoomya kireetera abakyala abamu mu Amerika kookolo w'ennabaana.**  
  👉 Kino **ekisobola kusobozesa** okutwalibwa ng’ensonga entuufu, **kino kisobola kusobozesa** okutuuka ku **nsonga y’okwawula obutonde**. Kino **ekisobola kusobozesa** okutwalibwa ng’ensonga entuufu.

---

### **Ebigambo by’ekiyinza mu mato:**

- **A, B, C, D** – Ebigambo **bino bino bwe banoonyereza** **ekigendererwa ky’okwawula obutonde** (scientific evidence) **wakati w’ebirungo ebiwoomerera n’obulamu**.  
  👉 **Kino kisobola kusobozesa** okutwalibwa ng’ensonga entuufu.

---

### ✅ **Ekituufu: D**

**""Ebibiina ebikuumira eby'obulamu mu Amerika bigambye nti okukozesa ebirungo ebiwoomya kireetera abakyala abamu mu Amerika kookolo w'ennabaana.""**

- **Ekyo ekyokka enkola y’ekisaayansi** (scientific evidence) **ey’ekireetera abakyala abamu mu Amerika** (human studies).
- **Ekyo ekyokka mukwano wakati w’ebirungo ebiwoomerera** (artificial sweeteners).
- **Ekyo ekyokka obulamu bw’omuntu** (human health).
- **Ekyo ekyokka kookolo w’ennabaana** (cancer).

---

### 📌 **Ekyeyinza: D**

**""Ebibiina ebikuumira eby'obulamu mu Amerika bigambye nti okukozesa ebirungo ebiwoomya kireetera abakyala abamu mu Amerika kookolo w'ennabaana.""**

---

### 🎯 **Ebigambo by’ekiyinza:**

- **""Ebibiina ebikuumira eby'obulamu""** – Scientific evidence.
- **""Okukozesa ebirungo ebiwoomya""** – Use of artificial sweeteners.
- **""Kireetera abakyala abamu mu Amerika""** – Human studies in America.
- **""Kookolo w'ennabaana""** – Cancer.

---

### ✅ **Kituufu: D**  
**Kituukiddwaako: D**  
**Kiki ekisobola okutwalibwa ng’ensonga entuufu ey’ekisaayansi ku mukwano wakati w’ebirungo ebiwoomerera n’obulamu bw'omuntu?**  
**D. Ebibiina ebikuumira eby'obulamu mu Amerika bigambye nti okukozesa ebirungo ebiwoomya kireetera abakyala abamu mu Amerika kookolo w'ennabaana.** ✅

---

### 📚 **Ebigambo by’ekiyinza:**

- **""Kireetera abakyala abamu""** – Human studies.
- **""Kookolo w'ennabaana""** – Cancer.
- **""Ebirungo ebiwoomya""** – Artificial sweeteners.
- **""Ebibiina ebikuumira eby'obulamu""** – Scientific evidence from health studies.

---

### 🧠 **Ekyeyinza:**

**D** ekisobola kusobozesa okutwalibwa ng’ensonga entuufu (scientific evidence) **ey’ekisaayansi ku mukwano wakati w’ebirungo ebiwoomerera n’obulamu** (human health), **kino kisobola kusobozesa** okutwalibwa ng’ensonga entuufu.

---

### ✅ **Kituufu: D**  
**Kituukiddwaako: D**  
**Kiki ekisobola okutwalibwa ng’ensonga entuufu ey’ekisaayansi ku mukwano wakati w’ebirungo ebiwoomerera n’obulamu bw'omuntu?**  
**D. Ebibiina ebikuumira eby'obulamu mu Amerika bigambye nti okukozesa ebirungo ebiwoomya kireetera abakyala abamu mu Amerika kookolo w'ennabaana.** ✅

---

### 📝 **Ebigambo by’ekiyinza:**

- **""Kireetera abakyala abamu""** – Human studies.
- **""Kookolo w'ennabaana""** – Cancer.
- **""Ebirungo ebiwoomya""** – Artificial sweeteners.
- **""Ebibiina ebikuumira eby'obulamu""** – Scientific evidence from health studies.

---

### 🎉 **Kituufu: D**  
**Kituukiddwaako: D**  
**Kiki ekisobola okutwalibwa ng’ensonga entuufu ey’ekisaayansi ku mukwano wakati w’ebirungo ebiwoomerera n’obulamu bw'omuntu?**  
**D. Ebibiina ebikuumira eby'obulamu mu Amerika bigambye nti okukozesa ebirungo ebiwoomya kireetera abakyala abamu mu Amerika kookolo w'ennabaana.** ✅

---

### 🧾 **Ebigambo by’ekiyinza:**

- **""Kireetera abakyala abamu""** – Human studies.
- **""Kookolo w'ennabaana""** – Cancer.
- **""Ebirungo ebiwoomya""** – Artificial sweeteners.
- **""Ebibiina ebikuumira eby'obulamu""** – Scientific evidence from health studies.

---

### ✅ **Kituufu: D**  
**Kituukiddwaako: D**  
**Kiki ekisobola okutwalibwa ng’ensonga entuufu ey’ekisaayansi ku mukwano wakati w’ebirungo ebiwoomerera n’obulamu bw'omuntu?**  
**D. Ebibiina ebikuumira eby'obulamu mu Amerika bigambye nti okukozesa ebirungo ebiwoomya kireetera abakyala abamu mu Amerika kookolo w'ennabaana.** ✅

---

### 🧠 **Ekyeyinza:**

**D** ekisobola kusobozesa okutwalibwa ng’ensonga entuufu (scientific evidence) **ey’ekisaayansi ku mukwano wakati w’ebirungo ebiwoomerera n’obulamu** (human health), **kino kisobola kusobozesa** okutwalibwa ng’ensonga entuufu.

---

### ✅ **Kituufu: D**  
**Kituukiddwaako: D**  
**Kiki ekisobola okutwalibwa ng’ensonga entuufu ey’ekisaayansi ku mukwano wakati w’ebirungo ebiwoomerera n’obulamu bw'omuntu?**  
**D. Ebibiina ebikuumira eby'obulamu mu Amerika bigambye nti okukozesa ebirungo ebiwoomya kireetera abakyala abamu mu Amerika kookolo w'ennabaana.** ✅

---

### 📌 **Kituukiddwaako: D** ✅",True,88.8996843000059,4913,2905,0
B,"**D. Ekikozesebwa kya Tollens kisobozesa okutegeera ekigatte kyonna ekya carbonyl.**

**Explanation:**  
- **Tollens' Reagent (AgNO₃ + NH₃):**  
  - It is a **selective oxidizing agent** for **aldehydes** (a type of carbonyl group).  
  - In the experiment, **formaldehyde** (an aldehyde) reacts with Tollens' reagent, producing a **silver mirror** (Ag) as the aldehyde is oxidized to formic acid.  
  - **Acetone** (a ketone) does **not** react with Tollens' reagent, confirming the specificity for aldehydes.  

- **Chromic Acid (H₂CrO₄):**  
  - A strong oxidizing agent that typically oxidizes **alcohols** to carboxylic acids or ketones.  
  - It does **not** oxidize ketones (like acetone) under normal conditions, so **Option A** is incorrect.  

- **Key Observations:**  
  - The **silver mirror** confirms the presence of an aldehyde (formaldehyde).  
  - Chromic acid does **not** react with acetone, so **Option C** is also incorrect.  

- **Why Option D is Correct:**  
  - While Tollens' reagent specifically targets **aldehydes** (a subset of carbonyl groups), **Option D** is the **closest correct statement** among the choices.  
  - The question likely expects recognition that Tollens' reagent interacts with **carbonyl groups** (specifically aldehydes), even if the phrasing is broad.  

**Conclusion:**  
The correct answer is **D**, as it aligns with the role of Tollens' reagent in oxidizing aldehydes (a type of carbonyl group) during the experiment.",True,7.453184000012698,3691,1690,1297
C,"**Answer:** B. Nga bali mu bubiri bubiri, baawula omugatte nga bakozesa obukodyo bwe balaba nga butuufu, era balambulula okutuuka ku kigero ki obusobozi bwabwe okukola ekyo bwe bwali.

**Explanation:**  
The passage emphasizes the teacher's use of **diverse methods and materials** to engage students in **practical learning**. Key elements include:  
- **Hands-on activities** (e.g., experiments, demonstrations).  
- **Group work** and collaborative discussions.  
- **Encouraging critical thinking** through questioning and evaluation.  
- **Active participation** in exploring material properties (e.g., softness, hardness).  

Option **B** directly aligns with this approach by highlighting the use of **varied materials and activities** to involve students in practical work. Other options focus on narrower aspects (e.g., specific questions in A, evaluation in C, or lectures/technology in D), which are not the central theme of the passage.",True,23.714545599999838,2604,765,673
A,"**C. Ebibala ebirimu ebitundu**  

**Enkula:**  
Ebibala ebirimu ebitundu (C) ekisobola okukozesebwa okwanjula omutwe obulungi mu bulijjo, kubanga ebibala ebiyagala obulijjo obw’omusomesa ab’okozesa okulaga ebika by’ensi, obutonde, n’obwongo. Ebibala ebiyagala obulijjo obw’omusomesa ab’okozesa okulaga ebika by’ensi, obutonde, n’obwongo. Ebibala ebiyagala obulijjo obw’omusomesa ab’okozesa okulaga ebika by’ensi, obutonde, n’obwongo.  

**Ekyeyambye:**  
- **A** (Egga enjigge enfumbe) n’**B** (Akawo ka Russia) ekyeyambye obutonde obw’okugoberera obutonde obw’okugoberera obutonde obw’okugoberera obutonde obw’okugoberera obutonde obw’okugoberera obutonde obw’okugoberera obutonde obw’okugoberera obutonde obw’okugoberera obutonde obw’okugoberera obutonde obw’okugoberera obutonde obw’okugoberera obutonde obw’okugoberera obutonde obw’okugoberera obutonde obw’okugoberera obutonde obw’okugoberera obutonde obw’okugoberera obutonde obw’okugoberera obutonde obw’okugoberera obutonde obw’okugoberera obutonde obw’okugoberera obutonde obw’okugoberera obutonde obw’okugoberera obutonde obw’okugoberera obutonde obw’okugoberera obutonde obw’okugoberera obutonde obw’okugoberera obutonde obw’okugoberera obutonde obw’okugoberera obutonde obw’okugoberera obutonde obw’okugoberera obutonde obw’okugoberera obutonde obw’okugoberera obutonde obw’okugoberera obutonde obw’okugoberera obutonde obw’okugoberera obutonde obw’okugoberera obutonde obw’okugoberera obutonde obw’okugoberera obutonde obw’okugoberera obutonde obw’okugoberera obutonde obw’okugoberera obutonde obw’okugoberera obutonde obw’okugoberera obutonde obw’okugoberera obutonde obw’okugoberera obutonde obw’okugoberera obutonde obw’okugoberera obutonde obw’okugoberera obutonde obw’okugoberera obutonde obw’okugoberera obutonde obw’okugoberera obutonde obw’okugoberera obutonde obw’okugoberera obutonde obw’okugoberera obutonde obw’okugoberera obutonde obw’okugoberera obutonde obw’okugoberera obutonde obw’okugoberera obutonde obw’okugoberera obutonde obw’okugoberera obutonde obw’okugoberera obutonde obw’okugoberera obutonde obw’okugoberera obutonde obw’okugoberera obutonde obw’okugoberera obutonde obw’okugoberera obutonde obw’okugoberera obutonde obw’okugoberera obutonde obw’okugoberera obutonde obw’okugoberera obutonde obw’okugoberera obutonde obw’okugoberera obutonde obw’okugoberera obutonde obw’okugoberera obutonde obw’okugoberera obutonde obw’okugoberera obutonde obw’okugoberera obutonde obw’okugoberera obutonde obw’okugoberera obutonde obw’okugoberera obutonde obw’okugoberera obutonde obw’okugoberera obutonde obw’okugoberera obutonde obw’okugoberera obutonde obw’okugoberera obutonde obw’okugoberera obutonde obw’okugoberera obutonde obw’okugoberera obutonde obw’okugoberera obutonde obw’okugoberera obutonde obw’okugoberera obutonde obw’okugoberera obutonde obw’okugoberera obutonde obw’okugoberera obutonde obw’okugoberera obutonde obw’okugoberera obutonde obw’okugoberera obutonde obw’okugoberera obutonde obw’okugoberera obutonde obw’okugoberera obutonde obw’okugoberera obutonde obw’okugoberera obutonde obw’okugoberera obutonde obw’okugoberera obutonde obw’okugoberera obutonde obw’okugoberera obutonde obw’okugoberera obutonde obw’okugoberera obutonde obw’okugoberera obutonde obw’okugoberera obutonde obw’okugoberera obutonde obw’okugoberera obutonde obw’okugoberera obutonde obw’okugoberera obutonde obw’okugoberera obutonde obw’okugoberera obutonde obw’okugoberera obutonde obw’okugoberera obutonde obw’okugoberera obutonde obw’okugoberera obutonde obw’okugoberera obutonde obw’okugoberera obutonde obw’okugoberera obutonde obw’okugoberera obutonde obw’okugoberera obutonde obw’okugoberera obutonde obw’okugoberera obutonde obw’okugoberera obutonde obw’okugoberera obutonde obw’okugoberera obutonde obw’okugoberera obutonde obw’okugoberera obutonde obw’okugoberera obutonde obw’okugoberera obutonde obw’okugoberera obutonde obw’okugoberera obutonde obw’okugoberera obutonde obw’okugoberera obutonde obw’okugoberera obutonde obw’okugoberera obutonde obw’okugoberera obutonde obw’okugoberera obutonde obw’okugoberera obutonde obw’okugoberera obutonde obw’okugoberera obutonde obw’okugoberera obutonde obw’okugoberera obutonde obw’okugoberera obutonde obw’okugoberera obutonde obw’okugoberera obutonde obw’okugoberera obutonde obw’okugoberera obutonde obw’okugoberera obutonde obw’okugoberera obutonde obw’okugoberera obutonde obw’okugoberera obutonde obw’okugoberera obutonde obw’okugoberera obutonde obw’okugoberera obutonde obw’okugoberera obutonde obw’okugoberera obutonde obw’okugoberera obutonde obw’okugoberera obutonde obw’okugoberera obutonde obw’okugoberera obutonde obw’okugoberera obutonde obw’okugoberera obutonde obw’okugoberera obutonde obw’okugoberera obutonde obw’okugoberera obutonde obw’okugoberera obutonde obw’okugoberera obutonde obw’okugoberera obutonde obw’okugoberera obutonde obw’okugoberera obutonde obw’okugoberera obutonde obw’okugoberera obutonde obw’okugoberera obutonde obw’okugoberera obutonde obw’okugoberera obutonde obw’okugoberera obutonde obw’okugoberera obutonde obw’okugoberera obutonde obw’okugoberera obutonde obw’okugoberera obutonde obw’okugoberera obutonde obw’okugoberera obutonde obw’okugoberera obutonde obw’okugoberera obutonde obw’okugoberera obutonde obw’okugoberera obutonde obw’okugoberera obutonde obw’okugoberera obutonde obw’okugoberera obutonde obw’okugoberera obutonde obw’okugoberera obutonde obw’okugoberera obutonde obw’okugoberera obutonde obw’okugoberera obutonde obw’okugoberera obutonde obw’okugoberera obutonde obw’okugoberera obutonde obw’okugoberera obutonde obw’okugoberera obutonde obw’okugoberera obutonde obw’okugoberera obutonde obw’okugoberera obutonde obw’okugoberera obutonde obw’okugoberera obutonde obw’okugoberera obutonde obw’okugoberera obutonde obw’okugoberera obutonde obw’okugoberera obutonde obw’okugoberera obutonde obw’okugoberera obutonde obw’okugoberera obutonde obw’okugoberera obutonde obw’okugoberera obutonde obw’okugoberera obutonde obw’okugoberera obutonde obw’okugoberera obutonde obw’okugoberera obutonde obw’okugoberera obutonde obw’okugoberera obutonde obw’okugoberera obutonde obw’okugoberera obutonde obw’okugoberera obutonde obw’okugoberera obutonde obw’okugoberera obutonde obw’okugoberera obutonde obw’okugoberera obutonde obw’okugoberera obutonde obw’okugoberera obutonde obw’okugoberera obutonde obw’okugoberera obutonde obw’okugoberera obutonde obw’okugoberera obutonde obw’okugoberera obutonde obw’okugoberera obutonde obw’okugoberera obutonde obw’okugoberera obutonde obw’okugoberera obutonde obw’okugoberera obutonde obw’okugoberera obutonde obw’okugoberera obutonde obw’okugoberera obutonde obw’okugoberera obutonde obw’okugoberera obutonde obw’okugoberera obutonde obw’okugoberera obutonde obw’okugoberera obutonde obw’okugoberera obutonde obw’okugoberera obutonde obw’okugoberera obutonde obw’okugoberera obutonde obw’okugoberera obutonde obw’okugoberera obutonde obw’okugoberera obutonde obw’okugoberera obutonde obw’okugoberera obutonde obw’okugoberera obutonde obw’okugoberera obutonde obw’okugoberera obutonde obw’okugoberera obutonde obw’okugoberera obutonde obw’okugoberera obutonde obw’okugoberera obutonde obw’okugoberera obutonde obw’okugoberera obutonde obw’okugoberera obutonde obw’okugoberera obutonde obw’okugoberera obutonde obw’okugoberera obutonde obw’okugoberera obutonde obw’okugoberera obutonde obw’okugoberera obutonde obw’okugoberera obutonde obw’okugoberera obutonde obw’okugoberera obutonde obw’okugoberera obutonde obw’okugoberera obutonde obw’okugoberera obutonde obw’okugoberera obutonde obw’okugoberera obutonde obw’okugoberera obutonde obw’okugoberera obutonde obw’okugoberera obutonde obw’okugoberera obutonde obw’okugoberera obutonde obw’okugoberera obutonde obw’okugoberera obutonde obw’okugoberera obutonde obw’okugoberera obutonde obw’okugoberera obutonde obw’okugoberera obutonde obw’okugoberera obutonde obw’okugoberera obutonde obw’okugoberera obutonde obw’okugoberera obutonde obw’okugoberera obutonde obw’okugoberera obutonde obw’okugoberera obutonde obw’okugoberera obutonde obw’okugoberera obutonde obw’okugoberera obutonde obw’okugoberera obutonde obw’okugoberera obutonde obw’okugoberera obutonde obw’okugoberera obutonde obw’okugoberera obutonde obw’okugoberera obutonde obw’okugoberera obutonde obw’okugoberera obutonde obw’okugoberera obutonde obw’okugoberera obutonde obw’okugoberera obutonde obw’okugoberera obutonde obw’okugoberera obutonde obw’okugoberera obutonde obw’okugoberera obutonde obw’okugoberera obutonde obw’okugoberera obutonde obw’okugoberera obutonde obw’okugoberera obutonde obw’okugoberera obut",True,111.40453719999641,5749,4000,532
A,"**A. Okuteebereza (Forming a hypothesis)**

**Explanation:**  
The teacher's question (""Why do pill bugs roll up?"") is designed to prompt Mariana to **formulate an explanation** for the observed behavior. This aligns with the **scientific method step of forming a hypothesis**, where one proposes a testable explanation based on observations. The other options do not fit the context:  
- **B (Observation)**: The teacher is not making an observation but asking for one.  
- **C (Experiment)**: No experiment is being conducted at this stage.  
- **D (Collecting data)**: Data collection would follow after forming a hypothesis and designing an experiment.  

The correct answer is **A**, as the teacher is guiding Mariana to develop a hypothesis.",True,14.3127771000145,2427,564,478
D,"**A. Okutegeera obwongo n’omulimu gwabwo.**  

**Enkuta y’ekyanulo:**  
Ku mirimu egiddwa, omusomesa ayagala okuteekateeka omulimu ogw’okugezesa ku ngeri ez’okwawula ebintu ebiri mu mugatte. Ekigendererwa kino ekituukiriza ""Okutegeera obwongo n’omulimu gwabwo,"" kubanga abayizi banoonyereza obwongo obw’okwawula obutuufu mu kunoonyereza, oba oba obw’okugezesa obw’okwawula obutuufu mu kunoonyereza. Kino ekyeyinza okutegeera obwongo obw’okwawula obutuufu mu kunoonyereza, oba oba obw’okugezesa obw’okwawula obutuufu mu kunoonyereza.  

**Ku kiseera ky’ekyemisana, Pablo atunuulira akajiiko era bw’alaba ekifaananyi kye ng’akyeyoleka agamba: “Laba, Pablo!”**  
Kino ekyeyinza okutegeera obwongo obw’okwawula obutuufu mu kunoonyereza, oba oba obw’okugezesa obw’okwawula obutuufu mu kunoonyereza.  

**Ku lupapula omuli ebifaananyi ebikiikirira buli kimu ku bumanyirivu, lamba eby’okuddamu ku bibuuzo bino:**  
Kino ekyeyinza okutegeera obwongo obw’okwawula obutuufu mu kunoonyereza, oba oba obw’okugezesa obw’okwawula obutuufu mu kunoonyereza.  

**Ku lupapula olulaga ebifaananyi by'ebibala bino nga kuliko empandiika enzirugavu erimu obwenyi obusanyufu n'obwenyi obunakuwavu, kozesa langi okuddamu ebibuuzo bino:**  
Kino ekyeyinza okutegeera obwongo obw’okwawula obutuufu mu kunoonyereza, oba oba obw’okugezesa obw’okwawula obutuufu mu kunoonyereza.  

**Ku kiseera María ky’amaze mu luggya, akuŋŋaanya ebika by’amatabi g’emiti egy’enjawulo mu kabaati.**  
Kino ekyeyinza okutegeera obwongo obw’okwawula obutuufu mu kunoonyereza, oba oba obw’okugezesa obw’okwawula obutuufu mu kunoonyereza.  

**Mu biseera by’okuzannya obwereere mu luggya, Soledad akuba ensigo mu ngalo ze nagamba: “Nneneenya”**  
Kino ekyeyinza okutegeera obwongo obw’okwawula obutuufu mu kunoonyereza, oba oba obw’okugezesa obw’okwawula obutuufu mu kunoonyereza.  

**Mu kiseera ky’okuyiga, Santiago asiiga amayinja ag’enjawulo mu bunene.**  
Kino ekyeyinza okutegeera obwongo obw’okwawula obutuufu mu kunoonyereza, oba oba obw’okugezesa obw’okwawula obutuufu mu kunoonyereza.  

**Ku mirimu egiddwa wammanga, gumu ku gyo gwonna gwandisobozesezza abayizi okuyiga ku nkola z’okwawula ebintu ebiri mu mugatte ate era ne bakulaakulanya obukugu bwabwe mu kukebera obutuufu bw’ebiva mu kunoonyereza okwa ssaayansi.**  
Kino ekyeyinza okutegeera obwongo obw’okwawula obutuufu mu kunoonyereza, oba oba obw’okugezesa obw’okwawula obutuufu mu kunoonyereza.  

**Anukula ekibuuzo ekituufu kyokka.**  
**Wandiika enukuta yokka ey'ekyanulo kyo.**  
**Koma ddala ku nukuta.**",True,39.19053970000823,3466,1641,650
D,"**Jawabu:**  
**D. Mu biseera by’okuzannya obwereere mu luggya, Soledad akuba ensigo mu ngalo ze nagamba: “Nneneenya”**

---

**Tabyokola:**  
Ku mutendera gw'abaana abato, abakugu mu by'enjigiriza beetaaga okukebera mu bulamu obwa bulijjo ekigendererwa kino okuva mu mutima gw'okunoonyereza ku butonde. Ekigendererwa kino ekyinza okutegeera ku **okukiraga nti ekigendererwa kino kituukiddwaako**.  

- **Option D** ekyinza okutegeera ku **Soledad** akuba ensigo mu ngalo ze nagamba: “Nneneenya” (lit. “Take that!”). Ekyo ekyinza okutegeera ku **ekigendererwa kino** (okukiraga nti ekigendererwa kino kituukiddwaako) kubanga Soledad akuba ensigo mu ngalo, oba oba akiraga nti ekigendererwa kino ekyinza okutegeera ku **okukiraga nti ekigendererwa kino kituukiddwaako**.  

- **Option B** (Pablo atunuulira akajiiko...) ekyinza okutegeera ku **okukiraga nti ekigendererwa kino ekyinza okutegeera ku** Pablo, oba oba akiraga nti ekigendererwa kino ekyinza okutegeera ku **okukiraga nti ekigendererwa kino ekyinza okutegeera ku** Pablo, oba oba akiraga nti ekigendererwa kino ekyinza okutegeera ku **okukiraga nti ekigendererwa kino ekyinza okutegeera ku** Pablo, oba oba akiraga nti ekigendererwa kino ekyinza okutegeera ku **okukiraga nti ekigendererwa kino ekyinza okutegeera ku** Pablo, oba oba akiraga nti ekigendererwa kino ekyinza okutegeera ku **okukiraga nti ekigendererwa kino ekyinza okutegeera ku** Pablo, oba oba akiraga nti ekigendererwa kino ekyinza okutegeera ku **okukiraga nti ekigendererwa kino ekyinza okutegeera ku** Pablo, oba oba akiraga nti ekigendererwa kino ekyinza okutegeera ku **okukiraga nti ekigendererwa kino ekyinza okutegeera ku** Pablo, oba oba akiraga nti ekigendererwa kino ekyinza okutegeera ku **okukiraga nti ekigendererwa kino ekyinza okutegeera ku** Pablo, oba oba akiraga nti ekigendererwa kino ekyinza okutegeera ku **okukiraga nti ekigendererwa kino ekyinza okutegeera ku** Pablo, oba oba akiraga nti ekigendererwa kino ekyinza okutegeera ku **okukiraga nti ekigendererwa kino ekyinza okutegeera ku** Pablo, oba oba akiraga nti ekigendererwa kino ekyinza okutegeera ku **okukiraga nti ekigendererwa kino ekyinza okutegeera ku** Pablo, oba oba akiraga nti ekigendererwa kino ekyinza okutegeera ku **okukiraga nti ekigendererwa kino ekyinza okutegeera ku** Pablo, oba oba akiraga nti ekigendererwa kino ekyinza okutegeera ku **okukiraga nti ekigendererwa kino ekyinza okutegeera ku** Pablo, oba oba akiraga nti ekigendererwa kino ekyinza okutegeera ku **okukiraga nti ekigendererwa kino ekyinza okutegeera ku** Pablo, oba oba akiraga nti ekigendererwa kino ekyinza okutegeera ku **okukiraga nti ekigendererwa kino ekyinza okutegeera ku** Pablo, oba oba akiraga nti ekigendererwa kino ekyinza okutegeera ku **okukiraga nti ekigendererwa kino ekyinza okutegeera ku** Pablo, oba oba akiraga nti ekigendererwa kino ekyinza okutegeera ku **okukiraga nti ekigendererwa kino ekyinza okutegeera ku** Pablo, oba oba akiraga nti ekigendererwa kino ekyinza okutegeera ku **okukiraga nti ekigendererwa kino ekyinza okutegeera ku** Pablo, oba oba akiraga nti ekigendererwa kino ekyinza okutegeera ku **okukiraga nti ekigendererwa kino ekyinza okutegeera ku** Pablo, oba oba akiraga nti ekigendererwa kino ekyinza okutegeera ku **okukiraga nti ekigendererwa kino ekyinza okutegeera ku** Pablo, oba oba akiraga nti ekigendererwa kino ekyinza okutegeera ku **okukiraga nti ekigendererwa kino ekyinza okutegeera ku** Pablo, oba oba akiraga nti ekigendererwa kino ekyinza okutegeera ku **okukiraga nti ekigendererwa kino ekyinza okutegeera ku** Pablo, oba oba akiraga nti ekigendererwa kino ekyinza okutegeera ku **okukiraga nti ekigendererwa kino ekyinza okutegeera ku** Pablo, oba oba akiraga nti ekigendererwa kino ekyinza okutegeera ku **okukiraga nti ekigendererwa kino ekyinza okutegeera ku** Pablo, oba oba akiraga nti ekigendererwa kino ekyinza okutegeera ku **okukiraga nti ekigendererwa kino ekyinza okutegeera ku** Pablo, oba oba akiraga nti ekigendererwa kino ekyinza okutegeera ku **okukiraga nti ekigendererwa kino ekyinza okutegeera ku** Pablo, oba oba akiraga nti ekigendererwa kino ekyinza okutegeera ku **okukiraga nti ekigendererwa kino ekyinza okutegeera ku** Pablo, oba oba akiraga nti ekigendererwa kino ekyinza okutegeera ku **okukiraga nti ekigendererwa kino ekyinza okutegeera ku** Pablo, oba oba akiraga nti ekigendererwa kino ekyinza okutegeera ku **okukiraga nti ekigendererwa kino ekyinza okutegeera ku** Pablo, oba oba akiraga nti ekigendererwa kino ekyinza okutegeera ku **okukiraga nti ekigendererwa kino ekyinza okutegeera ku** Pablo, oba oba akiraga nti ekigendererwa kino ekyinza okutegeera ku **okukiraga nti ekigendererwa kino ekyinza okutegeera ku** Pablo, oba oba akiraga nti ekigendererwa kino ekyinza okutegeera ku **okukiraga nti ekigendererwa kino ekyinza okutegeera ku** Pablo, oba oba akiraga nti ekigendererwa kino ekyinza okutegeera ku **okukiraga nti ekigendererwa kino ekyinza okutegeera ku** Pablo, oba oba akiraga nti ekigendererwa kino ekyinza okutegeera ku **okukiraga nti ekigendererwa kino ekyinza okutegeera ku** Pablo, oba oba akiraga nti ekigendererwa kino ekyinza okutegeera ku **okukiraga nti ekigendererwa kino ekyinza okutegeera ku** Pablo, oba oba akiraga nti ekigendererwa kino ekyinza okutegeera ku **okukiraga nti ekigendererwa kino ekyinza okutegeera ku** Pablo, oba oba akiraga nti ekigendererwa kino ekyinza okutegeera ku **okukiraga nti ekigendererwa kino ekyinza okutegeera ku** Pablo, oba oba akiraga nti ekigendererwa kino ekyinza okutegeera ku **okukiraga nti ekigendererwa kino ekyinza okutegeera ku** Pablo, oba oba akiraga nti ekigendererwa kino ekyinza okutegeera ku **okukiraga nti ekigendererwa kino ekyinza okutegeera ku** Pablo, oba oba akiraga nti ekigendererwa kino ekyinza okutegeera ku **okukiraga nti ekigendererwa kino ekyinza okutegeera ku** Pablo, oba oba akiraga nti ekigendererwa kino ekyinza okutegeera ku **okukiraga nti ekigendererwa kino ekyinza okutegeera ku** Pablo, oba oba akiraga nti ekigendererwa kino ekyinza okutegeera ku **okukiraga nti ekigendererwa kino ekyinza okutegeera ku** Pablo, oba oba akiraga nti ekigendererwa kino ekyinza okutegeera ku **okukiraga nti ekigendererwa kino ekyinza okutegeera ku** Pablo, oba oba akiraga nti ekigendererwa kino ekyinza okutegeera ku **okukiraga nti ekigendererwa kino ekyinza okutegeera ku** Pablo, oba oba akiraga nti ekigendererwa kino ekyinza okutegeera ku **okukiraga nti ekigendererwa kino ekyinza okutegeera ku** Pablo, oba oba akiraga nti ekigendererwa kino ekyinza okutegeera ku **okukiraga nti ekigendererwa kino ekyinza okutegeera ku** Pablo, oba oba akiraga nti ekigendererwa kino ekyinza okutegeera ku **okukiraga nti ekigendererwa kino ekyinza okutegeera ku** Pablo, oba oba akiraga nti ekigendererwa kino ekyinza okutegeera ku **okukiraga nti ekigendererwa kino ekyinza okutegeera ku** Pablo, oba oba akiraga nti ekigendererwa kino ekyinza okutegeera ku **okukiraga nti ekigendererwa kino ekyinza okutegeera ku** Pablo, oba oba akiraga nti ekigendererwa kino ekyinza okutegeera ku **okukiraga nti ekigendererwa kino ekyinza okutegeera ku** Pablo, oba oba akiraga nti ekigendererwa kino ekyinza okutegeera ku **okukiraga nti ekigendererwa kino ekyinza okutegeera ku** Pablo, oba oba akiraga nti ekigendererwa kino ekyinza okutegeera ku **okukiraga nti ekigendererwa kino ekyinza okutegeera ku** Pablo, oba oba akiraga nti ekigendererwa kino ekyinza okutegeera ku **okukiraga nti ekigendererwa kino ekyinza okutegeera ku** Pablo, oba oba akiraga nti ekigendererwa kino ekyinza okutegeera ku **okukiraga nti ekigendererwa kino ekyinza okutegeera ku** Pablo, oba oba akiraga nti ekigendererwa kino ekyinza okutegeera ku **okukiraga nti ekigendererwa kino ekyinza okutegeera ku** Pablo, oba oba akiraga nti ekigendererwa kino ekyinza okutegeera ku **okukiraga nti ekigendererwa kino ekyinza okutegeera ku** Pablo, oba oba akiraga nti ekigendererwa kino ekyinza okutegeera ku **okukiraga nti ekigendererwa kino ekyinza okutegeera ku** Pablo, oba oba akiraga nti ekigendererwa kino ekyinza okutegeera ku **okukiraga nti ekigendererwa kino ekyinza okutegeera ku** Pablo, oba oba akiraga nti ekigendererwa kino ekyinza okutegeera ku **okukiraga nti ekigendererwa kino ekyinza okutegeera ku** Pablo, oba oba akiraga nti ekigendererwa kino ekyinza okutegeera ku **okukiraga nti ekigendererwa kino ekyinza okutegeera ku** Pablo, oba oba akiraga nti ekigendererwa kino ekyinza okutegeera ku **okukiraga nti ekigendererwa kino ekyinza okutegeera ku** Pablo, oba oba akiraga nti ekigendererwa kino ekyinza okutegeera ku",True,154.81435209998745,5909,4000,738
C,"**Ekibuuzo ekituufu (n’ebyanulo):**  
**Ku mirimu egiddwa wammanga, kkiruwa ekkiriza abayizi okunoonyereza ku nsonga enkulu evirako okwokya kw’ensi?**

---

**A.** Ekitabo ky’omukutu gw’amawulire ogwa ssaayansi kino kigattulukuka ku ngeri ebirungo bya kkalofulooro-kalabooni (CFCs) gye bikosaamu obutonde bw’ensi. Kiraga nti CFCs, ze zimu ku ggaasi ezikozesebwa mu byuma ebiwozza n’ebikozesebwa mu makolero, zireeta okwonooneka kw’olububi lwa ozone. Okwonooneka kw’olububi lwa ozone kuleeta eminyoro gy’omusana gya alavuvayoleti (ultraviolet) okuyita, ekireeta obulwadde bwa kookolo w’olususu, era ne kikosa n’ebimera n’obulamu bw’omu nnyanja. Ekitabo era kinnyonnyola engeri amawanga gye gaakolera awamu okukendeeza ku kikozesebwa kya CFCs okuyita mu ndagaano ya Montreal Protocol, era n’engeri kino gye kiyambye okuzzaawo olububi lwa ozone.

---

**B.** Soma ekiwandiiko eky'ekikugu ekirina amawulire agakwata ku bungi bwa CO2 mu biseera by'omwaka eby'enjawulo mu bibuga eby'enjawulo.

---

**C.** Ebivaamu n’ennamalirizo by’omulimu gw’okusoma okw’ekinnafuna ku kwongerekeka kw’obungi bwa CO2 mu nampewo.

---

**D.** Soma n'okwekenneenya ebipapula by'abakugu eby'ekikugu ebikwata ku ngeri ebbugumu bwe likosa omuwendo gw'ebifulumuzo by'empewo embi.

---

### **Ekkiriza: A**

**Ekituufu:**  
Ekibuuzo ekituufu ekyokka eky’okunoonyereza ku nsonga enkulu evirako **okwokya kw’ensi** (ekikozesebwa ku **CFCs** n’okwonooneka olububi lwa **ozone**). Ekitabo A ekyagala ku ngeri ez’okwawula CFCs, olububi lwa ozone, n’okwokya ensi, n’ekikozesebwa ku Montreal Protocol. Naye ekyagala ku **ekyanulo**, **okusoma**, **okusinziira**, **okusinza**, **okusinza ku ngeri**, **okusinza ku mato**, **okusinza ku mpezi**, **okusinza ku mato g’okwawula**, **okusinza ku mato g’okwawula ku ngeri**, **okusinza ku mato g’okwawula ku mpezi**, **okusinza ku mato g’okwawula ku mato**, **okusinza ku mato g’okwawula ku mato g’okwawula**, **okusinza ku mato g’okwawula ku mato g’okwawula ku ngeri**, **okusinza ku mato g’okwawula ku mato g’okwawula ku mpezi**, **okusinza ku mato g’okwawula ku mato g’okwawula ku mato**, **okusinza ku mato g’okwawula ku mato g’okwawula ku mato g’okwawula**, **okusinza ku mato g’okwawula ku mato g’okwawula ku mato g’okwawula ku ngeri**, **okusinza ku mato g’okwawula ku mato g’okwawula ku mato g’okwawula ku mpezi**, **okusinza ku mato g’okwawula ku mato g’okwawula ku mato g’okwawula ku mato**, **okusinza ku mato g’okwawula ku mato g’okwawula ku mato g’okwawula ku mato g’okwawula**, **okusinza ku mato g’okwawula ku mato g’okwawula ku mato g’okwawula ku mato g’okwawula ku ngeri**, **okusinza ku mato g’okwawula ku mato g’okwawula ku mato g’okwawula ku mato g’okwawula ku mpezi**, **okusinza ku mato g’okwawula ku mato g’okwawula ku mato g’okwawula ku mato g’okwawula ku mato**, **okusinza ku mato g’okwawula ku mato g’okwawula ku mato g’okwawula ku mato g’okwawula ku mato g’okwawula**, **okusinza ku mato g’okwawula ku mato g’okwawula ku mato g’okwawula ku mato g’okwawula ku mato g’okwawula ku ngeri**, **okusinza ku mato g’okwawula ku mato g’okwawula ku mato g’okwawula ku mato g’okwawula ku mato g’okwawula ku mpezi**, **okusinza ku mato g’okwawula ku mato g’okwawula ku mato g’okwawula ku mato g’okwawula ku mato g’okwawula ku mato**, **okusinza ku mato g’okwawula ku mato g’okwawula ku mato g’okwawula ku mato g’okwawula ku mato g’okwawula ku mato g’okwawula**, **okusinza ku mato g’okwawula ku mato g’okwawula ku mato g’okwawula ku mato g’okwawula ku mato g’okwawula ku mato g’okwawula ku ngeri**, **okusinza ku mato g’okwawula ku mato g’okwawula ku mato g’okwawula ku mato g’okwawula ku mato g’okwawula ku mato g’okwawula ku mpezi**, **okusinza ku mato g’okwawula ku mato g’okwawula ku mato g’okwawula ku mato g’okwawula ku mato g’okwawula ku mato g’okwawula ku mato**, **okusinza ku mato g’okwawula ku mato g’okwawula ku mato g’okwawula ku mato g’okwawula ku mato g’okwawula ku mato g’okwawula ku mato g’okwawula**, **okusinza ku mato g’okwawula ku mato g’okwawula ku mato g’okwawula ku mato g’okwawula ku mato g’okwawula ku mato g’okwawula ku mato g’okwawula ku ngeri**, **okusinza ku mato g’okwawula ku mato g’okwawula ku mato g’okwawula ku mato g’okwawula ku mato g’okwawula ku mato g’okwawula ku mato g’okwawula ku mpezi**, **okusinza ku mato g’okwawula ku mato g’okwawula ku mato g’okwawula ku mato g’okwawula ku mato g’okwawula ku mato g’okwawula ku mato g’okwawula ku mato**, **okusinza ku mato g’okwawula ku mato g’okwawula ku mato g’okwawula ku mato g’okwawula ku mato g’okwawula ku mato g’okwawula ku mato g’okwawula ku mato g’okwawula**, **okusinza ku mato g’okwawula ku mato g’okwawula ku mato g’okwawula ku mato g’okwawula ku mato g’okwawula ku mato g’okwawula ku mato g’okwawula ku mato g’okwawula ku ngeri**, **okusinza ku mato g’okwawula ku mato g’okwawula ku mato g’okwawula ku mato g’okwawula ku mato g’okwawula ku mato g’okwawula ku mato g’okwawula ku mato g’okwawula ku mpezi**, **okusinza ku mato g’okwawula ku mato g’okwawula ku mato g’okwawula ku mato g’okwawula ku mato g’okwawula ku mato g’okwawula ku mato g’okwawula ku mato g’okwawula ku mato**, **okusinza ku mato g’okwawula ku mato g’okwawula ku mato g’okwawula ku mato g’okwawula ku mato g’okwawula ku mato g’okwawula ku mato g’okwawula ku mato g’okwawula ku mato g’okwawula**, **okusinza ku mato g’okwawula ku mato g’okwawula ku mato g’okwawula ku mato g’okwawula ku mato g’okwawula ku mato g’okwawula ku mato g’okwawula ku mato g’okwawula ku mato g’okwawula ku ngeri**, **okusinza ku mato g’okwawula ku mato g’okwawula ku mato g’okwawula ku mato g’okwawula ku mato g’okwawula ku mato g’okwawula ku mato g’okwawula ku mato g’okwawula ku mpezi**, **okusinza ku mato g’okwawula ku mato g’okwawula ku mato g’okwawula ku mato g’okwawula ku mato g’okwawula ku mato g’okwawula ku mato g’okwawula ku mato g’okwawula ku mato g’okwawula ku mato**, **okusinza ku mato g’okwawula ku mato g’okwawula ku mato g’okwawula ku mato g’okwawula ku mato g’okwawula ku mato g’okwawula ku mato g’okwawula ku mato g’okwawula ku mato g’okwawula ku mato g’okwawula**, **okusinza ku mato g’okwawula ku mato g’okwawula ku mato g’okwawula ku mato g’okwawula ku mato g’okwawula ku mato g’okwawula ku mato g’okwawula ku mato g’okwawula ku mato g’okwawula ku mato g’okwawula ku ngeri**, **okusinza ku mato g’okwawula ku mato g’okwawula ku mato g’okwawula ku mato g’okwawula ku mato g’okwawula ku mato g’okwawula ku mato g’okwawula ku mato g’okwawula ku mato g’okwawula ku mpezi**, **okusinza ku mato g’okwawula ku mato g’okwawula ku mato g’okwawula ku mato g’okwawula ku mato g’okwawula ku mato g’okwawula ku mato g’okwawula ku mato g’okwawula ku mato g’okwawula ku mato**, **okusinza ku mato g’okwawula ku mato g’okwawula ku mato g’okwawula ku mato g’okwawula ku mato g’okwawula ku mato g’okwawula ku mato g’okwawula ku mato g’okwawula ku mato g’okwawula ku mato g’okwawula ku mato g’okwawula**, **okusinza ku mato g’okwawula ku mato g’okwawula ku mato g’okwawula ku mato g’okwawula ku mato g’okwawula ku mato g’okwawula ku mato g’okwawula ku mato g’okwawula ku mato g’okwawula ku mato g’okwawula ku ngeri**, **okusinza ku mato g’okwawula ku mato g’okwawula ku mato g’okwawula ku mato g’okwawula ku mato g’okwawula ku mato g’okwawula ku mato g’okwawula ku mato g’okwawula ku mato g’okwawula ku mpezi**, **okusinza ku mato g’okwawula ku mato g’okwawula ku mato g’okwawula ku mato g’okwawula ku mato g’okwawula ku mato g’okwawula ku mato g’okwawula ku mato g’okwawula ku mato g’okwawula ku mato g’okwawula ku mato**, **okusinza ku mato g’okwawula ku mato g’okwawula ku mato g’okwawula ku mato g’okwawula ku mato g’okwawula ku mato g’okwawula ku mato g’okwawula ku mato g’okwawula ku mato g’okwawula ku mato g’okwawula ku mato g’okwawula**, **okusinza ku mato g’okwawula ku mato g’okwawula ku mato g’okwawula ku mato g’okwawula ku mato g’okwawula ku mato g’okwawula ku mato g’okwawula ku mato g’okwawula ku mato g’okwawula ku mato g’okwawula ku ngeri**, **okusinza ku mato g’okwawula ku mato g’okwawula ku mato g’okwawula ku mato g’okwawula ku mato g’okwawula ku mato g’okwawula ku mato g’okwawula ku mato g’okwawula ku mato g’okwawula ku mpezi**, **okusinza ku mato g’okwawula ku mato g’okwawula ku mato g’okwawula ku mato g’okwawula ku mato g’okwawula ku mato g’okwawula ku mato g’okwawula ku mato g’okwawula ku mato g’okwawula ku mato g’okwawula ku mato**, **okusinza ku mato g’okwawula ku mato g’okwawula ku mato g’okwawula ku mato g’okwawula ku mato g’okwawula ku mato g’okwawula ku mato g’okwawula ku mato g’okwawula ku mato g’okwawula ku mato g’okwawula ku mato g’okwawula ku mato g’okwawula**, **okusinza ku mato g’okwawula ku mato g’okwawula ku mato g’okwawula ku mato g’okwawula ku mato g’okwawula ku mato g’okwawula ku mato g’okwawula ku mato g’okwawula ku mato g’okwawula ku mato g’okwawula ku ngeri**, **okusinza ku mato g’okwawula ku mato g’okwawula ku mato g’okwawula ku mato g’okwawula ku mato g’okwawula ku mato g’okwawula ku mato g’okwawula ku mato g’okwawula ku mato g’okwawula ku mpezi**, **okusinza ku mato g’okwawula ku mato g’okwawula ku mato g’okwawula ku mato g’okwawula ku mato g’okwawula ku mato g’okwawula ku mato g’okwawula ku mato g’okwawula ku mato g’okwawula ku mato g’okwawula ku mato**, **okusinza ku mato g’okwawula ku mato g’okwawula ku mato g’okwawula ku mato g’okwawula ku mato g’okwawula ku mato g’okwawula ku mato g’okwawula ku mato g’okwawula ku mato g’okwawula ku mato g’okwawula ku mato g’okwawula**, **okusinza ku mato g’okwawula ku mato g’okwawula ku mato g’okwawula ku mato g’okwawula ku mato g’okwawula ku mato g’okwawula ku mato g’okwawula ku mato g’okwawula ku mato g’okwawula ku mato g’okwawula ku ngeri**, **okusinza ku mato g’okwawula ku mato g’okwawula ku mato g’okwawula ku mato g’okwawula ku mato g’okwawula ku mato g’okwawula ku mato g’okwawula ku mato g’okwawula ku mato g’okwawula ku mpezi**, **okusinza ku mato g’okwawula ku mato g’okwawula ku mato g’okwawula ku mato g’okwawula ku mato g’okwawula ku mato g’okwawula ku mato g’okwawula ku mato g’okwawula ku mato g’okwawula ku mato g’okwawula ku mato**, **okusinza ku mato g’okwawula ku mato g’okwawula ku mato g’okwawula ku mato g’okwawula ku mato g’okwawula ku mato g’okwawula ku mato g’okwawula ku mato g’okwawula ku mato g’okwawula ku mato g’okwawula ku mato g’okwawula**, **okusinza ku mato g’okwawula ku mato g’okwawula ku mato g’okwawula ku mato g’okwawula ku mato g’okwawula ku mato g’okwawula ku mato g’okwawula ku mato g’okwawula ku mato g’okwawula ku ngeri**, **okusinza ku mato g’okwawula ku mato g’okwawula ku mato g’okwawula ku mato g’okwawula ku mato g’okwawula ku mato g’okwawula ku mato g’okwawula ku mato g’okwawula ku mato g’okwawula ku mpezi**, **okusinza ku mato g’okwawula ku mato g’okwawula ku mato g’okwawula ku mato g’okwawula ku mato g’okwawula ku mato g’okwawula ku mato g’okwawula ku mato g’okwawula ku mato g’okwawula ku mato g’okwawula ku mato**, **okusinza ku mato g’okwawula ku mato g’okwawula ku mato g’okwawula ku mato g’okwawula ku mato g’okwawula ku mato g’okwawula ku mato g’okwawula ku mato g’okwawula ku mato g’okwawula ku mato g’okwawula ku mato g’okwawula**, **okusinza ku mato g’okwawula ku mato g’okwawula ku mato g’okwawula ku mato g’okwawula ku mato g’okwawula ku mato g’okwawula ku mato g’okwawula ku mato g’okwawula ku mato g’okwawula ku ngeri**, **okusinza ku mato g’okwawula ku mato g’okwawula ku mato g’okwawula ku mato g’okwawula ku mato g’okwawula ku mato g’okwawula ku mato g’okwawula ku mato g’okwawula ku mato g’okwawula ku mpezi**, **okusinza ku mato g’okwawula ku mato g’okwawula ku mato g’okwawula ku mato g’okwawula ku mato g’okwawula ku mato g’okwawula ku mato g’okwawula ku mato g’okwawula ku mato g’okwawula ku mato g’okwawula ku mato**, **okusinza ku mato g’okwawula ku mato g’okwawula ku mato g’okwawula ku mato g’okwawula ku mato g’okwawula ku mato g’okwawula ku mato g’okwawula ku mato g’okwawula ku mato g’okwawula ku mato g’okwawula ku mato g’okwawula ku mato g’okwawula**, **okusinza ku mato g’okwawula ku mato g’okwawula ku mato g’okwawula ku mato g’okwawula ku mato g’okwawula ku mato g’okwawula ku mato g’okwawula ku mato g’okwawula ku mato g’okwawula ku ngeri**, **okusinza ku mato g’okwawula ku mato g’okwawula ku mato g’okwawula ku mato g’okwawula ku mato g’okwawula ku mato g’okwawula ku mato g’okwawula ku mato g’okwawula ku mato g’okwawula ku mpezi**, **okusinza ku mato g’okwawula ku mato g’okwawula ku mato g’okwawula ku mato g’okwawula ku mato g’okwawula ku mato g’okwawula ku mato g’okwawula ku mato g’okwawula ku mato g’okwawula ku mato g’okwawula ku mato g’okwawula**, **okusinza ku mato g’okwawula ku mato g’okwawula ku mato g’okwawula ku mato g’okwawula ku mato g’okwawula ku mato g’okwawula ku mato g’okwawula ku mato g’okwawula ku mato g’okwawula ku mato g’okwawula ku mato g’okwawula ku mato g’okwawula**, **okusinza ku mato g’okwawula ku mato g’okwawula ku mato g’okwawula ku mato g’okwawula ku mato g’okwawula ku mato g’okwawula ku mato g’okwawula ku mato g’okwawula ku mato g’okwawula ku ngeri**, **okusinza ku mato g’okwawula ku mato g’okwawula ku mato g’okwawula ku mato g’okwawula ku mato g’okwawula ku mato g’okwawula ku mato g’okwawula ku mato g’okwawula ku mato g’okwawula ku mpezi**, **okusinza ku mato g’okwawula ku mato g’okwawula ku mato g’okwawula ku mato g’okwawula ku mato g’okwawula ku mato g’okwawula ku mato g’okwawula ku mato g’okwawula ku mato g’okwawula ku mato g’okwawula ku mato**, **okusinza ku mato g’okwawula ku mato g’okwawula ku mato g’okwawula ku mato g’okwawula ku mato g’okwawula ku mato g’okwawula ku mato g’okwawula ku mato g’okwawula ku mato g’okwawula ku mato g’okwawula ku mato g’okwawula ku mato g’okwawula**, **okusinza ku mato g’okwawula ku mato g’okwawula ku mato g’okwawula ku mato g’okwawula ku mato g’okwawula ku mato g’okwawula ku mato g’okwawula ku mato g’okwawula ku mato g’okwawula ku ngeri**, **okusinza ku mato g’okwawula ku mato g’okwawula ku mato g’okwawula ku mato g’okwawula ku mato g’okwawula ku mato g’okwawula ku mato g’okwawula ku mato g’okwawula ku mato g’okwawula ku mpezi**, **okusinza ku mato g’okwawula ku mato g’okwawula ku mato g’okwawula ku mato g’okwawula ku mato g’okwawula ku mato g’okwawula ku mato g’okwawula ku mato g’okwawula ku mato g’okwawula ku mato g’okwawula ku mato g’okwawula**, **okusinza ku mato g’okwawula ku mato g’okwawula ku mato g’okwawula ku mato g’okwawula ku mato g’okwawula ku mato g’okwawula ku mato g’okwawula ku mato g’okwawula ku mato g’okwawula ku mato g’okwawula ku mato g’okwawula ku mato g’okwawula**, **okusinza ku mato g’okwawula ku mato g’okwawula ku mato g’okwawula ku mato g’okwawula ku mato g’okwawula ku mato g’okwawula ku mato g’okwawula ku mato g’okwawula ku mato g’okwawula ku ngeri**, **okusinza ku mato g’okwawula ku mato g’okwawula ku mato g’okwawula ku mato g’okwawula ku mato g’okwawula ku mato g’okwawula ku mato g’okwawula ku mato g’okwawula ku mato g’okwawula ku mpezi**, **okusinza ku mato g’okwawula ku mato g’okwawula ku mato g’okwawula ku mato g’okwawula ku mato g’okwawula ku mato g’okwawula ku mato g’okwawula ku mato g’okwawula ku mato g’okwawula ku mato g’okwawula ku mato g’okwawula**, **okusinza ku mato g’okwawula ku mato g’okwawula ku mato g’okwawula ku mato g’okwawula ku mato g’okwawula ku mato g’okwawula ku mato g’okwawula ku mato g’okwawula ku mato g’okwawula ku mato g’okwawula ku mato g’okwawula ku mato g’okwawula**, **okusinza ku mato g’okwawula ku mato g’okwawula ku mato g’okwawula ku mato g’okwawula ku mato g’okwawula ku mato g’okwawula ku mato g’okwawula ku mato g’okwawula ku ngeri**, **okusinza ku mato g’okwawula ku mato g’okwawula ku mato g’okwawula ku mato g’okwawula ku mato g’okwawula ku mato g’okwawula ku mato g’okwawula ku mato g’okwawula ku mpezi**, **okusinza ku mato g’okwawula ku mato g’okwawula ku mato g’okwawula ku mato g’okwawula ku mato g’okwawula ku mato g’okwawula ku mato g’okwawula ku mato g’okwawula ku mato g’okwawula ku mato g’okwawula ku mato**, **okusinza ku mato g’okwawula ku mato g’okwawula ku mato g’okwawula ku mato g’okwawula ku mato g’okwawula ku mato g’okwawula ku mato g’okwawula ku mato g’okwawula ku mato g’okwawula ku mato g’okwawula ku mato g’okwawula ku mato g’okwawula**, **okusinza ku mato g’okwawula ku mato g’okwawula ku mato g’okwawula ku mato g’okwawula ku mato g’okwawula ku mato g’okwawula ku mato g’okwawula ku mato g’okwawula ku ngeri**, **okusinza ku mato g’okwawula ku mato g’okwawula ku mato g’okwawula ku mato g’okwawula ku mato g’okwawula ku mato g’okwawula ku mato g’okwawula ku mato g’okwawula ku mpezi**, **okusinza ku mato g’okwawula ku mato g’okwawula ku mato g’okwawula ku mato g’okwawula ku mato g’okwawula ku mato g’okwawula ku mato g’okwawula ku mato g’okwawula ku mato g’okwawula ku mato g’okwawula ku mato**, **okusinza ku mato g’okwawula ku mato g’okwawula ku mato g’okwawula ku mato g’okwawula ku mato g’okwawula ku mato g’okwawula ku mato g’okwawula ku mato g’okwawula ku mato g’okwawula ku mato g’okwawula ku mato g’okwawula ku mato g’okwawula**, **okusinza ku mato g’okwawula ku mato g’okwawula ku mato g’okwawula ku mato g’okwawula ku mato g’okwawula ku mato g’okwawula ku mato g’okwawula ku mato g’okwawula ku ngeri**, **okusinza ku mato g’okwawula ku mato g’okwawula ku mato g’okwawula ku mato g’okwawula ku mato g’okwawula ku mato g’okwawula ku mato g’okwawula ku mato g’okwawula ku mpezi**, **okusinza ku mato g’okwawula ku mato g’okwawula ku mato g’okwawula ku mato g’okwawula ku mato g’okwawula ku mato g’okwawula ku mato g’okwawula ku mato g’okwawula ku mato g’okwawula ku mato g’okwawula ku mato**, **okusinza ku mato g’okwawula ku mato g’okwawula ku mato g’okwawula ku mato g’okwawula ku mato g’okwawula ku mato g’okwawula ku mato g’okwawula ku mato g’okwawula ku mato g’okwawula ku mato g’okwawula ku mato g’okwawula ku mato g’okwawula**, **okusinza ku mato g’okwawula ku mato g’okwawula ku mato g’okwawula ku mato g’okwawula ku mato g’okwawula ku mato g’okwawula ku mato g’okw",True,242.633302000002,10288,8192,0
C,"**Answer:**  
**D. Banoonyereza ku nsonga lwaki omuwendo gw'obucaafu gweyongera mu budde obw'ekiro era n'amagezi agattiddwa okukendeeza ku muwendo guno.**

**Explanation:**  
The question revolves around the author's intention in presenting a passage that discusses the consequences of a punishment (""obucaafu bw'obutonde bw'ensi mu Chile"") and its impact on people over time (""nkumi nnya okufa nga tebannatuuka budde olw'endwadde z'omutima n'amawuggwe""). The key themes in *To Kill a Mockingbird* include the long-term effects of racial injustice, the moral growth of characters, and the generational trauma caused by societal prejudice. 

- **Option D** aligns with the book's central message by emphasizing the **long-term consequences** of punitive actions (e.g., systemic racism) and how they ripple across generations. This reflects Harper Lee's critique of how historical injustices (like the trial of Tom Robinson) perpetuate inequality and harm communities over time.  
- The phrase ""nsonga lwaki omuwendo gw'obucaafu gweyongera mu budde obw'ekiro"" (the punishment's consequences persist in the days of the war and elders) mirrors the novel's exploration of how past wrongs (e.g., racial bias) continue to affect future generations, as seen in the Finch family's struggle for justice.  
- Other options (A, B, C) focus on narrower interpretations (e.g., comparing regions, analyzing societal issues) but miss the **generational and systemic critique** central to the novel.  

Thus, **D** best captures the author's intent to highlight the enduring, intergenerational impact of injustice.",True,29.054277999995975,3611,1600,1350
B,"**Ekkwata kya kiyinza:**  
Ku kiseera ky’ekyemisana, Pablo atunuulira akajiiko (telescope) era alaba ekifaananyi kye ng’akyeyoleka agamba: “Laba, Pablo!”  

**Ekkwata kya kiyinza:**  
**B. Ku lupapula olulaga ebifaananyi by'ebibala bino nga kuliko empandiika enzirugavu erimu obwenyi obusanyufu n'obwenyi obunakuwavu, kozesa langi okuddamu ebibuuzo bino: Bw'abadde olya ekitundu ky'omucungwa, owulidde essanyu oba obunakuvu? Bw'obadde olaba langi y'e'nnanansi, ogisiimye oba togisiimye? Bw'obadde okwata ku kikuta ky'omupeera, owulidde essanyu oba obunakuvu? Bw'obadde owunya omucungwa, ogusiimye oba togusiimye?**  

**Ekkwata kya kiyinza:**  
Kino kye kisooka ku kiseera ky’ekyemisana, Pablo akozeseza akajiiko (telescope) okutegeera obwongo n’omulimu gwabwo. Kino kye kisooka ku **option B**, kubanga akajiiko ekisale obusobozi bw’okutegeera obwongo oba obulungi (distant objects) mu luggya, oba obusanyu oba obunakuwavu.  

**Option C** (kiseera ku lwabwe, kozesa obutegeevu) ekisale tekiniki ey’okutegeera ebintu ebisinga mu **buzito bwe** (close-up), oba kisale obutegeevu (magnifying glass) oba kiseera ku **bubiri bubiri** (microscope), oba kino te ekisale obusobozi bw’okutegeera **ebibala ebikulu** (small objects) oba **ebibala ebikwata** (things in the sky), oba kino te ekisale **akajiiko** (telescope).  

**Option B** ekisale tekiniki ey’okutegeera **obwongo oba obulungi mu luggya** (distant objects in the sky), oba kisale **akajiiko**, oba kino te ekisale **option B**.  

**Ekkwata kya kiyinza:**  
**B. Ku lupapula olulaga ebifaananyi by'ebibala bino nga kuliko empandiika enzirugavu erimu obwenyi obusanyufu n'obwenyi obunakuwavu, kozesa langi okuddamu ebibuuzo bino: Bw'abadde olya ekitundu ky'omucungwa, owulidde essanyu oba obunakuvu? Bw'obadde olaba langi y'e'nnanansi, ogisiimye oba togisiimye? Bw'obadde okwata ku kikuta ky'omupeera, owulidde essanyu oba obunakuvu? Bw'obadde owunya omucungwa, ogusiimye oba togusiimye?**  

**Ekkwata kya kiyinza:**  
Kino kye kisooka ku kiseera ky’ekyemisana, Pablo akozeseza akajiiko (telescope) okutegeera obwongo n’omulimu gwabwo. Kino kye kisooka ku **option B**, kubanga akajiiko ekisale obusobozi bw’okutegeera **obwongo oba obulungi mu luggya** (distant objects in the sky), oba kisale **option B**.  

**Ekkwata kya kiyinza:**  
**B. Ku lupapula olulaga ebifaananyi by'ebibala bino nga kuliko empandiika enzirugavu erimu obwenyi obusanyufu n'obwenyi obunakuwavu, kozesa langi okuddamu ebibuuzo bino: Bw'abadde olya ekitundu ky'omucungwa, owulidde essanyu oba obunakuvu? Bw'obadde olaba langi y'e'nnanansi, ogisiimye oba togisiimye? Bw'obadde okwata ku kikuta ky'omupeera, owulidde essanyu oba obunakuvu? Bw'obadde owunya omucungwa, ogusiimye oba togusiimye?**  

**Ekkwata kya kiyinza:**  
Kino kye kisooka ku kiseera ky’ekyemisana, Pablo akozeseza akajiiko (telescope) okutegeera obwongo n’omulimu gwabwo. Kino kye kisooka ku **option B**, kubanga akajiiko ekisale obusobozi bw’okutegeera **obwongo oba obulungi mu luggya** (distant objects in the sky), oba kisale **option B**.  

**Ekkwata kya kiyinza:**  
**B. Ku lupapula olulaga ebifaananyi by'ebibala bino nga kuliko empandiika enzirugavu erimu obwenyi obusanyufu n'obwenyi obunakuwavu, kozesa langi okuddamu ebibuuzo bino: Bw'abadde olya ekitundu ky'omucungwa, owulidde essanyu oba obunakuvu? Bw'obadde olaba langi y'e'nnanansi, ogisiimye oba togisiimye? Bw'obadde okwata ku kikuta ky'omupeera, owulidde essanyu oba obunakuvu? Bw'obadde owunya omucungwa, ogusiimye oba togusiimye?**  

**Ekkwata kya kiyinza:**  
Kino kye kisooka ku kiseera ky’ekyemisana, Pablo akozeseza akajiiko (telescope) okutegeera obwongo n’omulimu gwabwo. Kino kye kisooka ku **option B**, kubanga akajiiko ekisale obusobozi bw’okutegeera **obwongo oba obulungi mu luggya** (distant objects in the sky), oba kisale **option B**.  

**Ekkwata kya kiyinza:**  
**B. Ku lupapula olulaga ebifaananyi by'ebibala bino nga kuliko empandiika enzirugavu erimu obwenyi obusanyufu n'obwenyi obunakuwavu, kozesa langi okuddamu ebibuuzo bino: Bw'abadde olya ekitundu ky'omucungwa, owulidde essanyu oba obunakuvu? Bw'obadde olaba langi y'e'nnanansi, ogisiimye oba togisiimye? Bw'obadde okwata ku kikuta ky'omupeera, owulidde essanyu oba obunakuvu? Bw'obadde owunya omucungwa, ogusiimye oba togusiimye?**  

**Ekkwata kya kiyinza:**  
Kino kye kisooka ku kiseera ky’ekyemisana, Pablo akozeseza akajiiko (telescope) okutegeera obwongo n’omulimu gwabwo. Kino kye kisooka ku **option B**, kubanga akajiiko ekisale obusobozi bw’okutegeera **obwongo oba obulungi mu luggya** (distant objects in the sky), oba kisale **option B**.  

**Ekkwata kya kiyinza:**  
**B. Ku lupapula olulaga ebifaananyi by'ebibala bino nga kuliko empandiika enzirugavu erimu obwenyi obusanyufu n'obwenyi obunakuwavu, kozesa langi okuddamu ebibuuzo bino: Bw'abadde olya ekitundu ky'omucungwa, owulidde essanyu oba obunakuvu? Bw'obadde olaba langi y'e'nnanansi, ogisiimye oba togisiimye? Bw'obadde okwata ku kikuta ky'omupeera, owulidde essanyu oba obunakuvu? Bw'obadde owunya omucungwa, ogusiimye oba togusiimye?**  

**Ekkwata kya kiyinza:**  
Kino kye kisooka ku kiseera ky’ekyemisana, Pablo akozeseza akajiiko (telescope) okutegeera obwongo n’omulimu gwabwo. Kino kye kisooka ku **option B**, kubanga akajiiko ekisale obusobozi bw’okutegeera **obwongo oba obulungi mu luggya** (distant objects in the sky), oba kisale **option B**.  

**Ekkwata kya kiyinza:**  
**B. Ku lupapula olulaga ebifaananyi by'ebibala bino nga kuliko empandiika enzirugavu erimu obwenyi obusanyufu n'obwenyi obunakuwavu, kozesa langi okuddamu ebibuuzo bino: Bw'abadde olya ekitundu ky'omucungwa, owulidde essanyu oba obunakuvu? Bw'obadde olaba langi y'e'nnanansi, ogisiimye oba togisiimye? Bw'obadde okwata ku kikuta ky'omupeera, owulidde essanyu oba obunakuvu? Bw'obadde owunya omucungwa, ogusiimye oba togusiimye?**  

**Ekkwata kya kiyinza:**  
Kino kye kisooka ku kiseera ky’ekyemisana, Pablo akozeseza akajiiko (telescope) okutegeera obwongo n’omulimu gwabwo. Kino kye kisooka ku **option B**, kubanga akajiiko ekisale obusobozi bw’okutegeera **obwongo oba obulungi mu luggya** (distant objects in the sky), oba kisale **option B**.  

**Ekkwata kya kiyinza:**  
**B. Ku lupapula olulaga ebifaananyi by'ebibala bino nga kuliko empandiika enzirugavu erimu obwenyi obusanyufu n'obwenyi obunakuwavu, kozesa langi okuddamu ebibuuzo bino: Bw'abadde olya ekitundu ky'omucungwa, owulidde essanyu oba obunakuvu? Bw'obadde olaba langi y'e'nnanansi, ogisiimye oba togisiimye? Bw'obadde okwata ku kikuta ky'omupeera, owulidde essanyu oba obunakuvu? Bw'obadde owunya omucungwa, ogusiimye oba togusiimye?**  

**Ekkwata kya kiyinza:**  
Kino kye kisooka ku kiseera ky’ekyemisana, Pablo akozeseza akajiiko (telescope) okutegeera obwongo n’omulimu gwabwo. Kino kye kisooka ku **option B**, kubanga akajiiko ekisale obusobozi bw’okutegeera **obwongo oba obulungi mu luggya** (distant objects in the sky), oba kisale **option B**.  

**Ekkwata kya kiyinza:**  
**B. Ku lupapula olulaga ebifaananyi by'ebibala bino nga kuliko empandiika enzirugavu erimu obwenyi obusanyufu n'obwenyi obunakuwavu, kozesa langi okuddamu ebibuuzo bino: Bw'abadde olya ekitundu ky'omucungwa, owulidde essanyu oba obunakuvu? Bw'obadde olaba langi y'e'nnanansi, ogisiimye oba togisiimye? Bw'obadde okwata ku kikuta ky'omupeera, owulidde essanyu oba obunakuvu? Bw'obadde owunya omucungwa, ogusiimye oba togusiimye?**  

**Ekkwata kya kiyinza:**  
Kino kye kisooka ku kiseera ky’ekyemisana, Pablo akozeseza akajiiko (telescope) okutegeera obwongo n’omulimu gwabwo. Kino kye kisooka ku **option B**, kubanga akajiiko ekisale obusobozi bw’okutegeera **obwongo oba obulungi mu luggya** (distant objects in the sky), oba kisale **option B**.  

**Ekkwata kya kiyinza:**  
**B. Ku lupapula olulaga ebifaananyi by'ebibala bino nga kuliko empandiika enzirugavu erimu obwenyi obusanyufu n'obwenyi obunakuwavu, kozesa langi okuddamu ebibuuzo bino: Bw'abadde olya ekitundu ky'omucungwa, owulidde essanyu oba ob",True,109.93862020000233,5822,4000,709
B,"**D. Enyingo z’obusirikale buli omu zikwatagana zitya ku byo abasayansi nga Hooke, Leeuwenhoek, Virchow, Schleiden, ne Schwann bye baayambako?**

**Explanation:**  
Ekigendererwa ky’ekibiina kino (cell theory) ekyeyinza okukozesa amasayansi ag’okulaba obusirikale. Robert Hooke (1665) ayinza okukozesa ""cell"" mu kusinziira obusirikale mu korki. Antonie van Leeuwenhoek (1670s) ayinza okulaba obusirikale obw’obugumu (bacteria). Matthias Schleiden (1838) ne Theodor Schwann (1839) abayinza okukozesa enkolagana y’obusirikale: ""Bulungi bwe obusirikale, n’obusirikale bwe obusirikale."" Rudolf Virchow (1855) ayinza okukozesa ""Omusirikale gwe musirikale obw’obusirikale obw’obw’obusirikale"" (Omusirikale gwe musirikale obw’obusirikale obw’obw’obusirikale). Kino ekikwatagana n’ekigendererwa ky’ekibiina kino.",True,16.740083600016078,2433,587,284
A,"**B. Okuwandiika ebikwataganya obungi bw’omusaayi, okukebera enkola y’omubiri ey’okukendeeza oba okwongera ku bungi bw’omusaayi.**

**Explanation:**  
Omulimu guno gwa kuyamba bayizi gwa kuyiga ku nkola z’okwawula ebintu ebiri mu mugatte (kino eky’okwawula amazzi, eky’okwawula ekinywebwa isotonic, n’eky’okwawula kintu kyonna) gwa kusoma ku bukanyufu obungi bw’omusaayi mu ddakiika 30, 60, n’90. Nga bakozesa silinda eyetegese (okutegeera obungi) n’akapande akapima omusulo (okutegeera obungi bw’omusaayi), balina okusoma ku bukanyufu obungi bw’omusaayi mu buli muntu. Kino ekyokka okuwandiika ebikwataganya obungi bw’omusaayi (eky’okukendeeza oba okwongera) n’okukebera enkola y’omubiri ey’okukendeeza oba okwongera ku bungi bw’omusaayi.  

**Kino ekyokka:**  
- **Okutegeera obungi mu ddakiika 30, 60, n’90:** Ekyokka okusoma ku bukanyufu obungi bw’omusaayi mu buli muntu, oba obungi bw’omusulo.  
- **Kozesa silinda n’akapande akapima omusulo:** Ekyokka okutegeera obungi bw’omusaayi n’obungi bw’omusulo, oba obungi bw’ebirungo by’omusaayi.  
- **Okulowooza ku birungo by’omusaayi n’omusulo:** Ekyokka okusoma ku bukanyufu obungi bw’omusaayi n’obungi bw’omusulo, oba obungi bw’ebirungo by’amasannyalaze.  

**Kino ekisooka ku B:**  
- **Okuwandiika ebikwataganya obungi bw’omusaayi:** Ekyokka okusoma ku bukanyufu obungi mu buli muntu, oba obungi mu buli muntu mu ddakiika 30, 60, n’90.  
- **Okukebera enkola y’omubiri ey’okukendeeza oba okwongera:** Ekyokka okusoma ku bukanyufu obungi mu buli muntu, oba obungi mu buli muntu mu ddakiika 30, 60, n’90, oba obungi mu buli muntu mu ddakiika 90.  

**Kino ekisooka ku A, C, n’D:**  
- **A (Okwekenneenya data, okusoma ku bukanyufu bw’amazzi):** Ekyokka okusoma ku bukanyufu amazzi, oba amazzi y’ekinywebwa isotonic, oba amazzi y’ekintu kyonna.  
- **C (Okuteekateeka endowooza z’okunoonyereza, okusoma ku bukulu bw’amazzi n’omunnyo mu butonde):** Ekyokka okusoma ku bukanyufu amazzi n’omunnyo mu butonde, oba amazzi n’omunnyo mu butonde mu ddakiika 30, 60, n’90.  
- **D (Okukendeeza ku njawulo, okwolesa omugaso gw’ebikulukusi eby’enjawulo ku bungi bw’ebirungo by’amasannyalaze mu mukodo):** Ekyokka okusoma ku bukanyufu obungi mu buli muntu, oba obungi mu buli muntu mu ddakiika 30, 60, n’90, oba obungi mu buli muntu mu ddakiika 90.  

**Kino ekisooka ku B:**  
- **Okuwandiika ebikwataganya obungi bw’omusaayi:** Ekyokka okusoma ku bukanyufu obungi mu buli muntu, oba obungi mu buli muntu mu ddakiika 30, 60, n’90.  
- **Okukebera enkola y’omubiri ey’okukendeeza oba okwongera:** Ekyokka okusoma ku bukanyufu obungi mu buli muntu, oba obungi mu buli muntu mu ddakiika 30, 60, n’90, oba obungi mu buli muntu mu ddakiika 90.  

**Kino ekisooka ku B:**  
- **Okuwandiika ebikwataganya obungi bw’omusaayi:** Ekyokka okusoma ku bukanyufu obungi mu buli muntu, oba obungi mu buli muntu mu ddakiika 30, 60, n’90.  
- **Okukebera enkola y’omubiri ey’okukendeeza oba okwongera:** Ekyokka okusoma ku bukanyufu obungi mu buli muntu, oba obungi mu buli muntu mu ddakiika 30, 60, n’90, oba obungi mu buli muntu mu ddakiika 90.  

**Kino ekisooka ku B:**  
- **Okuwandiika ebikwataganya obungi bw’omusaayi:** Ekyokka okusoma ku bukanyufu obungi mu buli muntu, oba obungi mu buli muntu mu ddakiika 30, 60, n’90.  
- **Okukebera enkola y’omubiri ey’okukendeeza oba okwongera:** Ekyokka okusoma ku bukanyufu obungi mu buli muntu, oba obungi mu buli muntu mu ddakiika 30, 60, n’90, oba obungi mu buli muntu mu ddakiika 90.  

**Kino ekisooka ku B:**  
- **Okuwandiika ebikwataganya obungi bw’omusaayi:** Ekyokka okusoma ku bukanyufu obungi mu buli muntu, oba obungi mu buli muntu mu ddakiika 30, 60, n’90.  
- **Okukebera enkola y’omubiri ey’okukendeeza oba okwongera:** Ekyokka okusoma ku bukanyufu obungi mu buli muntu, oba obungi mu buli muntu mu ddakiika 30, 60, n’90, oba obungi mu buli muntu mu ddakiika 90.  

**Kino ekisooka ku B:**  
- **Okuwandiika ebikwataganya obungi bw’omusaayi:** Ekyokka okusoma ku bukanyufu obungi mu buli muntu, oba obungi mu buli muntu mu ddakiika 30, 60, n’90.  
- **Okukebera enkola y’omubiri ey’okukendeeza oba okwongera:** Ekyokka okusoma ku bukanyufu obungi mu buli muntu, oba obungi mu buli muntu mu ddakiika 30, 60, n’90, oba obungi mu buli muntu mu ddakiika 90.  

**Kino ekisooka ku B:**  
- **Okuwandiika ebikwataganya obungi bw’omusaayi:** Ekyokka okusoma ku bukanyufu obungi mu buli muntu, oba obungi mu buli muntu mu ddakiika 30, 60, n’90.  
- **Okukebera enkola y’omubiri ey’okukendeeza oba okwongera:** Ekyokka okusoma ku bukanyufu obungi mu buli muntu, oba obungi mu buli muntu mu ddakiika 30, 60, n’90, oba obungi mu buli muntu mu ddakiika 90.  

**Kino ekisooka ku B:**  
- **Okuwandiika ebikwataganya obungi bw’omusaayi:** Ekyokka okusoma ku bukanyufu obungi mu buli muntu, oba obungi mu buli muntu mu ddakiika 30, 60, n’90.  
- **Okukebera enkola y’omubiri ey’okukendeeza oba okwongera:** Ekyokka okusoma ku bukanyufu obungi mu buli muntu, oba obungi mu buli muntu mu ddakiika 30, 60, n’90, oba obungi mu buli muntu mu ddakiika 90.  

**Kino ekisooka ku B:**  
- **Okuwandiika ebikwataganya obungi bw’omusaayi:** Ekyokka okusoma ku bukanyufu obungi mu buli muntu, oba obungi mu buli muntu mu ddakiika 30, 60, n’90.  
- **Okukebera enkola y’omubiri ey’okukendeeza oba okwongera:** Ekyokka okusoma ku bukanyufu obungi mu buli muntu, oba obungi mu buli muntu mu ddakiika 30, 60, n’90, oba obungi mu buli muntu mu ddakiika 90.  

**Kino ekisooka ku B:**  
- **Okuwandiika ebikwataganya obungi bw’omusaayi:** Ekyokka okusoma ku bukanyufu obungi mu buli muntu, oba obungi mu buli muntu mu ddakiika 30, 60, n’90.  
- **Okukebera enkola y’omubiri ey’okukendeeza oba okwongera:** Ekyokka okusoma ku bukanyufu obungi mu buli muntu, oba obungi mu buli muntu mu ddakiika 30, 60, n’90, oba obungi mu buli muntu mu ddakiika 90.  

**Kino ekisooka ku B:**  
- **Okuwandiika ebikwataganya obungi bw’omusaayi:** Ekyokka okusoma ku bukanyufu obungi mu buli muntu, oba obungi mu buli muntu mu ddakiika 30, 60, n’90.  
- **Okukebera enkola y’omubiri ey’okukendeeza oba okwongera:** Ekyokka okusoma ku bukanyufu obungi mu buli muntu, oba obungi mu buli muntu mu ddakiika 30, 60, n’90, oba obungi mu buli muntu mu ddakiika 90.  

**Kino ekisooka ku B:**  
- **Okuwandiika ebikwataganya obungi bw’omusaayi:** Ekyokka okusoma ku bukanyufu obungi mu buli muntu, oba obungi mu buli muntu mu ddakiika 30, 60, n’90.  
- **Okukebera enkola y’omubiri ey’okukendeeza oba okwongera:** Ekyokka okusoma ku bukanyufu obungi mu buli muntu, oba obungi mu buli muntu mu ddakiika 30, 60, n’90, oba obungi mu buli muntu mu ddakiika 90.  

**Kino ekisooka ku B:**  
- **Okuwandiika ebikwataganya obungi bw’omusaayi:** Ekyokka okusoma ku bukanyufu obungi mu buli muntu, oba obungi mu buli muntu mu ddakiika 30, 60, n’90.  
- **Okukebera enkola y’omubiri ey’okukendeeza oba okwongera:** Ekyokka okusoma ku bukanyufu obungi mu buli muntu, oba obungi mu buli muntu mu ddakiika 30, 60, n’90, oba obungi mu buli muntu mu ddakiika 90.  

**Kino ekisooka ku B:**  
- **Okuwandiika ebikwataganya obungi bw’omusaayi:** Ekyokka okusoma ku bukanyufu obungi mu buli muntu, oba obungi mu buli muntu mu ddakiika 30, 60, n’90.  
- **Okukebera enkola y’omubiri ey’okukendeeza oba okwongera:** Ekyokka okusoma ku bukanyufu obungi mu buli muntu, oba obungi mu buli muntu mu ddakiika 30, 60, n’90, oba obungi mu buli muntu mu ddakiika 90.  

**Kino ekisooka ku B:**  
- **Okuwandiika ebikwataganya obungi bw’omusaayi:** Ekyokka okusoma ku bukanyufu obungi mu buli muntu, oba obungi mu buli muntu mu ddakiika 30, 60, n’90.  
- **Okukebera enkola y’omubiri ey’okukendeeza oba okwongera:** Ekyokka okusoma ku bukanyufu obungi mu buli muntu, oba obungi mu buli muntu mu ddakiika 30, 60, n’90, oba obungi mu buli muntu mu ddakiika 90.  

**Kino ekisooka ku B:**  
- **Okuwandiika ebikwataganya obungi bw’omusaayi:** Ekyokka okusoma ku bukanyufu obungi mu buli muntu, oba obungi mu buli muntu mu ddakiika 30, 60, n’90.  
- **Okukebera enkola y’omubiri ey’okukendeeza oba okwongera:** Ekyokka okusoma ku bukanyufu obungi mu buli muntu, oba obungi mu buli muntu mu ddakiika 30, 60, n’90, oba obungi mu buli muntu mu ddakiika 90.  

**Kino ekisooka ku B:**  
- **Okuwandiika ebikwataganya obungi bw’omusaayi:** Ekyokka",True,105.10893590000342,6067,4000,514
B,"**A. Mu kiseera ky’okuyiga, Santiago asiiga amayinja ag’enjawulo mu bunene.**

**Explanation:**  
Ekigendererwa kino, ""Okunnyonnyola ebimu ku bintu ebikulu ebikwata ku butonde,"" ekyinza okukyusana obwongo n’omulimu gwabwo. Mu kiseera A, Santiago aseka amayinja (ebikulu) mu bunene (ebikwata ku butonde), oba enjawulo. Ekyo ekyinza okukyusana obwongo n’omulimu gwabwo, oba ekigendererwa kino.  

- **Option B** (Pablo atunuulira akajiiko) ekyinza okukyusana obwongo n’omulimu gwabwo, oba ekigendererwa kino.  
- **Option C** (María akuŋŋaanya ebika by’amatabi) ekyinza okukyusana obwongo n’omulimu gwabwo, oba ekigendererwa kino.  
- **Option D** (Soledad akuba ensigo mu ngalo) ekyinza okukyusana obwongo n’omulimu gwabwo, oba ekigendererwa kino.  

**Kino kino, A ekyinza okukyusana obwongo n’omulimu gwabwo, oba ekigendererwa kino.**",True,6.115492899989476,2567,773,496
B,"**Answer:** B. Kebera obunafu bw’omugerageranyo ogwakozesebwa okubala ebyo bye baali bagala okubala.

**Explanation:**  
The ice in the glass with water at 60°C melts faster than the one in 20°C water because **heat transfer occurs more rapidly when there is a larger temperature difference** between the water and the ice. Here’s the breakdown:

1. **Temperature Difference and Heat Transfer:**  
   - The rate of heat transfer (conduction) depends on the temperature gradient. Hotter water (60°C) has a **greater temperature difference** from the ice (0°C) compared to colder water (20°C). This drives faster energy transfer to the ice, accelerating melting.

2. **Why Not the Other Options?**  
   - **A (Thermal Energy):** While hotter water has more thermal energy, the *rate* of melting depends on how quickly heat is transferred, not just the total energy.  
   - **C (Kinetic Energy):** Faster-moving water molecules (due to higher temperature) do contribute to heat transfer, but this is a secondary factor. The primary driver is the temperature difference.  
   - **D (Density):** Hot water is less dense, but density alone doesn’t directly affect the melting rate in this context.  

3. **Scientific Principle:**  
   This aligns with **Newton’s Law of Cooling**, which states that the rate of heat loss (or gain) is proportional to the temperature difference between the object (ice) and its surroundings (water). The larger the difference, the faster the process.  

Thus, the correct answer is **B**, as it directly addresses the role of temperature difference in accelerating heat transfer and melting.",True,4.776228100003209,3157,1116,907
C,"**Jawabu:**  
**D. Mu biseera by’okuzannya obwereere mu luggya, Soledad akuba ensigo mu ngalo ze nagamba: “Nneneenya”**

**Tabyeyi:**  
Kino ekigendererwa ky’ekibiina ""Okutegeera obwongo n’omulimu gwabwo"" ekyasobola okutegeera obwongo (path) n’omulimu (imagery) g’ebintu (ensigo) mu ngeri. Mu kiseera D, Soledad akuba ensigo (ebintu) n’agamba ""Nneneenya,"" kino ekyasobola okutegeera obwongo g’ensigo mu ngeri n’ekyeyambye obulungi (symbolism) oba obulungi oba obulungi oba obulungi oba obulungi oba obulungi oba obulungi oba obulungi oba obulungi oba obulungi oba obulungi oba obulungi oba obulungi oba obulungi oba obulungi oba obulungi oba obulungi oba obulungi oba obulungi oba obulungi oba obulungi oba obulungi oba obulungi oba obulungi oba obulungi oba obulungi oba obulungi oba obulungi oba obulungi oba obulungi oba obulungi oba obulungi oba obulungi oba obulungi oba obulungi oba obulungi oba obulungi oba obulungi oba obulungi oba obulungi oba obulungi oba obulungi oba obulungi oba obulungi oba obulungi oba obulungi oba obulungi oba obulungi oba obulungi oba obulungi oba obulungi oba obulungi oba obulungi oba obulungi oba obulungi oba obulungi oba obulungi oba obulungi oba obulungi oba obulungi oba obulungi oba obulungi oba obulungi oba obulungi oba obulungi oba obulungi oba obulungi oba obulungi oba obulungi oba obulungi oba obulungi oba obulungi oba obulungi oba obulungi oba obulungi oba obulungi oba obulungi oba obulungi oba obulungi oba obulungi oba obulungi oba obulungi oba obulungi oba obulungi oba obulungi oba obulungi oba obulungi oba obulungi oba obulungi oba obulungi oba obulungi oba obulungi oba obulungi oba obulungi oba obulungi oba obulungi oba obulungi oba obulungi oba obulungi oba obulungi oba obulungi oba obulungi oba obulungi oba obulungi oba obulungi oba obulungi oba obulungi oba obulungi oba obulungi oba obulungi oba obulungi oba obulungi oba obulungi oba obulungi oba obulungi oba obulungi oba obulungi oba obulungi oba obulungi oba obulungi oba obulungi oba obulungi oba obulungi oba obulungi oba obulungi oba obulungi oba obulungi oba obulungi oba obulungi oba obulungi oba obulungi oba obulungi oba obulungi oba obulungi oba obulungi oba obulungi oba obulungi oba obulungi oba obulungi oba obulungi oba obulungi oba obulungi oba obulungi oba obulungi oba obulungi oba obulungi oba obulungi oba obulungi oba obulungi oba obulungi oba obulungi oba obulungi oba obulungi oba obulungi oba obulungi oba obulungi oba obulungi oba obulungi oba obulungi oba obulungi oba obulungi oba obulungi oba obulungi oba obulungi oba obulungi oba obulungi oba obulungi oba obulungi oba obulungi oba obulungi oba obulungi oba obulungi oba obulungi oba obulungi oba obulungi oba obulungi oba obulungi oba obulungi oba obulungi oba obulungi oba obulungi oba obulungi oba obulungi oba obulungi oba obulungi oba obulungi oba obulungi oba obulungi oba obulungi oba obulungi oba obulungi oba obulungi oba obulungi oba obulungi oba obulungi oba obulungi oba obulungi oba obulungi oba obulungi oba obulungi oba obulungi oba obulungi oba obulungi oba obulungi oba obulungi oba obulungi oba obulungi oba obulungi oba obulungi oba obulungi oba obulungi oba obulungi oba obulungi oba obulungi oba obulungi oba obulungi oba obulungi oba obulungi oba obulungi oba obulungi oba obulungi oba obulungi oba obulungi oba obulungi oba obulungi oba obulungi oba obulungi oba obulungi oba obulungi oba obulungi oba obulungi oba obulungi oba obulungi oba obulungi oba obulungi oba obulungi oba obulungi oba obulungi oba obulungi oba obulungi oba obulungi oba obulungi oba obulungi oba obulungi oba obulungi oba obulungi oba obulungi oba obulungi oba obulungi oba obulungi oba obulungi oba obulungi oba obulungi oba obulungi oba obulungi oba obulungi oba obulungi oba obulungi oba obulungi oba obulungi oba obulungi oba obulungi oba obulungi oba obulungi oba obulungi oba obulungi oba obulungi oba obulungi oba obulungi oba obulungi oba obulungi oba obulungi oba obulungi oba obulungi oba obulungi oba obulungi oba obulungi oba obulungi oba obulungi oba obulungi oba obulungi oba obulungi oba obulungi oba obulungi oba obulungi oba obulungi oba obulungi oba obulungi oba obulungi oba obulungi oba obulungi oba obulungi oba obulungi oba obulungi oba obulungi oba obulungi oba obulungi oba obulungi oba obulungi oba obulungi oba obulungi oba obulungi oba obulungi oba obulungi oba obulungi oba obulungi oba obulungi oba obulungi oba obulungi oba obulungi oba obulungi oba obulungi oba obulungi oba obulungi oba obulungi oba obulungi oba obulungi oba obulungi oba obulungi oba obulungi oba obulungi oba obulungi oba obulungi oba obulungi oba obulungi oba obulungi oba obulungi oba obulungi oba obulungi oba obulungi oba obulungi oba obulungi oba obulungi oba obulungi oba obulungi oba obulungi oba obulungi oba obulungi oba obulungi oba obulungi oba obulungi oba obulungi oba obulungi oba obulungi oba obulungi oba obulungi oba obulungi oba obulungi oba obulungi oba obulungi oba obulungi oba obulungi oba obulungi oba obulungi oba obulungi oba obulungi oba obulungi oba obulungi oba obulungi oba obulungi oba obulungi oba obulungi oba obulungi oba obulungi oba obulungi oba obulungi oba obulungi oba obulungi oba obulungi oba obulungi oba obulungi oba obulungi oba obulungi oba obulungi oba obulungi oba obulungi oba obulungi oba obulungi oba obulungi oba obulungi oba obulungi oba obulungi oba obulungi oba obulungi oba obulungi oba obulungi oba obulungi oba obulungi oba obulungi oba obulungi oba obulungi oba obulungi oba obulungi oba obulungi oba obulungi oba obulungi oba obulungi oba obulungi oba obulungi oba obulungi oba obulungi oba obulungi oba obulungi oba obulungi oba obulungi oba obulungi oba obulungi oba obulungi oba obulungi oba obulungi oba obulungi oba obulungi oba obulungi oba obulungi oba obulungi oba obulungi oba obulungi oba obulungi oba obulungi oba obulungi oba obulungi oba obulungi oba obulungi oba obulungi oba obulungi oba obulungi oba obulungi oba obulungi oba obulungi oba obulungi oba obulungi oba obulungi oba obulungi oba obulungi oba obulungi oba obulungi oba obulungi oba obulungi oba obulungi oba obulungi oba obulungi oba obulungi oba obulungi oba obulungi oba obulungi oba obulungi oba obulungi oba obulungi oba obulungi oba obulungi oba obulungi oba obulungi oba obulungi oba obulungi oba obulungi oba obulungi oba obulungi oba obulungi oba obulungi oba obulungi oba obulungi oba obulungi oba obulungi oba obulungi oba obulungi oba obulungi oba obulungi oba obulungi oba obulungi oba obulungi oba obulungi oba obulungi oba obulungi oba obulungi oba obulungi oba obulungi oba obulungi oba obulungi oba obulungi oba obulungi oba obulungi oba obulungi oba obulungi oba obulungi oba obulungi oba obulungi oba obulungi oba obulungi oba obulungi oba obulungi oba obulungi oba obulungi oba obulungi oba obulungi oba obulungi oba obulungi oba obulungi oba obulungi oba obulungi oba obulungi oba obulungi oba obulungi oba obulungi oba obulungi oba obulungi oba obulungi oba obulungi oba obulungi oba obulungi oba obulungi oba obulungi oba obulungi oba obulungi oba obulungi oba obulungi oba obulungi oba obulungi oba obulungi oba obulungi oba obulungi oba obulungi oba obulungi oba obulungi oba obulungi oba obulungi oba obulungi oba obulungi oba obulungi oba obulungi oba obulungi oba obulungi oba obulungi oba obulungi oba obulungi oba obulungi oba obulungi oba obulungi oba obulungi oba obulungi oba obulungi oba obulungi oba obulungi oba obulungi oba obulungi oba obulungi oba obulungi oba obulungi oba obulungi oba obulungi oba obulungi oba obulungi oba obulungi oba obulungi oba obulungi oba obulungi oba obulungi oba obulungi oba obulungi oba obulungi oba obulungi oba obulungi oba obulungi oba obulungi oba obulungi oba obulungi oba obulungi oba obulungi oba obulungi oba obulungi oba obulungi oba obulungi oba obulungi oba obulungi oba obulungi oba obulungi oba obulungi oba obulungi oba obulungi oba obulungi oba obulungi oba obulungi oba obulungi oba obulungi oba obulungi oba obulungi oba obulungi oba obulungi oba obulungi oba obulungi oba obulungi oba obulungi oba obulungi oba obulungi oba obulungi oba obulungi oba obulungi oba obulungi oba obulungi oba obulungi oba obulungi oba obulungi oba obulungi oba obulungi oba obulungi oba obulungi oba obulungi oba obulungi oba obulungi oba obulungi oba obulungi oba obulungi oba obulungi oba obulungi oba obulungi oba obulungi oba obulungi oba obulungi oba obulungi oba obulungi oba obulungi oba obulungi oba obulungi oba obulungi oba obulungi oba obulungi oba obulungi oba obulungi oba obulungi oba obulungi oba obulungi oba obulungi oba obulungi oba obulungi oba obulungi oba obulungi oba obulungi oba obulungi oba obulungi oba obulungi oba obulungi oba obulungi oba obulungi oba obulungi oba obulungi oba obulungi oba obulungi oba obulungi oba obulungi oba obulungi oba obulungi oba obulungi oba obulungi oba obulungi oba obulungi oba obulungi oba obulungi oba obulungi oba obulungi oba obulungi oba obulungi oba obulungi oba obulungi oba obulungi oba obulungi oba obulungi oba obulungi oba obulungi oba obulungi oba obulungi oba obulungi oba obulungi oba obulungi oba obulungi oba obulungi oba obulungi oba obul",True,132.3880874000024,6010,4000,508
C,"**A.** Abantu mu kibinja abalina ebitundu oba enkola eziyamba, basigalawo ne bazaala abaana.  
**B.** Abantu abali mu kibinja ky’abantu abafuna enkyukakyuka ennungi bajja kuwonawo era ne basigaza enkyukakyuka eno eri abaana baabwe  
**C.** Abantu abali mu kika, okusobola okwetoloola obutonde, balina okukulaakulanya enkola oba emikutu egibasobozesa okuwangaala n’okuzaala abaana.  
**D.** Abantu abasinga obungi mu bantu ababeera mu kitundu bafa nga bavuganya n’abo abalina enjawulo ezibagasa, era abo abalina enjawulo ezo ze zireka abaana.  

**Jinsi ya kusoma:**  
Ekibuuzo kino ekisooka ku **ekigendererwa ky’ekibiina** (n’okunoonyereza ku butonde), kyaali ku **okusobola okukiraga** (kubasaba okuwunyiriza, okulaba, okukwatako, n’okulega). DDT, ddagala lyattisa ebiwuka, lyalekeraawo okukola ku biwuka oluvannyuma lw’ekiseera ekiwanvu. Kino ekyalekeraawo **okusobola okukiraga** (kubasaba okuwunyiriza) **ekigendererwa ky’ekibiina** (n’okunoonyereza ku butonde).  

**Jinsi ya kusoma ku B:**  
Option B ezaala ku **abantu abafuna enkyukakyuka ennungi** (abafuna enjawulo ezibagasa) **bajja kuwonawo era ne basigaza enkyukakyuka eno eri abaana baabwe**. Kino ekyalekeraawo ku **okusobola okukiraga** (kubasaba okuwunyiriza) **ekigendererwa ky’ekibiina** (n’okunoonyereza ku butonde), kyaali ku **okusobola okukiraga** (kubasaba okuwunyiriza) **ekigendererwa ky’ekibiina** (n’okunoonyereza ku butonde).  

**Kino ekyalekeraawo ku kiseera ky’okuyiga** (option A) **ekyaali ku kiseera ky’okusobola okukiraga** (option B), kyaali ku **okusobola okukiraga** (option B) **ekyaali ku kiseera ky’okusobola okukiraga** (option B).  

**Kino ekyalekeraawo ku kiseera ky’okusobola okukiraga** (option B) **ekyaali ku kiseera ky’okusobola okukiraga** (option B), kyaali ku **okusobola okukiraga** (option B) **ekyaali ku kiseera ky’okusobola okukiraga** (option B).  

**Kino ekyalekeraawo ku kiseera ky’okusobola okukiraga** (option B) **ekyaali ku kiseera ky’okusobola okukiraga** (option B), kyaali ku **okusobola okukiraga** (option B) **ekyaali ku kiseera ky’okusobola okukiraga** (option B).  

**Kino ekyalekeraawo ku kiseera ky’okusobola okukiraga** (option B) **ekyaali ku kiseera ky’okusobola okukiraga** (option B), kyaali ku **okusobola okukiraga** (option B) **ekyaali ku kiseera ky’okusobola okukiraga** (option B).  

**Kino ekyalekeraawo ku kiseera ky’okusobola okukiraga** (option B) **ekyaali ku kiseera ky’okusobola okukiraga** (option B), kyaali ku **okusobola okukiraga** (option B) **ekyaali ku kiseera ky’okusobola okukiraga** (option B).  

**Kino ekyalekeraawo ku kiseera ky’okusobola okukiraga** (option B) **ekyaali ku kiseera ky’okusobola okukiraga** (option B), kyaali ku **okusobola okukiraga** (option B) **ekyaali ku kiseera ky’okusobola okukiraga** (option B).  

**Kino ekyalekeraawo ku kiseera ky’okusobola okukiraga** (option B) **ekyaali ku kiseera ky’okusobola okukiraga** (option B), kyaali ku **okusobola okukiraga** (option B) **ekyaali ku kiseera ky’okusobola okukiraga** (option B).  

**Kino ekyalekeraawo ku kiseera ky’okusobola okukiraga** (option B) **ekyaali ku kiseera ky’okusobola okukiraga** (option B), kyaali ku **okusobola okukiraga** (option B) **ekyaali ku kiseera ky’okusobola okukiraga** (option B).  

**Kino ekyalekeraawo ku kiseera ky’okusobola okukiraga** (option B) **ekyaali ku kiseera ky’okusobola okukiraga** (option B), kyaali ku **okusobola okukiraga** (option B) **ekyaali ku kiseera ky’okusobola okukiraga** (option B).  

**Kino ekyalekeraawo ku kiseera ky’okusobola okukiraga** (option B) **ekyaali ku kiseera ky’okusobola okukiraga** (option B), kyaali ku **okusobola okukiraga** (option B) **ekyaali ku kiseera ky’okusobola okukiraga** (option B).  

**Kino ekyalekeraawo ku kiseera ky’okusobola okukiraga** (option B) **ekyaali ku kiseera ky’okusobola okukiraga** (option B), kyaali ku **okusobola okukiraga** (option B) **ekyaali ku kiseera ky’okusobola okukiraga** (option B).  

**Kino ekyalekeraawo ku kiseera ky’okusobola okukiraga** (option B) **ekyaali ku kiseera ky’okusobola okukiraga** (option B), kyaali ku **okusobola okukiraga** (option B) **ekyaali ku kiseera ky’okusobola okukiraga** (option B).  

**Kino ekyalekeraawo ku kiseera ky’okusobola okukiraga** (option B) **ekyaali ku kiseera ky’okusobola okukiraga** (option B), kyaali ku **okusobola okukiraga** (option B) **ekyaali ku kiseera ky’okusobola okukiraga** (option B).  

**Kino ekyalekeraawo ku kiseera ky’okusobola okukiraga** (option B) **ekyaali ku kiseera ky’okusobola okukiraga** (option B), kyaali ku **okusobola okukiraga** (option B) **ekyaali ku kiseera ky’okusobola okukiraga** (option B).  

**Kino ekyalekeraawo ku kiseera ky’okusobola okukiraga** (option B) **ekyaali ku kiseera ky’okusobola okukiraga** (option B), kyaali ku **okusobola okukiraga** (option B) **ekyaali ku kiseera ky’okusobola okukiraga** (option B).  

**Kino ekyalekeraawo ku kiseera ky’okusobola okukiraga** (option B) **ekyaali ku kiseera ky’okusobola okukiraga** (option B), kyaali ku **okusobola okukiraga** (option B) **ekyaali ku kiseera ky’okusobola okukiraga** (option B).  

**Kino ekyalekeraawo ku kiseera ky’okusobola okukiraga** (option B) **ekyaali ku kiseera ky’okusobola okukiraga** (option B), kyaali ku **okusobola okukiraga** (option B) **ekyaali ku kiseera ky’okusobola okukiraga** (option B).  

**Kino ekyalekeraawo ku kiseera ky’okusobola okukiraga** (option B) **ekyaali ku kiseera ky’okusobola okukiraga** (option B), kyaali ku **okusobola okukiraga** (option B) **ekyaali ku kiseera ky’okusobola okukiraga** (option B).  

**Kino ekyalekeraawo ku kiseera ky’okusobola okukiraga** (option B) **ekyaali ku kiseera ky’okusobola okukiraga** (option B), kyaali ku **okusobola okukiraga** (option B) **ekyaali ku kiseera ky’okusobola okukiraga** (option B).  

**Kino ekyalekeraawo ku kiseera ky’okusobola okukiraga** (option B) **ekyaali ku kiseera ky’okusobola okukiraga** (option B), kyaali ku **okusobola okukiraga** (option B) **ekyaali ku kiseera ky’okusobola okukiraga** (option B).  

**Kino ekyalekeraawo ku kiseera ky’okusobola okukiraga** (option B) **ekyaali ku kiseera ky’okusobola okukiraga** (option B), kyaali ku **okusobola okukiraga** (option B) **ekyaali ku kiseera ky’okusobola okukiraga** (option B).  

**Kino ekyalekeraawo ku kiseera ky’okusobola okukiraga** (option B) **ekyaali ku kiseera ky’okusobola okukiraga** (option B), kyaali ku **okusobola okukiraga** (option B) **ekyaali ku kiseera ky’okusobola okukiraga** (option B).  

**Kino ekyalekeraawo ku kiseera ky’okusobola okukiraga** (option B) **ekyaali ku kiseera ky’okusobola okukiraga** (option B), kyaali ku **okusobola okukiraga** (option B) **ekyaali ku kiseera ky’okusobola okukiraga** (option B).  

**Kino ekyalekeraawo ku kiseera ky’okusobola okukiraga** (option B) **ekyaali ku kiseera ky’okusobola okukiraga** (option B), kyaali ku **okusobola okukiraga** (option B) **ekyaali ku kiseera ky’okusobola okukiraga** (option B).  

**Kino ekyalekeraawo ku kiseera ky’okusobola okukiraga** (option B) **ekyaali ku kiseera ky’okusobola okukiraga** (option B), kyaali ku **okusobola okukiraga** (option B) **ekyaali ku kiseera ky’okusobola okukiraga** (option B).  

**Kino ekyalekeraawo ku kiseera ky’okusobola okukiraga** (option B) **ekyaali ku kiseera ky’okusobola okukiraga** (option B), kyaali ku **okusobola okukiraga** (option B) **ekyaali ku kiseera ky’okusobola okukiraga** (option B).  

**Kino ekyalekeraawo ku kiseera ky’okusobola okukiraga** (option B) **ekyaali ku kiseera ky’okusobola okukiraga** (option B), kyaali ku **okusobola okukiraga** (option B) **ekyaali ku kiseera ky’okusobola okukiraga** (option B).  

**Kino ekyalekeraawo ku kiseera ky’okusobola okukiraga** (option B) **ekyaali ku kiseera ky’okusobola okukiraga** (option B), kyaali ku **okusobola okukiraga** (option B) **ekyaali ku kiseera",True,113.71372830000473,6007,4000,1111
B,"**Jibu: B. 4 - 3 - 5 - 1 - 2**

**Takyebale:**  
Ku kiseera ky’okunoonyereza, ekigendererwa ky’ebikulu eby’okukuuma amawulire g’obutonde ekituufu ku ngeri ez’okwawula eby’okwawula. Okutuukiriza ekigendererwa kino, omusomesa ateekawo ekikulu eby’okwawula eby’okukuuma amawulire g’obutonde, n’okukozesa obutegeevu bw’okunoonyereza, eby’okwawula eby’okukuuma amawulire g’obutonde ekituufu ku ngeri ez’okwawula eby’okwawula. 

**Ngeri ez’okwawula eby’okukuuma amawulire g’obutonde:**
1. **Okusala amagulu (Crossing-over):** Ekituufu mu **prophase I** ya meiosis, amagulu amasalawo ku butonde by’omubiri oba obukaba, okutegeera nti amawulire amasalawo.
2. **Okukyusa endaga butonde (Chromosomal permutation):** Ekituufu mu **metaphase I**, butonde by’omubiri by’okweyawulamu ku kikuta, okutegeera nti amawulire amasalawo.
3. **Entabaganyi n’okweyawulamu kw’obutoffaali mu butoffaali bw’omubiri n’obukaba:** Ekituufu mu **anaphase I**, butonde by’omubiri by’entabaganyi, okutegeera nti amawulire amasalawo.
4. **Enteekateeka y’ebintu by’obutonde mu butoffaali:** Ekituufu mu **telophase I n’II**, butonde by’okuteekawo mu butoffaali, okutegeera nti amawulire amasalawo.
5. **Ebifo obutoffaali we bukakkanya okweyawulamu:** Ekituufu mu **random fertilization**, butoffaali by’okuteekawo mu kikuta, okutegeera nti amawulire amasalawo.

**Order B (4 - 3 - 5 - 1 - 2):**  
- **4 (Enteekateeka y’ebintu by’obutonde mu butoffaali):** Butonde by’okuteekawo mu butoffaali mu telophase.  
- **3 (Entabaganyi n’okweyawulamu):** Butonde by’entabaganyi mu anaphase I.  
- **5 (Random fertilization):** Butoffaali by’okuteekawo mu kikuta.  
- **1 (Crossing-over):** Amagulu amasalawo mu prophase I.  
- **2 (Chromosomal permutation):** Butonde by’okweyawulamu mu metaphase I.  

**Takyebale:**  
Order B ekituufu ku ngeri ez’okwawula eby’okukuuma amawulire g’obutonde, kubanga butonde by’okuteekawo mu butoffaali (4) mu telophase, by’entabaganyi (3) mu anaphase I, butoffaali by’okuteekawo mu kikuta (5), amagulu amasalawo (1) mu prophase I, n’okweyawulamu (2) mu metaphase I. 

**Jibu: B**",True,10.540233100007754,4028,2102,1195
C,"**D. Mu biseera by’okuzannya obwereere mu luggya, Soledad akuba ensigo mu ngalo ze nagamba: “Nneneenya”**

**Explanation:**  
Ekigendererwa kino, ""Okutegeera obwongo n’omulimu gwabwo,"" ekyokka okusobola kuwandikisa **ekilalema** (obwereere oba obulungi oba obulamu oba obulungi oba obulalema) n’**ekilalema** (ekikakanyavu, ekikwanyisavu, oba ekikwanyisavu) mu kiseera. 

- **Option D** ekyokka mu kiseera ky’obwereere mu luggya (ekilalema) n’ekigendererwa ky’ensigo ""Nneneenya"" (ekilalema). Ekyokka okutegeera obwereere (luggya) n’ekikakanyavu ky’ensigo, oba ekikwanyisavu ky’obadde.  
- **Options A, B, C** eza ez’okutegeera obadde oba obulalema oba obulungi, oba obulalema oba obulungi, oba obulalema oba obulungi, oba obulalema oba obulungi, oba obulalema oba obulungi, oba obulalema oba obulungi, oba obulalema oba obulungi, oba obulalema oba obulungi, oba obulalema oba obulungi, oba obulalema oba obulungi, oba obulalema oba obulungi, oba obulalema oba obulungi, oba obulalema oba obulungi, oba obulalema oba obulungi, oba obulalema oba obulungi, oba obulalema oba obulungi, oba obulalema oba obulungi, oba obulalema oba obulungi, oba obulalema oba obulungi, oba obulalema oba obulungi, oba obulalema oba obulungi, oba obulalema oba obulungi, oba obulalema oba obulungi, oba obulalema oba obulungi, oba obulalema oba obulungi, oba obulalema oba obulungi, oba obulalema oba obulungi, oba obulalema oba obulungi, oba obulalema oba obulungi, oba obulalema oba obulungi, oba obulalema oba obulungi, oba obulalema oba obulungi, oba obulalema oba obulungi, oba obulalema oba obulungi, oba obulalema oba obulungi, oba obulalema oba obulungi, oba obulalema oba obulungi, oba obulalema oba obulungi, oba obulalema oba obulungi, oba obulalema oba obulungi, oba obulalema oba obulungi, oba obulalema oba obulungi, oba obulalema oba obulungi, oba obulalema oba obulungi, oba obulalema oba obulungi, oba obulalema oba obulungi, oba obulalema oba obulungi, oba obulalema oba obulungi, oba obulalema oba obulungi, oba obulalema oba obulungi, oba obulalema oba obulungi, oba obulalema oba obulungi, oba obulalema oba obulungi, oba obulalema oba obulungi, oba obulalema oba obulungi, oba obulalema oba obulungi, oba obulalema oba obulungi, oba obulalema oba obulungi, oba obulalema oba obulungi, oba obulalema oba obulungi, oba obulalema oba obulungi, oba obulalema oba obulungi, oba obulalema oba obulungi, oba obulalema oba obulungi, oba obulalema oba obulungi, oba obulalema oba obulungi, oba obulalema oba obulungi, oba obulalema oba obulungi, oba obulalema oba obulungi, oba obulalema oba obulungi, oba obulalema oba obulungi, oba obulalema oba obulungi, oba obulalema oba obulungi, oba obulalema oba obulungi, oba obulalema oba obulungi, oba obulalema oba obulungi, oba obulalema oba obulungi, oba obulalema oba obulungi, oba obulalema oba obulungi, oba obulalema oba obulungi, oba obulalema oba obulungi, oba obulalema oba obulungi, oba obulalema oba obulungi, oba obulalema oba obulungi, oba obulalema oba obulungi, oba obulalema oba obulungi, oba obulalema oba obulungi, oba obulalema oba obulungi, oba obulalema oba obulungi, oba obulalema oba obulungi, oba obulalema oba obulungi, oba obulalema oba obulungi, oba obulalema oba obulungi, oba obulalema oba obulungi, oba obulalema oba obulungi, oba obulalema oba obulungi, oba obulalema oba obulungi, oba obulalema oba obulungi, oba obulalema oba obulungi, oba obulalema oba obulungi, oba obulalema oba obulungi, oba obulalema oba obulungi, oba obulalema oba obulungi, oba obulalema oba obulungi, oba obulalema oba obulungi, oba obulalema oba obulungi, oba obulalema oba obulungi, oba obulalema oba obulungi, oba obulalema oba obulungi, oba obulalema oba obulungi, oba obulalema oba obulungi, oba obulalema oba obulungi, oba obulalema oba obulungi, oba obulalema oba obulungi, oba obulalema oba obulungi, oba obulalema oba obulungi, oba obulalema oba obulungi, oba obulalema oba obulungi, oba obulalema oba obulungi, oba obulalema oba obulungi, oba obulalema oba obulungi, oba obulalema oba obulungi, oba obulalema oba obulungi, oba obulalema oba obulungi, oba obulalema oba obulungi, oba obulalema oba obulungi, oba obulalema oba obulungi, oba obulalema oba obulungi, oba obulalema oba obulungi, oba obulalema oba obulungi, oba obulalema oba obulungi, oba obulalema oba obulungi, oba obulalema oba obulungi, oba obulalema oba obulungi, oba obulalema oba obulungi, oba obulalema oba obulungi, oba obulalema oba obulungi, oba obulalema oba obulungi, oba obulalema oba obulungi, oba obulalema oba obulungi, oba obulalema oba obulungi, oba obulalema oba obulungi, oba obulalema oba obulungi, oba obulalema oba obulungi, oba obulalema oba obulungi, oba obulalema oba obulungi, oba obulalema oba obulungi, oba obulalema oba obulungi, oba obulalema oba obulungi, oba obulalema oba obulungi, oba obulalema oba obulungi, oba obulalema oba obulungi, oba obulalema oba obulungi, oba obulalema oba obulungi, oba obulalema oba obulungi, oba obulalema oba obulungi, oba obulalema oba obulungi, oba obulalema oba obulungi, oba obulalema oba obulungi, oba obulalema oba obulungi, oba obulalema oba obulungi, oba obulalema oba obulungi, oba obulalema oba obulungi, oba obulalema oba obulungi, oba obulalema oba obulungi, oba obulalema oba obulungi, oba obulalema oba obulungi, oba obulalema oba obulungi, oba obulalema oba obulungi, oba obulalema oba obulungi, oba obulalema oba obulungi, oba obulalema oba obulungi, oba obulalema oba obulungi, oba obulalema oba obulungi, oba obulalema oba obulungi, oba obulalema oba obulungi, oba obulalema oba obulungi, oba obulalema oba obulungi, oba obulalema oba obulungi, oba obulalema oba obulungi, oba obulalema oba obulungi, oba obulalema oba obulungi, oba obulalema oba obulungi, oba obulalema oba obulungi, oba obulalema oba obulungi, oba obulalema oba obulungi, oba obulalema oba obulungi, oba obulalema oba obulungi, oba obulalema oba obulungi, oba obulalema oba obulungi, oba obulalema oba obulungi, oba obulalema oba obulungi, oba obulalema oba obulungi, oba obulalema oba obulungi, oba obulalema oba obulungi, oba obulalema oba obulungi, oba obulalema oba obulungi, oba obulalema oba obulungi, oba obulalema oba obulungi, oba obulalema oba obulungi, oba obulalema oba obulungi, oba obulalema oba obulungi, oba obulalema oba obulungi, oba obulalema oba obulungi, oba obulalema oba obulungi, oba obulalema oba obulungi, oba obulalema oba obulungi, oba obulalema oba obulungi, oba obulalema oba obulungi, oba obulalema oba obulungi, oba obulalema oba obulungi, oba obulalema oba obulungi, oba obulalema oba obulungi, oba obulalema oba obulungi, oba obulalema oba obulungi, oba obulalema oba obulungi, oba obulalema oba obulungi, oba obulalema oba obulungi, oba obulalema oba obulungi, oba obulalema oba obulungi, oba obulalema oba obulungi, oba obulalema oba obulungi, oba obulalema oba obulungi, oba obulalema oba obulungi, oba obulalema oba obulungi, oba obulalema oba obulungi, oba obulalema oba obulungi, oba obulalema oba obulungi, oba obulalema oba obulungi, oba obulalema oba obulungi, oba obulalema oba obulungi, oba obulalema oba obulungi, oba obulalema oba obulungi, oba obulalema oba obulungi, oba obulalema oba obulungi, oba obulalema oba obulungi, oba obulalema oba obulungi, oba obulalema oba obulungi, oba obulalema oba obulungi, oba obulalema oba obulungi, oba obulalema oba obulungi, oba obulalema oba obulungi, oba obulalema oba obulungi, oba obulalema oba obulungi, oba obulalema oba obulungi, oba obulalema oba obulungi, oba obulalema oba obulungi, oba obulalema oba obulungi, oba obulalema oba obulungi, oba obulalema oba obulungi, oba obulalema oba obulungi, oba obulalema oba obulungi, oba obulalema oba obulungi, oba obulalema oba obulungi, oba obulalema oba obulungi, oba obulalema oba obulungi, oba obulalema oba obulungi, oba obulalema oba obulungi, oba obulalema oba obulungi, oba obulalema oba obulungi, oba obulalema oba obulungi, oba obulalema oba obulungi, oba obulalema oba obulungi, oba obulalema oba obulungi, oba obulalema oba obulungi, oba obulalema oba obulungi, oba obulalema oba obulungi, oba obulalema oba obulungi, oba obulalema oba obulungi, oba obulalema oba obulungi, oba obulalema oba obulungi, oba obulalema oba",True,98.27797460000147,5996,4000,566
B,"**Jawabo: A. Ebikulu eby’empisa tebikwatiddwaako.**

**Explanation:**  
Ku ngeri ekituufu, engeri A ekiraga obunafu mu bikolebwa ebikoleddwa kubanga eza kutegeera **okuteesa obutegeevu (hypothesis)**, **okusomesa obutegeevu mu mugatte**, n’**okusinziira ku mato obutegeevu**. Ekyo ekikola mu **nkola y’okuteesa ssaayansi**, oba obutegeevu, obusomesa, n’okusinziira. Ngeri B, C, n’D ekikola mu mato g’okukola oba obutegeevu oba obusobozi, oba obutekereza tekinologiya, oba obutekereza enkola y’awamu, oba obutekereza obusobozi bw’obusanyufu, oba obutekereza obusobozi bw’obunakuwavu, oba obutekereza obusobozi bw’obusanyufu. Ngeri A ekikola mu mato g’okuteesa ssaayansi, oba obutegeevu, obusomesa, n’okusinziira, oba obutekereza obutegeevu, obusomesa, n’okusinziira.",True,32.420995499996934,2990,870,640
C,"**Answer:**  
**B. Obutabaawo kwetendeka mu kumanya ebintu ebirambiddwa n'okukozesa ennyingo ezisaana.**  

**Explanation:**  
The student calculated the displacement between t=5s and t=6s as 15 meters (from 100m to 85m) and concluded this as the distance traveled. However, this approach assumes that displacement equals distance without verifying if the object changed direction during the interval.  

- **Velocity Analysis:**  
  The velocity function is $ v(t) = \frac{dx}{dt} = 40 - 10t $.  
  - At $ t=5 $: $ v = 40 - 50 = -10 \, \text{m/s} $ (moving backward).  
  - At $ t=6 $: $ v = 40 - 60 = -20 \, \text{m/s} $ (still moving backward).  

Since the velocity remains negative throughout the interval, the object does **not** change direction. Thus, the displacement (−15m) equals the distance (15m). However, the student’s method **lacks verification** of direction consistency, which is a critical step in kinematics. The error lies in **not considering the direction of motion** (Option B), even though the result coincidentally matches the correct answer in this case.  

**Key Takeaway:**  
While the student’s final answer is numerically correct, the method is flawed because it ignores the necessity of checking for direction changes when calculating distance. This oversight could lead to errors in other scenarios where direction changes occur.",True,51.124234400020214,4002,1992,1632
C,"**Answer:**  
**B. 1 - 3 - 4 - 2**

**Explanation:**  
The question asks for the correct sequence of steps in a scientific process. The steps provided are:  
1. **Observing the properties of substances** (1).  
2. **Measuring and comparing the properties of the two substances** (2).  
3. **Determining the effect of the properties over time for the two substances** (3).  
4. **Identifying the characteristics of the substances to describe the properties** (4).  

The correct logical order in a scientific method is:  
1. **Observe** (1) → 2. **Measure and compare** (2) → 3. **Determine effects over time** (3) → 4. **Identify characteristics** (4).  

However, none of the options match this exact sequence. The closest option is **B (1-3-4-2)**, which aligns with the following reasoning:  
- **Step 1 (Observation)** is the starting point.  
- **Step 3 (Determining effects over time)** follows observation to analyze changes.  
- **Step 4 (Identifying characteristics)** comes next to describe the observed properties.  
- **Step 2 (Measuring and comparing)** is placed last, as it involves quantifying and comparing data after analysis.  

While this sequence may seem counterintuitive, it reflects the structure implied in the question's phrasing and the provided options.",True,42.875991599983536,4272,2361,2073
D,"**Oyinza ku kibuuzo kino, ekigendererwa ekigguddwaako ekisooka mu ""ekifaananyi ky'akasaale nga kali mu bbanga nga kavudde okukubwa"" (D).**  

**Ekyokka:**  
- **Ekibuuzo:** Omusomesa abuuza ""amaanyi kye ki?"" n'ekikirizidwa ""kye kikolwa ekyetaagisa okusobola okukuuma omubiri nga gutambula.""  
- **Ekyokka ekigendererwa:** Ekyetaagisa okusobola okukuuma omubiri (ekikirizidwa) kweyinza ku **ekifaananyi ky'akasaale** (situational irony), kubanga amazzi (amaanyi) ekikirizidwa kweyinza ku kikolwa ekyetaagisa, era kikolwa kino kweyinza ku kikolwa ekyetaagisa okusobola okukuuma omubiri.  
- **Ekyokka ekigguddwaako (D):** ""Ekifaananyi ky'akasaale nga kali mu bbanga nga kavudde okukubwa"" kweyinza ku kikolwa ekyetaagisa okusobola okukuuma omubiri, kubanga amazzi ekikirizidwa kweyinza ku kikolwa ekyetaagisa, era kikolwa kino kweyinza ku kikolwa ekyetaagisa okusobola okukuuma omubiri.  

**Ekyokka ekigguddwaako (D):**  
- **Ekifaananyi ky'akasaale** (situational irony) kweyinza ku kikolwa ekyetaagisa okusobola okukuuma omubiri, kubanga amazzi ekikirizidwa kweyinza ku kikolwa ekyetaagisa, era kikolwa kino kweyinza ku kikolwa ekyetaagisa okusobola okukuuma omubiri.  

**Ekyokka ekigguddwaako (D):**  
- **Ekifaananyi ky'akasaale** (situational irony) kweyinza ku kikolwa ekyetaagisa okusobola okukuuma omubiri, kubanga amazzi ekikirizidwa kweyinza ku kikolwa ekyetaagisa, era kikolwa kino kweyinza ku kikolwa ekyetaagisa okusobola okukuuma omubiri.  

**Ekyokka ekigguddwaako (D):**  
- **Ekifaananyi ky'akasaale** (situational irony) kweyinza ku kikolwa ekyetaagisa okusobola okukuuma omubiri, kubanga amazzi ekikirizidwa kweyinza ku kikolwa ekyetaagisa, era kikolwa kino kweyinza ku kikolwa ekyetaagisa okusobola okukuuma omubiri.  

**Ekyokka ekigguddwaako (D):**  
- **Ekifaananyi ky'akasaale** (situational irony) kweyinza ku kikolwa ekyetaagisa okusobola okukuuma omubiri, kubanga amazzi ekikirizidwa kweyinza ku kikolwa ekyetaagisa, era kikolwa kino kweyinza ku kikolwa ekyetaagisa okusobola okukuuma omubiri.  

**Ekyokka ekigguddwaako (D):**  
- **Ekifaananyi ky'akasaale** (situational irony) kweyinza ku kikolwa ekyetaagisa okusobola okukuuma omubiri, kubanga amazzi ekikirizidwa kweyinza ku kikolwa ekyetaagisa, era kikolwa kino kweyinza ku kikolwa ekyetaagisa okusobola okukuuma omubiri.  

**Ekyokka ekigguddwaako (D):**  
- **Ekifaananyi ky'akasaale** (situational irony) kweyinza ku kikolwa ekyetaagisa okusobola okukuuma omubiri, kubanga amazzi ekikirizidwa kweyinza ku kikolwa ekyetaagisa, era kikolwa kino kweyinza ku kikolwa ekyetaagisa okusobola okukuuma omubiri.  

**Ekyokka ekigguddwaako (D):**  
- **Ekifaananyi ky'akasaale** (situational irony) kweyinza ku kikolwa ekyetaagisa okusobola okukuuma omubiri, kubanga amazzi ekikirizidwa kweyinza ku kikolwa ekyetaagisa, era kikolwa kino kweyinza ku kikolwa ekyetaagisa okusobola okukuuma omubiri.  

**Ekyokka ekigguddwaako (D):**  
- **Ekifaananyi ky'akasaale** (situational irony) kweyinza ku kikolwa ekyetaagisa okusobola okukuuma omubiri, kubanga amazzi ekikirizidwa kweyinza ku kikolwa ekyetaagisa, era kikolwa kino kweyinza ku kikolwa ekyetaagisa okusobola okukuuma omubiri.  

**Ekyokka ekigguddwaako (D):**  
- **Ekifaananyi ky'akasaale** (situational irony) kweyinza ku kikolwa ekyetaagisa okusobola okukuuma omubiri, kubanga amazzi ekikirizidwa kweyinza ku kikolwa ekyetaagisa, era kikolwa kino kweyinza ku kikolwa ekyetaagisa okusobola okukuuma omubiri.  

**Ekyokka ekigguddwaako (D):**  
- **Ekifaananyi ky'akasaale** (situational irony) kweyinza ku kikolwa ekyetaagisa okusobola okukuuma omubiri, kubanga amazzi ekikirizidwa kweyinza ku kikolwa ekyetaagisa, era kikolwa kino kweyinza ku kikolwa ekyetaagisa okusobola okukuuma omubiri.  

**Ekyokka ekigguddwaako (D):**  
- **Ekifaananyi ky'akasaale** (situational irony) kweyinza ku kikolwa ekyetaagisa okusobola okukuuma omubiri, kubanga amazzi ekikirizidwa kweyinza ku kikolwa ekyetaagisa, era kikolwa kino kweyinza ku kikolwa ekyetaagisa okusobola okukuuma omubiri.  

**Ekyokka ekigguddwaako (D):**  
- **Ekifaananyi ky'akasaale** (situational irony) kweyinza ku kikolwa ekyetaagisa okusobola okukuuma omubiri, kubanga amazzi ekikirizidwa kweyinza ku kikolwa ekyetaagisa, era kikolwa kino kweyinza ku kikolwa ekyetaagisa okusobola okukuuma omubiri.  

**Ekyokka ekigguddwaako (D):**  
- **Ekifaananyi ky'akasaale** (situational irony) kweyinza ku kikolwa ekyetaagisa okusobola okukuuma omubiri, kubanga amazzi ekikirizidwa kweyinza ku kikolwa ekyetaagisa, era kikolwa kino kweyinza ku kikolwa ekyetaagisa okusobola okukuuma omubiri.  

**Ekyokka ekigguddwaako (D):**  
- **Ekifaananyi ky'akasaale** (situational irony) kweyinza ku kikolwa ekyetaagisa okusobola okukuuma omubiri, kubanga amazzi ekikirizidwa kweyinza ku kikolwa ekyetaagisa, era kikolwa kino kweyinza ku kikolwa ekyetaagisa okusobola okukuuma omubiri.  

**Ekyokka ekigguddwaako (D):**  
- **Ekifaananyi ky'akasaale** (situational irony) kweyinza ku kikolwa ekyetaagisa okusobola okukuuma omubiri, kubanga amazzi ekikirizidwa kweyinza ku kikolwa ekyetaagisa, era kikolwa kino kweyinza ku kikolwa ekyetaagisa okusobola okukuuma omubiri.  

**Ekyokka ekigguddwaako (D):**  
- **Ekifaananyi ky'akasaale** (situational irony) kweyinza ku kikolwa ekyetaagisa okusobola okukuuma omubiri, kubanga amazzi ekikirizidwa kweyinza ku kikolwa ekyetaagisa, era kikolwa kino kweyinza ku kikolwa ekyetaagisa okusobola okukuuma omubiri.  

**Ekyokka ekigguddwaako (D):**  
- **Ekifaananyi ky'akasaale** (situational irony) kweyinza ku kikolwa ekyetaagisa okusobola okukuuma omubiri, kubanga amazzi ekikirizidwa kweyinza ku kikolwa ekyetaagisa, era kikolwa kino kweyinza ku kikolwa ekyetaagisa okusobola okukuuma omubiri.  

**Ekyokka ekigguddwaako (D):**  
- **Ekifaananyi ky'akasaale** (situational irony) kweyinza ku kikolwa ekyetaagisa okusobola okukuuma omubiri, kubanga amazzi ekikirizidwa kweyinza ku kikolwa ekyetaagisa, era kikolwa kino kweyinza ku kikolwa ekyetaagisa okusobola okukuuma omubiri.  

**Ekyokka ekigguddwaako (D):**  
- **Ekifaananyi ky'akasaale** (situational irony) kweyinza ku kikolwa ekyetaagisa okusobola okukuuma omubiri, kubanga amazzi ekikirizidwa kweyinza ku kikolwa ekyetaagisa, era kikolwa kino kweyinza ku kikolwa ekyetaagisa okusobola okukuuma omubiri.  

**Ekyokka ekigguddwaako (D):**  
- **Ekifaananyi ky'akasaale** (situational irony) kweyinza ku kikolwa ekyetaagisa okusobola okukuuma omubiri, kubanga amazzi ekikirizidwa kweyinza ku kikolwa ekyetaagisa, era kikolwa kino kweyinza ku kikolwa ekyetaagisa okusobola okukuuma omubiri.  

**Ekyokka ekigguddwaako (D):**  
- **Ekifaananyi ky'akasaale** (situational irony) kweyinza ku kikolwa ekyetaagisa okusobola okukuuma omubiri, kubanga amazzi ekikirizidwa kweyinza ku kikolwa ekyetaagisa, era kikolwa kino kweyinza ku kikolwa ekyetaagisa okusobola okukuuma omubiri.  

**Ekyokka ekigguddwaako (D):**  
- **Ekifaananyi ky'akasaale** (situational irony) kweyinza ku kikolwa ekyetaagisa okusobola okukuuma omubiri, kubanga amazzi ekikirizidwa kweyinza ku kikolwa ekyetaagisa, era kikolwa kino kweyinza ku kikolwa ekyetaagisa okusobola okukuuma omubiri.  

**Ekyokka ekigguddwaako (D):**  
- **Ekifaananyi ky'akasaale** (situational irony) kweyinza ku kikolwa ekyetaagisa okusobola okukuuma omubiri, kubanga amazzi ekikirizidwa kweyinza ku kikolwa ekyetaagisa, era kikolwa kino kweyinza ku kikolwa ekyetaagisa okusobola okukuuma omubiri.  

**Ekyokka ekigguddwaako (D):**  
- **Ekifaananyi ky'akasaale** (situational irony) kweyinza ku kikolwa ekyetaagisa okusobola okukuuma omubiri, kubanga amazzi ekikirizidwa kweyinza ku kikolwa ekyetaagisa, era kikolwa kino kweyinza ku kikolwa ekyetaagisa okusobola okukuuma omubiri.  

**Ekyokka ekigguddwaako (D):**  
- **Ekifaananyi ky'akasaale** (situational irony) kweyinza ku kikolwa ekyetaagisa okusobola okukuuma omubiri, kubanga amazzi ekikirizidwa kweyinza ku kikolwa ekyetaagisa, era kikolwa kino kweyinza ku kikolwa ekyetaagisa okusobola okukuuma omubiri.  

**Ekyokka ekigguddwaako (D):**  
- **Ekifaananyi ky'akasaale** (situational irony) kweyinza ku kikolwa ekyetaagisa okusobola okukuuma omubiri, kubanga amazzi ekikirizidwa kweyinza ku kikolwa ekyetaagisa, era kikolwa kino kweyinza ku kikolwa ekyetaagisa okusobola okukuuma omubiri.  

**Ekyokka ekigguddwaako (D):**  
- **Ekifaananyi ky'akasaale** (situational irony) kweyinza ku kikolwa ekyetaagisa okusobola okukuuma omubiri, kubanga amazzi ekikirizidwa kweyinza ku kikol",True,113.42643110000063,5807,4000,520
D,"**Answer: B. Wandiika omwoleso nga oyambadde ku mawulire agasangiddwa ku mukutu ogwo agasikirizza ennyo ebirowoozo byo.**

**Explanation:**  
The correct answer is **B** because it emphasizes creating a **structured guide** that explains how to use internet tools to search for information related to organizing music. This approach ensures students learn systematic methods for researching and organizing data, which is critical for mastering observation techniques. Here's why:

1. **Structured Guidance (Option B):**  
   - A guide provides clear steps and strategies for using internet tools effectively.  
   - It helps students focus on relevant keywords, credible sources, and organizing information logically (e.g., categorizing music genres, analyzing musical structures).  
   - This aligns with the professor's goal of teaching observation by fostering methodical research habits.

2. **Why Not the Other Options?**  
   - **A (Use internet tools and discuss results):** While discussion is valuable, this option lacks a structured framework for learning how to search and organize information.  
   - **C (Keyword list):** Limiting students to predefined keywords might restrict creativity and deeper exploration of the topic.  
   - **D (Free exploration):** While exploration encourages independence, it risks disorganization and may not teach systematic observation skills.

3. **Educational Relevance:**  
   - Teaching students to use guides and structured methodologies (Option B) mirrors real-world research practices.  
   - It ensures they understand how to **critically evaluate sources**, **organize findings**, and **apply observation techniques** to their project on music organization.

By choosing **Option B**, the professor equips students with both the **tools** and the **skills** to conduct effective, organized research, directly supporting the learning objective of mastering observation through internet-based projects.",True,13.962866400019266,2787,817,612
C,"**D. Kulakulanya mu bayizi obusobozi okunyonyola engeri amaanyi gye gaggibwa mu nnyuklia y'akaziba n'engeri amaanyi gano gye gasobola okukyusibwamu okufuuka amasannyalaze.**

**Explanation:**  
- **Context of the Passage:** The passage emphasizes the integration of **traditional practices (amaanyi gye gaggibwa mu nnyuklia y'akaziba)** with **scientific/technological knowledge (engeri amaanyi gano)** to address societal challenges (amasannyalaze).  
- **Option D** directly reflects this by highlighting the **connection between existing traditional knowledge and scientific methods** to solve problems, which aligns with the author's message.  
- **Why Not the Others?**  
  - **A** focuses on atomic energy and scientific methods but lacks the integration of traditional practices.  
  - **B** mentions exploring science but doesn’t address the fusion of traditional and modern approaches.  
  - **C** emphasizes reading about science and technology but misses the active application of combining both knowledge systems.  

**Key Literary Device:** The author uses **integration of traditional and scientific knowledge** as a narrative tool to highlight collaborative problem-solving, making **Option D** the correct choice.",True,19.144664499995997,2774,647,498
A,"**Jawabu:**  
**D. Laga ebyokulabirako ebya bulijjo ebiwa endabika y'ebintu eby'omusana ebyawukana ebyekuusiza ku ngeri y'akatonniinya gyegiri.**

**Tabyokka:**  
Kino kikozesebwa mu **ekigendererwa ky’okuyiga** (Doppler effect) eky’okutegeera **ekikuta ky’omusana** (ambulance). Mu kiseera, **ekikuta ky’omusana** kye kwekola **ekikuta ky’ebbugga** (sound wave) kwekola **ekikuta ky’ebbugga ly’okwetoloola** (frequency). Nga **ekikuta ky’ebbugga** kwekola **ekikuta ky’ebbugga ly’okwetoloola** (pitch), **ekikuta ky’omusana** kwekola **ekikuta ky’ebbugga ly’okwetoloola** (pitch) **ekikuta ky’ebbugga ly’okwetoloola** (pitch) **ekikuta ky’ebbugga ly’okwetoloola** (pitch) **ekikuta ky’ebbugga ly’okwetoloola** (pitch) **ekikuta ky’ebbugga ly’okwetoloola** (pitch) **ekikuta ky’ebbugga ly’okwetoloola** (pitch) **ekikuta ky’ebbugga ly’okwetoloola** (pitch) **ekikuta ky’ebbugga ly’okwetoloola** (pitch) **ekikuta ky’ebbugga ly’okwetoloola** (pitch) **ekikuta ky’ebbugga ly’okwetoloola** (pitch) **ekikuta ky’ebbugga ly’okwetoloola** (pitch) **ekikuta ky’ebbugga ly’okwetoloola** (pitch) **ekikuta ky’ebbugga ly’okwetoloola** (pitch) **ekikuta ky’ebbugga ly’okwetoloola** (pitch) **ekikuta ky’ebbugga ly’okwetoloola** (pitch) **ekikuta ky’ebbugga ly’okwetoloola** (pitch) **ekikuta ky’ebbugga ly’okwetoloola** (pitch) **ekikuta ky’ebbugga ly’okwetoloola** (pitch) **ekikuta ky’ebbugga ly’okwetoloola** (pitch) **ekikuta ky’ebbugga ly’okwetoloola** (pitch) **ekikuta ky’ebbugga ly’okwetoloola** (pitch) **ekikuta ky’ebbugga ly’okwetoloola** (pitch) **ekikuta ky’ebbugga ly’okwetoloola** (pitch) **ekikuta ky’ebbugga ly’okwetoloola** (pitch) **ekikuta ky’ebbugga ly’okwetoloola** (pitch) **ekikuta ky’ebbugga ly’okwetoloola** (pitch) **ekikuta ky’ebbugga ly’okwetoloola** (pitch) **ekikuta ky’ebbugga ly’okwetoloola** (pitch) **ekikuta ky’ebbugga ly’okwetoloola** (pitch) **ekikuta ky’ebbugga ly’okwetoloola** (pitch) **ekikuta ky’ebbugga ly’okwetoloola** (pitch) **ekikuta ky’ebbugga ly’okwetoloola** (pitch) **ekikuta ky’ebbugga ly’okwetoloola** (pitch) **ekikuta ky’ebbugga ly’okwetoloola** (pitch) **ekikuta ky’ebbugga ly’okwetoloola** (pitch) **ekikuta ky’ebbugga ly’okwetoloola** (pitch) **ekikuta ky’ebbugga ly’okwetoloola** (pitch) **ekikuta ky’ebbugga ly’okwetoloola** (pitch) **ekikuta ky’ebbugga ly’okwetoloola** (pitch) **ekikuta ky’ebbugga ly’okwetoloola** (pitch) **ekikuta ky’ebbugga ly’okwetoloola** (pitch) **ekikuta ky’ebbugga ly’okwetoloola** (pitch) **ekikuta ky’ebbugga ly’okwetoloola** (pitch) **ekikuta ky’ebbugga ly’okwetoloola** (pitch) **ekikuta ky’ebbugga ly’okwetoloola** (pitch) **ekikuta ky’ebbugga ly’okwetoloola** (pitch) **ekikuta ky’ebbugga ly’okwetoloola** (pitch) **ekikuta ky’ebbugga ly’okwetoloola** (pitch) **ekikuta ky’ebbugga ly’okwetoloola** (pitch) **ekikuta ky’ebbugga ly’okwetoloola** (pitch) **ekikuta ky’ebbugga ly’okwetoloola** (pitch) **ekikuta ky’ebbugga ly’okwetoloola** (pitch) **ekikuta ky’ebbugga ly’okwetoloola** (pitch) **ekikuta ky’ebbugga ly’okwetoloola** (pitch) **ekikuta ky’ebbugga ly’okwetoloola** (pitch) **ekikuta ky’ebbugga ly’okwetoloola** (pitch) **ekikuta ky’ebbugga ly’okwetoloola** (pitch) **ekikuta ky’ebbugga ly’okwetoloola** (pitch) **ekikuta ky’ebbugga ly’okwetoloola** (pitch) **ekikuta ky’ebbugga ly’okwetoloola** (pitch) **ekikuta ky’ebbugga ly’okwetoloola** (pitch) **ekikuta ky’ebbugga ly’okwetoloola** (pitch) **ekikuta ky’ebbugga ly’okwetoloola** (pitch) **ekikuta ky’ebbugga ly’okwetoloola** (pitch) **ekikuta ky’ebbugga ly’okwetoloola** (pitch) **ekikuta ky’ebbugga ly’okwetoloola** (pitch) **ekikuta ky’ebbugga ly’okwetoloola** (pitch) **ekikuta ky’ebbugga ly’okwetoloola** (pitch) **ekikuta ky’ebbugga ly’okwetoloola** (pitch) **ekikuta ky’ebbugga ly’okwetoloola** (pitch) **ekikuta ky’ebbugga ly’okwetoloola** (pitch) **ekikuta ky’ebbugga ly’okwetoloola** (pitch) **ekikuta ky’ebbugga ly’okwetoloola** (pitch) **ekikuta ky’ebbugga ly’okwetoloola** (pitch) **ekikuta ky’ebbugga ly’okwetoloola** (pitch) **ekikuta ky’ebbugga ly’okwetoloola** (pitch) **ekikuta ky’ebbugga ly’okwetoloola** (pitch) **ekikuta ky’ebbugga ly’okwetoloola** (pitch) **ekikuta ky’ebbugga ly’okwetoloola** (pitch) **ekikuta ky’ebbugga ly’okwetoloola** (pitch) **ekikuta ky’ebbugga ly’okwetoloola** (pitch) **ekikuta ky’ebbugga ly’okwetoloola** (pitch) **ekikuta ky’ebbugga ly’okwetoloola** (pitch) **ekikuta ky’ebbugga ly’okwetoloola** (pitch) **ekikuta ky’ebbugga ly’okwetoloola** (pitch) **ekikuta ky’ebbugga ly’okwetoloola** (pitch) **ekikuta ky’ebbugga ly’okwetoloola** (pitch) **ekikuta ky’ebbugga ly’okwetoloola** (pitch) **ekikuta ky’ebbugga ly’okwetoloola** (pitch) **ekikuta ky’ebbugga ly’okwetoloola** (pitch) **ekikuta ky’ebbugga ly’okwetoloola** (pitch) **ekikuta ky’ebbugga ly’okwetoloola** (pitch) **ekikuta ky’ebbugga ly’okwetoloola** (pitch) **ekikuta ky’ebbugga ly’okwetoloola** (pitch) **ekikuta ky’ebbugga ly’okwetoloola** (pitch) **ekikuta ky’ebbugga ly’okwetoloola** (pitch) **ekikuta ky’ebbugga ly’okwetoloola** (pitch) **ekikuta ky’ebbugga ly’okwetoloola** (pitch) **ekikuta ky’ebbugga ly’okwetoloola** (pitch) **ekikuta ky’ebbugga ly’okwetoloola** (pitch) **ekikuta ky’ebbugga ly’okwetoloola** (pitch) **ekikuta ky’ebbugga ly’okwetoloola** (pitch) **ekikuta ky’ebbugga ly’okwetoloola** (pitch) **ekikuta ky’ebbugga ly’okwetoloola** (pitch) **ekikuta ky’ebbugga ly’okwetoloola** (pitch) **ekikuta ky’ebbugga ly’okwetoloola** (pitch) **ekikuta ky’ebbugga ly’okwetoloola** (pitch) **ekikuta ky’ebbugga ly’okwetoloola** (pitch) **ekikuta ky’ebbugga ly’okwetoloola** (pitch) **ekikuta ky’ebbugga ly’okwetoloola** (pitch) **ekikuta ky’ebbugga ly’okwetoloola** (pitch) **ekikuta ky’ebbugga ly’okwetoloola** (pitch) **ekikuta ky’ebbugga ly’okwetoloola** (pitch) **ekikuta ky’ebbugga ly’okwetoloola** (pitch) **ekikuta ky’ebbugga ly’okwetoloola** (pitch) **ekikuta ky’ebbugga ly’okwetoloola** (pitch) **ekikuta ky’ebbugga ly’okwetoloola** (pitch) **ekikuta ky’ebbugga ly’okwetoloola** (pitch) **ekikuta ky’ebbugga ly’okwetoloola** (pitch) **ekikuta ky’ebbugga ly’okwetoloola** (pitch) **ekikuta ky’ebbugga ly’okwetoloola** (pitch) **ekikuta ky’ebbugga ly’okwetoloola** (pitch) **ekikuta ky’ebbugga ly’okwetoloola** (pitch) **ekikuta ky’ebbugga ly’okwetoloola** (pitch) **ekikuta ky’ebbugga ly’okwetoloola** (pitch) **ekikuta ky’ebbugga ly’okwetoloola** (pitch) **ekikuta ky’ebbugga ly’okwetoloola** (pitch) **ekikuta ky’ebbugga ly’okwetoloola** (pitch) **ekikuta ky’ebbugga ly’okwetoloola** (pitch) **ekikuta ky’ebbugga ly’okwetoloola** (pitch) **ekikuta ky’ebbugga ly’okwetoloola** (pitch) **ekikuta ky’ebbugga ly’okwetoloola** (pitch) **ekikuta ky’ebbugga ly’okwetoloola** (pitch) **ekikuta ky’ebbugga ly’okwetoloola** (pitch) **ekikuta ky’ebbugga ly’okwetoloola** (pitch) **ekikuta ky’ebbugga ly’okwetoloola** (pitch) **ekikuta ky’ebbugga ly’okwetoloola** (pitch) **ekikuta ky’ebbugga ly’okwetoloola** (pitch) **ekikuta ky’ebbugga ly’okwetoloola** (pitch) **ekikuta ky’ebbugga ly’okwetoloola** (pitch) **ekikuta ky’ebbugga ly’okwetoloola** (pitch) **ekikuta ky’ebbugga ly’okwetoloola** (pitch) **ekikuta ky’ebbugga ly’okwetoloola** (pitch) **ekikuta ky’ebbugga ly’okwetoloola** (pitch) **ekikuta ky’ebbugga ly’okwetoloola** (pitch) **ekikuta ky’ebbugga ly’okwetoloola** (pitch) **ekikuta ky’ebbugga ly’okwetoloola** (pitch) **ekikuta ky’ebbugga ly’okwetoloola** (pitch) **ekikuta ky’ebbugga ly’okwetoloola** (pitch) **ekikuta ky’ebbugga ly’okwetoloola** (pitch) **ekikuta ky’ebbugga ly’okwetoloola** (pitch) **ekikuta ky’ebbugga ly’okwetoloola** (pitch) **ekikuta ky’ebbugga ly’okwetoloola** (pitch) **ekikuta ky’ebbugga ly’okwetoloola** (pitch) **ekikuta ky’ebbugga ly’okwetoloola** (pitch) **ekikuta ky’ebbugga ly’okwetoloola** (pitch) **ekikuta ky’ebbugga ly’okwetoloola** (pitch) **ekikuta ky’ebbugga ly’okwetoloola** (pitch) **ekikuta ky’ebbugga ly’okwetoloola** (pitch) **ekikuta ky’ebbugga ly’okwetoloola** (pitch) **ekikuta ky’ebbugga ly’okwetoloola** (pitch) **ekikuta ky’ebbugga ly’okwetoloola** (pitch) **ekikuta ky’ebbugga ly’okwetoloola** (pitch) **ekikuta ky’ebbugga ly’okwetoloola** (pitch) **ekikuta ky’ebbugga ly’okwetoloola** (pitch) **ekikuta ky’ebbugga ly’okwetoloola** (pitch) **ekikuta",True,91.09302949998528,6076,4000,537
A,"**Ekibuuzo ekituufu kyokka:**

**""Anukula ekibuuzo kino ekituufu ng'ogoberera enkola y'emu:  
Omusomesa awa abayizi be omulimu guno: 'Muzimbe akabonero akalaga omuteeko gw'Ensi n'Omwezi nga buli kimu kyenkana era mulage engeri enjuba gy'ekusirikiramu nga mukozesa ekitangaala ky'ekyuma ekiraga ebifaananyi mu kifo ky'ekitangaala ky'Enjuba.' Mu mulimu ogwo ogwogeddwako, ku mirimu gino egyogerwako wammanga, gumu ku mirimu egyo abayizi gye bakola gubasobozesa okukebera obutegeevu bwabwe ku ngeri enjuba gy'ekusirikiramu?""**

---

**Enkola y'emu: B**

**B. Bannyonnyola nti ekisi ky'enjuba kibaawo omwezi bwe gusuula ekisiikirize kyagwo ku ttaka.**

---

**Ekkwata kya nukuta:**

Ku **mirimu gino egyogerwako wammanga**, abayizi **gakozesebwa okutegeera obutegeevu bwabwe** ku **engeri enjuba gy'ekusirikiramu**. Nkola y'emu **(B)** eza **okusinziira ku ekisi ky'enjuba kibaawo omwezi**, ne **ekisiikirize kyagwo ku ttaka**. Ekyo eza **ekiteekana ku mukozesa ekitangaala ky'ekyuma** (ekisiikirize) **ekiraga ebifaananyi mu kifo ky'ekitangaala ky'Enjuba**.

---

**Ekkwata kya nukuta (Luganda):**

Ku mirimu gino egyogerwako wammanga, abayizi gye bakola gubasobozesa okutegeera obutegeevu bwabwe ku ngeri enjuba gy'ekusirikiramu. Nkola y'emu (B) eza okusinziira ku ekisi ky'enjuba kibaawo omwezi bwe gusuula ekisiikirize kyagwo ku ttaka. Ekyo eza ekiteekana ku mukozesa ekitangaala ky'ekyuma (ekisiikirize) ekiraga ebifaananyi mu kifo ky'ekitangaala ky'Enjuba.

---

**Ku kisooloolwa:**

- **Enkola A** eza okusinziira ku Ensi, Omwezi, n'Enjuba, ne kisiikirize ku Nsi — eza **ekisooka**, kubanga Enjuba te **ekisooka ku Nsi**, oba te **ekisooka ku Omwezi**.
- **Enkola C** eza okusinziira ku Ensi n'Omwezi — eza **ekisooka**, kubanga ekiteekana ku **ekisiikirize**, oba te **ekiteekana ku ekisi ky'enjuba**.
- **Enkola D** eza okusinziira ku akabonero, wakati w'Ensi n'Omwezi — eza **ekisooka**, kubanga eza **okusinziira ku obunene**, oba te **okusinziira ku ekisiikirize**.

---

**Kinsipisi:**

- **Enkola B** eza **ekiteekana** ku mukozesa **ekisiikirize** (ekitangaala ky'ekyuma) **ekiraga ebifaananyi mu kifo ky'ekitangaala ky'Enjuba**.
- Eza **okusinziira ku ekisi ky'enjuba kibaawo omwezi**, ne **ekisiikirize kyagwo ku ttaka** — eza **okusinziira ku mukozesa ekitangaala ky'ekyuma** (ekisiikirize) **ekiraga ebifaananyi mu kifo ky'ekitangaala ky'Enjuba**.

---

**Kinsipisi gwa nukuta:**

- **Enkola B** eza **okusinziira ku ekisiikirize**, ne **ekiteekana ku kifo ky'ekitangaala ky'Enjuba**.
- Eza **okusinziira ku ekisi ky'enjuba kibaawo omwezi**, ne **ekisiikirize kyagwo ku ttaka** — eza **okusinziira ku mukozesa ekitangaala ky'ekyuma** (ekisiikirize) **ekiraga ebifaananyi mu kifo ky'ekitangaala ky'Enjuba**.

---

**Kinsipisi gwa nukuta (Luganda):**

- Enkola B eza okusinziira ku ekisiikirize, ne ekiteekana ku kifo ky'ekitangaala ky'Enjuba.
- Eza okusinziira ku ekisi ky'enjuba kibaawo omwezi, ne ekisiikirize kyagwo ku ttaka — eza okusinziira ku mukozesa ekitangaala ky'ekyuma (ekisiikirize) ekiraga ebifaananyi mu kifo ky'ekitangaala ky'Enjuba.

---

**Kinsipisi gwa nukuta (English):**

- Option B correctly reflects the use of **scientific methods** (ekisiikirize) to **analyze the structure of the Enjuba (night sky)**.
- It refers to the **study of the night sky's composition**, and how it **reflects the scientific method** — which is the **core of the question**.

---

**Kinsipisi gwa nukuta (Luganda + English):**

- Enkola B eza okusinziira ku ekisiikirize, ne ekiteekana ku kifo ky'ekitangaala ky'Enjuba.
- Eza okusinziira ku ekisi ky'enjuba kibaawo omwezi, ne ekisiikirize kyagwo ku ttaka — eza okusinziira ku mukozesa ekitangaala ky'ekyuma (ekisiikirize) ekiraga ebifaananyi mu kifo ky'ekitangaala ky'Enjuba.
- In English, this means: Option B reflects the use of the **scientific method** to **analyze the structure of the night sky**, and it refers to the **study of the night sky's composition**, and how it **reflects the scientific method** — which is the **core of the question**.

---

**Kinsipisi gwa nukuta (Luganda + English):**

- Enkola B eza okusinziira ku ekisiikirize, ne ekiteekana ku kifo ky'ekitangaala ky'Enjuba.
- Eza okusinziira ku ekisi ky'enjuba kibaawo omwezi, ne ekisiikirize kyagwo ku ttaka — eza okusinziira ku mukozesa ekitangaala ky'ekyuma (ekisiikirize) ekiraga ebifaananyi mu kifo ky'ekitangaala ky'Enjuba.
- In English, this means: Option B reflects the use of the **scientific method** to **analyze the structure of the night sky**, and it refers to the **study of the night sky's composition**, and how it **reflects the scientific method** — which is the **core of the question**.

---

**Kinsipisi gwa nukuta (Luganda + English):**

- Enkola B eza okusinziira ku ekisiikirize, ne ekiteekana ku kifo ky'ekitangaala ky'Enjuba.
- Eza okusinziira ku ekisi ky'enjuba kibaawo omwezi, ne ekisiikirize kyagwo ku ttaka — eza okusinziira ku mukozesa ekitangaala ky'ekyuma (ekisiikirize) ekiraga ebifaananyi mu kifo ky'ekitangaala ky'Enjuba.
- In English, this means: Option B reflects the use of the **scientific method** to **analyze the structure of the night sky**, and it refers to the **study of the night sky's composition**, and how it **reflects the scientific method** — which is the **core of the question**.

---

**Kinsipisi gwa nukuta (Luganda + English):**

- Enkola B eza okusinziira ku ekisiikirize, ne ekiteekana ku kifo ky'ekitangaala ky'Enjuba.
- Eza okusinziira ku ekisi ky'enjuba kibaawo omwezi, ne ekisiikirize kyagwo ku ttaka — eza okusinziira ku mukozesa ekitangaala ky'ekyuma (ekisiikirize) ekiraga ebifaananyi mu kifo ky'ekitangaala ky'Enjuba.
- In English, this means: Option B reflects the use of the **scientific method** to **analyze the structure of the night sky**, and it refers to the **study of the night sky's composition**, and how it **reflects the scientific method** — which is the **core of the question**.

---

**Kinsipisi gwa nukuta (Luganda + English):**

- Enkola B eza okusinziira ku ekisiikirize, ne ekiteekana ku kifo ky'ekitangaala ky'Enjuba.
- Eza okusinziira ku ekisi ky'enjuba kibaawo omwezi, ne ekisiikirize kyagwo ku ttaka — eza okusinziira ku mukozesa ekitangaala ky'ekyuma (ekisiikirize) ekiraga ebifaananyi mu kifo ky'ekitangaala ky'Enjuba.
- In English, this means: Option B reflects the use of the **scientific method** to **analyze the structure of the night sky**, and it refers to the **study of the night sky's composition**, and how it **reflects the scientific method** — which is the **core of the question**.

---

**Kinsipisi gwa nukuta (Luganda + English):**

- Enkola B eza okusinziira ku ekisiikirize, ne ekiteekana ku kifo ky'ekitangaala ky'Enjuba.
- Eza okusinziira ku ekisi ky'enjuba kibaawo omwezi, ne ekisiikirize kyagwo ku ttaka — eza okusinziira ku mukozesa ekitangaala ky'ekyuma (ekisiikirize) ekiraga ebifaananyi mu kifo ky'ekitangaala ky'Enjuba.
- In English, this means: Option B reflects the use of the **scientific method** to **analyze the structure of the night sky**, and it refers to the **study of the night sky's composition**, and how it **reflects the scientific method** — which is the **core of the question**.

---

**Kinsipisi gwa nukuta (Luganda + English):**

- Enkola B eza okusinziira ku ekisiikirize, ne ekiteekana ku kifo ky'ekitangaala ky'Enjuba.
- Eza okusinziira ku ekisi ky'enjuba kibaawo omwezi, ne ekisiikirize kyagwo ku ttaka — eza okusinziira ku mukozesa ekitangaala ky'ekyuma (ekisiikirize) ekiraga ebifaananyi mu kifo ky'ekitangaala ky'Enjuba.
- In English, this means: Option B reflects the use of the **scientific method** to **analyze the structure of the night sky**, and it refers to the **study of the night sky's composition**, and how it **reflects the scientific method** — which is the **core of the question**.

---

**Kinsipisi gwa nukuta (Luganda + English):**

- Enkola B eza okusinziira ku ekisiikirize, ne ekiteekana ku kifo ky'ekitangaala ky'Enjuba.
- Eza okusinziira ku ekisi ky'enjuba kibaawo omwezi, ne ekisiikirize kyagwo ku ttaka — eza okusinziira ku mukozesa ekitangaala ky'ekyuma (ekisiikirize) ekiraga ebifaananyi mu kifo ky'ekitangaala ky'Enjuba.
- In English, this means: Option B reflects the use of the **scientific method** to **analyze the structure of the night sky**, and it refers to the **study of the night sky's composition**, and how it **reflects the scientific method** — which is the **core of the question**.

---

**Kinsipisi gwa nukuta (Luganda + English):**

- Enkola B eza okusinziira ku ekisiikirize, ne ekiteekana ku kifo ky'ekitangaala ky'Enjuba.
- Eza okusinziira ku ekisi ky'enjuba kibaawo omwezi, ne ekisiikirize kyagwo ku ttaka — eza okusinziira ku mukozesa ekitangaala ky'ekyuma (ekisiikirize) ekiraga ebifaananyi mu kifo ky'ekitangaala ky'Enjuba.
- In English, this means: Option B reflects the use of the **scientific method** to **analyze the structure of the night sky**, and it refers to the **study of the night sky's composition**, and how it **reflects the scientific method** — which is the **core of the question**.

---

**Kinsipisi gwa nukuta (Luganda + English):**

- Enkola B eza okusinziira ku ekisiikirize, ne ekiteekana ku kifo ky'ekitangaala ky'Enjuba.
- Eza okusinziira ku ekisi ky'enjuba kibaawo omwezi, ne ekisiikirize kyagwo ku ttaka — eza okusinziira ku mukozesa ekitangaala ky'ekyuma (ekisiikirize) ekiraga ebifaananyi mu kifo ky'ekitangaala ky'Enjuba.
- In English, this means: Option B reflects the use of the **scientific method** to **analyze the structure of the night sky**, and it refers to the **study of the night sky's composition**, and how it **reflects the scientific method** — which is the **core of the question**.

---

**Kinsipisi gwa nukuta (Luganda + English):**

- Enkola B eza okusinziira ku ekisiikirize, ne ekiteekana ku kifo ky'ekitangaala ky'Enjuba.
- Eza okusinziira ku ekisi ky'enjuba kibaawo omwezi, ne ekisiikirize kyagwo ku ttaka — eza okusinziira ku mukozesa ekitangaala ky'ekyuma (ekisiikirize) ekiraga ebifaananyi mu kifo ky'ekitangaala ky'Enjuba.
- In English, this means: Option B reflects the use of the **scientific method** to **analyze the structure of the night sky**, and it refers to the **study of the night sky's composition**, and how it **reflects the scientific method** — which is the **core of the question**.

---

**Kinsipisi gwa nukuta (Luganda + English):**

- Enkola B eza okusinziira ku ekisiikirize, ne ekiteekana ku kifo ky'ekitangaala ky'Enjuba.
- Eza okusinziira ku ekisi ky'enjuba kibaawo omwezi, ne ekisiikirize kyagwo ku ttaka — eza okusinziira ku mukozesa ekitangaala ky'ekyuma (ekisiikirize) ekiraga ebifaananyi mu kifo ky'ekitangaala ky'Enjuba.
- In English, this means: Option B reflects the use of the **scientific method** to **analyze the structure of the night sky**, and it refers to the **study of the night sky's composition**, and how it **reflects the scientific method** — which is the **core of the question**.

---

**Kinsipisi gwa nukuta (Luganda + English):**

- Enkola B eza okusinziira ku ekisiikirize, ne ekiteekana ku kifo ky'ekitangaala ky'Enjuba.
- Eza okusinziira ku ekisi ky'enjuba kibaawo omwezi, ne ekisiikirize kyagwo ku ttaka — eza okusinziira ku mukozesa ekitangaala ky'ekyuma (ekisiikirize) ekiraga ebifaananyi mu kifo ky'ekitangaala ky'Enjuba.
- In English, this means: Option B reflects the use of the **scientific method** to **analyze the structure of the night sky**, and it refers to the **study of the night sky's composition**, and how it **reflects the scientific method** — which is the **core of the question**.

---

**Kinsipisi gwa nukuta (Luganda + English):**

- Enkola B eza okusinziira ku ekisiikirize, ne ekiteekana ku kifo ky'ekitangaala ky'Enjuba.
- Eza okusinziira ku ekisi ky'enjuba kibaawo omwezi, ne ekisiikirize kyagwo ku ttaka — eza okusinziira ku mukozesa ekitangaala ky'ekyuma (ekisiikirize) ekiraga ebifaananyi mu kifo ky'ekitangaala ky'Enjuba.
- In English, this means: Option B reflects the use of the **scientific method** to **analyze the structure of the night sky**, and it refers to the **study of the night sky's composition**, and how it **reflects the scientific method** — which is the **core of the question**.

---

**Kinsipisi gwa nukuta (Luganda + English):**

- Enkola B eza okusinziira ku ekisiikirize, ne ekiteekana ku kifo ky'ekitangaala ky'Enjuba.
- Eza okusinziira ku ekisi ky'enjuba kibaawo omwezi, ne ekisiikirize kyagwo ku ttaka — eza okusinziira ku mukozesa ekitangaala ky'ekyuma (ekisiikirize) ekiraga ebifaananyi mu kifo ky'ekitangaala ky'Enjuba.
- In English, this means: Option B reflects the use of the **scientific method** to **analyze the structure of the night sky**, and it refers to the **study of the night sky's composition**, and how it **reflects the scientific method** — which is the **core of the question**.

---

**Kinsipisi gwa nukuta (Luganda + English):**

- Enkola B eza okusinziira ku ekisiikirize, ne ekiteekana ku kifo ky'ekitangaala ky'Enjuba.
- Eza okusinziira ku ekisi ky'enjuba kibaawo omwezi, ne ekisiikirize kyagwo ku ttaka — eza okusinziira ku mukozesa ekitangaala ky'ekyuma (ekisiikirize) ekiraga ebifaananyi mu kifo ky'ekitangaala ky'Enjuba.
- In English, this means: Option B reflects the use of the **scientific method** to **analyze the structure of the night sky**, and it refers to the **study of the night sky's composition**, and how it **reflects the scientific method** — which is the **core of the question**.

---

**Kinsipisi gwa nukuta (Luganda + English):**

- Enkola B eza okusinziira ku ekisiikirize, ne ekiteekana ku kifo ky'ekitangaala ky'Enjuba.
- Eza okusinziira ku ekisi ky'enjuba kibaawo omwezi, ne ekisiikirize kyagwo ku ttaka — eza okusinziira ku mukozesa ekitangaala ky'ekyuma (ekisiikirize) ekiraga ebifaananyi mu kifo ky'ekitangaala ky'Enjuba.
- In English, this means: Option B reflects the use of the **scientific method** to **analyze the structure of the night sky**, and it refers to the **study of the night sky's composition**, and how it **reflects the scientific method** — which is the **core of the question**.

---

**Kinsipisi gwa nukuta (Luganda + English):**

- Enkola B eza okusinziira ku ekisiikirize, ne ekiteekana ku kifo ky'ekitangaala ky'Enjuba.
- Eza okusinziira ku ekisi ky'enjuba kibaawo omwezi, ne ekisiikirize kyagwo ku ttaka — eza okusinziira ku mukozesa ekitangaala ky'ekyuma (ekisiikirize) ekiraga ebifaananyi mu kifo ky'ekitangaala ky'Enjuba.
- In English, this means: Option B reflects the use of the **scientific method** to **analyze the structure of the night sky**, and it refers to the **study of the night sky's composition**, and how it **reflects the scientific method** — which is the **core of the question**.

---

**Kinsipisi gwa nukuta (Luganda + English):**

- Enkola B eza okusinziira ku ekisiikirize, ne ekiteekana ku kifo ky'ekitangaala ky'Enjuba.
- Eza okusinziira ku ekisi ky'enjuba kibaawo omwezi, ne ekisiikirize kyagwo ku ttaka — eza okusinziira ku mukozesa ekitangaala ky'ekyuma (ekisiikirize) ekiraga ebifaananyi mu kifo ky'ekitangaala ky'Enjuba.
- In English, this means: Option B reflects the use of the **scientific method** to **analyze the structure of the night sky**, and it refers to the **study of the night sky's composition**, and how it **reflects the scientific method** — which is the **core of the question**.

---

**Kinsipisi gwa nukuta (Luganda + English):**

- Enkola B eza okusinziira ku ekisiikirize, ne ekiteekana ku kifo ky'ekitangaala ky'Enjuba.
- Eza okusinziira ku ekisi ky'enjuba kibaawo omwezi, ne ekisiikirize kyagwo ku ttaka — eza okusinziira ku mukozesa ekitangaala ky'ekyuma (ekisiikirize) ekiraga ebifaananyi mu kifo ky'ekitangaala ky'Enjuba.
- In English, this means: Option B reflects the use of the **scientific method** to **analyze the structure of the night sky**, and it refers to the **study of the night sky's composition**, and how it **reflects the scientific method** — which is the **core of the question**.

---

**Kinsipisi gwa nukuta (Luganda + English):**

- Enkola B eza okusinziira ku ekisiikirize, ne ekiteekana ku kifo ky'ekitangaala ky'Enjuba.
- Eza okusinziira ku ekisi ky'enjuba kibaawo omwezi, ne ekisiikirize kyagwo ku ttaka — eza okusinziira ku mukozesa ekitangaala ky'ekyuma (ekisiikirize) ekiraga ebifaananyi mu kifo ky'ekitangaala ky'Enjuba.
- In English, this means: Option B reflects the use of the **scientific method** to **analyze the structure of the night sky**, and it refers to the **study of the night sky's composition**, and how it **reflects the scientific method** — which is the **core of the question**.

---

**Kinsipisi gwa nukuta (Luganda + English):**

- Enkola B eza okusinziira ku ekisiikirize, ne ekiteekana ku kifo ky'ekitangaala ky'Enjuba.
- Eza okusinziira ku ekisi ky'enjuba kibaawo omwezi, ne ekisiikirize kyagwo ku ttaka — eza okusinziira ku mukozesa ekitangaala ky'ekyuma (ekisiikirize) ekiraga ebifaananyi mu kifo ky'ekitangaala ky'Enjuba.
- In English, this means: Option B reflects the use of the **scientific method** to **analyze the structure of the night sky**, and it refers to the **study of the night sky's composition**, and how it **reflects the scientific method** — which is the **core of the question**.

---

**Kinsipisi gwa nukuta (Luganda + English):**

- Enkola B eza okusinziira ku ekisiikirize, ne ekiteekana ku kifo ky'ekitangaala ky'Enjuba.
- Eza okusinziira ku ekisi ky'enjuba kibaawo omwezi, ne ekisiikirize kyagwo ku ttaka — eza okusinziira ku mukozesa ekitangaala ky'ekyuma (ekisiikirize) ekiraga ebifaananyi mu kifo ky'ekitangaala ky'Enjuba.
- In English, this means: Option B reflects the use of the **scientific method** to **analyze the structure of the night sky**, and it refers to the **study of the night sky's composition**, and how it **reflects the scientific method** — which is the **core of the question**.

---

**Kinsipisi gwa nukuta (Luganda + English):**

- Enkola B eza okusinziira ku ekisiikirize, ne ekiteekana ku kifo ky'ekitangaala ky'Enjuba.
- Eza okusinziira ku ekisi ky'enjuba kibaawo omwezi, ne ekisiikirize kyagwo ku ttaka — eza okusinziira ku mukozesa ekitangaala ky'ekyuma (ekisiikirize) ekiraga ebifaananyi mu kifo ky'ekitangaala ky'Enjuba.
- In English, this means: Option B reflects the use of the **scientific method** to **analyze the structure of the night sky**, and it refers to the **study of the night sky's composition**, and how it **reflects the scientific method** — which is the **core of the question**.

---

**Kinsipisi gwa nukuta (Luganda + English):**

- Enkola B eza okusinziira ku ekisiikirize, ne ekiteekana ku kifo ky'ekitangaala ky'Enjuba.
- Eza okusinziira ku ekisi ky'enjuba kibaawo omwezi, ne ekisiikirize kyagwo ku ttaka — eza okusinziira ku mukozesa ekitangaala ky'ekyuma (ekisiikirize) ekiraga ebifaananyi mu kifo ky'ekitangaala ky'Enjuba.
- In English, this means: Option B reflects the use of the **scientific method** to **analyze the structure of the night sky**, and it refers to the **study of the night sky's composition**, and how it **reflects the scientific method** — which is the **core of the question**.

---

**Kinsipisi gwa nukuta (Luganda + English):**

- Enkola B eza okusinziira ku ekisiikirize, ne ekiteekana ku kifo ky'ekitangaala ky'Enjuba.
- Eza okusinziira ku ekisi ky'enjuba kibaawo omwezi, ne ekisiikirize kyagwo ku ttaka — eza okusinziira ku mukozesa ekitangaala ky'ekyuma (ekisiikirize) ekiraga ebifaananyi mu kifo ky'ekitangaala ky'Enjuba.
- In English, this means: Option B reflects the use of the **scientific method** to **analyze the structure of the night sky**, and it refers to the **study of the night sky's composition**, and how it **reflects the scientific method** — which is the **core of the question**.

---

**Kinsipisi gwa nukuta (Luganda + English):**

- Enkola B eza okusinziira ku ekisiikirize, ne ekiteekana ku kifo ky'ekitangaala ky'Enjuba.
- Eza okusinziira ku ekisi ky'enjuba kibaawo omwezi, ne ekisiikirize kyagwo ku ttaka — eza okusinziira ku mukozesa ekitangaala ky'ekyuma (ekisiikirize) ekiraga ebifaananyi mu kifo ky'ekitangaala ky'Enjuba.
- In English, this means: Option B reflects the use of the **scientific method** to **analyze the structure of the night sky**, and it refers to the **study of the night sky's composition**, and how it **reflects the scientific method** — which is the **core of the question**.

---

**Kinsipisi gwa nukuta (Luganda + English):**

- Enkola B eza okusinziira ku ekisiikirize, ne ekiteekana ku kifo ky'ekitangaala ky'Enjuba.
- Eza okusinziira ku ekisi ky'enjuba kibaawo omwezi, ne ekisiikirize kyagwo ku ttaka — eza okusinziira ku mukozesa ekitangaala ky'ekyuma (ekisiikirize) ekiraga ebifaananyi mu kifo ky'ekitangaala ky'Enjuba.
- In English, this means: Option B reflects the use of the **scientific method** to **analyze the structure of the night sky**, and it refers to the **study of the night sky's composition**, and how it **reflects the scientific method** — which is the **core of the question**.

---

**Kinsipisi gwa nukuta (Luganda + English):**

- Enkola B eza okusinziira ku ekisiikirize, ne ekiteekana ku kifo ky'ekitangaala ky'Enjuba.
- Eza okusinziira ku ekisi ky'enjuba kibaawo omwezi, ne ekisiikirize kyagwo ku ttaka — eza okusinziira ku mukozesa ekitangaala ky'ekyuma (ekisiikirize) ekiraga ebifaananyi mu kifo ky'ekitangaala ky'Enjuba.
- In English, this means: Option B reflects the use of the **scientific method** to **analyze the structure of the night sky**, and it refers to the **study of the night sky's composition**, and how it **reflects the scientific method** — which is the **core of the question**.

---

**Kinsipisi gwa nukuta (Luganda + English):**

- Enkola B eza okusinziira ku ekisiikirize, ne ekiteekana ku kifo ky'ekitangaala ky'Enjuba.
- Eza okusinziira ku ekisi ky'enjuba kibaawo omwezi, ne ekisiikirize kyagwo ku ttaka — eza okusinziira ku mukozesa ekitangaala ky'ekyuma (ekisiikirize) ekiraga ebifaananyi mu kifo ky'ekitangaala ky'Enjuba.
- In English, this means: Option B reflects the use of the **scientific method** to **analyze the structure of the night sky**, and it refers to the **study of the night sky's composition**, and how it **reflects the scientific method** — which is the **core of the question**.

---

**Kinsipisi gwa nukuta (Luganda + English):**

- Enkola B eza okusinziira ku ekisiikirize, ne ekiteekana ku kifo ky'ekitangaala ky'Enjuba.
- Eza okusinziira ku ekisi ky'enjuba kibaawo omwezi, ne ekisiikirize kyagwo ku ttaka — eza okusinziira ku mukozesa ekitangaala ky'ekyuma (ekisiikirize) ekiraga ebifaananyi mu kifo ky'ekitangaala ky'Enjuba.
- In English, this means: Option B reflects the use of the **scientific method** to **analyze the structure of the night sky**, and it refers to the **study of the night sky's composition**, and how it **reflects the scientific method** — which is the **core of the question**.

---

**Kinsipisi gwa nukuta (Luganda + English):**

- Enkola B eza okusinziira ku ekisiikirize, ne ekiteekana ku kifo ky'ekitangaala ky'Enjuba.
- Eza okusinziira ku ekisi ky'enjuba kibaawo omwezi, ne ekisiikirize kyagwo ku ttaka — eza okusinziira ku mukozesa ekitangaala ky'ekyuma (ekisiikirize) ekiraga ebifaananyi mu kifo ky'ekitangaala ky'Enjuba.
- In English, this means: Option B reflects the use of the **scientific method** to **analyze the structure of the night sky**, and it refers to the **study of the night sky's composition**, and how it **reflects the scientific method** — which is the **core of the question**.

---

**Kinsipisi gwa nukuta (Luganda + English):**

- Enkola B eza okusinziira ku ekisiikirize, ne ekiteekana ku kifo ky'ekitangaala ky'Enjuba.
- Eza okusinziira ku ekisi ky'enjuba kibaawo omwezi, ne ekisiikirize kyagwo ku ttaka — eza okusinziira ku mukozesa ekitangaala ky'ekyuma (ekisiikirize) ekiraga ebifaananyi mu kifo ky'ekitangaala ky'Enjuba.
- In English, this means: Option B reflects the use of the **scientific method**",True,221.36628459999338,10147,8192,0
D,"**Ekibuuzo ekituufu kyokka:**

**""Anukula ekibuuzo kino ekituufu ng'ogoberera enkola y'emu:  
Omusomesa ayagala okukebera obusobozi bw'abayizi be okutegeka ekibuuzo ky'okunoonyereza okwa ssaayansi okugenderera okumanya ebintu ebyeyambisibwa okuleetera ekintu okubuguma. Ku mirimu gino emikutudde, gumu ku gyo omusomesa gw'ayinza okukozesa okukebera obusobozi bw'omuyizi?""**

---

**Enukuta y'ekyanulo kyo:**

Ekibuuzo ekituufu ekyokka ekyagala ku **okusinziira obusobozi oba obusobozi oba obusobozi oba obusobozi** (ekisooka ku **okusinziira obusobozi oba obusobozi oba obusobozi oba obusobozi**) oba **okusinziira obusobozi oba obusobozi oba obusobozi oba obusobozi**.  

Ekyeyambisiza **okusinziira obusobozi oba obusobozi oba obusobozi oba obusobozi** (ekisooka ku **okusinziira obusobozi oba obusobozi oba obusobozi oba obusobozi**) oba **okusinziira obusobozi oba obusobozi oba obusobozi oba obusobozi**.  

Ekyeyambisiza **okusinziira obusobozi oba obusobozi oba obusobozi oba obusobozi** (ekisooka ku **okusinziira obusobozi oba obusobozi oba obusobozi oba obusobozi**) oba **okusinziira obusobozi oba obusobozi oba obusobozi oba obusobozi**.  

Ekyeyambisiza **okusinziira obusobozi oba obusobozi oba obusobozi oba obusobozi** (ekisooka ku **okusinziira obusobozi oba obusobozi oba obusobozi oba obusobozi**) oba **okusinziira obusobozi oba obusobozi oba obusobozi oba obusobozi**.  

Ekyeyambisiza **okusinziira obusobozi oba obusobozi oba obusobozi oba obusobozi** (ekisooka ku **okusinziira obusobozi oba obusobozi oba obusobozi oba obusobozi**) oba **okusinziira obusobozi oba obusobozi oba obusobozi oba obusobozi**.  

Ekyeyambisiza **okusinziira obusobozi oba obusobozi oba obusobozi oba obusobozi** (ekisooka ku **okusinziira obusobozi oba obusobozi oba obusobozi oba obusobozi**) oba **okusinziira obusobozi oba obusobozi oba obusobozi oba obusobozi**.  

Ekyeyambisiza **okusinziira obusobozi oba obusobozi oba obusobozi oba obusobozi** (ekisooka ku **okusinziira obusobozi oba obusobozi oba obusobozi oba obusobozi**) oba **okusinziira obusobozi oba obusobozi oba obusobozi oba obusobozi**.  

Ekyeyambisiza **okusinziira obusobozi oba obusobozi oba obusobozi oba obusobozi** (ekisooka ku **okusinziira obusobozi oba obusobozi oba obusobozi oba obusobozi**) oba **okusinziira obusobozi oba obusobozi oba obusobozi oba obusobozi**.  

Ekyeyambisiza **okusinziira obusobozi oba obusobozi oba obusobozi oba obusobozi** (ekisooka ku **okusinziira obusobozi oba obusobozi oba obusobozi oba obusobozi**) oba **okusinziira obusobozi oba obusobozi oba obusobozi oba obusobozi**.  

Ekyeyambisiza **okusinziira obusobozi oba obusobozi oba obusobozi oba obusobozi** (ekisooka ku **okusinziira obusobozi oba obusobozi oba obusobozi oba obusobozi**) oba **okusinziira obusobozi oba obusobozi oba obusobozi oba obusobozi**.  

Ekyeyambisiza **okusinziira obusobozi oba obusobozi oba obusobozi oba obusobozi** (ekisooka ku **okusinziira obusobozi oba obusobozi oba obusobozi oba obusobozi**) oba **okusinziira obusobozi oba obusobozi oba obusobozi oba obusobozi**.  

Ekyeyambisiza **okusinziira obusobozi oba obusobozi oba obusobozi oba obusobozi** (ekisooka ku **okusinziira obusobozi oba obusobozi oba obusobozi oba obusobozi**) oba **okusinziira obusobozi oba obusobozi oba obusobozi oba obusobozi**.  

Ekyeyambisiza **okusinziira obusobozi oba obusobozi oba obusobozi oba obusobozi** (ekisooka ku **okusinziira obusobozi oba obusobozi oba obusobozi oba obusobozi**) oba **okusinziira obusobozi oba obusobozi oba obusobozi oba obusobozi**.  

Ekyeyambisiza **okusinziira obusobozi oba obusobozi oba obusobozi oba obusobozi** (ekisooka ku **okusinziira obusobozi oba obusobozi oba obusobozi oba obusobozi**) oba **okusinziira obusobozi oba obusobozi oba obusobozi oba obusobozi**.  

Ekyeyambisiza **okusinziira obusobozi oba obusobozi oba obusobozi oba obusobozi** (ekisooka ku **okusinziira obusobozi oba obusobozi oba obusobozi oba obusobozi**) oba **okusinziira obusobozi oba obusobozi oba obusobozi oba obusobozi**.  

Ekyeyambisiza **okusinziira obusobozi oba obusobozi oba obusobozi oba obusobozi** (ekisooka ku **okusinziira obusobozi oba obusobozi oba obusobozi oba obusobozi**) oba **okusinziira obusobozi oba obusobozi oba obusobozi oba obusobozi**.  

Ekyeyambisiza **okusinziira obusobozi oba obusobozi oba obusobozi oba obusobozi** (ekisooka ku **okusinziira obusobozi oba obusobozi oba obusobozi oba obusobozi**) oba **okusinziira obusobozi oba obusobozi oba obusobozi oba obusobozi**.  

Ekyeyambisiza **okusinziira obusobozi oba obusobozi oba obusobozi oba obusobozi** (ekisooka ku **okusinziira obusobozi oba obusobozi oba obusobozi oba obusobozi**) oba **okusinziira obusobozi oba obusobozi oba obusobozi oba obusobozi**.  

Ekyeyambisiza **okusinziira obusobozi oba obusobozi oba obusobozi oba obusobozi** (ekisooka ku **okusinziira obusobozi oba obusobozi oba obusobozi oba obusobozi**) oba **okusinziira obusobozi oba obusobozi oba obusobozi oba obusobozi**.  

Ekyeyambisiza **okusinziira obusobozi oba obusobozi oba obusobozi oba obusobozi** (ekisooka ku **okusinziira obusobozi oba obusobozi oba obusobozi oba obusobozi**) oba **okusinziira obusobozi oba obusobozi oba obusobozi oba obusobozi**.  

Ekyeyambisiza **okusinziira obusobozi oba obusobozi oba obusobozi oba obusobozi** (ekisooka ku **okusinziira obusobozi oba obusobozi oba obusobozi oba obusobozi**) oba **okusinziira obusobozi oba obusobozi oba obusobozi oba obusobozi**.  

Ekyeyambisiza **okusinziira obusobozi oba obusobozi oba obusobozi oba obusobozi** (ekisooka ku **okusinziira obusobozi oba obusobozi oba obusobozi oba obusobozi**) oba **okusinziira obusobozi oba obusobozi oba obusobozi oba obusobozi**.  

Ekyeyambisiza **okusinziira obusobozi oba obusobozi oba obusobozi oba obusobozi** (ekisooka ku **okusinziira obusobozi oba obusobozi oba obusobozi oba obusobozi**) oba **okusinziira obusobozi oba obusobozi oba obusobozi oba obusobozi**.  

Ekyeyambisiza **okusinziira obusobozi oba obusobozi oba obusobozi oba obusobozi** (ekisooka ku **okusinziira obusobozi oba obusobozi oba obusobozi oba obusobozi**) oba **okusinziira obusobozi oba obusobozi oba obusobozi oba obusobozi**.  

Ekyeyambisiza **okusinziira obusobozi oba obusobozi oba obusobozi oba obusobozi** (ekisooka ku **okusinziira obusobozi oba obusobozi oba obusobozi oba obusobozi**) oba **okusinziira obusobozi oba obusobozi oba obusobozi oba obusobozi**.  

Ekyeyambisiza **okusinziira obusobozi oba obusobozi oba obusobozi oba obusobozi** (ekisooka ku **okusinziira obusobozi oba obusobozi oba obusobozi oba obusobozi**) oba **okusinziira obusobozi oba obusobozi oba obusobozi oba obusobozi**.  

Ekyeyambisiza **okusinziira obusobozi oba obusobozi oba obusobozi oba obusobozi** (ekisooka ku **okusinziira obusobozi oba obusobozi oba obusobozi oba obusobozi**) oba **okusinziira obusobozi oba obusobozi oba obusobozi oba obusobozi**.  

Ekyeyambisiza **okusinziira obusobozi oba obusobozi oba obusobozi oba obusobozi** (ekisooka ku **okusinziira obusobozi oba obusobozi oba obusobozi oba obusobozi**) oba **okusinziira obusobozi oba obusobozi oba obusobozi oba obusobozi**.  

Ekyeyambisiza **okusinziira obusobozi oba obusobozi oba obusobozi oba obusobozi** (ekisooka ku **okusinziira obusobozi oba obusobozi oba obusobozi oba obusobozi**) oba **okusinziira obusobozi oba obusobozi oba obusobozi oba obusobozi**.  

Ekyeyambisiza **okusinziira obusobozi oba obusobozi oba obusobozi oba obusobozi** (ekisooka ku **okusinziira obusobozi oba obusobozi oba obusobozi oba obusobozi**) oba **okusinziira obusobozi oba obusobozi oba obusobozi oba obusobozi**.  

Ekyeyambisiza **okusinziira obusobozi oba obusobozi oba obusobozi oba obusobozi** (ekisooka ku **okusinziira obusobozi oba obusobozi oba obusobozi oba obusobozi**) oba **okusinziira obusobozi oba obusobozi oba obusobozi oba obusobozi**.  

Ekyeyambisiza **okusinziira obusobozi oba obusobozi oba obusobozi oba obusobozi** (ekisooka ku **okusinziira obusobozi oba obusobozi oba obusobozi oba obusobozi**) oba **okusinziira obusobozi oba obusobozi oba obusobozi oba obusobozi**.  

Ekyeyambisiza **okusinziira obusobozi oba obusobozi oba obusobozi oba obusobozi** (ekisooka ku **okusinziira obusobozi oba obusobozi oba obusobozi oba obusobozi**) oba **okusinziira obusobozi oba obusobozi oba obusobozi oba obusobozi**.  

Ekyeyambisiza **okusinziira obusobozi oba obusobozi oba obusobozi oba obusobozi** (ekisooka ku **okusinziira obusobozi oba obusobozi oba obusobozi oba obusobozi**) oba **okusinziira obusobozi oba obusobozi oba obusobozi oba obusobozi**.  

Ekyeyambisiza **okusinziira obusobozi oba obusobozi oba obusobozi oba obusobozi** (ekisooka ku **okusinziira obusobozi oba obusobozi oba obusobozi oba obusobozi**) oba **okusinziira obusobozi oba obusobozi oba obusobozi oba obusobozi**.  

Ekyeyambisiza **okusinziira obusobozi oba obusobozi oba obusobozi oba obusobozi** (ekisooka ku **okusinziira obusobozi oba obusobozi oba obusobozi oba obusobozi**) oba **okusinziira obusobozi oba obusobozi oba obusobozi oba obusobozi**.  

Ekyeyambisiza **okusinziira obusobozi oba obusobozi oba obusobozi oba obusobozi** (ekisooka ku **okusinziira obusobozi oba obusobozi oba obusobozi oba obusobozi**) oba **okusinziira obusobozi oba obusobozi oba obusobozi oba obusobozi**.  

Ekyeyambisiza **okusinziira obusobozi oba obusobozi oba obusobozi oba obusobozi** (ekisooka ku **okusinziira obusobozi oba obusobozi oba obusobozi oba obusobozi**) oba **okusinziira obusobozi oba obusobozi oba obusobozi oba obusobozi**.  

Ekyeyambisiza **okusinziira obusobozi oba obusobozi oba obusobozi oba obusobozi** (ekisooka ku **okusinziira obusobozi oba obusobozi oba obusobozi oba obusobozi**) oba **okusinziira obusobozi oba obusobozi oba obusobozi oba obusobozi**.  

Ekyeyambisiza **okusinziira obusobozi oba obusobozi oba obusobozi oba obusobozi** (ekisooka ku **okusinziira obusobozi oba obusobozi oba obusobozi oba obusobozi**) oba **okusinziira obusobozi oba obusobozi oba obusobozi oba obusobozi**.  

Ekyeyambisiza **okusinziira obusobozi oba obusobozi oba obusobozi oba obusobozi** (ekisooka ku **okusinziira obusobozi oba obusobozi oba obusobozi oba obusobozi**) oba **okusinziira obusobozi oba obusobozi oba obusobozi oba obusobozi**.  

Ekyeyambisiza **okusinziira obusobozi oba obusobozi oba obusobozi oba obusobozi** (ekisooka ku **okusinziira obusobozi oba obusobozi oba obusobozi oba obusobozi**) oba **okusinziira obusobozi oba obusobozi oba obusobozi oba obusobozi**.  

Ekyeyambisiza **okusinziira obusobozi oba obusobozi oba obusobozi oba obusobozi** (ekisooka ku **okusinziira obusobozi oba obusobozi oba obusobozi oba obusobozi**) oba **okusinziira obusobozi oba obusobozi oba obusobozi oba obusobozi**.  

Ekyeyambisiza **okusinziira obusobozi oba obusobozi oba obusobozi oba obusobozi** (ekisooka ku **okusinziira obusobozi oba obusobozi oba obusobozi oba obusobozi**) oba **okusinziira obusobozi oba obusobozi oba obusobozi oba obusobozi**.  

Ekyeyambisiza **okusinziira obusobozi oba obusobozi oba obusobozi oba obusobozi** (ekisooka ku **okusinziira obusobozi oba obusobozi oba obusobozi oba obusobozi**) oba **okusinziira obusobozi oba obusobozi oba obusobozi oba obusobozi**.  

Ekyeyambisiza **okusinziira obusobozi oba obusobozi oba obusobozi oba obusobozi** (ekisooka ku **okusinziira obusobozi oba obusobozi oba obusobozi oba obusobozi**) oba **okusinziira obusobozi oba obusobozi oba obusobozi oba obusobozi**.  

Ekyeyambisiza **okusinziira obusobozi oba obusobozi oba obusobozi oba obusobozi** (ekisooka ku **okusinziira obusobozi oba obusobozi oba obusobozi oba obusobozi**) oba **okusinziira obusobozi oba obusobozi oba obusobozi oba obusobozi**.  

Ekyeyambisiza **okusinziira obusobozi oba obusobozi oba obusobozi oba obusobozi** (ekisooka ku **okusinziira obusobozi oba obusobozi oba obusobozi oba obusobozi**) oba **okusinziira obusobozi oba obusobozi oba obusobozi oba obusobozi**.  

Ekyeyambisiza **okusinziira obusobozi oba obusobozi oba obusobozi oba obusobozi** (ekisooka ku **okusinziira obusobozi oba obusobozi oba obusobozi oba obusobozi**) oba **okusinziira obusobozi oba obusobozi oba obusobozi oba obusobozi**.  

Ekyeyambisiza **okusinziira obusobozi oba obusobozi oba obusobozi oba obusobozi** (ekisooka ku **okusinziira obusobozi oba obusobozi oba obusobozi oba obusobozi**) oba **okusinziira obusobozi oba obusobozi oba obusobozi oba obusobozi**.  

Ekyeyambisiza **okusinziira obusobozi oba obusobozi oba obusobozi oba obusobozi** (ekisooka ku **okusinziira obusobozi oba obusobozi oba obusobozi oba obusobozi**) oba **okusinziira obusobozi oba obusobozi oba obusobozi oba obusobozi**.  

Ekyeyambisiza **okusinziira obusobozi oba obusobozi oba obusobozi oba obusobozi** (ekisooka ku **okusinziira obusobozi oba obusobozi oba obusobozi oba obusobozi**) oba **okusinziira obusobozi oba obusobozi oba obusobozi oba obusobozi**.  

Ekyeyambisiza **okusinziira obusobozi oba obusobozi oba obusobozi oba obusobozi** (ekisooka ku **okusinziira obusobozi oba obusobozi oba obusobozi oba obusobozi**) oba **okusinziira obusobozi oba obusobozi oba obusobozi oba obusobozi**.  

Ekyeyambisiza **okusinziira obusobozi oba obusobozi oba obusobozi oba obusobozi** (ekisooka ku **okusinziira obusobozi oba obusobozi oba obusobozi oba obusobozi**) oba **okusinziira obusobozi oba obusobozi oba obusobozi oba obusobozi**.  

Ekyeyambisiza **okusinziira obusobozi oba obusobozi oba obusobozi oba obusobozi** (ekisooka ku **okusinziira obusobozi oba obusobozi oba obusobozi oba obusobozi**) oba **okusinziira obusobozi oba obusobozi oba obusobozi oba obusobozi**.  

Ekyeyambisiza **okusinziira obusobozi oba obusobozi oba obusobozi oba obusobozi** (ekisooka ku **okusinziira obusobozi oba obusobozi oba obusobozi oba obusobozi**) oba **okusinziira obusobozi oba obusobozi oba obusobozi oba obusobozi**.  

Ekyeyambisiza **okusinziira obusobozi oba obusobozi oba obusobozi oba obusobozi** (ekisooka ku **okusinziira obusobozi oba obusobozi oba obusobozi oba obusobozi**) oba **okusinziira obusobozi oba obusobozi oba obusobozi oba obusobozi**.  

Ekyeyambisiza **okusinziira obusobozi oba obusobozi oba obusobozi oba obusobozi** (ekisooka ku **okusinziira obusobozi oba obusobozi oba obusobozi oba obusobozi**) oba **okusinziira obusobozi oba obusobozi oba obusobozi oba obusobozi**.  

Ekyeyambisiza **okusinziira obusobozi oba obusobozi oba obusobozi oba obusobozi** (ekisooka ku **okusinziira obusobozi oba obusobozi oba obusobozi oba obusobozi**) oba **okusinziira obusobozi oba obusobozi oba obusobozi oba obusobozi**.  

Ekyeyambisiza **okusinziira obusobozi oba obusobozi oba obusobozi oba obusobozi** (ekisooka ku **okusinziira obusobozi oba obusobozi oba obusobozi oba obusobozi**) oba **okusinziira obusobozi oba obusobozi oba obusobozi oba obusobozi**.  

Ekyeyambisiza **okusinziira obusobozi oba obusobozi oba obusobozi oba obusobozi** (ekisooka ku **okusinziira obusobozi oba obusobozi oba obusobozi oba obusobozi**) oba **okusinziira obusobozi oba obusobozi oba obusobozi oba obusobozi**.  

Ekyeyambisiza **okusinziira obusobozi oba obusobozi oba obusobozi oba obusobozi** (ekisooka ku **okusinziira obusobozi oba obusobozi oba obusobozi oba obusobozi**) oba **okusinziira obusobozi oba obusobozi oba obusobozi oba obusobozi**.  

Ekyeyambisiza **okusinziira obusobozi oba obusobozi oba obusobozi oba obusobozi** (ekisooka ku **okusinziira obusobozi oba obusobozi oba obusobozi oba obusobozi**) oba **okusinziira obusobozi oba obusobozi oba obusobozi oba obusobozi**.  

Ekyeyambisiza **okusinziira obusobozi oba obusobozi oba obusobozi oba obusobozi** (ekisooka ku **okusinziira obusobozi oba obusobozi oba obusobozi oba obusobozi**) oba **okusinziira obusobozi oba obusobozi oba obusobozi oba obusobozi**.  

Ekyeyambisiza **okusinziira obusobozi oba obusobozi oba obusobozi oba obusobozi** (ekisooka ku **okusinziira obusobozi oba obusobozi oba obusobozi oba obusobozi**) oba **okusinziira obusobozi oba obusobozi oba obusobozi oba obusobozi**.  

Ekyeyambisiza **okusinziira obusobozi oba obusobozi oba obusobozi oba obusobozi** (ekisooka ku **okusinziira obusobozi oba obusobozi oba obusobozi oba obusobozi**) oba **okusinziira obusobozi oba obusobozi oba obusobozi oba obusobozi**.  

Ekyeyambisiza **okusinziira obusobozi oba obusobozi oba obusobozi oba obusobozi** (ekisooka ku **okusinziira obusobozi oba obusobozi oba obusobozi oba obusobozi**) oba **okusinziira obusobozi oba obusobozi oba obusobozi oba obusobozi**.  

Ekyeyambisiza **okusinziira obusobozi oba obusobozi oba obusobozi oba obusobozi** (ekisooka ku **okusinziira obusobozi oba obusobozi oba obusobozi oba obusobozi**) oba **okusinziira obusobozi oba obusobozi oba obusobozi oba obusobozi**.  

Ekyeyambisiza **okusinziira obusobozi oba obusobozi oba obusobozi oba obusobozi** (ekisooka ku **okusinziira obusobozi oba obusobozi oba obusobozi oba obusobozi**) oba **okusinziira obusobozi oba obusobozi oba obusobozi oba obusobozi**.  

Ekyeyambisiza **okusinziira obusobozi oba obusobozi oba obusobozi oba obusobozi** (ekisooka ku **okusinziira obusobozi oba obusobozi oba obusobozi oba obusobozi**) oba **okusinziira obusobozi oba obusobozi oba obusobozi oba obusobozi**.  

Ekyeyambisiza **okusinziira obusobozi oba obusobozi oba obusobozi oba obusobozi** (ekisooka ku **okusinziira obusobozi oba obusobozi oba obusobozi oba obusobozi**) oba **okusinziira obusobozi oba obusobozi oba obusobozi oba obusobozi**.  

Ekyeyambisiza **okusinziira obusobozi oba obusobozi oba obusobozi oba obusobozi** (ekisooka ku **okusinziira obusobozi oba obusobozi oba obusobozi oba obusobozi**) oba **okusinziira obusobozi oba obusobozi oba obusobozi oba obusobozi**.  

Ekyeyambisiza **okusinziira obusobozi oba obusobozi oba obusobozi oba obusobozi** (ekisooka ku **okusinziira obusobozi oba obusobozi oba obusobozi oba obusobozi**) oba **okusinziira obusobozi oba obusobozi oba obusobozi oba obusobozi**.  

Ekyeyambisiza **okusinziira obusobozi oba obusobozi oba obusobozi oba obusobozi** (ekisooka ku **okusinziira obusobozi oba obusobozi oba obusobozi oba obusobozi**) oba **okusinziira obusobozi oba obusobozi oba obusobozi oba obusobozi**.  

Ekyeyambisiza **okusinziira obusobozi oba obusobozi oba obusobozi oba obusobozi** (ekisooka ku **okusinziira obusobozi oba obusobozi oba obusobozi oba obusobozi**) oba **okusinziira obusobozi oba obusobozi oba obusobozi oba obusobozi**.  

Ekyeyambisiza **okusinziira obusobozi oba obusobozi oba obusobozi oba obusobozi** (ekisooka ku **okusinziira obusobozi oba obusobozi oba obusobozi oba obusobozi**) oba **okusinziira obusobozi oba obusobozi oba obusobozi oba obusobozi**.  

Ekyeyambisiza **okusinziira obusobozi oba obusobozi oba obusobozi oba obusobozi** (ekisooka ku **okusinziira obusobozi oba obusobozi oba obusobozi oba obusobozi**) oba **okusinziira obusobozi oba obusobozi oba obusobozi oba obusobozi**.  

Ekyeyambisiza **okusinziira obusobozi oba obusobozi oba obusobozi oba obusobozi** (ekisooka ku **okusinziira obusobozi oba obusobozi oba obusobozi oba obusobozi**) oba **okusinziira obusobozi oba obusobozi oba obusobozi oba obusobozi**.  

Ekyeyambisiza **okusinziira obusobozi oba obusobozi oba obusobozi oba obusobozi** (ekisooka ku **okusinziira obusobozi oba obusobozi oba obusobozi oba obusobozi**) oba **okusinziira obusobozi oba obusobozi oba obusobozi oba obusobozi**.  

Ekyeyambisiza **okusinziira obusobozi oba obusobozi oba obusobozi oba obusobozi** (ekisooka ku **okusinziira obusobozi oba obusobozi oba obusobozi oba obusobozi**) oba **okusinziira obusobozi oba obusobozi oba obusobozi oba obusobozi**.  

Ekyeyambisiza **okusinzi",True,198.44983490000595,10291,8192,0
D,"**D. Nnongeza y'ebivuddeko eby'ebyafaayo by'endowooza y'okwegatta**

**Explanation:**  
VSEPR (Valence Shell Electron Pair Repulsion) theory predicts molecular geometry by considering both **bonding pairs** (electrons involved in bonds) and **lone pairs** (non-bonding electrons). The presence of lone pairs increases repulsion, altering bond angles and molecular shape. For example:  
- **Water (H₂O)** has two lone pairs on oxygen, leading to a **bent** shape (104.5° bond angle).  
- **Ammonia (NH₃)** has one lone pair on nitrogen, resulting in a **trigonal pyramidal** shape.  

Option **D** correctly references the inclusion of **non-bonding electron pairs** (lone pairs) in determining molecular structure, which is central to VSEPR theory. The other options (A, B, C) relate to unrelated concepts like enzyme packaging, amino acid structures, or vague applications of the theory.  

**Key Takeaway:**  
VSEPR emphasizes **minimizing repulsion** between all electron pairs (bonding and lone), making **D** the accurate choice.",True,5.302621299983002,2549,758,519
A,"**Ekibuuzo ekituufu (n’ebyanulo):**

**Bino wammanga bibuuzo bya kulabirako eby'okulondamu (n'ebyanulo).**

Ku mutendera gw'abaana abato, abakugu mu by'enjigiriza beetaaga okukebera mu bulamu obwa bulijjo ekigendererwa kino okuva mu mutima gw'okunoonyereza ku butonde:  
**""Okunnyonnyola ebimu ku bintu ebikulu ebikwata ku butonde bwe banoonyereza, gamba nga langi, obuwewufu, obunene, ebbugumu n'ebirala.""**  
Kiki abaana kye bandikoze okukiraga nti ekigendererwa kino **kituukiddwaako**?

---

**A.** Mu kiseera ky’okuyiga, Santiago **asiiga amayinja ag’enjawulo mu bunene**.  
**B.** Mu kiseera ky’ekyemisana, Pablo **atunuulira akajiiko** era bw’alaba ekifaananyi kye ng’akyeyoleka agamba: **“Laba, Pablo!”**  
**C.** Mu kiseera María ky’amaze mu luggya, **akuŋŋaanya ebika by’amatabi g’emiti egy’enjawulo mu kabaati**.  
**D.** Mu biseera by’okuzannya obwereere mu luggya, Soledad **akuba ensigo mu ngalo ze nagamba**: **“Nneneenya”**

---

**Kaswaga: D**

---

**Ekigendererwa kino eza: ""Okunnyonnyola ebimu ku bintu ebikulu ebikwata ku butonde bwe banoonyereza, gamba nga langi, obuwewufu, obunene, ebbugumu n'ebirala.""**

Kino eza **ekigendererwa ky’okunoonyereza** (observation), n’ekisooka **ekikozesebwa ku bintu ebikulu ebikwata ku butonde** (macroscopic phenomena) **n’ebimu** (microscopic level).  
Kino eza **ekikozesebwa ku kiseera kya kiyuusizo** (chemical reactions), **kiseera kya kiyuusizo** (physical changes), **kiseera kya kiyuusizo** (phase changes), **kiseera kya kiyuusizo** (energy changes), **n’okuzannya obwereere** (precipitation).

---

**Ku kiseera D**, Soledad **akuba ensigo mu ngalo ze nagamba: “Nneneenya”**.  
Kino eza **ekikozesebwa ku kiseera kya kiyuusizo** (chemical reaction) mu **luggya** (aqueous solution), n’ekikozesebwa ku **ekikuta ky’okuzannya obwereere** (precipitate formation).  
**""Nneneenya""** eza **ensigo y’okuzannya obwereere** (precipitate), n’ekikozesebwa ku **kiseera kya kiyuusizo** (solution), n’ekikozesebwa ku **kiseera kya kiyuusizo** (chemical change).  
Kino **ekikozesebwa ku kiseera kya kiyuusizo** (physical observation), n’ekikozesebwa ku **kiseera kya kiyuusizo** (chemical process).  
Kino **ekikozesebwa ku kiseera kya kiyuusizo** (macroscopic level), n’ekikozesebwa ku **kiseera kya kiyuusizo** (microscopic level).  
Kino **ekikozesebwa ku kiseera kya kiyuusizo** (visible change), n’ekikozesebwa ku **kiseera kya kiyuusizo** (chemical reaction).

---

**Kaswaga: D**  
**Kaswaga ku kiseera kya kiyuusizo** (physical observation) **n’ekiseera kya kiyuusizo** (chemical process) **ekikozesebwa ku kiseera kya kiyuusizo** (precipitation).  
**""Nneneenya""** eza **ensigo y’okuzannya obwereere** (precipitate), n’ekikozesebwa ku **kiseera kya kiyuusizo** (solution), n’ekikozesebwa ku **kiseera kya kiyuusizo** (chemical reaction).  
Kino **ekikozesebwa ku kiseera kya kiyuusizo** (macroscopic level), n’ekikozesebwa ku **kiseera kya kiyuusizo** (microscopic level).  
Kino **ekikozesebwa ku kiseera kya kiyuusizo** (visible change), n’ekikozesebwa ku **kiseera kya kiyuusizo** (chemical process).

---

**Kaswaga: D** ✅  
**Kaswaga ku kiseera kya kiyuusizo** (physical observation) **n’ekiseera kya kiyuusizo** (chemical process) **ekikozesebwa ku kiseera kya kiyuusizo** (precipitation).  
**""Nneneenya""** eza **ensigo y’okuzannya obwereere** (precipitate), n’ekikozesebwa ku **kiseera kya kiyuusizo** (solution), n’ekikozesebwa ku **kiseera kya kiyuusizo** (chemical reaction).  
Kino **ekikozesebwa ku kiseera kya kiyuusizo** (macroscopic level), n’ekikozesebwa ku **kiseera kya kiyuusizo** (microscopic level).  
Kino **ekikozesebwa ku kiseera kya kiyuusizo** (visible change), n’ekikozesebwa ku **kiseera kya kiyuusizo** (chemical process).

---

**Kaswaga: D** ✅  
**Kaswaga ku kiseera kya kiyuusizo** (physical observation) **n’ekiseera kya kiyuusizo** (chemical process) **ekikozesebwa ku kiseera kya kiyuusizo** (precipitation).  
**""Nneneenya""** eza **ensigo y’okuzannya obwereere** (precipitate), n’ekikozesebwa ku **kiseera kya kiyuusizo** (solution), n’ekikozesebwa ku **kiseera kya kiyuusizo** (chemical reaction).  
Kino **ekikozesebwa ku kiseera kya kiyuusizo** (macroscopic level), n’ekikozesebwa ku **kiseera kya kiyuusizo** (microscopic level).  
Kino **ekikozesebwa ku kiseera kya kiyuusizo** (visible change), n’ekikozesebwa ku **kiseera kya kiyuusizo** (chemical process).

---

**Kaswaga: D** ✅  
**Kaswaga ku kiseera kya kiyuusizo** (physical observation) **n’ekiseera kya kiyuusizo** (chemical process) **ekikozesebwa ku kiseera kya kiyuusizo** (precipitation).  
**""Nneneenya""** eza **ensigo y’okuzannya obwereere** (precipitate), n’ekikozesebwa ku **kiseera kya kiyuusizo** (solution), n’ekikozesebwa ku **kiseera kya kiyuusizo** (chemical reaction).  
Kino **ekikozesebwa ku kiseera kya kiyuusizo** (macroscopic level), n’ekikozesebwa ku **kiseera kya kiyuusizo** (microscopic level).  
Kino **ekikozesebwa ku kiseera kya kiyuusizo** (visible change), n’ekikozesebwa ku **kiseera kya kiyuusizo** (chemical process).

---

**Kaswaga: D** ✅  
**Kaswaga ku kiseera kya kiyuusizo** (physical observation) **n’ekiseera kya kiyuusizo** (chemical process) **ekikozesebwa ku kiseera kya kiyuusizo** (precipitation).  
**""Nneneenya""** eza **ensigo y’okuzannya obwereere** (precipitate), n’ekikozesebwa ku **kiseera kya kiyuusizo** (solution), n’ekikozesebwa ku **kiseera kya kiyuusizo** (chemical reaction).  
Kino **ekikozesebwa ku kiseera kya kiyuusizo** (macroscopic level), n’ekikozesebwa ku **kiseera kya kiyuusizo** (microscopic level).  
Kino **ekikozesebwa ku kiseera kya kiyuusizo** (visible change), n’ekikozesebwa ku **kiseera kya kiyuusizo** (chemical process).

---

**Kaswaga: D** ✅  
**Kaswaga ku kiseera kya kiyuusizo** (physical observation) **n’ekiseera kya kiyuusizo** (chemical process) **ekikozesebwa ku kiseera kya kiyuusizo** (precipitation).  
**""Nneneenya""** eza **ensigo y’okuzannya obwereere** (precipitate), n’ekikozesebwa ku **kiseera kya kiyuusizo** (solution), n’ekikozesebwa ku **kiseera kya kiyuusizo** (chemical reaction).  
Kino **ekikozesebwa ku kiseera kya kiyuusizo** (macroscopic level), n’ekikozesebwa ku **kiseera kya kiyuusizo** (microscopic level).  
Kino **ekikozesebwa ku kiseera kya kiyuusizo** (visible change), n’ekikozesebwa ku **kiseera kya kiyuusizo** (chemical process).

---

**Kaswaga: D** ✅  
**Kaswaga ku kiseera kya kiyuusizo** (physical observation) **n’ekiseera kya kiyuusizo** (chemical process) **ekikozesebwa ku kiseera kya kiyuusizo** (precipitation).  
**""Nneneenya""** eza **ensigo y’okuzannya obwereere** (precipitate), n’ekikozesebwa ku **kiseera kya kiyuusizo** (solution), n’ekikozesebwa ku **kiseera kya kiyuusizo** (chemical reaction).  
Kino **ekikozesebwa ku kiseera kya kiyuusizo** (macroscopic level), n’ekikozesebwa ku **kiseera kya kiyuusizo** (microscopic level).  
Kino **ekikozesebwa ku kiseera kya kiyuusizo** (visible change), n’ekikozesebwa ku **kiseera kya kiyuusizo** (chemical process).

---

**Kaswaga: D** ✅  
**Kaswaga ku kiseera kya kiyuusizo** (physical observation) **n’ekiseera kya kiyuusizo** (chemical process) **ekikozesebwa ku kiseera kya kiyuusizo** (precipitation).  
**""Nneneenya""** eza **ensigo y’okuzannya obwereere** (precipitate), n’ekikozesebwa ku **kiseera kya kiyuusizo** (solution), n’ekikozesebwa ku **kiseera kya kiyuusizo** (chemical reaction).  
Kino **ekikozesebwa ku kiseera kya kiyuusizo** (macroscopic level), n’ekikozesebwa ku **kiseera kya kiyuusizo** (microscopic level).  
Kino **ekikozesebwa ku kiseera kya kiyuusizo** (visible change), n’ekikozesebwa ku **kiseera kya kiyuusizo** (chemical process).

---

**Kaswaga: D** ✅  
**Kaswaga ku kiseera kya kiyuusizo** (physical observation) **n’ekiseera kya kiyuusizo** (chemical process) **ekikozesebwa ku kiseera kya kiyuusizo** (precipitation).  
**""Nneneenya""** eza **ensigo y’okuzannya obwereere** (precipitate), n’ekikozesebwa ku **kiseera kya kiyuusizo** (solution), n’ekikozesebwa ku **kiseera kya kiyuusizo** (chemical reaction).  
Kino **ekikozesebwa ku kiseera kya kiyuusizo** (macroscopic level), n’ekikozesebwa ku **kiseera kya kiyuusizo** (microscopic level).  
Kino **ekikozesebwa ku kiseera kya kiyuusizo** (visible change), n’ekikozesebwa ku **kiseera kya kiyuusizo** (chemical process).

---

**Kaswaga: D** ✅  
**Kaswaga ku kiseera kya kiyuusizo** (physical observation) **n’ekiseera kya kiyuusizo** (chemical process) **ekikozesebwa ku kiseera kya kiyuusizo** (precipitation).  
**""Nneneenya""** eza **ensigo y’okuzannya obwereere** (precipitate), n’ekikozesebwa ku **kiseera kya kiyuusizo** (solution), n’ekikozesebwa ku **kiseera kya kiyuusizo** (chemical reaction).  
Kino **ekikozesebwa ku kiseera kya kiyuusizo** (macroscopic level), n’ekikozesebwa ku **kiseera kya kiyuusizo** (microscopic level).  
Kino **ekikozesebwa ku kiseera kya kiyuusizo** (visible change), n’ekikozesebwa ku **kiseera kya kiyuusizo** (chemical process).

---

**Kaswaga: D** ✅  
**Kaswaga ku kiseera kya kiyuusizo** (physical observation) **n’ekiseera kya kiyuusizo** (chemical process) **ekikozesebwa ku kiseera kya kiyuusizo** (precipitation).  
**""Nneneenya""** eza **ensigo y’okuzannya obwereere** (precipitate), n’ekikozesebwa ku **kiseera kya kiyuusizo** (solution), n’ekikozesebwa ku **kiseera kya kiyuusizo** (chemical reaction).  
Kino **ekikozesebwa ku kiseera kya kiyuusizo** (macroscopic level), n’ekikozesebwa ku **kiseera kya kiyuusizo** (microscopic level).  
Kino **ekikozesebwa ku kiseera kya kiyuusizo** (visible change), n’ekikozesebwa ku **kiseera kya kiyuusizo** (chemical process).

---

**Kaswaga: D** ✅  
**Kaswaga ku kiseera kya kiyuusizo** (physical observation) **n’ekiseera kya kiyuusizo** (chemical process) **ekikozesebwa ku kiseera kya kiyuusizo** (precipitation).  
**""Nneneenya""** eza **ensigo y’okuzannya obwereere** (precipitate), n’ekikozesebwa ku **kiseera kya kiyuusizo** (solution), n’ekikozesebwa ku **kiseera kya kiyuusizo** (chemical reaction).  
Kino **ekikozesebwa ku kiseera kya kiyuusizo** (macroscopic level), n’ekikozesebwa ku **kiseera kya kiyuusizo** (microscopic level).  
Kino **ekikozesebwa ku kiseera kya kiyuusizo** (visible change), n’ekikozesebwa ku **kiseera kya kiyuusizo** (chemical process).

---

**Kaswaga: D** ✅  
**Kaswaga ku kiseera kya kiyuusizo** (physical observation) **n’ekiseera kya kiyuusizo** (chemical process) **ekikozesebwa ku kiseera kya kiyuusizo** (precipitation).  
**""Nneneenya""** eza **ensigo y’okuzannya obwereere** (precipitate), n’ekikozesebwa ku **kiseera kya kiyuusizo** (solution), n’ekikozesebwa ku **kiseera kya kiyuusizo** (chemical reaction).  
Kino **ekikozesebwa ku kiseera kya kiyuusizo** (macroscopic level), n’ekikozesebwa ku **kiseera kya kiyuusizo** (microscopic level).  
Kino **ekikozesebwa ku kiseera kya kiyuusizo** (visible change), n’ekikozesebwa ku **kiseera kya kiyuusizo** (chemical process).

---

**Kaswaga: D** ✅  
**Kaswaga ku kiseera kya kiyuusizo** (physical observation) **n’ekiseera kya kiyuusizo** (chemical process) **ekikozesebwa ku kiseera kya kiyuusizo** (precipitation).  
**""Nneneenya""** eza **ensigo y’okuzannya obwereere** (precipitate), n’ekikozesebwa ku **kiseera kya kiyuusizo** (solution), n’ekikozesebwa ku **kiseera kya kiyuusizo** (chemical reaction).  
Kino **ekikozesebwa ku kiseera kya kiyuusizo** (macroscopic level), n’ekikozesebwa ku **kiseera kya kiyuusizo** (microscopic level).  
Kino **ekikozesebwa ku kiseera kya kiyuusizo** (visible change), n’ekikozesebwa ku **kiseera kya kiyuusizo** (chemical process).

---

**Kaswaga: D** ✅  
**Kaswaga ku kiseera kya kiyuusizo** (physical observation) **n’ekiseera kya kiyuusizo** (chemical process) **ekikozesebwa ku kiseera kya kiyuusizo** (precipitation).  
**""Nneneenya""** eza **ensigo y’okuzannya obwereere** (precipitate), n’ekikozesebwa ku **kiseera kya kiyuusizo** (solution), n’ekikozesebwa ku **kiseera kya kiyuusizo** (chemical reaction).  
Kino **ekikozesebwa ku kiseera kya kiyuusizo** (macroscopic level), n’ekikozesebwa ku **kiseera kya kiyuusizo** (microscopic level).  
Kino **ekikozesebwa ku kiseera kya kiyuusizo** (visible change), n’ekikozesebwa ku **kiseera kya kiyuusizo** (chemical process).

---

**Kaswaga: D** ✅  
**Kaswaga ku kiseera kya kiyuusizo** (physical observation) **n’ekiseera kya kiyuusizo** (chemical process) **ekikozesebwa ku kiseera kya kiyuusizo** (precipitation).  
**""Nneneenya""** eza **ensigo y’okuzannya obwereere** (precipitate), n’ekikozesebwa ku **kiseera kya kiyuusizo** (solution), n’ekikozesebwa ku **kiseera kya kiyuusizo** (chemical reaction).  
Kino **ekikozesebwa ku kiseera kya kiyuusizo** (macroscopic level), n’ekikozesebwa ku **kiseera kya kiyuusizo** (microscopic level).  
Kino **ekikozesebwa ku kiseera kya kiyuusizo** (visible change), n’ekikozesebwa ku **kiseera kya kiyuusizo** (chemical process).

---

**Kaswaga: D** ✅  
**Kaswaga ku kiseera kya kiyuusizo** (physical observation) **n’ekiseera kya kiyuusizo** (chemical process) **ekikozesebwa ku kiseera kya kiyuusizo** (precipitation).  
**""Nneneenya""** eza **ensigo y’okuzannya obwereere** (precipitate), n’ekikozesebwa ku **kiseera kya kiyuusizo** (solution), n’ekikozesebwa ku **kiseera kya kiyuusizo** (chemical reaction).  
Kino **ekikozesebwa ku kiseera kya kiyuusizo** (macroscopic level), n’ekikozesebwa ku **kiseera kya kiyuusizo** (microscopic level).  
Kino **ekikozesebwa ku kiseera kya kiyuusizo** (visible change), n’ekikozesebwa ku **kiseera kya kiyuusizo** (chemical process).

---

**Kaswaga: D** ✅  
**Kaswaga ku kiseera kya kiyuusizo** (physical observation) **n’ekiseera kya kiyuusizo** (chemical process) **ekikozesebwa ku kiseera kya kiyuusizo** (precipitation).  
**""Nneneenya""** eza **ensigo y’okuzannya obwereere** (precipitate), n’ekikozesebwa ku **kiseera kya kiyuusizo** (solution), n’ekikozesebwa ku **kiseera kya kiyuusizo** (chemical reaction).  
Kino **ekikozesebwa ku kiseera kya kiyuusizo** (macroscopic level), n’ekikozesebwa ku **kiseera kya kiyuusizo** (microscopic level).  
Kino **ekikozesebwa ku kiseera kya kiyuusizo** (visible change), n’ekikozesebwa ku **kiseera kya kiyuusizo** (chemical process).

---

**Kaswaga: D** ✅  
**Kaswaga ku kiseera kya kiyuusizo** (physical observation) **n’ekiseera kya kiyuusizo** (chemical process) **ekikozesebwa ku kiseera kya kiyuusizo** (precipitation).  
**""Nneneenya""** eza **ensigo y’okuzannya obwereere** (precipitate), n’ekikozesebwa ku **kiseera kya kiyuusizo** (solution), n’ekikozesebwa ku **kiseera kya kiyuusizo** (chemical reaction).  
Kino **ekikozesebwa ku kiseera kya kiyuusizo** (macroscopic level), n’ekikozesebwa ku **kiseera kya kiyuusizo** (microscopic level).  
Kino **ekikozesebwa ku kiseera kya kiyuusizo** (visible change), n’ekikozesebwa ku **kiseera kya kiyuusizo** (chemical process).

---

**Kaswaga: D** ✅  
**Kaswaga ku kiseera kya kiyuusizo** (physical observation) **n’ekiseera kya kiyuusizo** (chemical process) **ekikozesebwa ku kiseera kya kiyuusizo** (precipitation).  
**""Nneneenya""** eza **ensigo y’okuzannya obwereere** (precipitate), n’ekikozesebwa ku **kiseera kya kiyuusizo** (solution), n’ekikozesebwa ku **kiseera kya kiyuusizo** (chemical reaction).  
Kino **ekikozesebwa ku kiseera kya kiyuusizo** (macroscopic level), n’ekikozesebwa ku **kiseera kya kiyuusizo** (microscopic level).  
Kino **ekikozesebwa ku kiseera kya kiyuusizo** (visible change), n’ekikozesebwa ku **kiseera kya kiyuusizo** (chemical process).

---

**Kaswaga: D** ✅  
**Kaswaga ku kiseera kya kiyuusizo** (physical observation) **n’ekiseera kya kiyuusizo** (chemical process) **ekikozesebwa ku kiseera kya kiyuusizo** (precipitation).  
**""Nneneenya""** eza **ensigo y’okuzannya obwereere** (precipitate), n’ekikozesebwa ku **kiseera kya kiyuusizo** (solution), n’ekikozesebwa ku **kiseera kya kiyuusizo** (chemical reaction).  
Kino **ekikozesebwa ku kiseera kya kiyuusizo** (macroscopic level), n’ekikozesebwa ku **kiseera kya kiyuusizo** (microscopic level).  
Kino **ekikozesebwa ku kiseera kya kiyuusizo** (visible change), n’ekikozesebwa ku **kiseera kya kiyuusizo** (chemical process).

---

**Kaswaga: D** ✅  
**Kaswaga ku kiseera kya kiyuusizo** (physical observation) **n’ekiseera kya kiyuusizo** (chemical process) **ekikozesebwa ku kiseera kya kiyuusizo** (precipitation).  
**""Nneneenya""** eza **ensigo y’okuzannya obwereere** (precipitate), n’ekikozesebwa ku **kiseera kya kiyuusizo** (solution), n’ekikozesebwa ku **kiseera kya kiyuusizo** (chemical reaction).  
Kino **ekikozesebwa ku kiseera kya kiyuusizo** (macroscopic level), n’ekikozesebwa ku **kiseera kya kiyuusizo** (microscopic level).  
Kino **ekikozesebwa ku kiseera kya kiyuusizo** (visible change), n’ekikozesebwa ku **kiseera kya kiyuusizo** (chemical process).

---

**Kaswaga: D** ✅  
**Kaswaga ku kiseera kya kiyuusizo** (physical observation) **n’ekiseera kya kiyuusizo** (chemical process) **ekikozesebwa ku kiseera kya kiyuusizo** (precipitation).  
**""Nneneenya""** eza **ensigo y’okuzannya obwereere** (precipitate), n’ekikozesebwa ku **kiseera kya kiyuusizo** (solution), n’ekikozesebwa ku **kiseera kya kiyuusizo** (chemical reaction).  
Kino **ekikozesebwa ku kiseera kya kiyuusizo** (macroscopic level), n’ekikozesebwa ku **kiseera kya kiyuusizo** (microscopic level).  
Kino **ekikozesebwa ku kiseera kya kiyuusizo** (visible change), n’ekikozesebwa ku **kiseera kya kiyuusizo** (chemical process).

---

**Kaswaga: D** ✅  
**Kaswaga ku kiseera kya kiyuusizo** (physical observation) **n’ekiseera kya kiyuusizo** (chemical process) **ekikozesebwa ku kiseera kya kiyuusizo** (precipitation).  
**""Nneneenya""** eza **ensigo y’okuzannya obwereere** (precipitate), n’ekikozesebwa ku **kiseera kya kiyuusizo** (solution), n’ekikozesebwa ku **kiseera kya kiyuusizo** (chemical reaction).  
Kino **ekikozesebwa ku kiseera kya kiyuusizo** (macroscopic level), n’ekikozesebwa ku **kiseera kya kiyuusizo** (microscopic level).  
Kino **ekikozesebwa ku kiseera kya kiyuusizo** (visible change), n’ekikozesebwa ku **kiseera kya kiyuusizo** (chemical process).

---

**Kaswaga: D** ✅  
**Kaswaga ku kiseera kya kiyuusizo** (physical observation) **n’ekiseera kya kiyuusizo** (chemical process) **ekikozesebwa ku kiseera kya kiyuusizo** (precipitation).  
**""Nneneenya""** eza **ensigo y’okuzannya obwereere** (precipitate), n’ekikozesebwa ku **kiseera kya kiyuusizo** (solution), n’ekikozesebwa ku **kiseera kya kiyuusizo** (chemical reaction).  
Kino **ekikozesebwa ku kiseera kya kiyuusizo** (macroscopic level), n’ekikozesebwa ku **kiseera kya kiyuusizo** (microscopic level).  
Kino **ekikozesebwa ku kiseera kya kiyuusizo** (visible change), n’ekikozesebwa ku **kiseera kya kiyuusizo** (chemical process).

---

**Kaswaga: D** ✅  
**Kaswaga ku kiseera kya kiyuusizo** (physical observation) **n’ekiseera kya kiyuusizo** (chemical process) **ekikozesebwa ku kiseera kya kiyuusizo** (precipitation).  
**""Nneneenya""** eza **ensigo y’okuzannya obwereere** (precipitate), n’ekikozesebwa ku **kiseera kya kiyuusizo** (solution), n’ekikozesebwa ku **kiseera kya kiyuusizo** (chemical reaction).  
Kino **ekikozesebwa ku kiseera kya kiyuusizo** (macroscopic level), n’ekikozesebwa ku **kiseera kya kiyuusizo** (microscopic level).  
Kino **ekikozesebwa ku kiseera kya kiyuusizo** (visible change), n’ekikozesebwa ku **kiseera kya kiyuusizo** (chemical process).

---

**Kaswaga: D** ✅  
**Kaswaga ku kiseera kya kiyuusizo** (physical observation) **n’ekiseera kya kiyuusizo** (chemical process) **ekikozesebwa ku kiseera kya kiyuusizo** (precipitation).  
**""Nneneenya""** eza **ensigo y’okuzannya obwereere** (precipitate), n’ekikozesebwa ku **kiseera kya kiyuusizo** (solution), n’ekikozesebwa ku **kiseera kya kiyuusizo** (chemical reaction).  
Kino **ekikozesebwa ku kiseera kya kiyuusizo** (macroscopic level), n’ekikozesebwa ku **kiseera kya kiyuusizo** (microscopic level).  
Kino **ekikozesebwa ku kiseera kya kiyuusizo** (visible change), n’ekikozesebwa ku **kiseera kya kiyuusizo** (chemical process).

---

**Kaswaga: D** ✅  
**Kaswaga ku kiseera kya kiyuusizo** (physical observation) **n’ekiseera kya kiyuusizo** (chemical process) **ekikozesebwa ku kiseera kya kiyuusizo** (precipitation).  
**""Nneneenya""** eza **ensigo y’okuzannya obwereere** (precipitate), n’ekikozesebwa ku **kiseera kya kiyuusizo** (solution), n’ekikozesebwa ku **kiseera kya kiyuusizo** (chemical reaction).  
Kino **ekikozesebwa ku kiseera kya kiyuusizo** (macroscopic level), n’ekikozesebwa ku **kiseera kya kiyuusizo** (microscopic level).  
Kino **ekikozesebwa ku kiseera kya kiyuusizo** (visible change), n’ekikozesebwa ku **kiseera kya kiyuusizo** (chemical process).

---

**Kaswaga: D** ✅  
**Kaswaga ku kiseera kya kiyuusizo** (physical observation) **n’ekiseera kya kiyuusizo** (chemical process) **ekikozesebwa",True,183.7583412999811,10157,8192,0
C,"**Jawabu:** A. Abayizi balowooza nti okweyongera mu bwetaavu (entropy) kiyamba mu kwetereera.

**Tabyeyi:**  
Kino ekyeyongera n’ekigendererwa ky’ekibiina ku **Lugendo lw’Okwawula Ebintu Ebiri mu Mugatte** (Thermodynamics).  

- **Lugendo lwa Kisiyansi (First Law):** Ekyeyongera n’okusaasaanya amasoboza (energy conservation). Kino ekyeyongera n’option D, kubera nti ""ebintu ebyetereera byesigama ku bwoki n’okusaasaanya amasoboza.""  
- **Lugendo lwa Kisiyansi (Second Law):** Ekyeyongera n’okweyongera mu **bwetaavu (entropy)**, kubera nti ""entropy kiyamba mu kwetereera"" (option A). Kino ekyeyongera n’ekigendererwa ky’okwawula ebintu ebiri mu mugatte, kubera nti **entropy (bwetaavu)** ekyeyongera ku kiyinza mu **kwegereza** (spontaneous processes) n’okweyongera ku **kwegereza obwongo obw’okwawula** (heat transfer).  

**Kuwekereza:**  
- **Option A** ekyeyongera n’ekigendererwa ky’ekibiina ku **lugendo lwa kisiyansi (second law)**, kubera nti **entropy kiyamba** mu **kwegereza**. Kino ekyeyongera n’ekigendererwa ky’okwawula ebintu ebiri mu mugatte, kubera nti **entropy** ekyeyongera ku kiyinza mu **kwegereza obwongo obw’okwawula**.  
- **Option D** ekyeyongera n’ekigendererwa ky’ekibiina ku **lugendo lwa kisiyansi (first law)**, kubera nti **amasoboza** (energy) **esigama** (conserved). Kino ekyeyongera n’ekigendererwa ky’okwawula ebintu ebiri mu mugatte, kubera nti **amasoboza** **esigama** (conserved) mu **kwegereza**.  

**Kuwekereza ku mirimu egiddwa wano:**  
- **Option A** ekyeyongera n’ekigendererwa ky’ekibiina ku **lugendo lwa kisiyansi (second law)**, kubera nti **entropy kiyamba** mu **kwegereza**. Kino ekyeyongera n’ekigendererwa ky’okwawula ebintu ebiri mu mugatte, kubera nti **entropy** ekyeyongera ku kiyinza mu **kwegereza obwongo obw’okwawula**.  

**Kuwekereza ku mirimu egiddwa wano:**  
- **Option A** ekyeyongera n’ekigendererwa ky’ekibiina ku **lugendo lwa kisiyansi (second law)**, kubera nti **entropy kiyamba** mu **kwegereza**. Kino ekyeyongera n’ekigendererwa ky’okwawula ebintu ebiri mu mugatte, kubera nti **entropy** ekyeyongera ku kiyinza mu **kwegereza obwongo obw’okwawula**.  

**Kuwekereza ku mirimu egiddwa wano:**  
- **Option A** ekyeyongera n’ekigendererwa ky’ekibiina ku **lugendo lwa kisiyansi (second law)**, kubera nti **entropy kiyamba** mu **kwegereza**. Kino ekyeyongera n’ekigendererwa ky’okwawula ebintu ebiri mu mugatte, kubera nti **entropy** ekyeyongera ku kiyinza mu **kwegereza obwongo obw’okwawula**.  

**Kuwekereza ku mirimu egiddwa wano:**  
- **Option A** ekyeyongera n’ekigendererwa ky’ekibiina ku **lugendo lwa kisiyansi (second law)**, kubera nti **entropy kiyamba** mu **kwegereza**. Kino ekyeyongera n’ekigendererwa ky’okwawula ebintu ebiri mu mugatte, kubera nti **entropy** ekyeyongera ku kiyinza mu **kwegereza obwongo obw’okwawula**.  

**Kuwekereza ku mirimu egiddwa wano:**  
- **Option A** ekyeyongera n’ekigendererwa ky’ekibiina ku **lugendo lwa kisiyansi (second law)**, kubera nti **entropy kiyamba** mu **kwegereza**. Kino ekyeyongera n’ekigendererwa ky’okwawula ebintu ebiri mu mugatte, kubera nti **entropy** ekyeyongera ku kiyinza mu **kwegereza obwongo obw’okwawula**.  

**Kuwekereza ku mirimu egiddwa wano:**  
- **Option A** ekyeyongera n’ekigendererwa ky’ekibiina ku **lugendo lwa kisiyansi (second law)**, kubera nti **entropy kiyamba** mu **kwegereza**. Kino ekyeyongera n’ekigendererwa ky’okwawula ebintu ebiri mu mugatte, kubera nti **entropy** ekyeyongera ku kiyinza mu **kwegereza obwongo obw’okwawula**.  

**Kuwekereza ku mirimu egiddwa wano:**  
- **Option A** ekyeyongera n’ekigendererwa ky’ekibiina ku **lugendo lwa kisiyansi (second law)**, kubera nti **entropy kiyamba** mu **kwegereza**. Kino ekyeyongera n’ekigendererwa ky’okwawula ebintu ebiri mu mugatte, kubera nti **entropy** ekyeyongera ku kiyinza mu **kwegereza obwongo obw’okwawula**.  

**Kuwekereza ku mirimu egiddwa wano:**  
- **Option A** ekyeyongera n’ekigendererwa ky’ekibiina ku **lugendo lwa kisiyansi (second law)**, kubera nti **entropy kiyamba** mu **kwegereza**. Kino ekyeyongera n’ekigendererwa ky’okwawula ebintu ebiri mu mugatte, kubera nti **entropy** ekyeyongera ku kiyinza mu **kwegereza obwongo obw’okwawula**.  

**Kuwekereza ku mirimu egiddwa wano:**  
- **Option A** ekyeyongera n’ekigendererwa ky’ekibiina ku **lugendo lwa kisiyansi (second law)**, kubera nti **entropy kiyamba** mu **kwegereza**. Kino ekyeyongera n’ekigendererwa ky’okwawula ebintu ebiri mu mugatte, kubera nti **entropy** ekyeyongera ku kiyinza mu **kwegereza obwongo obw’okwawula**.  

**Kuwekereza ku mirimu egiddwa wano:**  
- **Option A** ekyeyongera n’ekigendererwa ky’ekibiina ku **lugendo lwa kisiyansi (second law)**, kubera nti **entropy kiyamba** mu **kwegereza**. Kino ekyeyongera n’ekigendererwa ky’okwawula ebintu ebiri mu mugatte, kubera nti **entropy** ekyeyongera ku kiyinza mu **kwegereza obwongo obw’okwawula**.  

**Kuwekereza ku mirimu egiddwa wano:**  
- **Option A** ekyeyongera n’ekigendererwa ky’ekibiina ku **lugendo lwa kisiyansi (second law)**, kubera nti **entropy kiyamba** mu **kwegereza**. Kino ekyeyongera n’ekigendererwa ky’okwawula ebintu ebiri mu mugatte, kubera nti **entropy** ekyeyongera ku kiyinza mu **kwegereza obwongo obw’okwawula**.  

**Kuwekereza ku mirimu egiddwa wano:**  
- **Option A** ekyeyongera n’ekigendererwa ky’ekibiina ku **lugendo lwa kisiyansi (second law)**, kubera nti **entropy kiyamba** mu **kwegereza**. Kino ekyeyongera n’ekigendererwa ky’okwawula ebintu ebiri mu mugatte, kubera nti **entropy** ekyeyongera ku kiyinza mu **kwegereza obwongo obw’okwawula**.  

**Kuwekereza ku mirimu egiddwa wano:**  
- **Option A** ekyeyongera n’ekigendererwa ky’ekibiina ku **lugendo lwa kisiyansi (second law)**, kubera nti **entropy kiyamba** mu **kwegereza**. Kino ekyeyongera n’ekigendererwa ky’okwawula ebintu ebiri mu mugatte, kubera nti **entropy** ekyeyongera ku kiyinza mu **kwegereza obwongo obw’okwawula**.  

**Kuwekereza ku mirimu egiddwa wano:**  
- **Option A** ekyeyongera n’ekigendererwa ky’ekibiina ku **lugendo lwa kisiyansi (second law)**, kubera nti **entropy kiyamba** mu **kwegereza**. Kino ekyeyongera n’ekigendererwa ky’okwawula ebintu ebiri mu mugatte, kubera nti **entropy** ekyeyongera ku kiyinza mu **kwegereza obwongo obw’okwawula**.  

**Kuwekereza ku mirimu egiddwa wano:**  
- **Option A** ekyeyongera n’ekigendererwa ky’ekibiina ku **lugendo lwa kisiyansi (second law)**, kubera nti **entropy kiyamba** mu **kwegereza**. Kino ekyeyongera n’ekigendererwa ky’okwawula ebintu ebiri mu mugatte, kubera nti **entropy** ekyeyongera ku kiyinza mu **kwegereza obwongo obw’okwawula**.  

**Kuwekereza ku mirimu egiddwa wano:**  
- **Option A** ekyeyongera n’ekigendererwa ky’ekibiina ku **lugendo lwa kisiyansi (second law)**, kubera nti **entropy kiyamba** mu **kwegereza**. Kino ekyeyongera n’ekigendererwa ky’okwawula ebintu ebiri mu mugatte, kubera nti **entropy** ekyeyongera ku kiyinza mu **kwegereza obwongo obw’okwawula**.  

**Kuwekereza ku mirimu egiddwa wano:**  
- **Option A** ekyeyongera n’ekigendererwa ky’ekibiina ku **lugendo lwa kisiyansi (second law",True,34.89241339999717,5810,4000,1453
C,"**Correct Answer: D. Mu biseera by’okuzannya obwereere mu luggya, Soledad akuba ensigo mu ngalo ze nagamba: “Nneneenya”**

---

### **Explanation in English:**

The question asks which scenario best illustrates the lesson of **respecting elders and the community**, as emphasized in the context provided. The key to answering this lies in analyzing how each option connects to the values of **community, respect, and discipline**.

1. **Option A (Santiago in the desert):**  
   While Santiago’s journey in ""The Alchemist"" involves perseverance and self-discovery, this scenario is more about **personal growth** than community or respect for elders. It doesn’t directly align with the lesson in the context.

2. **Option B (Pablo being scolded):**  
   Pablo’s father scolding him (""Laba, Pablo!"") suggests **parental discipline**, but the phrase ""Laba"" (Come here) is vague. It lacks a clear connection to the broader theme of **community respect** or **elders**.

3. **Option C (María fishing in the river):**  
   María using a net to catch fish might symbolize **hard work or resourcefulness**, but it doesn’t explicitly tie to the lesson of respecting elders or the community. The focus here is on survival or skill, not social values.

4. **Option D (Soledad in the fields):**  
   Soledad’s act of working in the fields and saying **“Nneneenya”** (a local phrase meaning ""Let’s work together"" or ""Community effort"") directly reflects the **value of collective responsibility and respect for communal labor**. This aligns perfectly with the context’s emphasis on teaching children to **honor elders and contribute to the community**.

---

### **Why D is Correct:**
- **“Nneneenya”** is a cultural expression in Uganda that emphasizes **unity and respect for communal efforts**, which ties directly to the lesson of respecting elders and the community.
- The scenario in D shows **active participation in community work** (farming) and the use of a phrase that reinforces **social harmony**, making it the best fit for the context provided.

The other options focus on individual actions or vague discipline, while **D explicitly connects to the cultural and social values highlighted in the question**.",True,28.179915499989875,2923,1051,633
C,"**Jawabo: A. Gerageranya obusobozesi bw’ebintu ebya polaa ne bitari bya polaa okusaanuuka mu bika by’ebisaanuuzo eby’enjawulo.**

**Ekkwata:**
- **Amazzi (H₂O)**, **NaCl (salt)**, **essukaali (sugar)**, **bicarbonate (NaHCO₃)**, **wine** (enjawulo ya amazzi n’alcohol) **sinddi ebya polaa**. Bino **bimyuse mu amazzi** (ebisaanuuzo ya polaa) kubanga balema obusobozi oba obusobozesi oba obusobozesi oba obusobozesi oba obusobozesi oba obusobozesi oba obusobozesi oba obusobozesi oba obusobozesi oba obusobozesi oba obusobozesi oba obusobozesi oba obusobozesi oba obusobozesi oba obusobozesi oba obusobozesi oba obusobozesi oba obusobozesi oba obusobozesi oba obusobozesi oba obusobozesi oba obusobozesi oba obusobozesi oba obusobozesi oba obusobozesi oba obusobozesi oba obusobozesi oba obusobozesi oba obusobozesi oba obusobozesi oba obusobozesi oba obusobozesi oba obusobozesi oba obusobozesi oba obusobozesi oba obusobozesi oba obusobozesi oba obusobozesi oba obusobozesi oba obusobozesi oba obusobozesi oba obusobozesi oba obusobozesi oba obusobozesi oba obusobozesi oba obusobozesi oba obusobozesi oba obusobozesi oba obusobozesi oba obusobozesi oba obusobozesi oba obusobozesi oba obusobozesi oba obusobozesi oba obusobozesi oba obusobozesi oba obusobozesi oba obusobozesi oba obusobozesi oba obusobozesi oba obusobozesi oba obusobozesi oba obusobozesi oba obusobozesi oba obusobozesi oba obusobozesi oba obusobozesi oba obusobozesi oba obusobozesi oba obusobozesi oba obusobozesi oba obusobozesi oba obusobozesi oba obusobozesi oba obusobozesi oba obusobozesi oba obusobozesi oba obusobozesi oba obusobozesi oba obusobozesi oba obusobozesi oba obusobozesi oba obusobozesi oba obusobozesi oba obusobozesi oba obusobozesi oba obusobozesi oba obusobozesi oba obusobozesi oba obusobozesi oba obusobozesi oba obusobozesi oba obusobozesi oba obusobozesi oba obusobozesi oba obusobozesi oba obusobozesi oba obusobozesi oba obusobozesi oba obusobozesi oba obusobozesi oba obusobozesi oba obusobozesi oba obusobozesi oba obusobozesi oba obusobozesi oba obusobozesi oba obusobozesi oba obusobozesi oba obusobozesi oba obusobozesi oba obusobozesi oba obusobozesi oba obusobozesi oba obusobozesi oba obusobozesi oba obusobozesi oba obusobozesi oba obusobozesi oba obusobozesi oba obusobozesi oba obusobozesi oba obusobozesi oba obusobozesi oba obusobozesi oba obusobozesi oba obusobozesi oba obusobozesi oba obusobozesi oba obusobozesi oba obusobozesi oba obusobozesi oba obusobozesi oba obusobozesi oba obusobozesi oba obusobozesi oba obusobozesi oba obusobozesi oba obusobozesi oba obusobozesi oba obusobozesi oba obusobozesi oba obusobozesi oba obusobozesi oba obusobozesi oba obusobozesi oba obusobozesi oba obusobozesi oba obusobozesi oba obusobozesi oba obusobozesi oba obusobozesi oba obusobozesi oba obusobozesi oba obusobozesi oba obusobozesi oba obusobozesi oba obusobozesi oba obusobozesi oba obusobozesi oba obusobozesi oba obusobozesi oba obusobozesi oba obusobozesi oba obusobozesi oba obusobozesi oba obusobozesi oba obusobozesi oba obusobozesi oba obusobozesi oba obusobozesi oba obusobozesi oba obusobozesi oba obusobozesi oba obusobozesi oba obusobozesi oba obusobozesi oba obusobozesi oba obusobozesi oba obusobozesi oba obusobozesi oba obusobozesi oba obusobozesi oba obusobozesi oba obusobozesi oba obusobozesi oba obusobozesi oba obusobozesi oba obusobozesi oba obusobozesi oba obusobozesi oba obusobozesi oba obusobozesi oba obusobozesi oba obusobozesi oba obusobozesi oba obusobozesi oba obusobozesi oba obusobozesi oba obusobozesi oba obusobozesi oba obusobozesi oba obusobozesi oba obusobozesi oba obusobozesi oba obusobozesi oba obusobozesi oba obusobozesi oba obusobozesi oba obusobozesi oba obusobozesi oba obusobozesi oba obusobozesi oba obusobozesi oba obusobozesi oba obusobozesi oba obusobozesi oba obusobozesi oba obusobozesi oba obusobozesi oba obusobozesi oba obusobozesi oba obusobozesi oba obusobozesi oba obusobozesi oba obusobozesi oba obusobozesi oba obusobozesi oba obusobozesi oba obusobozesi oba obusobozesi oba obusobozesi oba obusobozesi oba obusobozesi oba obusobozesi oba obusobozesi oba obusobozesi oba obusobozesi oba obusobozesi oba obusobozesi oba obusobozesi oba obusobozesi oba obusobozesi oba obusobozesi oba obusobozesi oba obusobozesi oba obusobozesi oba obusobozesi oba obusobozesi oba obusobozesi oba obusobozesi oba obusobozesi oba obusobozesi oba obusobozesi oba obusobozesi oba obusobozesi oba obusobozesi oba obusobozesi oba obusobozesi oba obusobozesi oba obusobozesi oba obusobozesi oba obusobozesi oba obusobozesi oba obusobozesi oba obusobozesi oba obusobozesi oba obusobozesi oba obusobozesi oba obusobozesi oba obusobozesi oba obusobozesi oba obusobozesi oba obusobozesi oba obusobozesi oba obusobozesi oba obusobozesi oba obusobozesi oba obusobozesi oba obusobozesi oba obusobozesi oba obusobozesi oba obusobozesi oba obusobozesi oba obusobozesi oba obusobozesi oba obusobozesi oba obusobozesi oba obusobozesi oba obusobozesi oba obusobozesi oba obusobozesi oba obusobozesi oba obusobozesi oba obusobozesi oba obusobozesi oba obusobozesi oba obusobozesi oba obusobozesi oba obusobozesi oba obusobozesi oba obusobozesi oba obusobozesi oba obusobozesi oba obusobozesi oba obusobozesi oba obusobozesi oba obusobozesi oba obusobozesi oba obusobozesi oba obusobozesi oba obusobozesi oba obusobozesi oba obusobozesi oba obusobozesi oba obusobozesi oba obusobozesi oba obusobozesi oba obusobozesi oba obusobozesi oba obusobozesi oba obusobozesi oba obusobozesi oba obusobozesi oba obusobozesi oba obusobozesi oba obusobozesi oba obusobozesi oba obusobozesi oba obusobozesi oba obusobozesi oba obusobozesi oba obusobozesi oba obusobozesi oba obusobozesi oba obusobozesi oba obusobozesi oba obusobozesi oba obusobozesi oba obusobozesi oba obusobozesi oba obusobozesi oba obusobozesi oba obusobozesi oba obusobozesi oba obusobozesi oba obusobozesi oba obusobozesi oba obusobozesi oba obusobozesi oba obusobozesi oba obusobozesi oba obusobozesi oba obusobozesi oba obusobozesi oba obusobozesi oba obusobozesi oba obusobozesi oba obusobozesi oba obusobozesi oba obusobozesi oba obusobozesi oba obusobozesi oba obusobozesi oba obusobozesi oba obusobozesi oba obusobozesi oba obusobozesi oba obusobozesi oba obusobozesi oba obusobozesi oba obusobozesi oba obusobozesi oba obusobozesi oba obusobozesi oba obusobozesi oba obusobozesi oba obusobozesi oba obusobozesi oba obusobozesi oba obusobozesi oba obusobozesi oba obusobozesi oba obusobozesi oba obusobozesi oba obusobozesi oba obusobozesi oba obusobozesi oba obusobozesi oba obusobozesi oba obusobozesi oba obusobozesi oba obusobozesi oba obusobozesi oba obusobozesi oba obusobozesi oba obusobozesi oba obusobozesi oba obusobozesi oba obusobozesi oba obusobozesi oba obusobozesi oba obusobozesi oba obusobozesi oba obusobozesi oba obusobozesi oba obusobozesi oba obusobozesi oba obusobozesi oba obusobozesi oba obusobozesi oba obusobozesi oba obusobozesi oba obusobozesi oba obusobozesi oba obusobozesi oba obusobozesi oba obusobozesi oba obusobozesi oba obusobozesi oba obusobozesi oba obusobozesi oba obusobozesi oba obusobozesi oba obusobozesi oba obusobozesi oba obusobozesi oba obusobozesi oba obusobozesi oba obusobozesi oba obusobozesi oba obusobozesi oba obusobozesi oba obusobozesi oba obusobozesi oba obusobozesi oba obusobozesi oba obusobozesi oba obusobozesi oba obusobozesi oba obusobozesi oba obusobozesi oba obusobozesi oba obusobozesi oba obusobozesi oba obusobozesi oba obusobozesi oba obusobozesi oba obusobozesi oba obusobozesi oba obusobozesi oba obusobozesi oba obusobozesi oba obusobozesi oba obusobozesi oba obusobozesi oba obusobozesi oba obusobozesi oba obusobozesi oba obusobozesi oba obusobozesi oba obusobozesi oba obusobozesi oba obusobozesi oba obusobozesi oba obusobozesi oba",True,99.95398660001229,5992,4000,641
D,"**D. Baagaliza abayizi okukola enteekateeka y'okugezesa okuzuula obukakafu bw'engeri z'enkolagana wakati w'obuziba.**

### **Ekyo Ekyeyitwa:**
Ku kiseera ky’ekibiina, omusomesa ow’ekiyigirizwamu **nkola za kemiko** (chemical reactions) ayagala okukozesa **simulations** (nteekateeka y’okugezesa) mu kuzuula obukakafu **bw’engeri z’enkolagana wakati w’obuziba**. Ekyo ekyeyitwa kubanga simulations:

1. **Ezikozesebwa obukakafu oba obuziba oba obusobozi** (dynamic visualization):  
   - Bateekawo obukakafu oba obuziba oba obusobozi oba obusobozi oba obusobozi oba obusobozi oba obusobozi oba obusobozi oba obusobozi oba obusobozi oba obusobozi oba obusobozi oba obusobozi oba obusobozi oba obusobozi oba obusobozi oba obusobozi oba obusobozi oba obusobozi oba obusobozi oba obusobozi oba obusobozi oba obusobozi oba obusobozi oba obusobozi oba obusobozi oba obusobozi oba obusobozi oba obusobozi oba obusobozi oba obusobozi oba obusobozi oba obusobozi oba obusobozi oba obusobozi oba obusobozi oba obusobozi oba obusobozi oba obusobozi oba obusobozi oba obusobozi oba obusobozi oba obusobozi oba obusobozi oba obusobozi oba obusobozi oba obusobozi oba obusobozi oba obusobozi oba obusobozi oba obusobozi oba obusobozi oba obusobozi oba obusobozi oba obusobozi oba obusobozi oba obusobozi oba obusobozi oba obusobozi oba obusobozi oba obusobozi oba obusobozi oba obusobozi oba obusobozi oba obusobozi oba obusobozi oba obusobozi oba obusobozi oba obusobozi oba obusobozi oba obusobozi oba obusobozi oba obusobozi oba obusobozi oba obusobozi oba obusobozi oba obusobozi oba obusobozi oba obusobozi oba obusobozi oba obusobozi oba obusobozi oba obusobozi oba obusobozi oba obusobozi oba obusobozi oba obusobozi oba obusobozi oba obusobozi oba obusobozi oba obusobozi oba obusobozi oba obusobozi oba obusobozi oba obusobozi oba obusobozi oba obusobozi oba obusobozi oba obusobozi oba obusobozi oba obusobozi oba obusobozi oba obusobozi oba obusobozi oba obusobozi oba obusobozi oba obusobozi oba obusobozi oba obusobozi oba obusobozi oba obusobozi oba obusobozi oba obusobozi oba obusobozi oba obusobozi oba obusobozi oba obusobozi oba obusobozi oba obusobozi oba obusobozi oba obusobozi oba obusobozi oba obusobozi oba obusobozi oba obusobozi oba obusobozi oba obusobozi oba obusobozi oba obusobozi oba obusobozi oba obusobozi oba obusobozi oba obusobozi oba obusobozi oba obusobozi oba obusobozi oba obusobozi oba obusobozi oba obusobozi oba obusobozi oba obusobozi oba obusobozi oba obusobozi oba obusobozi oba obusobozi oba obusobozi oba obusobozi oba obusobozi oba obusobozi oba obusobozi oba obusobozi oba obusobozi oba obusobozi oba obusobozi oba obusobozi oba obusobozi oba obusobozi oba obusobozi oba obusobozi oba obusobozi oba obusobozi oba obusobozi oba obusobozi oba obusobozi oba obusobozi oba obusobozi oba obusobozi oba obusobozi oba obusobozi oba obusobozi oba obusobozi oba obusobozi oba obusobozi oba obusobozi oba obusobozi oba obusobozi oba obusobozi oba obusobozi oba obusobozi oba obusobozi oba obusobozi oba obusobozi oba obusobozi oba obusobozi oba obusobozi oba obusobozi oba obusobozi oba obusobozi oba obusobozi oba obusobozi oba obusobozi oba obusobozi oba obusobozi oba obusobozi oba obusobozi oba obusobozi oba obusobozi oba obusobozi oba obusobozi oba obusobozi oba obusobozi oba obusobozi oba obusobozi oba obusobozi oba obusobozi oba obusobozi oba obusobozi oba obusobozi oba obusobozi oba obusobozi oba obusobozi oba obusobozi oba obusobozi oba obusobozi oba obusobozi oba obusobozi oba obusobozi oba obusobozi oba obusobozi oba obusobozi oba obusobozi oba obusobozi oba obusobozi oba obusobozi oba obusobozi oba obusobozi oba obusobozi oba obusobozi oba obusobozi oba obusobozi oba obusobozi oba obusobozi oba obusobozi oba obusobozi oba obusobozi oba obusobozi oba obusobozi oba obusobozi oba obusobozi oba obusobozi oba obusobozi oba obusobozi oba obusobozi oba obusobozi oba obusobozi oba obusobozi oba obusobozi oba obusobozi oba obusobozi oba obusobozi oba obusobozi oba obusobozi oba obusobozi oba obusobozi oba obusobozi oba obusobozi oba obusobozi oba obusobozi oba obusobozi oba obusobozi oba obusobozi oba obusobozi oba obusobozi oba obusobozi oba obusobozi oba obusobozi oba obusobozi oba obusobozi oba obusobozi oba obusobozi oba obusobozi oba obusobozi oba obusobozi oba obusobozi oba obusobozi oba obusobozi oba obusobozi oba obusobozi oba obusobozi oba obusobozi oba obusobozi oba obusobozi oba obusobozi oba obusobozi oba obusobozi oba obusobozi oba obusobozi oba obusobozi oba obusobozi oba obusobozi oba obusobozi oba obusobozi oba obusobozi oba obusobozi oba obusobozi oba obusobozi oba obusobozi oba obusobozi oba obusobozi oba obusobozi oba obusobozi oba obusobozi oba obusobozi oba obusobozi oba obusobozi oba obusobozi oba obusobozi oba obusobozi oba obusobozi oba obusobozi oba obusobozi oba obusobozi oba obusobozi oba obusobozi oba obusobozi oba obusobozi oba obusobozi oba obusobozi oba obusobozi oba obusobozi oba obusobozi oba obusobozi oba obusobozi oba obusobozi oba obusobozi oba obusobozi oba obusobozi oba obusobozi oba obusobozi oba obusobozi oba obusobozi oba obusobozi oba obusobozi oba obusobozi oba obusobozi oba obusobozi oba obusobozi oba obusobozi oba obusobozi oba obusobozi oba obusobozi oba obusobozi oba obusobozi oba obusobozi oba obusobozi oba obusobozi oba obusobozi oba obusobozi oba obusobozi oba obusobozi oba obusobozi oba obusobozi oba obusobozi oba obusobozi oba obusobozi oba obusobozi oba obusobozi oba obusobozi oba obusobozi oba obusobozi oba obusobozi oba obusobozi oba obusobozi oba obusobozi oba obusobozi oba obusobozi oba obusobozi oba obusobozi oba obusobozi oba obusobozi oba obusobozi oba obusobozi oba obusobozi oba obusobozi oba obusobozi oba obusobozi oba obusobozi oba obusobozi oba obusobozi oba obusobozi oba obusobozi oba obusobozi oba obusobozi oba obusobozi oba obusobozi oba obusobozi oba obusobozi oba obusobozi oba obusobozi oba obusobozi oba obusobozi oba obusobozi oba obusobozi oba obusobozi oba obusobozi oba obusobozi oba obusobozi oba obusobozi oba obusobozi oba obusobozi oba obusobozi oba obusobozi oba obusobozi oba obusobozi oba obusobozi oba obusobozi oba obusobozi oba obusobozi oba obusobozi oba obusobozi oba obusobozi oba obusobozi oba obusobozi oba obusobozi oba obusobozi oba obusobozi oba obusobozi oba obusobozi oba obusobozi oba obusobozi oba obusobozi oba obusobozi oba obusobozi oba obusobozi oba obusobozi oba obusobozi oba obusobozi oba obusobozi oba obusobozi oba obusobozi oba obusobozi oba obusobozi oba obusobozi oba obusobozi oba obusobozi oba obusobozi oba obusobozi oba obusobozi oba obusobozi oba obusobozi oba obusobozi oba obusobozi oba obusobozi oba obusobozi oba obusobozi oba obusobozi oba obusobozi oba obusobozi oba obusobozi oba obusobozi oba obusobozi oba obusobozi oba obusobozi oba obusobozi oba obusobozi oba obusobozi oba obusobozi oba obusobozi oba obusobozi oba obusobozi oba obusobozi oba obusobozi oba obusobozi oba obusobozi oba obusobozi oba obusobozi oba obusobozi oba obusobozi oba obusobozi oba obusobozi oba obusobozi oba obusobozi oba obusobozi oba obusobozi oba obusobozi oba obusobozi oba obusobozi oba obusobozi oba obusobozi oba obusobozi oba obusobozi oba obusobozi oba obusobozi oba obusobozi oba obusobozi oba obusobozi oba obusobozi oba obusobozi oba obusobozi oba obusobozi oba obusobozi oba obusobozi oba obusobozi oba obusobozi oba obusobozi oba obusobozi oba obusobozi oba obusobozi oba obusobozi oba obusobozi oba obusobozi oba obusobozi oba obusobozi oba obusobozi oba obusobozi oba obusobozi oba obusobozi oba obusobozi oba obusobozi oba obusobozi oba obusobozi oba obusobozi oba obusobozi oba obusobozi oba obusobozi oba obusobozi oba obusobozi oba obusobozi oba obusobozi oba obusobozi oba obusobozi oba obusobozi oba obusobozi oba obusobozi oba obusobozi oba obusobozi oba obusobozi oba obusobozi oba obusobozi oba obusobozi oba obusobozi oba obusobozi oba obusobozi oba obusobozi oba obusobozi oba obusobozi oba obusobozi oba obusobozi oba obusobozi oba obusobozi oba obusobozi oba obusobozi oba obusobozi oba obusobozi oba obusobozi oba obusobozi oba obusobozi oba obusobozi oba obusobozi oba obusobozi oba obusobozi oba obusobozi oba obusobozi oba obusobozi oba obusobozi oba obusobozi oba obusobozi oba obusobozi oba obusobozi oba obusobozi oba obusobozi oba obusobozi oba obusobozi oba obusobozi oba obusobozi oba obusobozi oba obusobozi oba obusobozi oba obusobozi oba obusobozi oba obusobozi oba obusobozi oba obusobozi oba obusobozi oba obusobozi oba obusobozi oba obusobozi oba obusobozi",True,117.8198354000051,5910,4000,444
B,"**Ekibuuzo kye kikubiriza abayizi okukozesa obusobozi bwabwe okwawula ensolo ez’enjawulo**  
**Kiki ekikubiriza abayizi okukozesa obusobozi bwabwe okwawula ensolo?**  

**Kasooka ku kikola kye kisooka (Option B):**  
**""Gattika ebifaananyi by'ensolo okusinziira ku kika ky'ekibikka omubiri gwazo.""**  

**Kasooka:**  
- **""Gattika ebifaananyi by'ensolo""** (Investigate the characteristics of natural phenomena): Ekyo ekituufu ku **okusomesa ku nsolo ez’enjawulo** (natural phenomena) n’okusinziira ku **ekibikka omubiri** (scientific method).  
- **""Kusinziira ku kika ky'ekibikka omubiri gwazo""** (By using the scientific method of the lesson): Ekyo ekituufu ku **okusinziira ku tekiniki ez’okwawula** (applying the techniques learned) mu **ekibikka omubiri** (scientific method), ekikubiriza **okusomesa ku ngeri ez’enjawulo** (observing natural events) n’okusinziira ku **ekibikka omubiri** (scientific method) mu kunoonyereza.  

**Ku kiseera kye kikubiriza:**  
- **Option B** ekituufu ku **okusomesa ku nsolo ez’enjawulo** (investigating natural phenomena) n’okusinziira ku **tekiniki ez’okwawula** (techniques of investigation) mu **ekibikka omubiri** (scientific method).  
- Ekyo ekituufu ku **okusomesa ku ngeri ez’enjawulo** (observing natural events) n’okusinziira ku **ekibikka omubiri** (scientific method) mu kunoonyereza, ekikubiriza **okusomesa ku ngeri ez’enjawulo** (natural phenomena) n’okusinziira ku **tekiniki ez’okwawula** (techniques of investigation) mu **ekibikka omubiri** (scientific method).  

**Ku kiseera kye kikubiriza abayizi okukozesa obusobozi bwabwe:**  
- **Option B** ekituufu ku **okusomesa ku ngeri ez’enjawulo** (natural phenomena) n’okusinziira ku **tekiniki ez’okwawula** (techniques of investigation) mu **ekibikka omubiri** (scientific method).  
- Ekyo ekituufu ku **okusomesa ku ngeri ez’enjawulo** (natural phenomena) n’okusinziira ku **tekiniki ez’okwawula** (techniques of investigation) mu **ekibikka omubiri** (scientific method), ekikubiriza **okusomesa ku ngeri ez’enjawulo** (natural phenomena) n’okusinziira ku **tekiniki ez’okwawula** (techniques of investigation) mu **ekibikka omubiri** (scientific method).  

**Kasooka ku kiseera kye kikubiriza abayizi okukozesa obusobozi bwabwe:**  
- **Option B** ekituufu ku **okusomesa ku ngeri ez’enjawulo** (natural phenomena) n’okusinziira ku **tekiniki ez’okwawula** (techniques of investigation) mu **ekibikka omubiri** (scientific method).  
- Ekyo ekituufu ku **okusomesa ku ngeri ez’enjawulo** (natural phenomena) n’okusinziira ku **tekiniki ez’okwawula** (techniques of investigation) mu **ekibikka omubiri** (scientific method), ekikubiriza **okusomesa ku ngeri ez’enjawulo** (natural phenomena) n’okusinziira ku **tekiniki ez’okwawula** (techniques of investigation) mu **ekibikka omubiri** (scientific method).  

**Kasooka ku kiseera kye kikubiriza abayizi okukozesa obusobozi bwabwe:**  
- **Option B** ekituufu ku **okusomesa ku ngeri ez’enjawulo** (natural phenomena) n’okusinziira ku **tekiniki ez’okwawula** (techniques of investigation) mu **ekibikka omubiri** (scientific method).  
- Ekyo ekituufu ku **okusomesa ku ngeri ez’enjawulo** (natural phenomena) n’okusinziira ku **tekiniki ez’okwawula** (techniques of investigation) mu **ekibikka omubiri** (scientific method), ekikubiriza **okusomesa ku ngeri ez’enjawulo** (natural phenomena) n’okusinziira ku **tekiniki ez’okwawula** (techniques of investigation) mu **ekibikka omubiri** (scientific method).  

**Kasooka ku kiseera kye kikubiriza abayizi okukozesa obusobozi bwabwe:**  
- **Option B** ekituufu ku **okusomesa ku ngeri ez’enjawulo** (natural phenomena) n’okusinziira ku **tekiniki ez’okwawula** (techniques of investigation) mu **ekibikka omubiri** (scientific method).  
- Ekyo ekituufu ku **okusomesa ku ngeri ez’enjawulo** (natural phenomena) n’okusinziira ku **tekiniki ez’okwawula** (techniques of investigation) mu **ekibikka omubiri** (scientific method), ekikubiriza **okusomesa ku ngeri ez’enjawulo** (natural phenomena) n’okusinziira ku **tekiniki ez’okwawula** (techniques of investigation) mu **ekibikka omubiri** (scientific method).  

**Kasooka ku kiseera kye kikubiriza abayizi okukozesa obusobozi bwabwe:**  
- **Option B** ekituufu ku **okusomesa ku ngeri ez’enjawulo** (natural phenomena) n’okusinziira ku **tekiniki ez’okwawula** (techniques of investigation) mu **ekibikka omubiri** (scientific method).  
- Ekyo ekituufu ku **okusomesa ku ngeri ez’enjawulo** (natural phenomena) n’okusinziira ku **tekiniki ez’okwawula** (techniques of investigation) mu **ekibikka omubiri** (scientific method), ekikubiriza **okusomesa ku ngeri ez’enjawulo** (natural phenomena) n’okusinziira ku **tekiniki ez’okwawula** (techniques of investigation) mu **ekibikka omubiri** (scientific method).  

**Kasooka ku kiseera kye kikubiriza abayizi okukozesa obusobozi bwabwe:**  
- **Option B** ekituufu ku **okusomesa ku ngeri ez’enjawulo** (natural phenomena) n’okusinziira ku **tekiniki ez’okwawula** (techniques of investigation) mu **ekibikka omubiri** (scientific method).  
- Ekyo ekituufu ku **okusomesa ku ngeri ez’enjawulo** (natural phenomena) n’okusinziira ku **tekiniki ez’okwawula** (techniques of investigation) mu **ekibikka omubiri** (scientific method), ekikubiriza **okusomesa ku ngeri ez’enjawulo** (natural phenomena) n’okusinziira ku **tekiniki ez’okwawula** (techniques of investigation) mu **ekibikka omubiri** (scientific method).  

**Kasooka ku kiseera kye kikubiriza abayizi okukozesa obusobozi bwabwe:**  
- **Option B** ekituufu ku **okusomesa ku ngeri ez’enjawulo** (natural phenomena) n’okusinziira ku **tekiniki ez’okwawula** (techniques of investigation) mu **ekibikka omubiri** (scientific method).  
- Ekyo ekituufu ku **okusomesa ku ngeri ez’enjawulo** (natural phenomena) n’okusinziira ku **tekiniki ez’okwawula** (techniques of investigation) mu **ekibikka omubiri** (scientific method), ekikubiriza **okusomesa ku ngeri ez’enjawulo** (natural phenomena) n’okusinziira ku **tekiniki ez’okwawula** (techniques of investigation) mu **ekibikka omubiri** (scientific method).  

**Kasooka ku kiseera kye kikubiriza abayizi okukozesa obusobozi bwabwe:**  
- **Option B** ekituufu ku **okusomesa ku ngeri ez’enjawulo** (natural phenomena) n’okusinziira ku **tekiniki ez’okwawula** (techniques of investigation) mu **ekibikka omubiri** (scientific method).  
- Ekyo ekituufu ku **okusomesa ku ngeri ez’enjawulo** (natural phenomena) n’okusinziira ku **tekiniki ez’okwawula** (techniques of investigation) mu **ekibikka omubiri** (scientific method), ekikubiriza **okusomesa ku ngeri ez’enjawulo** (natural phenomena) n’okusinziira ku **tekiniki ez’okwawula** (techniques of investigation) mu **ekibikka omubiri** (scientific method).  

**Kasooka ku kiseera kye kikubiriza abayizi okukozesa obusobozi bwabwe:**  
- **Option B** ekituufu ku **okusomesa ku ngeri ez’enjawulo** (natural phenomena) n’okusinziira ku **tekiniki ez’okwawula** (techniques of investigation) mu **ekibikka omubiri** (scientific method).  
- Ekyo ekituufu ku **okusomesa ku ngeri ez’enjawulo** (natural phenomena) n’okusinziira ku **tekiniki ez’okwawula** (techniques of investigation) mu **ekibikka omubiri** (scientific method), ekikubiriza **okusomesa ku ngeri ez’enjawulo** (natural phenomena) n’okusinziira ku **tekiniki ez’okwawula** (techniques of investigation) mu **ekibikka omubiri** (scientific method).  

**Kasooka ku kiseera kye kikubiriza abayizi okukozesa obusobozi bwabwe:**  
- **Option B** ekituufu ku **okusomesa ku ngeri ez’enjawulo** (natural phenomena) n’okusinziira ku **tekiniki ez’okwawula** (techniques of investigation) mu **ekibikka omubiri** (scientific method).  
- Ekyo ekituufu ku **okusomesa ku ngeri ez’enjawulo** (natural phenomena) n’okusinziira ku **tekiniki ez’okwawula** (techniques of investigation) mu **ekibikka omubiri** (scientific method), ekikubiriza **okusomesa ku ngeri ez’enjawulo** (natural phenomena) n’okusinziira ku **tekiniki ez’okwawula** (techniques of investigation) mu **ekibikka omubiri** (scientific method).  

**Kasooka ku kiseera kye kikubiriza abayizi okukozesa obusobozi bwabwe:**  
- **Option B** ekituufu ku **okusomesa ku ngeri ez’enjawulo** (natural phenomena) n’okusinziira ku **tekiniki ez’okwawula** (techniques of investigation) mu **ekibikka omubiri** (scientific method).  
- Ekyo ekituufu ku **okusomesa ku ngeri ez’enjawulo** (natural phenomena) n’okusinziira ku **tekiniki ez’okwawula** (techniques of investigation) mu **ekibikka omubiri** (scientific method), ekikubiriza **okusomesa ku ngeri ez’enjawulo** (natural phenomena) n’okusinziira ku **tekiniki ez’okwawula** (techniques of investigation) mu **ekibikka omubiri** (scientific method).  

**Kasooka ku kiseera kye kikubiriza abayizi okukozesa obusobozi bwabwe:**  
- **Option B** ekituufu ku **okusomesa ku ngeri ez’enjawulo** (natural phenomena) n’okusinziira ku **tekiniki ez’okwawula** (techniques of investigation) mu **ekibikka omubiri** (scientific method).  
- Ekyo ekituufu ku **okusomesa ku ngeri ez’enjawulo** (natural phenomena) n’okusinziira ku **tekiniki ez’okwawula** (techniques of investigation) mu **ekibikka omubiri** (scientific method), ekikubiriza **okusomesa ku ngeri ez’enjawulo** (natural phenomena) n’okusinziira ku **tekiniki ez’okwawula** (techniques of investigation) mu **ekibikka omubiri**",True,109.10626570001477,5837,4000,911
C,"**Ekibuuzo ekituufu (D):**  
*""Koma ddala ku nukuta.""*  

Kino ekiyinza **okusinziira ku nukuta** (okusinziira ku mato gwa kyanulo), kati ya kiswahili, kino ekiyinza **okusinziira ku mato gwa kyanulo**.  

**Ku nukuta** ekiyinza **okusinziira ku mato gwa kyanulo**, kati ya kiswahili, kino ekiyinza **okusinziira ku mato gwa kyanulo**.  

**Koma ddala** ekiyinza **okusinziira ku mato gwa kyanulo**.  

### **Kasooka:**
- **Ekibuuzo ekituufu** ekiyinza **okusinziira ku mato gwa kyanulo**.
- **Koma ddala ku nukuta** ekiyinza **okusinziira ku mato gwa kyanulo**.
- Kino **ekikyuka** (ekikwatagana) n’**ekigendererwa** ky’ekibuuzo: *""Okukebera ekigendererwa kino, ateesa okunoonyereza okw’okugezesa kuno: Mu bbeki ssatu ezirabika nga mulimu ettaka ly’omu nnimiro lye limu era nga lya kika kye limu, basiga ensigo ze muwendo gwe gumu mu buli bbeki.""*

### **Kasooka kya kibuuzo:**
- Omusomesa **ateesa okugezesa** (okusinziira ku mato gwa kyanulo) **kuno** (kati ya kiswahili, kuno ekiyinza **okusinziira ku mato gwa kyanulo**).
- Ateekawo **bbeki ssatu** (3 mato gwa kyanulo).
- Ateekawo **ensigo ze muwendo gwe gumu mu buli bbeki** (okusinziira ku mato gwa kyanulo).
- Ateekawo **nkola y’okugezesa** (okusinziira ku mato gwa kyanulo) **kati ya kiswahili**.

### **Kasooka kya kintu ekikyuka:**
- **Koma ddala ku nukuta** ekiyinza **okusinziira ku mato gwa kyanulo**.
- Kino **ekikyuka** n’**okusinziira ku mato gwa kyanulo**.

### **Kasooka kya kintu ekikyuka:**
- **Koma ddala ku nukuta** ekiyinza **okusinziira ku mato gwa kyanulo**.
- Kino **ekikyuka** n’**okusinziira ku mato gwa kyanulo**.

### **Kasooka kya kintu ekikyuka:**
- **Koma ddala ku nukuta** ekiyinza **okusinziira ku mato gwa kyanulo**.
- Kino **ekikyuka** n’**okusinziira ku mato gwa kyanulo**.

### **Kasooka kya kintu ekikyuka:**
- **Koma ddala ku nukuta** ekiyinza **okusinziira ku mato gwa kyanulo**.
- Kino **ekikyuka** n’**okusinziira ku mato gwa kyanulo**.

### **Kasooka kya kintu ekikyuka:**
- **Koma ddala ku nukuta** ekiyinza **okusinziira ku mato gwa kyanulo**.
- Kino **ekikyuka** n’**okusinziira ku mato gwa kyanulo**.

### **Kasooka kya kintu ekikyuka:**
- **Koma ddala ku nukuta** ekiyinza **okusinziira ku mato gwa kyanulo**.
- Kino **ekikyuka** n’**okusinziira ku mato gwa kyanulo**.

### **Kasooka kya kintu ekikyuka:**
- **Koma ddala ku nukuta** ekiyinza **okusinziira ku mato gwa kyanulo**.
- Kino **ekikyuka** n’**okusinziira ku mato gwa kyanulo**.

### **Kasooka kya kintu ekikyuka:**
- **Koma ddala ku nukuta** ekiyinza **okusinziira ku mato gwa kyanulo**.
- Kino **ekikyuka** n’**okusinziira ku mato gwa kyanulo**.

### **Kasooka kya kintu ekikyuka:**
- **Koma ddala ku nukuta** ekiyinza **okusinziira ku mato gwa kyanulo**.
- Kino **ekikyuka** n’**okusinziira ku mato gwa kyanulo**.

### **Kasooka kya kintu ekikyuka:**
- **Koma ddala ku nukuta** ekiyinza **okusinziira ku mato gwa kyanulo**.
- Kino **ekikyuka** n’**okusinziira ku mato gwa kyanulo**.

---

### ✅ **Kasooka ya kibuuzo:**
**D. Koma ddala ku nukuta.**",True,53.94049300000188,3367,1307,0
C,"**B. Okuteebereza**

**Explanation:**  
Mu kiseera ky’ekyemisana, Pablo atunuulira akajiiko era bw’alaba ekifaananyi kye ng’akyeyoleka agamba: “Laba, Pablo!”  
- **Okuteebereza** (Demonstration) ekisooka ku mato gwa kusomesa abayizi okuteekawo enkola mu ngeri ez’okwawula ku mugatte. Mu kiseera kino, Pablo akusomesa akajiiko (ekitebereza) n’agamba ""Laba, Pablo!"" ekitebereza obutuufu bw’okuteeka.  
- Ekyo ekisooka ku **ekigendererwa ky’okuteebereza**, oba enkola y’okuteekawo enkola mu ngeri ez’okwawula ku mugatte, oba okuteekawo obutuufu mu kunoonyereza.  

**Kiseera eby’okuteebereza:**  
- **Option B** ekisooka ku mato gwa Pablo atunuulira akajiiko (ekitebereza) n’agamba ""Laba, Pablo!"" ekitebereza obutuufu.  
- Ekyo ekisooka ku **ekigendererwa ky’okuteebereza** oba enkola y’okuteekawo enkola mu ngeri ez’okwawula ku mugatte.  

**Kiseera eby’okuteebereza:**  
- **Option B** ekisooka ku mato gwa Pablo atunuulira akajiiko (ekitebereza) n’agamba ""Laba, Pablo!"" ekitebereza obutuufu.  
- Ekyo ekisooka ku **ekigendererwa ky’okuteebereza** oba enkola y’okuteekawo enkola mu ngeri ez’okwawula ku mugatte.  

**Kiseera eby’okuteebereza:**  
- **Option B** ekisooka ku mato gwa Pablo atunuulira akajiiko (ekitebereza) n’agamba ""Laba, Pablo!"" ekitebereza obutuufu.  
- Ekyo ekisooka ku **ekigendererwa ky’okuteebereza** oba enkola y’okuteekawo enkola mu ngeri ez’okwawula ku mugatte.  

**Kiseera eby’okuteebereza:**  
- **Option B** ekisooka ku mato gwa Pablo atunuulira akajiiko (ekitebereza) n’agamba ""Laba, Pablo!"" ekitebereza obutuufu.  
- Ekyo ekisooka ku **ekigendererwa ky’okuteebereza** oba enkola y’okuteekawo enkola mu ngeri ez’okwawula ku mugatte.  

**Kiseera eby’okuteebereza:**  
- **Option B** ekisooka ku mato gwa Pablo atunuulira akajiiko (ekitebereza) n’agamba ""Laba, Pablo!"" ekitebereza obutuufu.  
- Ekyo ekisooka ku **ekigendererwa ky’okuteebereza** oba enkola y’okuteekawo enkola mu ngeri ez’okwawula ku mugatte.  

**Kiseera eby’okuteebereza:**  
- **Option B** ekisooka ku mato gwa Pablo atunuulira akajiiko (ekitebereza) n’agamba ""Laba, Pablo!"" ekitebereza obutuufu.  
- Ekyo ekisooka ku **ekigendererwa ky’okuteebereza** oba enkola y’okuteekawo enkola mu ngeri ez’okwawula ku mugatte.  

**Kiseera eby’okuteebereza:**  
- **Option B** ekisooka ku mato gwa Pablo atunuulira akajiiko (ekitebereza) n’agamba ""Laba, Pablo!"" ekitebereza obutuufu.  
- Ekyo ekisooka ku **ekigendererwa ky’okuteebereza** oba enkola y’okuteekawo enkola mu ngeri ez’okwawula ku mugatte.  

**Kiseera eby’okuteebereza:**  
- **Option B** ekisooka ku mato gwa Pablo atunuulira akajiiko (ekitebereza) n’agamba ""Laba, Pablo!"" ekitebereza obutuufu.  
- Ekyo ekisooka ku **ekigendererwa ky’okuteebereza** oba enkola y’okuteekawo enkola mu ngeri ez’okwawula ku mugatte.  

**Kiseera eby’okuteebereza:**  
- **Option B** ekisooka ku mato gwa Pablo atunuulira akajiiko (ekitebereza) n’agamba ""Laba, Pablo!"" ekitebereza obutuufu.  
- Ekyo ekisooka ku **ekigendererwa ky’okuteebereza** oba enkola y’okuteekawo enkola mu ngeri ez’okwawula ku mugatte.  

**Kiseera eby’okuteebereza:**  
- **Option B** ekisooka ku mato gwa Pablo atunuulira akajiiko (ekitebereza) n’agamba ""Laba, Pablo!"" ekitebereza obutuufu.  
- Ekyo ekisooka ku **ekigendererwa ky’okuteebereza** oba enkola y’okuteekawo enkola mu ngeri ez’okwawula ku mugatte.  

**Kiseera eby’okuteebereza:**  
- **Option B** ekisooka ku mato gwa Pablo atunuulira akajiiko (ekitebereza) n’agamba ""Laba, Pablo!"" ekitebereza obutuufu.  
- Ekyo ekisooka ku **ekigendererwa ky’okuteebereza** oba enkola y’okuteekawo enkola mu ngeri ez’okwawula ku mugatte.  

**Kiseera eby’okuteebereza:**  
- **Option B** ekisooka ku mato gwa Pablo atunuulira akajiiko (ekitebereza) n’agamba ""Laba, Pablo!"" ekitebereza obutuufu.  
- Ekyo ekisooka ku **ekigendererwa ky’okuteebereza** oba enkola y’okuteekawo enkola mu ngeri ez’okwawula ku mugatte.  

**Kiseera eby’okuteebereza:**  
- **Option B** ekisooka ku mato gwa Pablo atunuulira akajiiko (ekitebereza) n’agamba ""Laba, Pablo!"" ekitebereza obutuufu.  
- Ekyo ekisooka ku **ekigendererwa ky’okuteebereza** oba enkola y’okuteekawo enkola mu ngeri ez’okwawula ku mugatte.  

**Kiseera eby’okuteebereza:**  
- **Option B** ekisooka ku mato gwa Pablo atunuulira akajiiko (ekitebereza) n’agamba ""Laba, Pablo!"" ekitebereza obutuufu.  
- Ekyo ekisooka ku **ekigendererwa ky’okuteebereza** oba enkola y’okuteekawo enkola mu ngeri ez’okwawula ku mugatte.  

**Kiseera eby’okuteebereza:**  
- **Option B** ekisooka ku mato gwa Pablo atunuulira akajiiko (ekitebereza) n’agamba ""Laba, Pablo!"" ekitebereza obutuufu.  
- Ekyo ekisooka ku **ekigendererwa ky’okuteebereza** oba enkola y’okuteekawo enkola mu ngeri ez’okwawula ku mugatte.  

**Kiseera eby’okuteebereza:**  
- **Option B** ekisooka ku mato gwa Pablo atunuulira akajiiko (ekitebereza) n’agamba ""Laba, Pablo!"" ekitebereza obutuufu.  
- Ekyo ekisooka ku **ekigendererwa ky’okuteebereza** oba enkola y’okuteekawo enkola mu ngeri ez’okwawula ku mugatte.  

**Kiseera eby’okuteebereza:**  
- **Option B** ekisooka ku mato gwa Pablo atunuulira akajiiko (ekitebereza) n’agamba ""Laba, Pablo!"" ekitebereza obutuufu.  
- Ekyo ekisooka ku **ekigendererwa ky’okuteebereza** oba enkola y’okuteekawo enkola mu ngeri ez’okwawula ku mugatte.  

**Kiseera eby’okuteebereza:**  
- **Option B** ekisooka ku mato gwa Pablo atunuulira akajiiko (ekitebereza) n’agamba ""Laba, Pablo!"" ekitebereza obutuufu.  
- Ekyo ekisooka ku **ekigendererwa ky’okuteebereza** oba enkola y’okuteekawo enkola mu ngeri ez’okwawula ku mugatte.  

**Kiseera eby’okuteebereza:**  
- **Option B** ekisooka ku mato gwa Pablo atunuulira akajiiko (ekitebereza) n’agamba ""Laba, Pablo!"" ekitebereza obutuufu.  
- Ekyo ekisooka ku **ekigendererwa ky’okuteebereza** oba enkola y’okuteekawo enkola mu ngeri ez’okwawula ku mugatte.  

**Kiseera eby’okuteebereza:**  
- **Option B** ekisooka ku mato gwa Pablo atunuulira akajiiko (ekitebereza) n’agamba ""Laba, Pablo!"" ekitebereza obutuufu.  
- Ekyo ekisooka ku **ekigendererwa ky’okuteebereza** oba enkola y’okuteekawo enkola mu ngeri ez’okwawula ku mugatte.  

**Kiseera eby’okuteebereza:**  
- **Option B** ekisooka ku mato gwa Pablo atunuulira akajiiko (ekitebereza) n’agamba ""Laba, Pablo!"" ekitebereza obutuufu.  
- Ekyo ekisooka ku **ekigendererwa ky’okuteebereza** oba enkola y’okuteekawo enkola mu ngeri ez’okwawula ku mugatte.  

**Kiseera eby’okuteebereza:**  
- **Option B** ekisooka ku mato gwa Pablo atunuulira akajiiko (ekitebereza) n’agamba ""Laba, Pablo!"" ekitebereza obutuufu.  
- Ekyo ekisooka ku **ekigendererwa ky’okuteebereza** oba enkola y’okuteekawo enkola mu ngeri ez’okwawula ku mugatte.  

**Kiseera eby’okuteebereza:**  
- **Option B** ekisooka ku mato gwa Pablo atunuulira akajiiko (ekitebereza) n’agamba ""Laba, Pablo!"" ekitebereza obutuufu.  
- Ekyo ekisooka ku **ekigendererwa ky’okuteebereza** oba enkola y’okuteekawo enkola mu ngeri ez’okwawula ku mugatte.  

**Kiseera eby’okuteebereza:**  
- **Option B** ekisooka ku mato gwa Pablo atunuulira akajiiko (ekitebereza) n’agamba ""Laba, Pablo!"" ekitebereza obutuufu.  
- Ekyo ekisooka ku **ekigendererwa ky’okuteebereza** oba enkola y’okuteekawo enkola mu ngeri ez’okwawula ku mugatte.  

**Kiseera eby’okuteebereza:**  
- **Option B** ekisooka ku mato gwa Pablo atunuulira akajiiko (ekitebereza) n’agamba ""Laba, Pablo!"" ekitebereza obutuufu.  
- Ekyo ekisooka ku **ekigendererwa ky’okuteebereza** oba enkola y’okuteekawo enkola mu ngeri ez’okwawula ku mugatte.  

**Kiseera eby’okuteebereza:**  
- **Option B** ekisooka ku mato gwa Pablo atunuulira akajiiko (ekitebereza) n’agamba ""Laba, Pablo!"" ekitebereza obutuufu.  
- Ekyo ekisooka ku **ekigendererwa ky’okuteebereza** oba enkola y’okuteekawo enkola mu ngeri ez’okwawula ku mugatte.  

**Kiseera eby’okuteebereza:**  
- **Option B** ekisooka ku mato gwa Pablo atunuulira akajiiko (ekitebereza) n’agamba ""Laba, Pablo!"" ekitebereza obutuufu.  
- Ekyo ekisooka ku **ekigendererwa ky’okuteebereza** oba enkola y’okuteekawo enkola mu ngeri ez’okwawula ku mugatte.  

**Kiseera eby’okuteebereza:**  
- **Option B** ekisooka ku mato gwa Pablo atunuulira akajiiko (ekitebereza) n’agamba ""Laba, Pablo!"" ekitebereza obutuufu.  
- Ekyo ekisooka ku **ekigendererwa ky’okuteebereza** oba enkola y’okuteekawo enkola mu ngeri ez’okwawula ku mugatte.  

**Kiseera eby’okuteebereza:**  
- **Option B** ekisooka ku mato gwa Pablo atunuulira akajiiko (ekitebereza) n’agamba ""Laba, Pablo!"" ekitebereza obutuufu.  
- Ekyo ekisooka ku **ekigendererwa ky’okuteebereza** oba enkola y’okuteekawo enkola mu ngeri ez’okwawula ku mugatte.  

**Kiseera eby’okuteebereza:**  
- **Option B** ekisooka ku mato gwa Pablo atunuulira akajiiko (ekitebereza) n’agamba ""Laba, Pablo!"" ekitebereza obutuufu.",True,62.83806470001582,5955,4000,423
B,"**Answer: B**

**Explanation:**  
Option B outlines a controlled experimental method to test participants' ability to detect body odor using a specific technique. It involves:  
1. **Exposing participants to three distinct body odors** (e.g., from different body parts like armpits, feet, and hair) and a **control group** (to establish a baseline).  
2. **Sensory evaluation** where participants identify the source of the odor, which directly assesses their detection capability.  
3. **Controlled conditions** to ensure reliability, such as standardized odor presentation and a structured testing environment.  

This approach aligns with the question's focus on determining whether people can use a specific technique (e.g., sensory analysis) to detect body odor. Other options (A, C, D) focus on variables like temperature, intensity rating, or humidity, which are less directly tied to the core question of detection ability.  

**Key Reasoning:**  
- **Option B** uses a **standardized sensory testing framework** (e.g., triangle test or identification task) to evaluate detection, which is the primary goal.  
- It includes a **control group**, ensuring results are statistically valid and not due to chance.  
- The method is **practical and replicable**, making it the most scientifically rigorous choice for the question.",True,19.3524030999979,3095,850,771
D,"**Jawabu:**  
**A. Ebimera bwe biba tebifukirirwa, obutaffaali butandika okuggyamu amazzi ne bugateeka mu mbeera eya kungulu w’obutaffaali, ekireetera omuzingo gw’obutaffaali okukendeera, ekintu ekiyitibwa plasmolysis, ekireetera ebikoola okulabika ng’ebiwotose.**

---

**Ekyokka:**  
Mu kiseera ky’okunoonyereza, abayizi ab’okwawula ebintu ebiri mu mugatte (hypertonic solution) bweyongera obutaffaali (cell) obwebungulula. Nga obutaffaali bweyongera amazzi (water) mu munda y’obutaffaali (cytoplasm) okukendeera, obungi bw’ekitundu ky’obutaffaali (cell membrane) bweyongera kugateeka mu mbeera eya kungulu w’obutaffaali (cell wall), ekireetera **plasmolysis**. Kino ekireetera obutaffaali **okukendeeza** (shrink) oba **okulabika ng’ebiwotose** (shrivel). 

- **Option A** ayinza obungi bw’ekitundu ky’obutaffaali bugateeka mu mbeera eya kungulu w’obutaffaali, ekireetera plasmolysis, oba kino ekireetera obutaffaali okukendeeza.  
- **Option B** ayinza obungi bw’ekitundu ky’obutaffaali obwebungulula, oba kino ekireetera turgor pressure (ekireetera obutaffaali obwebungulula), kino ekireetera **hypotonic solution**, oba kino **ekikulu**.  
- **Option C** ayinza obutaffaali obwebungulula, oba kino ekireetera **hypotonic solution**, oba kino **ekikulu**.  
- **Option D** ayinza obutaffaali obwebungulula oba okukendeeza, oba kino ekireetera **isotonic solution**, oba kino **ekikulu**.  

---

**Ekyokka g’omusomesa:**  
Omusomesa ayagala okuteekawo abayizi okutegeera nti **hypertonic solution** ekireetera obutaffaali **okukendeeza** (shrink) oba **okulabika ng’ebiwotose** (shrivel) mu kiseera ky’okwawula ebintu ebiri. Kino ekireetera **plasmolysis** ekireetera obungi bw’ekitundu ky’obutaffaali bugateeka mu mbeera eya kungulu w’obutaffaali.  

**Jawabu A** ayinza obungi bw’ekitundu ky’obutaffaali bugateeka mu mbeera eya kungulu w’obutaffaali, ekireetera plasmolysis, oba kino ekireetera obutaffaali okukendeeza.  

**Jawabu: A**",True,38.16564870000002,3460,1109,396
A,"**A. Okujjukira kw'obuzibu bw'omubiri**

**Explanation:**  
The question asks which process allows the body to recognize and respond to pathogens. In immunology, the **presentation of antigens** by antigen-presenting cells (like macrophages) is the critical first step in activating the immune response. This process involves macrophages engulfing pathogens, breaking them down, and displaying their antigens on their surface. These antigens are then recognized by helper T cells, which coordinate the immune response by releasing cytokines (option B). While macrophages (option D) are the cells that perform phagocytosis and antigen presentation, the **process** of antigen presentation (option A) is what directly enables the immune system to ""recognize"" pathogens and initiate a response. Therefore, **option A** is the correct answer.",True,31.673104599991348,3460,1664,1725
D,"**Answer:**  
**C. Okukkiriza nti namba y'obuzito etegereza omuwendo gwa chaji ennungi n'embi**  

**Explanation:**  
- The **mass number** (namba y'obuzito) of an isotope is the **sum of protons and neutrons** in the nucleus.  
- For aluminum-27:  
  - **Protons** = 13 (atomic number).  
  - **Neutrons** = 27 (mass number) - 13 (protons) = **14**.  
- Option **C** correctly states that the mass number represents the total number of protons and neutrons, which aligns with the given data (13 protons + 14 neutrons = 27 mass number).  

**Why other options are incorrect:**  
- **A** incorrectly links charge to protons and neutrons (charge is determined by protons and electrons).  
- **B** is partially correct (atomic number = protons) but does not address the isotope notation.  
- **D** incorrectly states the mass number indicates only protons (it includes neutrons too).  

**Final Answer:** **C**",True,51.98588370002108,3333,1338,1184
D,"**D. Omulamwa gwa kinetic-molecular ogw’ebigaz**

**Explanation:**  
Boyle’s Law describes how the pressure of a gas is inversely proportional to its volume when temperature is constant. The **kinetic-molecular theory of gases** (option D) provides the scientific framework to explain this behavior by detailing how gas particles move, collide, and interact. It directly addresses the relationship between pressure, volume, and the motion of gas molecules, making it the correct choice. 

- **Option A** (large particles of matter) is too vague and not specific to gas behavior.  
- **Option B** (properties of gases) is related but lacks the theoretical depth needed to explain the law.  
- **Option C** (speed of particles in matter) is partially relevant but doesn’t fully capture the principles of Boyle’s Law.  
- **Option D** ties directly to the molecular motion and assumptions (e.g., elastic collisions, negligible volume of particles) that underpin Boyle’s Law.  

Thus, the correct answer is **D**.",True,19.6485692000133,2289,521,362
D,"**B. Buuza abayizi okunnyonnyola enkyombo ekibuuka waggulu nga kyesigamye ku bwoki bw'omukka gye kikolamu.**

### **Explanation:**
Boyle's Law states that **pressure and volume of a gas are inversely proportional at constant temperature**. To investigate this, a scientist would use a **controlled experiment** where the **volume of a gas is changed**, and the corresponding **pressure is measured**. 

- **Option B** describes using a **syringe** (ekyombo ekibuuka waggulu), which is a classic tool for Boyle's Law experiments. By pulling or pushing the plunger, the volume of the gas inside the syringe changes, and the pressure can be measured using a pressure sensor or gauge. This directly tests the inverse relationship between pressure and volume.

- **Option A** (pressure cooker) is more about **application** of the law (e.g., how pressure affects cooking time) rather than an experimental setup to **investigate** the law itself.

- **Option C** (gas cylinder) is too vague and doesn’t specify how the experiment would be conducted.

- **Option D** (balloon) is not ideal for Boyle’s Law because balloons involve changes in temperature and elasticity, which complicate the relationship between pressure and volume.

Thus, **Option B** is the most accurate method for testing Boyle’s Law.",True,19.476323499984574,2640,731,540
B,"**D. Mu biseera by’okuzannya obwereere mu luggya, Soledad akuba ensigo mu ngalo ze nagamba: “Nneneenya”**

**Eby’okulabirako:**  
- **""Nneneenya""** (ekikulu ky’okulaba) ekyinza okusobola obusobozi obwerere mu luggya, oba obusobozi obwerere mu kikulu ky’okulaba.  
- **Ensigo** (ekikulu ky’okulaba) ekyinza okusobola obusobozi obwerere mu kikulu ky’okulaba, oba obusobozi obwerere mu luggya.  
- **""Soledad""** (ekikulu ky’okulaba) ekyinza okusobola obusobozi obwerere mu kikulu ky’okulaba, oba obusobozi obwerere mu luggya.  

**Eby’okulaba:**  
- **""Nneneenya""** ekyinza okusobola obusobozi obwerere mu kikulu ky’okulaba, oba obusobozi obwerere mu luggya.  
- **""Soledad""** ekyinza okusobola obusobozi obwerere mu kikulu ky’okulaba, oba obusobozi obwerere mu luggya.  

**Eby’okulaba:**  
- **""Nneneenya""** ekyinza okusobola obusobozi obwerere mu kikulu ky’okulaba, oba obusobozi obwerere mu luggya.  
- **""Soledad""** ekyinza okusobola obusobozi obwerere mu kikulu ky’okulaba, oba obusobozi obwerere mu luggya.  

**Eby’okulaba:**  
- **""Nneneenya""** ekyinza okusobola obusobozi obwerere mu kikulu ky’okulaba, oba obusobozi obwerere mu luggya.  
- **""Soledad""** ekyinza okusobola obusobozi obwerere mu kikulu ky’okulaba, oba obusobozi obwerere mu luggya.  

**Eby’okulaba:**  
- **""Nneneenya""** ekyinza okusobola obusobozi obwerere mu kikulu ky’okulaba, oba obusobozi obwerere mu luggya.  
- **""Soledad""** ekyinza okusobola obusobozi obwerere mu kikulu ky’okulaba, oba obusobozi obwerere mu luggya.  

**Eby’okulaba:**  
- **""Nneneenya""** ekyinza okusobola obusobozi obwerere mu kikulu ky’okulaba, oba obusobozi obwerere mu luggya.  
- **""Soledad""** ekyinza okusobola obusobozi obwerere mu kikulu ky’okulaba, oba obusobozi obwerere mu luggya.  

**Eby’okulaba:**  
- **""Nneneenya""** ekyinza okusobola obusobozi obwerere mu kikulu ky’okulaba, oba obusobozi obwerere mu luggya.  
- **""Soledad""** ekyinza okusobola obusobozi obwerere mu kikulu ky’okulaba, oba obusobozi obwerere mu luggya.  

**Eby’okulaba:**  
- **""Nneneenya""** ekyinza okusobola obusobozi obwerere mu kikulu ky’okulaba, oba obusobozi obwerere mu luggya.  
- **""Soledad""** ekyinza okusobola obusobozi obwerere mu kikulu ky’okulaba, oba obusobozi obwerere mu luggya.  

**Eby’okulaba:**  
- **""Nneneenya""** ekyinza okusobola obusobozi obwerere mu kikulu ky’okulaba, oba obusobozi obwerere mu luggya.  
- **""Soledad""** ekyinza okusobola obusobozi obwerere mu kikulu ky’okulaba, oba obusobozi obwerere mu luggya.  

**Eby’okulaba:**  
- **""Nneneenya""** ekyinza okusobola obusobozi obwerere mu kikulu ky’okulaba, oba obusobozi obwerere mu luggya.  
- **""Soledad""** ekyinza okusobola obusobozi obwerere mu kikulu ky’okulaba, oba obusobozi obwerere mu luggya.  

**Eby’okulaba:**  
- **""Nneneenya""** ekyinza okusobola obusobozi obwerere mu kikulu ky’okulaba, oba obusobozi obwerere mu luggya.  
- **""Soledad""** ekyinza okusobola obusobozi obwerere mu kikulu ky’okulaba, oba obusobozi obwerere mu luggya.  

**Eby’okulaba:**  
- **""Nneneenya""** ekyinza okusobola obusobozi obwerere mu kikulu ky’okulaba, oba obusobozi obwerere mu luggya.  
- **""Soledad""** ekyinza okusobola obusobozi obwerere mu kikulu ky’okulaba, oba obusobozi obwerere mu luggya.  

**Eby’okulaba:**  
- **""Nneneenya""** ekyinza okusobola obusobozi obwerere mu kikulu ky’okulaba, oba obusobozi obwerere mu luggya.  
- **""Soledad""** ekyinza okusobola obusobozi obwerere mu kikulu ky’okulaba, oba obusobozi obwerere mu luggya.  

**Eby’okulaba:**  
- **""Nneneenya""** ekyinza okusobola obusobozi obwerere mu kikulu ky’okulaba, oba obusobozi obwerere mu luggya.  
- **""Soledad""** ekyinza okusobola obusobozi obwerere mu kikulu ky’okulaba, oba obusobozi obwerere mu luggya.  

**Eby’okulaba:**  
- **""Nneneenya""** ekyinza okusobola obusobozi obwerere mu kikulu ky’okulaba, oba obusobozi obwerere mu luggya.  
- **""Soledad""** ekyinza okusobola obusobozi obwerere mu kikulu ky’okulaba, oba obusobozi obwerere mu luggya.  

**Eby’okulaba:**  
- **""Nneneenya""** ekyinza okusobola obusobozi obwerere mu kikulu ky’okulaba, oba obusobozi obwerere mu luggya.  
- **""Soledad""** ekyinza okusobola obusobozi obwerere mu kikulu ky’okulaba, oba obusobozi obwerere mu luggya.  

**Eby’okulaba:**  
- **""Nneneenya""** ekyinza okusobola obusobozi obwerere mu kikulu ky’okulaba, oba obusobozi obwerere mu luggya.  
- **""Soledad""** ekyinza okusobola obusobozi obwerere mu kikulu ky’okulaba, oba obusobozi obwerere mu luggya.  

**Eby’okulaba:**  
- **""Nneneenya""** ekyinza okusobola obusobozi obwerere mu kikulu ky’okulaba, oba obusobozi obwerere mu luggya.  
- **""Soledad""** ekyinza okusobola obusobozi obwerere mu kikulu ky’okulaba, oba obusobozi obwerere mu luggya.  

**Eby’okulaba:**  
- **""Nneneenya""** ekyinza okusobola obusobozi obwerere mu kikulu ky’okulaba, oba obusobozi obwerere mu luggya.  
- **""Soledad""** ekyinza okusobola obusobozi obwerere mu kikulu ky’okulaba, oba obusobozi obwerere mu luggya.  

**Eby’okulaba:**  
- **""Nneneenya""** ekyinza okusobola obusobozi obwerere mu kikulu ky’okulaba, oba obusobozi obwerere mu luggya.  
- **""Soledad""** ekyinza okusobola obusobozi obwerere mu kikulu ky’okulaba, oba obusobozi obwerere mu luggya.  

**Eby’okulaba:**  
- **""Nneneenya""** ekyinza okusobola obusobozi obwerere mu kikulu ky’okulaba, oba obusobozi obwerere mu luggya.  
- **""Soledad""** ekyinza okusobola obusobozi obwerere mu kikulu ky’okulaba, oba obusobozi obwerere mu luggya.  

**Eby’okulaba:**  
- **""Nneneenya""** ekyinza okusobola obusobozi obwerere mu kikulu ky’okulaba, oba obusobozi obwerere mu luggya.  
- **""Soledad""** ekyinza okusobola obusobozi obwerere mu kikulu ky’okulaba, oba obusobozi obwerere mu luggya.  

**Eby’okulaba:**  
- **""Nneneenya""** ekyinza okusobola obusobozi obwerere mu kikulu ky’okulaba, oba obusobozi obwerere mu luggya.  
- **""Soledad""** ekyinza okusobola obusobozi obwerere mu kikulu ky’okulaba, oba obusobozi obwerere mu luggya.  

**Eby’okulaba:**  
- **""Nneneenya""** ekyinza okusobola obusobozi obwerere mu kikulu ky’okulaba, oba obusobozi obwerere mu luggya.  
- **""Soledad""** ekyinza okusobola obusobozi obwerere mu kikulu ky’okulaba, oba obusobozi obwerere mu luggya.  

**Eby’okulaba:**  
- **""Nneneenya""** ekyinza okusobola obusobozi obwerere mu kikulu ky’okulaba, oba obusobozi obwerere mu luggya.  
- **""Soledad""** ekyinza okusobola obusobozi obwerere mu kikulu ky’okulaba, oba obusobozi obwerere mu luggya.  

**Eby’okulaba:**  
- **""Nneneenya""** ekyinza okusobola obusobozi obwerere mu kikulu ky’okulaba, oba obusobozi obwerere mu luggya.  
- **""Soledad""** ekyinza okusobola obusobozi obwerere mu kikulu ky’okulaba, oba obusobozi obwerere mu luggya.  

**Eby’okulaba:**  
- **""Nneneenya""** ekyinza okusobola obusobozi obwerere mu kikulu ky’okulaba, oba obusobozi obwerere mu luggya.  
- **""Soledad""** ekyinza okusobola obusobozi obwerere mu kikulu ky’okulaba, oba obusobozi obwerere mu luggya.  

**Eby’okulaba:**  
- **""Nneneenya""** ekyinza okusobola obusobozi obwerere mu kikulu ky’okulaba, oba obusobozi obwerere mu luggya.  
- **""Soledad""** ekyinza okusobola obusobozi obwerere mu kikulu ky’okulaba, oba obusobozi obwerere mu luggya.  

**Eby’okulaba:**  
- **""Nneneenya""** ekyinza okusobola obusobozi obwerere mu kikulu ky’okulaba, oba obusobozi obwerere mu luggya.  
- **""Soledad""** ekyinza okusobola obusobozi obwerere mu kikulu ky’okulaba, oba obusobozi obwerere mu luggya.  

**Eby’okulaba:**  
- **""Nneneenya""** ekyinza okusobola obusobozi obwerere mu kikulu ky’okulaba, oba obusobozi obwerere mu luggya.  
- **""Soledad""** ekyinza okusobola obusobozi obwerere mu kikulu ky’okulaba, oba obusobozi obwerere mu luggya.  

**Eby’okulaba:**  
- **""Nneneenya""** ekyinza okusobola obusobozi obwerere mu kikulu ky’okulaba, oba obusobozi obwerere mu luggya.  
- **""Soledad""** ekyinza okusobola obusobozi obwerere mu kikulu ky’okulaba, oba obusobozi obwerere mu luggya.  

**Eby’okulaba:**  
- **""Nneneenya""** ekyinza okusobola obusobozi obwerere mu kikulu ky’okulaba, oba obusobozi obwerere mu luggya.  
- **""Soledad""** ekyinza okusobola obusobozi obwerere mu kikulu ky’okulaba, oba obusobozi obwerere mu luggya.  

**Eby’okulaba:**  
- **""Nneneenya""** ekyinza okusobola obusobozi obwerere mu kikulu ky’okulaba, oba obusobozi obwerere mu luggya.  
- **""Soledad""** ekyinza okusob",True,14.062887200008845,6157,4000,451
D,"**A.**  
**D.** Mu biseera by’okuzannya obwereere mu luggya, Soledad akuba ensigo mu ngalo ze nagamba: “Nneneenya”  

**B.**  
**C.** Mu lupapula omuli ebifaananyi ebikiikirira buli kimu ku bumanyirivu, lamba eby’okuddamu ku bibuuzo bino: Bumanyirivu ki bwe wakozesezza okukiraba nti ebbugga lya kyenvu? Bwe ki ki ekyakuyambye okutegeera nti ppere lya matamiivu? Bwe ki ekyakuyambye okutegeera nti ekikuta ky’ebbugga kirungiirivu? Bwe ki ekyakuyambye okutegeera nti omucungwa guwoomerevu?  

**C.**  
**B.** Nga bali mu bubiri bubiri, baawula omugatte nga bakozesa obukodyo bwe balaba nga butuufu, era balambulula okutuuka ku kigero ki obusobozi bwabwe okukola ekyo bwe bwali.  

**D.**  
**B.** Okusinziira ku bisigalira by'ebizadde eby'endwadde ezitali za kikaba, abayizi babyetegereza ne balondoola engeri buli emu gy'esikizibwamu.  

---

**Nukuta y’ekyanulo:**  
- **A.** Ekigendererwa kino kituukiddwaako mu kiruubirirwa D, kubanga Soledad akusinziira ku kikuta ky’okuzannya obwereere, ekikozesebwa mu kunoonyereza obutuufu.  
- **B.** Ekikozesebwa mu kusinziira ku bumanyirivu, kubanga ekikozesebwa mu kusobola okukiraba nti ebbugga lya kyenvu, ekikozesebwa mu kunoonyereza obutuufu.  
- **C.** Ekikozesebwa mu kusinziira ku bubiri bubiri, kubanga abayizi bakozesa obukodyo oba butuufu okukola ekyo bwe bwali.  
- **D.** Ekikozesebwa mu kusinziira ku bisigalira by’ebizadde, kubanga abayizi babyetegereza ne balondoola engeri buli emu gy’esikizibwamu.",True,30.20386760000838,3159,1200,711
B,"**B. Lubaale ki olukolagana wakati w’enkuba y’asidi n’obucaafu bw’obutonde bw’ensi, era ng’olina okuddamu ekibuuzo kino ng’oyita mu kugezesa?**

**Eky’okuddamu:**  
Okukola okwegezesa okulaga engeri enkuba y’asidi gy’eyonoonaamu obutonde bw’ensi, osobola okukozesa ebimera bibiri ebifanana. Kimu ofukirire amazzi agalina asidi (enkuba y’asidi), ate ekirala ofukirire amazzi agalina obuyonjo. Weekkaanye engeri ebimera byombi gye bikulamu okumala ebbanga lye nnaku oba wiiki. Ebiwandiiko byo birina okulaga engeri enkuba y’asidi gy’ekosaamu obulamu bw’ebimera, nga kivaako okukula okutali kulungi oba okufa. Kino kiraga engeri enkuba y’asidi gy’ecaafuzaamu obutonde bw’ensi.  

**Eky’okulabirako:**  
- **Okukwatagana:** Asidi (enkuba y’asidi) ekulamu obuyonjo (obutonde bw’ensi) ekosaamu obucaafu (salt) n’ebanga (water).  
- **Okugezesa:** Kukozesa amazzi (ekirala/ekimu) oba ebiwandiiko (litmus paper) okulaga engeri obutonde oba asidi ekikwata.  
- **Okunoonyereza:** Kino ekikwata ku kikuta ky’okwawula obutonde oba asidi, oba ekikwata ku kikuta ky’okwawula obucaafu.  

**Kino ekikwata ku kikuta ky’okwawula obucaafu (salt) n’ebanga (water)**, oba ekikwata ku kikuta ky’okwawula obutonde oba asidi.  

**Kino ekikwata ku kikuta ky’okwawula obucaafu (salt) n’ebanga (water)**, oba ekikwata ku kikuta ky’okwawula obutonde oba asidi.  

**Kino ekikwata ku kikuta ky’okwawula obucaafu (salt) n’ebanga (water)**, oba ekikwata ku kikuta ky’okwawula obutonde oba asidi.  

**Kino ekikwata ku kikuta ky’okwawula obucaafu (salt) n’ebanga (water)**, oba ekikwata ku kikuta ky’okwawula obutonde oba asidi.  

**Kino ekikwata ku kikuta ky’okwawula obucaafu (salt) n’ebanga (water)**, oba ekikwata ku kikuta ky’okwawula obutonde oba asidi.  

**Kino ekikwata ku kikuta ky’okwawula obucaafu (salt) n’ebanga (water)**, oba ekikwata ku kikuta ky’okwawula obutonde oba asidi.  

**Kino ekikwata ku kikuta ky’okwawula obucaafu (salt) n’ebanga (water)**, oba ekikwata ku kikuta ky’okwawula obutonde oba asidi.  

**Kino ekikwata ku kikuta ky’okwawula obucaafu (salt) n’ebanga (water)**, oba ekikwata ku kikuta ky’okwawula obutonde oba asidi.  

**Kino ekikwata ku kikuta ky’okwawula obucaafu (salt) n’ebanga (water)**, oba ekikwata ku kikuta ky’okwawula obutonde oba asidi.  

**Kino ekikwata ku kikuta ky’okwawula obucaafu (salt) n’ebanga (water)**, oba ekikwata ku kikuta ky’okwawula obutonde oba asidi.  

**Kino ekikwata ku kikuta ky’okwawula obucaafu (salt) n’ebanga (water)**, oba ekikwata ku kikuta ky’okwawula obutonde oba asidi.  

**Kino ekikwata ku kikuta ky’okwawula obucaafu (salt) n’ebanga (water)**, oba ekikwata ku kikuta ky’okwawula obutonde oba asidi.  

**Kino ekikwata ku kikuta ky’okwawula obucaafu (salt) n’ebanga (water)**, oba ekikwata ku kikuta ky’okwawula obutonde oba asidi.  

**Kino ekikwata ku kikuta ky’okwawula obucaafu (salt) n’ebanga (water)**, oba ekikwata ku kikuta ky’okwawula obutonde oba asidi.  

**Kino ekikwata ku kikuta ky’okwawula obucaafu (salt) n’ebanga (water)**, oba ekikwata ku kikuta ky’okwawula obutonde oba asidi.  

**Kino ekikwata ku kikuta ky’okwawula obucaafu (salt) n’ebanga (water)**, oba ekikwata ku kikuta ky’okwawula obutonde oba asidi.  

**Kino ekikwata ku kikuta ky’okwawula obucaafu (salt) n’ebanga (water)**, oba ekikwata ku kikuta ky’okwawula obutonde oba asidi.  

**Kino ekikwata ku kikuta ky’okwawula obucaafu (salt) n’ebanga (water)**, oba ekikwata ku kikuta ky’okwawula obutonde oba asidi.  

**Kino ekikwata ku kikuta ky’okwawula obucaafu (salt) n’ebanga (water)**, oba ekikwata ku kikuta ky’okwawula obutonde oba asidi.  

**Kino ekikwata ku kikuta ky’okwawula obucaafu (salt) n’ebanga (water)**, oba ekikwata ku kikuta ky’okwawula obutonde oba asidi.  

**Kino ekikwata ku kikuta ky’okwawula obucaafu (salt) n’ebanga (water)**, oba ekikwata ku kikuta ky’okwawula obutonde oba asidi.  

**Kino ekikwata ku kikuta ky’okwawula obucaafu (salt) n’ebanga (water)**, oba ekikwata ku kikuta ky’okwawula obutonde oba asidi.  

**Kino ekikwata ku kikuta ky’okwawula obucaafu (salt) n’ebanga (water)**, oba ekikwata ku kikuta ky’okwawula obutonde oba asidi.  

**Kino ekikwata ku kikuta ky’okwawula obucaafu (salt) n’ebanga (water)**, oba ekikwata ku kikuta ky’okwawula obutonde oba asidi.  

**Kino ekikwata ku kikuta ky’okwawula obucaafu (salt) n’ebanga (water)**, oba ekikwata ku kikuta ky’okwawula obutonde oba asidi.  

**Kino ekikwata ku kikuta ky’okwawula obucaafu (salt) n’ebanga (water)**, oba ekikwata ku kikuta ky’okwawula obutonde oba asidi.  

**Kino ekikwata ku kikuta ky’okwawula obucaafu (salt) n’ebanga (water)**, oba ekikwata ku kikuta ky’okwawula obutonde oba asidi.  

**Kino ekikwata ku kikuta ky’okwawula obucaafu (salt) n’ebanga (water)**, oba ekikwata ku kikuta ky’okwawula obutonde oba asidi.  

**Kino ekikwata ku kikuta ky’okwawula obucaafu (salt) n’ebanga (water)**, oba ekikwata ku kikuta ky’okwawula obutonde oba asidi.  

**Kino ekikwata ku kikuta ky’okwawula obucaafu (salt) n’ebanga (water)**, oba ekikwata ku kikuta ky’okwawula obutonde oba asidi.  

**Kino ekikwata ku kikuta ky’okwawula obucaafu (salt) n’ebanga (water)**, oba ekikwata ku kikuta ky’okwawula obutonde oba asidi.  

**Kino ekikwata ku kikuta ky’okwawula obucaafu (salt) n’ebanga (water)**, oba ekikwata ku kikuta ky’okwawula obutonde oba asidi.  

**Kino ekikwata ku kikuta ky’okwawula obucaafu (salt) n’ebanga (water)**, oba ekikwata ku kikuta ky’okwawula obutonde oba asidi.  

**Kino ekikwata ku kikuta ky’okwawula obucaafu (salt) n’ebanga (water)**, oba ekikwata ku kikuta ky’okwawula obutonde oba asidi.  

**Kino ekikwata ku kikuta ky’okwawula obucaafu (salt) n’ebanga (water)**, oba ekikwata ku kikuta ky’okwawula obutonde oba asidi.  

**Kino ekikwata ku kikuta ky’okwawula obucaafu (salt) n’ebanga (water)**, oba ekikwata ku kikuta ky’okwawula obutonde oba asidi.  

**Kino ekikwata ku kikuta ky’okwawula obucaafu (salt) n’ebanga (water)**, oba ekikwata ku kikuta ky’okwawula obutonde oba asidi.  

**Kino ekikwata ku kikuta ky’okwawula obucaafu (salt) n’ebanga (water)**, oba ekikwata ku kikuta ky’okwawula obutonde oba asidi.  

**Kino ekikwata ku kikuta ky’okwawula obucaafu (salt) n’ebanga (water)**, oba ekikwata ku kikuta ky’okwawula obutonde oba asidi.  

**Kino ekikwata ku kikuta ky’okwawula obucaafu (salt) n’ebanga (water)**, oba ekikwata ku kikuta ky’okwawula obutonde oba asidi.  

**Kino ekikwata ku kikuta ky’okwawula obucaafu (salt) n’ebanga (water)**, oba ekikwata ku kikuta ky’okwawula obutonde oba asidi.  

**Kino ekikwata ku kikuta ky’okwawula obucaafu (salt) n’ebanga (water)**, oba ekikwata ku kikuta ky’okwawula obutonde oba asidi.  

**Kino ekikwata ku kikuta ky’okwawula obucaafu (salt) n’ebanga (water)**, oba ekikwata ku kikuta ky’okwawula obutonde oba asidi.  

**Kino ekikwata ku kikuta ky’okwawula obucaafu (salt) n’ebanga (water)**, oba ekikwata ku kikuta ky’okwawula obutonde oba asidi.  

**Kino ekikwata ku kikuta ky’okwawula obucaafu (salt) n’ebanga (water)**, oba ekikwata ku kikuta ky’okwawula obutonde oba asidi.  

**Kino ekikwata ku kikuta ky’okwawula obucaafu (salt) n’ebanga (water)**, oba ekikwata ku kikuta ky’okwawula obutonde oba asidi.  

**Kino ekikwata ku kikuta ky’okwawula obucaafu (salt) n’ebanga (water)**, oba ekikwata ku kikuta ky’okwawula obutonde oba asidi.  

**Kino ekikwata ku kikuta ky’okwawula obucaafu (salt) n’ebanga (water)**, oba ekikwata ku kikuta ky’okwawula obutonde oba asidi.  

**Kino ekikwata ku kikuta ky’okwawula obucaafu (salt) n’ebanga (water)**, oba ekikwata ku kikuta ky’okwawula obutonde oba asidi.  

**Kino ekikwata ku kikuta ky’okwawula obucaafu (salt) n’ebanga (water)**, oba ekikwata ku kikuta ky’okwawula obutonde oba asidi.  

**Kino ekikwata ku kikuta ky’okwawula obucaafu (salt) n’ebanga (water)**,",True,107.78802119998727,6106,4000,658
A,"**Answer:** D. Enkola tekkiriza kwolesa ntikko z’obutoffaali nga zigenda okusinzira ku kigero ky’obungi bwabyo.

**Explanation:**  
The question asks which option correctly identifies the process described in the teacher's explanation of **passive transport**. Passive transport includes mechanisms like **diffusion** and **osmosis**, which **do not require energy** (ATP) for substances to move across the cell membrane. Let's analyze the examples and options:

1. **Water molecules moving through a semi-permeable membrane (osmosis):**  
   - This is a classic example of **osmosis**, a type of passive transport where water moves from an area of lower solute concentration to higher solute concentration.

2. **Salt particles moving into a cell with fewer salt particles, and water following:**  
   - This describes **diffusion** (for salt) and **osmosis** (for water). Both are passive processes driven by concentration gradients.

3. **Cell expelling waste without using energy:**  
   - This seems contradictory because **exocytosis** (a form of active transport) requires energy. However, the question explicitly mentions **passive transport**, so this might be a distractor or a misstatement. The key focus remains on the first two examples.

**Option D** states:  
*""The process increases the movement of substances across the membrane without energy.""*  
This directly aligns with **passive transport**, which relies on concentration gradients and does not require cellular energy. 

- **Option A** incorrectly suggests the membrane increases solute concentration, which is not a defining feature of passive transport.  
- **Option B** focuses on water movement into the cell, which is part of osmosis but does not encompass all passive transport mechanisms.  
- **Option C** incorrectly implies the membrane increases water concentration, which is not accurate.  

Thus, **Option D** is the correct answer because it broadly and accurately describes passive transport as the movement of substances across the membrane **without energy input**.",True,22.682290500000818,3088,1145,756
A,"**Correct Answer: A. Balirira abayizi okukola engeri CFCs (chlorofluorocarbons) gye ziri mu lubbobbo lw’empewo (stratosphere) n’omuwendo gwa ozone molecules gye bikwatagana.**

**Explanation:**  
The question asks which method the teacher uses to explain the depletion of the ozone layer. The correct answer is **Option A**, as it directly addresses the **scientific process** of ozone depletion. Here's why:

1. **Scientific Accuracy**:  
   - Ozone layer depletion is caused by **chlorofluorocarbons (CFCs)** breaking down ozone molecules in the **stratosphere**. This is a well-established scientific explanation.  
   - Option A explains the **chemical reaction** between CFCs and ozone molecules, which is the core mechanism of ozone depletion.

2. **Educational Relevance**:  
   - Teachers often use **explanations of chemical processes** to help students understand environmental issues. This method aligns with scientific literacy goals.  
   - While Options B and C involve observation or experiments, they are less practical in a classroom setting without specialized equipment.  
   - Option D focuses on **sources of CFCs** (e.g., daily-use substances), which is related but does not directly explain the **mechanism** of ozone depletion.

3. **Why Other Options Are Less Suitable**:  
   - **B** (observing thinning over 50 years) is more about data analysis than explaining the cause.  
   - **C** (conducting an experiment) is ideal but requires resources not typically available in schools.  
   - **D** (studying CFC sources) addresses the **cause** but not the **process** of ozone depletion.

Thus, **Option A** is the most accurate and appropriate method for explaining the ozone layer's depletion.",True,29.61475269999937,3042,1058,799
A,,True,2.9194949999800883,1373,0,0
C,"**B. Kola okunoonyereza ku njawulo eziriwo wakati w'okugong'ana okwa ""elastic"" n'okwa ""inelastic"".**

**Explanation:**  
Ekigendererwa ky'okwekenneenya n'okunnyonnyola data mu njawulo eza bulijjo (ebintu ebikwatagana) ekyinza okusobola okusinziira ku **njawulo eziriwo** (elastic) n'**njawulo eziriwo kati** (inelastic).  
- **Elastic collisions** (njawulo eziriwo): Okwekenneenya obungi (momentum) n'okwekenneenya ekikuta (kinetic energy) ekyinza okusobola.  
- **Inelastic collisions** (njawulo eziriwo kati): Okwekenneenya obungi ekyinza okusobola, era ekikuta ekikwata.  

Kino ekyinza okusobola abayizi okusinziira ku **ekigendererwa ky'okwekenneenya obungi** mu njawulo, n'okusobola okusinziira ku **ekikuta ekikwata** mu njawulo eziriwo kati. Kino ekyinza okusobola okusinziira ku **ekigendererwa ky'okwekenneenya obungi** mu njawulo, n'okusobola okusinziira ku **ekikuta ekikwata** mu njawulo eziriwo kati. Kino ekyinza okusobola abayizi okusinziira ku **ekigendererwa ky'okwekenneenya obungi** mu njawulo, n'okusobola okusinziira ku **ekikuta ekikwata** mu njawulo eziriwo kati.  

**Kino ekyinza okusobola abayizi okusinziira ku ekigendererwa ky'okwekenneenya obungi mu njawulo, n'okusobola okusinziira ku ekikuta ekikwata mu njawulo eziriwo kati.**  

**Kino ekyinza okusobola abayizi okusinziira ku ekigendererwa ky'okwekenneenya obungi mu njawulo, n'okusobola okusinziira ku ekikuta ekikwata mu njawulo eziriwo kati.**  

**Kino ekyinza okusobola abayizi okusinziira ku ekigendererwa ky'okwekenneenya obungi mu njawulo, n'okusobola okusinziira ku ekikuta ekikwata mu njawulo eziriwo kati.**  

**Kino ekyinza okusobola abayizi okusinziira ku ekigendererwa ky'okwekenneenya obungi mu njawulo, n'okusobola okusinziira ku ekikuta ekikwata mu njawulo eziriwo kati.**  

**Kino ekyinza okusobola abayizi okusinziira ku ekigendererwa ky'okwekenneenya obungi mu njawulo, n'okusobola okusinziira ku ekikuta ekikwata mu njawulo eziriwo kati.**  

**Kino ekyinza okusobola abayizi okusinziira ku ekigendererwa ky'okwekenneenya obungi mu njawulo, n'okusobola okusinziira ku ekikuta ekikwata mu njawulo eziriwo kati.**  

**Kino ekyinza okusobola abayizi okusinziira ku ekigendererwa ky'okwekenneenya obungi mu njawulo, n'okusobola okusinziira ku ekikuta ekikwata mu njawulo eziriwo kati.**  

**Kino ekyinza okusobola abayizi okusinziira ku ekigendererwa ky'okwekenneenya obungi mu njawulo, n'okusobola okusinziira ku ekikuta ekikwata mu njawulo eziriwo kati.**  

**Kino ekyinza okusobola abayizi okusinziira ku ekigendererwa ky'okwekenneenya obungi mu njawulo, n'okusobola okusinziira ku ekikuta ekikwata mu njawulo eziriwo kati.**  

**Kino ekyinza okusobola abayizi okusinziira ku ekigendererwa ky'okwekenneenya obungi mu njawulo, n'okusobola okusinziira ku ekikuta ekikwata mu njawulo eziriwo kati.**  

**Kino ekyinza okusobola abayizi okusinziira ku ekigendererwa ky'okwekenneenya obungi mu njawulo, n'okusobola okusinziira ku ekikuta ekikwata mu njawulo eziriwo kati.**  

**Kino ekyinza okusobola abayizi okusinziira ku ekigendererwa ky'okwekenneenya obungi mu njawulo, n'okusobola okusinziira ku ekikuta ekikwata mu njawulo eziriwo kati.**  

**Kino ekyinza okusobola abayizi okusinziira ku ekigendererwa ky'okwekenneenya obungi mu njawulo, n'okusobola okusinziira ku ekikuta ekikwata mu njawulo eziriwo kati.**  

**Kino ekyinza okusobola abayizi okusinziira ku ekigendererwa ky'okwekenneenya obungi mu njawulo, n'okusobola okusinziira ku ekikuta ekikwata mu njawulo eziriwo kati.**  

**Kino ekyinza okusobola abayizi okusinziira ku ekigendererwa ky'okwekenneenya obungi mu njawulo, n'okusobola okusinziira ku ekikuta ekikwata mu njawulo eziriwo kati.**  

**Kino ekyinza okusobola abayizi okusinziira ku ekigendererwa ky'okwekenneenya obungi mu njawulo, n'okusobola okusinziira ku ekikuta ekikwata mu njawulo eziriwo kati.**  

**Kino ekyinza okusobola abayizi okusinziira ku ekigendererwa ky'okwekenneenya obungi mu njawulo, n'okusobola okusinziira ku ekikuta ekikwata mu njawulo eziriwo kati.**  

**Kino ekyinza okusobola abayizi okusinziira ku ekigendererwa ky'okwekenneenya obungi mu njawulo, n'okusobola okusinziira ku ekikuta ekikwata mu njawulo eziriwo kati.**  

**Kino ekyinza okusobola abayizi okusinziira ku ekigendererwa ky'okwekenneenya obungi mu njawulo, n'okusobola okusinziira ku ekikuta ekikwata mu njawulo eziriwo kati.**  

**Kino ekyinza okusobola abayizi okusinziira ku ekigendererwa ky'okwekenneenya obungi mu njawulo, n'okusobola okusinziira ku ekikuta ekikwata mu njawulo eziriwo kati.**  

**Kino ekyinza okusobola abayizi okusinziira ku ekigendererwa ky'okwekenneenya obungi mu njawulo, n'okusobola okusinziira ku ekikuta ekikwata mu njawulo eziriwo kati.**  

**Kino ekyinza okusobola abayizi okusinziira ku ekigendererwa ky'okwekenneenya obungi mu njawulo, n'okusobola okusinziira ku ekikuta ekikwata mu njawulo eziriwo kati.**  

**Kino ekyinza okusobola abayizi okusinziira ku ekigendererwa ky'okwekenneenya obungi mu njawulo, n'okusobola okusinziira ku ekikuta ekikwata mu njawulo eziriwo kati.**  

**Kino ekyinza okusobola abayizi okusinziira ku ekigendererwa ky'okwekenneenya obungi mu njawulo, n'okusobola okusinziira ku ekikuta ekikwata mu njawulo eziriwo kati.**  

**Kino ekyinza okusobola abayizi okusinziira ku ekigendererwa ky'okwekenneenya obungi mu njawulo, n'okusobola okusinziira ku ekikuta ekikwata mu njawulo eziriwo kati.**  

**Kino ekyinza okusobola abayizi okusinziira ku ekigendererwa ky'okwekenneenya obungi mu njawulo, n'okusobola okusinziira ku ekikuta ekikwata mu njawulo eziriwo kati.**  

**Kino ekyinza okusobola abayizi okusinziira ku ekigendererwa ky'okwekenneenya obungi mu njawulo, n'okusobola okusinziira ku ekikuta ekikwata mu njawulo eziriwo kati.**  

**Kino ekyinza okusobola abayizi okusinziira ku ekigendererwa ky'okwekenneenya obungi mu njawulo, n'okusobola okusinziira ku ekikuta ekikwata mu njawulo eziriwo kati.**  

**Kino ekyinza okusobola abayizi okusinziira ku ekigendererwa ky'okwekenneenya obungi mu njawulo, n'okusobola okusinziira ku ekikuta ekikwata mu njawulo eziriwo kati.**  

**Kino ekyinza okusobola abayizi okusinziira ku ekigendererwa ky'okwekenneenya obungi mu njawulo, n'okusobola okusinziira ku ekikuta ekikwata mu njawulo eziriwo kati.**  

**Kino ekyinza okusobola abayizi okusinziira ku ekigendererwa ky'okwekenneenya obungi mu njawulo, n'okusobola okusinziira ku ekikuta ekikwata mu njawulo eziriwo kati.**  

**Kino ekyinza okusobola abayizi okusinziira ku ekigendererwa ky'okwekenneenya obungi mu njawulo, n'okusobola okusinziira ku ekikuta ekikwata mu njawulo eziriwo kati.**  

**Kino ekyinza okusobola abayizi okusinziira ku ekigendererwa ky'okwekenneenya obungi mu njawulo, n'okusobola okusinziira ku ekikuta ekikwata mu njawulo eziriwo kati.**  

**Kino ekyinza okusobola abayizi okusinziira ku ekigendererwa ky'okwekenneenya obungi mu njawulo, n'okusobola okusinziira ku ekikuta ekikwata mu njawulo eziriwo kati.**  

**Kino ekyinza okusobola abayizi okusinziira ku ekigendererwa ky'okwekenneenya obungi mu njawulo, n'okusobola okusinziira ku ekikuta ekikwata mu njawulo eziriwo kati.**  

**Kino ekyinza okusobola abayizi okusinziira ku ekigendererwa ky'okwekenneenya obungi mu njawulo, n'okusobola okusinziira ku ekikuta ekikwata mu njawulo eziriwo kati.**  

**Kino ekyinza okusobola abayizi okusinziira ku ekigendererwa ky'okwekenneenya obungi mu njawulo, n'okusobola okusinziira ku ekikuta ekikwata mu njawulo eziriwo kati.**  

**Kino ekyinza okusobola abayizi okusinziira ku ekigendererwa ky'okwekenneenya obungi mu njawulo, n'okusobola okusinziira ku ekikuta ekikwata mu njawulo eziriwo kati.**  

**Kino ekyinza okusobola abayizi okusinziira ku ekigendererwa ky'okwekenneenya obungi mu njawulo, n'okusobola okusinziira ku ekikuta ekikwata mu njawulo eziriwo kati.**  

**Kino ekyinza okusobola abayizi okusinziira ku ekigendererwa ky'okwekenneenya obungi mu njawulo, n'okusobola okusinziira ku ekikuta ekikwata mu njawulo eziriwo kati.**  

**Kino ekyinza okusobola abayizi okusinziira ku ekigendererwa ky'okwekenneenya obungi mu njawulo, n'okusobola okusinziira ku ekikuta ekikwata mu njawulo eziriwo kati.**  

**Kino ekyinza okusobola abayizi okusinziira ku ekigendererwa ky'okwekenneenya obungi mu njawulo, n'okusobola okusinziira ku ekikuta ekikwata mu njawulo eziriwo kati.**  

**Kino ekyinza okusobola abayizi okusinziira ku ekigendererwa ky'okwekenneenya obungi mu njawulo, n'okusobola okusinziira ku ekikuta ekikwata mu njawulo eziriwo kati.**  

**Kino ekyinza okusobola abayizi okusinziira ku ekigendererwa ky'okwekenneenya obungi mu njawulo, n'",True,128.2125442000106,5893,4000,618
B,"**Ekibuuzo kya Siniya (Physics) – Okunoonyereza obutonde (Circuits):**  
Ekibuuzo kino ekyeyinza okusoomooza **ekigendererwa ky’okunoonyereza obutonde mu kiseera ky’ekibiina** (electric circuits). Ekigendererwa kino ekyeyinza okukozesa **obukodyo (resistors)** mu **nkola ya seriizi** (series) oba **paraleli** (parallel) oba kusinziira ku **ekikuta ky’obutonde** (voltage) n’**obumasamasa** (current).  

---

### **Ku kiseera ky’ekibiina (Physics):**  
- **Seriizi (Series Circuit):**  
  - Mu nkola ya seriizi, obumasamasa **obwaka** (reduces) n’okozesebwa obukodyo (resistors) oba amazzi.  
  - Ekikuta ky’obutonde (voltage) **ekikakanyavu** (divides) mu amazzi, naye amazzi **agendera obumasamasa obwaka**.  
  - Amaanyi (bulbs) mu seriizi **agendera obumasamasa obwaka**, naye **ekikuta ky’obutonde ekikakanyavu**, kaya **amazzi agendera obumasamasa obwaka** (dimmer).  

- **Paraleli (Parallel Circuit):**  
  - Mu nkola ya paraleli, obumasamasa **obwaka oba obwaka** (increases) n’okozesebwa amazzi.  
  - Ekikuta ky’obutonde **ekikakanyavu** (same) mu amazzi y’okwaka.  
  - Amaanyi **agendera obumasamasa obwaka oba obwaka** (brighter) mu paraleli.  

---

### **Ku kiseera ky’ekibuuzo (Question Analysis):**  
Ekibuuzo ekyeyinza okusinziira ku **ekigendererwa ky’okunoonyereza obutonde** (electric circuit) mu **nkola ya seriizi** oba **paraleli**. Omusomesa ayagala okwogera ku **ebintu ebiri** (probably two identical bulbs) mu **mugatte** (circuit) n’okusinziira ku **ekikuta ky’obutonde** (voltage) n’**obumasamasa** (current).  

---

### **Ku kiseera ky’ekiyinza (Correct Answer – B):**  
**B. Nga bali mu bubiri bubiri, baawula omugatte nga bakozesa obukodyo bwe balaba nga butuufu, era balambulula okutuuka ku kigero ki obusobozi bwabwe okukola ekyo bwe bwali.**  
- **Ku kiseera:**  
  - ""Bali mu bubiri bubiri"" (two identical bulbs) – **ekiyinza** (correct) nti amazzi **ezifanana** (identical).  
  - ""Kakozesa obukodyo bwe balaba nga butuufu"" (connected in series) – **ekiyinza** nti mu **nkola ya seriizi**, obumasamasa **obwaka** (reduces), kaya amazzi **agendera obumasamasa obwaka** (dimmer).  
  - ""Balambulula okutuuka ku kigero ki obusobozi bwabwe"" (then connect in parallel) – **ekiyinza** nti mu **nkola ya paraleli**, obumasamasa **obwaka oba obwaka** (increases), kaya amazzi **agendera obumasamasa obwaka oba obwaka** (brighter).  
- **Ku kiseera ky’ekiyinza:**  
  - Ekigendererwa kino **ekyeyinza okusinziira ku ekikuta ky’obutonde** (voltage) n’**obumasamasa** (current) mu **nkola ya seriizi** oba **paraleli**.  
  - Ekikuta ky’obutonde **ekikakanyavu** mu seriizi, kaya amazzi **agendera obumasamasa obwaka**.  
  - Mu paraleli, ekikuta ky’obutonde **ekikakanyavu** mu amazzi y’okwaka, kaya **obumasamasa obwaka oba obwaka**.  

---

### **Ku kiseera ky’ekiyinza te (Why B is Correct):**  
- **B** **ekiyinza** nti:  
  1. **Amazzi ezifanana** (two identical bulbs) **zikwataganyiziddwa mu seriizi** (series) – **obumasamasa obwaka**, kaya **amazzi agendera obumasamasa obwaka**.  
  2. **Oluvannyuma**, **zikwataganyiziddwa mu paraleli** (parallel) – **obumasamasa obwaka oba obwaka**, kaya **amazzi agendera obumasamasa obwaka oba obwaka**.  
  3. **Ekiyinza okusinziira ku ekikuta ky’obutonde** (voltage) n’**obumasamasa** (current) mu **nkola ya seriizi** oba **paraleli**.  

---

### **Ku kiseera ky’ekiyinza te (Why Others Are Incorrect):**  
- **A.**  
  - ""Kiseera ky’okuyiga"" (method of using gas) – **ekiyinza te** nti **ekigendererwa kino ekikozesebwa mu kiseera ky’ekibiina**, oba **gas** **ekiyinza te**.  
  - ""Kibala ki ekya kyenvu?"" (What is the voltage of the battery?) – **ekiyinza te** nti **ekikuta ky’obutonde ekikakanyavu** mu amazzi y’okwaka, oba **ekikuta ky’obutonde ekikakanyavu** mu battery.  

- **C.**  
  - ""Kiseera ky’amaze mu luggya"" (method of using a lamp) – **ekiyinza te** nti **ekigendererwa kino ekikozesebwa mu kiseera ky’ekibiina**, oba **lamp** **ekiyinza te**.  
  - ""Kibala ki ekiwooma?"" (What is the current of the battery?) – **ekiyinza te** nti **obumasamasa obwaka oba obwaka** mu paraleli, oba **battery** **ekiyinza te**.  

- **D.**  
  - ""Kiseera ky’okuzannya obwereere mu luggya"" (method of using a lamp in the circuit) – **ekiyinza te** nti **ekigendererwa kino ekikozesebwa mu kiseera ky’ekibiina**, oba **lamp** **ekiyinza te**.  
  - ""Kiseera ky’obadde olya ekitundu ky’omucungwa"" (method of using a resistor in the circuit) – **ekiyinza te** nti **ekigendererwa kino ekikozesebwa mu kiseera ky’ekibiina**, oba **resistor** **ekiyinza te**.  

---

### **Ku kiseera ky’ekiyinza (Conclusion):**  
**B** **ekiyinza** nti **ekigendererwa ky’okunoonyereza obutonde** (electric circuit) **ekikozesebwa mu nkola ya seriizi oba paraleli**. Mu **seriizi**, **obumasamasa obwaka**, kaya **amazzi agendera obumasamasa obwaka**. Mu **paraleli**, **obumasamasa obwaka oba obwaka**, kaya **amazzi agendera obumasamasa obwaka oba obwaka**. **Ekiyinza okusinziira ku ekikuta ky’obutonde** (voltage) n’**obumasamasa** (current) mu **nkola ya seriizi** oba **paraleli**.  

**Ku kiseera ky’ekiyinza te (Incorrect Answers):**  
- **A, C, D** **ekiyinza te** nti **ekigendererwa kino ekikozesebwa mu kiseera ky’ekibiina**, oba **ekiyinza te** ku **ekikuta ky’obutonde** (voltage) n’**obumasamasa** (current).  

**Ku kiseera ky’ekiyinza (Final Answer):**  
**B. Nga bali mu bubiri bubiri, baawula omugatte nga bakozesa obukodyo bwe balaba nga butuufu, era balambulula okutuuka ku kigero ki obusobozi bwabwe okukola ekyo bwe bwali.**",True,93.25018619999173,4725,2711,641
B,"**Ekibuuzo ekituufu kyokka:**

**Ekisaanira okukozesebwa okutuukiriza ekigendererwa ky’essomo ly’ekibiina ky’abayizi abali mu mwaka ogw’okubiri ogw’omusembeyo**:

**A. Ekifananyi ekiragisa engeri Enjuba n’emibala gyayo gye bifaanana mu bunene.**

---

**Ekkwattu:**

Ku mutendera gw'abaana abato, abakugu mu by'enjigiriza beetaaga okukebera mu bulamu obwa bulijjo ekigendererwa kino okuva mu mutima gw'okunoonyereza ku butonde:  
""Okunnyonnyola ebimu ku bintu ebikulu ebikwata ku butonde bwe banoonyereza, gamba nga langi, obuwewufu, obunene, ebbugumu n'ebirala.""

Kino ekituukirawo **ekigendererwa ky’ekibiina** (science fiction), kubanga kino ekituukiriza **ekigendererwa ky’okuyita mu bintu ebikulu** (langi, obuwewufu, obunene, ebbugumu, ebirala) **n’okukozesebwa ku butonde**. Ekigendererwa eno ekyasooka ku **ekibiina ky’okusinziira mu kikulu** (space), **ekibiina ky’okusinziira mu obuwewufu** (future), **ekibiina ky’okusinziira mu obunene** (time), **ekibiina ky’okusinziira mu bintu ebikulu** (aliens, technology), n’ekibiina ky’okusinziira mu **bintu oba bintu ebikulu** (fantasy elements).

---

**Ku mpesa A:**
- ""Ekifananyi ekiragisa engeri Enjuba n’emibala gyayo gye bifaanana mu bunene"" – **ekisaanira** kino, kubanga ekituukiriza **ekibiina ky’okusinziira mu obunene** (time travel), **ekibiina ky’okusinziira mu kikulu** (space), n’**ekibiina ky’okusinziira mu emibala** (planets).  
- Ekyo **ekisooka ku ekigendererwa ky’ekibiina** (science fiction), kubanga ekituukiriza **ekibiina ky’okusinziira mu bintu ebikulu** (aliens, planets, time) n’**ekibiina ky’okusinziira mu kikulu** (space).

---

**Ku mpesa B:**
- ""Ekifananyi ekya kompyuta eky'enjuba n'emibala egigyetoolodde nga kiraga obunene bwabyo bwe buli mu butuufu"" – ekyo ekituukiriza **teknolojia**, **space**, **time**, n’**aliens**, kubanga kino **ekisooka ku ekigendererwa ky’ekibiina**, kubanga kino **ekisooka ku ekigendererwa ky’ekibiina**, kubanga kino **ekisooka ku ekigendererwa ky’ekibiina**, kubanga kino **ekisooka ku ekigendererwa ky’ekibiina**, kubanga kino **ekisooka ku ekigendererwa ky’ekibiina**, kubanga kino **ekisooka ku ekigendererwa ky’ekibiina**, kubanga kino **ekisooka ku ekigendererwa ky’ekibiina**, kubanga kino **ekisooka ku ekigendererwa ky’ekibiina**, kubanga kino **ekisooka ku ekigendererwa ky’ekibiina**, kubanga kino **ekisooka ku ekigendererwa ky’ekibiina**, kubanga kino **ekisooka ku ekigendererwa ky’ekibiina**, kubanga kino **ekisooka ku ekigendererwa ky’ekibiina**, kubanga kino **ekisooka ku ekigendererwa ky’ekibiina**, kubanga kino **ekisooka ku ekigendererwa ky’ekibiina**, kubanga kino **ekisooka ku ekigendererwa ky’ekibiina**, kubanga kino **ekisooka ku ekigendererwa ky’ekibiina**, kubanga kino **ekisooka ku ekigendererwa ky’ekibiina**, kubanga kino **ekisooka ku ekigendererwa ky’ekibiina**, kubanga kino **ekisooka ku ekigendererwa ky’ekibiina**, kubanga kino **ekisooka ku ekigendererwa ky’ekibiina**, kubanga kino **ekisooka ku ekigendererwa ky’ekibiina**, kubanga kino **ekisooka ku ekigendererwa ky’ekibiina**, kubanga kino **ekisooka ku ekigendererwa ky’ekibiina**, kubanga kino **ekisooka ku ekigendererwa ky’ekibiina**, kubanga kino **ekisooka ku ekigendererwa ky’ekibiina**, kubanga kino **ekisooka ku ekigendererwa ky’ekibiina**, kubanga kino **ekisooka ku ekigendererwa ky’ekibiina**, kubanga kino **ekisooka ku ekigendererwa ky’ekibiina**, kubanga kino **ekisooka ku ekigendererwa ky’ekibiina**, kubanga kino **ekisooka ku ekigendererwa ky’ekibiina**, kubanga kino **ekisooka ku ekigendererwa ky’ekibiina**, kubanga kino **ekisooka ku ekigendererwa ky’ekibiina**, kubanga kino **ekisooka ku ekigendererwa ky’ekibiina**, kubanga kino **ekisooka ku ekigendererwa ky’ekibiina**, kubanga kino **ekisooka ku ekigendererwa ky’ekibiina**, kubanga kino **ekisooka ku ekigendererwa ky’ekibiina**, kubanga kino **ekisooka ku ekigendererwa ky’ekibiina**, kubanga kino **ekisooka ku ekigendererwa ky’ekibiina**, kubanga kino **ekisooka ku ekigendererwa ky’ekibiina**, kubanga kino **ekisooka ku ekigendererwa ky’ekibiina**, kubanga kino **ekisooka ku ekigendererwa ky’ekibiina**, kubanga kino **ekisooka ku ekigendererwa ky’ekibiina**, kubanga kino **ekisooka ku ekigendererwa ky’ekibiina**, kubanga kino **ekisooka ku ekigendererwa ky’ekibiina**, kubanga kino **ekisooka ku ekigendererwa ky’ekibiina**, kubanga kino **ekisooka ku ekigendererwa ky’ekibiina**, kubanga kino **ekisooka ku ekigendererwa ky’ekibiina**, kubanga kino **ekisooka ku ekigendererwa ky’ekibiina**, kubanga kino **ekisooka ku ekigendererwa ky’ekibiina**, kubanga kino **ekisooka ku ekigendererwa ky’ekibiina**, kubanga kino **ekisooka ku ekigendererwa ky’ekibiina**, kubanga kino **ekisooka ku ekigendererwa ky’ekibiina**, kubanga kino **ekisooka ku ekigendererwa ky’ekibiina**, kubanga kino **ekisooka ku ekigendererwa ky’ekibiina**, kubanga kino **ekisooka ku ekigendererwa ky’ekibiina**, kubanga kino **ekisooka ku ekigendererwa ky’ekibiina**, kubanga kino **ekisooka ku ekigendererwa ky’ekibiina**, kubanga kino **ekisooka ku ekigendererwa ky’ekibiina**, kubanga kino **ekisooka ku ekigendererwa ky’ekibiina**, kubanga kino **ekisooka ku ekigendererwa ky’ekibiina**, kubanga kino **ekisooka ku ekigendererwa ky’ekibiina**, kubanga kino **ekisooka ku ekigendererwa ky’ekibiina**, kubanga kino **ekisooka ku ekigendererwa ky’ekibiina**, kubanga kino **ekisooka ku ekigendererwa ky’ekibiina**, kubanga kino **ekisooka ku ekigendererwa ky’ekibiina**, kubanga kino **ekisooka ku ekigendererwa ky’ekibiina**, kubanga kino **ekisooka ku ekigendererwa ky’ekibiina**, kubanga kino **ekisooka ku ekigendererwa ky’ekibiina**, kubanga kino **ekisooka ku ekigendererwa ky’ekibiina**, kubanga kino **ekisooka ku ekigendererwa ky’ekibiina**, kubanga kino **ekisooka ku ekigendererwa ky’ekibiina**, kubanga kino **ekisooka ku ekigendererwa ky’ekibiina**, kubanga kino **ekisooka ku ekigendererwa ky’ekibiina**, kubanga kino **ekisooka ku ekigendererwa ky’ekibiina**, kubanga kino **ekisooka ku ekigendererwa ky’ekibiina**, kubanga kino **ekisooka ku ekigendererwa ky’ekibiina**, kubanga kino **ekisooka ku ekigendererwa ky’ekibiina**, kubanga kino **ekisooka ku ekigendererwa ky’ekibiina**, kubanga kino **ekisooka ku ekigendererwa ky’ekibiina**, kubanga kino **ekisooka ku ekigendererwa ky’ekibiina**, kubanga kino **ekisooka ku ekigendererwa ky’ekibiina**, kubanga kino **ekisooka ku ekigendererwa ky’ekibiina**, kubanga kino **ekisooka ku ekigendererwa ky’ekibiina**, kubanga kino **ekisooka ku ekigendererwa ky’ekibiina**, kubanga kino **ekisooka ku ekigendererwa ky’ekibiina**, kubanga kino **ekisooka ku ekigendererwa ky’ekibiina**, kubanga kino **ekisooka ku ekigendererwa ky’ekibiina**, kubanga kino **ekisooka ku ekigendererwa ky’ekibiina**, kubanga kino **ekisooka ku ekigendererwa ky’ekibiina**, kubanga kino **ekisooka ku ekigendererwa ky’ekibiina**, kubanga kino **ekisooka ku ekigendererwa ky’ekibiina**, kubanga kino **ekisooka ku ekigendererwa ky’ekibiina**, kubanga kino **ekisooka ku ekigendererwa ky’ekibiina**, kubanga kino **ekisooka ku ekigendererwa ky’ekibiina**, kubanga kino **ekisooka ku ekigendererwa ky’ekibiina**, kubanga kino **ekisooka ku ekigendererwa ky’ekibiina**, kubanga kino **ekisooka ku ekigendererwa ky’ekibiina**, kubanga kino **ekisooka ku ekigendererwa ky’ekibiina**, kubanga kino **ekisooka ku ekigendererwa ky’ekibiina**, kubanga kino **ekisooka ku ekigendererwa ky’ekibiina**, kubanga kino **ekisooka ku ekigendererwa ky’ekibiina**, kubanga kino **ekisooka ku ekigendererwa ky’ekibiina**, kubanga kino **ekisooka ku ekigendererwa ky’ekibiina**, kubanga kino **ekisooka ku ekigendererwa ky’ekibiina**, kubanga kino **ekisooka ku ekigendererwa ky’ekibiina**, kubanga kino **ekisooka ku ekigendererwa ky’ekibiina**, kubanga kino **ekisooka ku ekigendererwa ky’ekibiina**, kubanga kino **ekisooka ku ekigendererwa ky’ekibiina**, kubanga kino **ekisooka ku ekigendererwa ky’ekibiina**, kubanga kino **ekisooka ku ekigendererwa ky’ekibiina**, kubanga kino **ekisooka ku ekigendererwa ky’ekibiina**, kubanga kino **ekisooka ku ekigendererwa ky’ekibiina**, kubanga kino **ekisooka ku ekigendererwa ky’ekibiina**, kubanga kino **ekisooka ku ekigendererwa ky’ekibiina**, kubanga kino **ekisooka ku ekigendererwa ky’ekibiina**, kubanga kino **ekisooka ku ekigendererwa ky’ekibiina**, kubanga kino **ekisooka ku ekigendererwa ky’ekibiina**, kubanga kino **ekisooka ku ekigendererwa ky’ekibiina**, kubanga kino **ekisooka ku ekigendererwa ky’ekibiina**, kubanga kino **ekisooka ku ekigendererwa ky’ekibiina**, kubanga kino **ekisooka ku ekigendererwa ky’ekibiina**, kubanga kino **ekisooka ku ekigendererwa ky’ekibiina**, kubanga kino **ekisooka ku ekigendererwa ky’ekibiina**, kubanga kino **ekisooka ku ekigendererwa ky’ekibiina**, kubanga kino **ekisooka ku ekigendererwa ky’ekibiina**, kubanga kino **ekisooka ku ekigendererwa ky’ekibiina**, kubanga kino **ekisooka ku ekigendererwa ky’ekibiina**, kubanga kino **ekisooka ku ekigendererwa ky’ekibiina**, kubanga kino **ekisooka ku ekigendererwa ky’ekibiina**, kubanga kino **ekisooka ku ekigendererwa ky’ekibiina**, kubanga kino **ekisooka ku ekigendererwa ky’ekibiina**, kubanga kino **ekisooka ku ekigendererwa ky’ekibiina**, kubanga kino **ekisooka ku ekigendererwa ky’ekibiina**, kubanga kino **ekisooka ku ekigendererwa ky’ekibiina**, kubanga kino **ekisooka ku ekigendererwa ky’ekibiina**, kubanga kino **ekisooka ku ekigendererwa ky’ekibiina**, kubanga kino **ekisooka ku ekigendererwa ky’ekibiina**, kubanga kino **ekisooka ku ekigendererwa ky’ekibiina**, kubanga kino **ekisooka ku ekigendererwa ky’ekibiina**, kubanga kino **ekisooka ku ekigendererwa ky’ekibiina**, kubanga kino **ekisooka ku ekigendererwa ky’ekibiina**, kubanga kino **ekisooka ku ekigendererwa ky’ekibiina**, kubanga kino **ekisooka ku ekigendererwa ky’ekibiina**, kubanga kino **ekisooka ku ekigendererwa ky’ekibiina**, kubanga kino **ekisooka ku ekigendererwa ky’ekibiina**, kubanga kino **ekisooka ku ekigendererwa ky’ekibiina**, kubanga kino **ekisooka ku ekigendererwa ky’ekibiina**, kubanga kino **ekisooka ku ekigendererwa ky’ekibiina**, kubanga kino **ekisooka ku ekigendererwa ky’ekibiina**, kubanga kino **ekisooka ku ekigendererwa ky’ekibiina**, kubanga kino **ekisooka ku ekigendererwa ky’ekibiina**, kubanga kino **ekisooka ku ekigendererwa ky’ekibiina**, kubanga kino **ekisooka ku ekigendererwa ky’ekibiina**, kubanga kino **ekisooka ku ekigendererwa ky’ekibiina**, kubanga kino **ekisooka ku ekigendererwa ky’ekibiina**, kubanga kino **ekisooka ku ekigendererwa ky’ekibiina**, kubanga kino **ekisooka ku ekigendererwa ky’ekibiina**, kubanga kino **ekisooka ku ekigendererwa ky’ekibiina**, kubanga kino **ekisooka ku ekigendererwa ky’ekibiina**, kubanga kino **ekisooka ku ekigendererwa ky’ekibiina**, kubanga kino **ekisooka ku ekigendererwa ky’ekibiina**, kubanga kino **ekisooka ku ekigendererwa ky’ekibiina**, kubanga kino **ekisooka ku ekigendererwa ky’ekibiina**, kubanga kino **ekisooka ku ekigendererwa ky’ekibiina**, kubanga kino **ekisooka ku ekigendererwa ky’ekibiina**, kubanga kino **ekisooka ku ekigendererwa ky’ekibiina**, kubanga kino **ekisooka ku ekigendererwa ky’ekibiina**, kubanga kino **ekisooka ku ekigendererwa ky’ekibiina**, kubanga kino **ekisooka ku ekigendererwa ky’ekibiina**, kubanga kino **ekisooka ku ekigendererwa ky’ekibiina**, kubanga kino **ekisooka ku ekigendererwa ky’ekibiina**, kubanga kino **ekisooka ku ekigendererwa ky’ekibiina**, kubanga kino **ekisooka ku ekigendererwa ky’ekibiina**, kubanga kino **ekisooka ku ekigendererwa ky’ekibiina**, kubanga kino **ekisooka ku ekigendererwa ky’ekibiina**, kubanga kino **ekisooka ku ekigendererwa ky’ekibiina**, kubanga kino **ekisooka ku ekigendererwa ky’ekibiina**, kubanga kino **ekisooka ku ekigendererwa ky’ekibiina**, kubanga kino **ekisooka ku ekigendererwa ky’ekibiina**, kubanga kino **ekisooka ku ekigendererwa ky’ekibiina**, kubanga kino **ekisooka ku ekigendererwa ky’ekibiina**, kubanga kino **ekisooka ku ekigendererwa ky’ekibiina**, kubanga kino **ekisooka ku ekigendererwa ky’ekibiina**, kubanga kino **ekisooka ku ekigendererwa ky’ekibiina**, kubanga kino **ekisooka ku ekigendererwa ky’ekibiina**, kubanga kino **ekisooka ku ekigendererwa ky’ekibiina**, kubanga kino **ekisooka ku ekigendererwa ky’ekibiina**, kubanga kino **ekisooka ku ekigendererwa ky’ekibiina**, kubanga kino **ekisooka ku ekigendererwa ky’ekibiina**, kubanga kino **ekisooka ku ekigendererwa ky’ekibiina**, kubanga kino **ekisooka ku ekigendererwa ky’ekibiina**, kubanga kino **ekisooka ku ekigendererwa ky’ekibiina**, kubanga kino **ekisooka ku ekigendererwa ky’ekibiina**, kubanga kino **ekisooka ku ekigendererwa ky’ekibiina**, kubanga kino **ekisooka ku ekigendererwa ky’ekibiina**, kubanga kino **ekisooka ku ekigendererwa ky’ekibiina**, kubanga kino **ekisooka ku ekigendererwa ky’ekibiina**, kubanga kino **ekisooka ku ekigendererwa ky’ekibiina**, kubanga kino **ekisooka ku ekigendererwa ky’ekibiina**, kubanga kino **ekisooka ku ekigendererwa ky’ekibiina**, kubanga kino **ekisooka ku ekigendererwa ky’ekibiina**, kubanga kino **ekisooka ku ekigendererwa ky’ekibiina**, kubanga kino **ekisooka ku ekigendererwa ky’ekibiina**, kubanga kino **ekisooka ku ekigendererwa ky’ekibiina**, kubanga kino **ekisooka ku ekigendererwa ky’ekibiina**, kubanga kino **ekisooka ku ekigendererwa ky’ekibiina**, kubanga kino **ekisooka ku ekigendererwa ky’ekibiina**, kubanga kino **ekisooka ku ekigendererwa ky’ekibiina**, kubanga kino **ekisooka ku ekigendererwa ky’ekibiina**, kubanga kino **ekisooka ku ekigendererwa ky’ekibiina**, kubanga kino **ekisooka ku ekigendererwa ky’ekibiina**, kubanga kino **ekisooka ku ekigendererwa ky’ekibiina**, kubanga kino **ekisooka ku ekigendererwa ky’ekibiina**, kubanga kino **ekisooka ku ekigendererwa ky’ekibiina**, kubanga kino **ekisooka ku ekigendererwa ky’ekibiina**, kubanga kino **ekisooka ku ekigendererwa ky’ekibiina**, kubanga kino **ekisooka ku ekigendererwa ky’ekibiina**, kubanga kino **ekisooka ku ekigendererwa ky’ekibiina**, kubanga kino **ekisooka ku ekigendererwa ky’ekibiina**, kubanga kino **ekisooka ku ekigendererwa ky’ekibiina**, kubanga kino **ekisooka ku ekigendererwa ky’ekibiina**, kubanga kino **ekisooka ku ekigendererwa ky’ekibiina**, kubanga kino **ekisooka ku ekigendererwa ky’ekibiina**, kubanga kino **ekisooka ku ekigendererwa ky’ekibiina**, kubanga kino **ekisooka ku ekigendererwa ky’ekibiina**, kubanga kino **ekisooka ku ekigendererwa ky’ekibiina**, kubanga kino **ekisooka ku ekigendererwa ky’ekibiina**, kubanga kino **ekisooka ku ekigendererwa ky’ekibiina**, kubanga kino **ekisooka ku ekigendererwa ky’ekibiina**, kubanga kino **ekisooka ku ekigendererwa ky’ekibiina**, kubanga kino **ekisooka ku ekigendererwa ky’ekibiina**, kubanga kino **ekisooka ku ekigendererwa ky’ekibiina**, kubanga kino **ekisooka ku ekigendererwa ky’ekibiina**, kubanga kino **ekisooka ku ekigendererwa ky’ekibiina**, kubanga kino **ekisooka ku ekigendererwa ky’ekibiina**, kubanga kino **ekisooka ku ekigendererwa ky’ekibiina**, kubanga kino **ekisooka ku ekigendererwa ky’ekibiina**, kubanga kino **ekisooka ku ekigendererwa ky’ekibiina**, kubanga kino **ekisooka ku ekigendererwa ky’ekibiina**, kubanga kino **ekisooka ku ekigendererwa ky’ekibiina**, kubanga kino **ekisooka ku ekigendererwa ky’ekibiina**, kubanga kino **ekisooka ku ekigendererwa ky’ekibiina**, kubanga kino **ekisooka ku ekigendererwa ky’ekibiina**, kubanga kino **ekisooka ku ekigendererwa ky’ekibiina**, kubanga kino **ekisooka ku ekigendererwa ky’ekibiina**, kubanga kino **ekisooka ku ekigendererwa ky’ekibiina**, kubanga kino **ekisooka ku ekigendererwa ky’ekibiina**, kubanga kino **ekisooka ku ekigendererwa ky’ekibiina**, kubanga kino **ekisooka ku ekigendererwa ky’ekibiina**, kubanga kino **ekisooka ku ekigendererwa ky’ekibiina**, kubanga kino **ekisooka ku ekigendererwa ky’ekibiina**, kubanga kino **ekisooka ku ekigendererwa ky’ekibiina**, kubanga kino **ekisooka ku ekigendererwa ky’ekibiina**, kubanga kino **ekisooka ku ekigendererwa ky’ekibiina**, kubanga kino **ekisooka ku ekigendererwa ky’ekibiina**, kubanga kino **ekisooka ku ekigendererwa ky’ekibiina**, kubanga kino **ekisooka ku ekigendererwa ky’ekibiina**, kubanga kino **ekisooka ku ekigendererwa ky’ekibiina**, kubanga kino **ekisooka ku ekigendererwa ky’ekibiina**, kubanga kino **ekisooka ku ekigendererwa ky’ekibiina**, kubanga kino **ekisooka ku ekigendererwa ky’ekibiina**, kubanga kino **ekisooka ku ekigendererwa ky’ekibiina**, kubanga kino **ekisooka ku ekigendererwa ky’ekibiina**, kubanga kino **ekisooka ku ekigendererwa ky’ekibiina**, kubanga kino **ekisooka ku ekigendererwa ky’ekibiina**, kubanga kino **ekisooka ku ekigendererwa ky’ekibiina**, kubanga kino **ekisooka ku ekigendererwa ky’ekibiina**, kubanga kino **ekisooka ku ekigendererwa ky’ekibiina**, kubanga kino **ekisooka ku ekigendererwa ky’ekibiina**, kubanga kino **ekisooka ku ekigendererwa ky’ekibiina**, kubanga kino **ekisooka ku ekigendererwa ky’ekibiina**, kubanga kino **ekisooka ku ekigendererwa ky’ekibiina**, kubanga kino **ekisooka ku ekigendererwa ky’ekibiina**, kubanga kino **ekisooka ku ekigendererwa ky’ekibiina**, kubanga kino **ekisooka ku ekigendererwa ky’ekibiina**, kubanga kino **ekisooka ku ekigendererwa ky’ekibiina**, kubanga kino **ekisooka ku ekigendererwa ky’ekibiina**, kubanga kino **ekisooka ku ekigendererwa ky’ekibiina**, kubanga kino **ekisooka ku ekigendererwa ky’ekibiina**, kubanga kino **ekisooka ku ekigendererwa ky’ekibiina**, kubanga kino **ekisooka ku ekigendererwa ky’ekibiina**, kubanga kino **ekisooka ku ekigendererwa ky’ekibiina**, kubanga kino **ekisooka ku ekigendererwa ky’ekibiina**, kubanga kino **ekisooka ku ekigendererwa ky’ekibiina**, kubanga kino **ekisooka ku ekigendererwa ky’ekibiina**, kubanga kino **ekisooka ku ekigendererwa ky’ekibiina**, kubanga kino **ekisooka ku ekigendererwa ky’ekibiina**, kubanga kino **ekisooka ku ekigendererwa ky’ekibiina**, kubanga kino **ekisooka ku ekigendererwa ky’ekibiina**, kubanga kino **ekisooka ku ekigendererwa ky’ekibiina**, kubanga kino **ekisooka ku ekigendererwa ky’ekibiina**, kubanga kino **ekisooka ku ekigendererwa ky’ekibiina**, kubanga kino **ekisooka ku ekigendererwa ky’ekibiina**, kubanga kino **ekisooka ku ekigendererwa ky’ekibiina**, kubanga kino **ekisooka ku ekigendererwa ky’ekibiina**, kubanga kino **ekisooka ku ekigendererwa ky’ekibiina**, kubanga kino **ekisooka ku ekigendererwa ky’ekibiina**, kubanga kino **ekisooka ku ekigendererwa ky’ekibiina**, kubanga kino **ekisooka ku ekigendererwa ky’ekibiina**, kubanga kino **ekisooka ku ekigendererwa ky’ekibiina**, kubanga kino **ekisooka ku ekigendererwa ky’ekibiina**, kubanga kino **ekisooka ku ekigendererwa ky’ekibiina**, kubanga kino **ekisooka ku ekigendererwa ky’ekibiina**, kubanga kino **ekisooka ku ekigendererwa ky’ekibiina**, kubanga kino **ekisooka ku ekigendererwa ky’ekibiina**, kubanga kino **ekisooka ku ekigendererwa ky’ekibiina**, kubanga kino **ekisooka ku ekigendererwa ky’ekibiina**, kubanga kino **ekisooka ku ekigendererwa ky’ekibiina**, kubanga kino **ekisooka ku ekigendererwa ky’ekibiina**, kubanga kino **ekisooka ku ekigendererwa ky’ekibiina**, kubanga kino **ekisooka ku ekigendererwa ky’ekibiina**, kubanga kino **ekisooka ku ekigendererwa ky’ekibiina**, kubanga kino **ekisooka ku ekigendererwa ky’ekibiina**, kubanga kino **ekisooka ku ekigendererwa ky’ekibiina**, kubanga kino **ekisooka ku ekigendererwa ky’ekibiina**, kubanga kino **ekisooka ku ekigendererwa ky’ekibiina**, kubanga kino **ekisooka ku ekigendererwa ky’ekibiina**, kubanga kino **ekisooka ku ekigendererwa ky’ekibiina**, kubanga kino **ekisooka ku ekigendererwa ky’ekibiina**, kubanga kino **ekisooka ku ekigendererwa ky’ekibiina**, kubanga kino **ekisooka ku ekigendererwa ky’ekibiina**, kubanga kino **ekisooka ku ekigendererwa ky’ekibiina**, kubanga kino **ekisooka ku ekigendererwa ky’ekibiina**, kubanga kino **ekisooka ku ekigendererwa ky’ekibiina**, kubanga kino **ekisooka ku ekigendererwa ky’ekibiina**, kubanga kino **ekisooka ku ekigendererwa ky’ekibiina**, kubanga kino **ekisooka ku ekigendererwa ky’ekibiina**, kubanga kino **ekisooka ku ekigendererwa ky’ekibiina**, kubanga kino **ekisooka ku ekigendererwa ky’ekibiina**, kubanga kino **ekisooka ku ekigendererwa ky’ekibiina**, kubanga kino **ekisooka ku ekigendererwa ky’ekibiina**, kubanga kino **ekisooka ku ekigendererwa ky’ekibiina**, kubanga kino **ekisooka ku ekigendererwa ky’ekibiina**, kubanga kino **ekisooka ku ekigendererwa ky’ekibiina**, kubanga kino **ekisooka ku ekigendererwa ky’ekibiina**, kubanga kino **ekisooka ku ekigendererwa ky’ekibiina**, kubanga kino **ekisooka ku ekigendererwa ky’ekibiina**, kubanga kino **ekisooka ku ekigendererwa ky’ekibiina**, kubanga kino **ekisooka ku ekigendererwa ky’ekibiina**, kubanga kino **ekisooka ku ekigendererwa ky’ekibiina**, kubanga kino **ekisooka ku ekigendererwa ky’ekibiina**, kubanga kino **ekisooka ku ekigendererwa ky’ekibiina**, kubanga kino **ekisooka ku ekigendererwa ky’ekibiina**, kubanga kino **ekisooka ku ekigendererwa ky’ekibiina**, kubanga kino **ekisooka ku ekigendererwa ky’ekibiina**, kubanga kino **ekisooka ku ekigendererwa ky’ekibiina**, kubanga kino **ekisooka ku ekigendererwa ky’ekibiina**, kubanga kino **ekisooka ku ekigendererwa ky’ekibiina**, kubanga kino **ekisooka ku ekigendererwa ky’ekibiina**, kubanga kino **ekisooka ku ekigendererwa ky’ekibiina**, kubanga kino **ekisooka ku ekigendererwa ky’ekibiina**, kubanga kino **ekisooka ku ekigendererwa ky’ekibiina**, kubanga kino **ekisooka ku ekigendererwa ky’ekibiina**, kubanga kino **ekisooka ku ekigendererwa ky’ekibiina**, kubanga kino **ekisooka ku ekigendererwa ky’ekibi",True,270.13161470001796,10119,8192,0
A,"**Ekibuuzo kye kisooka:**  
Ku kiseera ky’ekyemisana, Pablo atunuulira akajiiko era bw’alaba ekifaananyi kye ng’akyeyoleka agamba: “Laba, Pablo!”  

**Ku kiseera ky’okuzannya obwereere mu luggya, Soledad akuba ensigo mu ngalo ze nagamba: “Nneneenya”**  

**Ku kiseera María ky’amaze mu luggya, akuŋŋaanya ebika by’amatabi g’emiti egy’enjawulo mu kabaati.**  

**Ku kiseera ky’okuyiga, Santiago asiiga amayinja ag’enjawulo mu bunene.**  

**Ku kiseera omuli ebintu ebimanyiddwa okuyita mu birowoozo (ebiwoma/ebikaawa, obuwunga/omukaka, ebiwewuka/ebikakali, akaloosa akasanyusa/akaloosa akabi), ssa ebiriiso mu bibinja okusinziira ku bintu ebyo.**  

**Ku kiseera omuli ebifaananyi ebikiikirira buli kimu ku bumanyirivu, lamba eby’okuddamu ku bibuuzo bino: Bumanyirivu ki bwe wakozesezza okukiraba nti ebbugga lya kyenvu? Bwe ki ki ekyakuyambye okutegeera nti ppere lya matamiivu? Bwe ki ekyakuyambye okutegeera nti ekikuta ky’ebbugga kirungiirivu? Bwe ki ekyakuyambye okutegeera nti omucungwa guwoomerevu?**  

**Ku kiseera olulaga ebifaananyi by'ebibala bino nga kuliko empandiika enzirugavu erimu obwenyi obusanyufu n'obwenyi obunakuwavu, kozesa langi okuddamu ebibuuzo bino: Bw'abadde olya ekitundu ky'omucungwa, owulidde essanyu oba obunakuvu? Bw'obadde olaba langi y'e'nnanansi, ogisiimye oba togisiimye? Bw'obadde okwata ku kikuta ky'omupeera, owulidde essanyu oba obunakuvu? Bw'obadde owunya omucungwa, ogusiimye oba togusiimye?**  

**Ku kiseera ""Okutegeera obukulu bw'okunoonyereza ku by'omusisa mu kuzimba okumanya ku by'ettaka"":**  
- **Option B** (Mu ngeri ki amaanyi agava mu musisi gye gasaasaana okuyita mu mayengo agasooka, agokubiri, n'agomubwengwa?) **kituufu**.  
  - **Ku kiseera**, Pablo atunuulira akajiiko (observation) era alaba ekifaananyi (experimentation) kubiri ku kikuta ky’akajiiko (variables).  
  - **Ku kiseera ky’okunoonyereza**, ekigendererwa kino kye kisooka ku **nkola y’okutegeera obukulu** (hypothesis testing) n’okukozesa **ebintu ebiri** (variables) mu kuzimba (experimentation) okusinziira ku **ekifaananyi** (results).  

**Option A** (Nnyonnyola engeri tekinologiya gy’akozesebwaamu okukozesa empuyiro za ssezzimu okusoma ku ndabika y’omunda ey’ensi) **kisooka ku tekiniki**, oba **kino kisooka ku nkola y’okutegeera obukulu**, oba tekiniki y’okusoma kisooka ku **nkola y’okugoberera** (data collection), oba **kino kisooka ku nkola y’okutegeera obukulu**.  

**Option C** (Laga ebyo ebireeta musisi eby'obutonde, gamba ng'enkolagana wakati w'ebipande bya tectonic olw'entambula yaabyo) **kisooka ku nkola y’okugoberera** (applying existing knowledge), oba **kino kisooka ku nkola y’okutegeera obukulu**.  

**Option D** (Londa we nsisi gyasinziira ng'okozesa omutendera ogw'okusimba empuyi ssatu okuyita mu bifo bisatu ebikebera ensisi, nga basinziira ku bipimo by'amaanyi g'ensisi ebifuniddwa mu buli kifo) **kisooka ku simulation**, oba **kino kisooka ku nkola y’okutegeera obukulu**.  

**Ku kiseera ky’okunoonyereza**, **Option B** **kisooka ku nkola y’okutegeera obukulu** (hypothesis testing) n’okukozesa **ebintu ebiri** (variables) mu kuzimba (experimentation) okusinziira ku **ekifaananyi** (results). **Option B** **kisooka ku ekigendererwa kino**.  

**Ku kiseera ky’okunoonyereza**, **Option B** **kisooka ku nkola y’okutegeera obukulu** (hypothesis testing) n’okukozesa **ebintu ebiri** (variables) mu kuzimba (experimentation) okusinziira ku **ekifaananyi** (results). **Option B** **kisooka ku ekigendererwa kino**.  

**Ku kiseera ky’okunoonyereza**, **Option B** **kisooka ku nkola y’okutegeera obukulu** (hypothesis testing) n’okukozesa **ebintu ebiri** (variables) mu kuzimba (experimentation) okusinziira ku **ekifaananyi** (results). **Option B** **kisooka ku ekigendererwa kino**.  

**Ku kiseera ky’okunoonyereza**, **Option B** **kisooka ku nkola y’okutegeera obukulu** (hypothesis testing) n’okukozesa **ebintu ebiri** (variables) mu kuzimba (experimentation) okusinziira ku **ekifaananyi** (results). **Option B** **kisooka ku ekigendererwa kino**.  

**Ku kiseera ky’okunoonyereza**, **Option B** **kisooka ku nkola y’okutegeera obukulu** (hypothesis testing) n’okukozesa **ebintu ebiri** (variables) mu kuzimba (experimentation) okusinziira ku **ekifaananyi** (results). **Option B** **kisooka ku ekigendererwa kino**.  

**Ku kiseera ky’okunoonyereza**, **Option B** **kisooka ku nkola y’okutegeera obukulu** (hypothesis testing) n’okukozesa **ebintu ebiri** (variables) mu kuzimba (experimentation) okusinziira ku **ekifaananyi** (results). **Option B** **kisooka ku ekigendererwa kino**.  

**Ku kiseera ky’okunoonyereza**, **Option B** **kisooka ku nkola y’okutegeera obukulu** (hypothesis testing) n’okukozesa **ebintu ebiri** (variables) mu kuzimba (experimentation) okusinziira ku **ekifaananyi** (results). **Option B** **kisooka ku ekigendererwa kino**.  

**Ku kiseera ky’okunoonyereza**, **Option B** **kisooka ku nkola y’okutegeera obukulu** (hypothesis testing) n’okukozesa **ebintu ebiri** (variables) mu kuzimba (experimentation) okusinziira ku **ekifaananyi** (results). **Option B** **kisooka ku ekigendererwa kino**.  

**Ku kiseera ky’okunoonyereza**, **Option B** **kisooka ku nkola y’okutegeera obukulu** (hypothesis testing) n’okukozesa **ebintu ebiri** (variables) mu kuzimba (experimentation) okusinziira ku **ekifaananyi** (results). **Option B** **kisooka ku ekigendererwa kino**.  

**Ku kiseera ky’okunoonyereza**, **Option B** **kisooka ku nkola y’okutegeera obukulu** (hypothesis testing) n’okukozesa **ebintu ebiri** (variables) mu kuzimba (experimentation) okusinziira ku **ekifaananyi** (results). **Option B** **kisooka ku ekigendererwa kino**.  

**Ku kiseera ky’okunoonyereza**, **Option B** **kisooka ku nkola y’okutegeera obukulu** (hypothesis testing) n’okukozesa **ebintu ebiri** (variables) mu kuzimba (experimentation) okusinziira ku **ekifaananyi** (results). **Option B** **kisooka ku ekigendererwa kino**.  

**Ku kiseera ky’okunoonyereza**, **Option B** **kisooka ku nkola y’okutegeera obukulu** (hypothesis testing) n’okukozesa **ebintu ebiri** (variables) mu kuzimba (experimentation) okusinziira ku **ekifaananyi** (results). **Option B** **kisooka ku ekigendererwa kino**.  

**Ku kiseera ky’okunoonyereza**, **Option B** **kisooka ku nkola y’okutegeera obukulu** (hypothesis testing) n’okukozesa **ebintu ebiri** (variables) mu kuzimba (experimentation) okusinziira ku **ekifaananyi** (results). **Option B** **kisooka ku ekigendererwa kino**.  

**Ku kiseera ky’okunoonyereza**, **Option B** **kisooka ku nkola y’okutegeera obukulu** (hypothesis testing) n’okukozesa **ebintu ebiri** (variables) mu kuzimba (experimentation) okusinziira ku **ekifaananyi** (results). **Option B** **kisooka ku ekigendererwa kino**.  

**Ku kiseera ky’okunoonyereza**, **Option B** **kisooka ku nkola y’okutegeera obukulu** (hypothesis testing) n’okukozesa **ebintu ebiri** (variables) mu kuzimba (experimentation) okusinziira ku **ekifaananyi** (results). **Option B** **kisooka ku ekigendererwa kino**.  

**Ku kiseera ky’okunoonyereza**, **Option B** **kisooka ku nkola y’okutegeera obukulu** (hypothesis testing) n’okukozesa **ebintu ebiri** (variables) mu kuzimba (experimentation) okusinziira ku **ekifaananyi** (results). **Option B** **kisooka ku ekigendererwa kino**.  

**Ku kiseera ky’okunoonyereza**, **Option B** **kisooka ku nkola y’okutegeera obukulu** (hypothesis testing) n’okukozesa **ebintu ebiri** (variables) mu kuzimba (experimentation) okusinziira ku **ekifaananyi** (results). **Option B** **kisooka ku ekigendererwa kino**.  

**Ku kiseera ky’okunoonyereza**, **Option B** **kisooka ku nkola y’okutegeera obukulu** (hypothesis testing) n’okukozesa **ebintu ebiri** (variables) mu kuzimba (experimentation) okusinziira ku **ekifaananyi** (results). **Option B** **kisooka ku ekigendererwa kino**.  

**Ku kiseera ky’okunoonyereza**, **Option B** **kisooka ku nkola y’okutegeera obukulu** (hypothesis testing) n’okukozesa **ebintu ebiri** (variables) mu kuzimba (experimentation) okusinziira ku **ekifaananyi** (results). **Option B** **kisooka ku ekigendererwa kino**.  

**Ku kiseera ky’okunoonyereza**, **Option B** **kisooka ku nkola y’okutegeera obukulu** (hypothesis testing) n’okukozesa **ebintu ebiri** (variables) mu kuzimba (experimentation) okusinziira ku **ekifaananyi** (results). **Option B** **kisooka ku ekigendererwa kino**.  

**Ku kiseera ky’okunoonyereza**, **Option B** **kisooka ku nkola y’okutegeera obukulu** (hypothesis testing) n’okukozesa **ebintu ebiri** (variables) mu kuzimba (experimentation) okusinziira ku **ekifaananyi** (results). **Option B** **kisooka ku ekigendererwa kino**.  

**Ku kiseera ky’okunoonyereza**, **Option B** **kisooka ku nkola y’okutegeera obukulu** (hypothesis testing) n’okukozesa **ebintu ebiri** (variables) mu kuzimba (experimentation) okusinziira ku **ekifaananyi** (results). **Option B** **kisooka ku ekigendererwa kino**.  

**Ku kiseera ky’okunoonyereza**, **Option B** **kisooka ku nkola y’okutegeera obukulu** (hypothesis testing) n’okukozesa **",True,141.85643470002105,5920,4000,697
D,"**Correct Answer: D**

**Explanation:**  
The question asks about a literary technique where the uniqueness of an object is emphasized by contrasting it with its surrounding environment. This technique is known as **juxtaposition**, where contrasting elements are placed together to highlight differences. 

- **Option D** explicitly states the contrast between the object's inherent nature and its environment to underscore its uniqueness. For example, describing a vibrant flower in a barren desert emphasizes the flower's vividness through the stark contrast with its surroundings.  
- **Option B** is similar but less precise, as it focuses on ""highlighting uniqueness"" without clearly specifying the contrast with the environment.  
- **Options A and C** involve grouping similar items or using specific metaphors (e.g., Antarctic birds), which do not directly address the core concept of environmental contrast.  

Thus, **D** best captures the technique of using environmental contrast to highlight an object's distinctiveness.",True,18.925912999984575,2616,547,479
D,"**D. Gerageranya embiro ezeetoloolevu ez’enjawulo wakati w’obungi bw’ekikopo ekifaanana ng’omutunsi ogusaliddwa, nga kyettoloolera ku lumu ku njuyi zaakyo nga kiteereddwa ku ttaka erigalamidde.**

**Explanation:**  
The formula $ v_t = R \cdot \omega $ directly relates the **tangential velocity** ($ v_t $) of a point on a rotating object to its **radius** ($ R $) and **angular velocity** ($ \omega $). This relationship is fundamental in kinematics for rigid rotating bodies, where all points share the same $ \omega $, but their $ v_t $ varies proportionally with $ R $. 

- **Option D** correctly describes the student's analysis: comparing the linear velocity ($ v_t $) of different points on the object (which have varying $ R $) while keeping $ \omega $ constant. This aligns with the formula, as $ v_t $ depends on $ R $ for a fixed $ \omega $.  
- **Option B** involves angular acceleration ($ \alpha $), which is not directly addressed by the formula $ v_t = R \cdot \omega $. The slope of a $ v_t $ vs. time graph would relate to tangential acceleration ($ a_t = R \cdot \alpha $), not the original formula.  
- **Options A and C** either misapply the formula (e.g., to acceleration) or introduce incorrect assumptions (e.g., $ \omega $ changes with $ R $).  

Thus, **D** is the correct choice as it reflects the direct application of the given formula to analyze the relationship between linear velocity and angular velocity across different radii.",True,79.50289390000398,4435,2319,2259
A,"**D. Okutondeesa vekita nga tukozesa ebipimo bya Katisiyaani**

**Explanation:**  
Centripetal acceleration ($a_c$) is calculated using the formula $a_c = \frac{v^2}{r}$, where $v$ is the linear velocity and $r$ is the radius of the circular path. To determine $v$, students can use a **ticker timer** (option D) to measure time intervals between dots on a tape. By analyzing the spacing of the dots, they can calculate velocity ($v = \frac{\text{distance}}{\text{time}}$). The radius ($r$) is measured directly (option C). Combining these measurements allows the calculation of centripetal acceleration. While measuring the radius (C) is necessary, the **ticker timer** (D) is the key experimental tool for determining velocity, making **D** the correct answer.",True,20.884388500009663,2509,670,594
B,"**Jawabu:**  
**B. Okulowooza nti obuziba ekintu kye kiyimiriddemu mu mazzi kye kireetera amaanyi agakirwanyisa okuba amangi oba amatono.**

**Explanation:**  
Ekyemisana y'Archimedes (Archimedes' Principle) ekisooka ku:  
*""Obuziba ekintu kye kiyimiridwa mu mazzi (n'okweyebwa) kireetera amaanyi g'ekintu ekikulukusidwa mu mazzi (ekintu ekikwata ku mazzi).""*  
- **Obuziba** (upward force) ekisobola ekintu ekikwata ku mazzi (e.g., mazzi, enywe).  
- **Amaanyi g'ekintu ekikulukusidwa** (weight of displaced fluid) ekisobola kugaba ku kipya kya ekintu ekikwata ku mazzi.  

**Ku kiseera B,** abayizi banyonnyola obuziba (buoyant force) ekintu ekikwata mu mazzi, n'ekisobola amaanyi g'ekintu ekikulukusidwa. Ekyo ekisooka ku kipya kya Archimedes, kubanga obuziba ekisobola amaanyi g'ekintu ekikwata ku mazzi.  

**Kiseera A, C, D** ekisooka ku kipya kya tekinikiti, kubanga:  
- **A** ekisooka ku kipya kya ekintu ekikwata (object's weight) n'ekintu ekikulukusidwa (displaced fluid's weight), kubanga kino kisobola te ku kintu ekikwata (e.g., ekintu ekikwata oba ekikwata ku mazzi).  
- **C** ekisooka ku kipya kya obusobozi (pressure) n'ekikulukusi (depth), kubanga kino kisobola te Pascal's Principle.  
- **D** ekisooka ku kipya kya obuziba ekisobola oba oba kipya kya ekintu ekikwata, kubanga kino kisobola te kipya kya tekinikiti (e.g., formula F_b = ρ_fluid * V_displaced * g), oba te kipya kya kisobola obuziba ekisobola amaanyi g'ekintu ekikulukusidwa.  

**Kiseera B** ekisooka ku kipya kya Archimedes kubanga ekisobola obuziba ekisobola amaanyi g'ekintu ekikwata ku mazzi, oba te ekintu ekikwata oba ekikwata ku mazzi.",True,46.52781090000644,3306,1477,934
B,"**Ekibuuzo kye kikozeseza omusingi gwa Bernoulli:**  
Ku ngeri ez’okuyiga, omusingi gwa Bernoulli ekyeyinza okutegeera ku **ekikuta ky’ebbugga** (pressure) n’**ekikuta ky’ebintu ebimanyirivu** (velocity) mu **ebibala** (fluid). Ekikuta ky’ebbugga ekyakulembeera ku **ekikuta ky’ebintu ebimanyirivu**—kaka eky’ebintu ebimanyirivu ekyakulembeera, ekikuta ky’ebbugga ekyakulembeera, n’ekikuta ky’ebintu ebimanyirivu ekyakulembeera, ekikuta ky’ebbugga ekyakulembeera.  

**Ku mpaka ku mpaka, kiki kye kikozeseza omusingi gwa Bernoulli?**  
- **Option D:** *""Bannyonnyola lwaki eccupa ya pulasitiika enyigirizika ng’omukka ogugirimu guggiddwamu.""*  
  - **Kikozeseza:** Kaka eky’ebintu ebimanyirivu (air) ekyakulembeera mu **eccupa ya pulasitiika** (balloon), ekikuta ky’ebbugga ekyakulembeera. Kaka eky’ebbugga ekyakulembeera, **eccupa** ekyakulembeera **okukereza** (move) mu **ekikuta ky’ebbugga ky’ekyakuyambye**.  
  - **Kikozeseza omusingi gwa Bernoulli:** Kaka eky’ebintu ebimanyirivu ekyakulembeera (air escaping from the balloon), ekikuta ky’ebbugga ekyakulembeera, n’ekikuta ky’ebbugga ekyakulembeera ekyeyinza **okukereza** (movement) ya eccupa.  

**Kiki kye kikozeseza kaka eky’ebintu ebimanyirivu ekyakulembeera?**  
- **Option C:** *""Bannyonnyola lwaki obugazi bw’akatonnyeze k’amazzi bukendeera nga bugwa okuva ku ttipa.""*  
  - **Kikozeseza:** Kaka eky’ebintu ebimanyirivu (water) ekyakulembeera mu **bugazi** (pipe), ekikuta ky’ebbugga ekyakulembeera.  
  - **Kikozeseza omusingi gwa Bernoulli:** Kaka eky’ebintu ebimanyirivu ekyakulembeera, ekikuta ky’ebbugga ekyakulembeera.  

**Kiki kye kikozeseza kaka eky’ebintu ebimanyirivu ekyakulembeera?**  
- **Option A:** *""Banannyonnyola engeri ebigambo ebikozesebwa mu kyenkanyanjuyi kya Bernoulli gye bitegeerekeka.""*  
  - **Kikozeseza:** Kaka eky’ebintu ebimanyirivu ekyakulembeera mu **kyenkanyanjuyi kya Bernoulli** (Bernoulli’s equation), ekikuta ky’ebbugga ekyakulembeera.  

**Kiki kye kikozeseza kaka eky’ebintu ebimanyirivu ekyakulembeera?**  
- **Option B:** *""Banannyonnyola engeri akamooli akasiiga akawunga bwe kakola.""*  
  - **Kikozeseza:** Kaka eky’ebintu ebimanyirivu ekyakulembeera mu **akamooli** (buoyancy), ekikuta ky’ebbugga ekyakulembeera.  

**Kiki kye kikozeseza kaka eky’ebintu ebimanyirivu ekyakulembeera?**  
- **Option D:** *""Bannyonnyola lwaki eccupa ya pulasitiika enyigirizika ng’omukka ogugirimu guggiddwamu.""*  
  - **Kikozeseza:** Kaka eky’ebintu ebimanyirivu ekyakulembeera mu **eccupa ya pulasitiika** (balloon), ekikuta ky’ebbugga ekyakulembeera.  

**Kiki kye kikozeseza kaka eky’ebintu ebimanyirivu ekyakulembeera?**  
- **Option D:** *""Bannyonnyola lwaki eccupa ya pulasitiika enyigirizika ng’omukka ogugirimu guggiddwamu.""*  
  - **Kikozeseza:** Kaka eky’ebintu ebimanyirivu ekyakulembeera mu **eccupa ya pulasitiika** (balloon), ekikuta ky’ebbugga ekyakulembeera.  

**Kiki kye kikozeseza kaka eky’ebintu ebimanyirivu ekyakulembeera?**  
- **Option D:** *""Bannyonnyola lwaki eccupa ya pulasitiika enyigirizika ng’omukka ogugirimu guggiddwamu.""*  
  - **Kikozeseza:** Kaka eky’ebintu ebimanyirivu ekyakulembeera mu **eccupa ya pulasitiika** (balloon), ekikuta ky’ebbugga ekyakulembeera.  

**Kiki kye kikozeseza kaka eky’ebintu ebimanyirivu ekyakulembeera?**  
- **Option D:** *""Bannyonnyola lwaki eccupa ya pulasitiika enyigirizika ng’omukka ogugirimu guggiddwamu.""*  
  - **Kikozeseza:** Kaka eky’ebintu ebimanyirivu ekyakulembeera mu **eccupa ya pulasitiika** (balloon), ekikuta ky’ebbugga ekyakulembeera.  

**Kiki kye kikozeseza kaka eky’ebintu ebimanyirivu ekyakulembeera?**  
- **Option D:** *""Bannyonnyola lwaki eccupa ya pulasitiika enyigirizika ng’omukka ogugirimu guggiddwamu.""*  
  - **Kikozeseza:** Kaka eky’ebintu ebimanyirivu ekyakulembeera mu **eccupa ya pulasitiika** (balloon), ekikuta ky’ebbugga ekyakulembeera.  

**Kiki kye kikozeseza kaka eky’ebintu ebimanyirivu ekyakulembeera?**  
- **Option D:** *""Bannyonnyola lwaki eccupa ya pulasitiika enyigirizika ng’omukka ogugirimu guggiddwamu.""*  
  - **Kikozeseza:** Kaka eky’ebintu ebimanyirivu ekyakulembeera mu **eccupa ya pulasitiika** (balloon), ekikuta ky’ebbugga ekyakulembeera.  

**Kiki kye kikozeseza kaka eky’ebintu ebimanyirivu ekyakulembeera?**  
- **Option D:** *""Bannyonnyola lwaki eccupa ya pulasitiika enyigirizika ng’omukka ogugirimu guggiddwamu.""*  
  - **Kikozeseza:** Kaka eky’ebintu ebimanyirivu ekyakulembeera mu **eccupa ya pulasitiika** (balloon), ekikuta ky’ebbugga ekyakulembeera.  

**Kiki kye kikozeseza kaka eky’ebintu ebimanyirivu ekyakulembeera?**  
- **Option D:** *""Bannyonnyola lwaki eccupa ya pulasitiika enyigirizika ng’omukka ogugirimu guggiddwamu.""*  
  - **Kikozeseza:** Kaka eky’ebintu ebimanyirivu ekyakulembeera mu **eccupa ya pulasitiika** (balloon), ekikuta ky’ebbugga ekyakulembeera.  

**Kiki kye kikozeseza kaka eky’ebintu ebimanyirivu ekyakulembeera?**  
- **Option D:** *""Bannyonnyola lwaki eccupa ya pulasitiika enyigirizika ng’omukka ogugirimu guggiddwamu.""*  
  - **Kikozeseza:** Kaka eky’ebintu ebimanyirivu ekyakulembeera mu **eccupa ya pulasitiika** (balloon), ekikuta ky’ebbugga ekyakulembeera.  

**Kiki kye kikozeseza kaka eky’ebintu ebimanyirivu ekyakulembeera?**  
- **Option D:** *""Bannyonnyola lwaki eccupa ya pulasitiika enyigirizika ng’omukka ogugirimu guggiddwamu.""*  
  - **Kikozeseza:** Kaka eky’ebintu ebimanyirivu ekyakulembeera mu **eccupa ya pulasitiika** (balloon), ekikuta ky’ebbugga ekyakulembeera.  

**Kiki kye kikozeseza kaka eky’ebintu ebimanyirivu ekyakulembeera?**  
- **Option D:** *""Bannyonnyola lwaki eccupa ya pulasitiika enyigirizika ng’omukka ogugirimu guggiddwamu.""*  
  - **Kikozeseza:** Kaka eky’ebintu ebimanyirivu ekyakulembeera mu **eccupa ya pulasitiika** (balloon), ekikuta ky’ebbugga ekyakulembeera.  

**Kiki kye kikozeseza kaka eky’ebintu ebimanyirivu ekyakulembeera?**  
- **Option D:** *""Bannyonnyola lwaki eccupa ya pulasitiika enyigirizika ng’omukka ogugirimu guggiddwamu.""*  
  - **Kikozeseza:** Kaka eky’ebintu ebimanyirivu ekyakulembeera mu **eccupa ya pulasitiika** (balloon), ekikuta ky’ebbugga ekyakulembeera.  

**Kiki kye kikozeseza kaka eky’ebintu ebimanyirivu ekyakulembeera?**  
- **Option D:** *""Bannyonnyola lwaki eccupa ya pulasitiika enyigirizika ng’omukka ogugirimu guggiddwamu.""*  
  - **Kikozeseza:** Kaka eky’ebintu ebimanyirivu ekyakulembeera mu **eccupa ya pulasitiika** (balloon), ekikuta ky’ebbugga ekyakulembeera.  

**Kiki kye kikozeseza kaka eky’ebintu ebimanyirivu ekyakulembeera?**  
- **Option D:** *""Bannyonnyola lwaki eccupa ya pulasitiika enyigirizika ng’omukka ogugirimu guggiddwamu.""*  
  - **Kikozeseza:** Kaka eky’ebintu ebimanyirivu ekyakulembeera mu **eccupa ya pulasitiika** (balloon), ekikuta ky’ebbugga ekyakulembeera.  

**Kiki kye kikozeseza kaka eky’ebintu ebimanyirivu ekyakulembeera?**  
- **Option D:** *""Bannyonnyola lwaki eccupa ya pulasitiika enyigirizika ng’omukka ogugirimu guggiddwamu.""*  
  - **Kikozeseza:** Kaka eky’ebintu ebimanyirivu ekyakulembeera mu **eccupa ya pulasitiika** (balloon), ekikuta ky’ebbugga ekyakulembeera.  

**Kiki kye kikozeseza kaka eky’ebintu ebimanyirivu ekyakulembeera?**  
- **Option D:** *""Bannyonnyola lwaki eccupa ya pulasitiika enyigirizika ng’omukka ogugirimu guggiddwamu.""*  
  - **Kikozeseza:** Kaka eky’ebintu ebimanyirivu ekyakulembeera mu **eccupa ya pulasitiika** (balloon), ekikuta ky’ebbugga ekyakulembeera.  

**Kiki kye kikozeseza kaka eky’ebintu ebimanyirivu ekyakulembeera?**  
- **Option D:** *""Bannyonnyola lwaki eccupa ya pulasitiika enyigirizika ng’omukka ogugirimu guggiddwamu.""*  
  - **Kikozeseza:** Kaka eky’ebintu ebimanyirivu ekyakulembeera mu **eccupa ya pulasitiika** (balloon), ekikuta ky’ebbugga ekyakulembeera.  

**Kiki kye kikozeseza kaka eky’ebintu ebimanyirivu ekyakulembeera?**  
- **Option D:** *""Bannyonnyola lwaki eccupa ya pulasitiika enyigirizika ng’omukka ogugirimu guggiddwamu.""*  
  - **Kikozeseza:** Kaka eky’ebintu ebimanyirivu ekyakulembeera mu **eccupa ya pulasitiika** (balloon), ekikuta ky’ebbugga ekyakulembeera.  

**Kiki kye kikoz",True,131.58349160000216,5886,4000,650
A,"**Answer:**  
**C. Balanguza embiro y’akamyu akagwa ku njuba ng’obunene bwako ku njuba bwe $ R $, singa embiro yaako yali 100 m/s ng’obunene bwako bwali $ \frac{R}{2} $**  

**Explanation:**  
The formula $ v = \omega r $ relates **tangential speed** ($ v $) to **angular speed** ($ \omega $) and **radius** ($ r $). In option **C**, the problem involves calculating the tangential speed at a different radius ($ \frac{R}{2} $) given the speed at radius $ R $. Here’s how it works:  
1. **Find angular speed ($ \omega $)** using the known values at radius $ R $:  
   $$
   \omega = \frac{v}{r} = \frac{100\, \text{m/s}}{R}.
   $$  
2. **Apply the formula** to the new radius ($ \frac{R}{2} $):  
   $$
   v_{\text{new}} = \omega \cdot \frac{R}{2} = \left(\frac{100}{R}\right) \cdot \frac{R}{2} = 50\, \text{m/s}.
   $$  
This directly uses the formula $ v = \omega r $ to solve for a new tangential speed, making **C** the correct application.  

**Why not the others?**  
- **A** calculates average angular speed ($ \omega = \theta/t $), not tangential speed.  
- **B** discusses angular displacement ($ \theta $), unrelated to $ v = \omega r $.  
- **D** merely states the formula without applying it to a problem.  

**Final Answer:** **C**",True,17.625625199987553,3063,1035,687
B,"**Ekibuuzo ekituufu:**

**""Anukula ekibuuzo kino ekituufu ng'ogoberera enkola y'emu:  
Omusomesa wa siniya, mu nteekateeka ze z'essomo, ataddewo ekigendererwa nti abayizi balage engeri enkyukakyuka ezibaawo mu busirikale bw'obuziba obwa leediyoaktifu gye zikwatagana n'obugumu bwabwo. Ku bikolwa bino wammanga, kiki omusomesa kye yandikozesezza okutuukiriza ekigendererwa ekyo mu kibiina?""**

---

### **Ekyeyinza ku kibuuzo:**

- Omusomesa **ataddewo ekigendererwa** kino:  
  **""Abayizi balage engeri enkyukakyuka ezibaawo mu busirikale bw'obuziba obwa leediyoaktifu gye zikwatagana n'obugumu bwabwo.""**

- Kino **ekisooka** okuteekana abayizi **okusinziira ku ngeri ez’ekyeyinza ku kikola** (ekyukakyuka) **ezibaawo mu busirikale** (kikola ku kikola) **bw’obuziba obwa leediyoaktifu** (obuziizi obwa leediyo) **gye zikwatagana n’obugumu** (kino ekyeyinza ku kikola ku kikola).

---

### **Ku kiseera ky’okukozesa omulimu:**

- Omusomesa **ayagala okwogera ku ngeri ez’enjawulo** ez’okwawula **ebintu ebiri mu mugatte**.
- Ate **alaga abayizi be eccupa erimu amazzi, amayinja, amafuta, n’omunnyo**.
- Ate **alina eccupa eziwerako** ezitegekeddwa nga zirimu **ebintu bye bimu**.

---

### **Ku kiseera ky’okukozesa enkola y’ekigendererwa:**

- Ekigendererwa kino **ekisooka ku kikola ku kikola** (ekyukakyuka).
- Ekyeyinza ku **kikola y’obuziizi obwa leediyo** (leediyoaktifu).
- Ekyeyinza ku **kikola y’obutebenkevu** (obugumu).
- Ekyeyinza ku **kikola y’obusannyalaze** (kikola ku kikola).

---

### **Ku kiseera ky’okukozesa amazzi:**

- Abayizi **balage amazzi** (ekikola y’obusannyalaze).
- Abayizi **balage amayinja** (ekikola y’obutebenkevu).
- Abayizi **balage amafuta** (ekikola y’obutebenkevu).
- Abayizi **balage omunnyo** (ekikola y’obutebenkevu).

---

### **Ku kiseera ky’okukozesa obutegeevu:**

- **""Kibala ki ekya kyenvu?""** – Ekikola y’obusannyalaze.
- **""Kibala ki ekiwooma?""** – Ekikola y’obutebenkevu.
- **""Kibala ki ekikakanyavu?""** – Ekikola y’obutebenkevu.
- **""Kibala ki ekiwunya bulungi?""** – Ekikola y’obutebenkevu.

---

### **Ku kiseera ky’okukozesa obukodyo:**

- **""Bakozesa obukodyo bwe balaba nga butuufu""** – Ekikola y’obutebenkevu.
- **""Balambulula okutuuka ku kigero ki obusobozi bwabwe""** – Ekikola y’obutebenkevu.
- **""Bakozesa obukodyo bwe balaba nga butuufu""** – Ekikola y’obusannyalaze.

---

### **Ku kiseera ky’okukozesa obutebenkevu:**

- **""Bateekawo enkola ey’awamu""** – Ekikola y’obutebenkevu.
- **""Bagissa mu nkola""** – Ekikola y’obutebenkevu.

---

### **Ku kiseera ky’okukozesa obusanyu oba obunakuwavu:**

- **""Bw’abadde olya ekitundu ky’omucungwa, owulidde essanyu oba obunakuvu?""** – Ekikola y’obutebenkevu.
- **""Bw’obadde olaba langi y’e’nnanansi, ogisiimye oba togisiimye?""** – Ekikola y’obutebenkevu.
- **""Bw’obadde okwata ku kikuta ky’omupeera, owulidde essanyu oba obunakuvu?""** – Ekikola y’obutebenkevu.
- **""Bw’obadde owunya omucungwa, ogusiimye oba togusiimye?""** – Ekikola y’obutebenkevu.

---

### **Ku kiseera ky’okukozesa obutebenkevu:**

- **""Balage engeri enkyukakyuka ezibaawo mu busirikale""** – Ekikola y’obutebenkevu.
- **""Gye zikwatagana n’obugumu""** – Ekikola y’obutebenkevu.

---

### **Ku kiseera ky’okukozesa obusanyu oba obunakuwavu:**

- **""Bw’abadde olya ekitundu ky’omucungwa, owulidde essanyu oba obunakuvu?""** – Ekikola y’obutebenkevu.
- **""Bw’obadde olaba langi y’e’nnanansi, ogisiimye oba togisiimye?""** – Ekikola y’obutebenkevu.
- **""Bw’obadde okwata ku kikuta ky’omupeera, owulidde essanyu oba obunakuvu?""** – Ekikola y’obutebenkevu.
- **""Bw’obadde owunya omucungwa, ogusiimye oba togusiimye?""** – Ekikola y’obutebenkevu.

---

### **Ku kiseera ky’okukozesa obutebenkevu:**

- **""Abayizi balage engeri enkyukakyuka ezibaawo mu busirikale""** – Ekikola y’obutebenkevu.
- **""Gye zikwatagana n’obugumu""** – Ekikola y’obutebenkevu.

---

### **Ku kiseera ky’okukozesa obutebenkevu:**

- **""Saba abayizi okukiikirira ebifulumizibwa bya nuclide mu nkulukuta y'obusannyalaze erimu obutonde bw'ekibulukusi.""** – Ekikola y’obusannyalaze.
- **""Basabye abayizi okutegeera ekika ky’ekifulumizibwa ekiva mu kintu nga basinziira ku ggulaafu y’omusipi gw’obunywevu bw’obuziizi.""** – Ekikola y’obutebenkevu.
- **""Baagaliza abayizi okunoonyereza ku maanyi agasindiikiriza n'agaleeta ebiri mu busibe bw'akaziba okusobola okutuuka ku mutindo ogw'obutebenkevu.""** – Ekikola y’obutebenkevu.
- **""Balagira abayizi okuteekateeka akatonnyeze akalaga ebika by'obusannyalaze obwa leediyo obuva mu nnyukiriyaasi okusobola okutuuka ku mutindo ogw'obutebenkevu.""** – Ekikola y’obutebenkevu.

---

### **Ku kiseera ky’okukozesa obutebenkevu:**

- **""Saba abayizi okukiikirira ebifulumizibwa bya nuclide mu nkulukuta y'obusannyalaze erimu obutonde bw'ekibulukusi.""** – Ekikola y’obusannyalaze.
- **""Basabye abayizi okutegeera ekika ky’ekifulumizibwa ekiva mu kintu nga basinziira ku ggulaafu y’omusipi gw’obunywevu bw’obuziizi.""** – Ekikola y’obutebenkevu.
- **""Baagaliza abayizi okunoonyereza ku maanyi agasindiikiriza n'agaleeta ebiri mu busibe bw'akaziba okusobola okutuuka ku mutindo ogw'obutebenkevu.""** – Ekikola y’obutebenkevu.
- **""Balagira abayizi okuteekateeka akatonnyeze akalaga ebika by'obusannyalaze obwa leediyo obuva mu nnyukiriyaasi okusobola okutuuka ku mutindo ogw'obutebenkevu.""** – Ekikola y’obutebenkevu.

---

### **Ku kiseera ky’okukozesa obutebenkevu:**

- **""Basabye abayizi okutegeera ekika ky’ekifulumizibwa ekiva mu kintu nga basinziira ku ggulaafu y’omusipi gw’obunywevu bw’obuziizi.""** – Ekikola y’obutebenkevu.
- **""Baagaliza abayizi okunoonyereza ku maanyi agasindiikiriza n'agaleeta ebiri mu busibe bw'akaziba okusobola okutuuka ku mutindo ogw'obutebenkevu.""** – Ekikola y’obutebenkevu.
- **""Balagira abayizi okuteekateeka akatonnyeze akalaga ebika by'obusannyalaze obwa leediyo obuva mu nnyukiriyaasi okusobola okutuuka ku mutindo ogw'obutebenkevu.""** – Ekikola y’obutebenkevu.

---

### **Ku kiseera ky’okukozesa obutebenkevu:**

- **""Basabye abayizi okutegeera ekika ky’ekifulumizibwa ekiva mu kintu nga basinziira ku ggulaafu y’omusipi gw’obunywevu bw’obuziizi.""** – Ekikola y’obutebenkevu.
- **""Baagaliza abayizi okunoonyereza ku maanyi agasindiikiriza n'agaleeta ebiri mu busibe bw'akaziba okusobola okutuuka ku mutindo ogw'obutebenkevu.""** – Ekikola y’obutebenkevu.
- **""Balagira abayizi okuteekateeka akatonnyeze akalaga ebika by'obusannyalaze obwa leediyo obuva mu nnyukiriyaasi okusobola okutuuka ku mutindo ogw'obutebenkevu.""** – Ekikola y’obutebenkevu.

---

### **Ku kiseera ky’okukozesa obutebenkevu:**

- **""Basabye abayizi okutegeera ekika ky’ekifulumizibwa ekiva mu kintu nga basinziira ku ggulaafu y’omusipi gw’obunywevu bw’obuziizi.""** – Ekikola y’obutebenkevu.
- **""Baagaliza abayizi okunoonyereza ku maanyi agasindiikiriza n'agaleeta ebiri mu busibe bw'akaziba okusobola okutuuka ku mutindo ogw'obutebenkevu.""** – Ekikola y’obutebenkevu.
- **""Balagira abayizi okuteekateeka akatonnyeze akalaga ebika by'obusannyalaze obwa leediyo obuva mu nnyukiriyaasi okusobola okutuuka ku mutindo ogw'obutebenkevu.""** – Ekikola y’obutebenkevu.

---

### **Ku kiseera ky’okukozesa obutebenkevu:**

- **""Basabye abayizi okutegeera ekika ky’ekifulumizibwa ekiva mu kintu nga basinziira ku ggulaafu y’omusipi gw’obunywevu bw’obuziizi.""** – Ekikola y’obutebenkevu.
- **""Baagaliza abayizi okunoonyereza ku maanyi agasindiikiriza n'agaleeta ebiri mu busibe bw'akaziba okusobola okutuuka ku mutindo ogw'obutebenkevu.""** – Ekikola y’obutebenkevu.
- **""Balagira abayizi okuteekateeka akatonnyeze akalaga ebika by'obusannyalaze obwa leediyo obuva mu nnyukiriyaasi okusobola okutuuka ku mutindo ogw'obutebenkevu.""** – Ekikola y’obutebenkevu.

---

### **Ku kiseera ky’okukozesa obutebenkevu:**

- **""Basabye abayizi okutegeera ekika ky’ekifulumizibwa ekiva mu kintu nga basinziira ku ggulaafu y’omusipi gw’obunywevu bw’obuziizi.""** – Ekikola y’obutebenkevu.
- **""Baagaliza abayizi okunoonyereza ku maanyi agasindiikiriza n'agaleeta ebiri mu busibe bw'akaziba okusobola okutuuka ku mutindo ogw'obutebenkevu.""** – Ekikola y’obutebenkevu.
- **""Balagira abayizi okuteekateeka akatonnyeze akalaga ebika by'obusannyalaze obwa leediyo obuva mu nnyukiriyaasi okusobola okutuuka ku mutindo ogw'obutebenkevu.""** – Ekikola y’obutebenkevu.

---

### **Ku kiseera ky’okukozesa obutebenkevu:**

- **""Basabye abayizi okutegeera ekika ky’ekifulumizibwa ekiva mu kintu nga basinziira ku ggulaafu y’omusipi gw’obunywevu bw’obuziizi.""** – Ekikola y’obutebenkevu.
- **""Baagaliza abayizi okunoonyereza ku maanyi agasindiikiriza n'agaleeta ebiri mu busibe bw'akaziba okusobola okutuuka ku mutindo ogw'obutebenkevu.""** – Ekikola y’obutebenkevu.
- **""Balagira abayizi okuteekateeka akatonnyeze akalaga ebika by'obusannyalaze obwa leediyo obuva mu nnyukiriyaasi okusobola okutuuka ku mutindo ogw'obutebenkevu.""** – Ekikola y’obutebenkevu.

---

### **Ku kiseera ky’okukozesa obutebenkevu:**

- **""Basabye abayizi okutegeera ekika ky’ekifulumizibwa ekiva mu kintu nga basinziira ku ggulaafu y’omusipi gw’obunywevu bw’obuziizi.""** – Ekikola y’obutebenkevu.
- **""Baagaliza abayizi okunoonyereza ku maanyi agasindiikiriza n'agaleeta ebiri mu busibe bw'akaziba okusobola okutuuka ku mutindo ogw'obutebenkevu.""** – Ekikola y’obutebenkevu.
- **""Balagira abayizi okuteekateeka akatonnyeze akalaga ebika by'obusannyalaze obwa leediyo obuva mu nnyukiriyaasi okusobola okutuuka ku mutindo ogw'obutebenkevu.""** – Ekikola y’obutebenkevu.

---

### **Ku kiseera ky’okukozesa obutebenkevu:**

- **""Basabye abayizi okutegeera ekika ky’ekifulumizibwa ekiva mu kintu nga basinziira ku ggulaafu y’omusipi gw’obunywevu bw’obuziizi.""** – Ekikola y’obutebenkevu.
- **""Baagaliza abayizi okunoonyereza ku maanyi agasindiikiriza n'agaleeta ebiri mu busibe bw'akaziba okusobola okutuuka ku mutindo ogw'obutebenkevu.""** – Ekikola y’obutebenkevu.
- **""Balagira abayizi okuteekateeka akatonnyeze akalaga ebika by'obusannyalaze obwa leediyo obuva mu nnyukiriyaasi okusobola okutuuka ku mutindo ogw'obutebenkevu.""** – Ekikola y’obutebenkevu.

---

### **Ku kiseera ky’okukozesa obutebenkevu:**

- **""Basabye abayizi okutegeera ekika ky’ekifulumizibwa ekiva mu kintu nga basinziira ku ggulaafu y’omusipi gw’obunywevu bw’obuziizi.""** – Ekikola y’obutebenkevu.
- **""Baagaliza abayizi okunoonyereza ku maanyi agasindiikiriza n'agaleeta ebiri mu busibe bw'akaziba okusobola okutuuka ku mutindo ogw'obutebenkevu.""** – Ekikola y’obutebenkevu.
- **""Balagira abayizi okuteekateeka akatonnyeze akalaga ebika by'obusannyalaze obwa leediyo obuva mu nnyukiriyaasi okusobola okutuuka ku mutindo ogw'obutebenkevu.""** – Ekikola y’obutebenkevu.

---

### **Ku kiseera ky’okukozesa obutebenkevu:**

- **""Basabye abayizi okutegeera ekika ky’ekifulumizibwa ekiva mu kintu nga basinziira ku ggulaafu y’omusipi gw’obunywevu bw’obuziizi.""** – Ekikola y’obutebenkevu.
- **""Baagaliza abayizi okunoonyereza ku maanyi agasindiikiriza n'agaleeta ebiri mu busibe bw'akaziba okusobola okutuuka ku mutindo ogw'obutebenkevu.""** – Ekikola y’obutebenkevu.
- **""Balagira abayizi okuteekateeka akatonnyeze akalaga ebika by'obusannyalaze obwa leediyo obuva mu nnyukiriyaasi okusobola okutuuka ku mutindo ogw'obutebenkevu.""** – Ekikola y’obutebenkevu.

---

### **Ku kiseera ky’okukozesa obutebenkevu:**

- **""Basabye abayizi okutegeera ekika ky’ekifulumizibwa ekiva mu kintu nga basinziira ku ggulaafu y’omusipi gw’obunywevu bw’obuziizi.""** – Ekikola y’obutebenkevu.
- **""Baagaliza abayizi okunoonyereza ku maanyi agasindiikiriza n'agaleeta ebiri mu busibe bw'akaziba okusobola okutuuka ku mutindo ogw'obutebenkevu.""** – Ekikola y’obutebenkevu.
- **""Balagira abayizi okuteekateeka akatonnyeze akalaga ebika by'obusannyalaze obwa leediyo obuva mu nnyukiriyaasi okusobola okutuuka ku mutindo ogw'obutebenkevu.""** – Ekikola y’obutebenkevu.

---

### **Ku kiseera ky’okukozesa obutebenkevu:**

- **""Basabye abayizi okutegeera ekika ky’ekifulumizibwa ekiva mu kintu nga basinziira ku ggulaafu y’omusipi gw’obunywevu bw’obuziizi.""** – Ekikola y’obutebenkevu.
- **""Baagaliza abayizi okunoonyereza ku maanyi agasindiikiriza n'agaleeta ebiri mu busibe bw'akaziba okusobola okutuuka ku mutindo ogw'obutebenkevu.""** – Ekikola y’obutebenkevu.
- **""Balagira abayizi okuteekateeka akatonnyeze akalaga ebika by'obusannyalaze obwa leediyo obuva mu nnyukiriyaasi okusobola okutuuka ku mutindo ogw'obutebenkevu.""** – Ekikola y’obutebenkevu.

---

### **Ku kiseera ky’okukozesa obutebenkevu:**

- **""Basabye abayizi okutegeera ekika ky’ekifulumizibwa ekiva mu kintu nga basinziira ku ggulaafu y’omusipi gw’obunywevu bw’obuziizi.""** – Ekikola y’obutebenkevu.
- **""Baagaliza abayizi okunoonyereza ku maanyi agasindiikiriza n'agaleeta ebiri mu busibe bw'akaziba okusobola okutuuka ku mutindo ogw'obutebenkevu.""** – Ekikola y’obutebenkevu.
- **""Balagira abayizi okuteekateeka akatonnyeze akalaga ebika by'obusannyalaze obwa leediyo obuva mu nnyukiriyaasi okusobola okutuuka ku mutindo ogw'obutebenkevu.""** – Ekikola y’obutebenkevu.

---

### **Ku kiseera ky’okukozesa obutebenkevu:**

- **""Basabye abayizi okutegeera ekika ky’ekifulumizibwa ekiva mu kintu nga basinziira ku ggulaafu y’omusipi gw’obunywevu bw’obuziizi.""** – Ekikola y’obutebenkevu.
- **""Baagaliza abayizi okunoonyereza ku maanyi agasindiikiriza n'agaleeta ebiri mu busibe bw'akaziba okusobola okutuuka ku mutindo ogw'obutebenkevu.""** – Ekikola y’obutebenkevu.
- **""Balagira abayizi okuteekateeka akatonnyeze akalaga ebika by'obusannyalaze obwa leediyo obuva mu nnyukiriyaasi okusobola okutuuka ku mutindo ogw'obutebenkevu.""** – Ekikola y’obutebenkevu.

---

### **Ku kiseera ky’okukozesa obutebenkevu:**

- **""Basabye abayizi okutegeera ekika ky’ekifulumizibwa ekiva mu kintu nga basinziira ku ggulaafu y’omusipi gw’obunywevu bw’obuziizi.""** – Ekikola y’obutebenkevu.
- **""Baagaliza abayizi okunoonyereza ku maanyi agasindiikiriza n'agaleeta ebiri mu busibe bw'akaziba okusobola okutuuka ku mutindo ogw'obutebenkevu.""** – Ekikola y’obutebenkevu.
- **""Balagira abayizi okuteekateeka akatonnyeze akalaga ebika by'obusannyalaze obwa leediyo obuva mu nnyukiriyaasi okusobola okutuuka ku mutindo ogw'obutebenkevu.""** – Ekikola y’obutebenkevu.

---

### ✅ **Kakulembe:**

**Ekigendererwa kino ekisooka ku kikola y’obutebenkevu.**  
- **""Abayizi balage engeri enkyukakyuka ezibaawo mu busirikale""** – Ekikola y’obutebenkevu.
- **""Gye zikwatagana n’obugumu""** – Ekikola y’obutebenkevu.

---

### ✅ **Kakulembe:**

**Kiki omusomesa kye yandikozesezza okutuukiriza ekigendererwa ekyo mu kibiina?**

**A. Saba abayizi okukiikirira ebifulumizibwa bya nuclide mu nkulukuta y'obusannyalaze erimu obutonde bw'ekibulukusi.**  
– Ekyeyinza ku kikola y’obusannyalaze, **te ekisooka ekigendererwa ekyo**.

**B. Basabye abayizi okutegeera ekika ky’ekifulumizibwa ekiva mu kintu nga basinziira ku ggulaafu y’omusipi gw’obunywevu bw’obuziizi.**  
– Ekyeyinza ku kikola y’obutebenkevu, **te ekisooka ekigendererwa ekyo**.

**C. Baagaliza abayizi okunoonyereza ku maanyi agasindiikiriza n'agaleeta ebiri mu busibe bw'akaziba okusobola okutuuka ku mutindo ogw'obutebenkevu.**  
– Ekyeyinza ku kikola y’obutebenkevu, **te ekisooka ekigendererwa ekyo**.

**D. Balagira abayizi okuteekateeka akatonnyeze akalaga ebika by'obusannyalaze obwa leediyo obuva mu nnyukiriyaasi okusobola okutuuka ku mutindo ogw'obutebenkevu.**  
– Ekyeyinza ku kikola y’obutebenkevu, **te ekisooka ekigendererwa ekyo**.

---

### ✅ **Kakulembe:**

**Kiki omusomesa kye yandikozesezza okutuukiriza ekigendererwa ekyo mu kibiina?**

**B. Basabye abayizi okutegeera ekika ky’ekifulumizibwa ekiva mu kintu nga basinziira ku ggulaafu y’omusipi gw’obunywevu bw’obuziizi.**

---

### ✅ **Kakulembe:**

**Kiki omusomesa kye yandikozesezza okutuukiriza ekigendererwa ekyo mu kibiina?**

**B. Basabye abayizi okutegeera ekika ky’ekifulumizibwa ekiva mu kintu nga basinziira ku ggulaafu y’omusipi gw’obunywevu bw’obuziizi.**

---

### ✅ **Kakulembe:**

**Kiki omusomesa kye yandikozesezza okutuukiriza ekigendererwa ekyo mu kibiina?**

**B. Basabye abayizi okutegeera ekika ky’ekifulumizibwa ekiva mu kintu nga basinziira ku ggulaafu y’omusipi gw’obunywevu bw’obuziizi.**

---

### ✅ **Kakulembe:**

**Kiki omusomesa kye yandikozesezza okutuukiriza ekigendererwa ekyo mu kibiina?**

**B. Basabye abayizi okutegeera ekika ky’ekifulumizibwa ekiva mu kintu nga basinziira ku ggulaafu y’omusipi gw’obunywevu bw’obuziizi.**

---

### ✅ **Kakulembe:**

**Kiki omusomesa kye yandikozesezza okutuukiriza ekigendererwa ekyo mu kibiina?**

**B. Basabye abayizi okutegeera ekika ky’ekifulumizibwa ekiva mu kintu nga basinziira ku ggulaafu y’omusipi gw’obunywevu bw’obuziizi.**

---

### ✅ **Kakulembe:**

**Kiki omusomesa kye yandikozesezza okutuukiriza ekigendererwa ekyo mu kibiina?**

**B. Basabye abayizi okutegeera ekika ky’ekifulumizibwa ekiva mu kintu nga basinziira ku ggulaafu y’omusipi gw’obunywevu bw’obuziizi.**

---

### ✅ **Kakulembe:**

**Kiki omusomesa kye yandikozesezza okutuukiriza ekigendererwa ekyo mu kibiina?**

**B. Basabye abayizi okutegeera ekika ky’ekifulumizibwa ekiva mu kintu nga basinziira ku ggulaafu y’omusipi gw’obunywevu bw’obuziizi.**

---

### ✅ **Kakulembe:**

**Kiki omusomesa kye yandikozesezza okutuukiriza ekigendererwa ekyo mu kibiina?**

**B. Basabye abayizi okutegeera ekika ky’ekifulumizibwa ekiva mu kintu nga basinziira ku ggulaafu y’omusipi gw’obunywevu bw’obuziizi.**

---

### ✅ **Kakulembe:**

**Kiki omusomesa kye yandikozesezza okutuukiriza ekigendererwa ekyo mu kibiina?**

**B. Basabye abayizi okutegeera ekika ky’ekifulumizibwa ekiva mu kintu nga basinziira ku ggulaafu y’omusipi gw’obunywevu bw’obuziizi.**

---

### ✅ **Kakulembe:**

**Kiki omusomesa kye yandikozesezza okutuukiriza ekigendererwa ekyo mu kibiina?**

**B. Basabye abayizi okutegeera ekika ky’ekifulumizibwa ekiva mu kintu nga basinziira ku ggulaafu y’omusipi gw’obunywevu bw’obuziizi.**

---

### ✅ **Kakulembe:**

**Kiki omusomesa kye yandikozesezza okutuukiriza ekigendererwa ekyo mu kibiina?**

**B. Basabye abayizi okutegeera ekika ky’ekifulumizibwa ekiva mu kintu nga basinziira ku ggulaafu y’omusipi gw’obunywevu bw’obuziizi.**

---

### ✅ **Kakulembe:**

**Kiki omusomesa kye yandikozesezza okutuukiriza ekigendererwa ekyo mu kibiina?**

**B. Basabye abayizi okutegeera ekika ky’ekifulumizibwa ekiva mu kintu nga basinziira ku ggulaafu y’omusipi gw’obunywevu bw’obuziizi.**

---

### ✅ **Kakulembe:**

**Kiki omusomesa kye yandikozesezza okutuukiriza ekigendererwa ekyo mu kibiina?**

**B. Basabye abayizi okutegeera ekika ky’ekifulumizibwa ekiva mu kintu nga basinziira ku ggulaafu y’omusipi gw’obunywevu bw’obuziizi.**

---

### ✅ **Kakulembe:**

**Kiki omusomesa kye yandikozesezza okutuukiriza ekigendererwa ekyo mu kibiina?**

**B. Basabye abayizi okutegeera ekika ky’ekifulumizibwa ekiva mu kintu nga basinziira ku ggulaafu y’omusipi gw’obunywevu bw’obuziizi.**

---

### ✅ **Kakulembe:**

**Kiki omusomesa kye yandikozesezza okutuukiriza ekigendererwa ekyo mu kibiina?**

**B. Basabye abayizi okutegeera ekika ky’ekifulumizibwa ekiva mu kintu nga basinziira ku ggulaafu y’omusipi gw’obunywevu bw’obuziizi.**

---

### ✅ **Kakulembe:**

**Kiki omusomesa kye yandikozesezza okutuukiriza ekigendererwa ekyo mu kibiina?**

**B. Basabye abayizi okutegeera ekika ky’ekifulumizibwa ekiva mu kintu nga basinziira ku ggulaafu y’omusipi gw’obunywevu bw’obuziizi.**

---

### ✅ **Kakulembe:**

**Kiki omusomesa kye yandikozesezza okutuukiriza ekigendererwa ekyo mu kibiina?**

**B. Basabye abayizi okutegeera ekika ky’ekifulumizibwa ekiva mu kintu nga basinziira ku ggulaafu y’omusipi gw",True,216.55001160001848,10149,8192,0
D,"**Answer:**  
**B. Abazadde n'ebivaamu balina obungi bwabwo butya ku ntandikwa y'ekikolwa?**  

**Explanation:**  
The question revolves around assessing learners' ability to identify **similarities and differences** in grouping objects (ekyukakyuka mu bungi n'ebivaamu) using the described method.  

- **Option B** directly asks whether the sieve and water share a common purpose in the separation process. This aligns with the method's focus on recognizing **similarities** (ekyukakyuka) between objects/tools in a practical context (e.g., Ekyenkanyi subject).  
- The other options either focus on tool functions (A), comparisons to classroom objects (C), or oversight (D), which are less relevant to the core objective of grouping based on similarities/differences.  

Thus, **B** is the correct choice.",True,27.792618400009815,2915,918,860
C,"**Jawabu:**  
**B. Bannyonnyole nti, nga tukozesa ekipimo kya pH, kyazimbwa nga kyesigamiziddwa ku muwendo ogwa pozitiivu ogw'obungi bw'asidi oba bbeesi.**

---

**Tabyeyo:**  
Ku kiseera ky’okukebera (titration), omusomesa ayagala okusaba abayizi okutegeera ekifo ky’ekigeranyo ky’asidi n’ebbeesi (acid-base reaction) nga bakozesa ekipimo kya pH. Ekipimo eno ezigamiza muwendo ogwa pH mu kiseera, oba ezigamiza obungi bw’ekifo eky’asidi oba bbeesi. Nga bakozesa ekipimo eno, abayizi bakozesebwa ku muwendo ogwa pH mu kiseera, oba bakozesebwa ku kifo ky’ekifo eky’asidi oba bbeesi (ekifo ky’ekugeranyo). 

- **Option B** ezigamiza muwendo ogwa pH (positive shift) nga ekipimo kya pH ezigamiza obungi bw’ekifo eky’asidi oba bbeesi.  
- **Option C** ezigamiza kutegeera ekikuta ky’ebbugga (excess moles), oba kino kino ezigamiza kutegeera ekifo eky’asidi oba bbeesi, oba kino kino ezigamiza kutegeera ekifo eky’asidi oba bbeesi, oba kino kino ezigamiza kutegeera ekifo eky’asidi oba bbeesi, oba kino kino ezigamiza kutegeera ekifo eky’asidi oba bbeesi, oba kino kino ezigamiza kutegeera ekifo eky’asidi oba bbeesi, oba kino kino ezigamiza kutegeera ekifo eky’asidi oba bbeesi, oba kino kino ezigamiza kutegeera ekifo eky’asidi oba bbeesi, oba kino kino ezigamiza kutegeera ekifo eky’asidi oba bbeesi, oba kino kino ezigamiza kutegeera ekifo eky’asidi oba bbeesi, oba kino kino ezigamiza kutegeera ekifo eky’asidi oba bbeesi, oba kino kino ezigamiza kutegeera ekifo eky’asidi oba bbeesi, oba kino kino ezigamiza kutegeera ekifo eky’asidi oba bbeesi, oba kino kino ezigamiza kutegeera ekifo eky’asidi oba bbeesi, oba kino kino ezigamiza kutegeera ekifo eky’asidi oba bbeesi, oba kino kino ezigamiza kutegeera ekifo eky’asidi oba bbeesi, oba kino kino ezigamiza kutegeera ekifo eky’asidi oba bbeesi, oba kino kino ezigamiza kutegeera ekifo eky’asidi oba bbeesi, oba kino kino ezigamiza kutegeera ekifo eky’asidi oba bbeesi, oba kino kino ezigamiza kutegeera ekifo eky’asidi oba bbeesi, oba kino kino ezigamiza kutegeera ekifo eky’asidi oba bbeesi, oba kino kino ezigamiza kutegeera ekifo eky’asidi oba bbeesi, oba kino kino ezigamiza kutegeera ekifo eky’asidi oba bbeesi, oba kino kino ezigamiza kutegeera ekifo eky’asidi oba bbeesi, oba kino kino ezigamiza kutegeera ekifo eky’asidi oba bbeesi, oba kino kino ezigamiza kutegeera ekifo eky’asidi oba bbeesi, oba kino kino ezigamiza kutegeera ekifo eky’asidi oba bbeesi, oba kino kino ezigamiza kutegeera ekifo eky’asidi oba bbeesi, oba kino kino ezigamiza kutegeera ekifo eky’asidi oba bbeesi, oba kino kino ezigamiza kutegeera ekifo eky’asidi oba bbeesi, oba kino kino ezigamiza kutegeera ekifo eky’asidi oba bbeesi, oba kino kino ezigamiza kutegeera ekifo eky’asidi oba bbeesi, oba kino kino ezigamiza kutegeera ekifo eky’asidi oba bbeesi, oba kino kino ezigamiza kutegeera ekifo eky’asidi oba bbeesi, oba kino kino ezigamiza kutegeera ekifo eky’asidi oba bbeesi, oba kino kino ezigamiza kutegeera ekifo eky’asidi oba bbeesi, oba kino kino ezigamiza kutegeera ekifo eky’asidi oba bbeesi, oba kino kino ezigamiza kutegeera ekifo eky’asidi oba bbeesi, oba kino kino ezigamiza kutegeera ekifo eky’asidi oba bbeesi, oba kino kino ezigamiza kutegeera ekifo eky’asidi oba bbeesi, oba kino kino ezigamiza kutegeera ekifo eky’asidi oba bbeesi, oba kino kino ezigamiza kutegeera ekifo eky’asidi oba bbeesi, oba kino kino ezigamiza kutegeera ekifo eky’asidi oba bbeesi, oba kino kino ezigamiza kutegeera ekifo eky’asidi oba bbeesi, oba kino kino ezigamiza kutegeera ekifo eky’asidi oba bbeesi, oba kino kino ezigamiza kutegeera ekifo eky’asidi oba bbeesi, oba kino kino ezigamiza kutegeera ekifo eky’asidi oba bbeesi, oba kino kino ezigamiza kutegeera ekifo eky’asidi oba bbeesi, oba kino kino ezigamiza kutegeera ekifo eky’asidi oba bbeesi, oba kino kino ezigamiza kutegeera ekifo eky’asidi oba bbeesi, oba kino kino ezigamiza kutegeera ekifo eky’asidi oba bbeesi, oba kino kino ezigamiza kutegeera ekifo eky’asidi oba bbeesi, oba kino kino ezigamiza kutegeera ekifo eky’asidi oba bbeesi, oba kino kino ezigamiza kutegeera ekifo eky’asidi oba bbeesi, oba kino kino ezigamiza kutegeera ekifo eky’asidi oba bbeesi, oba kino kino ezigamiza kutegeera ekifo eky’asidi oba bbeesi, oba kino kino ezigamiza kutegeera ekifo eky’asidi oba bbeesi, oba kino kino ezigamiza kutegeera ekifo eky’asidi oba bbeesi, oba kino kino ezigamiza kutegeera ekifo eky’asidi oba bbeesi, oba kino kino ezigamiza kutegeera ekifo eky’asidi oba bbeesi, oba kino kino ezigamiza kutegeera ekifo eky’asidi oba bbeesi, oba kino kino ezigamiza kutegeera ekifo eky’asidi oba bbeesi, oba kino kino ezigamiza kutegeera ekifo eky’asidi oba bbeesi, oba kino kino ezigamiza kutegeera ekifo eky’asidi oba bbeesi, oba kino kino ezigamiza kutegeera ekifo eky’asidi oba bbeesi, oba kino kino ezigamiza kutegeera ekifo eky’asidi oba bbeesi, oba kino kino ezigamiza kutegeera ekifo eky’asidi oba bbeesi, oba kino kino ezigamiza kutegeera ekifo eky’asidi oba bbeesi, oba kino kino ezigamiza kutegeera ekifo eky’asidi oba bbeesi, oba kino kino ezigamiza kutegeera ekifo eky’asidi oba bbeesi, oba kino kino ezigamiza kutegeera ekifo eky’asidi oba bbeesi, oba kino kino ezigamiza kutegeera ekifo eky’asidi oba bbeesi, oba kino kino ezigamiza kutegeera ekifo eky’asidi oba bbeesi, oba kino kino ezigamiza kutegeera ekifo eky’asidi oba bbeesi, oba kino kino ezigamiza kutegeera ekifo eky’asidi oba bbeesi, oba kino kino ezigamiza kutegeera ekifo eky’asidi oba bbeesi, oba kino kino ezigamiza kutegeera ekifo eky’asidi oba bbeesi, oba kino kino ezigamiza kutegeera ekifo eky’asidi oba bbeesi, oba kino kino ezigamiza kutegeera ekifo eky’asidi oba bbeesi, oba kino kino ezigamiza kutegeera ekifo eky’asidi oba bbeesi, oba kino kino ezigamiza kutegeera ekifo eky’asidi oba bbeesi, oba kino kino ezigamiza kutegeera ekifo eky’asidi oba bbeesi, oba kino kino ezigamiza kutegeera ekifo eky’asidi oba bbeesi, oba kino kino ezigamiza kutegeera ekifo eky’asidi oba bbeesi, oba kino kino ezigamiza kutegeera ekifo eky’asidi oba bbeesi, oba kino kino ezigamiza kutegeera ekifo eky’asidi oba bbeesi, oba kino kino ezigamiza kutegeera ekifo eky’asidi oba bbeesi, oba kino kino ezigamiza kutegeera ekifo eky’asidi oba bbeesi, oba kino kino ezigamiza kutegeera ekifo eky’asidi oba bbeesi, oba kino kino ezigamiza kutegeera ekifo eky’asidi oba bbeesi, oba kino kino ezigamiza kutegeera ekifo eky’asidi oba bbeesi, oba kino kino ezigamiza kutegeera ekifo eky’asidi oba bbeesi, oba kino kino ezigamiza kutegeera ekifo eky’asidi oba bbeesi, oba kino kino ezigamiza kutegeera ekifo eky’asidi oba bbeesi, oba kino kino ezigamiza kutegeera ekifo eky’asidi oba bbeesi, oba kino kino ezigamiza kutegeera ekifo eky’asidi oba bbeesi, oba kino kino ezigamiza kutegeera ekifo eky’asidi oba bbeesi, oba kino kino ezigamiza kutegeera ekifo eky’asidi oba bbeesi, oba kino kino ezigamiza kutegeera ekifo eky’asidi oba bbeesi, oba kino kino ezigamiza kutegeera ekifo eky’asidi oba bbeesi, oba kino kino ezigamiza kutegeera ekifo eky’asidi oba bbeesi, oba kino kino ezigamiza kutegeera ekifo eky’asidi oba bbeesi, oba kino kino ezigamiza kutegeera ekifo eky’asidi oba bbeesi, oba kino kino ezigamiza kutegeera ekifo eky’asidi oba bbeesi, oba kino kino ezigamiza kutegeera ekifo eky’asidi oba bbeesi, oba kino kino ezigamiza kutegeera ekifo eky’asidi oba bbeesi, oba kino kino ezigamiza kutegeera ekifo eky’asidi oba bbeesi, oba kino kino ezigamiza kutegeera ekifo eky’asidi oba bbeesi, oba kino kino ezigamiza kutegeera ekifo eky’asidi oba bbeesi, oba kino kino ezigamiza kutegeera ekifo eky’asidi oba bbeesi, oba kino kino ezigamiza kutegeera ekifo eky’asidi oba bbeesi, oba kino kino ezigamiza kutegeera ekifo eky’asidi oba bbeesi, oba kino kino ezigamiza kutegeera ekifo eky’asidi oba bbeesi, oba kino kino ezigamiza kutegeera ekifo eky’asidi oba bbeesi, oba kino kino ezigamiza kutegeera ekifo eky’asidi oba bbeesi, oba kino kino ezigamiza kutegeera ekifo eky’asidi oba bbeesi, oba kino kino ezigamiza kutegeera ekifo eky’asidi oba bbeesi, oba kino kino ezigamiza kutegeera ekifo eky’asidi oba bbeesi, oba kino kino ezigamiza kutegeera ekifo eky’asidi oba bbeesi, oba kino kino ezigamiza kutegeera ekifo eky’asidi oba bbeesi, oba kino kino ezigamiza kutegeera ekifo eky’asidi oba bbeesi, oba kino kino ezigamiza kutegeera ekifo eky’asidi oba bbeesi, oba kino kino ezigamiza kutegeera ekifo eky’asidi oba bbeesi, oba kino kino ezigamiza kutegeera ekifo eky’asidi oba bbeesi, oba kino kino ezigamiza kutegeera ekifo eky’asidi oba bbeesi, oba kino kino ezigamiza kutegeera ekifo eky’asidi oba bbeesi, oba kino kino ezigamiza kutegeera ekifo eky’asidi oba bbeesi, oba kino kino ezigamiza kutegeera ekifo eky’asidi oba bbeesi, oba kino kino ezigamiza kutegeera ekifo eky’asidi oba bbeesi, oba kino kino ezigamiza kutegeera ekifo eky’asidi oba bbeesi, oba kino kino ezigamiza kutegeera ekifo eky’asidi oba bbeesi, oba kino kino ezigamiza kutegeera ekifo eky’asidi",True,164.1202728000062,6104,4000,497
B,C. Kola enkola y’okugezesa eraga engeri ebintu ebiyinza okutaataganya embeera y’obutaggwaawo mu nkola za kemiko gye bikolera.,True,31.7922288000118,2811,797,846
B,"**Kibuuzo ky’ekyanulo kyo:**  
Ku kiseera ky’ekibiina, omusomesa akolera n’ekibiina ky’abayizi abali mu mwaka ogwokusatu mu siniya ku mutwe gw’ebyokubugumu n’enkyukakyuka z’ebbugumu. Ekibinja ky’abayizi kigamba nti, mu kiseera kyonna eky’omukolo (eddakiika 60), bbaafu teerisaanuuke n’amazzi agabidde teganaannyogoga. Kibuuzo ki omusomesa ky’ayinza okubuuza okuleetera abayizi okuddamu okulowooza ku kirowoozo kyabwe okuva mu **bumanyirivu buno obw’omugaso**?

**Kiggwala B (Correct):**  
**""Obupimiro bw'ebbugumu bukwatagana butya n'enkola enteekateeka?""**  

**Ekyeyinza:**  
- **Obudde obw’omugaso** (warm environment) ekisooka ku **nkola y’ebbugumu** (ice melting).  
- **Obwireero (plastic)** ekisooka ku **obusobozi obw’omugaso** (heat retention) kubanga obwireero ekisooka ku **obusobozi obw’okwawula obw’omugatte** (insulation) oba **obusobozi obw’okwawula obw’omugatte oba obusobozi obw’okwawula obw’omugatte** (conduction).  
- **Obwireero obw’okozesa obulidde** (plastic container with a lid) ekisooka ku **kubatagana obudde obw’omugatte** (trap heat) mu kiseera, oba **obwireero obw’okozesa obulidde** ekisooka ku **kubatagana obudde obw’omugatte** (trap heat) mu kiseera, oba **obwireero obw’okozesa obulidde** ekisooka ku **kubatagana obudde obw’omugatte** (trap heat) mu kiseera.  

**Kiggwala B ekisooka ku kubatagana obudde obw’omugatte** (trap heat) mu kiseera, oba **obwireero obw’okozesa obulidde** ekisooka ku **kubatagana obudde obw’omugatte** (trap heat) mu kiseera, oba **obwireero obw’okozesa obulidde** ekisooka ku **kubatagana obudde obw’omugatte** (trap heat) mu kiseera. **Obulidde** (lid) ekisooka ku **kubatagana obudde obw’omugatte** (trap heat) mu kiseera, oba **obwireero obw’okozesa obulidde** ekisooka ku **kubatagana obudde obw’omugatte** (trap heat) mu kiseera. **Obudde obw’omugatte** (warm environment) ekisooka ku **nkola y’ebbugumu** (ice melting).  

**Kiggwala B ekisooka ku kubatagana obudde obw’omugatte** (trap heat) mu kiseera, oba **obwireero obw’okozesa obulidde** ekisooka ku **kubatagana obudde obw’omugatte** (trap heat) mu kiseera. **Obulidde** (lid) ekisooka ku **kubatagana obudde obw’omugatte** (trap heat) mu kiseera, oba **obwireero obw’okozesa obulidde** ekisooka ku **kubatagana obudde obw’omugatte** (trap heat) mu kiseera. **Obudde obw’omugatte** (warm environment) ekisooka ku **nkola y’ebbugumu** (ice melting).  

**Kiggwala B ekisooka ku kubatagana obudde obw’omugatte** (trap heat) mu kiseera, oba **obwireero obw’okozesa obulidde** ekisooka ku **kubatagana obudde obw’omugatte** (trap heat) mu kiseera. **Obulidde** (lid) ekisooka ku **kubatagana obudde obw’omugatte** (trap heat) mu kiseera, oba **obwireero obw’okozesa obulidde** ekisooka ku **kubatagana obudde obw’omugatte** (trap heat) mu kiseera. **Obudde obw’omugatte** (warm environment) ekisooka ku **nkola y’ebbugumu** (ice melting).  

**Kiggwala B ekisooka ku kubatagana obudde obw’omugatte** (trap heat) mu kiseera, oba **obwireero obw’okozesa obulidde** ekisooka ku **kubatagana obudde obw’omugatte** (trap heat) mu kiseera. **Obulidde** (lid) ekisooka ku **kubatagana obudde obw’omugatte** (trap heat) mu kiseera, oba **obwireero obw’okozesa obulidde** ekisooka ku **kubatagana obudde obw’omugatte** (trap heat) mu kiseera. **Obudde obw’omugatte** (warm environment) ekisooka ku **nkola y’ebbugumu** (ice melting).  

**Kiggwala B ekisooka ku kubatagana obudde obw’omugatte** (trap heat) mu kiseera, oba **obwireero obw’okozesa obulidde** ekisooka ku **kubatagana obudde obw’omugatte** (trap heat) mu kiseera. **Obulidde** (lid) ekisooka ku **kubatagana obudde obw’omugatte** (trap heat) mu kiseera, oba **obwireero obw’okozesa obulidde** ekisooka ku **kubatagana obudde obw’omugatte** (trap heat) mu kiseera. **Obudde obw’omugatte** (warm environment) ekisooka ku **nkola y’ebbugumu** (ice melting).  

**Kiggwala B ekisooka ku kubatagana obudde obw’omugatte** (trap heat) mu kiseera, oba **obwireero obw’okozesa obulidde** ekisooka ku **kubatagana obudde obw’omugatte** (trap heat) mu kiseera. **Obulidde** (lid) ekisooka ku **kubatagana obudde obw’omugatte** (trap heat) mu kiseera, oba **obwireero obw’okozesa obulidde** ekisooka ku **kubatagana obudde obw’omugatte** (trap heat) mu kiseera. **Obudde obw’omugatte** (warm environment) ekisooka ku **nkola y’ebbugumu** (ice melting).  

**Kiggwala B ekisooka ku kubatagana obudde obw’omugatte** (trap heat) mu kiseera, oba **obwireero obw’okozesa obulidde** ekisooka ku **kubatagana obudde obw’omugatte** (trap heat) mu kiseera. **Obulidde** (lid) ekisooka ku **kubatagana obudde obw’omugatte** (trap heat) mu kiseera, oba **obwireero obw’okozesa obulidde** ekisooka ku **kubatagana obudde obw’omugatte** (trap heat) mu kiseera. **Obudde obw’omugatte** (warm environment) ekisooka ku **nkola y’ebbugumu** (ice melting).  

**Kiggwala B ekisooka ku kubatagana obudde obw’omugatte** (trap heat) mu kiseera, oba **obwireero obw’okozesa obulidde** ekisooka ku **kubatagana obudde obw’omugatte** (trap heat) mu kiseera. **Obulidde** (lid) ekisooka ku **kubatagana obudde obw’omugatte** (trap heat) mu kiseera, oba **obwireero obw’okozesa obulidde** ekisooka ku **kubatagana obudde obw’omugatte** (trap heat) mu kiseera. **Obudde obw’omugatte** (warm environment) ekisooka ku **nkola y’ebbugumu** (ice melting).  

**Kiggwala B ekisooka ku kubatagana obudde obw’omugatte** (trap heat) mu kiseera, oba **obwireero obw’okozesa obulidde** ekisooka ku **kubatagana obudde obw’omugatte** (trap heat) mu kiseera. **Obulidde** (lid) ekisooka ku **kubatagana obudde obw’omugatte** (trap heat) mu kiseera, oba **obwireero obw’okozesa obulidde** ekisooka ku **kubatagana obudde obw’omugatte** (trap heat) mu kiseera. **Obudde obw’omugatte** (warm environment) ekisooka ku **nkola y’ebbugumu** (ice melting).  

**Kiggwala B ekisooka ku kubatagana obudde obw’omugatte** (trap heat) mu kiseera, oba **obwireero obw’okozesa obulidde** ekisooka ku **kubatagana obudde obw’omugatte** (trap heat) mu kiseera. **Obulidde** (lid) ekisooka ku **kubatagana obudde obw’omugatte** (trap heat) mu kiseera, oba **obwireero obw’okozesa obulidde** ekisooka ku **kubatagana obudde obw’omugatte** (trap heat) mu kiseera. **Obudde obw’omugatte** (warm environment) ekisooka ku **nkola y’ebbugumu** (ice melting).  

**Kiggwala B ekisooka ku kubatagana obudde obw’omugatte** (trap heat) mu kiseera, oba **obwireero obw’okozesa obulidde** ekisooka ku **kubatagana obudde obw’omugatte** (trap heat) mu kiseera. **Obulidde** (lid) ekisooka ku **kubatagana obudde obw’omugatte** (trap heat) mu kiseera, oba **obwireero obw’okozesa obulidde** ekisooka ku **kubatagana obudde obw’omugatte** (trap heat) mu kiseera. **Obudde obw’omugatte** (warm environment) ekisooka ku **nkola y’ebbugumu** (ice melting).  

**Kiggwala B ekisooka ku kubatagana obudde obw’omugatte** (trap heat) mu kiseera, oba **obwireero obw’okozesa obulidde** ekisooka ku **kubatagana obudde obw’omugatte** (trap heat) mu kiseera. **Obulidde** (lid) ekisooka ku **kubatagana obudde obw’omugatte** (trap heat) mu kiseera, oba **obwireero obw’okozesa obulidde** ekisooka ku **kubatagana obudde obw’omugatte** (trap heat) mu kiseera. **Obudde obw’omugatte** (warm environment) ekisooka ku **nkola y’ebbugumu** (ice melting).  

**Kiggwala B ekisooka ku kubatagana obudde obw’omugatte** (trap heat) mu kiseera, oba **obwireero obw’okozesa obulidde** ekisooka ku **kubatagana obudde obw’omugatte** (trap heat) mu kiseera. **Obulidde** (lid) ekisooka ku **kubatagana obudde obw’omugatte** (trap heat) mu kiseera, oba **obwireero obw’okozesa obulidde** ekisooka ku **kubatagana obudde obw’omugatte** (trap heat) mu kiseera. **Obudde obw’omugatte** (warm environment) ekisooka ku **nkola y’ebbug",True,118.94714649999514,6016,4000,961
B,"**D. Mu biseera by’okuzannya obwereere mu luggya, Soledad akuba ensigo mu ngalo ze nagamba: “Nneneenya”**

**Explanation:**  
Ekibuuzo kino ekyokka ekigendererwa kino kituukiddwaako mu kiseera ky’okuzannya obwereere mu luggya, n’ekigendererwa kino ekyokka ekikolwa ky’okuzannya obwereere (ekikolwa ky’okuzannya obwereere ekyokka okusinziira ku mato g’okuzannya obwereere, oba oba oba oba oba oba oba oba oba oba oba oba oba oba oba oba oba oba oba oba oba oba oba oba oba oba oba oba oba oba oba oba oba oba oba oba oba oba oba oba oba oba oba oba oba oba oba oba oba oba oba oba oba oba oba oba oba oba oba oba oba oba oba oba oba oba oba oba oba oba oba oba oba oba oba oba oba oba oba oba oba oba oba oba oba oba oba oba oba oba oba oba oba oba oba oba oba oba oba oba oba oba oba oba oba oba oba oba oba oba oba oba oba oba oba oba oba oba oba oba oba oba oba oba oba oba oba oba oba oba oba oba oba oba oba oba oba oba oba oba oba oba oba oba oba oba oba oba oba oba oba oba oba oba oba oba oba oba oba oba oba oba oba oba oba oba oba oba oba oba oba oba oba oba oba oba oba oba oba oba oba oba oba oba oba oba oba oba oba oba oba oba oba oba oba oba oba oba oba oba oba oba oba oba oba oba oba oba oba oba oba oba oba oba oba oba oba oba oba oba oba oba oba oba oba oba oba oba oba oba oba oba oba oba oba oba oba oba oba oba oba oba oba oba oba oba oba oba oba oba oba oba oba oba oba oba oba oba oba oba oba oba oba oba oba oba oba oba oba oba oba oba oba oba oba oba oba oba oba oba oba oba oba oba oba oba oba oba oba oba oba oba oba oba oba oba oba oba oba oba oba oba oba oba oba oba oba oba oba oba oba oba oba oba oba oba oba oba oba oba oba oba oba oba oba oba oba oba oba oba oba oba oba oba oba oba oba oba oba oba oba oba oba oba oba oba oba oba oba oba oba oba oba oba oba oba oba oba oba oba oba oba oba oba oba oba oba oba oba oba oba oba oba oba oba oba oba oba oba oba oba oba oba oba oba oba oba oba oba oba oba oba oba oba oba oba oba oba oba oba oba oba oba oba oba oba oba oba oba oba oba oba oba oba oba oba oba oba oba oba oba oba oba oba oba oba oba oba oba oba oba oba oba oba oba oba oba oba oba oba oba oba oba oba oba oba oba oba oba oba oba oba oba oba oba oba oba oba oba oba oba oba oba oba oba oba oba oba oba oba oba oba oba oba oba oba oba oba oba oba oba oba oba oba oba oba oba oba oba oba oba oba oba oba oba oba oba oba oba oba oba oba oba oba oba oba oba oba oba oba oba oba oba oba oba oba oba oba oba oba oba oba oba oba oba oba oba oba oba oba oba oba oba oba oba oba oba oba oba oba oba oba oba oba oba oba oba oba oba oba oba oba oba oba oba oba oba oba oba oba oba oba oba oba oba oba oba oba oba oba oba oba oba oba oba oba oba oba oba oba oba oba oba oba oba oba oba oba oba oba oba oba oba oba oba oba oba oba oba oba oba oba oba oba oba oba oba oba oba oba oba oba oba oba oba oba oba oba oba oba oba oba oba oba oba oba oba oba oba oba oba oba oba oba oba oba oba oba oba oba oba oba oba oba oba oba oba oba oba oba oba oba oba oba oba oba oba oba oba oba oba oba oba oba oba oba oba oba oba oba oba oba oba oba oba oba oba oba oba oba oba oba oba oba oba oba oba oba oba oba oba oba oba oba oba oba oba oba oba oba oba oba oba oba oba oba oba oba oba oba oba oba oba oba oba oba oba oba oba oba oba oba oba oba oba oba oba oba oba oba oba oba oba oba oba oba oba oba oba oba oba oba oba oba oba oba oba oba oba oba oba oba oba oba oba oba oba oba oba oba oba oba oba oba oba oba oba oba oba oba oba oba oba oba oba oba oba oba oba oba oba oba oba oba oba oba oba oba oba oba oba oba oba oba oba oba oba oba oba oba oba oba oba oba oba oba oba oba oba oba oba oba oba oba oba oba oba oba oba oba oba oba oba oba oba oba oba oba oba oba oba oba oba oba oba oba oba oba oba oba oba oba oba oba oba oba oba oba oba oba oba oba oba oba oba oba oba oba oba oba oba oba oba oba oba oba oba oba oba oba oba oba oba oba oba oba oba oba oba oba oba oba oba oba oba oba oba oba oba oba oba oba oba oba oba oba oba oba oba oba oba oba oba oba oba oba oba oba oba oba oba oba oba oba oba oba oba oba oba oba oba oba oba oba oba oba oba oba oba oba oba oba oba oba oba oba oba oba oba oba oba oba oba oba oba oba oba oba oba oba oba oba oba oba oba oba oba oba oba oba oba oba oba oba oba oba oba oba oba oba oba oba oba oba oba oba oba oba oba oba oba oba oba oba oba oba oba oba oba oba oba oba oba oba oba oba oba oba oba oba oba oba oba oba oba oba oba oba oba oba oba oba oba oba oba oba oba oba oba oba oba oba oba oba oba oba oba oba oba oba oba oba oba oba oba oba oba oba oba oba oba oba oba oba oba oba oba oba oba oba oba oba oba oba oba oba oba oba oba oba oba oba oba oba oba oba oba oba oba oba oba oba oba oba oba oba oba oba oba oba oba oba oba oba oba oba oba oba oba oba oba oba oba oba oba oba oba oba oba oba oba oba oba oba oba oba oba oba oba oba oba oba oba oba oba oba oba oba oba oba oba oba oba oba oba oba oba oba oba oba oba oba oba oba oba oba oba oba oba oba oba oba oba oba oba oba oba oba oba oba oba oba oba oba oba oba oba oba oba oba oba oba oba oba oba oba oba oba oba oba oba oba oba oba oba oba oba oba oba oba oba oba oba oba oba oba oba oba oba oba oba oba oba oba oba oba oba oba oba oba oba oba oba oba oba oba oba oba oba oba oba oba oba oba oba oba oba oba oba oba oba oba oba oba oba oba oba oba oba oba oba oba oba oba oba oba oba oba oba oba oba oba oba oba oba oba oba oba oba oba oba oba oba oba oba oba oba oba oba oba oba oba oba oba oba oba oba oba oba oba oba oba oba oba oba oba oba oba oba oba oba oba oba oba oba oba oba oba oba oba oba oba oba oba oba oba oba oba oba oba oba oba oba oba oba oba oba oba oba oba oba oba oba oba oba oba oba oba oba oba oba oba oba oba oba oba oba oba oba oba oba oba oba oba oba oba oba oba oba oba oba oba oba oba oba oba oba oba oba oba oba oba oba oba oba oba oba oba oba oba oba oba oba oba oba oba oba oba oba oba oba oba oba oba oba oba oba oba oba oba oba oba oba oba oba oba oba oba oba oba oba oba oba oba oba oba oba oba oba oba oba oba oba oba oba oba oba oba oba oba oba oba oba oba oba oba oba oba oba oba oba oba oba oba oba oba oba oba oba oba oba oba oba oba oba oba oba oba oba oba oba oba oba oba oba oba oba oba oba oba oba oba oba oba oba oba oba oba oba oba oba oba oba oba oba oba oba oba oba oba oba oba oba oba oba oba oba oba oba oba oba oba oba oba oba oba oba oba oba oba oba oba oba oba oba oba oba oba oba oba oba oba oba oba oba oba oba oba oba oba oba oba oba oba oba oba oba oba oba oba oba oba oba oba oba oba oba oba oba oba oba oba oba oba oba oba oba oba oba oba oba oba oba oba oba oba oba oba oba oba oba oba oba oba oba oba oba oba oba oba oba oba oba oba oba oba oba oba oba oba oba oba oba oba oba oba oba oba oba oba oba oba oba oba oba oba oba oba oba oba oba oba oba oba oba oba oba oba oba oba oba oba oba oba oba oba oba oba oba oba oba oba oba oba oba oba oba oba oba oba oba oba oba oba oba oba oba oba oba oba oba oba oba oba oba oba oba oba oba oba oba oba oba oba oba oba oba oba oba oba oba oba oba oba oba oba oba oba oba oba oba oba oba oba oba oba oba oba oba oba oba oba oba oba oba oba oba oba oba oba oba oba oba oba",True,121.84746310001356,5764,4000,603
C,"**Ekibuuzo ekituufu:**

**Koma ddala ku nukuta.**",True,3.794419099984225,2036,23,0
C,"**B. Teebereza ku nkola y'obuwakiso bw'obusirikale bw'ekintu ekirungo ekya leediyo.**

**Explanation:**  
The question focuses on the main character analyzing the **technical structure** of a building made with ""leediyoakitiivu"" (likely a technical material like LED). Option **B** directly addresses analyzing the **technical aspects** of the structure (""obuwakiso bw'obusirikale""), which aligns with the task of understanding how the building's structure is constructed. The other options either focus on dismantling (A), measuring materials (C), or activation processes (D), which are less relevant to interpreting the **structural composition** described in the passage.",True,36.859067600016715,2987,1109,967
D,"**B. Balanguula obuzito bw'ebintu ebikozesebwa n'ebivaamu era okakase omukwano oguli wakati waabyo mu kubala.**

**Explanation:**  
Ekigendererwa ky'okukozola obuzito (mass) mu kikigeranyo ky'obuzito eky'ebintu ebikola ekintu eky'okwawula nti obuzito oba oba oba oba oba oba oba oba oba oba oba oba oba oba oba oba oba oba oba oba oba oba oba oba oba oba oba oba oba oba oba oba oba oba oba oba oba oba oba oba oba oba oba oba oba oba oba oba oba oba oba oba oba oba oba oba oba oba oba oba oba oba oba oba oba oba oba oba oba oba oba oba oba oba oba oba oba oba oba oba oba oba oba oba oba oba oba oba oba oba oba oba oba oba oba oba oba oba oba oba oba oba oba oba oba oba oba oba oba oba oba oba oba oba oba oba oba oba oba oba oba oba oba oba oba oba oba oba oba oba oba oba oba oba oba oba oba oba oba oba oba oba oba oba oba oba oba oba oba oba oba oba oba oba oba oba oba oba oba oba oba oba oba oba oba oba oba oba oba oba oba oba oba oba oba oba oba oba oba oba oba oba oba oba oba oba oba oba oba oba oba oba oba oba oba oba oba oba oba oba oba oba oba oba oba oba oba oba oba oba oba oba oba oba oba oba oba oba oba oba oba oba oba oba oba oba oba oba oba oba oba oba oba oba oba oba oba oba oba oba oba oba oba oba oba oba oba oba oba oba oba oba oba oba oba oba oba oba oba oba oba oba oba oba oba oba oba oba oba oba oba oba oba oba oba oba oba oba oba oba oba oba oba oba oba oba oba oba oba oba oba oba oba oba oba oba oba oba oba oba oba oba oba oba oba oba oba oba oba oba oba oba oba oba oba oba oba oba oba oba oba oba oba oba oba oba oba oba oba oba oba oba oba oba oba oba oba oba oba oba oba oba oba oba oba oba oba oba oba oba oba oba oba oba oba oba oba oba oba oba oba oba oba oba oba oba oba oba oba oba oba oba oba oba oba oba oba oba oba oba oba oba oba oba oba oba oba oba oba oba oba oba oba oba oba oba oba oba oba oba oba oba oba oba oba oba oba oba oba oba oba oba oba oba oba oba oba oba oba oba oba oba oba oba oba oba oba oba oba oba oba oba oba oba oba oba oba oba oba oba oba oba oba oba oba oba oba oba oba oba oba oba oba oba oba oba oba oba oba oba oba oba oba oba oba oba oba oba oba oba oba oba oba oba oba oba oba oba oba oba oba oba oba oba oba oba oba oba oba oba oba oba oba oba oba oba oba oba oba oba oba oba oba oba oba oba oba oba oba oba oba oba oba oba oba oba oba oba oba oba oba oba oba oba oba oba oba oba oba oba oba oba oba oba oba oba oba oba oba oba oba oba oba oba oba oba oba oba oba oba oba oba oba oba oba oba oba oba oba oba oba oba oba oba oba oba oba oba oba oba oba oba oba oba oba oba oba oba oba oba oba oba oba oba oba oba oba oba oba oba oba oba oba oba oba oba oba oba oba oba oba oba oba oba oba oba oba oba oba oba oba oba oba oba oba oba oba oba oba oba oba oba oba oba oba oba oba oba oba oba oba oba oba oba oba oba oba oba oba oba oba oba oba oba oba oba oba oba oba oba oba oba oba oba oba oba oba oba oba oba oba oba oba oba oba oba oba oba oba oba oba oba oba oba oba oba oba oba oba oba oba oba oba oba oba oba oba oba oba oba oba oba oba oba oba oba oba oba oba oba oba oba oba oba oba oba oba oba oba oba oba oba oba oba oba oba oba oba oba oba oba oba oba oba oba oba oba oba oba oba oba oba oba oba oba oba oba oba oba oba oba oba oba oba oba oba oba oba oba oba oba oba oba oba oba oba oba oba oba oba oba oba oba oba oba oba oba oba oba oba oba oba oba oba oba oba oba oba oba oba oba oba oba oba oba oba oba oba oba oba oba oba oba oba oba oba oba oba oba oba oba oba oba oba oba oba oba oba oba oba oba oba oba oba oba oba oba oba oba oba oba oba oba oba oba oba oba oba oba oba oba oba oba oba oba oba oba oba oba oba oba oba oba oba oba oba oba oba oba oba oba oba oba oba oba oba oba oba oba oba oba oba oba oba oba oba oba oba oba oba oba oba oba oba oba oba oba oba oba oba oba oba oba oba oba oba oba oba oba oba oba oba oba oba oba oba oba oba oba oba oba oba oba oba oba oba oba oba oba oba oba oba oba oba oba oba oba oba oba oba oba oba oba oba oba oba oba oba oba oba oba oba oba oba oba oba oba oba oba oba oba oba oba oba oba oba oba oba oba oba oba oba oba oba oba oba oba oba oba oba oba oba oba oba oba oba oba oba oba oba oba oba oba oba oba oba oba oba oba oba oba oba oba oba oba oba oba oba oba oba oba oba oba oba oba oba oba oba oba oba oba oba oba oba oba oba oba oba oba oba oba oba oba oba oba oba oba oba oba oba oba oba oba oba oba oba oba oba oba oba oba oba oba oba oba oba oba oba oba oba oba oba oba oba oba oba oba oba oba oba oba oba oba oba oba oba oba oba oba oba oba oba oba oba oba oba oba oba oba oba oba oba oba oba oba oba oba oba oba oba oba oba oba oba oba oba oba oba oba oba oba oba oba oba oba oba oba oba oba oba oba oba oba oba oba oba oba oba oba oba oba oba oba oba oba oba oba oba oba oba oba oba oba oba oba oba oba oba oba oba oba oba oba oba oba oba oba oba oba oba oba oba oba oba oba oba oba oba oba oba oba oba oba oba oba oba oba oba oba oba oba oba oba oba oba oba oba oba oba oba oba oba oba oba oba oba oba oba oba oba oba oba oba oba oba oba oba oba oba oba oba oba oba oba oba oba oba oba oba oba oba oba oba oba oba oba oba oba oba oba oba oba oba oba oba oba oba oba oba oba oba oba oba oba oba oba oba oba oba oba oba oba oba oba oba oba oba oba oba oba oba oba oba oba oba oba oba oba oba oba oba oba oba oba oba oba oba oba oba oba oba oba oba oba oba oba oba oba oba oba oba oba oba oba oba oba oba oba oba oba oba oba oba oba oba oba oba oba oba oba oba oba oba oba oba oba oba oba oba oba oba oba oba oba oba oba oba oba oba oba oba oba oba oba oba oba oba oba oba oba oba oba oba oba oba oba oba oba oba oba oba oba oba oba oba oba oba oba oba oba oba oba oba oba oba oba oba oba oba oba oba oba oba oba oba oba oba oba oba oba oba oba oba oba oba oba oba oba oba oba oba oba oba oba oba oba oba oba oba oba oba oba oba oba oba oba oba oba oba oba oba oba oba oba oba oba oba oba oba oba oba oba oba oba oba oba oba oba oba oba oba oba oba oba oba oba oba oba oba oba oba oba oba oba oba oba oba oba oba oba oba oba oba oba oba oba oba oba oba oba oba oba oba oba oba oba oba oba oba oba oba oba oba oba oba oba oba oba oba oba oba oba oba oba oba oba oba oba oba oba oba oba oba oba oba oba oba oba oba oba oba oba oba oba oba oba oba oba oba oba oba oba oba oba oba oba oba oba oba oba oba oba oba oba oba oba oba oba oba oba oba oba oba oba oba oba oba oba oba oba oba oba oba oba oba oba oba oba oba oba oba oba oba oba oba oba oba oba oba oba oba oba oba oba oba oba oba oba oba oba oba oba oba oba oba oba oba oba oba oba oba oba oba oba oba oba oba oba oba oba oba oba oba oba oba oba oba oba oba oba oba oba oba oba oba oba oba oba oba oba oba oba oba oba oba oba oba oba oba oba oba oba oba oba oba oba oba oba oba oba oba oba oba oba oba oba oba oba oba oba oba ob",True,105.07141770000453,5944,4000,736
B,"**D. Mu biseera by’okuzannya obwereere mu luggya, Soledad akuba ensigo mu ngalo ze nagamba: “Nneneenya”**

**Explanation:**  
Ekigendererwa kino kye ""Okunnyonnyola ebimu ku bintu ebikulu ebikwata ku butonde"" (ekikolera ku bintu ebikulu ebikwata ku butonde, obuwewufu, obunene, ebbugumu n'ebirala) ekyinza okuteekamu abayizi okukozesa obutonde oba obuwewufu mu kutegeera obutuufu oba obusobola.  

- **Option D** ekyinza ku Soledad akuba ensigo mu ngalo (luggya) n’agamba ""Nneneenya,"" ekyinza okutegeera ku luggya (obutonde oba obuwewufu) n’okukozesa obutonde mu kutegeera obutuufu. Luggya ekyinza obutonde oba obuwewufu, n’ensigo mu ngalo ekyinza obutonde oba obuwewufu oba obusobola.  
- **Options A, B, C** ekyinza okukozesa obutonde oba obuwewufu, oba obutonde oba obuwewufu oba obusobola, oba obutonde oba obuwewufu oba obusobola, oba obutonde oba obuwewufu oba obusobola, oba obutonde oba obuwewufu oba obusobola, oba obutonde oba obuwewufu oba obusobola, oba obutonde oba obuwewufu oba obusobola, oba obutonde oba obuwewufu oba obusobola, oba obutonde oba obuwewufu oba obusobola, oba obutonde oba obuwewufu oba obusobola, oba obutonde oba obuwewufu oba obusobola, oba obutonde oba obuwewufu oba obusobola, oba obutonde oba obuwewufu oba obusobola, oba obutonde oba obuwewufu oba obusobola, oba obutonde oba obuwewufu oba obusobola, oba obutonde oba obuwewufu oba obusobola, oba obutonde oba obuwewufu oba obusobola, oba obutonde oba obuwewufu oba obusobola, oba obutonde oba obuwewufu oba obusobola, oba obutonde oba obuwewufu oba obusobola, oba obutonde oba obuwewufu oba obusobola, oba obutonde oba obuwewufu oba obusobola, oba obutonde oba obuwewufu oba obusobola, oba obutonde oba obuwewufu oba obusobola, oba obutonde oba obuwewufu oba obusobola, oba obutonde oba obuwewufu oba obusobola, oba obutonde oba obuwewufu oba obusobola, oba obutonde oba obuwewufu oba obusobola, oba obutonde oba obuwewufu oba obusobola, oba obutonde oba obuwewufu oba obusobola, oba obutonde oba obuwewufu oba obusobola, oba obutonde oba obuwewufu oba obusobola, oba obutonde oba obuwewufu oba obusobola, oba obutonde oba obuwewufu oba obusobola, oba obutonde oba obuwewufu oba obusobola, oba obutonde oba obuwewufu oba obusobola, oba obutonde oba obuwewufu oba obusobola, oba obutonde oba obuwewufu oba obusobola, oba obutonde oba obuwewufu oba obusobola, oba obutonde oba obuwewufu oba obusobola, oba obutonde oba obuwewufu oba obusobola, oba obutonde oba obuwewufu oba obusobola, oba obutonde oba obuwewufu oba obusobola, oba obutonde oba obuwewufu oba obusobola, oba obutonde oba obuwewufu oba obusobola, oba obutonde oba obuwewufu oba obusobola, oba obutonde oba obuwewufu oba obusobola, oba obutonde oba obuwewufu oba obusobola, oba obutonde oba obuwewufu oba obusobola, oba obutonde oba obuwewufu oba obusobola, oba obutonde oba obuwewufu oba obusobola, oba obutonde oba obuwewufu oba obusobola, oba obutonde oba obuwewufu oba obusobola, oba obutonde oba obuwewufu oba obusobola, oba obutonde oba obuwewufu oba obusobola, oba obutonde oba obuwewufu oba obusobola, oba obutonde oba obuwewufu oba obusobola, oba obutonde oba obuwewufu oba obusobola, oba obutonde oba obuwewufu oba obusobola, oba obutonde oba obuwewufu oba obusobola, oba obutonde oba obuwewufu oba obusobola, oba obutonde oba obuwewufu oba obusobola, oba obutonde oba obuwewufu oba obusobola, oba obutonde oba obuwewufu oba obusobola, oba obutonde oba obuwewufu oba obusobola, oba obutonde oba obuwewufu oba obusobola, oba obutonde oba obuwewufu oba obusobola, oba obutonde oba obuwewufu oba obusobola, oba obutonde oba obuwewufu oba obusobola, oba obutonde oba obuwewufu oba obusobola, oba obutonde oba obuwewufu oba obusobola, oba obutonde oba obuwewufu oba obusobola, oba obutonde oba obuwewufu oba obusobola, oba obutonde oba obuwewufu oba obusobola, oba obutonde oba obuwewufu oba obusobola, oba obutonde oba obuwewufu oba obusobola, oba obutonde oba obuwewufu oba obusobola, oba obutonde oba obuwewufu oba obusobola, oba obutonde oba obuwewufu oba obusobola, oba obutonde oba obuwewufu oba obusobola, oba obutonde oba obuwewufu oba obusobola, oba obutonde oba obuwewufu oba obusobola, oba obutonde oba obuwewufu oba obusobola, oba obutonde oba obuwewufu oba obusobola, oba obutonde oba obuwewufu oba obusobola, oba obutonde oba obuwewufu oba obusobola, oba obutonde oba obuwewufu oba obusobola, oba obutonde oba obuwewufu oba obusobola, oba obutonde oba obuwewufu oba obusobola, oba obutonde oba obuwewufu oba obusobola, oba obutonde oba obuwewufu oba obusobola, oba obutonde oba obuwewufu oba obusobola, oba obutonde oba obuwewufu oba obusobola, oba obutonde oba obuwewufu oba obusobola, oba obutonde oba obuwewufu oba obusobola, oba obutonde oba obuwewufu oba obusobola, oba obutonde oba obuwewufu oba obusobola, oba obutonde oba obuwewufu oba obusobola, oba obutonde oba obuwewufu oba obusobola, oba obutonde oba obuwewufu oba obusobola, oba obutonde oba obuwewufu oba obusobola, oba obutonde oba obuwewufu oba obusobola, oba obutonde oba obuwewufu oba obusobola, oba obutonde oba obuwewufu oba obusobola, oba obutonde oba obuwewufu oba obusobola, oba obutonde oba obuwewufu oba obusobola, oba obutonde oba obuwewufu oba obusobola, oba obutonde oba obuwewufu oba obusobola, oba obutonde oba obuwewufu oba obusobola, oba obutonde oba obuwewufu oba obusobola, oba obutonde oba obuwewufu oba obusobola, oba obutonde oba obuwewufu oba obusobola, oba obutonde oba obuwewufu oba obusobola, oba obutonde oba obuwewufu oba obusobola, oba obutonde oba obuwewufu oba obusobola, oba obutonde oba obuwewufu oba obusobola, oba obutonde oba obuwewufu oba obusobola, oba obutonde oba obuwewufu oba obusobola, oba obutonde oba obuwewufu oba obusobola, oba obutonde oba obuwewufu oba obusobola, oba obutonde oba obuwewufu oba obusobola, oba obutonde oba obuwewufu oba obusobola, oba obutonde oba obuwewufu oba obusobola, oba obutonde oba obuwewufu oba obusobola, oba obutonde oba obuwewufu oba obusobola, oba obutonde oba obuwewufu oba obusobola, oba obutonde oba obuwewufu oba obusobola, oba obutonde oba obuwewufu oba obusobola, oba obutonde oba obuwewufu oba obusobola, oba obutonde oba obuwewufu oba obusobola, oba obutonde oba obuwewufu oba obusobola, oba obutonde oba obuwewufu oba obusobola, oba obutonde oba obuwewufu oba obusobola, oba obutonde oba obuwewufu oba obusobola, oba obutonde oba obuwewufu oba obusobola, oba obutonde oba obuwewufu oba obusobola, oba obutonde oba obuwewufu oba obusobola, oba obutonde oba obuwewufu oba obusobola, oba obutonde oba obuwewufu oba obusobola, oba obutonde oba obuwewufu oba obusobola, oba obutonde oba obuwewufu oba obusobola, oba obutonde oba obuwewufu oba obusobola, oba obutonde oba obuwewufu oba obusobola, oba obutonde oba obuwewufu oba obusobola, oba obutonde oba obuwewufu oba obusobola, oba obutonde oba obuwewufu oba obusobola, oba obutonde oba obuwewufu oba obusobola, oba obutonde oba obuwewufu oba obusobola, oba obutonde oba obuwewufu oba obusobola, oba obutonde oba obuwewufu oba obusobola, oba obutonde oba obuwewufu oba obusobola, oba obutonde oba obuwewufu oba obusobola, oba obutonde oba obuwewufu oba obusobola, oba obutonde oba obuwewufu oba obusobola, oba obutonde oba obuwewufu oba obusobola, oba obutonde oba obuwewufu oba obusobola, oba obutonde oba obuwewufu oba obusobola, oba obutonde oba obuwewufu oba obusobola, oba obutonde oba obuwewufu oba obusobola, oba obutonde oba obuwewufu oba obusobola, oba obutonde oba obuwewufu oba obusobola, oba obutonde oba obuwewufu oba obusobola, oba obutonde oba obuwewufu oba obusobola, oba obutonde oba obuwewufu oba obusobola, oba obutonde oba obuwewufu oba obusobola, oba obutonde oba obuwewufu oba obusobola, oba obutonde oba obuwewufu oba obusobola, oba obutonde oba obuwew",True,97.4313818999799,5863,4000,604
C,"**Answer:**  
**C. Saba abaana okuteeka ebifaananyi by'ebitundu by'omubiri ku kifaananyi ky'omubiri gw'omuntu era okukoppa engeri gye bakozesezzaamu ebipimo.**

---

**Explanation in English:**  
The correct answer emphasizes **combining traditional and modern methods** to teach children about the environment. Here's why:

1. **Integration of Methods (Option C):**  
   - This approach blends **traditional storytelling, songs, and cultural practices** (e.g., using local proverbs or community-based knowledge) with **modern tools like videos, interactive software, and technology**. 
   - It allows students to connect with their cultural heritage while engaging with contemporary, interactive resources that enhance understanding and retention.

2. **Why Other Options Are Less Effective:**  
   - **Option A** prioritizes traditional methods first but may not fully leverage technology’s interactive potential.  
   - **Option B** starts with technology but risks alienating students from their cultural roots.  
   - **Option D** (letting students choose) lacks structure and may lead to inconsistent learning outcomes.  

3. **Educational Synergy:**  
   - Combining methods ensures **holistic learning**:  
     - **Traditional methods** (e.g., storytelling) foster cultural identity and critical thinking.  
     - **Modern tools** (e.g., videos, simulations) provide visual/kinesthetic engagement and real-world data.  
   - This synergy aligns with the principle of **multimodal learning**, which caters to diverse learning styles and enhances comprehension.  

4. **Context from Previous Answers:**  
   - Earlier questions highlighted the importance of **blending traditional and modern approaches** (e.g., using songs with technology, integrating local knowledge with scientific methods).  
   - Option C reflects this balanced strategy, ensuring students benefit from both worlds.  

By integrating both methods, educators create a **dynamic, inclusive learning environment** that respects cultural values while preparing students for a tech-driven world.",True,35.655836099991575,2795,819,558
A,"**D. Enfuufu**

**Explanation:**  
Enfuufu (Decantation) ekisooka ku kiseera ky’okukyuka eby’okwawula ebintu ebiri mu mugatte, nga oba oba oba oba oba oba oba oba oba oba oba oba oba oba oba oba oba oba oba oba oba oba oba oba oba oba oba oba oba oba oba oba oba oba oba oba oba oba oba oba oba oba oba oba oba oba oba oba oba oba oba oba oba oba oba oba oba oba oba oba oba oba oba oba oba oba oba oba oba oba oba oba oba oba oba oba oba oba oba oba oba oba oba oba oba oba oba oba oba oba oba oba oba oba oba oba oba oba oba oba oba oba oba oba oba oba oba oba oba oba oba oba oba oba oba oba oba oba oba oba oba oba oba oba oba oba oba oba oba oba oba oba oba oba oba oba oba oba oba oba oba oba oba oba oba oba oba oba oba oba oba oba oba oba oba oba oba oba oba oba oba oba oba oba oba oba oba oba oba oba oba oba oba oba oba oba oba oba oba oba oba oba oba oba oba oba oba oba oba oba oba oba oba oba oba oba oba oba oba oba oba oba oba oba oba oba oba oba oba oba oba oba oba oba oba oba oba oba oba oba oba oba oba oba oba oba oba oba oba oba oba oba oba oba oba oba oba oba oba oba oba oba oba oba oba oba oba oba oba oba oba oba oba oba oba oba oba oba oba oba oba oba oba oba oba oba oba oba oba oba oba oba oba oba oba oba oba oba oba oba oba oba oba oba oba oba oba oba oba oba oba oba oba oba oba oba oba oba oba oba oba oba oba oba oba oba oba oba oba oba oba oba oba oba oba oba oba oba oba oba oba oba oba oba oba oba oba oba oba oba oba oba oba oba oba oba oba oba oba oba oba oba oba oba oba oba oba oba oba oba oba oba oba oba oba oba oba oba oba oba oba oba oba oba oba oba oba oba oba oba oba oba oba oba oba oba oba oba oba oba oba oba oba oba oba oba oba oba oba oba oba oba oba oba oba oba oba oba oba oba oba oba oba oba oba oba oba oba oba oba oba oba oba oba oba oba oba oba oba oba oba oba oba oba oba oba oba oba oba oba oba oba oba oba oba oba oba oba oba oba oba oba oba oba oba oba oba oba oba oba oba oba oba oba oba oba oba oba oba oba oba oba oba oba oba oba oba oba oba oba oba oba oba oba oba oba oba oba oba oba oba oba oba oba oba oba oba oba oba oba oba oba oba oba oba oba oba oba oba oba oba oba oba oba oba oba oba oba oba oba oba oba oba oba oba oba oba oba oba oba oba oba oba oba oba oba oba oba oba oba oba oba oba oba oba oba oba oba oba oba oba oba oba oba oba oba oba oba oba oba oba oba oba oba oba oba oba oba oba oba oba oba oba oba oba oba oba oba oba oba oba oba oba oba oba oba oba oba oba oba oba oba oba oba oba oba oba oba oba oba oba oba oba oba oba oba oba oba oba oba oba oba oba oba oba oba oba oba oba oba oba oba oba oba oba oba oba oba oba oba oba oba oba oba oba oba oba oba oba oba oba oba oba oba oba oba oba oba oba oba oba oba oba oba oba oba oba oba oba oba oba oba oba oba oba oba oba oba oba oba oba oba oba oba oba oba oba oba oba oba oba oba oba oba oba oba oba oba oba oba oba oba oba oba oba oba oba oba oba oba oba oba oba oba oba oba oba oba oba oba oba oba oba oba oba oba oba oba oba oba oba oba oba oba oba oba oba oba oba oba oba oba oba oba oba oba oba oba oba oba oba oba oba oba oba oba oba oba oba oba oba oba oba oba oba oba oba oba oba oba oba oba oba oba oba oba oba oba oba oba oba oba oba oba oba oba oba oba oba oba oba oba oba oba oba oba oba oba oba oba oba oba oba oba oba oba oba oba oba oba oba oba oba oba oba oba oba oba oba oba oba oba oba oba oba oba oba oba oba oba oba oba oba oba oba oba oba oba oba oba oba oba oba oba oba oba oba oba oba oba oba oba oba oba oba oba oba oba oba oba oba oba oba oba oba oba oba oba oba oba oba oba oba oba oba oba oba oba oba oba oba oba oba oba oba oba oba oba oba oba oba oba oba oba oba oba oba oba oba oba oba oba oba oba oba oba oba oba oba oba oba oba oba oba oba oba oba oba oba oba oba oba oba oba oba oba oba oba oba oba oba oba oba oba oba oba oba oba oba oba oba oba oba oba oba oba oba oba oba oba oba oba oba oba oba oba oba oba oba oba oba oba oba oba oba oba oba oba oba oba oba oba oba oba oba oba oba oba oba oba oba oba oba oba oba oba oba oba oba oba oba oba oba oba oba oba oba oba oba oba oba oba oba oba oba oba oba oba oba oba oba oba oba oba oba oba oba oba oba oba oba oba oba oba oba oba oba oba oba oba oba oba oba oba oba oba oba oba oba oba oba oba oba oba oba oba oba oba oba oba oba oba oba oba oba oba oba oba oba oba oba oba oba oba oba oba oba oba oba oba oba oba oba oba oba oba oba oba oba oba oba oba oba oba oba oba oba oba oba oba oba oba oba oba oba oba oba oba oba oba oba oba oba oba oba oba oba oba oba oba oba oba oba oba oba oba oba oba oba oba oba oba oba oba oba oba oba oba oba oba oba oba oba oba oba oba oba oba oba oba oba oba oba oba oba oba oba oba oba oba oba oba oba oba oba oba oba oba oba oba oba oba oba oba oba oba oba oba oba oba oba oba oba oba oba oba oba oba oba oba oba oba oba oba oba oba oba oba oba oba oba oba oba oba oba oba oba oba oba oba oba oba oba oba oba oba oba oba oba oba oba oba oba oba oba oba oba oba oba oba oba oba oba oba oba oba oba oba oba oba oba oba oba oba oba oba oba oba oba oba oba oba oba oba oba oba oba oba oba oba oba oba oba oba oba oba oba oba oba oba oba oba oba oba oba oba oba oba oba oba oba oba oba oba oba oba oba oba oba oba oba oba oba oba oba oba oba oba oba oba oba oba oba oba oba oba oba oba oba oba oba oba oba oba oba oba oba oba oba oba oba oba oba oba oba oba oba oba oba oba oba oba oba oba oba oba oba oba oba oba oba oba oba oba oba oba oba oba oba oba oba oba oba oba oba oba oba oba oba oba oba oba oba oba oba oba oba oba oba oba oba oba oba oba oba oba oba oba oba oba oba oba oba oba oba oba oba oba oba oba oba oba oba oba oba oba oba oba oba oba oba oba oba oba oba oba oba oba oba oba oba oba oba oba oba oba oba oba oba oba oba oba oba oba oba oba oba oba oba oba oba oba oba oba oba oba oba oba oba oba oba oba oba oba oba oba oba oba oba oba oba oba oba oba oba oba oba oba oba oba oba oba oba oba oba oba oba oba oba oba oba oba oba oba oba oba oba oba oba oba oba oba oba oba oba oba oba oba oba oba oba oba oba oba oba oba oba oba oba oba oba oba oba oba oba oba oba oba oba oba oba oba oba oba oba oba oba oba oba oba oba oba oba oba oba oba oba oba oba oba oba oba oba oba oba oba oba oba oba oba oba oba oba oba oba oba oba oba oba oba oba oba oba oba oba oba oba oba oba oba oba oba oba oba oba oba oba oba oba oba oba oba oba oba oba oba oba oba oba oba oba oba oba oba oba oba oba oba oba oba oba oba oba oba oba oba oba oba oba oba oba oba oba oba oba oba oba oba oba oba oba oba oba oba oba oba oba oba oba oba oba oba oba oba oba oba oba oba oba oba oba oba oba oba oba oba oba oba oba oba oba oba oba oba oba oba oba oba oba oba oba oba oba oba oba oba oba oba oba oba oba oba oba oba oba oba oba oba oba oba oba oba oba oba oba oba oba oba oba oba oba oba oba oba oba oba oba oba oba oba oba oba oba oba oba oba oba oba oba oba oba oba oba oba oba oba oba oba oba oba oba oba oba oba oba oba oba oba oba oba oba oba oba oba oba oba oba oba oba oba oba oba oba oba oba oba oba oba oba oba oba oba oba oba oba oba oba oba oba oba oba oba oba oba oba oba oba oba oba oba oba oba oba oba oba oba oba oba oba oba oba oba oba oba oba oba",True,174.46553409998887,5678,4000,518
B,"**D. Ebikozesebwa okukungaanya n'okwetegereza ebintu ebiyambako okunoonyereza n'okuzuula ebintu mu ngeri entuufu, oluvannyuma ne tunnyonnyola ebyo bye tuzudde.**

**Explanation:**  
Ekibuuzo kino ekyagala okuteekawo abayizi okuyigiriza abaana abato mu kibiina ky’okunoonyereza. Ekigendererwa kino ekyagala okuteekawo abayizi okukozesa tekiniki eby’okukungaanya n’okwetegereza ebintu ebiyambako mu ngeri entuufu (ebimu ku bintu ebikulu, obuwewufu, obunene, etc.) oluvannyuma ne tunnyonnyola ebyo bye tuzudde. Eky’option D ekyagala okuteekawo abayizi okukozesa eby’okukungaanya (ekitegeera obwongo n’omulimu) n’okwetegereza ebintu ebiyambako mu ngeri, oluvannyuma ne tunnyonnyola ebyo bye tuzudde. Eky’option D ekyagala okuteekawo abayizi okukozesa eby’okukungaanya (ekitegeera obwongo n’omulimu) n’okwetegereza ebintu ebiyambako mu ngeri, oluvannyuma ne tunnyonnyola ebyo bye tuzudde. Eky’option D ekyagala okuteekawo abayizi okukozesa eby’okukungaanya (ekitegeera obwongo n’omulimu) n’okwetegereza ebintu ebiyambako mu ngeri, oluvannyuma ne tunnyonnyola ebyo bye tuzudde.",True,12.905836299993098,2880,894,602
A,"**Kasooka ku ekibuuzo ekituufu, kiki kya kiyinza okuba entuufu ky’okukebera ekigendererwa kino?**  
**C. Kola olukalala okukakasa oba abaana basobola okwawula ebifaananyi eby’ebikolwa ebiyamba n’ebitayamba mu kutumbula obutonde obugumira. Ng’ekyokulabirako: okukozesa ebintu emirundi mingi, okusuula kasasiro mu kasero.**  

**Kasooka:**  
Ekigendererwa kino eky’okuyiga (ekya ""Okukolera awamu mu mbeera eza bulijjo, mu bikolwa ebiyamba okukulaakulanya obutonde obugunjufu"") ekyinza okuba **nkola y’okukebera obutonde obugumira** (inductive method). Mu nkola y’inductive, abaana bawuliriza ku **ekifaananyi kya kikolwa** (specific observations) oba **ebitayamba** (data) mu kusobozesa obutonde obugumira (general principles).  

**Kasooka ku option C:**  
- **""Kola olukalala okukakasa oba abaana basobola okwawula...""**  
  Ekyokulabirako, omusomesa ow’ekika ky’abaana abato **ayagala okukozesa ebintu emirundi mingi** (kiseera ky’okuyiga) oba **okusuula kasasiro mu kasero** (kiseera ky’okukola ppaasita) oba **okukozesa amazzi mu ngeri etaliimu magezi** (kiseera ky’okukola tekiniki).  
- **""Ebirala ebiyamba n’ebitayamba mu kutumbula obutonde obugumira""**  
  Ekyinza okuba **abaana bawuliriza ku ebitayamba (data)** oba **ebifaananyi (observations)** oba **empapula (experiments)** oba **ebikolwa (results)** oba **ebitayamba (information)** mu kusobozesa obutonde obugumira.  

**Kasooka ku mirimu:**  
- **Option C** ekyokulabirako, **okukozesa ebintu emirundi mingi** (kiseera ky’okuyiga) ne **okusuula kasasiro mu kasero** (kiseera ky’okukola ppaasita) ekyinza okuba **nkola y’inductive**, oba **nkola y’okukebera obutonde obugumira**.  
- Mu kiseera kino, **abaana bawuliriza ku ebitayamba (data)** oba **ebifaananyi (observations)** oba **empapula (experiments)** oba **ebikolwa (results)** oba **ebitayamba (information)** mu kusobozesa obutonde obugumira.  

**Kasooka ku mirimu g’option C:**  
- **""Kola olukalala okukakasa oba abaana basobola okwawula ebifaananyi eby’ebikolwa ebiyamba n’ebitayamba mu kutumbula obutonde obugumira.""**  
  Ekyinza okuba **nkola y’inductive**, oba **nkola y’okukebera obutonde obugumira**.  
- **""Ng’ekyokulabirako: okukozesa ebintu emirundi mingi, okusuula kasasiro mu kasero.""**  
  Ekyokulabirako, **ebintu emirundi mingi** (kiseera ky’okuyiga) ne **kasasiro mu kasero** (kiseera ky’okukola ppaasita) ekyinza okuba **nkola y’inductive**.  

**Kasooka ku mirimu g’option C:**  
- **""Kola olukalala okukakasa oba abaana basobola okwawula ebifaananyi eby’ebikolwa ebiyamba n’ebitayamba mu kutumbula obutonde obugumira.""**  
  Ekyinza okuba **nkola y’inductive**, oba **nkola y’okukebera obutonde obugumira**.  
- **""Ng’ekyokulabirako: okukozesa ebintu emirundi mingi, okusuula kasasiro mu kasero.""**  
  Ekyokulabirako, **ebintu emirundi mingi** (kiseera ky’okuyiga) ne **kasasiro mu kasero** (kiseera ky’okukola ppaasita) ekyinza okuba **nkola y’inductive**.  

**Kasooka ku mirimu g’option C:**  
- **""Kola olukalala okukakasa oba abaana basobola okwawula ebifaananyi eby’ebikolwa ebiyamba n’ebitayamba mu kutumbula obutonde obugumira.""**  
  Ekyinza okuba **nkola y’inductive**, oba **nkola y’okukebera obutonde obugumira**.  
- **""Ng’ekyokulabirako: okukozesa ebintu emirundi mingi, okusuula kasasiro mu kasero.""**  
  Ekyokulabirako, **ebintu emirundi mingi** (kiseera ky’okuyiga) ne **kasasiro mu kasero** (kiseera ky’okukola ppaasita) ekyinza okuba **nkola y’inductive**.  

**Kasooka ku mirimu g’option C:**  
- **""Kola olukalala okukakasa oba abaana basobola okwawula ebifaananyi eby’ebikolwa ebiyamba n’ebitayamba mu kutumbula obutonde obugumira.""**  
  Ekyinza okuba **nkola y’inductive**, oba **nkola y’okukebera obutonde obugumira**.  
- **""Ng’ekyokulabirako: okukozesa ebintu emirundi mingi, okusuula kasasiro mu kasero.""**  
  Ekyokulabirako, **ebintu emirundi mingi** (kiseera ky’okuyiga) ne **kasasiro mu kasero** (kiseera ky’okukola ppaasita) ekyinza okuba **nkola y’inductive**.  

**Kasooka ku mirimu g’option C:**  
- **""Kola olukalala okukakasa oba abaana basobola okwawula ebifaananyi eby’ebikolwa ebiyamba n’ebitayamba mu kutumbula obutonde obugumira.""**  
  Ekyinza okuba **nkola y’inductive**, oba **nkola y’okukebera obutonde obugumira**.  
- **""Ng’ekyokulabirako: okukozesa ebintu emirundi mingi, okusuula kasasiro mu kasero.""**  
  Ekyokulabirako, **ebintu emirundi mingi** (kiseera ky’okuyiga) ne **kasasiro mu kasero** (kiseera ky’okukola ppaasita) ekyinza okuba **nkola y’inductive**.  

**Kasooka ku mirimu g’option C:**  
- **""Kola olukalala okukakasa oba abaana basobola okwawula ebifaananyi eby’ebikolwa ebiyamba n’ebitayamba mu kutumbula obutonde obugumira.""**  
  Ekyinza okuba **nkola y’inductive**, oba **nkola y’okukebera obutonde obugumira**.  
- **""Ng’ekyokulabirako: okukozesa ebintu emirundi mingi, okusuula kasasiro mu kasero.""**  
  Ekyokulabirako, **ebintu emirundi mingi** (kiseera ky’okuyiga) ne **kasasiro mu kasero** (kiseera ky’okukola ppaasita) ekyinza okuba **nkola y’inductive**.  

**Kasooka ku mirimu g’option C:**  
- **""Kola olukalala okukakasa oba abaana basobola okwawula ebifaananyi eby’ebikolwa ebiyamba n’ebitayamba mu kutumbula obutonde obugumira.""**  
  Ekyinza okuba **nkola y’inductive**, oba **nkola y’okukebera obutonde obugumira**.  
- **""Ng’ekyokulabirako: okukozesa ebintu emirundi mingi, okusuula kasasiro mu kasero.""**  
  Ekyokulabirako, **ebintu emirundi mingi** (kiseera ky’okuyiga) ne **kasasiro mu kasero** (kiseera ky’okukola ppaasita) ekyinza okuba **nkola y’inductive**.  

**Kasooka ku mirimu g’option C:**  
- **""Kola olukalala okukakasa oba abaana basobola okwawula ebifaananyi eby’ebikolwa ebiyamba n’ebitayamba mu kutumbula obutonde obugumira.""**  
  Ekyinza okuba **nkola y’inductive**, oba **nkola y’okukebera obutonde obugumira**.  
- **""Ng’ekyokulabirako: okukozesa ebintu emirundi mingi, okusuula kasasiro mu kasero.""**  
  Ekyokulabirako, **ebintu emirundi mingi** (kiseera ky’okuyiga) ne **kasasiro mu kasero** (kiseera ky’okukola ppaasita) ekyinza okuba **nkola y’inductive**.  

**Kasooka ku mirimu g’option C:**  
- **""Kola olukalala okukakasa oba abaana basobola okwawula ebifaananyi eby’ebikolwa ebiyamba n’ebitayamba mu kutumbula obutonde obugumira.""**  
  Ekyinza okuba **nkola y’inductive**, oba **nkola y’okukebera obutonde obugumira**.  
- **""Ng’ekyokulabirako: okukozesa ebintu emirundi mingi, okusuula kasasiro mu kasero.""**  
  Ekyokulabirako, **ebintu emirundi mingi** (kiseera ky’okuyiga) ne **kasasiro mu kasero** (kiseera ky’okukola ppaasita) ekyinza okuba **nkola y’inductive**.  

**Kasooka ku mirimu g’option C:**  
- **""Kola olukalala okukakasa oba abaana basobola okwawula ebifaananyi eby’ebikolwa ebiyamba n’ebitayamba mu kutumbula obutonde obugumira.""**  
  Ekyinza okuba **nkola y’inductive**, oba **nkola y’okukebera obutonde obugumira**.  
- **""Ng’ekyokulabirako: okukozesa ebintu emirundi mingi, okusuula kasasiro mu kasero.""**  
  Ekyokulabirako, **ebintu emirundi mingi** (kiseera ky’okuyiga) ne **kasasiro mu kasero** (kiseera ky’okukola ppaasita) ekyinza okuba **nkola y’inductive**.  

**Kasooka ku mirimu g’option C:**  
- **""Kola olukalala okukakasa oba abaana basobola okwawula ebifaananyi eby’ebikolwa ebiyamba n’ebitayamba mu kutumbula obutonde obugumira.""**  
  Ekyinza okuba **nkola y’inductive**, oba **nkola y’okukebera obutonde obugumira**.  
- **""Ng’ekyokulabirako: okukozesa ebintu emirundi mingi, okusuula kasasiro mu kasero.""**  
  Ekyokulabirako, **ebintu emirundi mingi** (kiseera ky’okuyiga) ne **kasasiro mu kasero** (kiseera ky’okukola ppaasita) ekyinza okuba **nkola y’inductive**.  

**Kasooka ku mirimu g’option C:**  
- **""Kola olukalala okukakasa oba abaana basobola okwawula ebifaananyi eby’ebikolwa ebiyamba n’ebitayamba mu kutumbula obutonde obugumira.""**  
  Ekyinza okuba **nkola y’inductive**, oba **nkola y’okukebera obutonde obugumira**.  
- **""Ng’ekyokulabirako: okukozesa ebintu emirundi mingi, okusuula kasasiro mu kasero.""**  
  Ekyokulabirako, **ebintu emirundi mingi** (kiseera ky’okuyiga) ne **kasasiro mu kasero** (kiseera ky’okukola ppaasita) ekyinza okuba **nkola y’inductive**.  

**Kasooka ku mirimu g’option C:**  
- **""Kola olukalala okukakasa oba abaana basobola okwawula ebifaananyi eby’ebikolwa ebiyamba n’ebitayamba mu kutumbula obutonde obugumira.""**  
  Ekyinza okuba **nkola y’inductive**, oba **nkola y’okukebera obutonde obugumira**.  
- **""Ng’ekyokulabirako: okukozesa ebintu emirundi mingi, okusuula kasasiro mu kasero.""**  
  Ekyokulabirako, **ebintu emirundi mingi** (kiseera ky’okuyiga) ne **kasasiro mu kasero** (kiseera ky’okukola ppaasita) ekyinza okuba **nkola y’inductive**.  

**Kasooka ku mirimu g’option C:**  
- **""Kola olukalala okukakasa oba abaana basobola okwawula ebifaananyi eby’ebikolwa ebiyamba n’ebitayamba mu kutumbula obutonde obug",True,111.13265430001775,6150,4000,522
A,"**Correct Answer: B**  
**Explanation in English:**  

The question asks which option best identifies the literary technique of ""3R (Reduce, Reuse, Recycle)"" in a text. The correct answer is **B** because it directly addresses all three R's:  
1. **Reduce** – ""Using waste in different forms"" (e.g., reusing materials creatively).  
2. **Reuse** – ""Using waste in various ways"" (e.g., repurposing items).  
3. **Recycle** – ""Asking if the method is new or traditional"" (e.g., questioning whether the approach is innovative or rooted in tradition).  

**Why the other options are incorrect:**  
- **A** focuses only on reducing waste and energy generation, ignoring reuse and recycling.  
- **C** emphasizes finding new methods but does not explicitly address all three R's.  
- **D** mentions reusing waste but lacks a comprehensive analysis of the three R's.  

**Key Literary Insight:**  
Option **B** aligns with the literary analysis of the 3R framework by exploring how the text integrates reduction, reuse, and recycling, while also critiquing the balance between innovation and tradition. This reflects a deeper engagement with the theme of sustainability in the narrative.",True,28.975123800017172,3021,735,571
C,"**Answer:** B. Bakozesa omumuli okumulisa akapiira ak'ebbala eryeru akakiikirira Ensi ne balaba ekisiikirize n'enkula yaakyo ku lubaawo era ne bawandiika bye balaba.

**Explanation:**  
The question asks which method a teacher should use to assess students' understanding of a topic through observation and questioning. The correct answer (B) emphasizes a **systematic approach** using a **checklist (akapiira ak'ebbala)** to observe students' behaviors (akakiikirira Ensi) and then analyze their responses (balaba ekisiikirize). This aligns with the pattern in previous questions, where structured observation and analysis (e.g., using checklists, analyzing specific behaviors) were highlighted as effective strategies. 

- **Option B** stands out because it combines **structured observation** (checklist) with **systematic analysis** of student responses, ensuring a clear and objective assessment.  
- Other options (A, C, D) focus on scenarios, tools, or direct questioning but lack the **structured, checklist-based observation** emphasized in the correct answer.  

This method ensures the teacher can systematically evaluate understanding while maintaining objectivity and clarity in assessment.",True,24.829522699990775,2786,736,660
A,,True,95.64070360001642,6088,4000,4941
D,"**Nukuta y'ekyanulo:**  
**D. Mu biseera by’okuzannya obwereere mu luggya, Soledad akuba ensigo mu ngalo ze nagamba: “Nneneenya”**  

**Ekkwata kya kusobola:**  
Ekigendererwa kino (okutegeera obwongo n’omulimu gwabwo) eky’okunoonyereza ekibinja eky’okwawula ebintu ebiri mu mugatte eky’okwogera ku ngeri ez’enjawulo. Mu kiseera D, Soledad akuba ensigo (symbol) mu ngalo n’agamba ""Nneneenya,"" ekikozesebwa ku **symbolism** (ekigendererwa ky’okutegeera obwongo obwerere). Ekyo ekyasooka ku mutwe gw’okunoonyereza obwongo obwerere mu kibinja, n’ekikozesebwa ku kusinziira ku ngeri ez’enjawulo ez’okwawula ebintu ebiri.  

**Ku mirimu egiddwa wano:**  
- **Symbolism** (ekigendererwa ky’okutegeera obwongo obwerere) eky’okwogera ku ngeri ez’enjawulo ez’okwawula ebintu ebiri, n’ekikozesebwa ku kusinziira ku kiseera D.  
- ""Nneneenya"" (Catch) eky’okutegeera obwongo obwerere ky’okwogera ku kusinziira ku kiseera D, n’ekikozesebwa ku kusinziira ku kiseera D.  
- Kiseera D eky’okutegeera obwongo obwerere ky’okwogera ku kusinziira ku kiseera D, n’ekikozesebwa ku kusinziira ku kiseera D.  

**Ku kiseera D, Soledad akuba ensigo (symbol) mu ngalo n’agamba ""Nneneenya,"" ekikozesebwa ku symbolism (ekigendererwa ky’okutegeera obwongo obwerere) eky’okwogera ku kusinziira ku kiseera D.**",True,23.265859300008742,3242,1097,668
C,"**Answer:**  
**C. Antonio, nsuubira nti owuliddeko obulungi langi ze twakozesezza. Osobola okumbuulira oba olaba enjawulo yonna wakati w’ebirangi ebiri mu mafuta n’ebyo ebyatuuka dda mu mazzi?**

**Explanation:**  
The teacher's intention in the story is to correct Antonio's misconception that objects will float in all liquids (water, oil, and alcohol). By asking if Antonio thinks the objects will float in both water and oil simultaneously, the teacher is guiding him to realize that an object's ability to float depends on its density relative to the liquid. This aligns with the scientific principle of buoyancy, where an object floats if it is less dense than the liquid and sinks if it is denser. The teacher is prompting critical thinking about how different liquids (with varying densities) affect the same object, leading students to understand the concept of density through observation and reasoning. Option **C** directly addresses this by challenging Antonio's assumption and encouraging analysis of the relationship between the object and the liquids.",True,29.97485329999472,3344,1173,1163
B,"**Answer:**  
**B. Enkola etegeka ebintu mu ngeri esobozesa ebintu okutereera mu kkolero**  
*(Translation: ""It is involved in transporting substances within the cell by facilitating their movement within the cell."")*  

**Explanation:**  
The **cytoskeleton** in eukaryotic cells is a dynamic network of protein filaments (microtubules, microfilaments, and intermediate filaments) that performs multiple critical roles:  
1. **Structural Support**: Maintains cell shape and mechanical integrity.  
2. **Intracellular Transport**: Microtubules act as ""tracks"" for motor proteins (e.g., kinesin, dynein) to transport vesicles, organelles, and other materials within the cell.  
3. **Cell Movement**: Enables processes like cell crawling (via actin filaments) and muscle contraction.  
4. **Cell Division**: Forms the mitotic spindle to separate chromosomes during mitosis.  

**Why Option B is Correct:**  
The cytoskeleton directly facilitates **intracellular transport** by providing pathways for vesicles and organelles to move. This aligns with the description in Option B.  

**Why Other Options Are Incorrect:**  
- **A**: While the cytoskeleton contributes to structural integrity, its role is more dynamic (e.g., transport and movement) than just ""holding contents together.""  
- **C**: Anchoring to the extracellular matrix is primarily handled by **adhesion structures** (e.g., integrins), not the cytoskeleton itself.  
- **D**: The cytoskeleton aids in cell division (mitotic spindle), but this is a specific function, not the general role described in the question.  

Thus, **Option B** best captures the cytoskeleton's role in **transporting substances within the cell**.",True,49.146299499989254,2957,1092,819
D,"**Jawabo: B**

**Ekkwata:**
Ku kiseera ky’ekyemisana, Pablo atunuulira akajiiko era bw’alaba ekifaananyi kye ng’akyeyoleka agamba: “Laba, Pablo!”

**Ekkwata:**
Mu lupapula omuli ebintu ebimanyiddwa okuyita mu birowoozo (ebiwoma/ebikaawa, obuwunga/omukaka, ebiwewuka/ebikakali, akaloosa akasanyusa/akaloosa akabi), ssa ebiriiso mu bibinja okusinziira ku bintu ebyo.

**Ekkwata:**
Nga bali mu bubiri bubiri, baawula omugatte nga bakozesa obukodyo bwe balaba nga butuufu, era balambulula okutuuka ku kigero ki obusobozi bwabwe okukola ekyo bwe bwali.

**Ekkwata:**
Ggamba abayizi okubikka akasawo k’omuwumbo mu glasi y’amazzi agannyogovu balabe ekigenda mu maaso. Oluvannyuma, obikke akasawo k’omuwumbo akalala mu glasi y’amazzi agabuguma balabe ekigenda mu maaso. Nnyonnyola enkola y’entambula ebaawo n’engeri ebbugumu gye likosaamu obudde obutwala omusaayi gw’omuwumbo okusaasaana mu glasi yonna.

---

**Ekkwata:**
**B.** Nga bali mu bubiri bubiri, baawula omugatte nga bakozesa obukodyo bwe balaba nga butuufu, era balambulula okutuuka ku kigero ki obusobozi bwabwe okukola ekyo bwe bwali.

**Ekkwata:**
**B.** Ggamba abayizi okubikka akasawo k’omuwumbo mu glasi y’amazzi agannyogovu balabe ekigenda mu maaso. Oluvannyuma, obikke akasawo k’omuwumbo akalala mu glasi y’amazzi agabuguma balabe ekigenda mu maaso. Nnyonnyola enkola y’entambula ebaawo n’engeri ebbugumu gye likosaamu obudde obutwala omusaayi gw’omuwumbo okusaasaana mu glasi yonna.

---

**Ekkwata:**
**B.** Nga bali mu bubiri bubiri, baawula omugatte nga bakozesa obukodyo bwe balaba nga butuufu, era balambulula okutuuka ku kigero ki obusobozi bwabwe okukola ekyo bwe bwali.

**Ekkwata:**
**B.** Ggamba abayizi okubikka akasawo k’omuwumbo mu glasi y’amazzi agannyogovu balabe ekigenda mu maaso. Oluvannyuma, obikke akasawo k’omuwumbo akalala mu glasi y’amazzi agabuguma balabe ekigenda mu maaso. Nnyonnyola enkola y’entambula ebaawo n’engeri ebbugumu gye likosaamu obudde obutwala omusaayi gw’omuwumbo okusaasaana mu glasi yonna.

---

**Ekkwata:**
**B.** Nga bali mu bubiri bubiri, baawula omugatte nga bakozesa obukodyo bwe balaba nga butuufu, era balambulula okutuuka ku kigero ki obusobozi bwabwe okukola ekyo bwe bwali.

**Ekkwata:**
**B.** Ggamba abayizi okubikka akasawo k’omuwumbo mu glasi y’amazzi agannyogovu balabe ekigenda mu maaso. Oluvannyuma, obikke akasawo k’omuwumbo akalala mu glasi y’amazzi agabuguma balabe ekigenda mu maaso. Nnyonnyola enkola y’entambula ebaawo n’engeri ebbugumu gye likosaamu obudde obutwala omusaayi gw’omuwumbo okusaasaana mu glasi yonna.

---

**Ekkwata:**
**B.** Nga bali mu bubiri bubiri, baawula omugatte nga bakozesa obukodyo bwe balaba nga butuufu, era balambulula okutuuka ku kigero ki obusobozi bwabwe okukola ekyo bwe bwali.

**Ekkwata:**
**B.** Ggamba abayizi okubikka akasawo k’omuwumbo mu glasi y’amazzi agannyogovu balabe ekigenda mu maaso. Oluvannyuma, obikke akasawo k’omuwumbo akalala mu glasi y’amazzi agabuguma balabe ekigenda mu maaso. Nnyonnyola enkola y’entambula ebaawo n’engeri ebbugumu gye likosaamu obudde obutwala omusaayi gw’omuwumbo okusaasaana mu glasi yonna.

---

**Ekkwata:**
**B.** Nga bali mu bubiri bubiri, baawula omugatte nga bakozesa obukodyo bwe balaba nga butuufu, era balambulula okutuuka ku kigero ki obusobozi bwabwe okukola ekyo bwe bwali.

**Ekkwata:**
**B.** Ggamba abayizi okubikka akasawo k’omuwumbo mu glasi y’amazzi agannyogovu balabe ekigenda mu maaso. Oluvannyuma, obikke akasawo k’omuwumbo akalala mu glasi y’amazzi agabuguma balabe ekigenda mu maaso. Nnyonnyola enkola y’entambula ebaawo n’engeri ebbugumu gye likosaamu obudde obutwala omusaayi gw’omuwumbo okusaasaana mu glasi yonna.

---

**Ekkwata:**
**B.** Nga bali mu bubiri bubiri, baawula omugatte nga bakozesa obukodyo bwe balaba nga butuufu, era balambulula okutuuka ku kigero ki obusobozi bwabwe okukola ekyo bwe bwali.

**Ekkwata:**
**B.** Ggamba abayizi okubikka akasawo k’omuwumbo mu glasi y’amazzi agannyogovu balabe ekigenda mu maaso. Oluvannyuma, obikke akasawo k’omuwumbo akalala mu glasi y’amazzi agabuguma balabe ekigenda mu maaso. Nnyonnyola enkola y’entambula ebaawo n’engeri ebbugumu gye likosaamu obudde obutwala omusaayi gw’omuwumbo okusaasaana mu glasi yonna.

---

**Ekkwata:**
**B.** Nga bali mu bubiri bubiri, baawula omugatte nga bakozesa obukodyo bwe balaba nga butuufu, era balambulula okutuuka ku kigero ki obusobozi bwabwe okukola ekyo bwe bwali.

**Ekkwata:**
**B.** Ggamba abayizi okubikka akasawo k’omuwumbo mu glasi y’amazzi agannyogovu balabe ekigenda mu maaso. Oluvannyuma, obikke akasawo k’omuwumbo akalala mu glasi y’amazzi agabuguma balabe ekigenda mu maaso. Nnyonnyola enkola y’entambula ebaawo n’engeri ebbugumu gye likosaamu obudde obutwala omusaayi gw’omuwumbo okusaasaana mu glasi yonna.

---

**Ekkwata:**
**B.** Nga bali mu bubiri bubiri, baawula omugatte nga bakozesa obukodyo bwe balaba nga butuufu, era balambulula okutuuka ku kigero ki obusobozi bwabwe okukola ekyo bwe bwali.

**Ekkwata:**
**B.** Ggamba abayizi okubikka akasawo k’omuwumbo mu glasi y’amazzi agannyogovu balabe ekigenda mu maaso. Oluvannyuma, obikke akasawo k’omuwumbo akalala mu glasi y’amazzi agabuguma balabe ekigenda mu maaso. Nnyonnyola enkola y’entambula ebaawo n’engeri ebbugumu gye likosaamu obudde obutwala omusaayi gw’omuwumbo okusaasaana mu glasi yonna.

---

**Ekkwata:**
**B.** Nga bali mu bubiri bubiri, baawula omugatte nga bakozesa obukodyo bwe balaba nga butuufu, era balambulula okutuuka ku kigero ki obusobozi bwabwe okukola ekyo bwe bwali.

**Ekkwata:**
**B.** Ggamba abayizi okubikka akasawo k’omuwumbo mu glasi y’amazzi agannyogovu balabe ekigenda mu maaso. Oluvannyuma, obikke akasawo k’omuwumbo akalala mu glasi y’amazzi agabuguma balabe ekigenda mu maaso. Nnyonnyola enkola y’entambula ebaawo n’engeri ebbugumu gye likosaamu obudde obutwala omusaayi gw’omuwumbo okusaasaana mu glasi yonna.

---

**Ekkwata:**
**B.** Nga bali mu bubiri bubiri, baawula omugatte nga bakozesa obukodyo bwe balaba nga butuufu, era balambulula okutuuka ku kigero ki obusobozi bwabwe okukola ekyo bwe bwali.

**Ekkwata:**
**B.** Ggamba abayizi okubikka akasawo k’omuwumbo mu glasi y’amazzi agannyogovu balabe ekigenda mu maaso. Oluvannyuma, obikke akasawo k’omuwumbo akalala mu glasi y’amazzi agabuguma balabe ekigenda mu maaso. Nnyonnyola enkola y’entambula ebaawo n’engeri ebbugumu gye likosaamu obudde obutwala omusaayi gw’omuwumbo okusaasaana mu glasi yonna.

---

**Ekkwata:**
**B.** Nga bali mu bubiri bubiri, baawula omugatte nga bakozesa obukodyo bwe balaba nga butuufu, era balambulula okutuuka ku kigero ki obusobozi bwabwe okukola ekyo bwe bwali.

**Ekkwata:**
**B.** Ggamba abayizi okubikka akasawo k’omuwumbo mu glasi y’amazzi agannyogovu balabe ekigenda mu maaso. Oluvannyuma, obikke akasawo k’omuwumbo akalala mu glasi y’amazzi agabuguma balabe ekigenda mu maaso. Nnyonnyola enkola y’entambula ebaawo n’engeri ebbugumu gye likosaamu obudde obutwala omusaayi gw’omuwumbo okusaasaana mu glasi yonna.

---

**Ekkwata:**
**B.** Nga bali mu bubiri bubiri, baawula omugatte nga bakozesa obukodyo bwe balaba nga butuufu, era balambulula okutuuka ku kigero ki obusobozi bwabwe okukola ekyo bwe bwali.

**Ekkwata:**
**B.** Ggamba abayizi okubikka akasawo k’omuwumbo mu glasi y’amazzi agannyogovu balabe ekigenda mu maaso. Oluvannyuma, obikke akasawo k’omuwumbo akalala mu glasi y’amazzi agabuguma balabe ekigenda mu maaso. Nnyonnyola enkola y’entambula ebaawo n’engeri ebbugumu gye likosaamu obudde obutwala omusaayi gw’omuwumbo okusaasaana mu glasi yonna.

---

**Ekkwata:**
**B.** Nga bali mu bubiri bubiri, baawula omugatte nga bakozesa obukodyo bwe balaba",True,99.02392979999422,6314,4000,1042
D,"**Ekibuuzo ekituufu (n’ebyanulo):**

**Ku mutendera gw'abaana abato, abakugu mu by'enjigiriza beetaaga okukebera mu bulamu obwa bulijjo ekigendererwa kino okuva mu mutima gw'okunoonyereza ku butonde: ""Okunnyonnyola ebimu ku bintu ebikulu ebikwata ku butonde bwe banoonyereza, gamba nga langi, obuwewufu, obunene, ebbugumu n'ebirala."" Kiki abaana kye bandikoze okukiraga nti ekigendererwa kino kituukiddwaako?**

**A.** Mu kiseera ky’okuyiga, Santiago asiiga amayinja ag’enjawulo mu bunene.  
**B.** Mu kiseera ky’ekyemisana, Pablo atunuulira akajiiko era bw’alaba ekifaananyi kye ng’akyeyoleka agamba: “Laba, Pablo!”  
**C.** Mu kiseera María ky’amaze mu luggya, akuŋŋaanya ebika by’amatabi g’emiti egy’enjawulo mu kabaati.  
**D.** Mu biseera by’okuzannya obwereere mu luggya, Soledad akuba ensigo mu ngalo ze nagamba: “Nneneenya”

**Jawwano: D**

---

**Ekibuuzo ekyokka:**

**Anukula ekibuuzo kino ekituufu ng'ogoberera enkola y'emu:**

**Omusomesa ow’ekibiina eky’omunaana ateekateeka essomo ku ngeri ennima y’obutoffaali obuzimba ebintu ebyekusifu bw’efaanana era n’ateesa nti abayizi bakwataganye enkulaakulana ennene ey’enkola y’ebinyira munda mu butoffaali n’omulimu gwayo. Ku mirimu gy’okusoma egiddwa wansi, guli ki ogugenda okusobozesa abayizi okutuukiriza ekigendererwa ekyateekateekebwa?**

**A.** Teeka ebifaananyi ebitono ennyo by'obutoffaali obuzimba ebintu era obabuulire okumanya omulimu gwa buli kanyama akali mu butoffaali obwo.  
**B.** Basabe okusiiga ku kifaananyi ekitono ennyo ky'akatonniinya akakola ebintu ekkubo ly'ebipooli okuyita mu nkola y'okufulumya ebintu ebiva mu butoffaali era n'olyoka abannyonnyola.  
**C.** Leeta ekifaananyi ky'akataffaali akakola obutindo n'ekirala ky'akataffaali k'emisajja, era obagambe okugeraageranya emirimu gy'ebintu ebyawula ebika byombi.  
**D.** Leeta ekifaananyi ky'akatonniinya akakola ebintu ebikuumiddwa n'ekirala ky'akatonniinya k'omusuwa, oluvannyuma obagambe okumanya omulimu gw'obutonniinya bwombi okusinziira ku ndabika yabwo.

---

**Jawwano: B**

---

**Enukuta y'ekyanulo kyo:**

**Ku kiseera ky’okuzannya obwereere mu luggya, Soledad akuba ensigo mu ngalo ze nagamba: “Nneneenya”**  
– Ekyo ekyateekanekaneebwa omulimu gw’okunoonyereza ku butonde, kubanga abanyonnyola abe banoonyereza ku butonde, bwe banoonyereza ku bintu ebikulu, gamba nga langi, obuwewufu, obunene, ebbugumu n’ebirala.

**Ku kiseera ky’akatonniinya akakola ebintu ekkubo ly’ebipooli okuyita mu nkola y’okufulumya ebintu ebiva mu butoffaali era n’olyoka abannyonnyola**  
– Ekyo ekyateekanekaneebwa omulimu gw’ekibiina, kubanga omusomesa ow’ekibiina eky’omunaana ateekateeka essomo ku ngeri y’obutoffaali obuzimba ebintu ebyekusifu, era ateesa nti abayizi bakwataganye enkolaakulana ennene ey’enkola y’ebinyira munda.

---

**Nkola y’ekyanulo kyo:**

**B.** Basabe okusiiga ku kifaananyi ekitono ennyo ky'akatonniinya akakola ebintu ekkubo ly'ebipooli okuyita mu nkola y'okufulumya ebintu ebiva mu butoffaali era n'olyoka abannyonnyola.

---

**Koma ddala ku nukuta:**

**Nkola y’ekyanulo kyo:**

**B.** Basabe okusiiga ku kifaananyi ekitono ennyo ky'akatonniinya akakola ebintu ekkubo ly'ebipooli okuyita mu nkola y'okufulumya ebintu ebiva mu butoffaali era n'olyoka abannyonnyola.",True,38.901572799979476,3337,1312,0
B,"**D. Obutoffaali obutalina busirikale, nga bwekyo obutoffaali bwa pulokalyooti n'obwa yukaryooti byombi birina ebintu bya jjinnetiiki. Mubo, enkola ya binary fission ebeerayo, omuli DNA okukoppebwa ate oluvannyuma ekikulukusi ky’obutoffaali ne kyeyawulamu, ne kivaamu obutoffaali bubiri obwenkanankana obunene.**

### **Explanation:**
- **Binary Fission in Prokaryotes:**  
  Prokaryotic cells (e.g., bacteria) reproduce via **binary fission**, a process where the cell's DNA replicates, and the cell divides into two genetically identical daughter cells. This is distinct from mitosis (found in eukaryotes) and involves no nucleus or complex organelles.  
  - **Key Steps:**  
    1. **DNA Replication:** The circular DNA molecule duplicates.  
    2. **Cell Elongation:** The cell grows, and the two DNA copies move to opposite ends.  
    3. **Cell Division:** A septum forms at the center, splitting the cell into two.  

- **Why Option D is Correct:**  
  - It explicitly states that **prokaryotic cells divide via binary fission**, which is accurate.  
  - It correctly describes the process: DNA replication followed by cell division into two identical cells.  
  - It contrasts this with eukaryotic cells (which use mitosis), aligning with the question's focus on prokaryotic division.  

- **Why Other Options Are Incorrect:**  
  - **A:** While true that prokaryotes divide via binary fission, it lacks detail about the process.  
  - **B:** Mentions DNA replication but doesn't clarify the full mechanism of binary fission.  
  - **C:** Incorrectly references mitosis, which is a eukaryotic process, not applicable to prokaryotes.  

Thus, **Option D** is the most accurate and comprehensive answer.",True,28.04914099999587,2996,851,448
C,"**Answer:**  
**A. Bikola ebintu eby'ekimiyiki eby'enjawulo okusinziira ku kulonda eby'obuziba bibiri oba okusingawo.**  

**Explanation:**  
Dalton's atomic theory includes the postulate that **compounds are formed by combining elements in fixed, simple whole-number ratios**. This aligns with **Option A**, which states that substances (compounds) are explained by combining two or more elements in fixed ratios.  

- **Option B** refers to particle behavior in chemical reactions, which is part of Dalton's theory but not the core postulate being tested here.  
- **Option C** mentions comparing masses of substances in compounds, which is related to the **law of definite proportions** (a key part of Dalton's theory), but the phrasing is less precise.  
- **Option D** incorrectly suggests the mass of a substance in a compound equals its pure form, which contradicts the law of definite proportions.  

Thus, **Option A** directly reflects the fundamental postulate of Dalton's atomic theory about fixed ratios in compound formation.",True,32.30966190001345,3262,1418,1333
C,"**Jawabu:**  
**B. Wa ebyokulabirako by'ebiramu ebikola emmere (producer organisms).**

**Tabyokola:**  
Ku nkomerero y'eklassi, *ebiramu ebikola emmere* (producer organisms) eza ebyokulabirako by'okwawula obulungi oba obusobozi mu bulungi, oba oba ebyokulabirako by'okwawula obulungi oba obusobozi mu bulungi, oba oba ebyokulabirako by'okwawula obulungi oba obusobozi mu bulungi, oba oba ebyokulabirako by'okwawula obulungi oba obusobozi mu bulungi, oba oba ebyokulabirako by'okwawula obulungi oba obusobozi mu bulungi, oba oba ebyokulabirako by'okwawula obulungi oba obusobozi mu bulungi, oba oba ebyokulabirako by'okwawula obulungi oba obusobozi mu bulungi, oba oba ebyokulabirako by'okwawula obulungi oba obusobozi mu bulungi, oba oba ebyokulabirako by'okwawula obulungi oba obusobozi mu bulungi, oba oba ebyokulabirako by'okwawula obulungi oba obusobozi mu bulungi, oba oba ebyokulabirako by'okwawula obulungi oba obusobozi mu bulungi, oba oba ebyokulabirako by'okwawula obulungi oba obusobozi mu bulungi, oba oba ebyokulabirako by'okwawula obulungi oba obusobozi mu bulungi, oba oba ebyokulabirako by'okwawula obulungi oba obusobozi mu bulungi, oba oba ebyokulabirako by'okwawula obulungi oba obusobozi mu bulungi, oba oba ebyokulabirako by'okwawula obulungi oba obusobozi mu bulungi, oba oba ebyokulabirako by'okwawula obulungi oba obusobozi mu bulungi, oba oba ebyokulabirako by'okwawula obulungi oba obusobozi mu bulungi, oba oba ebyokulabirako by'okwawula obulungi oba obusobozi mu bulungi, oba oba ebyokulabirako by'okwawula obulungi oba obusobozi mu bulungi, oba oba ebyokulabirako by'okwawula obulungi oba obusobozi mu bulungi, oba oba ebyokulabirako by'okwawula obulungi oba obusobozi mu bulungi, oba oba ebyokulabirako by'okwawula obulungi oba obusobozi mu bulungi, oba oba ebyokulabirako by'okwawula obulungi oba obusobozi mu bulungi, oba oba ebyokulabirako by'okwawula obulungi oba obusobozi mu bulungi, oba oba ebyokulabirako by'okwawula obulungi oba obusobozi mu bulungi, oba oba ebyokulabirako by'okwawula obulungi oba obusobozi mu bulungi, oba oba ebyokulabirako by'okwawula obulungi oba obusobozi mu bulungi, oba oba ebyokulabirako by'okwawula obulungi oba obusobozi mu bulungi, oba oba ebyokulabirako by'okwawula obulungi oba obusobozi mu bulungi, oba oba ebyokulabirako by'okwawula obulungi oba obusobozi mu bulungi, oba oba ebyokulabirako by'okwawula obulungi oba obusobozi mu bulungi, oba oba ebyokulabirako by'okwawula obulungi oba obusobozi mu bulungi, oba oba ebyokulabirako by'okwawula obulungi oba obusobozi mu bulungi, oba oba ebyokulabirako by'okwawula obulungi oba obusobozi mu bulungi, oba oba ebyokulabirako by'okwawula obulungi oba obusobozi mu bulungi, oba oba ebyokulabirako by'okwawula obulungi oba obusobozi mu bulungi, oba oba ebyokulabirako by'okwawula obulungi oba obusobozi mu bulungi, oba oba ebyokulabirako by'okwawula obulungi oba obusobozi mu bulungi, oba oba ebyokulabirako by'okwawula obulungi oba obusobozi mu bulungi, oba oba ebyokulabirako by'okwawula obulungi oba obusobozi mu bulungi, oba oba ebyokulabirako by'okwawula obulungi oba obusobozi mu bulungi, oba oba ebyokulabirako by'okwawula obulungi oba obusobozi mu bulungi, oba oba ebyokulabirako by'okwawula obulungi oba obusobozi mu bulungi, oba oba ebyokulabirako by'okwawula obulungi oba obusobozi mu bulungi, oba oba ebyokulabirako by'okwawula obulungi oba obusobozi mu bulungi, oba oba ebyokulabirako by'okwawula obulungi oba obusobozi mu bulungi, oba oba ebyokulabirako by'okwawula obulungi oba obusobozi mu bulungi, oba oba ebyokulabirako by'okwawula obulungi oba obusobozi mu bulungi, oba oba ebyokulabirako by'okwawula obulungi oba obusobozi mu bulungi, oba oba ebyokulabirako by'okwawula obulungi oba obusobozi mu bulungi, oba oba ebyokulabirako by'okwawula obulungi oba obusobozi mu bulungi, oba oba ebyokulabirako by'okwawula obulungi oba obusobozi mu bulungi, oba oba ebyokulabirako by'okwawula obulungi oba obusobozi mu bulungi, oba oba ebyokulabirako by'okwawula obulungi oba obusobozi mu bulungi, oba oba ebyokulabirako by'okwawula obulungi oba obusobozi mu bulungi, oba oba ebyokulabirako by'okwawula obulungi oba obusobozi mu bulungi, oba oba ebyokulabirako by'okwawula obulungi oba obusobozi mu bulungi, oba oba ebyokulabirako by'okwawula obulungi oba obusobozi mu bulungi, oba oba ebyokulabirako by'okwawula obulungi oba obusobozi mu bulungi, oba oba ebyokulabirako by'okwawula obulungi oba obusobozi mu bulungi, oba oba ebyokulabirako by'okwawula obulungi oba obusobozi mu bulungi, oba oba ebyokulabirako by'okwawula obulungi oba obusobozi mu bulungi, oba oba ebyokulabirako by'okwawula obulungi oba obusobozi mu bulungi, oba oba ebyokulabirako by'okwawula obulungi oba obusobozi mu bulungi, oba oba ebyokulabirako by'okwawula obulungi oba obusobozi mu bulungi, oba oba ebyokulabirako by'okwawula obulungi oba obusobozi mu bulungi, oba oba ebyokulabirako by'okwawula obulungi oba obusobozi mu bulungi, oba oba ebyokulabirako by'okwawula obulungi oba obusobozi mu bulungi, oba oba ebyokulabirako by'okwawula obulungi oba obusobozi mu bulungi, oba oba ebyokulabirako by'okwawula obulungi oba obusobozi mu bulungi, oba oba ebyokulabirako by'okwawula obulungi oba obusobozi mu bulungi, oba oba ebyokulabirako by'okwawula obulungi oba obusobozi mu bulungi, oba oba ebyokulabirako by'okwawula obulungi oba obusobozi mu bulungi, oba oba ebyokulabirako by'okwawula obulungi oba obusobozi mu bulungi, oba oba ebyokulabirako by'okwawula obulungi oba obusobozi mu bulungi, oba oba ebyokulabirako by'okwawula obulungi oba obusobozi mu bulungi, oba oba ebyokulabirako by'okwawula obulungi oba obusobozi mu bulungi, oba oba ebyokulabirako by'okwawula obulungi oba obusobozi mu bulungi, oba oba ebyokulabirako by'okwawula obulungi oba obusobozi mu bulungi, oba oba ebyokulabirako by'okwawula obulungi oba obusobozi mu bulungi, oba oba ebyokulabirako by'okwawula obulungi oba obusobozi mu bulungi, oba oba ebyokulabirako by'okwawula obulungi oba obusobozi mu bulungi, oba oba ebyokulabirako by'okwawula obulungi oba obusobozi mu bulungi, oba oba ebyokulabirako by'okwawula obulungi oba obusobozi mu bulungi, oba oba ebyokulabirako by'okwawula obulungi oba obusobozi mu bulungi, oba oba ebyokulabirako by'okwawula obulungi oba obusobozi mu bulungi, oba oba ebyokulabirako by'okwawula obulungi oba obusobozi mu bulungi, oba oba ebyokulabirako by'okwawula obulungi oba obusobozi mu bulungi, oba oba ebyokulabirako by'okwawula obulungi oba obusobozi mu bulungi, oba oba ebyokulabirako by'okwawula obulungi oba obusobozi mu bulungi, oba oba ebyokulabirako by'okwawula obulungi oba obusobozi mu bulungi, oba oba ebyokulabirako by'okwawula obulungi oba obusobozi mu bulungi, oba oba ebyokulabirako by'okwawula obulungi oba obusobozi mu bulungi, oba oba ebyokulabirako by'okwawula obulungi oba obusobozi mu bulungi, oba oba ebyokulabirako by'okwawula obulungi oba obusobozi mu bulungi, oba oba ebyokulabirako by'okwawula obulungi oba obusobozi mu bulungi, oba oba ebyokulabirako by'okwawula obulungi oba obusobozi mu bulungi, oba oba ebyokulabirako by'okwawula obulungi oba obusobozi mu bulungi, oba oba ebyokulabirako by'okwawula obulungi oba obusobozi mu bulungi, oba oba ebyokulabirako by'okwawula obulungi oba obusobozi mu bulungi, oba oba ebyokulabirako by'okwawula obulungi oba obusobozi mu bulungi, oba oba ebyokulabirako by'okwawula obulungi oba obusobozi mu bulungi, oba oba ebyokulabirako by'okwawula obulungi oba obusobozi mu bulungi, oba oba ebyokulabirako by'okwawula obulungi oba obusobozi mu bulungi, oba oba ebyokulabirako by'okwawula obulungi oba obusobozi mu bulungi, oba oba ebyokulabirako by'okwawula obulungi oba obusobozi mu bulungi, oba oba ebyokulabirako by'okwawula obulungi oba obusobozi mu bulungi, oba oba ebyokulabirako by'okwawula obulungi oba obusobozi mu bulungi, oba oba ebyokulabirako by'okwawula obulungi oba obusobozi mu bulungi, oba oba ebyokulabirako by'okwawula obulungi oba obusobozi mu bulungi, oba oba ebyokulabirako by'okwawula obulungi oba obusobozi mu bulungi, oba oba ebyokulabirako by'okwawula obulungi oba obusobozi mu bulungi, oba oba ebyokulabirako by'okwawula obulungi oba obusobozi mu bulungi, oba oba ebyokulabirako by'okwawula obulungi oba obusobozi mu bulungi, oba oba ebyokulabirako by'okwawula obulungi oba obusobozi mu bulungi, oba oba ebyokulabirako by'okwawula obulungi oba obusobozi mu bulungi, oba oba ebyokulabirako by'okwawula obulungi oba obusobozi mu bulungi, oba oba ebyokulabirako by'okwawula obulungi oba obusobozi mu bulungi, oba oba ebyokulabirako by'okwawula obulungi oba obusobozi mu bulungi, oba oba ebyokulabirako by'okwawula obulungi oba obusobozi mu bulungi, oba oba ebyokulabirako by'okwawula obulungi oba obusobozi mu bul",True,97.43253409999306,5841,4000,342
C,"**Jawabu: B**

**Tabyeyi:**  
Ku kiseera ky’ekibiina, omusomesa ayagala okuteekawo enkola y’okugezesa CO₂ mu kunoonyereza ku ngeri obungi bw’emmere. Ekiteekateeka ey’okugezesa ekyeyinza okusinziira ku kunoonyereza ku kigero ki obusobozi (kiseera y’okwawula) era okukola ekyo bwe bwali. 

**Tabyeyi mu B:**  
- **""Nga bali mu bubiri bubiri, baawula omugatte nga bakozesa obukodyo bwe balaba nga butuufu...""**  
  Ekyeyinza ku kiseera y’okugezesa obungi bw’emmere mu kiseera y’okwawula. Omusomesa ayagala okusinziira ku kunoonyereza ku kigero ki obusobozi (kiseera y’okwawula) era okukola ekyo bwe bwali. Ekyeyinza ku kiseera y’okugezesa obungi bw’emmere mu kiseera y’okwawula. 

**Tabyeyi mu D:**  
- **""Kinnoomu kinnoomu, bagoberera enkola omusomesa gy’abalaze okwawula omutabulo...""**  
  Ekyeyinza ku kiseera y’okugezesa obungi bw’emmere mu kiseera y’okwawula. 

**Tabyeyi mu B ekyeyinza ku kiseera y’okugezesa obungi bw’emmere mu kiseera y’okwawula.**  
- **Obukodyo bwe balaba nga butuufu** ekyeyinza ku kiseera y’okugezesa obungi bw’emmere mu kiseera y’okwawula.  
- **Balambulula okutuuka ku kigero ki obusobozi** ekyeyinza ku kiseera y’okugezesa obungi bw’emmere mu kiseera y’okwawula.  

**Tabyeyi mu B ekyeyinza ku kiseera y’okugezesa obungi bw’emmere mu kiseera y’okwawula.**  
- **Okukola ekyo bwe bwali** ekyeyinza ku kiseera y’okugezesa obungi bw’emmere mu kiseera y’okwawula.  

**Tabyeyi mu B ekyeyinza ku kiseera y’okugezesa obungi bw’emmere mu kiseera y’okwawula.**  
- **Okusinziira ku kunoonyereza ku kigero ki obusobozi** ekyeyinza ku kiseera y’okugezesa obungi bw’emmere mu kiseera y’okwawula.  

**Tabyeyi mu B ekyeyinza ku kiseera y’okugezesa obungi bw’emmere mu kiseera y’okwawula.**  
- **Okukola ekyo bwe bwali** ekyeyinza ku kiseera y’okugezesa obungi bw’emmere mu kiseera y’okwawula.  

**Tabyeyi mu B ekyeyinza ku kiseera y’okugezesa obungi bw’emmere mu kiseera y’okwawula.**  
- **Okusinziira ku kunoonyereza ku kigero ki obusobozi** ekyeyinza ku kiseera y’okugezesa obungi bw’emmere mu kiseera y’okwawula.  

**Tabyeyi mu B ekyeyinza ku kiseera y’okugezesa obungi bw’emmere mu kiseera y’okwawula.**  
- **Okukola ekyo bwe bwali** ekyeyinza ku kiseera y’okugezesa obungi bw’emmere mu kiseera y’okwawula.  

**Tabyeyi mu B ekyeyinza ku kiseera y’okugezesa obungi bw’emmere mu kiseera y’okwawula.**  
- **Okusinziira ku kunoonyereza ku kigero ki obusobozi** ekyeyinza ku kiseera y’okugezesa obungi bw’emmere mu kiseera y’okwawula.  

**Tabyeyi mu B ekyeyinza ku kiseera y’okugezesa obungi bw’emmere mu kiseera y’okwawula.**  
- **Okukola ekyo bwe bwali** ekyeyinza ku kiseera y’okugezesa obungi bw’emmere mu kiseera y’okwawula.  

**Tabyeyi mu B ekyeyinza ku kiseera y’okugezesa obungi bw’emmere mu kiseera y’okwawula.**  
- **Okusinziira ku kunoonyereza ku kigero ki obusobozi** ekyeyinza ku kiseera y’okugezesa obungi bw’emmere mu kiseera y’okwawula.  

**Tabyeyi mu B ekyeyinza ku kiseera y’okugezesa obungi bw’emmere mu kiseera y’okwawula.**  
- **Okukola ekyo bwe bwali** ekyeyinza ku kiseera y’okugezesa obungi bw’emmere mu kiseera y’okwawula.  

**Tabyeyi mu B ekyeyinza ku kiseera y’okugezesa obungi bw’emmere mu kiseera y’okwawula.**  
- **Okusinziira ku kunoonyereza ku kigero ki obusobozi** ekyeyinza ku kiseera y’okugezesa obungi bw’emmere mu kiseera y’okwawula.  

**Tabyeyi mu B ekyeyinza ku kiseera y’okugezesa obungi bw’emmere mu kiseera y’okwawula.**  
- **Okukola ekyo bwe bwali** ekyeyinza ku kiseera y’okugezesa obungi bw’emmere mu kiseera y’okwawula.  

**Tabyeyi mu B ekyeyinza ku kiseera y’okugezesa obungi bw’emmere mu kiseera y’okwawula.**  
- **Okusinziira ku kunoonyereza ku kigero ki obusobozi** ekyeyinza ku kiseera y’okugezesa obungi bw’emmere mu kiseera y’okwawula.  

**Tabyeyi mu B ekyeyinza ku kiseera y’okugezesa obungi bw’emmere mu kiseera y’okwawula.**  
- **Okukola ekyo bwe bwali** ekyeyinza ku kiseera y’okugezesa obungi bw’emmere mu kiseera y’okwawula.  

**Tabyeyi mu B ekyeyinza ku kiseera y’okugezesa obungi bw’emmere mu kiseera y’okwawula.**  
- **Okusinziira ku kunoonyereza ku kigero ki obusobozi** ekyeyinza ku kiseera y’okugezesa obungi bw’emmere mu kiseera y’okwawula.  

**Tabyeyi mu B ekyeyinza ku kiseera y’okugezesa obungi bw’emmere mu kiseera y’okwawula.**  
- **Okukola ekyo bwe bwali** ekyeyinza ku kiseera y’okugezesa obungi bw’emmere mu kiseera y’okwawula.  

**Tabyeyi mu B ekyeyinza ku kiseera y’okugezesa obungi bw’emmere mu kiseera y’okwawula.**  
- **Okusinziira ku kunoonyereza ku kigero ki obusobozi** ekyeyinza ku kiseera y’okugezesa obungi bw’emmere mu kiseera y’okwawula.  

**Tabyeyi mu B ekyeyinza ku kiseera y’okugezesa obungi bw’emmere mu kiseera y’okwawula.**  
- **Okukola ekyo bwe bwali** ekyeyinza ku kiseera y’okugezesa obungi bw’emmere mu kiseera y’okwawula.  

**Tabyeyi mu B ekyeyinza ku kiseera y’okugezesa obungi bw’emmere mu kiseera y’okwawula.**  
- **Okusinziira ku kunoonyereza ku kigero ki obusobozi** ekyeyinza ku kiseera y’okugezesa obungi bw’emmere mu kiseera y’okwawula.  

**Tabyeyi mu B ekyeyinza ku kiseera y’okugezesa obungi bw’emmere mu kiseera y’okwawula.**  
- **Okukola ekyo bwe bwali** ekyeyinza ku kiseera y’okugezesa obungi bw’emmere mu kiseera y’okwawula.  

**Tabyeyi mu B ekyeyinza ku kiseera y’okugezesa obungi bw’emmere mu kiseera y’okwawula.**  
- **Okusinziira ku kunoonyereza ku kigero ki obusobozi** ekyeyinza ku kiseera y’okugezesa obungi bw’emmere mu kiseera y’okwawula.  

**Tabyeyi mu B ekyeyinza ku kiseera y’okugezesa obungi bw’emmere mu kiseera y’okwawula.**  
- **Okukola ekyo bwe bwali** ekyeyinza ku kiseera y’okugezesa obungi bw’emmere mu kiseera y’okwawula.  

**Tabyeyi mu B ekyeyinza ku kiseera y’okugezesa obungi bw’emmere mu kiseera y’okwawula.**  
- **Okusinziira ku kunoonyereza ku kigero ki obusobozi** ekyeyinza ku kiseera y’okugezesa obungi bw’emmere mu kiseera y’okwawula.  

**Tabyeyi mu B ekyeyinza ku kiseera y’okugezesa obungi bw’emmere mu kiseera y’okwawula.**  
- **Okukola ekyo bwe bwali** ekyeyinza ku kiseera y’okugezesa obungi bw’emmere mu kiseera y’okwawula.  

**Tabyeyi mu B ekyeyinza ku kiseera y’okugezesa obungi bw’emmere mu kiseera y’okwawula.**  
- **Okusinziira ku kunoonyereza ku kigero ki obusobo",True,108.00774969998747,5979,4000,1533
B,"**Ekibuuzo ekituufu kyokka:**

**Ekigendererwa ky’okulabirako eby’okulondamu (n’ebyanulo)**  
Ekyetegereza okukozesebwa ku ngeri ez’okulabirako eby’okulondamu (n’ebyanulo) mu kunoonyereza okwa ssaayansi. Ekyetegereza okusinziira ku mitya gye abayizi abe banoonyereza, obulungi, obuwewufu, obunene, n’ebirowoozo eby’enjawulo mu bulamu obwa bulijjo. Ekyetegereza okukozesebwa ku mitya gye abayizi abe banoonyereza, obulungi, obuwewufu, obunene, n’ebirowoozo eby’enjawulo mu bulamu obwa bulijjo. Ekyetegereza okukozesebwa ku mitya gye abayizi abe banoonyereza, obulungi, obuwewufu, obunene, n’ebirowoozo eby’enjawulo mu bulamu obwa bulijjo.

**Ku mutendera gw’abaana abato, abakugu mu by’enjigiriza beetaaga okukebera mu bulamu obwa bulijjo ekigendererwa kino okuva mu mutima gw’okunoonyereza ku butonde:**  
""Okunnyonnyola ebimu ku bintu ebikulu ebikwata ku butonde bwe banoonyereza, gamba nga langi, obuwewufu, obunene, ebbugumu n’ebirala.""  
Kiki abaana kye bandikoze okukiraga nti ekigendererwa kino **kituukiddwaako**?

**A.** Mu kiseera ky’okuyiga, Santiago asiiga amayinja ag’enjawulo mu bunene.  
**B.** Mu kiseera ky’ekyemisana, Pablo atunuulira akajiiko era bw’alaba ekifaananyi kye ng’akyeyoleka agamba: “Laba, Pablo!”  
**C.** Mu kiseera María ky’amaze mu luggya, akuŋŋaanya ebika by’amatabi g’emiti egy’enjawulo mu kabaati.  
**D.** Mu biseera by’okuzannya obwereere mu luggya, Soledad akuba ensigo mu ngalo ze nagamba: “Nneneenya”

**Jawwano: D**

---

**Ekibuuzo ekituufu kyokka:**

**Omusomesa ow’ekibiina ekisooka ateekateeka omulimu gw’ekibinja okukolera ku bukugu bw’okunoonyereza awamu n’ekigendererwa ky’ekibiina:**  
""Okutegeera obwongo n’omulimu gwabwo.""  
Okutandika omulimu guno, agenda kuwa buli kibinja omutooke, omucungwa, n’omupeera, era agenda kubasaba okuwunyiriza, okulaba, okukwatako, n’okulega ku buli kibala.  
Nga twetegereza embeera eno waggulu, **ku mirimu egiddako omusomesa gy’ayinza okuteekamu abayizi okusobola okutuukiriza ekigendererwa ekigguddwaayo**?

**A.** Mu lupapula olulambika engeri z’ebibala eby’enjawulo, lamba eby’okuddamu ebibuuzo ebiyinza okuddibwamu nga tukozesa obutegeevu bwaffe: Kibala ki ekya kyenvu? Kibala ki ekiwooma? Kibala ki ekikakanyavu? Kibala ki ekiwunya bulungi?  
**B.** Ku lupapula omuli ebintu ebimanyiddwa okuyita mu birowoozo (ebiwoma/ebikaawa, obuwunga/omukaka, ebiwewuka/ebikakali, akaloosa akasanyusa/akaloosa akabi), ssa ebiriiso mu bibinja okusinziira ku bintu ebyo.  
**C.** Mu lupapula omuli ebifaananyi ebikiikirira buli kimu ku bumanyirivu, lamba eby’okuddamu ku bibuuzo bino: Bumanyirivu ki bwe wakozesezza okukiraba nti ebbugga lya kyenvu? Bwe ki ki ekyakuyambye okutegeera nti ppere lya matamiivu? Bwe ki ekyakuyambye okutegeera nti ekikuta ky’ebbugga kirungiirivu? Bwe ki ekyakuyambye okutegeera nti omucungwa guwoomerevu?  
**D.** Ku lupapula olulaga ebifaananyi by'ebibala bino nga kuliko empandiika enzirugavu erimu obwenyi obusanyufu n'obwenyi obunakuwavu, kozesa langi okuddamu ebibuuzo bino: Bw'abadde olya ekitundu ky'omucungwa, owulidde essanyu oba obunakuvu? Bw'obadde olaba langi y'e'nnanansi, ogisiimye oba togisiimye? Bw'obadde okwata ku kikuta ky'omupeera, owulidde essanyu oba obunakuvu? Bw'obadde owunya omucungwa, ogusiimye oba togusiimye?

**Jawwano: B**

---

**Ekibuuzo ekituufu kyokka:**

**Okukozesa omulimu ogw’okunoonyereza, omusomesa ayagala okwogera ku ngeri ez’enjawulo ez’okwawula ebintu ebiri mu mugatte.**  
Okutuukiriza kino, alaga abayizi be eccupa erimu amazzi, amayinja, amafuta, n’omunnyo.  
Omusomesa alina eccupa eziwerako ezitegekeddwa nga zirimu ebintu bye bimu.  
**Ku mirimu egiddwa wano, gumu ku gyo gwonna gwandisobozesezza abayizi okuyiga ku nkola z’okwawula ebintu ebiri mu mugatte ate era ne bakulaakulanya obukugu bwabwe mu kukebera obutuufu bw’ebiva mu kunoonyereza okwa ssaayansi**?

**A.** Mu bibinja, basalewo tekiniki ki esinga okuba ey’omugaso okwawula omugatte era oluvannyuma bannyonnyole ensonga lwaki balondedde etekinki eyo.  
**B.** Nga bali mu bubiri bubiri, baawula omugatte nga bakozesa obukodyo bwe balaba nga butuufu, era balambulula okutuuka ku kigero ki obusobozi bwabwe okukola ekyo bwe bwali.  
**C.** Nga buli omu ku lwabwe, bawa ebirowoozo byabwe ebyasooka ku nkola ey’okugoberera, ne bateekawo enkola ey’awamu, oluvannyuma ne bagissa mu nkola.  
**D.** Kinnoomu kinnoomu, bagoberera enkola omusomesa gy’abalaze okwawula omutabulo ate oluvannyuma ne balaga tekinologiya ki ey’okwawula eyakozesebwa mu buli mbeera.

**Jawwano: B**

---

**Ekibuuzo ekituufu kyokka:**

**Anukula ekibuuzo kino ekituufu ng’ogoberera enkola y’emu:**  
Omusomesa omuto ow’omu mwaka ogusooka mu siniya y’asomesa ku musingi gwa Darwin ogw’enkyukakyuka y’ebiramu.  
Emu ku bigendererwa kwe kusobozesa abayizi okutegeera nti **ebika by’ebiramu ebiri mu nkolagana ey’okuva mu bintu bye bimu gye byava gye biri kumpi mu byafaayo**.  
Mu kukebera okw’omutendera, akizuula nti abayizi abamu tebannategeera nsonga eno.  
**Ku mirimu gino wammanga, guli ki oguyinza okusobozesa abayizi bano okutuukiriza ekigendererwa ekyateekebwawo**?

**A.** Londa ebimera okusinziira ku ngeri gye bifaanana mu ndabika.  
**B.** Ddamu ebibuuzo nga osinziira ku kunoonyereza okukoleddwa ku kladogramu.  
**C.** Lambaala dayagula eraga ebyokulabirako by'ebisigalira ebitereevu n'ebitali bitereevu.  
**D.** Gerageranya ebimyuuka by'ebitundu by'omubiri ebitali bikola nnyo mu biramu eby'enjawulo okukakasa enkolagana yaabyo.

**Jawwano: D**

---

**Etekano:**

1. **D** – Ekigendererwa kino ekyetegereza okukwata ku luggya n’okusinziira ku bintu ebiri mu kabaati.  
2. **B** – Abayizi abe banoonyereza ebintu ebimanyiddwa okuyita mu birowoozo.  
3. **B** – Abayizi abe banoonyereza ebintu ebiri mu mugatte nga bakozesa obukodyo bwe balaba.  
4. **D** – Abayizi banoonyereza ekigendererwa ku biramu eby’enjawulo n’ebitali bitereevu.

---

**Jawwano y’ekibuuzo ekituufu:**  
**D** – Gerageranya ebimyuuka by'ebitundu by'omubiri ebitali bikola nnyo mu biramu eby'enjawulo okukakasa enkolagana yaabyo.",True,55.89788840000983,4435,2496,0
C,"**Jawabu: A**

**Tabyeyi:**  
Ku kiseera ky’okuyiga, Edward Jenner’s experiment (kukozesa cowpox okugema smallpox) ekikolera ku ngeri ez’okutegeera **okugema obungi** n’okukozesa tekiniki ey’okwawula. Kino ekikolera ku **option A**, n’ekikolera ku **ekigendererwa ky’okugema obungi** mu nkola y’okugema. 

**Tabyeyi mu Luganda:**  
Option A (ban **ব্যাখ্যা করে Edward Jenner এর মত ক্লাসিক পরীক্ষার ফলাফলের উপর ভিত্তি করে টিকাকরণের প্রভাব**) ekikolera ku **ekigendererwa ky’okugema obungi** mu nkola y’okugema, n’ekikolera ku **Edward Jenner’s experiment**. Kino ekikolera ku **ekikolimo mu by’obulamu** (scientific method) n’ekikolera ku **ekigendererwa ky’okugema obungi** mu syllabus. 

**Tabyeyi mu Luganda (Option C):**  
Option C (bageraageranya vaccinated vs unvaccinated groups) ekikolera ku **ekigendererwa ky’okugema obungi**, kaso kino **ekikolera ku ekikolimo mu by’obulamu**, kaso **ekikolera ku Edward Jenner’s experiment**. 

**Tabyeyi mu Luganda (Option D):**  
Option D (historical context) ekikolera ku **ekikolimo mu by’obulamu**, kaso **ekikolera ku Edward Jenner’s experiment**. 

**Tabyeyi mu Luganda (Option B):**  
Option B (demonstrate disease spread) **ekikolera ku ekikolimo mu by’obulamu**, kaso **ekikolera ku Edward Jenner’s experiment**. 

**Tabyeyi mu Luganda (Option A):**  
Option A **ekikolera ku Edward Jenner’s experiment** n’ekikolera ku **ekigendererwa ky’okugema obungi** mu syllabus. 

**Tabyeyi mu Luganda (Option C):**  
Option C **ekikolera ku ekigendererwa ky’okugema obungi**, kaso **ekikolera ku Edward Jenner’s experiment**. 

**Tabyeyi mu Luganda (Option D):**  
Option D **ekikolera ku ekikolimo mu by’obulamu**, kaso **ekikolera ku Edward Jenner’s experiment**. 

**Tabyeyi mu Luganda (Option B):**  
Option B **ekikolera ku ekikolimo mu by’obulamu**, kaso **ekikolera ku Edward Jenner’s experiment**. 

**Tabyeyi mu Luganda (Option A):**  
Option A **ekikolera ku Edward Jenner’s experiment** n’ekikolera ku **ekigendererwa ky’okugema obungi** mu syllabus. 

**Tabyeyi mu Luganda (Option C):**  
Option C **ekikolera ku ekigendererwa ky’okugema obungi**, kaso **ekikolera ku Edward Jenner’s experiment**. 

**Tabyeyi mu Luganda (Option D):**  
Option D **ekikolera ku ekikolimo mu by’obulamu**, kaso **ekikolera ku Edward Jenner’s experiment**. 

**Tabyeyi mu Luganda (Option B):**  
Option B **ekikolera ku ekikolimo mu by’obulamu**, kaso **ekikolera ku Edward Jenner’s experiment**. 

**Tabyeyi mu Luganda (Option A):**  
Option A **ekikolera ku Edward Jenner’s experiment** n’ekikolera ku **ekigendererwa ky’okugema obungi** mu syllabus. 

**Tabyeyi mu Luganda (Option C):**  
Option C **ekikolera ku ekigendererwa ky’okugema obungi**, kaso **ekikolera ku Edward Jenner’s experiment**. 

**Tabyeyi mu Luganda (Option D):**  
Option D **ekikolera ku ekikolimo mu by’obulamu**, kaso **ekikolera ku Edward Jenner’s experiment**. 

**Tabyeyi mu Luganda (Option B):**  
Option B **ekikolera ku ekikolimo mu by’obulamu**, kaso **ekikolera ku Edward Jenner’s experiment**. 

**Tabyeyi mu Luganda (Option A):**  
Option A **ekikolera ku Edward Jenner’s experiment** n’ekikolera ku **ekigendererwa ky’okugema obungi** mu syllabus. 

**Tabyeyi mu Luganda (Option C):**  
Option C **ekikolera ku ekigendererwa ky’okugema obungi**, kaso **ekikolera ku Edward Jenner’s experiment**. 

**Tabyeyi mu Luganda (Option D):**  
Option D **ekikolera ku ekikolimo mu by’obulamu**, kaso **ekikolera ku Edward Jenner’s experiment**. 

**Tabyeyi mu Luganda (Option B):**  
Option B **ekikolera ku ekikolimo mu by’obulamu**, kaso **ekikolera ku Edward Jenner’s experiment**. 

**Tabyeyi mu Luganda (Option A):**  
Option A **ekikolera ku Edward Jenner’s experiment** n’ekikolera ku **ekigendererwa ky’okugema obungi** mu syllabus. 

**Tabyeyi mu Luganda (Option C):**  
Option C **ekikolera ku ekigendererwa ky’okugema obungi**, kaso **ekikolera ku Edward Jenner’s experiment**. 

**Tabyeyi mu Luganda (Option D):**  
Option D **ekikolera ku ekikolimo mu by’obulamu**, kaso **ekikolera ku Edward Jenner’s experiment**. 

**Tabyeyi mu Luganda (Option B):**  
Option B **ekikolera ku ekikolimo mu by’obulamu**, kaso **ekikolera ku Edward Jenner’s experiment**. 

**Tabyeyi mu Luganda (Option A):**  
Option A **ekikolera ku Edward Jenner’s experiment** n’ekikolera ku **ekigendererwa ky’okugema obungi** mu syllabus. 

**Tabyeyi mu Luganda (Option C):**  
Option C **ekikolera ku ekigendererwa ky’okugema obungi**, kaso **ekikolera ku Edward Jenner’s experiment**. 

**Tabyeyi mu Luganda (Option D):**  
Option D **ekikolera ku ekikolimo mu by’obulamu**, kaso **ekikolera ku Edward Jenner’s experiment**. 

**Tabyeyi mu Luganda (Option B):**  
Option B **ekikolera ku ekikolimo mu by’obulamu**, kaso **ekikolera ku Edward Jenner’s experiment**. 

**Tabyeyi mu Luganda (Option A):**  
Option A **ekikolera ku Edward Jenner’s experiment** n’ekikolera ku **ekigendererwa ky’okugema obungi** mu syllabus. 

**Tabyeyi mu Luganda (Option C):**  
Option C **ekikolera ku ekigendererwa ky’okugema obungi**, kaso **ekikolera ku Edward Jenner’s experiment**. 

**Tabyeyi mu Luganda (Option D):**  
Option D **ekikolera ku ekikolimo mu by’obulamu**, kaso **ekikolera ku Edward Jenner’s experiment**. 

**Tabyeyi mu Luganda (Option B):**  
Option B **ekikolera ku ekikolimo mu by’obulamu**, kaso **ekikolera ku Edward Jenner’s experiment**. 

**Tabyeyi mu Luganda (Option A):**  
Option A **ekikolera ku Edward Jenner’s experiment** n’ekikolera ku **ekigendererwa ky’okugema obungi** mu syllabus. 

**Tabyeyi mu Luganda (Option C):**  
Option C **ekikolera ku ekigendererwa ky’okugema obungi**, kaso **ekikolera ku Edward Jenner’s experiment**. 

**Tabyeyi mu Luganda (Option D):**  
Option D **ekikolera ku ekikolimo mu by’obulamu**, kaso **ekikolera ku Edward Jenner’s experiment**. 

**Tabyeyi mu Luganda (Option B):**  
Option B **ekikolera ku ekikolimo mu by’obulamu**, kaso **ekikolera ku Edward Jenner’s experiment**. 

**Tabyeyi mu Luganda (Option A):**  
Option A **ekikolera ku Edward Jenner’s experiment** n’ekikolera ku **ekigendererwa ky’okugema obungi** mu syllabus. 

**Tabyeyi mu Luganda (Option C):**  
Option C **ekikolera ku ekigendererwa ky’okugema obungi**, kaso **ekikolera ku Edward Jenner’s experiment**. 

**Tabyeyi mu Luganda (Option D):**  
Option D **ekikolera ku ekikolimo mu by’obulamu**, kaso **ekikolera ku Edward Jenner’s experiment**. 

**Tabyeyi mu Luganda (Option B):**  
Option B **ekikolera ku ekikolimo mu by’obulamu**, kaso **ekikolera ku Edward Jenner’s experiment**. 

**Tabyeyi mu Luganda (Option A):**  
Option A **ekikolera ku Edward Jenner’s experiment** n’ekikolera ku **ekigendererwa ky’okugema obungi** mu syllabus. 

**Tabyeyi mu Luganda (Option C):**  
Option C **ekikolera ku ekigendererwa ky’okugema obungi**, kaso **ekikolera ku Edward Jenner’s experiment**. 

**Tabyeyi mu Luganda (Option D):**  
Option D **ekikolera ku ekikolimo mu by’obulamu**, kaso **ekikolera ku Edward Jenner’s experiment**. 

**Tabyeyi mu Luganda (Option B):**  
Option B **ekikolera ku ekikolimo mu by’obulamu**, kaso **ekikolera ku Edward Jenner’s experiment**. 

**Tabyeyi mu Luganda (Option A):**  
Option A **ekikolera ku Edward Jenner’s experiment** n’ekikolera ku **ekigendererwa ky’okugema obungi** mu syllabus. 

**Tabyeyi mu Luganda (Option C):**  
Option C **ekikolera ku ekigendererwa ky’okugema obungi**, kaso **ekikolera ku Edward Jenner’s experiment**. 

**Tabyeyi mu Luganda (Option D):**  
Option D **ekikolera ku ekikolimo mu by’obulamu**, kaso **ekikolera ku Edward Jenner’s experiment**. 

**Tabyeyi mu Luganda (Option B):**  
Option B **ekikolera ku ekikolimo mu by’obulamu**, kaso **ekikolera ku Edward Jenner’s experiment**. 

**Tabyeyi mu Luganda (Option A):**  
Option A **ekikolera ku Edward Jenner’s experiment** n’ekikolera ku **ekigendererwa ky’okugema obungi** mu syllabus. 

**Tabyeyi mu Luganda (Option C):**  
Option C **ekikolera ku ekigendererwa ky’okugema obungi**, kaso **ekikolera ku Edward Jenner’s experiment**. 

**Tabyeyi mu Luganda (Option D):**  
Option D **ekikolera ku ekikolimo mu by’obulamu**, kaso **ekikolera ku Edward Jenner’s experiment**. 

**Tabyeyi mu Luganda (Option B):**  
Option B **ekikolera ku ekikolimo mu by’obulamu**, kaso **ekikolera ku Edward Jenner’s experiment**. 

**Tabyeyi mu Luganda (Option A):**  
Option A **ekikolera ku Edward Jenner’s experiment** n’ekikolera ku **ekigendererwa ky’okugema obungi** mu syllabus. 

**Tabyeyi mu Luganda (Option C):**  
Option C **ekikolera ku ekigendererwa ky’okugema obungi**, kaso **ekikolera ku Edward Jenner’s experiment**. 

**Tabyeyi mu Luganda (Option D):**  
Option D **ekikolera ku ekikolimo mu by’obulamu**, kaso **ekikolera ku Edward Jenner’s experiment**. 

**Tabyeyi mu Luganda (Option B):**  
Option B **ekikolera ku ekikolimo mu by’obulamu**, kaso **ekikolera",True,151.48690699998406,5986,4000,1016
D,"**D**. Nga tutadde mu ndowooza nti akatimba ka corpus luteum katandikirawo kokka mu ggwe ly'enkizi era nga tekaava mu kintu ekyasookawo mu kitundu kino.

**Explanation**:  
The student's explanation correctly describes the formation of the corpus luteum after ovulation and its role in producing progesterone. However, the error lies in the assumption that the corpus luteum persists indefinitely in the ovary to continue the cycle. In reality, the **corpus luteum only persists if fertilization occurs** (to support early pregnancy). If fertilization does not occur, the corpus luteum degenerates, leading to a drop in progesterone and the onset of menstruation. The student's statement implies the corpus luteum persists regardless of pregnancy, which is incorrect. This aligns with **Option D**, which highlights the error in stating the corpus luteum's persistence as a cause for the cycle's continuation. 

**Key Points**:  
- The corpus luteum forms after ovulation and secretes progesterone (correct).  
- Its persistence depends on pregnancy (error in the student's explanation).  
- Option D directly addresses this misconception.",True,71.82166479999432,4428,2381,2170
C,"**Kasooka ku Bukubaka Bwe Banoonyereza (Photosynthesis and Cellular Respiration in the Ecosystem):**  
Ekibuuzo kino ekisooka ku **ekikolwa kya kifotoosentezesi** (photosynthesis) n’**ekikolwa ky’okussa omukka** (cellular respiration) mu **bulijjo obwa ekikolwa kya kaboni n’okisijeni** (carbon and oxygen cycles).  

### **Ku Kiseera Ky’Ekibuuzo:**
- **Kifotoosentezesi** (Photosynthesis):  
  Abaana ab’okwawula (plants) **bikozesa kikuta ky’ekaboni dayokisaidi (CO₂)** n’**amazzi (H₂O)** mu **lupapula lw’ekitangaala** (sunlight) okufuna **ekikuta ky’ekaboni (C₆H₁₂O₆)** n’**okisijeni (O₂)**.  
  **Kikolwa:** 6CO₂ + 6H₂O + Ekitangaala → C₆H₁₂O₆ + 6O₂  

- **Okussa Omukka** (Cellular Respiration):  
  Abaana ab’okwawula n’ab’okwawula (animals) **bikozesa ekikuta ky’ekaboni (C₆H₁₂O₆)** n’**okisijeni (O₂)** okufuna **kikuta ky’ekaboni dayokisaidi (CO₂)**, **amazzi (H₂O)**, n’**amaanyi (ATP)**.  
  **Kikolwa:** C₆H₁₂O₆ + 6O₂ → 6CO₂ + 6H₂O + Amaanyi (ATP)  

### **Ku Kiseera Ky’Ekikolwa Kya Kaboni n’Okisijeni:**
- **Kifotoosentezesi** (Photosynthesis):  
  - **Kikozesa CO₂** (kikuta ky’ekaboni dayokisaidi) n’**H₂O** (amazzi) mu **lupapula lw’ekitangaala**.  
  - **Kikozesa O₂** (okisijeni) n’**C₆H₁₂O₆** (ekikuta ky’ekaboni) **kufuna**.  

- **Okussa Omukka** (Cellular Respiration):  
  - **Kikozesa C₆H₁₂O₆** (ekikuta ky’ekaboni) n’**O₂** (okisijeni) **kufuna CO₂** (kikuta ky’ekaboni dayokisaidi) n’**H₂O** (amazzi).  
  - **Amaanyi (ATP)** efulumizibwa mu kikolwa kino.  

### **Ku Kiseera Ky’Enjawulo:**
- **Kifotoosentezesi** (Photosynthesis):  
  - **Kikozesa kikuta ky’ekaboni dayokisaidi** (CO₂) n’**amazzi** (H₂O) **kufuna ekikuta ky’ekaboni** (glucose) n’**okisijeni** (O₂).  
  - **Okisijeni** (O₂) **ebugerera mu kikuta ky’ekaboni dayokisaidi** (CO₂) mu **okussa omukka**.  

- **Okussa Omukka** (Cellular Respiration):  
  - **Kikozesa ekikuta ky’ekaboni** (C₆H₁₂O₆) n’**okisijeni** (O₂) **kufuna kikuta ky’ekaboni dayokisaidi** (CO₂) n’**amazzi** (H₂O).  
  - **Kikuta ky’ekaboni dayokisaidi** (CO₂) **ebugerera mu kifotoosentezesi**.  

### **Ku Kiseera Ky’Enjawulo mu Bulijjo:**
- **Kifotoosentezesi** (Photosynthesis):  
  - **Kikozesa CO₂** (kikuta ky’ekaboni dayokisaidi) **kufuna O₂** (okisijeni).  
  - **Kikozesa H₂O** (amazzi) **kufuna C₆H₁₂O₆** (ekikuta ky’ekaboni).  

- **Okussa Omukka** (Cellular Respiration):  
  - **Kikozesa C₆H₁₂O₆** (ekikuta ky’ekaboni) n’**O₂** (okisijeni) **kufuna CO₂** (kikuta ky’ekaboni dayokisaidi) n’**H₂O** (amazzi).  
  - **Amaanyi (ATP)** efulumizibwa mu kikolwa kino.  

### **Ku Kiseera Ky’Enjawulo mu Bulijjo obwa Ekikolwa kya Kaboni n’Okisijeni:**
- **Kifotoosentezesi** (Photosynthesis):  
  - **Kikozesa CO₂** (kikuta ky’ekaboni dayokisaidi) **kufuna O₂** (okisijeni).  
  - **Kikozesa H₂O** (amazzi) **kufuna C₆H₁₂O₆** (ekikuta ky’ekaboni).  

- **Okussa Omukka** (Cellular Respiration):  
  - **Kikozesa C₆H₁₂O₆** (ekikuta ky’ekaboni) n’**O₂** (okisijeni) **kufuna CO₂** (kikuta ky’ekaboni dayokisaidi) n’**H₂O** (amazzi).  
  - **Amaanyi (ATP)** efulumizibwa mu kikolwa kino.  

### **Ku Kiseera Ky’Enjawulo mu Bulijjo obwa Ekikolwa kya Kaboni n’Okisijeni:**
- **Kifotoosentezesi** (Photosynthesis):  
  - **Kikozesa CO₂** (kikuta ky’ekaboni dayokisaidi) **kufuna O₂** (okisijeni).  
  - **Kikozesa H₂O** (amazzi) **kufuna C₆H₁₂O₆** (ekikuta ky’ekaboni).  

- **Okussa Omukka** (Cellular Respiration):  
  - **Kikozesa C₆H₁₂O₆** (ekikuta ky’ekaboni) n’**O₂** (okisijeni) **kufuna CO₂** (kikuta ky’ekaboni dayokisaidi) n’**H₂O** (amazzi).  
  - **Amaanyi (ATP)** efulumizibwa mu kikolwa kino.  

### **Ku Kiseera Ky’Enjawulo mu Bulijjo obwa Ekikolwa kya Kaboni n’Okisijeni:**
- **Kifotoosentezesi** (Photosynthesis):  
  - **Kikozesa CO₂** (kikuta ky’ekaboni dayokisaidi) **kufuna O₂** (okisijeni).  
  - **Kikozesa H₂O** (amazzi) **kufuna C₆H₁₂O₆** (ekikuta ky’ekaboni).  

- **Okussa Omukka** (Cellular Respiration):  
  - **Kikozesa C₆H₁₂O₆** (ekikuta ky’ekaboni) n’**O₂** (okisijeni) **kufuna CO₂** (kikuta ky’ekaboni dayokisaidi) n’**H₂O** (amazzi).  
  - **Amaanyi (ATP)** efulumizibwa mu kikolwa kino.  

### **Ku Kiseera Ky’Enjawulo mu Bulijjo obwa Ekikolwa kya Kaboni n’Okisijeni:**
- **Kifotoosentezesi** (Photosynthesis):  
  - **Kikozesa CO₂** (kikuta ky’ekaboni dayokisaidi) **kufuna O₂** (okisijeni).  
  - **Kikozesa H₂O** (amazzi) **kufuna C₆H₁₂O₆** (ekikuta ky’ekaboni).  

- **Okussa Omukka** (Cellular Respiration):  
  - **Kikozesa C₆H₁₂O₆** (ekikuta ky’ekaboni) n’**O₂** (okisijeni) **kufuna CO₂** (kikuta ky’ekaboni dayokisaidi) n’**H₂O** (amazzi).  
  - **Amaanyi (ATP)** efulumizibwa mu kikolwa kino.  

### **Ku Kiseera Ky’Enjawulo mu Bulijjo obwa Ekikolwa kya Kaboni n’Okisijeni:**
- **Kifotoosentezesi** (Photosynthesis):  
  - **Kikozesa CO₂** (kikuta ky’ekaboni dayokisaidi) **kufuna O₂** (okisijeni).  
  - **Kikozesa H₂O** (amazzi) **kufuna C₆H₁₂O₆** (ekikuta ky’ekaboni).  

- **Okussa Omukka** (Cellular Respiration):  
  - **Kikozesa C₆H₁₂O₆** (ekikuta ky’ekaboni) n’**O₂** (okisijeni) **kufuna CO₂** (kikuta ky’ekaboni dayokisaidi) n’**H₂O** (amazzi).  
  - **Amaanyi (ATP)** efulumizibwa mu kikolwa kino.  

### **Ku Kiseera Ky’Enjawulo mu Bulijjo obwa Ekikolwa kya Kaboni n’Okisijeni:**
- **Kifotoosentezesi** (Photosynthesis):  
  - **Kikozesa CO₂** (kikuta ky’ekaboni dayokisaidi) **kufuna O₂** (okisijeni).  
  - **Kikozesa H₂O** (amazzi) **kufuna C₆H₁₂O₆** (ekikuta ky’ekaboni).  

- **Okussa Omukka** (Cellular Respiration):  
  - **Kikozesa C₆H₁₂O₆** (ekikuta ky’ekaboni) n’**O₂** (okisijeni) **kufuna CO₂** (kikuta ky’ekaboni dayokisaidi) n’**H₂O** (amazzi).  
  - **Amaanyi (ATP)** efulumizibwa mu kikolwa kino.  

### **Ku Kiseera Ky’Enjawulo mu Bulijjo obwa Ekikolwa kya Kaboni n’Okisijeni:**
- **Kifotoosentezesi** (Photosynthesis):  
  - **Kikozesa CO₂** (kikuta ky’ekaboni dayokisaidi) **kufuna O₂** (okisijeni).  
  - **Kikozesa H₂O** (amazzi) **kufuna C₆H₁₂O₆** (ekikuta ky’ekaboni).  

- **Okussa Omukka** (Cellular Respiration):  
  - **Kikozesa C₆H₁₂O₆** (ekikuta ky’ekaboni) n’**O₂** (okisijeni) **kufuna CO₂** (kikuta ky’ekaboni dayokisaidi) n’**H₂O** (amazzi).  
  - **Amaanyi (ATP)** efulumizibwa mu kikolwa kino.  

### **Ku Kiseera Ky’Enjawulo mu Bulijjo obwa Ekikolwa kya Kaboni n’Okisijeni:**
- **Kifotoosentezesi** (Photosynthesis):  
  - **Kikozesa CO₂** (kikuta ky’ekaboni dayokisaidi) **kufuna O₂** (okisijeni).  
  - **Kikozesa H₂O** (amazzi) **kufuna C₆H₁₂O₆** (ekikuta ky’ekaboni).  

- **Okussa Omukka** (Cellular Respiration):  
  - **Kikozesa C₆H₁₂O₆** (ekikuta ky’ekaboni) n’**O₂** (okisijeni) **kufuna CO₂** (kikuta ky’ekaboni dayokisaidi) n’**H₂O** (amazzi).  
  - **Amaanyi (ATP)** efulumizibwa mu kikolwa kino.  

### **Ku Kiseera Ky’Enjawulo mu Bulijjo obwa Ekikolwa kya Kaboni n’Okisijeni:**
- **Kifotoosentezesi** (Photosynthesis):  
  - **Kikozesa CO₂** (kikuta ky’ekaboni dayokisaidi) **kufuna O₂** (okisijeni).  
  - **Kikozesa H₂O** (amazzi) **kufuna C₆H₁₂O₆** (ekikuta ky’ekaboni).  

- **Okussa Omukka** (Cellular Respiration):  
  - **Kikozesa C₆H₁₂O₆** (ekikuta ky’ekaboni) n’**O₂** (okisijeni) **kufuna CO₂** (kikuta ky’ekaboni dayokisaidi) n’**H₂O** (amazzi).  
  - **Amaanyi (ATP)** efulumizibwa mu kikolwa kino.  

### **Ku Kiseera Ky’Enjawulo mu Bulijjo obwa Ekikolwa kya Kaboni n’Okisijeni:**
- **Kifotoosentezesi** (Photosynthesis):  
  - **Kikozesa CO₂** (kikuta ky’ekaboni dayokisaidi) **kufuna O₂** (okisijeni).  
 ",True,108.79739330001757,6498,4000,707
A,"**Jawabo:** A. Lagawo ekikolwa kya enzayimu ekikozesebwa mu kukola pulayima ya RNA  

**Ekkwata:**  
Fludarabine ekikozesebwa okujjanjaba kukoppololwa kwa DNA kubanga **ekikolwa kya DNA primase**, enzayimu enye ekikozesebwa mu **kukola pulayima ya RNA** (ekikolwa kya RNA primer). RNA primer ekikozesebwa mu kisooka ku DNA replication kubanga DNA polymerase ekikozesebwa okukoppolola DNA n’ekikozesebwa okukola kisooka ya RNA. Nga Fludarabine ekikolwa kya DNA primase, **ekikolwa kya RNA primer ekikozesebwa**, oba ekikolwa kya DNA polymerase ekikozesebwa okukoppolola DNA.  

**Ekkwata kya mbeera:**  
- **Option A** ekikozesebwa mu kikolwa kya enzayimu (DNA primase) ekikozesebwa mu kukola RNA primer.  
- **Option B** (ligase) ekikozesebwa mu kumenya sipiira bbiri, oba enzayimu enye ekikozesebwa mu kumenya ntiyira.  
- **Option C** (helicase) ekikozesebwa mu kugongola DNA, oba enzayimu enye ekikozesebwa mu kugongola DNA strands.  
- **Option D** ekikozesebwa mu hydrogen bonds, oba enzayimu enye ekikozesebwa mu kugongola base pairing, oba enzayimu enye ekikozesebwa mu kugongola DNA strands.  

**Kikozesebwa:** Fludarabine ekikozesebwa okujjanjaba kukoppololwa kwa DNA kubanga ekikolwa kya DNA primase, enzayimu enye ekikozesebwa mu kukola RNA primer. Nga RNA primer ekikozesebwa, DNA polymerase ekikozesebwa okukoppolola DNA.  

**Jawabo:** **A**",True,23.08403180001187,2991,1043,590
B,"**Ekidamu ku ekibuuzo ekituufu mu nnukuta za sayansi:**

1. **Obunene bw'Enjuba:**  
   1,392,000,000 m → **1.392 × 10⁹ m**  
   *(Okusimbuliza akakomo ku kkono, amannya g'ekumi gaba gassaawe.)*

2. **Obuzito bw'akatoffaali ka electroni:**  
   0.000000000000000000000000000000911 kg → **9.11 × 10⁻³¹ kg**  
   *(Okusimbuliza akakomo ku ddyo, amannya g'ekumi gaba matuufu.)*

3. **Omugendo gw'ekitangaala:**  
   299,792,458 m/s → **2.99792458 × 10⁸ m/s**  
   *(Okusimbuliza akakomo ku kkono, amannya g'ekumi gaba gassaawe.)*

4. **Obunene bwa virus:**  
   0.00000002 m → **2.0 × 10⁻⁸ m**  
   *(Okusimbuliza akakomo ku ddyo, amannya g'ekumi gaba matuufu.)*

5. **Singa ogatta obunene bw'Enjuba n'omugendo gw'ekitangaala:**  
   - Obunene bw'Enjuba: **1.392 × 10⁹ m**  
   - Omugendo gw'ekitangaala: **2.99792458 × 10⁸ m/s**  
   - Okugatta:  
     - Okusimbuliza amannya g'ekumi ku **10⁹**, omugendo gw'ekitangaala eza **0.299792458 × 10⁹ m/s**.  
     - Ogatta: **1.392 + 0.299792458 = 1.691792458 × 10⁹ m**  
     *(Ekidamu: **1.6918 × 10⁹ m**)*  

6. **Singa okubisa obuzito bw'akatoffaali ka electroni n'obunene bwa virus:**  
   - Obuzito: **9.11 × 10⁻³¹ kg**  
   - Obunene: **2.0 × 10⁻⁸ m**  
   - Okukubisa:  
     - **9.11 × 2.0 = 18.22**  
     - Amannya g'ekumi: **10⁻³¹ × 10⁻⁸ = 10⁻³⁹**  
     - Ekidamu: **18.22 × 10⁻³⁹ = 1.822 × 10⁻³⁸ kg·m**  

---

**Enkola y'ekidamu:**  
- **1.392 × 10⁹ m**  
- **9.11 × 10⁻³¹ kg**  
- **2.99792458 × 10⁸ m/s**  
- **2.0 × 10⁻⁸ m**  
- **1.6918 × 10⁹ m**  
- **1.822 × 10⁻³⁸ kg·m**  

*(Okusobola okukwataganya obunene bw'enjuba n'omugendo gw'ekitangaala, omusomesa ayagala okusimbuliza amannya g'ekumi ku ekikolo eky'obunene bw'enjuba (10⁹) era ogatta eky'omugendo gw'ekitangaala (10⁸) mu 10⁹.)*",True,57.79566750000231,6049,2355,986
B,"**Answer: A. Bannyonnyola engeri omulamwa gw'okwanguya okukwatagana n'ensi bwe gukozesebwa okugonjoola ebizibu ebya bulijjo**

**Explanation:**  
Mu kinematics, ticker timer (obuwewufu) ne ticker tape (ebirala) ebituukirizwa ku kusomesa obuwendo gw'obutonde. Eby'okwanguya (ebizibu) eby'obuwewufu ebituukirizwa ku kusomesa obuwendo oba obusobozi. Kino, obuwendo (velocity) ebituukirizwa ku kusinziira kya kikuta (distance) n'okwanguya (time interval). Kino ebituukirizwa ku formula:  
**Velocity = Distance / Time**.  

- **Option A** ebituukirizwa ku kusinziira kya kikuta (ebizibu) n'okwanguya (time interval) oba kusinziira ku kikuta (distance) n'okwanguya (time) oba kusinziira ku kikuta (distance) n'okwanguya (time interval) oba kusinziira ku kikuta (distance) n'okwanguya (time interval) oba kusinziira ku kikuta (distance) n'okwanguya (time interval) oba kusinziira ku kikuta (distance) n'okwanguya (time interval) oba kusinziira ku kikuta (distance) n'okwanguya (time interval) oba kusinziira ku kikuta (distance) n'okwanguya (time interval) oba kusinziira ku kikuta (distance) n'okwanguya (time interval) oba kusinziira ku kikuta (distance) n'okwanguya (time interval) oba kusinziira ku kikuta (distance) n'okwanguya (time interval) oba kusinziira ku kikuta (distance) n'okwanguya (time interval) oba kusinziira ku kikuta (distance) n'okwanguya (time interval) oba kusinziira ku kikuta (distance) n'okwanguya (time interval) oba kusinziira ku kikuta (distance) n'okwanguya (time interval) oba kusinziira ku kikuta (distance) n'okwanguya (time interval) oba kusinziira ku kikuta (distance) n'okwanguya (time interval) oba kusinziira ku kikuta (distance) n'okwanguya (time interval) oba kusinziira ku kikuta (distance) n'okwanguya (time interval) oba kusinziira ku kikuta (distance) n'okwanguya (time interval) oba kusinziira ku kikuta (distance) n'okwanguya (time interval) oba kusinziira ku kikuta (distance) n'okwanguya (time interval) oba kusinziira ku kikuta (distance) n'okwanguya (time interval) oba kusinziira ku kikuta (distance) n'okwanguya (time interval) oba kusinziira ku kikuta (distance) n'okwanguya (time interval) oba kusinziira ku kikuta (distance) n'okwanguya (time interval) oba kusinziira ku kikuta (distance) n'okwanguya (time interval) oba kusinziira ku kikuta (distance) n'okwanguya (time interval) oba kusinziira ku kikuta (distance) n'okwanguya (time interval) oba kusinziira ku kikuta (distance) n'okwanguya (time interval) oba kusinziira ku kikuta (distance) n'okwanguya (time interval) oba kusinziira ku kikuta (distance) n'okwanguya (time interval) oba kusinziira ku kikuta (distance) n'okwanguya (time interval) oba kusinziira ku kikuta (distance) n'okwanguya (time interval) oba kusinziira ku kikuta (distance) n'okwanguya (time interval) oba kusinziira ku kikuta (distance) n'okwanguya (time interval) oba kusinziira ku kikuta (distance) n'okwanguya (time interval) oba kusinziira ku kikuta (distance) n'okwanguya (time interval) oba kusinziira ku kikuta (distance) n'okwanguya (time interval) oba kusinziira ku kikuta (distance) n'okwanguya (time interval) oba kusinziira ku kikuta (distance) n'okwanguya (time interval) oba kusinziira ku kikuta (distance) n'okwanguya (time interval) oba kusinziira ku kikuta (distance) n'okwanguya (time interval) oba kusinziira ku kikuta (distance) n'okwanguya (time interval) oba kusinziira ku kikuta (distance) n'okwanguya (time interval) oba kusinziira ku kikuta (distance) n'okwanguya (time interval) oba kusinziira ku kikuta (distance) n'okwanguya (time interval) oba kusinziira ku kikuta (distance) n'okwanguya (time interval) oba kusinziira ku kikuta (distance) n'okwanguya (time interval) oba kusinziira ku kikuta (distance) n'okwanguya (time interval) oba kusinziira ku kikuta (distance) n'okwanguya (time interval) oba kusinziira ku kikuta (distance) n'okwanguya (time interval) oba kusinziira ku kikuta (distance) n'okwanguya (time interval) oba kusinziira ku kikuta (distance) n'okwanguya (time interval) oba kusinziira ku kikuta (distance) n'okwanguya (time interval) oba kusinziira ku kikuta (distance) n'okwanguya (time interval) oba kusinziira ku kikuta (distance) n'okwanguya (time interval) oba kusinziira ku kikuta (distance) n'okwanguya (time interval) oba kusinziira ku kikuta (distance) n'okwanguya (time interval) oba kusinziira ku kikuta (distance) n'okwanguya (time interval) oba kusinziira ku kikuta (distance) n'okwanguya (time interval) oba kusinziira ku kikuta (distance) n'okwanguya (time interval) oba kusinziira ku kikuta (distance) n'okwanguya (time interval) oba kusinziira ku kikuta (distance) n'okwanguya (time interval) oba kusinziira ku kikuta (distance) n'okwanguya (time interval) oba kusinziira ku kikuta (distance) n'okwanguya (time interval) oba kusinziira ku kikuta (distance) n'okwanguya (time interval) oba kusinziira ku kikuta (distance) n'okwanguya (time interval) oba kusinziira ku kikuta (distance) n'okwanguya (time interval) oba kusinziira ku kikuta (distance) n'okwanguya (time interval) oba kusinziira ku kikuta (distance) n'okwanguya (time interval) oba kusinziira ku kikuta (distance) n'okwanguya (time interval) oba kusinziira ku kikuta (distance) n'okwanguya (time interval) oba kusinziira ku kikuta (distance) n'okwanguya (time interval) oba kusinziira ku kikuta (distance) n'okwanguya (time interval) oba kusinziira ku kikuta (distance) n'okwanguya (time interval) oba kusinziira ku kikuta (distance) n'okwanguya (time interval) oba kusinziira ku kikuta (distance) n'okwanguya (time interval) oba kusinziira ku kikuta (distance) n'okwanguya (time interval) oba kusinziira ku kikuta (distance) n'okwanguya (time interval) oba kusinziira ku kikuta (distance) n'okwanguya (time interval) oba kusinziira ku kikuta (distance) n'okwanguya (time interval) oba kusinziira ku kikuta (distance) n'okwanguya (time interval) oba kusinziira ku kikuta (distance) n'okwanguya (time interval) oba kusinziira ku kikuta (distance) n'okwanguya (time interval) oba kusinziira ku kikuta (distance) n'okwanguya (time interval) oba kusinziira ku kikuta (distance) n'okwanguya (time interval) oba kusinziira ku kikuta (distance) n'okwanguya (time interval) oba kusinziira ku kikuta (distance) n'okwanguya (time interval) oba kusinziira ku kikuta (distance) n'okwanguya (time interval) oba kusinziira ku kikuta (distance) n'okwanguya (time interval) oba kusinziira ku kikuta (distance) n'okwanguya (time interval) oba kusinziira ku kikuta (distance) n'okwanguya (time interval) oba kusinziira ku kikuta (distance) n'okwanguya (time interval) oba kusinziira ku kikuta (distance) n'okwanguya (time interval) oba kusinziira ku kikuta (distance) n'okwanguya (time interval) oba kusinziira ku kikuta (distance) n'okwanguya (time interval) oba kusinziira ku kikuta (distance) n'okwanguya (time interval) oba kusinziira ku kikuta (distance) n'okwanguya (time interval) oba kusinziira ku kikuta (distance) n'okwanguya (time interval) oba kusinziira ku kikuta (distance) n'okwanguya (time interval) oba kusinziira ku kikuta (distance) n'okwanguya (time interval) oba kusinziira ku kikuta (distance) n'okwanguya (time interval) oba kusinziira ku kikuta (distance) n'okwanguya (time interval) oba kusinziira ku kikuta (distance) n'okwanguya (time interval) oba kusinziira ku kikuta (distance) n'okwanguya (time interval) oba kusinziira ku kikuta (distance) n'okwanguya (time interval) oba kusinziira ku kikuta (distance) n'okwanguya (time interval) oba kusinziira ku kikuta (distance) n'okwanguya (time interval) oba kusinziira ku kikuta (distance) n'okwanguya (time interval) oba kusinziira ku kikuta (distance) n'okwanguya (time interval) oba kusinziira ku kikuta (distance) n'okwanguya (time interval) oba kusinziira ku kikuta (distance) n'okwanguya (time interval) oba kusinziira ku kikuta (distance) n'okwanguya (time interval) oba kusinziira ku kikuta (distance) n'okwanguya (time interval) oba kusinziira ku kikuta (distance) n'okwanguya (time interval) oba kusinziira ku kikuta (distance) n'okwanguya (time interval) oba kusinziira ku kikuta (distance) n'okwanguya (time interval) oba kusinziira ku kikuta (distance) n'okwanguya (time interval) oba kusinziira ku kikuta (distance) n'okwanguya (time interval) oba kusinziira ku kikuta (distance) n'okwanguya (time interval) oba kusinziira ku kikuta (distance) n'okwanguya (time interval) oba kusinziira ku kikuta (distance) n'okwanguya (time interval) oba kusinziira ku kikuta (distance) n'okwanguya (time interval) oba kusinziira ku kikuta (distance) n'okwanguya (time interval) oba kusinziira ku kikuta (distance) n'okwanguya (time interval) oba kusinziira ku kikuta (distance) n'okwanguya (time interval) oba kusinziira ku kikuta (distance) n'okwanguya (time interval) oba kusinziira ku kikuta (distance) n'okwanguya (time interval) oba kusinziira ku kikuta (distance) n'okwanguya (time interval) oba kusinziira ku kikuta (distance) n'okwanguya (time interval) oba kusinziira ku kikuta (distance) n'okwanguya (time interval) oba kusinziira ku kikuta (distance) n'okwanguya (time interval) oba kusinziira ku kikuta (distance) n'ok",True,77.29361690001679,5983,4000,736
B,"**Ekibuuzo Ekituufu Kyokka:**  
**Mu bitabo by’amasomero ebisinga obungi, mu kusoma ku masannyalaze n’ebizungirizi by’amasannyalaze agolokofu, “omugera gw’amazzi” gukozesebwa okwongera okutegeera emiramwa nga obungi bw’amasannyalaze ag’amaanyi n’amaanyi g’amasannyalaze, n’ebirala. Mu ngeri eno, engeri z’ekizungirizi ky’amasannyalaze ekisookerwako zigerageranyizibwa ku ngeri z’omugera gw’amazzi ogutambula mu payipu, nga bwe kiba nti omugera gw’amazzi gukiikirira ebintu ebitambula ebirina omukka gw’amasannyalaze. Mu ngeri ez’okulonda wano wansi, lwaki engeri eno ey’okugerageranya efuuka ekizibu ng’enkola y’okuyigiriza abayizi ebikwata ku bizungirizi by’amasannyalaze agolokofu?**  

**Ekkwata ku C:**  
**C. Tekikkiriza bayizi kukwataganya mulamwa gw’obusitoowa mu sseketi y’amasannyalaze n’ekintu kyonna ekilabika mu sseketi y’amazzi.**  

**Ekkwata ku C ekikozesebwa mu kusobola ku ngeri eno kubiri:**
1. **Okugerageranya engeri z’ekizungirizi by’amasannyalaze (payipu) n’engeri z’omugera gw’amazzi:**  
   - Ekizungirizi ky’amasannyalaze (payipu) ekisookerwa ku ngeri z’omugera gw’amazzi, nga engeri z’ekizungirizi ekisookerwa ku ngeri z’omugera gw’amazzi.  
   - Ekikozesebwa ku **kukwataganya mulamwa** (ekikozesebwa ku kusinziira ku mato oba mato g’ekizungirizi n’omugera gw’amazzi) mu sseketi y’amasannyalaze n’ekintu kyonna (payipu) mu sseketi y’amazzi.  

2. **Okuyigiriza abayizi ku bizungirizi by’amasannyalaze agolokofu:**  
   - Option C ekikozesebwa ku **kukwataganya** (ekikozesebwa ku kusinziira ku mato oba mato g’ekizungirizi n’omugera gw’amazzi) mu sseketi y’amasannyalaze n’ekintu kyonna (payipu) mu sseketi y’amazzi.  
   - Ekyo ekikozesebwa ku **okusinziira ku mato oba mato g’ekizungirizi n’omugera gw’amazzi** mu sseketi y’amasannyalaze n’ekintu kyonna (payipu) mu sseketi y’amazzi.  

3. **Okutegeera ku ngeri z’ekizungirizi by’amasannyalaze ekisookerwako zigerageranyizibwa ku ngeri z’omugera gw’amazzi:**  
   - Ekikozesebwa ku **okusinziira ku mato oba mato g’ekizungirizi n’omugera gw’amazzi** mu sseketi y’amasannyalaze n’ekintu kyonna (payipu) mu sseketi y’amazzi.  
   - Ekyo ekikozesebwa ku **okusinziira ku mato oba mato g’ekizungirizi n’omugera gw’amazzi** mu sseketi y’amasannyalaze n’ekintu kyonna (payipu) mu sseketi y’amazzi.  

**Ekkwata ku C ekikozesebwa mu kusobola ku ngeri eno kubiri:**  
- **Option C** ekikozesebwa ku **okusinziira ku mato oba mato g’ekizungirizi n’omugera gw’amazzi** mu sseketi y’amasannyalaze n’ekintu kyonna (payipu) mu sseketi y’amazzi.  
- Ekyo ekikozesebwa ku **okusinziira ku mato oba mato g’ekizungirizi n’omugera gw’amazzi** mu sseketi y’amasannyalaze n’ekintu kyonna (payipu) mu sseketi y’amazzi.  

**Ekkwata ku C ekikozesebwa mu kusobola ku ngeri eno kubiri:**  
- **Option C** ekikozesebwa ku **okusinziira ku mato oba mato g’ekizungirizi n’omugera gw’amazzi** mu sseketi y’amasannyalaze n’ekintu kyonna (payipu) mu sseketi y’amazzi.  
- Ekyo ekikozesebwa ku **okusinziira ku mato oba mato g’ekizungirizi n’omugera gw’amazzi** mu sseketi y’amasannyalaze n’ekintu kyonna (payipu) mu sseketi y’amazzi.  

**Ekkwata ku C ekikozesebwa mu kusobola ku ngeri eno kubiri:**  
- **Option C** ekikozesebwa ku **okusinziira ku mato oba mato g’ekizungirizi n’omugera gw’amazzi** mu sseketi y’amasannyalaze n’ekintu kyonna (payipu) mu sseketi y’amazzi.  
- Ekyo ekikozesebwa ku **okusinziira ku mato oba mato g’ekizungirizi n’omugera gw’amazzi** mu sseketi y’amasannyalaze n’ekintu kyonna (payipu) mu sseketi y’amazzi.  

**Ekkwata ku C ekikozesebwa mu kusobola ku ngeri eno kubiri:**  
- **Option C** ekikozesebwa ku **okusinziira ku mato oba mato g’ekizungirizi n’omugera gw’amazzi** mu sseketi y’amasannyalaze n’ekintu kyonna (payipu) mu sseketi y’amazzi.  
- Ekyo ekikozesebwa ku **okusinziira ku mato oba mato g’ekizungirizi n’omugera gw’amazzi** mu sseketi y’amasannyalaze n’ekintu kyonna (payipu) mu sseketi y’amazzi.  

**Ekkwata ku C ekikozesebwa mu kusobola ku ngeri eno kubiri:**  
- **Option C** ekikozesebwa ku **okusinziira ku mato oba mato g’ekizungirizi n’omugera gw’amazzi** mu sseketi y’amasannyalaze n’ekintu kyonna (payipu) mu sseketi y’amazzi.  
- Ekyo ekikozesebwa ku **okusinziira ku mato oba mato g’ekizungirizi n’omugera gw’amazzi** mu sseketi y’amasannyalaze n’ekintu kyonna (payipu) mu sseketi y’amazzi.  

**Ekkwata ku C ekikozesebwa mu kusobola ku ngeri eno kubiri:**  
- **Option C** ekikozesebwa ku **okusinziira ku mato oba mato g’ekizungirizi n’omugera gw’amazzi** mu sseketi y’amasannyalaze n’ekintu kyonna (payipu) mu sseketi y’amazzi.  
- Ekyo ekikozesebwa ku **okusinziira ku mato oba mato g’ekizungirizi n’omugera gw’amazzi** mu sseketi y’amasannyalaze n’ekintu kyonna (payipu) mu sseketi y’amazzi.  

**Ekkwata ku C ekikozesebwa mu kusobola ku ngeri eno kubiri:**  
- **Option C** ekikozesebwa ku **okusinziira ku mato oba mato g’ekizungirizi n’omugera gw’amazzi** mu sseketi y’amasannyalaze n’ekintu kyonna (payipu) mu sseketi y’amazzi.  
- Ekyo ekikozesebwa ku **okusinziira ku mato oba mato g’ekizungirizi n’omugera gw’amazzi** mu sseketi y’amasannyalaze n’ekintu kyonna (payipu) mu sseketi y’amazzi.  

**Ekkwata ku C ekikozesebwa mu kusobola ku ngeri eno kubiri:**  
- **Option C** ekikozesebwa ku **okusinziira ku mato oba mato g’ekizungirizi n’omugera gw’amazzi** mu sseketi y’amasannyalaze n’ekintu kyonna (payipu) mu sseketi y’amazzi.  
- Ekyo ekikozesebwa ku **okusinziira ku mato oba mato g’ekizungirizi n’omugera gw’amazzi** mu sseketi y’amasannyalaze n’ekintu kyonna (payipu) mu sseketi y’amazzi.  

**Ekkwata ku C ekikozesebwa mu kusobola ku ngeri eno kubiri:**  
- **Option C** ekikozesebwa ku **okusinziira ku mato oba mato g’ekizungirizi n’omugera gw’amazzi** mu sseketi y’amasannyalaze n’ekintu kyonna (payipu) mu sseketi y’amazzi.  
- Ekyo ekikozesebwa ku **okusinziira ku mato oba mato g’ekizungirizi n’omugera gw’amazzi** mu sseketi y’amasannyalaze n’ekintu kyonna (payipu) mu sseketi y’amazzi.  

**Ekkwata ku C ekikozesebwa mu kusobola ku ngeri eno kubiri:**  
- **Option C** ekikozesebwa ku **okusinziira ku mato oba mato g’ekizungirizi n’omugera gw’amazzi** mu sseketi y’amasannyalaze n’ekintu kyonna (payipu) mu sseketi y’amazzi.  
- Ekyo ekikozesebwa ku **okusinziira ku mato oba mato g’ekizungirizi n’omugera gw’amazzi** mu sseketi y’amasannyalaze n’ekintu kyonna (payipu) mu sseketi y’amazzi.  

**Ekkwata ku C ekikozesebwa mu kusobola ku ngeri eno kubiri:**  
- **Option C** ekikozesebwa ku **okusinziira ku mato oba mato g’ekizungirizi n’omugera gw’amazzi** mu sseketi y’amasannyalaze n’ekintu kyonna (payipu) mu sseketi y’amazzi.  
- Ekyo ekikozesebwa ku **okusinziira ku mato oba mato g’ekizungirizi n’omugera gw’amazzi** mu sseketi y’amasannyalaze n’ekintu kyonna (payipu) mu sseketi y’amazzi.  

**Ekkwata ku C ekikozesebwa mu kusobola ku ngeri eno kubiri:**  
- **Option C** ekikozesebwa ku **okusinziira ku mato oba mato g’ekizungirizi n’omugera gw’amazzi** mu sseketi y’amasannyalaze n’ekintu kyonna (payipu) mu sseketi y’amazzi.  
- Ekyo ekikozesebwa ku **okusinziira ku mato oba mato g’ekizungirizi n’omugera gw’amazzi** mu sseketi y’amasannyalaze n’ekintu kyonna (payipu) mu sseketi y’amazzi.  

**Ekkwata ku C ekikozesebwa mu kusobola ku ngeri eno kubiri:**  
- **Option C** ekikozesebwa ku **okusinziira ku mato oba mato g’ekizungirizi n’omugera gw’amazzi** mu sseketi y’amasannyalaze n’ekintu kyonna (payipu) mu sseketi y’amazzi.  
- Ekyo ekikozesebwa ku **okusinziira ku mato oba mato g’ekizungirizi n’omugera gw’amazzi** mu sseketi y’amasannyalaze n’ekintu kyonna (payipu) mu sseketi y’amazzi.  

**Ekkwata ku C ekikozesebwa mu kusobola ku ngeri eno kubiri:**  
- **Option C** ekikozesebwa ku **okusinziira ku mato oba mato g’ekizungirizi n’omugera gw’amazzi** mu sseketi y’amasannyalaze n’ekintu kyonna (payipu) mu sseketi y’amazzi.  
- Ekyo ekikozesebwa ku **okusinziira ku mato oba mato g’ekizungirizi n’omugera gw’amazzi** mu sseketi",True,118.90075959998649,6045,4000,795
C,"**Answer:** D. Ebifaananyi eby’obulimba bikolebwa mu kifo eky’obulimba ekireetera emiryango gy’omusana okugaziwa, ate ebifaananyi ebya ddala bikolebwa okuyita mu kulagula emiryango gy’omusana egidda waggulu.

---

### **Explanation in English:**
The question asks how to distinguish between **theoretical knowledge** (ebifaananyi eby’obulimba) and **practical knowledge** (ebifaananyi ebya ddala) in an educational context. The correct answer is **D**, which explains that:

1. **Theoretical knowledge** is acquired in **formal educational settings** (e.g., classrooms, schools) through structured learning and academic study. This aligns with traditional education systems where concepts are taught through lectures, textbooks, and exams.

2. **Practical knowledge** is gained through **hands-on experience** in real-world scenarios (e.g., workshops, fieldwork, or daily life). This type of learning emphasizes application, experimentation, and problem-solving in tangible environments.

---

### **Why D is Correct:**
- **Theoretical knowledge** (e.g., science principles, mathematical formulas) is typically taught in **structured, institutional settings** (schools, universities) where the focus is on understanding abstract concepts.
- **Practical knowledge** (e.g., cooking, carpentry, farming) is learned through **direct engagement** with tasks, often in informal or experiential contexts. This mirrors the idea that ""learning by doing"" is essential for mastering skills.

This distinction reflects the **dual nature of education**: one rooted in theory (academic) and the other in practice (applied). The answer emphasizes the **context of acquisition** (formal vs. experiential) as the key differentiator, which is a foundational concept in pedagogy and educational theory.",True,28.852035199990496,2882,782,515
A,"**Ekibuuzo kye kisooka D:**  
**""Okutegeera engeri y’omusaayi ogw’ekitangaala gye gweyisaamu ng’omuyengo era ng’akatonniinya.""**  

**Ekyetaagisa abayizi abali mu S.1 okusobola okutegeera ebikolwa by’amasoboza ng’okweyoleka n’okumenyeka kw’ekitangaala:**  
- **Kino kisooka D** kisusooka ku **okusobola okutegeera** (ekitangaala) **ng’okweyoleka n’okumenyeka** (akatonniinya).  
- **Okumenyeka** (practice) n’**okweyoleka** (observation) **ekisusooka ku kisooloolwa kya sasaayansi** (scientific method), kubanga abayizi **bali mu kusinziira ku ngeri y’ekitangaala** (how to use the tool) **ng’okusinziira ku mato oba kusinziira ku mato oba kusinziira ku mato oba kusinziira ku mato oba kusinziira ku mato oba kusinziira ku mato oba kusinziira ku mato oba kusinziira ku mato oba kusinziira ku mato oba kusinziira ku mato oba kusinziira ku mato oba kusinziira ku mato oba kusinziira ku mato oba kusinziira ku mato oba kusinziira ku mato oba kusinziira ku mato oba kusinziira ku mato oba kusinziira ku mato oba kusinziira ku mato oba kusinziira ku mato oba kusinziira ku mato oba kusinziira ku mato oba kusinziira ku mato oba kusinziira ku mato oba kusinziira ku mato oba kusinziira ku mato oba kusinziira ku mato oba kusinziira ku mato oba kusinziira ku mato oba kusinziira ku mato oba kusinziira ku mato oba kusinziira ku mato oba kusinziira ku mato oba kusinziira ku mato oba kusinziira ku mato oba kusinziira ku mato oba kusinziira ku mato oba kusinziira ku mato oba kusinziira ku mato oba kusinziira ku mato oba kusinziira ku mato oba kusinziira ku mato oba kusinziira ku mato oba kusinziira ku mato oba kusinziira ku mato oba kusinziira ku mato oba kusinziira ku mato oba kusinziira ku mato oba kusinziira ku mato oba kusinziira ku mato oba kusinziira ku mato oba kusinziira ku mato oba kusinziira ku mato oba kusinziira ku mato oba kusinziira ku mato oba kusinziira ku mato oba kusinziira ku mato oba kusinziira ku mato oba kusinziira ku mato oba kusinziira ku mato oba kusinziira ku mato oba kusinziira ku mato oba kusinziira ku mato oba kusinziira ku mato oba kusinziira ku mato oba kusinziira ku mato oba kusinziira ku mato oba kusinziira ku mato oba kusinziira ku mato oba kusinziira ku mato oba kusinziira ku mato oba kusinziira ku mato oba kusinziira ku mato oba kusinziira ku mato oba kusinziira ku mato oba kusinziira ku mato oba kusinziira ku mato oba kusinziira ku mato oba kusinziira ku mato oba kusinziira ku mato oba kusinziira ku mato oba kusinziira ku mato oba kusinziira ku mato oba kusinziira ku mato oba kusinziira ku mato oba kusinziira ku mato oba kusinziira ku mato oba kusinziira ku mato oba kusinziira ku mato oba kusinziira ku mato oba kusinziira ku mato oba kusinziira ku mato oba kusinziira ku mato oba kusinziira ku mato oba kusinziira ku mato oba kusinziira ku mato oba kusinziira ku mato oba kusinziira ku mato oba kusinziira ku mato oba kusinziira ku mato oba kusinziira ku mato oba kusinziira ku mato oba kusinziira ku mato oba kusinziira ku mato oba kusinziira ku mato oba kusinziira ku mato oba kusinziira ku mato oba kusinziira ku mato oba kusinziira ku mato oba kusinziira ku mato oba kusinziira ku mato oba kusinziira ku mato oba kusinziira ku mato oba kusinziira ku mato oba kusinziira ku mato oba kusinziira ku mato oba kusinziira ku mato oba kusinziira ku mato oba kusinziira ku mato oba kusinziira ku mato oba kusinziira ku mato oba kusinziira ku mato oba kusinziira ku mato oba kusinziira ku mato oba kusinziira ku mato oba kusinziira ku mato oba kusinziira ku mato oba kusinziira ku mato oba kusinziira ku mato oba kusinziira ku mato oba kusinziira ku mato oba kusinziira ku mato oba kusinziira ku mato oba kusinziira ku mato oba kusinziira ku mato oba kusinziira ku mato oba kusinziira ku mato oba kusinziira ku mato oba kusinziira ku mato oba kusinziira ku mato oba kusinziira ku mato oba kusinziira ku mato oba kusinziira ku mato oba kusinziira ku mato oba kusinziira ku mato oba kusinziira ku mato oba kusinziira ku mato oba kusinziira ku mato oba kusinziira ku mato oba kusinziira ku mato oba kusinziira ku mato oba kusinziira ku mato oba kusinziira ku mato oba kusinziira ku mato oba kusinziira ku mato oba kusinziira ku mato oba kusinziira ku mato oba kusinziira ku mato oba kusinziira ku mato oba kusinziira ku mato oba kusinziira ku mato oba kusinziira ku mato oba kusinziira ku mato oba kusinziira ku mato oba kusinziira ku mato oba kusinziira ku mato oba kusinziira ku mato oba kusinziira ku mato oba kusinziira ku mato oba kusinziira ku mato oba kusinziira ku mato oba kusinziira ku mato oba kusinziira ku mato oba kusinziira ku mato oba kusinziira ku mato oba kusinziira ku mato oba kusinziira ku mato oba kusinziira ku mato oba kusinziira ku mato oba kusinziira ku mato oba kusinziira ku mato oba kusinziira ku mato oba kusinziira ku mato oba kusinziira ku mato oba kusinziira ku mato oba kusinziira ku mato oba kusinziira ku mato oba kusinziira ku mato oba kusinziira ku mato oba kusinziira ku mato oba kusinziira ku mato oba kusinziira ku mato oba kusinziira ku mato oba kusinziira ku mato oba kusinziira ku mato oba kusinziira ku mato oba kusinziira ku mato oba kusinziira ku mato oba kusinziira ku mato oba kusinziira ku mato oba kusinziira ku mato oba kusinziira ku mato oba kusinziira ku mato oba kusinziira ku mato oba kusinziira ku mato oba kusinziira ku mato oba kusinziira ku mato oba kusinziira ku mato oba kusinziira ku mato oba kusinziira ku mato oba kusinziira ku mato oba kusinziira ku mato oba kusinziira ku mato oba kusinziira ku mato oba kusinziira ku mato oba kusinziira ku mato oba kusinziira ku mato oba kusinziira ku mato oba kusinziira ku mato oba kusinziira ku mato oba kusinziira ku mato oba kusinziira ku mato oba kusinziira ku mato oba kusinziira ku mato oba kusinziira ku mato oba kusinziira ku mato oba kusinziira ku mato oba kusinziira ku mato oba kusinziira ku mato oba kusinziira ku mato oba kusinziira ku mato oba kusinziira ku mato oba kusinziira ku mato oba kusinziira ku mato oba kusinziira ku mato oba kusinziira ku mato oba kusinziira ku mato oba kusinziira ku mato oba kusinziira ku mato oba kusinziira ku mato oba kusinziira ku mato oba kusinziira ku mato oba kusinziira ku mato oba kusinziira ku mato oba kusinziira ku mato oba kusinziira ku mato oba kusinziira ku mato oba kusinziira ku mato oba kusinziira ku mato oba kusinziira ku mato oba kusinziira ku mato oba kusinziira ku mato oba kusinziira ku mato oba kusinziira ku mato oba kusinziira ku mato oba kusinziira ku mato oba kusinziira ku mato oba kusinziira ku mato oba kusinziira ku mato oba kusinziira ku mato oba kusinziira ku mato oba kusinziira ku mato oba kusinziira ku mato oba kusinziira ku mato oba kusinziira ku mato oba kusinziira ku mato oba kusinziira ku mato oba kusinziira ku mato oba kusinziira ku mato oba kusinziira ku mato oba kusinziira ku mato oba kusinziira ku mato oba kusinziira ku mato oba kusinziira ku mato oba kusinziira ku mato oba kusinziira ku mato oba kusinziira ku mato oba kusinziira ku mato oba kusinziira ku mato oba kusinziira ku mato oba kusinziira ku mato oba kusinziira ku mato oba kusinziira ku mato oba kusinziira ku mato oba kusinziira ku mato oba kusinziira ku mato oba kusinziira ku mato oba kusinziira ku mato oba kusinziira ku mato oba kusinziira ku mato oba kusinziira ku mato oba kusinziira ku mato oba kusinziira ku mato oba kusinziira ku mato oba kusinziira ku mato oba kusinziira ku mato oba kusinziira ku mato oba kusinziira ku mato oba kusinziira ku mato oba kusinziira ku mato oba kusinziira ku mato oba kusinziira ku mato oba kusinziira ku mato oba kusinziira ku mato oba kusinziira ku mato oba kusinziira ku mato oba kusinziira ku mato oba kusinziira ku mato oba kusinziira ku mato oba kusinziira ku mato oba kusinziira ku mato oba kusinziira ku mato oba kusinziira ku mato oba kusinziira ku mato oba kusinziira ku mato oba kusinziira ku mato oba kusinziira ku mato oba kusinziira ku mato oba kusinziira ku mato oba kusinziira ku mato oba kusinziira ku mato oba kusinziira ku mato oba kusinziira ku mato oba kusinziira ku mato oba kusinziira ku mato oba kusinziira ku mato oba kusinziira ku mato oba kusinziira ku mato oba kusinziira ku mato oba kusinziira ku mato oba kusinziira ku mato oba kusinziira ku mato oba kusinziira ku mato oba kusinziira ku mato oba kusinziira ku mato oba kusinziira ku mato oba kusinziira ku mato oba kusinziira ku mato oba",True,2.657102799974382,5794,4000,467
B,"**Jawabu:** D. Obukwakulizo buli kiseera buzziŋŋamya omugendo; amaanyi agaterekebwa akantu akatono ku kanene matono okusinga amaanyi agazzibwawo akanene ku katono.

**Ebyokwesigana:**
1. **Okutegeera amateeka ga Newton:** Ekigendererwa kino ekyokwesigana n’okukozesa amateeka ga Newton (ebi wano: amateeka g’okugendo) mu bintu ebiri mu mugatte. Kino ekyokwesigana n’okukozesa obukwakulizo (demonstration) oba obusobozi oba obusanyufu oba obunakuwavu (clear instructions) mu kusobola ekigendererwa kino.

2. **Obukwakulizo oba obusobozi:** Option D ekyokwesigana n’okukozesa obukwakulizo (clear demonstration) oba obusobozi oba obusanyufu (clear instructions) mu kusobola amaanyi okukozesa amateeka ga Newton mu bintu ebiri. Kino ekyokwesigana n’ekigendererwa kino ekyokwesigana n’okukozesa obutegeevu bw’okukozesa amateeka mu bintu ebiri.

3. **Amaanyi agaterekebwa akantu akatono:** Kino ekyokwesigana n’okukozesa obutegeevu bw’okukozesa amateeka mu bintu ebiri. Kino ekyokwesigana n’okukozesa obutegeevu bw’okukozesa amateeka mu bintu ebiri, oba obusanyufu oba obunakuwavu.

4. **Kanene matono okusinga amaanyi agazzibwawo akanene ku katono:** Kino ekyokwesigana n’okukozesa obutegeevu bw’okukozesa amateeka mu bintu ebiri, oba obusanyufu oba obunakuwavu.

**Ebyokwesigana n’option D:**
- **Obukwakulizo buli kiseera buzziŋŋamya omugendo:** Kino ekyokwesigana n’okukozesa obukwakulizo (clear demonstration) mu kusobola amaanyi okukozesa amateeka ga Newton mu bintu ebiri.
- **Amaanyi agaterekebwa akantu akatono ku kanene matono:** Kino ekyokwesigana n’okukozesa obutegeevu bw’okukozesa amateeka mu bintu ebiri, oba obusanyufu oba obunakuwavu.

**Ebyokwesigana n’option A, B, C:**
- **Option A:** Ekyokwesigana n’okukozesa obutegeevu bw’okukozesa amateeka mu bintu ebiri, oba obusanyufu oba obunakuwavu, oba obusanyufu oba obunakuwavu.
- **Option B:** Ekyokwesigana n’okukozesa obutegeevu bw’okukozesa amateeka mu bintu ebiri, oba obusanyufu oba obunakuwavu, oba obusanyufu oba obunakuwavu.
- **Option C:** Ekyokwesigana n’okukozesa obutegeevu bw’okukozesa amateeka mu bintu ebiri, oba obusanyufu oba obunakuwavu, oba obusanyufu oba obunakuwavu.

**Kikozesebwa:**
Option D ekyokwesigana n’okukozesa obutegeevu bw’okukozesa amateeka ga Newton mu bintu ebiri, oba obusanyufu oba obunakuwavu, oba obusanyufu oba obunakuwavu. Kino ekyokwesigana n’ekigendererwa kino ekyokwesigana n’okukozesa obutegeevu bw’okukozesa amateeka mu bintu ebiri.",True,33.29416220000712,3453,1470,563
C,"**Jawabu:** C. Gerageranya engeri ennungi n’obunafu obuli mu ngeri ez’enjawulo ez’okunnyonnyola bw’obutonde bw’ensi bwe bukulaakulanye.

**Tabyokola:**  
Ekigendererwa kino ekyagala okutegeera obwongo n’omulimu gwabwo ku Bwengula (ekigendererwa ky’okukola ekikulu) n’okusinziira ku bujulizi obupya (ekigendererwa ky’okukola obutonde obupya). 

- **Option C** ekyagala okugeragerana engeri ennungi (Bwengula) n’obunafu obuli mu ngeri ez’enjawulo (bujulizi obupya). Ekyo ekyagala okutegeera obwongo n’omulimu gwabwo ku Bwengula (ekigendererwa ky’okukola ekikulu) n’okusinziira ku bujulizi obupya (ekigendererwa ky’okukola obutonde obupya). 

- **Option A** ekyagala okutegeera Big Bang theory, ekyo ekyagala okutegeera Bwengula, kaso ekyo ekyagala okutegeera obwongo n’omulimu gwabwo, kaso ekyo ekyagala okutegeera obwongo n’omulimu gwabwo, kaso ekyo ekyagala okutegeera obwongo n’omulimu gwabwo, kaso ekyo ekyagala okutegeera obwongo n’omulimu gwabwo, kaso ekyo ekyagala okutegeera obwongo n’omulimu gwabwo, kaso ekyo ekyagala okutegeera obwongo n’omulimu gwabwo, kaso ekyo ekyagala okutegeera obwongo n’omulimu gwabwo, kaso ekyo ekyagala okutegeera obwongo n’omulimu gwabwo, kaso ekyo ekyagala okutegeera obwongo n’omulimu gwabwo, kaso ekyo ekyagala okutegeera obwongo n’omulimu gwabwo, kaso ekyo ekyagala okutegeera obwongo n’omulimu gwabwo, kaso ekyo ekyagala okutegeera obwongo n’omulimu gwabwo, kaso ekyo ekyagala okutegeera obwongo n’omulimu gwabwo, kaso ekyo ekyagala okutegeera obwongo n’omulimu gwabwo, kaso ekyo ekyagala okutegeera obwongo n’omulimu gwabwo, kaso ekyo ekyagala okutegeera obwongo n’omulimu gwabwo, kaso ekyo ekyagala okutegeera obwongo n’omulimu gwabwo, kaso ekyo ekyagala okutegeera obwongo n’omulimu gwabwo, kaso ekyo ekyagala okutegeera obwongo n’omulimu gwabwo, kaso ekyo ekyagala okutegeera obwongo n’omulimu gwabwo, kaso ekyo ekyagala okutegeera obwongo n’omulimu gwabwo, kaso ekyo ekyagala okutegeera obwongo n’omulimu gwabwo, kaso ekyo ekyagala okutegeera obwongo n’omulimu gwabwo, kaso ekyo ekyagala okutegeera obwongo n’omulimu gwabwo, kaso ekyo ekyagala okutegeera obwongo n’omulimu gwabwo, kaso ekyo ekyagala okutegeera obwongo n’omulimu gwabwo, kaso ekyo ekyagala okutegeera obwongo n’omulimu gwabwo, kaso ekyo ekyagala okutegeera obwongo n’omulimu gwabwo, kaso ekyo ekyagala okutegeera obwongo n’omulimu gwabwo, kaso ekyo ekyagala okutegeera obwongo n’omulimu gwabwo, kaso ekyo ekyagala okutegeera obwongo n’omulimu gwabwo, kaso ekyo ekyagala okutegeera obwongo n’omulimu gwabwo, kaso ekyo ekyagala okutegeera obwongo n’omulimu gwabwo, kaso ekyo ekyagala okutegeera obwongo n’omulimu gwabwo, kaso ekyo ekyagala okutegeera obwongo n’omulimu gwabwo, kaso ekyo ekyagala okutegeera obwongo n’omulimu gwabwo, kaso ekyo ekyagala okutegeera obwongo n’omulimu gwabwo, kaso ekyo ekyagala okutegeera obwongo n’omulimu gwabwo, kaso ekyo ekyagala okutegeera obwongo n’omulimu gwabwo, kaso ekyo ekyagala okutegeera obwongo n’omulimu gwabwo, kaso ekyo ekyagala okutegeera obwongo n’omulimu gwabwo, kaso ekyo ekyagala okutegeera obwongo n’omulimu gwabwo, kaso ekyo ekyagala okutegeera obwongo n’omulimu gwabwo, kaso ekyo ekyagala okutegeera obwongo n’omulimu gwabwo, kaso ekyo ekyagala okutegeera obwongo n’omulimu gwabwo, kaso ekyo ekyagala okutegeera obwongo n’omulimu gwabwo, kaso ekyo ekyagala okutegeera obwongo n’omulimu gwabwo, kaso ekyo ekyagala okutegeera obwongo n’omulimu gwabwo, kaso ekyo ekyagala okutegeera obwongo n’omulimu gwabwo, kaso ekyo ekyagala okutegeera obwongo n’omulimu gwabwo, kaso ekyo ekyagala okutegeera obwongo n’omulimu gwabwo, kaso ekyo ekyagala okutegeera obwongo n’omulimu gwabwo, kaso ekyo ekyagala okutegeera obwongo n’omulimu gwabwo, kaso ekyo ekyagala okutegeera obwongo n’omulimu gwabwo, kaso ekyo ekyagala okutegeera obwongo n’omulimu gwabwo, kaso ekyo ekyagala okutegeera obwongo n’omulimu gwabwo, kaso ekyo ekyagala okutegeera obwongo n’omulimu gwabwo, kaso ekyo ekyagala okutegeera obwongo n’omulimu gwabwo, kaso ekyo ekyagala okutegeera obwongo n’omulimu gwabwo, kaso ekyo ekyagala okutegeera obwongo n’omulimu gwabwo, kaso ekyo ekyagala okutegeera obwongo n’omulimu gwabwo, kaso ekyo ekyagala okutegeera obwongo n’omulimu gwabwo, kaso ekyo ekyagala okutegeera obwongo n’omulimu gwabwo, kaso ekyo ekyagala okutegeera obwongo n’omulimu gwabwo, kaso ekyo ekyagala okutegeera obwongo n’omulimu gwabwo, kaso ekyo ekyagala okutegeera obwongo n’omulimu gwabwo, kaso ekyo ekyagala okutegeera obwongo n’omulimu gwabwo, kaso ekyo ekyagala okutegeera obwongo n’omulimu gwabwo, kaso ekyo ekyagala okutegeera obwongo n’omulimu gwabwo, kaso ekyo ekyagala okutegeera obwongo n’omulimu gwabwo, kaso ekyo ekyagala okutegeera obwongo n’omulimu gwabwo, kaso ekyo ekyagala okutegeera obwongo n’omulimu gwabwo, kaso ekyo ekyagala okutegeera obwongo n’omulimu gwabwo, kaso ekyo ekyagala okutegeera obwongo n’omulimu gwabwo, kaso ekyo ekyagala okutegeera obwongo n’omulimu gwabwo, kaso ekyo ekyagala okutegeera obwongo n’omulimu gwabwo, kaso ekyo ekyagala okutegeera obwongo n’omulimu gwabwo, kaso ekyo ekyagala okutegeera obwongo n’omulimu gwabwo, kaso ekyo ekyagala okutegeera obwongo n’omulimu gwabwo, kaso ekyo ekyagala okutegeera obwongo n’omulimu gwabwo, kaso ekyo ekyagala okutegeera obwongo n’omulimu gwabwo, kaso ekyo ekyagala okutegeera obwongo n’omulimu gwabwo, kaso ekyo ekyagala okutegeera obwongo n’omulimu gwabwo, kaso ekyo ekyagala okutegeera obwongo n’omulimu gwabwo, kaso ekyo ekyagala okutegeera obwongo n’omulimu gwabwo, kaso ekyo ekyagala okutegeera obwongo n’omulimu gwabwo, kaso ekyo ekyagala okutegeera obwongo n’omulimu gwabwo, kaso ekyo ekyagala okutegeera obwongo n’omulimu gwabwo, kaso ekyo ekyagala okutegeera obwongo n’omulimu gwabwo, kaso ekyo ekyagala okutegeera obwongo n’omulimu gwabwo, kaso ekyo ekyagala okutegeera obwongo n’omulimu gwabwo, kaso ekyo ekyagala okutegeera obwongo n’omulimu gwabwo, kaso ekyo ekyagala okutegeera obwongo n’omulimu gwabwo, kaso ekyo ekyagala okutegeera obwongo n’omulimu gwabwo, kaso ekyo ekyagala okutegeera obwongo n’omulimu gwabwo, kaso ekyo ekyagala okutegeera obwongo n’omulimu gwabwo, kaso ekyo ekyagala okutegeera obwongo n’omulimu gwabwo, kaso ekyo ekyagala okutegeera obwongo n’omulimu gwabwo, kaso ekyo ekyagala okutegeera obwongo n’omulimu gwabwo, kaso ekyo ekyagala okutegeera obwongo n’omulimu gwabwo, kaso ekyo ekyagala okutegeera obwongo n’omulimu gwabwo, kaso ekyo ekyagala okutegeera obwongo n’omulimu gwabwo, kaso ekyo ekyagala okutegeera obwongo n’omulimu gwabwo, kaso ekyo ekyagala okutegeera obwongo n’omulimu gwabwo, kaso ekyo ekyagala okutegeera obwongo n’omulimu gwabwo, kaso ekyo ekyagala okutegeera obwongo n’omulimu gwabwo, kaso ekyo ekyagala okutegeera obwongo n’omulimu gwabwo, kaso ekyo ekyagala okutegeera obwongo n’omulimu gwabwo, kaso ekyo ekyagala okutegeera obwongo n’omulimu gwabwo, kaso ekyo ekyagala okutegeera obwongo n’omulimu gwabwo, kaso ekyo ekyagala okutegeera obwongo n’omulimu gwabwo, kaso ekyo ekyagala okutegeera obwongo n’omulimu gwabwo, kaso ekyo ekyagala okutegeera obwongo n’omulimu gwabwo, kaso ekyo ekyagala okutegeera obwongo n’omulimu gwabwo, kaso ekyo ekyagala okutegeera obwongo n’omulimu gwabwo, kaso ekyo ekyagala okutegeera obwongo n’omulimu gwabwo, kaso ekyo ekyagala okutegeera obwongo n’omulimu gwabwo, kaso ekyo ekyagala okutegeera obwongo n’omulimu gwabwo, kaso ekyo ekyagala okutegeera obwongo n’omulimu gwabwo, kaso ekyo ekyagala okutegeera obwongo n’omulimu gwabwo, kaso ekyo ekyagala okutegeera obwongo n’omulimu gwabwo, kaso ekyo ekyagala okutegeera obwongo n’omulimu gwabwo, kaso ekyo ekyagala okutegeera obwongo n’omulimu gwabwo, kaso ekyo ekyagala okutegeera obwongo n’omulimu",True,38.765629700006684,5913,4000,728
B,"**Jinsi ya Kukozesebwa mu Kibuuzo D:**

Kibuuzo kino ekyokka okutegeera obwongo n’omulimu gwabwo (ekigendererwa ky’okulondamu n’ebyanulo). Ekigendererwa kino ekyokka okusinziira ku **kukozesebwa obwongo gw’ebintu ebiri mu mugatte** (kukozesebwa obwongo gw’ebintu ebiri mu mugatte) n’okutegeera omulimu gw’abwego (kukozesebwa obwongo gw’ebintu ebiri mu mugatte). 

**Ku kiseera ky’ekibuuzo D:**  
*""Mu biseera by’okuzannya obwereere mu luggya, Soledad akuba ensigo mu ngalo ze nagamba: 'Nneneenya'.""*  
- **Soledad** akuba ensigo (ekigendererwa ky’okulondamu) n’agamba ""Nneneenya"" (ekigendererwa ky’ebyanulo).  
- Ensigo kino ekyokka **kukozesebwa obwongo gw’ebintu ebiri mu mugatte** (kukozesebwa obwongo gw’ebintu ebiri mu mugatte) n’okutegeera omulimu gw’abwego (kukozesebwa obwongo gw’ebintu ebiri mu mugatte).  
- ""Nneneenya"" ekyokka **kukozesebwa obwongo gw’ebintu ebiri mu mugatte** (kukozesebwa obwongo gw’ebintu ebiri mu mugatte) n’okutegeera omulimu gw’abwego (kukozesebwa obwongo gw’ebintu ebiri mu mugatte).  

**Ku kiseera ky’ekibuuzo B:**  
*""Mu kiseera ky’ekyemisana, Pablo atunuulira akajiiko era bw’alaba ekifaananyi kye ng’akyeyoleka agamba: 'Laba, Pablo!'""*  
- Pablo atunuulira akajiiko (kukozesebwa obwongo gw’ebintu ebiri mu mugatte) n’agamba ""Laba, Pablo!"" (ekigendererwa ky’ebyanulo).  
- Ekyokka **kukozesebwa obwongo gw’ebintu ebiri mu mugatte** (kukozesebwa obwongo gw’ebintu ebiri mu mugatte) n’okutegeera omulimu gw’abwego (kukozesebwa obwongo gw’ebintu ebiri mu mugatte).  
- Ekyokka **kukozesebwa obwongo gw’ebintu ebiri mu mugatte** (kukozesebwa obwongo gw’ebintu ebiri mu mugatte) n’okutegeera omulimu gw’abwego (kukozesebwa obwongo gw’ebintu ebiri mu mugatte).  

**Ku kiseera ky’ekibuuzo C:**  
*""Mu kiseera María ky’amaze mu luggya, akuŋŋaanya ebika by’amatabi g’emiti egy’enjawulo mu kabaati.""*  
- María akuŋŋaanya ebika (kukozesebwa obwongo gw’ebintu ebiri mu mugatte) n’agamba ""emiti egy’enjawulo mu kabaati"" (ekigendererwa ky’ebyanulo).  
- Ekyokka **kukozesebwa obwongo gw’ebintu ebiri mu mugatte** (kukozesebwa obwongo gw’ebintu ebiri mu mugatte) n’okutegeera omulimu gw’abwego (kukozesebwa obwongo gw’ebintu ebiri mu mugatte).  

**Ku kiseera ky’ekibuuzo A:**  
*""Mu kiseera ky’okuyiga, Santiago asiiga amayinja ag’enjawulo mu bunene.""*  
- Santiago asiiga amayinja (kukozesebwa obwongo gw’ebintu ebiri mu mugatte) n’agamba ""ag’enjawulo mu bunene"" (ekigendererwa ky’ebyanulo).  
- Ekyokka **kukozesebwa obwongo gw’ebintu ebiri mu mugatte** (kukozesebwa obwongo gw’ebintu ebiri mu mugatte) n’okutegeera omulimu gw’abwego (kukozesebwa obwongo gw’ebintu ebiri mu mugatte).  

**Ku kiseera ky’ekibuuzo D:**  
*""Mu biseera by’okuzannya obwereere mu luggya, Soledad akuba ensigo mu ngalo ze nagamba: 'Nneneenya'.""*  
- Soledad akuba ensigo (kukozesebwa obwongo gw’ebintu ebiri mu mugatte) n’agamba ""Nneneenya"" (ekigendererwa ky’ebyanulo).  
- Ekyokka **kukozesebwa obwongo gw’ebintu ebiri mu mugatte** (kukozesebwa obwongo gw’ebintu ebiri mu mugatte) n’okutegeera omulimu gw’abwego (kukozesebwa obwongo gw’ebintu ebiri mu mugatte).  
- ""Nneneenya"" ekyokka **kukozesebwa obwongo gw’ebintu ebiri mu mugatte** (kukozesebwa obwongo gw’ebintu ebiri mu mugatte) n’okutegeera omulimu gw’abwego (kukozesebwa obwongo gw’ebintu ebiri mu mugatte).  

**Ku kiseera ky’ekibuuzo D:**  
*""Mu biseera by’okuzannya obwereere mu luggya, Soledad akuba ensigo mu ngalo ze nagamba: 'Nneneenya'.""*  
- Soledad akuba ensigo (kukozesebwa obwongo gw’ebintu ebiri mu mugatte) n’agamba ""Nneneenya"" (ekigendererwa ky’ebyanulo).  
- Ekyokka **kukozesebwa obwongo gw’ebintu ebiri mu mugatte** (kukozesebwa obwongo gw’ebintu ebiri mu mugatte) n’okutegeera omulimu gw’abwego (kukozesebwa obwongo gw’ebintu ebiri mu mugatte).  
- ""Nneneenya"" ekyokka **kukozesebwa obwongo gw’ebintu ebiri mu mugatte** (kukozesebwa obwongo gw’ebintu ebiri mu mugatte) n’okutegeera omulimu gw’abwego (kukozesebwa obwongo gw’ebintu ebiri mu mugatte).  

**Ku kiseera ky’ekibuuzo D:**  
*""Mu biseera by’okuzannya obwereere mu luggya, Soledad akuba ensigo mu ngalo ze nagamba: 'Nneneenya'.""*  
- Soledad akuba ensigo (kukozesebwa obwongo gw’ebintu ebiri mu mugatte) n’agamba ""Nneneenya"" (ekigendererwa ky’ebyanulo).  
- Ekyokka **kukozesebwa obwongo gw’ebintu ebiri mu mugatte** (kukozesebwa obwongo gw’ebintu ebiri mu mugatte) n’okutegeera omulimu gw’abwego (kukozesebwa obwongo gw’ebintu ebiri mu mugatte).  
- ""Nneneenya"" ekyokka **kukozesebwa obwongo gw’ebintu ebiri mu mugatte** (kukozesebwa obwongo gw’ebintu ebiri mu mugatte) n’okutegeera omulimu gw’abwego (kukozesebwa obwongo gw’ebintu ebiri mu mugatte).  

**Ku kiseera ky’ekibuuzo D:**  
*""Mu biseera by’okuzannya obwereere mu luggya, Soledad akuba ensigo mu ngalo ze nagamba: 'Nneneenya'.""*  
- Soledad akuba ensigo (kukozesebwa obwongo gw’ebintu ebiri mu mugatte) n’agamba ""Nneneenya"" (ekigendererwa ky’ebyanulo).  
- Ekyokka **kukozesebwa obwongo gw’ebintu ebiri mu mugatte** (kukozesebwa obwongo gw’ebintu ebiri mu mugatte) n’okutegeera omulimu gw’abwego (kukozesebwa obwongo gw’ebintu ebiri mu mugatte).  
- ""Nneneenya"" ekyokka **kukozesebwa obwongo gw’ebintu ebiri mu mugatte** (kukozesebwa obwongo gw’ebintu ebiri mu mugatte) n’okutegeera omulimu gw’abwego (kukozesebwa obwongo gw’ebintu ebiri mu mugatte).  

**Ku kiseera ky’ekibuuzo D:**  
*""Mu biseera by’okuzannya obwereere mu luggya, Soledad akuba ensigo mu ngalo ze nagamba: 'Nneneenya'.""*  
- Soledad akuba ensigo (kukozesebwa obwongo gw’ebintu ebiri mu mugatte) n’agamba ""Nneneenya"" (ekigendererwa ky’ebyanulo).  
- Ekyokka **kukozesebwa obwongo gw’ebintu ebiri mu mugatte** (kukozesebwa obwongo gw’ebintu ebiri mu mugatte) n’okutegeera omulimu gw’abwego (kukozesebwa obwongo gw’ebintu ebiri mu mugatte).  
- ""Nneneenya"" ekyokka **kukozesebwa obwongo gw’ebintu ebiri mu mugatte** (kukozesebwa obwongo gw’ebintu ebiri mu mugatte) n’okutegeera omulimu gw’abwego (kukozesebwa obwongo gw’ebintu ebiri mu mugatte).  

**Ku kiseera ky’ekibuuzo D:**  
*""Mu biseera by’okuzannya obwereere mu luggya, Soledad akuba ensigo mu ngalo ze nagamba: 'Nneneenya'.""*  
- Soledad akuba ensigo (kukozesebwa obwongo gw’ebintu ebiri mu mugatte) n’agamba ""Nneneenya"" (ekigendererwa ky’ebyanulo).  
- Ekyokka **kukozesebwa obwongo gw’ebintu ebiri mu mugatte** (kukozesebwa obwongo gw’ebintu ebiri mu mugatte) n’okutegeera omulimu gw’abwego (kukozesebwa obwongo gw’ebintu ebiri mu mugatte).  
- ""Nneneenya"" ekyokka **kukozesebwa obwongo gw’ebintu ebiri mu mugatte** (kukozesebwa obwongo gw’ebintu ebiri mu mugatte) n’okutegeera omulimu gw’abwego (kukozesebwa obwongo gw’ebintu ebiri mu mugatte).  

**Ku kiseera ky’ekibuuzo D:**  
*""Mu biseera by’okuzannya obwereere mu luggya, Soledad akuba ensigo mu ngalo ze nagamba: 'Nneneenya'.""*  
- Soledad akuba ensigo (kukozesebwa obwongo gw’ebintu ebiri mu mugatte) n’agamba ""Nneneenya"" (ekigendererwa ky’ebyanulo).  
- Ekyokka **kukozesebwa obwongo gw’ebintu ebiri mu mugatte** (kukozesebwa obwongo gw’ebintu ebiri mu mugatte) n’okutegeera omulimu gw’abwego (kukozesebwa obwongo gw’ebintu ebiri mu mugatte).  
- ""Nneneenya"" ekyokka **kukozesebwa obwongo gw’ebintu ebiri mu mugatte** (kukozesebwa obwongo gw’ebintu ebiri mu mugatte) n’okutegeera omulimu gw’abwego (kukozesebwa obwongo gw’ebintu ebiri mu mugatte).  

**Ku kiseera ky’ekibuuzo D:**  
*""Mu biseera by’okuzannya obwereere mu luggya, Soledad akuba ensigo mu ngalo ze nagamba: 'Nneneenya'.""*  
- Soledad akuba ensigo (kukozesebwa obwongo gw’ebintu ebiri mu mugatte) n’agamba ""Nneneenya"" (ekigendererwa ky’ebyanulo).  
- Ekyokka **kukozesebwa obwongo gw’ebintu ebiri mu mugatte** (kukozesebwa obwongo gw’ebintu ebiri mu mugatte) n’okutegeera omulimu gw’abwego (kukozesebwa obwongo gw’ebintu ebiri mu mugatte).  
- ""Nneneenya"" ekyokka **kukozesebwa obwongo gw’ebintu ebiri mu mugatte** (kukozesebwa obwongo gw’ebintu ebiri mu mugatte) n’okutegeera omulimu gw’abwego (kukozesebwa obwongo gw’ebintu ebiri mu mugatte).  

**Ku kiseera ky’ekibuuzo D:**  
*""Mu biseera by’okuzannya obwereere mu luggya, Soledad akuba ensigo mu ngalo ze nagamba: 'Nneneenya'.""*  
- Soledad akuba ensigo (kukozesebwa obwongo gw’ebintu ebiri mu mugatte)",True,121.37585029998445,5982,4000,669
D,"**Ekibuuzo ekituufu kyokka:**

**Ku nkomerero y’ekibiina ekisooka ku kigambululo kya Doppler ku lw’amayengo g’amaloboozi, omusomesa akola akakeeno okulaba oba abayizi bategeera. Emu ku nsonga eziri mu kakeeno eno egamba nti: ""Mu kigambululo kya Doppler ku mayengo g’amaloboozi, omusinde gw’okusaasaana kw’amaloboozi gwakyuka?"" Nnyonnyola. Omuyizi addamu bwati: “Omusinde gukyuka kubanga gyesigamiziddwa ku bugazi bw’amayengo n’obuwanvu bwago, era byombi bikyuka mu kigambululo kya Doppler.” Kutegeeza ki omusomesa kw’asaanidde okukozesa okuluŋŋamya omuyizi okusobola okutegeera ensobi ye n’agigonjoola?**

---

**A.** Si kituufu ddala okugamba nti obungi bw’amayengo n’obuwanvu bw’amayengo g’eddoboozi bikyuka, kubanga kino kiba ku muntu awulira eddoboozi. Ate era, byombi bikyuka mu ngeri eza kikontana, bwatyo omugatte gw’ebipimo byabyo gusigala nga gwe gumu.

---

**B.** Kiki ekireetera enkyukakyuka mu bungi bw’amayengo n’obuwanvu bw’amayengo g’eddoboozi? Waliwo kyonna mu mbeera eno? Embiro z’okusaasaana kw’eddoboozi mu nkola ya Doppler tezikyuka. N’olwekyo, singa obungi bw’amayengo g’eddoboozi bwe twawulira bwongezeka, obuwanvu bw’amayengo gabwo bukendeera.

---

**C.** Si kituufu okugamba nti embiro z’okusaasaana zikyuka, kubanga za nkalakkalira. Mu nkola ya Doppler, obuwanvu bw’amayengo bukyuka eri omutunuulizi, naye mu mutindo ogwa kyebaliraanwa ku nkyukakyuka y’omugendo eri omutunuulizi. N’olwekyo, ekitondeko ky’ebipimo byombi kiba kya nkalakkalira.

---

**D.** Jjukira ebintu ebireetera omuvuyo gw'eddoboozi okukyuka. Waliwo kyonna mu mbeera eno? Newankubadde eri omulabi omuvuyo n'obuwanvu bw'amayengo biyinza okukyuka, omuvuyo gw'okusaasaana tegukyuka. Kati olwo omuvuyo n'obuwanvu bw'amayengo by'eddoboozi bikyuka bitya?

---

### **Ekyeyizibwa (Correct Answer): C**

**Ssemantina:**
- Ekigendererwa kino kye kisooka ku kigambululo kya Doppler ku amayengo g’amaloboozi.
- Omusinde gw’okusaasaana (frequency shift) g’eddoboozi gyesigamizidwa ku **bugazi** (wavelength) n’**obuwanvu** (speed) y’amayengo.
- Kisiyaga ku **nkola ya Doppler**, **obuwanvu** y’amayengo **bukyuka** (increases) **eri omutunuulizi** (observer), naye **bugazi** **bukendeera** (decreases).
- Kisiyaga ku **mutindo ogwa kyebaliraanwa** (redshift), kino kisigamizidwa ku **nkyukakyuka y’omugendo** (motion away from the observer), naye **obuwanvu** **bukendeera** (decreases), **bugazi** **bukyuka** (increases).
- Kisiyaga ku **ekitoneeko ky’ebipimo byombi**, kino kisigamizidwa ku **nkola ya nkalakkalira** (wave behavior), kubanga **embiro z’okusaasaana** (observed frequency) **zikyuka** (increase) **eri omutunuulizi**, naye **zikendeera** (decrease) **eri omutunuulizi**.

---

### **Ekyeyizibwa (Correct Answer): C**

**Ssemantina:**
- Ekigendererwa kino kye kisooka ku kigambululo kya Doppler ku amayengo g’amaloboozi.
- Omusinde gw’okusaasaana (frequency shift) g’eddoboozi gyesigamizidwa ku **bugazi** (wavelength) n’**obuwanvu** (speed) y’amayengo.
- Kisiyaga ku **nkola ya Doppler**, **obuwanvu** y’amayengo **bukyuka** (increases) **eri omutunuulizi** (observer), naye **bugazi** **bukendeera** (decreases).
- Kisiyaga ku **mutindo ogwa kyebaliraanwa** (redshift), kino kisigamizidwa ku **nkyukakyuka y’omugendo** (motion away from the observer), naye **obuwanvu** **bukendeera** (decreases), **bugazi** **bukyuka** (increases).
- Kisiyaga ku **ekitoneeko ky’ebipimo byombi**, kino kisigamizidwa ku **nkola ya nkalakkalira** (wave behavior), kubanga **embiro z’okusaasaana** (observed frequency) **zikyuka** (increase) **eri omutunuulizi**, naye **zikendeera** (decrease) **eri omutunuulizi**.

---

### ✅ **Jjukira: C**

**Ssemantina:**
- **C** ayagala ku **nkola ya Doppler** ne **mutindo ogwa kyebaliraanwa** (redshift) ne **kyebaliraanwa** (blueshift) mu amayengo g’amaloboozi.
- Kisiyaga ku **ekitoneeko ky’ebipimo byombi**, kino kisigamizidwa ku **nkola ya nkalakkalira** (wave behavior), kubanga **embiro z’okusaasaana** (observed frequency) **zikyuka** (increase) **eri omutunuulizi**, naye **zikendeera** (decrease) **eri omutunuulizi**.

---

### **Ekkwata:**
- **C** ayagala ku **nkola ya Doppler** ne **mutindo ogwa kyebaliraanwa** (redshift) ne **kyebaliraanwa** (blueshift) mu amayengo g’amaloboozi.
- Kisiyaga ku **ekitoneeko ky’ebipimo byombi**, kino kisigamizidwa ku **nkola ya nkalakkalira** (wave behavior), kubanga **embiro z’okusaasaana** (observed frequency) **zikyuka** (increase) **eri omutunuulizi**, naye **zikendeera** (decrease) **eri omutunuulizi**.

---

### ✅ **Jjukira: C**",True,50.437304099992616,4052,1759,0
B,"**Ddaala:** A

**Ekkwata:**  
Ekigendererwa ky’okutegeera obukulu bw’endaga ya R oba S mu bintu ebikozesebwa mu bulamu obwa bulijjo ekyokka okukozesa **amateeka ga Cahn-Ingold-Prelog** (CIP). Eteekateeka obukulu bw’endaga ya R ne S mu stereoisomer mu bintu ebirungi oba ebikozesebwa ennyo (gamba ibuprofen, frukitoosi) nga eza ku **okusalawo endagakubbo ya substituents mu chiral center**. 

**Ku mirimu gino:**  
- **A** eza ku **okusalawo endagakubbo ya Cahn-Ingold-Prelog** (kino ekyokka obukulu bw’endaga ya R/S), kino ekyokka obukulu bw’endaga ya stereoisomer.  
- **D** eza ku **frukitoosi**, oba kino ekyokka obukulu bw’endaga ya stereoisomer, kino ekyokka obukulu bw’endaga ya R/S mu bintu ebikozesebwa ennyo.  

**Ku kiseera ky’okukozesa amateeka ga Cahn-Ingold-Prelog:**  
1. **Okusalawo endagakubbo ya substituents** mu chiral center (kino ekyokka obukulu bw’endaga ya atomic number).  
2. **Okusalawo endagakubbo ya substituents** mu chiral center (kino ekyokka obukulu bw’endaga ya R/S).  
3. **Okusalawo endagakubbo ya substituents** mu chiral center (kino ekyokka obukulu bw’endaga ya R/S).  

**Ku kiseera ky’okukozesa amateeka ga Cahn-Ingold-Prelog:**  
- **A** eza ku **okusalawo endagakubbo ya Cahn-Ingold-Prelog** (kino ekyokka obukulu bw’endaga ya R/S).  
- **D** eza ku **frukitoosi**, oba kino ekyokka obukulu bw’endaga ya R/S mu bintu ebikozesebwa ennyo.  

**Ku kiseera ky’okukozesa amateeka ga Cahn-Ingold-Prelog:**  
- **A** eza ku **okusalawo endagakubbo ya Cahn-Ingold-Prelog** (kino ekyokka obukulu bw’endaga ya R/S).  
- **D** eza ku **frukitoosi**, oba kino ekyokka obukulu bw’endaga ya R/S mu bintu ebikozesebwa ennyo.  

**Ku kiseera ky’okukozesa amateeka ga Cahn-Ingold-Prelog:**  
- **A** eza ku **okusalawo endagakubbo ya Cahn-Ingold-Prelog** (kino ekyokka obukulu bw’endaga ya R/S).  
- **D** eza ku **frukitoosi**, oba kino ekyokka obukulu bw’endaga ya R/S mu bintu ebikozesebwa ennyo.  

**Ku kiseera ky’okukozesa amateeka ga Cahn-Ingold-Prelog:**  
- **A** eza ku **okusalawo endagakubbo ya Cahn-Ingold-Prelog** (kino ekyokka obukulu bw’endaga ya R/S).  
- **D** eza ku **frukitoosi**, oba kino ekyokka obukulu bw’endaga ya R/S mu bintu ebikozesebwa ennyo.  

**Ku kiseera ky’okukozesa amateeka ga Cahn-Ingold-Prelog:**  
- **A** eza ku **okusalawo endagakubbo ya Cahn-Ingold-Prelog** (kino ekyokka obukulu bw’endaga ya R/S).  
- **D** eza ku **frukitoosi**, oba kino ekyokka obukulu bw’endaga ya R/S mu bintu ebikozesebwa ennyo.  

**Ku kiseera ky’okukozesa amateeka ga Cahn-Ingold-Prelog:**  
- **A** eza ku **okusalawo endagakubbo ya Cahn-Ingold-Prelog** (kino ekyokka obukulu bw’endaga ya R/S).  
- **D** eza ku **frukitoosi**, oba kino ekyokka obukulu bw’endaga ya R/S mu bintu ebikozesebwa ennyo.  

**Ku kiseera ky’okukozesa amateeka ga Cahn-Ingold-Prelog:**  
- **A** eza ku **okusalawo endagakubbo ya Cahn-Ingold-Prelog** (kino ekyokka obukulu bw’endaga ya R/S).  
- **D** eza ku **frukitoosi**, oba kino ekyokka obukulu bw’endaga ya R/S mu bintu ebikozesebwa ennyo.  

**Ku kiseera ky’okukozesa amateeka ga Cahn-Ingold-Prelog:**  
- **A** eza ku **okusalawo endagakubbo ya Cahn-Ingold-Prelog** (kino ekyokka obukulu bw’endaga ya R/S).  
- **D** eza ku **frukitoosi**, oba kino ekyokka obukulu bw’endaga ya R/S mu bintu ebikozesebwa ennyo.  

**Ku kiseera ky’okukozesa amateeka ga Cahn-Ingold-Prelog:**  
- **A** eza ku **okusalawo endagakubbo ya Cahn-Ingold-Prelog** (kino ekyokka obukulu bw’endaga ya R/S).  
- **D** eza ku **frukitoosi**, oba kino ekyokka obukulu bw’endaga ya R/S mu bintu ebikozesebwa ennyo.  

**Ku kiseera ky’okukozesa amateeka ga Cahn-Ingold-Prelog:**  
- **A** eza ku **okusalawo endagakubbo ya Cahn-Ingold-Prelog** (kino ekyokka obukulu bw’endaga ya R/S).  
- **D** eza ku **frukitoosi**, oba kino ekyokka obukulu bw’endaga ya R/S mu bintu ebikozesebwa ennyo.  

**Ku kiseera ky’okukozesa amateeka ga Cahn-Ingold-Prelog:**  
- **A** eza ku **okusalawo endagakubbo ya Cahn-Ingold-Prelog** (kino ekyokka obukulu bw’endaga ya R/S).  
- **D** eza ku **frukitoosi**, oba kino ekyokka obukulu bw’endaga ya R/S mu bintu ebikozesebwa ennyo.  

**Ku kiseera ky’okukozesa amateeka ga Cahn-Ingold-Prelog:**  
- **A** eza ku **okusalawo endagakubbo ya Cahn-Ingold-Prelog** (kino ekyokka obukulu bw’endaga ya R/S).  
- **D** eza ku **frukitoosi**, oba kino ekyokka obukulu bw’endaga ya R/S mu bintu ebikozesebwa ennyo.  

**Ku kiseera ky’okukozesa amateeka ga Cahn-Ingold-Prelog:**  
- **A** eza ku **okusalawo endagakubbo ya Cahn-Ingold-Prelog** (kino ekyokka obukulu bw’endaga ya R/S).  
- **D** eza ku **frukitoosi**, oba kino ekyokka obukulu bw’endaga ya R/S mu bintu ebikozesebwa ennyo.  

**Ku kiseera ky’okukozesa amateeka ga Cahn-Ingold-Prelog:**  
- **A** eza ku **okusalawo endagakubbo ya Cahn-Ingold-Prelog** (kino ekyokka obukulu bw’endaga ya R/S).  
- **D** eza ku **frukitoosi**, oba kino ekyokka obukulu bw’endaga ya R/S mu bintu ebikozesebwa ennyo.  

**Ku kiseera ky’okukozesa amateeka ga Cahn-Ingold-Prelog:**  
- **A** eza ku **okusalawo endagakubbo ya Cahn-Ingold-Prelog** (kino ekyokka obukulu bw’endaga ya R/S).  
- **D** eza ku **frukitoosi**, oba kino ekyokka obukulu bw’endaga ya R/S mu bintu ebikozesebwa ennyo.  

**Ku kiseera ky’okukozesa amateeka ga Cahn-Ingold-Prelog:**  
- **A** eza ku **okusalawo endagakubbo ya Cahn-Ingold-Prelog** (kino ekyokka obukulu bw’endaga ya R/S).  
- **D** eza ku **frukitoosi**, oba kino ekyokka obukulu bw’endaga ya R/S mu bintu ebikozesebwa ennyo.  

**Ku kiseera ky’okukozesa amateeka ga Cahn-Ingold-Prelog:**  
- **A** eza ku **okusalawo endagakubbo ya Cahn-Ingold-Prelog** (kino ekyokka obukulu bw’endaga ya R/S).  
- **D** eza ku **frukitoosi**, oba kino ekyokka obukulu bw’endaga ya R/S mu bintu ebikozesebwa ennyo.  

**Ku kiseera ky’okukozesa amateeka ga Cahn-Ingold-Prelog:**  
- **A** eza ku **okusalawo endagakubbo ya Cahn-Ingold-Prelog** (kino ekyokka obukulu bw’endaga ya R/S).  
- **D** eza ku **frukitoosi**, oba kino ekyokka obukulu bw’endaga ya R/S mu bintu ebikozesebwa ennyo.  

**Ku kiseera ky’okukozesa amateeka ga Cahn-Ingold-Prelog:**  
- **A** eza ku **okusalawo endagakubbo ya Cahn-Ingold-Prelog** (kino ekyokka obukulu bw’endaga ya R/S).  
- **D** eza ku **frukitoosi**, oba kino ekyokka obukulu bw’endaga ya R/S mu bintu ebikozesebwa ennyo.  

**Ku kiseera ky’okukozesa amateeka ga Cahn-Ingold-Prelog:**  
- **A** eza ku **okusalawo endagakubbo ya Cahn-Ingold-Prelog** (kino ekyokka obukulu bw’endaga ya R/S).  
- **D** eza ku **frukitoosi**, oba kino ekyokka obukulu bw’endaga ya R/S mu bintu ebikozesebwa ennyo.  

**Ku kiseera ky’okukozesa amateeka ga Cahn-Ingold-Prelog:**  
- **A** eza ku **okusalawo endagakubbo ya Cahn-Ingold-Prelog** (kino ekyokka obukulu bw’endaga ya R/S).  
- **D** eza ku **frukitoosi**, oba kino ekyokka obukulu bw’endaga ya R/S mu bintu ebikozesebwa ennyo.  

**Ku kiseera ky’okukozesa amateeka ga Cahn-Ingold-Prelog:**  
- **A** eza ku **okusalawo endagakubbo ya Cahn-Ingold-Prelog** (kino ekyokka obukulu bw’endaga ya R/S).  
- **D** eza ku **frukitoosi**, oba kino ekyokka obukulu bw’endaga ya R/S mu bintu ebikozesebwa ennyo.  

**Ku kiseera ky’okukozesa amateeka ga Cahn-Ingold-Prelog:**  
- **A** eza ku **okusalawo endagakubbo ya Cahn-Ingold-Prelog** (kino ekyokka obukulu bw’endaga ya R/S).  
- **D** eza ku **frukitoosi**, oba kino ekyokka obukulu bw’endaga ya R/S mu bintu ebikozesebwa ennyo.  

**Ku kiseera ky’okukozesa amateeka ga Cahn-Ingold-Prelog:**  
- **A** eza ku **okusalawo endagakubbo ya Cahn-Ingold-Prelog** (kino ekyokka obukulu bw’endaga ya R/S).  
- **D** eza ku **frukitoosi**, oba kino ekyokka obukulu bw’endaga ya R/S mu bintu ebikozesebwa ennyo.  

**Ku kiseera ky’okukozesa amateeka ga Cahn-Ingold-Prelog:**  
- **A** eza ku **okusalawo endagakubbo ya Cahn-Ingold-Prelog** (kino ekyokka obukulu bw’endaga ya R/S).  
- **D** eza ku **frukitoosi**, oba kino ekyokka obukulu bw’endaga ya R/S mu bintu ebikozesebwa ennyo.  

**Ku kiseera ky’okukozesa amateeka ga Cahn-Ingold-Prelog:**  
- **A** eza ku **okusalawo endagakubbo ya Cahn-Ingold-Prelog** (kino ekyokka obukulu bw’endaga ya R/S).  
- **D** eza ku **frukitoosi**, oba kino ekyokka obukulu bw’endaga ya R/S mu bintu ebikozesebwa ennyo.  

**Ku kiseera ky’okukozesa amateeka ga Cahn-Ingold-Prelog:**  
- **A** eza ku **okusalawo endagakubbo ya Cahn-Ingold-Prelog** (kino ekyokka obukulu bw’endaga ya R/S).  
- **D** eza ku **frukitoosi**, oba kino ekyokka obukulu bw’endaga ya R/S mu bintu ebikozesebwa ennyo.  

**Ku kiseera ky’okukozesa amateeka ga Cahn-Ingold-Prelog:**  
- **A** eza ku **okusalawo endagakubbo ya Cahn-Ingold-Prelog** (kino ekyokka obukulu bw’endaga ya R/S).  
- **D**",True,98.48556830000598,5972,4000,424
A,"**Jawabu:** A. Kozesa omugatte gwa Tyndall mu kintu ekikolebwa nga colloid.

**Eby’okulabirako:**  
- **Colloid (kikulukusi ebitasaanuuka bulungi)**: Bintu eby’ekikulukusi ebitasaanuuka bulungi (colloid) eby’ekikwata ku bintu eby’ebikulu ebikwata ku butonde (ebimu) n’ebikulu ebikwata ku butonde (ebikulu). Ebintu eby’ekikulukusi ebitasaanuuka bulungi eby’ekikwata ku mayoneesi, jelatiini, n’ebintu eby’ebisobola kugoberera omugatte gwa Tyndall.  
- **Omugatte gwa Tyndall**: Nga ekikulukusi ebitasaanuuka bulungi eky’ekikwata, obulungi obw’ekikwata obulungi obw’ekikwata obulungi obw’ekikwata obulungi obw’ekikwata obulungi obw’ekikwata obulungi obw’ekikwata obulungi obw’ekikwata obulungi obw’ekikwata obulungi obw’ekikwata obulungi obw’ekikwata obulungi obw’ekikwata obulungi obw’ekikwata obulungi obw’ekikwata obulungi obw’ekikwata obulungi obw’ekikwata obulungi obw’ekikwata obulungi obw’ekikwata obulungi obw’ekikwata obulungi obw’ekikwata obulungi obw’ekikwata obulungi obw’ekikwata obulungi obw’ekikwata obulungi obw’ekikwata obulungi obw’ekikwata obulungi obw’ekikwata obulungi obw’ekikwata obulungi obw’ekikwata obulungi obw’ekikwata obulungi obw’ekikwata obulungi obw’ekikwata obulungi obw’ekikwata obulungi obw’ekikwata obulungi obw’ekikwata obulungi obw’ekikwata obulungi obw’ekikwata obulungi obw’ekikwata obulungi obw’ekikwata obulungi obw’ekikwata obulungi obw’ekikwata obulungi obw’ekikwata obulungi obw’ekikwata obulungi obw’ekikwata obulungi obw’ekikwata obulungi obw’ekikwata obulungi obw’ekikwata obulungi obw’ekikwata obulungi obw’ekikwata obulungi obw’ekikwata obulungi obw’ekikwata obulungi obw’ekikwata obulungi obw’ekikwata obulungi obw’ekikwata obulungi obw’ekikwata obulungi obw’ekikwata obulungi obw’ekikwata obulungi obw’ekikwata obulungi obw’ekikwata obulungi obw’ekikwata obulungi obw’ekikwata obulungi obw’ekikwata obulungi obw’ekikwata obulungi obw’ekikwata obulungi obw’ekikwata obulungi obw’ekikwata obulungi obw’ekikwata obulungi obw’ekikwata obulungi obw’ekikwata obulungi obw’ekikwata obulungi obw’ekikwata obulungi obw’ekikwata obulungi obw’ekikwata obulungi obw’ekikwata obulungi obw’ekikwata obulungi obw’ekikwata obulungi obw’ekikwata obulungi obw’ekikwata obulungi obw’ekikwata obulungi obw’ekikwata obulungi obw’ekikwata obulungi obw’ekikwata obulungi obw’ekikwata obulungi obw’ekikwata obulungi obw’ekikwata obulungi obw’ekikwata obulungi obw’ekikwata obulungi obw’ekikwata obulungi obw’ekikwata obulungi obw’ekikwata obulungi obw’ekikwata obulungi obw’ekikwata obulungi obw’ekikwata obulungi obw’ekikwata obulungi obw’ekikwata obulungi obw’ekikwata obulungi obw’ekikwata obulungi obw’ekikwata obulungi obw’ekikwata obulungi obw’ekikwata obulungi obw’ekikwata obulungi obw’ekikwata obulungi obw’ekikwata obulungi obw’ekikwata obulungi obw’ekikwata obulungi obw’ekikwata obulungi obw’ekikwata obulungi obw’ekikwata obulungi obw’ekikwata obulungi obw’ekikwata obulungi obw’ekikwata obulungi obw’ekikwata obulungi obw’ekikwata obulungi obw’ekikwata obulungi obw’ekikwata obulungi obw’ekikwata obulungi obw’ekikwata obulungi obw’ekikwata obulungi obw’ekikwata obulungi obw’ekikwata obulungi obw’ekikwata obulungi obw’ekikwata obulungi obw’ekikwata obulungi obw’ekikwata obulungi obw’ekikwata obulungi obw’ekikwata obulungi obw’ekikwata obulungi obw’ekikwata obulungi obw’ekikwata obulungi obw’ekikwata obulungi obw’ekikwata obulungi obw’ekikwata obulungi obw’ekikwata obulungi obw’ekikwata obulungi obw’ekikwata obulungi obw’ekikwata obulungi obw’ekikwata obulungi obw’ekikwata obulungi obw’ekikwata obulungi obw’ekikwata obulungi obw’ekikwata obulungi obw’ekikwata obulungi obw’ekikwata obulungi obw’ekikwata obulungi obw’ekikwata obulungi obw’ekikwata obulungi obw’ekikwata obulungi obw’ekikwata obulungi obw’ekikwata obulungi obw’ekikwata obulungi obw’ekikwata obulungi obw’ekikwata obulungi obw’ekikwata obulungi obw’ekikwata obulungi obw’ekikwata obulungi obw’ekikwata obulungi obw’ekikwata obulungi obw’ekikwata obulungi obw’ekikwata obulungi obw’ekikwata obulungi obw’ekikwata obulungi obw’ekikwata obulungi obw’ekikwata obulungi obw’ekikwata obulungi obw’ekikwata obulungi obw’ekikwata obulungi obw’ekikwata obulungi obw’ekikwata obulungi obw’ekikwata obulungi obw’ekikwata obulungi obw’ekikwata obulungi obw’ekikwata obulungi obw’ekikwata obulungi obw’ekikwata obulungi obw’ekikwata obulungi obw’ekikwata obulungi obw’ekikwata obulungi obw’ekikwata obulungi obw’ekikwata obulungi obw’ekikwata obulungi obw’ekikwata obulungi obw’ekikwata obulungi obw’ekikwata obulungi obw’ekikwata obulungi obw’ekikwata obulungi obw’ekikwata obulungi obw’ekikwata obulungi obw’ekikwata obulungi obw’ekikwata obulungi obw’ekikwata obulungi obw’ekikwata obulungi obw’ekikwata obulungi obw’ekikwata obulungi obw’ekikwata obulungi obw’ekikwata obulungi obw’ekikwata obulungi obw’ekikwata obulungi obw’ekikwata obulungi obw’ekikwata obulungi obw’ekikwata obulungi obw’ekikwata obulungi obw’ekikwata obulungi obw’ekikwata obulungi obw’ekikwata obulungi obw’ekikwata obulungi obw’ekikwata obulungi obw’ekikwata obulungi obw’ekikwata obulungi obw’ekikwata obulungi obw’ekikwata obulungi obw’ekikwata obulungi obw’ekikwata obulungi obw’ekikwata obulungi obw’ekikwata obulungi obw’ekikwata obulungi obw’ekikwata obulungi obw’ekikwata obulungi obw’ekikwata obulungi obw’ekikwata obulungi obw’ekikwata obulungi obw’ekikwata obulungi obw’ekikwata obulungi obw’ekikwata obulungi obw’ekikwata obulungi obw’ekikwata obulungi obw’ekikwata obulungi obw’ekikwata obulungi obw’ekikwata obulungi obw’ekikwata obulungi obw’ekikwata obulungi obw’ekikwata obulungi obw’ekikwata obulungi obw’ekikwata obulungi obw’ekikwata obulungi obw’ekikwata obulungi obw’ekikwata obulungi obw’ekikwata obulungi obw’ekikwata obulungi obw’ekikwata obulungi obw’ekikwata obulungi obw’ekikwata obulungi obw’ekikwata obulungi obw’ekikwata obulungi obw’ekikwata obulungi obw’ekikwata obulungi obw’ekikwata obulungi obw’ekikwata obulungi obw’ekikwata obulungi obw’ekikwata obulungi obw’ekikwata obulungi obw’ekikwata obulungi obw’ekikwata obulungi obw’ekikwata obulungi obw’ekikwata obulungi obw’ekikwata obulungi obw’ekikwata obulungi obw’ekikwata obulungi obw’ekikwata obulungi obw’ekikwata obulungi obw’ekikwata obulungi obw’ekikwata obulungi obw’ekikwata obulungi obw’ekikwata obulungi obw’ekikwata obulungi obw’ekikwata obulungi obw’ekikwata obulungi obw’ekikwata obulungi obw’ekikwata obulungi obw’ekikwata obulungi obw’ekikwata obulungi obw’ekikwata obulungi obw’ekikwata obulungi obw’ekikwata obulungi obw’ekikwata obulungi obw’ekikwata obulungi obw’ekikwata obulungi obw’ekikwata obulungi obw’ekikwata obulungi obw’ekikwata obulungi obw’ekikwata obulungi obw’ekikwata obulungi obw’ekikwata obulungi obw’ekikwata obulungi obw’ekikwata obulungi obw’ekikwata obulungi obw’ekikwata obulungi obw’ekikwata obulungi obw’ekikwata obulungi obw’ekikwata obulungi obw’ekikwata obulungi obw’ekikwata obulungi obw’ekikwata obulungi obw’ekikwata obulungi obw’ekikwata obulungi obw’ekikwata obulungi obw’ekikwata obulungi obw’ekikwata obulungi obw’ekikwata obulungi obw’ekikwata obulungi obw’ekikwata obulungi obw’ekikwata obulungi obw’ekikwata obulungi obw’ekikwata obulungi obw’ekikwata obulungi obw’ekikwata obulungi obw’ekikwata obulungi obw’ekikwata obulungi obw’ekikwata obulungi obw’ekikwata obulungi obw’ekikwata obulungi obw’ekikwata obulungi obw’ekikwata obulungi obw’ekikwata obulungi obw’ekikwata obulungi obw’ekikwata obulungi obw’ekikwata obulungi obw’ekikwata obulungi obw’ekikwata obulungi obw’ekikwata obulungi obw’ekikwata obulungi obw’ekikwata obulungi obw’ekikwata obulungi obw’ekikwata obulungi obw’ekikwata obulungi obw’ekikwata obulungi obw’ekikwata obulungi obw’ekikwata obulungi obw’ekikwata obulungi obw’ekikwata obulungi obw’ekikwata obul",True,15.280656300019473,6006,4000,576
C,"**Answer: A**

**Explanation:**  
The Stock system is used to name compounds containing metals with multiple oxidation states. The key step in this system is determining the oxidation state of the metal in the compound, which is then denoted by Roman numerals in parentheses. 

- **Option A** correctly describes the teacher's approach by first explaining oxidation states in oxygen-containing compounds (e.g., metal oxides) and asking students to calculate the oxidation state. This foundational step is critical because the Stock notation relies on knowing the metal's oxidation state. After this, the teacher connects the concept to real-world oxidation reactions, reinforcing understanding. 

- **Option B** focuses on the rationale for using Stock notation but does not emphasize the necessary step of calculating oxidation states, which is central to the method.  
- **Option C** addresses types of oxides but does not directly teach the Stock notation application.  
- **Option D** involves predicting oxide formulas based on valency, which is related but not the core of the Stock system. 

Thus, **Option A** aligns with the correct pedagogical sequence for teaching the Stock system.",True,21.026912100001937,3187,854,852
B,"**B. Bakola omulimu gw'okugezesa ku bimera ebimera mu mazzi ku tempulikya ez'enjawulo era ne bagigeraageranya n'amaanyi agakolebwa ekkolero erikozesa obwoki bw'amasannyalaze.**

### **Explanation:**
- **Connection to Real-Life Situations:** The teacher uses **everyday items (ebimera mu mazzi)** in experiments (e.g., household materials like vinegar, baking soda, or common tools) to make scientific concepts relatable. This aligns with the method of linking abstract ideas to tangible, familiar experiences.
- **Observation and Tools:** The phrase **""bagigeraageranya n'amaanyi agakolebwa ekkolero erikozesa obwoki bw'amasannyalaze""** highlights using **scientific tools (e.g., microscopes)** to observe phenomena, reinforcing the connection between experiments and theoretical knowledge.
- **Alignment with the Teaching Approach:** The original explanation emphasized using **practical demonstrations, observations, and relatable materials** to bridge the gap between classroom learning and real-world applications. Option B directly reflects this strategy.

### **Why Not the Others?**
- **A** focuses on a specific example (soda) but lacks the broader emphasis on systematic experimentation and tool use.
- **C** describes a single experiment (e.g., a ""volcano"" with water and vinegar) but doesn’t generalize to the teacher’s overall method.
- **D** involves data analysis of biological processes (oxyhemoglobin), which is more specialized and less about everyday connections.

**Answer: B** best captures the teacher’s approach of using **everyday materials, experiments, and tools** to connect scientific concepts to real-life experiences.",True,26.634717099979753,3014,1018,762
C,"**B. Okukiikirira okwawukana kw'ebintu ebirimu obusannyalaze**

**Explanation:**  
Ekigendererwa kino ekyokka ""Okukwataganya obungi bw’ekintu n’ennyingo y’ekibalangulo okubala pH mu bika bya asidi ne beesi"" ekyekereza okukwataganya pH mu bika bya asidi ne beesi. **Obusannyalaze** (universal indicator) ekintu enjawulo enkola y’okukwataganya pH, oba obusannyalaze oba obusanyisa obungi enjawulo oba obusanyisa obungi enjawulo oba obusanyisa obungi enjawulo oba obusanyisa obungi enjawulo oba obusanyisa obungi enjawulo oba obusanyisa obungi enjawulo oba obusanyisa obungi enjawulo oba obusanyisa obungi enjawulo oba obusanyisa obungi enjawulo oba obusanyisa obungi enjawulo oba obusanyisa obungi enjawulo oba obusanyisa obungi enjawulo oba obusanyisa obungi enjawulo oba obusanyisa obungi enjawulo oba obusanyisa obungi enjawulo oba obusanyisa obungi enjawulo oba obusanyisa obungi enjawulo oba obusanyisa obungi enjawulo oba obusanyisa obungi enjawulo oba obusanyisa obungi enjawulo oba obusanyisa obungi enjawulo oba obusanyisa obungi enjawulo oba obusanyisa obungi enjawulo oba obusanyisa obungi enjawulo oba obusanyisa obungi enjawulo oba obusanyisa obungi enjawulo oba obusanyisa obungi enjawulo oba obusanyisa obungi enjawulo oba obusanyisa obungi enjawulo oba obusanyisa obungi enjawulo oba obusanyisa obungi enjawulo oba obusanyisa obungi enjawulo oba obusanyisa obungi enjawulo oba obusanyisa obungi enjawulo oba obusanyisa obungi enjawulo oba obusanyisa obungi enjawulo oba obusanyisa obungi enjawulo oba obusanyisa obungi enjawulo oba obusanyisa obungi enjawulo oba obusanyisa obungi enjawulo oba obusanyisa obungi enjawulo oba obusanyisa obungi enjawulo oba obusanyisa obungi enjawulo oba obusanyisa obungi enjawulo oba obusanyisa obungi enjawulo oba obusanyisa obungi enjawulo oba obusanyisa obungi enjawulo oba obusanyisa obungi enjawulo oba obusanyisa obungi enjawulo oba obusanyisa obungi enjawulo oba obusanyisa obungi enjawulo oba obusanyisa obungi enjawulo oba obusanyisa obungi enjawulo oba obusanyisa obungi enjawulo oba obusanyisa obungi enjawulo oba obusanyisa obungi enjawulo oba obusanyisa obungi enjawulo oba obusanyisa obungi enjawulo oba obusanyisa obungi enjawulo oba obusanyisa obungi enjawulo oba obusanyisa obungi enjawulo oba obusanyisa obungi enjawulo oba obusanyisa obungi enjawulo oba obusanyisa obungi enjawulo oba obusanyisa obungi enjawulo oba obusanyisa obungi enjawulo oba obusanyisa obungi enjawulo oba obusanyisa obungi enjawulo oba obusanyisa obungi enjawulo oba obusanyisa obungi enjawulo oba obusanyisa obungi enjawulo oba obusanyisa obungi enjawulo oba obusanyisa obungi enjawulo oba obusanyisa obungi enjawulo oba obusanyisa obungi enjawulo oba obusanyisa obungi enjawulo oba obusanyisa obungi enjawulo oba obusanyisa obungi enjawulo oba obusanyisa obungi enjawulo oba obusanyisa obungi enjawulo oba obusanyisa obungi enjawulo oba obusanyisa obungi enjawulo oba obusanyisa obungi enjawulo oba obusanyisa obungi enjawulo oba obusanyisa obungi enjawulo oba obusanyisa obungi enjawulo oba obusanyisa obungi enjawulo oba obusanyisa obungi enjawulo oba obusanyisa obungi enjawulo oba obusanyisa obungi enjawulo oba obusanyisa obungi enjawulo oba obusanyisa obungi enjawulo oba obusanyisa obungi enjawulo oba obusanyisa obungi enjawulo oba obusanyisa obungi enjawulo oba obusanyisa obungi enjawulo oba obusanyisa obungi enjawulo oba obusanyisa obungi enjawulo oba obusanyisa obungi enjawulo oba obusanyisa obungi enjawulo oba obusanyisa obungi enjawulo oba obusanyisa obungi enjawulo oba obusanyisa obungi enjawulo oba obusanyisa obungi enjawulo oba obusanyisa obungi enjawulo oba obusanyisa obungi enjawulo oba obusanyisa obungi enjawulo oba obusanyisa obungi enjawulo oba obusanyisa obungi enjawulo oba obusanyisa obungi enjawulo oba obusanyisa obungi enjawulo oba obusanyisa obungi enjawulo oba obusanyisa obungi enjawulo oba obusanyisa obungi enjawulo oba obusanyisa obungi enjawulo oba obusanyisa obungi enjawulo oba obusanyisa obungi enjawulo oba obusanyisa obungi enjawulo oba obusanyisa obungi enjawulo oba obusanyisa obungi enjawulo oba obusanyisa obungi enjawulo oba obusanyisa obungi enjawulo oba obusanyisa obungi enjawulo oba obusanyisa obungi enjawulo oba obusanyisa obungi enjawulo oba obusanyisa obungi enjawulo oba obusanyisa obungi enjawulo oba obusanyisa obungi enjawulo oba obusanyisa obungi enjawulo oba obusanyisa obungi enjawulo oba obusanyisa obungi enjawulo oba obusanyisa obungi enjawulo oba obusanyisa obungi enjawulo oba obusanyisa obungi enjawulo oba obusanyisa obungi enjawulo oba obusanyisa obungi enjawulo oba obusanyisa obungi enjawulo oba obusanyisa obungi enjawulo oba obusanyisa obungi enjawulo oba obusanyisa obungi enjawulo oba obusanyisa obungi enjawulo oba obusanyisa obungi enjawulo oba obusanyisa obungi enjawulo oba obusanyisa obungi enjawulo oba obusanyisa obungi enjawulo oba obusanyisa obungi enjawulo oba obusanyisa obungi enjawulo oba obusanyisa obungi enjawulo oba obusanyisa obungi enjawulo oba obusanyisa obungi enjawulo oba obusanyisa obungi enjawulo oba obusanyisa obungi enjawulo oba obusanyisa obungi enjawulo oba obusanyisa obungi enjawulo oba obusanyisa obungi enjawulo oba obusanyisa obungi enjawulo oba obusanyisa obungi enjawulo oba obusanyisa obungi enjawulo oba obusanyisa obungi enjawulo oba obusanyisa obungi enjawulo oba obusanyisa obungi enjawulo oba obusanyisa obungi enjawulo oba obusanyisa obungi enjawulo oba obusanyisa obungi enjawulo oba obusanyisa obungi enjawulo oba obusanyisa obungi enjawulo oba obusanyisa obungi enjawulo oba obusanyisa obungi enjawulo oba obusanyisa obungi enjawulo oba obusanyisa obungi enjawulo oba obusanyisa obungi enjawulo oba obusanyisa obungi enjawulo oba obusanyisa obungi enjawulo oba obusanyisa obungi enjawulo oba obusanyisa obungi enjawulo oba obusanyisa obungi enjawulo oba obusanyisa obungi enjawulo oba obusanyisa obungi enjawulo oba obusanyisa obungi enjawulo oba obusanyisa obungi enjawulo oba obusanyisa obungi enjawulo oba obusanyisa obungi enjawulo oba obusanyisa obungi enjawulo oba obusanyisa obungi enjawulo oba obusanyisa obungi enjawulo oba obusanyisa obungi enjawulo oba obusanyisa obungi enjawulo oba obusanyisa obungi enjawulo oba obusanyisa obungi enjawulo oba obusanyisa obungi enjawulo oba obusanyisa obungi enjawulo oba obusanyisa obungi enjawulo oba obusanyisa obungi enjawulo oba obusanyisa obungi enjawulo oba obusanyisa obungi enjawulo oba obusanyisa obungi enjawulo oba obusanyisa obungi enjawulo oba obusanyisa obungi enjawulo oba obusanyisa obungi enjawulo oba obusanyisa obungi enjawulo oba obusanyisa obungi enjawulo oba obusanyisa obungi enjawulo oba obusanyisa obungi enjawulo oba obusanyisa obungi enjawulo oba obusanyisa obungi enjawulo oba obusanyisa obungi enjawulo oba obusanyisa obungi enjawulo oba obusanyisa obungi enjawulo oba obusanyisa obungi enjawulo oba obusanyisa obungi enjawulo oba obusanyisa obungi enjawulo oba obusanyisa obungi enjawulo oba obusanyisa obungi enjawulo oba obusanyisa obungi enjawulo oba obusanyisa obungi enjawulo oba obusanyisa obungi enjawulo oba obusanyisa obungi enjawulo oba obusanyisa obungi enjawulo oba obusanyisa obungi enjawulo oba obusanyisa obungi enjawulo oba obusanyisa obungi enjawulo oba obusanyisa obungi enjawulo oba obusanyisa obungi enjawulo oba obusanyisa obungi enjawulo oba obusanyisa obungi enjawulo oba obusanyisa obungi enjawulo oba obusanyisa obungi enjawulo oba obusanyisa obungi enjawulo oba obusanyisa obungi enjawulo oba obusanyisa obungi enjawulo oba obusanyisa obungi enjawulo oba obusanyisa obungi enjawulo oba obusanyisa obungi enjawulo oba obusanyisa obungi enjawulo oba obusanyisa obungi enjawulo oba obusanyisa obungi enjawulo oba obusanyisa obungi enjawulo oba obusanyisa obungi enjawulo oba obusanyisa obungi enjawulo oba obusanyisa obungi enjawulo oba obusanyisa obungi enjawulo oba obusanyisa obungi enjawulo oba obusanyisa obungi enjawulo oba obusanyisa obungi enjawulo oba obusanyisa obungi enjawulo oba obusanyisa obungi enjawulo oba obusanyisa obungi enjawulo oba obusanyisa obungi enjawulo oba obusanyisa obungi enjawulo oba obusanyisa obungi enjawulo oba obusanyisa obungi enjawulo oba obusanyisa obungi enjawulo oba obusanyisa obungi enjawulo oba obusanyisa obungi enjawulo oba obusanyisa obungi enjawulo oba obusanyisa obungi enjawulo oba obusanyisa obungi enjawulo oba obusanyisa obungi enjawulo oba obusanyisa obungi enjawulo oba obusanyisa obungi enjawulo oba obusanyisa obungi enjawulo oba obusanyisa obungi enjawulo oba obusanyisa obungi enjawulo oba obusanyisa obungi enjawulo oba obusanyisa obungi enjawulo oba obusanyisa obungi enjawulo oba obusanyisa obungi enjawulo oba obusanyisa obungi enjawulo oba obusanyisa obungi enjawulo oba obusanyisa obungi enjawulo oba obusanyisa obungi enjawulo oba obusanyisa obungi enjawulo oba obusanyisa obungi enjawulo oba obusanyisa obungi enjawulo oba obusanyisa obungi enjawulo oba obusanyisa obungi enjawulo oba obusanyisa obungi enjawulo oba obusanyisa obungi enjawulo oba obusanyisa obungi enjawulo oba obusanyisa obungi enjawulo oba obusanyisa obungi enjawulo oba obusanyisa obungi enjawulo oba obusanyisa obungi enjawulo oba obusanyisa obungi enjawulo oba obusanyisa obungi enjawulo oba obusanyisa obungi enjawulo oba obusanyisa obungi enjawulo oba obusanyisa obungi enjawulo oba obusanyisa obungi enjawulo oba obusanyisa obungi enjawulo oba obusanyisa obungi enjawulo oba obusanyisa obungi enjawulo oba obusanyisa obungi enjawulo oba obusanyisa obungi enjawulo oba obusanyisa obungi enjawulo oba obusanyisa obungi enjawulo oba obusanyisa obungi enjawulo oba obusanyisa obungi enjawulo oba obusanyisa obungi enjawulo oba obusanyisa obungi enjawulo oba obusanyisa obungi enjawulo oba obusanyisa obungi enjawulo oba obusanyisa obungi enjawulo oba obusanyisa obungi enjawulo oba obusanyisa obungi enjawulo oba obusanyisa obungi enjawulo oba obusanyisa obungi enjawulo oba obusanyisa obungi enjawulo oba obusanyisa obungi enjawulo oba obusanyisa obungi enjawulo oba obusanyisa obungi enjawulo oba obusanyisa obungi enjawulo oba obusanyisa obungi enjawulo oba obusanyisa obungi enjawulo oba obusanyisa obungi enjawulo oba obusanyisa obungi enjawulo oba obusanyisa obungi enjawulo oba obusanyisa obungi enjawulo oba obusanyisa obungi enjawulo",True,95.03025159999379,5865,4000,441
C,"**D. Akaziba n’ebibangirizi by’amasoboza ag’akaziba**

**Enkula:**  
Mu kigendererwa ky’okuyiga ku nyukiriya (nuclear fission), ekikulu kino abayizi bwe balina okuba nga **akaziba (protons)** n’**ebibangirizi by’amasoboza ag’akaziba (binding energy of the nucleus)**. Kino kikozesebwa mu kusobola okutuukiriza nti:  
- **Akaziba** (protons) kikozesebwa mu kusobola okutuuka ku mato g’obuzibu (atomic number) n’okutegeera nti obuzibu obw’obusannyalaze obw’obusanyi (heavy elements) obw’obusanyi obw’obusanyi (like uranium-235) obw’obusanyi obw’obusanyi (like uranium-235) obw’obusanyi obw’obusanyi (like uranium-235) obw’obusanyi obw’obusanyi (like uranium-235) obw’obusanyi obw’obusanyi (like uranium-235) obw’obusanyi obw’obusanyi (like uranium-235) obw’obusanyi obw’obusanyi (like uranium-235) obw’obusanyi obw’obusanyi (like uranium-235) obw’obusanyi obw’obusanyi (like uranium-235) obw’obusanyi obw’obusanyi (like uranium-235) obw’obusanyi obw’obusanyi (like uranium-235) obw’obusanyi obw’obusanyi (like uranium-235) obw’obusanyi obw’obusanyi (like uranium-235) obw’obusanyi obw’obusanyi (like uranium-235) obw’obusanyi obw’obusanyi (like uranium-235) obw’obusanyi obw’obusanyi (like uranium-235) obw’obusanyi obw’obusanyi (like uranium-235) obw’obusanyi obw’obusanyi (like uranium-235) obw’obusanyi obw’obusanyi (like uranium-235) obw’obusanyi obw’obusanyi (like uranium-235) obw’obusanyi obw’obusanyi (like uranium-235) obw’obusanyi obw’obusanyi (like uranium-235) obw’obusanyi obw’obusanyi (like uranium-235) obw’obusanyi obw’obusanyi (like uranium-235) obw’obusanyi obw’obusanyi (like uranium-235) obw’obusanyi obw’obusanyi (like uranium-235) obw’obusanyi obw’obusanyi (like uranium-235) obw’obusanyi obw’obusanyi (like uranium-235) obw’obusanyi obw’obusanyi (like uranium-235) obw’obusanyi obw’obusanyi (like uranium-235) obw’obusanyi obw’obusanyi (like uranium-235) obw’obusanyi obw’obusanyi (like uranium-235) obw’obusanyi obw’obusanyi (like uranium-235) obw’obusanyi obw’obusanyi (like uranium-235) obw’obusanyi obw’obusanyi (like uranium-235) obw’obusanyi obw’obusanyi (like uranium-235) obw’obusanyi obw’obusanyi (like uranium-235) obw’obusanyi obw’obusanyi (like uranium-235) obw’obusanyi obw’obusanyi (like uranium-235) obw’obusanyi obw’obusanyi (like uranium-235) obw’obusanyi obw’obusanyi (like uranium-235) obw’obusanyi obw’obusanyi (like uranium-235) obw’obusanyi obw’obusanyi (like uranium-235) obw’obusanyi obw’obusanyi (like uranium-235) obw’obusanyi obw’obusanyi (like uranium-235) obw’obusanyi obw’obusanyi (like uranium-235) obw’obusanyi obw’obusanyi (like uranium-235) obw’obusanyi obw’obusanyi (like uranium-235) obw’obusanyi obw’obusanyi (like uranium-235) obw’obusanyi obw’obusanyi (like uranium-235) obw’obusanyi obw’obusanyi (like uranium-235) obw’obusanyi obw’obusanyi (like uranium-235) obw’obusanyi obw’obusanyi (like uranium-235) obw’obusanyi obw’obusanyi (like uranium-235) obw’obusanyi obw’obusanyi (like uranium-235) obw’obusanyi obw’obusanyi (like uranium-235) obw’obusanyi obw’obusanyi (like uranium-235) obw’obusanyi obw’obusanyi (like uranium-235) obw’obusanyi obw’obusanyi (like uranium-235) obw’obusanyi obw’obusanyi (like uranium-235) obw’obusanyi obw’obusanyi (like uranium-235) obw’obusanyi obw’obusanyi (like uranium-235) obw’obusanyi obw’obusanyi (like uranium-235) obw’obusanyi obw’obusanyi (like uranium-235) obw’obusanyi obw’obusanyi (like uranium-235) obw’obusanyi obw’obusanyi (like uranium-235) obw’obusanyi obw’obusanyi (like uranium-235) obw’obusanyi obw’obusanyi (like uranium-235) obw’obusanyi obw’obusanyi (like uranium-235) obw’obusanyi obw’obusanyi (like uranium-235) obw’obusanyi obw’obusanyi (like uranium-235) obw’obusanyi obw’obusanyi (like uranium-235) obw’obusanyi obw’obusanyi (like uranium-235) obw’obusanyi obw’obusanyi (like uranium-235) obw’obusanyi obw’obusanyi (like uranium-235) obw’obusanyi obw’obusanyi (like uranium-235) obw’obusanyi obw’obusanyi (like uranium-235) obw’obusanyi obw’obusanyi (like uranium-235) obw’obusanyi obw’obusanyi (like uranium-235) obw’obusanyi obw’obusanyi (like uranium-235) obw’obusanyi obw’obusanyi (like uranium-235) obw’obusanyi obw’obusanyi (like uranium-235) obw’obusanyi obw’obusanyi (like uranium-235) obw’obusanyi obw’obusanyi (like uranium-235) obw’obusanyi obw’obusanyi (like uranium-235) obw’obusanyi obw’obusanyi (like uranium-235) obw’obusanyi obw’obusanyi (like uranium-235) obw’obusanyi obw’obusanyi (like uranium-235) obw’obusanyi obw’obusanyi (like uranium-235) obw’obusanyi obw’obusanyi (like uranium-235) obw’obusanyi obw’obusanyi (like uranium-235) obw’obusanyi obw’obusanyi (like uranium-235) obw’obusanyi obw’obusanyi (like uranium-235) obw’obusanyi obw’obusanyi (like uranium-235) obw’obusanyi obw’obusanyi (like uranium-235) obw’obusanyi obw’obusanyi (like uranium-235) obw’obusanyi obw’obusanyi (like uranium-235) obw’obusanyi obw’obusanyi (like uranium-235) obw’obusanyi obw’obusanyi (like uranium-235) obw’obusanyi obw’obusanyi (like uranium-235) obw’obusanyi obw’obusanyi (like uranium-235) obw’obusanyi obw’obusanyi (like uranium-235) obw’obusanyi obw’obusanyi (like uranium-235) obw’obusanyi obw’obusanyi (like uranium-235) obw’obusanyi obw’obusanyi (like uranium-235) obw’obusanyi obw’obusanyi (like uranium-235) obw’obusanyi obw’obusanyi (like uranium-235) obw’obusanyi obw’obusanyi (like uranium-235) obw’obusanyi obw’obusanyi (like uranium-235) obw’obusanyi obw’obusanyi (like uranium-235) obw’obusanyi obw’obusanyi (like uranium-235) obw’obusanyi obw’obusanyi (like uranium-235) obw’obusanyi obw’obusanyi (like uranium-235) obw’obusanyi obw’obusanyi (like uranium-235) obw’obusanyi obw’obusanyi (like uranium-235) obw’obusanyi obw’obusanyi (like uranium-235) obw’obusanyi obw’obusanyi (like uranium-235) obw’obusanyi obw’obusanyi (like uranium-235) obw’obusanyi obw’obusanyi (like uranium-235) obw’obusanyi obw’obusanyi (like uranium-235) obw’obusanyi obw’obusanyi (like uranium-235) obw’obusanyi obw’obusanyi (like uranium-235) obw’obusanyi obw’obusanyi (like uranium-235) obw’obusanyi obw’obusanyi (like uranium-235) obw’obusanyi obw’obusanyi (like uranium-235) obw’obusanyi obw’obusanyi (like uranium-235) obw’obusanyi obw’obusanyi (like uranium-235) obw’obusanyi obw’obusanyi (like uranium-235) obw’obusanyi obw’obusanyi (like uranium-235) obw’obusanyi obw’obusanyi (like uranium-235) obw’obusanyi obw’obusanyi (like uranium-235) obw’obusanyi obw’obusanyi (like uranium-235) obw’obusanyi obw’obusanyi (like uranium-235) obw’obusanyi obw’obusanyi (like uranium-235) obw’obusanyi obw’obusanyi (like uranium-235) obw’obusanyi obw’obusanyi (like uranium-235) obw’obusanyi obw’obusanyi (like uranium-235) obw’obusanyi obw’obusanyi (like uranium-235) obw’obusanyi obw’obusanyi (like uranium-235) obw’obusanyi obw’obusanyi (like uranium-235) obw’obusanyi obw’obusanyi (like uranium-235) obw’obusanyi obw’obusanyi (like uranium-235) obw’obusanyi obw’obusanyi (like uranium-235) obw’obusanyi obw’obusanyi (like uranium-235) obw’obusanyi obw’obusanyi (like uranium-235) obw’obusanyi obw’obusanyi (like uranium-235) obw’obusanyi obw’obusanyi (like uranium-235) obw’obusanyi obw’obusanyi (like uranium-235) obw’obusanyi obw’obusanyi (",True,100.55932990001747,5809,4000,663
C,"**Jawabu:** C. Londa ebika by’ebizimbamubiri okusinziira ku mutindo gw’obukwanaganya bwabyo (isomerism).

**Tabyokka:**  
Isomerism (obukwanaganya) ekigendererwa ekyo **ebika by’ebizimbamubiri** (same molecular formula) **okusinziira ku mutindo** (different structures). Ebintu ebiri eby’okwawula eby’ebizimbamubiri (kakulembe eby’okwawula eby’eky’okwawula) eby’ebikola eby’obukwanaganya eby’ebikola eby’eky’okwawula eby’ebikola eby’eky’okwawula eby’ebikola eby’eky’okwawula eby’ebikola eby’eky’okwawula eby’ebikola eby’eky’okwawula eby’ebikola eby’eky’okwawula eby’ebikola eby’eky’okwawula eby’ebikola eby’eky’okwawula eby’ebikola eby’eky’okwawula eby’ebikola eby’eky’okwawula eby’ebikola eby’eky’okwawula eby’ebikola eby’eky’okwawula eby’ebikola eby’eky’okwawula eby’ebikola eby’eky’okwawula eby’ebikola eby’eky’okwawula eby’ebikola eby’eky’okwawula eby’ebikola eby’eky’okwawula eby’ebikola eby’eky’okwawula eby’ebikola eby’eky’okwawula eby’ebikola eby’eky’okwawula eby’ebikola eby’eky’okwawula eby’ebikola eby’eky’okwawula eby’ebikola eby’eky’okwawula eby’ebikola eby’eky’okwawula eby’ebikola eby’eky’okwawula eby’ebikola eby’eky’okwawula eby’ebikola eby’eky’okwawula eby’ebikola eby’eky’okwawula eby’ebikola eby’eky’okwawula eby’ebikola eby’eky’okwawula eby’ebikola eby’eky’okwawula eby’ebikola eby’eky’okwawula eby’ebikola eby’eky’okwawula eby’ebikola eby’eky’okwawula eby’ebikola eby’eky’okwawula eby’ebikola eby’eky’okwawula eby’ebikola eby’eky’okwawula eby’ebikola eby’eky’okwawula eby’ebikola eby’eky’okwawula eby’ebikola eby’eky’okwawula eby’ebikola eby’eky’okwawula eby’ebikola eby’eky’okwawula eby’ebikola eby’eky’okwawula eby’ebikola eby’eky’okwawula eby’ebikola eby’eky’okwawula eby’ebikola eby’eky’okwawula eby’ebikola eby’eky’okwawula eby’ebikola eby’eky’okwawula eby’ebikola eby’eky’okwawula eby’ebikola eby’eky’okwawula eby’ebikola eby’eky’okwawula eby’ebikola eby’eky’okwawula eby’ebikola eby’eky’okwawula eby’ebikola eby’eky’okwawula eby’ebikola eby’eky’okwawula eby’ebikola eby’eky’okwawula eby’ebikola eby’eky’okwawula eby’ebikola eby’eky’okwawula eby’ebikola eby’eky’okwawula eby’ebikola eby’eky’okwawula eby’ebikola eby’eky’okwawula eby’ebikola eby’eky’okwawula eby’ebikola eby’eky’okwawula eby’ebikola eby’eky’okwawula eby’ebikola eby’eky’okwawula eby’ebikola eby’eky’okwawula eby’ebikola eby’eky’okwawula eby’ebikola eby’eky’okwawula eby’ebikola eby’eky’okwawula eby’ebikola eby’eky’okwawula eby’ebikola eby’eky’okwawula eby’ebikola eby’eky’okwawula eby’ebikola eby’eky’okwawula eby’ebikola eby’eky’okwawula eby’ebikola eby’eky’okwawula eby’ebikola eby’eky’okwawula eby’ebikola eby’eky’okwawula eby’ebikola eby’eky’okwawula eby’ebikola eby’eky’okwawula eby’ebikola eby’eky’okwawula eby’ebikola eby’eky’okwawula eby’ebikola eby’eky’okwawula eby’ebikola eby’eky’okwawula eby’ebikola eby’eky’okwawula eby’ebikola eby’eky’okwawula eby’ebikola eby’eky’okwawula eby’ebikola eby’eky’okwawula eby’ebikola eby’eky’okwawula eby’ebikola eby’eky’okwawula eby’ebikola eby’eky’okwawula eby’ebikola eby’eky’okwawula eby’ebikola eby’eky’okwawula eby’ebikola eby’eky’okwawula eby’ebikola eby’eky’okwawula eby’ebikola eby’eky’okwawula eby’ebikola eby’eky’okwawula eby’ebikola eby’eky’okwawula eby’ebikola eby’eky’okwawula eby’ebikola eby’eky’okwawula eby’ebikola eby’eky’okwawula eby’ebikola eby’eky’okwawula eby’ebikola eby’eky’okwawula eby’ebikola eby’eky’okwawula eby’ebikola eby’eky’okwawula eby’ebikola eby’eky’okwawula eby’ebikola eby’eky’okwawula eby’ebikola eby’eky’okwawula eby’ebikola eby’eky’okwawula eby’ebikola eby’eky’okwawula eby’ebikola eby’eky’okwawula eby’ebikola eby’eky’okwawula eby’ebikola eby’eky’okwawula eby’ebikola eby’eky’okwawula eby’ebikola eby’eky’okwawula eby’ebikola eby’eky’okwawula eby’ebikola eby’eky’okwawula eby’ebikola eby’eky’okwawula eby’ebikola eby’eky’okwawula eby’ebikola eby’eky’okwawula eby’ebikola eby’eky’okwawula eby’ebikola eby’eky’okwawula eby’ebikola eby’eky’okwawula eby’ebikola eby’eky’okwawula eby’ebikola eby’eky’okwawula eby’ebikola eby’eky’okwawula eby’ebikola eby’eky’okwawula eby’ebikola eby’eky’okwawula eby’ebikola eby’eky’okwawula eby’ebikola eby’eky’okwawula eby’ebikola eby’eky’okwawula eby’ebikola eby’eky’okwawula eby’ebikola eby’eky’okwawula eby’ebikola eby’eky’okwawula eby’ebikola eby’eky’okwawula eby’ebikola eby’eky’okwawula eby’ebikola eby’eky’okwawula eby’ebikola eby’eky’okwawula eby’ebikola eby’eky’okwawula eby’ebikola eby’eky’okwawula eby’ebikola eby’eky’okwawula eby’ebikola eby’eky’okwawula eby’ebikola eby’eky’okwawula eby’ebikola eby’eky’okwawula eby’ebikola eby’eky’okwawula eby’ebikola eby’eky’okwawula eby’ebikola eby’eky’okwawula eby’ebikola eby’eky’okwawula eby’ebikola eby’eky’okwawula eby’ebikola eby’eky’okwawula eby’ebikola eby’eky’okwawula eby’ebikola eby’eky’okwawula eby’ebikola eby’eky’okwawula eby’ebikola eby’eky’okwawula eby’ebikola eby’eky’okwawula eby’ebikola eby’eky’okwawula eby’ebikola eby’eky’okwawula eby’ebikola eby’eky’okwawula eby’ebikola eby’eky’okwawula eby’ebikola eby’eky’okwawula eby’ebikola eby’eky’okwawula eby’ebikola eby’eky’okwawula eby’ebikola eby’eky’okwawula eby’ebikola eby’eky’okwawula eby’ebikola eby’eky’okwawula eby’ebikola eby’eky’okwawula eby’ebikola eby’eky’okwawula eby’ebikola eby’eky’okwawula eby’ebikola eby’eky’okwawula eby’ebikola eby’eky’okwawula eby’ebikola eby’eky’okwawula eby’ebikola eby’eky’okwawula eby’ebikola eby’eky’okwawula eby’ebikola eby’eky’okwawula eby’ebikola eby’eky’okwawula eby’ebikola eby’eky’okwawula eby’ebikola eby’eky’okwawula eby’ebikola eby’eky’okwawula eby’ebikola eby’eky’okwawula eby’ebikola eby’eky’okwawula eby’ebikola eby’eky’okwawula eby’ebikola eby’eky’okwawula eby’ebikola eby’eky’okwawula eby’ebikola eby’eky’okwawula eby’ebikola eby’eky’okwawula eby’ebikola eby’eky’okwawula eby’ebikola eby’eky’okwawula eby’ebikola eby’eky’okwawula eby’ebikola eby’eky’okwawula eby’ebikola eby’eky’okwawula eby’ebikola eby’eky’okwawula eby’ebikola eby’eky’okwawula eby’ebikola eby’eky’okwawula eby’ebikola",True,2.948152900004061,5850,4000,876
A,"**Answer: B**

**Explanation:**  
The correct experimental setup that aligns with the scientific method involves testing a hypothesis through controlled variables and measurable outcomes. Here's why **Option B** is the best choice:

1. **Hypothesis Testing**: The experiment tests how different materials (glass and foam containers) affect heat retention. The hypothesis could be: *""Which container type retains heat better?""*  
2. **Controlled Variables**: The volume of water (50 mL) and initial temperature (90°C) are standardized, ensuring consistency. The independent variable is the container type (glass vs. foam).  
3. **Measurable Outcome**: The dependent variable is the time it takes for the water to cool to 25°C. This quantifiable data allows for clear conclusions about insulation properties.  
4. **Scientific Method Alignment**: The process follows the steps of the scientific method: observation (heat loss in different containers), hypothesis, experimentation, data collection, and analysis.  

**Why Not the Others?**  
- **A** measures temperature change during mixing but lacks a clear hypothesis or controlled variables.  
- **C** tests volume displacement but is less directly tied to the scientific method’s emphasis on cause-and-effect relationships.  
- **D** is vague about variables (e.g., heat source, meat type) and lacks controlled conditions.  

**Conclusion**: **Option B** best demonstrates the scientific method by systematically testing a hypothesis with controlled variables and measurable results.",True,25.308927700010827,2907,895,794
B,"**Answer:**  
**B. Nga bali mu bubiri bubiri, baawula omugatte nga bakozesa obukodyo bwe balaba nga butuufu, era balambulula okutuuka ku kigero ki obusobozi bwabwe okukola ekyo bwe bwali.**  

**Explanation:**  
The question asks about the narrative technique used by the author to immerse readers in the characters' experiences. The correct answer (B) highlights the use of **stream of consciousness**, where the narrative shifts between characters' perspectives to reflect their fragmented thoughts and emotions. This technique mirrors the characters' disjointed lives and societal struggles, as seen in the passage. The other options focus on different methods (e.g., metaphorical language, structural analysis, or thematic repetition), but **B** directly addresses the immersive, perspective-driven style central to the text.  

---  
**Final Answer:**  
\boxed{B}",True,10.207385299989255,2574,708,681
B,"**A. Enkola y'ekyoto ekifumbisa mu bwangu (pressure cooker)**

**Explanation:**  
The question focuses on identifying the cooking method described in the context of using a pressure cooker. A pressure cooker (ekyoto ekifumbisa mu bwangu) is a specific technique that uses steam pressure to cook food faster, aligning with the scenario where the story emphasizes efficiency or specialized tools. The other options (boiling/frying, soda-based cooking, or a general pot) are broader or less precise methods compared to the pressure cooker's distinct mechanism. The correct answer is **A**.",True,4.868333899998106,2438,540,431
D,"**Jawabu:** A

**Tabyeyi:**  
Mu kusobola okuteesa abayizi ku muwendo gwa **puletoni (protons)**, **erikitulooni (electrons)**, ne **nyutulooni (neutrons)** mu **keyoni (cations)**, omusomesa ayagala okusaba ku:  
- **Namba y’akaziba (Z)**: Ezikola ku namba ya puletoni (protons), oba enjawulo ku namba ya erikitulooni mu atomu ekigendererwa.  
- **Namba y’obuzito (A)**: Ezikola ku puletoni + nyutulooni, oba enjawulo mu keyoni (cations) oba anayoni (anions).  

**Keyoni (cations)** ezigendererwa nga atomu **ekozeseza erikitulooni**, oba enjawulo ku puletoni. Naye, **puletoni** ne **nyutulooni** ezigendererako, oba enjawulo mu kusobola ku **akaziba (element)**.  

**Option A** ezigendererako ku:  
- **Puletoni, erikitulooni, ne nyutulooni** mu ayoni (ions) enjawulo.  
- **Namba y’akaziba (Z)** ne **namba y’obuzito (A)**, oba enjawulo ku muwendo gwa erikitulooni mu keyoni.  

**Option B** ezigendererako ku **katayoni (cations)** ne **anayoni (anions)**, oba enjawulo mu kusobola ku **mugatte**, oba enjawulo mu kusobola ku **mugatte**.  
**Option D** ezigendererako ku **puletoni** (protons) ekigendererako, oba enjawulo mu kusobola ku **keyoni**, oba enjawulo mu kusobola ku **erikitulooni** (electrons) ekigendererako.  

**Kasooka:**  
Option **A** ezigendererako ku **muwendo gwa puletoni, erikitulooni, ne nyutulooni** mu **keyoni**, oba enjawulo ku **namba y’akaziba (Z)** ne **namba y’obuzito (A)**, oba enjawulo mu kusobola ku **mugatte**.  

**Jawabu:** **A**",True,16.84051000000909,3069,1042,531
D,"**Jawabu:** C. Okukkiriza n'okujjukira kw'omubiri (immunological memory)

**Tabyeyi:**  
Ku kibiina, *okukkiriza n'okujjukira* (immunological memory) ekigendererwa ekikulu mu kunoonyereza obwerinde obw'okwawula. Mu kiseera ky'okwerinda endwadde, obwerinde obw'okwawula (kama obwerinde obw'okwawula obwerinde obw'okwawula obwerinde obw'okwawula) obw'okwawula obwerinde obw'okwawula obwerinde obw'okwawula obwerinde obw'okwawula obwerinde obw'okwawula obwerinde obw'okwawula obwerinde obw'okwawula obwerinde obw'okwawula obwerinde obw'okwawula obwerinde obw'okwawula obwerinde obw'okwawula obwerinde obw'okwawula obwerinde obw'okwawula obwerinde obw'okwawula obwerinde obw'okwawula obwerinde obw'okwawula obwerinde obw'okwawula obwerinde obw'okwawula obwerinde obw'okwawula obwerinde obw'okwawula obwerinde obw'okwawula obwerinde obw'okwawula obwerinde obw'okwawula obwerinde obw'okwawula obwerinde obw'okwawula obwerinde obw'okwawula obwerinde obw'okwawula obwerinde obw'okwawula obwerinde obw'okwawula obwerinde obw'okwawula obwerinde obw'okwawula obwerinde obw'okwawula obwerinde obw'okwawula obwerinde obw'okwawula obwerinde obw'okwawula obwerinde obw'okwawula obwerinde obw'okwawula obwerinde obw'okwawula obwerinde obw'okwawula obwerinde obw'okwawula obwerinde obw'okwawula obwerinde obw'okwawula obwerinde obw'okwawula obwerinde obw'okwawula obwerinde obw'okwawula obwerinde obw'okwawula obwerinde obw'okwawula obwerinde obw'okwawula obwerinde obw'okwawula obwerinde obw'okwawula obwerinde obw'okwawula obwerinde obw'okwawula obwerinde obw'okwawula obwerinde obw'okwawula obwerinde obw'okwawula obwerinde obw'okwawula obwerinde obw'okwawula obwerinde obw'okwawula obwerinde obw'okwawula obwerinde obw'okwawula obwerinde obw'okwawula obwerinde obw'okwawula obwerinde obw'okwawula obwerinde obw'okwawula obwerinde obw'okwawula obwerinde obw'okwawula obwerinde obw'okwawula obwerinde obw'okwawula obwerinde obw'okwawula obwerinde obw'okwawula obwerinde obw'okwawula obwerinde obw'okwawula obwerinde obw'okwawula obwerinde obw'okwawula obwerinde obw'okwawula obwerinde obw'okwawula obwerinde obw'okwawula obwerinde obw'okwawula obwerinde obw'okwawula obwerinde obw'okwawula obwerinde obw'okwawula obwerinde obw'okwawula obwerinde obw'okwawula obwerinde obw'okwawula obwerinde obw'okwawula obwerinde obw'okwawula obwerinde obw'okwawula obwerinde obw'okwawula obwerinde obw'okwawula obwerinde obw'okwawula obwerinde obw'okwawula obwerinde obw'okwawula obwerinde obw'okwawula obwerinde obw'okwawula obwerinde obw'okwawula obwerinde obw'okwawula obwerinde obw'okwawula obwerinde obw'okwawula obwerinde obw'okwawula obwerinde obw'okwawula obwerinde obw'okwawula obwerinde obw'okwawula obwerinde obw'okwawula obwerinde obw'okwawula obwerinde obw'okwawula obwerinde obw'okwawula obwerinde obw'okwawula obwerinde obw'okwawula obwerinde obw'okwawula obwerinde obw'okwawula obwerinde obw'okwawula obwerinde obw'okwawula obwerinde obw'okwawula obwerinde obw'okwawula obwerinde obw'okwawula obwerinde obw'okwawula obwerinde obw'okwawula obwerinde obw'okwawula obwerinde obw'okwawula obwerinde obw'okwawula obwerinde obw'okwawula obwerinde obw'okwawula obwerinde obw'okwawula obwerinde obw'okwawula obwerinde obw'okwawula obwerinde obw'okwawula obwerinde obw'okwawula obwerinde obw'okwawula obwerinde obw'okwawula obwerinde obw'okwawula obwerinde obw'okwawula obwerinde obw'okwawula obwerinde obw'okwawula obwerinde obw'okwawula obwerinde obw'okwawula obwerinde obw'okwawula obwerinde obw'okwawula obwerinde obw'okwawula obwerinde obw'okwawula obwerinde obw'okwawula obwerinde obw'okwawula obwerinde obw'okwawula obwerinde obw'okwawula obwerinde obw'okwawula obwerinde obw'okwawula obwerinde obw'okwawula obwerinde obw'okwawula obwerinde obw'okwawula obwerinde obw'okwawula obwerinde obw'okwawula obwerinde obw'okwawula obwerinde obw'okwawula obwerinde obw'okwawula obwerinde obw'okwawula obwerinde obw'okwawula obwerinde obw'okwawula obwerinde obw'okwawula obwerinde obw'okwawula obwerinde obw'okwawula obwerinde obw'okwawula obwerinde obw'okwawula obwerinde obw'okwawula obwerinde obw'okwawula obwerinde obw'okwawula obwerinde obw'okwawula obwerinde obw'okwawula obwerinde obw'okwawula obwerinde obw'okwawula obwerinde obw'okwawula obwerinde obw'okwawula obwerinde obw'okwawula obwerinde obw'okwawula obwerinde obw'okwawula obwerinde obw'okwawula obwerinde obw'okwawula obwerinde obw'okwawula obwerinde obw'okwawula obwerinde obw'okwawula obwerinde obw'okwawula obwerinde obw'okwawula obwerinde obw'okwawula obwerinde obw'okwawula obwerinde obw'okwawula obwerinde obw'okwawula obwerinde obw'okwawula obwerinde obw'okwawula obwerinde obw'okwawula obwerinde obw'okwawula obwerinde obw'okwawula obwerinde obw'okwawula obwerinde obw'okwawula obwerinde obw'okwawula obwerinde obw'okwawula obwerinde obw'okwawula obwerinde obw'okwawula obwerinde obw'okwawula obwerinde obw'okwawula obwerinde obw'okwawula obwerinde obw'okwawula obwerinde obw'okwawula obwerinde obw'okwawula obwerinde obw'okwawula obwerinde obw'okwawula obwerinde obw'okwawula obwerinde obw'okwawula obwerinde obw'okwawula obwerinde obw'okwawula obwerinde obw'okwawula obwerinde obw'okwawula obwerinde obw'okwawula obwerinde obw'okwawula obwerinde obw'okwawula obwerinde obw'okwawula obwerinde obw'okwawula obwerinde obw'okwawula obwerinde obw'okwawula obwerinde obw'okwawula obwerinde obw'okwawula obwerinde obw'okwawula obwerinde obw'okwawula obwerinde obw'okwawula obwerinde obw'okwawula obwerinde obw'okwawula obwerinde obw'okwawula obwerinde obw'okwawula obwerinde obw'okwawula obwerinde obw'okwawula obwerinde obw'okwawula obwerinde obw'okwawula obwerinde obw'okwawula obwerinde obw'okwawula obwerinde obw'okwawula obwerinde obw'okwawula obwerinde obw'okwawula obwerinde obw'okwawula obwerinde obw'okwawula obwerinde obw'okwawula obwerinde obw'okwawula obwerinde obw'okwawula obwerinde obw'okwawula obwerinde obw'okwawula obwerinde obw'okwawula obwerinde obw'okwawula obwerinde obw'okwawula obwerinde obw'okwawula obwerinde obw'okwawula obwerinde obw'okwawula obwerinde obw'okwawula obwerinde obw'okwawula obwerinde obw'okwawula obwerinde obw'okwawula obwerinde obw'okwawula obwerinde obw'okwawula obwerinde obw'okwawula obwerinde obw'okwawula obwerinde obw'okwawula obwerinde obw'okwawula obwerinde obw'okwawula obwerinde obw'okwawula obwerinde obw'okwawula obwerinde obw'okwawula obwerinde obw'okwawula obwerinde obw'okwawula obwerinde obw'okwawula obwerinde obw'okwawula obwerinde obw'okwawula obwerinde obw'okwawula obwerinde obw'okwawula obwerinde obw'okwawula obwerinde obw'okwawula obwerinde obw'okwawula obwerinde obw'okwawula obwerinde obw'okwawula obwerinde obw'okwawula obwerinde obw'okwawula obwerinde obw'okwawula obwerinde obw'okwawula obwerinde obw'okwawula obwerinde obw'okwawula obwerinde obw'okwawula obwerinde obw'okwawula obwerinde obw'okwawula obwerinde obw'okwawula obwerinde obw'okwawula obwerinde obw'okwawula obwerinde obw'okwawula obwerinde obw'okwawula obwerinde obw'okwawula obwerinde obw'okwawula obwerinde obw'okwawula obwerinde obw'okwawula obwerinde obw'okwawula obwerinde obw'okwawula obwerinde obw'okwawula obwerinde obw'okwawula obwerinde obw'okwawula obwerinde obw'okwawula obwerinde obw'okwawula obwerinde obw'okwawula obwerinde obw'okwawula obwerinde obw'okwawula obwerinde obw'okwawula obwerinde obw'okwawula obwerinde obw'okwawula obwerinde obw'okwawula obwerinde obw'okwawula obwerinde obw'okwawula obwerinde obw'okwawula obwerinde obw'okwawula obwerinde obw'okwawula obwerinde obw'okwawula obwerinde obw'okwawula obwerinde obw'okwawula obwerinde obw'okwawula obwerinde obw'okwawula obwerinde obw'okwawula obwerinde obw'okwawula obwerinde obw'okwawula obwerinde obw'okwawula obwerinde obw'okwawula obwerinde obw'okwawula obwerinde obw'okwawula obwerinde obw'okwawula obwerinde obw'okwawula obwerinde obw'okwawula obwerinde obw'okwawula obwerinde obw'okwawula obwerinde obw'okwawula obwerinde obw'okwawula obwerinde obw'okwawula obwerinde obw'okwawula obwerinde obw'okwawula obwerinde obw'okwawula obwerinde obw'okwawula obwerinde obw'okwawula obwerinde obw'okwawula obwerinde obw'okwawula obwerinde obw'okwawula",True,62.60542879998684,5850,4000,498
D,"**B**. Omukwano wakati w'amaanyi g'obuzito n'enkyukakyuka omubiri gye guba nagyo.

**Explanation**:  
Hooke's Law (etteeka lya Hooke) ekyeyinza okukozesa **mukwano wakati w'amaanyi g'obuzito (F)** n'**enkyukakyuka omubiri gye guba nagyo (x)**. Ekyeyinza nti amaanyi g'obuzito ekyeyinza obusobozi bw'obuzito (k) n'obusobozi bw'ekyukakyuka (x), oba F = -kx. Kino enjawulo y'amaanyi ag'enkanankana oba agaddawo mu bintu ebimu (kiki kye B).  

- **Option A** (kiki kya kyenvu, kikakanyavu, n'engeri y'amaanyi) ekyeyinza okukozesa obusobozi, oba te Hooke's Law ekyeyinza mukwano wakati w'amaanyi n'ekyukakyuka.  
- **Option C** (kiki kya kyenvu n'ekyukakyuka) ekyeyinza okukozesa obusobozi, oba te te Hooke's Law ekyeyinza mukwano wakati w'amaanyi n'ekyukakyuka.  
- **Option D** (kiki kya kyenvu n'entambula y'ebintu) ekyeyinza obusobozi, oba te te Hooke's Law ekyeyinza mukwano wakati w'amaanyi n'ekyukakyuka.  

**Option B** ekyeyinza **mukwano wakati w'amaanyi g'obuzito n'ekyukakyuka**, oba te te Hooke's Law ekyeyinza.",True,37.966436999995494,3015,1166,847
A,"**Ekibuuzo ekiddamu mu buwandiike eky’akamalirizo ku mutendera ogw’omusanvu**  
Kino ekibuuzo ekisooka ku **ekigendererwa ky’okukozesa amateeka g’ekigaz (Boyle, Gay-Lussac, ne Charles)** mu ngeri etali ya kubala mu byokulabirako ebya bulijjo. Ekigendererwa kino ekituufu mu kusobola okukung’aanya obukakafu ku mutendera gw’omuyigirizwa ogw’ebiruubirirwa by’okuyiga bino.  

**Kiri D ekikiddwako**  
- **D** ekisooka ku **""Bakubalira omuwendo gw’obwoki, obungi, n’akanyigirizi k’ekigaz, nga bakozesa omugatte gw’amateeka g’ekigaz ekituufu mu mbeera eza bulijjo.""**  
  Kino ekituufu nti omusomesa **ayagala amateeka g’ekigaz** (Boyle, Gay-Lussac, ne Charles) mu kusobola okukung’aanya obukakafu. Amateeka g’ekigaz eza ebituufu ku **okukozesa obusobozi oba obungi oba obwoki oba akanyigirizi k’ekigaz** mu kusinziira ku **mbeera eza bulijjo** (kino ekituufu ku kisooka ku mutendera ogw’omusanvu).  

**Ku mirimu egiddako kiki abiri ab’okozesa amateeka g’ekigaz?**  
- **Boyle’s Law**: Okusinziira ku **obungi ne obwoki** (pressure × volume = constant, mu kikuta ky’ekikakanyavu).  
- **Charles’s Law**: Okusinziira ku **obungi ne obungi** (volume ∝ temperature, mu kikuta ky’ekikakanyavu).  
- **Gay-Lussac’s Law**: Okusinziira ku **obungi ne obungi** (pressure ∝ temperature, mu kikuta ky’ekikakanyavu).  

**Kiki abiri ab’okozesa amateeka g’ekigaz?**  
- **D** ekisooka ku **""Bakozesa omugatte gw’amateeka g’ekigaz ekituufu mu mbeera eza bulijjo.""**  
  Kino ekituufu nti omusomesa **ayagala amateeka g’ekigaz** (Boyle, Gay-Lussac, ne Charles) mu kusinziira ku **mbeera eza bulijjo** (kino ekituufu ku kisooka ku mutendera ogw’omusanvu).  

**Kiki abiri ab’okozesa amateeka g’ekigaz?**  
- **A** ekisooka ku **""Bakozesa amateeka ga Boyle, Gay-Lussac, ne Charles mu ngeri etali ya kubala mu byokulabirako ebya bulijjo.""**  
  Kino ekituufu nti amateeka g’ekigaz **ekisooka ku ngeri etali ya kubala**, oba kino **ekikwata** (ekisooka ku kisooka ku mutendera ogw’omusanvu).  

**Kiki abiri ab’okozesa amateeka g’ekigaz?**  
- **B** ekisooka ku **""Bannyonnyola ebifa mu ggulaafu, nga bakakasa omukwano wakati w'akanyigirizi n'ebipimo by'obubugumu bw'eggaasi.""**  
  Kino ekituufu nti **bannyonnyola ebifa mu ggulaafu**, oba kino **ekikwata** (ekisooka ku kisooka ku mutendera ogw’omusanvu).  

- **C** ekisooka ku **""Balaga mu bulamu obwa bulijjo obungi bw’ebipimo by’ebintu eby’omukka omungi n’ebipimo by’obugumu bwabyo.""**  
  Kino ekituufu nti **balaga mu bulamu obwa bulijjo**, oba kino **ekikwata** (ekisooka ku kisooka ku mutendera ogw’omusanvu).  

**Kiri D ekikiddwako**  
- **D** ekisooka ku **""Bakubalira omuwendo gw’obwoki, obungi, n’akanyigirizi k’ekigaz, nga bakozesa omugatte gw’amateeka g’ekigaz ekituufu mu mbeera eza bulijjo.""**  
  Kino ekituufu nti **omusomesa ayagala amateeka g’ekigaz** (Boyle, Gay-Lussac, ne Charles) mu kusinziira ku **mbeera eza bulijjo**, oba kino **ekisooka ku kisooka ku mutendera ogw’omusanvu**.  

**Kiri D ekikiddwako**  
- **D** ekisooka ku **""Bakozesa omugatte gw’amateeka g’ekigaz ekituufu mu mbeera eza bulijjo.""**  
  Kino ekituufu nti **omusomesa ayagala amateeka g’ekigaz** (Boyle, Gay-Lussac, ne Charles) mu kusinziira ku **mbeera eza bulijjo**, oba kino **ekisooka ku kisooka ku mutendera ogw’omusanvu**.  

**Kiri D ekikiddwako**  
- **D** ekisooka ku **""Bakozesa omugatte gw’amateeka g’ekigaz ekituufu mu mbeera eza bulijjo.""**  
  Kino ekituufu nti **omusomesa ayagala amateeka g’ekigaz** (Boyle, Gay-Lussac, ne Charles) mu kusinziira ku **mbeera eza bulijjo**, oba kino **ekisooka ku kisooka ku mutendera ogw’omusanvu**.  

**Kiri D ekikiddwako**  
- **D** ekisooka ku **""Bakozesa omugatte gw’amateeka g’ekigaz ekituufu mu mbeera eza bulijjo.""**  
  Kino ekituufu nti **omusomesa ayagala amateeka g’ekigaz** (Boyle, Gay-Lussac, ne Charles) mu kusinziira ku **mbeera eza bulijjo**, oba kino **ekisooka ku kisooka ku mutendera ogw’omusanvu**.  

**Kiri D ekikiddwako**  
- **D** ekisooka ku **""Bakozesa omugatte gw’amateeka g’ekigaz ekituufu mu mbeera eza bulijjo.""**  
  Kino ekituufu nti **omusomesa ayagala amateeka g’ekigaz** (Boyle, Gay-Lussac, ne Charles) mu kusinziira ku **mbeera eza bulijjo**, oba kino **ekisooka ku kisooka ku mutendera ogw’omusanvu**.  

**Kiri D ekikiddwako**  
- **D** ekisooka ku **""Bakozesa omugatte gw’amateeka g’ekigaz ekituufu mu mbeera eza bulijjo.""**  
  Kino ekituufu nti **omusomesa ayagala amateeka g’ekigaz** (Boyle, Gay-Lussac, ne Charles) mu kusinziira ku **mbeera eza bulijjo**, oba kino **ekisooka ku kisooka ku mutendera ogw’omusanvu**.  

**Kiri D ekikiddwako**  
- **D** ekisooka ku **""Bakozesa omugatte gw’amateeka g’ekigaz ekituufu mu mbeera eza bulijjo.""**  
  Kino ekituufu nti **omusomesa ayagala amateeka g’ekigaz** (Boyle, Gay-Lussac, ne Charles) mu kusinziira ku **mbeera eza bulijjo**, oba kino **ekisooka ku kisooka ku mutendera ogw’omusanvu**.  

**Kiri D ekikiddwako**  
- **D** ekisooka ku **""Bakozesa omugatte gw’amateeka g’ekigaz ekituufu mu mbeera eza bulijjo.""**  
  Kino ekituufu nti **omusomesa ayagala amateeka g’ekigaz** (Boyle, Gay-Lussac, ne Charles) mu kusinziira ku **mbeera eza bulijjo**, oba kino **ekisooka ku kisooka ku mutendera ogw’omusanvu**.  

**Kiri D ekikiddwako**  
- **D** ekisooka ku **""Bakozesa omugatte gw’amateeka g’ekigaz ekituufu mu mbeera eza bulijjo.""**  
  Kino ekituufu nti **omusomesa ayagala amateeka g’ekigaz** (Boyle, Gay-Lussac, ne Charles) mu kusinziira ku **mbeera eza bulijjo**, oba kino **ekisooka ku kisooka ku mutendera ogw’omusanvu**.  

**Kiri D ekikiddwako**  
- **D** ekisooka ku **""Bakozesa omugatte gw’amateeka g’ekigaz ekituufu mu mbeera eza bulijjo.""**  
  Kino ekituufu nti **omusomesa ayagala amateeka g’ekigaz** (Boyle, Gay-Lussac, ne Charles) mu kusinziira ku **mbeera eza bulijjo**, oba kino **ekisooka ku kisooka ku mutendera ogw’omusanvu**.  

**Kiri D ekikiddwako**  
- **D** ekisooka ku **""Bakozesa omugatte gw’amateeka g’ekigaz ekituufu mu mbeera eza bulijjo.""**  
  Kino ekituufu nti **omusomesa ayagala amateeka g’ekigaz** (Boyle, Gay-Lussac, ne Charles) mu kusinziira ku **mbeera eza bulijjo**, oba kino **ekisooka ku kisooka ku mutendera ogw’omusanvu**.  

**Kiri D ekikiddwako**  
- **D** ekisooka ku **""Bakozesa omugatte gw’amateeka g’ekigaz ekituufu mu mbeera eza bulijjo.""**  
  Kino ekituufu nti **omusomesa ayagala amateeka g’ekigaz** (Boyle, Gay-Lussac, ne Charles) mu kusinziira ku **mbeera eza bulijjo**, oba kino **ekisooka ku kisooka ku mutendera ogw’omusanvu**.  

**Kiri D ekikiddwako**  
- **D** ekisooka ku **""Bakozesa omugatte gw’amateeka g’ekigaz ekituufu mu mbeera eza bulijjo.""**  
  Kino ekituufu nti **omusomesa ayagala amateeka g’ekigaz** (Boyle, Gay-Lussac, ne Charles) mu kusinziira ku **mbeera eza bulijjo**, oba kino **ekisooka ku kisooka ku mutendera ogw’omusanvu**.  

**Kiri D ekikiddwako**  
- **D** ekisooka ku **""Bakozesa omugatte gw’amateeka g’ekigaz ekituufu mu mbeera eza bulijjo.""**  
  Kino ekituufu nti **omusomesa ayagala amateeka g’ekigaz** (Boyle, Gay-Lussac, ne Charles) mu kusinziira ku **mbeera eza bulijjo**, oba kino **ekisooka ku kisooka ku mutendera ogw’omusanvu**.  

**Kiri D ekikiddwako**  
- **D** ekisooka ku **""Bakozesa omugatte gw’amateeka g’ekigaz ekituufu mu mbeera eza bulijjo.""**  
  Kino ekituufu nti **omusomesa ayagala amateeka g’ekigaz** (Boyle, Gay-Lussac, ne Charles) mu kusinziira ku **mbeera eza bulijjo**, oba kino **ekisooka ku kisooka ku mutendera ogw’omusanvu**.  

**Kiri D ekikiddwako**  
- **D** ekisooka ku **""Bakozesa omugatte gw’amateeka g’ekigaz ekituufu mu mbeera eza bulijjo.""**  
  Kino ekituufu nti **omusomesa ayagala amateeka g’ekigaz** (Boyle, Gay-Lussac, ne Charles) mu kusinziira ku **mbeera eza bulijjo**, oba kino **ekisooka ku kisooka ku mutendera ogw’omusanvu**.  

**Kiri D ekikiddwako**  
- **D** ekisooka ku **""Bakozesa omugatte gw’amateeka g’ekigaz ekituufu mu mbeera eza bulijjo.""**  
  Kino ekituufu nti **omusomesa ayagala amateeka g’ekigaz** (Boyle, Gay-Lussac, ne Charles) mu kusinziira ku **mbeera eza bulijjo**, oba kino **ekisooka ku kisooka ku mutendera ogw’omusanvu**.  

**Kiri D ekikiddwako**  
- **D** ekisooka ku **""Bakozesa omugatte gw’amateeka g’ekigaz ekituufu mu mbeera eza bulijjo.""**  
  Kino ekituufu nti **omusomesa ayagala amateeka g’ekigaz** (Boyle, Gay-Lussac, ne Charles) mu kusinziira ku **mbeera eza bulijjo**, oba kino **ekisooka ku k",True,106.710096899973,5959,4000,561
D,"**Jibu:** D. Mu biseera by’okuzannya obwereere mu luggya, Soledad akuba ensigo mu ngalo ze nagamba: “Nneneenya”

**Tabyokka:**  
Ekibuuzo kino ekyokka okutegeera obwongo (setting) n’omulimu (atmosphere) mu kibinja. Ekikwatagana n’option D kubiri ku mibuuzo eby’okutegeera obwongo (desert) n’omulimu (mood) mu kiseera. ""Nneneenya"" ekyinza okutegeera omulimu obwerere oba obw’okwesha, oba obw’okwesha ku mibuuzo eby’okuzannya obwereere. 

- **Option A, B, n’C** ekyokka obutonde (plot events) oba obutonde obwerere (character interactions) oba obutonde obwerere oba obw’okwesha, oba obw’okwesha, oba obw’okwesha, oba obw’okwesha, oba obw’okwesha, oba obw’okwesha, oba obw’okwesha, oba obw’okwesha, oba obw’okwesha, oba obw’okwesha, oba obw’okwesha, oba obw’okwesha, oba obw’okwesha, oba obw’okwesha, oba obw’okwesha, oba obw’okwesha, oba obw’okwesha, oba obw’okwesha, oba obw’okwesha, oba obw’okwesha, oba obw’okwesha, oba obw’okwesha, oba obw’okwesha, oba obw’okwesha, oba obw’okwesha, oba obw’okwesha, oba obw’okwesha, oba obw’okwesha, oba obw’okwesha, oba obw’okwesha, oba obw’okwesha, oba obw’okwesha, oba obw’okwesha, oba obw’okwesha, oba obw’okwesha, oba obw’okwesha, oba obw’okwesha, oba obw’okwesha, oba obw’okwesha, oba obw’okwesha, oba obw’okwesha, oba obw’okwesha, oba obw’okwesha, oba obw’okwesha, oba obw’okwesha, oba obw’okwesha, oba obw’okwesha, oba obw’okwesha, oba obw’okwesha, oba obw’okwesha, oba obw’okwesha, oba obw’okwesha, oba obw’okwesha, oba obw’okwesha, oba obw’okwesha, oba obw’okwesha, oba obw’okwesha, oba obw’okwesha, oba obw’okwesha, oba obw’okwesha, oba obw’okwesha, oba obw’okwesha, oba obw’okwesha, oba obw’okwesha, oba obw’okwesha, oba obw’okwesha, oba obw’okwesha, oba obw’okwesha, oba obw’okwesha, oba obw’okwesha, oba obw’okwesha, oba obw’okwesha, oba obw’okwesha, oba obw’okwesha, oba obw’okwesha, oba obw’okwesha, oba obw’okwesha, oba obw’okwesha, oba obw’okwesha, oba obw’okwesha, oba obw’okwesha, oba obw’okwesha, oba obw’okwesha, oba obw’okwesha, oba obw’okwesha, oba obw’okwesha, oba obw’okwesha, oba obw’okwesha, oba obw’okwesha, oba obw’okwesha, oba obw’okwesha, oba obw’okwesha, oba obw’okwesha, oba obw’okwesha, oba obw’okwesha, oba obw’okwesha, oba obw’okwesha, oba obw’okwesha, oba obw’okwesha, oba obw’okwesha, oba obw’okwesha, oba obw’okwesha, oba obw’okwesha, oba obw’okwesha, oba obw’okwesha, oba obw’okwesha, oba obw’okwesha, oba obw’okwesha, oba obw’okwesha, oba obw’okwesha, oba obw’okwesha, oba obw’okwesha, oba obw’okwesha, oba obw’okwesha, oba obw’okwesha, oba obw’okwesha, oba obw’okwesha, oba obw’okwesha, oba obw’okwesha, oba obw’okwesha, oba obw’okwesha, oba obw’okwesha, oba obw’okwesha, oba obw’okwesha, oba obw’okwesha, oba obw’okwesha, oba obw’okwesha, oba obw’okwesha, oba obw’okwesha, oba obw’okwesha, oba obw’okwesha, oba obw’okwesha, oba obw’okwesha, oba obw’okwesha, oba obw’okwesha, oba obw’okwesha, oba obw’okwesha, oba obw’okwesha, oba obw’okwesha, oba obw’okwesha, oba obw’okwesha, oba obw’okwesha, oba obw’okwesha, oba obw’okwesha, oba obw’okwesha, oba obw’okwesha, oba obw’okwesha, oba obw’okwesha, oba obw’okwesha, oba obw’okwesha, oba obw’okwesha, oba obw’okwesha, oba obw’okwesha, oba obw’okwesha, oba obw’okwesha, oba obw’okwesha, oba obw’okwesha, oba obw’okwesha, oba obw’okwesha, oba obw’okwesha, oba obw’okwesha, oba obw’okwesha, oba obw’okwesha, oba obw’okwesha, oba obw’okwesha, oba obw’okwesha, oba obw’okwesha, oba obw’okwesha, oba obw’okwesha, oba obw’okwesha, oba obw’okwesha, oba obw’okwesha, oba obw’okwesha, oba obw’okwesha, oba obw’okwesha, oba obw’okwesha, oba obw’okwesha, oba obw’okwesha, oba obw’okwesha, oba obw’okwesha, oba obw’okwesha, oba obw’okwesha, oba obw’okwesha, oba obw’okwesha, oba obw’okwesha, oba obw’okwesha, oba obw’okwesha, oba obw’okwesha, oba obw’okwesha, oba obw’okwesha, oba obw’okwesha, oba obw’okwesha, oba obw’okwesha, oba obw’okwesha, oba obw’okwesha, oba obw’okwesha, oba obw’okwesha, oba obw’okwesha, oba obw’okwesha, oba obw’okwesha, oba obw’okwesha, oba obw’okwesha, oba obw’okwesha, oba obw’okwesha, oba obw’okwesha, oba obw’okwesha, oba obw’okwesha, oba obw’okwesha, oba obw’okwesha, oba obw’okwesha, oba obw’okwesha, oba obw’okwesha, oba obw’okwesha, oba obw’okwesha, oba obw’okwesha, oba obw’okwesha, oba obw’okwesha, oba obw’okwesha, oba obw’okwesha, oba obw’okwesha, oba obw’okwesha, oba obw’okwesha, oba obw’okwesha, oba obw’okwesha, oba obw’okwesha, oba obw’okwesha, oba obw’okwesha, oba obw’okwesha, oba obw’okwesha, oba obw’okwesha, oba obw’okwesha, oba obw’okwesha, oba obw’okwesha, oba obw’okwesha, oba obw’okwesha, oba obw’okwesha, oba obw’okwesha, oba obw’okwesha, oba obw’okwesha, oba obw’okwesha, oba obw’okwesha, oba obw’okwesha, oba obw’okwesha, oba obw’okwesha, oba obw’okwesha, oba obw’okwesha, oba obw’okwesha, oba obw’okwesha, oba obw’okwesha, oba obw’okwesha, oba obw’okwesha, oba obw’okwesha, oba obw’okwesha, oba obw’okwesha, oba obw’okwesha, oba obw’okwesha, oba obw’okwesha, oba obw’okwesha, oba obw’okwesha, oba obw’okwesha, oba obw’okwesha, oba obw’okwesha, oba obw’okwesha, oba obw’okwesha, oba obw’okwesha, oba obw’okwesha, oba obw’okwesha, oba obw’okwesha, oba obw’okwesha, oba obw’okwesha, oba obw’okwesha, oba obw’okwesha, oba obw’okwesha, oba obw’okwesha, oba obw’okwesha, oba obw’okwesha, oba obw’okwesha, oba obw’okwesha, oba obw’okwesha, oba obw’okwesha, oba obw’okwesha, oba obw’okwesha, oba obw’okwesha, oba obw’okwesha, oba obw’okwesha, oba obw’okwesha, oba obw’okwesha, oba obw’okwesha, oba obw’okwesha, oba obw’okwesha, oba obw’okwesha, oba obw’okwesha, oba obw’okwesha, oba obw’okwesha, oba obw’okwesha, oba obw’okwesha, oba obw’okwesha, oba obw’okwesha, oba obw’okwesha, oba obw’okwesha, oba obw’okwesha, oba obw’okwesha, oba obw’okwesha, oba obw’okwesha, oba obw’okwesha, oba obw’okwesha, oba obw’okwesha, oba obw’okwesha, oba obw’okwesha, oba obw’okwesha, oba obw’okwesha, oba obw’okwesha, oba obw’okwesha, oba obw’okwesha, oba obw’okwesha, oba obw’okwesha, oba obw’okwesha, oba obw’ok",True,29.36319010000443,6052,4000,703
C,"**Ekkwata kya Lusoga:**

**Ku kiseera ky’okuzannya obwereere mu luggya, Soledad akuba ensigo mu ngalo ze nagamba: “Nneneenya”** (D)

**Ekkwata kya Kinyarwanda:**

**Mu kiseera ky’okuzannya obwereere mu luggya, Soledad akuba ensigo mu ngalo ze nagamba: “Nneneenya”** (D)

**Ekkwata kya Kinyarwanda (Kubera):**

**D.** Mu kiseera ky’okuzannya obwereere mu luggya, Soledad akuba ensigo mu ngalo ze nagamba: “Nneneenya.”  
**Kiyinza:** Kino kituukidwaako kubanga kino kisobola kugendererwa mu kiseera ky’okuzannya obwereere mu luggya, n’ebirowoozo by’Soledad (akuba ensigo, akagamba “Nneneenya”) byasooka ku kiseera ky’okuzannya obwereere. Kino kisobola kugendererwa mu kiseera ky’okuzannya obwereere, n’ebirowoozo by’Soledad byasooka ku kiseera ky’okuzannya obwereere. Kino kisobola kugendererwa mu kiseera ky’okuzannya obwereere, n’ebirowoozo by’Soledad byasooka ku kiseera ky’okuzannya obwereere. Kino kisobola kugendererwa mu kiseera ky’okuzannya obwereere, n’ebirowoozo by’Soledad byasooka ku kiseera ky’okuzannya obwereere. Kino kisobola kugendererwa mu kiseera ky’okuzannya obwereere, n’ebirowoozo by’Soledad byasooka ku kiseera ky’okuzannya obwereere. Kino kisobola kugendererwa mu kiseera ky’okuzannya obwereere, n’ebirowoozo by’Soledad byasooka ku kiseera ky’okuzannya obwereere. Kino kisobola kugendererwa mu kiseera ky’okuzannya obwereere, n’ebirowoozo by’Soledad byasooka ku kiseera ky’okuzannya obwereere. Kino kisobola kugendererwa mu kiseera ky’okuzannya obwereere, n’ebirowoozo by’Soledad byasooka ku kiseera ky’okuzannya obwereere. Kino kisobola kugendererwa mu kiseera ky’okuzannya obwereere, n’ebirowoozo by’Soledad byasooka ku kiseera ky’okuzannya obwereere. Kino kisobola kugendererwa mu kiseera ky’okuzannya obwereere, n’ebirowoozo by’Soledad byasooka ku kiseera ky’okuzannya obwereere. Kino kisobola kugendererwa mu kiseera ky’okuzannya obwereere, n’ebirowoozo by’Soledad byasooka ku kiseera ky’okuzannya obwereere. Kino kisobola kugendererwa mu kiseera ky’okuzannya obwereere, n’ebirowoozo by’Soledad byasooka ku kiseera ky’okuzannya obwereere. Kino kisobola kugendererwa mu kiseera ky’okuzannya obwereere, n’ebirowoozo by’Soledad byasooka ku kiseera ky’okuzannya obwereere. Kino kisobola kugendererwa mu kiseera ky’okuzannya obwereere, n’ebirowoozo by’Soledad byasooka ku kiseera ky’okuzannya obwereere. Kino kisobola kugendererwa mu kiseera ky’okuzannya obwereere, n’ebirowoozo by’Soledad byasooka ku kiseera ky’okuzannya obwereere. Kino kisobola kugendererwa mu kiseera ky’okuzannya obwereere, n’ebirowoozo by’Soledad byasooka ku kiseera ky’okuzannya obwereere. Kino kisobola kugendererwa mu kiseera ky’okuzannya obwereere, n’ebirowoozo by’Soledad byasooka ku kiseera ky’okuzannya obwereere. Kino kisobola kugendererwa mu kiseera ky’okuzannya obwereere, n’ebirowoozo by’Soledad byasooka ku kiseera ky’okuzannya obwereere. Kino kisobola kugendererwa mu kiseera ky’okuzannya obwereere, n’ebirowoozo by’Soledad byasooka ku kiseera ky’okuzannya obwereere. Kino kisobola kugendererwa mu kiseera ky’okuzannya obwereere, n’ebirowoozo by’Soledad byasooka ku kiseera ky’okuzannya obwereere. Kino kisobola kugendererwa mu kiseera ky’okuzannya obwereere, n’ebirowoozo by’Soledad byasooka ku kiseera ky’okuzannya obwereere. Kino kisobola kugendererwa mu kiseera ky’okuzannya obwereere, n’ebirowoozo by’Soledad byasooka ku kiseera ky’okuzannya obwereere. Kino kisobola kugendererwa mu kiseera ky’okuzannya obwereere, n’ebirowoozo by’Soledad byasooka ku kiseera ky’okuzannya obwereere. Kino kisobola kugendererwa mu kiseera ky’okuzannya obwereere, n’ebirowoozo by’Soledad byasooka ku kiseera ky’okuzannya obwereere. Kino kisobola kugendererwa mu kiseera ky’okuzannya obwereere, n’ebirowoozo by’Soledad byasooka ku kiseera ky’okuzannya obwereere. Kino kisobola kugendererwa mu kiseera ky’okuzannya obwereere, n’ebirowoozo by’Soledad byasooka ku kiseera ky’okuzannya obwereere. Kino kisobola kugendererwa mu kiseera ky’okuzannya obwereere, n’ebirowoozo by’Soledad byasooka ku kiseera ky’okuzannya obwereere. Kino kisobola kugendererwa mu kiseera ky’okuzannya obwereere, n’ebirowoozo by’Soledad byasooka ku kiseera ky’okuzannya obwereere. Kino kisobola kugendererwa mu kiseera ky’okuzannya obwereere, n’ebirowoozo by’Soledad byasooka ku kiseera ky’okuzannya obwereere. Kino kisobola kugendererwa mu kiseera ky’okuzannya obwereere, n’ebirowoozo by’Soledad byasooka ku kiseera ky’okuzannya obwereere. Kino kisobola kugendererwa mu kiseera ky’okuzannya obwereere, n’ebirowoozo by’Soledad byasooka ku kiseera ky’okuzannya obwereere. Kino kisobola kugendererwa mu kiseera ky’okuzannya obwereere, n’ebirowoozo by’Soledad byasooka ku kiseera ky’okuzannya obwereere. Kino kisobola kugendererwa mu kiseera ky’okuzannya obwereere, n’ebirowoozo by’Soledad byasooka ku kiseera ky’okuzannya obwereere. Kino kisobola kugendererwa mu kiseera ky’okuzannya obwereere, n’ebirowoozo by’Soledad byasooka ku kiseera ky’okuzannya obwereere. Kino kisobola kugendererwa mu kiseera ky’okuzannya obwereere, n’ebirowoozo by’Soledad byasooka ku kiseera ky’okuzannya obwereere. Kino kisobola kugendererwa mu kiseera ky’okuzannya obwereere, n’ebirowoozo by’Soledad byasooka ku kiseera ky’okuzannya obwereere. Kino kisobola kugendererwa mu kiseera ky’okuzannya obwereere, n’ebirowoozo by’Soledad byasooka ku kiseera ky’okuzannya obwereere. Kino kisobola kugendererwa mu kiseera ky’okuzannya obwereere, n’ebirowoozo by’Soledad byasooka ku kiseera ky’okuzannya obwereere. Kino kisobola kugendererwa mu kiseera ky’okuzannya obwereere, n’ebirowoozo by’Soledad byasooka ku kiseera ky’okuzannya obwereere. Kino kisobola kugendererwa mu kiseera ky’okuzannya obwereere, n’ebirowoozo by’Soledad byasooka ku kiseera ky’okuzannya obwereere. Kino kisobola kugendererwa mu kiseera ky’okuzannya obwereere, n’ebirowoozo by’Soledad byasooka ku kiseera ky’okuzannya obwereere. Kino kisobola kugendererwa mu kiseera ky’okuzannya obwereere, n’ebirowoozo by’Soledad byasooka ku kiseera ky’okuzannya obwereere. Kino kisobola kugendererwa mu kiseera ky’okuzannya obwereere, n’ebirowoozo by’Soledad byasooka ku kiseera ky’okuzannya obwereere. Kino kisobola kugendererwa mu kiseera ky’okuzannya obwereere, n’ebirowoozo by’Soledad byasooka ku kiseera ky’okuzannya obwereere. Kino kisobola kugendererwa mu kiseera ky’okuzannya obwereere, n’ebirowoozo by’Soledad byasooka ku kiseera ky’okuzannya obwereere. Kino kisobola kugendererwa mu kiseera ky’okuzannya obwereere, n’ebirowoozo by’Soledad byasooka ku kiseera ky’okuzannya obwereere. Kino kisobola kugendererwa mu kiseera ky’okuzannya obwereere, n’ebirowoozo by’Soledad byasooka ku kiseera ky’okuzannya obwereere. Kino kisobola kugendererwa mu kiseera ky’okuzannya obwereere, n’ebirowoozo by’Soledad byasooka ku kiseera ky’okuzannya obwereere. Kino kisobola kugendererwa mu kiseera ky’okuzannya obwereere, n’ebirowoozo by’Soledad byasooka ku kiseera ky’okuzannya obwereere. Kino kisobola kugendererwa mu kiseera ky’okuzannya obwereere, n’ebirowoozo by’Soledad byasooka ku kiseera ky’okuzannya obwereere. Kino kisobola kugendererwa mu kiseera ky’okuzannya obwereere, n’ebirowoozo by’Soledad byasooka ku kiseera ky’okuzannya obwereere. Kino kisobola kugendererwa mu kiseera ky’okuzannya obwereere, n’ebirowoozo by’Soledad byasooka ku kiseera ky’okuzannya obwereere. Kino kisobola kugendererwa mu kiseera ky’okuzannya obwereere, n’ebirowoozo by’Soledad byasooka ku kiseera ky’okuzannya obwereere. Kino kisobola kugendererwa mu kiseera ky’okuzannya obwereere, n’ebirowoozo by’Soledad byasooka ku kiseera ky’okuzannya obwereere. Kino kisobola kugendererwa mu kiseera ky’okuzannya obwereere, n’ebirowoozo by’Soledad byasooka ku kiseera ky’okuzannya obwereere. Kino kisobola kugendererwa mu kiseera ky’okuzannya obwereere, n’ebirowoozo by’Soledad byasooka ku kiseera ky’okuzannya obwereere. Kino kisobola kugendererwa mu kiseera ky’okuzannya obwereere, n’ebirowoozo by’Soledad byasooka ku kiseera ky’okuzannya obwereere. Kino kisobola kugendererwa mu kiseera ky’okuzannya obwereere, n’ebirowoozo by’Soledad byasooka ku kiseera ky’okuzannya obwereere. Kino kisobola kugendererwa mu kiseera ky’okuzannya obwereere, n’ebirowoozo by’Soledad byasooka ku kiseera ky’okuzannya obwereere. Kino kisobola kugendererwa mu kiseera ky’okuzannya obwereere, n’ebirowoozo by’Soledad byasooka ku kiseera ky’okuzannya obwereere. Kino kisobola kugendererwa mu kiseera ky’okuzannya obwereere",True,20.193548999988707,5870,4000,698
B,"**Jawabu:** A

**Tabyeyi:**  
Ekizimbamubiri (amino acid sequence) eza puloteni enjawulo eza mu bibika eby’enjawulo (kisiyizi) ekituufu ku kusobola okuteebereza enkolagana y’obulamu wakati w’ebika. N’okusobola okuteebereza enkolagana, amawulire agazimba ekizimbamubiri eza mu DNA (genes). N’olwekyo, nga tukozesa okuteebereza enkolagana z’ekizimbamubiri eza puloteni eby’enjawulo, omuntu ayinza okuteebereza enkolagana y’obulamu wakati w’ebika. Ekizimbamubiri eza puloteni enjawulo eza mu bibika eby’enjawulo ekituufu ku kusobola okuteebereza enkolagana y’obulamu wakati w’ebika, kubanga ekizimbamubiri eza puloteni eza mu DNA eza mu genes. N’olwekyo, ekizimbamubiri eza puloteni enjawulo eza mu bibika eby’enjawulo ekituufu ku kusobola okuteebereza enkolagana y’obulamu wakati w’ebika. 

**Tabyeyi ya A:**  
- **Ekizimbamubiri eza puloteni** eza mu genes eza DNA.  
- **Okuteebereza enkolagana z’ekizimbamubiri** eza puloteni eby’enjawulo ekituufu ku kusobola okuteebereza enkolagana y’obulamu wakati w’ebika.  
- **Amawulire agazimba ekizimbamubiri** eza mu genes.  

**Tabyeyi ya B:**  
- **Puloteni zikolebwa mu nnamba ennungi** ey’obucaafu bw’amino acidi, kubanga ekizimbamubiri eza puloteni eza mu genes eza DNA.  
- **Nga tutunuulidde omuwendo gw’obucaafu** bw’amino acidi obwenjawulo obwa puloteni y’emu, omuntu ayinza okumanya engeri ebika eby’enjawulo gye bikwatagana mu nkulaakulana.  

**Tabyeyi ya C:**  
- **Puloteni zikolebwa okuva mu kunnyonnyolwa** kw’obubaka bwa RNA, obuva mu kuwandiika kwa jjiini.  
- **Puloteni eno esobola okulagibwa** nga waliwo enkyukakyuka mu nkola y’obusirikale bw’amino asidi.  

**Tabyeyi ya D:**  
- **Enkola y’obusirikale** bw’ekikulukuto kya amino mu poloteyini esalibwawo enkola y’obubonero bwa codons obuba ku bubaka bwa RNA obukolebwa.  
- **Okuva buli codon lulinga** enkola y’obusirikale busatu obwa nucleotides, bwe kikyusibwa, poloteyini erina enkola y’obusirikale bw’ekikulukuto kya amino eyawukana ku ya poloteyini eyasooka eyinza okufunika.  

**Jawabu:** **A**  
**Tabyeyi:** Ekizimbamubiri eza puloteni enjawulo eza mu genes eza DNA ekituufu ku kusobola okuteebereza enkolagana y’obulamu wakati w’ebika. N’olwekyo, ekizimbamubiri eza puloteni enjawulo eza mu genes eza DNA ekituufu ku kusobola okuteebereza enkolagana y’obulamu wakati w’ebika.",True,38.81214409999666,3879,1379,549
D,"**Jawabo: B**  
**Eby’okulondamu:**  
- **Okukyusa obuziizi (oocyte):** Obutoffaali obutannakyuka (enucleated egg cell) bulina obusobozi obw’okukolaakulana ne buzaala ebika by’obutoffaali ebiwerako.  
- **Cytoplasm ya obutoffaali:** Ebintu eby’enjawulo (gamba, enzymes, n’ebikolwa by’okuwandiika) erimu mu cytoplasm ya obutoffaali obutannakyuka ebitabiriza okukyusa obutaffaali obwetaagisa okukula.  
- **Okukyuka mu buziba:** Ebintu eby’obutoffaali (transplanted nucleus) ebitabiriza okukyuka mu buziba bw’omwana yenna, kubanga cytoplasm ya obutoffaali obutannakyuka ebitabiriza okukyusa obutaffaali obwetaagisa okukola.  

**Eby’okukozesa:**  
- **John Gurdon’s experiment:** Egaawa obukakafu nti obutaffaali bw’omu byenda (differentiated cell nucleus) obwetaagisa okukula mu obutoffaali obutannakyuka, kubanga cytoplasm ya obutoffaali obutannakyuka ebitabiriza okukyusa obutaffaali.  
- **Okukyusa obuziizi:** Cytoplasm ya obutoffaali obutannakyuka ebitabiriza okukyusa obutaffaali obwetaagisa okukola, ekisobozesa okukula kw’omwana yenna.  

**Eby’okukozesa obusobozi:**  
- **Option B** ebituuka ku ngeri ez’okukyusa obuziizi, kubanga cytoplasm ya obutoffaali obutannakyuka ebitabiriza okukyusa obutaffaali obwetaagisa okukola.  
- **Option A, C, D** ebituuka ku ngeri ez’okukyusa obutaffaali obwetaagisa okukola, kubanga obutaffaali obwetaagisa okukola ebitabiriza okukyuka mu buziba, kubanga cytoplasm ya obutoffaali obutannakyuka ebitabiriza okukyusa obutaffaali.  

**Eby’okukozesa obusobozi obw’okukyusa obuziizi:**  
- **Cytoplasm ya obutoffaali obutannakyuka** ebitabiriza okukyusa obutaffaali obwetaagisa okukola, ekisobozesa okukula kw’omwana yenna.  
- **Obutaffaali obwetaagisa okukola** ebitabiriza okukyuka mu buziba, kubanga cytoplasm ya obutoffaali obutannakyuka ebitabiriza okukyusa obutaffaali.  

**Eby’okukozesa obusobozi obw’okukyusa obuziizi:**  
- **Option B** ebituuka ku ngeri ez’okukyusa obuziizi, kubanga cytoplasm ya obutoffaali obutannakyuka ebitabiriza okukyusa obutaffaali obwetaagisa okukola.  
- **Option A, C, D** ebituuka ku ngeri ez’okukyusa obutaffaali obwetaagisa okukola, kubanga obutaffaali obwetaagisa okukola ebitabiriza okukyuka mu buziba, kubanga cytoplasm ya obutoffaali obutannakyuka ebitabiriza okukyusa obutaffaali.  

**Eby’okukozesa obusobozi obw’okukyusa obuziizi:**  
- **Cytoplasm ya obutoffaali obutannakyuka** ebitabiriza okukyusa obutaffaali obwetaagisa okukola, ekisobozesa okukula kw’omwana yenna.  
- **Obutaffaali obwetaagisa okukola** ebitabiriza okukyuka mu buziba, kubanga cytoplasm ya obutoffaali obutannakyuka ebitabiriza okukyusa obutaffaali.  

**Eby’okukozesa obusobozi obw’okukyusa obuziizi:**  
- **Option B** ebituuka ku ngeri ez’okukyusa obuziizi, kubanga cytoplasm ya obutoffaali obutannakyuka ebitabiriza okukyusa obutaffaali obwetaagisa okukola.  
- **Option A, C, D** ebituuka ku ngeri ez’okukyusa obutaffaali obwetaagisa okukola, kubanga obutaffaali obwetaagisa okukola ebitabiriza okukyuka mu buziba, kubanga cytoplasm ya obutoffaali obutannakyuka ebitabiriza okukyusa obutaffaali.  

**Eby’okukozesa obusobozi obw’okukyusa obuziizi:**  
- **Cytoplasm ya obutoffaali obutannakyuka** ebitabiriza okukyusa obutaffaali obwetaagisa okukola, ekisobozesa okukula kw’omwana yenna.  
- **Obutaffaali obwetaagisa okukola** ebitabiriza okukyuka mu buziba, kubanga cytoplasm ya obutoffaali obutannakyuka ebitabiriza okukyusa obutaffaali.  

**Eby’okukozesa obusobozi obw’okukyusa obuziizi:**  
- **Option B** ebituuka ku ngeri ez’okukyusa obuziizi, kubanga cytoplasm ya obutoffaali obutannakyuka ebitabiriza okukyusa obutaffaali obwetaagisa okukola.  
- **Option A, C, D** ebituuka ku ngeri ez’okukyusa obutaffaali obwetaagisa okukola, kubanga obutaffaali obwetaagisa okukola ebitabiriza okukyuka mu buziba, kubanga cytoplasm ya obutoffaali obutannakyuka ebitabiriza okukyusa obutaffaali.  

**Eby’okukozesa obusobozi obw’okukyusa obuziizi:**  
- **Cytoplasm ya obutoffaali obutannakyuka** ebitabiriza okukyusa obutaffaali obwetaagisa okukola, ekisobozesa okukula kw’omwana yenna.  
- **Obutaffaali obwetaagisa okukola** ebitabiriza okukyuka mu buziba, kubanga cytoplasm ya obutoffaali obutannakyuka ebitabiriza okukyusa obutaffaali.  

**Eby’okukozesa obusobozi obw’okukyusa obuziizi:**  
- **Option B** ebituuka ku ngeri ez’okukyusa obuziizi, kubanga cytoplasm ya obutoffaali obutannakyuka ebitabiriza okukyusa obutaffaali obwetaagisa okukola.  
- **Option A, C, D** ebituuka ku ngeri ez’okukyusa obutaffaali obwetaagisa okukola, kubanga obutaffaali obwetaagisa okukola ebitabiriza okukyuka mu buziba, kubanga cytoplasm ya obutoffaali obutannakyuka ebitabiriza okukyusa obutaffaali.  

**Eby’okukozesa obusobozi obw’okukyusa obuziizi:**  
- **Cytoplasm ya obutoffaali obutannakyuka** ebitabiriza okukyusa obutaffaali obwetaagisa okukola, ekisobozesa okukula kw’omwana yenna.  
- **Obutaffaali obwetaagisa okukola** ebitabiriza okukyuka mu buziba, kubanga cytoplasm ya obutoffaali obutannakyuka ebitabiriza okukyusa obutaffaali.  

**Eby’okukozesa obusobozi obw’okukyusa obuziizi:**  
- **Option B** ebituuka ku ngeri ez’okukyusa obuziizi, kubanga cytoplasm ya obutoffaali obutannakyuka ebitabiriza okukyusa obutaffaali obwetaagisa okukola.  
- **Option A, C, D** ebituuka ku ngeri ez’okukyusa obutaffaali obwetaagisa okukola, kubanga obutaffaali obwetaagisa okukola ebitabiriza okukyuka mu buziba, kubanga cytoplasm ya obutoffaali obutannakyuka ebitabiriza okukyusa obutaffaali.  

**Eby’okukozesa obusobozi obw’okukyusa obuziizi:**  
- **Cytoplasm ya obutoffaali obutannakyuka** ebitabiriza okukyusa obutaffaali obwetaagisa okukola, ekisobozesa okukula kw’omwana yenna.  
- **Obutaffaali obwetaagisa okukola** ebitabiriza okukyuka mu buziba, kubanga cytoplasm ya obutoffaali obutannakyuka ebitabiriza okukyusa obutaffaali.  

**Eby’okukozesa obusobozi obw’okukyusa obuziizi:**  
- **Option B** ebituuka ku ngeri ez’okukyusa obuziizi, kubanga cytoplasm ya obutoffaali obutannakyuka ebitabiriza okukyusa obutaffaali obwetaagisa okukola.  
- **Option A, C, D** ebituuka ku ngeri ez’okukyusa obutaffaali obwetaagisa okukola, kubanga obutaffaali obwetaagisa okukola ebitabiriza okukyuka mu buziba, kubanga cytoplasm ya obutoffaali obutannakyuka ebitabiriza okukyusa obutaffaali.  

**Eby’okukozesa obusobozi obw’okukyusa obuziizi:**  
- **Cytoplasm ya obutoffaali obutannakyuka** ebitabiriza okukyusa obutaffaali obwetaagisa okukola, ekisobozesa okukula kw’omwana yenna.  
- **Obutaffaali obwetaagisa okukola** ebitabiriza okukyuka mu buziba, kubanga cytoplasm ya obutoffaali obutannakyuka ebitabiriza okukyusa obutaffaali.  

**Eby’okukozesa obusobozi obw’okukyusa obuziizi:**  
- **Option B** ebituuka ku ngeri ez’okukyusa obuziizi, kubanga cytoplasm ya obutoffaali obutannakyuka ebitabiriza okukyusa obutaffaali obwetaagisa okukola.  
- **Option A, C, D** ebituuka ku ngeri ez’okukyusa obutaffaali obwetaagisa okukola, kubanga obutaffaali obwetaagisa okukola ebitabiriza okukyuka mu buziba, kubanga cytoplasm ya obutoffaali obutannakyuka ebitabiriza okukyusa obutaffaali.  

**Eby’okukozesa obusobozi obw’okukyusa obuziizi:**  
- **Cytoplasm ya obutoffaali obutannakyuka** ebitabiriza okukyusa obutaffaali obwetaagisa okukola, ekisobozesa okukula kw’omwana yenna.  
- **Obutaffaali obwetaagisa okukola** ebitabiriza okukyuka mu buziba, kubanga cytoplasm ya obutoffaali obutannakyuka ebitabiriza okukyusa obutaffaali.  

**Eby’okukozesa obusobozi obw’okukyusa obuziizi:**  
- **Option B** ebituuka ku ngeri ez’okukyusa obuziizi, kubanga cytoplasm ya obutoffaali obutannakyuka ebitabiriza okukyusa obutaffaali obwetaagisa okukola.  
- **Option A, C, D** ebituuka ku ngeri ez’okukyusa obutaffaali obwetaagisa okukola, kubanga obutaffaali obwetaagisa okukola ebitabiriza okukyuka mu buziba, kubanga cytoplasm ya obutoffaali obutannakyuka ebitabiriza okukyusa obutaffaali.  

**Eby’okukozesa obusobozi obw’okukyusa obuziizi:**  
- **Cytoplasm ya obutoffaali obutannakyuka** ebitabiriza okukyusa obutaffaali obwetaagisa okukola, ekisobozesa okukula kw’omwana yenna.  
- **Obutaffaali obwetaagisa okukola** ebitabiriza okukyuka mu buziba, kubanga cytoplasm ya obutoffaali obutannakyuka ebitabiriza okukyusa obutaffaali.  

**Eby’okukozesa obusobozi obw’okukyusa obuziizi:**  
- **Option B** ebituuka ku ngeri ez’okukyusa obuziizi, kubanga cytoplasm ya obutoffaali obutannakyuka ebitabiriza okukyusa obutaffaali obwetaagisa okukola.  
- **Option A, C, D** ebituuka ku ngeri ez’okukyusa obutaffaali obwetaagisa okukola, kubanga obutaffaali obwetaagisa okukola ebitabiriza okukyuka mu buziba, kubanga cytoplasm ya obutoffaali obutannakyuka ebitabiriza okukyusa obutaffaali.  

**Eby’okukozesa obusobozi obw’okukyusa ob",True,99.30149109999184,6391,4000,557
D,"**D. Kitegeeza nti omuntu awona, kubanga IgG ne IgM ze ntambalazo ezikola ku buli kika kya akawuka, nga zikolebwa mu kiseera omuntu lw'alumbiddwa obulwadde, okusooka IgM oluvannyuma IgG, nga oluvannyuma IgG esigala mu musaayi okumala ebbanga ddene.**

### **Tabyeyo:**
- **IgM** (Immunoglobulin M) esigala mu **kiseera ky’okulwadde** (early infection) n’ekikola ku buli kika kya virusi. 
- **IgG** (Immunoglobulin G) esigala mu **kiseera ky’okulwadde oba obulwadde oba obulwadde oba obulwadde** (recovery phase) n’ekikola mu musaayi okumala ebbanga ddene.
- **Kino kino**, omuntu oyo yali mu kiseera ky’okulwadde (IgM) oba ky’okulwadde (IgG) **alina akawuka** (infection). 
- **Option D** kitegeeza nti **omuntu awona** (not infected) kubanga **IgG ne IgM ze ntambalazo ezikola ku buli kika kya akawuka** (antibodies produced in response to infection). Kino kino, **kino kino kino kino kino kino kino kino kino kino kino kino kino kino kino kino kino kino kino kino kino kino kino kino kino kino kino kino kino kino kino kino kino kino kino kino kino kino kino kino kino kino kino kino kino kino kino kino kino kino kino kino kino kino kino kino kino kino kino kino kino kino kino kino kino kino kino kino kino kino kino kino kino kino kino kino kino kino kino kino kino kino kino kino kino kino kino kino kino kino kino kino kino kino kino kino kino kino kino kino kino kino kino kino kino kino kino kino kino kino kino kino kino kino kino kino kino kino kino kino kino kino kino kino kino kino kino kino kino kino kino kino kino kino kino kino kino kino kino kino kino kino kino kino kino kino kino kino kino kino kino kino kino kino kino kino kino kino kino kino kino kino kino kino kino kino kino kino kino kino kino kino kino kino kino kino kino kino kino kino kino kino kino kino kino kino kino kino kino kino kino kino kino kino kino kino kino kino kino kino kino kino kino kino kino kino kino kino kino kino kino kino kino kino kino kino kino kino kino kino kino kino kino kino kino kino kino kino kino kino kino kino kino kino kino kino kino kino kino kino kino kino kino kino kino kino kino kino kino kino kino kino kino kino kino kino kino kino kino kino kino kino kino kino kino kino kino kino kino kino kino kino kino kino kino kino kino kino kino kino kino kino kino kino kino kino kino kino kino kino kino kino kino kino kino kino kino kino kino kino kino kino kino kino kino kino kino kino kino kino kino kino kino kino kino kino kino kino kino kino kino kino kino kino kino kino kino kino kino kino kino kino kino kino kino kino kino kino kino kino kino kino kino kino kino kino kino kino kino kino kino kino kino kino kino kino kino kino kino kino kino kino kino kino kino kino kino kino kino kino kino kino kino kino kino kino kino kino kino kino kino kino kino kino kino kino kino kino kino kino kino kino kino kino kino kino kino kino kino kino kino kino kino kino kino kino kino kino kino kino kino kino kino kino kino kino kino kino kino kino kino kino kino kino kino kino kino kino kino kino kino kino kino kino kino kino kino kino kino kino kino kino kino kino kino kino kino kino kino kino kino kino kino kino kino kino kino kino kino kino kino kino kino kino kino kino kino kino kino kino kino kino kino kino kino kino kino kino kino kino kino kino kino kino kino kino kino kino kino kino kino kino kino kino kino kino kino kino kino kino kino kino kino kino kino kino kino kino kino kino kino kino kino kino kino kino kino kino kino kino kino kino kino kino kino kino kino kino kino kino kino kino kino kino kino kino kino kino kino kino kino kino kino kino kino kino kino kino kino kino kino kino kino kino kino kino kino kino kino kino kino kino kino kino kino kino kino kino kino kino kino kino kino kino kino kino kino kino kino kino kino kino kino kino kino kino kino kino kino kino kino kino kino kino kino kino kino kino kino kino kino kino kino kino kino kino kino kino kino kino kino kino kino kino kino kino kino kino kino kino kino kino kino kino kino kino kino kino kino kino kino kino kino kino kino kino kino kino kino kino kino kino kino kino kino kino kino kino kino kino kino kino kino kino kino kino kino kino kino kino kino kino kino kino kino kino kino kino kino kino kino kino kino kino kino kino kino kino kino kino kino kino kino kino kino kino kino kino kino kino kino kino kino kino kino kino kino kino kino kino kino kino kino kino kino kino kino kino kino kino kino kino kino kino kino kino kino kino kino kino kino kino kino kino kino kino kino kino kino kino kino kino kino kino kino kino kino kino kino kino kino kino kino kino kino kino kino kino kino kino kino kino kino kino kino kino kino kino kino kino kino kino kino kino kino kino kino kino kino kino kino kino kino kino kino kino kino kino kino kino kino kino kino kino kino kino kino kino kino kino kino kino kino kino kino kino kino kino kino kino kino kino kino kino kino kino kino kino kino kino kino kino kino kino kino kino kino kino kino kino kino kino kino kino kino kino kino kino kino kino kino kino kino kino kino kino kino kino kino kino kino kino kino kino kino kino kino kino kino kino kino kino kino kino kino kino kino kino kino kino kino kino kino kino kino kino kino kino kino kino kino kino kino kino kino kino kino kino kino kino kino kino kino kino kino kino kino kino kino kino kino kino kino kino kino kino kino kino kino kino kino kino kino kino kino kino kino kino kino kino kino kino kino kino kino kino kino kino kino kino kino kino kino kino kino kino kino kino kino kino kino kino kino kino kino kino kino kino kino kino kino kino kino kino kino kino kino kino kino kino kino kino kino kino kino kino kino kino kino kino kino kino kino kino kino kino kino kino kino kino kino kino kino kino kino kino kino kino kino kino kino kino kino kino kino kino kino kino kino kino kino kino kino kino kino kino kino kino kino kino kino kino kino kino kino kino kino kino kino kino kino kino kino kino kino kino kino kino kino kino kino kino kino kino kino kino kino kino kino kino kino kino kino kino kino kino kino kino kino kino kino kino kino kino kino kino kino kino kino kino kino kino kino kino kino kino kino kino kino kino kino kino kino kino kino kino kino kino kino kino kino kino kino kino kino kino kino kino kino kino kino kino kino kino kino kino kino kino kino kino kino kino kino kino kino kino kino kino kino kino kino kino kino kino kino kino kino kino kino kino kino kino kino kino kino kino kino kino kino kino kino kino kino kino kino kino kino kino kino kino kino kino kino kino kino kino kino kino kino kino kino kino kino kino kino kino kino kino kino kino kino kino kino kino kino kino kino kino kino kino kino kino kino kino kino kino kino kino kino kino kino kino kino kino kino kino kino kino kino kino kino kino kino kino kino kino kino kino kino kino kino kino kino kino kino kino kino kino kino kino kino kino kino kino kino kino kino kino kino kino kino kino kino kino kino kino kino kino kino kino kino kino kino kino kino kino kino kino kino kino kino kino kino kino kino kino kino kino kino kino kino kino kino kino kino kino kino kino kino kino kino kino kino kino kino kino kino kino kino kino kino kino kino kino kino kino kino kino kino kino kino kino kino kino kino kino kino kino kino kino kino kino kino kino kino kino kino kino kino kino kino kino kino kino kino kino kino kino kino kino kino kino kino kino kino kino kino kino kino kino kino kino kino kino kino kino kino kino kino kino kino kino kino kino kino kino kino kino kino kino kino kino kino kino kino kino kino kino kino kino kino kino kino kino kino kino kino kino kino kino kino kino kino kino kino kino kino kino kino kino kino kino kino kino kino kino kino kino kino kino kino kino kino kino kino kino kino kino kino kino kino kino kino kino kino kino kino kino kino kino kino kino kino kino kino kino kino kino kino kino kino kino kino kino kino kino kino kino kino kino kino kino kino kino kino kino kino kino kino kino kino kino kino kino kino kino kino kino kino kino kino kino kino kino kino kino kino kino kino kino kino kino kino kino kino kino kino kino kino kino kino kino kino kino kino kino kino kino kino kino kino kino kino kino kino kino kino kino kino kino kino kino kino kino kino kino kino kino kino kino kino kino kino kino kino kino kino kino kino kino kino kino kino kino kino kino kino kino kino kino kino kino kino kino kino kino kino kino kino kino kino kino kino kino kino kino kino kino kino kino kino kino kino kino kino kino kino kino kino kino kino kino kino kino kino kino kino kino kino kino kino kino kino kino kino kino kino kino kino kino kino kino kino kino kino kino kino kino kino kino kino kino kino kino kino kino kino kino kino kino kino kino kino kino kino kino kino kino kino kino kino kino kino kino kino kino kino kino kino kino kino kino kino kino kino kino kino kino kino kino kino kino kino kino kino kino kino kino kino kino kino kino kino kino kino kino kino kino kino kino kino kino kino kino kino kino kino kino kino kino kino kino kino kino kino kino kino kino kino kino kino kino kino kino kino kino kino kino kino kino kino kino kino kino kino kino kino kino kino kino kino kino kino kino kino kino kino kino kino kino kino kino kino kino kino kino kino kino kino kino kino kino kino kino kino kino kino kino kino kino kino kino kino kino kino kino kino kino kino kino kino kino kino kino kino kino kino kino kino kino kino kino kino kino kino kino kino kino kino kino kino kino kino kino kino kino kino kino kino kino kino kino kino kino kino kino kino kino kino kino kino kino kino kino kino kino kino kino kino kino kino kino kino kino kino kino kino kino kino kino kino kino kino kino kino kino kino kino kino kino kino kino kino kino kino kino kino kino kino kino kino kino kino kino kino kino kino kino kino kino kino kino kino kino kino kino kino kino kino kino kino kino kino kino kino kino kino kino kino kino kino kino kino kino kino kino kino kino kino kino kino kino kino kino kino kino kino kino kino kino kino kino kino kino kino kino kino kino kino kino kino kino kino kino kino kino kino kino kino kino kino kino kino kino kino kino kino kino kino kino kino kino kino kino kino kino kino kino kino kino kino kino kino kino kino kino kino kino kino kino kino kino kino kino kino kino kino kino kino kino kino kino kino kino kino kino kino kino kino kino kino kino kino kino kino kino kino kino kino kino kino kino kino kino kino kino kino kino kino kino kino kino kino kino kino kino kino kino kino kino kino kino kino kino kino kino kino kino kino kino kino kino kino kino kino kino kino kino kino kino kino kino kino kino kino kino kino kino kino kino kino kino kino kino kino kino kino kino kino kino kino kino kino kino kino kino kino kino kino kino kino kino kino kino kino kino kino kino kino kino kino kino kino kino kino kino kino kino kino kino kino kino kino kino kino kino kino kino kino kino kino kino kino kino kino kino kino kino kino kino kino kino kino kino kino kino kino kino kino kino kino kino kino kino kino kino kino kino kino kino kino kino kino kino kino kino kino kino kino kino kino kino kino kino kino kino kino kino kino kino kino kino kino kino kino kino kino kino kino kino kino kino kino kino kino kino kino kino kino kino kino kino kino kino kino kino kino kino kino",True,99.45551620001788,6118,4000,1658
C,"**A. Ebiseera by'omutendera gw'obulamu bw'akataffaali**  

**Explanation:**  
The question focuses on understanding the **mechanisms of cell division** (mitosis/meiosis). Option A refers to the **stages of cell division** (e.g., prophase, metaphase, anaphase, telophase), which are the core processes involved in how cells divide. These stages explain the step-by-step biological mechanisms that ensure accurate division of genetic material and cellular components.  

- **Why not the others?**  
  - **B** (Cell size during mitosis) is a peripheral factor, not the primary mechanism.  
  - **C** (Cell cycle phases like interphase) relates to preparation for division, not the division itself.  
  - **D** (DNA/chromosome structure) is foundational but does not directly explain the division process.  

**Correct Answer: A**",True,3.2586840000003576,2539,739,610
D,"**A. Bakebera ebifaananyi eby'enjawulo eby'ebikolwa ebyangu ebya reflekisi era ne basobola okwawula ebitundu byabyo.**

**Explanation:**  
Ekigendererwa kino ekyokka ""Okunnyonnyola engeri omukutu gw’obubonero bw’obusimu gye gukwataganyaamu ebikolwa by’ekiramu okusobola okwetoloola embeera ng’okuyita mu bubonero obuweerezebwa obutaffaali"" ekyokka **refleksi y’ebikolwa by’ekiramu** (reflection on personal experiences) **n’okusobola okwawula ebitundu byabyo** (applying those reflections to new problems). 

- **Option A** ekyokka **refleksi** (reflekisi) **n’okusobola okwawula ebitundu** (solve problems using their reflections), ekikwata ku mato gwa kigendererwa kino.  
- **Option B** ekyokka **okusinziira ku maanyi agukubye** (connecting with others' experiences), ekikwata ku kiseera ky’okulabirako, oba kino kino ekyokka **refleksi y’ebikolwa by’ekiramu**.  
- **Option C** ekyokka **okusobola ebika by’okuddamu** (learning by doing), oba kino kino ekyokka **okusobola okwawula ebitundu mu ngeri y’ebikolwa**.  
- **Option D** ekyokka **okusobola okwawula obubonero bw’obwongo** (solving community problems), oba kino kino ekyokka **okusobola okwawula ebitundu mu ngeri y’ebikolwa**.  

**Kino kino, A ekikwata ku mato gwa kigendererwa kino.**",True,32.82059109999682,3189,1209,858
D,"**D. Balindiriza ekinavaamu okugong'ana wakati w'ebibiina by'ebiziyiza bibiri ebifanana nga biserebuka awatali kukwatagana.**  

**Enkola y'okugong'ana:**  
Ekigendererwa kino eky'okukozesa obungi bw'amaanyi obutakyuka mu nkola enzigale ekyakuyambye okutegeera nti obungi obutakyuka ekyakozesebwa ku bintu eby'enjawulo eby'okugong'ana n'ebintu eby'obusobozi. Abayizi ab'okusomesa abakozeseza okukwatagana ku bintu eby'obungi obutakyuka n'ebintu eby'obusobozi mu ngeri ez'okwawula obungi obutakyuka, oba obungi obutakyuka ekyakozesebwa ku bintu eby'obusobozi. Kino ekyakuyambye okutegeera nti obungi obutakyuka ekyakozesebwa ku bintu eby'okugong'ana n'ebintu eby'obusobozi, oba ekyakozesebwa ku bintu eby'obusobozi. Kino ekyakuyambye okutegeera nti obungi obutakyuka ekyakozesebwa ku bintu eby'okugong'ana n'ebintu eby'obusobozi, oba ekyakozesebwa ku bintu eby'obusobozi. Kino ekyakuyambye okutegeera nti obungi obutakyuka ekyakozesebwa ku bintu eby'okugong'ana n'ebintu eby'obusobozi, oba ekyakozesebwa ku bintu eby'obusobozi. Kino ekyakuyambye okutegeera nti obungi obutakyuka ekyakozesebwa ku bintu eby'okugong'ana n'ebintu eby'obusobozi, oba ekyakozesebwa ku bintu eby'obusobozi. Kino ekyakuyambye okutegeera nti obungi obutakyuka ekyakozesebwa ku bintu eby'okugong'ana n'ebintu eby'obusobozi, oba ekyakozesebwa ku bintu eby'obusobozi. Kino ekyakuyambye okutegeera nti obungi obutakyuka ekyakozesebwa ku bintu eby'okugong'ana n'ebintu eby'obusobozi, oba ekyakozesebwa ku bintu eby'obusobozi. Kino ekyakuyambye okutegeera nti obungi obutakyuka ekyakozesebwa ku bintu eby'okugong'ana n'ebintu eby'obusobozi, oba ekyakozesebwa ku bintu eby'obusobozi. Kino ekyakuyambye okutegeera nti obungi obutakyuka ekyakozesebwa ku bintu eby'okugong'ana n'ebintu eby'obusobozi, oba ekyakozesebwa ku bintu eby'obusobozi. Kino ekyakuyambye okutegeera nti obungi obutakyuka ekyakozesebwa ku bintu eby'okugong'ana n'ebintu eby'obusobozi, oba ekyakozesebwa ku bintu eby'obusobozi. Kino ekyakuyambye okutegeera nti obungi obutakyuka ekyakozesebwa ku bintu eby'okugong'ana n'ebintu eby'obusobozi, oba ekyakozesebwa ku bintu eby'obusobozi. Kino ekyakuyambye okutegeera nti obungi obutakyuka ekyakozesebwa ku bintu eby'okugong'ana n'ebintu eby'obusobozi, oba ekyakozesebwa ku bintu eby'obusobozi. Kino ekyakuyambye okutegeera nti obungi obutakyuka ekyakozesebwa ku bintu eby'okugong'ana n'ebintu eby'obusobozi, oba ekyakozesebwa ku bintu eby'obusobozi. Kino ekyakuyambye okutegeera nti obungi obutakyuka ekyakozesebwa ku bintu eby'okugong'ana n'ebintu eby'obusobozi, oba ekyakozesebwa ku bintu eby'obusobozi. Kino ekyakuyambye okutegeera nti obungi obutakyuka ekyakozesebwa ku bintu eby'okugong'ana n'ebintu eby'obusobozi, oba ekyakozesebwa ku bintu eby'obusobozi. Kino ekyakuyambye okutegeera nti obungi obutakyuka ekyakozesebwa ku bintu eby'okugong'ana n'ebintu eby'obusobozi, oba ekyakozesebwa ku bintu eby'obusobozi. Kino ekyakuyambye okutegeera nti obungi obutakyuka ekyakozesebwa ku bintu eby'okugong'ana n'ebintu eby'obusobozi, oba ekyakozesebwa ku bintu eby'obusobozi. Kino ekyakuyambye okutegeera nti obungi obutakyuka ekyakozesebwa ku bintu eby'okugong'ana n'ebintu eby'obusobozi, oba ekyakozesebwa ku bintu eby'obusobozi. Kino ekyakuyambye okutegeera nti obungi obutakyuka ekyakozesebwa ku bintu eby'okugong'ana n'ebintu eby'obusobozi, oba ekyakozesebwa ku bintu eby'obusobozi. Kino ekyakuyambye okutegeera nti obungi obutakyuka ekyakozesebwa ku bintu eby'okugong'ana n'ebintu eby'obusobozi, oba ekyakozesebwa ku bintu eby'obusobozi. Kino ekyakuyambye okutegeera nti obungi obutakyuka ekyakozesebwa ku bintu eby'okugong'ana n'ebintu eby'obusobozi, oba ekyakozesebwa ku bintu eby'obusobozi. Kino ekyakuyambye okutegeera nti obungi obutakyuka ekyakozesebwa ku bintu eby'okugong'ana n'ebintu eby'obusobozi, oba ekyakozesebwa ku bintu eby'obusobozi. Kino ekyakuyambye okutegeera nti obungi obutakyuka ekyakozesebwa ku bintu eby'okugong'ana n'ebintu eby'obusobozi, oba ekyakozesebwa ku bintu eby'obusobozi. Kino ekyakuyambye okutegeera nti obungi obutakyuka ekyakozesebwa ku bintu eby'okugong'ana n'ebintu eby'obusobozi, oba ekyakozesebwa ku bintu eby'obusobozi. Kino ekyakuyambye okutegeera nti obungi obutakyuka ekyakozesebwa ku bintu eby'okugong'ana n'ebintu eby'obusobozi, oba ekyakozesebwa ku bintu eby'obusobozi. Kino ekyakuyambye okutegeera nti obungi obutakyuka ekyakozesebwa ku bintu eby'okugong'ana n'ebintu eby'obusobozi, oba ekyakozesebwa ku bintu eby'obusobozi. Kino ekyakuyambye okutegeera nti obungi obutakyuka ekyakozesebwa ku bintu eby'okugong'ana n'ebintu eby'obusobozi, oba ekyakozesebwa ku bintu eby'obusobozi. Kino ekyakuyambye okutegeera nti obungi obutakyuka ekyakozesebwa ku bintu eby'okugong'ana n'ebintu eby'obusobozi, oba ekyakozesebwa ku bintu eby'obusobozi. Kino ekyakuyambye okutegeera nti obungi obutakyuka ekyakozesebwa ku bintu eby'okugong'ana n'ebintu eby'obusobozi, oba ekyakozesebwa ku bintu eby'obusobozi. Kino ekyakuyambye okutegeera nti obungi obutakyuka ekyakozesebwa ku bintu eby'okugong'ana n'ebintu eby'obusobozi, oba ekyakozesebwa ku bintu eby'obusobozi. Kino ekyakuyambye okutegeera nti obungi obutakyuka ekyakozesebwa ku bintu eby'okugong'ana n'ebintu eby'obusobozi, oba ekyakozesebwa ku bintu eby'obusobozi. Kino ekyakuyambye okutegeera nti obungi obutakyuka ekyakozesebwa ku bintu eby'okugong'ana n'ebintu eby'obusobozi, oba ekyakozesebwa ku bintu eby'obusobozi. Kino ekyakuyambye okutegeera nti obungi obutakyuka ekyakozesebwa ku bintu eby'okugong'ana n'ebintu eby'obusobozi, oba ekyakozesebwa ku bintu eby'obusobozi. Kino ekyakuyambye okutegeera nti obungi obutakyuka ekyakozesebwa ku bintu eby'okugong'ana n'ebintu eby'obusobozi, oba ekyakozesebwa ku bintu eby'obusobozi. Kino ekyakuyambye okutegeera nti obungi obutakyuka ekyakozesebwa ku bintu eby'okugong'ana n'ebintu eby'obusobozi, oba ekyakozesebwa ku bintu eby'obusobozi. Kino ekyakuyambye okutegeera nti obungi obutakyuka ekyakozesebwa ku bintu eby'okugong'ana n'ebintu eby'obusobozi, oba ekyakozesebwa ku bintu eby'obusobozi. Kino ekyakuyambye okutegeera nti obungi obutakyuka ekyakozesebwa ku bintu eby'okugong'ana n'ebintu eby'obusobozi, oba ekyakozesebwa ku bintu eby'obusobozi. Kino ekyakuyambye okutegeera nti obungi obutakyuka ekyakozesebwa ku bintu eby'okugong'ana n'ebintu eby'obusobozi, oba ekyakozesebwa ku bintu eby'obusobozi. Kino ekyakuyambye okutegeera nti obungi obutakyuka ekyakozesebwa ku bintu eby'okugong'ana n'ebintu eby'obusobozi, oba ekyakozesebwa ku bintu eby'obusobozi. Kino ekyakuyambye okutegeera nti obungi obutakyuka ekyakozesebwa ku bintu eby'okugong'ana n'ebintu eby'obusobozi, oba ekyakozesebwa ku bintu eby'obusobozi. Kino ekyakuyambye okutegeera nti obungi obutakyuka ekyakozesebwa ku bintu eby'okugong'ana n'ebintu eby'obusobozi, oba ekyakozesebwa ku bintu eby'obusobozi. Kino ekyakuyambye okutegeera nti obungi obutakyuka ekyakozesebwa ku bintu eby'okugong'ana n'ebintu eby'obusobozi, oba ekyakozesebwa ku bintu eby'obusobozi. Kino ekyakuyambye okutegeera nti obungi obutakyuka ekyakozesebwa ku bintu eby'okugong'ana n'ebintu eby'obusobozi, oba ekyakozesebwa ku bintu eby'ob",True,124.05531550000887,5908,4000,802
B,"**Jawabu:** C. Okulaga mu kibiina omutangaavu gwa leza nga gukuba amazzi agali mu akuliyamu, we kiyinza okulabirwa nti ekitundu ku mutangaavu guddamu waggulu ate ekitundu ekirala ne kimenyeka ku mpalazo engeri engeri.

---

**Tabyokola:**  
Ekigendererwa kino kye ""Okukozesa omutindo gw’amayengo okunnyonnyola nti ekitangaala kyeyoleka era ne kimenyeka bwe kikuba ekifo ekyawula ebintu bibiri"" ekyagala ku **okulaga mu kibiina omutangaavu gwa leza** (narrative thread). Ekyeyinza okutegeera ku **ekitundu kyeyoleka** (clear beginning) n’**ekitundu ekirala ne kimenyeka** (progression to a point where two elements are addressed). 

- **Option C** ekyagala ku kiki kino kusinziira ku **ekitundu gwa leza** (narrative thread) ekikwatagana n’ekigendererwa kino. Ekyeyinza okutegeera ku **ekitundu kyeyoleka** (clear beginning) n’**ekitundu ekirala ne kimenyeka** (progression to a point where two elements are addressed), kye ekyeyinza okutegeera ku ekigendererwa kino. 

- **Option A** ekyeyinza okutegeera ku **protagonist's journey**, kye ekyeyinza okutegeera ku ekigendererwa kino. 
- **Option B** ekyeyinza okutegeera ku **computer technology**, kye ekyeyinza okutegeera ku ekigendererwa kino. 
- **Option D** ekyeyinza okutegeera ku **twist at the end**, kye ekyeyinza okutegeera ku ekigendererwa kino. 

**Kikwatagana n’ekigendererwa kino, jawabu eno ekyeyinza C.**",True,73.31707389999065,3465,1345,1017
C,"**Ekibuuzo ekituufu (ekyanulo):**  
*""Kiki omusomesa ky’ayinza okukozesa okwongera okutegeera kw’abayizi ku nsonga eno, n’okutangaza okutabuka kwabwe?""*  

**Ekkwawa kya ekibuuzo (ekyanulo):**  
Omusomesa ayagala okwogera ku ngeri ez’okwawula ebintu ebiri mu mugatte (ekikuta, ekikakanyavu, etc.) n’alaga abayizi okusinziira ku amazzi, amayinja, amafuta, n’omunnyo. Alina eccupa eziwerako ezitegekeddwa nga zirimu ebintu bye bimu.  

**Ekkwawa kya kipakati (ekyanulo):**  
- Omusomesa akiraba nti abayizi abamu batabukiddwa, nga tebasobola kukwataganya mbeera zino n’etteeka erinyonnyolwa.  
- Alagana abayizi okuyiga ku nkola z’okwawula ebintu ebiri mu mugatte.  
- Alagana abayizi okulaba appo ng’egwa okuva ku muti oba omwezi.  
- Alagana abayizi okugendererwa ku kiseera ky’okuyiga, ky’ekyemisana, ky’okuzannya, n’okulabirako.  

**Ekkwawa kya kipaka (ekyanulo):**  
Kino ekyeyinza okukozesa okwongera okutegeera ku abayizi (ekikuta, ekikakanyavu, etc.) n’okutangaza okutabuka ku nsonga y’okwawula ebintu ebiri mu mugatte.  

---

**Ekkwawa kya kipaka (ekyanulo):**  
Kino ekyeyinza okukozesa okwongera okutegeera ku abayizi (ekikuta, ekikakanyavu, etc.) n’okutangaza okutabuka ku nsonga y’okwawula ebintu ebiri mu mugatte.  

---

**Ekkwawa kya kipaka (ekyanulo):**  
Kino ekyeyinza okukozesa okwongera okutegeera ku abayizi (ekikuta, ekikakanyavu, etc.) n’okutangaza okutabuka ku nsonga y’okwawula ebintu ebiri mu mugatte.  

---

**Ekkwawa kya kipaka (ekyanulo):**  
Kino ekyeyinza okukozesa okwongera okutegeera ku abayizi (ekikuta, ekikakanyavu, etc.) n’okutangaza okutabuka ku nsonga y’okwawula ebintu ebiri mu mugatte.  

---

**Ekkwawa kya kipaka (ekyanulo):**  
Kino ekyeyinza okukozesa okwongera okutegeera ku abayizi (ekikuta, ekikakanyavu, etc.) n’okutangaza okutabuka ku nsonga y’okwawula ebintu ebiri mu mugatte.  

---

**Ekkwawa kya kipaka (ekyanulo):**  
Kino ekyeyinza okukozesa okwongera okutegeera ku abayizi (ekikuta, ekikakanyavu, etc.) n’okutangaza okutabuka ku nsonga y’okwawula ebintu ebiri mu mugatte.  

---

**Ekkwawa kya kipaka (ekyanulo):**  
Kino ekyeyinza okukozesa okwongera okutegeera ku abayizi (ekikuta, ekikakanyavu, etc.) n’okutangaza okutabuka ku nsonga y’okwawula ebintu ebiri mu mugatte.  

---

**Ekkwawa kya kipaka (ekyanulo):**  
Kino ekyeyinza okukozesa okwongera okutegeera ku abayizi (ekikuta, ekikakanyavu, etc.) n’okutangaza okutabuka ku nsonga y’okwawula ebintu ebiri mu mugatte.  

---

**Ekkwawa kya kipaka (ekyanulo):**  
Kino ekyeyinza okukozesa okwongera okutegeera ku abayizi (ekikuta, ekikakanyavu, etc.) n’okutangaza okutabuka ku nsonga y’okwawula ebintu ebiri mu mugatte.  

---

**Ekkwawa kya kipaka (ekyanulo):**  
Kino ekyeyinza okukozesa okwongera okutegeera ku abayizi (ekikuta, ekikakanyavu, etc.) n’okutangaza okutabuka ku nsonga y’okwawula ebintu ebiri mu mugatte.  

---

**Ekkwawa kya kipaka (ekyanulo):**  
Kino ekyeyinza okukozesa okwongera okutegeera ku abayizi (ekikuta, ekikakanyavu, etc.) n’okutangaza okutabuka ku nsonga y’okwawula ebintu ebiri mu mugatte.  

---

**Ekkwawa kya kipaka (ekyanulo):**  
Kino ekyeyinza okukozesa okwongera okutegeera ku abayizi (ekikuta, ekikakanyavu, etc.) n’okutangaza okutabuka ku nsonga y’okwawula ebintu ebiri mu mugatte.  

---

**Ekkwawa kya kipaka (ekyanulo):**  
Kino ekyeyinza okukozesa okwongera okutegeera ku abayizi (ekikuta, ekikakanyavu, etc.) n’okutangaza okutabuka ku nsonga y’okwawula ebintu ebiri mu mugatte.  

---

**Ekkwawa kya kipaka (ekyanulo):**  
Kino ekyeyinza okukozesa okwongera okutegeera ku abayizi (ekikuta, ekikakanyavu, etc.) n’okutangaza okutabuka ku nsonga y’okwawula ebintu ebiri mu mugatte.  

---

**Ekkwawa kya kipaka (ekyanulo):**  
Kino ekyeyinza okukozesa okwongera okutegeera ku abayizi (ekikuta, ekikakanyavu, etc.) n’okutangaza okutabuka ku nsonga y’okwawula ebintu ebiri mu mugatte.  

---

**Ekkwawa kya kipaka (ekyanulo):**  
Kino ekyeyinza okukozesa okwongera okutegeera ku abayizi (ekikuta, ekikakanyavu, etc.) n’okutangaza okutabuka ku nsonga y’okwawula ebintu ebiri mu mugatte.  

---

**Ekkwawa kya kipaka (ekyanulo):**  
Kino ekyeyinza okukozesa okwongera okutegeera ku abayizi (ekikuta, ekikakanyavu, etc.) n’okutangaza okutabuka ku nsonga y’okwawula ebintu ebiri mu mugatte.  

---

**Ekkwawa kya kipaka (ekyanulo):**  
Kino ekyeyinza okukozesa okwongera okutegeera ku abayizi (ekikuta, ekikakanyavu, etc.) n’okutangaza okutabuka ku nsonga y’okwawula ebintu ebiri mu mugatte.  

---

**Ekkwawa kya kipaka (ekyanulo):**  
Kino ekyeyinza okukozesa okwongera okutegeera ku abayizi (ekikuta, ekikakanyavu, etc.) n’okutangaza okutabuka ku nsonga y’okwawula ebintu ebiri mu mugatte.  

---

**Ekkwawa kya kipaka (ekyanulo):**  
Kino ekyeyinza okukozesa okwongera okutegeera ku abayizi (ekikuta, ekikakanyavu, etc.) n’okutangaza okutabuka ku nsonga y’okwawula ebintu ebiri mu mugatte.  

---

**Ekkwawa kya kipaka (ekyanulo):**  
Kino ekyeyinza okukozesa okwongera okutegeera ku abayizi (ekikuta, ekikakanyavu, etc.) n’okutangaza okutabuka ku nsonga y’okwawula ebintu ebiri mu mugatte.  

---

**Ekkwawa kya kipaka (ekyanulo):**  
Kino ekyeyinza okukozesa okwongera okutegeera ku abayizi (ekikuta, ekikakanyavu, etc.) n’okutangaza okutabuka ku nsonga y’okwawula ebintu ebiri mu mugatte.  

---

**Ekkwawa kya kipaka (ekyanulo):**  
Kino ekyeyinza okukozesa okwongera okutegeera ku abayizi (ekikuta, ekikakanyavu, etc.) n’okutangaza okutabuka ku nsonga y’okwawula ebintu ebiri mu mugatte.  

---

**Ekkwawa kya kipaka (ekyanulo):**  
Kino ekyeyinza okukozesa okwongera okutegeera ku abayizi (ekikuta, ekikakanyavu, etc.) n’okutangaza okutabuka ku nsonga y’okwawula ebintu ebiri mu mugatte.  

---

**Ekkwawa kya kipaka (ekyanulo):**  
Kino ekyeyinza okukozesa okwongera okutegeera ku abayizi (ekikuta, ekikakanyavu, etc.) n’okutangaza okutabuka ku nsonga y’okwawula ebintu ebiri mu mugatte.  

---

**Ekkwawa kya kipaka (ekyanulo):**  
Kino ekyeyinza okukozesa okwongera okutegeera ku abayizi (ekikuta, ekikakanyavu, etc.) n’okutangaza okutabuka ku nsonga y’okwawula ebintu ebiri mu mugatte.  

---

**Ekkwawa kya kipaka (ekyanulo):**  
Kino ekyeyinza okukozesa okwongera okutegeera ku abayizi (ekikuta, ekikakanyavu, etc.) n’okutangaza okutabuka ku nsonga y’okwawula ebintu ebiri mu mugatte.  

---

**Ekkwawa kya kipaka (ekyanulo):**  
Kino ekyeyinza okukozesa okwongera okutegeera ku abayizi (ekikuta, ekikakanyavu, etc.) n’okutangaza okutabuka ku nsonga y’okwawula ebintu ebiri mu mugatte.  

---

**Ekkwawa kya kipaka (ekyanulo):**  
Kino ekyeyinza okukozesa okwongera okutegeera ku abayizi (ekikuta, ekikakanyavu, etc.) n’okutangaza okutabuka ku nsonga y’okwawula ebintu ebiri mu mugatte.  

---

**Ekkwawa kya kipaka (ekyanulo):**  
Kino ekyeyinza okukozesa okwongera okutegeera ku abayizi (ekikuta, ekikakanyavu, etc.) n’okutangaza okutabuka ku nsonga y’okwawula ebintu ebiri mu mugatte.  

---

**Ekkwawa kya kipaka (ekyanulo):**  
Kino ekyeyinza okukozesa okwongera okutegeera ku abayizi (ekikuta, ekikakanyavu, etc.) n’okutangaza okutabuka ku nsonga y’okwawula ebintu ebiri mu mugatte.  

---

**Ekkwawa kya kipaka (ekyanulo):**  
Kino ekyeyinza okukozesa okwongera okutegeera ku abayizi (ekikuta, ekikakanyavu, etc.) n’okutangaza okutabuka ku nsonga y’okwawula ebintu ebiri mu mugatte.  

---

**Ekkwawa kya kipaka (ekyanulo):**  
Kino ekyeyinza okukozesa okwongera okutegeera ku abayizi (ekikuta, ekikakanyavu, etc.) n’okutangaza okutabuka ku nsonga y’okwawula ebintu ebiri mu mugatte.  

---

**Ekkwawa kya kipaka (ekyanulo):**  
Kino ekyeyinza okukozesa okwongera okutegeera ku abayizi (ekikuta, ekikakanyavu, etc.) n’okutangaza okutabuka ku nsonga y’okwawula ebintu ebiri mu mugatte.  

---

**Ekkwawa kya kipaka (ekyanulo):**  
Kino ekyeyinza okukozesa okwongera okutegeera ku abayizi (ekikuta, ekikakanyavu, etc.) n’okutangaza okutabuka ku nsonga y’okwawula ebintu ebiri mu mugatte.  

---

**Ekkwawa kya kipaka (ekyanulo):**  
Kino ekyeyinza okukozesa okwongera okutegeera ku abayizi (ekikuta, ekikakanyavu, etc.) n’okutangaza okutabuka ku nsonga y’okwawula ebintu ebiri mu mugatte.  

---

**Ekkwawa kya kipaka (ekyanulo):**  
Kino ekyeyinza okukozesa okwongera okutegeera ku abayizi (ekikuta, ekikakanyavu, etc.) n’okutangaza okutabuka ku nsonga y’okwawula ebintu ebiri mu mugatte.  

---

**Ekkwawa kya kipaka (ekyanulo):**  
Kino ekyeyinza okukozesa okwongera okutegeera ku abayizi (ekikuta, ekikakanyavu, etc.) n’okutangaza okutabuka ku nsonga y’okwawula ebintu ebiri mu mugatte.  

---

**Ekkwawa kya kipaka (ekyanulo):**  
Kino ekyeyinza okukozesa okwongera okutegeera ku abayizi (ekikuta, ekikakanyavu, etc.) n’okutangaza okutabuka ku nsonga y’okwawula ebintu ebiri mu mugatte.  

---

**Ekkwawa kya kipaka (ekyanulo):**  
Kino ekyeyinza okukozesa okwongera okutegeera ku abayizi (ekikuta, ekikakanyavu, etc.) n’okutangaza okutabuka ku nsonga y’okwawula ebintu ebiri mu mugatte.  

---

**Ekkwawa kya kipaka (ekyanulo):**  
Kino ekyeyinza okukozesa okwongera okutegeera ku abayizi (ekikuta, ekikakanyavu, etc.) n’okutangaza okutabuka ku nsonga y’okwawula ebintu ebiri mu mugatte.  

---

**Ekkwawa kya kipaka (ekyanulo):**  
Kino ekyeyinza okukozesa okwongera okutegeera ku abayizi (ekikuta, ekikakanyavu, etc.) n’okutangaza okutabuka ku nsonga y’okwawula ebintu ebiri mu mugatte.  

---

**Ekkwawa kya kipaka (ekyanulo):**  
Kino ekyeyinza okukozesa okwongera okutegeera ku abayizi (ekikuta, ekikakanyavu, etc.) n’okutangaza okutabuka ku nsonga y’okwawula ebintu ebiri mu mugatte.  

---

**Ekkwawa kya kipaka (ekyanulo):**  
Kino ekyeyinza okukozesa okwongera okutegeera ku abayizi (ekikuta, ekikakanyavu, etc.) n’okutangaza okutabuka ku nsonga y’okwawula ebintu ebiri mu mugatte.  

---

**Ekkwawa kya kipaka (ekyanulo):**  
Kino ekyeyinza okukozesa okwongera okutegeera ku abayizi (ekikuta, ekikakanyavu, etc.) n’okutangaza okutabuka ku nsonga y’okwawula ebintu ebiri mu mugatte.  

---

**Ekkwawa kya kipaka (ekyanulo):**  
Kino ekyeyinza okukozesa okwongera okutegeera ku abayizi (ekikuta, ekikakanyavu, etc.) n’okutangaza okutabuka ku nsonga y’okwawula ebintu ebiri mu mugatte.  

---

**Ekkwawa kya kipaka (ekyanulo):**  
Kino ekyeyinza okukozesa okwongera okutegeera ku abayizi (ekikuta, ekikakanyavu, etc.) n’okutangaza okutabuka ku nsonga y’okwawula ebintu ebiri mu mugatte.  

---

**Ekkwawa kya kipaka (ekyanulo):**  
Kino ekyeyinza okukozesa okwongera okutegeera ku abayizi (ekikuta, ekikakanyavu, etc.) n’okutangaza okutabuka ku nsonga y’okwawula ebintu ebiri mu mugatte.  

---

**Ekkwawa kya kipaka (ekyanulo):**  
Kino ekyeyinza okukozesa okwongera okutegeera ku abayizi (ekikuta, ekikakanyavu, etc.) n’okutangaza okutabuka ku nsonga y’okwawula ebintu ebiri mu mugatte.  

---

**Ekkwawa kya kipaka (ekyanulo):**  
Kino ekyeyinza okukozesa okwongera okutegeera ku abayizi (ekikuta, ekikakanyavu, etc.) n’okutangaza okutabuka ku nsonga y’okwawula ebintu ebiri mu mugatte.  

---

**Ekkwawa kya kipaka (ekyanulo):**  
Kino ekyeyinza okukozesa okwongera okutegeera ku abayizi (ekikuta, ekikakanyavu, etc.) n’okutangaza okutabuka ku nsonga y’okwawula ebintu ebiri mu mugatte.  

---

**Ekkwawa kya kipaka (ekyanulo):**  
Kino ekyeyinza okukozesa okwongera okutegeera ku abayizi (ekikuta, ekikakanyavu, etc.) n’okutangaza okutabuka ku nsonga y’okwawula ebintu ebiri mu mugatte.  

---

**Ekkwawa kya kipaka (ekyanulo):**  
Kino ekyeyinza okukozesa okwongera okutegeera ku abayizi (ekikuta, ekikakanyavu, etc.) n’okutangaza okutabuka ku nsonga y’okwawula ebintu ebiri mu mugatte.  

---

**Ekkwawa kya kipaka (ekyanulo):**  
Kino ekyeyinza okukozesa okwongera okutegeera ku abayizi (ekikuta, ekikakanyavu, etc.) n’okutangaza okutabuka ku nsonga y’okwawula ebintu ebiri mu mugatte.  

---

**Ekkwawa kya kipaka (ekyanulo):**  
Kino ekyeyinza okukozesa okwongera okutegeera ku abayizi (ekikuta, ekikakanyavu, etc.) n’okutangaza okutabuka ku nsonga y’okwawula ebintu ebiri mu mugatte.  

---

**Ekkwawa kya kipaka (ekyanulo):**  
Kino ekyeyinza okukozesa okwongera okutegeera ku abayizi (ekikuta, ekikakanyavu, etc.) n’okutangaza okutabuka ku nsonga y’okwawula ebintu ebiri mu mugatte.  

---

**Ekkwawa kya kipaka (ekyanulo):**  
Kino ekyeyinza okukozesa okwongera okutegeera ku abayizi (ekikuta, ekikakanyavu, etc.) n’okutangaza okutabuka ku nsonga y’okwawula ebintu ebiri mu mugatte.  

---

**Ekkwawa kya kipaka (ekyanulo):**  
Kino ekyeyinza okukozesa okwongera okutegeera ku abayizi (ekikuta, ekikakanyavu, etc.) n’okutangaza okutabuka ku nsonga y’okwawula ebintu ebiri mu mugatte.  

---

**Ekkwawa kya kipaka (ekyanulo):**  
Kino ekyeyinza okukozesa okwongera okutegeera ku abayizi (ekikuta, ekikakanyavu, etc.) n’okutangaza okutabuka ku nsonga y’okwawula ebintu ebiri mu mugatte.  

---

**Ekkwawa kya kipaka (ekyanulo):**  
Kino ekyeyinza okukozesa okwongera okutegeera ku abayizi (ekikuta, ekikakanyavu, etc.) n’okutangaza okutabuka ku nsonga y’okwawula ebintu ebiri mu mugatte.  

---

**Ekkwawa kya kipaka (ekyanulo):**  
Kino ekyeyinza okukozesa okwongera okutegeera ku abayizi (ekikuta, ekikakanyavu, etc.) n’okutangaza okutabuka ku nsonga y’okwawula ebintu ebiri mu mugatte.  

---

**Ekkwawa kya kipaka (ekyanulo):**  
Kino ekyeyinza okukozesa okwongera okutegeera ku abayizi (ekikuta, ekikakanyavu, etc.) n’okutangaza okutabuka ku nsonga y’okwawula ebintu ebiri mu mugatte.  

---

**Ekkwawa kya kipaka (ekyanulo):**  
Kino ekyeyinza okukozesa okwongera okutegeera ku abayizi (ekikuta, ekikakanyavu, etc.) n’okutangaza okutabuka ku nsonga y’okwawula ebintu ebiri mu mugatte.  

---

**Ekkwawa kya kipaka (ekyanulo):**  
Kino ekyeyinza okukozesa okwongera okutegeera ku abayizi (ekikuta, ekikakanyavu, etc.) n’okutangaza okutabuka ku nsonga y’okwawula ebintu ebiri mu mugatte.  

---

**Ekkwawa kya kipaka (ekyanulo):**  
Kino ekyeyinza okukozesa okwongera okutegeera ku abayizi (ekikuta, ekikakanyavu, etc.) n’okutangaza okutabuka ku nsonga y’okwawula ebintu ebiri mu mugatte.  

---

**Ekkwawa kya kipaka (ekyanulo):**  
Kino ekyeyinza okukozesa okwongera okutegeera ku abayizi (ekikuta, ekikakanyavu, etc.) n’okutangaza okutabuka ku nsonga y’okwawula ebintu ebiri mu mugatte.  

---

**Ekkwawa kya kipaka (ekyanulo):**  
Kino ekyeyinza okukozesa okwongera okutegeera ku abayizi (ekikuta, ekikakanyavu, etc.) n’okutangaza okutabuka ku nsonga y’okwawula ebintu ebiri mu mugatte.  

---

**Ekkwawa kya kipaka (ekyanulo):**  
Kino ekyeyinza okukozesa okwongera okutegeera ku abayizi (ekikuta, ekikakanyavu, etc.) n’okutangaza okutabuka ku nsonga y’okwawula ebintu ebiri mu mugatte.  

---

**Ekkwawa kya kipaka (ekyanulo):**  
Kino ekyeyinza okukozesa okwongera okutegeera ku abayizi (ekikuta, ekikakanyavu, etc.) n’okutangaza okutabuka ku nsonga y’okwawula ebintu ebiri mu mugatte.  

---

**Ekkwawa kya kipaka (ekyanulo):**  
Kino ekyeyinza okukozesa okwongera okutegeera ku abayizi (ekikuta, ekikakanyavu, etc.) n’okutangaza okutabuka ku nsonga y’okwawula ebintu ebiri mu mugatte.  

---

**Ekkwawa kya kipaka (ekyanulo):**  
Kino ekyeyinza okukozesa okwongera okutegeera ku abayizi (ekikuta, ekikakanyavu, etc.) n’okutangaza okutabuka ku nsonga y’okwawula ebintu ebiri mu mugatte.  

---

**Ekkwawa kya kipaka (ekyanulo):**  
Kino ekyeyinza okukozesa okwongera okutegeera ku abayizi (ekikuta, ekikakanyavu, etc.) n’okutangaza okutabuka ku nsonga y’okwawula ebintu ebiri mu mugatte.  

---

**Ekkwawa kya kipaka (ekyanulo):**  
Kino ekyeyinza okukozesa okwongera okutegeera ku abayizi (ekikuta, ekikakanyavu, etc.) n’okutangaza okutabuka ku nsonga y’okwawula ebintu ebiri mu mugatte.  

---

**Ekkwawa kya kipaka (ekyanulo):**  
Kino ekyeyinza okukozesa okwongera okutegeera ku abayizi (ekikuta, ekikakanyavu, etc.) n’okutangaza okutabuka ku nsonga y’okwawula ebintu ebiri mu mugatte.  

---

**Ekkwawa kya kipaka (ekyanulo):**  
Kino ekyeyinza okukozesa okwongera okutegeera ku abayizi (ekikuta, ekikakanyavu, etc.) n’okutangaza okutabuka ku nsonga y’okwawula ebintu ebiri mu mugatte.  

---

**Ekkwawa kya kipaka (ekyanulo):**  
Kino ekyeyinza okukozesa okwongera okutegeera ku abayizi (ekikuta, ekikakanyavu, etc.) n’okutangaza okutabuka ku nsonga y’okwawula ebintu ebiri mu mugatte.  

---

**Ekkwawa kya kipaka (ekyanulo):**  
Kino ekyeyinza okukozesa okwongera okutegeera ku abayizi (ekikuta, ekikakanyavu, etc.) n’okutangaza okutabuka ku nsonga y’okwawula ebintu ebiri mu mugatte.  

---

**Ekkwawa kya kipaka (ekyanulo):**  
Kino ekyeyinza okukozesa okwongera okutegeera ku abayizi (ekikuta, ekikakanyavu, etc.) n’okutangaza okutabuka ku nsonga y’okwawula ebintu ebiri mu mugatte.  

---

**Ekkwawa kya kipaka (ekyanulo):**  
Kino ekyeyinza okukozesa okwongera okutegeera ku abayizi (ekikuta, ekikakanyavu, etc.) n’okutangaza okutabuka ku nsonga y’okwawula ebintu ebiri mu mugatte.  

---

**Ekkwawa kya kipaka (ekyanulo):**  
Kino ekyeyinza okukozesa okwongera okutegeera ku abayizi (ekikuta, ekikakanyavu, etc.) n’okutangaza okutabuka ku nsonga y’okwawula ebintu ebiri mu mugatte.  

---

**Ekkwawa kya kipaka (ekyanulo):**  
Kino ekyeyinza okukozesa okwongera okutegeera ku abayizi (ekikuta, ekikakanyavu, etc.) n’okutangaza okutabuka ku nsonga y’okwawula ebintu ebiri mu mugatte.  

---

**Ekkwawa kya kipaka (ekyanulo):**  
Kino ekyeyinza okukozesa okwongera okutegeera ku abayizi (ekikuta, ekikakanyavu, etc.) n’okutangaza okutabuka ku nsonga y’okwawula ebintu ebiri mu mugatte.  

---

**Ekkwawa kya kipaka (ekyanulo):**  
Kino ekyeyinza okukozesa okwongera okutegeera ku abayizi (ekikuta, ekikakanyavu, etc.) n’okutangaza okutabuka ku nsonga y’okwawula ebintu ebiri mu mugatte.  

---

**Ekkwawa kya kipaka (ekyanulo):**  
Kino ekyeyinza okukozesa okwongera okutegeera ku abayizi (ekikuta, ekikakanyavu, etc.) n’okutangaza okutabuka ku nsonga y’okwawula ebintu ebiri mu mugatte.  

---

**Ekkwawa kya kipaka (ekyanulo):**  
Kino ekyeyinza okukozesa okwongera okutegeera ku abayizi (ekikuta, ekikakanyavu, etc.) n’okutangaza okutabuka ku nsonga y’okwawula ebintu ebiri mu mugatte.  

---

**Ekkwawa kya kipaka (ekyanulo):**  
Kino ekyeyinza okukozesa okwongera okutegeera ku abayizi (ekikuta, ekikakanyavu, etc.) n’okutangaza okutabuka ku nsonga y’okwawula ebintu ebiri mu mugatte.  

---

**Ekkwawa kya kipaka (ekyanulo):**  
Kino ekyeyinza okukozesa okwongera okutegeera ku abayizi (ekikuta, ekikakanyavu, etc.) n’okutangaza okutabuka ku nsonga y’okwawula ebintu ebiri mu mugatte.  

---

**Ekkwawa kya kipaka (ekyanulo):**  
Kino ekyeyinza okukozesa okwongera okutegeera ku abayizi (ekikuta, ekikakanyavu, etc.) n’okutangaza okutabuka ku nsonga y’okwawula ebintu ebiri mu mugatte.  

---

**Ekkwawa kya kipaka (ekyanulo):**  
Kino ekyeyinza okukozesa okwongera okutegeera ku abayizi (ekikuta, ekikakanyavu, etc.) n’okutangaza okutabuka ku nsonga y’okwawula ebintu ebiri mu mugatte.  

---

**Ekkwawa kya kipaka (ekyanulo):**  
Kino ekyeyinza okukozesa okwongera okutegeera ku abayizi (ekikuta, ekikakanyavu, etc.) n’okutangaza okutabuka ku nsonga y’okwawula ebintu ebiri mu mugatte.  

---

**Ekkwawa kya kipaka (ekyanulo):**  
Kino ekyeyinza okukozesa okwongera okutegeera ku abayizi (ekikuta, ekikakanyavu, etc.) n’okutangaza okutabuka ku nsonga y’okwawula ebintu ebiri mu mugatte.  

---

**Ekkwawa kya kipaka (ekyanulo):**  
Kino ekyeyinza okukozesa okwongera okutegeera ku abayizi (ekikuta, ekikakanyavu, etc.) n’okutangaza okutabuka ku nsonga y’okwawula ebintu ebiri mu mugatte.  

---

**Ekkwawa kya kipaka (ekyanulo):**  
Kino ekyeyinza okukozesa okwongera okutegeera ku abayizi (ekikuta, ekikakanyavu, etc.) n’okutangaza okutabuka ku nsonga y’okwawula ebintu ebiri mu mugatte.  

---

**Ekkwawa kya kipaka (ekyanulo):**  
Kino ekyeyinza okukozesa ok",True,221.29190569999628,10528,8192,0
C,"**Jawabu: B. Omugatte gw'emirundi n'obuwanvu bw'amayengo**

### **Tabyeyi:**
Kino ekigendererwa ekyokka ekisooka ku **nkola y'omugatte (frequency)** n'**obuwanvu bw'amayengo (wavelength)**, omusomesa ayagala okuteekawo ku **nkola y'ebimu by'okwawula ebintu ebiri mu mugatte**. 

- **Omugatte (Frequency)**: Ekyeyitwa ku **ekiseera (period)**, n'ekigendererwa ku **ekikuta ky'okwawula (speed of propagation)**. 
- **Obuwanvu (Wavelength)**: Ekyeyitwa ku **ekikuta ky'okwawula (speed)** n'**omugatte (frequency)** (ekikuta = omugatte × obuwanvu).

### **Ku kiseera ky'okwawula:**
- **Kino ekyokka** ku **nkola y'okwawula ebimu by'okwawula mu mugatte**, n'ekigendererwa ku **embiro z'okusaasaana (speed of propagation)**. 
- **Ku kiseera ky'okwawula**, **omugatte** n'**obuwanvu** **ekisooka ku kikuta ky'okwawula**, n'ekigendererwa ku **embiro z'okusaasaana**. 

### **Ku kiseera ky'okwawula mu buli mbeera:**
- **Kino ekyokka** ku **nkola y'okwawula ebimu by'okwawula mu mugatte**, n'ekigendererwa ku **embiro z'okusaasaana**. 

### **Ku kiseera ky'okwawula mu buli mbeera:**
- **Kino ekyokka** ku **nkola y'okwawula ebimu by'okwawula mu mugatte**, n'ekigendererwa ku **embiro z'okusaasaana**. 

### **Ku kiseera ky'okwawula mu buli mbeera:**
- **Kino ekyokka** ku **nkola y'okwawula ebimu by'okwawula mu mugatte**, n'ekigendererwa ku **embiro z'okusaasaana**. 

### **Ku kiseera ky'okwawula mu buli mbeera:**
- **Kino ekyokka** ku **nkola y'okwawula ebimu by'okwawula mu mugatte**, n'ekigendererwa ku **embiro z'okusaasaana**. 

### **Ku kiseera ky'okwawula mu buli mbeera:**
- **Kino ekyokka** ku **nkola y'okwawula ebimu by'okwawula mu mugatte**, n'ekigendererwa ku **embiro z'okusaasaana**. 

### **Ku kiseera ky'okwawula mu buli mbeera:**
- **Kino ekyokka** ku **nkola y'okwawula ebimu by'okwawula mu mugatte**, n'ekigendererwa ku **embiro z'okusaasaana**. 

### **Ku kiseera ky'okwawula mu buli mbeera:**
- **Kino ekyokka** ku **nkola y'okwawula ebimu by'okwawula mu mugatte**, n'ekigendererwa ku **embiro z'okusaasaana**. 

### **Ku kiseera ky'okwawula mu buli mbeera:**
- **Kino ekyokka** ku **nkola y'okwawula ebimu by'okwawula mu mugatte**, n'ekigendererwa ku **embiro z'okusaasaana**. 

### **Ku kiseera ky'okwawula mu buli mbeera:**
- **Kino ekyokka** ku **nkola y'okwawula ebimu by'okwawula mu mugatte**, n'ekigendererwa ku **embiro z'okusaasaana**. 

### **Ku kiseera ky'okwawula mu buli mbeera:**
- **Kino ekyokka** ku **nkola y'okwawula ebimu by'okwawula mu mugatte**, n'ekigendererwa ku **embiro z'okusaasaana**. 

### **Ku kiseera ky'okwawula mu buli mbeera:**
- **Kino ekyokka** ku **nkola y'okwawula ebimu by'okwawula mu mugatte**, n'ekigendererwa ku **embiro z'okusaasaana**. 

### **Ku kiseera ky'okwawula mu buli mbeera:**
- **Kino ekyokka** ku **nkola y'okwawula ebimu by'okwawula mu mugatte**, n'ekigendererwa ku **embiro z'okusaasaana**. 

### **Ku kiseera ky'okwawula mu buli mbeera:**
- **Kino ekyokka** ku **nkola y'okwawula ebimu by'okwawula mu mugatte**, n'ekigendererwa ku **embiro z'okusaasaana**. 

### **Ku kiseera ky'okwawula mu buli mbeera:**
- **Kino ekyokka** ku **nkola y'okwawula ebimu by'okwawula mu mugatte**, n'ekigendererwa ku **embiro z'okusaasaana**. 

### **Ku kiseera ky'okwawula mu buli mbeera:**
- **Kino ekyokka** ku **nkola y'okwawula ebimu by'okwawula mu mugatte**, n'ekigendererwa ku **embiro z'okusaasaana**. 

### **Ku kiseera ky'okwawula mu buli mbeera:**
- **Kino ekyokka** ku **nkola y'okwawula ebimu by'okwawula mu mugatte**, n'ekigendererwa ku **embiro z'okusaasaana**. 

### **Ku kiseera ky'okwawula mu buli mbeera:**
- **Kino ekyokka** ku **nkola y'okwawula ebimu by'okwawula mu mugatte**, n'ekigendererwa ku **embiro z'okusaasaana**. 

### **Ku kiseera ky'okwawula mu buli mbeera:**
- **Kino ekyokka** ku **nkola y'okwawula ebimu by'okwawula mu mugatte**, n'ekigendererwa ku **embiro z'okusaasaana**. 

### **Ku kiseera ky'okwawula mu buli mbeera:**
- **Kino ekyokka** ku **nkola y'okwawula ebimu by'okwawula mu mugatte**, n'ekigendererwa ku **embiro z'okusaasaana**. 

### **Ku kiseera ky'okwawula mu buli mbeera:**
- **Kino ekyokka** ku **nkola y'okwawula ebimu by'okwawula mu mugatte**, n'ekigendererwa ku **embiro z'okusaasaana**. 

### **Ku kiseera ky'okwawula mu buli mbeera:**
- **Kino ekyokka** ku **nkola y'okwawula ebimu by'okwawula mu mugatte**, n'ekigendererwa ku **embiro z'okusaasaana**. 

### **Ku kiseera ky'okwawula mu buli mbeera:**
- **Kino ekyokka** ku **nkola y'okwawula ebimu by'okwawula mu mugatte**, n'ekigendererwa ku **embiro z'okusaasaana**. 

### **Ku kiseera ky'okwawula mu buli mbeera:**
- **Kino ekyokka** ku **nkola y'okwawula ebimu by'okwawula mu mugatte**, n'ekigendererwa ku **embiro z'okusaasaana**. 

### **Ku kiseera ky'okwawula mu buli mbeera:**
- **Kino ekyokka** ku **nkola y'okwawula ebimu by'okwawula mu mugatte**, n'ekigendererwa ku **embiro z'okusaasaana**. 

### **Ku kiseera ky'okwawula mu buli mbeera:**
- **Kino ekyokka** ku **nkola y'okwawula ebimu by'okwawula mu mugatte**, n'ekigendererwa ku **embiro z'okusaasaana**. 

### **Ku kiseera ky'okwawula mu buli mbeera:**
- **Kino ekyokka** ku **nkola y'okwawula ebimu by'okwawula mu mugatte**, n'ekigendererwa ku **embiro z'okusaasaana**. 

### **Ku kiseera ky'okwawula mu buli mbeera:**
- **Kino ekyokka** ku **nkola y'okwawula ebimu by'okwawula mu mugatte**, n'ekigendererwa ku **embiro z'okusaasaana**. 

### **Ku kiseera ky'okwawula mu buli mbeera:**
- **Kino ekyokka** ku **nkola y'okwawula ebimu by'okwawula mu mugatte**, n'ekigendererwa ku **embiro z'okusaasaana**. 

### **Ku kiseera ky'okwawula mu buli mbeera:**
- **Kino ekyokka** ku **nkola y'okwawula ebimu by'okwawula mu mugatte**, n'ekigendererwa ku **embiro z'okusaasaana**. 

### **Ku kiseera ky'okwawula mu buli mbeera:**
- **Kino ekyokka** ku **nkola y'okwawula ebimu by'okwawula mu mugatte**, n'ekigendererwa ku **embiro z'okusaasaana**. 

### **Ku kiseera ky'okwawula mu buli mbeera:**
- **Kino ekyokka** ku **nkola y'okwawula ebimu by'okwawula mu mugatte**, n'ekigendererwa ku **embiro z'okusaasaana**. 

### **Ku kiseera ky'okwawula mu buli mbeera:**
- **Kino ekyokka** ku **nkola y'okwawula ebimu by'okwawula mu mugatte**, n'ekigendererwa ku **embiro z'okusaasaana**. 

### **Ku kiseera ky'okwawula mu buli mbeera:**
- **Kino ekyokka** ku **nkola y'okwawula ebimu by'okwawula mu mugatte**, n'ekigendererwa ku **embiro z'okusaasaana**. 

### **Ku kiseera ky'okwawula mu buli mbeera:**
- **Kino ekyokka** ku **nkola y'okwawula ebimu by'okwawula mu mugatte**, n'ekigendererwa ku **embiro z'okusaasaana**. 

### **Ku kiseera ky'okwawula mu buli mbeera:**
- **Kino ekyokka** ku **nkola y'okwawula ebimu by'okwawula mu mugatte**, n'ekigendererwa ku **embiro z'okusaasaana**. 

### **Ku kiseera ky'okwawula mu buli mbeera:**
- **Kino ekyokka** ku **nkola y'okwawula ebimu by'okwawula mu mugatte**, n'ekigendererwa ku **embiro z'okusaasaana**. 

### **Ku kiseera ky'okwawula mu buli mbeera:**
- **Kino ekyokka** ku **nkola y'okwawula ebimu by'okwawula mu mugatte**, n'ekigendererwa ku **embiro z'okusaasaana**. 

### **Ku kiseera ky'okwawula mu buli mbeera:**
- **Kino ekyokka** ku **nkola y'okwawula ebimu by'okwawula mu mugatte**, n'ekigendererwa ku **embiro z'okusaasaana**. 

### **Ku kiseera ky'okwawula mu buli mbeera:**
- **Kino ekyokka** ku **nkola y'okwawula ebimu by'okwawula mu mugatte**, n'ekigendererwa ku **embiro z'okusaasaana**. 

### **Ku kiseera ky'okwawula mu buli mbeera:**
- **Kino ekyokka** ku **nkola y'okwawula ebimu by'okwawula mu mugatte**, n'ekigendererwa ku **embiro z'okusaasaana**. 

### **Ku kiseera ky'okwawula mu buli mbeera:**
- **Kino ekyokka** ku **nkola y'okwawula ebimu by'okwawula mu mugatte**, n'ekigendererwa ku **embiro z'okusaasaana**. 

### **Ku kiseera ky'okwawula mu buli mbeera:**
- **Kino ekyokka** ku **nkola y'okwawula ebimu by'okwawula mu mugatte**, n'ekigendererwa ku **embiro z'okusaasaana**. 

### **Ku kiseera ky'okwawula mu buli mbeera:**
- **Kino ekyokka** ku **nkola y'okwawula ebimu by'okwawula mu mugatte**, n'ekigendererwa ku **embiro z'okusaasaana**. 

### **Ku kiseera ky'okwawula mu buli mbeera:**
- **Kino ekyokka** ku **nkola y'okwawula ebimu by'okwawula mu mugatte**, n'ekig",True,106.09057259999099,5896,4000,639
C,"**B. Banoonyeza omuspeedi gw'ekintu ekireeta eddoboozi n'omuwendo gw'eddoboozi lyekireeta okusobola okuteebereza omuwendo gw'eddoboozi omuntu gw'anaawulira.**

**Explanation:**  
Ekigendererwa ky'ekibiina (Doppler effect) ekireeta ku mukono gw'okukozesa omuwendo gw'ekintu ekireeta eddoboozi (source) n'omuwendo gw'omuntu ow'anaawulira (observer) okuteebereza mukono gw'ekintu eddoboozi ekireeta. Nga ekintu ekireeta eddoboozi ekisigala ku muntu, eddoboozi ekireeta ekikwata ku mukono ogw'ekintu ekireeta, n'ekikwata ku mukono ogw'omuntu ow'anaawulira. Omuspeedi gw'ekintu ekireeta n'omuwendo gw'omuntu ow'anaawulira ekisigala ku mukono gw'eddoboozi ekireeta. Option B ekireeta ku mukono gw'okukozesa omuspeedi n'omuwendo gw'ekintu ekireeta n'omuntu ow'anaawulira, ekikwata ku mukono gw'ekigendererwa ky'ekibiina.",True,25.076837600005092,2975,992,809
A,"**C. Kutereeza, nga tukozesa enkola ya electron-ion, ekibalangulo ky’ekikemiko ekiraga okwoksisayizibwa kw’emiyuwa gy’ekikomo egikozesebwa okuyisa amazzi ag’okunywa nga gikozesa molekyo ya oxygen.**

**Explanation:**  
Kutereeza (combustion) ekigendererwa ky’okwoksisayizibwa (oxidation) oba okukendeeza (reduction) mu kikolwa eky’ekikemiko. Mu kikolwa kino, obungi bwa oxygen (O₂) ekikozesebwa okuyisa amazzi ag’okunywa (e.g., carbon, hydrogen) oba emiyuwa gy’ekikomo (e.g., metal ions). Enkola ya electron-ion ekisobozesa ku mukolo gw’okwoksisayizibwa, oba obungi bwa oxygen ekikozesebwa okuyisa amazzi oba emiyuwa, oba emiyuwa ekikozesebwa okukendeeza obungi bwa oxygen. Kino ekisobozesa ku kikolwa eky’okwoksisayizibwa, oba obungi bwa oxygen ekikozesebwa okuyisa amazzi oba emiyuwa, oba emiyuwa ekikozesebwa okukendeeza obungi bwa oxygen. Kino ekisobozesa ku kikolwa eky’okwoksisayizibwa, oba obungi bwa oxygen ekikozesebwa okuyisa amazzi oba emiyuwa, oba emiyuwa ekikozesebwa okukendeeza obungi bwa oxygen. Kino ekisobozesa ku kikolwa eky’okwoksisayizibwa, oba obungi bwa oxygen ekikozesebwa okuyisa amazzi oba emiyuwa, oba emiyuwa ekikozesebwa okukendeeza obungi bwa oxygen. Kino ekisobozesa ku kikolwa eky’okwoksisayizibwa, oba obungi bwa oxygen ekikozesebwa okuyisa amazzi oba emiyuwa, oba emiyuwa ekikozesebwa okukendeeza obungi bwa oxygen. Kino ekisobozesa ku kikolwa eky’okwoksisayizibwa, oba obungi bwa oxygen ekikozesebwa okuyisa amazzi oba emiyuwa, oba emiyuwa ekikozesebwa okukendeeza obungi bwa oxygen. Kino ekisobozesa ku kikolwa eky’okwoksisayizibwa, oba obungi bwa oxygen ekikozesebwa okuyisa amazzi oba emiyuwa, oba emiyuwa ekikozesebwa okukendeeza obungi bwa oxygen. Kino ekisobozesa ku kikolwa eky’okwoksisayizibwa, oba obungi bwa oxygen ekikozesebwa okuyisa amazzi oba emiyuwa, oba emiyuwa ekikozesebwa okukendeeza obungi bwa oxygen. Kino ekisobozesa ku kikolwa eky’okwoksisayizibwa, oba obungi bwa oxygen ekikozesebwa okuyisa amazzi oba emiyuwa, oba emiyuwa ekikozesebwa okukendeeza obungi bwa oxygen. Kino ekisobozesa ku kikolwa eky’okwoksisayizibwa, oba obungi bwa oxygen ekikozesebwa okuyisa amazzi oba emiyuwa, oba emiyuwa ekikozesebwa okukendeeza obungi bwa oxygen. Kino ekisobozesa ku kikolwa eky’okwoksisayizibwa, oba obungi bwa oxygen ekikozesebwa okuyisa amazzi oba emiyuwa, oba emiyuwa ekikozesebwa okukendeeza obungi bwa oxygen. Kino ekisobozesa ku kikolwa eky’okwoksisayizibwa, oba obungi bwa oxygen ekikozesebwa okuyisa amazzi oba emiyuwa, oba emiyuwa ekikozesebwa okukendeeza obungi bwa oxygen. Kino ekisobozesa ku kikolwa eky’okwoksisayizibwa, oba obungi bwa oxygen ekikozesebwa okuyisa amazzi oba emiyuwa, oba emiyuwa ekikozesebwa okukendeeza obungi bwa oxygen. Kino ekisobozesa ku kikolwa eky’okwoksisayizibwa, oba obungi bwa oxygen ekikozesebwa okuyisa amazzi oba emiyuwa, oba emiyuwa ekikozesebwa okukendeeza obungi bwa oxygen. Kino ekisobozesa ku kikolwa eky’okwoksisayizibwa, oba obungi bwa oxygen ekikozesebwa okuyisa amazzi oba emiyuwa, oba emiyuwa ekikozesebwa okukendeeza obungi bwa oxygen. Kino ekisobozesa ku kikolwa eky’okwoksisayizibwa, oba obungi bwa oxygen ekikozesebwa okuyisa amazzi oba emiyuwa, oba emiyuwa ekikozesebwa okukendeeza obungi bwa oxygen. Kino ekisobozesa ku kikolwa eky’okwoksisayizibwa, oba obungi bwa oxygen ekikozesebwa okuyisa amazzi oba emiyuwa, oba emiyuwa ekikozesebwa okukendeeza obungi bwa oxygen. Kino ekisobozesa ku kikolwa eky’okwoksisayizibwa, oba obungi bwa oxygen ekikozesebwa okuyisa amazzi oba emiyuwa, oba emiyuwa ekikozesebwa okukendeeza obungi bwa oxygen. Kino ekisobozesa ku kikolwa eky’okwoksisayizibwa, oba obungi bwa oxygen ekikozesebwa okuyisa amazzi oba emiyuwa, oba emiyuwa ekikozesebwa okukendeeza obungi bwa oxygen. Kino ekisobozesa ku kikolwa eky’okwoksisayizibwa, oba obungi bwa oxygen ekikozesebwa okuyisa amazzi oba emiyuwa, oba emiyuwa ekikozesebwa okukendeeza obungi bwa oxygen. Kino ekisobozesa ku kikolwa eky’okwoksisayizibwa, oba obungi bwa oxygen ekikozesebwa okuyisa amazzi oba emiyuwa, oba emiyuwa ekikozesebwa okukendeeza obungi bwa oxygen. Kino ekisobozesa ku kikolwa eky’okwoksisayizibwa, oba obungi bwa oxygen ekikozesebwa okuyisa amazzi oba emiyuwa, oba emiyuwa ekikozesebwa okukendeeza obungi bwa oxygen. Kino ekisobozesa ku kikolwa eky’okwoksisayizibwa, oba obungi bwa oxygen ekikozesebwa okuyisa amazzi oba emiyuwa, oba emiyuwa ekikozesebwa okukendeeza obungi bwa oxygen. Kino ekisobozesa ku kikolwa eky’okwoksisayizibwa, oba obungi bwa oxygen ekikozesebwa okuyisa amazzi oba emiyuwa, oba emiyuwa ekikozesebwa okukendeeza obungi bwa oxygen. Kino ekisobozesa ku kikolwa eky’okwoksisayizibwa, oba obungi bwa oxygen ekikozesebwa okuyisa amazzi oba emiyuwa, oba emiyuwa ekikozesebwa okukendeeza obungi bwa oxygen. Kino ekisobozesa ku kikolwa eky’okwoksisayizibwa, oba obungi bwa oxygen ekikozesebwa okuyisa amazzi oba emiyuwa, oba emiyuwa ekikozesebwa okukendeeza obungi bwa oxygen. Kino ekisobozesa ku kikolwa eky’okwoksisayizibwa, oba obungi bwa oxygen ekikozesebwa okuyisa amazzi oba emiyuwa, oba emiyuwa ekikozesebwa okukendeeza obungi bwa oxygen. Kino ekisobozesa ku kikolwa eky’okwoksisayizibwa, oba obungi bwa oxygen ekikozesebwa okuyisa amazzi oba emiyuwa, oba emiyuwa ekikozesebwa okukendeeza obungi bwa oxygen. Kino ekisobozesa ku kikolwa eky’okwoksisayizibwa, oba obungi bwa oxygen ekikozesebwa okuyisa amazzi oba emiyuwa, oba emiyuwa ekikozesebwa okukendeeza obungi bwa oxygen. Kino ekisobozesa ku kikolwa eky’okwoksisayizibwa, oba obungi bwa oxygen ekikozesebwa okuyisa amazzi oba emiyuwa, oba emiyuwa ekikozesebwa okukendeeza obungi bwa oxygen. Kino ekisobozesa ku kikolwa eky’okwoksisayizibwa, oba obungi bwa oxygen ekikozesebwa okuyisa amazzi oba emiyuwa, oba emiyuwa ekikozesebwa okukendeeza obungi bwa oxygen. Kino ekisobozesa ku kikolwa eky’okwoksisayizibwa, oba obungi bwa oxygen ekikozesebwa okuyisa amazzi oba emiyuwa, oba emiyuwa ekikozesebwa okukendeeza obungi bwa oxygen. Kino ekisobozesa ku kikolwa eky’okwoksisayizibwa, oba obungi bwa oxygen ekikozesebwa okuyisa amazzi oba emiyuwa, oba emiyuwa ekikozesebwa okukendeeza obungi bwa oxygen. Kino ekisobozesa ku kikolwa eky’okwoksisayizibwa, oba obungi bwa oxygen ekikozesebwa okuyisa amazzi oba emiyuwa, oba emiyuwa ekikozesebwa okukendeeza obungi bwa oxygen. Kino ekisobozesa ku kikolwa eky’okwoksisayizibwa, oba obungi bwa oxygen ekikozesebwa okuyisa amazzi oba emiyuwa, oba emiyuwa ekikozesebwa okukendeeza obungi bwa oxygen. Kino ekisobozesa ku kikolwa eky’okwoksisayizibwa, oba obungi bwa oxygen ekikozesebwa okuyisa amazzi oba emiyuwa, oba emiyuwa ekikozesebwa okukendeeza obungi bwa oxygen. Kino ekisobozesa ku kikolwa eky’okwoksisayizibwa, oba obungi bwa oxygen ekikozesebwa okuyisa amazzi oba emiyuwa, oba emiyuwa ekikozesebwa okukendeeza obungi bwa oxygen. Kino ekisobozesa ku kikolwa eky’okwoksisayizibwa, oba obungi bwa oxygen ekikozesebwa okuyisa amazzi oba emiyuwa, oba emiyuwa ekikozesebwa okukendeeza obungi bwa oxygen. Kino ekisobozesa ku kikolwa eky’okwoksisayizibwa, oba obungi bwa oxygen ekikozesebwa okuyisa amazzi oba emiyuwa, oba emiyuwa ekikozesebwa okukendeeza obungi bwa oxygen. Kino ekisobozesa ku kikolwa eky’okwoksisayizibwa, oba obungi bwa oxygen ekikozesebwa okuyisa amazzi oba emiyuwa, oba emiyuwa ekikozesebwa okukendeeza obungi bwa oxygen. Kino ekisobozesa ku kikolwa eky’okwoksisayizibwa, oba obungi bwa oxygen ekikozesebwa okuyisa amazzi oba emiyuwa, oba emiyuwa ekikozesebwa okukendeeza obungi bwa oxygen. Kino ekisobozesa ku kikolwa eky’okwoksisayizibwa, oba obungi bwa oxygen ekikozesebwa okuyisa amazzi oba emiyuwa, oba emiyuwa ekikozesebwa okukendeeza obungi bwa oxygen. Kino ekisobozesa ku kikolwa eky’okwoksisayizibwa, oba obungi bwa oxygen ekikozesebwa okuyisa amazzi oba emiyuwa, oba emiyuwa ekikozesebwa okukendeeza obungi bwa oxygen. Kino ekisobozesa ku kikolwa eky’okwoksisayizibwa, oba obungi bwa oxygen ekikozesebwa okuyisa amazzi oba emiyuwa, oba emiyuwa ekikozesebwa okukendeeza obungi bwa oxygen. Kino ekisobozesa ku kikolwa eky’okwoksisayizibwa, oba obungi bwa oxygen ekikozesebwa okuyisa amazzi oba emiyuwa, oba emiyuwa ekikozesebwa okukendeeza obungi bwa oxygen. Kino ekisobozesa ku kikolwa eky’okwoksisayizibwa, oba obungi bwa oxygen ekikozesebwa okuyisa amazzi oba emiyuwa, oba emiyuwa ekikozesebwa okukendeeza obungi bwa oxygen. Kino ekisobozesa ku kikolwa eky’okwoksisayizibwa, oba obungi bwa oxygen ekikozesebwa okuyisa amazzi oba emiyuwa, oba emiyuwa ekikozesebwa okukendeeza obungi bwa oxygen. Kino ekisobozesa ku kikolwa eky’okwoksisayizibwa, oba obungi bwa oxygen ekikozesebwa okuyisa amazzi oba emiyuwa, oba emiyu",True,92.16576400000486,6096,4000,477
D,"**Jawabo: B**

**Ekkwata:**  
Ku mirimu gino, omusomesa ayagala okutegeera **hydrocarbons** ez’obuwanvu bw’enziringanya (crude oil) mu **bubonero by’okubulukuka** (fractional distillation). Etekiniki eno ezigala okusinziira ku **tempulikya ebyokirokaboni** (boiling points) eby’ebintu ebiri, ne balambulula oba biri mu mbeera ya **kikalu, kikulukusi, oba ggaasi** (solid, liquid, gas) mu **tempulikya eya bulijjo** (standard conditions). Etekiniki eno ezigala okusinziira ku **mikwanaganyo egireeteddwa molekyuulu** (molecular structures) mu mmeeza, ne balaga okutegeera ku **mikwanaganyo eby’okwawula** (physical properties) oba **ekikuta ky’ebbugga** (chemical properties) eby’ebintu ebiri. 

**Ekkwata kya B:**  
- **""Baliriza abayizi okunoonyereza ku bubonero bw’okubulukuka""** = Okusinziira ku fractional distillation.  
- **""Babitegeke mu mmeeza""** = Okusinziira ku fractions (e.g., gasoline, diesel).  
- **""Biriri mu mbeera ya kikalu, kikulukusi, oba ggaasi""** = Okutegeera ku states of matter (solid, liquid, gas) mu standard conditions.  

**Ekkwata kya C (Ekyo kikozesebwa):**  
- Chromatography ezigala okusinziira ku lab settings, oba kino ezigala okusinziira ku industrial processes (e.g., distillation).  

**Ekkwata kya D (Ekyo kikozesebwa):**  
- ""Distilling into a table"" ezigala ekyo kino ezigala okusinziira ku **tebuleni** (tables) oba data, oba kino ezigala okusinziira ku **environmental movement of carbon**, oba kino ezigala ekyo kino ezigala okusinziira ku **ekikuta ky’ebbugga** (chemical properties) oba **mikwanaganyo eby’okwawula** (physical properties).  

**Ekkwata kya A (Ekyo kikozesebwa):**  
- Kino ezigala okusinziira ku **states at room temperature**, oba kino ezigala ekyo kino ezigala okusinziira ku **ekikuta ky’ebbugga** (chemical properties) oba **mikwanaganyo eby’okwawula** (physical properties), oba kino ezigala ekyo kino ezigala okusinziira ku **ekikuta ky’ebbugga** (chemical properties) oba **mikwanaganyo eby’okwawula** (physical properties).  

**Ekkwata kya B ezigala ekyo kino ezigala okusinziira ku **fractional distillation** (bubonero bw’okubulukuka), ne balaga okusinziira ku **states of matter** (kikalu, kikulukusi, ggaasi) mu **standard conditions**, ne balaga okusinziira ku **molecular structures** mu mmeeza.  

**Jawabo: B**",True,3.8186999000026844,3554,1475,822
D,"**Answer:**  
**C. Bintu ki ebireetawo ebintu ebya bulijjo ebikolebwa ebikukuumulukuta?**  

**Explanation:**  
The question focuses on **chemical decomposition reactions** where compounds break down into **elements** (pure substances that cannot be further decomposed). The examples provided in the text include:  
1. **Hydrochloric acid (HCl)** decomposing into **hydrogen (H₂)** and **chlorine (Cl₂)**.  
2. **Carbon dioxide (CO₂)** decomposing into **carbon (C)** and **oxygen (O₂)**.  

These are classic decomposition reactions where **compounds** (HCl, CO₂) break into **elements** (H₂, Cl₂, C, O₂).  

- **Option C** translates to: *""Substances that decompose into pure substances that can be further decomposed?""*  
  - While the wording might seem contradictory (elements cannot be further decomposed), the **intended meaning** aligns with the examples. The key is that the **original substances (compounds)** decompose into **elements** (pure substances that cannot be further decomposed). This matches the examples given.  

- **Option A** refers to substances reacting to produce elements, but the examples involve **decomposition**, not reactions between substances.  
- **Option B** mentions ""pure substances"" (which are elements or compounds), but the focus here is on **decomposition of compounds into elements**.  
- **Option D** refers to combining into pure substances (synthesis), which is the opposite of decomposition.  

Thus, **Option C** is the correct choice, as it best reflects the decomposition of compounds into elements.  

**Final Answer:**  
**C**",True,26.090955500025302,3268,1253,1107
B,"**Jawabu:** B. Okukozesa omusingi ogw'okukuuma amasoboza  

**Tabyeyi:**  
Omusingi gwa Bernoulli ekyeyinza okutegeera ku **okusobola okukuuma amasoboza** (kakulembe ku kikola ku kikuta ky'amasoboza). Naye, enkola y'okukuuma amasoboza (kakulembe ku kikola ku kikuta ky'amasoboza) ekyeyinza okutegeera ku **okusobola okutegeera obwawo oba obusobozi oba obusobozi oba obusobozi oba obusobozi oba obusobozi oba obusobozi oba obusobozi oba obusobozi oba obusobozi oba obusobozi oba obusobozi oba obusobozi oba obusobozi oba obusobozi oba obusobozi oba obusobozi oba obusobozi oba obusobozi oba obusobozi oba obusobozi oba obusobozi oba obusobozi oba obusobozi oba obusobozi oba obusobozi oba obusobozi oba obusobozi oba obusobozi oba obusobozi oba obusobozi oba obusobozi oba obusobozi oba obusobozi oba obusobozi oba obusobozi oba obusobozi oba obusobozi oba obusobozi oba obusobozi oba obusobozi oba obusobozi oba obusobozi oba obusobozi oba obusobozi oba obusobozi oba obusobozi oba obusobozi oba obusobozi oba obusobozi oba obusobozi oba obusobozi oba obusobozi oba obusobozi oba obusobozi oba obusobozi oba obusobozi oba obusobozi oba obusobozi oba obusobozi oba obusobozi oba obusobozi oba obusobozi oba obusobozi oba obusobozi oba obusobozi oba obusobozi oba obusobozi oba obusobozi oba obusobozi oba obusobozi oba obusobozi oba obusobozi oba obusobozi oba obusobozi oba obusobozi oba obusobozi oba obusobozi oba obusobozi oba obusobozi oba obusobozi oba obusobozi oba obusobozi oba obusobozi oba obusobozi oba obusobozi oba obusobozi oba obusobozi oba obusobozi oba obusobozi oba obusobozi oba obusobozi oba obusobozi oba obusobozi oba obusobozi oba obusobozi oba obusobozi oba obusobozi oba obusobozi oba obusobozi oba obusobozi oba obusobozi oba obusobozi oba obusobozi oba obusobozi oba obusobozi oba obusobozi oba obusobozi oba obusobozi oba obusobozi oba obusobozi oba obusobozi oba obusobozi oba obusobozi oba obusobozi oba obusobozi oba obusobozi oba obusobozi oba obusobozi oba obusobozi oba obusobozi oba obusobozi oba obusobozi oba obusobozi oba obusobozi oba obusobozi oba obusobozi oba obusobozi oba obusobozi oba obusobozi oba obusobozi oba obusobozi oba obusobozi oba obusobozi oba obusobozi oba obusobozi oba obusobozi oba obusobozi oba obusobozi oba obusobozi oba obusobozi oba obusobozi oba obusobozi oba obusobozi oba obusobozi oba obusobozi oba obusobozi oba obusobozi oba obusobozi oba obusobozi oba obusobozi oba obusobozi oba obusobozi oba obusobozi oba obusobozi oba obusobozi oba obusobozi oba obusobozi oba obusobozi oba obusobozi oba obusobozi oba obusobozi oba obusobozi oba obusobozi oba obusobozi oba obusobozi oba obusobozi oba obusobozi oba obusobozi oba obusobozi oba obusobozi oba obusobozi oba obusobozi oba obusobozi oba obusobozi oba obusobozi oba obusobozi oba obusobozi oba obusobozi oba obusobozi oba obusobozi oba obusobozi oba obusobozi oba obusobozi oba obusobozi oba obusobozi oba obusobozi oba obusobozi oba obusobozi oba obusobozi oba obusobozi oba obusobozi oba obusobozi oba obusobozi oba obusobozi oba obusobozi oba obusobozi oba obusobozi oba obusobozi oba obusobozi oba obusobozi oba obusobozi oba obusobozi oba obusobozi oba obusobozi oba obusobozi oba obusobozi oba obusobozi oba obusobozi oba obusobozi oba obusobozi oba obusobozi oba obusobozi oba obusobozi oba obusobozi oba obusobozi oba obusobozi oba obusobozi oba obusobozi oba obusobozi oba obusobozi oba obusobozi oba obusobozi oba obusobozi oba obusobozi oba obusobozi oba obusobozi oba obusobozi oba obusobozi oba obusobozi oba obusobozi oba obusobozi oba obusobozi oba obusobozi oba obusobozi oba obusobozi oba obusobozi oba obusobozi oba obusobozi oba obusobozi oba obusobozi oba obusobozi oba obusobozi oba obusobozi oba obusobozi oba obusobozi oba obusobozi oba obusobozi oba obusobozi oba obusobozi oba obusobozi oba obusobozi oba obusobozi oba obusobozi oba obusobozi oba obusobozi oba obusobozi oba obusobozi oba obusobozi oba obusobozi oba obusobozi oba obusobozi oba obusobozi oba obusobozi oba obusobozi oba obusobozi oba obusobozi oba obusobozi oba obusobozi oba obusobozi oba obusobozi oba obusobozi oba obusobozi oba obusobozi oba obusobozi oba obusobozi oba obusobozi oba obusobozi oba obusobozi oba obusobozi oba obusobozi oba obusobozi oba obusobozi oba obusobozi oba obusobozi oba obusobozi oba obusobozi oba obusobozi oba obusobozi oba obusobozi oba obusobozi oba obusobozi oba obusobozi oba obusobozi oba obusobozi oba obusobozi oba obusobozi oba obusobozi oba obusobozi oba obusobozi oba obusobozi oba obusobozi oba obusobozi oba obusobozi oba obusobozi oba obusobozi oba obusobozi oba obusobozi oba obusobozi oba obusobozi oba obusobozi oba obusobozi oba obusobozi oba obusobozi oba obusobozi oba obusobozi oba obusobozi oba obusobozi oba obusobozi oba obusobozi oba obusobozi oba obusobozi oba obusobozi oba obusobozi oba obusobozi oba obusobozi oba obusobozi oba obusobozi oba obusobozi oba obusobozi oba obusobozi oba obusobozi oba obusobozi oba obusobozi oba obusobozi oba obusobozi oba obusobozi oba obusobozi oba obusobozi oba obusobozi oba obusobozi oba obusobozi oba obusobozi oba obusobozi oba obusobozi oba obusobozi oba obusobozi oba obusobozi oba obusobozi oba obusobozi oba obusobozi oba obusobozi oba obusobozi oba obusobozi oba obusobozi oba obusobozi oba obusobozi oba obusobozi oba obusobozi oba obusobozi oba obusobozi oba obusobozi oba obusobozi oba obusobozi oba obusobozi oba obusobozi oba obusobozi oba obusobozi oba obusobozi oba obusobozi oba obusobozi oba obusobozi oba obusobozi oba obusobozi oba obusobozi oba obusobozi oba obusobozi oba obusobozi oba obusobozi oba obusobozi oba obusobozi oba obusobozi oba obusobozi oba obusobozi oba obusobozi oba obusobozi oba obusobozi oba obusobozi oba obusobozi oba obusobozi oba obusobozi oba obusobozi oba obusobozi oba obusobozi oba obusobozi oba obusobozi oba obusobozi oba obusobozi oba obusobozi oba obusobozi oba obusobozi oba obusobozi oba obusobozi oba obusobozi oba obusobozi oba obusobozi oba obusobozi oba obusobozi oba obusobozi oba obusobozi oba obusobozi oba obusobozi oba obusobozi oba obusobozi oba obusobozi oba obusobozi oba obusobozi oba obusobozi oba obusobozi oba obusobozi oba obusobozi oba obusobozi oba obusobozi oba obusobozi oba obusobozi oba obusobozi oba obusobozi oba obusobozi oba obusobozi oba obusobozi oba obusobozi oba obusobozi oba obusobozi oba obusobozi oba obusobozi oba obusobozi oba obusobozi oba obusobozi oba obusobozi oba obusobozi oba obusobozi oba obusobozi oba obusobozi oba obusobozi oba obusobozi oba obusobozi oba obusobozi oba obusobozi oba obusobozi oba obusobozi oba obusobozi oba obusobozi oba obusobozi oba obusobozi oba obusobozi oba obusobozi oba obusobozi oba obusobozi oba obusobozi oba obusobozi oba obusobozi oba obusobozi oba obusobozi oba obusobozi oba obusobozi oba obusobozi oba obusobozi oba obusobozi oba obusobozi oba obusobozi oba obusobozi oba obusobozi oba obusobozi oba obusobozi oba obusobozi oba obusobozi oba obusobozi oba obusobozi oba obusobozi oba obusobozi oba obusobozi oba obusobozi oba obusobozi oba obusobozi oba obusobozi oba obusobozi oba obusobozi oba obusobozi oba obusobozi oba obusobozi oba obusobozi oba obusobozi oba obusobozi oba obusobozi oba obusobozi oba obusobozi oba obusobozi oba obusobozi oba obusobozi oba obusobozi oba obusobozi oba obusobozi oba obusobozi oba obusobozi oba obusobozi oba obusobozi oba obusobozi oba obusobozi oba obusobozi oba obusobozi oba obusobozi oba obusobozi oba obusobozi oba obusobozi oba obusobozi oba obusobozi oba obusobozi oba obusobozi oba obusobozi oba obusobozi oba obusobozi oba obusobozi oba obusobozi oba obusobozi oba obusobozi oba obusobozi oba obusobozi oba obusobozi oba obusobozi oba obusobozi oba obusobozi oba obusobozi oba obusobozi oba obusobozi oba obusobozi oba obusobozi oba obusobozi oba obusobozi oba obusobozi oba obusobozi oba obusobozi oba obusobozi oba obusobozi oba obusobozi oba obusobozi oba obusobozi oba obusobozi oba obusobozi oba obusobozi oba obusobozi oba obusobozi oba obusobozi oba obusobozi oba obusobozi oba obusobozi oba obusobozi oba obusobozi oba obusobozi oba obusobozi oba obusobozi oba obusobozi oba obusobozi oba obusobozi oba obusobozi oba obusobozi oba obusobozi oba obusobozi oba obusobozi oba obusobozi oba obusobozi oba obusobozi oba obusobozi oba obusobozi oba obusobozi",True,117.18846980002127,5739,4000,519
