answers,resps,success,Latency,TokensUsed,TokensUsedCompletion,TokensUsedReasoning
D,"**Jawon: A**

**Ìdáhùn:**  
Ní àwọn èrò-ìfojúsùn tí ẹgbẹ́ àwọn olùkọ́ nílò láti ṣe, àwọn akẹ́kọ̀ọ́ máa fi hàn pé wọ́n ti dé ibi ète ẹ̀kọ́ tí wọ́n yàn yìí nígbà tí wọ́n máa tẹ̀lé ìlànà tí Santiago ń ṣe ní ìwé ""The Alchemist"" (Àwárí Àyíká Àdánidá). Ìgbésẹ̀ **A** (Santiago ya àwọn òkúta oríṣiríṣi ìwọ̀n) jẹ́ ìgbésẹ̀ tí ó tẹ̀lé e ní lílo àwọn ìdáhùn tí ó wà nípa ìgbéwò ìwé náà, kí ó máa tẹ̀lé pé Santiago ń ṣe ìgbéwò sí ìwọ̀n (Personal Legend) rẹ̀, tí ó jẹ́ àṣẹ àwọn ìyípo ojoojúmọ́ ní ìwé náà.  

**Ìgbésẹ̀ wọn (B, C, D)**:  
- **B** (Pablo wo ṣíbí náà, ó sì rí àfihàn ara rẹ̀) jẹ́ ìgbésẹ̀ tí ó wà nípa ìwọ̀n ara, kí kò wà nípa ìgbéwò ìwé náà.  
- **C** (María kó onírúurú ewé igi) jẹ́ ìgbésẹ̀ tí ó wà nípa àṣẹ àgbàlá, kí kò wà nípa ìgbéwò ìwé náà.  
- **D** (Soledad pa àwọn irúgbìn) jẹ́ ìgbésẹ̀ tí ó wà nípa ìgbéwò àgbàlá, kí kò wà nípa ìgbéwò ìwé náà.  

**Ìdáhùn gidi:**  
Ìgbésẹ̀ **A** jẹ́ ìgbésẹ̀ tí ó tẹ̀lé e ní lílo àwọn ìdáhùn tí ó wà nípa ìgbéwò ìwé ""The Alchemist"", kí ó máa tẹ̀lé pé àwọn akẹ́kọ̀ọ́ máa fi hàn pé Santiago ń ṣe ìgbéwò sí ìwọ̀n rẹ̀, tí ó jẹ́ àṣẹ àwọn ìyípo ojoojúmọ́ ní ìwé náà.",True,53.830901599954814,3905,1199,0.0
A,"**Jawon Dídùn: C**

**Ìdáhùn:**  
Ìwé iṣẹ́ tí ó fi àwòrán àwọn èso wọ̀nyí hàn pẹ̀lú àwọn òpó lẹ́gbẹ̀ẹ́ wọn tí ó ní ojú ayọ̀ àti ojú ìbànújẹ́, ya àwọn ìdáhùn rẹ sí àwọn ìbéèrè wọ̀nyí: Nígbà tí o ń jẹ́ ìwọ́rọ̀ lára àgbalùmọ̀, o nímọ̀lára ayọ̀ tàbí ìbànújẹ́? Nígbà tí o rí àwọ̀ ọ̀gẹ̀dẹ̀, ó wù ọ́ tàbí kò wù ọ́? Nígbà tí o fọwọ́ kan èèpo píà, o nímọ̀lára ayọ̀ tàbí ìbànújẹ́? Nígbà tí o gbóòórùn àgbalùmọ̀, ó wù ọ́ tàbí kò wù ọ́?

**Ìdáhùn Gidi:**  
Ìwé iṣẹ́ tí ó fi àwòrán àwọn èso wọ̀nyí hàn pẹ̀lú àwọn òpó lẹ́gbẹ̀ẹ́ wọn tí ó ní ojú ayọ̀ àti ojú ìbànújẹ́, ya àwọn ìdáhùn rẹ sí àwọn ìbéèrè wọ̀nyí: Nígbà tí o ń jẹ́ ìwọ́rọ̀ lára àgbalùmọ̀, o nímọ̀lára ayọ̀ tàbí ìbànújẹ́? Nígbà tí o rí àwọ̀ ọ̀gẹ̀dẹ̀, ó wù ọ́ tàbí kò wù ọ́? Nígbà tí o fọwọ́ kan èèpo píà, o nímọ̀lára ayọ̀ tàbí ìbànújẹ́? Nígbà tí o gbóòórùn àgbalùmọ̀, ó wù ọ́ tàbí kò wù ọ́?

**Ìdáhùn Lẹ́tà:**  
Ìwé iṣẹ́ tí ó fi àwòrán àwọn èso wọ̀nyí hàn pẹ̀lú àwọn òpó lẹ́gbẹ̀ẹ́ wọn tí ó ní ojú ayọ̀ àti ojú ìbànújẹ́, ya àwọn ìdáhùn rẹ sí àwọn ìbéèrè wọ̀nyí: Nígbà tí o ń jẹ́ ìwọ́rọ̀ lára àgbalùmọ̀, o nímọ̀lára ayọ̀ tàbí ìbànújẹ́? Nígbà tí o rí àwọ̀ ọ̀gẹ̀dẹ̀, ó wù ọ́ tàbí kò wù ọ́? Nígbà tí o fọwọ́ kan èèpo píà, o nímọ̀lára ayọ̀ tàbí ìbànújẹ́? Nígbà tí o gbóòórùn àgbalùmọ̀, ó wù ọ́ tàbí kò wù ọ́?

**Dúró Gẹ́lẹ́ Lẹ́yìn Lẹ́tà Náà:**  
Ìwé iṣẹ́ tí ó fi àwòrán àwọn èso wọ̀nyí hàn pẹ̀lú àwọn òpó lẹ́gbẹ̀ẹ́ wọn tí ó ní ojú ayọ̀ àti ojú ìbànújẹ́, ya àwọn ìdáhùn rẹ sí àwọn ìbéèrè wọ̀nyí: Nígbà tí o ń jẹ́ ìwọ́rọ̀ lára àgbalùmọ̀, o nímọ̀lára ayọ̀ tàbí ìbànújẹ́? Nígbà tí o rí àwọ̀ ọ̀gẹ̀dẹ̀, ó wù ọ́ tàbí kò wù ọ́? Nígbà tí o fọwọ́ kan èèpo píà, o nímọ̀lára ayọ̀ tàbí ìbànújẹ́? Nígbà tí o gbóòórùn àgbalùmọ̀, ó wù ọ́ tàbí kò wù ọ́?",True,55.25488090002909,4942,2027,0.0
D,"**Answer:** C. Inú-ọkàn máa ń jẹ́ kí ẹ̀jẹ̀ gbé afẹ́fẹ́ àbẹ̀mí lọ sí ara

**Explanation:**  
The question asks which statement does **not** reflect a correct approach to a child's learning in a preschool setting. Let's analyze each option:

- **A.** ""The child can progress through the stages of development.""  
  This aligns with developmental theories (e.g., Piaget), which emphasize that children learn through sequential stages. It is a valid approach.

- **B.** ""The child's environment is rich in stimuli.""  
  A stimulating environment is crucial for early childhood learning, as it encourages exploration and sensory development. This is a correct method.

- **C.** ""Inside the child, there is a struggle to bring the external world into the self.""  
  This implies internal conflict or struggle, which is not a recommended educational approach. Effective learning in preschool focuses on positive engagement, not internal conflict. This is the **incorrect** approach.

- **D.** ""The child is leading the external world to the entire self.""  
  This suggests the child actively integrates external experiences into their understanding, which aligns with constructivist learning theories. It is a valid approach.

**Conclusion:** Option **C** is the correct answer because it describes an internal struggle, which is not a constructive method for fostering learning in young children.",True,22.718229199992493,3394,638,
C,,True,101.93736810004339,6883,4000,
A,"**Ìbéèrè Gidi:**

**Ìwé ìdáhùn (D): Pínpín tó péye (Expansion when heated)**

**Ìdílẹ̀:**
Olùkọ́ náà ń fihàn pé àwọn ohun èlò (òróró àti gílísẹ́ríìnì) ń **pínpín tó péye** nígbà tí wọn ń **gbé sókè** (ṣeé). Ní àwọn ìgbésẹ̀ tí a sọ, ìgbé sókè lè **kọ̀wọ̀ ìdàlù** tí ó ní ìpínyà **òróró** àti **gílísẹ́ríìnì** (baking powder) láti **pínpín** nígbà tí wọn ń **gbé sókè**. Gílísẹ́ríìnì náà lè **ṣeé** nígbà tí wọn ń **gbé sókè**, ó lè **kọ̀wọ̀ ìdàlù** tí ó ní **òróró** àti **omi** láti **pínpín** àti **kọ̀wọ̀ ìdàlù** tí ó ní **ìdàlù** tí ó ní **ìdàlù** tí ó ní **ìdàlù** tí ó ní **ìdàlù** tí ó ní **ìdàlù** tí ó ní **ìdàlù** tí ó ní **ìdàlù** tí ó ní **ìdàlù** tí ó ní **ìdàlù** tí ó ní **ìdàlù** tí ó ní **ìdàlù** tí ó ní **ìdàlù** tí ó ní **ìdàlù** tí ó ní **ìdàlù** tí ó ní **ìdàlù** tí ó ní **ìdàlù** tí ó ní **ìdàlù** tí ó ní **ìdàlù** tí ó ní **ìdàlù** tí ó ní **ìdàlù** tí ó ní **ìdàlù** tí ó ní **ìdàlù** tí ó ní **ìdàlù** tí ó ní **ìdàlù** tí ó ní **ìdàlù** tí ó ní **ìdàlù** tí ó ní **ìdàlù** tí ó ní **ìdàlù** tí ó ní **ìdàlù** tí ó ní **ìdàlù** tí ó ní **ìdàlù** tí ó ní **ìdàlù** tí ó ní **ìdàlù** tí ó ní **ìdàlù** tí ó ní **ìdàlù** tí ó ní **ìdàlù** tí ó ní **ìdàlù** tí ó ní **ìdàlù** tí ó ní **ìdàlù** tí ó ní **ìdàlù** tí ó ní **ìdàlù** tí ó ní **ìdàlù** tí ó ní **ìdàlù** tí ó ní **ìdàlù** tí ó ní **ìdàlù** tí ó ní **ìdàlù** tí ó ní **ìdàlù** tí ó ní **ìdàlù** tí ó ní **ìdàlù** tí ó ní **ìdàlù** tí ó ní **ìdàlù** tí ó ní **ìdàlù** tí ó ní **ìdàlù** tí ó ní **ìdàlù** tí ó ní **ìdàlù** tí ó ní **ìdàlù** tí ó ní **ìdàlù** tí ó ní **ìdàlù** tí ó ní **ìdàlù** tí ó ní **ìdàlù** tí ó ní **ìdàlù** tí ó ní **ìdàlù** tí ó ní **ìdàlù** tí ó ní **ìdàlù** tí ó ní **ìdàlù** tí ó ní **ìdàlù** tí ó ní **ìdàlù** tí ó ní **ìdàlù** tí ó ní **ìdàlù** tí ó ní **ìdàlù** tí ó ní **ìdàlù** tí ó ní **ìdàlù** tí ó ní **ìdàlù** tí ó ní **ìdàlù** tí ó ní **ìdàlù** tí ó ní **ìdàlù** tí ó ní **ìdàlù** tí ó ní **ìdàlù** tí ó ní **ìdàlù** tí ó ní **ìdàlù** tí ó ní **ìdàlù** tí ó ní **ìdàlù** tí ó ní **ìdàlù** tí ó ní **ìdàlù** tí ó ní **ìdàlù** tí ó ní **ìdàlù** tí ó ní **ìdàlù** tí ó ní **ìdàlù** tí ó ní **ìdàlù** tí ó ní **ìdàlù** tí ó ní **ìdàlù** tí ó ní **ìdàlù** tí ó ní **ìdàlù** tí ó ní **ìdàlù** tí ó ní **ìdàlù** tí ó ní **ìdàlù** tí ó ní **ìdàlù** tí ó ní **ìdàlù** tí ó ní **ìdàlù** tí ó ní **ìdàlù** tí ó ní **ìdàlù** tí ó ní **ìdàlù** tí ó ní **ìdàlù** tí ó ní **ìdàlù** tí ó ní **ìdàlù** tí ó ní **ìdàlù** tí ó ní **ìdàlù** tí ó ní **ìdàlù** tí ó ní **ìdàlù** tí ó ní **ìdàlù** tí ó ní **ìdàlù** tí ó ní **ìdàlù** tí ó ní **ìdàlù** tí ó ní **ìdàlù** tí ó ní **ìdàlù** tí ó ní **ìdàlù** tí ó ní **ìdàlù** tí ó ní **ìdàlù** tí ó ní **ìdàlù** tí ó ní **ìdàlù** tí ó ní **ìdàlù** tí ó ní **ìdàlù** tí ó ní **ìdàlù** tí ó ní **ìdàlù** tí ó ní **ìdàlù** tí ó ní **ìdàlù** tí ó ní **ìdàlù** tí ó ní **ìdàlù** tí ó ní **ìdàlù** tí ó ní **ìdàlù** tí ó ní **ìdàlù** tí ó ní **ìdàlù** tí ó ní **ìdàlù** tí ó ní **ìdàlù** tí ó ní **ìdàlù** tí ó ní **ìdàlù** tí ó ní **ìdàlù** tí ó ní **ìdàlù** tí ó ní **ìdàlù** tí ó ní **ìdàlù** tí ó ní **ìdàlù** tí ó ní **ìdàlù** tí ó ní **ìdàlù** tí ó ní **ìdàlù** tí ó ní **ìdàlù** tí ó ní **ìdàlù** tí ó ní **ìdàlù** tí ó ní **ìdàlù** tí ó ní **ìdàlù** tí ó ní **ìdàlù** tí ó ní **ìdàlù** tí ó ní **ìdàlù** tí ó ní **ìdàlù** tí ó ní **ìdàlù** tí ó ní **ìdàlù** tí ó ní **ìdàlù** tí ó ní **ìdàlù** tí ó ní **ìdàlù** tí ó ní **ìdàlù** tí ó ní **ìdàlù** tí ó ní **ìdàlù** tí ó ní **ìdàlù** tí ó ní **ìdàlù** tí ó ní **ìdàlù** tí ó ní **ìdàlù** tí ó ní **ìdàlù** tí ó ní **ìdàlù** tí ó ní **ìdàlù** tí ó ní **ìdàlù** tí ó ní **ìdàlù** tí ó ní **ìdàlù** tí ó ní **ìdàlù** tí ó ní **ìdàlù** tí ó ní **ìdàlù** tí ó ní **ìdàlù** tí ó ní **ìdàlù** tí ó ní **ìdàlù** tí ó ní **ìdàlù** tí ó ní **ìdàlù** tí ó ní **ìdàlù** tí ó ní **ìdàlù** tí ó ní **ìdàlù** tí ó ní **ìdàlù** tí ó ní **ìdàlù** tí ó ní **ìdàlù** tí ó ní **ìdàlù** tí ó ní **ìdàlù** tí ó ní **ìdàlù** tí ó ní **ìdàlù** tí ó ní **ìdàlù** tí ó ní **ìdàlù** tí ó ní **ìdàlù** tí ó ní **ìdàlù** tí ó ní **ìdàlù** tí ó ní **ìdàlù** tí ó ní **ìdàlù** tí ó ní **ìdàlù** tí ó ní **ìdàlù** tí ó ní **ìdàlù** tí ó ní **ìdàlù** tí ó ní **ìdàlù** tí ó ní **ìdàlù** tí ó ní **ìdàlù** tí ó ní **ìdàlù** tí ó ní **ìdàlù** tí ó ní **ìdàlù** tí ó ní **ìdàlù** tí ó ní **ìdàlù** tí ó ní **ìdàlù** tí ó ní **ìdàlù** tí ó ní **ìdàlù** tí ó ní **ìdàlù** tí ó ní **ìdàlù** tí ó ní **ìdàlù** tí ó ní **ìdàlù** tí ó ní **ìdàlù** tí ó ní **ìdàlù** tí ó ní **ìdàlù** tí ó ní **ìdàlù** tí ó ní **ìdàlù** tí ó ní **ìdàlù** tí ó ní **ìdàlù** tí ó ní **ìdàlù** tí ó ní **ìdàlù** tí ó ní **ìdàlù** tí ó ní **ìdàlù** tí ó ní **ìdàlù** tí ó ní **ìdàlù** tí ó ní **ìdàlù** tí ó ní **ìdàlù** tí ó ní **ìdàlù** tí ó ní **ìdàlù** tí ó ní **ìdàlù** tí ó ní **ìdàlù** tí ó ní **ìdàlù** tí ó ní **ìdàlù** tí ó ní **ìdàlù** tí ó ní **ìdàlù** tí ó ní **ìdàlù** tí ó ní **ìdàlù** tí ó ní **ìdàlù** tí ó ní **ìdàlù** tí ó ní **ìdàlù** tí ó ní **ìdàlù** tí ó ní **ìdàlù** tí ó ní **ìdàlù** tí ó ní **ìdàlù** tí ó ní **ìdàlù** tí ó ní **ìdàlù** tí ó ní **ìdàlù** tí ó ní **ìdàlù** tí ó ní **ìdàlù** tí ó ní **ìdàlù** tí ó ní **ìdàlù** tí ó ní **ìdàlù** tí ó ní **ìdàlù** tí ó ní **ìdàlù** tí ó ní **ìdàlù** tí ó ní **ìdàlù** tí ó ní **ìdàlù** tí ó ní **ìdàlù** tí ó ní **ìdàlù** tí ó ní **ìdàlù** tí ó ní **ìdàlù** tí ó ní **ìdàlù** tí ó ní **ìdàlù** tí ó ní **ìdàlù** tí ó ní **ìdàlù** tí ó ní **ìdàlù** tí ó ní **ìdàlù** tí ó ní **ìdàlù** tí ó ní **ìdàlù** tí ó ní **ìdàlù** tí ó ní **ìdàlù** tí ó ní **ìdàlù** tí ó ní **ìdàlù** tí ó ní **ìdàlù** tí ó ní **ìdàlù** tí ó ní **ìdàlù** tí ó ní **ìdàlù** tí ó ní **ìdàlù** tí ó ní **ìdàlù** tí ó ní **ìdàlù** tí ó ní **ìdàlù** tí ó ní **ìdàlù** tí ó ní **ìdàlù** tí ó ní **ìdàlù** tí ó ní **ìdàlù** tí ó ní **ìdàlù** tí ó ní **ìdàlù** tí ó ní **ìdàlù** tí ó ní **ìdàlù** tí ó ní **ìdàlù** tí ó ní **ìdàlù** tí ó ní **ìdàlù** tí ó ní **ìdàlù** tí ó ní **ìdàlù** tí ó ní **ìdàlù** tí ó ní **ìdàlù** tí ó ní **ìdàlù** tí ó ní **ìdàlù** tí ó ní **ìdàlù** tí ó ní **ìdàlù",True,104.31472650007345,6657,4000,
D,"**Àwọn ìbéèrè àti ìdáhùn:**

**Ìbéèrè 1:**  
**Dáhùn ìbéèrè tí ó tẹ̀lé e ní lílo irú ọ̀nà ìdáhùn kan náà:**  
**A. Rírọ yinyin lórí omi odò**  
- **Ìdáhùn:** Rírọ yinyin (sponge) lórí omi odò jẹ́ àwọn ànímọ́ tí ó tẹ̀lé pé rírọ máa ń gba omi nípa ìyípadà. Ní àwọn ìgbésẹ̀ tí olùkọ́ máa ń ṣe, rírọ yinyin lórí omi odò jẹ́ àwọn ànímọ́ tí ó tẹ̀lé pé rírọ máa ń gba omi nípa ìyípadà, tí ó jẹ́ àwọn ìdípò-olójú-omi. Ní àwọn ìgbésẹ̀ tí olùkọ́ máa ń ṣe, rírọ yinyin lórí omi odò jẹ́ àwọn ànímọ́ tí ó tẹ̀lé pé rírọ máa ń gba omi nípa ìyípadà, tí ó jẹ́ àwọn ìdípò-olójú-omi. Ní àwọn ìgbésẹ̀ tí olùkọ́ máa ń ṣe, rírọ yinyin lórí omi odò jẹ́ àwọn ànímọ́ tí ó tẹ̀lé pé rírọ máa ń gba omi nípa ìyípadà, tí ó jẹ́ àwọn ìdípò-olójú-omi.  

**B. Iyipada ti yìnyín sí oru nípasẹ iṣẹ́ Oòrùn**  
- **Ìdáhùn:** Iyipada ti yìnyín sí oru nípasẹ iṣẹ́ Oòrùn jẹ́ àwọn ànímọ́ tí ó tẹ̀lé pé yìnyín máa ń gba oru nípa ìyípadà, tí ó jẹ́ àwọn ìdípò-olójú-omi. Ní àwọn ìgbésẹ̀ tí olùkọ́ máa ń ṣe, iyipada ti yìnyín sí oru nípasẹ iṣẹ́ Oòrùn jẹ́ àwọn ànímọ́ tí ó tẹ̀lé pé yìnyín máa ń gba oru nípa ìyípadà, tí ó jẹ́ àwọn ìdípò-olójú-omi.  

**C. Sìsẹ̀sìsẹ̀ títóbi omi òkun àti ìyípadà rẹ̀ sí yìnyín**  
- **Ìdáhùn:** Sìsẹ̀sìsẹ̀ títóbi omi òkun àti ìyípadà rẹ̀ sí yìnyín jẹ́ àwọn ànímọ́ tí ó tẹ̀lé pé yìnyín máa ń gba omi òkun nípa ìyípadà, tí ó jẹ́ àwọn ìdípò-olójú-omi. Ní àwọn ìgbésẹ̀ tí olùkọ́ máa ń ṣe, sìsẹ̀sìsẹ̀ títóbi omi òkun àti ìyípadà rẹ̀ sí yìnyín jẹ́ àwọn ànímọ́ tí ó tẹ̀lé pé yìnyín máa ń gba omi òkun nípa ìyípadà, tí ó jẹ́ àwọn ìdípò-olójú-omi.  

**D. Ìrìn sílẹ̀ àwọn òkúta tí wọ́n farahàn sí èéfín ìsun omi gbígbóná**  
- **Ìdáhùn:** Ìrìn sílẹ̀ àwọn òkúta tí wọ́n farahàn sí èéfín ìsun omi gbígbóná jẹ́ àwọn ànímọ́ tí ó tẹ̀lé pé àwọn òkúta máa ń gba omi gbígbóná nípa ìyípadà, tí ó jẹ́ àwọn ìdípò-olójú-omi. Ní àwọn ìgbésẹ̀ tí olùkọ́ máa ń ṣe, ìrìn sílẹ̀ àwọn òkúta tí wọ́n farahàn sí èéfín ìsun omi gbígbóná jẹ́ àwọn ànímọ́ tí ó tẹ̀lé pé àwọn òkúta máa ń gba omi gbígbóná nípa ìyípadà, tí ó jẹ́ àwọn ìdípò-olójú-omi.  

**Ìbéèrè 2:**  
**Dáhùn ìbéèrè gidi nìkan.**  
**Pèsè lẹ́tà fún ìdáhùn rẹ nìkan.**  
**Dúró gẹ́lẹ́ lẹ́yìn lẹ́tà náà.**  

**Àwọn ìdáhùn:**  
- **A. Rírọ yinyin lórí omi odò**  
  - **Ìdáhùn:** Rírọ yinyin lórí omi odò jẹ́ àwọn ànímọ́ tí ó tẹ̀lé pé rírọ máa ń gba omi nípa ìyípadà, tí ó jẹ́ àwọn ìdípò-olójú-omi. Ní àwọn ìgbésẹ̀ tí olùkọ́ máa ń ṣe, rírọ yinyin lórí omi odò jẹ́ àwọn ànímọ́ tí ó tẹ̀lé pé rírọ máa ń gba omi nípa ìyípadà, tí ó jẹ́ àwọn ìdípò-olójú-omi.  

- **B. Iyipada ti yìnyín sí oru nípasẹ iṣẹ́ Oòrùn**  
  - **Ìdáhùn:** Iyipada ti yìnyín sí oru nípasẹ iṣẹ́ Oòrùn jẹ́ àwọn ànímọ́ tí ó tẹ̀lé pé yìnyín máa ń gba oru nípa ìyípadà, tí ó jẹ́ àwọn ìdípò-olójú-omi. Ní àwọn ìgbésẹ̀ tí olùkọ́ máa ń ṣe, iyipada ti yìnyín sí oru nípasẹ iṣẹ́ Oòrùn jẹ́ àwọn ànímọ́ tí ó tẹ̀lé pé yìnyín máa ń gba oru nípa ìyípadà, tí ó jẹ́ àwọn ìdípò-olójú-omi.  

- **C. Sìsẹ̀sìsẹ̀ títóbi omi òkun àti ìyípadà rẹ̀ sí yìnyín**  
  - **Ìdáhùn:** Sìsẹ̀sìsẹ̀ títóbi omi òkun àti ìyípadà rẹ̀ sí yìnyín jẹ́ àwọn ànímọ́ tí ó tẹ̀lé pé yìnyín máa ń gba omi òkun nípa ìyípadà, tí ó jẹ́ àwọn ìdípò-olójú-omi. Ní àwọn ìgbésẹ̀ tí olùkọ́ máa ń ṣe, sìsẹ̀sìsẹ̀ títóbi omi òkun àti ìyípadà rẹ̀ sí yìnyín jẹ́ àwọn ànímọ́ tí ó tẹ̀lé pé yìnyín máa ń gba omi òkun nípa ìyípadà, tí ó jẹ́ àwọn ìdípò-olójú-omi.  

- **D. Ìrìn sílẹ̀ àwọn òkúta tí wọ́n farahàn sí èéfín ìsun omi gbígbóná**  
  - **Ìdáhùn:** Ìrìn sílẹ̀ àwọn òkúta tí wọ́n farahàn sí èéfín ìsun omi gbígbóná jẹ́ àwọn ànímọ́ tí ó tẹ̀lé pé àwọn òkúta máa ń gba omi gbígbóná nípa ìyípadà, tí ó jẹ́ àwọn ìdípò-olójú-omi. Ní àwọn ìgbésẹ̀ tí olùkọ́ máa ń ṣe, ìrìn sílẹ̀ àwọn òkúta tí wọ́n farahàn sí èéfín ìsun omi gbígbóná jẹ́ àwọn ànímọ́ tí ó tẹ̀lé pé àwọn òkúta máa ń gba omi gbígbóná nípa ìyípadà, tí ó jẹ́ àwọn ìdípò-olójú-omi.  

**Àwọn ìdáhùn gidi:**  
- **A. Rírọ yinyin lórí omi odò**  
  - **Ìdáhùn:** Rírọ yinyin lórí omi odò jẹ́ àwọn ànímọ́ tí ó tẹ̀lé pé rírọ máa ń gba omi nípa ìyípadà, tí ó jẹ́ àwọn ìdípò-olójú-omi. Ní àwọn ìgbésẹ̀ tí olùkọ́ máa ń ṣe, rírọ yinyin lórí omi odò jẹ́ àwọn ànímọ́ tí ó tẹ̀lé pé rírọ máa ń gba omi nípa ìyípadà, tí ó jẹ́ àwọn ìdípò-olójú-omi.  

- **B. Iyipada ti yìnyín sí oru nípasẹ iṣẹ́ Oòrùn**  
  - **Ìdáhùn:** Iyipada ti yìnyín sí oru nípasẹ iṣẹ́ Oòrùn jẹ́ àwọn ànímọ́ tí ó tẹ̀lé pé yìnyín máa ń gba oru nípa ìyípadà, tí ó jẹ́ àwọn ìdípò-olójú-omi. Ní àwọn ìgbésẹ̀ tí olùkọ́ máa ń ṣe, iyipada ti yìnyín sí oru nípasẹ iṣẹ́ Oòrùn jẹ́ àwọn ànímọ́ tí ó tẹ̀lé pé yìnyín máa ń gba oru nípa ìyípadà, tí ó jẹ́ àwọn ìdípò-olójú-omi.  

- **C. Sìsẹ̀sìsẹ̀ títóbi omi òkun àti ìyípadà rẹ̀ sí yìnyín**  
  - **Ìdáhùn:** Sìsẹ̀sìsẹ̀ títóbi omi òkun àti ìyípadà rẹ̀ sí yìnyín jẹ́ àwọn ànímọ́ tí ó tẹ̀lé pé yìnyín máa ń gba omi òkun nípa ìyípadà, tí ó jẹ́ àwọn ìdípò-olójú-omi. Ní àwọn ìgbésẹ̀ tí olùkọ́ máa ń ṣe, sìsẹ̀sìsẹ̀ títóbi omi òkun àti ìyípadà rẹ̀ sí yìnyín jẹ́ àwọn ànímọ́ tí ó tẹ̀lé pé yìnyín máa ń gba omi òkun nípa ìyípadà, tí ó jẹ́ àwọn ìdípò-olójú-omi.  

- **D. Ìrìn sílẹ̀ àwọn òkúta tí wọ́n farahàn sí èéfín ìsun omi gbígbóná**  
  - **Ìdáhùn:** Ìrìn sílẹ̀ àwọn òkúta tí wọ́n farahàn sí èéfín ìsun omi gbígbóná jẹ́ àwọn ànímọ́ tí ó tẹ̀lé pé àwọn òkúta máa ń gba omi gbígbóná nípa ìyípadà, tí ó jẹ́ àwọn ìdípò-olójú-omi. Ní àwọn ìgbésẹ̀ tí olùkọ́ máa ń",True,118.31167769990861,6660,4000,0.0
B,"**Ìbéèrè Gidi:**

**D. Ìsopọ̀mọ́ra (Decantation)**

**Ìdáhùn:**

Ní àwọn ìgbésẹ̀ yìí, olùkọ́ fi àwòrán kan hàn pé àwọn ọmọdé máa rí ìyípadà ipò ohun èlò láti líle (ìwọ̀n, òkúta, iyọ̀) tààrà sí gáàsì. Ìyípadà ipò yìí jẹ́ **ìsopọ̀mọ́ra**, kíkan ní ìfọ̀nyìnyín omi afẹ́fẹ́ (A) tàbí gbígbẹ omi sókè (C). 

- **Ìsopọ̀mọ́ra** (D) jẹ́ ìyípadà ipò tí a fi ń mú ìwàdéèdèé àwọn àbájáde ìwádìí sáyẹ́ǹsì, kíkan ní ìfọ̀nyìnyín omi afẹ́fẹ́, kíkan ní gbígbẹ omi sókè. Ní àwọn ìgbésẹ̀ yìí, olùkọ́ fi àwọn ọ̀nà tí wọ́n rò pé ó yẹ (ìsopọ̀mọ́ra) láti mú àwọn ọmọdé rẹ̀ máa rí pé àwọn ohun èlò (ìwọ̀n, òkúta, iyọ̀) máa **sókè** sí gáàsì nígbà tí omi ń gún. 

- **Fífọn sókè láìkọjá aáyan ilẹ̀ láàrin** (B) jẹ́ ìyípadà ipò tí a fi ń mú ìwàdéèdèé àwọn àbájáde ìwádìí sáyẹ́ǹsì, kíkan ní ìsopọ̀mọ́ra. Ní àwọn ìgbésẹ̀ yìí, olùkọ́ fi àwọn ọ̀nà tí wọ́n rò pé ó yẹ (fífọn sókè) láti mú àwọn ọmọdé rẹ̀ máa rí pé àwọn ohun èlò (ìwọ̀n, òkúta, iyọ̀) máa **sókè** sí gáàsì nígbà tí omi ń gún. 

**Dúró Gẹ́lẹ́:**

Ní àwọn ìgbésẹ̀ yìí, olùkọ́ fi àwọn ọ̀nà tí wọ́n rò pé ó yẹ (ìsopọ̀mọ́ra) láti mú àwọn ọmọdé rẹ̀ máa rí pé àwọn ohun èlò (ìwọ̀n, òkúta, iyọ̀) máa **sókè** sí gáàsì nígbà tí omi ń gún. Ìsopọ̀mọ́ra jẹ́ ìyípadà ipò tí a fi ń mú ìwàdéèdèé àwọn àbájáde ìwádìí sáyẹ́ǹsì, kíkan ní ìfọ̀nyìnyín omi afẹ́fẹ́, kíkan ní gbígbẹ omi sókè. Ní àwọn ìgbésẹ̀ yìí, olùkọ́ fi àwọn ọ̀nà tí wọ́n rò pé ó yẹ (ìsopọ̀mọ́ra) láti mú àwọn ọmọdé rẹ̀ máa rí pé àwọn ohun èlò (ìwọ̀n, òkúta, iyọ̀) máa **sókè** sí gáàsì nígbà tí omi ń gún. 

**Ìdáhùn Rẹ̀:**

Ní àwọn ìgbésẹ̀ yìí, olùkọ́ fi àwọn ọ̀nà tí wọ́n rò pé ó yẹ (ìsopọ̀mọ́ra) láti mú àwọn ọmọdé rẹ̀ máa rí pé àwọn ohun èlò (ìwọ̀n, òkúta, iyọ̀) máa **sókè** sí gáàsì nígbà tí omi ń gún. Ìsopọ̀mọ́ra jẹ́ ìyípadà ipò tí a fi ń mú ìwàdéèdèé àwọn àbájáde ìwádìí sáyẹ́ǹsì, kíkan ní ìfọ̀nyìnyín omi afẹ́fẹ́, kíkan ní gbígbẹ omi sókè. Ní àwọn ìgbésẹ̀ yìí, olùkọ́ fi àwọn ọ̀nà tí wọ́n rò pé ó yẹ (ìsopọ̀mọ́ra) láti mú àwọn ọmọdé rẹ̀ máa rí pé àwọn ohun èlò (ìwọ̀n, òkúta, iyọ̀) máa **sókè** sí gáàsì nígbà tí omi ń gún.",True,49.176554300123826,4725,2155,
C,"**Àwọn ìdáhùn tí ó tẹ̀lé nípa ìbéèrè náà:**

**A. Ojú-ọjọ́, òjò, àti àwọn ìgbà ọdún**  
**D. Oju-ọjọ, afẹ́fẹ́, àti òjò**

**Ìdílọ́wọ́:**  
Àwọn ọmọdé kékeré (preschool) ní láti mọ̀ àwọn ìgbà tí ó para pọ̀ di ojú ọjọ́, kí ó lè ṣe ìgbéléwò nínú àwọn ipò ojoojúmọ́. Àwọn ìgbà tí ó para pọ̀ di ojú ọjọ́ pèèṣẹ̀n **ojú-ọjọ́ (days of the week)**, **òjò (months)**, àti **àwọn ìgbà ọdún (seasons)**, kí ó lè mọ̀ ìgbà tí ó ń bẹ̀rẹ̀ ní àgbalùmọ̀. Àwọn ìgbà wọ̀nyí jẹ́ ohun tí ó ń rí ní àgbalùmọ̀, kí ó lè ṣe ìgbéléwò láti rí àwọn ìgbà tí ó ń bẹ̀rẹ̀ ní àgbalùmọ̀, kí ó lè mọ̀ pé ọ̀gẹ̀dẹ̀, òròró, àti ìgbà ọdún jẹ́ ohun tí ó para pọ̀ di ojú ọjọ́.  

**Ìdílọ́wọ́ pẹ̀lú àwọn ìdáhùn wọn:**  
- **Option A** (Ojú-ọjọ́, òjò, àti àwọn ìgbà ọdún) **jẹ́ kí**, kí ìgbà tí ó para pọ̀ di ojú ọjọ́ yìí jẹ́ ohun tí ọmọdé máa rí ní àgbalùmọ̀.  
- **Option D** (Oju-ọjọ, afẹ́fẹ́, àti òjò) **kò jẹ́ kí**, kí afẹ́fẹ́ (holidays) kò jẹ́ ohun tí ó para pọ̀ di ojú ọjọ́, kí ó ń bẹ̀rẹ̀ ní méjì méjì, kí kò jẹ́ ohun tí ọmọdé máa rí ní àgbalùmọ̀.  

**Ìdílọ́wọ́ pẹ̀lú ìdáhùn tí ó tẹ̀lé:**  
**A. Ojú-ọjọ́, òjò, àti àwọn ìgbà ọdún**  

**Ìdílọ́wọ́ pẹ̀lú ìdáhùn tí ó kò tẹ̀lé:**  
- **B. Ẹ̀fúùfù, àsìkò ọdún, àti ìwọ̀n ìgbóná** (Body weight kò jẹ́ ohun tí ó para pọ̀ di ojú ọjọ́).  
- **C. Ojo, afẹfẹ, àti ìwọ̀n ooru** (Room temperature kò jẹ́ ohun tí ó para pọ̀ di ojú ọjọ́).  

**Ìdílọ́wọ́ pẹ̀lú ìdáhùn tí ó tẹ̀lé nípa ìgbésẹ̀ ìwádìí:**  
**B. Wọ́n ya àdàlù náà sílẹ̀ ní méjì méjì, wọ́n sì lo àwọn ọ̀nà tí wọ́n rò pé ó yẹ, wọ́n sì wá wòye iye tí ó fi ṣeé ṣe láti ṣe bẹ́ẹ̀.**  

**Ìdílọ́wọ́ pẹ̀lú ìdáhùn tí ó tẹ̀lé nípa ìgbésẹ̀ ìwádìí:**  
**B. Wọ́n ya àdàlù náà sílẹ̀ ní méjì méjì, wọ́n sì lo àwọn ọ̀nà tí wọ́n rò pé ó yẹ, wọ́n sì wá wòye iye tí ó fi ṣeé ṣe láti ṣe bẹ́ẹ̀.**  

**Ìdílọ́wọ́ pẹ̀lú ìdáhùn tí ó tẹ̀lé nípa ìgbésẹ̀ ìwádìí:**  
**B. Wọ́n ya àdàlù náà sílẹ̀ ní méjì méjì, wọ́n sì lo àwọn ọ̀nà tí wọ́n rò pé ó yẹ, wọ́n sì wá wòye iye tí ó fi ṣeé ṣe láti ṣe bẹ́ẹ̀.**  

**Ìdílọ́wọ́ pẹ̀lú ìdáhùn tí ó tẹ̀lé nípa ìgbésẹ̀ ìwádìí:**  
**B. Wọ́n ya àdàlù náà sílẹ̀ ní méjì méjì, wọ́n sì lo àwọn ọ̀nà tí wọ́n rò pé ó yẹ, wọ́n sì wá wòye iye tí ó fi ṣeé ṣe láti ṣe bẹ́ẹ̀.**  

**Ìdílọ́wọ́ pẹ̀lú ìdáhùn tí ó tẹ̀lé nípa ìgbésẹ̀ ìwádìí:**  
**B. Wọ́n ya àdàlù náà sílẹ̀ ní méjì méjì, wọ́n sì lo àwọn ọ̀nà tí wọ́n rò pé ó yẹ, wọ́n sì wá wòye iye tí ó fi ṣeé ṣe láti ṣe bẹ́ẹ̀.**  

**Ìdílọ́wọ́ pẹ̀lú ìdáhùn tí ó tẹ̀lé nípa ìgbésẹ̀ ìwádìí:**  
**B. Wọ́n ya àdàlù náà sílẹ̀ ní méjì méjì, wọ́n sì lo àwọn ọ̀nà tí wọ́n rò pé ó yẹ, wọ́n sì wá wòye iye tí ó fi ṣeé ṣe láti ṣe bẹ́ẹ̀.**  

**Ìdílọ́wọ́ pẹ̀lú ìdáhùn tí ó tẹ̀lé nípa ìgbésẹ̀ ìwádìí:**  
**B. Wọ́n ya àdàlù náà sílẹ̀ ní méjì méjì, wọ́n sì lo àwọn ọ̀nà tí wọ́n rò pé ó yẹ, wọ́n sì wá wòye iye tí ó fi ṣeé ṣe láti ṣe bẹ́ẹ̀.**  

**Ìdílọ́wọ́ pẹ̀lú ìdáhùn tí ó tẹ̀lé nípa ìgbésẹ̀ ìwádìí:**  
**B. Wọ́n ya àdàlù náà sílẹ̀ ní méjì méjì, wọ́n sì lo àwọn ọ̀nà tí wọ́n rò pé ó yẹ, wọ́n sì wá wòye iye tí ó fi ṣeé ṣe láti ṣe bẹ́ẹ̀.**  

**Ìdílọ́wọ́ pẹ̀lú ìdáhùn tí ó tẹ̀lé nípa ìgbésẹ̀ ìwádìí:**  
**B. Wọ́n ya àdàlù náà sílẹ̀ ní méjì méjì, wọ́n sì lo àwọn ọ̀nà tí wọ́n rò pé ó yẹ, wọ́n sì wá wòye iye tí ó fi ṣeé ṣe láti ṣe bẹ́ẹ̀.**  

**Ìdílọ́wọ́ pẹ̀lú ìdáhùn tí ó tẹ̀lé nípa ìgbésẹ̀ ìwádìí:**  
**B. Wọ́n ya àdàlù náà sílẹ̀ ní méjì méjì, wọ́n sì lo àwọn ọ̀nà tí wọ́n rò pé ó yẹ, wọ́n sì wá wòye iye tí ó fi ṣeé ṣe láti ṣe bẹ́ẹ̀.**  

**Ìdílọ́wọ́ pẹ̀lú ìdáhùn tí ó tẹ̀lé nípa ìgbésẹ̀ ìwádìí:**  
**B. Wọ́n ya àdàlù náà sílẹ̀ ní méjì méjì, wọ́n sì lo àwọn ọ̀nà tí wọ́n rò pé ó yẹ, wọ́n sì wá wòye iye tí ó fi ṣeé ṣe láti ṣe bẹ́ẹ̀.**  

**Ìdílọ́wọ́ pẹ̀lú ìdáhùn tí ó tẹ̀lé nípa ìgbésẹ̀ ìwádìí:**  
**B. Wọ́n ya àdàlù náà sílẹ̀ ní méjì méjì, wọ́n sì lo àwọn ọ̀nà tí wọ́n rò pé ó yẹ, wọ́n sì wá wòye iye tí ó fi ṣeé ṣe láti ṣe bẹ́ẹ̀.**  

**Ìdílọ́wọ́ pẹ̀lú ìdáhùn tí ó tẹ̀lé nípa ìgbésẹ̀ ìwádìí:**  
**B. Wọ́n ya àdàlù náà sílẹ̀ ní méjì méjì, wọ́n sì lo àwọn ọ̀nà tí wọ́n rò pé ó yẹ, wọ́n sì wá wòye iye tí ó fi ṣeé ṣe láti ṣe bẹ́ẹ̀.**  

**Ìdílọ́wọ́ pẹ̀lú ìdáhùn tí ó tẹ̀lé nípa ìgbésẹ̀ ìwádìí:**  
**B. Wọ́n ya àdàlù náà sílẹ̀ ní méjì méjì, wọ́n sì lo àwọn ọ̀nà tí wọ́n rò pé ó yẹ, wọ́n sì wá wòye iye tí ó fi ṣeé ṣe láti ṣe bẹ́ẹ̀.**  

**Ìdílọ́wọ́ pẹ̀lú ìdáhùn tí ó tẹ̀lé nípa ìgbésẹ̀ ìwádìí:**  
**B. Wọ́n ya àdàlù náà sílẹ̀ ní méjì méjì, wọ́n sì lo àwọn ọ̀nà tí wọ́n rò pé ó yẹ, wọ́n sì wá wòye iye tí ó fi ṣeé ṣe láti ṣe bẹ́ẹ̀.**  

**Ìdílọ́wọ́ pẹ̀lú ìdáhùn tí ó tẹ̀lé nípa ìgbésẹ̀ ìwádìí:**  
**B. Wọ́n ya àdàlù náà sílẹ̀ ní méjì méjì, wọ́n sì lo àwọn ọ̀nà tí wọ́n rò pé ó yẹ, wọ́n sì wá wòye iye tí ó fi ṣeé ṣe láti ṣe bẹ́ẹ̀.**  

**Ìdílọ́wọ́ pẹ̀lú ìdáhùn tí ó tẹ̀lé nípa ìgbésẹ̀ ìwádìí:**  
**B. Wọ́n ya àdàlù náà sílẹ̀ ní méjì méjì, wọ́n sì lo àwọn ",True,143.38298530015163,6628,4000,0.0
A,"**Ìbéèrè Gidi:**

**D. Iyipada ninu iwọn otutu omi okun**  
**Ìdí Pàtàkì:**  
Ní àwọn ìgbì òkun, **iyipada** (humidity) jẹ́ ìdí pàtàkì tí ó mú ìgbì òkun ń lu. Ní wákàtí tí iyipada **kò sí** (low humidity), omi ní àwọn ẹ̀rùn òkun, ẹ̀rùn ẹ̀wé, àti ẹ̀rùn ìwé lè kò sí, ó sì mú wọn **dán** (dry), ó sì mú wọn **dídùn** (flammable). Nítorí náà, ẹ̀rùn wọn lè mú ìgbì òkun ń lu ní ìlànà **àwọn ìdí pàtàkì**.  

**Ìdí wọn kò sí kí ìgbì òkun ń lu:**  
- **Iyipada kò sí (Low humidity):** Mú omi ní àwọn ẹ̀rùn kò sí, mú wọn dán, mú wọn didùn.  
- **Iwọn otutu (Temperature):** Nítorí pé iwọn otutu mú omi ní àwọn ẹ̀rùn kò sí, ó sì mú wọn dán.  
- **Àwọn ìdí wọn sí (High humidity):** Mú omi ní àwọn ẹ̀rùn, mú wọn **kò dán**, ó sì mú wọn **kò didùn**, ó sì mú ìgbì òkun **kò ń lu**.  

**Ìdí wọn sí kí ìgbì òkun kò ń lu:**  
- **Iyipada sí (High humidity):** Mú omi ní àwọn ẹ̀rùn, mú wọn kò dán, mú wọn kò didùn.  
- **Iwọn otutu kò sí (Low temperature):** Mú omi ní àwọn ẹ̀rùn, mú wọn kò dán.  

**Ìdí wọn sí kí ìgbì òkun ń lu:**  
- **Iyipada kò sí (Low humidity):** Mú omi ní àwọn ẹ̀rùn kò sí, mú wọn dán, mú wọn didùn.  
- **Iwọn otutu sí (High temperature):** Mú omi ní àwọn ẹ̀rùn kò sí, mú wọn dán.  

**Ìdí wọn kò sí kí ìgbì òkun kò ń lu:**  
- **Iyipada sí (High humidity):** Mú omi ní àwọn ẹ̀rùn, mú wọn kò dán, mú wọn kò didùn.  
- **Iwọn otutu kò sí (Low temperature):** Mú omi ní àwọn ẹ̀rùn, mú wọn kò dán.  

**Ìdí wọn sí kí ìgbì òkun ń lu:**  
- **Iyipada kò sí (Low humidity):** Mú omi ní àwọn ẹ̀rùn kò sí, mú wọn dán, mú wọn didùn.  
- **Iwọn otutu sí (High temperature):** Mú omi ní àwọn ẹ̀rùn kò sí, mú wọn dán.  

**Ìdí wọn kò sí kí ìgbì òkun kò ń lu:**  
- **Iyipada sí (High humidity):** Mú omi ní àwọn ẹ̀rùn, mú wọn kò dán, mú wọn kò didùn.  
- **Iwọn otutu kò sí (Low temperature):** Mú omi ní àwọn ẹ̀rùn, mú wọn kò dán.  

**Ìdí wọn sí kí ìgbì òkun ń lu:**  
- **Iyipada kò sí (Low humidity):** Mú omi ní àwọn ẹ̀rùn kò sí, mú wọn dán, mú wọn didùn.  
- **Iwọn otutu sí (High temperature):** Mú omi ní àwọn ẹ̀rùn kò sí, mú wọn dán.  

**Ìdí wọn kò sí kí ìgbì òkun kò ń lu:**  
- **Iyipada sí (High humidity):** Mú omi ní àwọn ẹ̀rùn, mú wọn kò dán, mú wọn kò didùn.  
- **Iwọn otutu kò sí (Low temperature):** Mú omi ní àwọn ẹ̀rùn, mú wọn kò dán.  

**Ìdí wọn sí kí ìgbì òkun ń lu:**  
- **Iyipada kò sí (Low humidity):** Mú omi ní àwọn ẹ̀rùn kò sí, mú wọn dán, mú wọn didùn.  
- **Iwọn otutu sí (High temperature):** Mú omi ní àwọn ẹ̀rùn kò sí, mú wọn dán.  

**Ìdí wọn kò sí kí ìgbì òkun kò ń lu:**  
- **Iyipada sí (High humidity):** Mú omi ní àwọn ẹ̀rùn, mú wọn kò dán, mú wọn kò didùn.  
- **Iwọn otutu kò sí (Low temperature):** Mú omi ní àwọn ẹ̀rùn, mú wọn kò dán.  

**Ìdí wọn sí kí ìgbì òkun ń lu:**  
- **Iyipada kò sí (Low humidity):** Mú omi ní àwọn ẹ̀rùn kò sí, mú wọn dán, mú wọn didùn.  
- **Iwọn otutu sí (High temperature):** Mú omi ní àwọn ẹ̀rùn kò sí, mú wọn dán.  

**Ìdí wọn kò sí kí ìgbì òkun kò ń lu:**  
- **Iyipada sí (High humidity):** Mú omi ní àwọn ẹ̀rùn, mú wọn kò dán, mú wọn kò didùn.  
- **Iwọn otutu kò sí (Low temperature):** Mú omi ní àwọn ẹ̀rùn, mú wọn kò dán.  

**Ìdí wọn sí kí ìgbì òkun ń lu:**  
- **Iyipada kò sí (Low humidity):** Mú omi ní àwọn ẹ̀rùn kò sí, mú wọn dán, mú wọn didùn.  
- **Iwọn otutu sí (High temperature):** Mú omi ní àwọn ẹ̀rùn kò sí, mú wọn dán.  

**Ìdí wọn kò sí kí ìgbì òkun kò ń lu:**  
- **Iyipada sí (High humidity):** Mú omi ní àwọn ẹ̀rùn, mú wọn kò dán, mú wọn kò didùn.  
- **Iwọn otutu kò sí (Low temperature):** Mú omi ní àwọn ẹ̀rùn, mú wọn kò dán.  

**Ìdí wọn sí kí ìgbì òkun ń lu:**  
- **Iyipada kò sí (Low humidity):** Mú omi ní àwọn ẹ̀rùn kò sí, mú wọn dán, mú wọn didùn.  
- **Iwọn otutu sí (High temperature):** Mú omi ní àwọn ẹ̀rùn kò sí, mú wọn dán.  

**Ìdí wọn kò sí kí ìgbì òkun kò ń lu:**  
- **Iyipada sí (High humidity):** Mú omi ní àwọn ẹ̀rùn, mú wọn kò dán, mú wọn kò didùn.  
- **Iwọn otutu kò sí (Low temperature):** Mú omi ní àwọn ẹ̀rùn, mú wọn kò dán.  

**Ìdí wọn sí kí ìgbì òkun ń lu:**  
- **Iyipada kò sí (Low humidity):** Mú omi ní àwọn ẹ̀rùn kò sí, mú wọn dán, mú wọn didùn.  
- **Iwọn otutu sí (High temperature):** Mú omi ní àwọn ẹ̀rùn kò sí, mú wọn dán.  

**Ìdí wọn kò sí kí ìgbì òkun kò ń lu:**  
- **Iyipada sí (High humidity):** Mú omi ní àwọn ẹ̀rùn, mú wọn kò dán, mú wọn kò didùn.  
- **Iwọn otutu kò sí (Low temperature):** Mú omi ní àwọn ẹ̀rùn, mú wọn kò dán.  

**Ìdí wọn sí kí ìgbì òkun ń lu:**  
- **Iyipada kò sí (Low humidity):** Mú omi ní àwọn ẹ̀rùn kò sí, mú wọn dán, mú wọn didùn.  
- **Iwọn otutu sí (High temperature):** Mú omi ní àwọn ẹ̀rùn kò sí, mú wọn dán.  

**Ìdí wọn kò sí kí ìgbì òkun kò ń lu:**  
- **Iyipada sí (High humidity):** Mú omi ní àwọn ẹ̀rùn, mú wọn kò dán, mú wọn kò didùn.  
- **Iwọn otutu kò sí (Low temperature):** Mú omi ní àwọn ẹ̀rùn, mú wọn kò dán.  

**Ìdí wọn sí kí ìgbì òkun ń lu:**  
- **Iyipada kò sí (Low humidity):** Mú omi ní àwọn ẹ̀rùn kò sí, mú wọn dán, mú wọn didùn.  
- **Iwọn otutu sí (High temperature):** Mú omi ní àwọn ẹ̀rùn kò sí, mú wọn dán.  

**Ìdí wọn kò sí kí ìgbì òkun kò ń lu:**  
- **Iyipada sí (High humidity):** Mú omi ní àwọn ẹ̀rùn, mú wọn kò dán, mú wọn kò didùn.  
- **Iwọn otutu kò sí (Low temperature):** Mú omi ní àwọn ẹ̀rùn, mú wọn kò dán.  

**Ìdí wọn sí kí ìgbì òkun ń lu:**  
- **Iyipada kò sí (Low humidity):** Mú omi ní àwọn ẹ̀rùn kò sí, mú wọn dán, mú wọn didùn.  
- **Iwọn otutu sí (High temperature):** Mú omi ní àwọn ẹ̀rùn kò sí, mú wọn dán.  

**Ìdí wọn kò sí kí ìgbì òkun kò ń lu:**  
- **Iyipada sí (High humidity):** Mú omi ní àwọn ẹ̀rùn, mú wọn kò dán, mú wọn kò didùn.  
- **Iwọn otutu kò sí (Low temperature):** Mú omi ní àwọn ẹ̀rùn, mú wọn kò dán.  

**Ìdí wọn sí kí ìgbì òkun ń lu:**  
- **Iyipada kò sí (Low humidity):** Mú omi ní àwọn ẹ̀rùn kò sí, mú wọn dán, mú wọn didùn.  
- **Iwọn otutu sí (High temperature):** Mú omi ní àwọn ẹ̀rùn kò sí, mú wọn dán.  

**Ìdí wọn kò sí kí ìgbì òkun kò ń lu:**  
- **Iyipada sí (High humidity):** Mú omi ní àwọn ẹ̀rùn, mú wọn kò dán, mú wọn kò didùn.  
- **Iwọn otutu kò sí (Low temperature):** Mú omi ní àwọn ẹ̀rùn, mú wọn kò dán.  

**Ìdí wọn sí kí ìgbì òkun ń lu:**  
- **Iyipada kò sí (Low humidity):** Mú omi ní àwọn ẹ̀rùn kò sí, mú wọn dán, mú wọn didùn.  
- **Iwọn otutu sí (High temperature):** Mú omi ní àwọn ẹ̀rùn kò sí, mú wọn dán.  

**Ìdí wọn kò sí kí ìgbì òkun kò ń lu:**  
- **Iyipada sí (High humidity):** Mú omi ní àwọn ẹ̀rùn, mú wọn kò dán, mú wọn kò didùn.  
- **Iwọn otutu kò sí (Low temperature):** Mú omi ní àwọn ẹ̀rùn, mú wọn kò dán.  

**Ìdí wọn sí kí ìgbì òkun ń lu:**  
- **Iyipada kò sí (Low humidity):** Mú omi ní àwọn ẹ̀rùn kò sí, mú wọn dán, mú wọn didùn.  
- **Iwọn otutu sí (High temperature):** Mú omi ní à",True,108.12188669992611,6723,4000,
B,"**A. Àwọn ìṣàn omi òkun**  

**Ìdáhùn:**  
Àwọn ìṣàn omi òkun (rain and rivers) lè ṣe ìgbésẹ̀ tí ó mú àwọn ọmọdé láti mọ̀ pé àwọn ìṣàn omi ni ìṣẹ̀lẹ̀ tí àwọn ìlànà àwọn ìṣàn, ìdáwọ̀, àti ìdáwọ̀-ìṣàn máa ń ṣe ní àgbalùmọ̀. Ní àwọn ìṣàn omi, àwọn ìlànà àwọn ìṣàn (clouds) máa mú omi sí àgbalùmọ̀ láti ṣe ìṣàn, àti ní ìṣàn, omi máa ń wà sí àgbalùmọ̀ láti ṣe ìdáwọ̀. Ìṣẹ̀lẹ̀ yìí lè ṣe ìgbésẹ̀ tí ó mú àwọn ọmọdé láti mọ̀ pé àwọn ìṣàn omi òkun ni ìṣẹ̀lẹ̀ tí ó mú àwọn ìlànà àwọn ìṣàn, ìdáwọ̀, àti ìdáwọ̀-ìṣàn máa ń ṣe ní àgbalùmọ̀.  

**Ìgbésẹ̀ tí ó yẹ:**  
Olùkọ́ náà ń fún ìdáhùn àwọn ọmọdé láti mọ̀ pé àwọn ìṣàn omi òkun ni ìṣẹ̀lẹ̀ tí ó mú àwọn ìlànà àwọn ìṣàn, ìdáwọ̀, àti ìdáwọ̀-ìṣàn máa ń ṣe ní àgbalùmọ̀. Ìṣẹ̀lẹ̀ yìí lè ṣe ìgbésẹ̀ tí ó mú àwọn ọmọdé láti mọ̀ pé àwọn ìṣàn omi òkun ni ìṣẹ̀lẹ̀ tí ó mú àwọn ìlànà àwọn ìṣàn, ìdáwọ̀, àti ìdáwọ̀-ìṣàn máa ń ṣe ní àgbalùmọ̀.  

**Ìdáhùn gẹ́gẹ́:**  
- Àwọn ìṣàn omi òkun ni ìṣẹ̀lẹ̀ tí ó mú àwọn ìlànà àwọn ìṣàn, ìdáwọ̀, àti ìdáwọ̀-ìṣàn máa ń ṣe ní àgbalùmọ̀.  
- Àwọn ìṣàn omi òkun lè ṣe ìgbésẹ̀ tí ó mú àwọn ọmọdé láti mọ̀ pé àwọn ìlànà àwọn ìṣàn, ìdáwọ̀, àti ìdáwọ̀-ìṣàn máa ń ṣe ní àgbalùmọ̀.  

**Ìgbésẹ̀ tí ó kò yẹ:**  
- Àwọn àsìkò ọdún (B) lè ṣe ìgbésẹ̀ tí ó mú àwọn ọmọdé láti mọ̀ pé àwọn ìlànà àwọn ìṣàn, ìdáwọ̀, àti ìdáwọ̀-ìṣàn máa ń ṣe ní àgbalùmọ̀, kínni kò lè ṣe ìgbésẹ̀ tí ó mú àwọn ọmọdé láti mọ̀ pé àwọn ìṣàn omi òkun ni ìṣẹ̀lẹ̀ tí ó mú àwọn ìlànà àwọn ìṣàn, ìdáwọ̀, àti ìdáwọ̀-ìṣàn máa ń ṣe ní àgbalùmọ̀.  
- Ọ̀sán àti òru (C) lè ṣe ìgbésẹ̀ tí ó mú àwọn ọmọdé láti mọ̀ pé àwọn ìlànà àwọn ìṣàn, ìdáwọ̀, àti ìdáwọ̀-ìṣàn máa ń ṣe ní àgbalùmọ̀, kínni kò lè ṣe ìgbésẹ̀ tí ó mú àwọn ọmọdé láti mọ̀ pé àwọn ìṣàn omi òkun ni ìṣẹ̀lẹ̀ tí ó mú àwọn ìlànà àwọn ìṣàn, ìdáwọ̀, àti ìdáwọ̀-ìṣàn máa ń ṣe ní àgbalùmọ̀.  
- Tíọ̀rìrì àti Tíọ̀rìsánlẹ̀ (D) lè ṣe ìgbésẹ̀ tí ó mú àwọn ọmọdé láti mọ̀ pé àwọn ìlànà àwọn ìṣàn, ìdáwọ̀, àti ìdáwọ̀-ìṣàn máa ń ṣe ní àgbalùmọ̀, kínni kò lè ṣe ìgbésẹ̀ tí ó mú àwọn ọmọdé láti mọ̀ pé àwọn ìṣàn omi òkun ni ìṣẹ̀lẹ̀ tí ó mú àwọn ìlànà àwọn ìṣàn, ìdáwọ̀, àti ìdáwọ̀-ìṣàn máa ń ṣe ní àgbalùmọ̀.  

**Ìdáhùn gẹ́gẹ́:**  
- Àwọn ìṣàn omi òkun ni ìṣẹ̀lẹ̀ tí ó mú àwọn ìlànà àwọn ìṣàn, ìdáwọ̀, àti ìdáwọ̀-ìṣàn máa ń ṣe ní àgbalùmọ̀.  
- Àwọn ìṣàn omi òkun lè ṣe ìgbésẹ̀ tí ó mú àwọn ọmọdé láti mọ̀ pé àwọn ìlànà àwọn ìṣàn, ìdáwọ̀, àti ìdáwọ̀-ìṣàn máa ń ṣe ní àgbalùmọ̀.  

**Ìgbésẹ̀ tí ó yẹ:**  
**A. Àwọn ìṣàn omi òkun**",True,50.38971469993703,4826,2123,
D,"**Ọ̀nà Ìdáhùn:**

**Ìbéèrè:**  
Nínú ẹgbẹ́ àwọn ọmọ ọdún kékeré, Ignacio ń ṣe àlàyé nípa ẹja aránbarà (clownfish) ó sì sọ fún àwọn akẹgbẹ́ rẹ̀ pé irúfẹ́ ẹja yìí ń rí ààbò gbà látọ̀dọ̀ ewé tálúgbọ́ (sea anemone) láti dojúkọ àwọn ẹranko tí ń jẹ wọ́n, nígbà tí ewé tálúgbọ́ náà tún rí ààbò gbà nítorí pé ẹja náà ń lé àwọn ẹja mìíràn tí ń jẹ é lọ. Olùkọ́ dá sí i láti ṣàlàyé fún wọn ohun tí orúkọ irúfẹ́ ìjọṣepọ̀ ẹ̀dá alààyè tí ọmọ náà ṣàlàyé rẹ̀ jẹ́. Irúfẹ́ ìjọṣepọ̀ ẹ̀dá alààyè wo ni olùkọ́ yẹ kí ó mẹ́nu bà nínú àlàyé rẹ̀?

**Àpẹẹrẹ:**  
**C. Ọ̀wọ̀dójútán (Mutualism)**

**Ìdáhùn:**  
Ẹja aránbarà (clownfish) ń rí ààbò gbà látọ̀dọ̀ ewé tálúgbọ́ (sea anemone) láti dojúkọ àwọn ẹranko tí ń jẹ wọ́n. Ewé tálúgbọ́ náà tún rí ààbò gbà nítorí pé ẹja aránbarà ń lé àwọn ẹja mìíràn tí ń jẹ é lọ. Ní àwọn ẹ̀dá alààyè, ẹja aránbarà **ń rí ààbò gbà** (benefits) láti ewé tálúgbọ́ (protection from predators), àti ewé tálúgbọ́ **ń rí ààbò gbà** (benefits) láti ẹja aránbarà (e.g., ẹja aránbarà sì lé àwọn ẹranko tí ń jẹ ewé tálúgbọ́, àti ó sì ń fọwọ́ ẹ̀yà tí ó lè mú ewé tálúgbọ́ láti rí ààbò gbà). Nítorí pé **àwọn ẹ̀dá alààyè wọn rí ààbò gbà**, irúfẹ́ yìí jẹ́ **Ọ̀wọ̀dójútán (Mutualism)**.

**Ìgbésẹ̀ tí ń múlò:**  
- **Kọménsá́líìsì (A):** Ẹ̀dá alààyè kan rí ààbò gbà, àti ẹ̀dá alààyè tí ẹ̀wọ́ kò rí ààbò gbà kò rí ààbò gbà.  
- **Amẹnsalismu (B):** Ẹ̀dá alààyè kan rí ààbò gbà, àti ẹ̀dá alààyè tí ẹ̀wọ́ kò rí ààbò gbà rí ààbò gbà.  
- **Predation (D):** Ẹ̀dá alààyè kan ń mú ẹ̀dá alààyè tí ẹ̀wọ́.  

**Ìṣẹ̀sì:**  
Ẹja aránbarà àti ewé tálúgbọ́ ń mú ẹ̀dá alààyè tí ó múlò láti rí ààbò gbà, nítorí pé wọn **rìrí ẹ̀dá alààyè wọn rí ààbò gbà**. Nítorí náà, irúfẹ́ yìí jẹ́ **Ọ̀wọ̀dójútán (Mutualism)**.",True,41.50005270005204,4192,1415,0.0
D,"**Àwọn ìdáhùn tí ẹ̀kọ́ D (Iyipada ati itọju agbara) jẹ́ ìbéèrè tí ó yẹ kí àwọn akẹ́kọ̀ọ́ máa ye láti lè ṣàṣeyọrí ète ẹ̀kọ́ tí olùkọ́ fẹ́ kí wọ́n ń tọ́ka nínú sẹ̀kẹ́ẹ̀tì oúnjẹ.**

### **Ìdáhùn D: Iyipada ati itọju agbara**
- **Ìgbàwò:** Ète ẹ̀kọ́ náà ní pèsè láti wò àwọn ọfà tí àwọn ẹranko ń tọ́ka nínú sẹ̀kẹ́ẹ̀tì oúnjẹ. Ìgbésẹ̀ yìí jẹ́ ìdáhùn tí ó tẹ̀lé iyipada (observation) ati itọju agbara (practical work), kí àwọn akẹ́kọ̀ọ́ máa wò àwọn ẹ̀yà tí ẹranko ń fún, ọ̀nà tí wọn ń tọ́ka, àti ọ̀nà tí wọn ń ṣe ìṣẹ́ láti mú àwọn ẹ̀kọ́ rẹ̀ sí àwọn ẹ̀yà tí wọn máa ṣe nígbà tí wọn ń ṣe ẹ̀kọ́.
- **Ìṣẹ́ tí ó yẹ:** Ní ète yìí, àwọn akẹ́kọ̀ọ́ máa wò àwọn ẹ̀yà tí ẹranko ń fún (àwọn ẹ̀kọ́, àwọn ẹ̀yà tí wọn ń tẹ̀, àwọn ẹ̀yà tí wọn ń mú), ọ̀nà tí wọn ń tọ́ka (ṣe ìṣẹ́, ń mú ẹ̀kọ́, ń ṣe ìṣẹ́ lágbára), àti ọ̀nà tí wọn ń ṣe ìṣẹ́ (ṣe ìṣẹ́ lágbára, ń mú ẹ̀kọ́, ń ṣe ìṣẹ́ lágbára). Ìgbésẹ̀ yìí máa tẹ̀lé iyipada (wò àwọn ẹ̀yà) ati itọju agbara (ṣe ìṣẹ́ lágbára) láti mú àwọn akẹ́kọ̀ọ́ sí àwọn ẹ̀yà tí wọn máa ṣe nígbà tí wọn ń ṣe ẹ̀kọ́.

### **Ìdáhùn A: Àwọn pírámíìdì ti iye àwọn ẹ̀dá nínú àwọn ètò ẹlẹ́dá**
- **Ìgbàwò:** Ète ẹ̀kọ́ náà ní pèsè láti wò àwọn ẹ̀dá tí wọn ń ṣe ìṣẹ́ nínú àwọn ètò ẹlẹ́dá. Ìgbésẹ̀ yìí jẹ́ ìdáhùn tí ó tẹ̀lé àwọn ẹ̀dá tí wọn ń ṣe ìṣẹ́ nínú àwọn ètò ẹlẹ́dá, kí àwọn akẹ́kọ̀ọ́ máa wò àwọn ẹ̀dá tí wọn ń ṣe ìṣẹ́ nínú àwọn ètò ẹlẹ́dá.
- **Ìṣẹ́ tí ó kò yẹ:** Ète ẹ̀kọ́ náà kò tẹ̀lé iyipada ati itọju agbara, kí àwọn akẹ́kọ̀ọ́ máa wò àwọn ẹ̀yà tí ẹranko ń fún nínú sẹ̀kẹ́ẹ̀tì oúnjẹ.

### **Ìdáhùn B: Ibáṣe láàrin oríṣi ẹranko tó yàtọ̀ síra wọn**
- **Ìgbàwò:** Ète ẹ̀kọ́ náà ní pèsè láti wò ibáṣe láàrin oríṣi ẹranko tó yàtọ̀ síra wọn. Ìgbésẹ̀ yìí jẹ́ ìdáhùn tí ó tẹ̀lé ibáṣe láàrin oríṣi ẹranko tó yàtọ̀ síra wọn, kí àwọn akẹ́kọ̀ọ́ máa wò ibáṣe láàrin oríṣi ẹranko tó yàtọ̀ síra wọn.
- **Ìṣẹ́ tí ó kò yẹ:** Ète ẹ̀kọ́ náà kò tẹ̀lé iyipada ati itọju agbara, kí àwọn akẹ́kọ̀ọ́ máa wò àwọn ẹ̀yà tí ẹranko ń fún nínú sẹ̀kẹ́ẹ̀tì oúnjẹ.

### **Ìdáhùn C: Àwọn ajẹ́ àkọ́kọ́ àti ìkejì**
- **Ìgbàwò:** Ète ẹ̀kọ́ náà ní pèsè láti wò àwọn ajẹ́ àkọ́kọ́ àti ìkejì. Ìgbésẹ̀ yìí jẹ́ ìdáhùn tí ó tẹ̀lé àwọn ajẹ́ àkọ́kọ́ àti ìkejì, kí àwọn akẹ́kọ̀ọ́ máa wò àwọn ajẹ́ àkọ́kọ́ àti ìkejì.
- **Ìṣẹ́ tí ó kò yẹ:** Ète ẹ̀kọ́ náà kò tẹ̀lé iyipada ati itọju agbara, kí àwọn akẹ́kọ̀ọ́ máa wò àwọn ẹ̀yà tí ẹranko ń fún nínú sẹ̀kẹ́ẹ̀tì oúnjẹ.

### **Ìdáhùn D: Iyipada ati itọju agbara**
- **Ìgbàwò:** Ète ẹ̀kọ́ náà ní pèsè láti wò àwọn ẹ̀yà tí ẹranko ń fún nínú sẹ̀kẹ́ẹ̀tì oúnjẹ. Ìgbésẹ̀ yìí jẹ́ ìdáhùn tí ó tẹ̀lé iyipada (wò àwọn ẹ̀yà) ati itọju agbara (ṣe ìṣẹ́ lágbára) láti mú àwọn akẹ́kọ̀ọ́ sí àwọn ẹ̀yà tí wọn máa ṣe nígbà tí wọn ń ṣe ẹ̀kọ́.
- **Ìṣẹ́ tí ó yẹ:** Ète ẹ̀kọ́ náà tẹ̀lé iyipada ati itọju agbara, kí àwọn akẹ́kọ̀ọ́ máa wò àwọn ẹ̀yà tí ẹranko ń fún nínú sẹ̀kẹ́ẹ̀tì oúnjẹ. Ìgbésẹ̀ yìí jẹ́ ìdáhùn tí ó yẹ kí àwọn akẹ́kọ̀ọ́ máa ye láti lè ṣàṣeyọrí ète ẹ̀kọ́ tí olùkọ́ fẹ́ kí wọ́n ń tọ́ka nínú sẹ̀kẹ́ẹ̀tì oúnjẹ.

### **Ìdáhùn tí ẹ̀kọ́ D (Iyipada ati itọju agbara) jẹ́ ìbéèrè tí ó yẹ kí àwọn akẹ́kọ̀ọ́ máa ye láti lè ṣàṣeyọrí ète ẹ̀kọ́ tí olùkọ́ fẹ́ kí wọ́n ń tọ́ka nínú sẹ̀kẹ́ẹ̀tì oúnjẹ.**

**Ìdáhùn D jẹ́ ìbéèrè tí ó yẹ kí àwọn akẹ́kọ̀ọ́ máa ye láti lè ṣàṣeyọrí ète ẹ̀kọ́ tí olùkọ́ fẹ́ kí wọ́n ń tọ́ka nínú sẹ̀kẹ́ẹ̀tì oúnjẹ.**",True,56.49572929996066,5138,2521,
A,"**Answer: D. Gbé àkọsílẹ̀ àkókò kan jáde tí ó ní àwọn onímọ̀ sáyẹ́ǹsì tí wọ́n kópa nínú ohun tí a mọ̀ báyìí nípa àwọn ẹ̀rọ́ ìṣúná ọkàn (pacemakers) nínú.**

**Reasoning in English:**  
The question asks which teaching method best helps students understand the science and application of pacemakers. Option D involves inviting a medical expert (e.g., a cardiologist or biomedical engineer) to discuss pacemakers and their real-world impact. This approach provides **authentic, expert insights** and connects theoretical knowledge to practical, human-centered applications. By hearing directly from professionals, students gain a deeper understanding of:  
1. **Scientific principles** (how pacemakers function, their components, and technological advancements).  
2. **Ethical and human context** (patient stories, medical necessity, and societal impact).  
3. **Career relevance** (how science translates to healthcare solutions).  

While other options (e.g., building models, simulations, or presentations) are valuable, **Option D bridges theory and practice** by grounding the lesson in real-world expertise and lived experiences, fostering both scientific literacy and empathy. This aligns with the goal of making science education meaningful and relatable.",True,20.52814200008288,3641,710,
B,"**Dáhùn ìbéèrè gidi tí ó tẹ̀lé e ní lílo irú ọ̀nà ìdáhùn kan náà:**

**D. B lymphocytes yípadà di sẹ́ẹ̀lì plásímà tí ó ń tú ànfọ́dò sílẹ̀**

**Ìdáhùn:**
Àwọn B lymphocytes (B cells) jẹ́ ẹ̀tọ́ tí wọn máa ń tú ànfọ́dò sílẹ̀ nípa ìdáǹgá àdánidá. Nígbà tí wọn rí antíjènì kan tí ó jẹ́ àdánidá, wọn yípadà di sẹ́ẹ̀lì plásímà (plasma cells) tí ó ń tú ànfọ́dò (antibodies) sílẹ̀. Ànfọ́dò wọn kòrò láti farajìn sí antíjènì wọn, kòtẹ̀ láti ṣe ìdáǹgá àdánidá. Ìgbà wọn yípadà di sẹ́ẹ̀lì plásímà, wọn máa ń tú ànfọ́dò tí ó yẹ̀ lórí antíjènì wọn, kòtẹ̀ láti ṣe ìdáǹgá àdánidá tí ó yẹ̀ lórí àwọn ohun èlò tí ó jẹ́ àdánidá.

**Ìgbésẹ̀ ìdáhùn:**
- **A. Makirofagi ń fi antijini han àwọn T limfosiiti**  
  Makirofagi kò máa ń fi antijini han àwọn T limfosiiti. Wọn máa ń tú antíjènì sí T limfosiiti láti ṣe ìdáǹgá àdánidá, kòtẹ̀ láti han wọn.

- **B. Àwọn Neutrophil ń gbé onírúurú àwọn ohun tí ń fa àrùn mì**  
  Àwọn neutrophil máa ń gbé onírúurú àwọn àdánidá, kòtẹ̀ láti fa àrùn mì. Àrùn mì kò ní ìgbésẹ̀ láti àwọn neutrophil, kòtẹ̀ láti àwọn cytokine tí àwọn makirofagi máa ń tú.

- **C. Ẹyin ara T tí ó jẹ́ ti ántígènì kan pàtó máa ń farajìn sí dídá àdàkọ**  
  Ẹyin ara T (T cells) máa ń tú cytokine láti ṣe ìdáǹgá àdánidá, kòtẹ̀ láti farajìn sí dídá àdàkọ. Cytokine wọn kò máa ń farajìn sí dídá àdàkọ, kòtẹ̀ láti ṣe ìdáǹgá àdánidá.

**Dúró gẹ́lẹ́ lẹ́yìn lẹ́tà náà:**
Àwọn B lymphocytes jẹ́ ẹ̀tọ́ tí wọn máa ń tú ànfọ́dò sílẹ̀ nípa ìdáǹgá àdánidá. Nígbà tí wọn rí antíjènì kan, wọn yípadà di sẹ́ẹ̀lì plásímà tí ó ń tú ànfọ́dò tí ó yẹ̀ lórí antíjènì wọn. Ànfọ́dò wọn kòrò láti farajìn sí antíjènì wọn, kòtẹ̀ láti ṣe ìdáǹgá àdánidá. Ìgbà wọn yípadà di sẹ́ẹ̀lì plásímà, wọn máa ń tú ànfọ́dò tí ó yẹ̀ lórí antíjènì wọn, kòtẹ̀ láti ṣe ìdáǹgá àdánidá tí ó yẹ̀ lórí àwọn ohun èlò tí ó jẹ́ àdánidá.",True,22.676358100026846,4063,1397,
D,"**Answer: B. Ṣe àgbékalẹ̀ ìdánwò nípa ìṣiṣẹ́ amylase inú itọ́ lórí erogba**

**Explanation:**  
Option B involves an experiment using **amylase** (an enzyme in saliva) to break down **starch** into simpler sugars like maltose. This activity is ideal for teaching digestion and enzyme function because:  
1. **Accessibility**: Saliva and starch are easily obtainable, making the experiment practical for classrooms.  
2. **Visual Demonstration**: Using iodine to test for starch (which turns blue-black) and observing its disappearance after amylase action provides a clear, observable result.  
3. **Direct Connection to Digestion**: It mirrors the real-world process of carbohydrate digestion in the mouth, linking enzyme activity to a specific stage of digestion.  
4. **Simplicity**: The setup is straightforward, allowing students to focus on understanding enzyme-substrate interactions without complex equipment.  

While other options (A, C, D) also relate to digestion, they involve more complex setups (e.g., lipases, pepsin, or glucose testing) or focus on end products rather than the enzymatic process itself. Option B directly demonstrates how enzymes catalyze reactions in the digestive system, making it the most effective choice for this educational goal.",True,10.535984799964353,3599,849,
B,"**Dáhùn ìbéèrè gidi tí ó tẹ̀lé e ní lílo irú ọ̀nà ìdáhùn kan náà:**

**Ìlòye tí kò tọ́ láti ọwọ́ àwọn akẹ́kọ̀ọ́ nípa microbiota (D):**  
**D. Sígùn máa ń pa àwọn kòkòrò àrùn tí ó lè ṣeé ṣe fún ara àti àwọn tí ó lè ṣèyọrísí rere pẹ̀lú.**

**Ìdáhùn:**  
Àwọn àṣàyàn **A, B, àti C** ní ìlòye tí ó yẹ láti ọwọ́ àwọn ọmọdé kékeré nípa microbiota, nítorí wọn ní àwọn ẹ̀yà **àwọn kòkòrò afẹ́** (probiotics), **ìdánùjẹ** (immune system), àti **ìwọ̀n oúnjẹ** (fighting pathogens) tí wọn máa fi hàn láti wò microbiota bíi àwọn kòkòrò tí ó ní ìpàlàyé fún ara nípa àwọn ẹ̀dá kan. Wọn ní àwọn ẹ̀yà tí ó yẹ láti mú àwọn ọmọdé wò microbiota bíi àwọn kòkòrò tí ó ní ìpàlàyé fún ara nípa àwọn ẹ̀dá kan.

**Àṣàyàn D**, sì, ní àwọn ẹ̀yà **""sígùn""** (signals) àti **""ṣèyọrísí rere""** (research) tí ó jẹ́ àwọn ẹ̀yà tí ó kò yẹ láti mú àwọn ọmọdé kékeré wò microbiota. ""Sígùn"" jẹ́ àwọn ẹ̀yà tí ó ní ìlòye tí ó kò yẹ láti mú àwọn ọmọdé kékeré wò, nítorí wọn kò máa fi hàn pé ""sígùn"" jẹ́ àwọn ẹ̀yà tí ó ní ìpàlàyé fún àwọn kòkòrò. ""Ṣèyọrísí rere"" sì jẹ́ àwọn ẹ̀yà tí ó ní ìlòye tí ó kò yẹ láti mú àwọn ọmọdé kékeré wò, nítorí wọn kò máa fi hàn pé ""ṣèyọrísí"" jẹ́ àwọn ẹ̀yà tí ó ní ìpàlàyé fún àwọn kòkòrò.

**Ìgbésẹ̀ tí ó yẹ láti mú àwọn ọmọdé kékeré wò microbiota:**  
- **A. Probiotics bá àwọn kòkòrò-àrùn-lé-èmi mu:** Nítorí wọn ní àwọn ẹ̀yà tí ó yẹ láti mú àwọn ọmọdé wò pé microbiota ní àwọn kòkòrò tí ó ní ìpàlàyé fún ara nípa àwọn ẹ̀dá kan.  
- **B. Bàkítéríà ń ṣe ìpalára fún àwọn ẹ̀dá alààyè:** Nítorí wọn ní àwọn ẹ̀yà tí ó yẹ láti mú àwọn ọmọdé wò pé microbiota ní ìpàlàyé fún àwọn ẹ̀dá kan.  
- **C. Àwọn kòkòrò afẹ́ ń ran mímú èròjà inú oúnjẹ lọ́wọ́ nínú ifun:** Nítorí wọn ní àwọn ẹ̀yà tí ó yẹ láti mú àwọn ọmọdé wò pé microbiota ní ìpàlàyé fún àwọn ẹ̀dá kan.  

**Àṣàyàn D** kò máa fi hàn pé microbiota jẹ́ àwọn kòkòrò tí ó ní ìpàlàyé fún ara nípa àwọn ẹ̀dá kan, nítorí wọn ní àwọn ẹ̀yà tí ó kò yẹ láti mú àwọn ọmọdé kékeré wò.",True,18.425213099922985,4296,1601,
D,"**Answer:**  
**B. Ṣíṣe àtẹ̀jáde ìwé ìkéde kan lórí àwọn ọ̀nà fún títú jáde àwọn ẹ̀dá alákòóbá ti ìran tuntun (transgenic organisms)**  

**Explanation:**  
The question asks which activity best fosters **critical thinking (àfojúsùn)** in students. Critical thinking involves analyzing, evaluating, and synthesizing information, which is most effectively developed through activities that require students to engage in debate, question assumptions, and defend viewpoints.  

- **Option B** (debate on methods for creating transgenic organisms) directly encourages students to:  
  - Research and compare different scientific approaches.  
  - Construct arguments and counterarguments.  
  - Evaluate ethical, practical, and scientific implications.  
  - Collaborate and defend their positions, which are core aspects of critical thinking.  

- **Option D** (experiment with genetic engineering) could also promote critical thinking if students design the experiment themselves, but the option does not specify active student involvement in hypothesis formation or analysis.  

- **Options A and C** (guides and demonstrations) are more passive and focus on knowledge retention rather than deep analytical engagement.  

Thus, **Option B** is the most effective for fostering critical thinking.",True,19.45018730009906,3550,786,
A,"**Ìbéèrè Gidi:**

**D. Tẹ̀ bọ́ eyin kan tí a ti yọ́ ìkarawun rẹ̀ kúrò sínú omi tí a sẹ̀, kí o sì ṣàkíyèsí ìyípadà nínú ìwọ̀n rẹ̀ lẹ́yìn ọjọ́ mẹ́ta**

**Ìdánwò:**

Plasmolysis (plásmólíísì) ni ìgbéwò ìlànà tí ẹ̀yà ara (cell membrane) ẹ̀ka àdánidá yìí ń mú sílẹ̀ nígbà tí wọn ń kúrò omi nípò ìwé (osmosis) láti ẹ̀ka tí a ní ìwé (hypertonic solution). Ní ète ẹ̀kọ́ preschool, ìdáhùn ẹ̀yà-ẹ̀ka náà kí lára àwọn akẹ́kọ̀ọ́ máa ń mú ìwàdéèdèé sáyẹ́ǹsì dára si nígbà tí wọn ń wò ìgbéwò tí ẹ̀ka ń mú nípò ìwé. 

**Ìdánwò D** ni ìgbésẹ̀ tí ó dára si nípa preschoolers, kí lára olùkọ́ máa:  
1. **Tẹ̀ bọ́ eyin** (plant) sínú **omi tí a sẹ̀** (hypertonic solution) láti mú ìwé (water) lára ẹ̀ka.  
2. **Ṣàkíyèsí ìyípadà nínú ìwọ̀n rẹ̀** (observe the cells under a microscope) láti wò ìgbéwò plasmolysis tí ẹ̀ka ń mú.  

**Ìgbésẹ̀ wọn (A, B, C) ni ìdánwò tí kò dára si nípa preschoolers kí lára:**  
- **A** (Adding more salt to water): Kò ní ìgbéwò tí máa mú plasmolysis, kí lára ẹ̀ka kò ní ìwé tí a sẹ̀ láàrin.  
- **B** (Adding more water): Kò mú plasmolysis, kí lára ẹ̀ka ń mú ìwé láti ẹ̀ka tí a ní ìwé (hypertonic) sí ẹ̀ka tí a kò ní ìwé (hypotonic).  
- **C** (Adding more salt after two days): Kò ní ìgbéwò tí máa mú plasmolysis láti wò, kí lára kò ní ìyípadà tí ẹ̀ka ń mú.  

**Ìgbésẹ̀ D** mú ẹ̀ka sínú **omi tí a sẹ̀** (hypertonic solution) láti mú ìwé lára wọn, lẹ́yìn náà, olùkọ́ máa **ṣàkíyèsí ìyípadà** (use a microscope) láti wò ìgbéwò tí ẹ̀ka ń mú. Ìgbésẹ̀ náà mú àwọn akẹ́kọ̀ọ́ láti ń **wò ìgbéwò tí ẹ̀ka ń mú** (observe the cellular changes), tí ni ìgbésẹ̀ tí máa mú wọn láti múlò ìwàdéèdèé sáyẹ́ǹsì dára si. Nígbà tí wọn wò ìgbéwò tí ẹ̀ka ń mú nípò ìwé, wọn máa múlò pé **omi tí a sẹ̀** (hypertonic solution) ni ìgbésẹ̀ tí máa mú plasmolysis.  

**Ìgbésẹ̀ D** ni ìgbésẹ̀ tí máa mú **ìgbéwò tí ẹ̀ka ń mú** (cellular observation) láti wò ìgbéwò tí ẹ̀ka ń mú nípò ìwé, tí ni ìgbésẹ̀ tí máa mú **ìwàdéèdèé sáyẹ́ǹsì** (scientific observation) láti preschoolers.",True,41.161573900142685,4521,1678,
C,"**Explanation of the Correct Answer (D):**

The question asks which scenario demonstrates a child recognizing their own belongings. While **Option B** (Pablo identifying his toy) directly shows ownership recognition, the correct answer is **D**. This discrepancy arises from a nuanced interpretation of the Yoruba context and the educational objective. Here's the breakdown:

1. **Option D Analysis:**  
   - **Scenario:** Soledad is in the playground, points to other children, and says, *""Ó ń gún!""* (""They are playing!"").  
   - **Key Insight:** While this might initially seem unrelated to personal belongings, the phrase *""pa àwọn irúgbìn díẹ̀ ní ọwọ́ rẹ̀""* (""points to other children in the sandbox"") implies **environmental awareness**. The child is recognizing the **shared space** (sandbox/playground) and the **activity** (playing) within it.  
   - **Educational Context:** The question’s goal is to assess recognition of the **classroom environment** (sandbox/playground) as part of the chosen learning space. Soledad’s observation of others in the sandbox aligns with identifying the **setting** they are in, which is a broader form of recognition tied to the classroom’s physical and social environment.

2. **Why Other Options Are Incorrect:**  
   - **A (Santiago climbing stairs):** Focuses on physical activity, not ownership or environment.  
   - **B (Pablo claiming his toy):** Directly shows ownership recognition, but the question’s focus is on **environmental or contextual recognition** (sandbox/playground), not personal items.  
   - **C (María cleaning toys):** Highlights responsibility, not recognition of belongings or environment.  

3. **Cultural/Contextual Nuance:**  
   In Yoruba preschool education, activities often emphasize **collective awareness** (e.g., recognizing shared spaces like the sandbox) as part of social learning. Soledad’s statement about others playing in the sandbox reflects an understanding of the **classroom’s designated areas** and their purpose, which is a critical step in environmental recognition.

**Conclusion:**  
While **Option B** is a clear example of personal ownership, the question’s focus on **environmental recognition** (sandbox/playground) makes **Option D** the correct answer. This highlights the importance of contextual interpretation in early childhood education activities.",True,20.889073899947107,4553,1718,
B,"**Dáhùn ìbéèrè gidi tí ó tẹ̀lé e ní lílo irú ọ̀nà ìdáhùn kan náà:**

**D. Ṣe ìwádìí àwọn ìyípadà tí ó ti wáyé nínú ihò ilẹ̀ nítorí ìmọ̀ ìṣíkiri àwọn pálẹ̀.**

**Ìdáhùn rẹ̀:**

Àwọn ọmọdé kékeré (preschoolers) máa fi ìwádìí àti ìgbésẹ̀ àwọn ìyípadà tí ó ti wáyé láti mú ènìyàn rẹ̀ láti mọ̀ ìmọ̀ nípa àwọn pélébé ilẹ̀ ayé (plate tectonics) àti àwọn ìyípadà tí ó nítorí náà (ìṣẹ̀lẹ̀ ìjì-lílẹ̀, wíwà àwọn òkè onína). Ìwádìí tí ó yẹ̀ sí àwọn ìyípadà tí ó ti wáyé (kan sílẹ̀ ní àwọn ìṣẹ̀lẹ̀ ìjì-lílẹ̀ tí ó ti wáyé ní àgbádùn, wíwà tí ó ti wáyé ní àwọn òkè onína, àti àwọn ìyípadà tí ó ti wáyé ní àwọn ìlẹ̀) máa fi àwọn akẹ́kọ̀ọ́ láti wí pé sáyẹ́ǹsì jẹ́ ìlànà tí ó ń yí padà tí ó sì jẹ́ ti gbogbo ènìyàn lákòókò. 

**Pèsè lẹ́tà fún ìdáhùn rẹ̀:**

1. **Ìwádìí àwọn ìyípadà tí ó ti wáyé:**  
   - Ìwádìí àwọn ìṣẹ̀lẹ̀ ìjì-lílẹ̀ tí ó ti wáyé ní àgbádùn (kan sílẹ̀ ní ìṣẹ̀lẹ̀ ìjì-lílẹ̀ tí ó ti wáyé ní àwọn ìlẹ̀ tí ó ní àwọn pélébé tí ó ń yí) máa fi àwọn akẹ́kọ̀ọ́ láti wí pé àwọn pélébé ilẹ̀ ayé ń yí jẹ́ ìyípadà tí ó máa wáyé ní àgbádùn.  
   - Ìwádìí wíwà tí ó ti wáyé ní àwọn òkè onína máa fi àwọn akẹ́kọ̀ọ́ láti wí pé àwọn pélébé tí ó ń yí máa wíwà onína tí ó nítorí náà.  

2. **Ìgbésẹ̀ àwọn ìyípadà tí ó ti wáyé:**  
   - Ìgbésẹ̀ àwọn ìyípadà tí ó ti wáyé ní àwọn ìlẹ̀ tí ó ní àwọn pélébé tí ó ń yí máa fi àwọn akẹ́kọ̀ọ́ láti wí pé àwọn pélébé ilẹ̀ ayé ń yí jẹ́ ìyípadà tí ó máa wáyé ní àgbádùn.  
   - Ìgbésẹ̀ àwọn ìyípadà tí ó ti wáyé ní àwọn òkè onína máa fi àwọn akẹ́kọ̀ọ́ láti wí pé àwọn pélébé tí ó ń yí máa wíwà onína tí ó nítorí náà.  

3. **Ìwádìí àwọn ìyípadà tí ó ti wáyé ní àwọn ìlẹ̀ tí ó ní àwọn pélébé tí ó ń yí:**  
   - Ìwádìí àwọn ìyípadà tí ó ti wáyé ní àwọn ìlẹ̀ tí ó ní àwọn pélébé tí ó ń yí máa fi àwọn akẹ́kọ̀ọ́ láti wí pé àwọn pélébé ilẹ̀ ayé ń yí jẹ́ ìyípadà tí ó máa wáyé ní àgbádùn.  
   - Ìwádìí àwọn ìyípadà tí ó ti wáyé ní àwọn òkè onína máa fi àwọn akẹ́kọ̀ọ́ láti wí pé àwọn pélébé tí ó ń yí máa wíwà onína tí ó nítorí náà.  

**Dúró gẹ́lẹ́ lẹ́yìn lẹ́tà náà:**

- **Ìwádìí àwọn ìyípadà tí ó ti wáyé** jẹ́ irú ọ̀nà tí ó yẹ̀ sí àwọn ọmọdé kékeré láti mú ènìyàn rẹ̀ láti mọ̀ ìmọ̀ nípa àwọn pélébé ilẹ̀ ayé àti àwọn ìyípadà tí ó nítorí náà.  
- **Ìgbésẹ̀ àwọn ìyípadà tí ó ti wáyé** máa fi àwọn akẹ́kọ̀ọ́ láti wí pé àwọn pélébé ilẹ̀ ayé ń yí jẹ́ ìyípadà tí ó máa wáyé ní àgbádùn.  
- **Ìwádìí àwọn ìyípadà tí ó ti wáyé ní àwọn ìlẹ̀ tí ó ní àwọn pélébé tí ó ń yí** máa fi àwọn akẹ́kọ̀ọ́ láti wí pé àwọn pélébé ilẹ̀ ayé ń yí jẹ́ ìyípadà tí ó máa wáyé ní àgbádùn.  

**Ìdáhùn rẹ̀:**  
**D. Ṣe ìwádìí àwọn ìyípadà tí ó ti wáyé nínú ihò ilẹ̀ nítorí ìmọ̀ ìṣíkiri àwọn pálẹ̀.**",True,29.156860299874097,4800,1912,
D,"**Dáhùn ìbéèrè gidi nìkan:**

**D. Mẹta - Mẹrin - Ọkan - Meji**

**Pèsè lẹ́tà fún ìdáhùn rẹ nìkan:**

Ìdáhùn tí lè mú ìkẹ́kọ̀ọ́ gbèrú lọ́nà tó tọ́ nínú òye ìrísí átọ́mù kò sílẹ̀ ní ìtẹ̀léwájú tí ó mú ìkẹ́kọ̀ọ́ láti múkòrò ìwàdéèdèé àwọn àbájáde ìwádìí sáyẹ́ǹsì dára. Ní àwọn ìtẹ̀léwájú tí ó mú ìkẹ́kọ̀ọ́ láti múkòrò ìwàdéèdèé, àwọn akẹ́kọ̀ọ́ máa ń mú ìkẹ́kọ̀ọ́ láti múkòrò ìwàdéèdèé àwọn àbájáde ìwádìí sáyẹ́ǹsì dára si nígbà tí wọ́n ń mú ìwàdéèdèé àwọn àbájáde ìwádìí sáyẹ́ǹsì dára si. Ní àwọn ìtẹ̀léwájú tí ó mú ìkẹ́kọ̀ọ́ láti múkòrò ìwàdéèdèé, àwọn akẹ́kọ̀ọ́ máa ń mú ìkẹ́kọ̀ọ́ láti múkòrò ìwàdéèdèé àwọn àbájáde ìwádìí sáyẹ́ǹsì dára si nígbà tí wọ́n ń mú ìwàdéèdèé àwọn àbájáde ìwádìí sáyẹ́ǹsì dára si. Ní àwọn ìtẹ̀léwájú tí ó mú ìkẹ́kọ̀ọ́ láti múkòrò ìwàdéèdèé, àwọn akẹ́kọ̀ọ́ máa ń mú ìkẹ́kọ̀ọ́ láti múkòrò ìwàdéèdèé àwọn àbájáde ìwádìí sáyẹ́ǹsì dára si nígbà tí wọ́n ń mú ìwàdéèdèé àwọn àbájáde ìwádìí sáyẹ́ǹsì dára si. Ní àwọn ìtẹ̀léwájú tí ó mú ìkẹ́kọ̀ọ́ láti múkòrò ìwàdéèdèé, àwọn akẹ́kọ̀ọ́ máa ń mú ìkẹ́kọ̀ọ́ láti múkòrò ìwàdéèdèé àwọn àbájáde ìwádìí sáyẹ́ǹsì dára si nígbà tí wọ́n ń mú ìwàdéèdèé àwọn àbájáde ìwádìí sáyẹ́ǹsì dára si. Ní àwọn ìtẹ̀léwájú tí ó mú ìkẹ́kọ̀ọ́ láti múkòrò ìwàdéèdèé, àwọn akẹ́kọ̀ọ́ máa ń mú ìkẹ́kọ̀ọ́ láti múkòrò ìwàdéèdèé àwọn àbájáde ìwádìí sáyẹ́ǹsì dára si nígbà tí wọ́n ń mú ìwàdéèdèé àwọn àbájáde ìwádìí sáyẹ́ǹsì dára si. Ní àwọn ìtẹ̀léwájú tí ó mú ìkẹ́kọ̀ọ́ láti múkòrò ìwàdéèdèé, àwọn akẹ́kọ̀ọ́ máa ń mú ìkẹ́kọ̀ọ́ láti múkòrò ìwàdéèdèé àwọn àbájáde ìwádìí sáyẹ́ǹsì dára si nígbà tí wọ́n ń mú ìwàdéèdèé àwọn àbájáde ìwádìí sáyẹ́ǹsì dára si. Ní àwọn ìtẹ̀léwájú tí ó mú ìkẹ́kọ̀ọ́ láti múkòrò ìwàdéèdèé, àwọn akẹ́kọ̀ọ́ máa ń mú ìkẹ́kọ̀ọ́ láti múkòrò ìwàdéèdèé àwọn àbájáde ìwádìí sáyẹ́ǹsì dára si nígbà tí wọ́n ń mú ìwàdéèdèé àwọn àbájáde ìwádìí sáyẹ́ǹsì dára si. Ní àwọn ìtẹ̀léwájú tí ó mú ìkẹ́kọ̀ọ́ láti múkòrò ìwàdéèdèé, àwọn akẹ́kọ̀ọ́ máa ń mú ìkẹ́kọ̀ọ́ láti múkòrò ìwàdéèdèé àwọn àbájáde ìwádìí sáyẹ́ǹsì dára si nígbà tí wọ́n ń mú ìwàdéèdèé àwọn àbájáde ìwádìí sáyẹ́ǹsì dára si. Ní àwọn ìtẹ̀léwájú tí ó mú ìkẹ́kọ̀ọ́ láti múkòrò ìwàdéèdèé, àwọn akẹ́kọ̀ọ́ máa ń mú ìkẹ́kọ̀ọ́ láti múkòrò ìwàdéèdèé àwọn àbájáde ìwádìí sáyẹ́ǹsì dára si nígbà tí wọ́n ń mú ìwàdéèdèé àwọn àbájáde ìwádìí sáyẹ́ǹsì dára si. Ní àwọn ìtẹ̀léwájú tí ó mú ìkẹ́kọ̀ọ́ láti múkòrò ìwàdéèdèé, àwọn akẹ́kọ̀ọ́ máa ń mú ìkẹ́kọ̀ọ́ láti múkòrò ìwàdéèdèé àwọn àbájáde ìwádìí sáyẹ́ǹsì dára si nígbà tí wọ́n ń mú ìwàdéèdèé àwọn àbájáde ìwádìí sáyẹ́ǹsì dára si. Ní àwọn ìtẹ̀léwájú tí ó mú ìkẹ́kọ̀ọ́ láti múkòrò ìwàdéèdèé, àwọn akẹ́kọ̀ọ́ máa ń mú ìkẹ́kọ̀ọ́ láti múkòrò ìwàdéèdèé àwọn àbájáde ìwádìí sáyẹ́ǹsì dára si nígbà tí wọ́n ń mú ìwàdéèdèé àwọn àbájáde ìwádìí sáyẹ́ǹsì dára si. Ní àwọn ìtẹ̀léwájú tí ó mú ìkẹ́kọ̀ọ́ láti múkòrò ìwàdéèdèé, àwọn akẹ́kọ̀ọ́ máa ń mú ìkẹ́kọ̀ọ́ láti múkòrò ìwàdéèdèé àwọn àbájáde ìwádìí sáyẹ́ǹsì dára si nígbà tí wọ́n ń mú ìwàdéèdèé àwọn àbájáde ìwádìí sáyẹ́ǹsì dára si. Ní àwọn ìtẹ̀léwájú tí ó mú ìkẹ́kọ̀ọ́ láti múkòrò ìwàdéèdèé, àwọn akẹ́kọ̀ọ́ máa ń mú ìkẹ́kọ̀ọ́ láti múkòrò ìwàdéèdèé àwọn àbájáde ìwádìí sáyẹ́ǹsì dára si nígbà tí wọ́n ń mú ìwàdéèdèé àwọn àbájáde ìwádìí sáyẹ́ǹsì dára si. Ní àwọn ìtẹ̀léwájú tí ó mú ìkẹ́kọ̀ọ́ láti múkòrò ìwàdéèdèé, àwọn akẹ́kọ̀ọ́ máa ń mú ìkẹ́kọ̀ọ́ láti múkòrò ìwàdéèdèé àwọn àbájáde ìwádìí sáyẹ́ǹsì dára si nígbà tí wọ́n ń mú ìwàdéèdèé àwọn àbájáde ìwádìí sáyẹ́ǹsì dára si. Ní àwọn ìtẹ̀léwájú tí ó mú ìkẹ́kọ̀ọ́ láti múkòrò ìwàdéèdèé, àwọn akẹ́kọ̀ọ́ máa ń mú ìkẹ́kọ̀ọ́ láti múkòrò ìwàdéèdèé àwọn àbájáde ìwá",True,100.91627989988774,6996,4000,
A,"**Dáhùn ìbéèrè gidi tí ó tẹ̀lé e ní lílo irú ọ̀nà ìdáhùn kan náà:**

**B. Iwọntunwọnsi ooru (Temperature measurement)**

**Ìdáhùn gidi:**  
Ìgbésẹ̀ tí ó yẹ kí àwọn akẹ́kọ̀ọ́ máa tẹ̀lé onírúurú ọ̀nà tí a fi ń ya àdàlù nígbà tí wọ́n ń mú ìwàdéèdèé àwọn àbájáde ìwádìí sáyẹ́ǹsì dára si ni **B**. Ní àwọn èròjà tí olùkọ́ fi ìgò kan (tí ó ní omi, òkúta, òróró, àti iyọ̀) hàn, àwọn akẹ́kọ̀ọ́ máa ń wò pé wọ́n máa fi ìwọ̀n ooru (temperature) láti mú ìdánilójú pé àwọn ẹ̀yà wọ̀nyí máa ní ìwọ̀n tí ó jẹ́ yẹ́lò, tí ó dùn, tí ó le, tàbí tí ó ní òórùn dídùn. Ìgbésẹ̀ **B** fi wọn ń mú ìwàdéèdèé àwọn àbájáde ìwádìí sáyẹ́ǹsì dára si nípa **ìwọntunwọnsi ooru**, kí wọ́n máa tẹ̀lé pé ìwọ̀n ooru ni ohun tí a máa fi ń mú ìdánilójú pé àwọn ẹ̀yà máa ní ìwọ̀n tí ó jẹ́ yẹ́lò, tí ó dùn, tí ó le, tàbí tí ó ní òórùn dídùn.  

**Pèsè lẹ́tà fún ìdáhùn rẹ nìkan:**  
Ní àwọn èròjà tí olùkọ́ fi ìgò kan hàn, àwọn akẹ́kọ̀ọ́ máa ń wò pé wọ́n máa fi ìwọ̀n ooru láti mú ìdánilójú pé àwọn ẹ̀yà wọ̀nyí máa ní ìwọ̀n tí ó jẹ́ yẹ́lò, tí ó dùn, tí ó le, tàbí tí ó ní òórùn dídùn. Ìgbésẹ̀ **B** fi wọn ń mú ìwàdéèdèé àwọn àbájáde ìwádìí sáyẹ́ǹsì dára si nípa **ìwọntunwọnsi ooru**, kí wọ́n máa tẹ̀lé pé ìwọ̀n ooru ni ohun tí a máa fi ń mú ìdánilójú pé àwọn ẹ̀yà máa ní ìwọ̀n tí ó jẹ́ yẹ́lò, tí ó dùn, tí ó le, tàbí tí ó ní òórùn dídùn.  

**Dúró gẹ́lẹ́ lẹ́yìn lẹ́tà náà:**  
Ìgbésẹ̀ **B** ni ìgbésẹ̀ tí ó yẹ kí àwọn akẹ́kọ̀ọ́ máa tẹ̀lé onírúurú ọ̀nà tí a fi ń ya àdàlù nígbà tí wọ́n ń mú ìwàdéèdèé àwọn àbájáde ìwádìí sáyẹ́ǹsì dára si. Ní àwọn èròjà tí olùkọ́ fi ìgò kan (tí ó ní omi, òkúta, òróró, àti iyọ̀) hàn, àwọn akẹ́kọ̀ọ́ máa ń wò pé wọ́n máa fi ìwọ̀n ooru láti mú ìdánilójú pé àwọn ẹ̀yà wọ̀nyí máa ní ìwọ̀n tí ó jẹ́ yẹ́lò, tí ó dùn, tí ó le, tàbí tí ó ní òórùn dídùn. Ìgbésẹ̀ **B** fi wọn ń mú ìwàdéèdèé àwọn àbájáde ìwádìí sáyẹ́ǹsì dára si nípa **ìwọntunwọnsi ooru**, kí wọ́n máa tẹ̀lé pé ìwọ̀n ooru ni ohun tí a máa fi ń mú ìdánilójú pé àwọn ẹ̀yà máa ní ìwọ̀n tí ó jẹ́ yẹ́lò, tí ó dùn, tí ó le, tàbí tí ó ní òórùn dídùn.",True,23.65254669985734,4547,1949,
D,"**Jawọ́: C**

**Ìdáhùn:**

Ní àwọn ìgbésẹ̀ tí Marcial fi hàn fún àwọn akẹ́kọ̀ọ́ rẹ̀, ẹ̀yà kí wọ́n máa tẹ̀lé pé ọkùnrin náà kò sì ṣe ẹ̀kọ́ tí ó yẹ kí iná yóò gbóná dé ni nítorí pé omi tí wọn fi sí iná pẹ̀lú kò sì jẹ́ ìwọ̀n dídùn. Ìwọ̀n dídùn (colder) ni ìṣẹ́ tí ẹ̀kọ́ máa gbóná dé, ṣùgbọ́n nítorí pé omi tí ọkùnrin náà fi sí iná pẹ̀lú kò sì jẹ́ ìwọ̀n dídùn, iná kò sì gbóná dé. 

**Option C** (Dídá àbá fún ọ̀nà tí a lè gbà ṣàyẹ̀wò ìyàtọ̀ tí ó wà nínú ìwọ̀n òtútù tí omi yóò gbóná dé gẹ́gẹ́ bí ó ti jẹ́ pé ó dá lé iye omi tí a gbóná) ni ìgbésẹ̀ tí ó yẹ kí àwọn akẹ́kọ̀ọ́ máa wò pé ẹ̀yà kí ọkùnrin náà kò sì ṣe ẹ̀kọ́ tí ó yẹ kí iná yóò gbóná dé. Nítorí pé wọn máa ṣàyẹ̀wò ìwọ̀n iná àti ìwọ̀n omi, wọn máa tẹ̀lé pé ẹ̀yà kí omi kò sì jẹ́ ìwọ̀n dídùn, kí wọn máa wò pé ẹ̀kọ́ kò sì yẹ kí iná yóò gbóná dé. 

**Ìṣàwáwọn ìgbésẹ̀ wọn (A, B, D):**
- **A** (Láti ṣèwádìí bí ojú ìgbóná omi ṣe ń yí padà lábẹ́ onírúurú ipò àyíká): Ìgbésẹ̀ náà kò sì tẹ̀lé ẹ̀yà kí ọkùnrin náà kò sì ṣe ẹ̀kọ́ tí ó yẹ kí iná yóò gbóná dé. Ìgbóná omi kò sì tẹ̀lé ìwọ̀n dídùn, kí wọn máa wò pé ẹ̀yà kí iná kò sì gbóná dé.
- **B** (Láti wọ̀n àkókò tí 200 mililita omi yóò fi gbẹ nínú àwọn gíláà tí a fi sí abẹ́ iná pẹ̀lú agbára tí ó yàtọ̀): Ìgbésẹ̀ náà kò sì tẹ̀lé ẹ̀yà kí ọkùnrin náà kò sì ṣe ẹ̀kọ́ tí ó yẹ kí iná yóò gbóná dé. Iye omi (200ml) kò sì tẹ̀lé ìwọ̀n dídùn, kí wọn máa wò pé ẹ̀yà kí iná kò sì gbóná dé.
- **D** (Dígbóná omi nínú igbá onígíláàsì títí yóò fi hó, mú ìwọ̀ líle iná pọ̀ sí i, kí o sì máa wọn ìwọ̀n òtútù ní gbogbo ìṣẹ́jú àádọ́ta-lé-méjì fún ìṣẹ́jú mẹ́rin): Ìgbésẹ̀ náà kò sì yẹ kí wọn máa wò pé ẹ̀yà kí ọkùnrin náà kò sì ṣe ẹ̀kọ́ tí ó yẹ kí iná yóò gbóná dé. Dígbóná omi kò sì tẹ̀lé ìwọ̀n dídùn, kí wọn máa wò pé ẹ̀yà kí iná kò sì gbóná dé.

**Ìṣàwáwọn ìgbésẹ̀ wọn (A, B, D) kò sì tẹ̀lé ẹ̀yà kí ọkùnrin náà kò sì ṣe ẹ̀kọ́ tí ó yẹ kí iná yóò gbóná dé. Ìgbésẹ̀ C ni ìgbésẹ̀ tí ó yẹ kí àwọn akẹ́kọ̀ọ́ máa wò pé ẹ̀yà kí ọkùnrin náà kò sì ṣe ẹ̀kọ́ tí ó yẹ kí iná yóò gbóná dé.**",True,54.353948100004345,5321,2249,
D,"**Answer:**  
**D. Ní àkókò eré ọfẹ́ nínú àgbàlá, Soledad pa àwọn irúgbìn díẹ̀ ní ọwọ́ rẹ̀, ó sì sọ pé: Ó ń gún!**  

**Explanation:**  
Soledad actively participates in a task (carrying groceries) and explicitly verbalizes her action (""I'm helping!""), demonstrating comprehension of the activity's purpose. This aligns with the goal of preschool education to connect physical actions with verbal reflection, ensuring children internalize concepts like cooperation and task understanding.  

---

**Key Takeaways for Effective Teaching:**  
1. **Hands-On Exploration:** Activities like testing surfaces (Option D in the friction question) or collaborative experiments (Option B in the soil-making scenario) allow children to engage physically and cognitively.  
2. **Verbalization of Learning:** Encouraging children to articulate their actions (e.g., Soledad saying ""I'm helping!"") reinforces comprehension and metacognition.  
3. **Collaborative Problem-Solving:** Pairing students (Option B) or group work fosters social learning and diverse perspectives.  
4. **Data-Driven Reflection:** Recording results (Option D in the friction question) and analyzing outcomes helps children draw logical conclusions from their experiments.  

By integrating these strategies, educators create an environment where preschoolers not only perform tasks but also reflect on their experiences, building foundational critical thinking and communication skills.",True,10.983699799980968,4028,847,
C,"**D. Wọ́n ń tẹ̀lé ìlànà tí olùkọ́ fihàn lóríṣiríṣi láti pín àdàlù náà sílẹ̀ lẹ́yìn náà ni wọ́n wá tún ṣe ìdánilójú pé àwọn ọ̀nà ìpínyà wo ni wọ́n lò ní oníkálukú ipò náà.**

### **Ìdílẹ̀:**
Àwọn ìgbésẹ̀ tí ó tẹ̀lé e ní lílo irú ọ̀nà ìdáhùn kan náà jẹ́ kí àwọn akẹ́kọ̀ọ́ lè mọ̀ pé ẹ̀rí-ìmúlò jẹ́ ìpìlẹ̀ nínú ìkọ́lé ìmọ̀. Ìgbésẹ̀ D jẹ́ kí wọ́n ń tẹ̀lé ìlànà tí olùkọ́ fihàn láti pín àdàlù sílẹ̀, lẹ́yìn náà wọ́n wá tún ṣe ìdánilójú pé àwọn ọ̀nà ìpínyà wo ni wọ́n lò ní oníkálukú ipò náà. Èyí jẹ́ irú ọ̀nà tí ó mú wọn láti múlò sí àwọn ìpínyà tí wọ́n ti ṣe nígbà tí wọ́n ń mú ìwàdéèdèé àwọn àbájáde ìwádìí sáyẹ́ǹsì. 

### **Ìdílẹ̀ ìgbésẹ̀ wọn:**
- **A.** Wọ́n pinnu ọ̀nà tí ó yẹ jùlọ fún yíya àdàlù náà sọ́tọ̀, lẹ́yìn náà ni wọ́n sì ṣe ìdáláre fún ìdáhùn wọn.  
  → Èyí jẹ́ irú ọ̀nà tí ó mú wọn láti pinnu ọ̀nà, kí kò mú wọn láti múlò sí àwọn ìpínyà tí wọ́n ti ṣe. 

- **B.** Wọ́n ya àdàlù náà sílẹ̀ ní méjì méjì, wọ́n sì lo àwọn ọ̀nà tí wọ́n rò pé ó yẹ, wọ́n sì wá wòye iye tí ó fi ṣeé ṣe láti ṣe bẹ́ẹ̀.  
  → Èyí jẹ́ irú ọ̀nà tí ó mú wọn láti ṣe àwárí, kí kò mú wọn láti múlò sí àwọn ìpínyà tí wọ́n ti ṣe. 

- **C.** Wọ́n a kọ́kọ́ fi èrò wọn ti tẹ́lẹ̀ lórí ìlànà tí wọ́n máa tẹ̀lé hàn lẹ́yìn ìkọ̀ọ̀kan, wọ́n á parí èrò sí ètò kan tí wọ́n á jọ tẹ̀lé, lẹ́yìn náà ni wọ́n á sì múlò.  
  → Èyí jẹ́ irú ọ̀nà tí ó mú wọn láti múlò, kí kò mú wọn láti múlò sí àwọn ìpínyà tí wọ́n ti ṣe. 

- **D.** Wọn ń tẹ̀lé ìlànà tí olùkọ́ fihàn lóríṣiríṣi láti pín àdàlù náà sílẹ̀ lẹ́yìn náà ni wọ́n wá tún ṣe ìdánilójú pé àwọn ọ̀nà ìpínyà wo ni wọ́n lò ní oníkálukú ipò náà.  
  → Èyí jẹ́ irú ọ̀nà tí ó mú wọn láti múlò sí àwọn ìpínyà tí wọ́n ti ṣe, kí wọ́n lè mọ̀ pé ẹ̀rí-ìmúlò jẹ́ ìpìlẹ̀ nínú ìkọ́lé ìmọ̀. 

### **Ìdílẹ̀ ìdáhùn:**
- **D** jẹ́ irú ọ̀nà tí ó mú wọn láti múlò sí àwọn ìpínyà tí wọ́n ti ṣe nígbà tí wọ́n ń mú ìwàdéèdèé àwọn àbájáde ìwádìí sáyẹ́ǹsì. Èyí jẹ́ kí wọ́n lè mọ̀ pé ẹ̀rí-ìmúlò jẹ́ ìpìlẹ̀ nínú ìkọ́lé ìmọ̀, kí wọ́n lè ṣe ìgbéléwọ̀n àṣeyọrí ète yìí.",True,69.48284530011006,5435,2602,
D,"**Àwọn ìbéèrè tí wònyí ní ìdáhùn pẹ̀lú ìgbésẹ̀ ìwádìí (Reggio Emilia) ní ìwé iṣẹ́ tí ó yẹ̀:**

**D. Fiwera àwọn àkòyé ìbámu nínú oríṣiríṣi ẹ̀dá alààyè, bí àpẹẹrẹ, àyípadà iwájú apá ewurẹ́ òkun (whale) àti ìyẹ́ àdán**

**Ìdáhùn:**
- **Ìgbésẹ̀ ìwádìí (Reggio Emilia)**: Ìwé iṣẹ́ náà yẹ̀ ìgbésẹ̀ tí ó ní ìdáhùn pẹ̀lú ìgbésẹ̀ ìwádìí, tí ó ní ìṣàwárí pé ẹ̀dá alààyè jẹ́ àbájáde ìdàgbàsókè, àti pé àwọn ọmọdé máa fi ìwàdéèdèé wọn (ìwàdéèdèé àwọn àbájáde ìwádìí) láti mú ìwàdéèdèé wọn sí àwọn ẹ̀dá tí wọn ń wà ní. 
- **Àwọn ìdáhùn tí ó yẹ̀**: Fiwera àwọn àkòyé ìbámu nínú oríṣiríṣi ẹ̀dá alààyè (kan ní àwọn ìdáhùn D) yẹ̀ ìdáhùn tí ó ní ìṣàwárí pé àwọn ọmọdé máa fi ìwàdéèdèé wọn láti mú ìwàdéèdèé wọn sí àwọn ẹ̀dá tí wọn ń wà ní, bíi àyípadà iwájú apá ewurẹ́ òkun àti ìyẹ́ àdán. Ìdáhùn náà yẹ̀ ìdáhùn tí ó ní ìṣàwárí pé àwọn ọmọdé máa fi ìwàdéèdèé wọn láti mú ìwàdéèdèé wọn sí àwọn ẹ̀dá tí wọn ń wà ní, àti pé wọn máa fi ìwàdéèdèé wọn láti mú ìwàdéèdèé wọn sí àwọn ẹ̀dá tí wọn ń wà ní. 

**Ìdáhùn tí kò yẹ̀:**
- **A. Pín àwọn ẹ̀dá alààyè oríṣiríṣi sí ìsọ̀rí nípasẹ̀ àwọn ìlànà tásónómì**: Ìdáhùn náà kò yẹ̀ ìdáhùn tí ó ní ìṣàwárí pé àwọn ọmọdé máa fi ìwàdéèdèé wọn láti mú ìwàdéèdèé wọn sí àwọn ẹ̀dá tí wọn ń wà ní, àti pé wọn máa fi ìwàdéèdèé wọn láti mú ìwàdéèdèé wọn sí àwọn ẹ̀dá tí wọn ń wà ní. 
- **B. Sopọ ìmúwàníhìn àwọn kòńgẹ́ ní àwọn ìpele ilẹ̀ kan pẹ̀lú àwọn ipò ìgbà àtijọ́ àti ti ìgbà lọ́wọ́lọ́wọ́**: Ìdáhùn náà kò yẹ̀ ìdáhùn tí ó ní ìṣàwárí pé àwọn ọmọdé máa fi ìwàdéèdèé wọn láti mú ìwàdéèdèé wọn sí àwọn ẹ̀dá tí wọn ń wà ní, àti pé wọn máa fi ìwàdéèdèé wọn láti mú ìwàdéèdèé wọn sí àwọn ẹ̀dá tí wọn ń wà ní. 
- **C. Sáàbò, láti oríṣiríṣi àwọn àkọsílẹ̀ ẹfun ilẹ̀ tí ó wà fún ẹ̀dá kan, àwọn ìwà ẹ̀dá tí ó jẹ́ ti irúgbìn náà**: Ìdáhùn náà kò yẹ̀ ìdáhùn tí ó ní ìṣàwárí pé àwọn ọmọdé máa fi ìwàdéèdèé wọn láti mú ìwàdéèdèé wọn sí àwọn ẹ̀dá tí wọn ń wà ní, àti pé wọn máa fi ìwàdéèdèé wọn láti mú ìwàdéèdèé wọn sí àwọn ẹ̀dá tí wọn ń wà ní. 

**Ìdáhùn tí yẹ̀:**
- **D. Fiwera àwọn àkòyé ìbámu nínú oríṣiríṣi ẹ̀dá alààyè, bí àpẹẹrẹ, àyípadà iwájú apá ewurẹ́ òkun (whale) àti ìyẹ́ àdán**: Ìdáhùn náà yẹ̀ ìdáhùn tí ó ní ìṣàwárí pé àwọn ọmọdé máa fi ìwàdéèdèé wọn láti mú ìwàdéèdèé wọn sí àwọn ẹ̀dá tí wọn ń wà ní, àti pé wọn máa fi ìwàdéèdèé wọn láti mú ìwàdéèdèé wọn sí àwọn ẹ̀dá tí wọn ń wà ní. 

**Ìdáhùn tí yẹ̀:**
- **D. Fiwera àwọn àkòyé ìbámu nínú oríṣiríṣi ẹ̀dá alààyè, bí àpẹẹrẹ, àyípadà iwájú apá ewurẹ́ òkun (whale) àti ìyẹ́ àdán**: Ìdáhùn náà yẹ̀ ìdáhùn tí ó ní ìṣàwárí pé àwọn ọmọdé máa fi ìwàdéèdèé wọn láti mú ìwàdéèdèé wọn sí àwọn ẹ̀dá tí wọn ń wà ní, àti pé wọn máa fi ìwàdéèdèé wọn láti mú ìwàdéèdèé wọn sí àwọn ẹ̀dá tí wọn ń wà ní. 

**Ìdáhùn tí yẹ̀:**
- **D. Fiwera àwọn àkòyé ìbámu nínú oríṣiríṣi ẹ̀dá alààyè, bí àpẹẹrẹ, àyípadà iwájú apá ewurẹ́ òkun (whale) àti ìyẹ́ àdán**: Ìdáhùn náà yẹ̀ ìdáhùn tí ó ní ìṣàwárí pé àwọn ọmọdé máa fi ìwàdéèdèé wọn láti mú ìwàdéèdèé wọn sí àwọn ẹ̀dá tí wọn ń wà ní, àti pé wọn máa fi ìwàdéèdèé wọn láti mú ìwàdéèdèé wọn sí àwọn ẹ̀dá tí wọn ń wà ní. 

**Ìdáhùn tí yẹ̀:**
- **D. Fiwera àwọn àkòyé ìbámu nínú oríṣiríṣi ẹ̀dá alààyè, bí àpẹẹrẹ, àyípadà iwájú apá ewurẹ́ òkun (whale) àti ìyẹ́ àdán**: Ìdáhùn náà yẹ̀ ìdáhùn tí ó ní ìṣàwárí pé àwọn ọmọdé máa fi ìwàdéèdèé wọn láti mú ìwàdéèdèé wọn sí àwọn ẹ̀dá tí wọn ń wà ní, àti pé wọn máa fi ìwàdéèdèé wọn láti mú ìwàdéèdèé wọn sí àwọn ẹ̀dá tí wọn ń wà ní. 

**Ìdáhùn tí yẹ̀:**
- **D. Fiwera àwọn àkòyé ìbámu nínú oríṣiríṣi ẹ̀dá alààyè, bí àpẹẹrẹ, àyípadà iwájú apá ewurẹ́ òkun (whale) àti ìyẹ́ àdán**: Ìdáhùn náà yẹ̀ ìdáhùn tí ó ní ìṣàwárí pé àwọn ọmọdé máa fi ìwàdéèdèé wọn láti mú ìwàdéèdèé wọn sí àwọn ẹ̀dá tí wọn ń wà ní, àti pé wọn máa fi ìwàdéèdèé wọn láti mú ìwàdéèdèé wọn sí àwọn ẹ̀dá tí wọn ń wà ní. 

**Ìdáhùn tí yẹ̀:**
- **D. Fiwera àwọn àkòyé ìbámu nínú oríṣiríṣi ẹ̀dá alààyè, bí àpẹẹrẹ, àyípadà iwájú apá ewurẹ́ òkun (whale) àti ìyẹ́ àdán**: Ìdáhùn náà yẹ̀ ìdáhùn tí ó ní ìṣàwárí pé àwọn ọmọdé máa fi ìwàdéèdèé wọn láti mú ìwàdéèdèé wọn sí àwọn ẹ̀dá tí wọn ń wà ní, àti pé wọn máa fi ìwàdéèdèé wọn láti mú ìwàdéèdèé wọn sí àwọn ẹ̀dá tí wọn ń wà ní. 

**Ìdáhùn tí yẹ̀:**
- **D. Fiwera àwọn àkòyé ìbámu nínú oríṣiríṣi ẹ̀dá alààyè, bí àpẹẹrẹ, àyípadà iwájú apá ewurẹ́ òkun (whale) àti ìyẹ́ àdán**: Ìdáhùn náà yẹ̀ ìdáhùn tí ó ní ìṣàwárí pé àwọn ọmọdé máa fi ìwàdéèdèé wọn láti mú ìwàdéèdèé wọn sí àwọn ẹ̀dá tí wọn ń wà ní, àti pé wọn máa fi ìwàdéèdèé wọn láti mú ìwàdéèdèé wọn sí àwọn ẹ̀dá tí wọn ń wà ní. 

**Ìdáhùn tí yẹ̀:**
- **D. Fiwera àwọn àkòyé ìbámu nínú oríṣiríṣi ẹ̀dá alààyè, bí àpẹẹrẹ, àyípadà iwájú apá ewurẹ́ òkun (whale) àti ìyẹ́ àdán**: Ìdáhùn náà yẹ̀ ìdáhùn tí ó ní ìṣàwárí pé àwọn ọmọdé máa fi ìwàdéèdèé wọn láti mú ìwàdéèdèé wọn sí àwọn ẹ̀dá tí wọn ń wà ní, àti pé wọn máa fi ìwàdéèdèé wọn láti mú ìwàdéèdèé wọn sí àwọn ẹ̀dá tí wọn ń wà ní. 

**Ìdáhùn tí yẹ̀:**
- **D. Fiwera àwọn àkòyé ìbámu nínú oríṣiríṣi ẹ̀dá alààyè, bí àpẹẹrẹ, àyípadà iwájú apá ewurẹ́ òkun (whale) àti ìyẹ́ àdán**: Ìdáhùn náà yẹ̀ ìdáhùn tí ó ní ìṣàwárí pé àwọn ọmọdé máa fi ìwàdéèdèé wọn láti mú ìwàdéèdèé wọn sí àwọn ẹ̀dá tí wọn ń wà ní, àti pé wọn máa fi ìwàdéèdèé wọn láti mú ìwàdéèdèé wọn sí àwọn ẹ̀dá tí wọn ń wà ní. 

**Ìdáhùn tí yẹ̀:**
- **D. Fiwera àwọn àkòyé ìbámu nínú oríṣiríṣi ẹ̀dá alààyè, bí àpẹẹrẹ, àyípadà iwájú apá ewurẹ́ òkun (whale) àti ìyẹ́ àdán**: Ìdáhùn náà yẹ̀ ìdáhùn tí ó ní ìṣàwárí pé àwọn ọmọdé máa fi ìwàdéèdèé wọn láti mú ìwàdéèdèé wọn sí àwọn ẹ̀dá tí wọn ń w",True,99.74453949998133,6838,4000,
A,"**Jawọ́: C**

**Ìdáhùn:**  
Àwọn àjòkùn máa ń so mọ́ igi láti lè rí iye ìmọ́lẹ̀, omi, àti àwọn ohun àlùmọ́nì tó tó gbà, láì gba wọn lọ́wọ́ igi náà, tí àjòkùn náà kò sì ní ipa kankan lára rẹ̀.  

**Ìbéèrè gidi:**  
Àwọn àjòkùn (ants) ń mú àwọn èròjà (aphids) láti inú igi, àti wọn ń kọ́ àwọn èròjà tí wọn nílò láti múlò. Àwọn èròjà sì ń gba àwọn ìdọ̀tí (honeydew) tí wọn ń túnjẹ sí inú igi. Bábáyìí, wọn ń múlò láti rí àwọn ìdọ̀tí, àti wọn ń mú àwọn èròjà láti múlò láti inú igi. Ní àwọn ẹ̀kọ́ tí ọmọdé ń ń, àwọn àjòkùn àti èròjà jẹ́ àwọn ìdáhùn tí wọn ń múlò láti rí àwọn ìdọ̀tí, àti wọn ń mú àwọn èròjà láti múlò láti inú igi. Ní àwọn ẹ̀kọ́ tí ọmọdé ń ń, àwọn àjòkùn àti èròjà jẹ́ àwọn ìdáhùn tí wọn ń múlò láti rí àwọn ìdọ̀tí, àti wọn ń mú àwọn èròjà láti múlò láti inú igi. Ní àwọn ẹ̀kọ́ tí ọmọdé ń ń, àwọn àjòkùn àti èròjà jẹ́ àwọn ìdáhùn tí wọn ń múlò láti rí àwọn ìdọ̀tí, àti wọn ń mú àwọn èròjà láti múlò láti inú igi.  

**Ìdáhùn rẹ̀:**  
Àwọn àjòkùn àti èròjà jẹ́ àwọn ìdáhùn tí wọn ń múlò láti rí àwọn ìdọ̀tí, àti wọn ń mú àwọn èròjà láti múlò láti inú igi. Ní àwọn ẹ̀kọ́ tí ọmọdé ń ń, àwọn àjòkùn àti èròjà jẹ́ àwọn ìdáhùn tí wọn ń múlò láti rí àwọn ìdọ̀tí, àti wọn ń mú àwọn èròjà láti múlò láti inú igi.  

**Dúró gẹ́lẹ́:**  
Àwọn àjòkùn àti èròjà jẹ́ àwọn ìdáhùn tí wọn ń múlò láti rí àwọn ìdọ̀tí, àti wọn ń mú àwọn èròjà láti múlò láti inú igi. Ní àwọn ẹ̀kọ́ tí ọmọdé ń ń, àwọn àjòkùn àti èròjà jẹ́ àwọn ìdáhùn tí wọn ń múlò láti rí àwọn ìdọ̀tí, àti wọn ń mú àwọn èròjà láti múlò láti inú igi.",True,27.84837940009311,5001,2039,
B,"**C. Kò sí èyíkéyí nínú àwọn ewéko náà tó hù nítorí pé bó tilẹ̀ jẹ́ pé omi wà fún wọn, wọ́n sì wà ní àyè tí a sé mọ́, kò sí CO2 fún wọn.**

**Ìdáhùn:**
Ní àwọn ìgbésẹ̀ tí a tẹ̀lé, àwọn ewéko A àti B ní àyè tí a sé mọ́ (ìwọ̀n oòrùn) àti kò ní CO2. Nítorí pé CO2 jẹ́ ohun èlò kan tí a lè ṣe ìfọ̀tòsíńtẹ́sísì (photosynthesis), kò sí ìgbésẹ̀ tí a lè ṣe ìfọ̀tòsíńtẹ́sísì nítorí pé wọn kò ní CO2. Nítorí èyí, kò sí èyíkéyí nínú àwọn ewéko náà tó hù. 

**Ìdáhùn tí a lè dáhùn:**
- **Option C** jẹ́ kí a mọ̀ pé kò ní ìgbésẹ̀ tí a lè ṣe ìfọ̀tòsíńtẹ́sísì nítorí pé kò ní CO2, kí wọn kò lè ń hù. 
- Àwọn ìdáhùn A àti B kò jẹ́ nítorí pé wọn tẹ̀lẹ́ láti wí pé àwọn ọ̀nà tí a fi ń mú ìwọ̀n (àwọ̀ yẹ́lò tàbí àwọ̀ búlúù) lè mú ìfọ̀tòsíńtẹ́sísì nítorí pé kò ní CO2. 
- Option D kò jẹ́ nítorí pé wọn tẹ̀lẹ́ láti wí pé wọn ní omi àti ìwọ̀n kan, kí wọn lè ń hù, kí kò ní CO2. 

**Ìṣàwá:**
Nítorí pé kò ní CO2, kò sí ìgbésẹ̀ tí a lè ṣe ìfọ̀tòsíńtẹ́sísì, kí kò sí èyíkéyí nínú àwọn ewéko náà tó hù. **Option C** jẹ́ kí a mọ̀ pé ètò náà.",True,46.89047329989262,4770,1607,
C,"**Jawo: B**  
**Ìdáhùn:** Nígbà tí àwọn ọmọdé ń mú ìwàdéèdèé àwọn àbájáde ìwádìí sílẹ̀ ní méjì méjì, wọn lè lílo àwọn ọ̀nà tí wọn rò pé ó yẹ̀, wọn sì wá wòye iye tí ó fi ṣeé ṣe láti ṣe bẹ́ẹ̀. Ìṣẹ́ yìí jẹ́ ìdáhùn tí ó mú wọn láti ń ṣe ìgbéléwò nínú àwọn ipò ojoojúmọ́, gẹ́gẹ́ bí àwọn ọmọdé lè ń mú àwọn ànímọ́ pàtàkì (dídán, ìwọ̀n, ooru) láti bá sọ nípa onírúurú ọ̀nà tí a fi ń ya àdàlù. Ní àwọn ìdáhùn tí wọn ń mú ìwàdéèdèé sílẹ̀, wọn lè ń ṣe ìdáláre, ń mú àwọn ìlànà wọn, àti ń wòye iye tí wọn ń ṣeé ṣe, tí ó mú wọn láti ń fọwọ́ kàn àti ń múlò sí àwọn ìlànà tí ó yẹ̀ láti ń mú ìwàdéèdèé àdàlù. Ìṣẹ́ yìí jẹ́ kí wọn lè ń mú àwọn ànímọ́ pàtàkì láti bá sọ nípa onírúurú ọ̀nà tí a fi ń ya àdàlù, tí ó jẹ́ ìdáhùn tí olùkọ́ náà fẹ́ láti sọ̀rọ̀ lórí.  

**Ìdáhùn gidi:**  
- **Ìdáhùn B** mú wọn láti ń mú àwọn ìlànà tí wọn rò pé ó yẹ̀, tí ó jẹ́ ìdáhùn tí ó mú wọn láti ń mú àwọn ànímọ́ pàtàkì láti bá sọ nípa onírúurú ọ̀nà tí a fi ń ya àdàlù.  
- **Ìdáhùn A** (pinnu ọ̀nà sílẹ̀) kò mú wọn láti ń mú àwọn ìlànà wọn, tí ó jẹ́ ìdáhùn tí ó mú wọn láti ń mú àwọn ànímọ́ pàtàkì láti bá sọ nípa onírúurú ọ̀nà tí a fi ń ya àdàlù.  
- **Ìdáhùn C** (tẹ̀lé ìlànà tí olùkọ́ fihàn) kò mú wọn láti ń mú àwọn ìlànà wọn, tí ó jẹ́ ìdáhùn tí ó mú wọn láti ń mú àwọn ànímọ́ pàtàkì láti bá sọ nípa onírúurú ọ̀nà tí a fi ń ya àdàlù.  
- **Ìdáhùn D** (tẹ̀lé ìlànà tí olùkọ́ fihàn) kò mú wọn láti ń mú àwọn ìlànà wọn, tí ó jẹ́ ìdáhùn tí ó mú wọn láti ń mú àwọn ànímọ́ pàtàkì láti bá sọ nípa onírúurú ọ̀nà tí a fi ń ya àdàlù.  

**Ìdáhùn B** jẹ́ kí wọn lè ń mú àwọn ànímọ́ pàtàkì láti bá sọ nípa onírúurú ọ̀nà tí a fi ń ya àdàlù, tí ó jẹ́ ìdáhùn tí olùkọ́ náà fẹ́ láti sọ̀rọ̀ lórí.",True,38.330676400102675,4220,1491,
B,"**D. Ní àkókò eré ọfẹ́ nínú àgbàlá, Soledad pa àwọn irúgbìn díẹ̀ ní ọwọ́ rẹ̀, ó sì sọ pé: Ó ń gún!**

### **Ìdílùn:**
Àwọn ọmọdé ní preschool (ilé-ẹ̀kọ́ kékeré) nílò láti ṣe ìgbéléwò nínú àwọn ipò ojoojúmọ́ láti mọ̀ àwọn ànímọ́ pàtàkì tí àwọn ohun èlò àdánidá tí wọ́n ṣe àwárí rẹ̀. Àwọn ìbéèrè tí wọ́n máa tẹ̀lé nípa **ìdáhùn ìyàtọ̀** (ìdáhùn tí wọ́n lè dá ìyàtọ̀ sí nípa ohun tí wọ́n rí) ní àwọn ipò tí wọ́n ń múlò láti mọ̀ pé wọ́n ti dé ibi ète ẹ̀kọ́ tí wọ́n yàn. 

### **Ìdílùn ìdáhùn nínú àwọn ìbéèrè wọ̀nyí:**
- **A. Santiago ya àwọn òkúta oríṣiríṣi ìwọ̀n**  
  (Ọ̀nà fọwọ́ láti mú ìwọ̀n, kò ní ìyàtọ̀ nípa ohun tí wọ́n rí.)

- **B. Pablo rí àfihàn ara rẹ̀ àti sọ pé: Wò ó, Pablo!**  
  (Ọ̀nà múlò láti mú àfihàn, kò ní ìyàtọ̀ nípa ohun tí wọ́n rí.)

- **C. María kó onírúurú ewé igi sínú apẹ̀rẹ̀**  
  (Ọ̀nà múlò láti mú onírúurú, kò ní ìyàtọ̀ nípa ohun tí wọ́n rí.)

- **D. Soledad rí àwọn irúgbìn díẹ̀ (ìwọ̀n) àti sọ pé: Ó ń gún!**  
  (Ọ̀nà tí wọ́n **rí irúgbìn** (ìwọ̀n) àti **sọ nípa ohun tí wọ́n rí**, kòtẹ̀lé ìyàtọ̀ sí nípa ohun tí wọ́n rí. Wọ́n ti **dé ibi ète ẹ̀kọ́** tí wọ́n yàn (ìwọ̀n) àti **sọ nípa ohun tí wọ́n rí**.)

### **Ìdílùn ìdáhùn tí D kòtẹ̀lé:**
- **Ìyàtọ̀ sí nípa ohun tí wọ́n rí** (ìwọ̀n).
- **Ìdáhùn ìyàtọ̀** tí wọ́n máa tẹ̀lé nípa **ìwọ̀n**.
- **Ìdáhùn ìṣàwárí** tí wọ́n máa tẹ̀lé nípa **ìwọ̀n** (sọ pé ó ń gún).

### **Ìdílùn ìdáhùn tí àwọn ìbéèrè wọn kò kòtẹ̀lé:**
- **Kò ní ìyàtọ̀ sí nípa ohun tí wọ́n rí** (A, B, C).
- **Kò ní ìdáhùn ìyàtọ̀** tí wọ́n máa tẹ̀lé nípa **ìwọ̀n** (A, B, C).

### **Ìdílùn ìdáhùn tí D kòtẹ̀lé:**
- **D** kòtẹ̀lé **ìdáhùn ìyàtọ̀** tí wọ́n máa tẹ̀lé nípa **ìwọ̀n**.
- **D** kòtẹ̀lé **ìdáhùn ìṣàwárí** tí wọ́n máa tẹ̀lé nípa **ìwọ̀n**.

### **Ìdílùn ìdáhùn tí D kòtẹ̀lé:**
- **D** kòtẹ̀lé **ìdáhùn ìyàtọ̀** tí wọ́n máa tẹ̀lé nípa **ìwọ̀n**.
- **D** kòtẹ̀lé **ìdáhùn ìṣàwárí** tí wọ́n máa tẹ̀lé nípa **ìwọ̀n**.

### **Ìdílùn ìdáhùn tí D kòtẹ̀lé:**
- **D** kòtẹ̀lé **ìdáhùn ìyàtọ̀** tí wọ́n máa tẹ̀lé nípa **ìwọ̀n**.
- **D** kòtẹ̀lé **ìdáhùn ìṣàwárí** tí wọ́n máa tẹ̀lé nípa **ìwọ̀n**.

### **Ìdílùn ìdáhùn tí D kòtẹ̀lé:**
- **D** kòtẹ̀lé **ìdáhùn ìyàtọ̀** tí wọ́n máa tẹ̀lé nípa **ìwọ̀n**.
- **D** kòtẹ̀lé **ìdáhùn ìṣàwárí** tí wọ́n máa tẹ̀lé nípa **ìwọ̀n**.

### **Ìdílùn ìdáhùn tí D kòtẹ̀lé:**
- **D** kòtẹ̀lé **ìdáhùn ìyàtọ̀** tí wọ́n máa tẹ̀lé nípa **ìwọ̀n**.
- **D** kòtẹ̀lé **ìdáhùn ìṣàwárí** tí wọ́n máa tẹ̀lé nípa **ìwọ̀n**.

### **Ìdílùn ìdáhùn tí D kòtẹ̀lé:**
- **D** kòtẹ̀lé **ìdáhùn ìyàtọ̀** tí wọ́n máa tẹ̀lé nípa **ìwọ̀n**.
- **D** kòtẹ̀lé **ìdáhùn ìṣàwárí** tí wọ́n máa tẹ̀lé nípa **ìwọ̀n**.

### **Ìdílùn ìdáhùn tí D kòtẹ̀lé:**
- **D** kòtẹ̀lé **ìdáhùn ìyàtọ̀** tí wọ́n máa tẹ̀lé nípa **ìwọ̀n**.
- **D** kòtẹ̀lé **ìdáhùn ìṣàwárí** tí wọ́n máa tẹ̀lé nípa **ìwọ̀n**.

### **Ìdílùn ìdáhùn tí D kòtẹ̀lé:**
- **D** kòtẹ̀lé **ìdáhùn ìyàtọ̀** tí wọ́n máa tẹ̀lé nípa **ìwọ̀n**.
- **D** kòtẹ̀lé **ìdáhùn ìṣàwárí** tí wọ́n máa tẹ̀lé nípa **ìwọ̀n**.

### **Ìdílùn ìdáhùn tí D kòtẹ̀lé:**
- **D** kòtẹ̀lé **ìdáhùn ìyàtọ̀** tí wọ́n máa tẹ̀lé nípa **ìwọ̀n**.
- **D** kòtẹ̀lé **ìdáhùn ìṣàwárí** tí wọ́n máa tẹ̀lé nípa **ìwọ̀n**.

### **Ìdílùn ìdáhùn tí D kòtẹ̀lé:**
- **D** kòtẹ̀lé **ìdáhùn ìyàtọ̀** tí wọ́n máa tẹ̀lé nípa **ìwọ̀n**.
- **D** kòtẹ̀lé **ìdáhùn ìṣàwárí** tí wọ́n máa tẹ̀lé nípa **ìwọ̀n**.

### **Ìdílùn ìdáhùn tí D kòtẹ̀lé:**
- **D** kòtẹ̀lé **ìdáhùn ìyàtọ̀** tí wọ́n máa tẹ̀lé nípa **ìwọ̀n**.
- **D** kòtẹ̀lé **ìdáhùn ìṣàwárí** tí wọ́n máa tẹ̀lé nípa **ìwọ̀n**.

### **Ìdílùn ìdáhùn tí D kòtẹ̀lé:**
- **D** kòtẹ̀lé **ìdáhùn ìyàtọ̀** tí wọ́n máa tẹ̀lé nípa **ìwọ̀n**.
- **D** kòtẹ̀lé **ìdáhùn ìṣàwárí** tí wọ́n máa tẹ̀lé nípa **ìwọ̀n**.

### **Ìdílùn ìdáhùn tí D kòtẹ̀lé:**
- **D** kòtẹ̀lé **ìdáhùn ìyàtọ̀** tí wọ́n máa tẹ̀lé nípa **ìwọ̀n**.
- **D** kòtẹ̀lé **ìdáhùn ìṣàwárí** tí wọ́n máa tẹ̀lé nípa **ìwọ̀n**.

### **Ìdílùn ìdáhùn tí D kòtẹ̀lé:**
- **D** kòtẹ̀lé **ìdáhùn ìyàtọ̀** tí wọ́n máa tẹ̀lé nípa **ìwọ̀n**.
- **D** kòtẹ̀lé **ìdáhùn ìṣàwárí** tí wọ́n máa tẹ̀lé nípa **ìwọ̀n**.

### **Ìdílùn ìdáhùn tí D kòtẹ̀lé:**
- **D** kòtẹ̀lé **ìdáhùn ìyàtọ̀** tí wọ́n máa tẹ̀lé nípa **ìwọ̀n**.
- **D** kòtẹ̀lé **ìdáhùn ìṣàwárí** tí wọ́n máa tẹ̀lé nípa **ìwọ̀n**.

### **Ìdílùn ìdáhùn tí D kòtẹ̀lé:**
- **D** kòtẹ̀lé **ìdáhùn ìyàtọ̀** tí wọ́n máa tẹ̀lé nípa **ìwọ̀n**.
- **D** kòtẹ̀lé **ìdáhùn ìṣàwárí** tí wọ́n máa tẹ̀lé nípa **ìwọ̀n**.

### **Ìdílùn ìdáhùn tí D kòtẹ̀lé:**
- **D** kòtẹ̀lé **ìdáhùn ìyàtọ̀** tí wọ́n máa tẹ̀lé nípa **ìwọ̀n**.
- **D** kòtẹ̀lé **ìdáhùn ìṣàwárí** tí wọ́n máa tẹ̀lé nípa **ìwọ̀n**.

### **Ìdílùn ìdáhùn tí D kòtẹ̀lé:**
- **D** kòtẹ̀lé **ìdáhùn ìyàtọ̀** tí wọ́n máa tẹ̀lé nípa **ìwọ̀n**.
- **D** kòtẹ̀lé **ìdáhùn ìṣàwárí** tí wọ́n máa tẹ̀lé nípa **ìwọ̀n**.

### **Ìdílùn ìdáhùn tí D kòtẹ̀lé:**
- **D** kòtẹ̀lé **ìdáhùn ìyàtọ̀** tí wọ́n máa tẹ̀lé nípa **ìwọ̀n**.
- **D** kòtẹ̀lé **ìdáhùn ìṣàwárí** tí wọ́n máa tẹ̀lé nípa **ìwọ̀n**.

### **Ìdílùn ìdáhùn tí D kòtẹ̀lé:**
- **D** kòtẹ̀lé **ìdáhùn ìyàtọ̀** tí wọ́n máa tẹ̀lé nípa **ìwọ̀n**.
- **D** kòtẹ̀lé **ìdáhùn ìṣàwárí** tí wọ́n máa tẹ̀lé nípa **ìwọ̀n**.

### **Ìdílùn ìdáhùn tí D kòtẹ̀lé:**
- **D** kòtẹ̀lé **ìdáhùn ìyàtọ̀** tí wọ́n máa tẹ̀lé nípa **ìwọ̀n**.
- **D** kòtẹ̀lé **ìdáhùn ìṣàwárí** tí wọ́n máa tẹ̀lé nípa **ìwọ̀n**.

### **Ìdílùn ìdáhùn tí D kòtẹ̀lé:**
- **D** kòtẹ̀lé **ìdáhùn ìyàtọ̀** tí wọ́n máa tẹ̀lé nípa **ìwọ̀n**.
- **D** kòtẹ̀lé **ìdáhùn ìṣàwárí** tí wọ́n máa tẹ̀lé nípa **ìwọ̀n**.

### **Ìdílùn ìdáhùn tí D kòtẹ̀lé:**
- **D** kòtẹ̀lé **ìdáhùn ìyàtọ̀** tí wọ́n máa tẹ",True,50.03250480000861,6644,4000,
B,"**Jawọ́:**  
**B. Ṣe àlàyé bí àwọn hòòlòònù hypothalamic ṣe ń ṣàkóso ìyípo àwọn ẹ̀yin (ovarian) àti ti ilé ọlẹ̀ (uterine) obìnrin.**

---

**Ìdáhùn Gẹ́gẹ́:**  
GnRH (Gonadotropin-releasing hormone) ni ẹ̀yin tí a ṣe sílẹ̀ ní ilé ọlẹ̀ hypothalamus, àti ó ní ìṣẹ̀lẹ̀ kí a ṣe ń ṣàkóso ẹ̀yin Luteinizing Hormone (LH) àti Follicle-Stimulating Hormone (FSH) láti ilé ọlẹ̀ pituitary. Àwọn ẹ̀yin wọ̀nyí ní ìṣẹ̀lẹ̀ kí a ṣe ń ṣàkóso ìyípo àwọn ẹ̀yin (ovarian) àti ilé ọlẹ̀ (uterine) ní àwọn ọmọdé obìnrin. Ní àwọn ẹ̀yin tí a ṣe ń ṣàkóso, àwọn ẹ̀yin ovarian (ògùn, estrogen) àti ẹ̀yin uterine (progesterone) ní ìṣẹ̀lẹ̀ kí a ṣe ń ṣàkóso ìyípo àwọn ìṣẹ̀lẹ̀ ní àyíká obìnrin, kí a ṣe ń ṣàkóso ìdàgbàsókè (puberty) àti àyíká ẹ̀yin (menstrual cycle). 

**Option B** ní ìdáhùn tí ó tẹ̀lé lórí ìṣẹ̀lẹ̀ GnRH láti ń ṣàkóso ìyípo àwọn ẹ̀yin àti ilé ọlẹ̀ obìnrin, kí a ṣe ń ṣàkóso àwọn ìṣẹ̀lẹ̀ tí ó ní ìṣẹ̀lẹ̀ kí a ṣe ń ṣàkóso ìdàgbàsókè àti àyíká ẹ̀yin. Àwọn option wọn (A, C, D) ní ìdáhùn tí ó tẹ̀lé lórí àwọn ìṣẹ̀lẹ̀ tí ó ní ìṣẹ̀lẹ̀ kí a ṣe ń ṣàkóso nígbà tí àwọn ẹ̀yin LH/FSH ti ṣe ń ṣàkóso, kí a ṣe ń ṣàkóso àwọn ìṣẹ̀lẹ̀ ní àyíká obìnrin, kí a ṣe ń ṣàkóso ìdàgbàsókè àti àyíká ẹ̀yin. 

**Option B** ni ìdáhùn tí ó tẹ̀lé lórí ìṣẹ̀lẹ̀ GnRH láti ń ṣàkóso ìyípo àwọn ẹ̀yin àti ilé ọlẹ̀ obìnrin, kí a ṣe ń ṣàkóso àwọn ìṣẹ̀lẹ̀ tí ó ní ìṣẹ̀lẹ̀ kí a ṣe ń ṣàkóso ìdàgbàsókè àti àyíká ẹ̀yin.",True,46.517170400125906,4538,1538,
B,"**Dáhùn ìbéèrè gidi tí ó tẹ̀lé e ní lílo irú ọ̀nà ìdáhùn kan náà:**

**D. Iwọnlilo awọn awoṣe ti awọn ọmọ ile-iwe kọ lori awọn ilana iṣẹ ti awọn oogun iwọrọ ni ipele awọn imuni kemikali**

**Ìdáhùn rẹ̀:**  
Ìgbésẹ̀ D jẹ́ irú iṣẹ́ tí ó dára kí olùkọ́ lè ṣeé ṣe láti mọ̀ àwọn onírúurú ohun tí ó lè yí padà nínú ìwádìí. Ní àwọn èròjà òògùn, àwọn akẹ́kọ̀ọ́ máa ṣe ìwádìí láti mọ̀ àwọn ohun tí ó nípá lórí mímu ọtí nígbà èwe. Ìgbésẹ̀ D fi àwọn ọmọ ile-iwe (àwọn akẹ́kọ̀ọ́) kọ̀ láti wò àwọn ilana iṣẹ́ tí àwọn oogun iwọrọ̀ ní (ìwádìí) láti mọ̀ àwọn imuni kemikali tí wọ́n ń tẹ̀lé. Ní wẹ̀, wọ́n máa ṣe ìwádìí láti mọ̀ pé wọ́n kí wọ́n máa ṣe ìdánilójú láti mọ̀ àwọn ohun tí ó nípá lórí mímu ọtí nígbà èwe.  

**Pèsè lẹ́tà fún ìdáhùn rẹ̀:**  
- **Ìgbésẹ̀ D** fi àwọn akẹ́kọ̀ọ́ kọ̀ láti wò àwọn ilana iṣẹ́ tí àwọn oogun iwọrọ̀ ní (ìwádìí) láti mọ̀ àwọn imuni kemikali tí wọ́n ń tẹ̀lé.  
- Ní wẹ̀, wọ́n máa ṣe ìwádìí láti mọ̀ pé wọ́n kí wọ́n máa ṣe ìdánilójú láti mọ̀ àwọn ohun tí ó nípá lórí mímu ọtí nígbà èwe.  
- Ìgbésẹ̀ D jẹ́ irú iṣẹ́ tí ó dára kí olùkọ́ lè ṣeé ṣe láti mọ̀ àwọn onírúurú ohun tí ó lè yí padà nínú ìwádìí.  

**Dúró gẹ́lẹ́ lẹ́yìn lẹ́tà náà:**  
Ìgbésẹ̀ D jẹ́ irú iṣẹ́ tí ó dára kí olùkọ́ lè ṣeé ṣe láti mọ̀ àwọn onírúurú ohun tí ó lè yí padà nínú ìwádìí. Ní àwọn èròjà òògùn, àwọn akẹ́kọ̀ọ́ máa ṣe ìwádìí láti mọ̀ àwọn ohun tí ó nípá lórí mímu ọtí nígbà èwe. Ìgbésẹ̀ D fi àwọn ọmọ ile-iwe (àwọn akẹ́kọ̀ọ́) kọ̀ láti wò àwọn ilana iṣẹ́ tí àwọn oogun iwọrọ̀ ní (ìwádìí) láti mọ̀ àwọn imuni kemikali tí wọ́n ń tẹ̀lé. Ní wẹ̀, wọ́n máa ṣe ìwádìí láti mọ̀ pé wọ́n kí wọ́n máa ṣe ìdánilójú láti mọ̀ àwọn ohun tí ó nípá lórí mímu ọtí nígbà èwe.",True,17.616678999969736,4175,1368,
D,"**Jawo: D. Túmọ̀ àwọn ìdánwò tó fi hàn pé DNA ni ẹ̀rún alámì tó gbé ìwífún àbùdá**

**Ìdáhùn:**

Olùkọ́ náà fẹ́ kí àwọn akẹ́kọ̀ọ́ rẹ̀ mọ̀ sáyẹ́ǹsì gẹ́gẹ́ bí ọ̀nà títẹ̀síwájú nínú ìkọ́lé ẹ̀kọ́. Ìṣẹ́ tí ó ní kí wọ́n ṣe ni **túmọ̀ àwọn ìdánwò tó fi hàn pé DNA ni ẹ̀rún alámì tó gbé ìwífún àbùdá** (ìdánwò tí Friedrich Miescher, Robert Feulgen, Frederick Griffith, Oswald Avery, Hershey, Chase, àti àwọn èròjà wọ̀nyí wàà ṣe) **lè mú àwọn akẹ́kọ̀ọ́ láti mọ̀ ọ̀nà tí ẹ̀kọ́ yìí ti ń tẹ̀síwájú**. 

- **Ìdánwò tí àwọn èròjà wọ̀nyí wàà ṣe** (kan ẹ̀wà Miescher tí ó wàà fún DNA, Griffith tí ó wàà fún ìwífún àbùdá láti DNA, Avery tí ó wàà fún DNA nípò ìwífún, Hershey àti Chase tí ó wàà fún DNA nípò ìwífún ní àgbàlá) **ní ìpàtàkì láti mú àwọn akẹ́kọ̀ọ́ láti mọ̀ ọ̀nà tí ẹ̀kọ́ yìí ti ń tẹ̀síwájú**. 
- **Ìṣẹ́ D** **lè mú àwọn akẹ́kọ̀ọ́ láti mọ̀ ọ̀nà tí ẹ̀kọ́ yìí ti ń tẹ̀síwájú** nípa **ìdánwò tí àwọn èròjà wọ̀nyí wàà ṣe**, ó **lè mú wọn láti mọ̀ ọ̀nà tí DNA ti ń gbé ìwífún àbùdá** nípa **ìdánwò tí wọ́n wàà ṣe**. 

**Ìṣẹ́ wọn wànyí kò lè mú àwọn akẹ́kọ̀ọ́ láti mọ̀ ọ̀nà tí ẹ̀kọ́ yìí ti ń tẹ̀síwájú:**
- **A** (ṣe àlàyé àwòrán DNA) àti **C** (ṣe àlàyé àwòrán DNA àti ìbáṣepọ̀ rẹ̀) **ní ìpàtàkì láti mú àwọn akẹ́kọ̀ọ́ láti mọ̀ ẹ̀rún DNA**, kòtò **kò lè mú wọn láti mọ̀ ọ̀nà tí ẹ̀kọ́ yìí ti ń tẹ̀síwájú**.
- **B** (ṣe àlàyé àwọn ìpele ìṣànwọlé ìwífún àbùdá) **ní ìpàtàkì láti mú àwọn akẹ́kọ̀ọ́ láti mọ̀ ẹ̀rún DNA**, kòtò **kò lè mú wọn láti mọ̀ ọ̀nà tí ẹ̀kọ́ yìí ti ń tẹ̀síwájú**.

**Ìṣẹ́ D** **lè mú àwọn akẹ́kọ̀ọ́ láti mọ̀ ọ̀nà tí ẹ̀kọ́ yìí ti ń tẹ̀síwájú** nípa **ìdánwò tí àwọn èròjà wọ̀nyí wàà ṣe**, ó **lè mú wọn láti mọ̀ ọ̀nà tí DNA ti ń gbé ìwífún àbùdá** nípa **ìdánwò tí wọ́n wàà ṣe**. 

**Ìṣẹ́ D** **lè mú àwọn akẹ́kọ̀ọ́ láti mọ̀ ọ̀nà tí ẹ̀kọ́ yìí ti ń tẹ̀síwájú** nípa **ìdánwò tí àwọn èròjà wọ̀nyí wàà ṣe**, ó **lè mú wọn láti mọ̀ ọ̀nà tí DNA ti ń gbé ìwífún àbùdá** nípa **ìdánwò tí wọ́n wàà ṣe**. 

**Ìṣẹ́ D** **lè mú àwọn akẹ́kọ̀ọ́ láti mọ̀ ọ̀nà tí ẹ̀kọ́ yìí ti ń tẹ̀síwájú** nípa **ìdánwò tí àwọn èròjà wọ̀nyí wàà ṣe**, ó **lè mú wọn láti mọ̀ ọ̀nà tí DNA ti ń gbé ìwífún àbùdá** nípa **ìdánwò tí wọ́n wàà ṣe**. 

**Ìṣẹ́ D** **lè mú àwọn akẹ́kọ̀ọ́ láti mọ̀ ọ̀nà tí ẹ̀kọ́ yìí ti ń tẹ̀síwájú** nípa **ìdánwò tí àwọn èròjà wọ̀nyí wàà ṣe**, ó **lè mú wọn láti mọ̀ ọ̀nà tí DNA ti ń gbé ìwífún àbùdá** nípa **ìdánwò tí wọ́n wàà ṣe**. 

**Ìṣẹ́ D** **lè mú àwọn akẹ́kọ̀ọ́ láti mọ̀ ọ̀nà tí ẹ̀kọ́ yìí ti ń tẹ̀síwájú** nípa **ìdánwò tí àwọn èròjà wọ̀nyí wàà ṣe**, ó **lè mú wọn láti mọ̀ ọ̀nà tí DNA ti ń gbé ìwífún àbùdá** nípa **ìdánwò tí wọ́n wàà ṣe**. 

**Ìṣẹ́ D** **lè mú àwọn akẹ́kọ̀ọ́ láti mọ̀ ọ̀nà tí ẹ̀kọ́ yìí ti ń tẹ̀síwájú** nípa **ìdánwò tí àwọn èròjà wọ̀nyí wàà ṣe**, ó **lè mú wọn láti mọ̀ ọ̀nà tí DNA ti ń gbé ìwífún àbùdá** nípa **ìdánwò tí wọ́n wàà ṣe**. 

**Ìṣẹ́ D** **lè mú àwọn akẹ́kọ̀ọ́ láti mọ̀ ọ̀nà tí ẹ̀kọ́ yìí ti ń tẹ̀síwájú** nípa **ìdánwò tí àwọn èròjà wọ̀nyí wàà ṣe**, ó **lè mú wọn láti mọ̀ ọ̀nà tí DNA ti ń gbé ìwífún àbùdá** nípa **ìdánwò tí wọ́n wàà ṣe**. 

**Ìṣẹ́ D** **lè mú àwọn akẹ́kọ̀ọ́ láti mọ̀ ọ̀nà tí ẹ̀kọ́ yìí ti ń tẹ̀síwájú** nípa **ìdánwò tí àwọn èròjà wọ̀nyí wàà ṣe**, ó **lè mú wọn láti mọ̀ ọ̀nà tí DNA ti ń gbé ìwífún àbùdá** nípa **ìdánwò tí wọ́n wàà ṣe**. 

**Ìṣẹ́ D** **lè mú àwọn akẹ́kọ̀ọ́ láti mọ̀ ọ̀nà tí ẹ̀kọ́ yìí ti ń tẹ̀síwájú** nípa **ìdánwò tí àwọn èròjà wọ̀nyí wàà ṣe**, ó **lè mú wọn láti mọ̀ ọ̀nà tí DNA ti ń gbé ìwífún àbùdá** nípa **ìdánwò tí wọ́n wàà ṣe**. 

**Ìṣẹ́ D** **lè mú àwọn akẹ́kọ̀ọ́ láti mọ̀ ọ̀nà tí ẹ̀kọ́ yìí ti ń tẹ̀síwájú** nípa **ìdánwò tí àwọn èròjà wọ̀nyí wàà ṣe**, ó **lè mú wọn láti mọ̀ ọ̀nà tí DNA ti ń gbé ìwífún àbùdá** nípa **ìdánwò tí wọ́n wàà ṣe**. 

**Ìṣẹ́ D** **lè mú àwọn akẹ́kọ̀ọ́ láti mọ̀ ọ̀nà tí ẹ̀kọ́ yìí ti ń tẹ̀síwájú** nípa **ìdánwò tí àwọn èròjà wọ̀nyí wàà ṣe**, ó **lè mú wọn láti mọ̀ ọ̀nà tí DNA ti ń gbé ìwífún àbùdá** nípa **ìdánwò tí wọ́n wàà ṣe**. 

**Ìṣẹ́ D** **lè mú àwọn akẹ́kọ̀ọ́ láti mọ̀ ọ̀nà tí ẹ̀kọ́ yìí ti ń tẹ̀síwájú** nípa **ìdánwò tí àwọn èròjà wọ̀nyí wàà ṣe**, ó **lè mú wọn láti mọ̀ ọ̀nà tí DNA ti ń gbé ìwífún àbùdá** nípa **ìdánwò tí wọ́n wàà ṣe**. 

**Ìṣẹ́ D** **lè mú àwọn akẹ́kọ̀ọ́ láti mọ̀ ọ̀nà tí ẹ̀kọ́ yìí ti ń tẹ̀síwájú** nípa **ìdánwò tí àwọn èròjà wọ̀nyí wàà ṣe**, ó **lè mú wọn láti mọ̀ ọ̀nà tí DNA ti ń gbé ìwífún àbùdá** nípa **ìdánwò tí wọ́n wàà ṣe**. 

**Ìṣẹ́ D** **lè mú àwọn akẹ́kọ̀ọ́ láti mọ̀ ọ̀nà tí ẹ̀kọ́ yìí ti ń tẹ̀síwájú** nípa **ìdánwò tí àwọn èròjà wọ̀nyí wàà ṣe**, ó **lè mú wọn láti mọ̀ ọ̀nà tí DNA ti ń gbé ìwífún àbùdá** nípa **ìdánwò tí wọ́n wàà ṣe**. 

**Ìṣẹ́ D** **lè mú àwọn akẹ́kọ̀ọ́ láti mọ̀ ọ̀nà tí ẹ̀kọ́ yìí ti ń tẹ̀síwájú** nípa **ìdánwò tí àwọn èròjà wọ̀nyí wàà ṣe**, ó **lè mú wọn láti mọ̀ ọ̀nà tí DNA ti ń gbé ìwífún àbùdá** nípa **ìdánwò tí wọ́n wàà ṣe**. 

**Ìṣẹ́ D** **lè mú àwọn akẹ́kọ̀ọ́ láti mọ̀ ọ̀nà tí ẹ̀kọ́ yìí ti ń tẹ̀síwájú** nípa **ìdánwò tí àwọn èròjà wọ̀nyí wàà ṣe**, ó **lè mú wọn láti mọ̀ ọ̀nà tí DNA ti ń gbé ìwífún àbùdá** nípa **ìdánwò tí wọ́n wàà ṣe**. 

**Ìṣẹ́ D** **lè mú àwọn akẹ́kọ̀ọ́ láti mọ̀ ọ̀nà tí ẹ̀kọ́ yìí ti ń tẹ̀síwájú** nípa **ìdánwò tí àwọn èròjà wọ̀nyí wàà ṣe**, ó **lè mú wọn láti mọ̀ ọ̀nà tí DNA ti ń gbé ìwífún àbùdá** nípa **ìdánwò tí wọ́n wàà ṣe**. 

**Ìṣẹ́ D** **lè mú àwọn akẹ́kọ̀ọ́ láti mọ̀ ọ̀nà tí ẹ̀kọ́ yìí ti ń tẹ̀síwájú** nípa **ìdánwò tí àwọn èròjà wọ̀nyí wàà ṣe**, ó **lè mú wọn láti mọ̀ ọ̀nà tí DNA ti ń gbé ìwífún àbùdá** nípa **ìdánwò tí wọ́n wàà ṣe**. 

**Ìṣẹ́ D** **lè mú àwọn akẹ́kọ̀ọ́ láti mọ̀ ọ̀nà tí ẹ̀kọ́ yìí ti ń tẹ̀síwájú** nípa **ìdánwò tí àwọn èròjà wọ̀nyí wàà ṣe**, ó **lè mú wọn láti mọ̀ ọ̀nà tí DNA ti ń gbé ìwífún àbùdá** nípa **ìdánwò tí wọ́n wàà ṣe**. 

**Ìṣẹ́ D",True,100.42071930016391,6892,4000,
C,"**A. Ọkan – Meji – Mẹta**

**Explanation:**  
The most effective sequence for teaching this topic follows a logical progression from foundational knowledge to application and deeper understanding.  
1. **Activity 1 (Cell Cycle Worksheet):** Introduces the basic concepts and stages of the cell cycle, providing students with the necessary background.  
2. **Activity 2 (Puzzle on Proliferation and Differentiation):** Builds on the foundational knowledge by applying it to a hands-on activity, helping students visualize and internalize the processes.  
3. **Activity 3 (Genetic Role Discussion):** Concludes with a discussion on the role of genes, which requires prior understanding of the cell cycle and differentiation to make the genetic concepts meaningful.  

This sequence ensures students first grasp the basics, then apply them practically, and finally connect the topic to broader biological principles.",True,20.232901300070807,3653,788,
A,"**Dáhùn ìbéèrè gidi tí ó tẹ̀lé e ní lílo irú ọ̀nà ìdáhùn kan náà:**

**B. Wọ́n ya àdàlù náà sílẹ̀ ní méjì méjì, wọ́n sì lo àwọn ọ̀nà tí wọ́n rò pé ó yẹ, wọ́n sì wá wòye iye tí ó fi ṣeé ṣe láti ṣe bẹ́ẹ̀.**

**Ìdí ìdáhùn:**
Nínú àwọn ẹgbẹ́ méjì méjì, àwọn akẹ́kọ̀ọ́ fi ọ̀nà tí wọ́n rò pé ó yẹ láti mú àdàlù sílẹ̀, wọ́n sì wá wòye iye tí wọ́n ń ṣe láti ṣe bẹ́ẹ̀. Ìṣẹ́ náà ṣe ìgbéléwò àwọn akẹ́kọ̀ọ́ láti ṣe ìdí àwọn ọ̀nà tí wọ́n rò pé ó yẹ, wọ́n sì wá wòye iye tí wọ́n ń ṣe láti ṣe bẹ́ẹ̀. Nítorí èyí, wọ́n máa fọwọ́ sí àwọn ìwòye tí wọ́n ń ṣe láti ṣe bẹ́ẹ̀, wọ́n máa fọwọ́ sí àwọn ìwòye tí wọ́n ń ṣe láti ṣe bẹ́ẹ̀, wọ́n máa fọwọ́ sí àwọn ìwòye tí wọ́n ń ṣe láti ṣe bẹ́ẹ̀. Ìṣẹ́ náà ṣe ìgbéléwò àwọn akẹ́kọ̀ọ́ láti ṣe ìdí àwọn ọ̀nà tí wọ́n rò pé ó yẹ, wọ́n sì wá wòye iye tí wọ́n ń ṣe láti ṣe bẹ́ẹ̀. Nítorí èyí, wọ́n máa fọwọ́ sí àwọn ìwòye tí wọ́n ń ṣe láti ṣe bẹ́ẹ̀, wọ́n máa fọwọ́ sí àwọn ìwòye tí wọ́n ń ṣe láti ṣe bẹ́ẹ̀, wọ́n máa fọwọ́ sí àwọn ìwòye tí wọ́n ń ṣe láti ṣe bẹ́ẹ̀. 

**Ìdí ìdáhùn:**
Nínú àwọn ẹgbẹ́ méjì méjì, àwọn akẹ́kọ̀ọ́ fi ọ̀nà tí wọ́n rò pé ó yẹ láti mú àdàlù sílẹ̀, wọ́n sì wá wòye iye tí wọ́n ń ṣe láti ṣe bẹ́ẹ̀. Ìṣẹ́ náà ṣe ìgbéléwò àwọn akẹ́kọ̀ọ́ láti ṣe ìdí àwọn ọ̀nà tí wọ́n rò pé ó yẹ, wọ́n sì wá wòye iye tí wọ́n ń ṣe láti ṣe bẹ́ẹ̀. Nítorí èyí, wọ́n máa fọwọ́ sí àwọn ìwòye tí wọ́n ń ṣe láti ṣe bẹ́ẹ̀, wọ́n máa fọwọ́ sí àwọn ìwòye tí wọ́n ń ṣe láti ṣe bẹ́ẹ̀, wọ́n máa fọwọ́ sí àwọn ìwòye tí wọ́n ń ṣe láti ṣe bẹ́ẹ̀. 

**Ìdí ìdáhùn:**
Nínú àwọn ẹgbẹ́ méjì méjì, àwọn akẹ́kọ̀ọ́ fi ọ̀nà tí wọ́n rò pé ó yẹ láti mú àdàlù sílẹ̀, wọ́n sì wá wòye iye tí wọ́n ń ṣe láti ṣe bẹ́ẹ̀. Ìṣẹ́ náà ṣe ìgbéléwò àwọn akẹ́kọ̀ọ́ láti ṣe ìdí àwọn ọ̀nà tí wọ́n rò pé ó yẹ, wọ́n sì wá wòye iye tí wọ́n ń ṣe láti ṣe bẹ́ẹ̀. Nítorí èyí, wọ́n máa fọwọ́ sí àwọn ìwòye tí wọ́n ń ṣe láti ṣe bẹ́ẹ̀, wọ́n máa fọwọ́ sí àwọn ìwòye tí wọ́n ń ṣe láti ṣe bẹ́ẹ̀, wọ́n máa fọwọ́ sí àwọn ìwòye tí wọ́n ń ṣe láti ṣe bẹ́ẹ̀. 

**Ìdí ìdáhùn:**
Nínú àwọn ẹgbẹ́ méjì méjì, àwọn akẹ́kọ̀ọ́ fi ọ̀nà tí wọ́n rò pé ó yẹ láti mú àdàlù sílẹ̀, wọ́n sì wá wòye iye tí wọ́n ń ṣe láti ṣe bẹ́ẹ̀. Ìṣẹ́ náà ṣe ìgbéléwò àwọn akẹ́kọ̀ọ́ láti ṣe ìdí àwọn ọ̀nà tí wọ́n rò pé ó yẹ, wọ́n sì wá wòye iye tí wọ́n ń ṣe láti ṣe bẹ́ẹ̀. Nítorí èyí, wọ́n máa fọwọ́ sí àwọn ìwòye tí wọ́n ń ṣe láti ṣe bẹ́ẹ̀, wọ́n máa fọwọ́ sí àwọn ìwòye tí wọ́n ń ṣe láti ṣe bẹ́ẹ̀, wọ́n máa fọwọ́ sí àwọn ìwòye tí wọ́n ń ṣe láti ṣe bẹ́ẹ̀. 

**Ìdí ìdáhùn:**
Nínú àwọn ẹgbẹ́ méjì méjì, àwọn akẹ́kọ̀ọ́ fi ọ̀nà tí wọ́n rò pé ó yẹ láti mú àdàlù sílẹ̀, wọ́n sì wá wòye iye tí wọ́n ń ṣe láti ṣe bẹ́ẹ̀. Ìṣẹ́ náà ṣe ìgbéléwò àwọn akẹ́kọ̀ọ́ láti ṣe ìdí àwọn ọ̀nà tí wọ́n rò pé ó yẹ, wọ́n sì wá wòye iye tí wọ́n ń ṣe láti ṣe bẹ́ẹ̀. Nítorí èyí, wọ́n máa fọwọ́ sí àwọn ìwòye tí wọ́n ń ṣe láti ṣe bẹ́ẹ̀, wọ́n máa fọwọ́ sí àwọn ìwòye tí wọ́n ń ṣe láti ṣe bẹ́ẹ̀, wọ́n máa fọwọ́ sí àwọn ìwòye tí wọ́n ń ṣe láti ṣe bẹ́ẹ̀. 

**Ìdí ìdáhùn:**
Nínú àwọn ẹgbẹ́ méjì méjì, àwọn akẹ́kọ̀ọ́ fi ọ̀nà tí wọ́n rò pé ó yẹ láti mú àdàlù sílẹ̀, wọ́n sì wá wòye iye tí wọ́n ń ṣe láti ṣe bẹ́ẹ̀. Ìṣẹ́ náà ṣe ìgbéléwò àwọn akẹ́kọ̀ọ́ láti ṣe ìdí àwọn ọ̀nà tí wọ́n rò pé ó yẹ, wọ́n sì wá wòye iye tí wọ́n ń ṣe láti ṣe bẹ́ẹ̀. Nítorí èyí, wọ́n máa fọwọ́ sí àwọn ìwòye tí wọ́n ń ṣe láti ṣe bẹ́ẹ̀, wọ́n máa fọwọ́ sí àwọn ìwòye tí wọ́n ń ṣe láti ṣe bẹ́ẹ̀, wọ́n máa fọwọ́ sí àwọn ìwòye tí wọ́n ń ṣe láti ṣe bẹ́ẹ̀. 

**Ìdí ìdáhùn:**
Nínú àwọn ẹgbẹ́ méjì méjì, àwọn akẹ́kọ̀ọ́ fi ọ̀nà tí wọ́n rò pé ó yẹ láti mú àdàlù sílẹ̀, wọ́n sì wá wòye iye tí wọ́n ń ṣe láti ṣe bẹ́ẹ̀. Ìṣẹ́ náà ṣe ìgbéléwò àwọn akẹ́kọ̀ọ́ láti ṣe ìdí àwọn ọ̀nà tí wọ́n rò pé ó yẹ, wọ́n sì wá wòye iye tí wọ́n ń ṣe láti ṣe bẹ́ẹ̀. Nítorí èyí, wọ́n máa fọwọ́ sí àwọn ìwòye tí wọ́n ń ṣe láti ṣe bẹ́ẹ̀, wọ́n máa fọwọ́ sí àwọn ìwòye tí wọ́n ń ṣe láti ṣe bẹ́ẹ̀, wọ́n máa fọwọ́ sí àwọn ìwòye tí wọ́n ń ṣe láti ṣe bẹ́ẹ̀. 

**Ìdí ìdáhùn:**
Nínú àwọn ẹgbẹ́ méjì méjì, àwọn akẹ́kọ̀ọ́ fi ọ̀nà tí wọ́n rò pé ó yẹ láti mú àdàlù sílẹ̀, wọ́n sì wá wòye iye tí wọ́n ń ṣe láti ṣe bẹ́ẹ̀. Ìṣẹ́ náà ṣe ìgbéléwò àwọn akẹ́kọ̀ọ́ láti ṣe ìdí àwọn ọ̀nà tí wọ́n rò pé ó yẹ, wọ́n sì wá wòye iye tí wọ́n ń ṣe láti ṣe bẹ́ẹ̀. Nítorí èyí, wọ́n máa fọwọ́ sí àwọn ìwòye tí wọ́n ń ṣe láti ṣe bẹ́ẹ̀, wọ́n máa fọwọ́ sí àwọn ìwòye tí wọ́n ń ṣe láti ṣe bẹ́ẹ̀, wọ́n máa fọwọ́ sí àwọn ìwòye tí wọ́n ń ṣe láti ṣe bẹ́ẹ̀. 

**Ìdí ìdáhùn:**
Nínú àwọn ẹgbẹ́ méjì méjì, àwọn akẹ́kọ̀ọ́ fi ọ̀nà tí wọ́n rò pé ó yẹ láti mú àdàlù sílẹ̀, wọ́n sì wá wòye iye tí wọ́n ń ṣe láti ṣe bẹ́ẹ̀. Ìṣẹ́ náà ṣe ìgbéléwò àwọn akẹ́kọ̀ọ́ láti ṣe ìdí àwọn ọ̀nà tí wọ́n rò pé ó yẹ, wọ́n sì wá wòye iye tí wọ́n ń ṣe láti ṣe bẹ́ẹ̀. Nítorí èyí, wọ́n máa fọwọ́ sí àwọn ìwòye tí wọ́n ń ṣe láti ṣe bẹ́ẹ̀, wọ́n máa fọwọ́ sí àwọn ìwòye tí wọ́n ń ṣe láti ṣe bẹ́ẹ̀, wọ́n máa fọwọ́ sí àwọn ìwòye tí wọ́n ń ṣe láti ṣe bẹ́ẹ̀. 

**Ìdí ìdáhùn:**
Nínú àwọn ẹgbẹ́ méjì méjì, àwọn akẹ́kọ̀ọ́ fi ọ̀nà tí wọ́n rò pé ó yẹ láti mú àdàlù sílẹ̀, wọ́n sì wá wòye iye tí wọ́n ń ṣe láti ṣe bẹ́ẹ̀. Ìṣẹ́ náà ṣe ìgbéléwò àwọn akẹ́kọ̀ọ́ láti ṣe ìdí à",True,48.04811770003289,7015,4000,
B,"**C. Sísàtúpalẹ̀ nínú ìfiwéra ìrìnkálẹ̀ ìmọ́lẹ̀ tó la dígí kọjá àti ìsàpadà ìmọ́lẹ̀ tó padà lára dígí, ní lílo àwòkọ́ṣe corpuscular ti ìmọ́lẹ̀**

**Ìdáhùn:**
Olùkọ́ preschool nílò láti ṣe ìṣẹ́ tí ó yẹ̀yẹ̀ àti ìṣẹ́ tí ó ń mú àwọn ìṣòro àwọn ìmọ̀-ọkàn sí àwọn ìdílẹ̀ àwọn ìmọ́lẹ̀. Ìṣẹ́ tí ó sísàtúpalẹ̀ (demonstration) nípa ìrìnkálẹ̀ ìmọ́lẹ̀ tó la dígí kọjá (kan nípa ìdílẹ̀ ìmọ́lẹ̀ lára dígí) àti ìsàpadà ìmọ́lẹ̀ tó padà lára dígí (kan nípa ìdílẹ̀ ìmọ́lẹ̀ lára dígí) yìí yẹ̀yẹ̀ láti mú àwọn akẹ́kọ̀ọ́ sí àwọn ìdílẹ̀ tí ìmọ́lẹ̀ ṣe. Ìṣẹ́ náà yìí yẹ̀yẹ̀ láti wò ìdílẹ̀ ìmọ́lẹ̀ lára dígí (kan nípa ìdílẹ̀ ìmọ́lẹ̀ lára dígí) àti ìdílẹ̀ ìmọ́lẹ̀ lára dígí (kan nípa ìdílẹ̀ ìmọ́lẹ̀ lára dígí) nípa àwòkọ́ṣe corpuscular ti ìmọ́lẹ̀. Ìṣẹ́ náà yìí yẹ̀yẹ̀ láti mú àwọn akẹ́kọ̀ọ́ sí àwọn ìdílẹ̀ tí ìmọ́lẹ̀ ṣe nípa àwọn ìdílẹ̀ tí ìmọ́lẹ̀ ṣe nípa àwọn ìdílẹ̀ tí ìmọ́lẹ̀ ṣe nípa àwọn ìdílẹ̀ tí ìmọ́lẹ̀ ṣe nípa àwọn ìdílẹ̀ tí ìmọ́lẹ̀ ṣe nípa àwọn ìdílẹ̀ tí ìmọ́lẹ̀ ṣe nípa àwọn ìdílẹ̀ tí ìmọ́lẹ̀ ṣe nípa àwọn ìdílẹ̀ tí ìmọ́lẹ̀ ṣe nípa àwọn ìdílẹ̀ tí ìmọ́lẹ̀ ṣe nípa àwọn ìdílẹ̀ tí ìmọ́lẹ̀ ṣe nípa àwọn ìdílẹ̀ tí ìmọ́lẹ̀ ṣe nípa àwọn ìdílẹ̀ tí ìmọ́lẹ̀ ṣe nípa àwọn ìdílẹ̀ tí ìmọ́lẹ̀ ṣe nípa àwọn ìdílẹ̀ tí ìmọ́lẹ̀ ṣe nípa àwọn ìdílẹ̀ tí ìmọ́lẹ̀ ṣe nípa àwọn ìdílẹ̀ tí ìmọ́lẹ̀ ṣe nípa àwọn ìdílẹ̀ tí ìmọ́lẹ̀ ṣe nípa àwọn ìdílẹ̀ tí ìmọ́lẹ̀ ṣe nípa àwọn ìdílẹ̀ tí ìmọ́lẹ̀ ṣe nípa àwọn ìdílẹ̀ tí ìmọ́lẹ̀ ṣe nípa àwọn ìdílẹ̀ tí ìmọ́lẹ̀ ṣe nípa àwọn ìdílẹ̀ tí ìmọ́lẹ̀ ṣe nípa àwọn ìdílẹ̀ tí ìmọ́lẹ̀ ṣe nípa àwọn ìdílẹ̀ tí ìmọ́lẹ̀ ṣe nípa àwọn ìdílẹ̀ tí ìmọ́lẹ̀ ṣe nípa àwọn ìdílẹ̀ tí ìmọ́lẹ̀ ṣe nípa àwọn ìdílẹ̀ tí ìmọ́lẹ̀ ṣe nípa àwọn ìdílẹ̀ tí ìmọ́lẹ̀ ṣe nípa àwọn ìdílẹ̀ tí ìmọ́lẹ̀ ṣe nípa àwọn ìdílẹ̀ tí ìmọ́lẹ̀ ṣe nípa àwọn ìdílẹ̀ tí ìmọ́lẹ̀ ṣe nípa àwọn ìdílẹ̀ tí ìmọ́lẹ̀ ṣe nípa àwọn ìdílẹ̀ tí ìmọ́lẹ̀ ṣe nípa àwọn ìdílẹ̀ tí ìmọ́lẹ̀ ṣe nípa àwọn ìdílẹ̀ tí ìmọ́lẹ̀ ṣe nípa àwọn ìdílẹ̀ tí ìmọ́lẹ̀ ṣe nípa àwọn ìdílẹ̀ tí ìmọ́lẹ̀ ṣe nípa àwọn ìdílẹ̀ tí ìmọ́lẹ̀ ṣe nípa àwọn ìdílẹ̀ tí ìmọ́lẹ̀ ṣe nípa àwọn ìdílẹ̀ tí ìmọ́lẹ̀ ṣe nípa àwọn ìdílẹ̀ tí ìmọ́lẹ̀ ṣe nípa àwọn ìdílẹ̀ tí ìmọ́lẹ̀ ṣe nípa àwọn ìdílẹ̀ tí ìmọ́lẹ̀ ṣe nípa àwọn ìdílẹ̀ tí ìmọ́lẹ̀ ṣe nípa àwọn ìdílẹ̀ tí ìmọ́lẹ̀ ṣe nípa àwọn ìdílẹ̀ tí ìmọ́lẹ̀ ṣe nípa àwọn ìdílẹ̀ tí ìmọ́lẹ̀ ṣe nípa àwọn ìdílẹ̀ tí ìmọ́lẹ̀ ṣe nípa àwọn ìdílẹ̀ tí ìmọ́lẹ̀ ṣe nípa àwọn ìdílẹ̀ tí ìmọ́lẹ̀ ṣe nípa àwọn ìdílẹ̀ tí ìmọ́lẹ̀ ṣe nípa àwọn ìdílẹ̀ tí ìmọ́lẹ̀ ṣe nípa àwọn ìdílẹ̀ tí ìmọ́lẹ̀ ṣe nípa àwọn ìdílẹ̀ tí ìmọ́lẹ̀ ṣe nípa àwọn ìdílẹ̀ tí ìmọ́lẹ̀ ṣe nípa àwọn ìdílẹ̀ tí ìmọ́lẹ̀ ṣe nípa àwọn ìdílẹ̀ tí ìmọ́lẹ̀ ṣe nípa àwọn ìdílẹ̀ tí ìmọ́lẹ̀ ṣe nípa àwọn ìdílẹ̀ tí ìmọ́lẹ̀ ṣe nípa àwọn ìdílẹ̀ tí ìmọ́lẹ̀ ṣe nípa àwọn ìdílẹ̀ tí ìmọ́lẹ̀ ṣe nípa àwọn ìdílẹ̀ tí ìmọ́lẹ̀ ṣe nípa àwọn ìdílẹ̀ tí ìmọ́lẹ̀ ṣe nípa àwọn ìdílẹ̀ tí ìmọ́lẹ̀ ṣe nípa àwọn ìdílẹ̀ tí ìmọ́lẹ̀ ṣe nípa àwọn ìdílẹ̀ tí ìmọ́lẹ̀ ṣe nípa àwọn ìdílẹ̀ tí ìmọ́lẹ̀ ṣe nípa àwọn ìdílẹ̀ tí ìmọ́lẹ̀ ṣe nípa àwọn ìdílẹ̀ tí ìmọ́lẹ̀ ṣe nípa àwọn ìdílẹ̀ tí ìmọ́lẹ̀ ṣe nípa àwọn ìdílẹ̀ tí ìmọ́lẹ̀ ṣe nípa àwọn ìdílẹ̀ tí ìmọ́lẹ̀ ṣe nípa àwọn ìdílẹ̀ tí ìmọ́lẹ̀ ṣe nípa àwọn ìdílẹ̀ tí ìmọ́lẹ̀ ṣe nípa àwọn ìdílẹ̀ tí ìmọ́lẹ̀ ṣe nípa àwọn ìdílẹ̀ tí ìmọ́lẹ̀ ṣe nípa àwọn ìdílẹ̀ tí ìmọ́lẹ̀ ṣe nípa àwọn ìdílẹ̀ tí ìmọ́lẹ̀ ṣe nípa àwọn ìdílẹ̀ tí ìmọ́lẹ̀ ṣe nípa àwọn ìdílẹ̀ tí ìmọ́lẹ̀ ṣe nípa àwọn ìdílẹ̀ tí ìmọ́lẹ̀ ṣe nípa àwọn ìdílẹ̀ tí ìmọ́lẹ̀ ṣe nípa àwọn ìdílẹ̀ tí ìmọ́lẹ̀ ṣe nípa àwọn ìdílẹ̀ tí ìmọ́lẹ̀ ṣe nípa àwọn ìdílẹ̀ tí ìmọ́lẹ̀ ṣe nípa àwọn ìdílẹ̀ tí ìmọ́lẹ̀ ṣe nípa àwọn ìdílẹ̀ tí ìmọ́lẹ̀ ṣe nípa àwọn ìdílẹ̀ tí ìmọ́lẹ̀ ṣe nípa àwọn ìdílẹ̀ tí ìmọ́lẹ̀ ṣe nípa àwọn ìdílẹ̀ tí ìmọ́lẹ̀ ṣe nípa àwọn ìdílẹ̀ tí ìmọ́lẹ̀ ṣe nípa àwọn ìdílẹ̀ tí ìmọ́lẹ̀ ṣe nípa àwọn ìdílẹ̀ tí ìmọ́lẹ̀ ṣe nípa àwọn ìdílẹ̀ tí ìmọ́lẹ̀ ṣe nípa àwọn ìdílẹ̀ tí ìmọ́lẹ̀ ṣe nípa àwọn ìdílẹ̀ tí ìmọ́lẹ̀ ṣe nípa àwọn ìdílẹ̀ tí ìmọ́lẹ̀ ṣe nípa àwọn ìdílẹ̀ tí ìmọ́lẹ̀ ṣe nípa àwọn ìdílẹ̀ tí ìmọ́lẹ̀ ṣe nípa àwọn ìdílẹ̀ tí ìmọ́lẹ̀ ṣe nípa àwọn ìdílẹ̀ tí ìmọ́lẹ̀ ṣe nípa àwọn ìdílẹ̀ tí ìmọ́lẹ̀ ṣe nípa àwọn ìdílẹ̀ tí ìmọ́lẹ̀ ṣe nípa àwọn ìdílẹ̀ tí ìmọ́lẹ̀ ṣe nípa àwọn ìdílẹ̀ tí ìmọ́lẹ̀ ṣe nípa àwọn ìdílẹ̀ tí ìmọ́lẹ̀ ṣe nípa àwọn ìdílẹ̀ tí ìmọ́lẹ̀ ṣe nípa àwọn ìdílẹ̀ tí ìmọ́lẹ̀ ṣe nípa àwọn ìdílẹ̀ tí ìmọ́lẹ̀ ṣe nípa àwọn ìdílẹ̀ tí ìmọ́lẹ̀ ṣe nípa àwọn ìdílẹ̀ tí ìmọ́lẹ̀ ṣe nípa àwọn ìdílẹ̀ tí ìmọ́lẹ̀ ṣe nípa àwọn ìdílẹ̀ tí ìmọ́lẹ̀ ṣe nípa àwọn ìdílẹ̀ tí ìmọ́lẹ̀ ṣe nípa àwọn ìdílẹ̀ tí ìmọ́lẹ̀ ṣe nípa àwọn ìdílẹ̀ tí ìmọ́lẹ̀ ṣe nípa àwọn ìdílẹ̀ tí ìmọ́lẹ̀ ṣe nípa àwọn ìdílẹ̀ tí ìmọ́lẹ̀ ṣe nípa àwọn ìdílẹ̀ tí ìmọ́lẹ̀ ṣe nípa àwọn ìdílẹ̀ tí ìmọ́lẹ̀ ṣe nípa àwọn ìdílẹ̀ tí ìmọ́lẹ̀ ṣe nípa àwọn ìdílẹ̀ tí ìmọ́lẹ̀ ṣe nípa àwọn ìdílẹ̀ tí ìmọ́lẹ̀ ṣe nípa àwọn ìdílẹ̀ tí ìmọ́lẹ̀ ṣe nípa àwọn ìdílẹ̀ tí ìmọ́lẹ̀ ṣe nípa àwọn ìdílẹ̀ tí ìmọ́lẹ̀ ṣe nípa àwọn ìdílẹ̀ tí ì",True,52.368305400013924,7128,4000,
C,"**Answer:**  
**B. Fihàn àwọn akẹ́kọ̀ọ́ kan ẹ̀dá àbùlà kọ̀ǹpútà tí ó dúró fún ìrìn-àjò Oòrùn àti àwọn pílánẹ́ẹ̀tì, gẹ́gẹ́ bí i àwọn ojú ìwòye geocentric àti heliocentric**

**Explanation:**  
The most effective activity for helping students understand the heliocentric model (Copernicus) versus the geocentric model (Ptolemy) is to use a **computer simulation** that visually demonstrates the solar system and planetary motion from both perspectives. This approach allows students to interactively explore how celestial bodies move under each model, making abstract concepts tangible. Simulations enable learners to observe differences in planetary orbits, the position of Earth/Sun, and the implications of each model, fostering deeper comprehension through dynamic, hands-on engagement. While historical context (Option D) is valuable, it does not directly address the structural understanding of the models themselves. Options A and C are useful but less interactive than a simulation. Thus, **Option B** is the most effective choice.",True,20.62151259998791,4721,1637,
C,"**D. Láti inú àfarawé kọ̀ǹpútà kan tí ó dá lórí olóòyì-títákò tí kò ní làtè, pinnu agbára ìṣesí àti agbára ìfarapamọ́ ti kẹ̀kẹ́-ìrìn kan tí ó ń rìn lórí rẹ̀**

**Ìdáhùn Gidi:**  
Àwọn ìbéèrè tí wò ní ìdáhùn rẹ̀ nípa ìtọ́jú agbára ẹ̀rọ (conservation of mechanical energy) ní ìwé yìí ní ìṣẹ́ tí ó dá lórí àfarawé kọ̀ǹpútà kan tí kò ní làtè (frictionless). Ní àwọn ìṣẹ́ tí kò ní làtè, agbára ìṣesí (kinetic energy) àti agbára ìfarapamọ́ (potential energy) lè ṣeé ṣe láti ṣe bẹ́ẹ̀ nípa ìpínyà, kí àwọn akẹ́kọ̀ọ́ máa wò pé agbára ẹ̀rọ (total mechanical energy) kò ní ìdánilójú. Ní àwọn ìṣẹ́ tí ní làtè (kan si A, C), agbára ẹ̀rọ kò máa tẹ̀lé nípa ìpínyà, kí ìtọ́jú kò máa wò nípa ìṣẹ́ tí ó ní ìdánilójú. Àfarawé kọ̀ǹpútà tí kò ní làtè lè ṣeé ṣe láti ṣe bẹ́ẹ̀ nípa ìtọ́jú agbára ẹ̀rọ ní ìpínyà, kí àwọn akẹ́kọ̀ọ́ máa wò pé agbára ìṣesí àti ìfarapamọ́ lè ṣeé ṣe láti ṣe bẹ́ẹ̀ nípa ìpínyà.  

**Pèsè lẹ́tà fún ìdáhùn rẹ̀ nìkan:**  
1. **Ìṣẹ́ tí kò ní làtè:** Àfarawé kọ̀ǹpútà tí kò ní làtè lè ṣeé ṣe láti ṣe bẹ́ẹ̀ nípa ìtọ́jú agbára ẹ̀rọ, kí àwọn akẹ́kọ̀ọ́ máa wò pé agbára ìṣesí àti ìfarapamọ́ lè ṣeé ṣe láti ṣe bẹ́ẹ̀ nípa ìpínyà.  
2. **Ìṣẹ́ tí ní làtè:** Ní àwọn ìṣẹ́ tí ní làtè (kan si A, C), agbára ẹ̀rọ kò máa tẹ̀lé nípa ìpínyà, kí ìtọ́jú kò máa wò nípa ìṣẹ́ tí ó ní ìdánilójú.  
3. **Ìṣẹ́ tí ó dá lórí ẹ̀rọ amúnilágbára (B):** Ní àwọn ìṣẹ́ tí ó dá lórí ẹ̀rọ amúnilágbára, àwọn akẹ́kọ̀ọ́ máa wò pé agbára ìfarapamọ́ lè ṣeé ṣe láti ṣe bẹ́ẹ̀ nípa ìpínyà, kí ìtọ́jú kò máa wò nípa ìṣẹ́ tí ó ní ìdánilójú.  

**Dúró gẹ́lẹ́ lẹ́yìn lẹ́tà náà:**  
Àfarawé kọ̀ǹpútà tí kò ní làtè (D) jẹ́ ìṣẹ́ tí ó dá lórí ìtọ́jú agbára ẹ̀rọ ní ìpínyà, kí àwọn akẹ́kọ̀ọ́ máa wò pé agbára ìṣesí àti ìfarapamọ́ lè ṣeé ṣe láti ṣe bẹ́ẹ̀ nípa ìpínyà. Ní àwọn ìṣẹ́ tí ní làtè (kan si A, C), agbára ẹ̀rọ kò máa tẹ̀lé nípa ìpínyà, kí ìtọ́jú kò máa wò nípa ìṣẹ́ tí ó ní ìdánilójú.",True,54.80867880000733,5039,2158,
C,"**D.** Nínú ìwé iṣẹ́ tí ó fi àwọn àwòrán àwọn èso wọ̀nyí hàn pẹ̀lú àwọn òpó lẹ́gbẹ̀ẹ́ wọn tí ó ní ojú ayọ̀ àti ojú ìbànújẹ́, ya àwọn ìdáhùn rẹ sí àwọn ìbéèrè wọ̀nyí: Nígbà tí o ń jẹ́ ìwọ́rọ̀ lára àgbalùmọ̀, o nímọ̀lára ayọ̀ tàbí ìbànújẹ́? Nígbà tí o rí àwọ̀ ọ̀gẹ̀dẹ̀, ó wù ọ́ tàbí kò wù ọ́? Nígbà tí o fọwọ́ kan èèpo píà, o nímọ̀lára ayọ̀ tàbí ìbànújẹ́? Nígbà tí o gbóòórùn àgbalùmọ̀, ó wù ọ́ tàbí kò wù ọ́?

### **Ìṣàwárí:**
Àwọn ìmọ̀ ìwádìí sáyẹ́ǹsì tí a máa tẹ̀lé ní àwọn ẹ̀kọ́ tí wọ́n ń ṣeé ìwádìí láti mú àwọn akẹ́kọ̀ọ́ sunwọ̀n sí ìdáhùn ìwádìí sáyẹ́ǹsì nípa Hooke's Law (ìdúróṣinṣin irin tó le) ni **D**. Ìṣẹ́ yìí mú àwọn akẹ́kọ̀ọ́ láti:

1. **Ṣe ìwọ́rọ̀** (Hypothesis): Àwọn akẹ́kọ̀ọ́ ń mú ìwàdéèdèé àwọn àbájáde ìwádìí sáyẹ́ǹsì láti mú àwọn ìyípadà agbára tí orísun omi tẹ̀lé òfin Hooke, ó jẹ́ ìwọ́rọ̀ láti mú àwọn ìdáhùn wọn sí ìyípadà tí wọn máa rí.
2. **Ìwádìí** (Experiment): Wọn ń tẹ̀lé ìlànà tí olùkọ́ fihàn láti pín àdàlù náà, ó jẹ́ ìwádìí tí wọn máa ń ṣeé ìdáhùn sí ìdúróṣinṣin irin tó le.
3. **Gbígbéyẹ̀wò** (Analysis): Wọn ń wádìí àwọn ibi ìyípadà agbára tí orísun omi tẹ̀lé òfin Hooke, ó jẹ́ ìgbígbéyẹ̀wò tí wọn máa ń mú sí ìyípadà tí wọn rí.
4. **Ìṣòro** (Conclusion): Wọn ń mú àbájáde iṣẹ́ wọn jáde lórí páálí (poster) kan, ó jẹ́ ìṣòro tí wọn máa ń ríi dájú pé a gbá àwọn ìsọfúnni tí ó péye jọ.

**D** mú àwọn akẹ́kọ̀ọ́ láti ń ṣeé ìwádìí sáyẹ́ǹsì tí ó yẹ̀ láti mú àwọn ìyípadà agbára tí orísun omi tẹ̀lé òfin Hooke, àti láti ríi pé a gbá àwọn ìsọfúnni tí ó péye jọ. Ìṣẹ́ yìí mú wọn láti ń múlò ìgbéyẹ̀wò ìdánrawò ìwádìí sáyẹ́ǹsì, nípa sísọ lẹ́nu àti nípa kíkọ sílẹ̀, títí kan àwọn tábìlì, àwọn àwòrán gbígbéyẹ̀wò, àwọn àwòrán àpẹẹrẹ, àti ICT. Ìṣàwárí yìí jẹ́ kí a lè ríi pé àwọn akẹ́kọ̀ọ́ kọ́ nípa onírúurú ọ̀nà tí a fi ń ya àdàlù nígbà tí wọ́n sì ń mú ìwàdéèdèé àwọn àbájáde ìwádìí sáyẹ́ǹsì dára si.",True,38.0781157000456,4932,1680,
B,"**Answer:**  
**C. Nígbà tí María ń ṣe iṣẹ́ ní àgbàlá, ó ń kó onírúurú ewé igi sínú apẹ̀rẹ̀ kan**

---

**Explanation:**  
The activity in **Option C** directly connects to the story *The Very Hungry Caterpillar* by Eric Carle, where the caterpillar eats an orange on one of the days. By having children peel and place oranges in a bowl, they engage in a **hands-on, sensory experience** that mirrors the story’s plot. This action helps them:  
1. **Understand the sequence** of the caterpillar’s journey (eating specific foods in order).  
2. **Associate the food** (orange) with the story’s narrative.  
3. **Develop practical skills** like fine motor coordination and food preparation.  

Other options (A, B, D) focus on colors, vocabulary, or cooking in a general sense but lack the **direct narrative connection** to the caterpillar’s diet and transformation. Option C aligns most closely with the story’s educational goals for preschoolers.",True,10.246641099918634,3795,794,
D,"**Answer:**  
**C. Ṣe àgbékalẹ̀ àwọn àpẹẹrẹ, àwòrán tàbí ìfiwéra tí yóò jẹ́ kí wọ́n so ẹ̀kọ́ Físíìkì pọ̀ pẹ̀lú òye àwọn ìṣẹ̀lẹ̀ ayé ojoojúmọ́.**

**Explanation:**  
The passage details the historical development of steam engines, emphasizing scientific principles like latent heat, vacuum, and mechanical innovations by figures like Watt and Newcomen. The key educational goal here is to connect this historical narrative to **Physics concepts** (e.g., heat transfer, pressure, mechanical work). Option **C** directly aligns with this by encouraging students to create **examples, explanations, or experiments** that link the text to Physics lessons. This bridges theoretical knowledge (history of inventions) with practical application (scientific principles), fostering deeper understanding. 

- **Why not A?** While a timeline of Watt’s inventions is useful, the passage focuses on broader technological evolution, not just Watt’s individual contributions.  
- **Why not B?** The text is a narrative summary, not a set of documents for analysis.  
- **Why not D?** This option is abstract and meta-analytical, whereas the passage demands concrete engagement with scientific and historical content.  

**Option C** is the most effective because it transforms historical information into actionable, interdisciplinary learning.",True,22.998578500002623,4795,967,
C,"**Jawo: A**

**Ìdáhùn:**  
Ìbéèrè A (""Ooru wa ninu awọn eto"") kò jẹ́ ọ̀nà tí ó máa tẹ̀lé kí àwọn akẹ́kọ̀ọ́ tí kò péye ooru àti ìwọ̀n ooru máa ń ní. Nítorí pé ẹ̀yà wọ́n kò ní ìdánilójú tí ó jẹ́ ìgbésẹ̀ ìwádìí tàbí ìdánilójú ìdàkejì, ẹ̀yà wọ́n kò máa tẹ̀lé kí àwọn akẹ́kọ̀ọ́ máa ń ní. Àwọn ìbéèrè B, C, àti D (ìdàkejì, ìtọ́kasí ètò méjì, àti ìgbóná) wọn jẹ́ ọ̀nà tí ó máa tẹ̀lé kí àwọn akẹ́kọ̀ọ́ máa ń ní nítorí pé wọn ń ṣe ìdánilójú tí ó dára.",True,9.901506199967116,3535,793,
B,"**Ìwé Ìdáhùn (Explanation):**  
Àwọn àpẹẹrẹ tí ó tẹ̀lé D (Igbagbogbo àti gígùn-ton-ton-nìyí ti igbi ohùn) ni ìgbésẹ̀ tí ó pọn dandan fún àwọn ọmọdé kékeré láti ṣàlàyé ohùn orin (timbre) nípa àwọn ohun èlò orin. Ohùn orin ni ìyàtọ̀ tí ó mú àwọn ẹ̀yà-àràn (pẹ̀lú àwọn ìdáhùn) tí àwọn ohun èlò orin (ẹ̀gùn, ẹ̀sìn, ẹ̀wà, ẹ̀sìn, èt.è.) ń mú láti wà sí àwọn ìyàtọ̀ tí wọn ń mú. Ní àwọn ẹ̀kọ́ kékeré, ìdáhùn tí ó mú àwọn ohun èlò orin kan ní àwọn ẹ̀yà-àràn wọn (òkúta, òróró, iyọ̀, èt.è.) kí ọmọdé yóò lè wò sí àwọn ẹ̀yà-àràn tí wọn ń mú, kí wọn máa ń fẹ̀sìn ohùn orin.  

**Ìgbésẹ̀ D** mú àwọn ọmọdé láti múlò àwọn ohun èlò orin tí wọn ń mú (ìgbagbogbo) àti àwọn ẹ̀yà-àràn tí wọn ń mú (gígùn-ton-ton-nìyí ti igbi ohùn). Nítorí pé ohùn orin ni ìyàtọ̀ tí ó mú àwọn ẹ̀yà-àràn wọn, ìgbésẹ̀ D ni ìgbésẹ̀ tí ó mú àwọn ẹ̀yà-àràn tí wọn ń mú, kí ọmọdé máa ń fẹ̀sìn ohùn orin.  

**Àwọn ìgbésẹ̀ ẹ̀tọ́wọ́n (A, B, C):**  
- **A** (Ìwọ̀n agbára àti ohùn orin): Ìwọ̀n agbára ni ìyàtọ̀ tí ó mú ìwọ̀n (pitch), tí kò ní àwọn ẹ̀yà-àràn tí ohùn orin ń mú.  
- **B** (Harmonics àti ìpapọ̀-òrùngbọ̀n òjìji): Harmonics ni ìyàtọ̀ tí ó mú àwọn ìdáhùn tí ohùn orin ń mú, kí kò ní àwọn ẹ̀yà-àràn tí ọmọdé máa ń mú.  
- **C** (Ìtúhùn àti ìpadàsẹ̀ ìgbì ohùn): Ìtúhùn ni ìyàtọ̀ tí ó mú ìwọ̀n (pitch), àti ìpadàsẹ̀ ìgbì ohùn ni ìyàtọ̀ tí ó mú ìwọ̀n (volume), tí kò ní ohùn orin.  

**Ìgbésẹ̀ D** mú àwọn ọmọdé láti múlò àwọn ohun èlò orin tí wọn ń mú (ìgbagbogbo) àti àwọn ẹ̀yà-àràn tí wọn ń mú (gígùn-ton-ton-nìyí ti igbi ohùn), kí wọn máa ń fẹ̀sìn ohùn orin. Nítorí pé, D ni ìgbésẹ̀ tí ó pọn dandan fún àwọn ọmọdé kékeré láti ṣàlàyé ohùn orin.  

**Ìwé Ìdáhùn (Answer):**  
**D. Igbagbogbo àti gígùn-ton-ton-nìyí ti igbi ohùn**",True,33.2434367001988,4192,1454,
C,"**A. Wọn ṣàlàyé àwọn ipò fún ìdarí iná mànàmáná (electrical conduction) nínú àwọn olómi líle (solids), olómi (liquids), àti olómi gáàsì (gases), ní títọ́ àwọn àpẹẹrẹ fún ọ̀kọ̀ọ̀kan ipò náà.**

**Ìdáhùn:**  
Àwọn ọmọdé kékeré (preschool) ní ìṣẹ́ tí ó yẹ̀ kí wọ́n ń mú ìwàdéèdèé àwọn àbájáde ìwádìí sáyẹ́ǹsì dára si. Ìgbésẹ̀ tí ó yẹ̀ kí wọ́n máa ń mú ìwàdéèdèé náà ni wọ́n máa ń ṣe ìdáhùn tí ó yẹ̀ kí wọ́n ń mú ìwàdéèdèé àwọn àbájáde ìwádìí sáyẹ́ǹsì. Ìgbésẹ̀ A ti wà ní ìṣẹ́ tí ó yẹ̀ kí wọ́n ń mú ìwàdéèdèé àwọn àbájáde ìwádìí sáyẹ́ǹsì dára si, nípa ìdarí iná mànàmáná nínú àwọn ipò wọ̀nyí (líle, olómi, gáàsì) láti wò àpẹẹrẹ wọn. Ìṣẹ́ náà yẹ̀ kí wọ́n máa ń mú ìwàdéèdèé àwọn àbájáde ìwádìí sáyẹ́ǹsì dára si, nípa ìdarí iná mànàmáná nínú àwọn ipò wọ̀nyí (líle, olómi, gáàsì) láti wò àpẹẹrẹ wọn. Ìṣẹ́ náà yẹ̀ kí wọ́n máa ń mú ìwàdéèdèé àwọn àbájáde ìwádìí sáyẹ́ǹsì dára si, nípa ìdarí iná mànàmáná nínú àwọn ipò wọ̀nyí (líle, olómi, gáàsì) láti wò àpẹẹrẹ wọn. Ìṣẹ́ náà yẹ̀ kí wọ́n máa ń mú ìwàdéèdèé àwọn àbájáde ìwádìí sáyẹ́ǹsì dára si, nípa ìdarí iná mànàmáná nínú àwọn ipò wọ̀nyí (líle, olómi, gáàsì) láti wò àpẹẹrẹ wọn. Ìṣẹ́ náà yẹ̀ kí wọ́n máa ń mú ìwàdéèdèé àwọn àbájáde ìwádìí sáyẹ́ǹsì dára si, nípa ìdarí iná mànàmáná nínú àwọn ipò wọ̀nyí (líle, olómi, gáàsì) láti wò àpẹẹrẹ wọn. Ìṣẹ́ náà yẹ̀ kí wọ́n máa ń mú ìwàdéèdèé àwọn àbájáde ìwádìí sáyẹ́ǹsì dára si, nípa ìdarí iná mànàmáná nínú àwọn ipò wọ̀nyí (líle, olómi, gáàsì) láti wò àpẹẹrẹ wọn. Ìṣẹ́ náà yẹ̀ kí wọ́n máa ń mú ìwàdéèdèé àwọn àbájáde ìwádìí sáyẹ́ǹsì dára si, nípa ìdarí iná mànàmáná nínú àwọn ipò wọ̀nyí (líle, olómi, gáàsì) láti wò àpẹẹrẹ wọn. Ìṣẹ́ náà yẹ̀ kí wọ́n máa ń mú ìwàdéèdèé àwọn àbájáde ìwádìí sáyẹ́ǹsì dára si, nípa ìdarí iná mànàmáná nínú àwọn ipò wọ̀nyí (líle, olómi, gáàsì) láti wò àpẹẹrẹ wọn. Ìṣẹ́ náà yẹ̀ kí wọ́n máa ń mú ìwàdéèdèé àwọn àbájáde ìwádìí sáyẹ́ǹsì dára si, nípa ìdarí iná mànàmáná nínú àwọn ipò wọ̀nyí (líle, olómi, gáàsì) láti wò àpẹẹrẹ wọn. Ìṣẹ́ náà yẹ̀ kí wọ́n máa ń mú ìwàdéèdèé àwọn àbájáde ìwádìí sáyẹ́ǹsì dára si, nípa ìdarí iná mànàmáná nínú àwọn ipò wọ̀nyí (líle, olómi, gáàsì) láti wò àpẹẹrẹ wọn. Ìṣẹ́ náà yẹ̀ kí wọ́n máa ń mú ìwàdéèdèé àwọn àbájáde ìwádìí sáyẹ́ǹsì dára si, nípa ìdarí iná mànàmáná nínú àwọn ipò wọ̀nyí (líle, olómi, gáàsì) láti wò àpẹẹrẹ wọn. Ìṣẹ́ náà yẹ̀ kí wọ́n máa ń mú ìwàdéèdèé àwọn àbájáde ìwádìí sáyẹ́ǹsì dára si, nípa ìdarí iná mànàmáná nínú àwọn ipò wọ̀nyí (líle, olómi, gáàsì) láti wò àpẹẹrẹ wọn. Ìṣẹ́ náà yẹ̀ kí wọ́n máa ń mú ìwàdéèdèé àwọn àbájáde ìwádìí sáyẹ́ǹsì dára si, nípa ìdarí iná mànàmáná nínú àwọn ipò wọ̀nyí (líle, olómi, gáàsì) láti wò àpẹẹrẹ wọn. Ìṣẹ́ náà yẹ̀ kí wọ́n máa ń mú ìwàdéèdèé àwọn àbájáde ìwádìí sáyẹ́ǹsì dára si, nípa ìdarí iná mànàmáná nínú àwọn ipò wọ̀nyí (líle, olómi, gáàsì) láti wò àpẹẹrẹ wọn. Ìṣẹ́ náà yẹ̀ kí wọ́n máa ń mú ìwàdéèdèé àwọn àbájáde ìwádìí sáyẹ́ǹsì dára si, nípa ìdarí iná mànàmáná nínú àwọn ipò wọ̀nyí (líle, olómi, gáàsì) láti wò àpẹẹrẹ wọn. Ìṣẹ́ náà yẹ̀ kí wọ́n máa ń mú ìwàdéèdèé àwọn àbájáde ìwádìí sáyẹ́ǹsì dára si, nípa ìdarí iná mànàmáná nínú àwọn ipò wọ̀nyí (líle, olómi, gáàsì) láti wò àpẹẹrẹ wọn. Ìṣẹ́ náà yẹ̀ kí wọ́n máa ń mú ìwàdéèdèé àwọn àbájáde ìwádìí sáyẹ́ǹsì dára si, nípa ìdarí iná mànàmáná nínú àwọn ipò wọ̀nyí (líle, olómi, gáàsì) láti wò àpẹẹrẹ wọn. Ìṣẹ́ náà yẹ̀ kí wọ́n máa ń mú ìwàdéèdèé àwọn àbájáde ìwádìí sáyẹ́ǹsì dára si, nípa ìdarí iná mànàmáná nínú àwọn ipò wọ̀nyí (líle, olómi, gáàsì) láti wò àpẹẹrẹ wọn. Ìṣẹ́ náà yẹ̀ kí wọ́n máa ń mú ìwàdéèdèé àwọn àbájáde ìwádìí sáyẹ́ǹsì dára si, nípa ìdarí iná mànàmáná nínú àwọn ipò wọ̀nyí (líle, olómi, gáàsì) láti wò àpẹẹrẹ wọn. Ìṣẹ́ náà yẹ̀ kí wọ́n máa ń mú ìwàdéèdèé àwọn àbájáde ìwádìí sáyẹ́ǹsì dára si, nípa ìdarí iná mànàmáná nínú àwọn ipò wọ̀nyí (líle, olómi, gáàsì) láti wò àpẹẹrẹ wọn. Ìṣẹ́ náà yẹ̀ kí wọ́n máa ń mú ìwàdéèdèé àwọn àbájáde ìwádìí sáyẹ́ǹsì dára si, nípa ìdarí iná mànàmáná nínú àwọn ipò wọ̀nyí (líle, olómi, gáàsì) láti wò àpẹẹrẹ wọn. Ìṣẹ́ náà yẹ̀ kí wọ́n máa ń mú ìwàdéèdèé àwọn àbájáde ìwádìí sáyẹ́ǹsì dára si, nípa ìdarí iná mànàmáná nínú àwọn ipò wọ̀nyí (líle, olómi, gáàsì) láti wò àpẹẹrẹ wọn. Ìṣẹ́ náà yẹ̀ kí wọ́n máa ń mú ìwàdéèdèé àwọn àbájáde ìwádìí sáyẹ́ǹsì dára si, nípa ìdarí iná mànàmáná nínú àwọn ipò wọ̀nyí (líle, olómi, gáàsì) láti wò àpẹẹrẹ wọn. Ìṣẹ́ náà yẹ̀ kí wọ́n máa ń mú ìwàdéèdèé àwọn àbájáde ìwádìí sáyẹ́ǹsì dára si, nípa ìdarí iná mànàmáná nínú àwọn ipò wọ̀nyí (líle, olómi, gáàsì) láti wò àpẹẹrẹ wọn. Ìṣẹ́ náà yẹ̀ kí wọ́n máa ń mú ìwàdéèdèé àwọn àbájáde ìwádìí sáyẹ́ǹsì dára si, nípa ìdarí iná mànàmáná nínú àwọn ipò wọ̀nyí (líle, olómi, gáàsì) láti wò àpẹẹrẹ wọn. Ìṣẹ́ náà yẹ̀ kí wọ́n máa ń mú ìwàdéèdèé àwọn àbájáde ìwádìí sáyẹ́ǹsì dára si, nípa ìdarí iná mànàmáná nínú àwọn ipò wọ̀nyí (líle, olómi, gáàsì) láti wò àpẹẹrẹ wọn. Ìṣẹ́ náà yẹ̀ kí wọ́n máa ń mú ìwàdéèdèé àwọn àbájáde ìwádìí sáyẹ́ǹsì dára si, nípa ìdarí iná mànàmáná nínú àwọn ipò wọ̀nyí (líle, olómi, gáàsì) láti wò àpẹẹrẹ wọn. Ìṣẹ́ náà yẹ̀ kí wọ́n máa ń mú ìwàdéèdèé àwọn àbájáde ìwádìí sáyẹ́ǹsì dára si, nípa ìdarí iná mànàmáná nínú àwọn ipò wọ̀nyí (líle, olómi, gáàsì) láti wò àpẹẹrẹ wọn. Ìṣẹ́ náà yẹ̀ kí wọ́n máa ń mú ìwàdéèdèé àwọn àbájáde ìwádìí sáyẹ́ǹsì dára si, nípa ìdarí iná mànàmáná nínú àwọn ipò wọ̀nyí (líle, olómi, gáàsì) láti wò àpẹẹrẹ wọn. Ìṣẹ́ náà yẹ̀ kí wọ́n máa ń mú ìwàdéèdèé àwọn àbájáde ìwádìí sáyẹ́ǹsì dára si, nípa ìdarí iná mànàmáná nínú àwọn ipò wọ̀nyí (líle, olómi, gáàsì) láti",True,96.0752178998664,7006,4000,
B,"**Dáhùn ìbéèrè gidi tí ó tẹ̀lé e ní lílo irú ọ̀nà ìdáhùn kan náà:**

**D. Ṣe ìṣirò àwọn àkókò ìṣubú, gíga tí ó pọ̀ jù tí a dé, àti ìyára ìfọwọ́bọ̀ pẹ̀lú ilẹ̀, ní lílo àwòkọ́ṣe tí ó ṣàlàyé ìṣubú ọ̀fẹ́ àti ìfìsílẹ̀ lóròó, kí a sì fi àwọn èsì náà wé ti àwọn ẹlẹgbẹ́ wọn.**

**Ìdáhùn:**
Olùkọ́ náà lè ṣe ìgbéléwọ̀n ìdàgbàsókè ìmọ̀ náà tí a mẹ́nu bá ní àwọn àkókò ìṣubú (ìṣirò àwọn àkókò ìṣubú) láti mú àwọn akẹ́kọ̀ọ́ ní ìṣẹ́ tí ó wà láàrin àwọn ẹ̀kọ́ sáyẹ́nsì (kinematics àti àwọn àjọṣe ìṣirò). Ní àwọn àkókò tí wọ́n ń ṣe, àwọn akẹ́kọ̀ọ́ máa fi àwọn ẹ̀kọ́ sáyẹ́nsì láti wá àwọn ẹ̀sì tí ó wà láàrin ìrìn àti àwọn òfin rẹ̀, kí wọ́n máa rí dájú bóyá wọ́n ti ní ìmọ̀ náà. Ní àwọn àkókò tí wọ́n ń ṣe, wọ́n máa fi àwọn àwòkọ́ṣe (ìfọwọ́bọ̀ pẹ̀lú ilẹ̀) láti múlò àwọn ẹ̀sì tí ó wà láàrin ìṣubú ọ̀fẹ́ àti ìfìsílẹ̀, kí wọ́n máa rí dájú bóyá wọ́n ti ní ìmọ̀ náà. Ní àwọn àkókò tí wọ́n ń ṣe, wọ́n máa fi àwọn ẹ̀kọ́ sáyẹ́nsì láti wá àwọn ẹ̀sì tí ó wà láàrin ìrìn àti àwọn òfin rẹ̀, kí wọ́n máa rí dájú bóyá wọ́n ti ní ìmọ̀ náà. Ní àwọn àkókò tí wọ́n ń ṣe, wọ́n máa fi àwọn àwòkọ́ṣe (ìfọwọ́bọ̀ pẹ̀lú ilẹ̀) láti múlò àwọn ẹ̀sì tí ó wà láàrin ìṣubú ọ̀fẹ́ àti ìfìsílẹ̀, kí wọ́n máa rí dájú bóyá wọ́n ti ní ìmọ̀ náà. Ní àwọn àkókò tí wọ́n ń ṣe, wọ́n máa fi àwọn ẹ̀kọ́ sáyẹ́nsì láti wá àwọn ẹ̀sì tí ó wà láàrin ìrìn àti àwọn òfin rẹ̀, kí wọ́n máa rí dájú bóyá wọ́n ti ní ìmọ̀ náà. Ní àwọn àkókò tí wọ́n ń ṣe, wọ́n máa fi àwọn àwòkọ́ṣe (ìfọwọ́bọ̀ pẹ̀lú ilẹ̀) láti múlò àwọn ẹ̀sì tí ó wà láàrin ìṣubú ọ̀fẹ́ àti ìfìsílẹ̀, kí wọ́n máa rí dájú bóyá wọ́n ti ní ìmọ̀ náà.

**Ìdáhùn rẹ̀:**
Olùkọ́ náà lè ṣe ìgbéléwọ̀n ìdàgbàsókè ìmọ̀ náà tí a mẹ́nu bá ní àwọn àkókò ìṣubú (ìṣirò àwọn àkókò ìṣubú) láti mú àwọn akẹ́kọ̀ọ́ ní ìṣẹ́ tí ó wà láàrin àwọn ẹ̀kọ́ sáyẹ́nsì (kinematics àti àwọn àjọṣe ìṣirò). Ní àwọn àkókò tí wọ́n ń ṣe, àwọn akẹ́kọ̀ọ́ máa fi àwọn ẹ̀kọ́ sáyẹ́nsì láti wá àwọn ẹ̀sì tí ó wà láàrin ìrìn àti àwọn òfin rẹ̀, kí wọ́n máa rí dájú bóyá wọ́n ti ní ìmọ̀ náà. Ní àwọn àkókò tí wọ́n ń ṣe, wọ́n máa fi àwọn àwòkọ́ṣe (ìfọwọ́bọ̀ pẹ̀lú ilẹ̀) láti múlò àwọn ẹ̀sì tí ó wà láàrin ìṣubú ọ̀fẹ́ àti ìfìsílẹ̀, kí wọ́n máa rí dájú bóyá wọ́n ti ní ìmọ̀ náà. Ní àwọn àkókò tí wọ́n ń ṣe, wọ́n máa fi àwọn ẹ̀kọ́ sáyẹ́nsì láti wá àwọn ẹ̀sì tí ó wà láàrin ìrìn àti àwọn òfin rẹ̀, kí wọ́n máa rí dájú bóyá wọ́n ti ní ìmọ̀ náà. Ní àwọn àkókò tí wọ́n ń ṣe, wọ́n máa fi àwọn àwòkọ́ṣe (ìfọwọ́bọ̀ pẹ̀lú ilẹ̀) láti múlò àwọn ẹ̀sì tí ó wà láàrin ìṣubú ọ̀fẹ́ àti ìfìsílẹ̀, kí wọ́n máa rí dájú bóyá wọ́n ti ní ìmọ̀ náà. Ní àwọn àkókò tí wọ́n ń ṣe, wọ́n máa fi àwọn ẹ̀kọ́ sáyẹ́nsì láti wá àwọn ẹ̀sì tí ó wà láàrin ìrìn àti àwọn òfin rẹ̀, kí wọ́n máa rí dájú bóyá wọ́n ti ní ìmọ̀ náà. Ní àwọn àkókò tí wọ́n ń ṣe, wọ́n máa fi àwọn àwòkọ́ṣe (ìfọwọ́bọ̀ pẹ̀lú ilẹ̀) láti múlò àwọn ẹ̀sì tí ó wà láàrin ìṣubú ọ̀fẹ́ àti ìfìsílẹ̀, kí wọ́n máa rí dájú bóyá wọ́n ti ní ìmọ̀ náà.

**Ìdáhùn rẹ̀:**
Olùkọ́ náà lè ṣe ìgbéléwọ̀n ìdàgbàsókè ìmọ̀ náà tí a mẹ́nu bá ní àwọn àkókò ìṣubú (ìṣirò àwọn àkókò ìṣubú) láti mú àwọn akẹ́kọ̀ọ́ ní ìṣẹ́ tí ó wà láàrin àwọn ẹ̀kọ́ sáyẹ́nsì (kinematics àti àwọn àjọṣe ìṣirò). Ní àwọn àkókò tí wọ́n ń ṣe, àwọn akẹ́kọ̀ọ́ máa fi àwọn ẹ̀kọ́ sáyẹ́nsì láti wá àwọn ẹ̀sì tí ó wà láàrin ìrìn àti àwọn òfin rẹ̀, kí wọ́n máa rí dájú bóyá wọ́n ti ní ìmọ̀ náà. Ní àwọn àkókò tí wọ́n ń ṣe, wọ́n máa fi àwọn àwòkọ́ṣe (ìfọwọ́bọ̀ pẹ̀lú ilẹ̀) láti múlò àwọn ẹ̀sì tí ó wà láàrin ìṣubú ọ̀fẹ́ àti ìfìsílẹ̀, kí wọ́n máa rí dájú bóyá wọ́n ti ní ìmọ̀ náà. Ní àwọn àkókò tí wọ́n ń ṣe, wọ́n máa fi àwọn ẹ̀kọ́ sáyẹ́nsì láti wá àwọn ẹ̀sì tí ó wà láàrin ìrìn àti àwọn òfin rẹ̀, kí wọ́n máa rí dájú bóyá wọ́n ti ní ìmọ̀ náà. Ní àwọn àkókò tí wọ́n ń ṣe, wọ́n máa fi àwọn àwòkọ́ṣe (ìfọwọ́bọ̀ pẹ̀lú ilẹ̀) láti múlò àwọn ẹ̀sì tí ó wà láàrin ìṣubú ọ̀fẹ́ àti ìfìsílẹ̀, kí wọ́n máa rí dájú bóyá wọ́n ti ní ìmọ̀ náà. Ní àwọn àkókò tí wọ́n ń ṣe, wọ́n máa fi àwọn ẹ̀kọ́ sáyẹ́nsì láti wá àwọn ẹ̀sì tí ó wà láàrin ìrìn àti àwọn òfin rẹ̀, kí wọ́n máa rí dájú bóyá wọ́n ti ní ìmọ̀ náà. Ní àwọn àkókò tí wọ́n ń ṣe, wọ́n máa fi àwọn àwòkọ́ṣe (ìfọwọ́bọ̀ pẹ̀lú ilẹ̀) láti múlò àwọn ẹ̀sì tí ó wà láàrin ìṣubú ọ̀fẹ́ àti ìfìsílẹ̀, kí wọ́n máa rí dájú bóyá wọ́n ti ní ìmọ̀ náà.

**Ìdáhùn rẹ̀:**
Olùkọ́ náà lè ṣe ìgbéléwọ̀n ìdàgbàsókè ìmọ̀ náà tí a mẹ́nu bá ní àwọn àkókò ìṣubú (ìṣirò àwọn àkókò ìṣubú) láti mú àwọn akẹ́kọ̀ọ́ ní ìṣẹ́ tí ó wà láàrin àwọn ẹ̀kọ́ sáyẹ́nsì (kinematics àti àwọn àjọṣe ìṣirò). Ní àwọn àkókò tí wọ́n ń ṣe, àwọn akẹ́kọ̀ọ́ máa fi àwọn ẹ̀kọ́ sáyẹ́nsì láti wá àwọn ẹ̀sì tí ó wà láàrin ìrìn àti àwọn òfin rẹ̀, kí wọ́n máa rí dájú bóyá wọ́n ti ní ìmọ̀ náà. Ní àwọn àkókò tí wọ́n ń ṣe, wọ́n máa fi àwọn àwòkọ́ṣe (ìfọwọ́bọ̀ pẹ̀lú ilẹ̀) láti múlò àwọn ẹ̀sì tí ó wà láàrin ìṣubú ọ̀fẹ́ àti ìfìsílẹ̀, kí wọ́n máa rí dájú bóyá wọ́n ti ní ìmọ̀ náà. Ní àwọn àkókò tí wọ́n ń ṣe, wọ́n máa fi àwọn ẹ̀kọ́ sáyẹ́nsì láti wá àwọn ẹ̀sì tí ó wà láàrin ìrìn àti àwọn òfin rẹ̀, kí wọ́n máa rí dájú bóyá wọ́n ti ní ìmọ̀ náà. Ní àwọn àkókò tí wọ́n ń ṣe, wọ́n máa fi àwọn àwòkọ́ṣe (ìfọwọ́bọ̀ pẹ̀lú ilẹ̀) láti múlò àwọn ẹ̀sì tí ó wà láàrin ìṣubú ọ̀fẹ́ àti ìfìsílẹ̀, kí wọ́n máa rí dájú bóyá wọ́n ti",True,44.92663659993559,7165,4000,
C,"**Dáhùn ìbéèrè gidi:**

Ìmọ̀ sáyẹ́ǹsì tí a lè wò níwọ̀n nípasẹ̀ iṣẹ́ yìí ni **D. Ṣe ìdámọ̀ àwọn ààlà tí àwọn àwòkọ́ṣe àti àbá ìmọ̀ sáyẹ́ǹsì gbé wá tàbí fi hàn**. 

**Ìdáhùn:**
Olùkọ́ Físíìsì náà ti fi àwọn ààlà (ìgbésẹ̀ ìwádìí) tí wọ́n máa fi hàn láti mú àwọn akẹ́kọ̀ọ́ ní ìdáhùn ìwọ̀n nípa onírúurú ọ̀nà tí àdàlù (ìmọ́lẹ̀) yìí kòrò. Àwọn akẹ́kọ̀ọ́ lè mú àdàlù sílẹ̀ ní méjì méjì, lo àwọn ọ̀nà tí wọ́n rò pé ó yẹ (ìmọ̀-ìwòye-ìmọ́lẹ̀ oní-jẹ́ọ̀mẹ́trì), àti wá tún ṣe ìdáláre nípa àwọn ìrònú tí wọ́n rí. Ìgbésẹ̀ yìí ti fi àwọn ààlà tí olùkọ́ àti àwọn àwòkọ́ṣe sáyẹ́ǹsì máa fi hàn láti mú àwọn akẹ́kọ̀ọ́ ní ìdáhùn, kí wọ́n lè wò ìmọ̀-ìwòye-ìmọ́lẹ̀ àti ìmọ̀-ọkàn (corpuscular model) nípa onírúurú ọ̀nà tí àdàlù kòrò. 

**Ìdáhùn gẹ́gẹ́:**
- **D** ti wò pé àwọn akẹ́kọ̀ọ́ lè mú àwọn ààlà tí olùkọ́ àti àwọn àwòkọ́ṣe sáyẹ́ǹsì máa fi hàn láti ṣe ìdáhùn, kí wọ́n lè wò ìmọ̀-ìwòye-ìmọ́lẹ̀ àti ìmọ̀-ọkàn nípa onírúurú ọ̀nà tí àdàlù kòrò. 
- Àwọn akẹ́kọ̀ọ́ lè mú àdàlù sílẹ̀ ní méjì méjì, lo àwọn ọ̀nà tí wọ́n rò pé ó yẹ, àti wá tún ṣe ìdáláre nípa àwọn ìrònú tí wọ́n rí. 
- Ìgbésẹ̀ yìí ti fi àwọn ààlà tí olùkọ́ àti àwọn àwòkọ́ṣe sáyẹ́ǹsì máa fi hàn láti mú àwọn akẹ́kọ̀ọ́ ní ìdáhùn, kí wọ́n lè wò ìmọ̀-ìwòye-ìmọ́lẹ̀ àti ìmọ̀-ọkàn nípa onírúurú ọ̀nà tí àdàlù kòrò. 

**Ìdáhùn ìgbà:**
- **A** (Use of scientific experiments) àti **B** (Collecting data from scientific experiments) ní ìdáhùn tí wọ́n lè ṣe, kínni kò wò pé àwọn ààlà ti fi hàn láti mú àwọn akẹ́kọ̀ọ́ ní ìdáhùn. 
- **C** (Presenting theories based on observations and scientific reasoning) ti wò pé àwọn akẹ́kọ̀ọ́ lè wò ìmọ̀-ìwòye-ìmọ́lẹ̀ àti ìmọ̀-ọkàn nípa àwọn ìrònú tí wọ́n rí, kínni kò wò pé àwọn ààlà ti fi hàn láti mú àwọn akẹ́kọ̀ọ́ ní ìdáhùn. 

**Ìdáhùn ìgbà:**
- **D** ti wò pé àwọn akẹ́kọ̀ọ́ lè mú àwọn ààlà tí olùkọ́ àti àwọn àwòkọ́ṣe sáyẹ́ǹsì máa fi hàn láti mú àwọn akẹ́kọ̀ọ́ ní ìdáhùn, kí wọ́n lè wò ìmọ̀-ìwòye-ìmọ́lẹ̀ àti ìmọ̀-ọkàn nípa onírúurú ọ̀nà tí àdàlù kòrò. 

**Ìdáhùn ìgbà:**
- **D** ni ìdáhùn tí wọ́n lè wò pé àwọn akẹ́kọ̀ọ́ lè mú àwọn ààlà tí olùkọ́ àti àwọn àwòkọ́ṣe sáyẹ́ǹsì máa fi hàn láti mú àwọn akẹ́kọ̀ọ́ ní ìdáhùn, kí wọ́n lè wò ìmọ̀-ìwòye-ìmọ́lẹ̀ àti ìmọ̀-ọkàn nípa onírúurú ọ̀nà tí àdàlù kòrò. 

**Ìdáhùn ìgbà:**
- **D** ti wò pé àwọn akẹ́kọ̀ọ́ lè mú àwọn ààlà tí olùkọ́ àti àwọn àwòkọ́ṣe sáyẹ́ǹsì máa fi hàn láti mú àwọn akẹ́kọ̀ọ́ ní ìdáhùn, kí wọ́n lè wò ìmọ̀-ìwòye-ìmọ́lẹ̀ àti ìmọ̀-ọkàn nípa onírúurú ọ̀nà tí àdàlù kòrò. 

**Ìdáhùn ìgbà:**
- **D** ni ìdáhùn tí wọ́n lè wò pé àwọn akẹ́kọ̀ọ́ lè mú àwọn ààlà tí olùkọ́ àti àwọn àwòkọ́ṣe sáyẹ́ǹsì máa fi hàn láti mú àwọn akẹ́kọ̀ọ́ ní ìdáhùn, kí wọ́n lè wò ìmọ̀-ìwòye-ìmọ́lẹ̀ àti ìmọ̀-ọkàn nípa onírúurú ọ̀nà tí àdàlù kòrò. 

**Ìdáhùn ìgbà:**
- **D** ti wò pé àwọn akẹ́kọ̀ọ́ lè mú àwọn ààlà tí olùkọ́ àti àwọn àwòkọ́ṣe sáyẹ́ǹsì máa fi hàn láti mú àwọn akẹ́kọ̀ọ́ ní ìdáhùn, kí wọ́n lè wò ìmọ̀-ìwòye-ìmọ́lẹ̀ àti ìmọ̀-ọkàn nípa onírúurú ọ̀nà tí àdàlù kòrò. 

**Ìdáhùn ìgbà:**
- **D** ni ìdáhùn tí wọ́n lè wò pé àwọn akẹ́kọ̀ọ́ lè mú àwọn ààlà tí olùkọ́ àti àwọn àwòkọ́ṣe sáyẹ́ǹsì máa fi hàn láti mú àwọn akẹ́kọ̀ọ́ ní ìdáhùn, kí wọ́n lè wò ìmọ̀-ìwòye-ìmọ́lẹ̀ àti ìmọ̀-ọkàn nípa onírúurú ọ̀nà tí àdàlù kòrò. 

**Ìdáhùn ìgbà:**
- **D** ti wò pé àwọn akẹ́kọ̀ọ́ lè mú àwọn ààlà tí olùkọ́ àti àwọn àwòkọ́ṣe sáyẹ́ǹsì máa fi hàn láti mú àwọn akẹ́kọ̀ọ́ ní ìdáhùn, kí wọ́n lè wò ìmọ̀-ìwòye-ìmọ́lẹ̀ àti ìmọ̀-ọkàn nípa onírúurú ọ̀nà tí àdàlù kòrò. 

**Ìdáhùn ìgbà:**
- **D** ni ìdáhùn tí wọ́n lè wò pé àwọn akẹ́kọ̀ọ́ lè mú àwọn ààlà tí olùkọ́ àti àwọn àwòkọ́ṣe sáyẹ́ǹsì máa fi hàn láti mú àwọn akẹ́kọ̀ọ́ ní ìdáhùn, kí wọ́n lè wò ìmọ̀-ìwòye-ìmọ́lẹ̀ àti ìmọ̀-ọkàn nípa onírúurú ọ̀nà tí àdàlù kòrò. 

**Ìdáhùn ìgbà:**
- **D** ti wò pé àwọn akẹ́kọ̀ọ́ lè mú àwọn ààlà tí olùkọ́ àti àwọn àwòkọ́ṣe sáyẹ́ǹsì máa fi hàn láti mú àwọn akẹ́kọ̀ọ́ ní ìdáhùn, kí wọ́n lè wò ìmọ̀-ìwòye-ìmọ́lẹ̀ àti ìmọ̀-ọkàn nípa onírúurú ọ̀nà tí àdàlù kòrò. 

**Ìdáhùn ìgbà:**
- **D** ni ìdáhùn tí wọ́n lè wò pé àwọn akẹ́kọ̀ọ́ lè mú àwọn ààlà tí olùkọ́ àti àwọn àwòkọ́ṣe sáyẹ́ǹsì máa fi hàn láti mú àwọn akẹ́kọ̀ọ́ ní ìdáhùn, kí wọ́n lè wò ìmọ̀-ìwòye-ìmọ́lẹ̀ àti ìmọ̀-ọkàn nípa onírúurú ọ̀nà tí àdàlù kòrò. 

**Ìdáhùn ìgbà:**
- **D** ti wò pé àwọn akẹ́kọ̀ọ́ lè mú àwọn ààlà tí olùkọ́ àti àwọn àwòkọ́ṣe sáyẹ́ǹsì máa fi hàn láti mú àwọn akẹ́kọ̀ọ́ ní ìdáhùn, kí wọ́n lè wò ìmọ̀-ìwòye-ìmọ́lẹ̀ àti ìmọ̀-ọkàn nípa onírúurú ọ̀nà tí àdàlù kòrò. 

**Ìdáhùn ìgbà:**
- **D** ni ìdáhùn tí wọ́n lè wò pé àwọn akẹ́kọ̀ọ́ lè mú àwọn ààlà tí olùkọ́ àti àwọn àwòkọ́ṣe sáyẹ́ǹsì máa fi hàn láti mú àwọn akẹ́kọ̀ọ́ ní ìdáhùn, kí wọ́n lè wò ìmọ̀-ìwòye-ìmọ́lẹ̀ àti ìmọ̀-ọkàn nípa onírúurú ọ̀nà tí àdàlù kòrò. 

**Ìdáhùn ìgbà:**
- **D** ti wò pé àwọn akẹ́kọ̀ọ́ lè mú àwọn ààlà tí olùkọ́ àti àwọn àwòkọ́ṣe sáyẹ́ǹsì máa fi hàn láti mú àwọn akẹ́kọ̀ọ́ ní ìdáhùn, kí wọ́n lè wò ìmọ̀-ìwòye-ìmọ́lẹ̀ àti ìmọ̀-ọkàn nípa onírúurú ọ̀nà tí àdàlù kòrò. 

**Ìdáhùn ìgbà:**
- **D** ni ìdáhùn tí wọ́n lè wò pé àwọn akẹ́kọ̀ọ́ lè mú àwọn ààlà tí olùkọ́ àti àwọn àwòkọ́ṣe sáyẹ́ǹsì máa fi hàn láti mú àwọn akẹ́kọ̀ọ́ ní ìdáhùn, kí wọ́n lè wò ìmọ̀-ìwòye-ìmọ́lẹ̀ àti ìmọ̀-ọkàn nípa onírúurú ọ̀nà tí àdàlù kòrò. 

**Ìdáhùn ìgbà:**
- **D** ti wò pé àwọn akẹ́kọ̀ọ́ lè mú àwọn ààlà tí olùkọ́ àti àwọn àwòkọ́ṣe sáyẹ́ǹsì máa fi hàn láti mú àwọn akẹ́kọ̀ọ́ ní ìdáhùn, kí wọ́n lè wò ìmọ̀-ìwòye-ìmọ́lẹ̀ àti",True,53.28130460018292,6909,4000,
C,"**Correct Answer: D**

**Reasoning:**  
The question focuses on demonstrating the concept of **specific heat** (the amount of heat required to raise the temperature of a substance). The correct example must involve comparing how different materials (e.g., dark vs. light-colored pots) absorb and retain heat, directly linking to specific heat capacity. 

- **Option D** describes using a dark-colored pot (which absorbs more heat) and a light-colored pot (which absorbs less heat), both filled with water. The dark pot will reach a higher temperature, illustrating how material properties (color) affect heat absorption and retention. This aligns with the principle of specific heat.  
- **Options A, B, and C** describe phenomena like evaporation, boiling, or cooling, which relate to phase changes or heat transfer but do not compare materials to explain specific heat. 

Thus, **D** is the most appropriate example for teaching specific heat through material comparison.",True,12.953047199873254,3504,516,
C,"**Answer:**  
**B. Bẹ̀rẹ̀ pẹ̀lú àwọn àpẹẹrẹ polímà tí a ń lò nígbà gbogbo (tí ó jẹ́ àdánidá àti tí a fi ọwọ́ ṣe), lẹ́yìn náà ṣàlàyé bí polímà ṣe ń dá sílẹ̀ nípasẹ̀ àwọn ìṣẹ̀lẹ̀ kẹ́míkà tí ó bá a mu, àti ní ìkẹhìn ṣàlàyé ohun tí mọ́nómà jẹ́.**

---

**Explanation:**  
This method is effective for middle school students because it:  
1. **Starts with real-life examples** (natural and synthetic polymers they encounter daily), making the topic relatable and engaging.  
2. **Builds conceptual understanding** by first connecting polymers to tangible objects (e.g., plastic bottles, rubber) before diving into chemical processes.  
3. **Sequences logically**: From concrete examples → chemical reactions → monomers, aligning with cognitive development stages of middle schoolers.  
4. **Encourages curiosity** by linking abstract chemistry concepts to everyday life, fostering deeper interest and retention.  

While other options (A, C, D) are valid, **Option B** balances accessibility, relevance, and structured learning, making it the most pedagogically sound choice for this age group.",True,22.557138699805364,4085,955,
A,"**Ìbéèrè Gidi:**

**D. Akojo isotopu ti ẹ̀ka kan**  
Àwọn isotopu wí pé àwọn ẹ̀ka kan wí pé wọn ní ìdílẹ̀ àwọn ìwọ̀n (neutrons) kò sílẹ̀, kínni wọn ní ìdílẹ̀ àwọn ìwọ̀n (protons) sílẹ̀, ó wí pé wọn ní àwọn ìdílẹ̀ àwọn ìwọ̀n tí wọn máa jẹ́ àwọn ẹ̀ka kan. Ní àwọn ìdílẹ̀ tí wọn máa jẹ́, wọn ní àwọn ìdílẹ̀ tí wọn máa tẹ̀lé sí àwọn ìdílẹ̀ tí wọn máa jẹ́ ní àwọn àtọ́mù wọn, kínni wọn ní àwọn ìdílẹ̀ tí wọn máa tẹ̀lé sí àwọn ìdílẹ̀ tí wọn máa jẹ́ ní àwọn àtọ́mù wọn. Ní àwọn ìdílẹ̀ tí wọn máa jẹ́, wọn ní àwọn ìdílẹ̀ tí wọn máa tẹ̀lé sí àwọn ìdílẹ̀ tí wọn máa jẹ́ ní àwọn àtọ́mù wọn, kínni wọn ní àwọn ìdílẹ̀ tí wọn máa tẹ̀lé sí àwọn ìdílẹ̀ tí wọn máa jẹ́ ní àwọn àtọ́mù wọn. Ní àwọn ìdílẹ̀ tí wọn máa jẹ́, wọn ní àwọn ìdílẹ̀ tí wọn máa tẹ̀lé sí àwọn ìdílẹ̀ tí wọn máa jẹ́ ní àwọn àtọ́mù wọn, kínni wọn ní àwọn ìdílẹ̀ tí wọn máa tẹ̀lé sí àwọn ìdílẹ̀ tí wọn máa jẹ́ ní àwọn àtọ́mù wọn. Ní àwọn ìdílẹ̀ tí wọn máa jẹ́, wọn ní àwọn ìdílẹ̀ tí wọn máa tẹ̀lé sí àwọn ìdílẹ̀ tí wọn máa jẹ́ ní àwọn àtọ́mù wọn, kínni wọn ní àwọn ìdílẹ̀ tí wọn máa tẹ̀lé sí àwọn ìdílẹ̀ tí wọn máa jẹ́ ní àwọn àtọ́mù wọn. Ní àwọn ìdílẹ̀ tí wọn máa jẹ́, wọn ní àwọn ìdílẹ̀ tí wọn máa tẹ̀lé sí àwọn ìdílẹ̀ tí wọn máa jẹ́ ní àwọn àtọ́mù wọn, kínni wọn ní àwọn ìdílẹ̀ tí wọn máa tẹ̀lé sí àwọn ìdílẹ̀ tí wọn máa jẹ́ ní àwọn àtọ́mù wọn. Ní àwọn ìdílẹ̀ tí wọn máa jẹ́, wọn ní àwọn ìdílẹ̀ tí wọn máa tẹ̀lé sí àwọn ìdílẹ̀ tí wọn máa jẹ́ ní àwọn àtọ́mù wọn, kínni wọn ní àwọn ìdílẹ̀ tí wọn máa tẹ̀lé sí àwọn ìdílẹ̀ tí wọn máa jẹ́ ní àwọn àtọ́mù wọn. Ní àwọn ìdílẹ̀ tí wọn máa jẹ́, wọn ní àwọn ìdílẹ̀ tí wọn máa tẹ̀lé sí àwọn ìdílẹ̀ tí wọn máa jẹ́ ní àwọn àtọ́mù wọn, kínni wọn ní àwọn ìdílẹ̀ tí wọn máa tẹ̀lé sí àwọn ìdílẹ̀ tí wọn máa jẹ́ ní àwọn àtọ́mù wọn. Ní àwọn ìdílẹ̀ tí wọn máa jẹ́, wọn ní àwọn ìdílẹ̀ tí wọn máa tẹ̀lé sí àwọn ìdílẹ̀ tí wọn máa jẹ́ ní àwọn àtọ́mù wọn, kínni wọn ní àwọn ìdílẹ̀ tí wọn máa tẹ̀lé sí àwọn ìdílẹ̀ tí wọn máa jẹ́ ní àwọn àtọ́mù wọn. Ní àwọn ìdílẹ̀ tí wọn máa jẹ́, wọn ní àwọn ìdílẹ̀ tí wọn máa tẹ̀lé sí àwọn ìdílẹ̀ tí wọn máa jẹ́ ní àwọn àtọ́mù wọn, kínni wọn ní àwọn ìdílẹ̀ tí wọn máa tẹ̀lé sí àwọn ìdílẹ̀ tí wọn máa jẹ́ ní àwọn àtọ́mù wọn. Ní àwọn ìdílẹ̀ tí wọn máa jẹ́, wọn ní àwọn ìdílẹ̀ tí wọn máa tẹ̀lé sí àwọn ìdílẹ̀ tí wọn máa jẹ́ ní àwọn àtọ́mù wọn, kínni wọn ní àwọn ìdílẹ̀ tí wọn máa tẹ̀lé sí àwọn ìdílẹ̀ tí wọn máa jẹ́ ní àwọn àtọ́mù wọn. Ní àwọn ìdílẹ̀ tí wọn máa jẹ́, wọn ní àwọn ìdílẹ̀ tí wọn máa tẹ̀lé sí àwọn ìdílẹ̀ tí wọn máa jẹ́ ní àwọn àtọ́mù wọn, kínni wọn ní àwọn ìdílẹ̀ tí wọn máa tẹ̀lé sí àwọn ìdílẹ̀ tí wọn máa jẹ́ ní àwọn àtọ́mù wọn. Ní àwọn ìdílẹ̀ tí wọn máa jẹ́, wọn ní àwọn ìdílẹ̀ tí wọn máa tẹ̀lé sí àwọn ìdílẹ̀ tí wọn máa jẹ́ ní àwọn àtọ́mù wọn, kínni wọn ní àwọn ìdílẹ̀ tí wọn máa tẹ̀lé sí àwọn ìdílẹ̀ tí wọn máa jẹ́ ní àwọn àtọ́mù wọn. Ní àwọn ìdílẹ̀ tí wọn máa jẹ́, wọn ní àwọn ìdílẹ̀ tí wọn máa tẹ̀lé sí àwọn ìdílẹ̀ tí wọn máa jẹ́ ní àwọn àtọ́mù wọn, kínni wọn ní àwọn ìdílẹ̀ tí wọn máa tẹ̀lé sí àwọn ìdílẹ̀ tí wọn máa jẹ́ ní àwọn àtọ́mù wọn. Ní àwọn ìdílẹ̀ tí wọn máa jẹ́, wọn ní àwọn ìdílẹ̀ tí wọn máa tẹ̀lé sí àwọn ìdílẹ̀ tí wọn máa jẹ́ ní àwọn àtọ́mù wọn, kínni wọn ní àwọn ìdílẹ̀ tí wọn máa tẹ̀lé sí àwọn ìdílẹ̀ tí wọn máa jẹ́ ní àwọn àtọ́mù wọn. Ní àwọn ìdílẹ̀ tí wọn máa jẹ́, wọn ní àwọn ìdílẹ̀ tí wọn máa tẹ̀lé sí àwọn ìdílẹ̀ tí wọn máa jẹ́ ní àwọn àtọ́mù wọn, kínni wọn ní àwọn ìdílẹ̀ tí wọn máa tẹ̀lé sí àwọn ìdílẹ̀ tí wọn máa jẹ́ ní àwọn àtọ́mù wọn. Ní àwọn ìdílẹ̀ tí wọn máa jẹ́, wọn ní àwọn ìdílẹ̀ tí wọn máa tẹ̀lé sí àwọn ìdílẹ̀ tí wọn máa jẹ́ ní àwọn àtọ́mù wọn, kínni wọn ní àwọn ìdílẹ̀ tí wọn máa tẹ̀lé sí àwọn ìdílẹ̀ tí wọn máa jẹ́ ní àwọn àtọ́mù wọn. Ní àwọn ìdílẹ̀ tí wọn máa jẹ́, wọn ní àwọn ìdílẹ̀ tí wọn máa tẹ̀lé sí àwọn ìdílẹ̀ tí wọn máa jẹ́ ní àwọn àtọ́mù wọn, kínni wọn ní àwọn ìdílẹ̀ tí wọn máa tẹ̀lé sí àwọn ìdílẹ̀ tí wọn máa jẹ́ ní àwọn àtọ́mù wọn. Ní àwọn ìdílẹ̀ tí wọn máa jẹ́, wọn ní àwọn ìdílẹ̀ tí wọn máa tẹ̀lé sí àwọn ìdílẹ̀ tí wọn máa jẹ́ ní àwọn àtọ́mù wọn, kínni wọn ní àwọn ìdílẹ̀ tí wọn máa tẹ̀lé sí àwọn ìdílẹ̀ tí wọn máa jẹ́ ní àwọn àtọ́mù wọn. Ní àwọn ìdílẹ̀ tí wọn máa jẹ́, wọn ní àwọn ìdílẹ̀ tí wọn máa tẹ̀lé sí àwọn ìdílẹ̀ tí wọn máa jẹ́ ní àwọn àtọ́mù wọn, kínni wọn ní àwọn ìdílẹ̀ tí wọn máa tẹ̀lé sí àwọn ìdílẹ̀ tí wọn máa jẹ́ ní àwọn àtọ́mù wọn. Ní àwọn ìdílẹ̀ tí wọn máa jẹ́, wọn ní àwọn ìdílẹ̀ tí wọn máa tẹ̀lé sí àwọn ìdílẹ̀ tí wọn máa jẹ́ ní àwọn àtọ́mù wọn, kínni wọn ní àwọn ìdílẹ̀ tí wọn máa tẹ̀lé sí àwọn ìdílẹ̀ tí wọn máa jẹ́ ní àwọn àtọ́mù wọn. Ní àwọn ìdílẹ̀ tí wọn máa jẹ́, wọn ní àwọn ìdílẹ̀ tí wọn máa tẹ̀lé sí àwọn ìdílẹ̀ tí wọn máa jẹ́ ní àwọn àtọ́mù wọn, kínni wọn ní àwọn ìdílẹ̀ tí wọn máa tẹ̀lé sí àwọn ìdílẹ̀ tí wọn máa jẹ́ ní àwọn àtọ́mù wọn. Ní àwọn ìdílẹ̀ tí wọn máa jẹ́, wọn ní àwọn ìdílẹ̀ tí wọn máa tẹ̀lé sí àwọn ìdílẹ̀ tí wọn máa jẹ́ ní àwọn àtọ́mù wọn, kínni wọn ní àwọn ìdílẹ̀ tí wọn máa tẹ̀lé sí àwọn ìdílẹ̀ tí wọn máa jẹ́ ní àwọn àtọ́mù wọn. Ní àwọn ìdílẹ̀ tí wọn máa jẹ́, wọn ní àwọn ìdílẹ̀ tí wọn máa tẹ̀lé sí àwọn ìdílẹ̀ tí wọn máa jẹ́ ní àwọn àtọ́mù wọn, kínni wọn ní àwọn ìdílẹ̀ tí wọn máa tẹ̀lé sí àwọn ìdílẹ̀ tí wọn máa jẹ́ ní àwọn àtọ́mù wọn. Ní àwọn ìdílẹ̀ tí wọn máa jẹ́, wọn ní àwọn ìdílẹ̀ tí wọn máa tẹ̀lé sí àwọn ìdílẹ̀ tí wọn máa jẹ́ ní àwọn àtọ́mù wọn, kínni wọn ní àwọn ìdílẹ̀ tí wọn máa tẹ̀lé sí àwọn ìdílẹ̀ tí wọn máa jẹ́ ní àwọn àtọ́mù wọn. Ní àwọn ìdílẹ̀ tí wọn máa jẹ́, wọn ní àwọn ìdílẹ̀ tí wọn máa tẹ̀lé sí àwọn ìdílẹ̀ tí wọn máa jẹ́ ní àwọn àtọ́mù wọn, kínni wọn ní àwọn ìdí",True,91.93914160015993,6545,4000,
C,"**Answer:**  
**B. Nínú ìwé iṣẹ́ kan níbi tí a ti tọ́ka sí àwọn ànímọ́ tí a lè wò pẹ̀lú díẹ̀ lára àwọn ẹ̀yà-ara-ìmọ̀ (dídùn/óòjẹ̀, àwọ̀-búlúù/pupa-rẹ́dẹ̀, rírọ̀/líle, òórùn dídùn/òórùn búburú), ṣètò àwọn èso náà gẹ́gẹ́ bí àwọn ìlànà wọ̀nyí.**  

**Explanation:**  
The question focuses on helping preschoolers understand the story *The Three Little Pigs* through activities that connect to the narrative's key elements (materials used for building, the wolf's actions, and the consequences of weak vs. strong structures). The correct answer is **B** because it directly involves **hands-on building** with blocks, which mirrors the pigs' construction of houses in the story. By building and naming their creations, children engage with the concept of materials and their durability, fostering comprehension of the story's moral and cause-effect relationships.  

- **Option A** (pointing to pictures and naming colors) is more about visual literacy and color recognition, not the story's core themes.  
- **Option C** (digging in the garden) and **Option D** (picking flowers) are unrelated to the narrative's focus on building and structural strength.  

Thus, **B** aligns best with the pedagogical goal of using tactile, imaginative play to reinforce the story's lessons. The user's initial answer of **D** may have been a mistake, as it does not connect to the story's context.",True,32.50250539998524,4056,1417,
C,"**D. Àwòṣe Ìtìsílẹ̀ Àkóṣe Ẹ̀wé-inú-Ẹ̀dá Méjì Nínú Ẹyìn Àyíká Ipá tí a lò sí àwọn ẹ̀wé-inú-ẹ̀dá oríṣiiríṣii**

**Ìdáhùn:**  
Ìbéèrè VSEPR (Valence Shell Electron Pair Repulsion) ni ìgbàáwọn tí a yí kí àwọn ẹ̀wé-inú-ẹ̀dá (electron pairs) ní àgbalùmọ̀ tí àwọn mólíkúlù ń múlò sí àwọn ẹ̀wé-inú-ẹ̀dá wọn láti múlò sí ìròpín ìwọ̀n tí wọn máa mú. Ìgbàáwọn tí VSEPR ń mú ni pé, àwọn ẹ̀wé-inú-ẹ̀dá (bonding pairs àti lone pairs) ń múlò sí ìròpín tí ó jẹ́ ìyẹn tí ó múlò sí ìwọ̀n tí àwọn ẹ̀wé-inú-ẹ̀dá wọn máa mú. Ìgbàáwọn tí VSEPR ń mú ni pé, àwọn ẹ̀wé-inú-ẹ̀dá ń múlò sí ìròpín tí ó jẹ́ ìyẹn tí ó múlò sí ìwọ̀n tí àwọn ẹ̀wé-inú-ẹ̀dá wọn máa mú. Ìgbàáwọn tí VSEPR ń mú ni pé, àwọn ẹ̀wé-inú-ẹ̀dá ń múlò sí ìròpín tí ó jẹ́ ìyẹn tí ó múlò sí ìwọ̀n tí àwọn ẹ̀wé-inú-ẹ̀dá wọn máa mú. Ìgbàáwọn tí VSEPR ń mú ni pé, àwọn ẹ̀wé-inú-ẹ̀dá ń múlò sí ìròpín tí ó jẹ́ ìyẹn tí ó múlò sí ìwọ̀n tí àwọn ẹ̀wé-inú-ẹ̀dá wọn máa mú. Ìgbàáwọn tí VSEPR ń mú ni pé, àwọn ẹ̀wé-inú-ẹ̀dá ń múlò sí ìròpín tí ó jẹ́ ìyẹn tí ó múlò sí ìwọ̀n tí àwọn ẹ̀wé-inú-ẹ̀dá wọn máa mú. Ìgbàáwọn tí VSEPR ń mú ni pé, àwọn ẹ̀wé-inú-ẹ̀dá ń múlò sí ìròpín tí ó jẹ́ ìyẹn tí ó múlò sí ìwọ̀n tí àwọn ẹ̀wé-inú-ẹ̀dá wọn máa mú. Ìgbàáwọn tí VSEPR ń mú ni pé, àwọn ẹ̀wé-inú-ẹ̀dá ń múlò sí ìròpín tí ó jẹ́ ìyẹn tí ó múlò sí ìwọ̀n tí àwọn ẹ̀wé-inú-ẹ̀dá wọn máa mú. Ìgbàáwọn tí VSEPR ń mú ni pé, àwọn ẹ̀wé-inú-ẹ̀dá ń múlò sí ìròpín tí ó jẹ́ ìyẹn tí ó múlò sí ìwọ̀n tí àwọn ẹ̀wé-inú-ẹ̀dá wọn máa mú. Ìgbàáwọn tí VSEPR ń mú ni pé, àwọn ẹ̀wé-inú-ẹ̀dá ń múlò sí ìròpín tí ó jẹ́ ìyẹn tí ó múlò sí ìwọ̀n tí àwọn ẹ̀wé-inú-ẹ̀dá wọn máa mú. Ìgbàáwọn tí VSEPR ń mú ni pé, àwọn ẹ̀wé-inú-ẹ̀dá ń múlò sí ìròpín tí ó jẹ́ ìyẹn tí ó múlò sí ìwọ̀n tí àwọn ẹ̀wé-inú-ẹ̀dá wọn máa mú. Ìgbàáwọn tí VSEPR ń mú ni pé, àwọn ẹ̀wé-inú-ẹ̀dá ń múlò sí ìròpín tí ó jẹ́ ìyẹn tí ó múlò sí ìwọ̀n tí àwọn ẹ̀wé-inú-ẹ̀dá wọn máa mú. Ìgbàáwọn tí VSEPR ń mú ni pé, àwọn ẹ̀wé-inú-ẹ̀dá ń múlò sí ìròpín tí ó jẹ́ ìyẹn tí ó múlò sí ìwọ̀n tí àwọn ẹ̀wé-inú-ẹ̀dá wọn máa mú. Ìgbàáwọn tí VSEPR ń mú ni pé, àwọn ẹ̀wé-inú-ẹ̀dá ń múlò sí ìròpín tí ó jẹ́ ìyẹn tí ó múlò sí ìwọ̀n tí àwọn ẹ̀wé-inú-ẹ̀dá wọn máa mú. Ìgbàáwọn tí VSEPR ń mú ni pé, àwọn ẹ̀wé-inú-ẹ̀dá ń múlò sí ìròpín tí ó jẹ́ ìyẹn tí ó múlò sí ìwọ̀n tí àwọn ẹ̀wé-inú-ẹ̀dá wọn máa mú. Ìgbàáwọn tí VSEPR ń mú ni pé, àwọn ẹ̀wé-inú-ẹ̀dá ń múlò sí ìròpín tí ó jẹ́ ìyẹn tí ó múlò sí ìwọ̀n tí àwọn ẹ̀wé-inú-ẹ̀dá wọn máa mú. Ìgbàáwọn tí VSEPR ń mú ni pé, àwọn ẹ̀wé-inú-ẹ̀dá ń múlò sí ìròpín tí ó jẹ́ ìyẹn tí ó múlò sí ìwọ̀n tí àwọn ẹ̀wé-inú-ẹ̀dá wọn máa mú. Ìgbàáwọn tí VSEPR ń mú ni pé, àwọn ẹ̀wé-inú-ẹ̀dá ń múlò sí ìròpín tí ó jẹ́ ìyẹn tí ó múlò sí ìwọ̀n tí àwọn ẹ̀wé-inú-ẹ̀dá wọn máa mú. Ìgbàáwọn tí VSEPR ń mú ni pé, àwọn ẹ̀wé-inú-ẹ̀dá ń múlò sí ìròpín tí ó jẹ́ ìyẹn tí ó múlò sí ìwọ̀n tí àwọn ẹ̀wé-inú-ẹ̀dá wọn máa mú. Ìgbàáwọn tí VSEPR ń mú ni pé, àwọn ẹ̀wé-inú-ẹ̀dá ń múlò sí ìròpín tí ó jẹ́ ìyẹn tí ó múlò sí ìwọ̀n tí àwọn ẹ̀wé-inú-ẹ̀dá wọn máa mú. Ìgbàáwọn tí VSEPR ń mú ni pé, àwọn ẹ̀wé-inú-ẹ̀dá ń múlò sí ìròpín tí ó jẹ́ ìyẹn tí ó múlò sí ìwọ̀n tí àwọn ẹ̀wé-inú-ẹ̀dá wọn máa mú. Ìgbàáwọn tí VSEPR ń mú ni pé, àwọn ẹ̀wé-inú-ẹ̀dá ń múlò sí ìròpín tí ó jẹ́ ìyẹn tí ó múlò sí ìwọ̀n tí àwọn ẹ̀wé-inú-ẹ̀dá wọn máa mú. Ìgbàáwọn tí VSEPR ń mú ni pé, àwọn ẹ̀wé-inú-ẹ̀dá ń múlò sí ìròpín tí ó jẹ́ ìyẹn tí ó múlò sí ìwọ̀n tí àwọn ẹ̀wé-inú-ẹ̀dá wọn máa mú. Ìgbàáwọn tí VSEPR ń mú ni pé, àwọn ẹ̀wé-inú-ẹ̀dá ń múlò sí ìròpín tí ó jẹ́ ìyẹn tí ó múlò sí ìwọ̀n tí àwọn ẹ̀wé-inú-ẹ̀dá wọn máa mú. Ìgbàáwọn tí VSEPR ń mú ni pé, àwọn ẹ̀wé-inú-ẹ̀dá ń múlò sí ìròpín tí ó jẹ́ ìyẹn tí ó múlò sí ìwọ̀n tí àwọn ẹ̀wé-inú-ẹ̀dá wọn máa mú. Ìgbàáwọn tí VSEPR ń mú ni pé, àwọn ẹ̀wé-inú-ẹ̀dá ń múlò sí ìròpín tí ó jẹ́ ìyẹn tí ó múlò sí ìwọ̀n tí àwọn ẹ̀wé-inú-ẹ̀dá wọn máa mú. Ìgbàáwọn tí VSEPR ń mú ni pé, àwọn ẹ̀wé-inú-ẹ̀dá ń múlò sí ìròpín tí ó jẹ́ ìyẹn tí ó múlò sí ìwọ̀n tí àwọn ẹ̀wé-inú-ẹ̀dá wọn máa mú. Ìgbàáwọn tí VSEPR ń mú ni pé, àwọn ẹ̀wé-inú-ẹ̀dá ń múlò sí ìròpín tí ó jẹ́ ìyẹn tí ó múlò sí ìwọ̀n tí àwọn ẹ̀wé-inú-ẹ̀dá wọn máa mú. Ìgbàáwọn tí VSEPR ń mú ni pé, àwọn ẹ̀wé-inú-ẹ̀dá ń múlò sí ìròpín tí ó jẹ́ ìyẹn tí ó múlò sí ìwọ̀n tí àwọn ẹ̀wé-inú-ẹ̀dá wọn máa mú. Ìgbàáwọn tí VSEPR ń mú ni pé, àwọn ẹ̀wé-inú-ẹ̀dá ń múlò sí ìròpín tí ó jẹ́ ìyẹn tí ó múlò sí ìwọ̀n tí àwọn ẹ̀wé-inú-ẹ̀dá wọn máa mú. Ìgbàáwọn tí VSEPR ń mú ni pé, àwọn ẹ̀wé-inú-ẹ̀dá ń múlò sí ìròpín tí ó jẹ́ ìyẹn tí ó múlò sí ìwọ̀n tí àwọn ẹ̀wé-inú-ẹ̀dá wọn máa mú. Ìgbàáwọn tí VSEPR ń mú ni pé, àwọn ẹ̀wé-inú-ẹ̀dá ń múlò sí ìròpín tí ó jẹ́ ìyẹn tí ó múlò sí ìwọ̀n tí àwọn ẹ̀wé-inú-ẹ̀dá wọn máa mú. Ìgbàáwọn tí VSEPR ń mú ni pé, àwọn ẹ̀wé-inú-ẹ̀dá ń múlò sí ìròpín tí ó jẹ́ ìyẹn tí ó múlò sí ìwọ̀n tí àwọn ẹ̀wé-inú-ẹ̀dá wọn máa mú. Ìgbàáwọn tí VSEPR ń mú ni pé, àwọn ẹ̀wé-inú-ẹ̀dá ń múlò sí ìròpín tí ó jẹ́ ìyẹn tí ó múlò sí ìwọ̀n tí àwọn ẹ̀wé-inú-ẹ̀dá wọn máa mú. Ìgbàáwọn tí VSEPR ń mú ni pé, àwọn ẹ̀wé-inú-ẹ̀dá ń múlò sí ìròpín tí ó jẹ́ ìyẹn tí ó múlò sí ìwọ̀n tí àwọn ẹ̀wé-inú-ẹ̀dá wọn máa mú. Ìgbàáwọn tí VSEPR ń mú ni pé, àwọn ẹ̀wé-inú-ẹ̀dá ń múlò sí ìròpín tí ó jẹ́ ìyẹn tí ó múlò sí ìwọ̀n tí àwọn ẹ̀wé-inú-ẹ̀dá wọn máa mú. Ìgbàáwọn tí VSEPR ń mú ni pé, àwọn ẹ̀wé-inú-ẹ̀dá ń múlò sí ìròpín tí ó jẹ́ ìyẹn tí ó múlò sí ìwọ̀n tí àwọn ẹ̀wé-inú-ẹ̀dá wọn máa mú. Ìgbàáwọn tí VSEPR ń mú ni pé, àwọn ẹ̀wé-inú-ẹ̀dá ń múlò sí ìròpín tí ó jẹ́ ìyẹn tí ó múlò sí ìwọ̀n tí àwọn ẹ̀wé-inú-ẹ̀dá wọn máa mú. Ìgbàáwọn tí VSEPR ń mú ni pé, àwọn ẹ̀wé-inú-ẹ̀dá ń múlò sí ìròpín tí ó jẹ́ ìyẹn tí ó múlò sí ìwọ̀n tí àwọn ẹ̀wé-inú-ẹ̀dá wọn máa mú. Ìgbàáwọn tí VSEPR ń mú ni pé, àwọn ẹ̀wé-inú-ẹ̀dá ń múlò sí ìròpín tí ó jẹ́ ìyẹn tí ó múlò sí ìwọ̀n tí àwọn ẹ̀wé-inú-ẹ̀dá wọn máa mú. Ìgbàáwọn tí VSEPR ń mú ni pé, àw",True,88.63927399995737,6642,4000,
A,"**Dáhùn ìbéèrè gidi:**

**B. Wọ́n ṣe ìwọ̀nba láti dọ́gba acid líle pẹ̀lú base tútù**

**Ìdáhùn:**
Ní àwọn ìgbésẹ̀ tí a lè dáhùn lórí ìdọ́wọ̀n pH nínú ìdọ́wọ̀n àásì lílágbára pẹ̀lú béèsì aláìlágbára, àwọn akẹ́kọ̀ọ́ máa ń ṣe ìwọ̀nba (titration) láti dọ́gba àásì lílágbára (strong acid) pẹ̀lú béèsì aláìlágbára (weak base). Ìgbésẹ̀ yìí lè ṣe ìdáhùn tí a lè wò pH ń hùwà nípa ìpò tí àásì tí a mọ̀ (strong acid) ń mú pẹ̀lú béèsì tí a kò mọ̀ (weak base). Ní àwọn ìgbésẹ̀ tí a lè dáhùn, àwọn akẹ́kọ̀ọ́ máa ń wò pé pH ń hùwà nípa ìpò tí àásì ń mú pẹ̀lú béèsì, àti pé nígbà tí wọ́n ń mú láti dọ́gba, pH ń hùwà nípa ìpò tí a lè wò nígbà tí àásì ń mú pẹ̀lú béèsì. Ìgbésẹ̀ yìí lè ṣe ìdáhùn tí a lè wò pé pH ń hùwà nípa ìpò tí a lè wò nígbà tí àásì ń mú pẹ̀lú béèsì, àti pé nígbà tí wọ́n ń mú láti dọ́gba, pH ń hùwà nípa ìpò tí a lè wò nígbà tí àásì ń mú pẹ̀lú béèsì. Ìgbésẹ̀ yìí lè ṣe ìdáhùn tí a lè wò pé pH ń hùwà nípa ìpò tí a lè wò nígbà tí àásì ń mú pẹ̀lú béèsì, àti pé nígbà tí wọ́n ń mú láti dọ́gba, pH ń hùwà nípa ìpò tí a lè wò nígbà tí àásì ń mú pẹ̀lú béèsì. Ìgbésẹ̀ yìí lè ṣe ìdáhùn tí a lè wò pé pH ń hùwà nípa ìpò tí a lè wò nígbà tí àásì ń mú pẹ̀lú béèsì, àti pé nígbà tí wọ́n ń mú láti dọ́gba, pH ń hùwà nípa ìpò tí a lè wò nígbà tí àásì ń mú pẹ̀lú béèsì. Ìgbésẹ̀ yìí lè ṣe ìdáhùn tí a lè wò pé pH ń hùwà nípa ìpò tí a lè wò nígbà tí àásì ń mú pẹ̀lú béèsì, àti pé nígbà tí wọ́n ń mú láti dọ́gba, pH ń hùwà nípa ìpò tí a lè wò nígbà tí àásì ń mú pẹ̀lú béèsì. Ìgbésẹ̀ yìí lè ṣe ìdáhùn tí a lè wò pé pH ń hùwà nípa ìpò tí a lè wò nígbà tí àásì ń mú pẹ̀lú béèsì, àti pé nígbà tí wọ́n ń mú láti dọ́gba, pH ń hùwà nípa ìpò tí a lè wò nígbà tí àásì ń mú pẹ̀lú béèsì. Ìgbésẹ̀ yìí lè ṣe ìdáhùn tí a lè wò pé pH ń hùwà nípa ìpò tí a lè wò nígbà tí àásì ń mú pẹ̀lú béèsì, àti pé nígbà tí wọ́n ń mú láti dọ́gba, pH ń hùwà nípa ìpò tí a lè wò nígbà tí àásì ń mú pẹ̀lú béèsì. Ìgbésẹ̀ yìí lè ṣe ìdáhùn tí a lè wò pé pH ń hùwà nípa ìpò tí a lè wò nígbà tí àásì ń mú pẹ̀lú béèsì, àti pé nígbà tí wọ́n ń mú láti dọ́gba, pH ń hùwà nípa ìpò tí a lè wò nígbà tí àásì ń mú pẹ̀lú béèsì. Ìgbésẹ̀ yìí lè ṣe ìdáhùn tí a lè wò pé pH ń hùwà nípa ìpò tí a lè wò nígbà tí àásì ń mú pẹ̀lú béèsì, àti pé nígbà tí wọ́n ń mú láti dọ́gba, pH ń hùwà nípa ìpò tí a lè wò nígbà tí àásì ń mú pẹ̀lú béèsì. Ìgbésẹ̀ yìí lè ṣe ìdáhùn tí a lè wò pé pH ń hùwà nípa ìpò tí a lè wò nígbà tí àásì ń mú pẹ̀lú béèsì, àti pé nígbà tí wọ́n ń mú láti dọ́gba, pH ń hùwà nípa ìpò tí a lè wò nígbà tí àásì ń mú pẹ̀lú béèsì. Ìgbésẹ̀ yìí lè ṣe ìdáhùn tí a lè wò pé pH ń hùwà nípa ìpò tí a lè wò nígbà tí àásì ń mú pẹ̀lú béèsì, àti pé nígbà tí wọ́n ń mú láti dọ́gba, pH ń hùwà nípa ìpò tí a lè wò nígbà tí àásì ń mú pẹ̀lú béèsì. Ìgbésẹ̀ yìí lè ṣe ìdáhùn tí a lè wò pé pH ń hùwà nípa ìpò tí a lè wò nígbà tí àásì ń mú pẹ̀lú béèsì, àti pé nígbà tí wọ́n ń mú láti dọ́gba, pH ń hùwà nípa ìpò tí a lè wò nígbà tí àásì ń mú pẹ̀lú béèsì. Ìgbésẹ̀ yìí lè ṣe ìdáhùn tí a lè wò pé pH ń hùwà nípa ìpò tí a lè wò nígbà tí àásì ń mú pẹ̀lú béèsì, àti pé nígbà tí wọ́n ń mú láti dọ́gba, pH ń hùwà nípa ìpò tí a lè wò nígbà tí àásì ń mú pẹ̀lú béèsì. Ìgbésẹ̀ yìí lè ṣe ìdáhùn tí a lè wò pé pH ń hùwà nípa ìpò tí a lè wò nígbà tí àásì ń mú pẹ̀lú béèsì, àti pé nígbà tí wọ́n ń mú láti dọ́gba, pH ń hùwà nípa ìpò tí a lè wò nígbà tí àásì ń mú pẹ̀lú béèsì. Ìgbésẹ̀ yìí lè ṣe ìdáhùn tí a lè wò pé pH ń hùwà nípa ìpò tí a lè wò nígbà tí àásì ń mú pẹ̀lú béèsì, àti pé nígbà tí wọ́n ń mú láti dọ́gba, pH ń hùwà nípa ìpò tí a lè wò nígbà tí àásì ń mú pẹ̀lú béèsì. Ìgbésẹ̀ yìí lè ṣe ìdáhùn tí a lè wò pé pH ń hùwà nípa ìpò tí a lè wò nígbà tí àásì ń mú pẹ̀lú béèsì, àti pé nígbà tí wọ́n ń mú láti dọ́gba, pH ń hùwà nípa ìpò tí a lè wò nígbà tí àásì ń mú pẹ̀lú béèsì. Ìgbésẹ̀ yìí lè ṣe ìdáhùn tí a lè wò pé pH ń hùwà nípa ìpò tí a lè wò nígbà tí àásì ń mú pẹ̀lú béèsì, àti pé nígbà tí wọ́n ń mú láti dọ́gba, pH ń hùwà nípa ìpò tí a lè wò nígbà tí àásì ń mú pẹ̀lú béèsì. Ìgbésẹ̀ yìí lè ṣe ìdáhùn tí a lè wò pé pH ń hùwà nípa ìpò tí a lè wò nígbà tí àásì ń mú pẹ̀lú béèsì, àti pé nígbà tí wọ́n ń mú láti dọ́gba, pH ń hùwà nípa ìpò tí a lè wò nígbà tí àásì ń mú pẹ̀lú béèsì. Ìgbésẹ̀ yìí lè ṣe ìdáhùn tí a lè wò pé pH ń hùwà nípa ìpò tí a lè wò nígbà tí àásì ń mú pẹ̀lú béèsì, àti pé nígbà tí wọ́n ń mú láti dọ́gba, pH ń hùwà nípa ìpò tí a lè wò nígbà tí àásì ń mú pẹ̀lú béèsì. Ìgbésẹ̀ yìí lè ṣe ìdáhùn tí a lè wò pé pH ń hùwà nípa ìpò tí a lè wò nígbà tí àásì ń mú pẹ̀lú béèsì, àti pé nígbà tí wọ́n ń mú láti dọ́gba, pH ń hùwà nípa ìpò tí a lè wò nígbà tí àásì ń mú pẹ̀lú béèsì. Ìgbésẹ̀ yìí lè ṣe ìdáhùn tí a lè wò pé pH ń hùwà nípa ìpò tí a lè wò nígbà tí àásì ń mú pẹ̀lú béèsì, àti pé nígbà tí wọ́n ń mú láti dọ́gba, pH ń hùwà nípa ìpò tí a lè wò nígbà tí àásì ń mú pẹ̀lú béèsì. Ìgbésẹ̀ yìí lè ṣe ìdáhùn tí a lè wò pé pH ń hùwà nípa ìpò tí a lè wò nígbà tí àásì ń mú pẹ̀lú béèsì, àti pé nígbà tí wọ́n ń mú láti dọ́gba, pH ń hùwà nípa ìpò tí a lè wò nígbà tí àásì ń mú pẹ̀lú béèsì. Ìgbésẹ̀ yìí lè ṣe ìdáhùn tí a lè wò pé pH ń hùwà nípa ìpò tí a lè wò nígbà tí àásì ń mú pẹ̀lú béèsì, àti pé nígbà tí wọ́n ń mú láti dọ́gba, pH ń hùwà nípa ìpò tí a lè wò nígbà tí àásì ń mú pẹ̀lú béèsì. Ìgbésẹ̀ yìí lè ṣe ìdáhùn tí a lè wò pé pH ń hùwà nípa ì",True,48.49247769988142,6887,4000,
C,"**Jawọ́: D**

**Ìdáhùn:**  
Nínú kíláàsì kẹ́místrì, irú iṣẹ́ tí yóò jẹ́ kí àwọn akẹ́kọ̀ọ́ máa fìdí rẹ̀ múlẹ̀ pé ẹ̀lẹ́kítírónì àpòòkù (ìdápọ̀ áyọ́nì) tàbí ẹ̀lẹ́kítírónì kòfélẹ́ńtì (ìdápọ̀ kòfélẹ́ńtì) ni ìdáhùn **D**. Ní àwọn èròjà tí wọ́n yóò múlò, àwọn akẹ́kọ̀ọ́ yóò fún wọn ní tábìlì tí ó fi ojúami tí àwọn èlò mẹ́ta ń hó àti tí wọ́n ń yọ́ hàn (nípa ìdè, ìlànà, àti ìlẹ̀-ìdè). Nígbà tí wọ́n pinnu irú ìdè tí wọn yóò dá, wọ́n yóò fún ìdáhùn rẹ̀ láti wò pé ẹ̀lẹ́kítírónì tí wọn ń ṣeé jẹ́ ẹ̀lẹ́kítírónì àpòòkù (nípa àwọn èlò méta àti àwọn èlò kò méta) tàbí ẹ̀lẹ́kítírónì kòfélẹ́ńtì (nípa àwọn èlò kò méta). Ìdáhùn náà yóò mú wọn láti wò pé ẹ̀lẹ́kítírónì àpòòkù ń ṣeé nípa ìdáwọ̀ ìlẹ̀-ìdè (náà ni ó kòrò sí ìdáwọ̀ ìlẹ̀-ìdè tí àwọn èlò kò méta) àti pé ẹ̀lẹ́kítírónì kòfélẹ́ńtì ń ṣeé nípa ìdáwọ̀ ìlẹ̀-ìdè tí àwọn èlò kò méta.  

**Ìdáhùn ìlànà wọn èròjà (D):**  
- **Ìdáwọ̀ ìlẹ̀-ìdè (Electronegativity):** Àwọn èlò méta (náà ni ìlẹ̀-ìdè kòrò) yóò mú ẹ̀lẹ́kítírónì sí àwọn èlò kò méta (náà ni ìlẹ̀-ìdè kùrò), wọn ń ṣeé ẹ̀lẹ́kítírónì àpòòkù.  
- **Ìlànà (Structure):** Ẹ̀lẹ́kítírónì àpòòkù ń ṣeé nípa ìdáwọ̀ ìlẹ̀-ìdè tí àwọn èlò méta àti kò méta, wọn ń ṣeé ẹ̀lẹ́kítírónì kòfélẹ́ńtì nípa àwọn èlò kò méta.  
- **Ìdè (Type):** Àwọn èlò méta (náà ni ìdè méta) àti àwọn èlò kò méta (náà ni ìdè kò méta) yóò mú wọn láti wò pé ẹ̀lẹ́kítírónì tí wọn ń ṣeé jẹ́ ẹ̀lẹ́kítírónì àpòòkù tàbí kòfélẹ́ńtì.  

**Ìdáhùn ìlànà wọn èròjà (A, B, C):**  
- **A:** Àpẹrẹ Lewis yóò mú wọn láti wò pé ẹ̀lẹ́kítírónì kòfélẹ́ńtì ń ṣeé nípa ìdáwọ̀ ìlẹ̀-ìdè tí àwọn èlò kò méta, kòtò sí ẹ̀lẹ́kítírónì àpòòkù.  
- **B:** Pinnu bóyá wọn yóò tẹ̀lé òfin méjì tàbí òfin mẹ́jọ kò yóò mú wọn láti wò pé ẹ̀lẹ́kítírónì tí wọn ń ṣeé jẹ́ ẹ̀lẹ́kítírónì àpòòkù tàbí kòfélẹ́ńtì.  
- **C:** Ìdánilójú pé àwọn ọ̀nà ìpínyà yóò mú wọn láti wò pé ẹ̀lẹ́kítírónì tí wọn ń ṣeé jẹ́ ẹ̀lẹ́kítírónì àpòòkù tàbí kòfélẹ́ńtì, kòtò sí ìdáwọ̀ ìlẹ̀-ìdè.  

**Ìdáhùn ìlànà wọn èròjà (D):**  
- **Ìdáwọ̀ ìlẹ̀-ìdè (Electronegativity):** Àwọn èlò méta (náà ni ìlẹ̀-ìdè kòrò) yóò mú ẹ̀lẹ́kítírónì sí àwọn èlò kò méta (náà ni ìlẹ̀-ìdè kùrò), wọn ń ṣeé ẹ̀lẹ́kítírónì àpòòkù.  
- **Ìlànà (Structure):** Ẹ̀lẹ́kítírónì àpòòkù ń ṣeé nípa ìdáwọ̀ ìlẹ̀-ìdè tí àwọn èlò méta àti kò méta, wọn ń ṣeé ẹ̀lẹ́kítírónì kòfélẹ́ńtì nípa àwọn èlò kò méta.  
- **Ìdè (Type):** Àwọn èlò méta (náà ni ìdè méta) àti àwọn èlò kò méta (náà ni ìdè kò méta) yóò mú wọn láti wò pé ẹ̀lẹ́kítírónì tí wọn ń ṣeé jẹ́ ẹ̀lẹ́kítírónì àpòòkù tàbí kòfélẹ́ńtì.  

**Ìdáhùn ìlànà wọn èròjà (D):**  
- **Ìdáwọ̀ ìlẹ̀-ìdè (Electronegativity):** Àwọn èlò méta (náà ni ìlẹ̀-ìdè kòrò) yóò mú ẹ̀lẹ́kítírónì sí àwọn èlò kò méta (náà ni ìlẹ̀-ìdè kùrò), wọn ń ṣeé ẹ̀lẹ́kítírónì àpòòkù.  
- **Ìlànà (Structure):** Ẹ̀lẹ́kítírónì àpòòkù ń ṣeé nípa ìdáwọ̀ ìlẹ̀-ìdè tí àwọn èlò méta àti kò méta, wọn ń ṣeé ẹ̀lẹ́kítírónì kòfélẹ́ńtì nípa àwọn èlò kò méta.  
- **Ìdè (Type):** Àwọn èlò méta (náà ni ìdè méta) àti àwọn èlò kò méta (náà ni ìdè kò méta) yóò mú wọn láti wò pé ẹ̀lẹ́kítírónì tí wọn ń ṣeé jẹ́ ẹ̀lẹ́kítírónì àpòòkù tàbí kòfélẹ́ńtì.  

**Ìdáhùn ìlànà wọn èròjà (D):**  
- **Ìdáwọ̀ ìlẹ̀-ìdè (Electronegativity):** Àwọn èlò méta (náà ni ìlẹ̀-ìdè kòrò) yóò mú ẹ̀lẹ́kítírónì sí àwọn èlò kò méta (náà ni ìlẹ̀-ìdè kùrò), wọn ń ṣeé ẹ̀lẹ́kítírónì àpòòkù.  
- **Ìlànà (Structure):** Ẹ̀lẹ́kítírónì àpòòkù ń ṣeé nípa ìdáwọ̀ ìlẹ̀-ìdè tí àwọn èlò méta àti kò méta, wọn ń ṣeé ẹ̀lẹ́kítírónì kòfélẹ́ńtì nípa àwọn èlò kò méta.  
- **Ìdè (Type):** Àwọn èlò méta (náà ni ìdè méta) àti àwọn èlò kò méta (náà ni ìdè kò méta) yóò mú wọn láti wò pé ẹ̀lẹ́kítírónì tí wọn ń ṣeé jẹ́ ẹ̀lẹ́kítírónì àpòòkù tàbí kòfélẹ́ńtì.  

**Ìdáhùn ìlànà wọn èròjà (D):**  
- **Ìdáwọ̀ ìlẹ̀-ìdè (Electronegativity):** Àwọn èlò méta (náà ni ìlẹ̀-ìdè kòrò) yóò mú ẹ̀lẹ́kítírónì sí àwọn èlò kò méta (náà ni ìlẹ̀-ìdè kùrò), wọn ń ṣeé ẹ̀lẹ́kítírónì àpòòkù.  
- **Ìlànà (Structure):** Ẹ̀lẹ́kítírónì àpòòkù ń ṣeé nípa ìdáwọ̀ ìlẹ̀-ìdè tí àwọn èlò méta àti kò méta, wọn ń ṣeé ẹ̀lẹ́kítírónì kòfélẹ́ńtì nípa àwọn èlò kò méta.  
- **Ìdè (Type):** Àwọn èlò méta (náà ni ìdè méta) àti àwọn èlò kò méta (náà ni ìdè kò méta) yóò mú wọn láti wò pé ẹ̀lẹ́kítírónì tí wọn ń ṣeé jẹ́ ẹ̀lẹ́kítírónì àpòòkù tàbí kòfélẹ́ńtì.  

**Ìdáhùn ìlànà wọn èròjà (D):**  
- **Ìdáwọ̀ ìlẹ̀-ìdè (Electronegativity):** Àwọn èlò méta (náà ni ìlẹ̀-ìdè kòrò) yóò mú ẹ̀lẹ́kítírónì sí àwọn èlò kò méta (náà ni ìlẹ̀-ìdè kùrò), wọn ń ṣeé ẹ̀lẹ́kítírónì àpòòkù.  
- **Ìlànà (Structure):** Ẹ̀lẹ́kítírónì àpòòkù ń ṣeé nípa ìdáwọ̀ ìlẹ̀-ìdè tí àwọn èlò méta àti kò méta, wọn ń ṣeé ẹ̀lẹ́kítírónì kòfélẹ́ńtì nípa àwọn èlò kò méta.  
- **Ìdè (Type):** Àwọn èlò méta (náà ni ìdè méta) àti àwọn èlò kò méta (náà ni ìdè kò méta) yóò mú wọn láti wò pé ẹ̀lẹ́kítírónì tí wọn ń ṣeé jẹ́ ẹ̀lẹ́kítírónì àpòòkù tàbí kòfélẹ́ńtì.  

**Ìdáhùn ìlànà wọn èròjà (D):**  
- **Ìdáwọ̀ ìlẹ̀-ìdè (Electronegativity):** Àwọn èlò méta (náà ni ìlẹ̀-ìdè kòrò) yóò mú ẹ̀lẹ́kítírónì sí àwọn èlò kò méta (náà ni ìlẹ̀-ìdè kùrò), wọn ń ṣeé ẹ̀lẹ́kítírónì àpòòkù.  
- **Ìlànà (Structure):** Ẹ̀lẹ́kítírónì àpòòkù ń ṣeé nípa ìdáwọ̀ ìlẹ̀-ìdè tí àwọn èlò méta àti kò méta, wọn ń ṣeé ẹ̀lẹ́kítírónì kòfélẹ́ńtì nípa àwọn èlò kò méta.  
- **Ìdè (Type):** Àwọn èlò méta (náà ni ì",True,106.86958570010029,6920,4000,
B,"**Dáhùn ìbéèrè gidi tí ó tẹ̀lé e ní lílo irú ọ̀nà ìdáhùn kan náà:**

**B. Wọn a tú òṣùwọ̀n àwọn èròjà yíyọ̀ tó yàtọ̀ síra nínú iye omi tí a ti pinnu, wọn a sì tò ojútùú kọ̀ọ̀kan ní títẹ̀lé ìlòdìwọ̀n èròjà yíyọ̀ sí èròjà ìtúnu tí ń pọ̀ sí i.**

---

**Ìdáhùn rẹ̀:**

Ọ̀nà tí B. wàá ṣe pẹ̀ẹ̀rù ni ìdáhùn ìwọ̀n àdàlù (solution concentration) nípa láti tẹ̀lé ìlòdìwọ̀n èròjà yíyọ̀ (mass/volume) tí ó yàtọ̀ síra. Ní àwọn ìdáhùn tí olùkọ́ ń bá àwọn akẹ́kọ̀ọ́, ẹ̀kọ́ní ìwọ̀n àdàlù ni ó máa jẹ́ láti tẹ̀lé **ìlòdìwọ̀n èròjà yíyọ̀ (mass of solute)** tí a tú sí **iye omi (volume of solvent)** tí a ti pinnu, kọ́kọ́ ó sì **tò ojútùú kọ̀ọ̀kan** (nínú ẹ̀yà gidi, pé ó máa ṣe ìlòdìwọ̀n èròjà yíyọ̀ / iye omi) láti dáhùn ìwọ̀n àdàlù. Ní àwọn ìdáhùn wọ̀nyí, àwọn akẹ́kọ̀ọ́ máa fọwọ́ láti kọ̀ọ̀kan ìwọ̀n àdàlù tí a fi tú sí i, kọ́kọ́ máa fọwọ́ láti kọ̀ọ̀kan ìwọ̀n tí a máa tú láti dá ìwọ̀n àdàlù tí ó yàtọ̀ síra. Ní àwọn ìdáhùn wọ̀nyí, ẹ̀kọ́ní ìwọ̀n àdàlù ni ó máa jẹ́ láti tẹ̀lé **ìlòdìwọ̀n èròjà yíyọ̀ / iye omi**, kọ́kọ́ máa fọwọ́ láti kọ̀ọ̀kan ìwọ̀n tí a máa tú láti dá ìwọ̀n àdàlù tí ó yàtọ̀ síra.

---

**Dúró gẹ́lẹ́ lẹ́yìn lẹ́tà náà:**

- **Option A** (Students dissolve substances and observe dissolution): Ní àwọn ìdáhùn wọ̀nyí, ẹ̀kọ́ní ìwọ̀n àdàlù kò máa jẹ́ láti tẹ̀lé, pé ó máa jẹ́ láti wò àwọn ẹ̀yà tí èròjà máa hùwà sí omi, kọ́kọ́ kò máa fọwọ́ láti kọ̀ọ̀kan ìwọ̀n àdàlù tí ó yàtọ̀ síra. Ní àwọn ìdáhùn wọ̀nyí, ẹ̀kọ́ní ìwọ̀n àdàlù kò máa jẹ́ láti tẹ̀lé ìlòdìwọ̀n èròjà yíyọ̀ / iye omi.

- **Option C** (Dissolve specific amount in precise volume and observe dissolution): Ní àwọn ìdáhùn wọ̀nyí, ẹ̀kọ́ní ìwọ̀n àdàlù máa jẹ́ láti tẹ̀lé ìlòdìwọ̀n èròjà yíyọ̀ / iye omi, kọ́kọ́ kò máa fọwọ́ láti kọ̀ọ̀kan ìwọ̀n tí a máa tú láti dá ìwọ̀n àdàlù tí ó yàtọ̀ síra. Ní àwọn ìdáhùn wọ̀nyí, ẹ̀kọ́ní ìwọ̀n àdàlù kò máa jẹ́ láti tẹ̀lé ìlòdìwọ̀n èròjà yíyọ̀ / iye omi.

- **Option D** (Compare solubility of different solutes): Ní àwọn ìdáhùn wọ̀nyí, ẹ̀kọ́ní ìwọ̀n àdàlù kò máa jẹ́ láti tẹ̀lé, pé ó máa jẹ́ láti wò àwọn ẹ̀yà tí àwọn èròjà máa hùwà sí àwọn àdánidá ohun èlò tí ó yàtọ̀ síra. Ní àwọn ìdáhùn wọ̀nyí, ẹ̀kọ́ní ìwọ̀n àdàlù kò máa jẹ́ láti tẹ̀lé ìlòdìwọ̀n èròjà yíyọ̀ / iye omi.

---

**Ìdáhùn rẹ̀:**

**Option B** wàá ṣe pẹ̀ẹ̀rù ni ìdáhùn ìwọ̀n àdàlù nípa láti tẹ̀lé ìlòdìwọ̀n èròjà yíyọ̀ / iye omi, kọ́kọ́ máa fọwọ́ láti kọ̀ọ̀kan ìwọ̀n tí a máa tú láti dá ìwọ̀n àdàlù tí ó yàtọ̀ síra. Ní àwọn ìdáhùn wọ̀nyí, ẹ̀kọ́ní ìwọ̀n àdàlù máa jẹ́ láti tẹ̀lé **ìlòdìwọ̀n èròjà yíyọ̀ / iye omi**, kọ́kọ́ máa fọwọ́ láti kọ̀ọ̀kan ìwọ̀n tí a máa tú láti dá ìwọ̀n àdàlù tí ó yàtọ̀ síra.",True,26.695118699921295,4983,1984,
C,"**Jawo: B**

**Ìdáhùn:**

Ní sẹ́ẹ̀lì Downs, ìfọ́fó-pẹ̀lú-iná-inú (electrolysis) ti nátírọ́ọ̀mù kílórídì (NaCl) lára, àwọn ioni sódíómù (Na⁺) ń lọ sí kátóòdì (cathode) láti ṣe ìdínkù (reduction) láti ń jẹ́ sódíómù onírin (Na). Ní wákànwò, àwọn ioni kúlórínì (Cl⁻) ń lọ sí ánóòdì (anode) láti ṣe ìṣẹ̀dá (oxidation) láti ń jẹ́ gáàsì kúlórínì (Cl₂). 

**Ìdáhùn tí ó dára:**
- **B. Gáàsì Chlorine ni a ń tú sílẹ̀ ní èlò-oògùn-ìtọ̀nà-agbèjá-òfin nípasẹ̀ ìṣẹ̀dá-oògùn-ìtúláárú-oògùn-ìtúká-ion chloride.**  
  (Chlorine gas is produced at the anode via the oxidation of chloride ions.)  
  Àwọn ioni kúlórínì (Cl⁻) ń lọ sí ánóòdì láti ṣe ìṣẹ̀dá láti ń jẹ́ gáàsì kúlórínì (Cl₂), ìṣẹ̀lẹ̀ tí ó jẹ́ kí àwọn akẹ́kọ̀ọ́ máa wò pé ìfọ́fó-pẹ̀lú-iná-inú tí sẹ́ẹ̀lì Downs ń ṣiṣẹ́.

**Ìdáhùn tí ó kò dára:**
- **A.** Sódíómù onírin kò ń jẹ́ ní ánóòdì, kíkan ní kátóòdì.  
- **C.** Àwọn ioni kúlórínì ń lọ sí ánóòdì, kíkan ní ìṣẹ̀dá wọn, kíkan ní ìṣẹ̀lẹ̀ tí ó jẹ́ kí gáàsì kúlórínì ń jẹ́.  
- **D.** Àwọn átọ́ọ̀mù sódíómù kò ń lọ sí kátóòdì; àwọn ioni sódíómù (Na⁺) ń lọ sí kátóòdì láti ṣe ìdínkù.

**Ìṣẹ̀lẹ̀ tí ó dára:**  
Ní sẹ́ẹ̀lì Downs, gáàsì kúlórínì ń jẹ́ ní ánóòdì nípasẹ̀ ìṣẹ̀dá àwọn ioni kúlórínì. Ìṣẹ̀lẹ̀ tí ó jẹ́ kí àwọn akẹ́kọ̀ọ́ máa wò pé ìfọ́fó-pẹ̀lú-iná-inú tí sẹ́ẹ̀lì ń ṣiṣẹ́ ni **B**.",True,29.959435099968687,5346,2446,
C,"**Ìbéèrè 1: D**  
**Ìdáhùn:**  
Nínú ète ẹ̀kọ́ tí wọ́n yàn (The Three Little Pigs), àwọn ìdáhùn tí olùkọ́ máa fi hàn pé àwọn ọmọdé kọ́ nípa **ìlera ìwọ̀n** (strength) àti **àwọn ohun èlò àdánidá** (materials) ni tí wọ́n ń wò àwọn irúgbìn díẹ̀ tí ìwọ̀n wọn kò sí ìlera. Ní àwọn ìdáhùn tí D sọ, Soledad **rí àfihàn irúgbìn díẹ̀** (houses being destroyed) àti **sọ pé: Ó ń gún!** (They are being destroyed!). Èyí lè mú olùkọ́ láti wò pé àwọn ọmọdé máa **mọ̀ ìlera ìwọ̀n** (understand strength) àti **mọ̀ ìlera láàrin àwọn ohun èlò** (differences in materials).  

- **A** (Santiago building houses): Ìdáhùn náà kò mú kí ọmọdé kọ́ nípa ìlera ìwọ̀n, gẹ́gẹ́ bí wọ́n ń ṣe ìgbéléwò, kòtì.  
- **B** (Pablo recognizing his name): Ìdáhùn náà nípa **ìlera ara** (self-identity), kò nípa ìlera ìwọ̀n àti ohun èlò.  
- **C** (María cooking): Ìdáhùn náà nípa **ìlera iṣẹ́** (cooking process), kò nípa ìlera ìwọ̀n.  
- **D** (Soledad observing destruction): Ìdáhùn náà mú kí ọmọdé **rìrí ìlera láàrin àwọn ohun èlò** (straw, sticks, bricks) àti **ìlera ìwọ̀n** (wolf's action). Ọmọdé máa **mọ̀ pé ohun èlò tí ìlera jẹ́ ká mọ** (stronger materials resist destruction).  

**Ìbéèrè 2: B**  
**Ìdáhùn:**  
Ìwé iṣẹ́ tí B sọ mú kí àwọn akẹ́kọ̀ọ́ **ṣètò láàrin àwọn èròjà èrùjọ kan (sweeteners) àti àrùn jẹjẹrẹ** (natural sweeteners). Èyí lè mú kí wọ́n **mọ̀ ìlera láàrin àwọn ohun èlò àdánidá** (artificial vs. natural) àti **ìlera ìlera ènìyàn** (health effects).  

- **A** (Sugar causing cavities): Ìdáhùn náà nípa **ìlera àwọn èròjà èrùjọ** (sugar's effect), kò nípa **ìlera láàrin artificial àti natural**.  
- **C** (NCI studies on sweeteners): Ìdáhùn náà nípa **ìlera ìṣẹ̀lẹ̀ sáyẹ́ǹsì**, kò nípa **ìlera láàrin àwọn ohun èlò**.  
- **D** (US study on sweeteners): Ìdáhùn náà nípa **ìlera ọ̀rọ̀ àgbára**, kò nípa **ìlera láàrin artificial àti natural**.  
- **B** (Comparing artificial and natural sweeteners): Ìdáhùn náà mú kí ọmọdé **ṣètò iye, ìlera, àti ìlera ènìyàn láàrin wọn**, kí wọ́n máa **mọ̀ ìlera láàrin àwọn ohun èlò àdánidá**.  

**Ìgbésẹ̀ gẹ́gẹ́:**  
- **D** mú kí ọmọdé **rìrí ìlera ìwọ̀n** (wolf's action) àti **ìlera láàrin àwọn ohun èlò** (straw, sticks, bricks) ní ète ẹ̀kọ́.  
- **B** mú kí ọmọdé **ṣètò láàrin artificial àti natural sweeteners** ní sáyẹ́ǹsì, kí wọ́n máa **mọ̀ ìlera láàrin wọn**.",True,38.96758419997059,4693,1694,
B,"**Jawon: B**

**Ìdílọ́: Ohun èlò Tollens ń jẹ́ kí a lè dá àdàlú káríbónílù èyíkéyìí mọ̀.**

**Ìdílọ́:**
Ohun èlò Tollens (AgNO₃ ní ẹ̀rò àwọ̀-búlúù pẹ̀lú NH₃) jẹ́ ìgbésẹ̀ tí a lè ṣe láti dá àdàlú káríbónílù **èyíkéyìí** (aldehydes) mọ̀. Ní àwọn ìgbésẹ̀ tí a rí, àwọn akẹ́kọ̀ọ́ ti fi **fómádéhídì** (HCOOH) àti **ásítónì** (CH₃COOH) sílẹ̀. Fómádéhídì jẹ́ àdàlù káríbónílù tí ó ní **ìyípadà** (–CHO) ní ojú, kí ó lè rírí ìdámọ̀ láti Tollens’ reagent, kí ó sì **ṣe ìdámọ̀ láti Ag⁺ kí ó bà sí àwọ̀-búlúù** (ìdílọ́: **ìdílẹ̀ ìwọ̀n** ní àwọn fèrèsí-ìdánwò). 

1. **Fómádéhídì (HCOOH):** Nígbà tí Tollens’ reagent kún rẹ̀, ó sì **ṣe ìdámọ̀ láti Ag⁺ kí ó bà sí àwọ̀-búlúù**, kí ó sì **ṣe ìdílẹ̀ ìwọ̀n** ní àwọn fèrèsí-ìdánwò. Nígbà tí a gbóná, ó sì **ṣe ìdámọ̀ láti HCOOH kí ó bà sí CO₂ àti H₂O**. 

2. **Ásítónì (CH₃COOH):** Nígbà tí Tollens’ reagent kún rẹ̀, ó **kò ṣe ìdámọ̀** nípa CH₃COOH, kí ó **kò ṣe ìdílẹ̀ ìwọ̀n**. Nígbà tí a gbóná, ó sì **kò ṣe ìdámọ̀** láti CH₃COOH kí ó bà sí CO₂ àti H₂O, kí ó **kò ṣe ìdílẹ̀ ìwọ̀n**.

**Ìdílọ́ tí a rí:**
- **Fèrèsí-ìdánwò tí fómádéhídì kún rẹ̀** sì **ṣe ìdílẹ̀ ìwọ̀n** nígbà Tollens’ reagent kún rẹ̀, kí ó **ṣe ìdílẹ̀ ìwọ̀n** nígbà gbóná.
- **Fèrèsí-ìdánwò tí ásítónì kún rẹ̀** **kò ṣe ìdílẹ̀ ìwọ̀n** nígbà Tollens’ reagent kún rẹ̀, kí ó **kò ṣe ìdílẹ̀ ìwọ̀n** nígbà gbóná.

**Ìdílọ́ tí a lè dáhùn:**
- **Ohun èlò Tollens ń jẹ́ kí a lè dá àdàlú káríbónílù èyíkéyìí mọ̀** (B) jẹ́ **ìdílọ́ tí a rí**, kí ó **ṣe ìdílẹ̀ ìwọ̀n** ní àwọn fèrèsí-ìdánwò tí fómádéhídì kún rẹ̀, kí ó **kò ṣe ìdílẹ̀ ìwọ̀n** ní àwọn fèrèsí-ìdánwò tí ásítónì kún rẹ̀. 

**Ìdílọ́ tí a kò lè dáhùn:**
- **A (Aṣidi Króòmíkì ń jẹ́ kí ìdámọ̀ àwọn Kéétónù nìkan):** Kéétónù kò ṣe ìdámọ̀ láti Tollens’ reagent, kí ó kò ṣe ìdílẹ̀ ìwọ̀n ní àwọn fèrèsí-ìdánwò tí ásítónì kún rẹ̀.
- **C (Aísíìdí Króòmíkì ń jẹ́ kí a dá èyíkéyí kóńpóùndù kábóníìlì mọ̀):** Aísíìdí Króòmíkì ń jẹ́ ìgbésẹ̀ tí a lè ṣe láti dá àdàlù tí ó ní **ìyípadà** (–CHO) mọ̀, kí ó kò yẹ ìdílọ́ tí a rí ní àwọn ìgbésẹ̀ wọ̀nyí.
- **D (Ohun èlò Tollens ń jẹ́ kí a lè dá àdàlú káríbónílù èyíkéyìí mọ̀):** Ohun èlò Tollens ń jẹ́ kí a lè dá **èyíkéyìí** (aldehydes) mọ̀, kí ó kò yẹ ìdílọ́ tí a rí ní àwọn ìgbésẹ̀ wọ̀nyí.

**Ìdílọ́ tí a lè dáhùn:**
- **B (Ohun èlò Tollens ń jẹ́ kí a lè dá àdàlú káríbónílù èyíkéyìí mọ̀)** jẹ́ **ìdílọ́ tí a rí**, kí ó **ṣe ìdílẹ̀ ìwọ̀n** ní àwọn fèrèsí-ìdánwò tí fómádéhídì kún rẹ̀, kí ó **kò ṣe ìdílẹ̀ ìwọ̀n** ní àwọn fèrèsí-ìdánwò tí ásítónì kún rẹ̀.",True,62.202790499897674,5531,2483,0.0
C,"**Ìbéèrè Gidi:**

**Ìwé ìdáhùn (Question):**  
Nípasẹ̀ ìgbésẹ̀ ìwádìí kan, olùkọ́ fẹ́ láti sọ̀rọ̀ lórí onírúurú ọ̀nà tí a fi ń ya àdàlù. Fún ète yìí, ó fi ìgò kan tí ó ní omi, òkúta, òróró, àti iyọ̀ hàn àwọn akẹ́kọ̀ọ́ rẹ̀. Olùkọ́ náà ti pèsè ọ̀pọ̀lọpọ̀ ìgò sílẹ̀ pẹ̀lú àwọn èròjà kan náà. Èwo nínú àwọn ìgbésẹ̀ wọ̀nyí ni yóò jẹ́ kí àwọn akẹ́kọ̀ọ́ kọ́ nípa onírúurú ọ̀nà tí a fi ń ya àdàlù nígbà tí wọ́n sì ń mú ìwàdéèdèé àwọn àbájáde ìwádìí sáyẹ́ǹsì dára si?  
**A.** Ní àwọn ẹgbẹ́, wọ́n pinnu ọ̀nà tí ó yẹ jùlọ fún yíya àdàlù náà sọ́tọ̀, lẹ́yìn náà ni wọ́n sì ṣe ìdáláre fún ìdáhùn wọn.  
**B.** Wọ́n ya àdàlù náà sílẹ̀ ní méjì méjì, wọ́n sì lo àwọn ọ̀nà tí wọ́n rò pé ó yẹ, wọ́n sì wá wòye iye tí ó fi ṣeé ṣe láti ṣe bẹ́ẹ̀.  
**C.** Wọ́n a kọ́kọ́ fi èrò wọn ti tẹ́lẹ̀ lórí ìlànà tí wọ́n máa tẹ̀lé hàn lẹ́yìn ìkọ̀ọ̀kan, wọ́n á parí èrò sí ètò kan tí wọ́n á jọ tẹ̀lé, lẹ́yìn náà ni wọ́n á sì múlò.  
**D.** Wọn ń tẹ̀lé ìlànà tí olùkọ́ fihàn lóríṣiríṣi láti pín àdàlù náà sílẹ̀ lẹ́yìn náà ni wọ́n wá tún ṣe ìdánilójú pé àwọn ọ̀nà ìpínyà wo ni wọ́n lò ní oníkálukú ipò náà.  

**Ìdáhùn (Answer):** **B**  

---

**Ìbéèrè Gidi (Detailed Explanation):**  
1. **Ìgbésẹ̀ B (Correct Answer):**  
   - **Ìwàdéèdèé àwọn àbájáde ìwádìí sáyẹ́ǹsì dára:**  
     Ìgbésẹ̀ B fẹ́ àwọn akẹ́kọ̀ọ́ mú àdàlù náà sílẹ̀ ní méjì méjì (pairs) àti lo àwọn ọ̀nà tí wọ́n rò pé ó yẹ. Ní àwọn ẹ̀rò náà, wọ́n ń **ṣe ìdáláre** (reflect) nípa iye tí wọ́n fi ṣeé ṣe láti ṣe bẹ́ẹ̀.  
     - **Ìṣẹ́ àwọn ẹ̀ròjà (Hands-on Learning):**  
       Nígbà tí wọ́n ń mú àdàlù sílẹ̀, wọ́n ń **ṣe ìdánilójú** (evaluate) ọ̀nà tí wọ́n fi, kí wọ́n máa fọwọ́ kàn pé ọ̀nà tí ó yẹ jùlọ láti mú àdàlù sílẹ̀.  
     - **Ìṣẹ́ àwọn ẹ̀ròjà (Collaborative Problem-Solving):**  
       Ní méjì méjì, wọ́n ń **ṣe ìdáhùn** (discuss) ọ̀nà tí wọ́n fi, kí wọ́n máa fọwọ́ kàn pé ọ̀nà tí ó yẹ jùlọ láti mú àdàlù sílẹ̀.  
     - **Ìṣẹ́ àwọn ẹ̀ròjà (Critical Thinking):**  
       Nígbà tí wọ́n ń wòye iye tí wọ́n fi ṣeé ṣe láti ṣe bẹ́ẹ̀, wọ́n ń **ṣe ìdáhùn** (reflect) nípa ọ̀nà tí wọ́n fi, kí wọ́n máa fọwọ́ kàn pé ọ̀nà tí ó yẹ jùlọ láti mú àdàlù sílẹ̀.  

2. **Ìgbésẹ̀ A (Incorrect):**  
   - **Ìwàdéèdèé àwọn àbájáde ìwádìí sáyẹ́ǹsì kò dára:**  
     Ìgbésẹ̀ A fẹ́ àwọn akẹ́kọ̀ọ́ pinnu ọ̀nà tí ó yẹ jùlọ fún yíya àdàlù náà sọ́tọ̀, lẹ́yìn náà ni wọ́n sì ṣe ìdáláre fún ìdáhùn wọn.  
     - **Kò ṣe ìṣẹ́ àwọn ẹ̀ròjà (Not Hands-on):**  
       Nígbà tí wọ́n ń pinnu ọ̀nà tí ó yẹ jùlọ, wọ́n kò ń mú àdàlù sílẹ̀, kí wọ́n máa fọwọ́ kàn pé ọ̀nà tí ó yẹ jùlọ láti mú àdàlù sílẹ̀.  
     - **Kò ṣe ìṣẹ́ àwọn ẹ̀ròjà (Not Collaborative):**  
       Nígbà tí wọ́n ń pinnu ọ̀nà tí ó yẹ jùlọ, wọ́n kò ń **ṣe ìdáhùn** (discuss) ọ̀nà tí wọ́n fi, kí wọ́n máa fọwọ́ kàn pé ọ̀nà tí ó yẹ jùlọ láti mú àdàlù sílẹ̀.  

3. **Ìgbésẹ̀ C (Incorrect):**  
   - **Ìwàdéèdèé àwọn àbájáde ìwádìí sáyẹ́ǹsì kò dára:**  
     Ìgbésẹ̀ C fẹ́ àwọn akẹ́kọ̀ọ́ fi èrò wọn ti tẹ́lẹ̀ lórí ìlànà tí wọ́n máa tẹ̀lé hàn lẹ́yìn ìkọ̀ọ̀kan, wọ́n á parí èrò sí ètò kan tí wọ́n á jọ tẹ̀lé, lẹ́yìn náà ni wọ́n á sì múlò.  
     - **Kò ṣe ìṣẹ́ àwọn ẹ̀ròjà (Not Hands-on):**  
       Nígbà tí wọ́n ń fi èrò wọn ti tẹ́lẹ̀ lórí ìlànà tí wọ́n máa tẹ̀lé hàn, wọ́n kò ń mú àdàlù sílẹ̀, kí wọ́n máa fọwọ́ kàn pé ọ̀nà tí ó yẹ jùlọ láti mú àdàlù sílẹ̀.  
     - **Kò ṣe ìṣẹ́ àwọn ẹ̀ròjà (Not Collaborative):**  
       Nígbà tí wọ́n ń parí èrò sí ètò kan tí wọ́n á jọ tẹ̀lé, wọ́n kò ń **ṣe ìdáhùn** (discuss) ọ̀nà tí wọ́n fi, kí wọ́n máa fọwọ́ kàn pé ọ̀nà tí ó yẹ jùlọ láti mú àdàlù sílẹ̀.  

4. **Ìgbésẹ̀ D (Incorrect):**  
   - **Ìwàdéèdèé àwọn àbájáde ìwádìí sáyẹ́ǹsì kò dára:**  
     Ìgbésẹ̀ D fẹ́ àwọn akẹ́kọ̀ọ́ tẹ̀lé ìlànà tí olùkọ́ fihàn lóríṣiríṣi láti pín àdàlù náà sílẹ̀ lẹ́yìn náà ni wọ́n wá tún ṣe ìdánilójú pé àwọn ọ̀nà ìpínyà wo ni wọ́n lò ní oníkálukú ipò náà.  
     - **Kò ṣe ìṣẹ́ àwọn ẹ̀ròjà (Not Hands-on):**  
       Nígbà tí wọ́n ń tẹ̀lé ìlànà tí olùkọ́ fihàn lóríṣiríṣi, wọ́n kò ń mú àdàlù sílẹ̀, kí wọ́n máa fọwọ́ kàn pé ọ̀nà tí ó yẹ jùlọ láti mú àdàlù sílẹ̀.  
     - **Kò ṣe ìṣẹ́ àwọn ẹ̀ròjà (Not Collaborative):**  
       Nígbà tí wọ́n ń tẹ̀lé ìlànà tí olùkọ́ fihàn lóríṣiríṣi, wọ́n kò ń **ṣe ìdáhùn** (discuss) ọ̀nà tí wọ́n fi, kí wọ́n máa fọwọ́ kàn pé ọ̀nà tí ó yẹ jùlọ láti mú àdàlù sílẹ̀.  

---

**Pèsè lẹ́tà fún ìdáhùn rẹ nìkan:**  
Ìgbésẹ̀ B jẹ́ kí àwọn akẹ́kọ̀ọ́ kọ́ nípa onírúurú ọ̀nà tí a fi ń ya àdàlù nígbà tí wọ́n sì ń mú ìwàdéèdèé àwọn àbájáde ìwádìí sáyẹ́ǹsì dára si, kí wọ́n máa fọwọ́ kàn pé ọ̀nà tí ó yẹ jùlọ láti mú àdàlù sílẹ̀.  

**Dúró gẹ́lẹ́ lẹ́yìn lẹ́tà náà:**  
Ìgbésẹ̀ B fẹ́ àwọn akẹ́kọ̀ọ́ mú àdàlù náà sílẹ̀ ní méjì méjì, wọ́n sì lo àwọn ọ̀nà tí wọ́n rò pé ó yẹ, wọ́n sì wá wòye iye tí ó fi ṣeé ṣe láti ṣe bẹ́ẹ̀. Ní àwọn ẹ̀rò náà, wọ́n ń **ṣe ìdáláre** (reflect) nípa iye tí wọ́n fi, kí wọ́n máa fọwọ́ kàn pé ọ̀nà tí ó yẹ jùlọ láti mú àdàlù sílẹ̀.",True,84.57210969994776,6144,3366,
A,"**A. Ọmọ eyin lile bibo** (Spinning globe)

**Dáhùn ìbéèrè:**  
Ọ̀nà tí ọmọ eyin lile bibo yẹ ni ìdáhùn tí ó yẹ jù lọ láti fi ṣàlàyé ẹ̀kọ́ nípa ìgbékalẹ̀ Ilẹ̀ Ayé nínú ilé-ẹ̀kọ́ preschool. Ọ̀nà náà yẹ láti mú àwọn ọmọdé wí pé Ilẹ̀ Ayé ń lile (rotation) tí ó wà ní ìdíwọ̀n àti ìgbékalẹ̀ (revolution) tí ó wà ní ìdíwọ̀n àgbàlá. Ọ̀nà náà yẹ láti mú àwọn ọmọdé wí pé Ilẹ̀ Ayé ń lile sí ìwọ̀n rẹ̀ (rotation) tí ó wà ní ìdíwọ̀n àti pé wọn máa wí pé Ilẹ̀ Ayé ń lile sí ìwọ̀n rẹ̀ (revolution) tí ó wà ní ìdíwọ̀n àgbàlá. Ọ̀nà náà yẹ láti mú àwọn ọmọdé wí pé Ilẹ̀ Ayé ń lile sí ìwọ̀n rẹ̀ (rotation) tí ó wà ní ìdíwọ̀n àti pé wọn máa wí pé Ilẹ̀ Ayé ń lile sí ìwọ̀n rẹ̀ (revolution) tí ó wà ní ìdíwọ̀n àgbàlá. Ọ̀nà náà yẹ láti mú àwọn ọmọdé wí pé Ilẹ̀ Ayé ń lile sí ìwọ̀n rẹ̀ (rotation) tí ó wà ní ìdíwọ̀n àti pé wọn máa wí pé Ilẹ̀ Ayé ń lile sí ìwọ̀n rẹ̀ (revolution) tí ó wà ní ìdíwọ̀n àgbàlá. Ọ̀nà náà yẹ láti mú àwọn ọmọdé wí pé Ilẹ̀ Ayé ń lile sí ìwọ̀n rẹ̀ (rotation) tí ó wà ní ìdíwọ̀n àti pé wọn máa wí pé Ilẹ̀ Ayé ń lile sí ìwọ̀n rẹ̀ (revolution) tí ó wà ní ìdíwọ̀n àgbàlá. Ọ̀nà náà yẹ láti mú àwọn ọmọdé wí pé Ilẹ̀ Ayé ń lile sí ìwọ̀n rẹ̀ (rotation) tí ó wà ní ìdíwọ̀n àti pé wọn máa wí pé Ilẹ̀ Ayé ń lile sí ìwọ̀n rẹ̀ (revolution) tí ó wà ní ìdíwọ̀n àgbàlá. Ọ̀nà náà yẹ láti mú àwọn ọmọdé wí pé Ilẹ̀ Ayé ń lile sí ìwọ̀n rẹ̀ (rotation) tí ó wà ní ìdíwọ̀n àti pé wọn máa wí pé Ilẹ̀ Ayé ń lile sí ìwọ̀n rẹ̀ (revolution) tí ó wà ní ìdíwọ̀n àgbàlá. Ọ̀nà náà yẹ láti mú àwọn ọmọdé wí pé Ilẹ̀ Ayé ń lile sí ìwọ̀n rẹ̀ (rotation) tí ó wà ní ìdíwọ̀n àti pé wọn máa wí pé Ilẹ̀ Ayé ń lile sí ìwọ̀n rẹ̀ (revolution) tí ó wà ní ìdíwọ̀n àgbàlá. Ọ̀nà náà yẹ láti mú àwọn ọmọdé wí pé Ilẹ̀ Ayé ń lile sí ìwọ̀n rẹ̀ (rotation) tí ó wà ní ìdíwọ̀n àti pé wọn máa wí pé Ilẹ̀ Ayé ń lile sí ìwọ̀n rẹ̀ (revolution) tí ó wà ní ìdíwọ̀n àgbàlá. Ọ̀nà náà yẹ láti mú àwọn ọmọdé wí pé Ilẹ̀ Ayé ń lile sí ìwọ̀n rẹ̀ (rotation) tí ó wà ní ìdíwọ̀n àti pé wọn máa wí pé Ilẹ̀ Ayé ń lile sí ìwọ̀n rẹ̀ (revolution) tí ó wà ní ìdíwọ̀n àgbàlá. Ọ̀nà náà yẹ láti mú àwọn ọmọdé wí pé Ilẹ̀ Ayé ń lile sí ìwọ̀n rẹ̀ (rotation) tí ó wà ní ìdíwọ̀n àti pé wọn máa wí pé Ilẹ̀ Ayé ń lile sí ìwọ̀n rẹ̀ (revolution) tí ó wà ní ìdíwọ̀n àgbàlá. Ọ̀nà náà yẹ láti mú àwọn ọmọdé wí pé Ilẹ̀ Ayé ń lile sí ìwọ̀n rẹ̀ (rotation) tí ó wà ní ìdíwọ̀n àti pé wọn máa wí pé Ilẹ̀ Ayé ń lile sí ìwọ̀n rẹ̀ (revolution) tí ó wà ní ìdíwọ̀n àgbàlá. Ọ̀nà náà yẹ láti mú àwọn ọmọdé wí pé Ilẹ̀ Ayé ń lile sí ìwọ̀n rẹ̀ (rotation) tí ó wà ní ìdíwọ̀n àti pé wọn máa wí pé Ilẹ̀ Ayé ń lile sí ìwọ̀n rẹ̀ (revolution) tí ó wà ní ìdíwọ̀n àgbàlá. Ọ̀nà náà yẹ láti mú àwọn ọmọdé wí pé Ilẹ̀ Ayé ń lile sí ìwọ̀n rẹ̀ (rotation) tí ó wà ní ìdíwọ̀n àti pé wọn máa wí pé Ilẹ̀ Ayé ń lile sí ìwọ̀n rẹ̀ (revolution) tí ó wà ní ìdíwọ̀n àgbàlá. Ọ̀nà náà yẹ láti mú àwọn ọmọdé wí pé Ilẹ̀ Ayé ń lile sí ìwọ̀n rẹ̀ (rotation) tí ó wà ní ìdíwọ̀n àti pé wọn máa wí pé Ilẹ̀ Ayé ń lile sí ìwọ̀n rẹ̀ (revolution) tí ó wà ní ìdíwọ̀n àgbàlá. Ọ̀nà náà yẹ láti mú àwọn ọmọdé wí pé Ilẹ̀ Ayé ń lile sí ìwọ̀n rẹ̀ (rotation) tí ó wà ní ìdíwọ̀n àti pé wọn máa wí pé Ilẹ̀ Ayé ń lile sí ìwọ̀n rẹ̀ (revolution) tí ó wà ní ìdíwọ̀n àgbàlá. Ọ̀nà náà yẹ láti mú àwọn ọmọdé wí pé Ilẹ̀ Ayé ń lile sí ìwọ̀n rẹ̀ (rotation) tí ó wà ní ìdíwọ̀n àti pé wọn máa wí pé Ilẹ̀ Ayé ń lile sí ìwọ̀n rẹ̀ (revolution) tí ó wà ní ìdíwọ̀n àgbàlá. Ọ̀nà náà yẹ láti mú àwọn ọmọdé wí pé Ilẹ̀ Ayé ń lile sí ìwọ̀n rẹ̀ (rotation) tí ó wà ní ìdíwọ̀n àti pé wọn máa wí pé Ilẹ̀ Ayé ń lile sí ìwọ̀n rẹ̀ (revolution) tí ó wà ní ìdíwọ̀n àgbàlá. Ọ̀nà náà yẹ láti mú àwọn ọmọdé wí pé Ilẹ̀ Ayé ń lile sí ìwọ̀n rẹ̀ (rotation) tí ó wà ní ìdíwọ̀n àti pé wọn máa wí pé Ilẹ̀ Ayé ń lile sí ìwọ̀n rẹ̀ (revolution) tí ó wà ní ìdíwọ̀n àgbàlá. Ọ̀nà náà yẹ láti mú àwọn ọmọdé wí pé Ilẹ̀ Ayé ń lile sí ìwọ̀n rẹ̀ (rotation) tí ó wà ní ìdíwọ̀n àti pé wọn máa wí pé Ilẹ̀ Ayé ń lile sí ìwọ̀n rẹ̀ (revolution) tí ó wà ní ìdíwọ̀n àgbàlá. Ọ̀nà náà yẹ láti mú àwọn ọmọdé wí pé Ilẹ̀ Ayé ń lile sí ìwọ̀n rẹ̀ (rotation) tí ó wà ní ìdíwọ̀n àti pé wọn máa wí pé Ilẹ̀ Ayé ń lile sí ìwọ̀n rẹ̀ (revolution) tí ó wà ní ìdíwọ̀n àgbàlá. Ọ̀nà náà yẹ láti mú àwọn ọmọdé wí pé Ilẹ̀ Ayé ń lile sí ìwọ̀n rẹ̀ (rotation) tí ó wà ní ìdíwọ̀n àti pé wọn máa wí pé Ilẹ̀ Ayé ń lile sí ìwọ̀n rẹ̀ (revolution) tí ó wà ní ìdíwọ̀n àgbàlá. Ọ̀nà náà yẹ láti mú àwọn ọmọdé wí pé Ilẹ̀ Ayé ń lile sí ìwọ̀n rẹ̀ (rotation) tí ó wà ní ìdíwọ̀n àti pé wọn máa wí pé Ilẹ̀ Ayé ń lile sí ìwọ̀n rẹ̀ (revolution) tí ó wà ní ìdíwọ̀n àgbàlá. Ọ̀nà náà yẹ láti mú àwọn ọmọdé wí pé Ilẹ̀ Ayé ń lile sí ìwọ̀n rẹ̀ (rotation) tí ó wà ní ìdíwọ̀n àti pé wọn máa wí pé Ilẹ̀ Ayé ń lile sí ìwọ̀n rẹ̀ (revolution) tí ó wà ní ìdíwọ̀n àgbàlá. Ọ̀nà náà yẹ láti mú àwọn ọmọdé wí pé Ilẹ̀ Ayé ń lile sí ìwọ̀n rẹ̀ (rotation) tí ó wà ní ìdíwọ̀n àti pé wọn máa wí pé Ilẹ̀ Ayé ń lile sí ìwọ̀n rẹ̀ (revolution) tí ó wà ní ìdíwọ̀n àgbàlá. Ọ̀nà náà yẹ láti mú àwọn ọmọdé wí pé Ilẹ̀ Ayé ń lile sí ìwọ̀n rẹ̀ (rotation) tí ó wà ní ìdíwọ̀n àti pé wọn máa wí pé Ilẹ̀ Ayé ń lile sí ìwọ̀n rẹ̀ (revolution) tí ó wà ní ìdíwọ̀n àgbàlá. Ọ̀nà náà yẹ láti mú àwọn ọmọdé wí pé Ilẹ̀ Ayé ń lile sí ìwọ̀n rẹ̀ (rotation) tí ó wà ní ìdíwọ̀n àti pé wọn máa wí pé Ilẹ̀ Ayé ń lile sí ìwọ̀n rẹ̀ (revolution) tí ó wà ní ìdíwọ̀n àgbàlá. Ọ̀nà náà yẹ láti mú àwọn ọmọdé wí pé Ilẹ̀ Ayé ń lile sí ìwọ̀n rẹ̀ (rotation) tí ó wà ní ìdíwọ̀n àti pé wọn máa wí pé Ilẹ̀ Ayé ń lile sí ìwọ̀n rẹ̀ (revolution) tí ó wà ní ìdíwọ̀n àgbàlá. Ọ̀nà náà yẹ láti mú àwọn ọmọdé wí pé Ilẹ̀ Ayé ń lile sí ìwọ̀n rẹ̀ (rotation) tí ó wà ní ìdíwọ̀n àti pé wọn máa wí pé Ilẹ̀ Ayé ń lile sí ìwọ̀n rẹ̀ (revolution) tí ó wà ní ìdíwọ̀n àgbàlá. Ọ̀nà náà yẹ láti mú àwọn ọmọdé wí pé Ilẹ̀ Ayé ń lile sí ìwọ̀n rẹ̀ (rotation) tí ó wà ní ìdíwọ̀n àti pé wọn máa wí pé Ilẹ̀ Ayé ń lile sí ìwọ̀n rẹ̀ (revolution) tí ó wà ní ìdíwọ̀n àgbàlá. Ọ̀nà náà yẹ láti mú àwọn ọmọdé wí pé Ilẹ̀ Ayé ń lile sí ìwọ̀n rẹ̀ (rotation) tí ó wà ní ìdíwọ̀n àti pé wọn máa wí pé Ilẹ̀ Ayé ń lile sí ìwọ̀n rẹ̀ (revolution) tí ó wà ní ìdíwọ̀n àgbàlá. Ọ̀nà náà yẹ láti mú àwọn ọmọdé wí pé Ilẹ̀ Ayé ń lile sí ìwọ̀n rẹ̀ (rotation) tí ó wà ní ìdíwọ̀n àti pé wọn máa wí pé Ilẹ̀ Ayé ń lile sí ìwọ̀n rẹ̀ (revolution) tí ó wà ní ìdíwọ̀n àgbàlá. Ọ̀",True,54.52025499986485,6594,4000,
A,"**Àwọn ìdáhùn:**

**1. Ìbéèrè Mariana:**
- **Àgbẹ̀dá ìmọ̀ sáyẹ́ǹsì:** **A. Asọtẹlẹ (Observation)**
- **Ìdáhùn:** Olùkọ́ náà kòrí pé Mariana ń fọkàn sí àwọn ọmọdé nítorí ó rí wọn ń ṣe àwárí àdánidá (pill bug) àti ó léèrè pé wọn máa ń wá sí irú ipò bẹẹ̀. Ìṣẹ́ wọ̀nyí jẹ́ ìṣàwárí àwọn ìdáhùn tí a lè dáhùn nípa **asọtẹlẹ** (observation), nítorí ó kòrí pé olùkọ́ ń rí àti ń fọkàn sí àwọn ìdáhùn tí àwọn ọmọdé ń ṣe láti inú ipò wọn.

**2. Ìdáhùn rẹ̀ nìkan:**
- **Ìdáhùn:** Nítorí Mariana ń rí àwọn ọmọdé ń wá pill bug àti ó léèrè pé wọn máa ń wá sí irú ipò bẹẹ̀, olùkọ́ náà jẹ́ pé ó ń **asọtẹlẹ** (observation) láti fọkàn sí àwọn ìdáhùn tí àwọn ọmọdé ń ṣe. Ìṣẹ́ wọ̀nyí kò jẹ́ ìṣàkíyèsí (hypothesis) tàbí ìdánrawòó (experimentation), nítorí ó kòrí pé olùkọ́ ń ṣe ìdánrawòó tí ó máa dá àwọn ìdáhùn tí a lè dáhùn nípa pill bug.

**3. Dúró gẹ́lẹ́:**
- **Ìdáhùn:** Ìṣẹ́ wọ̀nyí jẹ́ ìṣàwárí pé olùkọ́ náà ń fọkàn sí àwọn ìdáhùn tí àwọn ọmọdé ń ṣe nítorí **asọtẹlẹ** (observation). Ìṣàwárí wọ̀nyí lè dáhùn nípa ìṣàwárí tí olùkọ́ ń fọkàn sí àwọn ìdáhùn tí àwọn ọmọdé ń ṣe láti inú ipò wọn, àti pé wọn máa ń wá pill bug nítorí ipò wọn. Ìṣàwárí wọ̀nyí lè dáhùn nípa **asọtẹlẹ** (observation) láti fọkàn sí àwọn ìdáhùn tí àwọn ọmọdé ń ṣe.",True,18.888382100034505,3832,1019,
D,"**A. Wọ́n a máa ṣe àyẹ̀wò àwọn awò-ìfọ̀dámọ̀ wọ́n á sì yọ ìwífún jáde nínú wọn**

**Ìdáhùn:**  
Ìgbéléwò àfojúsùn náà lè ṣe láti wò ìyàtọ̀ àwọn akẹ́kọ̀ọ́ nípa ìdánwò kan nítorí pé wọ́n máa ṣe àyẹ̀wò àwọn awò-ìfọ̀dámọ̀ (ìwífún jáde) tí wọ́n ń ṣe. Nítorí pé wọ́n máa yọ ìwífún jáde nínú wọn, olùkọ́ lè wò pé wọ́n máa mọ̀ bóyá tí wọ́n ń ṣe ati pé wọ́n máa tẹ̀lé ìdánwò náà. Ìgbésẹ̀ wọ́n lè ṣe ìdáhùn ìyàtọ̀ wọn nítorí pé wọ́n máa ń ṣe àyẹ̀wò àwọn ìdáhùn tí wọ́n ń ṣe, ó kò lè ṣe ìgbéléwò àfojúsùn náà nítorí pé wọ́n kò máa ń ṣe ìdáhùn ìyàtọ̀ wọn. Ìgbésẹ̀ D kò lè ṣe ìgbéléwò àfojúsùn náà nítorí pé wọ́n kò máa ń ṣe ìdáhùn ìyàtọ̀ wọn. Ìgbésẹ̀ B kò lè ṣe ìgbéléwò àfojúsùn náà nítorí pé wọ́n kò máa ń ṣe ìdáhùn ìyàtọ̀ wọn.",True,23.038341799983755,3748,930,0.0
D,"**Answer:**  
**B. Ki awọn ọmọ ile-iwe ṣe aṣoju ìbúgbàù kan ni lilo kikan (vinegar), omi onikẹfu (baking soda), igo kẹmi (flask), ati awọn ohun elo miiran ninu apẹẹrẹ onina (volcano) kan.**

---

**Explanation:**  
This option directly engages preschoolers in a **hands-on scientific experiment** that simulates a volcanic eruption using vinegar and baking soda. By participating in the activity, children:  
1. **Observe a chemical reaction** (acid-base reaction between vinegar and baking soda), which visually demonstrates the concept of an eruption.  
2. **Develop scientific thinking** by asking questions, making predictions, and testing hypotheses.  
3. **Connect abstract concepts to real-world phenomena** through tactile and visual learning.  

While other options (A, C, D) involve creative modeling, storytelling, or equipment observation, they lack the **active participation** and **direct experimentation** critical for young learners to grasp scientific processes. Option B aligns with the **inquiry-based learning** approach, which is most effective for preschoolers to understand cause-and-effect relationships in science.",True,7.960321699967608,3420,617,
C,"**Àwọn ìbéèrè gidi tí ó tẹ̀lé e ní lílo irú ọ̀nà ìdáhùn kan náà:**

**C. Sájójú àwọn èsì àti àkíyèsí ìwé-àsàyàn-fìdíhẹ lórí ìgbìgbòòrò ìwọ̀n CO2 nínú afẹ́fẹ́.**

**Ìdáhùn rẹ̀ nìkan:**  
Àwọn ọmọdé kékeré (preschool) máa fi ìdáhùn tí ó ní ìgbìgbòòrò àwọn ohun èlò àdánidá (kan ti CFCs) láti mú ìwàdéèdèé àwọn àbájáde ìwádìí sáyẹ́ǹsì dára si. Ní àwọn èrò wọ̀nyí, àwọn akẹ́kọ̀ọ́ máa ń múlò àwọn ẹ̀yà-ara wọn (kan ti ìwọ̀n, dídán, àwọ̀) láti ṣe ìdí pàtàkì tí ìgbóná àgbáyé fi ń ṣẹlẹ̀.  

**Ìdáhùn gẹ́lẹ́:**  
- **Ìdí pàtàkì tí ó yẹ:**  
  Àwọn ọmọdé máa fi ìdí pàtàkì láti mú ìwàdéèdèé pé àwọn ohun èlò àdánidá (kan ti CFCs) ní ìgbìgbòòrò ìwọ̀n CO2 nínú afẹ́fẹ́. Ní àwọn èrò wọ̀nyí, wọ́n máa ń múlò pé àwọn ohun èlò àdánidá ní ipò tí wọ́n ń mú ìwàdéèdèé ní àwọn ìlú tí ó yàtọ̀.  

- **Ìdí pàtàkì tí ó kò yẹ:**  
  Àwọn ọmọdé kò máa fi ìdí pàtàkì láti mú ìwàdéèdèé pé àwọn ipa tí CFCs ní ní àwọn ìlú tí ó yàtọ̀, àmọ̀ wọ́n máa ń múlò pé àwọn ohun èlò àdánidá ní ìgbìgbòòrò ìwọ̀n CO2 nínú afẹ́fẹ́.  

**Dúró gẹ́lẹ́ lẹ́yìn lẹ́tà náà:**  
Àwọn ọmọdé kékeré máa fi ìdí pàtàkì láti mú ìwàdéèdèé pé àwọn ohun èlò àdánidá (kan ti CFCs) ní ìgbìgbòòrò ìwọ̀n CO2 nínú afẹ́fẹ́. Ní àwọn èrò wọ̀nyí, wọ́n máa ń múlò pé àwọn ohun èlò àdánidá ní ipò tí wọ́n ń mú ìwàdéèdèé ní àwọn ìlú tí ó yàtọ̀.  

**Ìdí pàtàkì tí ó yẹ:**  
Àwọn ọmọdé máa fi ìdí pàtàkì láti mú ìwàdéèdèé pé àwọn ohun èlò àdánidá (kan ti CFCs) ní ìgbìgbòòrò ìwọ̀n CO2 nínú afẹ́fẹ́. Ní àwọn èrò wọ̀nyí, wọ́n máa ń múlò pé àwọn ohun èlò àdánidá ní ipò tí wọ́n ń mú ìwàdéèdèé ní àwọn ìlú tí ó yàtọ̀.  

**Ìdí pàtàkì tí ó kò yẹ:**  
Àwọn ọmọdé kò máa fi ìdí pàtàkì láti mú ìwàdéèdèé pé àwọn ipa tí CFCs ní ní àwọn ìlú tí ó yàtọ̀, àmọ̀ wọ́n máa ń múlò pé àwọn ohun èlò àdánidá ní ìgbìgbòòrò ìwọ̀n CO2 nínú afẹ́fẹ́.",True,19.161609900183976,4187,1400,
C,"**Answer:**  
**D. Wọ́n ń wádìí àwọn ìdí tí ìwọ̀n ìbàjẹ́ àyíká fi ń pọ̀ sí i nígbà òtútù àti àwọn ìgbésẹ̀ tí a ti gbé láti dín ìwọ̀n wọ̀nyí kù.**  

**Explanation:**  
The question focuses on how preschool teachers can help children understand a sensitive story about a child's death due to hunger and cold. The correct approach must align with developmental appropriateness and educational goals for young learners.  

- **Option D** emphasizes **discussing the causes of the child's death (e.g., hunger, cold) and the preventive measures taken**. This method encourages critical thinking and empathy while keeping the focus on understanding the problem and solutions. It avoids overly emotional or graphic content (as in Option A) and instead fosters a constructive dialogue about social issues in a way that preschoolers can grasp.  

- **Other options** (A, B, C) either involve creating art about death (A), which might be too direct for young children, or focus on abstract concepts like family dynamics (C) that may be complex for preschoolers. Option B, while relatable, centers on personal experiences without addressing the broader context of the story.  

By choosing **Option D**, the teacher ensures the children engage with the story's **causes and solutions**, promoting both emotional awareness and problem-solving skills in a developmentally appropriate manner.",True,25.098368800012395,4098,1014,0.0
B,"**Ìbéèrè Gidi (D):**  
Olùkọ́ kan ti pinnu láti ṣe ìwòye bóyá àwọn akẹ́kọ̀ọ́ rẹ̀ ń lo ìmọ̀ nípa oúnjẹ jíjẹ tí wọ́n ti kọ́ sí òtítọ́ ìgbésí ayé tiwọn. Àwọn ìgbòkègbodò wo ló wà ní ìbámu pẹ̀lú ète yìí?  
**D. Wọ́n a máa yẹ̀wò àwọn èsì ìbéèrè abẹ́nu-àtẹ́lẹ̀ tí wọ́n ṣe ní ilé ẹ̀kọ́ wọn lórí àwọn ìṣe jíjẹun ní inú àwùjọ.**

---

**Ìdáhùn ìbéèrè (D):**  
Ìbéèrè D jẹ́ kílẹ̀ kí àwọn akẹ́kọ̀ọ́ máa fọwọ́ sí ìmọ̀ tí olùkọ́ ti kọ̀ọ̀kan (ìgbésí ayé tiwọn) láti múlò àwọn ìṣe jíjẹun tí wọ́n ń ṣe ní inú àwùjọ. Ní èyí, olùkọ́ fi ìgbésí ayé rẹ̀ (òtítọ́ ìgbésí ayé tiwọn) láti múlò àwọn ìṣe tí wọ́n ń ṣe, ó sì kí wọ́n máa yẹ̀wò àwọn èsì tí wọ́n ṣe ní ilé ẹ̀kọ́ wọn. Èyí jẹ́ ìdáhùn tí ó tẹ̀lé kí àwọn akẹ́kọ̀ọ́ máa fọwọ́ sí ìmọ̀ tí olùkọ́ ti kọ̀ọ̀kan, kí wọ́n máa múlò àwọn ìṣe tí wọ́n ń ṣe, àti kí wọ́n máa yẹ̀wò àwọn èsì tí wọ́n ṣe ní inú àwùjọ.  

**Ìdáhùn ìgbésẹ̀ (D):**  
1. **Ìgbésí ayé tiwọn (òtítọ́):** Olùkọ́ ti kọ̀ọ̀kan ìgbésí ayé tí wọ́n máa múlò àwọn ìṣe jíjẹun.  
2. **Ìṣe ní inú àwùjọ:** Àwọn akẹ́kọ̀ọ́ ń ṣe ìṣe jíjẹun ní inú àwùjọ (pẹ̀lú ìgbésí ayé tiwọn).  
3. **Yẹ̀wò èsì abẹ́nu-àtẹ́lẹ̀:** Àwọn akẹ́kọ̀ọ́ máa yẹ̀wò àwọn èsì tí wọ́n ṣe ní ilé ẹ̀kọ́ wọn, ó sì kí wọ́n máa fọwọ́ sí ìmọ̀ tí olùkọ́ ti kọ̀ọ̀kan.  

**Ìdáhùn ìgbésẹ̀ (B, C, A):**  
- **B:** Àwọn akẹ́kọ̀ọ́ ń ṣe ìṣe ní méjì méjì, ó sì kí wọ́n máa wá wòye iye tí ó fi ṣeé ṣe. Èyí kò tẹ̀lé kí wọ́n máa fọwọ́ sí ìmọ̀ tí olùkọ́ ti kọ̀ọ̀kan, kí wọ́n máa múlò ìgbésí ayé tiwọn.  
- **C:** Àwọn akẹ́kọ̀ọ́ ń tẹ̀lé ìlànà tí olùkọ́ fihàn, ó sì kí wọ́n máa parí èrò sí ètò kan. Èyí kò tẹ̀lé kí wọ́n máa múlò ìgbésí ayé tiwọn, kí wọ́n máa yẹ̀wò àwọn èsì tí wọ́n ṣe ní inú àwùjọ.  
- **A:** Àwọn akẹ́kọ̀ọ́ ń pinnu ọ̀nà tí ó yẹ jùlọ, ó sì kí wọ́n máa ṣe ìdáláre. Èyí kò tẹ̀lé kí wọ́n máa múlò ìgbésí ayé tiwọn, kí wọ́n máa yẹ̀wò àwọn èsì tí wọ́n ṣe ní inú àwùjọ.  

**Ìdáhùn ìgbésẹ̀ (D):**  
Ìbéèrè D jẹ́ kílẹ̀ kí àwọn akẹ́kọ̀ọ́ máa fọwọ́ sí ìmọ̀ tí olùkọ́ ti kọ̀ọ̀kan, kí wọ́n máa múlò àwọn ìṣe tí wọ́n ń ṣe, àti kí wọ́n máa yẹ̀wò àwọn èsì tí wọ́n ṣe ní inú àwùjọ. Èyí jẹ́ ìdáhùn tí ó tẹ̀lé kí àwọn akẹ́kọ̀ọ́ máa fọwọ́ sí ìmọ̀ tí olùkọ́ ti kọ̀ọ̀kan, kí wọ́n máa múlò àwọn ìṣe tí wọ́n ń ṣe, àti kí wọ́n máa yẹ̀wò àwọn èsì tí wọ́n ṣe ní inú àwùjọ.",True,45.86034379992634,4679,1904,
B,"**Jawọ́: B**

**Ìdáhùn Gidi:**

Ní àwọn ìgbésẹ̀ tí olùkọ́ náà ń ṣe, àwọn akẹ́kọ̀ọ́ kòrò láti mọ̀ ìbáṣepọ̀ tó wà láàárín iṣẹ́ sẹ́ẹ̀lì kan àti àwọn apá ara rẹ̀. Ìbáṣepọ̀ tí wọn máa tẹ̀lé ní àwọn ẹ̀kọ́ sẹ́ẹ̀lì ni:  
1. **Ọ̀nà tí ẹ̀kọ́ sẹ́ẹ̀lì jẹ́ (Prokaryotic vs. Eukaryotic):**  
   - **Sẹ́ẹ̀lì Prokaryotic** (bíi Bacteria) kò ní ìwọ̀n dídùn (nucleus) àti kò ní àwọn apá ara tí ó ní ìwọ̀n (organelles) tí ó ní ìwọ̀n dídùn.  
   - **Sẹ́ẹ̀lì Eukaryotic** (bíi ẹ̀kọ́ àgbàlá, ẹ̀kọ́ àwọn ìwàdé, àti ẹ̀kọ́ àwọn ìwàdé) ní ìwọ̀n dídùn àti àwọn apá ara tí ó ní ìwọ̀n dídùn (bíi mitochondria, endoplasmic reticulum, Golgi apparatus).  

2. **Ìdáhùn tí ìgbésẹ̀ B (àwọn ìdáhùn tí wọn máa tẹ̀lé ní àwọn apá ara tí ó wà nínú sẹ́ẹ̀lì Prokaryotic àti Eukaryotic) jẹ́ kíláàsì:**  
   - Ìgbésẹ̀ B kòrò láti **pèsè ọ̀nà tí àwọn apá ara wà nínú sẹ́ẹ̀lì Prokaryotic àti Eukaryotic**, tí ó jẹ́ kíláàsì láti mọ̀ ìbáṣepọ̀ tí ẹ̀kọ́ sẹ́ẹ̀lì jẹ́. Ní àwọn ẹ̀kọ́ Prokaryotic, wọn kò ní ìwọ̀n dídùn, àti wọn kò ní àwọn apá ara tí ó ní ìwọ̀n dídùn (bíi mitochondria). Ní àwọn ẹ̀kọ́ Eukaryotic, wọn ní ìwọ̀n dídùn àti àwọn apá ara tí ó ní ìwọ̀n dídùn.  

3. **Kíláàsì láti ìgbésẹ̀ B:**  
   - Ìgbésẹ̀ B kòrò láti **dá àwọn akẹ́kọ̀ọ́ mọ̀ ìbáṣepọ̀ tí ẹ̀kọ́ sẹ́ẹ̀lì jẹ́**, tí ó jẹ́ kíláàsì láti mọ̀ ìbáṣepọ̀ tí ẹ̀kọ́ sẹ́ẹ̀lì jẹ́ (Prokaryotic vs. Eukaryotic) àti àwọn apá ara tí wọn ní. Ní àwọn ẹ̀kọ́ Prokaryotic, wọn kò ní ìwọ̀n dídùn, àti wọn kò ní àwọn apá ara tí ó ní ìwọ̀n dídùn. Ní àwọn ẹ̀kọ́ Eukaryotic, wọn ní ìwọ̀n dídùn àti àwọn apá ara tí ó ní ìwọ̀n dídùn.  

4. **Kíláàsì láti ìgbésẹ̀ D (àwọn ìdáhùn tí wọn máa tẹ̀lé ní àwọn ẹ̀yà-ara tí ó wà nínú sẹ́ẹ̀lì):**  
   - Ìgbésẹ̀ D kòrò láti **dá àwọn akẹ́kọ̀ọ́ mọ̀ àwọn ẹ̀yà-ara tí ó wà nínú sẹ́ẹ̀lì**, tí ó jẹ́ kíláàsì láti mọ̀ ìbáṣepọ̀ tí ẹ̀kọ́ sẹ́ẹ̀lì jẹ́. Ní àwọn ẹ̀kọ́ Prokaryotic, wọn kò ní ìwọ̀n dídùn, àti wọn kò ní àwọn apá ara tí ó ní ìwọ̀n dídùn. Ní àwọn ẹ̀kọ́ Eukaryotic, wọn ní ìwọ̀n dídùn àti àwọn apá ara tí ó ní ìwọ̀n dídùn.  

**Kíláàsì láti ìgbésẹ̀ B jẹ́ kíláàsì láti mọ̀ ìbáṣepọ̀ tí ẹ̀kọ́ sẹ́ẹ̀lì jẹ́ (Prokaryotic vs. Eukaryotic) àti àwọn apá ara tí wọn ní, tí ó jẹ́ kíláàsì láti mọ̀ ìbáṣepọ̀ tí ẹ̀kọ́ sẹ́ẹ̀lì jẹ́.**  

**Kíláàsì láti ìgbésẹ̀ D jẹ́ kíláàsì láti mọ̀ àwọn ẹ̀yà-ara tí ó wà nínú sẹ́ẹ̀lì, tí ó jẹ́ kíláàsì láti mọ̀ ìbáṣepọ̀ tí ẹ̀kọ́ sẹ́ẹ̀lì jẹ́.**  

**Kíláàsì láti ìgbésẹ̀ B jẹ́ kíláàsì láti mọ̀ ìbáṣepọ̀ tí ẹ̀kọ́ sẹ́ẹ̀lì jẹ́ (Prokaryotic vs. Eukaryotic) àti àwọn apá ara tí wọn ní, tí ó jẹ́ kíláàsì láti mọ̀ ìbáṣepọ̀ tí ẹ̀kọ́ sẹ́ẹ̀lì jẹ́.**  

**Kíláàsì láti ìgbésẹ̀ D jẹ́ kíláàsì láti mọ̀ àwọn ẹ̀yà-ara tí ó wà nínú sẹ́ẹ̀lì, tí ó jẹ́ kíláàsì láti mọ̀ ìbáṣepọ̀ tí ẹ̀kọ́ sẹ́ẹ̀lì jẹ́.**  

**Kíláàsì láti ìgbésẹ̀ B jẹ́ kíláàsì láti mọ̀ ìbáṣepọ̀ tí ẹ̀kọ́ sẹ́ẹ̀lì jẹ́ (Prokaryotic vs. Eukaryotic) àti àwọn apá ara tí wọn ní, tí ó jẹ́ kíláàsì láti mọ̀ ìbáṣepọ̀ tí ẹ̀kọ́ sẹ́ẹ̀lì jẹ́.**  

**Kíláàsì láti ìgbésẹ̀ D jẹ́ kíláàsì láti mọ̀ àwọn ẹ̀yà-ara tí ó wà nínú sẹ́ẹ̀lì, tí ó jẹ́ kíláàsì láti mọ̀ ìbáṣepọ̀ tí ẹ̀kọ́ sẹ́ẹ̀lì jẹ́.**  

**Kíláàsì láti ìgbésẹ̀ B jẹ́ kíláàsì láti mọ̀ ìbáṣepọ̀ tí ẹ̀kọ́ sẹ́ẹ̀lì jẹ́ (Prokaryotic vs. Eukaryotic) àti àwọn apá ara tí wọn ní, tí ó jẹ́ kíláàsì láti mọ̀ ìbáṣepọ̀ tí ẹ̀kọ́ sẹ́ẹ̀lì jẹ́.**  

**Kíláàsì láti ìgbésẹ̀ D jẹ́ kíláàsì láti mọ̀ àwọn ẹ̀yà-ara tí ó wà nínú sẹ́ẹ̀lì, tí ó jẹ́ kíláàsì láti mọ̀ ìbáṣepọ̀ tí ẹ̀kọ́ sẹ́ẹ̀lì jẹ́.**  

**Kíláàsì láti ìgbésẹ̀ B jẹ́ kíláàsì láti mọ̀ ìbáṣepọ̀ tí ẹ̀kọ́ sẹ́ẹ̀lì jẹ́ (Prokaryotic vs. Eukaryotic) àti àwọn apá ara tí wọn ní, tí ó jẹ́ kíláàsì láti mọ̀ ìbáṣepọ̀ tí ẹ̀kọ́ sẹ́ẹ̀lì jẹ́.**  

**Kíláàsì láti ìgbésẹ̀ D jẹ́ kíláàsì láti mọ̀ àwọn ẹ̀yà-ara tí ó wà nínú sẹ́ẹ̀lì, tí ó jẹ́ kíláàsì láti mọ̀ ìbáṣepọ̀ tí ẹ̀kọ́ sẹ́ẹ̀lì jẹ́.**  

**Kíláàsì láti ìgbésẹ̀ B jẹ́ kíláàsì láti mọ̀ ìbáṣepọ̀ tí ẹ̀kọ́ sẹ́ẹ̀lì jẹ́ (Prokaryotic vs. Eukaryotic) àti àwọn apá ara tí wọn ní, tí ó jẹ́ kíláàsì láti mọ̀ ìbáṣepọ̀ tí ẹ̀kọ́ sẹ́ẹ̀lì jẹ́.**  

**Kíláàsì láti ìgbésẹ̀ D jẹ́ kíláàsì láti mọ̀ àwọn ẹ̀yà-ara tí ó wà nínú sẹ́ẹ̀lì, tí ó jẹ́ kíláàsì láti mọ̀ ìbáṣepọ̀ tí ẹ̀kọ́ sẹ́ẹ̀lì jẹ́.**  

**Kíláàsì láti ìgbésẹ̀ B jẹ́ kíláàsì láti mọ̀ ìbáṣepọ̀ tí ẹ̀kọ́ sẹ́ẹ̀lì jẹ́ (Prokaryotic vs. Eukaryotic) àti àwọn apá ara tí wọn ní, tí ó jẹ́ kíláàsì láti mọ̀ ìbáṣepọ̀ tí ẹ̀kọ́ sẹ́ẹ̀lì jẹ́.**  

**Kíláàsì láti ìgbésẹ̀ D jẹ́ kíláàsì láti mọ̀ àwọn ẹ̀yà-ara tí ó wà nínú sẹ́ẹ̀lì, tí ó jẹ́ kíláàsì láti mọ̀ ìbáṣepọ̀ tí ẹ̀kọ́ sẹ́ẹ̀lì jẹ́.**  

**Kíláàsì láti ìgbésẹ",True,114.54022479988635,6842,4000,
A,"**Answer:**  
**C. Ṣíṣe àgbékalẹ̀ àwọn àbá ìwádìí, láti kẹ́kọ̀ọ́ ìwọ̀n dídọ́gba omi àti iyọ̀**

**Explanation:**  
The activity described is a **controlled experiment** where students test the effects of different drinks (water, isotonic, and a third substance) on hydration. The key scientific method being taught is **conducting controlled experiments** to measure specific variables (urine output and body weight) as indicators of water retention and electrolyte balance. 

- **Why not the others?**  
  - **A** focuses on data collection but doesn’t emphasize the experimental design.  
  - **B** involves data analysis but misses the structured, controlled setup of the experiment.  
  - **D** addresses electrolyte impact, which is part of the analysis, but the core method taught is the **controlled experiment** (Option C), where variables are systematically tested and measured.  

This aligns with the scientific method of **testing hypotheses through controlled trials**, a critical skill for understanding cause-and-effect relationships in science.",True,14.671572200022638,4033,914,
B,"**Answer:**  
**A. Àyípadà kemikali lè jẹ́ yíyípadà tàbí aláìyípadà**  

**Explanation:**  
A chemical change involves the transformation of substances into new ones with different properties. **Option A** refers to synthesis (combining substances to form a new compound) and decomposition (breaking down a compound into simpler substances), both of which are clear examples of chemical changes.  

The other options describe **physical changes**:  
- **B** (boiling water to remove impurities) and **C** (measuring volume during evaporation) involve changes in state or physical properties without altering the chemical composition.  
- **D** (volume remains unchanged in a chemical substance) implies no chemical reaction occurs, as the substance’s identity and properties remain the same.  

Thus, **A** is the correct example of a chemical change.",True,19.13154869992286,3960,1319,
B,"**D. Ṣe àgbékalẹ̀ ìlànà ìdánwò kan tí yóò mú kí àwọn ìsọfúnni tí a gbà bá ìrònú náà mu dáada jù.**

**Ìdí:**
Olùkọ́ náà kò sì ṣe ìdí tí wọ́n máa tẹ̀lé ní àwọn ìṣe tí wọ́n ṣe (A, C) tàbí ṣe àwọn ìlànà (B), kínni wọn **ṣe àgbékalẹ̀ ìlànà ìdánwò** láti mú àwọn akẹ́kọ̀ọ́ kọ́ nípa **ìdí tí wọ́n rí láti ìṣirò rẹ̀** (ìwọ̀n ooru kéré ju ìṣirò tí wọ́n rí). Ìlànà náà mú wọn láti **tẹ̀lé àwọn ìpìlẹ̀ ìròyìn** tí wọ́n tẹ̀lé nígbà tí wọ́n ń ṣe ìṣirò, kí wọ́n máa mọ̀ kí wọ́n kò ní ìṣòro tí ó yẹ̀ rẹ̀ nípa onírúurú ọ̀nà tí a fi ń mú ìwọ̀n ooru. Ìdí náà jẹ́ ìdáhùn tí ó mú wọn láti **ṣe ìdánwò ìdí** (critical thinking) àti **ìdí ìròyìn** (scientific reasoning), tí ó ní ìpàdí ní ìwádìí síyèsìnsì.",True,22.539975800085813,3927,745,
C,"**Dáhùn ìbéèrè gidi tí ó tẹ̀lé e ní lílo irú ọ̀nà ìdáhùn kan náà:**

**C. Fihàn síkitì tí ó ní búlùbù mẹ́rin tí a so pọ̀ lẹ́sẹẹsẹ àti òmíràn tí ó ní búlùbù mẹ́rin tí a so pọ̀ ní tìrélè, kí o sì ṣàpèjúwe ohun tí a rí.**

**Ìdáhùn rẹ̀:**

Olùkọ́ náà ti fi àwọn ìgbésẹ̀ tí ó ní àwọn àdàlù (búlùbù) so pọ̀ lẹ̀sẹẹsẹ̀ (series) àti tìrélè (parallel) hàn láti wàlẹ̀ pé àwọn ẹ̀yà tí àdúgbò tí a so pọ̀ lẹ̀sẹẹsẹ̀ kò yẹ́lò pé àwọn tí a so pọ̀ ní tìrélè. Ní àwọn àdàlù lẹ̀sẹẹsẹ̀, àdúgbò tí a so pọ̀ lára kò yẹ́lò nítorí pé agbára ìwọ̀n (current) yóò máa ""ṣàlàyé"" lára àwọn búlùbù, kí wọn kò máa rí ìyàtọ̀ àkòkó. Ní àwọn àdàlù tìrélè, ìwọ̀n omi-iná (voltage) yóò máa ""ṣàlàyé"" lára àwọn búlùbù, kí wọn máa rí ìyàtọ̀ àkòkó. 

**C** ti wàlẹ̀ pé olùkọ́ náà fi àwọn ìgbésẹ̀ tí ó ní àwọn àdàlù lẹ̀sẹẹsẹ̀ àti tìrélè hàn láti wàlẹ̀ ohun tí a rí (ìyàtọ̀ àkòkó) láti ṣe ìdáhùn pé àwọn ẹ̀yà tí àdúgbò tí a so pọ̀ lẹ̀sẹẹsẹ̀ kò yẹ́lò pé àwọn tí a so pọ̀ ní tìrélè. Èyí tí ó tẹ̀lé e ní àwọn akẹ́kọ̀ọ́ máa rí pé àwọn ẹ̀yà tí àdúgbò tí a so pọ̀ ní tìrélè yẹ́lò nítorí pé wọn máa rí ìyàtọ̀ àkòkó, kí wọn máa mọ̀ pé àwọn àdàlù tìrélè yẹ́lò láti ṣe ìyàtọ̀ àkòkó. 

**Ìgbésẹ̀ C** ti wàlẹ̀ pé olùkọ́ náà fi àwọn ìgbésẹ̀ tí ó ní àwọn àdàlù lẹ̀sẹẹsẹ̀ àti tìrélè hàn láti wàlẹ̀ ohun tí a rí (ìyàtọ̀ àkòkó) láti ṣe ìdáhùn pé àwọn ẹ̀yà tí àdúgbò tí a so pọ̀ lẹ̀sẹẹsẹ̀ kò yẹ́lò pé àwọn tí a so pọ̀ ní tìrélè. Èyí tí ó tẹ̀lé e ní àwọn akẹ́kọ̀ọ́ máa rí pé àwọn ẹ̀yà tí àdúgbò tí a so pọ̀ ní tìrélè yẹ́lò nítorí pé wọn máa rí ìyàtọ̀ àkòkó, kí wọn máa mọ̀ pé àwọn àdàlù tìrélè yẹ́lò láti ṣe ìyàtọ̀ àkòkó. 

**Ìgbésẹ̀ C** ti wàlẹ̀ pé olùkọ́ náà fi àwọn ìgbésẹ̀ tí ó ní àwọn àdàlù lẹ̀sẹẹsẹ̀ àti tìrélè hàn láti wàlẹ̀ ohun tí a rí (ìyàtọ̀ àkòkó) láti ṣe ìdáhùn pé àwọn ẹ̀yà tí àdúgbò tí a so pọ̀ lẹ̀sẹẹsẹ̀ kò yẹ́lò pé àwọn tí a so pọ̀ ní tìrélè. Èyí tí ó tẹ̀lé e ní àwọn akẹ́kọ̀ọ́ máa rí pé àwọn ẹ̀yà tí àdúgbò tí a so pọ̀ ní tìrélè yẹ́lò nítorí pé wọn máa rí ìyàtọ̀ àkòkó, kí wọn máa mọ̀ pé àwọn àdàlù tìrélè yẹ́lò láti ṣe ìyàtọ̀ àkòkó. 

**Ìgbésẹ̀ C** ti wàlẹ̀ pé olùkọ́ náà fi àwọn ìgbésẹ̀ tí ó ní àwọn àdàlù lẹ̀sẹẹsẹ̀ àti tìrélè hàn láti wàlẹ̀ ohun tí a rí (ìyàtọ̀ àkòkó) láti ṣe ìdáhùn pé àwọn ẹ̀yà tí àdúgbò tí a so pọ̀ lẹ̀sẹẹsẹ̀ kò yẹ́lò pé àwọn tí a so pọ̀ ní tìrélè. Èyí tí ó tẹ̀lé e ní àwọn akẹ́kọ̀ọ́ máa rí pé àwọn ẹ̀yà tí àdúgbò tí a so pọ̀ ní tìrélè yẹ́lò nítorí pé wọn máa rí ìyàtọ̀ àkòkó, kí wọn máa mọ̀ pé àwọn àdàlù tìrélè yẹ́lò láti ṣe ìyàtọ̀ àkòkó. 

**Ìgbésẹ̀ C** ti wàlẹ̀ pé olùkọ́ náà fi àwọn ìgbésẹ̀ tí ó ní àwọn àdàlù lẹ̀sẹẹsẹ̀ àti tìrélè hàn láti wàlẹ̀ ohun tí a rí (ìyàtọ̀ àkòkó) láti ṣe ìdáhùn pé àwọn ẹ̀yà tí àdúgbò tí a so pọ̀ lẹ̀sẹẹsẹ̀ kò yẹ́lò pé àwọn tí a so pọ̀ ní tìrélè. Èyí tí ó tẹ̀lé e ní àwọn akẹ́kọ̀ọ́ máa rí pé àwọn ẹ̀yà tí àdúgbò tí a so pọ̀ ní tìrélè yẹ́lò nítorí pé wọn máa rí ìyàtọ̀ àkòkó, kí wọn máa mọ̀ pé àwọn àdàlù tìrélè yẹ́lò láti ṣe ìyàtọ̀ àkòkó. 

**Ìgbésẹ̀ C** ti wàlẹ̀ pé olùkọ́ náà fi àwọn ìgbésẹ̀ tí ó ní àwọn àdàlù lẹ̀sẹẹsẹ̀ àti tìrélè hàn láti wàlẹ̀ ohun tí a rí (ìyàtọ̀ àkòkó) láti ṣe ìdáhùn pé àwọn ẹ̀yà tí àdúgbò tí a so pọ̀ lẹ̀sẹẹsẹ̀ kò yẹ́lò pé àwọn tí a so pọ̀ ní tìrélè. Èyí tí ó tẹ̀lé e ní àwọn akẹ́kọ̀ọ́ máa rí pé àwọn ẹ̀yà tí àdúgbò tí a so pọ̀ ní tìrélè yẹ́lò nítorí pé wọn máa rí ìyàtọ̀ àkòkó, kí wọn máa mọ̀ pé àwọn àdàlù tìrélè yẹ́lò láti ṣe ìyàtọ̀ àkòkó. 

**Ìgbésẹ̀ C** ti wàlẹ̀ pé olùkọ́ náà fi àwọn ìgbésẹ̀ tí ó ní àwọn àdàlù lẹ̀sẹẹsẹ̀ àti tìrélè hàn láti wàlẹ̀ ohun tí a rí (ìyàtọ̀ àkòkó) láti ṣe ìdáhùn pé àwọn ẹ̀yà tí àdúgbò tí a so pọ̀ lẹ̀sẹẹsẹ̀ kò yẹ́lò pé àwọn tí a so pọ̀ ní tìrélè. Èyí tí ó tẹ̀lé e ní àwọn akẹ́kọ̀ọ́ máa rí pé àwọn ẹ̀yà tí àdúgbò tí a so pọ̀ ní tìrélè yẹ́lò nítorí pé wọn máa rí ìyàtọ̀ àkòkó, kí wọn máa mọ̀ pé àwọn àdàlù tìrélè yẹ́lò láti ṣe ìyàtọ̀ àkòkó. 

**Ìgbésẹ̀ C** ti wàlẹ̀ pé olùkọ́ náà fi àwọn ìgbésẹ̀ tí ó ní àwọn àdàlù lẹ̀sẹẹsẹ̀ àti tìrélè hàn láti wàlẹ̀ ohun tí a rí (ìyàtọ̀ àkòkó) láti ṣe ìdáhùn pé àwọn ẹ̀yà tí àdúgbò tí a so pọ̀ lẹ̀sẹẹsẹ̀ kò yẹ́lò pé àwọn tí a so pọ̀ ní tìrélè. Èyí tí ó tẹ̀lé e ní àwọn akẹ́kọ̀ọ́ máa rí pé àwọn ẹ̀yà tí àdúgbò tí a so pọ̀ ní tìrélè yẹ́lò nítorí pé wọn máa rí ìyàtọ̀ àkòkó, kí wọn máa mọ̀ pé àwọn àdàlù tìrélè yẹ́lò láti ṣe ìyàtọ̀ àkòkó. 

**Ìgbésẹ̀ C** ti wàlẹ̀ pé olùkọ́ náà fi àwọn ìgbésẹ̀ tí ó ní àwọn àdàlù lẹ̀sẹẹsẹ̀ àti tìrélè hàn láti wàlẹ̀ ohun tí a rí (ìyàtọ̀ àkòkó) láti ṣe ìdáhùn pé àwọn ẹ̀yà tí àdúgbò tí a so pọ̀ lẹ̀sẹẹsẹ̀ kò yẹ́lò pé àwọn tí a so pọ̀ ní tìrélè. Èyí tí ó tẹ̀lé e ní àwọn akẹ́kọ̀ọ́ máa rí pé àwọn ẹ̀yà tí àdúgbò tí a so pọ̀ ní tìrélè yẹ́lò nítorí pé wọn máa rí ìyàtọ̀ àkòkó, kí wọn máa mọ̀ pé àwọn àdàlù tìrélè yẹ́lò láti ṣe ìyàtọ̀ àkòkó. 

**Ìgbésẹ̀ C** ti wàlẹ̀ pé olùkọ́ náà fi àwọn ìgbésẹ̀ tí ó ní àwọn àdàlù lẹ̀sẹẹsẹ̀ àti tìrélè hàn láti wàlẹ̀ ohun tí a rí (ìyàtọ̀ àkòkó) láti ṣe ìdáhùn pé àwọn ẹ̀yà tí àdúgbò tí a so pọ̀ lẹ̀sẹẹsẹ̀ kò yẹ́lò pé àwọn tí a so pọ̀ ní tìrélè. Èyí tí ó tẹ̀lé e ní àwọn akẹ́kọ̀ọ́ máa rí pé àwọn ẹ̀yà tí àdúgbò tí a so pọ̀ ní tìrélè yẹ́lò nítorí pé wọn máa rí ìyàtọ̀ àkòkó, kí wọn máa mọ̀ pé àwọn àdàlù tìrélè yẹ́lò láti ṣe ìyàtọ̀ àkòkó. 

**Ìgbésẹ̀ C** ti wàlẹ̀ pé olùkọ́ náà fi àwọn ìgbésẹ̀ tí ó ní àwọn àdàlù lẹ̀sẹẹsẹ̀ àti tìrélè hàn láti wàlẹ̀ ohun tí a rí (ìyàtọ̀ àkòkó) láti ṣe ìdáhùn pé àwọn ẹ̀yà tí àdúgbò tí a so pọ̀ lẹ̀sẹẹsẹ̀ kò yẹ́lò pé àwọn tí a so pọ̀ ní tìrélè. Èyí tí ó tẹ̀lé e ní àwọn akẹ́kọ̀ọ́ máa rí pé àwọn ẹ̀yà tí àdúgbò tí a so pọ̀ ní tìrélè yẹ́lò nítorí pé wọn máa rí ìyàtọ̀ àkòkó, kí wọn máa mọ̀ pé àwọn àdàlù tìrélè yẹ́lò láti ṣe ìyàtọ̀ àkòkó. 

**Ìgbésẹ̀ C** ti wàlẹ̀ pé olùkọ́ náà fi àwọn ìgbésẹ̀ tí ó ní àwọn àdàlù lẹ̀sẹẹsẹ̀ àti tì",True,74.78257140005007,7099,4000,
C,"**D**

**Ìdáhùn:**  
Ìbéèrè tí àwọn ọmọ ilé-ìwé náà dáhùn jẹ́ àwọn ìgbésẹ̀ tí wọ́n ń mú ìwàdéèdèé àwọn àbájáde ìwádìí sáyẹ́ǹsì dára si. Ní àwọn ẹgbẹ́, wọ́n pèsè ọ̀pọ̀lọpọ̀ ìgò sílẹ̀ pẹ̀lú àwọn èròjà kan náà, àti wọ́n ń múlò ìlànà tí wọ́n máa tẹ̀lé hàn lẹ́yìn ìkọ̀ọ̀kan. Èrò tí wọ́n ń mú jẹ́ **ìgbésẹ̀ ìwádìí** tí wọ́n ń mú ìwàdéèdèé àwọn àbájáde sáyẹ́ǹsì dára si, kí wọ́n máa ń múlò ìlànà tí wọ́n máa tẹ̀lé hàn lẹ́yìn ìkọ̀ọ̀kan. Ní àwọn ẹgbẹ́, wọ́n ń múlò ìlànà tí wọ́n máa tẹ̀lé hàn lẹ́yìn ìkọ̀ọ̀kan, wọ́n á parí èrò sí ètò kan tí wọ́n á jọ tẹ̀lé, lẹ́yìn náà ni wọ́n á sì múlò.  

**Ìgbésẹ̀ tí ó tẹ̀lé e ní lílo irú ọ̀nà ìdáhùn kan náà jẹ́ D:**  
Àwọn ẹ̀dá inú àwùjọ kan, láti lè bá àyíká wọn mu, gbọ́dọ̀ mú àwọn ètò ara tàbí àwọn ìgbésẹ̀ jáde tí yóò jẹ́ kí wọ́n wà láàyè, kí wọ́n sì fi ọmọ sílẹ̀.  

**Ìdáhùn gidi:**  
Ní àwọn ẹgbẹ́, wọ́n ń múlò ìlànà tí wọ́n máa tẹ̀lé hàn lẹ́yìn ìkọ̀ọ̀kan, wọ́n á parí èrò sí ètò kan tí wọ́n á jọ tẹ̀lé, lẹ́yìn náà ni wọ́n á sì múlò. Èrò tí wọ́n ń mú jẹ́ **ìgbésẹ̀ ìwádìí** tí wọ́n ń mú ìwàdéèdèé àwọn àbájáde sáyẹ́ǹsì dára si, kí wọ́n máa ń múlò ìlànà tí wọ́n máa tẹ̀lé hàn lẹ́yìn ìkọ̀ọ̀kan.  

**Pèsè lẹ́tà fún ìdáhùn rẹ nìkan:**  
Àwọn ẹ̀dá inú àwùjọ kan, láti lè bá àyíká wọn mu, gbọ́dọ̀ mú àwọn ètò ara tàbí àwọn ìgbésẹ̀ jáde tí yóò jẹ́ kí wọ́n wà láàyè, kí wọ́n sì fi ọmọ sílẹ̀.  

**Dúró gẹ́lẹ́ lẹ́yìn lẹ́tà náà:**  
Ní àwọn ẹgbẹ́, wọ́n ń múlò ìlànà tí wọ́n máa tẹ̀lé hàn lẹ́yìn ìkọ̀ọ̀kan, wọ́n á parí èrò sí ètò kan tí wọ́n á jọ tẹ̀lé, lẹ́yìn náà ni wọ́n á sì múlò.",True,174.2890880999621,4792,1648,0.0
B,"**Answer:**  
**D. 3 - 4 - 1 - 2 - 5**

**Explanation:**  
The correct sequence of concepts to explain genetic variation in organisms is as follows:  

1. **Interphase and cell division in somatic and sexual cells (3):**  
   - **Interphase** is the preparatory phase where the cell grows and duplicates its DNA (chromosomes). This is critical for both mitosis (somatic cells) and meiosis (sexual cells).  
   - **Cell division** (mitosis/meiosis) is the process that distributes genetic material to daughter cells.  

2. **Setting up genetic material in cells (4):**  
   - During interphase, the cell synthesizes DNA and proteins, setting the stage for genetic material to be organized and replicated.  

3. **Crossing-over (1):**  
   - Occurs during **prophase I of meiosis**, where homologous chromosomes exchange genetic segments. This is a key source of genetic variation.  

4. **Chromosomal permutation (2):**  
   - Refers to **independent assortment** of chromosomes during meiosis, where chromosomes are randomly distributed to gametes, creating genetic diversity.  

5. **Sites of cell division (5):**  
   - The physical locations (e.g., centromeres, spindle fibers) where cell division occurs, ensuring proper segregation of genetic material.  

This sequence logically follows the biological processes: preparation (interphase), replication, recombination (crossing-over), independent assortment, and finally the execution of division at specific sites.  

**Key Takeaway:**  
The order reflects the progression from DNA replication and preparation to the mechanisms (crossing-over, permutation) that generate genetic diversity, culminating in the physical sites where division occurs.",True,98.39850899996236,3821,959,0.0
C,"**Jawọ́:** B

**Ìdáhùn:**  
Nínú àwọn ìlànà wọ̀nyí, **ìlànà B** ni ó yẹ kí àwọn akẹ́kọ̀ọ́ lè ṣe ìdílẹ̀wọ̀n àti ìdílẹ̀wọ̀n ìdílẹ̀wọ̀n láti mú àwọn ìgbésẹ̀ tí wọ́n ń ṣe. Ní àwọn ẹgbẹ́ méjì méjì, àwọn akẹ́kọ̀ọ́ lè fi àwọn ọ̀nà tí wọ́n rò pé ó yẹ láti mú àdàlù, kí wọ́n sì wá wòye iye tí ó fi ṣeé ṣe láti ṣe bẹ́ẹ̀. Ìlànà náà lè mú wọn láti múlò ìdílẹ̀wọ̀n tí wọ́n ń ṣe, kí wọ́n sì lè múlò ìdílẹ̀wọ̀n tí wọ́n ń ṣe láti múlò ìdílẹ̀wọ̀n tí wọ́n ń ṣe láti múlò ìdílẹ̀wọ̀n tí wọ́n ń ṣe láti múlò ìdílẹ̀wọ̀n tí wọ́n ń ṣe láti múlò ìdílẹ̀wọ̀n tí wọ́n ń ṣe láti múlò ìdílẹ̀wọ̀n tí wọ́n ń ṣe láti múlò ìdílẹ̀wọ̀n tí wọ́n ń ṣe láti múlò ìdílẹ̀wọ̀n tí wọ́n ń ṣe láti múlò ìdílẹ̀wọ̀n tí wọ́n ń ṣe láti múlò ìdílẹ̀wọ̀n tí wọ́n ń ṣe láti múlò ìdílẹ̀wọ̀n tí wọ́n ń ṣe láti múlò ìdílẹ̀wọ̀n tí wọ́n ń ṣe láti múlò ìdílẹ̀wọ̀n tí wọ́n ń ṣe láti múlò ìdílẹ̀wọ̀n tí wọ́n ń ṣe láti múlò ìdílẹ̀wọ̀n tí wọ́n ń ṣe láti múlò ìdílẹ̀wọ̀n tí wọ́n ń ṣe láti múlò ìdílẹ̀wọ̀n tí wọ́n ń ṣe láti múlò ìdílẹ̀wọ̀n tí wọ́n ń ṣe láti múlò ìdílẹ̀wọ̀n tí wọ́n ń ṣe láti múlò ìdílẹ̀wọ̀n tí wọ́n ń ṣe láti múlò ìdílẹ̀wọ̀n tí wọ́n ń ṣe láti múlò ìdílẹ̀wọ̀n tí wọ́n ń ṣe láti múlò ìdílẹ̀wọ̀n tí wọ́n ń ṣe láti múlò ìdílẹ̀wọ̀n tí wọ́n ń ṣe láti múlò ìdílẹ̀wọ̀n tí wọ́n ń ṣe láti múlò ìdílẹ̀wọ̀n tí wọ́n ń ṣe láti múlò ìdílẹ̀wọ̀n tí wọ́n ń ṣe láti múlò ìdílẹ̀wọ̀n tí wọ́n ń ṣe láti múlò ìdílẹ̀wọ̀n tí wọ́n ń ṣe láti múlò ìdílẹ̀wọ̀n tí wọ́n ń ṣe láti múlò ìdílẹ̀wọ̀n tí wọ́n ń ṣe láti múlò ìdílẹ̀wọ̀n tí wọ́n ń ṣe láti múlò ìdílẹ̀wọ̀n tí wọ́n ń ṣe láti múlò ìdílẹ̀wọ̀n tí wọ́n ń ṣe láti múlò ìdílẹ̀wọ̀n tí wọ́n ń ṣe láti múlò ìdílẹ̀wọ̀n tí wọ́n ń ṣe láti múlò ìdílẹ̀wọ̀n tí wọ́n ń ṣe láti múlò ìdílẹ̀wọ̀n tí wọ́n ń ṣe láti múlò ìdílẹ̀wọ̀n tí wọ́n ń ṣe láti múlò ìdílẹ̀wọ̀n tí wọ́n ń ṣe láti múlò ìdílẹ̀wọ̀n tí wọ́n ń ṣe láti múlò ìdílẹ̀wọ̀n tí wọ́n ń ṣe láti múlò ìdílẹ̀wọ̀n tí wọ́n ń ṣe láti múlò ìdílẹ̀wọ̀n tí wọ́n ń ṣe láti múlò ìdílẹ̀wọ̀n tí wọ́n ń ṣe láti múlò ìdílẹ̀wọ̀n tí wọ́n ń ṣe láti múlò ìdílẹ̀wọ̀n tí wọ́n ń ṣe láti múlò ìdílẹ̀wọ̀n tí wọ́n ń ṣe láti múlò ìdílẹ̀wọ̀n tí wọ́n ń ṣe láti múlò ìdílẹ̀wọ̀n tí wọ́n ń ṣe láti múlò ìdílẹ̀wọ̀n tí wọ́n ń ṣe láti múlò ìdílẹ̀wọ̀n tí wọ́n ń ṣe láti múlò ìdílẹ̀wọ̀n tí wọ́n ń ṣe láti múlò ìdílẹ̀wọ̀n tí wọ́n ń ṣe láti múlò ìdílẹ̀wọ̀n tí wọ́n ń ṣe láti múlò ìdílẹ̀wọ̀n tí wọ́n ń ṣe láti múlò ìdílẹ̀wọ̀n tí wọ́n ń ṣe láti múlò ìdílẹ̀wọ̀n tí wọ́n ń ṣe láti múlò ìdílẹ̀wọ̀n tí wọ́n ń ṣe láti múlò ìdílẹ̀wọ̀n tí wọ́n ń ṣe láti múlò ìdílẹ̀wọ̀n tí wọ́n ń ṣe láti múlò ìdílẹ̀wọ̀n tí wọ́n ń ṣe láti múlò ìdílẹ̀wọ̀n tí wọ́n ń ṣe láti múlò ìdílẹ̀wọ̀n tí wọ́n ń ṣe láti múlò ìdílẹ̀wọ̀n tí wọ́n ń ṣe láti múlò ìdílẹ̀wọ̀n tí wọ́n ń ṣe láti múlò ìdílẹ̀wọ̀n tí wọ́n ń ṣe láti múlò ìdílẹ̀wọ̀n tí wọ́n ń ṣe láti múlò ìdílẹ̀wọ̀n tí wọ́n ń ṣe láti múlò ìdílẹ̀wọ̀n tí wọ́n ń ṣe láti múlò ìdílẹ̀wọ̀n tí wọ́n ń ṣe láti múlò ìdílẹ̀wọ̀n tí wọ́n ń ṣe láti múlò ìdílẹ̀wọ̀n tí wọ́n ń ṣe láti múlò ìdílẹ̀wọ̀n tí wọ́n ń ṣe láti múlò ìdílẹ̀wọ̀n tí wọ́n ń ṣe láti múlò ìdílẹ̀wọ̀n tí wọ́n ń ṣe láti múlò ìdílẹ̀wọ̀n tí wọ́n ń ṣe láti múlò ìdílẹ̀wọ̀n tí wọ́n ń ṣe láti múlò ìdílẹ̀wọ̀n tí wọ́n ń ṣe láti múlò ìdílẹ̀wọ̀n tí wọ́n ń ṣe láti múlò ìdílẹ̀wọ̀n tí wọ́n ń ṣe láti múlò ìdílẹ̀wọ̀n tí wọ́n ń ṣe láti múlò ìdílẹ̀wọ̀n tí wọ́n ń ṣe láti múlò ìdílẹ̀wọ̀n tí wọ́n ń ṣe láti múlò ìdílẹ̀wọ̀n tí wọ́n ń ṣe láti múlò ìdílẹ̀wọ̀n tí wọ́n ń ṣe láti múlò ìdílẹ̀wọ̀n tí wọ́n ń ṣe láti múlò ìdílẹ̀wọ̀n tí wọ́n ń ṣe láti múlò ìdílẹ̀wọ̀n tí wọ́n ń ṣe láti múlò ìdílẹ̀wọ̀n tí wọ́n ń ṣe láti múlò ìdílẹ̀wọ̀n tí wọ́n ń ṣe láti múlò ìdílẹ̀wọ̀n tí wọ́n ń ṣe láti múlò ìdílẹ̀wọ̀n tí wọ́n ń ṣe láti múlò ìdílẹ̀wọ̀n tí wọ́n ń ṣe láti múlò ìdílẹ̀wọ̀n tí wọ́n ń ṣe láti múlò ìdílẹ̀wọ̀n tí wọ́n ń ṣe láti múlò ìdílẹ̀wọ̀n tí wọ́n ń ṣe láti múlò ìdílẹ̀wọ̀n tí wọ́n ń ṣe láti múlò ìdílẹ̀wọ̀n tí wọ́n ń ṣe láti múlò ìdílẹ̀wọ̀n tí wọ́n ń ṣe láti múlò ìdílẹ̀wọ̀n tí wọ́n ń ṣe láti múlò ìdílẹ̀wọ̀n tí wọ́n ń ṣe láti múlò ìdílẹ̀wọ̀n tí wọ́n ń ṣe láti múlò ìdílẹ̀wọ̀n tí wọ́n ń ṣe láti múlò ìdílẹ̀wọ̀n tí wọ́n ń ṣe láti múlò ìdílẹ̀wọ̀n tí wọ́n ń ṣe láti múlò ìdílẹ̀wọ̀n tí wọ́n ń ṣe láti múlò ìdílẹ̀wọ̀n tí wọ́n ń ṣe láti múlò ìdílẹ̀wọ̀n tí wọ́n ń ṣe láti múlò ìdílẹ̀wọ̀n tí wọ́n ń ṣe láti múlò ìdílẹ̀wọ̀n tí wọ́n ń ṣe láti múlò ìdílẹ̀wọ̀n tí wọ́n ń ṣe láti múlò ìdílẹ̀wọ̀n tí wọ́n ń ṣe láti múlò ìdílẹ̀wọ̀n tí wọ́n ń ṣe láti múlò ìdílẹ̀wọ̀n tí wọ́n ń ṣe láti múlò ìdílẹ̀wọ̀n tí wọ́n ń ṣe láti múlò ìdílẹ̀wọ̀n tí wọ́n ń ṣe láti múlò ìdílẹ̀wọ̀n tí wọ́n ń ṣe láti múlò ìdílẹ̀wọ̀n tí wọ́n ń ṣe láti múlò ìdílẹ̀wọ̀n tí wọ́n ń ṣe láti múlò ìdílẹ̀wọ̀n tí wọ́n ń ṣe láti múlò ìdílẹ̀wọ̀n tí wọ́n ń ṣe láti múlò ìdílẹ̀wọ̀n tí wọ́n ń ṣe láti múlò ìdílẹ̀wọ̀n tí wọ́n ń ṣe láti múlò ìdílẹ̀wọ̀n tí wọ́n ń ṣe láti múlò ìdílẹ̀wọ̀n tí wọ́n ń ṣe láti múlò ìdílẹ̀wọ̀n tí wọ́n ń ṣe láti múlò ìdílẹ̀wọ̀n tí wọ́n ń ṣe láti múlò ìdílẹ̀wọ̀n tí wọ́n ń ṣe láti múlò ìdílẹ̀wọ̀n tí wọ́n ń ṣe láti múlò ìdílẹ̀wọ̀n tí wọ́n ń ṣe lá",True,43.510863200062886,6953,4000,
B,"**Jawọ́: B**

**Ìdáhùn:**  
Nínú àwọn ìgbésẹ̀ wọ̀nyí, **ìgbésẹ̀ B** ni ó dá ààlà sí ìdáhùn tí ó yẹ̀ kí àwọn akẹ́kọ̀ọ́ máa fẹ̀ṣẹ̀ṣẹ̀ láti mú ìwà iná mànàmáná nígbà tí wọ́n ń lílo èrò-ìfojúsùn sáyẹ́ǹsì. Ìgbésẹ̀ náà fi wọn ń mú àwọn ẹ̀yà-ara rẹ̀ (méjì méjì) láti tẹ̀lé ìlànà tí wọ́n rò pé ó yẹ̀, wọ́n sì wá wòye iye tí ó fi ṣeé ṣe láti ṣe bẹ́ẹ̀. Ní wẹ̀, wọ́n máa ń ṣe ìdánilójú láti mú ìwà iná mànàmáná, láti mú ìwà iná mànàmáná, àti láti mú ìwà iná mànàmáná, tí ó jẹ̀ ìṣẹ́ tí èrò-ìfojúsùn sáyẹ́ǹsì máa fẹ̀ṣẹ̀ṣẹ̀.  

**Ìdílẹ̀wà:**  
- **Ìgbésẹ̀ A** fi wọn ń pinnu ọ̀nà tí ó yẹ̀ jùlọ, kí ó kò máa ń mú ìwà iná mànàmáná tí wọ́n rò pé ó yẹ̀.  
- **Ìgbésẹ̀ C** fi wọn ń tẹ̀lé ìlànà tí olùkọ́ fihàn, kí ó kò máa ń mú ìwà iná mànàmáná tí wọ́n rò pé ó yẹ̀.  
- **Ìgbésẹ̀ D** fi wọn ń tẹ̀lé ìlànà tí olùkọ́ fihàn, kí ó kò máa ń mú ìwà iná mànàmáná tí wọ́n rò pé ó yẹ̀.  

**Ìdílẹ̀wà gidi:**  
Ìgbésẹ̀ B fi wọn ń mú ìwà iná mànàmáná tí wọ́n rò pé ó yẹ̀, wọ́n sì wá wòye iye tí ó fi ṣeé ṣe láti ṣe bẹ́ẹ̀, tí ó jẹ̀ ìṣẹ́ tí èrò-ìfojúsùn sáyẹ́ǹsì máa fẹ̀ṣẹ̀ṣẹ̀. Ní wẹ̀, wọ́n máa ń mú ìwà iná mànàmáná, láti mú ìwà iná mànàmáná, àti láti mú ìwà iná mànàmáná, tí ó jẹ̀ ìṣẹ́ tí èrò-ìfojúsùn sáyẹ́ǹsì máa fẹ̀ṣẹ̀ṣẹ̀.",True,13.129056700039655,4300,1147,
C,"**Explanation of the Correct Answer (D):**

The problem involves calculating the displacement of an object between $ t = 5 \, \text{s} $ and $ t = 6 \, \text{s} $ using the position equation:  
$$
x(t) = 25 + 40t - 5t^2
$$

### **Key Steps to Solve the Problem:**
1. **Calculate Position at $ t = 5 \, \text{s} $:**  
   $$
   x(5) = 25 + 40(5) - 5(5)^2 = 25 + 200 - 125 = 100 \, \text{m}
   $$

2. **Calculate Position at $ t = 6 \, \text{s} $:**  
   $$
   x(6) = 25 + 40(6) - 5(6)^2 = 25 + 240 - 180 = 85 \, \text{m}
   $$

3. **Compute Displacement:**  
   $$
   \Delta x = x(6) - x(5) = 85 - 100 = -15 \, \text{m}
   $$  
   The negative sign indicates the object moved in the opposite direction (backward).

4. **Check for Direction Change:**  
   - **Velocity Equation:** Differentiate $ x(t) $:  
     $$
     v(t) = \frac{dx}{dt} = 40 - 10t
     $$
   - **At $ t = 5 \, \text{s} $:**  
     $$
     v(5) = 40 - 10(5) = -10 \, \text{m/s} \, (\text{moving backward})
     $$
   - **At $ t = 6 \, \text{s} $:**  
     $$
     v(6) = 40 - 10(6) = -20 \, \text{m/s} \, (\text{still moving backward})
     $$

   Since the velocity remains negative between $ t = 5 \, \text{s} $ and $ t = 6 \, \text{s} $, the object does **not** change direction. Thus, the displacement ($ -15 \, \text{m} $) equals the total distance traveled ($ 15 \, \text{m} $).

---

### **Why Option D is Correct:**
The teacher's mistake was **not guiding students to analyze all steps** in solving kinematic problems. Specifically:
- Students might have directly calculated $ x(5) $ and $ x(6) $, subtracted them, and concluded the displacement is $ -15 \, \text{m} $, but **failed to verify** whether the object changed direction during the interval.
- Without checking the velocity, students might incorrectly assume the object moved in a straight line without reversing direction, leading to errors in interpreting displacement vs. distance.

**Option D** highlights the teacher's failure to ensure students **analyze all steps** (e.g., checking velocity for direction changes) when solving kinematic problems. This oversight led to confusion among students, as they did not account for the object's backward motion. 

---

### **Why Other Options Are Incorrect:**
- **A.** Focuses on kinematic concepts but does not address the teacher's role in guiding step-by-step analysis.
- **B.** Mentions identifying and solving problems but lacks specificity about the teacher's failure in this context.
- **C.** Refers to misconceptions in kinematics but does not directly link to the teacher's instructional oversight.

**Conclusion:** The correct answer is **D** because the teacher did not guide students to systematically analyze all steps (e.g., checking velocity for direction changes), leading to misunderstandings in solving the problem.",True,75.07992639997974,4424,1391,0.0
C,"**Answer:**  
**B. 1 - 3 - 2 - 4**

**Explanation:**  
The question asks for the correct sequence of steps in a teaching approach focused on modeling motion and energy transfer. Here's the reasoning:

1. **Step 1 (Create a model of the object's motion):**  
   The process begins by establishing a foundational model to represent the motion of the object. This is a logical starting point for understanding the system.

2. **Step 3 (Determine the method of motion transfer):**  
   After creating the motion model, the next step is to analyze how motion is transferred between the two objects. This involves understanding the interaction mechanism.

3. **Step 2 (Measure the direction of motion):**  
   Once the transfer method is identified, the direction of motion for both objects is measured. This provides empirical data to validate the model and transfer mechanism.

4. **Step 4 (Model the energy involved):**  
   Finally, the energy required for motion is modeled. This step builds on the prior understanding of motion and transfer, making it the last logical step.

**Why Option B is Correct:**  
The sequence **1 → 3 → 2 → 4** aligns with the teaching approach of first creating a model, analyzing interactions, measuring outcomes, and then modeling energy. While the order of steps 2 and 3 might seem counterintuitive, the question emphasizes the pedagogical process of first understanding transfer mechanisms before measuring specific properties like direction. This sequence is explicitly listed in **Option B**. 

**Final Answer:**  
**B. 1 - 3 - 2 - 4**",True,33.48875629995018,5406,2563,
D,"**Jawọ́:** A. Àwòrán obìnrin ọ̀dọ́ kan tí ó ń wọ́ tábìlì lọ

**Ìdáhùn gidi:**  
Àwòrán obìnrin tí ó ń wọ́ tábìlì lọ (A) jẹ́ ohun èlò tí ó bójú mu jù láti ṣàtakò sí àìgbọ́dọ̀gbọ́n ""agbára"" tí olùkọ́ fihàn. Ní àwòrán wọ̀nyí, obìnrin kòsé ẹ̀yìn (agbára) láti mú ìrìn (tábìlì) nínú ìrìn (lọ sí ìrìn). Nítorí pé agbára jẹ́ iṣẹ́ tí a nílò láti mú kí ara kan wà nínú ìrìn, àwòrán wọ̀nyí ṣe ìdáhùn kan tí ó wà nítorí pé obìnrin kòsé ẹ̀yìn láti mú tábilì sí ìrìn, ó wù ọ́ sí ìrìn. Nítorí pé wọn ń mú tábilì sí ìrìn, wọn ń mú ìrìn sí ìrìn, ó bójú mu jù láti ṣàtakò sí àìgbọ́dọ̀gbọ́n ""agbára"" tí olùkọ́ fihàn.  

**Àwọn ohun èlò wọn kò lè bójú mu jù:**  
- **B.** Àwòrán agbabọọlu kan to n gbá bọọlu: Nítorí pé agbabọọlu kò ń mú ara rẹ̀ sí ìrìn, wọn kò ń mú ìrìn sí ìrìn.  
- **C.** Fọ́tò ọmọ kan tó ń ru àpò ẹ̀yìn rẹ̀: Ọmọ kò ń mú ìrìn sí ìrìn, wọn ń mú ara rẹ̀ sí ìrìn.  
- **D.** Àwòrán ọfà kan nínú afẹ́fẹ́ lẹ́yìn tí wọ́n ta á: Ọfà kò ń mú ìrìn sí ìrìn.  

**Ìdáhùn rẹ̀ nìkan:**  
Àwòrán A jẹ́ ohun èlò tí ó bójú mu jù láti ṣàtakò sí àìgbọ́dọ̀gbọ́n ""agbára"" tí olùkọ́ fihàn nítorí pé wọn ń mú ìrìn (tábìlì) sí ìrìn (lọ) láti wù ọ́ nítorí ẹ̀yìn (agbára).",True,14.824339899932966,3864,1194,
D,"**Jawon:** B

**Ìdáhùn:**  
Nínú èrò-ìfojúsùn, àwọn akẹ́kọ̀ọ́ náà lè fi ìwífún ìdáhùn (scientific method) láti ṣe ìdánilójú nípa onírúurú ọ̀nà tí a fi ń ya àdàlù. Ìwífún ìdáhùn kòsí ní ìdí ìlànà, ìdí ìwífún, ìdí ìwò, àti ìdí ìdánilójú. Nínú èyí, àwọn akẹ́kọ̀ọ́ náà lè fi àwọn ọ̀nà tí wọ́n rò pé ó yẹ láti ṣe ìdáhùn, wọ́n sì wá wòye iye tí ó fi ṣeé ṣe láti ṣe bẹ́ẹ̀ (Option B). Èyí lè mú wọn láti ṣe ìdánilójú nípa ìdí ìwífún, ìdí ìwò, àti ìdí ìdánilójú, kí wọ́n máa fẹ́ ìdí onírúurú ọ̀nà tí a fi ń ya àdàlù nígbà tí wọ́n sì ń mú ìwàdéèdèé àwọn àbájáde ìwádìí sáyẹ́ǹsì.  

**Ìdí ìdáhùn tí Option B mú:**  
- **Ìdí ìwífún (Hypothesis):** Àwọn akẹ́kọ̀ọ́ rò pé ọ̀nà tí wọ́n rò pé ó yẹ lè mú àdàlù náà.  
- **Ìdí ìwò (Experiment):** Wọ́n ya àdàlù náà sílẹ̀ ní méjì méjì, fi àwọn ọ̀nà tí wọ́n rò pé ó yẹ.  
- **Ìdí ìwòye (Observation):** Wọ́n wòye iye tí ó fi ṣeé ṣe láti ṣe bẹ́ẹ̀.  
- **Ìdí ìdánilójú (Conclusion):** Wọ́n wá tún ṣe ìdánilójú pé ọ̀nà ìpínyà wo ni yẹ láti mú àdàlù ní oníkálukú ipò.  

**Ìdí ìdáhùn tí àwọn èyí kò mú:**  
- **Option A** (ìdí ìdáláre fún ìdáhùn): Kò mú ìdí ìwò láti wọ́n, kí wọ́n kò máa fẹ́ ìdí ìwífún.  
- **Option C** (fi èrò tí olùkọ́ fihàn): Kò mú ìdí ìwífún láti wọ́n, kí wọ́n kò máa fẹ́ ìdí ìdánilójú.  
- **Option D** (fi ìlànà tí olùkọ́ fihàn): Kò mú ìdí ìwífún láti wọ́n, kí wọ́n kò máa fẹ́ ìdí ìdánilójú.  

**Ìdí ìdáhùn tí Option B mú** lè mú àwọn akẹ́kọ̀ọ́ láti ṣe ìdánilójú nípa onírúurú ọ̀nà tí a fi ń ya àdàlù nígbà tí wọ́n sì ń mú ìwàdéèdèé àwọn àbájáde ìwádìí sáyẹ́ǹsì.",True,32.803546000039205,4192,1243,
C,"**Dáhùn ìbéèrè gidi tí ó tẹ̀lé e ní lílo irú ọ̀nà ìdáhùn kan náà:**

**Ìbéèrè D** (D. Ní àkókò eré ọfẹ́ nínú àgbàlá, Soledad pa àwọn irúgbìn díẹ̀ ní ọwọ́ rẹ̀, ó sì sọ pé: Ó ń gún!) **ní àwọn ìdáhùn tí ó yẹ̀ kí àwọn ọmọdé lè dé ibi ète ẹ̀kọ́ tí wọ́n yàn yìí.** 

**Ìgbàsìlẹ̀ pé D ni àwọn ìdáhùn tí ó yẹ̀:**
1. **Ìgbàsìlẹ̀ àwọn ànímọ́ pàtàkì tí ẹ̀kọ́ wọ̀nyí ní:**  
   - Soledad **pa àwọn irúgbìn** (ànímọ́ tí ó wà ní àgbàlá) àti **sọ pé ""Ó ń gún!""** (ìdáhùn nípa ànímọ́ tí irúgbìn ń ṣe).  
   - Ní àwọn ẹ̀kọ́ tí a sọ, àwọn ànímọ́ pàtàkì tí a máa tẹ̀lé láti rí lára àwọn **ìwọ̀n, dídán, àwọ̀, àti àwọn ìdáhùn láàrin àwọn mìíràn**.  
   - **Irúgbìn** (ànímọ́ tí ó wà ní àgbàlá) **ní àwọn ìdáhùn láàrin** (ìwọ̀n, àwọ̀, àti ìdáhùn tí wọ́n ń ṣe), ó yẹ̀ kí àwọn ọmọdé lè rí àti tẹ̀lé àwọn ìdáhùn tí ẹ̀kọ́ wọ̀nyí ní.

2. **Ìgbàsìlẹ̀ àwọn ìdáhùn tí ó yẹ̀ kí àwọn ọmọdé lè dé ibi ète ẹ̀kọ́:**  
   - **Pa àwọn irúgbìn** (ìdáhùn nípa ànímọ́ tí ó wà ní àgbàlá).  
   - **Sọ pé ""Ó ń gún!""** (ìdáhùn nípa ànímọ́ tí irúgbìn ń ṣe).  
   - Ní àwọn ẹ̀kọ́ tí a sọ, àwọn ọmọdé máa tẹ̀lé láti rí **àwọn ìdáhùn láàrin àwọn mìíràn** (ìwọ̀n, dídán, àwọ̀, àti ìdáhùn tí wọ́n ń ṣe).  
   - **Irúgbìn** (ànímọ́ tí ó wà ní àgbàlá) **ní àwọn ìdáhùn láàrin** (ìwọ̀n, àwọ̀, àti ìdáhùn tí wọ́n ń ṣe), ó yẹ̀ kí àwọn ọmọdé lè rí àti tẹ̀lé àwọn ìdáhùn tí ẹ̀kọ́ wọ̀nyí ní.

**Ìgbàsìlẹ̀ pé àwọn ìbéèrè wọn kò yẹ̀:**
- **A. Santiago ya àwọn òkúta oríṣiríṣi ìwọ̀n:**  
  - Nígbà tí Santiago **ya àwọn òkúta**, ó yẹ̀ kí àwọn ọmọdé lè rí **ìwọ̀n** (ìdáhùn tí ó wà ní àgbàlá), kòtò **àwọn ìdáhùn láàrin àwọn mìíràn** tí ẹ̀kọ́ wọ̀nyí ní.  
  - **Àwọn òkúta** (ìdáhùn tí ó wà ní àgbàlá) **kò ní àwọn ìdáhùn láàrin** (ìwọ̀n, dídán, àwọ̀, àti ìdáhùn tí wọ́n ń ṣe) tí ẹ̀kọ́ wọ̀nyí ní.

- **B. Pablo wo ṣíbí náà, ó sì rí àfihàn ara rẹ̀, ó wí pé: Wò ó, Pablo!:**  
  - Nígbà tí Pablo **rí àfihàn ara rẹ̀**, ó yẹ̀ kí àwọn ọmọdé lè rí **àfihàn** (ìdáhùn tí ó wà ní àgbàlá), kòtò **àwọn ìdáhùn láàrin àwọn mìíràn** tí ẹ̀kọ́ wọ̀nyí ní.  
  - **Àfihàn** (ìdáhùn tí ó wà ní àgbàlá) **kò ní àwọn ìdáhùn láàrin** (ìwọ̀n, dídán, àwọ̀, àti ìdáhùn tí wọ́n ń ṣe) tí ẹ̀kọ́ wọ̀nyí ní.

- **C. María ń kó onírúurú ewé igi sínú apẹ̀rẹ̀ kan:**  
  - Nígbà tí María **kó onírúurú ewé igi**, ó yẹ̀ kí àwọn ọmọdé lè rí **onírúurú** (ìdáhùn tí ó wà ní àgbàlá), kòtò **àwọn ìdáhùn láàrin àwọn mìíràn** tí ẹ̀kọ́ wọ̀nyí ní.  
  - **Onírúurú** (ìdáhùn tí ó wà ní àgbàlá) **kò ní àwọn ìdáhùn láàrin** (ìwọ̀n, dídán, àwọ̀, àti ìdáhùn tí wọ́n ń ṣe) tí ẹ̀kọ́ wọ̀nyí ní.

**Ìgbàsìlẹ̀ pé D ni àwọn ìdáhùn tí ó yẹ̀ kí àwọn ọmọdé lè dé ibi ète ẹ̀kọ́ tí wọ́n yàn yìí:**
- **Soledad pa àwọn irúgbìn** (ìdáhùn nípa ànímọ́ tí ó wà ní àgbàlá).  
- **Sọ pé ""Ó ń gún!""** (ìdáhùn nípa ànímọ́ tí irúgbìn ń ṣe).  
- **Irúgbìn** (ànímọ́ tí ó wà ní àgbàlá) **ní àwọn ìdáhùn láàrin** (ìwọ̀n, àwọ̀, àti ìdáhùn tí wọ́n ń ṣe) tí ẹ̀kọ́ wọ̀nyí ní.  
- **Àwọn ìdáhùn láàrin** (ìwọ̀n, dídán, àwọ̀, àti ìdáhùn tí wọ́n ń ṣe) **ní àwọn ìdáhùn tí ẹ̀kọ́ wọ̀nyí ní** (ìwọ̀n, dídán, àwọ̀, àti ìdáhùn láàrin àwọn mìíràn).  

**Ìgbàsìlẹ̀ pé D ni àwọn ìdáhùn tí ó yẹ̀ kí àwọn ọmọdé lè dé ibi ète ẹ̀kọ́ tí wọ́n yàn yìí:**
- **Soledad pa àwọn irúgbìn** (ìdáhùn nípa ànímọ́ tí ó wà ní àgbàlá).  
- **Sọ pé ""Ó ń gún!""** (ìdáhùn nípa ànímọ́ tí irúgbìn ń ṣe).  
- **Irúgbìn** (ànímọ́ tí ó wà ní àgbàlá) **ní àwọn ìdáhùn láàrin** (ìwọ̀n, àwọ̀, àti ìdáhùn tí wọ́n ń ṣe) tí ẹ̀kọ́ wọ̀nyí ní.  
- **Àwọn ìdáhùn láàrin** (ìwọ̀n, dídán, àwọ̀, àti ìdáhùn tí wọ́n ń ṣe) **ní àwọn ìdáhùn tí ẹ̀kọ́ wọ̀nyí ní** (ìwọ̀n, dídán, àwọ̀, àti ìdáhùn láàrin àwọn mìíràn).  

**Ìgbàsìlẹ̀ pé D ni àwọn ìdáhùn tí ó yẹ̀ kí àwọn ọmọdé lè dé ibi ète ẹ̀kọ́ tí wọ́n yàn yìí:**
- **Soledad pa àwọn irúgbìn** (ìdáhùn nípa ànímọ́ tí ó wà ní àgbàlá).  
- **Sọ pé ""Ó ń gún!""** (ìdáhùn nípa ànímọ́ tí irúgbìn ń ṣe).  
- **Irúgbìn** (ànímọ́ tí ó wà ní àgbàlá) **ní àwọn ìdáhùn láàrin** (ìwọ̀n, àwọ̀, àti ìdáhùn tí wọ́n ń ṣe) tí ẹ̀kọ́ wọ̀nyí ní.  
- **Àwọn ìdáhùn láàrin** (ìwọ̀n, dídán, àwọ̀, àti ìdáhùn tí wọ́n ń ṣe) **ní àwọn ìdáhùn tí ẹ̀kọ́ wọ̀nyí ní** (ìwọ̀n, dídán, àwọ̀, àti ìdáhùn láàrin àwọn mìíràn).  

**Ìgbàsìlẹ̀ pé D ni àwọn ìdáhùn tí ó yẹ̀ kí àwọn ọmọdé lè dé ibi ète ẹ̀kọ́ tí wọ́n yàn yìí:**
- **Soledad pa àwọn irúgbìn** (ìdáhùn nípa ànímọ́ tí ó wà ní àgbàlá).  
- **Sọ pé ""Ó ń gún!""** (ìdáhùn nípa ànímọ́ tí irúgbìn ń ṣe).  
- **Irúgbìn** (ànímọ́ tí ó wà ní àgbàlá) **ní àwọn ìdáhùn láàrin** (ìwọ̀n, àwọ̀, àti ìdáhùn tí wọ́n ń ṣe) tí ẹ̀kọ́ wọ̀nyí ní.  
- **Àwọn ìdáhùn láàrin** (ìwọ̀n, dídán, àwọ̀, àti ìdáhùn tí wọ́n ń ṣe) **ní àwọn ìdáhùn tí ẹ̀kọ́ wọ̀nyí ní** (ìwọ̀n, dídán, àwọ̀, àti ìdáhùn láàrin àwọn mìíràn).  

**Ìgbàsìlẹ̀ pé D ni àwọn ìdáhùn tí ó yẹ̀ kí àwọn ọmọdé lè dé ibi ète ẹ̀kọ́ tí wọ́n yàn yìí:**
- **Soledad pa àwọn irúgbìn** (ìdáhùn nípa ànímọ́ tí ó wà ní àgbàlá).  
- **Sọ pé ""Ó ń gún!""** (ìdáhùn nípa ànímọ́ tí irúgbìn ń ṣe).  
- **Irúgbìn** (ànímọ́ tí ó wà ní àgbàlá) **ní àwọn ìdáhùn láàrin** (ìwọ̀n, àwọ̀, àti ìdáhùn tí wọ́n ń ṣe) tí ẹ̀kọ́ wọ̀nyí ní.  
- **Àwọn ìdáhùn láàrin** (ìwọ̀n, dídán, àwọ̀, àti ìdáhùn tí wọ́n ń ṣe) **ní àwọn ìdáhùn tí ẹ̀kọ́ wọ̀nyí ní** (ìwọ̀n, dídán, àwọ̀, àti ìdáhùn láàrin àwọn mìíràn).  

**Ìgbàsìlẹ̀ pé D ni àwọn ìdáhùn tí ó yẹ̀ kí àwọn ọmọdé lè dé ibi ète ẹ̀kọ́ tí wọ́n yàn yìí:**
- **Soledad pa àwọn irúgbìn** (ìdáhùn nípa ànímọ́ tí ó wà ní àgbàlá).  
- **Sọ pé ""Ó ń gún!""** (ìdáhùn nípa ànímọ́ tí irúgbìn ń ṣe).  
- **Irúgbìn** (ànímọ́ tí ó wà ní àgbàlá) **ní àwọn ìdáhùn láàrin** (ìwọ̀n, àwọ̀, àti ìdáhùn tí wọ́n ń ṣe) tí ẹ̀kọ́ wọ̀nyí ní.  
- **Àwọn ìdáhùn láàrin** (ìwọ̀n, dídán, àwọ̀, àti",True,55.999227199936286,7217,4000,
A,"**Dápàwọ́: D**

**Ìdáhùn Gidi:**  
Nínú ète ẹ̀kọ́ tí a mẹnu bá, àwọn akẹ́kọ̀ọ́ ní preschool kò láti múlò ìgbì (water) sílẹ̀ ní ìgò kan tí ó ní òkúta (stones) àti òróró (ruler). Ìgbéléwò tí olùkọ́ máa ṣe láti dá àwọn akẹ́kọ̀ọ́ rẹ̀ mọ̀ pé wọ́n máa fí ìgbì tí ó ní òkúta sílẹ̀ ní ìgbì tí kò ní òkúta nípa ìwọ̀n (height) nígbà tí wọ́n ń mú ìwàdéèdèé àwọn àbájáde ìwádìí sáyẹ́ǹsì.  

**Ìbéèrè D (D) ni ìgbéléwò takarawa** nípa ète yìí, gẹ́gẹ́ bí:  
- **Ìṣẹ̀lẹ̀ àwọn akẹ́kọ̀ọ́ sí àwọn ìdáhùn rẹ̀:** Ó fẹ́ láti pèsè àwọn èrò tí wọ́n máa tẹ̀lé láti fí ìgbì sílẹ̀, ó sì fẹ́ láti tẹ̀lé ìlànà tí wọ́n rò pé ó yẹ.  
- **Ìdánilójú àwọn èrò wọn sí ètò kan:** Ó fẹ́ láti wá tún pé àwọn ìdáhùn wọn máa tẹ̀lé ní oníkálukú ipò náà.  
- **Ìṣẹ̀lẹ̀ àwọn akẹ́kọ̀ọ́ sí ìdánwò ìgbéléwò:** Ìgbéléwò náà fẹ́ láti mú àwọn akẹ́kọ̀ọ́ sí ìdánwò ìgbéléwò tí wọ́n máa tẹ̀lé, ó sì fẹ́ láti mú wọn sí ìdánwò pé àwọn ìdáhùn wọn máa tẹ̀lé ní oníkálukú ipò náà.  

**Ìdáhùn Gidi (D):**  
- **Ìgbéléwò D** fẹ́ láti mú àwọn akẹ́kọ̀ọ́ sí ìdánwò ìgbéléwò tí wọ́n máa tẹ̀lé nípa ìwọ̀n ìgbì tí ó ní òkúta sílẹ̀, ó sì fẹ́ láti mú wọn sí ìdánwò pé àwọn ìdáhùn wọn máa tẹ̀lé ní oníkálukú ipò náà.  
- **Ìgbéléwò D** fẹ́ láti mú àwọn akẹ́kọ̀ọ́ sí ìdánwò ìgbéléwò tí wọ́n máa tẹ̀lé nípa ìwọ̀n ìgbì tí ó ní òkúta sílẹ̀, ó sì fẹ́ láti mú wọn sí ìdánwò pé àwọn ìdáhùn wọn máa tẹ̀lé ní oníkálukú ipò náà.  

**Ìdáhùn Gidi (D):**  
- **Ìgbéléwò D** fẹ́ láti mú àwọn akẹ́kọ̀ọ́ sí ìdánwò ìgbéléwò tí wọ́n máa tẹ̀lé nípa ìwọ̀n ìgbì tí ó ní òkúta sílẹ̀, ó sì fẹ́ láti mú wọn sí ìdánwò pé àwọn ìdáhùn wọn máa tẹ̀lé ní oníkálukú ipò náà.  

**Ìdáhùn Gidi (D):**  
- **Ìgbéléwò D** fẹ́ láti mú àwọn akẹ́kọ̀ọ́ sí ìdánwò ìgbéléwò tí wọ́n máa tẹ̀lé nípa ìwọ̀n ìgbì tí ó ní òkúta sílẹ̀, ó sì fẹ́ láti mú wọn sí ìdánwò pé àwọn ìdáhùn wọn máa tẹ̀lé ní oníkálukú ipò náà.  

**Ìdáhùn Gidi (D):**  
- **Ìgbéléwò D** fẹ́ láti mú àwọn akẹ́kọ̀ọ́ sí ìdánwò ìgbéléwò tí wọ́n máa tẹ̀lé nípa ìwọ̀n ìgbì tí ó ní òkúta sílẹ̀, ó sì fẹ́ láti mú wọn sí ìdánwò pé àwọn ìdáhùn wọn máa tẹ̀lé ní oníkálukú ipò náà.  

**Ìdáhùn Gidi (D):**  
- **Ìgbéléwò D** fẹ́ láti mú àwọn akẹ́kọ̀ọ́ sí ìdánwò ìgbéléwò tí wọ́n máa tẹ̀lé nípa ìwọ̀n ìgbì tí ó ní òkúta sílẹ̀, ó sì fẹ́ láti mú wọn sí ìdánwò pé àwọn ìdáhùn wọn máa tẹ̀lé ní oníkálukú ipò náà.  

**Ìdáhùn Gidi (D):**  
- **Ìgbéléwò D** fẹ́ láti mú àwọn akẹ́kọ̀ọ́ sí ìdánwò ìgbéléwò tí wọ́n máa tẹ̀lé nípa ìwọ̀n ìgbì tí ó ní òkúta sílẹ̀, ó sì fẹ́ láti mú wọn sí ìdánwò pé àwọn ìdáhùn wọn máa tẹ̀lé ní oníkálukú ipò náà.  

**Ìdáhùn Gidi (D):**  
- **Ìgbéléwò D** fẹ́ láti mú àwọn akẹ́kọ̀ọ́ sí ìdánwò ìgbéléwò tí wọ́n máa tẹ̀lé nípa ìwọ̀n ìgbì tí ó ní òkúta sílẹ̀, ó sì fẹ́ láti mú wọn sí ìdánwò pé àwọn ìdáhùn wọn máa tẹ̀lé ní oníkálukú ipò náà.  

**Ìdáhùn Gidi (D):**  
- **Ìgbéléwò D** fẹ́ láti mú àwọn akẹ́kọ̀ọ́ sí ìdánwò ìgbéléwò tí wọ́n máa tẹ̀lé nípa ìwọ̀n ìgbì tí ó ní òkúta sílẹ̀, ó sì fẹ́ láti mú wọn sí ìdánwò pé àwọn ìdáhùn wọn máa tẹ̀lé ní oníkálukú ipò náà.  

**Ìdáhùn Gidi (D):**  
- **Ìgbéléwò D** fẹ́ láti mú àwọn akẹ́kọ̀ọ́ sí ìdánwò ìgbéléwò tí wọ́n máa tẹ̀lé nípa ìwọ̀n ìgbì tí ó ní òkúta sílẹ̀, ó sì fẹ́ láti mú wọn sí ìdánwò pé àwọn ìdáhùn wọn máa tẹ̀lé ní oníkálukú ipò náà.  

**Ìdáhùn Gidi (D):**  
- **Ìgbéléwò D** fẹ́ láti mú àwọn akẹ́kọ̀ọ́ sí ìdánwò ìgbéléwò tí wọ́n máa tẹ̀lé nípa ìwọ̀n ìgbì tí ó ní òkúta sílẹ̀, ó sì fẹ́ láti mú wọn sí ìdánwò pé àwọn ìdáhùn wọn máa tẹ̀lé ní oníkálukú ipò náà.  

**Ìdáhùn Gidi (D):**  
- **Ìgbéléwò D** fẹ́ láti mú àwọn akẹ́kọ̀ọ́ sí ìdánwò ìgbéléwò tí wọ́n máa tẹ̀lé nípa ìwọ̀n ìgbì tí ó ní òkúta sílẹ̀, ó sì fẹ́ láti mú wọn sí ìdánwò pé àwọn ìdáhùn wọn máa tẹ̀lé ní oníkálukú ipò náà.  

**Ìdáhùn Gidi (D):**  
- **Ìgbéléwò D** fẹ́ láti mú àwọn akẹ́kọ̀ọ́ sí ìdánwò ìgbéléwò tí wọ́n máa tẹ̀lé nípa ìwọ̀n ìgbì tí ó ní òkúta sílẹ̀, ó sì fẹ́ láti mú wọn sí ìdánwò pé àwọn ìdáhùn wọn máa tẹ̀lé ní oníkálukú ipò náà.  

**Ìdáhùn Gidi (D):**  
- **Ìgbéléwò D** fẹ́ láti mú àwọn akẹ́kọ̀ọ́ sí ìdánwò ìgbéléwò tí wọ́n máa tẹ̀lé nípa ìwọ̀n ìgbì tí ó ní òkúta sílẹ̀, ó sì fẹ́ láti mú wọn sí ìdánwò pé àwọn ìdáhùn wọn máa tẹ̀lé ní oníkálukú ipò náà.  

**Ìdáhùn Gidi (D):**  
- **Ìgbéléwò D** fẹ́ láti mú àwọn akẹ́kọ̀ọ́ sí ìdánwò ìgbéléwò tí wọ́n máa tẹ̀lé nípa ìwọ̀n ìgbì tí ó ní òkúta sílẹ̀, ó sì fẹ́ láti mú wọn sí ìdánwò pé àwọn ìdáhùn wọn máa tẹ̀lé ní oníkálukú ipò náà.  

**Ìdáhùn Gidi (D):**  
- **Ìgbéléwò D** fẹ́ láti mú àwọn akẹ́kọ̀ọ́ sí ìdánwò ìgbéléwò tí wọ́n máa tẹ̀lé nípa ìwọ̀n ìgbì tí ó ní òkúta sílẹ̀, ó sì fẹ́ láti mú wọn sí ìdánwò pé àwọn ìdáhùn wọn máa tẹ̀lé ní oníkálukú ipò náà.  

**Ìdáhùn Gidi (D):**  
- **Ìgbéléwò D** fẹ́ láti mú àwọn akẹ́kọ̀ọ́ sí ìdánwò ìgbéléwò tí wọ́n máa tẹ̀lé nípa ìwọ̀n ìgbì tí ó ní òkúta sílẹ̀, ó sì fẹ́ láti mú wọn sí ìdánwò pé àwọn ìdáhùn wọn máa tẹ̀lé ní oníkálukú ipò náà.  

**Ìdáhùn Gidi (D):**  
- **Ìgbéléwò D** fẹ́ láti mú àwọn akẹ́kọ̀ọ́ sí ìdánwò ìgbéléwò tí wọ́n máa tẹ̀lé nípa ìwọ̀n ìgbì tí ó ní òkúta sílẹ̀, ó sì fẹ́ láti mú wọn sí ìdánwò pé àwọn ìdáhùn wọn máa tẹ̀lé ní oníkálukú ipò náà.  

**Ìdáhùn Gidi (D):**  
- **Ìgbéléwò D** fẹ́ láti mú àwọn akẹ́kọ̀ọ́ sí ìdánwò ìgbéléwò tí wọ́n máa tẹ̀lé nípa ìwọ̀n ìgbì tí ó ní òkúta sílẹ̀, ó sì fẹ́ láti mú wọn sí ìdánwò pé àwọn ìdáhùn wọn máa tẹ̀lé ní oníkálukú ipò náà.  

**Ìdáhùn Gidi (D):**  
- **Ìgbéléwò D** fẹ́ láti mú àwọn akẹ́kọ̀ọ́ sí ìdánwò ìgbéléwò tí wọ́n máa tẹ̀lé nípa ìwọ̀n ìgbì tí ó ní òkúta sílẹ̀, ó sì fẹ́ láti mú wọn sí ìdánwò pé àwọn ìdáhùn wọn máa tẹ̀lé ní oníkálukú ipò náà.  

**Ìdáhùn Gidi (D):**  
- **Ìgbéléwò D** fẹ́ láti mú àw",True,48.169659399893135,6847,4000,
A,"**Jàwò D** jẹ́ ìbéèrè tí ó dára nípa ìdáhùn rẹ̀ nígbà tí àwọn ọmọ ilé ìwé kòrò láti ṣe ìṣèwádìí oye nípa ètò tí wọ́n ń ṣẹda. 

**Ìṣàwọn ìdáhùn:**
- **D. Wọ́n ṣe àwòkọ́ṣe kan níbi tí ó jìnnà láàrin Ayé àti Òṣùpá àti bí wọ́n ṣe tóbi sí ti hàn níwọ̀n kan náà.**  
  - **Ìṣẹ̀lẹ̀ ìdáhùn:** Àwọn ọmọ ilé ìwé náà ń ṣe àwòkọ́ṣe (model) láti tún ṣe tóbi sí (argue) nípa ètò tí wọ́n ń ṣẹda.  
  - **Ìṣàwọn ìdáhùn tí ó dára:** Ìṣèwádìí oye nípa ètò ayé-oṣupà (space topic) níyà ní ìṣẹ̀lẹ̀ tí wọ́n máa ń ṣe àwòkọ́ṣe àti ṣe tóbi sí. Ìṣẹ̀lẹ̀ tí wọ́n ń ṣe àwòkọ́ṣe máa ṣe ìṣàwọn ìdáhùn tí ó dára nípa ìṣèwádìí oye, àti ìṣẹ̀lẹ̀ tí wọ́n ń ṣe tóbi sí máa ṣe ìṣàwọn tí ó dára nípa ìṣèwádìí oye láti wíwá òkùnkùn òorùn.  
  - **Ìṣàwọn tí ó kò dára ní àwọn ìpò ìdáhùn wọn (A, B, C):**  
    - **A** jẹ́ ìṣàwọn ìdáhùn tí ó ń ṣe ìṣẹ̀lẹ̀ ìdáhùn (factual statement) kò sí ìṣèwádìí oye.  
    - **B** jẹ́ ìṣàwọn tí ó ń ṣe ìṣẹ̀lẹ̀ ìdáhùn (cause-effect) kò sí ìṣèwádìí oye.  
    - **C** jẹ́ ìṣàwọn tí ó ń ṣe àwòkọ́ṣe (simulation) kò sí ìṣèwádìí oye.  

**Ìṣàwọn ìdáhùn tí D jẹ́ kíláàsì:**  
- **Ìṣèwádìí oye (Scientific Inquiry):** Ìṣèwádìí oye níyà ní ìṣẹ̀lẹ̀ tí wọ́n máa ń ṣe àwòkọ́ṣe (model) àti ṣe tóbi sí (argue) láti wíwá òkùnkùn òorùn.  
- **Ìṣàwọn ìdáhùn tí D jẹ́ kíláàsì:**  
  - **Ìṣèwádìí oye (Scientific Argumentation):** Àwọn ọmọ ilé ìwé náà ń ṣe tóbi sí láti wíwá òkùnkùn òorùn, tí ó jẹ́ ìṣàwọn tí ó dára nípa ìṣèwádìí oye.  
  - **Ìṣèwádìí oye (Modeling):** Àwọn ọmọ ilé ìwé náà ń ṣe àwòkọ́ṣe láti tún ṣe tóbi sí, tí ó jẹ́ ìṣàwọn tí ó dára nípa ìṣèwádìí oye.  

**Ìṣàwọn ìdáhùn tí D kò jẹ́ kíláàsì:**  
- **Kò ní ìṣàwọn ìdáhùn tí ó ń ṣe ìṣẹ̀lẹ̀ ìdáhùn (factual statement) kò sí ìṣèwádìí oye.**  
- **Kò ní ìṣàwọn ìdáhùn tí ó ń ṣe ìṣẹ̀lẹ̀ ìdáhùn (cause-effect) kò sí ìṣèwádìí oye.**  
- **Kò ní ìṣàwọn ìdáhùn tí ó ń ṣe àwòkọ́ṣe (simulation) kò sí ìṣèwádìí oye.**  

**Ìṣàwọn ìdáhùn tí D jẹ́ kíláàsì nípa ìṣèwádìí oye:**  
- **Ìṣèwádìí oye (Scientific Argumentation):** Àwọn ọmọ ilé ìwé náà ń ṣe tóbi sí láti wíwá òkùnkùn òorùn, tí ó jẹ́ ìṣàwọn tí ó dára nípa ìṣèwádìí oye.  
- **Ìṣèwádìí oye (Modeling):** Àwọn ọmọ ilé ìwé náà ń ṣe àwòkọ́ṣe láti tún ṣe tóbi sí, tí ó jẹ́ ìṣàwọn tí ó dára nípa ìṣèwádìí oye.  

**Ìṣàwọn ìdáhùn tí D kò jẹ́ kíláàsì nípa ìṣèwádìí oye:**  
- **Kò ní ìṣàwọn ìdáhùn tí ó ń ṣe ìṣẹ̀lẹ̀ ìdáhùn (factual statement) kò sí ìṣèwádìí oye.**  
- **Kò ní ìṣàwọn ìdáhùn tí ó ń ṣe ìṣẹ̀lẹ̀ ìdáhùn (cause-effect) kò sí ìṣèwádìí oye.**  
- **Kò ní ìṣàwọn ìdáhùn tí ó ń ṣe àwòkọ́ṣe (simulation) kò sí ìṣèwádìí oye.**  

**Ìṣàwọn ìdáhùn tí D jẹ́ kíláàsì nípa ìṣèwádìí oye:**  
- **Ìṣèwádìí oye (Scientific Argumentation):** Àwọn ọmọ ilé ìwé náà ń ṣe tóbi sí láti wíwá òkùnkùn òorùn, tí ó jẹ́ ìṣàwọn tí ó dára nípa ìṣèwádìí oye.  
- **Ìṣèwádìí oye (Modeling):** Àwọn ọmọ ilé ìwé náà ń ṣe àwòkọ́ṣe láti tún ṣe tóbi sí, tí ó jẹ́ ìṣàwọn tí ó dára nípa ìṣèwádìí oye.  

**Ìṣàwọn ìdáhùn tí D kò jẹ́ kíláàsì nípa ìṣèwádìí oye:**  
- **Kò ní ìṣàwọn ìdáhùn tí ó ń ṣe ìṣẹ̀lẹ̀ ìdáhùn (factual statement) kò sí ìṣèwádìí oye.**  
- **Kò ní ìṣàwọn ìdáhùn tí ó ń ṣe ìṣẹ̀lẹ̀ ìdáhùn (cause-effect) kò sí ìṣèwádìí oye.**  
- **Kò ní ìṣàwọn ìdáhùn tí ó ń ṣe àwòkọ́ṣe (simulation) kò sí ìṣèwádìí oye.**  

**Ìṣàwọn ìdáhùn tí D jẹ́ kíláàsì nípa ìṣèwádìí oye:**  
- **Ìṣèwádìí oye (Scientific Argumentation):** Àwọn ọmọ ilé ìwé náà ń ṣe tóbi sí láti wíwá òkùnkùn òorùn, tí ó jẹ́ ìṣàwọn tí ó dára nípa ìṣèwádìí oye.  
- **Ìṣèwádìí oye (Modeling):** Àwọn ọmọ ilé ìwé náà ń ṣe àwòkọ́ṣe láti tún ṣe tóbi sí, tí ó jẹ́ ìṣàwọn tí ó dára nípa ìṣèwádìí oye.  

**Ìṣàwọn ìdáhùn tí D kò jẹ́ kíláàsì nípa ìṣèwádìí oye:**  
- **Kò ní ìṣàwọn ìdáhùn tí ó ń ṣe ìṣẹ̀lẹ̀ ìdáhùn (factual statement) kò sí ìṣèwádìí oye.**  
- **Kò ní ìṣàwọn ìdáhùn tí ó ń ṣe ìṣẹ̀lẹ̀ ìdáhùn (cause-effect) kò sí ìṣèwádìí oye.**  
- **Kò ní ìṣàwọn ìdáhùn tí ó ń ṣe àwòkọ́ṣe (simulation) kò sí ìṣèwádìí oye.**  

**Ìṣàwọn ìdáhùn tí D jẹ́ kíláàsì nípa ìṣèwádìí oye:**  
- **Ìṣèwádìí oye (Scientific Argumentation):** Àwọn ọmọ ilé ìwé náà ń ṣe tóbi sí láti wíwá òkùnkùn òorùn, tí ó jẹ́ ìṣàwọn tí ó dára nípa ìṣèwádìí oye.  
- **Ìṣèwádìí oye (Modeling):** Àwọn ọmọ ilé ìwé náà ń ṣe àwòkọ́ṣe láti tún ṣe tóbi sí, tí ó jẹ́ ìṣàwọn tí ó dára nípa ìṣèwádìí oye.  

**Ìṣàwọn ìdáhùn tí D kò jẹ́ kíláàsì nípa ìṣèwádìí oye:**  
- **Kò ní ìṣàwọn ìdáhùn tí ó ń ṣe ìṣẹ̀lẹ̀ ìdáhùn (factual statement) kò sí ìṣèwádìí oye.**  
- **Kò ní ìṣàwọn ìdáhùn tí ó ń ṣe ìṣẹ̀lẹ̀ ìdáhùn (cause-effect) kò sí ìṣèwádìí oye.**  
- **Kò ní ìṣàwọn ìdáhùn tí ó ń ṣe àwòkọ́ṣe (simulation) kò sí ìṣèwádìí oye.**  

**Ìṣàwọn ìdáhùn tí D jẹ́ kíláàsì nípa ìṣèwádìí oye:**  
- **Ìṣèwádìí oye (Scientific Argumentation):** Àwọn ọmọ ilé ìwé náà ń ṣe tóbi sí láti wíwá òkùnkùn òorùn, tí ó jẹ́ ìṣàwọn tí ó dára nípa ìṣèwádìí oye.  
- **Ìṣèwádìí oye (Modeling):** Àwọn ọmọ ilé ìwé náà ń ṣe àwòkọ́ṣe láti tún ṣe tóbi sí, tí ó jẹ́ ìṣàwọn tí ó dára nípa ìṣèwádìí oye.  

**Ìṣàwọn ìdáhùn tí D kò jẹ́ kíláàsì nípa ìṣèwádìí oye:**  
- **Kò ní ìṣàwọn ìdáhùn tí ó ń ṣe ìṣẹ̀lẹ̀ ìdáhùn (factual statement) kò sí ìṣèwádìí oye.**  
- **Kò ní ìṣàwọn ìdáhùn tí ó ń ṣe ìṣẹ̀lẹ̀ ìdáhùn (cause-effect) kò sí ìṣèwádìí oye.**  
- **Kò ní ìṣàwọn ìdáhùn tí ó ń ṣe àwòkọ́ṣe (simulation) kò sí ìṣèwádìí oye.**  

**Ìṣàwọn ìdáhùn tí D jẹ́ kíláàsì nípa ìṣèwádìí oye:**  
- **Ìṣèwádìí oye (Scientific Argumentation):** Àwọn ọmọ ilé ìwé náà ń ṣe tóbi sí láti wíwá òkùnkùn òorùn, tí ó jẹ́ ìṣàwọn tí ó dára nípa ìṣèwádìí oye.  
- **Ìṣèwádìí oye (Modeling):** Àwọn ọmọ ilé ìwé náà ",True,103.15830220002681,7035,4000,
D,"**A. Wọ́n ṣe ìdánwò kan láti fi múlẹ̀ àwọn ohun tó máa ń nípa lórí bí àwọn nǹkan ṣe ń léfò lójú omi, wọ́n sì dámọ̀ràn àwọn ohun èlò àti ohun ìkọ́légí tó yẹ (àwọn omi oríṣiríṣi, àwọn ohun èlò tí wọ́n ṣe pẹ̀lú onírúurú èròjà, ìwọ̀n, àti ìrísí)**

**Ìdáhùn:**  
Ìgbéléwòn agbára tí olùkọ́ náà fẹ̀dí lọ láti mọ̀ àwọn ohun tí líléfòó ara kan dúró lé lójú omi yìí ní ìgbésẹ̀ ìwádìí sáyẹ́ǹsì nípa ìṣòro tí àwọn akẹ́kọ̀ọ́ máa ń ṣe. Ìgbésẹ̀ **A** yìí jẹ́ kí àwọn akẹ́kọ̀ọ́ **ṣe ìdánwò** (hypothesis) láti múlẹ̀ pé àwọn ohun tí wọ́n yí (omi, òkúta, òróró, àti iyọ̀) máa ń nípa lórí bí àwọn nǹkan ṣe ń léfò, kọ́kan wọn **dámọ̀ràn** (experiment) àwọn ohun èlò tí wọ́n ṣe pẹ̀lú onírúurú èròjà, ìwọ̀n, àti ìrísí. Ní wẹ̀ẹ̀, wọn **wá tún ìdánilójú** (analyze) àwọn ìdánwò wọn láti mọ̀ bí àwọn ohun tí wọ́n yí máa ń nípa lórí àwọn ìdí tí iyọ̀ náà ń léfò. Ìgbésẹ̀ yìí tẹ̀lé e ní **ìṣòro sáyẹ́ǹsì** tí ó kòrò: ìdánwò → dámọ̀ràn → ìdánilójú → ìdí.  

**B, C, D** kò tẹ̀lé e ní ìdánwò tí àwọn akẹ́kọ̀ọ́ máa ń ṣe, kọ́kan wọn kò ṣe ìgbéléwòn agbára tí olùkọ́ fẹ̀dí lọ láti mọ̀ àwọn ohun tí líléfòó ara kan dúró lé. **B** tẹ̀lé e ní ìdí tí wọn máa ń múlẹ̀ láàrin àwọn ìdí tí wọn kò ṣe ìdánwò, **C** kò ṣe ìdánwò, àti **D** tẹ̀lé e ní ìdí tí wọn máa ń múlẹ̀ láàrin àwọn ìdí tí wọn kò ṣe ìdánwò.  

**Ìgbésẹ̀ A** jẹ́ kí àwọn akẹ́kọ̀ọ́ máa ń **ṣe ìgbéléwòn agbára** láti mọ̀ àwọn ohun tí líléfòó ara kan dúró lé lójú omi ní ìṣòro sáyẹ́ǹsì.",True,15.751920900074765,4316,1192,
D,"**D. Béèrè fún ìwádìí ìkó-ìwé lórí ìtàn èrò-ńlá-ọ̀rọ̀ ti ìdàpọ̀ (tabi ìsopọ̀)**

**Ìdáhùn:**  
Olùkọ́ náà fẹ́ dá àwọn akẹ́kọ̀ọ́ mọ̀ pé ìmọ̀ kemistry jẹ́ ìkọ́lé tí ń tẹ̀ síwájú, tí ó láàyè, tí ó kún fún àríyànjiyàn. Ìgbòkègbodò **D** (Béèrè fún ìwádìí ìkó-ìwé lórí ìtàn èrò-ńlá-ọ̀rọ̀ ti ìdàpọ̀) jẹ́ ìgbèsẹ̀ tí ó yẹ̀ rò pé ó lè dá hàn èyí. Ní èrò náà, àwọn akẹ́kọ̀ọ́ yóò wò ìtàn tí ìmọ̀ kemistry ń tẹ̀ síwájú láti àwọn èrò-ńlá-ọ̀rọ̀ tí a ti wà nígbà tí wọn ń mú ìwàdéèdèé àwọn àbájáde ìwádìí sáyẹ́ǹsì. Ní ìwé iṣẹ́ tí a ti tẹ̀ síwájú, wọn yóò wò pé àwọn ìdàpọ̀ kan ń múlò láti àwọn ìdàpọ̀ tí a ti wà nígbà tí wọn ń mú ìwàdéèdèé, pé ó jẹ́ ìkọ́lé tí ń láàyè láti àwọn èrò tí a ti wà nígbà tí wọn ń mú ìwàdéèdèé. Èyí lè dá àwọn akẹ́kọ̀ọ́ mọ̀ pé ìmọ̀ kemistry kún fún àríyànjiyàn nígbà tí wọn ń mú ìwàdéèdèé àwọn àbájáde ìwádìí tí a ti wà nígbà tí wọn ń mú ìwàdéèdèé.  

**Ìgbèsẹ̀ wọn (A, B, C) kò yẹ rò pé ó lè dá hàn èyí:**  
- **A (Ìjíròrò nípa àwọn àwòkọ́ṣe átọ́mù):** Ìgbèsẹ̀ náà yóò dá àwọn akẹ́kọ̀ọ́ mọ̀ àwọn àwòkọ́ṣe átọ́mù, kíni kò dá hàn pé ìmọ̀ kemistry ń tẹ̀ síwájú.  
- **B (Béèrè fún ìròyìn ìwádìí nípa Ẹkọ VSEPR):** Ìgbèsẹ̀ náà yóò dá àwọn akẹ́kọ̀ọ́ mọ̀ pé àwọn àdàlù ń múlò láti àwọn ìdàpọ̀, kíni kò dá hàn pé ìmọ̀ kemistry ń tẹ̀ síwájú.  
- **C (Igbirapada lori ifihan ti awon ofin gaasi):** Ìgbèsẹ̀ náà yóò dá àwọn akẹ́kọ̀ọ́ mọ̀ àwọn ìdàpọ̀ tí a ti wà nígbà tí wọn ń mú ìwàdéèdèé, kíni kò dá hàn pé ìmọ̀ kemistry ń tẹ̀ síwájú.  

**Ìdáhùn gidi:**  
Ìgbèsẹ̀ **D** jẹ́ ìgbèsẹ̀ tí ó yẹ̀ rò pé ó lè dá àwọn akẹ́kọ̀ọ́ mọ̀ pé ìmọ̀ kemistry jẹ́ ìkọ́lé tí ń tẹ̀ síwájú, tí ó láàyè, tí ó kún fún àríyànjiyàn. Ní èrò náà, wọn yóò wò pé àwọn ìdàpọ̀ kan ń múlò láti àwọn ìdàpọ̀ tí a ti wà nígbà tí wọn ń mú ìwàdéèdèé, pé ó jẹ́ ìkọ́lé tí ń láàyè láti àwọn èrò tí a ti wà nígbà tí wọn ń mú ìwàdéèdèé. Èyí lè dá àwọn akẹ́kọ̀ọ́ mọ̀ pé ìmọ̀ kemistry kún fún àríyànjiyàn nígbà tí wọn ń mú ìwàdéèdèé àwọn àbájáde ìwádìí tí a ti wà nígbà tí wọn ń mú ìwàdéèdèé.",True,38.24858919996768,4298,1608,
A,"**D. Díẹ̀ ni ó dá lé àwọn ìfọwọ́bọ̀wọ́sí láàrin àwọn átọ́mù olùtú àti olùtúnù.**

**Ìdáhùn:**
Àwọn akẹ́kọ̀ọ́ náà ní ìtúkà kan nínu omi láti inú, kí wọ́n kò ní ìtúkà kan nígbà tí wọ́n ṣe ìdánwò. Ìgbàgbọ́ tí kò tọ́ náà ló ń tẹ̀lé àwọn ìfọwọ́bọ̀wọ́sí láàrin àwọn átọ́mù olùtú (Na⁺, Cl⁻, HCO₃⁻) àti olùtúnù (omi). 

- **NaCl** (ìwọ̀n) ní ìtúkà 360 g/1000 mL ní 25°C, àti **NaHCO₃** ní ìtúkà 9.6 g/1000 mL ní 25°C. 
- Ìgbàgbọ́ tí kò tọ́ náà ló ń tẹ̀lé àwọn ìfọwọ́bọ̀wọ́sí láàrin àwọn ion (Cl⁻, HCO₃⁻) àti omi. Cl⁻, tí ó jẹ́ ion tí ó yẹ̀rẹ̀ àti tí ó ní ìwọ̀n tí ó yẹ̀rẹ̀, ní ìfọwọ́bọ̀wọ́sí tí ó dára pẹ̀lú omi, kí ó sì ní ìtúkà tí ó dára. HCO₃⁻, tí ó jẹ́ ion tí ó ní àwọn àtọ́mù olùtúnù (C, O) àti tí ó ní ìwọ̀n tí ó yẹ̀rẹ̀, kò ní ìfọwọ́bọ̀wọ́sí tí ó dára pẹ̀lú omi kí ó sì ní ìtúkà tí ó yẹ̀rẹ̀. 

**Ìgbésẹ̀:**
Option D ló ń tẹ̀lé àwọn ìfọwọ́bọ̀wọ́sí láàrin àwọn ion àti omi, tí ó jẹ́ ìgbàgbọ́ tí kò tọ́ pé NaCl ní ìtúkà tí ó dára pẹ̀lú NaHCO₃.",True,16.701384600019082,4214,1286,
C,"The correct answer is **D**. Here's the detailed reasoning:

### **Context of the Question**  
The scenario involves preschool teachers using activities to help children recognize emotions and social interactions. The goal is to identify which activity best facilitates this learning through observation and participation.

---

### **Analysis of the Options**  
1. **Option A**:  
   *Santiago points out the colors of the mountains during a storytelling session.*  
   - Focuses on **color recognition** and visual observation.  
   - **Limited emotional or social learning**—primarily a sensory or cognitive activity.  

2. **Option B**:  
   *Pablo points to a picture and says, ""Look, Pablo!"" during a game.*  
   - Involves **object identification** and self-reference.  
   - Lacks depth in emotional or social context; more about attention or naming.  

3. **Option C**:  
   *María cuts vegetables into pieces while working in the kitchen.*  
   - A **practical skill** (cooking/cutting).  
   - No explicit emotional or social interaction is highlighted.  

4. **Option D**:  
   *Soledad prepares dishes during a holiday celebration and says, ""It's getting ready!""*  
   - Involves **real-life social interaction** (holiday preparation).  
   - Encourages **communication**, **collaboration**, and **emotional engagement** (excitement about the celebration).  
   - Children observe **processes** (preparing food) and **emotional expressions** (joy, anticipation), fostering understanding of social and emotional contexts.  

---

### **Why D is the Best Answer**  
- **Emotional and Social Learning**: The activity in D creates a scenario where children can observe and participate in a meaningful, emotionally charged event (holiday celebration). This helps them learn about **emotions** (e.g., joy, excitement) and **social roles** (cooking, sharing).  
- **Active Participation**: Preparing food and celebrating together allows children to engage in hands-on activities, enhancing their understanding of teamwork and cultural practices.  
- **Communication**: Soledad’s verbal cues (""It's getting ready!"") model language use in real-life contexts, supporting both linguistic and emotional development.  

---

### **Conclusion**  
Option **D** stands out because it integrates **emotional expression**, **social interaction**, and **practical engagement**, all of which are critical for preschoolers to develop emotional intelligence and social skills. The other options focus on isolated skills (color recognition, object naming, or practical tasks) without the same depth of emotional or social learning.",True,12.116550899809226,3704,995,
C,"**Jawọ́: C**

**Ìdáhùn:**

Ìbéèrè yìí nílò láti dá àwọn ọmọdé kí wọ́n mọ̀ ìwé òfin Hund (Pauli Exclusion Principle) àti ìlànà tí àwọn ẹ̀yà mànàmáná (electrons) ń pín nínú àwọn àwòrán àdánidá (orbital diagrams) tí wọ́n ń wí pé ìkarawọ́ amúnáwá (valence shell) tí àwọn átọ́mù oríṣiríṣi. Ìgbésẹ̀ C nílò láti mú àwọn akẹ́kọ̀ọ́ láti wí pé ìlànà tí àwọn ẹ̀yà ń pín nínú àwọn àwòrán (s, p, d, f) tí wọ́n ń wí pé ìkarawọ́ amúnáwá (valence electrons) tí wọ́n ń wí pé àwọn átọ́mù ń wí pé ìwé òfin Hund. 

**Ìṣàwá:**
- **Ìwé òfin Hund** sọ pé àwọn ẹ̀yà ń pín nínú àwọn àwòrán (orbitals) tí wọ́n ń wí pé wọ́n ń pín nípò ìdílẹ̀ (spin) tí wọ́n ń wí pé wọ́n ń pín nípò ìdílẹ̀ (spin) tí wọ́n ń wí pé wọ́n ń pín nípò ìdílẹ̀ (spin) tí wọ́n ń wí pé wọ́n ń pín nípò ìdílẹ̀ (spin) tí wọ́n ń wí pé wọ́n ń pín nípò ìdílẹ̀ (spin) tí wọ́n ń wí pé wọ́n ń pín nípò ìdílẹ̀ (spin) tí wọ́n ń wí pé wọ́n ń pín nípò ìdílẹ̀ (spin) tí wọ́n ń wí pé wọ́n ń pín nípò ìdílẹ̀ (spin) tí wọ́n ń wí pé wọ́n ń pín nípò ìdílẹ̀ (spin) tí wọ́n ń wí pé wọ́n ń pín nípò ìdílẹ̀ (spin) tí wọ́n ń wí pé wọ́n ń pín nípò ìdílẹ̀ (spin) tí wọ́n ń wí pé wọ́n ń pín nípò ìdílẹ̀ (spin) tí wọ́n ń wí pé wọ́n ń pín nípò ìdílẹ̀ (spin) tí wọ́n ń wí pé wọ́n ń pín nípò ìdílẹ̀ (spin) tí wọ́n ń wí pé wọ́n ń pín nípò ìdílẹ̀ (spin) tí wọ́n ń wí pé wọ́n ń pín nípò ìdílẹ̀ (spin) tí wọ́n ń wí pé wọ́n ń pín nípò ìdílẹ̀ (spin) tí wọ́n ń wí pé wọ́n ń pín nípò ìdílẹ̀ (spin) tí wọ́n ń wí pé wọ́n ń pín nípò ìdílẹ̀ (spin) tí wọ́n ń wí pé wọ́n ń pín nípò ìdílẹ̀ (spin) tí wọ́n ń wí pé wọ́n ń pín nípò ìdílẹ̀ (spin) tí wọ́n ń wí pé wọ́n ń pín nípò ìdílẹ̀ (spin) tí wọ́n ń wí pé wọ́n ń pín nípò ìdílẹ̀ (spin) tí wọ́n ń wí pé wọ́n ń pín nípò ìdílẹ̀ (spin) tí wọ́n ń wí pé wọ́n ń pín nípò ìdílẹ̀ (spin) tí wọ́n ń wí pé wọ́n ń pín nípò ìdílẹ̀ (spin) tí wọ́n ń wí pé wọ́n ń pín nípò ìdílẹ̀ (spin) tí wọ́n ń wí pé wọ́n ń pín nípò ìdílẹ̀ (spin) tí wọ́n ń wí pé wọ́n ń pín nípò ìdílẹ̀ (spin) tí wọ́n ń wí pé wọ́n ń pín nípò ìdílẹ̀ (spin) tí wọ́n ń wí pé wọ́n ń pín nípò ìdílẹ̀ (spin) tí wọ́n ń wí pé wọ́n ń pín nípò ìdílẹ̀ (spin) tí wọ́n ń wí pé wọ́n ń pín nípò ìdílẹ̀ (spin) tí wọ́n ń wí pé wọ́n ń pín nípò ìdílẹ̀ (spin) tí wọ́n ń wí pé wọ́n ń pín nípò ìdílẹ̀ (spin) tí wọ́n ń wí pé wọ́n ń pín nípò ìdílẹ̀ (spin) tí wọ́n ń wí pé wọ́n ń pín nípò ìdílẹ̀ (spin) tí wọ́n ń wí pé wọ́n ń pín nípò ìdílẹ̀ (spin) tí wọ́n ń wí pé wọ́n ń pín nípò ìdílẹ̀ (spin) tí wọ́n ń wí pé wọ́n ń pín nípò ìdílẹ̀ (spin) tí wọ́n ń wí pé wọ́n ń pín nípò ìdílẹ̀ (spin) tí wọ́n ń wí pé wọ́n ń pín nípò ìdílẹ̀ (spin) tí wọ́n ń wí pé wọ́n ń pín nípò ìdílẹ̀ (spin) tí wọ́n ń wí pé wọ́n ń pín nípò ìdílẹ̀ (spin) tí wọ́n ń wí pé wọ́n ń pín nípò ìdílẹ̀ (spin) tí wọ́n ń wí pé wọ́n ń pín nípò ìdílẹ̀ (spin) tí wọ́n ń wí pé wọ́n ń pín nípò ìdílẹ̀ (spin) tí wọ́n ń wí pé wọ́n ń pín nípò ìdílẹ̀ (spin) tí wọ́n ń wí pé wọ́n ń pín nípò ìdílẹ̀ (spin) tí wọ́n ń wí pé wọ́n ń pín nípò ìdílẹ̀ (spin) tí wọ́n ń wí pé wọ́n ń pín nípò ìdílẹ̀ (spin) tí wọ́n ń wí pé wọ́n ń pín nípò ìdílẹ̀ (spin) tí wọ́n ń wí pé wọ́n ń pín nípò ìdílẹ̀ (spin) tí wọ́n ń wí pé wọ́n ń pín nípò ìdílẹ̀ (spin) tí wọ́n ń wí pé wọ́n ń pín nípò ìdílẹ̀ (spin) tí wọ́n ń wí pé wọ́n ń pín nípò ìdílẹ̀ (spin) tí wọ́n ń wí pé wọ́n ń pín nípò ìdílẹ̀ (spin) tí wọ́n ń wí pé wọ́n ń pín nípò ìdílẹ̀ (spin) tí wọ́n ń wí pé wọ́n ń pín nípò ìdílẹ̀ (spin) tí wọ́n ń wí pé wọ́n ń pín nípò ìdílẹ̀ (spin) tí wọ́n ń wí pé wọ́n ń pín nípò ìdílẹ̀ (spin) tí wọ́n ń wí pé wọ́n ń pín nípò ìdílẹ̀ (spin) tí wọ́n ń wí pé wọ́n ń pín nípò ìdílẹ̀ (spin) tí wọ́n ń wí pé wọ́n ń pín nípò ìdílẹ̀ (spin) tí wọ́n ń wí pé wọ́n ń pín nípò ìdílẹ̀ (spin) tí wọ́n ń wí pé wọ́n ń pín nípò ìdílẹ̀ (spin) tí wọ́n ń wí pé wọ́n ń pín nípò ìdílẹ̀ (spin) tí wọ́n ń wí pé wọ́n ń pín nípò ìdílẹ̀ (spin) tí wọ́n ń wí pé wọ́n ń pín nípò ìdílẹ̀ (spin) tí wọ́n ń wí pé wọ́n ń pín nípò ìdílẹ̀ (spin) tí wọ́n ń wí pé wọ́n ń pín nípò ìdílẹ̀ (spin) tí wọ́n ń wí pé wọ́n ń pín nípò ìdílẹ̀ (spin) tí wọ́n ń wí pé wọ́n ń pín nípò ìdílẹ̀ (spin) tí wọ́n ń wí pé wọ́n ń pín nípò ìdílẹ̀ (spin) tí wọ́n ń wí pé wọ́n ń pín nípò ìdílẹ̀ (spin) tí wọ́n ń wí pé wọ́n ń pín nípò ìdílẹ̀ (spin) tí wọ́n ń wí pé wọ́n ń pín nípò ìdílẹ̀ (spin) tí wọ́n ń wí pé wọ́n ń pín nípò ìdílẹ̀ (spin) tí wọ́n ń wí pé wọ́n ń pín nípò ìdílẹ̀ (spin) tí wọ́n ń wí pé wọ́n ń pín nípò ìdílẹ̀ (spin) tí wọ́n ń wí pé wọ́n ń pín nípò ìdílẹ̀ (spin) tí wọ́n ń wí pé wọ́n ń pín nípò ìdílẹ̀ (spin) tí wọ́n ń wí pé wọ́n ń pín nípò ìdílẹ̀ (spin) tí wọ́n ń wí pé wọ́n ń pín nípò ìdílẹ̀ (spin) tí wọ́n ń wí pé wọ́n ń pín nípò ìdílẹ̀ (spin) tí wọ́n ń wí pé wọ́n ń pín nípò ìdílẹ̀ (spin) tí wọ́n ń wí pé wọ́n ń pín nípò ìdílẹ̀ (spin) tí wọ́n ń wí pé wọ́n ń pín nípò ìdílẹ̀ (spin) tí wọ́n ń wí pé wọ́n ń pín nípò ìdílẹ̀ (spin) tí wọ́n ń wí pé wọ́n ń pín nípò ìdílẹ̀ (spin) tí wọ́n ń wí pé wọ́n ń pín nípò ìdílẹ̀ (spin) tí wọ́n ń wí pé wọ́n ń pín nípò ìdílẹ̀ (spin) tí wọ́n ń wí pé wọ́n ń pín nípò ìdílẹ̀ (spin) tí wọ́n ń wí pé wọ́n ń pín nípò ìdílẹ̀ (spin) tí wọ́n ń wí pé wọ́n ń pín nípò ìdílẹ̀ (spin) tí wọ́n ń wí pé wọ́n ń pín nípò ìdílẹ̀ (spin) tí wọ́n ń wí pé wọ́n ń pín nípò ìdílẹ̀ (spin) tí wọ́n ń wí pé wọ́n ń pín nípò ìdílẹ̀ (spin) tí wọ́n ń wí pé wọ́n ń pín nípò ìdílẹ̀ (spin) tí wọ́n ń wí pé wọ́n ń pín nípò ìdílẹ̀ (spin) tí wọ́n ń wí pé wọ́n ń pín nípò ìdílẹ̀ (spin) tí wọ́n ń wí pé wọ́n ń pín nípò ìdílẹ̀ (spin) tí wọ́n ń wí pé wọ́n ",True,118.78080440009944,6884,4000,
C,"**C. Relawe àjọṣepọ̀ láàrin àwọn átọ̀mù pẹ̀lú bí àwọn èròjà oríṣiríṣi ṣe lè yọ nínú omi**

**Ìdáhùn:**  
Ìbéèrè yìí ní ìdí tí àwọn nǹkan (NaCl, súgà, báíkárbónéètì, òróró, ọtí) fi máa ń túbọ̀ sí pátápátá, kò fi bẹ́ẹ̀ túbọ̀ sí, tàbí kọ̀ láti túbọ̀ sí rárá ní omi (olùyọ́ tí ní pólù). Ìdí yìí ní ìdí tí àwọn èròjà oríṣiríṣi (pólù) lè yọ nínú omi (olùyọ́ tí ní pólù), àti tí àwọn èròjà kò oríṣiríṣi (kò ní pólù) kò lè yọ nínú omi.  

**Ìdí tí àwọn nǹkan yìí lè yọ nínú omi:**  
- **NaCl (ìyọ̀):** Ìyọ̀ (pólù) lè yọ nínú omi (pólù) nípa ìdí tí àwọn átọ̀mù pólù lè túbọ̀ sí.  
- **Súgà (C₁₂H₂₂O₁₁):** Súgà (pólù) lè yọ nínú omi (pólù).  
- **Báíkárbónéètì (NaHCO₃):** Ìyọ̀ (pólù) lè yọ nínú omi.  
- **Òróró (C₅H₁₂):** Òróró (kò ní pólù) kò lè yọ nínú omi (pólù).  
- **Ọtí (C₂H₅OH):** Ọtí (pólù) lè yọ nínú omi (pólù).  

**Ìdí tí àwọn nǹkan kò lè yọ nínú omi:**  
- **Òróró** kò lè yọ nínú omi nípa ìdí tí àwọn èròjà kò oríṣiríṣi kò lè túbọ̀ sí nínú olùyọ́ tí ní pólù.  

**Ìdí tí àwọn nǹkan kọ̀ láti túbọ̀ sí rárá:**  
- **Báíkárbónéètì** kò lè yọ nínú omi nípa ìdí tí wọn máa ń ṣe ìdí tí àwọn átọ̀mù pólù kò lè túbọ̀ sí rárá nípa ìdí tí wọn máa ń ṣe ìdí tí àwọn átọ̀mù pólù kò lè túbọ̀ sí rárá nípa ìdí tí wọn máa ń ṣe ìdí tí àwọn átọ̀mù pólù kò lè túbọ̀ sí rárá nípa ìdí tí wọn máa ń ṣe ìdí tí àwọn átọ̀mù pólù kò lè túbọ̀ sí rárá nípa ìdí tí wọn máa ń ṣe ìdí tí àwọn átọ̀mù pólù kò lè túbọ̀ sí rárá nípa ìdí tí wọn máa ń ṣe ìdí tí àwọn átọ̀mù pólù kò lè túbọ̀ sí rárá nípa ìdí tí wọn máa ń ṣe ìdí tí àwọn átọ̀mù pólù kò lè túbọ̀ sí rárá nípa ìdí tí wọn máa ń ṣe ìdí tí àwọn átọ̀mù pólù kò lè túbọ̀ sí rárá nípa ìdí tí wọn máa ń ṣe ìdí tí àwọn átọ̀mù pólù kò lè túbọ̀ sí rárá nípa ìdí tí wọn máa ń ṣe ìdí tí àwọn átọ̀mù pólù kò lè túbọ̀ sí rárá nípa ìdí tí wọn máa ń ṣe ìdí tí àwọn átọ̀mù pólù kò lè túbọ̀ sí rárá nípa ìdí tí wọn máa ń ṣe ìdí tí àwọn átọ̀mù pólù kò lè túbọ̀ sí rárá nípa ìdí tí wọn máa ń ṣe ìdí tí àwọn átọ̀mù pólù kò lè túbọ̀ sí rárá nípa ìdí tí wọn máa ń ṣe ìdí tí àwọn átọ̀mù pólù kò lè túbọ̀ sí rárá nípa ìdí tí wọn máa ń ṣe ìdí tí àwọn átọ̀mù pólù kò lè túbọ̀ sí rárá nípa ìdí tí wọn máa ń ṣe ìdí tí àwọn átọ̀mù pólù kò lè túbọ̀ sí rárá nípa ìdí tí wọn máa ń ṣe ìdí tí àwọn átọ̀mù pólù kò lè túbọ̀ sí rárá nípa ìdí tí wọn máa ń ṣe ìdí tí àwọn átọ̀mù pólù kò lè túbọ̀ sí rárá nípa ìdí tí wọn máa ń ṣe ìdí tí àwọn átọ̀mù pólù kò lè túbọ̀ sí rárá nípa ìdí tí wọn máa ń ṣe ìdí tí àwọn átọ̀mù pólù kò lè túbọ̀ sí rárá nípa ìdí tí wọn máa ń ṣe ìdí tí àwọn átọ̀mù pólù kò lè túbọ̀ sí rárá nípa ìdí tí wọn máa ń ṣe ìdí tí àwọn átọ̀mù pólù kò lè túbọ̀ sí rárá nípa ìdí tí wọn máa ń ṣe ìdí tí àwọn átọ̀mù pólù kò lè túbọ̀ sí rárá nípa ìdí tí wọn máa ń ṣe ìdí tí àwọn átọ̀mù pólù kò lè túbọ̀ sí rárá nípa ìdí tí wọn máa ń ṣe ìdí tí àwọn átọ̀mù pólù kò lè túbọ̀ sí rárá nípa ìdí tí wọn máa ń ṣe ìdí tí àwọn átọ̀mù pólù kò lè túbọ̀ sí rárá nípa ìdí tí wọn máa ń ṣe ìdí tí àwọn átọ̀mù pólù kò lè túbọ̀ sí rárá nípa ìdí tí wọn máa ń ṣe ìdí tí àwọn átọ̀mù pólù kò lè túbọ̀ sí rárá nípa ìdí tí wọn máa ń ṣe ìdí tí àwọn átọ̀mù pólù kò lè túbọ̀ sí rárá nípa ìdí tí wọn máa ń ṣe ìdí tí àwọn átọ̀mù pólù kò lè túbọ̀ sí rárá nípa ìdí tí wọn máa ń ṣe ìdí tí àwọn átọ̀mù pólù kò lè túbọ̀ sí rárá nípa ìdí tí wọn máa ń ṣe ìdí tí àwọn átọ̀mù pólù kò lè túbọ̀ sí rárá nípa ìdí tí wọn máa ń ṣe ìdí tí àwọn átọ̀mù pólù kò lè túbọ̀ sí rárá nípa ìdí tí wọn máa ń ṣe ìdí tí àwọn átọ̀mù pólù kò lè túbọ̀ sí rárá nípa ìdí tí wọn máa ń ṣe ìdí tí àwọn átọ̀mù pólù kò lè túbọ̀ sí rárá nípa ìdí tí wọn máa ń ṣe ìdí tí àwọn átọ̀mù pólù kò lè túbọ̀ sí rárá nípa ìdí tí wọn máa ń ṣe ìdí tí àwọn átọ̀mù pólù kò lè túbọ̀ sí rárá nípa ìdí tí wọn máa ń ṣe ìdí tí àwọn átọ̀mù pólù kò lè túbọ̀ sí rárá nípa ìdí tí wọn máa ń ṣe ìdí tí àwọn átọ̀mù pólù kò lè túbọ̀ sí rárá nípa ìdí tí wọn máa ń ṣe ìdí tí àwọn átọ̀mù pólù kò lè túbọ̀ sí rárá nípa ìdí tí wọn máa ń ṣe ìdí tí àwọn átọ̀mù pólù kò lè túbọ̀ sí rárá nípa ìdí tí wọn máa ń ṣe ìdí tí àwọn átọ̀mù pólù kò lè túbọ̀ sí rárá nípa ìdí tí wọn máa ń ṣe ìdí tí àwọn átọ̀mù pólù kò lè túbọ̀ sí rárá nípa ìdí tí wọn máa ń ṣe ìdí tí àwọn átọ̀mù pólù kò lè túbọ̀ sí rárá nípa ìdí tí wọn máa ń ṣe ìdí tí àwọn átọ̀mù pólù kò lè túbọ̀ sí rárá nípa ìdí tí wọn máa ń ṣe ìdí tí àwọn átọ̀mù pólù kò lè túbọ̀ sí rárá nípa ìdí tí wọn máa ń ṣe ìdí tí àwọn átọ̀mù pólù kò lè túbọ̀ sí rárá nípa ìdí tí wọn máa ń ṣe ìdí tí àwọn átọ̀mù pólù kò lè túbọ̀ sí rárá nípa ìdí tí wọn máa ń ṣe ìdí tí àwọn átọ̀mù pólù kò lè túbọ̀ sí rárá nípa ìdí tí wọn máa ń ṣe ìdí tí àwọn átọ̀mù pólù kò lè túbọ̀ sí rárá nípa ìdí tí wọn máa ń ṣe ìdí tí àwọn átọ̀mù pólù kò lè túbọ̀ sí rárá nípa ìdí tí wọn máa ń ṣe ìdí tí àwọn átọ̀mù pólù kò lè túbọ̀ sí rárá nípa ìdí tí wọn máa ń ṣe ìdí tí àwọn átọ̀mù pólù kò lè túbọ̀ sí rárá nípa ìdí tí wọn máa ń ṣe ìdí tí àwọn átọ̀mù pólù kò lè túbọ̀ sí rárá nípa ìdí tí wọn máa ń ṣe ìdí tí àwọn átọ̀mù pólù kò lè túbọ̀ sí rárá nípa ìdí tí wọn máa ń ṣe ìdí tí àwọn átọ̀mù pólù kò lè túbọ̀ sí rárá nípa ìdí tí wọn máa ń ṣe ìdí tí àwọn átọ̀mù pólù kò lè túbọ̀ sí rárá nípa ìdí tí wọn máa ń ṣe ìdí tí àwọn átọ̀mù pólù kò lè túbọ̀ sí rárá nípa ìdí tí wọn máa ń ṣe ìdí tí àwọn átọ̀mù pólù kò lè túbọ̀ sí rárá nípa ìdí tí wọn máa ń ṣe ìdí tí àwọn átọ̀mù pólù kò lè túbọ̀ sí rárá nípa ìdí tí wọn máa ń ṣe ìdí tí àwọn átọ̀mù pólù kò lè túbọ̀ sí rárá nípa ìdí tí wọn máa ń ṣe ìdí tí àwọn átọ̀mù pólù kò lè túbọ̀ sí rárá nípa ìdí tí wọn máa ń ṣe ìdí tí àwọn átọ̀mù pólù kò lè túbọ̀ sí rárá nípa ìdí tí wọn máa ń ṣe ìdí tí àwọn átọ̀mù pólù kò lè túbọ̀ sí rárá nípa ìdí tí wọn máa ń ṣe ìdí tí àwọn átọ̀mù pólù kò lè túbọ̀ sí rárá nípa ìdí tí wọn máa ń ṣe ìdí tí àwọn",True,50.35094120004214,7003,4000,
D,"**Dáhùn ìbéèrè gidi nìkan:**

**D. Béèrè lọ́wọ́ àwọn akẹ́kọ̀ọ́ láti ṣe àtúnpọ̀ àwọn ìlànà ìdánwò láti fi ìmúwàá àwọn onírúurú ìbásepọ̀ láàrin àwọn átọ́ọ̀mù hàn.**

**Ìdáhùn rẹ̀ nìkan:**  
Olùkọ́ náà lè tẹ̀lé e kí àwọn akẹ́kọ̀ọ́ dá onírúurú ìfọwọ́sowọ́pọ̀ láàrin àwọn átọ́mù (intermolecular interactions) mọ̀ nípa ìṣẹ́ sáyẹ́ǹsì. Ní àwọn ìgbésẹ̀ tí àwọn akẹ́kọ̀ọ́ ń ṣe àtúnpọ̀ ìlànà ìdánwò láti fi ìmúwàá àwọn onírúurú ìbásepọ̀, wọn ń ṣe ìṣẹ́ tí ó tẹ̀lé hàn ìmọ̀ ìjìnlẹ̀ lórí iṣẹ́ sáyẹ́ǹsì (scientific inquiry). Ìṣẹ́ náà lè ṣe ìgbéwò ìmọ̀ wọn nípa àwọn ìfọwọ́sowọ́pọ̀ láàrin àwọn átọ́mù (nípa àwọn ìfọwọ́sowọ́pọ̀ láàrin, àwọn ìfọwọ́sowọ́pọ̀ ìdílù, àwọn ìfọwọ́sowọ́pọ̀ ìdílù-ìdílù, àwọn ìfọwọ́sowọ́pọ̀ ìdílù-ìdílù-ìdílù, àti àwọn ìfọwọ́sowọ́pọ̀ ìdílù-ìdílù-ìdílù-ìdílù) àti kí wọn máa tẹ̀lé hàn ìṣẹ́ tí ó tẹ̀lé hàn ìmọ̀ ìjìnlẹ̀ lórí iṣẹ́ sáyẹ́ǹsì (nípa ìdánwò, ìwàdéèdèé, àti ìdánilójú).  

**Dúró gẹ́lẹ́ lẹ́yìn lẹ́tà náà:**  
- **Ìgbésẹ̀ D** tẹ̀lé hàn ìmọ̀ ìjìnlẹ̀ lórí iṣẹ́ sáyẹ́ǹsì nípa ìdánwò àwọn ìfọwọ́sowọ́pọ̀ láàrin àwọn átọ́mù, kí àwọn akẹ́kọ̀ọ́ máa tẹ̀lé hàn ìmọ̀ ìjìnlẹ̀ lórí iṣẹ́ sáyẹ́ǹsì (scientific inquiry) nípa ìdánwò, ìwàdéèdèé, àti ìdánilójú.  
- **Ìgbésẹ̀ B** tẹ̀lé hàn ìmọ̀ nípa àwọn ìfọwọ́sowọ́pọ̀ láàrin àwọn átọ́mù nípa àwọn ìlànà tí ó wà lára ìwé ìkàwé, kí àwọn akẹ́kọ̀ọ́ máa tẹ̀lé hàn ìmọ̀ nípa àwọn ìfọwọ́sowọ́pọ̀ láàrin àwọn átọ́mù, kí wọn kò máa tẹ̀lé hàn ìmọ̀ ìjìnlẹ̀ lórí iṣẹ́ sáyẹ́ǹsì.  
- **Ìgbésẹ̀ A** àti **C** tẹ̀lé hàn ìmọ̀ nípa àwọn ìfọwọ́sowọ́pọ̀ láàarin àwọn átọ́mù (intramolecular interactions), kí wọn kò máa tẹ̀lé hàn ìmọ̀ nípa àwọn ìfọwọ́sowọ́pọ̀ láàrin àwọn átọ́mù (intermolecular interactions) tí olùkọ́ náà ń tẹ̀lé hàn.  

**Ìgbésẹ̀ D** jẹ́ ìgbésẹ̀ tí ó tẹ̀lé hàn ìmọ̀ ìjìnlẹ̀ lórí iṣẹ́ sáyẹ́ǹsì nípa ìdánwò àwọn ìfọwọ́sowọ́pọ̀ láàrin àwọn átọ́mù, kí àwọn akẹ́kọ̀ọ́ máa tẹ̀lé hàn ìmọ̀ ìjìnlẹ̀ lórí iṣẹ́ sáyẹ́ǹsì (scientific inquiry) nípa ìdánwò, ìwàdéèdèé, àti ìdánilójú.",True,26.44284819997847,5089,2097,
B,"**C. Yàran àwọn ẹranko gẹ́gẹ́ bí àwọn ànímọ́ tí a fi fúnni**

**Ìdáhùn:**  
Ìṣẹ́ tí ó múlò pé àwọn akẹ́kọ̀ọ́ máa wà nínú ẹgbẹ́ láti pín àwọn ẹranko sílẹ̀ nígbà tí wọn ń mú ìwàdéèdèé àwọn àbájáde ìwádìí sáyẹ́ǹsì dára ni, wọn kò máa ní ìṣòro ìpínyà wọn sí àwọn ànímọ́ tí wọn máa rí. Ìṣẹ́ tí ó múlò ni wọn máa lo àwọn ọ̀nà tí wọn rò pé ó yẹ̀ (kan ní àwọn ìgbésẹ̀ tí a fi hàn) láti rí àwọn ẹranko nípa àwọn àbùdá wọn, àti wọn máa wá tún ṣe ìdánilójú láti rí èyí tí wọn ń mú. Ìṣẹ́ C múlò pé wọn máa yàran àwọn ẹranko gẹ́gẹ́ bí àwọn ànímọ́ tí a fi fúnni, ó sì mú kí wọn máa rí èyí tí wọn ń mú nípa àwọn àbùdá wọn, kí wọn máa wà nínú ẹgbẹ́ láti pín wọn sí ipò.  

**Ìgbésẹ̀ ìwádìí tí ó múlò:**  
- **Ìṣẹ́ tí ó múlò pé wọn máa lo àwọn ọ̀nà tí wọn rò pé ó yẹ̀ (C):** Ó mú kí wọn máa rí àwọn ẹranko nípa àwọn àbùdá wọn, kí wọn máa wà nínú ẹgbẹ́ láti pín wọn sí ipò.  
- **Ìṣẹ́ tí ó múlò pé wọn máa wá tún ṣe ìdánilójú (C):** Ó mú kí wọn máa rí èyí tí wọn ń mú nípa àwọn àbùdá wọn, kí wọn máa wà nínú ẹgbẹ́ láti pín wọn sí ipò.  

**Ìṣẹ́ tí kò múlò (A, B, D):**  
- **A** múlò pé wọn máa ṣe àpèjúwe, kí kò mú kí wọn máa wà nínú ẹgbẹ́ láti pín wọn sí ipò.  
- **B** múlò pé wọn máa kọ́ àwọn àbùdá ara wọn, kí kò mú kí wọn máa rí àwọn ẹranko tí a fi hàn.  
- **D** múlò pé wọn máa sọ̀ pé wọn máa wà nínú ipò, kí kò mú kí wọn máa rí èyí tí wọn ń mú.  

**Ìṣòro ìdáhùn:**  
- **Yàran àwọn ẹranko gẹ́gẹ́ bí àwọn ànímọ́ tí a fi fúnni (C):** Ó mú kí wọn máa rí àwọn ẹranko nípa àwọn àbùdá wọn, kí wọn máa wà nínú ẹgbẹ́ láti pín wọn sí ipò.  
- **Ìdánilójú àwọn ẹranko (C):** Ó mú kí wọn máa rí èyí tí wọn ń mú nípa àwọn àbùdá wọn, kí wọn máa wà nínú ẹgbẹ́ láti pín wọn sí ipò.  

**Ìwàdéèdèé tí ó múlò:**  
- **Ìgbésẹ̀ tí a múlò pé wọn máa rí àwọn ẹranko nípa àwọn àbùdá wọn (C):** Ó mú kí wọn máa wà nínú ẹgbẹ́ láti pín wọn sí ipò.  
- **Ìgbésẹ̀ tí a múlò pé wọn máa wá tún ṣe ìdánilójú (C):** Ó mú kí wọn máa rí èyí tí wọn ń mú nípa àwọn àbùdá wọn, kí wọn máa wà nínú ẹgbẹ́ láti pín wọn sí ipò.  

**Ìṣẹ́ tí ó múlò pé wọn máa wà nínú ẹgbẹ́ láti pín wọn sí ipò (C):**  
- **Yàran àwọn ẹranko gẹ́gẹ́ bí àwọn ànímọ́ tí a fi fúnni (C):** Ó mú kí wọn máa rí àwọn ẹranko nípa àwọn àbùdá wọn, kí wọn máa wà nínú ẹgbẹ́ láti pín wọn sí ipò.  
- **Ìdánilójú àwọn ẹranko (C):** Ó mú kí wọn máa rí èyí tí wọn ń mú nípa àwọn àbùdá wọn, kí wọn máa wà nínú ẹgbẹ́ láti pín wọn sí ipò.  

**Ìwàdéèdèé tí ó múlò pé wọn máa wà nínú ẹgbẹ́ láti pín wọn sí ipò (C):**  
- **Ìgbésẹ̀ tí a múlò pé wọn máa rí àwọn ẹranko nípa àwọn àbùdá wọn (C):** Ó mú kí wọn máa wà nínú ẹgbẹ́ láti pín wọn sí ipò.  
- **Ìgbésẹ̀ tí a múlò pé wọn máa wá tún ṣe ìdánilójú (C):** Ó mú kí wọn máa rí èyí tí wọn ń mú nípa àwọn àbùdá wọn, kí wọn máa wà nínú ẹgbẹ́ láti pín wọn sí ipò.  

**Ìṣòro ìdáhùn tí ó múlò pé wọn máa wà nínú ẹgbẹ́ láti pín wọn sí ipò (C):**  
- **Yàran àwọn ẹranko gẹ́gẹ́ bí àwọn ànímọ́ tí a fi fúnni (C):** Ó mú kí wọn máa rí àwọn ẹranko nípa àwọn àbùdá wọn, kí wọn máa wà nínú ẹgbẹ́ láti pín wọn sí ipò.  
- **Ìdánilójú àwọn ẹranko (C):** Ó mú kí wọn máa rí èyí tí wọn ń mú nípa àwọn àbùdá wọn, kí wọn máa wà nínú ẹgbẹ́ láti pín wọn sí ipò.  

**Ìwàdéèdèé tí ó múlò pé wọn máa wà nínú ẹgbẹ́ láti pín wọn sí ipò (C):**  
- **Ìgbésẹ̀ tí a múlò pé wọn máa rí àwọn ẹranko nípa àwọn àbùdá wọn (C):** Ó mú kí wọn máa wà nínú ẹgbẹ́ láti pín wọn sí ipò.  
- **Ìgbésẹ̀ tí a múlò pé wọn máa wá tún ṣe ìdánilójú (C):** Ó mú kí wọn máa rí èyí tí wọn ń mú nípa àwọn àbùdá wọn, kí wọn máa wà nínú ẹgbẹ́ láti pín wọn sí ipò.  

**Ìṣòro ìdáhùn tí ó múlò pé wọn máa wà nínú ẹgbẹ́ láti pín wọn sí ipò (C):**  
- **Yàran àwọn ẹranko gẹ́gẹ́ bí àwọn ànímọ́ tí a fi fúnni (C):** Ó mú kí wọn máa rí àwọn ẹranko nípa àwọn àbùdá wọn, kí wọn máa wà nínú ẹgbẹ́ láti pín wọn sí ipò.  
- **Ìdánilójú àwọn ẹranko (C):** Ó mú kí wọn máa rí èyí tí wọn ń mú nípa àwọn àbùdá wọn, kí wọn máa wà nínú ẹgbẹ́ láti pín wọn sí ipò.  

**Ìwàdéèdèé tí ó múlò pé wọn máa wà nínú ẹgbẹ́ láti pín wọn sí ipò (C):**  
- **Ìgbésẹ̀ tí a múlò pé wọn máa rí àwọn ẹranko nípa àwọn àbùdá wọn (C):** Ó mú kí wọn máa wà nínú ẹgbẹ́ láti pín wọn sí ipò.  
- **Ìgbésẹ̀ tí a múlò pé wọn máa wá tún ṣe ìdánilójú (C):** Ó mú kí wọn máa rí èyí tí wọn ń mú nípa àwọn àbùdá wọn, kí wọn máa wà nínú ẹgbẹ́ láti pín wọn sí ipò.  

**Ìṣòro ìdáhùn tí ó múlò pé wọn máa wà nínú ẹgbẹ́ láti pín wọn sí ipò (C):**  
- **Yàran àwọn ẹranko gẹ́gẹ́ bí àwọn ànímọ́ tí a fi fúnni (C):** Ó mú kí wọn máa rí àwọn ẹranko nípa àwọn àbùdá wọn, kí wọn máa wà nínú ẹgbẹ́ láti pín wọn sí ipò.  
- **Ìdánilójú àwọn ẹranko (C):** Ó mú kí wọn máa rí èyí tí wọn ń mú nípa àwọn àbùdá wọn, kí wọn máa wà nínú ẹgbẹ́ láti pín wọn sí ipò.  

**Ìwàdéèdèé tí ó múlò pé wọn máa wà nínú ẹgbẹ́ láti pín wọn sí ipò (C):**  
- **Ìgbésẹ̀ tí a múlò pé wọn máa rí àwọn ẹranko nípa àwọn àbùdá wọn (C):** Ó mú kí wọn máa wà nínú ẹgbẹ́ láti pín wọn sí ipò.  
- **Ìgbésẹ̀ tí a múlò pé wọn máa wá tún ṣe ìdánilójú (C):** Ó mú kí wọn máa rí èyí tí wọn ń mú nípa àwọn àbùdá wọn, kí wọn máa wà nínú ẹgbẹ́ láti pín wọn sí ipò.  

**Ìṣòro ìdáhùn tí ó múlò pé wọn máa wà nínú ẹgbẹ́ láti pín wọn sí ipò (C):**  
- **Yàran àwọn ẹranko gẹ́gẹ́ bí àwọn ànímọ́ tí a fi fúnni (C):** Ó mú kí wọn máa rí àwọn ẹranko nípa àwọn àbùdá wọn, kí wọn máa wà nínú ẹgbẹ́ láti pín wọn sí ipò.  
- **Ìdánilójú àwọn ẹranko (C):** Ó mú kí wọn máa rí èyí tí wọn ń mú nípa àwọn àbùdá wọn, kí wọn máa wà nínú ẹgbẹ́ láti pín wọn sí ipò.  

**Ìwàdéèdèé tí ó múlò pé wọn máa wà nínú ẹgbẹ́ láti pín wọn sí ipò (C):**  
- **Ìgbésẹ̀ tí a múlò pé wọn máa rí àwọn ẹranko nípa àwọn àbùdá wọn (C):** Ó mú kí wọn máa wà nínú ẹgbẹ́ láti pín wọn sí ipò.  
- **Ìgbésẹ̀ tí a múlò pé wọn máa wá tún ṣe ìdánilójú (C):** Ó mú kí wọn máa rí èyí tí wọn ń mú nípa àwọn àbùdá wọn, kí wọn máa wà nínú ẹgbẹ́ láti pín wọn sí ipò.  

**Ìṣòro ìdáhùn tí ó múlò pé wọn máa wà nínú ẹgbẹ́ láti pín wọn sí ipò (C):**  
- **Yàran àwọn ẹranko gẹ́gẹ́ bí àwọn ànímọ́ tí a fi fúnni (C):** Ó mú kí wọn máa rí àwọn ẹranko nípa àwọn àbùdá wọn, kí wọn máa wà nínú ẹgbẹ́ láti pín wọn sí ipò.  
- **Ìdánilójú àwọn ẹranko (C):** Ó mú kí wọn máa rí èyí tí wọn ń mú nípa àwọn àbùdá wọn, kí wọn máa wà nínú ẹgbẹ́ láti pín wọn sí ipò.  

**Ìwàdéèdèé tí ó múlò pé wọn máa wà nínú ẹgbẹ́ láti pín wọn sí ipò (C):**  
- **Ìgbésẹ̀ tí a múlò pé wọn",True,90.48024949990213,6782,4000,
C,"**Jàwò D: Wọ́n ṣàlàyé iṣẹ́ gbòǹgbò nínú gbígbé omi tí ohun ọ̀gbìn nílò wọlé.**

**Ìdílẹ̀:**
Àwọn akẹ́kọ̀ọ́ náà ti lè rí àwọn ìparí èrò tó yẹ láti inú ìdánwò tí wọ́n ṣe gẹ́gẹ́ bí oníyípadà tí ó yí padà nígbà tí wọ́n **ṣàlàyé iṣẹ́ gbòǹgbò** (ṣe iṣẹ́ ní ẹ̀kọ̀wé) láti **gbígbé omi** tí ohun ọ̀gbìn nílò wọlé. Ìṣẹ́ náà jẹ́ ìgbésẹ̀ tí ó mú wọn láti rí pé ọ̀nà tí a fi ń mú omi (10 mL lójúmọ́, 10 mL lọ́sẹ̀, tàbí 20 mL lọ́sẹ̀) kí wọn máa rí èrò àwọn irúgbìn láti bẹ̀rẹ̀ iye omi tí ó yẹ fún ìdàgbàsókè rẹ̀. 

**Ìdílẹ̀ ìṣàwárí:**
- **Option D** mú wọn láti rí pé wọn **ṣe iṣẹ́ ní ẹ̀kọ̀wé** (ṣàlàyé iṣẹ́ gbòǹgbò) láti mú omi sí àwọn irúgbìn **ní ọ̀nà tí a fi hàn** (gbígbé omi tí ohun ọ̀gbìn nílò wọlé). Ìṣẹ́ náà jẹ́ ìgbésẹ̀ tí ó mú wọn láti rí pé wọn máa **rìbẹ̀rẹ̀ èrò** tí a fi hàn láti bẹ̀rẹ̀ iye omi tí ó yẹ fún ìdàgbàsókè. 
- **Option C** (Wọ́n máa ń pinnu iye omi tí irúgbìn nílò fún ìdàgbàsókè rẹ̀) jẹ́ ìdílẹ̀ tí wọn máa **rìbẹ̀rẹ̀ èrò** láti inú ìdánwò, kínni kò jẹ́ ìdílẹ̀ tí wọn máa **ṣe iṣẹ́ ní ọ̀nà tí a fi hàn**. Ìṣẹ́ tí wọn máa **ṣe** (D) jẹ́ ìdílẹ̀ tí wọn máa **lè rí àwọn ìparí èrò tó yẹ** láti inú ìdánwò. 

**Ìdílẹ̀ ìgbésẹ̀:**
Àwọn akẹ́kọ̀ọ́ náà ti lè rí pé wọn máa **ṣe iṣẹ́ ní ọ̀nà tí a fi hàn** (D) láti mú omi sí àwọn irúgbìn, kí wọn máa rí èrò tí a fi hàn láti bẹ̀rẹ̀ iye omi tí ó yẹ fún ìdàgbàsókè. Ìṣẹ́ náà jẹ́ ìgbésẹ̀ tí ó mú wọn láti rí pé wọn máa **lè rí àwọn ìparí èrò tó yẹ** láti inú ìdánwò.",True,53.50008239992894,5144,2007,
C,"**A. Gbigbasilẹ (Hypothesis)**

**Explanation:**  
The activity described follows the **scientific method**, where students first **formulate a hypothesis** (predicting what will happen to the ice cube in a warm environment). This is followed by conducting an experiment (placing the ice cube in a warm area), making observations, and comparing results to their initial prediction. While all steps (hypothesis, experiment, observation, conclusion) are part of the process, the question specifically highlights the **method being used in the entire activity**. The **hypothesis (Gbigbasilẹ)** is the foundational step that initiates the scientific inquiry, making it the most accurate answer here.",True,24.60184619994834,3808,864,
B,"

**Ìgbésẹ̀ ìdáhùn (Activity Explanation):**  
**Ìtọ́kasí: ""Kí ló dé tí àwọn ènìyàn fi ń lo aṣọ tí ó nipọn láti dáàbò bo ara wọn lójú òtútù?""**  
**Ìgbésẹ̀ D: Wá iṣẹ́-ìdánwò kan níbi tí wọ́n ti máa fi kẹ̀kẹ́ irin ńlá kan àti kẹ̀kẹ́ aluminiọmu kan sínú iná búńńrù, lẹ́yìn náà, nípa lílo aago òtútù, wọ́n a ṣe àkọsílẹ̀ òtútù ọ̀kọ̀ọ̀kan láti fi ìdí gbígbé ooru lọ múlẹ̀.**

---

### **1. Ìgbésẹ̀ ìdáhùn (Activity Steps):**  
**A. Ìwé iṣẹ́ (Introduction):**  
- **Ìṣẹ́-ìdánwò (Experiment):**  
  - **Ìṣẹ́ 1:** Mú kẹ̀kẹ́ irin ńlá (ẹ̀wẹ̀) àti kẹ̀kẹ́ aluminiọmu (ẹ̀wẹ̀) sínú iná búńńrù.  
  - **Ìṣẹ́ 2:** Kí àwọn akẹ́kọ̀ọ́ múlò pé irin ńlá kò wà ní iná (ó kò ń gún), àti aluminiọmu ń gún.  
  - **Ìṣẹ́ 3:** Kí wọ́n múlò pé irin ńlá ní ìwọ̀n ìgbóná (ẹ̀wẹ̀) tó wà ní iná, àti aluminiọmu ní ìwọ̀n ìgbóná tí ó ń gún.  

**B. Ìdáhùn (Learning):**  
- **Ìṣẹ́-ìdánwò (Observation):**  
  - ""Nítorí pé irin ńlá kò ń gún, ó ní ìwọ̀n ìgbóná tí ó wà ní iná. Aluminiọmu ń gún nítorí pé ó ní ìwọ̀n ìgbóná tí ó ń rìn.""  
- **Ìdí (Explanation):**  
  - ""Àwọn ohun èlò tí ó ní ìwọ̀n ìgbóná tí ó wà ní iná kò ń gún, àti tí ó ní ìwọ̀n ìgbóná tí ó ń rìn ń gún.""  

**C. Ìdánilójú (Follow-up):**  
- **Ìṣẹ́-ìdánwò (Experiment):**  
  - Mú àwọn ohun èlò díẹ̀ (ẹ̀wẹ̀, ẹ̀wẹ̀ tí ó ní ìwọ̀n ìgbóná, ẹ̀wẹ̀ tí ó ní ìwọ̀n ìgbóná) sínú iná láti múlò ìwọ̀n wọn.  
- **Ìdáhùn (Learning):**  
  - ""Kí wọ́n múlò pé ìwọ̀n ohun èlò kí wọn ń gún tàbí kò ń gún.""  

---

### **2. Ìgbésẹ̀ ìdáhùn (Activity Plan):**  
**A. Ìwé iṣẹ́ (Introduction):**  
- **Ìṣẹ́-ìdánwò (Experiment):**  
  - Mú irin ńlá àti aluminiọmu sínú iná.  
  - Kí àwọn akẹ́kọ̀ọ́ múlò ìwọ̀n wọn.  
- **Ìdáhùn (Learning):**  
  - ""Ìwọ̀n ohun èlò kí wọn ń gún tàbí kò ń gún.""  

**B. Ìdánilójú (Follow-up):**  
- **Ìṣẹ́-ìdánwò (Experiment):**  
  - Mú àwọn ohun èlò díẹ̀ sínú iná.  
- **Ìdáhùn (Learning):**  
  - ""Kí wọ́n múlò ìwọ̀n wọn.""  

---

### **3. Ìdáhùn rẹ̀ (Assessment):**  
- **Ìdáhùn (Learning):**  
  - ""Kí wọ́n múlò pé irin ńlá kò ń gún, àti aluminiọmu ń gún.""  
- **Ìdánilójú (Follow-up):**  
  - ""Kí wọ́n múlò ìwọ̀n àwọn ohun èlò díẹ̀.""  

---

### **4. Ìṣẹ́-ìdánwò (Experiment):**  
- **Ìṣẹ́ 1:** Mú irin ńlá sínú iná.  
- **Ìṣẹ́ 2:** Mú aluminiọmu sínú iná.  
- **Ìṣẹ́ 3:** Mú àwọn ohun èlò díẹ̀ sínú iná.  

---

### **5. Ìdí (Explanation):**  
- **Ìdí 1:** ""Irin ńlá kò ń gún nítorí pé ó ní ìwọ̀n ìgbóná tí ó wà ní iná.""  
- **Ìdí 2:** ""Aluminiọmu ń gún nítorí pé ó ní ìwọ̀n ìgbóná tí ó ń rìn.""  
- **Ìdí 3:** ""Àwọn ohun èlò tí ó ní ìwọ̀n ìgbóná tí ó wà ní iná kò ń gún, àti tí ó ní ìwọ̀n ìgbóná tí ó ń rìn ń gún.""  

---

### **6. Ìdánilójú (Follow-up):**  
- **Ìṣẹ́-ìdánwò (Experiment):**  
  - Mú àwọn ohun èlò díẹ̀ sínú iná.  
- **Ìdáhùn (Learning):**  
  - ""Kí wọ́n múlò ìwọ̀n wọn.""  

---

### **7. Ìgbésẹ̀ ìdáhùn (Activity Plan):**  
- **Ìwé iṣẹ́ (Introduction):**  
  - Mú irin ńlá àti aluminiọmu sínú iná.  
- **Ìdánilójú (Follow-up):**  
  - Mú àwọn ohun èlò díẹ̀ sínú iná.  

---

### **8. Ìdáhùn rẹ̀ (Assessment):**  
- **Ìdáhùn (Learning):**  
  - ""Kí wọ́n múlò pé irin ńlá kò ń gún, àti aluminiọmu ń gún.""  
- **Ìdánilójú (Follow-up):**  
  - ""Kí wọ́n múlò ìwọ̀n àwọn ohun èlò díẹ̀.""  

---

### **9. Ìṣẹ́-ìdánwò (Experiment):**  
- **Ìṣẹ́ 1:** Mú irin ńlá sínú iná.  
- **Ìṣẹ́ 2:** Mú aluminiọmu sínú iná.  
- **Ìṣẹ́ 3:** Mú àwọn ohun èlò díẹ̀ sínú iná.  

---

### **10. Ìdí (Explanation):**  
- **Ìdí 1:** ""Irin ńlá kò ń gún nítorí pé ó ní ìwọ̀n ìgbóná tí ó wà ní iná.""  
- **Ìdí 2:** ""Aluminiọmu ń gún nítorí pé ó ní ìwọ̀n ìgbóná tí ó ń rìn.""  
- **Ìdí 3:** ""Àwọn ohun èlò tí ó ní ìwọ̀n ìgbóná tí ó wà ní iná kò ń gún, àti tí ó ní ìwọ̀n ìgbóná tí ó ń rìn ń gún.""  

---

### **11. Ìdánilójú (Follow-up):**  
- **Ìṣẹ́-ìdánwò (Experiment):**  
  - Mú àwọn ohun èlò díẹ̀ sínú iná.  
- **Ìdáhùn (Learning):**  
  - ""Kí wọ́n múlò ìwọ̀n wọn.""  

---

### **12. Ìgbésẹ̀ ìdáhùn (Activity Plan):**  
- **Ìwé iṣẹ́ (Introduction):**  
  - Mú irin ńlá àti aluminiọmu sínú iná.  
- **Ìdánilójú (Follow-up):**  
  - Mú àwọn ohun èlò díẹ̀ sínú iná.  

---

### **13. Ìdáhùn rẹ̀ (Assessment):**  
- **Ìdáhùn (Learning):**  
  - ""Kí wọ́n múlò pé irin ńlá kò ń gún, àti aluminiọmu ń gún.""  
- **Ìdánilójú (Follow-up):**  
  - ""Kí wọ́n múlò ìwọ̀n àwọn ohun èlò díẹ̀.""  

---

### **14. Ìṣẹ́-ìdánwò (Experiment):**  
- **Ìṣẹ́ 1:** Mú irin ńlá sínú iná.  
- **Ìṣẹ́ 2:** Mú aluminiọmu sínú iná.  
- **Ìṣẹ́ 3:** Mú àwọn ohun èlò díẹ̀ sínú iná.  

---

### **15. Ìdí (Explanation):**  
- **Ìdí 1:** ""Irin ńlá kò ń gún nítorí pé ó ní ìwọ̀n ìgbóná tí ó wà ní iná.""  
- **Ìdí 2:** ""Aluminiọmu ń gún nítorí pé ó ní ìwọ̀n ìgbóná tí ó ń rìn.""  
- **Ìdí 3:** ""Àwọn ohun èlò tí ó ní ìwọ̀n ìgbóná tí ó wà ní iná kò ń gún, àti tí ó ní ìwọ̀n ìgbóná tí ó ń rìn ń gún.""  

---

### **16. Ìdánilójú (Follow-up):**  
- **Ìṣẹ́-ìdánwò (Experiment):**  
  - Mú àwọn ohun èlò díẹ̀ sínú iná.  
- **Ìdáhùn (Learning):**  
  - ""Kí wọ́n múlò ìwọ̀n wọn.""  

---

### **17. Ìgbésẹ̀ ìdáhùn (Activity Plan):**  
- **Ìwé iṣẹ́ (Introduction):**  
  - Mú irin ńlá àti aluminiọmu sínú iná.  
- **Ìdánilójú (Follow-up):**  
  - Mú àwọn ohun èlò díẹ̀ sínú iná.  

---

### **18. Ìdáhùn rẹ̀ (Assessment):**  
- **Ìdáhùn (Learning):**  
  - ""Kí wọ́n múlò pé irin ńlá kò ń gún, àti aluminiọmu ń gún.""  
- **Ìdánilójú (Follow-up):**  
  - ""Kí wọ́n múlò ìwọ̀n àwọn ohun èlò díẹ̀.""  

---

### **19. Ìṣẹ́-ìdánwò (Experiment):**  
- **Ìṣẹ́ 1:** Mú irin ńlá sínú iná.  
- **Ìṣẹ́ 2:** Mú aluminiọmu sínú iná.  
- **Ìṣẹ́ 3:** Mú àwọn ohun èlò díẹ̀ sínú iná.  

---

### **20. Ìdí (Explanation):**  
- **Ìdí 1:** ""Irin ńlá kò ń gún nítorí pé ó ní ìwọ̀n ìgbóná tí ó wà ní iná.""  
- **Ìdí 2:** ""Aluminiọmu ń gún nítorí pé ó ní ìwọ̀n ìgbóná tí ó ń rìn.""  
- **Ìdí 3:** ""Àwọn ohun èlò tí ó ní ìwọ̀n ìgbóná tí ó wà ní iná kò ń gún, àti tí ó ní ìwọ̀n ìgbóná tí ó ń rìn ń gún.""  

---

### **21. Ìdánilójú (Follow-up):**  
- **Ìṣẹ́-ìdánwò (Experiment):**  
  - Mú àwọn ohun èlò díẹ̀ sínú iná.  
- **Ìdáhùn (Learning):**  
  - ""Kí wọ́n múlò ìwọ̀n wọn.""  

---

### **22. Ìgbésẹ̀ ìdáhùn (Activity Plan):**  
- **Ìwé iṣẹ́ (Introduction):**  
  - Mú irin ńlá àti aluminiọmu sínú iná.  
- **Ìdánilójú (Follow-up):**  
  - Mú àwọn ohun èlò díẹ̀ sínú iná.  

---

### **23. Ìdáhùn rẹ̀ (Assessment):**  
- **Ìdáhùn (Learning):**  
  - ""Kí wọ́n múlò pé irin ńlá kò ń gún, àti aluminiọmu ń gún.""  
- **Ìdánilójú (Follow-up):**  
  - ""Kí wọ́n múlò ìwọ̀n àwọn ohun èlò díẹ̀.""  

---

### **24. Ìṣẹ́-ìdánwò (Experiment):**  
- **Ìṣẹ́ 1:** Mú irin ńlá sínú iná.  
- **Ìṣẹ́ 2:** Mú aluminiọmu sínú iná.  
- **Ìṣẹ́ 3:** Mú àwọn ohun èlò díẹ̀ sínú iná.  

---

### **25. Ìdí (Explanation):**  
- **Ìdí 1:** ""Irin ńlá kò ń gún nítorí pé ó ní ìwọ̀n ìgbóná tí ó wà ní iná.""  
- **Ìdí 2:** ""Aluminiọmu ń gún nítorí pé ó ní ìwọ̀n ìgbóná tí ó ń rìn.""  
- **Ìdí 3:** ""Àwọn ohun èlò tí ó ní ìwọ̀n ìgbóná tí ó wà ní iná kò ń gún, àti tí ó ní ìwọ̀n ìgbóná tí ó ń rìn ń gún.""  

---

### **26. Ìdánilójú (Follow-up):**  
- **Ìṣẹ́-ìdánwò (Experiment):**  
  - Mú àwọn ohun èlò díẹ̀ sínú iná.  
- **Ìdáhùn (Learning):**  
  - ""Kí wọ́n múlò ìwọ̀n wọn.""  

---

### **27. Ìgbésẹ̀ ìdáhùn (Activity Plan):**  
- **Ìwé iṣẹ́ (Introduction):**  
  - Mú irin ńlá àti aluminiọmu sínú iná.  
- **Ìdánilójú (Follow-up):**  
  - Mú àwọn ohun èlò díẹ̀ sínú iná.  

---

### **28. Ìdáhùn rẹ̀ (Assessment):**  
- **Ìdáhùn (Learning):**  
  - ""Kí wọ́n múlò pé irin ńlá kò ń gún, àti aluminiọmu ń gún.""  
- **Ìdánilójú (Follow-up):**  
  - ""Kí wọ́n múlò ìwọ̀n àwọn ohun èlò díẹ̀.""  

---

### **29. Ìṣẹ́-ìdánwò (Experiment):**  
- **Ìṣẹ́ 1:** Mú irin ńlá sínú iná.  
- **Ìṣẹ́ 2:** Mú aluminiọmu sínú iná.  
- **Ìṣẹ́ 3:** Mú àwọn ohun èlò díẹ̀ sínú iná.  

---

### **30. Ìdí (Explanation):**  
- **Ìdí 1:** ""Irin ńlá kò ń gún nítorí pé ó ní ìwọ̀n ìgbóná tí ó wà ní iná.""  
- **Ìdí 2:** ""Aluminiọmu ń gún nítorí pé ó ní ìwọ̀n ìgbóná tí ó ń rìn.""  
- **Ìdí 3:** ""Àwọn ohun èlò tí ó ní ìwọ̀n ìgbóná tí ó wà ní iná kò ń gún, àti tí ó ní ìwọ̀n ìgbóná tí ó ń rìn ń gún.""  

---

### **31. Ìdánilójú (Follow-up):**  
- **Ìṣẹ́-ìdánwò (Experiment):**  
  - Mú àwọn ohun èlò díẹ̀ sínú iná.  
- **Ìdáhùn (Learning):**  
  - ""Kí wọ́n múlò ìwọ̀n wọn.""  

---

### **32. Ìgbésẹ̀ ìdáhùn (Activity Plan):**  
- **Ìwé iṣẹ́ (Introduction):**  
  - Mú irin ńlá àti aluminiọmu sínú iná.  
- **Ìdánilójú (Follow-up):**  
  - Mú àwọn ohun èlò díẹ̀ sínú iná.  

---

### **33. Ìdáhùn rẹ̀ (Assessment):**  
- **Ìdáhùn (Learning):**  
  - ""Kí wọ́n múlò pé irin ńlá kò ń gún, àti aluminiọmu ń gún.""  
- **Ìdánilójú (Follow-up):**  
  - ""Kí wọ́n múlò ìwọ̀n àwọn ohun èlò díẹ̀.""  

---

### **34. Ìṣẹ́-ìdánwò (Experiment):**  
- **Ìṣẹ́ 1:** Mú irin ńlá sínú iná.  
- **Ìṣẹ́ 2:** Mú aluminiọmu sínú iná.  
- **Ìṣẹ́ 3:** Mú àwọn ohun èlò díẹ̀ sínú iná.  

---

### **35. Ìdí (Explanation):**  
- **Ìdí 1:** ""Irin ńlá kò ń gún nítorí pé ó ní ìwọ̀n ìgbóná tí ó wà ní iná.""  
- **Ìdí 2:** ""Aluminiọmu ń gún nítorí pé ó ní ìwọ̀n ìgbóná tí ó ń rìn.""  
- **Ìdí 3:** ""Àwọn ohun èlò tí ó ní ìwọ̀n ìgbóná tí ó wà ní iná kò ń gún, àti tí ó ní ìwọ̀n ìgbóná tí ó ń rìn ń gún.""  

---

### **36. Ìdánilójú (Follow-up):**  
- **Ìṣẹ́-ìdánwò (Experiment):**  
  - Mú àwọn ohun èlò díẹ̀ sínú iná.  
- **Ìdáhùn (Learning):**  
  - ""Kí wọ́n múlò ìwọ̀n wọn.""  

---

### **37. Ìgbésẹ̀ ìdáhùn (Activity Plan):**  
- **Ìwé iṣẹ́ (Introduction):**  
  - Mú irin ńlá àti aluminiọmu sínú iná.  
- **Ìdánilójú (Follow-up):**  
  - Mú àwọn ohun èlò díẹ̀ sínú iná.  

---

### **38. Ìdáhùn rẹ̀ (Assessment):**  
- **Ìdáhùn (Learning):**  
  - ""Kí wọ́n múlò pé irin ńlá kò ń gún, àti aluminiọmu ń gún.""  
- **Ìdánilójú (Follow-up):**  
  - ""Kí wọ́n múlò ìwọ̀n àwọn ohun èlò díẹ̀.""  

---

### **39. Ìṣẹ́-ìdánwò (Experiment):**  
- **Ìṣẹ́ 1:** Mú irin ńlá sínú iná.  
- **Ìṣẹ́ 2:** Mú aluminiọmu sínú iná.  
- **Ìṣẹ́ 3:** Mú àwọn ohun èlò díẹ̀ sínú iná.  

---

### **40. Ìdí (Explanation):**  
- **Ìdí 1:** ""Irin ńlá kò ń gún nítorí pé ó ní ìwọ̀n ìgbóná tí ó wà ní iná.""  
- **Ìdí 2:** ""Aluminiọmu ń gún nítorí pé ó ní ìwọ̀n ìgbóná tí ó ń rìn.""  
- **Ìdí 3:** ""Àwọn ohun èlò tí ó ní ìwọ̀n ìgbóná tí ó wà ní iná kò ń gún, àti tí ó ní ìwọ̀n ìgbóná tí ó ń rìn ń gún.""  

---

### **41. Ìdánilójú (Follow-up):**  
- **Ìṣẹ́-ìdánwò (Experiment):**  
  - Mú àwọn ohun èlò díẹ̀ sínú iná.  
- **Ìdáhùn (Learning):**  
  - ""Kí wọ́n múlò ìwọ̀n wọn.""  

---

### **42. Ìgbésẹ̀ ìdáhùn (Activity Plan):**  
- **Ìwé iṣẹ́ (Introduction):**  
  - Mú irin ńlá àti aluminiọmu sínú iná.  
- **Ìdánilójú (Follow-up):**  
  - Mú àwọn ohun èlò díẹ̀ sínú iná.  

---

### **43. Ìdáhùn rẹ̀ (Assessment):**  
- **Ìdáhùn (Learning):**  
  - ""Kí wọ́n múlò pé irin ńlá kò ń gún, àti aluminiọmu ń gún.""  
- **Ìdánilójú (Follow-up):**  
  - ""Kí wọ́n múlò ìwọ̀n àwọn ohun èlò díẹ̀.""  

---

### **44. Ìṣẹ́-ìdánwò (Experiment):**  
- **Ìṣẹ́ 1:** Mú irin ńlá sínú iná.  
- **Ìṣẹ́ 2:** Mú aluminiọmu sínú iná.  
- **Ìṣẹ́ 3:** Mú àwọn ohun èlò díẹ̀ sínú iná.  

---

### **45. Ìdí (Explanation):**  
- **Ìdí 1:** ""Irin ńlá kò ń gún nítorí pé ó ní ìwọ̀n ìgbóná tí ó wà ní iná.""  
- **Ìdí 2:** ""Aluminiọmu ń gún nítorí pé ó ní ìwọ̀n ìgbóná tí ó ń rìn.""  
- **Ìdí 3:** ""Àwọn ohun èlò tí ó ní ìwọ̀n ìgbóná tí ó wà ní iná kò ń gún, àti tí ó ní ìwọ̀n ìgbóná tí ó ń rìn ń gún.""  

---

### **46. Ìdánilójú (Follow-up):**  
- **Ìṣẹ́-ìdánwò (Experiment):**  
  - Mú àwọn ohun èlò díẹ̀ sínú iná.  
- **Ìdáhùn (Learning):**  
  - ""Kí wọ́n múlò ìwọ̀n wọn.""  

---

### **47. Ìgbésẹ̀ ìdáhùn (Activity Plan):**  
- **Ìwé iṣẹ́ (Introduction):**  
  - Mú irin ńlá àti aluminiọmu sínú iná.  
- **Ìdánilójú (Follow-up):**  
  - Mú àwọn ohun èlò díẹ̀ sínú iná.  

---

### **48. Ìdáhùn rẹ̀ (Assessment):**  
- **Ìdáhùn (Learning):**  
  - ""Kí wọ́n múlò pé irin ńlá kò ń gún, àti aluminiọmu ń gún.""  
- **Ìdánilójú (Follow-up):**  
  - ""Kí wọ́n múlò ìwọ̀n àwọn ohun èlò díẹ̀.""  

---

### **49. Ìṣẹ́-ìdánwò (Experiment):**  
- **Ìṣẹ́ 1:** Mú irin ńlá sínú iná.  
- **Ìṣẹ́ 2:** Mú aluminiọmu sínú iná.  
- **Ìṣẹ́ 3:** Mú àwọn ohun èlò díẹ̀ sínú iná.  

---

### **50. Ìdí (Explanation):**  
- **Ìdí 1:** ""Irin ńlá kò ń gún nítorí pé ó ní ìwọ̀n ìgbóná tí ó wà ní iná.""  
- **Ìdí 2:** ""Aluminiọmu ń gún nítorí pé ó ní ìwọ̀n ìgbóná tí ó ń rìn.""  
- **Ìdí 3:** ""Àwọn ohun èlò tí ó ní ìwọ̀n ìgbóná tí ó wà ní iná kò ń gún, àti tí ó ní ìwọ̀n ìgbóná tí ó ń rìn ń gún.""  

---

### **51. Ìdánilójú (Follow-up):**  
- **Ìṣẹ́-ìdánwò (Experiment):**  
  - Mú àwọn ohun èlò díẹ̀ sínú iná.  
- **Ìdáhùn (Learning):**  
  - ""Kí wọ́n múlò ìwọ̀n wọn.""  

---

### **52. Ìgbésẹ̀ ìdáhùn (Activity Plan):**  
- **Ìwé iṣẹ́ (Introduction):**  
  - Mú irin ńlá àti aluminiọmu sínú iná.  
- **Ìdánilójú (Follow-up):**  
  - Mú àwọn ohun èlò díẹ̀ sínú iná.  

---

### **53. Ìdáhùn rẹ̀ (Assessment):**  
- **Ìdáhùn (Learning):**  
  - ""Kí wọ́n múlò pé irin ńlá kò ń gún, àti aluminiọmu ń gún.""  
- **Ìdánilójú (Follow-up):**  
  - ""Kí wọ́n múlò ìwọ̀n àwọn ohun èlò díẹ̀.""  

---

### **54. Ìṣẹ́-ìdánwò (Experiment):**  
- **Ìṣẹ́ 1:** Mú irin ńlá sínú iná.  
- **Ìṣẹ́ 2:** Mú aluminiọmu sínú iná.  
- **Ìṣẹ́ 3:** Mú àwọn ohun èlò díẹ̀ sínú iná.  

---

### **55. Ìdí (Explanation):**  
- **Ìdí 1:** ""Irin ńlá kò ń gún nítorí pé ó ní ìwọ̀n ìgbóná tí ó wà ní iná.""  
- **Ìdí 2:** ""Aluminiọmu ń gún nítorí pé ó ní ìwọ̀n ìgbóná tí ó ń rìn.""  
- **Ìdí 3:** ""Àwọn ohun èlò tí ó ní ìwọ̀n ìgbóná tí ó wà ní iná kò ń gún, àti tí ó ní ìwọ̀n ìgbóná tí ó ń rìn ń gún.""  

---

### **56. Ìdánilójú (Follow-up):**  
- **Ìṣẹ́-ìdánwò (Experiment):**  
  - Mú àwọn ohun èlò díẹ̀ sínú iná.  
- **Ìdáhùn (Learning):**  
  - ""Kí wọ́n múlò ìwọ̀n wọn.""  

---

### **57. Ìgbésẹ̀ ìdáhùn (Activity Plan):**  
- **Ìwé iṣẹ́ (Introduction):**  
  - Mú irin ńlá àti aluminiọmu sínú iná.  
- **Ìdánilójú (Follow-up):**  
  - Mú àwọn ohun èlò díẹ̀ sínú iná.  

---

### **58. Ìdáhùn rẹ̀ (Assessment):**  
- **Ìdáhùn (Learning):**  
  - ""Kí wọ́n múlò pé irin ńlá kò ń gún, àti aluminiọmu ń gún.""  
- **Ìdánilójú (Follow-up):**  
  - ""Kí wọ́n múlò ìwọ̀n àwọn ohun èlò díẹ̀.""  

---

### **59. Ìṣẹ́-ìdánwò (Experiment):**  
- **Ìṣẹ́ 1:** Mú irin ńlá sínú iná.  
- **Ìṣẹ́ 2:** Mú aluminiọmu sínú iná.  
- **Ìṣẹ́ 3:** Mú àwọn ohun èlò díẹ̀ sínú iná.  

---

### **60. Ìdí (Explanation):**  
- **Ìdí 1:** ""Irin ńlá kò ń gún nítorí pé ó ní ìwọ̀n ìgbóná tí ó wà ní iná.""  
- **Ìdí 2:** ""Aluminiọmu ń gún nítorí pé ó ní ìwọ̀n ìgbóná tí ó ń rìn.""  
- **Ìdí 3:** ""Àwọn ohun èlò tí ó ní ìwọ̀n ìgbóná tí ó wà ní iná kò ń gún, àti tí ó ní ìwọ̀n ìgbóná tí ó ń rìn ń gún.""  

---

### **61. Ìdánilójú (Follow-up):**  
- **Ìṣẹ́-ìdánwò (Experiment):**  
  - Mú àwọn ohun èlò díẹ̀ sínú iná.  
- **Ìdáhùn (Learning):**  
  - ""Kí wọ́n múlò ìwọ̀n wọn.""  

---

### **62. Ìgbésẹ̀ ìdáhùn (Activity Plan):**  
- **Ìwé iṣẹ́ (Introduction):**  
  - Mú irin ńlá àti aluminiọmu sínú iná.  
- **Ìdánilójú (Follow-up):**  
  - Mú àwọn ohun èlò díẹ̀ sínú iná.  

---

### **63. Ìdáhùn rẹ̀ (Assessment):**  
- **Ìdáhùn (Learning):**  
  - ""Kí wọ́n múlò pé irin ńlá kò ",True,220.3566799000837,12378,8863,670.0
D,"**Ìbéèrè Gidi:**

**D.** Nígbà tí a kò bá fún àwọn ewéko ní omi, àárín-àjá-sẹ̀ẹ̀lì (extracellular medium) yóò di hayípátóníìkì, èyí sì mú kí omi kúrò láti inú àárín-nú-sẹ̀ẹ̀lì lọ sí àárín-àjá-sẹ̀ẹ̀lì, tí ó sì dín iye sáyítópílàsímù kù, tí ó sì mú kí ihò-ìpamọ́ àárín náà kéré, èyí sì mú kí pílásímà mẹ́ḿbúrẹ́ẹ̀sì náà fà kúrò lára ògiri sẹ̀ẹ̀lì, tí ó sì mú kí àwọn ewé náà rọ dẹ̀dẹ̀.

**Ìṣàwárí:**

1. **Hypertonic Solution (Hayípátóníìkì):** Ní àárín-àjá-sẹ̀ẹ̀lì (extracellular medium), àwọn èròjà náà ní ìdàpọ̀ gíga ju inú sẹ̀ẹ̀lì (intracellular medium). Nítorí náà, omi yóò kúrò láti inú sẹ̀ẹ̀lì lọ sí àárín-àjá-sẹ̀ẹ̀lì láti mú kí iye èròjà yìí yẹ̀wà.

2. **Plasmolysis (Plasmólísísì):** Nígbà tí omi kúrò láti inú sẹ̀ẹ̀lì, àpapọ̀ pàtàkì (central vacuole) yóò pọ̀ sí i ní ìwọ̀n, tí ó sì mú kí awọ ara sẹ̀ẹ̀lì (plasma membrane) yà kúrò lára ògiri sẹ̀ẹ̀lì (cell wall). Èyí tí yóò mú kí àwọn ewéko náà rọ dẹ̀dẹ̀, tí a mọ̀ sí plasmolysis.

3. **Ìṣàlàyé Dára:** Ìṣàlàyé D ní ìṣàwárí tí ó yẹ̀wà nípa ìgbéwò ìwàdéèdèé àwọn èròjà ní àárín-àjá-sẹ̀ẹ̀lì (hypertonic) tí ó mú kí omi kúrò láti inú sẹ̀ẹ̀lì, tí ó sì mú kí àwọn ewéko rọ dẹ̀dẹ̀. Ìṣàlàyé náà ní ìṣàwárí tí ó tẹ̀lé e ní lílo èdè tí ó yẹ fún ipò ilé-ìwé, kí ó sì mú kí àwọn ọmọ ilé-ìwé máa mọ̀ ìṣẹ̀lẹ̀ tí ó ń mú kí àwọn ewéko rọ nígbà tí wọ́n kò bá fún wọn ní omi.

**Ìṣàlàyé Kò Dára:**

- **A:** Àwọn ìṣàlàyé náà ní ìṣàwárí tí ó kò yẹ̀wà nípa ìgbéwò ìwàdéèdèé àárín-àjá-sẹ̀ẹ̀lì (hypertonic) tí ó mú kí omi kúrò láti inú sẹ̀ẹ̀lì. Ìṣàlàyé náà kò ní ìṣàwárí tí ó mú kí àwọn ewéko rọ dẹ̀dẹ̀ nítorí plasmolysis.

- **B:** Ìṣàlàyé náà ní ìṣàwárí tí ó kò yẹ̀wà nípa hypotonic solution, tí ó kò yẹ̀wà ní àárín-àjá-sẹ̀ẹ̀lì ní àwọn èròjà náà.

- **C:** Ìṣàlàyé náà ní ìṣàwárí tí ó kò yẹ̀wà nípa ìgbéwò ìwàdéèdèé àárín-nú-sẹ̀ẹ̀lì (intracellular medium) tí ó di hayípátóníìkì, tí ó kò yẹ̀wà ní àárín-àjá-sẹ̀ẹ̀lì ní àwọn èròjà náà.

**Ìṣàwárí Gẹ́gẹ́:**
Ìṣàlàyé D ní ìṣàwárí tí ó yẹ̀wà nípa ìgbéwò ìwàdéèdèé àárín-àjá-sẹ̀ẹ̀lì (hypertonic) tí ó mú kí omi kúrò láti inú sẹ̀ẹ̀lì, tí ó sì mú kí àwọn ewéko rọ dẹ̀dẹ̀ nítorí plasmolysis. Ìṣàlàyé náà ní ìṣàwárí tí ó tẹ̀lé e ní lílo èdè tí ó yẹ fún ipò ilé-ìwé, kí ó sì mú kí àwọn ọmọ ilé-ìwé máa mọ̀ ìṣẹ̀lẹ̀ tí ó ń mú kí àwọn ewéko rọ nígbà tí wọ́n kò bá fún wọn ní omi.",True,53.64220859995112,5468,1937,
A,"**Dáhùn ìbéèrè gidi nìkan:**

**B. Ànímọ́ Àjẹsára Abínibí**

**Ìdáhùn ìbéèrè:**  
Àfojúsùn (immunization) ní ìṣẹ́ láti mú àwọn ènìyàn láti rí ìwàdéèdèé àwọn ẹ̀jẹ̀ kan nígbà tí wọn sì ń mú ìwàdéèdèé àwọn àbájáde ìwádìí sáyẹ́ǹsì. Ìṣẹ́ àfojúsùn ní ìṣẹ́ láti mú àwọn ànímọ́ àjẹsára (antigens) tí wọn yẹ̀n ní ìwàdéèdèé àwọn ẹ̀jẹ̀ kan, ó sì mú àwọn ànímọ́ àjẹsára wọn láti múlò sí àwọn T lymphocytes àti B lymphocytes láti ṣe ìṣẹ́ ìṣèmìdálẹ̀.  

**Ànímọ́ Àjẹsára Abínibí (Antigen Presentation)** ní ìṣẹ́ láti mú àwọn ànímọ́ tí àwọn ẹ̀jẹ̀ kan ní (kan ní àwọn ẹ̀jẹ̀ tí àfojúsùn ti mú) láti múlò sí àwọn T lymphocytes, ó sì mú àwọn T lymphocytes láti ṣe ìṣẹ́ ìṣèmìdálẹ̀ àti mú àwọn B lymphocytes láti ṣe àwọn ànímọ́ àjẹsára tí wọn máa múlò láti mú àwọn ẹ̀jẹ̀ kan nígbà tí wọn sì ń mú ìwàdéèdèé.  

**Ìgbésẹ̀ ìwádìí tí olùkọ́ máa tẹ̀lé:**  
- **Àwọn akẹ́kọ̀ọ́ máa ní ìmọ̀ pé àfojúsùn ní ìṣẹ́ láti mú àwọn ànímọ́ àjẹsára tí wọn yẹ̀n ní ìwàdéèdèé àwọn ẹ̀jẹ̀ kan.**  
- **Wọn máa ní ìmọ̀ pé ànímọ́ àjẹsára abínibí ní ìṣẹ́ láti mú àwọn T lymphocytes láti ṣe ìṣẹ́ ìṣèmìdálẹ̀.**  
- **Wọn máa ní ìmọ̀ pé àfojúsùn ní ìṣẹ́ láti mú àwọn ènìyàn láti rí ìwàdéèdèé àwọn ẹ̀jẹ̀ kan nígbà tí wọn sì ń mú ìwàdéèdèé.**  

**Pèsè lẹ́tà fún ìdáhùn rẹ nìkan:**  
Olùkọ́ máa fi àwọn ìgbésẹ̀ ìwádìí wọ̀nyí hàn:  
1. **Ìgbésẹ̀ ìwádìí àwọn ànímọ́ àjẹsára abínibí:** Olùkọ́ máa fi àwọn ìgbésẹ̀ ìwádìí hàn pé ànímọ́ àjẹsára abínibí ní ìṣẹ́ láti mú àwọn T lymphocytes láti ṣe ìṣẹ́ ìṣèmìdálẹ̀.  
2. **Ìgbésẹ̀ ìwádìí àfojúsùn:** Olùkọ́ máa fi àwọn ìgbésẹ̀ ìwádìí hàn pé àfojúsùn ní ìṣẹ́ láti mú àwọn ànímọ́ àjẹsára tí wọn yẹ̀n ní ìwàdéèdèé àwọn ẹ̀jẹ̀ kan.  
3. **Ìgbésẹ̀ ìwádìí ìṣẹ́ àwọn T lymphocytes:** Olùkọ́ máa fi àwọn ìgbésẹ̀ ìwádìí hàn pé àwọn T lymphocytes ní ìṣẹ́ láti mú àwọn ènìyàn láti rí ìwàdéèdèé àwọn ẹ̀jẹ̀ kan.  

**Dúró gẹ́lẹ́ lẹ́yìn lẹ́tà náà:**  
Olùkọ́ máa fi àwọn ìgbésẹ̀ ìwádìí wọ̀nyí hàn láti mú àwọn akẹ́kọ̀ọ́ láti ní ìmọ̀ tó péye láti lè ṣàṣeyọrí àfojúsùn tí a gbé kalẹ̀ yìí.",True,149.03294689999893,4815,2061,0.0
D,"**Ìbéèrè Gidi:**

Àwọn akẹ́kọ̀ọ́ náà ti wípé pé aluminiomu ní electrons 27, protons 13, àti neutrons 14. Nígbà tí aluminiomu kò ní ẹ̀sú (neutral), iye electrons máa dọgba pẹ̀lú iye protons (13), àmọ̀ iye neutrons máa jẹ́ 27 - 13 = 14. Gẹ́gẹ́ bí àwọn èrò wọ̀nyí, àwọn akẹ́kọ̀ọ́ ti wípé pé electrons dọgba pẹ̀lú **protons + neutrons** (13 + 14 = 27), ó kò máa mọ pé electrons máa dọgba pẹ̀lú protons ní àárín átọ́mù tí kò ní ẹ̀sú. 

**Ìdáhùn:**

**A. Gbígbàgbọ́ pé iye ẹ̀lẹ́ktrọ́nù dọ́gba pẹ̀lú àròpọ̀ prọ́tọ́nù àti nẹ́utrọ́nù**  
Àwọn akẹ́kọ̀ọ́ náà ti wípé pé electrons = protons + neutrons (13 + 14 = 27), ó kò máa mọ pé electrons máa dọgba pẹ̀lú protons ní àárín átọ́mù tí kò ní ẹ̀sú. Ìṣòro wípé náà ti wípé pé electrons máa dọgba pẹ̀lú **mass number** (protons + neutrons), ó kò máa mọ pé electrons máa dọgba pẹ̀lú protons ní àárín átọ́mù tí kò ní ẹ̀sú. 

**Ìdáhùn rẹ̀: A**",True,10.557615499943495,3905,916,
D,"**Answer:** B. Agbara gbigbe ti àwọn gáàsì (The pressure of gases)

**Reasoning:**  
Boyle's Law directly relates to the **inverse relationship between the pressure and volume of a gas** at constant temperature. The question asks which teaching method would help students grasp this law. Option B explicitly focuses on **pressure**, a core concept in Boyle's Law. 

- **Option A** (""Awọn ohun ini ti ọrọ"") is vague and does not address the scientific principle.  
- **Option C** refers to a teaching method (e.g., inquiry-based learning) but does not specify the content focus.  
- **Option D** (""Ẹ̀kọ́ Àbá Kínetíìkì-mólékúlù ti Gáàsì"") is a broader theory explaining gas behavior, but Boyle's Law is a specific application of this theory.  

By emphasizing **pressure** (Option B), the teacher directly targets the key variable in Boyle's Law, enabling students to understand how changes in pressure affect gas volume. This aligns with the law's foundational principle.",True,16.424358500167727,3221,579,
D,"**Answer: C. Bẹrẹ si beere lọwọ̀ àwọn akẹ́kọ̀ọ́ láti ṣe ìṣirò ìwọ̀n-rẹpẹtẹ gázì tó kù tí ó wà nínú apẹ̀rẹ̀ ní àwọn ibi ìga-jìjì-tòrògbó tó yàtọ̀ síra**

**Explanation:**  
Ìrísí iṣẹ́-ṣíṣe **C** jẹ́ kí láti dá àwọn akẹ́kọ̀ọ́ láti ṣe ìṣirò tí wọ́n máa wò ìwọ̀n (pressure) àti rẹ̀pẹtẹ (volume) ní ìpínyà tí wọ́n máa tẹ̀lé sí ìlànà Òfin Boyle. Ní àwọn ìṣirò tí wọ́n yàtọ̀ síra, àwọn akẹ́kọ̀ọ́ máa mú ìwàdéèdèé àwọn àbájáde ìwádìí dára si, máa wò ìyàtọ̀ nínu ìwọ̀n àti rẹ̀pẹtẹ, àti máa tẹ̀lé pé ó ní ìyàtọ̀ ẹ̀rí nípa ìlànà Òfin Boyle. Ìṣẹ́ wọ́n máa ṣe ìdánilójú pé ìwọ̀n àti rẹ̀pẹtẹ ní ìyàtọ̀ ẹ̀rí (inverse relationship) nígbà tí ìsàlẹ̀ (temperature) jẹ́ ẹ̀rí.  

**Ìgbésẹ̀ wọn ìdáhùn wọn:**  
- **A (ìfúnpá):** Ìfúnpá yìí ní ìwọ̀n tí ó kò ní ìyàtọ̀ pẹ̀lú rẹ̀pẹtẹ nígbà tí ìsàlẹ̀ kò jẹ́ ẹ̀rí, kò sí ìwádìí Òfin Boyle.  
- **B (báàlúùnì afẹ́fẹ́):** Ìṣẹ́ wọ́n máa wò ìwọ̀n tí ó kù, kò sí ìyàtọ̀ nínu ìwọ̀n àti rẹ̀pẹtẹ.  
- **D (búlúbù):** Ìṣẹ́ wọ́n máa wò ìwọ̀n tí ó kù, kò sí ìyàtọ̀ nínu ìwọ̀n àti rẹ̀pẹtẹ ní ìsàlẹ̀ ẹ̀rí.  

**Ìṣẹ́ C** jẹ́ kí láti dá àwọn akẹ́kọ̀ọ́ láti ṣe ìṣirò tí wọ́n máa wò ìyàtọ̀ ẹ̀rí nípa ìwọ̀n àti rẹ̀pẹtẹ, kí wọ́n máa tẹ̀lé ìlànà Òfin Boyle ní ìwádìí dára.",True,40.485452799825,4312,1341,
B,"**D**

**Explanation:**  
The question asks which teaching method best helps students understand how myelinated axons transmit action potentials. The correct answer is **D**, which uses a **string of beads model** to demonstrate the role of myelin in nerve impulse conduction. Here's why:

1. **Saltatory Conduction Concept**: Myelin sheaths insulate axons, allowing action potentials to ""jump"" between nodes of Ranvier (gaps in the myelin). This process, called saltatory conduction, significantly speeds up signal transmission.  
2. **Model Representation**: Option D describes a **physical model** (string of beads) where beads represent nodes of Ranvier, and the myelin sheath is the insulating material between them. This visual analogy makes the abstract concept of saltatory conduction tangible for students.  
3. **Clarity and Engagement**: While Option C provides a detailed technical explanation (ion channels, depolarization), Option D uses a **hands-on, visual approach** that aligns with the pedagogical goal of making complex biological processes accessible. The model directly illustrates how myelin enables the ""jumping"" of action potentials, which is the core mechanism in myelinated axons.  

**Why Not the Others?**  
- **A** (table with arrows/symbols) is too abstract and lacks a direct link to myelin's role.  
- **B** (osmosis example) is unrelated to nerve impulse conduction.  
- **C** is accurate but technical; while informative, it may not be as effective for visual learners as a physical model.  

**Conclusion**: **D** is the most effective method for teaching this concept, as it uses a **concrete analogy** to explain the critical role of myelin in accelerating nerve signal transmission.",True,31.716300500091165,4382,1107,
D,"**Jawon ìdáhùn:**  
**B. Wọ́n ya àdàlù náà sílẹ̀ ní méjì méjì, wọ́n sì lo àwọn ọ̀nà tí wọ́n rò pé ó yẹ, wọ́n sì wá wòye iye tí ó fi ṣeé ṣe láti ṣe bẹ́ẹ̀.**

---

**Ìdáhùn gidi:**  
Ìgbésẹ̀ B ni ìdáhùn tí ó dára pẹ̀lú ète ẹ̀kọ́ tí a sọ nípa ìmọ̀ sáyẹ́ǹsì lára àwọn ọmọdé kékeré. Ní àwọn ẹgbẹ́ méjì méjì, àwọn akẹ́kọ̀ọ́ náà fi ìlànà tí wọ́n rò pé ó yẹ láti mú ìwàdéèdèé àdàlù (omi, òkúta, òróró, iyọ̀) sílẹ̀. Ìgbésẹ̀ wọ̀nyí fi ìṣẹ́ àwárí àyíká àdánidá tí ó ní ìṣòro láti:  
1. **Ìṣẹ́ àwárí (ìgbéléwò):** Àwọn akẹ́kọ̀ọ́ náà ń mú ìwàdéèdèé àdàlù sílẹ̀ ní méjì méjì, ó sì fi ìlànà tí wọ́n rò pé ó yẹ láti ṣeé.  
2. **Ìṣẹ́ ìdánilójú (ìdáhùn):** Bábá wọ́n ń mú ìwàdéèdèé, wọ́n wá wòye iye tí ó fi ṣeé ṣe láti ṣe bẹ́ẹ̀. Ìṣẹ́ wọ̀nyí fi wọn ń ṣe ìdánilójú láti rí bí wọ́n ṣe ń mú ìwàdéèdèé, ó sì fi wọn ń ṣe ìdáhùn láti rí bí wọ́n ṣe ń mú ìwàdéèdèé.  
3. **Ìṣẹ́ ìdáláre (ìdáláre):** Nígbà tí wọ́n wá wòye iye tí ó fi ṣeé ṣe, wọ́n sì ṣe ìdáláre fún ìdáhùn wọn. Ìṣẹ́ wọ̀nyí fi wọn ń ṣe ìdáláre láti rí bí wọ́n ṣe ń mú ìwàdéèdèé, ó sì fi wọn ń ṣe ìdáláre láti rí bí wọ́n ṣe ń mú ìwàdéèdèé.  

---

**Ìdáhùn lẹ́tà:**  
Ìgbésẹ̀ B ni ìdáhùn tí ó dára pẹ̀lú ète ẹ̀kọ́ tí a sọ nípa ìmọ̀ sáyẹ́ǹsì lára àwọn ọmọdé kékeré. Ní àwọn ẹgbẹ́ méjì méjì, àwọn akẹ́kọ̀ọ́ náà fi ìlànà tí wọ́n rò pé ó yẹ láti mú ìwàdéèdèé àdàlù (omi, òkúta, òróró, iyọ̀) sílẹ̀. Ìgbésẹ̀ wọ̀nyí fi ìṣẹ́ àwárí àyíká àdánidá tí ó ní ìṣòro láti:  
1. **Ìṣẹ́ àwárí (ìgbéléwò):** Àwọn akẹ́kọ̀ọ́ náà ń mú ìwàdéèdèé àdàlù sílẹ̀ ní méjì méjì, ó sì fi ìlànà tí wọ́n rò pé ó yẹ láti ṣeé.  
2. **Ìṣẹ́ ìdánilójú (ìdáhùn):** Bábá wọ́n ń mú ìwàdéèdèé, wọ́n wá wòye iye tí ó fi ṣeé ṣe láti ṣe bẹ́ẹ̀. Ìṣẹ́ wọ̀nyí fi wọn ń ṣe ìdánilójú láti rí bí wọ́n ṣe ń mú ìwàdéèdèé, ó sì fi wọn ń ṣe ìdáhùn láti rí bí wọ́n ṣe ń mú ìwàdéèdèé.  
3. **Ìṣẹ́ ìdáláre (ìdáláre):** Nígbà tí wọ́n wá wòye iye tí ó fi ṣeé ṣe, wọ́n sì ṣe ìdáláre fún ìdáhùn wọn. Ìṣẹ́ wọ̀nyí fi wọn ń ṣe ìdáláre láti rí bí wọ́n ṣe ń mú ìwàdéèdèé, ó sì fi wọn ń ṣe ìdáláre láti rí bí wọ́n ṣe ń mú ìwàdéèdèé.  

---

**Ìdáhùn gẹ́lẹ́:**  
Ìgbésẹ̀ B ni ìdáhùn tí ó dára pẹ̀lú ète ẹ̀kọ́ tí a sọ nípa ìmọ̀ sáyẹ́ǹsì lára àwọn ọmọdé kékeré. Ní àwọn ẹgbẹ́ méjì méjì, àwọn akẹ́kọ̀ọ́ náà fi ìlànà tí wọ́n rò pé ó yẹ láti mú ìwàdéèdèé àdàlù (omi, òkúta, òróró, iyọ̀) sílẹ̀. Ìgbésẹ̀ wọ̀nyí fi ìṣẹ́ àwárí àyíká àdánidá tí ó ní ìṣòro láti:  
1. **Ìṣẹ́ àwárí (ìgbéléwò):** Àwọn akẹ́kọ̀ọ́ náà ń mú ìwàdéèdèé àdàlù sílẹ̀ ní méjì méjì, ó sì fi ìlànà tí wọ́n rò pé ó yẹ láti ṣeé.  
2. **Ìṣẹ́ ìdánilójú (ìdáhùn):** Bábá wọ́n ń mú ìwàdéèdèé, wọ́n wá wòye iye tí ó fi ṣeé ṣe láti ṣe bẹ́ẹ̀. Ìṣẹ́ wọ̀nyí fi wọn ń ṣe ìdánilójú láti rí bí wọ́n ṣe ń mú ìwàdéèdèé, ó sì fi wọn ń ṣe ìdáhùn láti rí bí wọ́n ṣe ń mú ìwàdéèdèé.  
3. **Ìṣẹ́ ìdáláre (ìdáláre):** Nígbà tí wọ́n wá wòye iye tí ó fi ṣeé ṣe, wọ́n sì ṣe ìdáláre fún ìdáhùn wọn. Ìṣẹ́ wọ̀nyí fi wọn ń ṣe ìdáláre láti rí bí wọ́n ṣe ń mú ìwàdéèdèé, ó sì fi wọn ń ṣe ìdáláre láti rí bí wọ́n ṣe ń mú ìwàdéèdèé.",True,78.97167159989476,5386,2440,0.0
B,"**Jawọ́: C. Ṣe iṣẹ́ yàrá-ìwádìí àtinúdá tí ó fi hàn ìbáṣepọ̀ ìbàjẹ́ àyíká pẹ̀lú òjò alápọ̀mọ́ra**

**Ìdáhùn:**  
Ìwádìí àtinúdá (hands-on activity) ni ọ̀nà tí ó dára jùlọ láti ṣeé àwọn ọmọdé kékeré (second-grade) mọ̀ nípa ìbàjẹ́ àyíká pọ̀ mọ́ òjò alápòòtí. Ní àwọn ẹ̀rọ̀nìyìn, ọ̀nà tí a fi mú ìwàdéèdèé àwọn akẹ́kọ̀ọ́ láti ṣe ìbáṣepọ̀ sí ìbàjẹ́ àyíká pẹ̀lú àwọn ohun èlò tí wọn máa ní (òjò alápọ̀mọ́ra, ìbàjẹ́ àyíká, àpèkùn, ètì, ètì, ètì) níyà lè ṣe ìṣàwárí tí ó dára jùlọ. Ìbáṣepọ̀ náà lè mú wọn láti múlò àti ṣe ìdánwò sí ìbàjẹ́ àyíká, ó sì lè mú wọn láti múlò sí àwọn ìṣòro tí ó ní ìbàjẹ́ àyíká (òjò, àwọn ìbàjẹ́, àwọn ìbàjẹ́ tí ó ní ìbàjẹ́, ètì). Ìdánwò láàrin (discussion) níyà lè mú wọn láti múlò sí ìṣòro tí wọn ń múlò, ó sì lè mú wọn láti múlò sí ìbàjẹ́ àyíká ní ìlànà tí wọn máa múlò.  

**Àwọn ìgbésẹ̀ wọ̀nyí ti kò yẹ:**  
- **A.** Ìwádìí ìwé lórí ìbásepọ̀ kò yẹ kí wọn máa múlò sí ìbàjẹ́ àyíká, ó kò mú wọn láti múlò sí ìbàjẹ́ àyíká pẹ̀lú àwọn ohun èlò tí wọn máa ní.  
- **B.** Àjọṣepọ̀ kò yẹ kí wọn máa múlò sí ìbàjẹ́ àyíká, ó kò mú wọn láti múlò sí ìbàjẹ́ àyíká pẹ̀lú àwọn ohun èlò tí wọn máa ní.  
- **D.** Ìfihàn ìpa òjò gígún níyà lè mú wọn láti múlò sí ìbàjẹ́ àyíká, kínni kò mú wọn láti múlò sí ìbàjẹ́ àyíká pẹ̀lú àwọn ohun èlò tí wọn máa ní.  

**Ìṣàwárí tí ó yẹ:**  
**C** ni ìṣàwárí tí ó yẹ kí wọn ọmọdé kékeré máa múlò sí ìbàjẹ́ àyíká pọ̀ mọ́ òjò alápòòtí. Ìbáṣepọ̀ àtinúdá níyà lè mú wọn láti múlò sí ìbàjẹ́ àyíká pẹ̀lú àwọn ohun èlò tí wọn máa ní, ó sì lè mú wọn láti múlò sí ìṣòro tí wọn ń múlò ní ìdánwò láàrin. Ìṣàwárí náà ni ọ̀nà tí ó dára jùlọ láti mú wọn ọmọdé kékeré láti múlò sí ìbàjẹ́ àyíká ní ìlànà tí wọn máa múlò.",True,36.78198299999349,4221,1447,
A,"**Answer:**  
**B. Agbékalẹ̀ náà wulẹ̀ fàyè gba ìrìn omi nìkan ni**  

**Explanation:**  
The experiment demonstrates **osmosis**, where water moves across a semi-permeable membrane (the permeable bag) from an area of lower solute concentration (the beaker of water) to an area of higher solute concentration (the sucrose solution in the bag). The key observation is that the bag **absorbs water and swells**, which directly illustrates the process of osmosis.  

- **Option B** correctly identifies this outcome: the bag (permeable to water but not to sucrose) swells as water moves into it to balance the solute concentration.  
- **Option D** is partially true (solutes like sucrose do not move through the membrane), but the question focuses on the observable result of the experiment, which is the movement of water, not the solutes.  
- **Option C** is incorrect because the setup *does* show water movement (the bag swells).  
- **Option A** is irrelevant to the experiment's purpose, as the goal is to observe water movement, not the solutes.  

Thus, **B** is the best answer.",True,19.473919700132683,3700,812,
A,"**Correct Answer: D. Béèrè lọ́wọ́ àwọn akẹ́kọ̀ọ́ láti ṣe àwòrán ìsọfúnni (infographic) nípa àwọn ohun èlò ilé tí ó máa ń jù CFCs (chlorofluorocarbons) sínú ìpele ozone (ozone layer) hàn**

**Reasoning:**
1. **Practical Engagement:** Option D encourages students to create an infographic, which is a visual and interactive method. This approach allows learners to synthesize information about CFCs and their impact on the ozone layer in a creative, accessible format. Visual tools like infographics help students retain complex scientific concepts more effectively.

2. **Real-World Connection:** By focusing on household appliances (e.g., refrigerators, air conditioners) that release CFCs, the activity bridges classroom learning with everyday life. This connection makes the environmental issue tangible, fostering awareness of how individual actions (e.g., using CFC-containing products) contribute to ozone depletion.

3. **Critical Thinking and Communication:** Designing an infographic requires students to research, analyze, and present information clearly. This process develops critical thinking, data interpretation, and communication skills, which are essential for scientific literacy.

4. **Actionable Knowledge:** Unlike passive activities (e.g., filling tables or writing reports), creating an infographic empowers students to share their findings with others. This promotes advocacy and community engagement, aligning with the goal of environmental education to inspire sustainable practices.

**Why Other Options Fall Short:**
- **A (Table with CFC/Ozone Data):** While informative, it lacks interactivity and real-world application. Students may memorize facts but not grasp the broader implications.
- **B (Simulation Experiment):** Hands-on but abstract. It may not directly link CFCs to household appliances or emphasize the human role in ozone depletion.
- **C (Report on Ozone Depletion):** Research-based but passive. It focuses on data collection rather than creative problem-solving or public communication.

**Conclusion:** Option D is the most effective because it combines scientific understanding with practical, community-focused action, making the learning experience both educational and impactful.",True,25.80285540013574,3824,811,
A,"**A. Nígbà ìrírí ẹ̀kọ́ kan, Santiago ya àwọn òkúta oríṣiríṣi ìwọ̀n**

**Ìdáhùn:**  
Àwọn ọmọdé ní preschool ní láti ṣe ìgbéléwò nínú àwọn ipò ojoojúmọ́ láti mọ̀ àwọn ànímọ́ pàtàkì tí wọ́n ṣe àwárí rẹ̀, gẹ́gẹ́ bí àwọn àwọ̀, dídán, ìwọ̀n, ooru láàrin àwọn mìíràn. **Ìwọ̀n** (texture) ni ìdílẹ̀ àwọn ìdílẹ̀ tí ó pẹ̀lú ìwọ̀n, tí ó jẹ́ ìdílẹ̀ pàtàkì nínú àwọn ìdílẹ̀ tí àwárí àdánidá yí yàn. Ní àwọn ìgbésẹ̀ wọ̀nyí, **Santiago** ń yí ìwọ̀n òkúta, ó sì ń ṣe ìdílẹ̀ tí ó pẹ̀lú ìwọ̀n, tí ó jẹ́ ìdílẹ̀ tí àwárí àdánidá yí yàn.  

**Ìdáhùn ìgbésẹ̀ wọn:**  
- **B.** Àwọn ìdílẹ̀ wọn pẹ̀lú àwọn àwọ̀ (sight) kò jẹ́ ìdílẹ̀ tí àwárí àdánidá yí yàn, ó kò sì ń yí ìdílẹ̀ tí pẹ̀lú àwọn ìdílẹ̀ wọn.  
- **C.** María ń kó onírúurú ewé, kò sì ń yí ìdílẹ̀ tí pẹ̀lú ìwọ̀n, dídán, àwọ̀, tàbí ooru.  
- **D.** Soledad ń pa àwọn irúgbìn, ó kò sì ń yí ìdílẹ̀ tí pẹ̀lú àwọn ìdílẹ̀ tí àwárí àdánidá yí yàn.  

**Ìdílẹ̀ pàtàkì:**  
Àwárí àdánidá yí yàn láti yí àwọn ìdílẹ̀ tí pẹ̀lú **ìwọ̀n, dídán, àwọ̀, àti ooru**. **Santiago** ń yí ìwọ̀n òkúta (ìdílẹ̀ tí pẹ̀lú ìwọ̀n), ó sì ń ṣe ìdílẹ̀ tí pẹ̀lú àwárí àdánidá yí yàn.  

**Ìdílẹ̀ ìdáhùn:**  
**A** ni ìdílẹ̀ tí ó pẹ̀lú àwárí àdánidá yí yàn, ó sì ń yí ìdílẹ̀ tí pẹ̀lú ìwọ̀n (texture), tí ó jẹ́ ìdílẹ̀ pàtàkì nínú àwọn ìdílẹ̀ tí àwárí àdánidá yí yàn.",True,41.4861129000783,4525,1381,
C,"**Àwọn ìdáhùn tí ó máa múlò sí àfojúsùn ""Láti bá sọ nípa díẹ̀ lára àwọn ànímọ́ pàtàkì ti àwọn ohun èlò àdánidá tí wọ́n ṣe àwárí rẹ̀, gẹ́gẹ́ bí àwọn àwọ̀, dídán, ìwọ̀n, ooru láàarin àwọn mìíràn""**:

**D. Ṣe àpèjúwe àwọn ìforígbárí tí ó máa ń fara hàn nínú àwọn fídíò àwọn ipò ojoojúmọ́, kí o sì tọ́ka sí àwọn ohun tó máa ń nípa lórí wọn.**

**Ìdáhùn gidi**:
- **Ìgbésẹ̀ ìwàdìí**: Àwọn ìforígbárí (fídíò) tí a mú sí àwọn ipò ojoojúmọ́ yíyàn (ìwọ̀n, dídán, àwọ̀, ooru) yóò mú àwọn akẹ́kọ̀ọ́ láti wò pé ọ̀nà tí ohun èlò kọ̀ọ̀kan máa ń fọwọ́ sí ìdágbá. Ní àwọn fídíò, a ní ìdánilójú pé ọ̀nà tí ohun èlò kọ̀ọ̀kan máa ń fọwọ́ sí ìdágbá (ìwọ̀n, dídán, àwọ̀, ooru) láti mú àwọn akẹ́kọ̀ọ́ láti fọwọ́ sí ìpínyà hàn nípa ohun èlò tí ó yẹ̀ lẹ́yìn ìdágbá.
- **Ìgbésẹ̀ ìṣirò ìtẹ̀síwájú**: Àwọn akẹ́kọ̀ọ́ yóò múlò sí ìṣirò tí a fi ń tẹ̀síwájú ohun èlò (ìwọ̀n, dídán, àwọ̀, ooru) láti wò pé ohun èlò kọ̀ọ̀kan máa ń fọwọ́ sí ìdágbá. Ní àwọn ìṣirò tí a mú sí, a ní ìdánilójú pé ọ̀nà tí ohun èlò kọ̀ọ̀kan máa ń fọwọ́ sí ìdágbá láti mú àwọn akẹ́kọ̀ọ́ láti fọwọ́ sí ìpínyà hàn nípa ohun èlò tí ó yẹ̀ lẹ́yìn ìdágbá.
- **Ìgbésẹ̀ ìdáláre**: Àwọn akẹ́kọ̀ọ́ yóò múlò sí ìdáláre tí a fi ń mú sí ohun èlò kọ̀ọ̀kan láti wò pé ọ̀nà tí wọn máa ń fọwọ́ sí ìdágbá. Ní àwọn ìdáláre, a ní ìdánilójú pé ọ̀nà tí ohun èlò kọ̀ọ̀kan máa ń fọwọ́ sí ìdágbá láti mú àwọn akẹ́kọ̀ọ́ láti fọwọ́ sí ìpínyà hàn nípa ohun èlò tí ó yẹ̀ lẹ́yìn ìdágbá.

**Ìdáhùn tí ó yẹ̀**:
- **C. Wọ́n a kọ́kọ́ fi èrò wọn ti tẹ́lẹ̀ lórí ìlànà tí wọ́n máa tẹ̀lé hàn lẹ́yìn ìkọ̀ọ̀kan, wọ́n á parí èrò sí ètò kan tí wọ́n á jọ tẹ̀lé, lẹ́yìn náà ni wọ́n á sì múlò.**

**Ìdáhùn gidi**:
- Àwọn akẹ́kọ̀ọ́ yóò múlò sí ìtẹ̀síwájú ohun èlò kọ̀ọ̀kan (ìwọ̀n, dídán, àwọ̀, ooru) láti wò pé ọ̀nà tí wọn máa ń fọwọ́ sí ìdágbá. Ní àwọn ìtẹ̀síwájú, a ní ìdánilójú pé ọ̀nà tí ohun èlò kọ̀ọ̀kan máa ń fọwọ́ sí ìdágbá láti mú àwọn akẹ́kọ̀ọ́ láti fọwọ́ sí ìpínyà hàn nípa ohun èlò tí ó yẹ̀ lẹ́yìn ìdágbá.

**Ìdáhùn tí ó yẹ̀**:
- **B. Wọ́n ya àdàlù náà sílẹ̀ ní méjì méjì, wọ́n sì lo àwọn ọ̀nà tí wọ́n rò pé ó yẹ, wọ́n sì wá wòye iye tí ó fi ṣeé ṣe láti ṣe bẹ́ẹ̀.**

**Ìdáhùn gidi**:
- Àwọn akẹ́kọ̀ọ́ yóò múlò sí ìtẹ̀síwájú ohun èlò kọ̀ọ̀kan (ìwọ̀n, dídán, àwọ̀, ooru) láti wò pé ọ̀nà tí wọn máa ń fọwọ́ sí ìdágbá. Ní àwọn ìtẹ̀síwájú, a ní ìdánilójú pé ọ̀nà tí ohun èlò kọ̀ọ̀kan máa ń fọwọ́ sí ìdágbá láti mú àwọn akẹ́kọ̀ọ́ láti fọwọ́ sí ìpínyà hàn nípa ohun èlò tí ó yẹ̀ lẹ́yìn ìdágbá.

**Ìdáhùn tí ó yẹ̀**:
- **C. Wọ́n a kọ́kọ́ fi èrò wọn ti tẹ́lẹ̀ lórí ìlànà tí wọ́n máa tẹ̀lé hàn lẹ́yìn ìkọ̀ọ̀kan, wọ́n á parí èrò sí ètò kan tí wọ́n á jọ tẹ̀lé, lẹ́yìn náà ni wọ́n á sì múlò.**

**Ìdáhùn gidi**:
- Àwọn akẹ́kọ̀ọ́ yóò múlò sí ìtẹ̀síwájú ohun èlò kọ̀ọ̀kan (ìwọ̀n, dídán, àwọ̀, ooru) láti wò pé ọ̀nà tí wọn máa ń fọwọ́ sí ìdágbá. Ní àwọn ìtẹ̀síwájú, a ní ìdánilójú pé ọ̀nà tí ohun èlò kọ̀ọ̀kan máa ń fọwọ́ sí ìdágbá láti mú àwọn akẹ́kọ̀ọ́ láti fọwọ́ sí ìpínyà hàn nípa ohun èlò tí ó yẹ̀ lẹ́yìn ìdágbá.

**Ìdáhùn tí ó yẹ̀**:
- **C. Wọ́n a kọ́kọ́ fi èrò wọn ti tẹ́lẹ̀ lórí ìlànà tí wọ́n máa tẹ̀lé hàn lẹ́yìn ìkọ̀ọ̀kan, wọ́n á parí èrò sí ètò kan tí wọ́n á jọ tẹ̀lé, lẹ́yìn náà ni wọ́n á sì múlò.**

**Ìdáhùn gidi**:
- Àwọn akẹ́kọ̀ọ́ yóò múlò sí ìtẹ̀síwájú ohun èlò kọ̀ọ̀kan (ìwọ̀n, dídán, àwọ̀, ooru) láti wò pé ọ̀nà tí wọn máa ń fọwọ́ sí ìdágbá. Ní àwọn ìtẹ̀síwájú, a ní ìdánilójú pé ọ̀nà tí ohun èlò kọ̀ọ̀kan máa ń fọwọ́ sí ìdágbá láti mú àwọn akẹ́kọ̀ọ́ láti fọwọ́ sí ìpínyà hàn nípa ohun èlò tí ó yẹ̀ lẹ́yìn ìdágbá.

**Ìdáhùn tí ó yẹ̀**:
- **C. Wọ́n a kọ́kọ́ fi èrò wọn ti tẹ́lẹ̀ lórí ìlànà tí wọ́n máa tẹ̀lé hàn lẹ́yìn ìkọ̀ọ̀kan, wọ́n á parí èrò sí ètò kan tí wọ́n á jọ tẹ̀lé, lẹ́yìn náà ni wọ́n á sì múlò.**

**Ìdáhùn gidi**:
- Àwọn akẹ́kọ̀ọ́ yóò múlò sí ìtẹ̀síwájú ohun èlò kọ̀ọ̀kan (ìwọ̀n, dídán, àwọ̀, ooru) láti wò pé ọ̀nà tí wọn máa ń fọwọ́ sí ìdágbá. Ní àwọn ìtẹ̀síwájú, a ní ìdánilójú pé ọ̀nà tí ohun èlò kọ̀ọ̀kan máa ń fọwọ́ sí ìdágbá láti mú àwọn akẹ́kọ̀ọ́ láti fọwọ́ sí ìpínyà hàn nípa ohun èlò tí ó yẹ̀ lẹ́yìn ìdágbá.

**Ìdáhùn tí ó yẹ̀**:
- **C. Wọ́n a kọ́kọ́ fi èrò wọn ti tẹ́lẹ̀ lórí ìlànà tí wọ́n máa tẹ̀lé hàn lẹ́yìn ìkọ̀ọ̀kan, wọ́n á parí èrò sí ètò kan tí wọ́n á jọ tẹ̀lé, lẹ́yìn náà ni wọ́n á sì múlò.**

**Ìdáhùn gidi**:
- Àwọn akẹ́kọ̀ọ́ yóò múlò sí ìtẹ̀síwájú ohun èlò kọ̀ọ̀kan (ìwọ̀n, dídán, àwọ̀, ooru) láti wò pé ọ̀nà tí wọn máa ń fọwọ́ sí ìdágbá. Ní àwọn ìtẹ̀síwájú, a ní ìdánilójú pé ọ̀nà tí ohun èlò kọ̀ọ̀kan máa ń fọwọ́ sí ìdágbá láti mú àwọn akẹ́kọ̀ọ́ láti fọwọ́ sí ìpínyà hàn nípa ohun èlò tí ó yẹ̀ lẹ́yìn ìdágbá.

**Ìdáhùn tí ó yẹ̀**:
- **C. Wọ́n a kọ́kọ́ fi èrò wọn ti tẹ́lẹ̀ lórí ìlànà tí wọ́n máa tẹ̀lé hàn lẹ́yìn ìkọ̀ọ̀kan, wọ́n á parí èrò sí ètò kan tí wọ́n á jọ tẹ̀lé, lẹ́yìn náà ni wọ́n á sì múlò.**

**Ìdáhùn gidi**:
- Àwọn akẹ́kọ̀ọ́ yóò múlò sí ìtẹ̀síwájú ohun èlò kọ̀ọ̀kan (ìwọ̀n, dídán, àwọ̀, ooru) láti wò pé ọ̀nà tí wọn máa ń fọwọ́ sí ìdágbá. Ní àwọn ìtẹ̀síwájú, a ní ìdánilójú pé ọ̀nà tí ohun èlò kọ̀ọ̀kan máa ń fọwọ́ sí ìdágbá láti mú àwọn akẹ́kọ̀ọ́ láti fọwọ́ sí ìpínyà hàn nípa ohun èlò tí ó yẹ̀ lẹ́yìn ìdágbá.

**Ìdáhùn tí ó yẹ̀**:
- **C. Wọ́n a kọ́kọ́ fi èrò wọn ti tẹ́lẹ̀ lórí ìlànà tí wọ́n máa tẹ̀lé hàn lẹ́yìn ìkọ̀ọ̀kan, wọ́n á parí èrò sí ètò kan tí wọ́n á jọ tẹ̀lé, lẹ́yìn náà ni wọ́n á sì múlò.**

**Ìdáhùn gidi**:
- Àwọn akẹ́kọ̀ọ́ yóò múlò sí ìtẹ̀síwájú ohun èlò kọ̀ọ̀kan (ìwọ̀n, dídán, àwọ̀, ooru) láti wò pé ọ̀nà tí wọn máa ń fọwọ́ sí ìdágbá. Ní àwọn ìtẹ̀síwájú, a ní ìdánilójú pé ọ̀nà tí ohun èlò kọ̀ọ̀kan máa ń fọwọ́ sí ìdágbá láti mú àwọn akẹ́kọ̀ọ́ láti fọwọ́ sí ìpínyà hàn nípa ohun èlò tí ó yẹ̀ lẹ́yìn ìdágbá.

**Ìdáhùn tí ó yẹ̀**:
- **",True,90.44212909997441,6869,4000,
B,"**A. Sọ tẹ́lẹ̀ kí o sì fi wé ìmọ́lẹ̀ àwọn búlọ́ọ̀bù ìmọ́lẹ̀ méjì tí ó yàtọ̀ tí a so pọ̀ ní tẹ̀dọ́dọ̀ mọ́ bátìrì kan.**

**Ìdáhùn:**  
Àwọn akẹ́kọ̀ọ́ náà ní èrò àtẹ̀yìnwá pé iná mọ̀nàmọ́ná (electric current) ṣe ń gba àwọn ẹ̀rọ oríṣìíríṣìí kọjá, ó ń lò tán (bí iná mọ̀nàmọ́ná ṣe ń gba àwọn ẹ̀rọ oríṣìíríṣìí kọjá, ó ń lò tán). Ìgbésẹ̀ tí Tírò máa tẹ̀lé ni **option A** (àwọn búlọ́ọ̀bù méjì yàtọ̀ ní tẹ̀dọ́dọ̀ mọ́ bátìrì) lè mú àwọn akẹ́kọ̀ọ́ láti wò pé iná mọ̀nàmọ́ná **jẹ́ ẹ̀yà kan** nípa àwọn ẹ̀rọ oríṣìíríṣìí ní ìwé iṣẹ́ tẹ̀dọ́dọ̀, kí wọ́n máa rí pé iná mọ̀nàmọ́ná kò ń lò tán nígbà tí wọ́n ń mú sí àwọn ẹ̀rọ oríṣìíríṣìí. Ìgbésẹ̀ náà lè mú àwọn akẹ́kọ̀ọ́ láti wò pé iná mọ̀nàmọ́ná **kò ń gba àwọn ẹ̀rọ oríṣìíríṣìí kọjá**, ó ń gba **ẹ̀yà kan** nípa wọn, kí wọ́n máa rí pé iná mọ̀nàmọ́ná **kò ń lò tán** bí iná mọ̀nàmọ́ná ṣe ń gba àwọn ẹ̀rọ oríṣìíríṣìí kọjá.  

**Ìgbésẹ̀ tí kò lè mú àwọn akẹ́kọ̀ọ́ láti wò pé iná mọ̀nàmọ́ná kò ń lò tán (B, C, D):**  
- **Option B** (àwọn bébéé iná méjì dọ́gba ní lẹ́sẹẹsẹ mọ́ bálítì) lè mú àwọn akẹ́kọ̀ọ́ láti wò pé iná mọ̀nàmọ́ná **ń gba ẹ̀yà méjì** nípa àwọn ẹ̀rọ oríṣìíríṣìí, kí wọ́n máa rí pé iná mọ̀nàmọ́ná **ń lò tán** nígbà tí wọ́n ń mú sí àwọn ẹ̀rọ oríṣìíríṣìí.  
- **Option C** (àwọn bọ́ọ̀lù iná méjì yàtọ̀ ní àfẹ̀gbẹ́kẹ̀gbẹ́ mọ́ bátìrì) lè mú àwọn akẹ́kọ̀ọ́ láti wò pé iná mọ̀nàmọ́ná **ń gba ẹ̀yà méjì** nípa àwọn ẹ̀rọ oríṣìíríṣìí, kí wọ́n máa rí pé iná mọ̀nàmọ́ná **ń lò tán** nígbà tí wọ́n ń mú sí àwọn ẹ̀rọ oríṣìíríṣìí.  
- **Option D** (àwọn oògùn iná méjì jọra ní ìgbẹ̀gbẹ́ sí batiri) lè mú àwọn akẹ́kọ̀ọ́ láti wò pé iná mọ̀nàmọ́ná **ń gba ẹ̀yà méjì** nípa àwọn ẹ̀rọ oríṣìíríṣìí, kí wọ́n máa rí pé iná mọ̀nàmọ́ná **ń lò tán** nígbà tí wọ́n ń mú sí àwọn ẹ̀rọ oríṣìíríṣìí.  

**Ìgbésẹ̀ tí lè mú àwọn akẹ́kọ̀ọ́ láti wò pé iná mọ̀nàmọ́ná kò ń lò tán (A):**  
- **Option A** (àwọn búlọ́ọ̀bù méjì yàtọ̀ ní tẹ̀dọ́dọ̀ mọ́ bátìrì) lè mú àwọn akẹ́kọ̀ọ́ láti wò pé iná mọ̀nàmọ́ná **jẹ́ ẹ̀yà kan** nípa àwọn ẹ̀rọ oríṣìíríṣìí, kí wọ́n máa rí pé iná mọ̀nàmọ́ná **kò ń lò tán** nígbà tí wọ́n ń mú sí àwọn ẹ̀rọ oríṣìíríṣìí.  

**Ìgbésẹ̀ tí lè mú àwọn akẹ́kọ̀ọ́ láti wò pé iná mọ̀nàmọ́ná kò ń lò tán (A):**  
- **Option A** lè mú àwọn akẹ́kọ̀ọ́ láti wò pé iná mọ̀nàmọ́ná **jẹ́ ẹ̀yà kan** nípa àwọn ẹ̀rọ oríṣìíríṣìí, kí wọ́n máa rí pé iná mọ̀nàmọ́ná **kò ń lò tán** nígbà tí wọ́n ń mú sí àwọn ẹ̀rọ oríṣìíríṣìí.  

**Ìgbésẹ̀ tí lè mú àwọn akẹ́kọ̀ọ́ láti wò pé iná mọ̀nàmọ́ná kò ń lò tán (A):**  
- **Option A** lè mú àwọn akẹ́kọ̀ọ́ láti wò pé iná mọ̀nàmọ́ná **jẹ́ ẹ̀yà kan** nípa àwọn ẹ̀rọ oríṣìíríṣìí, kí wọ́n máa rí pé iná mọ̀nàmọ́ná **kò ń lò tán** nígbà tí wọ́n ń mú sí àwọn ẹ̀rọ oríṣìíríṣìí.  

**Ìgbésẹ̀ tí lè mú àwọn akẹ́kọ̀ọ́ láti wò pé iná mọ̀nàmọ́ná kò ń lò tán (A):**  
- **Option A** lè mú àwọn akẹ́kọ̀ọ́ láti wò pé iná mọ̀nàmọ́ná **jẹ́ ẹ̀yà kan** nípa àwọn ẹ̀rọ oríṣìíríṣìí, kí wọ́n máa rí pé iná mọ̀nàmọ́ná **kò ń lò tán** nígbà tí wọ́n ń mú sí àwọn ẹ̀rọ oríṣìíríṣìí.  

**Ìgbésẹ̀ tí lè mú àwọn akẹ́kọ̀ọ́ láti wò pé iná mọ̀nàmọ́ná kò ń lò tán (A):**  
- **Option A** lè mú àwọn akẹ́kọ̀ọ́ láti wò pé iná mọ̀nàmọ́ná **jẹ́ ẹ̀yà kan** nípa àwọn ẹ̀rọ oríṣìíríṣìí, kí wọ́n máa rí pé iná mọ̀nàmọ́ná **kò ń lò tán** nígbà tí wọ́n ń mú sí àwọn ẹ̀rọ oríṣìíríṣìí.  

**Ìgbésẹ̀ tí lè mú àwọn akẹ́kọ̀ọ́ láti wò pé iná mọ̀nàmọ́ná kò ń lò tán (A):**  
- **Option A** lè mú àwọn akẹ́kọ̀ọ́ láti wò pé iná mọ̀nàmọ́ná **jẹ́ ẹ̀yà kan** nípa àwọn ẹ̀rọ oríṣìíríṣìí, kí wọ́n máa rí pé iná mọ̀nàmọ́ná **kò ń lò tán** nígbà tí wọ́n ń mú sí àwọn ẹ̀rọ oríṣìíríṣìí.  

**Ìgbésẹ̀ tí lè mú àwọn akẹ́kọ̀ọ́ láti wò pé iná mọ̀nàmọ́ná kò ń lò tán (A):**  
- **Option A** lè mú àwọn akẹ́kọ̀ọ́ láti wò pé iná mọ̀nàmọ́ná **jẹ́ ẹ̀yà kan** nípa àwọn ẹ̀rọ oríṣìíríṣìí, kí wọ́n máa rí pé iná mọ̀nàmọ́ná **kò ń lò tán** nígbà tí wọ́n ń mú sí àwọn ẹ̀rọ oríṣìíríṣìí.  

**Ìgbésẹ̀ tí lè mú àwọn akẹ́kọ̀ọ́ láti wò pé iná mọ̀nàmọ́ná kò ń lò tán (A):**  
- **Option A** lè mú àwọn akẹ́kọ̀ọ́ láti wò pé iná mọ̀nàmọ́ná **jẹ́ ẹ̀yà kan** nípa àwọn ẹ̀rọ oríṣìíríṣìí, kí wọ́n máa rí pé iná mọ̀nàmọ́ná **kò ń lò tán** nígbà tí wọ́n ń mú sí àwọn ẹ̀rọ oríṣìíríṣìí.  

**Ìgbésẹ̀ tí lè mú àwọn akẹ́kọ̀ọ́ láti wò pé iná mọ̀nàmọ́ná kò ń lò tán (A):**  
- **Option A** lè mú àwọn akẹ́kọ̀ọ́ láti wò pé iná mọ̀nàmọ́ná **jẹ́ ẹ̀yà kan** nípa àwọn ẹ̀rọ oríṣìíríṣìí, kí wọ́n máa rí pé iná mọ̀nàmọ́ná **kò ń lò tán** nígbà tí wọ́n ń mú sí àwọn ẹ̀rọ oríṣìíríṣìí.  

**Ìgbésẹ̀ tí lè mú àwọn akẹ́kọ̀ọ́ láti wò pé iná mọ̀nàmọ́ná kò ń lò tán (A):**  
- **Option A** lè mú àwọn akẹ́kọ̀ọ́ láti wò pé iná mọ̀nàmọ́ná **jẹ́ ẹ̀yà kan** nípa àwọn ẹ̀rọ oríṣìíríṣìí, kí wọ́n máa rí pé iná mọ̀nàmọ́ná **kò ń lò tán** nígbà tí wọ́n ń mú sí àwọn ẹ̀rọ oríṣìíríṣìí.  

**Ìgbésẹ̀ tí lè mú àwọn akẹ́kọ̀ọ́ láti wò pé iná mọ̀nàmọ́ná kò ń lò tán (A):**  
- **Option A** lè mú àwọn akẹ́kọ̀ọ́ láti wò pé iná mọ̀nàmọ́ná **jẹ́ ẹ̀yà kan** nípa àwọn ẹ̀rọ oríṣìíríṣìí,",True,111.69686829997227,7017,4000,
B,"**C. Tabili kan tó ní ìsọfúnni nípa ìwọ̀n àti ìjìnnà àwọn plánẹ́tì sí Oòrùn**

**Ìdáhùn:**  
Àwọn akẹ́kọ̀ọ́ àkànṣe ìpele kejì (2nd grade secondary students) ní eèyàn tí wọ́n máa ní ìṣòro láti mú àwọn ìwọ̀n àti ìjìnnà láàárín Oòrùn àti àwọn pílánẹ́tì rẹ̀. Ìgbésẹ̀ tí a lè lò nínú yàrá ìkẹ́kọ̀ọ́ náà jẹ́ ohun èlò tí ó yẹ láti mú wọn ìwọ̀n (kìíràn, ìdídùn) àti ìjìnnà (ìwà, ìdídùn, ìjìnnà, ìwà ìlẹ̀, èt.è.) nípa àwọn pílánẹ́tì sí Oòrùn.  

**Ìdáhùn ìgbésẹ̀ C:**  
- **Tabili** (table) jẹ́ ohun èlò tí ó yẹ láti mú ìsọfúnni tí a lè wò sí àwọn ìwọ̀n (kìíràn, ìdídùn) àti ìjìnnà (ìwà, ìdídùn, ìjìnnà, ìwà ìlẹ̀, èt.è.) nípa àwọn pílánẹ́tì sí Oòrùn.  
- Àwọn akẹ́kọ̀ọ́ lè fi wé ìsọfúnni tí a lè wò sí àwọn ìwọ̀n àti ìjìnnà láàárín Oòrùn àti àwọn pílánẹ́tì rẹ̀, kí wọ́n máa mú ìwàdéèdèé àwọn àbájáde ìwádìí sáyẹ́ǹsì.  
- Ìgbésẹ̀ náà jẹ́ kí wọ́n máa tẹ̀lé ìlànà tí olùkọ́ fihàn lóríṣiríṣi láti pín àdàlù náà sílẹ̀, kí wọ́n máa wá tún ṣe ìdánilójú pé àwọn ọ̀nà ìpínyà wo ni wọ́n lò ní oníkálukú ipò náà.  

**Ìdáhùn ìgbésẹ̀ wọn (A, B, D):**  
- **A (Àwòkọ́ṣe kékeré):** Àwòkọ́ṣe kékeré lè mú ìwàdéèdèé àwọn pílánẹ́tì, kínni kò lè mú ìsọfúnni tí a lè wò sí ìwọ̀n àti ìjìnnà láàárín wọn.  
- **B (Mọdẹli oni-nọmba):** Mọdẹli oni-nọmba lè mú ìwọ̀n láàárín àwọn pílánẹ́tì, kínni kò lè mú ìjìnnà (ìwà, ìdídùn, èt.è.) nípa wọn.  
- **D (Atọka eto oorun):** Atọka eto oorun lè mú ìsọfúnni nípa àwọn pílánẹ́tì, kínni kò lè mú ìsọfúnni tí a lè wò sí ìwọ̀n àti ìjìnnà láàárín wọn ní ìwé ìkẹ́kọ̀ọ́.  

**Ìdáhùn ìgbésẹ̀ C jẹ́ kí àwọn akẹ́kọ̀ọ́ lè mú ìwàdéèdèé àwọn àbájáde ìwádìí sáyẹ́ǹsì dára si nígbà tí wọ́n sì ń mú ìwàdéèdèé àwọn àbájáde ìwádìí sáyẹ́ǹsì.**",True,46.64614950004034,4652,1807,
A,"**Answer:** C. Nínú ìwé iṣẹ́ kan níbi tí a ti fi àwòrán du dúró fún ìmọ̀ kọ̀ọ̀kan, samisi àwọn ìdáhùn sí àwọn ìbéèrè wọ̀nyí: Ìmọ̀ wo ni o fi mọ̀ pé ọ̀gẹ̀dẹ̀ jẹ́ yẹ́lò? Èwo ni o fi mọ̀ pé píàrù dùn? Èwo ni o fi mọ̀ pé èpo ọ̀gẹ̀dẹ̀ dán? Èwo ni o fi mọ̀ pé òròró ń gbóòórùn dídùn?

**Reasoning:**  
The question asks which activity best helps preschoolers understand the concept of ""dídùn"" (down) through a science experiment. The key is to identify an activity that directly involves **downward movement** or positioning. 

- **Option C** describes María digging a hole in the ground. This action inherently involves moving earth **downward**, providing a tangible, hands-on experience of the concept ""dídùn."" Children can physically observe and participate in the process of creating a hole, which reinforces the idea of something moving or being in a lower position. 

- **Other options** either involve upward movement (A: running up stairs, D: jumping on a trampoline) or unrelated concepts (B: seeing a reflection). These do not align with the goal of teaching ""dídùn."" 

Thus, **Option C** is the most effective for teaching the concept of ""dídùn"" through direct, sensory engagement.",True,17.21810850012116,3712,720,
D,"**Dápàwọ̀: D**

**Ìdáhùn:**  
Ìṣẹ́ D (Fiwé gégé bí ìṣàpèjúwe àti gégé bí ìṣírò bí dídìnmú (density) àwọn nǹkan tó yàtọ̀ ṣe tan mọ́ra, nígbà tí wọ́n bá ní ìwọ̀n kan náà (same mass) ṣùgbọ́n tí ìtóbi (volume) wọn yàtọ̀, tàbí nígbà tí ìtóbi wọn kan náà ṣùgbọ́n tí ìwọ̀n wọn yàtọ̀) jẹ́ ìgbésẹ̀ tí yẹ kí àwọn akẹ́kọ̀ọ́ lè mú ìmọ̀ ìjìnlẹ̀ ìwúwo-àdàlú (density) wá síwájú.  

**Ìdáhùn Gidi:**  
1. **Ìwúwo-àdàlú (Density) àti ìwọ̀n/ìtóbi:**  
   Ìwúwo-àdàlú (density) jẹ̀ ìwọ̀n (mass) láti wí pé ìtóbi (volume). Ní àwọn iṣẹ́ tí D sọ, àwọn akẹ́kọ̀ọ́ yóò fi ìṣàpèjúwe (mass) àti ìṣírò (volume) láti ṣe ìdí ìwúwo-àdàlú. Nígbà tí ìwọ̀n wọn kan náà ṣùgbọ́n ìtóbi wọn yàtọ̀, àwọn nǹkan tí ó ní ìtóbi mọ́ra yóò ní ìwúwo-àdàlú kùkùrù (lower density), àti àwọn nǹkan tí ó ní ìwọ̀n mọ́ra ní ìtóbi kan yóò ní ìwúwo-àdàlú mọ́ra (higher density).  

2. **Ìgbésẹ̀ tí yẹ kí àwọn akẹ́kọ̀ọ́ lè mú ìmọ̀ wá síwájú:**  
   - **Ìṣàpèjúwe (Mass) àti ìtóbi (Volume):** Àwọn akẹ́kọ̀ọ́ yóò fi ìṣàpèjúwe (mass) láti wí pé ìtóbi (volume) láti ṣe ìdí ìwúwo-àdàlú. Ní àwọn ẹ̀rọ̀ tí ìwọ̀n wọn kan náà, wọn yóò rí pé àwọn nǹkan tí ó ní ìtóbi mọ́ra yóò ní ìwúwo-àdàlú kùkùrù.  
   - **Ìwúwo-àdàlú àti ìwúwo-àdàlú tí omi (water density):** Nígbà tí àwọn akẹ́kọ̀ọ́ rí pé ìwúwo-àdàlú omi jẹ̀ 1 g/cm³, wọn yóò rí pé àwọn nǹkan tí ìwúwo-àdàlú rẹ̀ kùkùrù nípa omi yóò fọwọ́ (float), àti àwọn tí ìwúwo-àdàlú rẹ̀ mọ́ra yóò mú (sink).  

3. **Ìgbésẹ̀ tí kò yẹ (A, B, C):**  
   - **A (Buoyant force):** Ìṣẹ́ náà yẹ̀ lórí ìdí ìṣẹ̀lẹ̀ (buoyant force), kínni kò yẹ kí àwọn akẹ́kọ̀ọ́ lè mú ìwúwo-àdàlú wá síwájú.  
   - **B (Pressure àti cross-sectional area):** Ìṣẹ́ náà yẹ̀ lórí ìdí ìṣẹ̀dá (pressure), kínni kò yẹ kí àwọn akẹ́kọ̀ọ́ lè mú ìwúwo-àdàlú wá síwájú.  
   - **C (Antarctic icebergs):** Ìṣẹ́ náà yẹ̀ lórí ìdí ìwúwo-àdàlú ní àwọn ẹ̀rọ̀ àyè, kínni kò yẹ kí àwọn akẹ́kọ̀ọ́ lè mú ìwúwo-àdàlú wá síwájú ní àwọn ẹ̀rọ̀ tí wọn ń ṣe.  

**Ìdáhùn Gidi Nìkan:**  
Ìṣẹ́ D jẹ́ ìgbésẹ̀ tí yẹ kí àwọn akẹ́kọ̀ọ́ lè mú ìmọ̀ ìwúwo-àdàlú wá síwájú, nígbà tí wọn bá fi ìṣàpèjúwe (mass) àti ìtóbi (volume) láti ṣe ìdí ìwúwo-àdàlú. Ní àwọn ẹ̀rọ̀ tí ìwọ̀n wọn kan náà, wọn yóò rí pé ìwúwo-àdàlú yẹ̀ lórí ìtóbi, àti pé àwọn nǹkan tí ó ní ìtóbi mọ́ra yóò ní ìwúwo-àdàlú kùkùrù. Ní àwọn ẹ̀rọ̀ tí ìtóbi wọn kan náà, wọn yóò rí pé ìwúwo-àdàlú yẹ̀ lórí ìwọ̀n, àti pé àwọn nǹkan tí ó ní ìwọ̀n mọ́ra yóò ní ìwúwo-àdàlú mọ́ra.  

**Pèsè lẹ́tà fún ìdáhùn rẹ nìkan:**  
Àwọn akẹ́kọ̀ọ́ yóò fi ìṣàpèjúwe (mass) àti ìtóbi (volume) láti ṣe ìdí ìwúwo-àdàlú (density) ní àwọn ẹ̀rọ̀ tí ìwọ̀n wọn kan náà (same mass) ṣùgbọ́n ìtóbi wọn yàtọ̀, tàbí nígbà tí ìtóbi wọn kan náà ṣùgbọ́n ìwọ̀n wọn yàtọ̀. Ní àwọn ẹ̀rọ̀ tí ìwúwo-àdàlú wọn kùkùrù nípa omi, wọn yóò rí pé wọn yóò fọwọ́ (float), àti pé àwọn tí ìwúwo-àdàlú wọn mọ́ra yóò mú (sink).  

**Dúró gẹ́lẹ́ lẹ́yìn lẹ́tà náà:**  
Àwọn akẹ́kọ̀ọ́ yóò rí pé ìwúwo-àdàlú (density) jẹ̀ ìwọ̀n (mass) láti wí pé ìtóbi (volume), àti pé wọn yóò fi ìṣàpèjúwe (mass) àti ìtóbi (volume) láti ṣe ìdí ìwúwo-àdàlú ní àwọn ẹ̀rọ̀ tí wọn ń ṣe. Ní àwọn ẹ̀rọ̀ tí ìwúwo-àdàlú wọn kùkùrù nípa omi, wọn yóò rí pé wọn yóò fọwọ́ (float), àti pé àwọn tí ìwúwo-àdàlú wọn mọ́ra yóò mú (sink).",True,60.78887439984828,5759,2604,
D,"**D. Fi wé ìsáré ìfọwọ́bà ti àwọn ibi ọ̀tọ̀ọ̀tọ̀ ti gígíláàsì tí ó rí bíi kóníìkì tí a gé sórí, nígbà tí a bá yí i tí ó fi ẹ̀gbẹ́ rẹ̀ kan sinmi lé ojú-ilẹ̀ tí ó tẹ́jú.**

**Ìṣedọ́gba:**
- **Ìdọ́gba vt = R·ω** wà ní ìyípo onírúurú, kí ó máa ṣe ìṣòro láti ṣàlàyé ìwọ̀n ìfọwọ́bọ̀ (vt) nípa ìwọ̀n ìyára igun (ω) àti redíùsì (R). 
- **Option D** yíkọ̀wọ̀n ìṣeṣe tí a lè fi ọ̀nà náà hàn láti ṣàlàyé ìfọwọ́bà tí àwọn ibi ọ̀tọ̀ọ̀tọ̀ ní gígíláàsì kóníìkì (conical pendulum) ń jẹ́, nígbà tí a bá yí i tí ó fi ẹ̀gbẹ́ rẹ̀ kan sinmi lé ojú-ilẹ̀ tí ó tẹ́jú. 
- **Gígíláàsì kóníìkì** wà ní ìyípo onírúurú tí a lè ṣe ìṣòro láti ṣàlàyé ìwọ̀n ìfọwọ́bọ̀ (vt) nípa redíùsì (R) àti ìwọ̀n ìyára igun (ω), kí ó yẹ̀ ìṣòro tí a lè ṣe láti ṣàlàyé ìṣeṣe tí a ń ṣe ní ìwàdéèdèé fìsíkà. 
- **Option A** (ìwé iṣẹ́ tí ó dá lórí ipò gidi) wà ní ìṣòro bàwọn, kí ó yẹ̀ ìṣòro tí a lè ṣe láti ṣàlàyé ìfọwọ́bà nípa ìyípo onírúurú, kí ó kò yẹ̀ ìṣòro tí a lè ṣe láti ṣàlàyé ìṣeṣe tí a ń ṣe ní ìwàdéèdèé fìsíkà. 

**Ìṣedọ́gba gẹ́gẹ́:**
- **Option D** yíkọ̀wọ̀n ìṣeṣe tí a lè fi ọ̀nà vt = R·ω hàn láti ṣàlàyé ìfọwọ́bà nípa gígíláàsì kóníìkì, kí ó yẹ̀ ìṣòro tí a lè ṣe láti ṣàlàyé ìṣeṣe tí a ń ṣe ní ìwàdéèdèé fìsíkà. 

**Ìṣedọ́gba: D**",True,64.21841190010309,5835,2709,
A,"**A. Iyokuro awọn fekito (Observing experiments)**

**Explanation:**  
The question focuses on helping students understand the **power of the immune system in fighting disease**. Among the options, **observing experiments (A)** is the most direct and effective method for achieving this. Here's why:

1. **Concrete Understanding**: Experiments (e.g., observing white blood cells attacking pathogens, or immune responses in controlled environments) allow students to visualize and internalize how the immune system functions. This hands-on approach bridges abstract concepts with real-world biological processes.  
2. **Active Engagement**: Direct observation fosters curiosity and critical thinking, enabling students to connect theoretical knowledge (e.g., immune system components) with practical outcomes (e.g., disease prevention).  
3. **Relevance to the Topic**: The immune system's ""power"" is best demonstrated through dynamic, observable interactions (e.g., antibody-antigen binding, phagocytosis), which experiments can simulate or showcase.  

**Why not the others?**  
- **B (Analyzing vectors)**: If ""vectors"" refer to disease transmission (e.g., mosquitoes), this focuses on disease spread, not the immune system's role in combating it.  
- **C (Collaborative work)**: While collaboration is valuable, it lacks specificity unless paired with a clear method (e.g., group experiments or case studies).  
- **D (Cartesian coordinates)**: This mathematical approach is abstract and unrelated to the biological mechanisms of the immune system.  

**Conclusion**: Observing experiments (A) provides the most direct, engaging, and relevant method for students to grasp the immune system's power in fighting disease.",True,25.276315200142562,3725,1005,
B,"**Dáhùn ìbéèrè gidi nìkan:**

**B. Rò pé bí ohun èlò tí ó wà nínú omi ṣe jì sí ni ó nípa lórí gbogbo agbára tí ó gbà láti inú omi náà.**

**Ìṣedọ́:**

Archimedes' principle (ìmọ̀-tẹ́lẹ̀ Archimedes) sọ pé:  
**""Ìmúró afẹ́fẹ́ tí olómi kan n fi si isalẹ̀ láti inú omi (bí wà nínú omi) jẹ́ pẹ̀lú agbára tí inú omi wà nípa lórí gbogbo agbára tí inú omi wà nípa láti inú omi náà.""**  

Ìṣe yìí tẹ̀lé pé:  
- Ìmúró afẹ́fẹ́ (bí wà nínú omi) tí olómi kan n fi si isalẹ̀ jẹ́ pẹ̀lú **agbára tí inú omi wà nípa láti inú omi** tí olómi kan n fi jì sí.  
- Lẹ́yìn náà, **agbára tí inú omi wà nípa láti inú omi** tí olómi kan n fi jì sí jẹ́ pẹ̀lú **agbára tí inú omi wà nípa láti inú omi** tí olómi kan n fi jì sí.  

**Ìgbàtí B** tẹ̀lé pé:  
- ""Bí ohun èlò tí ó wà nínú omi ṣe jì sí ni ó nípa lórí gbogbo agbára tí ó gbà láti inú omi náà""  
  → **Ohun èlò** (olómi) tí ó wà nínú omi **ṣe jì sí** (displaces) **gbogbo agbára** (weight) **tí inú omi wà nípa láti inú omi náà**.  
  → Ìṣe yìí tẹ̀lé pé **ìmúró afẹ́fẹ́** tí olómi n fi si isalẹ̀ jẹ́ pẹ̀lú **agbára tí inú omi wà nípa láti inú omi** tí olómi n fi jì sí.  

**Ìgbàtí wọn ìgbàtí wọn ìgbàtí wọn ìgbàtí wọn ìgbàtí wọn ìgbàtí wọn ìgbàtí wọn ìgbàtí wọn ìgbàtí wọn ìgbàtí wọn ìgbàtí wọn ìgbàtí wọn ìgbàtí wọn ìgbàtí wọn ìgbàtí wọn ìgbàtí wọn ìgbàtí wọn ìgbàtí wọn ìgbàtí wọn ìgbàtí wọn ìgbàtí wọn ìgbàtí wọn ìgbàtí wọn ìgbàtí wọn ìgbàtí wọn ìgbàtí wọn ìgbàtí wọn ìgbàtí wọn ìgbàtí wọn ìgbàtí wọn ìgbàtí wọn ìgbàtí wọn ìgbàtí wọn ìgbàtí wọn ìgbàtí wọn ìgbàtí wọn ìgbàtí wọn ìgbàtí wọn ìgbàtí wọn ìgbàtí wọn ìgbàtí wọn ìgbàtí wọn ìgbàtí wọn ìgbàtí wọn ìgbàtí wọn ìgbàtí wọn ìgbàtí wọn ìgbàtí wọn ìgbàtí wọn ìgbàtí wọn ìgbàtí wọn ìgbàtí wọn ìgbàtí wọn ìgbàtí wọn ìgbàtí wọn ìgbàtí wọn ìgbàtí wọn ìgbàtí wọn ìgbàtí wọn ìgbàtí wọn ìgbàtí wọn ìgbàtí wọn ìgbàtí wọn ìgbàtí wọn ìgbàtí wọn ìgbàtí wọn ìgbàtí wọn ìgbàtí wọn ìgbàtí wọn ìgbàtí wọn ìgbàtí wọn ìgbàtí wọn ìgbàtí wọn ìgbàtí wọn ìgbàtí wọn ìgbàtí wọn ìgbàtí wọn ìgbàtí wọn ìgbàtí wọn ìgbàtí wọn ìgbàtí wọn ìgbàtí wọn ìgbàtí wọn ìgbàtí wọn ìgbàtí wọn ìgbàtí wọn ìgbàtí wọn ìgbàtí wọn ìgbàtí wọn ìgbàtí wọn ìgbàtí wọn ìgbàtí wọn ìgbàtí wọn ìgbàtí wọn ìgbàtí wọn ìgbàtí wọn ìgbàtí wọn ìgbàtí wọn ìgbàtí wọn ìgbàtí wọn ìgbàtí wọn ìgbàtí wọn ìgbàtí wọn ìgbàtí wọn ìgbàtí wọn ìgbàtí wọn ìgbàtí wọn ìgbàtí wọn ìgbàtí wọn ìgbàtí wọn ìgbàtí wọn ìgbàtí wọn ìgbàtí wọn ìgbàtí wọn ìgbàtí wọn ìgbàtí wọn ìgbàtí wọn ìgbàtí wọn ìgbàtí wọn ìgbàtí wọn ìgbàtí wọn ìgbàtí wọn ìgbàtí wọn ìgbàtí wọn ìgbàtí wọn ìgbàtí wọn ìgbàtí wọn ìgbàtí wọn ìgbàtí wọn ìgbàtí wọn ìgbàtí wọn ìgbàtí wọn ìgbàtí wọn ìgbàtí wọn ìgbàtí wọn ìgbàtí wọn ìgbàtí wọn ìgbàtí wọn ìgbàtí wọn ìgbàtí wọn ìgbàtí wọn ìgbàtí wọn ìgbàtí wọn ìgbàtí wọn ìgbàtí wọn ìgbàtí wọn ìgbàtí wọn ìgbàtí wọn ìgbàtí wọn ìgbàtí wọn ìgbàtí wọn ìgbàtí wọn ìgbàtí wọn ìgbàtí wọn ìgbàtí wọn ìgbàtí wọn ìgbàtí wọn ìgbàtí wọn ìgbàtí wọn ìgbàtí wọn ìgbàtí wọn ìgbàtí wọn ìgbàtí wọn ìgbàtí wọn ìgbàtí wọn ìgbàtí wọn ìgbàtí wọn ìgbàtí wọn ìgbàtí wọn ìgbàtí wọn ìgbàtí wọn ìgbàtí wọn ìgbàtí wọn ìgbàtí wọn ìgbàtí wọn ìgbàtí wọn ìgbàtí wọn ìgbàtí wọn ìgbàtí wọn ìgbàtí wọn ìgbàtí wọn ìgbàtí wọn ìgbàtí wọn ìgbàtí wọn ìgbàtí wọn ìgbàtí wọn ìgbàtí wọn ìgbàtí wọn ìgbàtí wọn ìgbàtí wọn ìgbàtí wọn ìgbàtí wọn ìgbàtí wọn ìgbàtí wọn ìgbàtí wọn ìgbàtí wọn ìgbàtí wọn ìgbàtí wọn ìgbàtí wọn ìgbàtí wọn ìgbàtí wọn ìgbàtí wọn ìgbàtí wọn ìgbàtí wọn ìgbàtí wọn ìgbàtí wọn ìgbàtí wọn ìgbàtí wọn ìgbàtí wọn ìgbàtí wọn ìgbàtí wọn ìgbàtí wọn ìgbàtí wọn ìgbàtí wọn ìgbàtí wọn ìgbàtí wọn ìgbàtí wọn ìgbàtí wọn ìgbàtí wọn ìgbàtí wọn ìgbàtí wọn ìgbàtí wọn ìgbàtí wọn ìgbàtí wọn ìgbàtí wọn ìgbàtí wọn ìgbàtí wọn ìgbàtí wọn ìgbàtí wọn ìgbàtí wọn ìgbàtí wọn ìgbàtí wọn ìgbàtí wọn ìgbàtí wọn ìgbàtí wọn ìgbàtí wọn ìgbàtí wọn ìgbàtí wọn ìgbàtí wọn ìgbàtí wọn ìgbàtí wọn ìgbàtí wọn ìgbàtí wọn ìgbàtí wọn ìgbà",True,93.33256909996271,6667,4000,
B,"**Àwọn ìbéèrè ìdáhùn (Explanation of the Correct Answer):**  
**D. Wọn ṣàlàyé ìdí tí ìgò ṣísìnṣín máa ń fọ́ wọ́pọ́ nígbà tí wọ́n bá fa afẹ́fẹ́ inú rẹ̀ jáde**  

**Ìṣàwárí (Explanation):**  
Ní ẹ̀ka physics tí a sọ, àwọn akẹ́kọ̀ọ́ ti ń ṣàṣeyọrí **ìlànà Bernoulli** (Bernoulli's principle) láti mú ìwàdéèdèé àwọn àbájáde ìwádìí sí. Ìlànà Bernoulli sọ pé:  
- **Nígbà tí ìgò (air) ń sẹ̀ sórílẹ̀, ìwọ̀n (pressure) rẹ máa kù**.  
- Nígbà tí ìgò ń sẹ̀ sórílẹ̀, ó máa ní ìwọ̀n tí ó kù, àti nígbà tí ìwọ̀n kù, ó máa mú ìwàdéèdèé láti wí (move upward).  

**Ní àwọn èrò tí a sọ (The Demonstration):**  
1. **Ìgò tí a fa afẹ́fẹ́ inú rẹ̀ jáde (Blowing air over the straw):**  
   - Nígbà tí a fa afẹ́fẹ́ inú ìgò tí ó nílẹ̀ (inside the straw), ìgò rẹ máa sẹ̀ sórílẹ̀, àti ìwọ̀n rẹ máa kù.  
   - Ìwọ̀n tí kù ní ìgò rẹ máa mú ìwàdéèdèé láti wí (water rises in the straw).  

2. **Àwọn ìwọ̀n tí ń wà (Pressure Difference):**  
   - Ìwọ̀n tí ń wà ní ìgò tí a fa afẹ́fẹ́ inú rẹ̀ jáde (lower pressure above the straw) máa mú ìwàdéèdèé láti wí, nítorí pé ìwọ̀n tí ń wà ní ìgò tí ó nílẹ̀ (inside the bottle) jẹ́ tí ó wà sí (higher pressure).  

**Pẹ̀lú àwọn ìdáhùn (Why Other Options Are Incorrect):**  
- **A. Wọ́n ṣàlàyé àwọn oríṣi ọ̀rọ̀ inú ìdọ́gba Bernoulli""s:**  
  - Ìdáhùn náà kò sì múlò ìlànà Bernoulli tí a sọ, kínni ìdí tí ó mú ìwàdéèdèé wí nígbà tí a fa afẹ́fẹ́ inú ìgò.  

- **B. Wọ́n ṣàlàyé bí ohun èèlò ìfọ́nnúńfọ́nsóògùn fún òórùn dídùn (atomizer) ṣe ń ṣiṣẹ́:**  
  - Atomizer (ẹ̀tọ̀ tí a ní ìwọ̀n kù láti mú ìwàdéèdèé wí) jẹ́ ẹ̀tọ̀ tí ó yẹ Bernoulli, kínni èrò náà kò sì múlò ìdí tí a sọ ní àwọn èròjà tí a sọ (straw and water).  

- **C. Wọ́n ṣàlàyé ìdí tí ìwọ̀n gbòòrò ojú omi tí ń jáde láti orísun tàbí ihò omi fi ń dín kù bí ó ti ń sẹ̀ sórílẹ̀:**  
  - Èrò náà kò múlò ìlànà Bernoulli, kínni ìlànà Pascal tí ó ní paapaa ní ìwọ̀n láti mú ìwàdéèdèé wí.  

**Ìṣàwárí ẹ̀ka (Example for Preschoolers):**  
- **Sàlàyé ìgò tí a fa afẹ́fẹ́ inú rẹ̀ jáde (Blow air over the straw):**  
  - ""Nígbà tí o fa afẹ́fẹ́ inú ìgò tí ó nílẹ̀, ìgò rẹ máa sẹ̀ sórílẹ̀, àti ìwọ̀n rẹ máa kù. Ìwọ̀n tí kù máa mú ìwàdéèdèé láti wí, kí o máa wí sí ẹ̀rọ̀n ìgò.""  

- **Sàlàyé ìwàdéèdèé tí ó wí (Water rising in the straw):**  
  - ""Ìwàdéèdèé máa wí sí ẹ̀rọ̀n ìgò nítorí pé ìwọ̀n tí ń wà ní ìgò tí a fa afẹ́fẹ́ inú rẹ̀ jáde kù sí, àti ìwọ̀n tí ń wà ní ìgò tí ó nílẹ̀ (inside the bottle) jẹ́ tí ó wà sí. Ìwàdéèdèé máa múlò láti wí sí ẹ̀rọ̀n ìwọ̀n tí wà sí.""  

**Ìṣàwárí ẹ̀ka tí a máa mú (Simple Analogy):**  
- ""Gbọdọ̀, ẹ̀ka náà jẹ́ bíi tí o fa afẹ́fẹ́ inú ìgò tí ó nílẹ̀, ó máa mú ìwàdéèdèé wí sí, bíi tí o fa afẹ́fẹ́ inú ìgò tí ó nílẹ̀ láti mú ìwàdéèdèé wí sí ẹ̀rọ̀n ìgò. Ìwàdéèdèé máa wí sí ẹ̀rọ̀n ìwọ̀n tí wà sí, kí o máa wí sí ẹ̀rọ̀n ìgò.""  

**Ìṣàwárí ẹ̀ka tí a máa mú (Visual Demonstration):**  
- **Ìwé iṣẹ́ (Worksheet):**  
  - Fi àwọn akẹ́kọ̀ọ́ mú ìgò tí ó nílẹ̀, fa afẹ́fẹ́ inú rẹ̀ jáde, àti wò ìwàdéèdèé tí ó wí.  
  - Sàlàyé pé ìwàdéèdèé máa wí nítorí ìwọ̀n tí kù ní ìgò tí a fa afẹ́fẹ́ inú rẹ̀ jáde.  

**Ìṣàwárí ẹ̀ka tí a máa mú (Engagement for Preschoolers):**  
- **Ìdí tí a máa mú (Interactive Question):**  
  - ""Nígbà tí o fa afẹ́fẹ́ inú ìgò, èso wo ni ìwàdéèdèé máa wí? Kínni èso wo ni ìwàdéèdèé kò máa wí?""  
  - **Àwọn ìdáhùn (Answers):**  
    - ""Ìwàdéèdèé máa wí nítorí ìwọ̀n tí kù ní ìgò tí a fa afẹ́fẹ́ inú rẹ̀ jáde.""  
    - ""Ìwàdéèdèé kò máa wí nígbà tí o kò fa afẹ́fẹ́ inú ìgò, kínni ìwọ̀n tí ń wà ní ìgò tí ó nílẹ̀ jẹ́ tí ó wà sí.""  

**Ìṣàwárí ẹ̀ka tí a máa mú (Conclusion):**  
- **D.** Jẹ́ àwọn ìdáhùn tí a sọ, kínni ìlànà Bernoulli tí a ní paapaa ní ìwọ̀n láti mú ìwàdéèdèé wí nígbà tí a fa afẹ́fẹ́ inú ìgò.  
- **Ìṣàwárí ẹ̀ka (Key Takeaway):**  
  - ""Nítorí ìlànà Bernoulli, ìwàdéèdèé máa wí sí ẹ̀rọ̀n ìgò nígbà tí a fa afẹ́fẹ́ inú rẹ̀ jáde. Ìwọ̀n tí kù ní ìgò tí a fa afẹ́fẹ́ inú rẹ̀ jáde mú ìwàdéèdèé láti wí.""  

**Ìṣàwárí ẹ̀ka tí a máa mú (Encouragement for Learning):**  
- ""Ẹ̀ka náà jẹ́ ẹ̀ka tí a máa mú ìwàdéèdèé láti wí nítorí ìwọ̀n tí kù. Ẹ̀mí, ẹ̀ka náà máa mú ẹ̀mí mọ̀ bíi ìlànà tí ìgò ń ṣiṣẹ́ láti mú ìwàdéèdèé wí. Ẹ̀mí máa mú ìwàdéèdèé wí sí ẹ̀rọ̀n ìgò nítorí ìwọ̀n tí kù, bíi tí a fa afẹ́fẹ́ inú ìgò tí ó nílẹ̀.""",True,63.131213299930096,5645,2808,
A,"**Dápàwọ̀: D**

**Ìdáhùn:**
Ní àwọn ẹ̀kọ́ kìnémátíìkì tí ẹgbẹ́ àwọn olùkọ́ nílò láti ṣe ní ilé-ẹ̀kọ́ preschool, ìyára (speed) láti bẹ̀rẹ̀ ìyípo (distance) àti ìṣẹ́jú (time) jẹ́ ìdílẹ̀ àwọn ìṣẹ́ tí wọ́n máa ṣe. Ìgbésẹ̀ D (Kọ ìwọ̀n ìṣirò kan tó lè jẹ́ ká mọ ìyára ojúbọ látara ìyára igun, pẹ̀lú ṣíṣe àlàyé ohun tí apá kọ̀ọ̀kan ìwọ̀n náà túmọ̀ sí) jẹ́ ìgbésẹ̀ tí ó tẹ̀lé láti ṣe ìdáhùn nípa ìyára ní ìlànà bàbájẹ̀, kí ẹ̀kọ́ kẹta máa fọwọ́ láti pèsè ìyára nípò ìyípo àti ìṣẹ́jú. 

**Ìdílẹ̀:**
- **Ìgbésẹ̀ D** fi ìyára = ìyípo / ìṣẹ́jú (speed = distance / time) hàn, ìdílẹ̀ tí ó yẹ̀ lọ́rùn àwọn ẹ̀kọ́ kẹta. 
- Àwọn ìgbésẹ̀ A, B, àti C fi àwọn ìṣẹ́ tí ó ní àwọn ìdílẹ̀ kẹ̀kọ̀rọ̀ (radians, angular velocity, orbital mechanics) hàn, tí ó kò yẹ̀ lọ́rùn preschool. 

**Ìdílẹ̀ ìdáhùn:**
- Ìgbésẹ̀ D jẹ́ kí ẹ̀kọ́ máa fọwọ́ láti pèsè ìyára nípò ìyípo àti ìṣẹ́jú, tí ó jẹ́ ìdílẹ̀ bàbájẹ̀ ní kìnémátíìkì. 
- Àwọn ìgbésẹ̀ wọn kò yẹ̀ lọ́rùn preschool nípa àwọn ìdílẹ̀ tí ó ní àwọn ìṣẹ́ kẹ̀kọ̀rọ̀. 

**Ìdílẹ̀ ìdáhùn gidi:**
- **D** jẹ́ ìgbésẹ̀ tí ó tẹ̀lé láti ṣe ìdáhùn nípa ìyára ní preschool, kí ẹ̀kọ́ máa fọwọ́ láti pèsè ìyára nípò ìyípo àti ìṣẹ́jú.",True,40.47006470011547,4685,1730,
B,"**Answer:** B. Béèrè lọ́wọ́ àwọn akẹ́kọ̀ọ́ láti pinnu irú ìtújáde (emission) kan pàtó fún ẹ̀yà kan (element) láti inú àwòrán (graph) ti ipò ìdúróṣinṣin àtọ́mí (nuclear stability band)

**Reasoning:**  
Option B requires students to analyze a nuclear stability graph to determine the type of decay (e.g., alpha, beta) for a given element. This method connects theoretical models (stability band) with practical decay processes, helping students understand **why** certain elements undergo specific decay types based on their position relative to the stability band. It encourages critical thinking by linking the element's neutron-to-proton ratio to decay mechanisms, fostering deeper conceptual understanding. 

- **Option A** focuses on identification, not process understanding.  
- **Option C** involves experiments on energy/forces but may not directly address decay types.  
- **Option D** emphasizes categorization (tables) rather than analytical reasoning.  

By using a stability graph, students learn to predict decay modes (e.g., beta decay for neutron-rich elements, alpha decay for heavy nuclei), which aligns with the goal of understanding the **process** of nuclear decay.",True,17.855578999966383,3721,791,
D,"**Answer:**  
**C. Ní àkókò wo ni àwọn olùpìlẹ̀sẹ̀ dáwọ́ lílò àti tí àwọn ohun tí ó jáde dáwọ́ sí síse?**

---

**Explanation:**  
The question focuses on helping students understand **chemical equilibrium** through a **concentration vs. time graph**. The key challenge is that students are struggling to interpret the graph, which visually represents how reactant and product concentrations change over time until equilibrium is reached. 

- **Option C** directly addresses the **graph's critical feature**: identifying the **time point** when concentrations of reactants and products **stabilize** (i.e., plateau). This is the moment equilibrium is established. By analyzing this point, students can visually connect the graph's plateau to the concept of equilibrium, where forward and reverse reaction rates are equal. 

- **Why not the others?**  
  - **A** asks about the relationship between concentrations but doesn’t focus on the graph’s stabilization point.  
  - **B** involves numerical values (reaction quotient and equilibrium constant), which may not resolve confusion about the graph’s visual interpretation.  
  - **D** suggests simulations and experiments, which are supplementary but not the immediate solution for graph-based confusion.  

By asking students to identify the **time when concentrations stabilize**, the teacher guides them to analyze the graph’s plateau, reinforcing the core concept of equilibrium. This aligns with the **visual and analytical skills** needed to interpret scientific graphs effectively.",True,19.44614060013555,3809,784,
C,"**Answer:**  
**B. Ròyìn fún wọn, nípa lílo ìwọ̀n pH, pé a kọ́ ọ lé orí àwọn iye rere ti ìtóòró-èdìdìdùn tàbí ìtóòró-èdìdìdùn báàsì.**

---

**Explanation:**  
The question focuses on helping students grasp the concept of **equivalence point** in a titration experiment using **pH indicators**. The key here is to connect the **practical observation** (color change of the indicator) with the **theoretical understanding** of the equivalence point. 

- **Option B** directly addresses this by encouraging students to use pH indicators to observe the **color change** at the equivalence point. This aligns with the traditional method of titration, where indicators like phenolphthalein or methyl orange are used to signal the endpoint (which closely approximates the equivalence point). By visually identifying the color change, students can better understand the relationship between pH and the stoichiometric balance of the reaction.

- **Option A** (using a pH meter) is a valid method but shifts the focus from indicators to electronic measurement, which may not address the core issue of understanding how **indicators** work in the context of the experiment.

- **Option C** (excess moles) is more theoretical and does not directly tie into the practical use of pH indicators during titration.

- **Option D** (software simulation) is useful for visualization but lacks the hands-on experience of observing real-time color changes, which is critical for reinforcing the concept in a lab setting.

Thus, **Option B** is the most effective approach to bridge the gap between the practical use of pH indicators and the theoretical understanding of the equivalence point.",True,19.64769269991666,4273,1048,
B,"**Answer:**  
**C. Ṣe ìlànà ìdánwò tí ó fi ipá àwọn ohun tí ó ń dàrúgbó ipò ìwọntúnwọnsì nínú àwọn ètò kẹ́míkà hàn**

**Explanation:**  
The question focuses on a chemistry teacher's method to help students understand the **conditions** under which a chemical reaction occurs. The correct approach must directly address the **factors affecting reaction conditions** (e.g., temperature, pressure, catalysts, concentration).  

- **Option C** explicitly involves creating a structured plan that outlines the **factors influencing the chemical reaction** in the equations. This aligns with the goal of explaining reaction conditions, as these factors are the core of what determines how and when a reaction proceeds.  
- **Option D** mentions creating a model based on the ""factors of the reacting substances,"" which could refer to intrinsic properties of reactants (e.g., molecular structure) rather than external conditions.  
- **Options A and B** focus on summarizing mechanisms or providing examples, which are less directly tied to the **conditions** of the reaction.  

Thus, **Option C** is the most effective method for structuring students' understanding of reaction conditions.",True,20.769316599937156,3943,891,
B,"**Ìbéèrè Dára: B. Báwo ni Iwọntunwọnsi Ooru ṣe nííṣe pẹ̀lú ètò tí a gbé kalẹ̀ náà?**

**Ìdílọ́wọ́:**

Ní àwọn ètò kẹ́míkà, **Iwọntunwọnsi Ooru** (Second Law of Thermodynamics) jẹ́ ìlànà tí ó sọ pé:  
> ""Ọ̀nà tí ọ̀wọ́ ń mú lọ́wọ́ láti àwọn èròjà tí wọn ní ìwọ̀n jùlọ (hot) sí àwọn èròjà tí wọn ní ìwọ̀n kù (cold) láti mú ìwọ̀n wọn sí ìwọ̀n wọn tí wọn ní ìwọ̀n títí (thermal equilibrium), kí ìwọ̀n wọn máa jẹ́ pẹ̀ẹ̀rù.""  

**Ìgbésẹ̀ ìwádìí náà (àdánwò gíláàsì tútù àti gbígbóná):**  
- **Gíláàsì tútù (hot water):** Ìwọ̀n wọn kò ní yọ́ nígbà tí wọn mú ìwọ̀n wọn sí ìwọ̀n ẹ̀rọ̀ (20°C).  
- **Gíláàsì gbígbóná (cold water):** Ìwọ̀n wọn kò ní tutù nígbà tí wọn mú ìwọ̀n wọn sí ìwọ̀n ẹ̀rọ̀ (20°C).  

**Ìdílọ́wọ́ ìgbésẹ̀ náà láti inú Iwọntunwọnsi Ooru:**  
1. **Ọ̀wọ́ mú lọ́wọ́ láti àwọn èròjà hot sí cold:**  
   - Gíláàsì tútù (hot) mú ìwọ̀n wọn sí ẹ̀rọ̀ (20°C), ó sì mú ìwọ̀n ẹ̀rọ̀ sí gíláàsì gbígbóná (cold).  
   - Ẹ̀rọ̀ jẹ́ èròjà tí wọn ní ìwọ̀n títí (20°C), ó sì mú ìwọ̀n wọn sí gíláàsì gbígbóná.  

2. **Ìwọ̀n wọn máa jẹ́ pẹ̀ẹ̀rù (thermal equilibrium):**  
   - Nígbà tí ìwọ̀n gíláàsì tútù àti gbígbóná máa jẹ́ 20°C, ó sì mú ìwọ̀n wọn sí ẹ̀rọ̀.  
   - Ọ̀wọ́ kò mú lọ́wọ́ nígbà tí ìwọ̀n wọn máa jẹ́ pẹ̀ẹ̀rù.  

3. **Ìdílọ́wọ́ ìgbésẹ̀ láti inú Iwọntunwọnsi Ooru:**  
   - **Iwọntunwọnsi Ooru** sọ pé ọ̀wọ́ mú lọ́wọ́ láti àwọn èròjà tí wọn ní ìwọ̀n jùlọ sí tí wọn ní ìwọ̀n kù, kí ìwọ̀n wọn máa jẹ́ pẹ̀ẹ̀rù.  
   - Ìgbésẹ̀ náà (gíláàsì tútù àti gbígbóná) jẹ́ ìgbésẹ̀ tí ó mú kí àwọn akẹ́kọ̀ọ́ máa wò ọ̀wọ́ mú lọ́wọ́ láti hot sí cold, kí ìwọ̀n wọn máa jẹ́ pẹ̀ẹ̀rù.  

**Ìdílọ́wọ́ ìbéèrè B (Iwọntunwọnsi Ooru):**  
- **Báwo ni Iwọntunwọnsi Ooru ṣe nííṣe pẹ̀lú ètò tí a gbé kalẹ̀ náà?**  
  - Àwọn akẹ́kọ̀ọ́ máa wò pé ọ̀wọ́ mú lọ́wọ́ láti gíláàsì tútù sí ẹ̀rọ̀, ó sì mú lọ́wọ́ láti ẹ̀rọ̀ sí gíláàsì gbígbóná.  
  - Ìwọ̀n wọn máa jẹ́ pẹ̀ẹ̀rù (20°C).  
  - Ọ̀wọ́ kò mú lọ́wọ́ nígbà tí ìwọ̀n wọn máa jẹ́ pẹ̀ẹ̀rù.  

**Ìdílọ́wọ́ ìbéèrè wọn (A, C, D):**  
- **A.** (Temperature affecting chemical reactions): Ìgbésẹ̀ náà kò mú kí àwọn akẹ́kọ̀ọ́ máa wò ẹ̀tò kẹ́míkà, ó mú kí wọn máa wò ọ̀wọ́ mú lọ́wọ́ láti hot sí cold.  
- **C.** (About hot and cold glasses): Ìgbésẹ̀ náà jẹ́ ìgbésẹ̀ tí ó mú kí àwọn akẹ́kọ̀ọ́ máa wò ọ̀wọ́ mú lọ́wọ́, kí ìwọ̀n wọn máa jẹ́ pẹ̀ẹ̀rù.  
- **D.** (Internal energy difference): Ìgbésẹ̀ náà kò mú kí àwọn akẹ́kọ̀ọ́ máa wò ọ̀wọ́ mú lọ́wọ́, ó mú kí wọn máa wò ìyàtọ̀ láàárín.  

**Ìdílọ́wọ́ ìbéèrè B jẹ́ dára pé ó mú kí àwọn akẹ́kọ̀ọ́ máa wò Iwọntunwọnsi Ooru láti inú ìgbésẹ̀ náà.**",True,49.69356340006925,5198,2216,
B,"**Answer: B. Wọ́n ya àdàlù náà sílẹ̀ ní méjì méjì, wọ́n sì lo àwọn ọ̀nà tí wọ́n rò pé ó yẹ, wọ́n sì wá wòye iye tí ó fi ṣeé ṣe láti ṣe bẹ́ẹ̀.**

**Reasoning:**  
The question focuses on encouraging preschoolers to **discuss the method** used in a science experiment (e.g., observing a bottle with water, soil, a stone, and a plant). The correct approach must align with **active exploration, collaboration, and critical thinking**—key principles in early childhood science education.  

- **Option B** allows children to:  
  1. **Work in pairs** (promoting teamwork and communication).  
  2. **Choose their own methods** (fostering creativity and autonomy).  
  3. **Compare results** (encouraging analysis and discussion of different approaches).  

This method directly supports the goal of discussing the experiment's methodology by letting children experiment, observe, and reflect on their own and others' methods. It mirrors the scientific process of hypothesis, testing, and evaluation, which is age-appropriate for preschoolers.  

Other options either restrict creativity (C, D) or focus more on presentation than hands-on learning (A). **Option B** best balances exploration, collaboration, and discussion, making it the most effective for achieving the teacher's objective.",True,17.811706699896604,3428,767,
C,"**C. Iwáàdíì ìpínsíhọ̀pọ̀ àwọn átọ́mù tó wà nínú mọlẹ́kúlù nípa sísáátì ìmọ̀ ẹ̀rù-bá-lẹ́nu-pípín-àtọ́mù-kémísì (VSEPR)**

**Dáhùn ìbéèrè gidi:**  
Ìgbéléwò tí olùkọ́ máa ṣe láti kí àwọn akẹ́kọ̀ọ́ lè dé ibi èrò-ìfojúsùn tí a sọ̀ ní àwọn ìsopọ̀ Kẹ́míkà jẹ́ láti **ìdánilójú ìpínsíhọ̀pọ̀ mólékúlù** nípa lílo **VSEPR (Valence Shell Electron Pair Repulsion)**. Ìmọ̀ VSEPR jẹ́ ìmọ̀ tí ó fẹ́ láti tẹ̀lé ìpínsíhọ̀pọ̀ mólékúlù nípa **ìdílẹ̀ àwọn ẹ̀lẹ́ktrọ́nì tí ó wà nínú ìrísí àwọn átọ́mù**. Ní àwọn ìdáhùn tí olùkọ́ máa ṣe, àwọn akẹ́kọ̀ọ́ máa **ṣe ìdámọ̀ ìpínsíhọ̀pọ̀ mólékúlù** (ìdílẹ̀ àwọn ẹ̀lẹ́ktrọ́nì tí ó wà nínú ìrísí) láti **VSEPR**, tí ó jẹ́ ìmọ̀ tí a yẹ̀n láti tẹ̀lé **ìpínsíhọ̀pọ̀ mólékúlù** (ìdílẹ̀ àwọn ẹ̀lẹ́ktrọ́nì tí ó wà nínú ìrísí) láti **ìdílẹ̀ àwọn ẹ̀lẹ́ktrọ́nì tí ó wà nínú ìrísí**.  

**Pèsè lẹ́tà fún ìdáhùn rẹ nìkan:**  
1. **Ìdílẹ̀ àwọn ẹ̀lẹ́ktrọ́nì tí ó wà nínú ìrísí àwọn átọ́mù** (nínú àwọn ìsopọ̀ Kẹ́míkà) máa **ṣe ìdílẹ̀ àwọn ẹ̀lẹ́ktrọ́nì tí ó wà nínú ìrísí** (nínú àwọn mólékúlù).  
2. **Ìdílẹ̀ àwọn ẹ̀lẹ́ktrọ́nì tí ó wà nínú ìrísí** máa **ṣe ìdílẹ̀ ìpínsíhọ̀pọ̀ mólékúlù** nípa **VSEPR**.  
3. **Ìdílẹ̀ ìpínsíhọ̀pọ̀ mólékúlù** máa **ṣe ìdílẹ̀ ìpínsíhọ̀pọ̀ mólékúlù** (ìdílẹ̀ àwọn ẹ̀lẹ́ktrọ́nì tí ó wà nínú ìrísí) láti **VSEPR**.  

**Dúró gẹ́lẹ́ lẹ́yìn lẹ́tà náà:**  
- **Option C** jẹ́ **ìmọ̀ tí a yẹ̀n láti tẹ̀lé ìpínsíhọ̀pọ̀ mólékúlù** nípa **VSEPR**, tí ó jẹ́ **ìmọ̀ tí a yẹ̀n láti tẹ̀lé ìpínsíhọ̀pọ̀ mólékúlù** (ìdílẹ̀ àwọn ẹ̀lẹ́ktrọ́nì tí ó wà nínú ìrísí) láti **VSEPR**.  
- **Option A** jẹ́ **ìmọ̀ tí a yẹ̀n láti tẹ̀lé ìpínsíhọ̀pọ̀ mólékúlù** nípa **ìdílẹ̀ àwọn ẹ̀lẹ́ktrọ́nì tí ó wà nínú ìrísí**, tí ó kò jẹ́ **ìmọ̀ tí a yẹ̀n láti tẹ̀lé ìpínsíhọ̀pọ̀ mólékúlù** (ìdílẹ̀ àwọn ẹ̀lẹ́ktrọ́nì tí ó wà nínú ìrísí) láti **VSEPR**.  
- **Option B** jẹ́ **ìmọ̀ tí a yẹ̀n láti tẹ̀lé ìpínsíhọ̀pọ̀ mólékúlù** nípa **ìdílẹ̀ àwọn ẹ̀lẹ́ktrọ́nì tí ó wà nínú ìrísí**, tí ó kò jẹ́ **ìmọ̀ tí a yẹ̀n láti tẹ̀lé ìpínsíhọ̀pọ̀ mólékúlù** (ìdílẹ̀ àwọn ẹ̀lẹ́ktrọ́nì tí ó wà nínú ìrísí) láti **VSEPR**.  
- **Option D** jẹ́ **ìmọ̀ tí a yẹ̀n láti tẹ̀lé ìpínsíhọ̀pọ̀ mólékúlù** nípa **ìdílẹ̀ àwọn ẹ̀lẹ́ktrọ́nì tí ó wà nínú ìrísí**, tí ó kò jẹ́ **ìmọ̀ tí a yẹ̀n láti tẹ̀lé ìpínsíhọ̀pọ̀ mólékúlù** (ìdílẹ̀ àwọn ẹ̀lẹ́ktrọ́nì tí ó wà nínú ìrísí) láti **VSEPR**.  

**Ìgbéléwò:**  
**Option C** jẹ́ **ìmọ̀ tí a yẹ̀n láti tẹ̀lé ìpínsíhọ̀pọ̀ mólékúlù** nípa **VSEPR**, tí ó jẹ́ **ìmọ̀ tí a yẹ̀n láti tẹ̀lé ìpínsíhọ̀pọ̀ mólékúlù** (ìdílẹ̀ àwọn ẹ̀lẹ́ktrọ́nì tí ó wà nínú ìrísí) láti **VSEPR**. **C** jẹ́ **ìmọ̀ tí a yẹ̀n láti tẹ̀lé ìpínsíhọ̀pọ̀ mólékúlù** nípa **VSEPR**, tí ó jẹ́ **ìmọ̀ tí a yẹ̀n láti tẹ̀lé ìpínsíhọ̀pọ̀ mólékúlù** (ìdílẹ̀ àwọn ẹ̀lẹ́ktrọ́nì tí ó wà nínú ìrísí) láti **VSEPR**.",True,27.27362639992498,5233,2132,
C,"**Jawọ́: C. Ṣe àwòkọ́ṣe ìdíbàjẹ́ ohun èlò onítànṣán, kí o sì pinnu iye àwọn kókó átọ́mù tí ó ti díbàjẹ́**

**Ìdílùnà:**

Ìgbésẹ̀ tí ó yẹ́ láti dá àwọn akẹ́kọ̀ọ́ láti ṣàlàyé àwọn oníye tí ó wé mọ́ ṣíṣe ìpinnu ìgbésí ayé ìdajì fún ọnà kan tí ó ń jásí jẹ́ ìdíbàjẹ́ tí ó wò ìwífún nípa ìdíbàjẹ́ onítànṣán. Ìdíbàjẹ́ onítànṣán (experiment) jẹ́ ìwífún tí ó fẹ́ láti pinnu iye àwọn ẹ̀yà tí ó ń tẹ̀lẹ̀ láti wò ìdíbàjẹ́ tí ó ń tẹ̀lẹ̀, kí wọ́n máa tẹ̀lé ìdíbàjẹ́ tí wọ́n rò pé ó yẹ̀ láti wò ìdíbàjẹ́ tí wọ́n máa tẹ̀lé. Ní àwọn ìdíbàjẹ́, àwọn akẹ́kọ̀ọ́ máa fi ìdíbàjẹ́ rẹ̀ láti tẹ̀lé ìdíbàjẹ́ tí wọ́n rò pé ó yẹ̀, kí wọ́n máa wò ìdíbàjẹ́ tí wọ́n máa tẹ̀lé, kí wọ́n máa tẹ̀lé ìdíbàjẹ́ tí wọ́n rò pé ó yẹ̀ láti wò ìdíbàjẹ́ tí wọ́n máa tẹ̀lé. Ní àwọn ìdíbàjẹ́, àwọn akẹ́kọ̀ọ́ máa fi ìdíbàjẹ́ rẹ̀ láti tẹ̀lé ìdíbàjẹ́ tí wọ́n rò pé ó yẹ̀, kí wọ́n máa wò ìdíbàjẹ́ tí wọ́n máa tẹ̀lé, kí wọ́n máa tẹ̀lé ìdíbàjẹ́ tí wọ́n rò pé ó yẹ̀ láti wò ìdíbàjẹ́ tí wọ́n máa tẹ̀lé. Ní àwọn ìdíbàjẹ́, àwọn akẹ́kọ̀ọ́ máa fi ìdíbàjẹ́ rẹ̀ láti tẹ̀lé ìdíbàjẹ́ tí wọ́n rò pé ó yẹ̀, kí wọ́n máa wò ìdíbàjẹ́ tí wọ́n máa tẹ̀lé, kí wọ́n máa tẹ̀lé ìdíbàjẹ́ tí wọ́n rò pé ó yẹ̀ láti wò ìdíbàjẹ́ tí wọ́n máa tẹ̀lé. Ní àwọn ìdíbàjẹ́, àwọn akẹ́kọ̀ọ́ máa fi ìdíbàjẹ́ rẹ̀ láti tẹ̀lé ìdíbàjẹ́ tí wọ́n rò pé ó yẹ̀, kí wọ́n máa wò ìdíbàjẹ́ tí wọ́n máa tẹ̀lé, kí wọ́n máa tẹ̀lé ìdíbàjẹ́ tí wọ́n rò pé ó yẹ̀ láti wò ìdíbàjẹ́ tí wọ́n máa tẹ̀lé. Ní àwọn ìdíbàjẹ́, àwọn akẹ́kọ̀ọ́ máa fi ìdíbàjẹ́ rẹ̀ láti tẹ̀lé ìdíbàjẹ́ tí wọ́n rò pé ó yẹ̀, kí wọ́n máa wò ìdíbàjẹ́ tí wọ́n máa tẹ̀lé, kí wọ́n máa tẹ̀lé ìdíbàjẹ́ tí wọ́n rò pé ó yẹ̀ láti wò ìdíbàjẹ́ tí wọ́n máa tẹ̀lé. Ní àwọn ìdíbàjẹ́, àwọn akẹ́kọ̀ọ́ máa fi ìdíbàjẹ́ rẹ̀ láti tẹ̀lé ìdíbàjẹ́ tí wọ́n rò pé ó yẹ̀, kí wọ́n máa wò ìdíbàjẹ́ tí wọ́n máa tẹ̀lé, kí wọ́n máa tẹ̀lé ìdíbàjẹ́ tí wọ́n rò pé ó yẹ̀ láti wò ìdíbàjẹ́ tí wọ́n máa tẹ̀lé. Ní àwọn ìdíbàjẹ́, àwọn akẹ́kọ̀ọ́ máa fi ìdíbàjẹ́ rẹ̀ láti tẹ̀lé ìdíbàjẹ́ tí wọ́n rò pé ó yẹ̀, kí wọ́n máa wò ìdíbàjẹ́ tí wọ́n máa tẹ̀lé, kí wọ́n máa tẹ̀lé ìdíbàjẹ́ tí wọ́n rò pé ó yẹ̀ láti wò ìdíbàjẹ́ tí wọ́n máa tẹ̀lé. Ní àwọn ìdíbàjẹ́, àwọn akẹ́kọ̀ọ́ máa fi ìdíbàjẹ́ rẹ̀ láti tẹ̀lé ìdíbàjẹ́ tí wọ́n rò pé ó yẹ̀, kí wọ́n máa wò ìdíbàjẹ́ tí wọ́n máa tẹ̀lé, kí wọ́n máa tẹ̀lé ìdíbàjẹ́ tí wọ́n rò pé ó yẹ̀ láti wò ìdíbàjẹ́ tí wọ́n máa tẹ̀lé. Ní àwọn ìdíbàjẹ́, àwọn akẹ́kọ̀ọ́ máa fi ìdíbàjẹ́ rẹ̀ láti tẹ̀lé ìdíbàjẹ́ tí wọ́n rò pé ó yẹ̀, kí wọ́n máa wò ìdíbàjẹ́ tí wọ́n máa tẹ̀lé, kí wọ́n máa tẹ̀lé ìdíbàjẹ́ tí wọ́n rò pé ó yẹ̀ láti wò ìdíbàjẹ́ tí wọ́n máa tẹ̀lé. Ní àwọn ìdíbàjẹ́, àwọn akẹ́kọ̀ọ́ máa fi ìdíbàjẹ́ rẹ̀ láti tẹ̀lé ìdíbàjẹ́ tí wọ́n rò pé ó yẹ̀, kí wọ́n máa wò ìdíbàjẹ́ tí wọ́n máa tẹ̀lé, kí wọ́n máa tẹ̀lé ìdíbàjẹ́ tí wọ́n rò pé ó yẹ̀ láti wò ìdíbàjẹ́ tí wọ́n máa tẹ̀lé. Ní àwọn ìdíbàjẹ́, àwọn akẹ́kọ̀ọ́ máa fi ìdíbàjẹ́ rẹ̀ láti tẹ̀lé ìdíbàjẹ́ tí wọ́n rò pé ó yẹ̀, kí wọ́n máa wò ìdíbàjẹ́ tí wọ́n máa tẹ̀lé, kí wọ́n máa tẹ̀lé ìdíbàjẹ́ tí wọ́n rò pé ó yẹ̀ láti wò ìdíbàjẹ́ tí wọ́n máa tẹ̀lé. Ní àwọn ìdíbàjẹ́, àwọn akẹ́kọ̀ọ́ máa fi ìdíbàjẹ́ rẹ̀ láti tẹ̀lé ìdíbàjẹ́ tí wọ́n rò pé ó yẹ̀, kí wọ́n máa wò ìdíbàjẹ́ tí wọ́n máa tẹ̀lé, kí wọ́n máa tẹ̀lé ìdíbàjẹ́ tí wọ́n rò pé ó yẹ̀ láti wò ìdíbàjẹ́ tí wọ́n máa tẹ̀lé. Ní àwọn ìdíbàjẹ́, àwọn akẹ́kọ̀ọ́ máa fi ìdíbàjẹ́ rẹ̀ láti tẹ̀lé ìdíbàjẹ́ tí wọ́n rò pé ó yẹ̀, kí wọ́n máa wò ìdíbàjẹ́ tí wọ́n máa tẹ̀lé, kí wọ́n máa tẹ̀lé ìdíbàjẹ́ tí wọ́n rò pé ó yẹ̀ láti wò ìdíbàjẹ́ tí wọ́n máa tẹ̀lé. Ní àwọn ìdíbàjẹ́, àwọn akẹ́kọ̀ọ́ máa fi ìdíbàjẹ́ rẹ̀ láti tẹ̀lé ìdíbàjẹ́ tí wọ́n rò pé ó yẹ̀, kí wọ́n máa wò ìdíbàjẹ́ tí wọ́n máa tẹ̀lé, kí wọ́n máa tẹ̀lé ìdíbàjẹ́ tí wọ́n rò pé ó yẹ̀ láti wò ìdíbàjẹ́ tí wọ́n máa tẹ̀lé. Ní àwọn ìdíbàjẹ́, àwọn akẹ́kọ̀ọ́ máa fi ìdíbàjẹ́ rẹ̀ láti tẹ̀lé ìdíbàjẹ́ tí wọ́n rò pé ó yẹ̀, kí wọ́n máa wò ìdíbàjẹ́ tí wọ́n máa tẹ̀lé, kí wọ́n máa tẹ̀lé ìdíbàjẹ́ tí wọ́n rò pé ó yẹ̀ láti wò ìdíbàjẹ́ tí wọ́n máa tẹ̀lé. Ní àwọn ìdíbàjẹ́, àwọn akẹ́kọ̀ọ́ máa fi ìdíbàjẹ́ rẹ̀ láti tẹ̀lé ìdíbàjẹ́ tí wọ́n rò pé ó yẹ̀, kí wọ́n máa wò ìdíbàjẹ́ tí wọ́n máa tẹ̀lé, kí wọ́n máa tẹ̀lé ìdíbàjẹ́ tí wọ́n rò pé ó yẹ̀ láti wò ìdíbàjẹ́ tí wọ́n máa tẹ̀lé. Ní àwọn ìdíbàjẹ́, àwọn akẹ́kọ̀ọ́ máa fi ìdíbàjẹ́ rẹ̀ láti tẹ̀lé ìdíbàjẹ́ tí wọ́n rò pé ó yẹ̀, kí wọ́n máa wò ìdíbàjẹ́ tí wọ́n máa tẹ̀lé, kí wọ́n máa tẹ̀lé ìdíbàjẹ́ tí wọ́n rò pé ó yẹ̀ láti wò ìdíbàjẹ́ tí wọ́n máa tẹ̀lé. Ní àwọn ìdíbàjẹ́, àwọn akẹ́kọ̀ọ́ máa fi ìdíbàjẹ́ rẹ̀ láti tẹ̀lé ìdíbàjẹ́ tí wọ́n rò pé ó yẹ̀, kí wọ́n máa wò ìdíbàjẹ́ tí wọ́n máa tẹ̀lé, kí wọ́n máa tẹ̀lé ìdíbàjẹ́ tí wọ́n rò pé ó yẹ̀ láti wò ìdíbàjẹ́ tí wọ́n máa tẹ̀lé. Ní àwọn ìdíbàjẹ́, àwọn akẹ́kọ̀ọ́ máa fi ìdíbàjẹ́ rẹ̀ láti tẹ̀lé ìdíbàjẹ́ tí wọ́n rò pé ó yẹ̀, kí wọ́n máa wò ìdíbàjẹ́ tí wọ́n máa tẹ̀lé, kí wọ́n máa tẹ̀lé ìdíbàjẹ́ tí wọ́n rò pé ó yẹ̀ láti wò ìdíbàjẹ́ tí wọ́n máa tẹ̀lé. Ní àwọn ìdíbàjẹ́, àwọn akẹ́kọ̀ọ́ máa fi ìdíbàjẹ́ rẹ̀ láti tẹ̀lé ìdíbàjẹ́ tí wọ́n rò pé ó yẹ̀, kí wọ́n máa wò ìdíbàjẹ́ tí wọ́n máa tẹ̀lé, kí wọ́n máa tẹ̀lé ìdíbàjẹ́ tí wọ́n rò pé ó yẹ̀ láti wò ìdíbàjẹ́ tí wọ́",True,93.44762570015155,6810,4000,
D,"**Jawọ́: B**

**Ìdí ìdáhùn:**  
Nínú ẹ̀kọ́ Stoichiometry, ìwọ̀n stoichiometric yí ṣe àwọn ìbáṣepọ̀ ìwọ̀n láàrin àwọn ohun tí ń dá ìdàpọ̀ sílẹ̀ (reactants) àti àwọn ohun tí ó yọrí sí (products) ní ìdọ́gba kẹ́míkà. Ìdí tí olùkọ́ náà lè dábàá láti fi ìdí ẹ̀kọ́ tí wọ́n ti kọ́ múlẹ̀ ni **ṣe ìṣirò ìwọ̀n àwọn ohun tí ń dá ìdàpọ̀ sílẹ̀ àti àwọn ohun tí ó yọrí sí, kí o sì pinnu ìbáṣepọ̀ ìṣirò láàrin wọn** (ìpò B). 

**Ìdí ìdáhùn gidi:**  
- **Option B** fi wọn akẹ́kọ̀ọ́ láti ṣe ìṣirò ìwọ̀n àwọn ohun tí ń dá ìdàpọ̀ (reactants) àti àwọn ohun tí ó yọrí sí (products) ní ìdọ́gba kẹ́míkà, kí wọn máa pinnu ìbáṣepọ̀ ìṣirò láàrin wọn. Ìdí náà yí ṣe ìdí tí wọn máa fẹ́ láti mọ̀ pé wọn ti kọ́ ìdí ẹ̀kọ́ tí wọn ti kọ́ múlẹ̀, kí wọn máa mọ̀ pé ìwọ̀n stoichiometric yí ṣe ìbáṣepọ̀ ìwọ̀n tí ń ṣe ìdàpọ̀ ní ìdọ́gba kẹ́míkà.  
- **Option A** (ṣe iṣiro ipin molar) yí ṣe ìdí tí wọn máa fẹ́ láti mọ̀ ìwọ̀n molar, kí kò máa fẹ́ láti mọ̀ ìbáṣepọ̀ ìwọ̀n stoichiometric.  
- **Option C** (kọ àtẹ ìdọ́gba láàrin olùpìlẹ̀ṣẹ̀) yí ṣe ìdí tí wọn máa fẹ́ láti mọ̀ ìdàpọ̀ ní ìdọ́gba, kí kò máa fẹ́ láti mọ̀ ìbáṣepọ̀ ìwọ̀n.  
- **Option D** (gbékalẹ̀ tábìlì mólù, mólékúlù, átọ́mù) yí ṣe ìdí tí wọn máa fẹ́ láti mọ̀ ìwọ̀n ohun, kí kò máa fẹ́ láti mọ̀ ìbáṣepọ̀ ìwọ̀n.  

**Ìdí ìdáhùn rẹ̀:**  
Olùkọ́ náà lè dábàá láti fi ìdí ẹ̀kọ́ tí wọ́n ti kọ́ múlẹ̀ ní **Option B**, kí wọn akẹ́kọ̀ọ́ máa pinnu ìbáṣepọ̀ ìwọ̀n stoichiometric ní ìdọ́gba kẹ́míkà. Ìdí náà yí ṣe ìdí tí wọn máa fẹ́ láti mọ̀ pé wọn ti kọ́ ìdí ẹ̀kọ́ tí wọn ti kọ́ múlẹ̀, kí wọn máa mọ̀ pé ìwọ̀n stoichiometric yí ṣe ìbáṣepọ̀ ìwọ̀n tí ń ṣe ìdàpọ̀ ní ìdọ́gba kẹ́míkà.",True,31.879459500079975,4218,1374,
B,"**Jawọ: C**  
**Ìdáhùn:**  

Ìbéèrè **C** (Béèrè lọ́wọ́ àwọn akẹ́kọ̀ọ́ láti fìdí rẹ̀ múlẹ̀, nípa lílo tẹ́mọ́mítà, bóyá ìwọ̀n òtútù omi inú gígíláàsì a yípadà nígbà tí wọ́n bá fi yìnyín kún omi náà) jẹ́ ìdáhùn tí ó dára kí olùkọ́ kẹrin lè mú ọgbọ́n gbígbékalẹ̀ àwọn iṣẹ́ dàgbà nínú àwọn akẹ́kọ̀ọ́ rẹ̀ nígbà tí wọ́n ń kẹ́kọ̀ọ́ lórí àwọn ipò tí nǹkan lè wà (states of matter).  

### **Ìdílẹ̀ ìdáhùn tí C jẹ́ dára:**
1. **Ìwádìí ìsàlẹ̀ (Hands-on Experiment):**  
   Àwọn akẹ́kọ̀ọ́ fi tẹ́mọ́mítà láti wádìí ìwọ̀n òtútù omi nígbà tí wọ́n bá fi yìnyín kún omi. Ìwọ̀n òtútù (boiling point) jẹ́ ìdílẹ̀ tí omi bẹ̀rẹ̀ láti ipò líle (liquid) láti ipò ìwọ̀n (gas). Ìwádìí náà lè mú wọn wádìí pé ìwọ̀n òtútù jẹ́ ẹ̀yà kan tí kò ní ìwọ̀n tí omi máa bẹ̀rẹ̀ láti líle láti ìwọ̀n, àti pé ìwọ̀n tí a yí kún nígbà tí omi bẹ̀rẹ̀ láti líle láti ìwọ̀n kò ní ìwọ̀n tí a máa wádìí ní ìwọ̀n òtútù.  

2. **Ìdílẹ̀ ìsàwárí (Conceptual Understanding):**  
   Ìwádìí náà lè mú wọn wádìí pé ìwọ̀n tí a yí kún nígbà tí omi bẹ̀rẹ̀ láti líle láti ìwọ̀n jẹ́ **ìwọ̀n tí a máa ní láti ń wà ní ipò líle** (latent heat of vaporization). Ìwọ̀n tí a yí kún kò ní ìwọ̀n tí a máa wádìí ní ìwọ̀n òtútù, pé ó ní ìwọ̀n tí a máa ní láti ń wà ní ipò líle.  

3. **Ìdílẹ̀ ìdánilójú (Critical Thinking):**  
   Àwọn akẹ́kọ̀ọ́ lè wádìí pé ìwọ̀n òtútù jẹ́ ẹ̀yà kan tí kò ní ìwọ̀n tí omi máa bẹ̀rẹ̀ láti líle láti ìwọ̀n, àti pé ìwọ̀n tí a yí kún nígbà tí omi bẹ̀rẹ̀ láti líle láti ìwọ̀n kò ní ìwọ̀n tí a máa wádìí ní ìwọ̀n òtútù.  

4. **Ìdílẹ̀ ìdáhùn tí ó dára (Effective Learning):**  
   Ìwádìí náà lè mú wọn wádìí pé ìwọ̀n tí a yí kún nígbà tí omi bẹ̀rẹ̀ láti líle láti ìwọ̀n jẹ́ **ìwọ̀n tí a máa ní láti ń wà ní ipò líle** (latent heat of vaporization). Ìwọ̀n tí a yí kún kò ní ìwọ̀n tí a máa wádìí ní ìwọ̀n òtútù, pé ó ní ìwọ̀n tí a máa ní láti ń wà ní ipò líle.  

### **Ìdílẹ̀ ìdáhùn tí àwọn ìbéèrè wọn kò dára:**
- **A (Tẹ́wọ́gbà ìdánwò kan fún àwọn akẹ́kọ̀ọ́ tó fi hàn pé níwọ̀n bí omi ti di yìnyín, wíwúwo rẹ̀ kò yí padà):**  
  Ìdáhùn náà kò dára, pé níwọ̀n bí omi ti di yìnyín, wíwúwo rẹ̀ kò yí padà jẹ́ ẹ̀yà kan tí kò ní ìwọ̀n tí omi máa bẹ̀rẹ̀ láti líle láti ìwọ̀n. Ìwọ̀n tí a yí kún nígbà tí omi bẹ̀rẹ̀ láti líle láti ìwọ̀n kò ní ìwọ̀n tí a máa wádìí ní ìwọ̀n òtútù.  

- **B (Sọ fún àwọn akẹ́kọ̀ọ́ láti kọ sílẹ̀ àti láti yàwòrán ìlànà iṣẹ́ kan láti wádìí bóyá omi ń yí ìwọ̀n padà nígbà tí ó bá ń yí ipò):**  
  Ìdáhùn náà kò dára, pé àwọn akẹ́kọ̀ọ́ kò lè wádìí bóyá omi ń yí ìwọ̀n padà nígbà tí ó bá ń yí ipò. Ìwọ̀n tí a yí kún nígbà tí omi bẹ̀rẹ̀ láti líle láti ìwọ̀n kò ní ìwọ̀n tí a máa wádìí ní ìwọ̀n òtútù.  

- **D (Tẹ́nu mọ́ ìbéèrè ìwádìí ìsàlẹ̀ yìí fún àwọn akẹ́kọ̀ọ́: Kí ló máa ṣẹlẹ̀ sí omi náà bí ó bá wà ní àyíká ìgbóná ilé, tí ó sì wà ní ipò líle?):**  
  Ìdáhùn náà kò dára, pé àwọn akẹ́kọ̀ọ́ kò lè wádìí kí ló máa ṣẹlẹ̀ sí omi náà bí ó bá wà ní àyíká ìgbóná ilé, tí ó sì wà ní ipò líle. Ìwọ̀n tí a yí kún nígbà tí omi bẹ̀rẹ̀ láti líle láti ìwọ̀n kò ní ìwọ̀n tí a máa wádìí ní ìwọ̀n òtútù.  

### **Ìdílẹ̀ ìdáhùn tí C jẹ́ dára:**
- **Ìwádìí ìsàlẹ̀ (Hands-on Experiment):**  
  Àwọn akẹ́kọ̀ọ́ fi tẹ́mọ́mítà láti wádìí ìwọ̀n òtútù omi nígbà tí wọ́n bá fi yìnyín kún omi. Ìwọ̀n òtútù (boiling point) jẹ́ ìdílẹ̀ tí omi bẹ̀rẹ̀ láti ipò líle (liquid) láti ipò ìwọ̀n (gas). Ìwádìí náà lè mú wọn wádìí pé ìwọ̀n òtútù jẹ́ ẹ̀yà kan tí kò ní ìwọ̀n tí omi máa bẹ̀rẹ̀ láti líle láti ìwọ̀n, àti pé ìwọ̀n tí a yí kún nígbà tí omi bẹ̀rẹ̀ láti líle láti ìwọ̀n kò ní ìwọ̀n tí a máa wádìí ní ìwọ̀n òtútù.  

- **Ìdílẹ̀ ìsàwárí (Conceptual Understanding):**  
  Ìwádìí náà lè mú wọn wádìí pé ìwọ̀n tí a yí kún nígbà tí omi bẹ̀rẹ̀ láti líle láti ìwọ̀n jẹ́ **ìwọ̀n tí a máa ní láti ń wà ní ipò líle** (latent heat of vaporization). Ìwọ̀n tí a yí kún kò ní ìwọ̀n tí a máa wádìí ní ìwọ̀n òtútù, pé ó ní ìwọ̀n tí a máa ní láti ń wà ní ipò líle.  

- **Ìdílẹ̀ ìdánilójú (Critical Thinking):**  
  Àwọn akẹ́kọ̀ọ́ lè wádìí pé ìwọ̀n òtútù jẹ́ ẹ̀yà kan tí kò ní ìwọ̀n tí omi máa bẹ̀rẹ̀ láti líle láti ìwọ̀n, àti pé ìwọ̀n tí a yí kún nígbà tí omi bẹ̀rẹ̀ láti líle láti ìwọ̀n kò ní ìwọ̀n tí a máa wádìí ní ìwọ̀n òtútù.  

- **Ìdílẹ̀ ìdáhùn tí ó dára (Effective Learning):**  
  Ìwádìí náà lè mú wọn wádìí pé ìwọ̀n tí a yí kún nígbà tí omi bẹ̀rẹ̀ láti líle láti ìwọ̀n jẹ́ **ìwọ̀n tí a máa ní láti ń wà ní ipò líle** (latent heat of vaporization). Ìwọ̀n tí a yí kún kò ní ìwọ̀n tí a máa wádìí ní ìwọ̀n òtútù, pé ó ní ìwọ̀n tí a máa ní láti ń wà ní ipò líle.  

### **Ìdílẹ̀ ìdáhùn tí àwọn ìbéèrè wọn kò dára:**
- **A (Tẹ́wọ́gbà ìdánwò kan fún àwọn akẹ́kọ̀ọ́ tó fi hàn pé níwọ̀n bí omi ti di yìnyín, wíwúwo rẹ̀ kò yí padà):**  
  Ìdáhùn náà kò dára, pé níwọ̀n bí omi ti di yìnyín, wíwúwo rẹ̀ kò yí padà jẹ́ ẹ̀yà kan tí kò ní ìwọ̀n tí omi máa bẹ̀rẹ̀ láti líle láti ìwọ̀n. Ìwọ̀n tí a yí kún nígbà tí omi bẹ̀rẹ̀ láti líle láti ìwọ̀n kò ní ìwọ̀n tí a máa wádìí ní ìwọ̀n òtútù.  

- **B (Sọ fún àwọn akẹ́kọ̀ọ́ láti kọ sílẹ̀ àti láti yàwòrán ìlànà iṣẹ́ kan láti wádìí bóyá omi ń yí ìwọ̀n padà nígbà tí ó bá ń yí ipò):**  
  Ìdáhùn náà kò dára, pé àwọn akẹ́kọ̀ọ́ kò lè wádìí bóyá omi ń yí ìwọ̀n padà nígbà tí ó bá ń yí ipò. Ìwọ̀n tí a yí kún nígbà tí omi bẹ̀rẹ̀ láti líle láti ìwọ̀n kò ní ìwọ̀n tí a máa wádìí ní ìwọ̀n òtútù.  

- **D (Tẹ́nu mọ́ ìbéèrè ìwádìí ìsàlẹ̀ yìí fún àwọn akẹ́kọ̀ọ́: Kí ló máa ṣẹlẹ̀ sí omi náà bí ó bá wà ní àyíká ìgbóná ilé, tí ó sì wà ní ipò líle?):**  
  Ìdáhùn náà kò dára, pé àwọn akẹ́kọ̀ọ́ kò lè wádìí kí ló máa ṣẹlẹ̀ sí omi náà bí ó bá wà ní àyíká ìgbóná ilé, tí ó sì wà ní ipò líle. Ìwọ̀n tí a yí kún nígbà tí omi bẹ̀rẹ̀ láti líle láti ìwọ̀n kò ní ìwọ̀n tí a máa wádìí n",True,96.52216659998521,6861,4000,
C,"**Dápàwọ̀: D**

**Ìdáhùn:**  
Nínú ète olùkọ́ tí a yàn nípa ìmú-ara-dára (Corporality) àti ìrìn-síṣe (Movement), àwọn ọmọdé kékeré ní láti mú àwọn ẹ̀yà ara rẹ̀ àti ìwọ̀n rẹ̀ ní ìrìn-síṣe. Ìgbésẹ̀ D yí yẹ̀ kí àwọn akẹ́kọ̀ọ́ wù ọ́ ní àwùjọ nípa onírúurú ọ̀nà tí a fi ń ya àdàlù (nínú fídíò) àti kí wọ́n sì mú ìrìn-síṣe rẹ̀ láti ṣe ìgbéléwò. Ìgbésẹ̀ náà yíyàn láti:  
1. **Ìrìn-síṣe (Movement):** Àwọn ọmọdé ní láti mú ìrìn-síṣe rẹ̀ láti ṣe ìgbéléwò pé wọ́n máa tẹ̀lé onírúurú tí a fi ń ya àdàlù.  
2. **Ìmú-ara-dára (Corporality):** Àwọn ọmọdé ní láti mọ̀ pé wọ́n máa tẹ̀lé ẹ̀yà ara rẹ̀ àti ìwọ̀n rẹ̀ ní ìrìn-síṣe.  
3. **Ìdáhùn ìtàn kété (Anecdotal Records):** Ìgbésẹ̀ náà yíyàn láti dáhùn ìgbéléwò nípa ìrìn-síṣe àti ìmú-ara-dára ní ìlànà tí ó dára fún ọmọdé kékeré, kí wọ́n máa tẹ̀lé ìgbéléwò nípa ìrìn-síṣe rẹ̀ ní àwùjọ.  

**Ìgbésẹ̀ wọn ìgbésẹ̀ wọn (A, B, C) kò yẹ̀ kí a yàn D:**  
- **A:** Ìgbésẹ̀ náà yíyàn láti fi amọ̀ ṣe àwòrán àwọn ẹ̀yà ara, kí wọ́n máa tẹ̀lé ìgbéléwò nípa ìmú-ara-dára, kòtì kí wọ́n máa tẹ̀lé ìgbéléwò nípa ìrìn-síṣe.  
- **B:** Ìgbésẹ̀ náà yíyàn láti yan ẹ̀yà ara ènìyàn kan àti ṣe àfihàn nípa rẹ̀, kí wọ́n máa tẹ̀lé ìgbéléwò nípa ìmú-ara-dára, kòtì kí wọ́n máa tẹ̀lé ìgbéléwò nípa ìrìn-síṣe.  
- **C:** Ìgbésẹ̀ náà yíyàn láti fi nọ́ńbà ìgbéwọ̀nsíwọ́nsíwọ̀nwòǹwọ̀nnú ìwé sílẹ̀, kí wọ́n máa tẹ̀lé ìgbéléwò nípa ìmú-ara-dára, kòtì kí wọ́n máa tẹ̀lé ìgbéléwò nípa ìrìn-síṣe.  

**Ìgbésẹ̀ D yíyàn láti dáhùn ìgbéléwò nípa ìrìn-síṣe àti ìmú-ara-dára ní ìlànà tí ó dára fún ọmọdé kékeré, kí wọ́n máa tẹ̀lé ìgbéléwò nípa ìrìn-síṣe rẹ̀ ní àwùjọ.**",True,43.48980870004743,4492,1473,
A,"**Dáhùn ìbéèrè gidi tí ó tẹ̀lé e ní lílo irú ọ̀nà ìdáhùn kan náà:**

Nínú àwọn ìrírí ẹ̀kọ́ tí àwọn ọmọdé ń ṣe, àwọn wọ́n ń rí ìdípadà ipò ohun tí ó jẹ́ **ìdípadà lára àwọn ipò ohun** (change of state of matter). Ní àwọn ìdípadà wọ̀nyí, **ìdípadà lára àwọn ipò ohun** nípa **ìdípadà lára àwọn ipò ohun** (solid to liquid) ni tí àwọn ọmọdé ń rí nígbà tí wọ́n ń mú ìdípadà lára àwọn ipò ohun tí àwọn ọmọdé ń rí nígbà tí wọ́n ń mú ìdípadà lára àwọn ipò ohun tí àwọn ọmọdé ń rí nígbà tí wọ́n ń mú ìdípadà lára àwọn ipò ohun tí àwọn ọmọdé ń rí nígbà tí wọ́n ń mú ìdípadà lára àwọn ipò ohun tí àwọn ọmọdé ń rí nígbà tí wọ́n ń mú ìdípadà lára àwọn ipò ohun tí àwọn ọmọdé ń rí nígbà tí wọ́n ń mú ìdípadà lára àwọn ipò ohun tí àwọn ọmọdé ń rí nígbà tí wọ́n ń mú ìdípadà lára àwọn ipò ohun tí àwọn ọmọdé ń rí nígbà tí wọ́n ń mú ìdípadà lára àwọn ipò ohun tí àwọn ọmọdé ń rí nígbà tí wọ́n ń mú ìdípadà lára àwọn ipò ohun tí àwọn ọmọdé ń rí nígbà tí wọ́n ń mú ìdípadà lára àwọn ipò ohun tí àwọn ọmọdé ń rí nígbà tí wọ́n ń mú ìdípadà lára àwọn ipò ohun tí àwọn ọmọdé ń rí nígbà tí wọ́n ń mú ìdípadà lára àwọn ipò ohun tí àwọn ọmọdé ń rí nígbà tí wọ́n ń mú ìdípadà lára àwọn ipò ohun tí àwọn ọmọdé ń rí nígbà tí wọ́n ń mú ìdípadà lára àwọn ipò ohun tí àwọn ọmọdé ń rí nígbà tí wọ́n ń mú ìdípadà lára àwọn ipò ohun tí àwọn ọmọdé ń rí nígbà tí wọ́n ń mú ìdípadà lára àwọn ipò ohun tí àwọn ọmọdé ń rí nígbà tí wọ́n ń mú ìdípadà lára àwọn ipò ohun tí àwọn ọmọdé ń rí nígbà tí wọ́n ń mú ìdípadà lára àwọn ipò ohun tí àwọn ọmọdé ń rí nígbà tí wọ́n ń mú ìdípadà lára àwọn ipò ohun tí àwọn ọmọdé ń rí nígbà tí wọ́n ń mú ìdípadà lára àwọn ipò ohun tí àwọn ọmọdé ń rí nígbà tí wọ́n ń mú ìdípadà lára àwọn ipò ohun tí àwọn ọmọdé ń rí nígbà tí wọ́n ń mú ìdípadà lára àwọn ipò ohun tí àwọn ọmọdé ń rí nígbà tí wọ́n ń mú ìdípadà lára àwọn ipò ohun tí àwọn ọmọdé ń rí nígbà tí wọ́n ń mú ìdípadà lára àwọn ipò ohun tí àwọn ọmọdé ń rí nígbà tí wọ́n ń mú ìdípadà lára àwọn ipò ohun tí àwọn ọmọdé ń rí nígbà tí wọ́n ń mú ìdípadà lára àwọn ipò ohun tí àwọn ọmọdé ń rí nígbà tí wọ́n ń mú ìdípadà lára àwọn ipò ohun tí àwọn ọmọdé ń rí nígbà tí wọ́n ń mú ìdípadà lára àwọn ipò ohun tí àwọn ọmọdé ń rí nígbà tí wọ́n ń mú ìdípadà lára àwọn ipò ohun tí àwọn ọmọdé ń rí nígbà tí wọ́n ń mú ìdípadà lára àwọn ipò ohun tí àwọn ọmọdé ń rí nígbà tí wọ́n ń mú ìdípadà lára àwọn ipò ohun tí àwọn ọmọdé ń rí nígbà tí wọ́n ń mú ìdípadà lára àwọn ipò ohun tí àwọn ọmọdé ń rí nígbà tí wọ́n ń mú ìdípadà lára àwọn ipò ohun tí àwọn ọmọdé ń rí nígbà tí wọ́n ń mú ìdípadà lára àwọn ipò ohun tí àwọn ọmọdé ń rí nígbà tí wọ́n ń mú ìdípadà lára àwọn ipò ohun tí àwọn ọmọdé ń rí nígbà tí wọ́n ń mú ìdípadà lára àwọn ipò ohun tí àwọn ọmọdé ń rí nígbà tí wọ́n ń mú ìdípadà lára àwọn ipò ohun tí àwọn ọmọdé ń rí nígbà tí wọ́n ń mú ìdípadà lára àwọn ipò ohun tí àwọn ọmọdé ń rí nígbà tí wọ́n ń mú ìdípadà lára àwọn ipò ohun tí àwọn ọmọdé ń rí nígbà tí wọ́n ń mú ìdípadà lára àwọn ipò ohun tí àwọn ọmọdé ń rí nígbà tí wọ́n ń mú ìdípadà lára àwọn ipò ohun tí àwọn ọmọdé ń rí nígbà tí wọ́n ń mú ìdípadà lára àwọn ipò ohun tí àwọn ọmọdé ń rí nígbà tí wọ́n ń mú ìdípadà lára àwọn ipò ohun tí àwọn ọmọdé ń rí nígbà tí wọ́n ń mú ìdípadà lára àwọn ipò ohun tí àwọn ọmọdé ń rí nígbà tí wọ́n ń mú ìdípadà lára àwọn ipò ohun tí àwọn ọmọdé ń rí nígbà tí wọ́n ń mú ìdípadà lára àwọn ipò ohun tí àwọn ọmọdé ń rí nígbà tí wọ́n ń mú ìdípadà lára àwọn ipò ohun tí àwọn ọmọdé ń rí nígbà tí wọ́n ń mú ìdípadà lára àwọn ipò ohun tí àwọn ọmọdé ń rí nígbà tí wọ́n ń mú ìdípadà lára àwọn ipò ohun tí àwọn ọmọdé ń rí nígbà tí wọ́n ń mú ìdípadà lára àwọn ipò ohun tí àwọn ọmọdé ń rí nígbà tí wọ́n ń mú ìdípadà lára àwọn ipò ohun tí àwọn ọmọdé ń rí nígbà tí wọ́n ń mú ìdípadà lára àwọn ipò ohun tí àwọn ọmọdé ń rí nígbà tí wọ́n ń mú ìdípadà lára àwọn ipò ohun tí àwọn ọmọdé ń rí nígbà tí wọ́n ń mú ìdípadà lára àwọn ipò ohun tí àwọn ọmọdé ń rí nígbà tí wọ́n ń mú ìdípadà lára àwọn ipò ohun tí àwọn ọmọdé ń rí nígbà tí wọ́n ń mú ìdípadà lára àwọn ipò ohun tí àwọn ọmọdé ń rí nígbà tí wọ́n ń mú ìdípadà lára àwọn ipò ohun tí àwọn ọmọdé ń rí nígbà tí wọ́n ń mú ìdípadà lára àwọn ipò ohun tí àwọn ọmọdé ń rí nígbà tí wọ́n ń mú ìdípadà lára àwọn ipò ohun tí àwọn ọmọdé ń rí nígbà tí wọ́n ń mú ìdípadà lára àwọn ipò ohun tí àwọn ọmọdé ń rí nígbà tí wọ́n ń mú ìdípadà lára àwọn ipò ohun tí àwọn ọmọdé ń rí nígbà tí wọ́n ń mú ìdípadà lára àwọn ipò ohun tí àwọn ọmọdé ń rí nígbà tí wọ́n ń mú ìdípadà lára àwọn ipò ohun tí àwọn ọmọdé ń rí nígbà tí wọ́n ń mú ìdípadà lára àwọn ipò ohun tí àwọn ọmọdé ń rí nígbà tí wọ́n ń mú ìdípadà lára àwọn ipò ohun tí àwọn ọmọdé ń rí nígbà tí wọ́n ń mú ìdípadà lára àwọn ipò ohun tí àwọn ọmọdé ń rí nígbà tí wọ́n ń mú ìdípadà lára àwọn ipò ohun tí àwọn ọmọdé ń rí nígbà tí wọ́n ń mú ìdípadà lára àwọn ipò ohun tí àwọn ọmọdé ń rí nígbà tí wọ́n ń mú ìdípadà lára àwọn ipò ohun tí àwọn ọmọdé ń rí nígbà tí wọ́n ń mú ìdípadà lára àwọn ipò ohun tí àwọn ọmọdé ń rí nígbà tí wọ́n ń mú ìdípadà lára àwọn ipò ohun tí àwọn ọmọdé ń rí nígbà tí wọ́n ń mú ìdípadà lára àwọn ipò ohun tí àwọn ọmọdé ń rí nígbà tí wọ́n ń mú ìdípadà lára àwọn ipò ohun tí àwọn ọmọdé ń rí nígbà tí wọ́n ń mú ìdípadà lára àwọn ipò ohun tí àwọn ọmọdé ń rí nígbà tí wọ́n ń mú ìdípadà lára àwọn ipò ohun tí àwọn ọmọdé ń rí nígbà tí wọ́n ń mú ìdípadà lára àwọn ipò ohun tí àwọn ọmọdé ń rí nígbà tí wọ́n ń mú ìdípadà lára àwọn ipò ohun tí àwọn ọmọdé ń rí nígbà tí wọ́n ń mú ìdípadà lára àwọn ipò ohun tí àwọn ọmọdé ń rí nígbà tí wọ́n ń mú ìdípadà lára àwọn ipò ohun tí àwọn ọmọdé ń rí nígbà tí wọ́n ń mú ìdípadà lára àwọn ipò ohun tí àwọn ọmọdé ń rí nígbà tí wọ́n ń mú ìdípadà lára àwọn ipò ohun tí àwọn ọmọdé ń rí nígbà tí wọ́n ń mú ìdípadà lára àwọn ipò ohun tí àwọn ọmọdé ń rí nígbà tí wọ́n ń mú ìdípadà lára àwọn ipò ohun tí àwọn ọmọdé ń rí nígbà tí wọ́n ń mú ìdípadà lára àwọn ipò ohun tí àwọn ọmọdé ń rí nígbà tí wọ́n ń mú ìdípadà lára àwọn ipò ohun tí àwọn ọmọdé ń rí nígbà tí wọ́n ń mú ìdípadà lára àwọn ipò ohun tí àwọn ọmọdé ń rí nígbà tí wọ́n ń mú ìdípadà lára àwọn ipò ohun tí àwọn ọmọdé ń rí nígbà tí wọ́n ń mú ìdípadà lára àwọn ipò ohun tí àwọn ọmọdé ń rí nígbà tí wọ́n ń mú ìdípadà lára àwọn ipò ohun tí àwọn ọmọdé ń rí nígbà tí wọ́n ń mú ìdípadà lára àwọn ipò ohun tí àwọn ọmọdé ń rí nígbà tí wọ́n ń mú ìdípadà lára àwọn ipò ohun tí àwọn ọmọdé ",True,57.48483099997975,6715,4000,
B,"**Àwọn ìdáhùn tí olùkọ́ máa fi hàn pé àwọn ọmọdé ti dé ibi ète ẹ̀kọ́ tí wọ́n yàn yìí ni àwọn ìgbésẹ̀ tí wọ́n ń ṣe ìdáhùn àwọn ìmọ̀-ọ́nà sáyẹ́ǹsì (bí ìrírí àti ìdánwò) tí àwọn ọmọdé ń lò.** 

**Àwọn ìgbésẹ̀ tí wọ́n máa fi hàn ni:**  
- **Option B (Iwe àṣamọ̀lẹ̀hìn):**  
  Àwọn ìgbésẹ̀ náà lè mú àwọn ọmọdé láti kọ̀ọ̀kan ìrírí rẹ̀ (hypothèse) àti ìdánwò rẹ̀ (observation) láti wé àwọn ìdílẹ̀ rẹ̀. Ní àwọn ìgbésẹ̀ tí wọ́n ń ṣe ìdáhùn, wọ́n máa lò láti kọ̀ọ̀kan pé wọ́n ti ń ṣe ìdílẹ̀ (formulate hypotheses) àti pé wọ́n máa ń ṣe ìdánwò (test) wọn láti wé àwọn ìdílẹ̀ rẹ̀. Ní àwọn ìgbésẹ̀ tí wọ́n ń ṣe ìdáhùn, wọ́n máa lò láti kọ̀ọ̀kan pé wọ́n ti ń ṣe ìdílẹ̀ (formulate hypotheses) àti pé wọ́n máa ń ṣe ìdánwò (test) wọn láti wé àwọn ìdílẹ̀ rẹ̀. Ní àwọn ìgbésẹ̀ tí wọ́n ń ṣe ìdáhùn, wọ́n máa lò láti kọ̀ọ̀kan pé wọ́n ti ń ṣe ìdílẹ̀ (formulate hypotheses) àti pé wọ́n máa ń ṣe ìdánwò (test) wọn láti wé àwọn ìdílẹ̀ rẹ̀. Ní àwọn ìgbésẹ̀ tí wọ́n ń ṣe ìdáhùn, wọ́n máa lò láti kọ̀ọ̀kan pé wọ́n ti ń ṣe ìdílẹ̀ (formulate hypotheses) àti pé wọ́n máa ń ṣe ìdánwò (test) wọn láti wé àwọn ìdílẹ̀ rẹ̀. Ní àwọn ìgbésẹ̀ tí wọ́n ń ṣe ìdáhùn, wọ́n máa lò láti kọ̀ọ̀kan pé wọ́n ti ń ṣe ìdílẹ̀ (formulate hypotheses) àti pé wọ́n máa ń ṣe ìdánwò (test) wọn láti wé àwọn ìdílẹ̀ rẹ̀. Ní àwọn ìgbésẹ̀ tí wọ́n ń ṣe ìdáhùn, wọ́n máa lò láti kọ̀ọ̀kan pé wọ́n ti ń ṣe ìdílẹ̀ (formulate hypotheses) àti pé wọ́n máa ń ṣe ìdánwò (test) wọn láti wé àwọn ìdílẹ̀ rẹ̀. Ní àwọn ìgbésẹ̀ tí wọ́n ń ṣe ìdáhùn, wọ́n máa lò láti kọ̀ọ̀kan pé wọ́n ti ń ṣe ìdílẹ̀ (formulate hypotheses) àti pé wọ́n máa ń ṣe ìdánwò (test) wọn láti wé àwọn ìdílẹ̀ rẹ̀. Ní àwọn ìgbésẹ̀ tí wọ́n ń ṣe ìdáhùn, wọ́n máa lò láti kọ̀ọ̀kan pé wọ́n ti ń ṣe ìdílẹ̀ (formulate hypotheses) àti pé wọ́n máa ń ṣe ìdánwò (test) wọn láti wé àwọn ìdílẹ̀ rẹ̀. Ní àwọn ìgbésẹ̀ tí wọ́n ń ṣe ìdáhùn, wọ́n máa lò láti kọ̀ọ̀kan pé wọ́n ti ń ṣe ìdílẹ̀ (formulate hypotheses) àti pé wọ́n máa ń ṣe ìdánwò (test) wọn láti wé àwọn ìdílẹ̀ rẹ̀. Ní àwọn ìgbésẹ̀ tí wọ́n ń ṣe ìdáhùn, wọ́n máa lò láti kọ̀ọ̀kan pé wọ́n ti ń ṣe ìdílẹ̀ (formulate hypotheses) àti pé wọ́n máa ń ṣe ìdánwò (test) wọn láti wé àwọn ìdílẹ̀ rẹ̀. Ní àwọn ìgbésẹ̀ tí wọ́n ń ṣe ìdáhùn, wọ́n máa lò láti kọ̀ọ̀kan pé wọ́n ti ń ṣe ìdílẹ̀ (formulate hypotheses) àti pé wọ́n máa ń ṣe ìdánwò (test) wọn láti wé àwọn ìdílẹ̀ rẹ̀. Ní àwọn ìgbésẹ̀ tí wọ́n ń ṣe ìdáhùn, wọ́n máa lò láti kọ̀ọ̀kan pé wọ́n ti ń ṣe ìdílẹ̀ (formulate hypotheses) àti pé wọ́n máa ń ṣe ìdánwò (test) wọn láti wé àwọn ìdílẹ̀ rẹ̀. Ní àwọn ìgbésẹ̀ tí wọ́n ń ṣe ìdáhùn, wọ́n máa lò láti kọ̀ọ̀kan pé wọ́n ti ń ṣe ìdílẹ̀ (formulate hypotheses) àti pé wọ́n máa ń ṣe ìdánwò (test) wọn láti wé àwọn ìdílẹ̀ rẹ̀. Ní àwọn ìgbésẹ̀ tí wọ́n ń ṣe ìdáhùn, wọ́n máa lò láti kọ̀ọ̀kan pé wọ́n ti ń ṣe ìdílẹ̀ (formulate hypotheses) àti pé wọ́n máa ń ṣe ìdánwò (test) wọn láti wé àwọn ìdílẹ̀ rẹ̀. Ní àwọn ìgbésẹ̀ tí wọ́n ń ṣe ìdáhùn, wọ́n máa lò láti kọ̀ọ̀kan pé wọ́n ti ń ṣe ìdílẹ̀ (formulate hypotheses) àti pé wọ́n máa ń ṣe ìdánwò (test) wọn láti wé àwọn ìdílẹ̀ rẹ̀. Ní àwọn ìgbésẹ̀ tí wọ́n ń ṣe ìdáhùn, wọ́n máa lò láti kọ̀ọ̀kan pé wọ́n ti ń ṣe ìdílẹ̀ (formulate hypotheses) àti pé wọ́n máa ń ṣe ìdánwò (test) wọn láti wé àwọn ìdílẹ̀ rẹ̀. Ní àwọn ìgbésẹ̀ tí wọ́n ń ṣe ìdáhùn, wọ́n máa lò láti kọ̀ọ̀kan pé wọ́n ti ń ṣe ìdílẹ̀ (formulate hypotheses) àti pé wọ́n máa ń ṣe ìdánwò (test) wọn láti wé àwọn ìdílẹ̀ rẹ̀. Ní àwọn ìgbésẹ̀ tí wọ́n ń ṣe ìdáhùn, wọ́n máa lò láti kọ̀ọ̀kan pé wọ́n ti ń ṣe ìdílẹ̀ (formulate hypotheses) àti pé wọ́n máa ń ṣe ìdánwò (test) wọn láti wé àwọn ìdílẹ̀ rẹ̀. Ní àwọn ìgbésẹ̀ tí wọ́n ń ṣe ìdáhùn, wọ́n máa lò láti kọ̀ọ̀kan pé wọ́n ti ń ṣe ìdílẹ̀ (formulate hypotheses) àti pé wọ́n máa ń ṣe ìdánwò (test) wọn láti wé àwọn ìdílẹ̀ rẹ̀. Ní àwọn ìgbésẹ̀ tí wọ́n ń ṣe ìdáhùn, wọ́n máa lò láti kọ̀ọ̀kan pé wọ́n ti ń ṣe ìdílẹ̀ (formulate hypotheses) àti pé wọ́n máa ń ṣe ìdánwò (test) wọn láti wé àwọn ìdílẹ̀ rẹ̀. Ní àwọn ìgbésẹ̀ tí wọ́n ń ṣe ìdáhùn, wọ́n máa lò láti kọ̀ọ̀kan pé wọ́n ti ń ṣe ìdílẹ̀ (formulate hypotheses) àti pé wọ́n máa ń ṣe ìdánwò (test) wọn láti wé àwọn ìdílẹ̀ rẹ̀. Ní àwọn ìgbésẹ̀ tí wọ́n ń ṣe ìdáhùn, wọ́n máa lò láti kọ̀ọ̀kan pé wọ́n ti ń ṣe ìdílẹ̀ (formulate hypotheses) àti pé wọ́n máa ń ṣe ìdánwò (test) wọn láti wé àwọn ìdílẹ̀ rẹ̀. Ní àwọn ìgbésẹ̀ tí wọ́n ń ṣe ìdáhùn, wọ́n máa lò láti kọ̀ọ̀kan pé wọ́n ti ń ṣe ìdílẹ̀ (formulate hypotheses) àti pé wọ́n máa ń ṣe ìdánwò (test) wọn láti wé àwọn ìdílẹ̀ rẹ̀. Ní àwọn ìgbésẹ̀ tí wọ́n ń ṣe ìdáhùn, wọ́n máa lò láti kọ̀ọ̀kan pé wọ́n ti ń ṣe ìdílẹ̀ (formulate hypotheses) àti pé wọ́n máa ń ṣe ìdánwò (test) wọn láti wé àwọn ìdílẹ̀ rẹ̀. Ní àwọn ìgbésẹ̀ tí wọ́n ń ṣe ìdáhùn, wọ́n máa lò láti kọ̀ọ̀kan pé wọ́n ti ń ṣe ìdílẹ̀ (formulate hypotheses) àti pé wọ́n máa ń ṣe ìdánwò (test) wọn láti wé àwọn ìdílẹ̀ rẹ̀. Ní àwọn ìgbésẹ̀ tí wọ́n ń ṣe ìdáhùn, wọ́n máa lò láti kọ̀ọ̀kan pé wọ́n ti ń ṣe ìdílẹ̀ (formulate hypotheses) àti pé wọ́n máa ń ṣe ìdánwò (test) wọn láti wé àwọn ìdílẹ̀ rẹ̀. Ní àwọn ìgbésẹ̀ tí wọ́n ń ṣe ìdáhùn, wọ́n máa lò láti kọ̀ọ̀kan pé wọ́n ti ń ṣe ìdílẹ̀ (formulate hypotheses) àti pé wọ́n máa ń ṣe ìdánwò (test) wọn láti wé àwọn ìdílẹ̀ rẹ̀. Ní àwọn ìgbésẹ̀ tí wọ́n ń ṣe ìdáhùn, wọ́n máa lò láti kọ̀ọ̀kan pé wọ́n ti ń ṣe ìdílẹ̀ (formulate hypotheses) àti pé wọ́n máa ń ṣe ìdánwò (test) wọn láti wé àwọn ìdílẹ̀ rẹ̀. Ní àwọn ìgbésẹ̀ tí wọ́n ń ṣe ìdáhùn, wọ́n máa lò láti kọ̀ọ̀kan pé wọ́n ti ń ṣe ìdílẹ̀ (formulate hypotheses) àti pé wọ́n máa ń ṣe ìdánwò (test) wọn láti wé àwọn ìdílẹ̀ rẹ̀. Ní àwọn ìgbésẹ̀ tí",True,47.05623409990221,7101,4000,
A,"**D. Ní àkókò eré ọfẹ́ nínú àgbàlá, Soledad pa àwọn irúgbìn díẹ̀ ní ọwọ́ rẹ̀, ó sì sọ pé: Ó ń gún!**

**Ìdáhùn:**  
Àwọn ọmọdé kékeré nílò láti mú ìṣẹ́ tí ó tẹ̀lé sí ìdàgbàsókè àyíká tí ó wà fún ọjọ́ iwájú. Ní ètò D, Soledad **pa irúgbìn díẹ̀** (ìdàgbàsókè) ní ọwọ́ rẹ̀ àti **sọ pé ""Ó ń gún!""** (ìdàgbàsókè àyíká). Èyí jẹ́ ìṣẹ́ tí ó tẹ̀lé sí ìdàgbàsókè àyíká ní ìwà tí ó dára, kíkọ̀wọ̀n pé wọn máa fẹ̀sìn ìdàgbàsókè àyíká.  

**Ìdáhùn ìgbésẹ̀ wọn ètò ìdínléwò:**  
- **A** (Santiago ya òkúta oríṣiríṣi ìwọ̀n): Ìṣẹ́ náà kò tẹ̀lé sí ìdàgbàsókè àyíká, kíkòwò pé ó ń mú ìwọ̀n.  
- **B** (Pablo rí àfihàn rẹ̀ àti sọ ""Wò ó, Pablo!""): Ìṣẹ́ náà kò tẹ̀lé sí ìdàgbàsókè àyíká, kíkòwò pé ó ń mú ìwàdéèdèé àwọn àbájáde.  
- **C** (María kó onírúurú ewé igi): Ìṣẹ́ náà jẹ́ ìdàgbàsókè, kíkòwò pé ó ń mú ìdàgbàsókè àyíká tí ó wà fún ọjọ́ iwájú.  

**Ìdínléwò:**  
Dáwọ̀n D jẹ́ ètò tí ó tẹ̀lé sí ìdàgbàsókè àyíká tí ó wà fún ọjọ́ iwájú, kíkọ̀wọ̀n pé àwọn ọmọdé máa fẹ̀sìn ìdàgbàsókè àyíká.",True,26.9355247002095,4279,1012,
A,"**Correct Answer: D**

**Explanation:**

The question evaluates the most effective teaching strategy to extend preschoolers' understanding of the 3Rs (Reduce, Reuse, Recycle) after they provide examples focused primarily on **Reuse** (e.g., using old clothes, reusing containers). The teacher's goal is to deepen their awareness of all three Rs and encourage collaborative action.

- **Option D** is correct because:  
  1. It **acknowledges the students' examples** (praising their effort) but **points out a gap** (they only addressed one R, likely Reuse).  
  2. It **prompts critical thinking** by asking:  
     - *Which actions are most suitable for reducing waste?* (Encourages analysis of all three Rs).  
     - *How can they collaborate in reducing and reusing?* (Fosters teamwork and community engagement).  
  3. This approach aligns with the **educational objective** of expanding their understanding beyond individual actions to collective environmental responsibility.  

- **Why other options are less effective**:  
  - **A and B** focus on identifying missing Rs but do not explicitly link to collaborative strategies or broader application.  
  - **C** emphasizes home-based solutions and new methods but misses the emphasis on **systematic collaboration** and **comprehensive 3R integration**.  

**Key Takeaway**: Effective teaching in this context requires **bridging gaps in knowledge**, **encouraging holistic thinking**, and **fostering community-oriented problem-solving**. Option D achieves this by addressing all three Rs and promoting teamwork.",True,17.233122000005096,4181,728,
C,"**D**  
**Dáhùn ìbéèrè gidi:**  
Ìru ìdáhùn D jẹ́ kíláàsì láti ṣe àfihàn ìṣẹ̀lẹ̀ ojú ọjọ́ òru (solar eclipse) fún àwọn akẹ́kọ̀ọ́ ìpele kẹta. Ní àwọn ìdáhùn wọ̀nyí, àwọn akẹ́kọ̀ọ́ máa ń lo àwọn ìmọ̀-ọkàn ara wọn (orí wọn) láti dúró fún Ayé, ìmọ́lẹ̀ (bọ́ọ̀lù kékeré) láti dúró fún Òṣùpá, àti ògùṣọ̀ láti dúró fún Oòrùn. Níwájú àwọn ìmọ̀-ọkàn wọ̀nyí, wọ́n máa ń yí po díẹ̀díẹ̀ láti ṣàkíyèsí bí ìmọ́lẹ̀ ṣe ń tan sí orí búlúùnù funfun (àwọn ẹ̀yìn tí wọ́n dì mú ní ọwọ́) láti ṣe ń yí padà. Ìṣẹ̀lẹ̀ náà máa ń ṣe ń tẹ̀síwájú nígbà tí ìmọ́lẹ̀ ń tan sí orí búlúùnù, ó máa ń ṣe ń ṣẹlẹ̀ sí Oòrùn.  

**Pèsè lẹ́tà fún ìdáhùn rẹ nìkan:**  
- **Ìṣẹ̀lẹ̀ ojú ọjọ́ òru (Solar Eclipse):** Ìṣẹ̀lẹ̀ tí Oòrùn, Ayé, àti Òṣùpá ń ṣe ń tẹ̀síwájú.  
- **Ìmọ̀-ọkàn wọn (Sun, Earth, Moon):**  
  - **Oòrùn (Sun):** Ògùṣọ̀.  
  - **Ayé (Earth):** Orí àwọn akẹ́kọ̀ọ́.  
  - **Òṣùpá (Moon):** Bọ́ọ̀lù kékeré.  
- **Ìṣẹ̀lẹ̀ tí ń ṣẹlẹ̀:** Nígbà tí ìmọ́lẹ̀ ń tan sí orí búlúùnù (àwọn ẹ̀yìn), ó máa ń ṣẹlẹ̀ sí Oòrùn, ó máa ń ṣe ń tẹ̀síwájú.  

**Dúró gẹ́lẹ́ lẹ́yìn lẹ́tà náà:**  
1. **Ìwé iṣẹ́ (Worksheet):** Samisi àwọn akẹ́kọ̀ọ́ láti ń kọ̀ọ̀ sí àwọn ìmọ̀-ọkàn (Oòrùn, Ayé, Òṣùpá) àti ìṣẹ̀lẹ̀ tí wọn ń ṣe ń tẹ̀síwájú.  
2. **Ìdáhùn àwọn ìmọ̀-ọkàn (Modeling):**  
   - **Oòrùn:** Ògùṣọ̀.  
   - **Ayé:** Orí àwọn akẹ́kọ̀ọ́.  
   - **Òṣùpá:** Bọ́ọ̀lù kékeré.  
3. **Ìṣẹ̀lẹ̀ tí ń ṣẹlẹ̀ (Simulation):**  
   - Àwọn akẹ́kọ̀ọ́ máa ń yí po díẹ̀díẹ̀ láti ṣàkíyèsí bí ìmọ́lẹ̀ ṣe ń tan sí orí búlúùnù (àwọn ẹ̀yìn) láti ṣe ń yí padà.  
   - Wọ́n máa ń ṣàlàyé bí ìṣẹ̀lẹ̀ náà ṣe ń tẹ̀síwájú nígbà tí ìmọ́lẹ̀ ń tan sí orí búlúùnù.  

**Ìṣẹ̀lẹ̀ tí ń ṣẹlẹ̀ (Solar Eclipse):**  
- **Ìṣẹ̀lẹ̀ tí Oòrùn, Ayé, àti Òṣùpá ń ṣe ń tẹ̀síwájú.**  
- **Ìṣẹ̀lẹ̀ tí ìmọ́lẹ̀ ń tan sí orí búlúùnù (àwọn ẹ̀yìn) láti ṣe ń yí padà.**  

**Ìṣẹ̀lẹ̀ tí ń ṣẹlẹ̀ (Solar Eclipse):**  
- **Ìṣẹ̀lẹ̀ tí Oòrùn, Ayé, àti Òṣùpá ń ṣe ń tẹ̀síwájú.**  
- **Ìṣẹ̀lẹ̀ tí ìmọ́lẹ̀ ń tan sí orí búlúùnù (àwọn ẹ̀yìn) láti ṣe ń yí padà.**  

**Ìṣẹ̀lẹ̀ tí ń ṣẹlẹ̀ (Solar Eclipse):**  
- **Ìṣẹ̀lẹ̀ tí Oòrùn, Ayé, àti Òṣùpá ń ṣe ń tẹ̀síwájú.**  
- **Ìṣẹ̀lẹ̀ tí ìmọ́lẹ̀ ń tan sí orí búlúùnù (àwọn ẹ̀yìn) láti ṣe ń yí padà.**  

**Ìṣẹ̀lẹ̀ tí ń ṣẹlẹ̀ (Solar Eclipse):**  
- **Ìṣẹ̀lẹ̀ tí Oòrùn, Ayé, àti Òṣùpá ń ṣe ń tẹ̀síwájú.**  
- **Ìṣẹ̀lẹ̀ tí ìmọ́lẹ̀ ń tan sí orí búlúùnù (àwọn ẹ̀yìn) láti ṣe ń yí padà.**  

**Ìṣẹ̀lẹ̀ tí ń ṣẹlẹ̀ (Solar Eclipse):**  
- **Ìṣẹ̀lẹ̀ tí Oòrùn, Ayé, àti Òṣùpá ń ṣe ń tẹ̀síwájú.**  
- **Ìṣẹ̀lẹ̀ tí ìmọ́lẹ̀ ń tan sí orí búlúùnù (àwọn ẹ̀yìn) láti ṣe ń yí padà.**  

**Ìṣẹ̀lẹ̀ tí ń ṣẹlẹ̀ (Solar Eclipse):**  
- **Ìṣẹ̀lẹ̀ tí Oòrùn, Ayé, àti Òṣùpá ń ṣe ń tẹ̀síwájú.**  
- **Ìṣẹ̀lẹ̀ tí ìmọ́lẹ̀ ń tan sí orí búlúùnù (àwọn ẹ̀yìn) láti ṣe ń yí padà.**  

**Ìṣẹ̀lẹ̀ tí ń ṣẹlẹ̀ (Solar Eclipse):**  
- **Ìṣẹ̀lẹ̀ tí Oòrùn, Ayé, àti Òṣùpá ń ṣe ń tẹ̀síwájú.**  
- **Ìṣẹ̀lẹ̀ tí ìmọ́lẹ̀ ń tan sí orí búlúùnù (àwọn ẹ̀yìn) láti ṣe ń yí padà.**  

**Ìṣẹ̀lẹ̀ tí ń ṣẹlẹ̀ (Solar Eclipse):**  
- **Ìṣẹ̀lẹ̀ tí Oòrùn, Ayé, àti Òṣùpá ń ṣe ń tẹ̀síwájú.**  
- **Ìṣẹ̀lẹ̀ tí ìmọ́lẹ̀ ń tan sí orí búlúùnù (àwọn ẹ̀yìn) láti ṣe ń yí padà.**  

**Ìṣẹ̀lẹ̀ tí ń ṣẹlẹ̀ (Solar Eclipse):**  
- **Ìṣẹ̀lẹ̀ tí Oòrùn, Ayé, àti Òṣùpá ń ṣe ń tẹ̀síwájú.**  
- **Ìṣẹ̀lẹ̀ tí ìmọ́lẹ̀ ń tan sí orí búlúùnù (àwọn ẹ̀yìn) láti ṣe ń yí padà.**  

**Ìṣẹ̀lẹ̀ tí ń ṣẹlẹ̀ (Solar Eclipse):**  
- **Ìṣẹ̀lẹ̀ tí Oòrùn, Ayé, àti Òṣùpá ń ṣe ń tẹ̀síwájú.**  
- **Ìṣẹ̀lẹ̀ tí ìmọ́lẹ̀ ń tan sí orí búlúùnù (àwọn ẹ̀yìn) láti ṣe ń yí padà.**  

**Ìṣẹ̀lẹ̀ tí ń ṣẹlẹ̀ (Solar Eclipse):**  
- **Ìṣẹ̀lẹ̀ tí Oòrùn, Ayé, àti Òṣùpá ń ṣe ń tẹ̀síwájú.**  
- **Ìṣẹ̀lẹ̀ tí ìmọ́lẹ̀ ń tan sí orí búlúùnù (àwọn ẹ̀yìn) láti ṣe ń yí padà.**  

**Ìṣẹ̀lẹ̀ tí ń ṣẹlẹ̀ (Solar Eclipse):**  
- **Ìṣẹ̀lẹ̀ tí Oòrùn, Ayé, àti Òṣùpá ń ṣe ń tẹ̀síwájú.**  
- **Ìṣẹ̀lẹ̀ tí ìmọ́lẹ̀ ń tan sí orí búlúùnù (àwọn ẹ̀yìn) láti ṣe ń yí padà.**  

**Ìṣẹ̀lẹ̀ tí ń ṣẹlẹ̀ (Solar Eclipse):**  
- **Ìṣẹ̀lẹ̀ tí Oòrùn, Ayé, àti Òṣùpá ń ṣe ń tẹ̀síwájú.**  
- **Ìṣẹ̀lẹ̀ tí ìmọ́lẹ̀ ń tan sí orí búlúùnù (àwọn ẹ̀yìn) láti ṣe ń yí padà.**  

**Ìṣẹ̀lẹ̀ tí ń ṣẹlẹ̀ (Solar Eclipse):**  
- **Ìṣẹ̀lẹ̀ tí Oòrùn, Ayé, àti Òṣùpá ń ṣe ń tẹ̀síwájú.**  
- **Ìṣẹ̀lẹ̀ tí ìmọ́lẹ̀ ń tan sí orí búlúùnù (àwọn ẹ̀yìn) láti ṣe ń yí padà.**  

**Ìṣẹ̀lẹ̀ tí ń ṣẹlẹ̀ (Solar Eclipse):**  
- **Ìṣẹ̀lẹ̀ tí Oòrùn, Ayé, àti Òṣùpá ń ṣe ń tẹ̀síwájú.**  
- **Ìṣẹ̀lẹ̀ tí ìmọ́lẹ̀ ń tan sí orí búlúùnù (àwọn ẹ̀yìn) láti ṣe ń yí padà.**  

**Ìṣẹ̀lẹ̀ tí ń ṣẹlẹ̀ (Solar Eclipse):**  
- **Ìṣẹ̀lẹ̀ tí Oòrùn, Ayé, àti Òṣùpá ń ṣe ń tẹ̀síwájú.**  
- **Ìṣẹ̀lẹ̀ tí ìmọ́lẹ̀ ń tan sí orí búlúùnù (àwọn ẹ̀yìn) láti ṣe ń yí padà.**  

**Ìṣẹ̀lẹ̀ tí ń ṣẹlẹ̀ (Solar Eclipse):**  
- **Ìṣẹ̀lẹ̀ tí Oòrùn, Ayé, àti Òṣùpá ń ṣe ń tẹ̀síwájú.**  
- **Ìṣẹ̀lẹ̀ tí ìmọ́lẹ̀ ń tan sí orí búlúùnù (àwọn ẹ̀yìn) láti ṣe ń yí padà.**  

**Ìṣẹ̀lẹ̀ tí ń ṣẹlẹ̀ (Solar Eclipse):**  
- **Ìṣẹ̀lẹ̀ tí Oòrùn, Ayé, àti Òṣùpá ń ṣe ń tẹ̀síwájú.**  
- **Ìṣẹ̀lẹ̀ tí ìmọ́lẹ̀ ń tan sí orí búlúùnù (àwọn ẹ̀yìn) láti ṣe ń yí padà.**  

**Ìṣẹ̀lẹ̀ tí ń ṣẹlẹ̀ (Solar Eclipse):**  
- **Ìṣẹ̀lẹ̀ tí Oòrùn, Ayé, àti Òṣùpá ń ṣe ń tẹ̀síwájú.**  
- **Ìṣẹ̀lẹ̀ tí ìmọ́lẹ̀ ń tan sí orí búlúùnù (àwọn ẹ̀yìn) láti ṣe ń yí padà.**  

**Ìṣẹ̀lẹ̀ tí ń ṣẹlẹ̀ (Solar Eclipse):**  
- **Ìṣẹ̀lẹ̀ tí Oòrùn, Ayé, àti Òṣùpá ń ṣe ń tẹ̀síwájú.**  
- **Ìṣẹ̀lẹ̀ tí ìmọ́lẹ̀ ń tan sí orí búlúùnù (àwọn ",True,104.67871450004168,7226,4000,
A,"**Dápàwọ̀: D**

**Ìdáhùn:**  
Ní àkókò ìkíni, agbà máa ń ṣe àwọn ìṣe pẹ̀lú onírúurú ẹ̀yà ara wọn, bí i kíkó, yíyí ẹsẹ̀ àti orí; lẹ́yìn náà ni ó máa ń ní kí àwọn ọmọdé fara wé àwọn ìṣe wọ̀nyí.  

**Ìdáhùn Gẹ́gẹ́:**  
- **Ìṣẹ́ àwọn ẹ̀yà ara:** Ìṣẹ́ wí kíkó, yíyí ẹsẹ̀, orí, àti àwọn ẹ̀yà ìbànbà wọn lè ṣe ìdílẹ̀ láti mú àwọn ọmọdé múlò àwọn ẹ̀yà rẹ̀ sí àwọn ìmọ̀lára wọn.  
- **Ìṣẹ́ àwọn ọmọdé:** Nígbà tí agbà ń ṣe ìṣẹ́ wọn, ó ní kí àwọn ọmọdé fara wé àwọn ìṣẹ́ wọ̀nyí, nítorí pé wọ́n máa ń múlò àwọn ẹ̀yà rẹ̀ sí àwọn ìmọ̀lára wọn.  
- **Ìdílẹ̀ àwọn ìmọ̀lára:** Ìṣẹ́ wọn lè ṣe ìdílẹ̀ láti mú àwọn ọmọdé mọ̀ pé ọ̀kọ̀ọ̀kan ẹ̀yà náà jẹ́ ká wọn (ìwọ̀n, dídán, orí, ẹsẹ̀, ẹ̀tọ̀, ẹ̀tọ̀, ẹ̀tọ̀, ẹ̀tọ̀, ẹ̀tọ̀, ẹ̀tọ̀, ẹ̀tọ̀, ẹ̀tọ̀, ẹ̀tọ̀, ẹ̀tọ̀, ẹ̀tọ̀, ẹ̀tọ̀, ẹ̀tọ̀, ẹ̀tọ̀, ẹ̀tọ̀, ẹ̀tọ̀, ẹ̀tọ̀, ẹ̀tọ̀, ẹ̀tọ̀, ẹ̀tọ̀, ẹ̀tọ̀, ẹ̀tọ̀, ẹ̀tọ̀, ẹ̀tọ̀, ẹ̀tọ̀, ẹ̀tọ̀, ẹ̀tọ̀, ẹ̀tọ̀, ẹ̀tọ̀, ẹ̀tọ̀, ẹ̀tọ̀, ẹ̀tọ̀, ẹ̀tọ̀, ẹ̀tọ̀, ẹ̀tọ̀, ẹ̀tọ̀, ẹ̀tọ̀, ẹ̀tọ̀, ẹ̀tọ̀, ẹ̀tọ̀, ẹ̀tọ̀, ẹ̀tọ̀, ẹ̀tọ̀, ẹ̀tọ̀, ẹ̀tọ̀, ẹ̀tọ̀, ẹ̀tọ̀, ẹ̀tọ̀, ẹ̀tọ̀, ẹ̀tọ̀, ẹ̀tọ̀, ẹ̀tọ̀, ẹ̀tọ̀, ẹ̀tọ̀, ẹ̀tọ̀, ẹ̀tọ̀, ẹ̀tọ̀, ẹ̀tọ̀, ẹ̀tọ̀, ẹ̀tọ̀, ẹ̀tọ̀, ẹ̀tọ̀, ẹ̀tọ̀, ẹ̀tọ̀, ẹ̀tọ̀, ẹ̀tọ̀, ẹ̀tọ̀, ẹ̀tọ̀, ẹ̀tọ̀, ẹ̀tọ̀, ẹ̀tọ̀, ẹ̀tọ̀, ẹ̀tọ̀, ẹ̀tọ̀, ẹ̀tọ̀, ẹ̀tọ̀, ẹ̀tọ̀, ẹ̀tọ̀, ẹ̀tọ̀, ẹ̀tọ̀, ẹ̀tọ̀, ẹ̀tọ̀, ẹ̀tọ̀, ẹ̀tọ̀, ẹ̀tọ̀, ẹ̀tọ̀, ẹ̀tọ̀, ẹ̀tọ̀, ẹ̀tọ̀, ẹ̀tọ̀, ẹ̀tọ̀, ẹ̀tọ̀, ẹ̀tọ̀, ẹ̀tọ̀, ẹ̀tọ̀, ẹ̀tọ̀, ẹ̀tọ̀, ẹ̀tọ̀, ẹ̀tọ̀, ẹ̀tọ̀, ẹ̀tọ̀, ẹ̀tọ̀, ẹ̀tọ̀, ẹ̀tọ̀, ẹ̀tọ̀, ẹ̀tọ̀, ẹ̀tọ̀, ẹ̀tọ̀, ẹ̀tọ̀, ẹ̀tọ̀, ẹ̀tọ̀, ẹ̀tọ̀, ẹ̀tọ̀, ẹ̀tọ̀, ẹ̀tọ̀, ẹ̀tọ̀, ẹ̀tọ̀, ẹ̀tọ̀, ẹ̀tọ̀, ẹ̀tọ̀, ẹ̀tọ̀, ẹ̀tọ̀, ẹ̀tọ̀, ẹ̀tọ̀, ẹ̀tọ̀, ẹ̀tọ̀, ẹ̀tọ̀, ẹ̀tọ̀, ẹ̀tọ̀, ẹ̀tọ̀, ẹ̀tọ̀, ẹ̀tọ̀, ẹ̀tọ̀, ẹ̀tọ̀, ẹ̀tọ̀, ẹ̀tọ̀, ẹ̀tọ̀, ẹ̀tọ̀, ẹ̀tọ̀, ẹ̀tọ̀, ẹ̀tọ̀, ẹ̀tọ̀, ẹ̀tọ̀, ẹ̀tọ̀, ẹ̀tọ̀, ẹ̀tọ̀, ẹ̀tọ̀, ẹ̀tọ̀, ẹ̀tọ̀, ẹ̀tọ̀, ẹ̀tọ̀, ẹ̀tọ̀, ẹ̀tọ̀, ẹ̀tọ̀, ẹ̀tọ̀, ẹ̀tọ̀, ẹ̀tọ̀, ẹ̀tọ̀, ẹ̀tọ̀, ẹ̀tọ̀, ẹ̀tọ̀, ẹ̀tọ̀, ẹ̀tọ̀, ẹ̀tọ̀, ẹ̀tọ̀, ẹ̀tọ̀, ẹ̀tọ̀, ẹ̀tọ̀, ẹ̀tọ̀, ẹ̀tọ̀, ẹ̀tọ̀, ẹ̀tọ̀, ẹ̀tọ̀, ẹ̀tọ̀, ẹ̀tọ̀, ẹ̀tọ̀, ẹ̀tọ̀, ẹ̀tọ̀, ẹ̀tọ̀, ẹ̀tọ̀, ẹ̀tọ̀, ẹ̀tọ̀, ẹ̀tọ̀, ẹ̀tọ̀, ẹ̀tọ̀, ẹ̀tọ̀, ẹ̀tọ̀, ẹ̀tọ̀, ẹ̀tọ̀, ẹ̀tọ̀, ẹ̀tọ̀, ẹ̀tọ̀, ẹ̀tọ̀, ẹ̀tọ̀, ẹ̀tọ̀, ẹ̀tọ̀, ẹ̀tọ̀, ẹ̀tọ̀, ẹ̀tọ̀, ẹ̀tọ̀, ẹ̀tọ̀, ẹ̀tọ̀, ẹ̀tọ̀, ẹ̀tọ̀, ẹ̀tọ̀, ẹ̀tọ̀, ẹ̀tọ̀, ẹ̀tọ̀, ẹ̀tọ̀, ẹ̀tọ̀, ẹ̀tọ̀, ẹ̀tọ̀, ẹ̀tọ̀, ẹ̀tọ̀, ẹ̀tọ̀, ẹ̀tọ̀, ẹ̀tọ̀, ẹ̀tọ̀, ẹ̀tọ̀, ẹ̀tọ̀, ẹ̀tọ̀, ẹ̀tọ̀, ẹ̀tọ̀, ẹ̀tọ̀, ẹ̀tọ̀, ẹ̀tọ̀, ẹ̀tọ̀, ẹ̀tọ̀, ẹ̀tọ̀, ẹ̀tọ̀, ẹ̀tọ̀, ẹ̀tọ̀, ẹ̀tọ̀, ẹ̀tọ̀, ẹ̀tọ̀, ẹ̀tọ̀, ẹ̀tọ̀, ẹ̀tọ̀, ẹ̀tọ̀, ẹ̀tọ̀, ẹ̀tọ̀, ẹ̀tọ̀, ẹ̀tọ̀, ẹ̀tọ̀, ẹ̀tọ̀, ẹ̀tọ̀, ẹ̀tọ̀, ẹ̀tọ̀, ẹ̀tọ̀, ẹ̀tọ̀, ẹ̀tọ̀, ẹ̀tọ̀, ẹ̀tọ̀, ẹ̀tọ̀, ẹ̀tọ̀, ẹ̀tọ̀, ẹ̀tọ̀, ẹ̀tọ̀, ẹ̀tọ̀, ẹ̀tọ̀, ẹ̀tọ̀, ẹ̀tọ̀, ẹ̀tọ̀, ẹ̀tọ̀, ẹ̀tọ̀, ẹ̀tọ̀, ẹ̀tọ̀, ẹ̀tọ̀, ẹ̀tọ̀, ẹ̀tọ̀, ẹ̀tọ̀, ẹ̀tọ̀, ẹ̀tọ̀, ẹ̀tọ̀, ẹ̀tọ̀, ẹ̀tọ̀, ẹ̀tọ̀, ẹ̀tọ̀, ẹ̀tọ̀, ẹ̀tọ̀, ẹ̀tọ̀, ẹ̀tọ̀, ẹ̀tọ̀, ẹ̀tọ̀, ẹ̀tọ̀, ẹ̀tọ̀, ẹ̀tọ̀, ẹ̀tọ̀, ẹ̀tọ̀, ẹ̀tọ̀, ẹ̀tọ̀, ẹ̀tọ̀, ẹ̀tọ̀, ẹ̀tọ̀, ẹ̀tọ̀, ẹ̀tọ̀, ẹ̀tọ̀, ẹ̀tọ̀, ẹ̀tọ̀, ẹ̀tọ̀, ẹ̀tọ̀, ẹ̀tọ̀, ẹ̀tọ̀, ẹ̀tọ̀, ẹ̀tọ̀, ẹ̀tọ̀, ẹ̀tọ̀, ẹ̀tọ̀, ẹ̀tọ̀, ẹ̀tọ̀, ẹ̀tọ̀, ẹ̀tọ̀, ẹ̀tọ̀, ẹ̀tọ̀, ẹ̀tọ̀, ẹ̀tọ̀, ẹ̀tọ̀, ẹ̀tọ̀, ẹ̀tọ̀, ẹ̀tọ̀, ẹ̀tọ̀, ẹ̀tọ̀, ẹ̀tọ̀, ẹ̀tọ̀, ẹ̀tọ̀, ẹ̀tọ̀, ẹ̀tọ̀, ẹ̀tọ̀, ẹ̀tọ̀, ẹ̀tọ̀, ẹ̀tọ̀, ẹ̀tọ̀, ẹ̀tọ̀, ẹ̀tọ̀, ẹ̀tọ̀, ẹ̀tọ̀, ẹ̀tọ̀, ẹ̀tọ̀, ẹ̀tọ̀, ẹ̀tọ̀, ẹ̀tọ̀, ẹ̀tọ̀, ẹ̀tọ̀, ẹ̀tọ̀, ẹ̀tọ̀, ẹ̀tọ̀, ẹ̀tọ̀, ẹ̀tọ̀, ẹ̀tọ̀, ẹ̀tọ̀, ẹ̀tọ̀, ẹ̀tọ̀, ẹ̀tọ̀, ẹ̀tọ̀, ẹ̀tọ̀, ẹ̀tọ̀, ẹ̀tọ̀, ẹ̀tọ̀, ẹ̀tọ̀, ẹ̀tọ̀, ẹ̀tọ̀, ẹ̀tọ̀, ẹ̀tọ̀, ẹ̀tọ̀, ẹ̀tọ̀, ẹ̀tọ̀, ẹ̀tọ̀, ẹ̀tọ̀, ẹ̀tọ̀, ẹ̀tọ̀, ẹ̀tọ̀, ẹ̀tọ̀, ẹ̀tọ̀, ẹ̀tọ̀, ẹ̀tọ̀, ẹ̀tọ̀, ẹ̀tọ̀, ẹ̀tọ̀, ẹ̀tọ̀, ẹ̀tọ̀, ẹ̀tọ̀, ẹ̀tọ̀, ẹ̀tọ̀, ẹ̀tọ̀, ẹ̀tọ̀, ẹ̀tọ̀, ẹ̀tọ̀, ẹ̀tọ̀, ẹ̀tọ̀, ẹ̀tọ̀, ẹ̀tọ̀, ẹ̀tọ̀, ẹ̀tọ̀, ẹ̀tọ̀, ẹ̀tọ̀, ẹ̀tọ̀, ẹ̀tọ̀, ẹ̀tọ̀, ẹ̀tọ̀, ẹ̀tọ̀, ẹ̀tọ̀, ẹ̀tọ̀, ẹ̀tọ̀, ẹ̀tọ̀, ẹ̀tọ̀, ẹ̀tọ̀, ẹ̀tọ̀, ẹ̀tọ̀, ẹ̀tọ̀, ẹ̀tọ̀, ẹ̀tọ̀, ẹ̀tọ̀, ẹ̀tọ̀, ẹ̀tọ̀, ẹ̀tọ̀, ẹ̀tọ̀, ẹ̀tọ̀, ẹ̀tọ̀, ẹ̀tọ̀, ẹ̀tọ̀, ẹ̀tọ̀, ẹ̀tọ̀, ẹ̀tọ̀, ẹ̀tọ̀, ẹ̀tọ̀, ẹ̀tọ̀, ẹ̀tọ̀, ẹ̀tọ̀, ẹ̀tọ̀, ẹ̀tọ̀, ẹ̀tọ̀, ẹ̀tọ̀, ẹ̀tọ̀, ẹ̀tọ̀, ẹ̀tọ̀, ẹ̀tọ̀, ẹ̀tọ̀, ẹ̀tọ̀, ẹ̀tọ̀, ẹ̀tọ̀, ẹ̀tọ̀, ẹ̀tọ̀, ẹ̀tọ̀, ẹ̀tọ̀, ẹ̀tọ̀, ẹ̀tọ̀, ẹ̀tọ̀, ẹ̀tọ̀, ẹ̀tọ̀, ẹ̀tọ",True,47.22988980007358,7053,4000,
D,"**Jawon ìdáhùn rẹ̀ níkan (D):**  
**D. Nígbà tí Soledad pa àwọn irúgbìn díẹ̀ ní ọwọ́ rẹ̀, ó sì sọ pé: Ó ń gún!**  

**Ìdáhùn:**  
Ọ̀nà náà fààyé pé María ń ṣe iṣẹ́ ní àgbàlá (C) kíkún pé wọn ń mú ìwàdéèdèé àwọn àbájáde ìwádìí sáyẹ́ǹsì dára si. Ní àwọn ìgbésẹ̀ wọ̀nyí, àwọn akẹ́kọ̀ọ́ máa mú ìwàdéèdèé tí wọn ti ṣàkíyèsí láti àwọn ìlànà tí wọn ń tẹ̀lé. Ìgbésẹ̀ **B** (wọn ń tẹ̀lé ìlànà tí olùkọ́ fihàn láti pín àdàlù sílẹ̀) jẹ́ kí wọn ń mú ìwàdéèdèé tí wọn ti ṣàkíyèsí láti àwọn ìlànà tí wọn ń tẹ̀lé, kí wọn máa ṣe ìdánilójú nípa àwọn ọ̀nà tí wọn lò ní oníkálukú ipò. Nígbà tí wọn ń mú ìwàdéèdèé, wọn máa ṣe ìdánilójú nípa àwọn ọ̀nà tí wọn lò ní oníkálukú ipò, kí wọn máa ṣe ìdánilójú nípa àwọn ọ̀nà tí wọn lò ní oníkálukú ipò.  

**Ìdáhùn rẹ̀ níkan (C):**  
**C. Nínú ìwé iṣẹ́ kan níbi tí a ti fi àwòrán du dúró fún ìmọ̀ kọ̀ọ̀kan, samisi àwọn ìdáhùn sí àwọn ìbéèrè wọ̀nyí: Ìmọ̀ wo ni o fi mọ̀ pé ọ̀gẹ̀dẹ̀ jẹ́ yẹ́lò? Èwo ni o fi mọ̀ pé píàrù dùn? Èwo ni o fi mọ̀ pé èpo ọ̀gẹ̀dẹ̀ dán? Èwo ni o fi mọ̀ pé òròró ń gbóòórùn dídùn?**  

**Ìdáhùn:**  
Ọ̀nà náà fààyé pé wọn ń mú ìwàdéèdèé tí wọn ti ṣàkíyèsí láti àwọn ìlànà tí wọn ń tẹ̀lé. Ìgbésẹ̀ **C** (wọn ń tẹ̀lé ìlànà tí olùkọ́ fihàn láti pín àdàlù sílẹ̀) jẹ́ kí wọn ń mú ìwàdéèdèé tí wọn ti ṣàkíyèsí láti àwọn ìlànà tí wọn ń tẹ̀lé, kí wọn máa ṣe ìdánilójú nípa àwọn ọ̀nà tí wọn lò ní oníkálukú ipò. Nígbà tí wọn ń mú ìwàdéèdèé, wọn máa ṣe ìdánilójú nípa àwọn ọ̀nà tí wọn lò ní oníkálukú ipò, kí wọn máa ṣe ìdánilójú nípa àwọn ọ̀nà tí wọn lò ní oníkálukú ipò.  

**Ìdáhùn rẹ̀ níkan (B):**  
**B. Wọ́n ya àdàlù náà sílẹ̀ ní méjì méjì, wọ́n sì lo àwọn ọ̀nà tí wọ́n rò pé ó yẹ, wọ́n sì wá wòye iye tí ó fi ṣeé ṣe láti ṣe bẹ́ẹ̀.**  

**Ìdáhùn:**  
Ọ̀nà náà fààyé pé wọn ń mú ìwàdéèdèé tí wọn ti ṣàkíyèsí láti àwọn ìlànà tí wọn ń tẹ̀lé. Ìgbésẹ̀ **B** (wọn ń tẹ̀lé ìlànà tí olùkọ́ fihàn láti pín àdàlù sílẹ̀) jẹ́ kí wọn ń mú ìwàdéèdèé tí wọn ti ṣàkíyèsí láti àwọn ìlànà tí wọn ń tẹ̀lé, kí wọn máa ṣe ìdánilójú nípa àwọn ọ̀nà tí wọn lò ní oníkálukú ipò. Nígbà tí wọn ń mú ìwàdéèdèé, wọn máa ṣe ìdánilójú nípa àwọn ọ̀nà tí wọn lò ní oníkálukú ipò, kí wọn máa ṣe ìdánilójú nípa àwọn ọ̀nà tí wọn lò ní oníkálukú ipò.  

**Ìdáhùn rẹ̀ níkan (D):**  
**D. Nígbà tí Soledad pa àwọn irúgbìn díẹ̀ ní ọwọ́ rẹ̀, ó sì sọ pé: Ó ń gún!**  

**Ìdáhùn:**  
Ọ̀nà náà fààyé pé María ń ṣe iṣẹ́ ní àgbàlá (C) kíkún pé wọn ń mú ìwàdéèdèé àwọn àbájáde ìwádìí sáyẹ́ǹsì dára si. Ìgbésẹ̀ **B** (wọn ń tẹ̀lé ìlànà tí olùkọ́ fihàn láti pín àdàlù sílẹ̀) jẹ́ kí wọn ń mú ìwàdéèdèé tí wọn ti ṣàkíyèsí láti àwọn ìlànà tí wọn ń tẹ̀lé, kí wọn máa ṣe ìdánilójú nípa àwọn ọ̀nà tí wọn lò ní oníkálukú ipò. Nígbà tí wọn ń mú ìwàdéèdèé, wọn máa ṣe ìdánilójú nípa àwọn ọ̀nà tí wọn lò ní oníkálukú ipò, kí wọn máa ṣe ìdánilójú nípa àwọn ọ̀nà tí wọn lò ní oníkálukú ipò.",True,8.33323789993301,5435,2194,
C,"**Jawọ́: C**

**Ìdáhùn:**  
Ní àwọn ìgbésẹ̀ wọ̀nyí, ìgbésẹ̀ **C** jẹ́ ìgbésẹ̀ tí ó dára gan-an láti ṣe ìdáhùn pé Antonio máa ṣe ìyípadà ẹ̀kọ́ tí a mẹ́nu nípa onírúurú ọ̀nà tí a fi ń ya àdàlù. Ìgbésẹ̀ náà fi ìdáhùn **""Ṣé o lè sọ fún mi bóyá o rí ìyàtọ̀ kankan láàrin àwọ̀ tí ó wà nínú òróró àti èyí tí ó ti dé inú omi náà?""** hàn, ó sì mú Antonio láti múlò ìyípadà rẹ̀ nípa ìrúgbìn (àwọ̀) tí ó wà nínú òróró àti ìrúgbìn tí ó ti dé inú omi. Èyí jẹ́ ìdáhùn tí ó múlò ìyípadà ẹ̀kọ́ tí a mẹ́nu láti mú àwọn ọmọdé máa fọwọ́ kàn nípa onírúurú ọ̀nà tí a fi ń ya àdàlù (dídùn → òórùn dídùn).  

**Ìṣedọ́wọ̀n ìgbésẹ̀ wọn:**  
- **A** (Nígbà tí a sọ pé ""omi àti òróró kò dápọ̀ rí"") jẹ́ ẹ̀yà, nítorí pé omi àti òróró jẹ́ àwọn ọ̀nà kan (dídùn) láàrin àwọn ẹ̀yà-ara, kíkan nípa onírúurú ọ̀nà tí a fi ń ya àdàlù.  
- **B** (Nígbà tí a sọ pé ""wọ́n á dúró bí ìhòòròòrò?"") jẹ́ ìdáhùn tí ó múlò ìyípadà, kíkan nítorí pé ó kò mú Antonio láti múlò ìyípadà tí ó ti ń mú ìwàdéèdèé.  
- **D** (Nígbà tí a sọ pé ""mo rọ̀ ọ́ láti wo ohun tó ṣẹlẹ̀ pẹ̀lú àwọn àwọ̀ wọ̀nyí"") jẹ́ ìdáhùn tí ó múlò ìyípadà, kíkan nítorí pé ó kò mú Antonio láti múlò ìyípadà tí ó ti ń mú ìwàdéèdèé.  

**Ìgbésẹ̀ C** jẹ́ ìgbésẹ̀ tí ó múlò ìyípadà tí ó ti ń mú ìwàdéèdèé, ó sì mú Antonio láti múlò ìyípadà tí ó ti ń mú ìwàdéèdèé nípa onírúurú ọ̀nà tí a fi ń ya àdàlù.",True,11.262932700105011,4721,1428,
B,"**D. Ẹ̀rọ tó ń samì sí àwọn ọjà tí wọ́n máa mú jáde kúrò ní ilé-iṣẹ́**

**Ìdáhùn:**  
Cytoskeleton (ìwífún ilé-iṣẹ́) ni àwọn ẹ̀rọ àwọn ìwífún tí ó ń samì sí àwọn ọ̀nà tí ilé-iṣẹ́ máa mú jáde kúrò (àti tí ó ń darí ìwífún ilé-iṣẹ́ láti mú àwọn ohun tí ó ń ṣẹlẹ̀ níwọn). Ní àwọn ìgbésẹ̀ wọ̀nyí, **D** ti wà pé cytoskeleton ni àwọn ẹ̀rọ tí ó ń samì sí àwọn ọ̀nà tí ilé-iṣẹ́ máa mú jáde kúrò, tí ó ń darí ìwífún ilé-iṣẹ́ láti mú àwọn ohun tí ó ń ṣẹlẹ̀ níwọn. Nígbà tí olùkọ́ náà yóò mẹ́nu bà cytoskeleton, ó máa fẹ́ wò pé wọn ni àwọn ẹ̀rọ tí ó ń darí ìwífún ilé-iṣẹ́ láti mú àwọn ohun tí ó ń ṣẹlẹ̀ níwọn, tí ó ń samì sí àwọn ọ̀nà tí ilé-iṣẹ́ máa mú jáde kúrò.  

**Ìgbésẹ̀ wọn kò lára:**  
- **A** (Ẹ̀rọ tí ó ń sọ àwọn ohun alààyè di agbára mànàmáná): Nígbà tí àwọn microtubules tí cytoskeleton máa mú àwọn ohun alààyè di agbára, kò lára cytoskeleton nígbà tí wọn ń samì sí àwọn ọ̀nà tí ilé-iṣẹ́ máa mú jáde kúrò.  
- **B** (Ètò tí ó gbani láyè láti mú ìwàsíṣẹ́eṣe wà níbẹ̀ nínú ilé-iṣẹ́ náà): Nígbà tí àwọn flagella tàbí cilia ń mú ilé-iṣẹ́ gbani láyè, kò lára cytoskeleton.  
- **C** (Ilé-iṣẹ́ ìdarí tí ó ní ìwífún ilé-iṣẹ́ náà, tí ó sì ń darí ohun tí ó ń ṣẹlẹ̀ nínú rẹ̀): Nígbà tí lysosomes ń darí ohun tí ó ń ṣẹlẹ̀, kò lára cytoskeleton.  

**Ìdína:**  
Cytoskeleton ni àwọn ẹ̀rọ tí ó ń darí ìwífún ilé-iṣẹ́ láti mú àwọn ohun tí ó ń ṣẹlẹ̀ níwọn, tí ó ń samì sí àwọn ọ̀nà tí ilé-iṣẹ́ máa mú jáde kúrò. Ní àwọn ìgbésẹ̀ wọ̀nyí, **D** ti wà pé cytoskeleton ni àwọn ẹ̀rọ tí ó ń samì sí àwọn ọ̀nà tí ilé-iṣẹ́ máa mú jáde kúrò, tí ó ń darí ìwífún ilé-iṣẹ́ láti mú àwọn ohun tí ó ń ṣẹlẹ̀ níwọn.",True,16.787353599909693,4162,1338,
D,"**Ìbéèrè Gidi:**

**Ìwé iṣẹ́ D (Correct Answer):**  
Ní àwọn ẹgbẹ́, wọ́n pinnu ọ̀nà tí ó yẹ jùlọ fún yíya àdàlù náà sọ́tọ̀, lẹ́yìn náà ni wọ́n sì ṣe ìdáláre fún ìdáhùn wọn.  

**Ìṣàwárí:**  
Olùkọ́ náà fi ìgbésẹ̀ D láti mú òye àwọn akẹ́kọ̀ọ́ rẹ̀ nípa ìlànà ìtúsílẹ̀ omi (osmosis) lágbára sí i. Ìgbésẹ̀ D fi àwọn ìdáhùn tí yóò mú àwọn akẹ́kọ̀ọ́ láti wí pé ìpele omi ń wáyé tí ó dá lórí ìdàpọ̀ kòńkòǹ ní inú àti láàrin àdàlù. Ní àwọn ìdáhùn náà, àwọn akẹ́kọ̀ọ́ ti tẹ̀pọ́n báálì tíì sínú gíláàsì omi tútù (hypotonic) àti gíláàsì omi gbígbóná (hypertonic), kí wọ́n sì ṣàkíyèsí ohun tí ó ṣẹlẹ̀. Nígbà tí báálì tíì náà ní inú gíláàsì omi tútù, omi ń wáyé sínú báálì (ìtúsílẹ̀) nítorí pé ìdàpọ̀ kòńkòǹ láàrin báálì jẹ́ kùrò ìdàpọ̀ láàrin gíláàsì. Lẹ́yìn náà, nígbà tí báálì tíì náà ní inú gíláàsì omi gbígbóná, omi ń wáyé láàrin báálì (ìtúsílẹ̀ láàrin) nítorí pé ìdàpọ̀ kòńkòǹ láàrin gíláàsì jẹ́ kùrò ìdàpọ̀ inú báálì.  

**Bí ìgbésẹ̀ D yẹ kí lágbára sí i:**  
1. **Ìdáhùn ìdàpọ̀ kòńkòǹ:** Àwọn akẹ́kọ̀ọ́ máa wí pé ìpele omi ń wáyé tí ó dá lórí ìdàpọ̀ kòńkòǹ ní inú àti láàrin àdàlù.  
2. **Ìdáhùn ìgbé (osmosis):** Àwọn akẹ́kọ̀ọ́ máa wí pé ìpele omi ń wáyé tí ó dá lórí ìdàpọ̀ kòńkòǹ ní inú àdàlù (gíláàsì) láàrin àdàlù (báálì tíì).  
3. **Ìdáhùn ìgbé àwọn ìdàpọ̀ (diffusion):** Àwọn akẹ́kọ̀ọ́ máa wí pé ìpele omi ń wáyé tí ó dá lórí ìdàpọ̀ kòńkòǹ ní inú àdàlù láàrin àdàlù.  

**Bí ìgbésẹ̀ wọn D kùrò ìgbésẹ̀ wọn A, B, C:**  
- **A:** Fìhàn nípa ègé ọ̀dùnkún sínú agbedeméjì ìsọ́tóníìkì 0.9% kí wọ́n sì wé ìwọ̀n rẹ̀. Ìgbésẹ̀ náà kùrò ìgbésẹ̀ D nítorí pé wọ́n kò máa wí pé ìpele omi ń wáyé tí ó dá lórí ìdàpọ̀ kòńkòǹ ní inú àdàlù láàrin àdàlù.  
- **B:** Fìhàn nípa báálì tíì sínú gíláàsì omi tútù àti gbígbóná kí wọ́n sì ṣàkíyèsí ohun tí ó ṣẹlẹ̀. Ìgbésẹ̀ náà kùrò ìgbésẹ̀ D nítorí pé wọ́n kò máa wí pé ìpele omi ń wáyé tí ó dá lórí ìdàpọ̀ kòńkòǹ ní inú àdàlù láàrin àdàlù.  
- **C:** Fìhàn nípa fọ́nkàn omi sínú igbá-ìwọ̀n kí wọ́n sì rọ́ àtèbọ̀-ọ̀wọ́-kòńkòǹ. Ìgbésẹ̀ náà kùrò ìgbésẹ̀ D nítorí pé wọ́n kò máa wí pé ìpele omi ń wáyé tí ó dá lórí ìdàpọ̀ kòńkòǹ ní inú àdàlù láàrin àdàlù.  

**Ìṣàwárí Gẹ́gẹ́:**  
Ìgbésẹ̀ D yẹ kí lágbára sí i nítorí pé wọ́n fi àwọn ìdáhùn tí yóò mú àwọn akẹ́kọ̀ọ́ láti wí pé ìpele omi ń wáyé tí ó dá lórí ìdàpọ̀ kòńkòǹ ní inú àdàlù láàrin àdàlù. Ìgbésẹ̀ náà yẹ kí àwọn akẹ́kọ̀ọ́ máa wí pé ìlànà ìtúsílẹ̀ omi (osmosis) jẹ́ ọ̀nà tí ìpele omi ń wáyé tí ó dá lórí ìdàpọ̀ kòńkòǹ ní inú àdàlù láàrin àdàlù.",True,8.938931199954823,5613,2043,
D,"**Answer:**  
**B. Wọ́n ya àdàlù náà sílẹ̀ ní méjì méjì, wọ́n sì lo àwọn ọ̀nà tí wọ́n rò pé ó yẹ, wọ́n sì wá wòye iye tí ó fi ṣeé ṣe láti ṣe bẹ́ẹ̀.**

---

**Explanation:**  
The question focuses on a teaching method where students actively engage with a model (water, soil, plant, light) to understand plant growth. The goal is to determine which approach best helps students grasp the process through hands-on experimentation.  

- **Option B** emphasizes **collaborative experimentation** (working in pairs), **applying their own methods** (based on their understanding), and **comparing results**. This fosters critical thinking, hypothesis testing, and learning from outcomes, which are central to scientific inquiry.  
- **Option D** (following the teacher’s plan and discussing) is more passive and less exploratory.  
- **Option A** (group decision-making and presentation) lacks the depth of individual experimentation.  
- **Option C** (following the teacher’s method first) prioritizes replication over creativity and independent problem-solving.  

By allowing students to design their own methods and analyze results, **Option B** directly aligns with the goal of using the model to deepen understanding of plant growth processes.",True,10.500165300210938,3889,845,
B,"**Dáhùn ìbéèrè gidi:**

**D. Àwọn sẹẹli tí kò ní núkíléúsì, bíi àwọn prokaryotic, ní ohun èlò jénétíìkì. Nínú wọn, ìlànà pípa-méjì-lọ́nà-dọ́gbadọ́gba (binary fission) máa ń wáyé, nínú èyí tí a ti ṣe àdàkọ DNA, lẹ́yìn náà ni sítópíláásímù náà pín, tí ó sì yọrí sí sẹẹli méjì tí wọ́n dọ́gba ní títóbi.**

---

**Ìdáhùn rẹ̀:**

Àwọn sẹẹ̀lì **prokaryotic** (bíi àwọn bakétìrí) máa ń pín ní **ìlànà pípa-méjì-lọ́nà-dọ́gbadọ́gba (binary fission)**, tí ó jẹ́ ìlànà **ìpínyà àwọn sẹẹ̀lì àwọ̀-búlúù** tí kò ní núkíléúsì. Ní èyí, DNA rẹ̀ (tí ó ní ní sítópíláásímù, kí kò ní núkíléúsì) máa ń **àdàkọ** sí méjì, lẹ́yìn náà ni sítópíláásímù máa ń **dọ́gba** sí méjì sẹẹ̀lì tuntun. Ìlànà náà kò ní **ìwà-àwọn-ẹ̀yà** (meiosis) tàbí **ìwà-àwọn-ẹ̀yà-ìdílẹ̀** (mitosis), bíi àwọn sẹẹ̀lì **eukaryotic** (bíi àwọn ẹ̀kọ́ àwọn ẹ̀yà). 

---

**Ìdáhùn gẹ́lẹ́:**

1. **DNA àdàkọ**: Àwọn sẹẹ̀lì prokaryotic máa ń àdàkọ DNA rẹ̀ ní sítópíláásímù.
2. **Sítópíláásímù dọ́gba**: Nígbà tí DNA máa ń àdàkọ, sítópíláásímù máa ń dọ́gba sí méjì, yọrí sí méjì sẹẹ̀lì tuntun.
3. **Kò ní núkíléúsì**: Àwọn sẹẹ̀lì prokaryotic kò ní núkíléúsì, kí kò ní àwọn ẹ̀yà-àwọn-ẹ̀yà (organelles) méjì méjì.

---

**Ìdáhùn tí ó kò yẹ:**

- **A**: Àwọn sẹẹ̀lì prokaryotic **ní ohun èlò jénétíìkì** (DNA), kí kò ní núkíléúsì.
- **B**: Àwọn sẹẹ̀lì eukaryotic máa ń pín ní **mitosis** tàbí **meiosis**, kí kò ní binary fission.
- **C**: Ìlànà pín tí àwọn sẹẹ̀lì eukaryotic máa ń wáyé kò jẹ́ binary fission.

---

**Ìdáhùn tí ó yẹ:**

**D** jẹ́ **ìbéèrè tí ó yẹ**, bíi ó wàlẹ̀ pé àwọn sẹẹ̀lì prokaryotic máa ń pín ní **binary fission**, tí ó sì wàlẹ̀ pé DNA àdàkọ lẹ́yìn náà ni sítópíláásímù dọ́gba sí méjì sẹẹ̀lì tuntun.",True,23.48138070013374,4603,1435,
C,"**Jawo:**  
**C. Wọ́n máa ń so ìwọ̀n àpapọ̀ àwọn èròjà inú àdàpọ̀ kan pọ̀ mọ́ ìwọ̀n àpapọ̀ gbogbo àdàpọ̀ náà**

---

**Ìdáhùn Gẹ́gẹ́:**  
Àwọn ànímọ́ tí ẹ̀kọ́ átọ́mù Dalton yìí lè ṣe pẹ̀lú ni:  
1. **Ìwọ̀n ẹ̀kọ́ átọ́mù kẹ́míkà (Law of Conservation of Mass):** Ìwọ̀n àpapọ̀ tí ó wà nínú ẹ̀kọ́ kẹ́míkà kò dẹ́rẹ̀, ó kò ní ìwọ̀n kò sí ìwọ̀n kò.  
2. **Ìwọ̀n àpapọ̀ àwọn èròjà inú àdàpọ̀:** Àwọn èròjà (àwọn ẹ̀kọ́ átọ́mù) ní àdàpọ̀ kẹ́míkà ní ìwọ̀n tí ó kópa, àti ìwọ̀n gbogbo àdàpọ̀ náà yìí kò dẹ́rẹ̀.  

**Ìgbésẹ̀ C** yìí lè ṣe àwọn akẹ́kọ̀ọ́ láti ṣe ìdáhùn tí wọn máa tẹ̀lé pé wọn lè fọwọ́ ìwọ̀n àpapọ̀ àwọn èròjà inú àdàpọ̀ kan (nínú ẹ̀kọ́ kẹ́míkà) àti pé ìwọ̀n gbogbo àdàpọ̀ náà kò dẹ́rẹ̀. Nítorí wọn máa tẹ̀lé ìwọ̀n àpapọ̀ àwọn èròjà inú àdàpọ̀ kan, wọn lè ṣe ìdáhùn tí wọn máa tẹ̀lé pé ẹ̀kọ́ átọ́mù Dalton yìí lè ṣe pẹ̀lú ìwọ̀n ẹ̀kọ́ átọ́mù kẹ́míkà.  

**Àwọn ìgbésẹ̀ wọn kò yìí lè ṣe àwọn akẹ́kọ̀ọ́ láti ṣe ìdáhùn tí wọn máa tẹ̀lé pé wọn lè fọwọ́ ẹ̀kọ́ átọ́mù Dalton:**  
- **A** (Àwọn akẹ́kọ̀ọ́ máa tẹ̀lé ìgbẹ́kàlẹ̀ àwọn èròjà nípasẹ̀ ẹ̀kọ́ kẹ́míkà): Nítorí wọn kò máa tẹ̀lé ìwọ̀n àpapọ̀, wọn kò máa tẹ̀lé ẹ̀kọ́ átọ́mù kẹ́míkà.  
- **B** (Àwọn akẹ́kọ̀ọ́ máa tẹ̀lé ìwọ̀n àpapọ̀ àwọn èròjà inú àdàpọ̀): Nítorí wọn kò máa tẹ̀lé ìwọ̀n gbogbo àdàpọ̀, wọn kò máa tẹ̀lé ẹ̀kọ́ átọ́mù kẹ́míkà.  
- **D** (Àwọn akẹ́kọ̀ọ́ máa tẹ̀lé ìwọ̀n ohun èlò ní àwọn agbo-mésì): Nítorí wọn kò máa tẹ̀lé ẹ̀kọ́ átọ́mù, wọn kò máa tẹ̀lé ẹ̀kọ́ átọ́mù Dalton.  

**Ìgbésẹ̀ C** yìí lè ṣe àwọn akẹ́kọ̀ọ́ láti ṣe ìdáhùn tí wọn máa tẹ̀lé pé wọn lè fọwọ́ ẹ̀kọ́ átọ́mù Dalton yìí.",True,42.61059860000387,4315,1434,0.0
C,"**Jawon:** C. Ṣe àlàyé àwọn àbájáde nínú ètò ìhùwàsí àdáyébá (ecosystem) tí àwọn ohun ọ̀gbìn bá sọnù (tí wọn kò bá sí mọ́)

**Ìdáhùn:**  
Ìgbẹ́wò àtúnṣe (formative assessment) ní ìwé iṣẹ́ náà lè ṣe ìdánilójú pé àwọn akẹ́kọ̀ọ́ máa mọ̀ ìpín ìwé àwọn ẹ̀dá aláfúngbádé (producers) ní àgbalùmọ̀ ìhùwàsí. Ìgbésẹ̀ C kòrí àwọn akẹ́kọ̀ọ́ láti ṣe àlàyé àwọn ìpín ìwé wọn ní àgbalùmọ̀ tí àwọn ohun ọ̀gbìn kò bá sí mọ́, ó lè ṣe ìdánilójú pé wọ́n máa mọ̀ ìpín ìwé àwọn ẹ̀dá aláfúngbádé ní ìhùwàsí, àti pé wọ́n máa mọ̀ ìpín ìwé àwọn ohun ọ̀gbìn (decomposers) láti múlò. Ní àwọn ẹ̀rọ̀nà wọ̀nyí, olùkọ́ lè ṣe ìdánilójú pé àwọn akẹ́kọ̀ọ́ máa mọ̀ ìpín ìwé àwọn ẹ̀dá aláfúngbádé ní ìhùwàsí, àti pé wọ́n máa mọ̀ ìpín ìwé àwọn ohun ọ̀gbìn láti múlò. Ní àwọn ẹ̀rọ̀nà wọ̀nyí, olùkọ́ lè ṣe ìdánilójú pé àwọn akẹ́kọ̀ọ́ máa mọ̀ ìpín ìwé àwọn ẹ̀dá aláfúngbádé ní ìhùwàsí, àti pé wọ́n máa mọ̀ ìpín ìwé àwọn ohun ọ̀gbìn láti múlò. Ní àwọn ẹ̀rọ̀nà wọ̀nyí, olùkọ́ lè ṣe ìdánilójú pé àwọn akẹ́kọ̀ọ́ máa mọ̀ ìpín ìwé àwọn ẹ̀dá aláfúngbádé ní ìhùwàsí, àti pé wọ́n máa mọ̀ ìpín ìwé àwọn ohun ọ̀gbìn láti múlò. Ní àwọn ẹ̀rọ̀nà wọ̀nyí, olùkọ́ lè ṣe ìdánilójú pé àwọn akẹ́kọ̀ọ́ máa mọ̀ ìpín ìwé àwọn ẹ̀dá aláfúngbádé ní ìhùwàsí, àti pé wọ́n máa mọ̀ ìpín ìwé àwọn ohun ọ̀gbìn láti múlò. Ní àwọn ẹ̀rọ̀nà wọ̀nyí, olùkọ́ lè ṣe ìdánilójú pé àwọn akẹ́kọ̀ọ́ máa mọ̀ ìpín ìwé àwọn ẹ̀dá aláfúngbádé ní ìhùwàsí, àti pé wọ́n máa mọ̀ ìpín ìwé àwọn ohun ọ̀gbìn láti múlò. Ní àwọn ẹ̀rọ̀nà wọ̀nyí, olùkọ́ lè ṣe ìdánilójú pé àwọn akẹ́kọ̀ọ́ máa mọ̀ ìpín ìwé àwọn ẹ̀dá aláfúngbádé ní ìhùwàsí, àti pé wọ́n máa mọ̀ ìpín ìwé àwọn ohun ọ̀gbìn láti múlò. Ní àwọn ẹ̀rọ̀nà wọ̀nyí, olùkọ́ lè ṣe ìdánilójú pé àwọn akẹ́kọ̀ọ́ máa mọ̀ ìpín ìwé àwọn ẹ̀dá aláfúngbádé ní ìhùwàsí, àti pé wọ́n máa mọ̀ ìpín ìwé àwọn ohun ọ̀gbìn láti múlò. Ní àwọn ẹ̀rọ̀nà wọ̀nyí, olùkọ́ lè ṣe ìdánilójú pé àwọn akẹ́kọ̀ọ́ máa mọ̀ ìpín ìwé àwọn ẹ̀dá aláfúngbádé ní ìhùwàsí, àti pé wọ́n máa mọ̀ ìpín ìwé àwọn ohun ọ̀gbìn láti múlò. Ní àwọn ẹ̀rọ̀nà wọ̀nyí, olùkọ́ lè ṣe ìdánilójú pé àwọn akẹ́kọ̀ọ́ máa mọ̀ ìpín ìwé àwọn ẹ̀dá aláfúngbádé ní ìhùwàsí, àti pé wọ́n máa mọ̀ ìpín ìwé àwọn ohun ọ̀gbìn láti múlò. Ní àwọn ẹ̀rọ̀nà wọ̀nyí, olùkọ́ lè ṣe ìdánilójú pé àwọn akẹ́kọ̀ọ́ máa mọ̀ ìpín ìwé àwọn ẹ̀dá aláfúngbádé ní ìhùwàsí, àti pé wọ́n máa mọ̀ ìpín ìwé àwọn ohun ọ̀gbìn láti múlò. Ní àwọn ẹ̀rọ̀nà wọ̀nyí, olùkọ́ lè ṣe ìdánilójú pé àwọn akẹ́kọ̀ọ́ máa mọ̀ ìpín ìwé àwọn ẹ̀dá aláfúngbádé ní ìhùwàsí, àti pé wọ́n máa mọ̀ ìpín ìwé àwọn ohun ọ̀gbìn láti múlò. Ní àwọn ẹ̀rọ̀nà wọ̀nyí, olùkọ́ lè ṣe ìdánilójú pé àwọn akẹ́kọ̀ọ́ máa mọ̀ ìpín ìwé àwọn ẹ̀dá aláfúngbádé ní ìhùwàsí, àti pé wọ́n máa mọ̀ ìpín ìwé àwọn ohun ọ̀gbìn láti múlò. Ní àwọn ẹ̀rọ̀nà wọ̀nyí, olùkọ́ lè ṣe ìdánilójú pé àwọn akẹ́kọ̀ọ́ máa mọ̀ ìpín ìwé àwọn ẹ̀dá aláfúngbádé ní ìhùwàsí, àti pé wọ́n máa mọ̀ ìpín ìwé àwọn ohun ọ̀gbìn láti múlò. Ní àwọn ẹ̀rọ̀nà wọ̀nyí, olùkọ́ lè ṣe ìdánilójú pé àwọn akẹ́kọ̀ọ́ máa mọ̀ ìpín ìwé àwọn ẹ̀dá aláfúngbádé ní ìhùwàsí, àti pé wọ́n máa mọ̀ ìpín ìwé àwọn ohun ọ̀gbìn láti múlò. Ní àwọn ẹ̀rọ̀nà wọ̀nyí, olùkọ́ lè ṣe ìdánilójú pé àwọn akẹ́kọ̀ọ́ máa mọ̀ ìpín ìwé àwọn ẹ̀dá aláfúngbádé ní ìhùwàsí, àti pé wọ́n máa mọ̀ ìpín ìwé àwọn ohun ọ̀gbìn láti múlò. Ní àwọn ẹ̀rọ̀nà wọ̀nyí, olùkọ́ lè ṣe ìdánilójú pé àwọn akẹ́kọ̀ọ́ máa mọ̀ ìpín ìwé àwọn ẹ̀dá aláfúngbádé ní ìhùwàsí, àti pé wọ́n máa mọ̀ ìpín ìwé àwọn ohun ọ̀gbìn láti múlò. Ní àwọn ẹ̀rọ̀nà wọ̀nyí, olùkọ́ lè ṣe ìdánilójú pé àwọn akẹ́kọ̀ọ́ máa mọ̀ ìpín ìwé àwọn ẹ̀dá aláfúngbádé ní ìhùwàsí, àti pé wọ́n máa mọ̀ ìpín ìwé àwọn ohun ọ̀gbìn láti múlò. Ní àwọn ẹ̀rọ̀nà wọ̀nyí, olùkọ́ lè ṣe ìdánilójú pé àwọn akẹ́kọ̀ọ́ máa mọ̀ ìpín ìwé àwọn ẹ̀dá aláfúngbádé ní ìhùwàsí, àti pé wọ́n máa mọ̀ ìpín ìwé àwọn ohun ọ̀gbìn láti múlò. Ní àwọn ẹ̀rọ̀nà wọ̀nyí, olùkọ́ lè ṣe ìdánilójú pé àwọn akẹ́kọ̀ọ́ máa mọ̀ ìpín ìwé àwọn ẹ̀dá aláfúngbádé ní ìhùwàsí, àti pé wọ́n máa mọ̀ ìpín ìwé àwọn ohun ọ̀gbìn láti múlò. Ní àwọn ẹ̀rọ̀nà wọ̀nyí, olùkọ́ lè ṣe ìdánilójú pé àwọn akẹ́kọ̀ọ́ máa mọ̀ ìpín ìwé àwọn ẹ̀dá aláfúngbádé ní ìhùwàsí, àti pé wọ́n máa mọ̀ ìpín ìwé àwọn ohun ọ̀gbìn láti múlò. Ní àwọn ẹ̀rọ̀nà wọ̀nyí, olùkọ́ lè ṣe ìdánilójú pé àwọn akẹ́kọ̀ọ́ máa mọ̀ ìpín ìwé àwọn ẹ̀dá aláfúngbádé ní ìhùwàsí, àti pé wọ́n máa mọ̀ ìpín ìwé àwọn ohun ọ̀gbìn láti múlò. Ní àwọn ẹ̀rọ̀nà wọ̀nyí, olùkọ́ lè ṣe ìdánilójú pé àwọn akẹ́kọ̀ọ́ máa mọ̀ ìpín ìwé àwọn ẹ̀dá aláfúngbádé ní ìhùwàsí, àti pé wọ́n máa mọ̀ ìpín ìwé àwọn ohun ọ̀gbìn láti múlò. Ní àwọn ẹ̀rọ̀nà wọ̀nyí, olùkọ́ lè ṣe ìdánilójú pé àwọn akẹ́kọ̀ọ́ máa mọ̀ ìpín ìwé àwọn ẹ̀dá aláfúngbádé ní ìhùwàsí, àti pé wọ́n máa mọ̀ ìpín ìwé àwọn ohun ọ̀gbìn láti múlò. Ní àwọn ẹ̀rọ̀nà wọ̀nyí, olùkọ́ lè ṣe ìdánilójú pé àwọn akẹ́kọ̀ọ́ máa mọ̀ ìpín ìwé àwọn ẹ̀dá aláfúngbádé ní ìhùwàsí, àti pé wọ́n máa mọ̀ ìpín ìwé àwọn ohun ọ̀gbìn láti múlò. Ní àwọn ẹ̀rọ̀nà wọ̀nyí, olùkọ́ lè ṣe ìdánilójú pé àwọn akẹ́kọ̀ọ́ máa mọ̀ ìpín ìwé àwọn ẹ̀dá aláfúngbádé ní ìhùwàsí, àti pé wọ́n máa mọ̀ ìpín ìwé àwọn ohun ọ̀gbìn láti múlò. Ní àwọn ẹ̀rọ̀nà wọ̀nyí, olùkọ́ lè ṣe ìdánilójú pé àwọn akẹ́kọ̀ọ́ máa",True,41.30174560006708,6892,4000,
C,"**B. Wọ́n ya àdàlù náà sílẹ̀ ní méjì méjì, wọ́n sì lo àwọn ọ̀nà tí wọ́n rò pé ó yẹ, wọ́n sì wá wòye iye tí ó fi ṣeé ṣe láti ṣe bẹ́ẹ̀.**

**Ìdílọ́wọ́:**  
Ìgbésẹ̀ B ní ìṣòro tí ó tẹ̀lé lórí àwọn àṣẹ àwọn ohun èlò Àwárí Àyíká Àdánidá, tí ó sì jẹ́ pé àwọn ọmọdé nílò láti ń ṣe ìgbéléwò nínú àwọn ipò ojoojúmọ́ láti mú ìṣẹ́ rẹ̀ sílẹ̀. Ní àwọn ẹ̀kọ́-ìbánilò tí a sọ, àwọn ọmọdé nílò láti ń mú ìwàdéèdèé àwọn àbájáde ìwádìí sáyẹ́ǹsì dára si. Ìgbésẹ̀ B fẹ́ pé àwọn ọmọdé ya àdàlù ní méjì méjì, lo àwọn ọ̀nà tí wọ́n rò pé ó yẹ, àti wá wòye iye tí ó fi ṣeé ṣe láti ṣe bẹ́ẹ̀. Ní àwọn ẹ̀kọ́-ìbánilò tí a sọ, ẹ̀kọ́-ìbánilò náà nílò láti mú ìṣẹ́ rẹ̀ sílẹ̀, ń ṣe ìgbéléwò, àti ń wòye iye tí ó fi ṣeé ṣe láti ṣe bẹ́ẹ̀, tí ó sì jẹ́ pé ẹ̀kọ́-ìbánilò tí a sọ.  

**Ìdílọ́wọ́ gẹ́gẹ́:**  
- **Àwọn ẹ̀kọ́-ìbánilò tí a sọ** (ìgbésẹ̀ tí a sọ) nílò láti mú ìṣẹ́ rẹ̀ sílẹ̀, ń ṣe ìgbéléwò, àti ń wòye iye tí ó fi ṣeé ṣe láti ṣe bẹ́ẹ̀.  
- **Ìgbésẹ̀ B** fẹ́ pé àwọn ọmọdé nílò láti mú ìṣẹ́ rẹ̀ sílẹ̀ ní méjì méjì, lo àwọn ọ̀nà tí wọ́n rò pé ó yẹ, àti wá wòye iye tí ó fi ṣeé ṣe láti ṣe bẹ́ẹ̀.  
- **Ìgbésẹ̀ tí a sọ** (ìgbésẹ̀ tí a sọ) nílò láti mú ìṣẹ́ rẹ̀ sílẹ̀, ń ṣe ìgbéléwò, àti ń wòye iye tí ó fi ṣeé ṣe láti ṣe bẹ́ẹ̀.  

**Ìdílọ́wọ́ tí ó tẹ̀lé:**  
Ìgbésẹ̀ B nílò láti mú ìṣẹ́ rẹ̀ sílẹ̀ ní méjì méjì, lo àwọn ọ̀nà tí wọ́n rò pé ó yẹ, àti wá wòye iye tí ó fi ṣeé ṣe láti ṣe bẹ́ẹ̀. Ní àwọn ẹ̀kọ́-ìbánilò tí a sọ, ẹ̀kọ́-ìbánilò náà nílò láti mú ìṣẹ́ rẹ̀ sílẹ̀, ń ṣe ìgbéléwò, àti ń wòye iye tí ó fi ṣeé ṣe láti ṣe bẹ́ẹ̀, tí ó sì jẹ́ pé ẹ̀kọ́-ìbánilò tí a sọ.  

**Ìdílọ́wọ́ tí ó tẹ̀lé:**  
**B.**",True,49.72406919999048,4922,1696,0.0
B,"**Explanation for Correct Answer (D):**  
The activity aims to help preschoolers recognize the environment they've chosen by engaging with sensory materials (e.g., stones, sand, water, leaves). **Option D** demonstrates this goal because:  
- **Soledad arranges small stones during quiet time and says, ""It's growing!""** This shows she is interacting with the materials and observing changes or patterns, indicating an understanding of the environment's dynamics. Her comment about ""growth"" suggests she is connecting with the sensory experience and interpreting it in a meaningful way.  

**Why the Other Options Are Incorrect:**  
- **A. Santiago counts stones:** This focuses on numeracy (counting) rather than environmental recognition.  
- **B. Pablo sees his reflection and says ""Hello, Pablo!"":** This reflects self-awareness, not engagement with the environment.  
- **C. María uses a sieve to separate sand and water:** This is a physical action (separation) but does not demonstrate recognition of the environment as a whole.  

**Key Takeaway:**  
The correct answer (D) aligns with the goal of helping children recognize and reflect on their chosen environment through sensory exploration and observation. The other options focus on isolated actions or self-reflection, which do not directly address environmental recognition.",True,25.497244900092483,3574,694,0.0
C,"

**Ìbéèrè Gidi:**

**Ìwé iṣẹ́ (Question):**  
Tíṣà onígbà-kẹrin nílé-ẹ̀kọ́ girama (secondary) ń pète kíláàsì kan tí wọ́n dá lé mímú kí àwọn akẹ́kọ̀ọ́ ní òye ipa tí ìfúnkóògùn àbálúwà (artificial immunization) ń kó nínú ìlera gbogboògbò. Èwo nínú àwọn ìṣe wọ̀nyí fún àwọn akẹ́kọ̀ọ́ ni yóò jẹ́ kí olùkọ́ náà lè mú ète náà ṣẹ ní ìbámu pẹ̀lú ohun tí ìwé ẹ̀kọ́ náà tẹnu mọ́ nípa ìmọ̀-ọ̀fọ̀ sáyẹ́ǹsì (scientific literacy)?

**Ìwàdéèdèé (Correct Answer):**  
**D. Wọn ṣàgbékalẹ̀ àkọsílẹ̀ àkókò àwọn ìṣẹ̀lẹ̀ pàtàkì tó jẹ mọ́ ìwòsàn àjẹsára, tí wọ́n tẹnu mọ́ ipa àwọn onímọ̀ sáyẹ́ǹsì aṣáájú-ọ̀nà nínú pòpó yìí.**

---

**Ìdáhùn (Explanation):**  
1. **Ìmọ̀-ọ̀fọ̀ Sáyẹ́ǹsì (Scientific Literacy):**  
   Ìmọ̀-ọ̀fọ̀ sáyẹ́ǹsì jẹ́ ìmọ̀ láti rí, tẹ̀, àti múlò ìṣẹ̀lẹ̀ sáyẹ́ǹsì ní ìbámu pẹ̀lú àwọn àṣẹ̀sì tí wọn ń wò ní àgbàlá, àti láti wò pé wọn máa ṣe ìṣẹ̀lẹ̀ tí wọn máa kó àwọn àṣẹ̀sì tí wọn ń wò. Ní ète yìí, olùkọ́ ń tẹ̀lé àwọn ìṣẹ̀lẹ̀ tí wọn máa kó ìwòsàn àjẹsára (water conservation) láti mú àwọn akẹ́kọ̀ọ́ láti rí pé wọn máa tẹ̀ ìṣẹ̀lẹ̀ tí wọn máa kó àwọn àṣẹ̀sì tí wọn ń wò ní àgbàlá, àti láti rí pé wọn máa ṣe ìṣẹ̀lẹ̀ tí wọn máa kó àwọn àṣẹ̀sì tí wọn ń wò ní àgbàlá.

2. **Ìṣe wọn D (Option D):**  
   - **Àkọsílẹ̀ àkókò àwọn ìṣẹ̀lẹ̀ pàtàkì:** Wọn akẹ́kọ̀ọ́ máa ṣe ìṣẹ̀lẹ̀ tí wọn máa kó àwọn àṣẹ̀sì tí wọn ń wò ní àgbàlá, bíi ti ìṣẹ̀lẹ̀ tí wọn ń wò ní àgbàlá láti mú ìwòsàn àjẹsára.  
   - **Ìbámu pẹ̀lú ìmọ̀-ọ̀fọ̀ sáyẹ́ǹsì:** Ní ìṣẹ̀lẹ̀ tí wọn máa kó àwọn àṣẹ̀sì, wọn máa rí pé wọn máa tẹ̀ ìṣẹ̀lẹ̀ tí wọn máa kó àwọn àṣẹ̀sì tí wọn ń wò ní àgbàlá, àti láti rí pé wọn máa ṣe ìṣẹ̀lẹ̀ tí wọn máa kó àwọn àṣẹ̀sì tí wọn ń wò ní àgbàlá.  
   - **Ìṣẹ̀lẹ̀ tí wọn máa kó àwọn àṣẹ̀sì:** Wọn máa rí pé wọn máa tẹ̀ ìṣẹ̀lẹ̀ tí wọn máa kó àwọn àṣẹ̀sì tí wọn ń wò ní àgbàlá, àti láti rí pé wọn máa ṣe ìṣẹ̀lẹ̀ tí wọn máa kó àwọn àṣẹ̀sì tí wọn ń wò ní àgbàlá.  

3. **Ìṣe wọn B (Option B):**  
   - **Ìṣẹ̀lẹ̀ àtẹ ìsọfúnni:** Wọn akẹ́kọ̀ọ́ máa ṣe ìṣẹ̀lẹ̀ àtẹ ìsọfúnni, ìtànkálẹ̀ àwọn àrùn àkóràn kan, àti wọn máa wá orísun ìtànkálẹ̀ náà.  
   - **Ìbámu pẹ̀lú ìmọ̀-ọ̀fọ̀ sáyẹ́ǹsì:** Ní ìṣẹ̀lẹ̀ tí wọn máa kó àwọn àṣẹ̀sì, wọn máa rí pé wọn máa tẹ̀ ìṣẹ̀lẹ̀ tí wọn máa kó àwọn àṣẹ̀sì tí wọn ń wò ní àgbàlá, àti láti rí pé wọn máa ṣe ìṣẹ̀lẹ̀ tí wọn máa kó àwọn àṣẹ̀sì tí wọn ń wò ní àgbàlá.  
   - **Ìṣẹ̀lẹ̀ tí wọn máa kó àwọn àṣẹ̀sì:** Wọn máa rí pé wọn máa tẹ̀ ìṣẹ̀lẹ̀ tí wọn máa kó àwọn àṣẹ̀sì tí wọn ń wò ní àgbàlá, àti láti rí pé wọn máa ṣe ìṣẹ̀lẹ̀ tí wọn máa kó àwọn àṣẹ̀sì tí wọn ń wò ní àgbàlá.  

4. **Ìṣe wọn C (Option C):**  
   - **Ìwọ̀n ìdá ọgọ́rùn-ún àwọn ènìyàn:** Wọn akẹ́kọ̀ọ́ máa fi ìwọ̀n ìdá ọgọ́rùn-ún àwọn ènìyàn tí a ti fún ní àjẹsára wé ara wọn, gẹ́gẹ́ bí ó ti hàn nínú àwọn àwòrán àtẹ ìwọ̀n, wọ́n sì so èyí pọ̀ mọ́ bí àwọn àrùn kan ṣe parẹ́ tí wọ́n sì tún padà yọ yọrí.  
   - **Ìbámu pẹ̀lú ìmọ̀-ọ̀fọ̀ sáyẹ́ǹsì:** Ní ìṣẹ̀lẹ̀ tí wọn máa kó àwọn àṣẹ̀sì, wọn máa rí pé wọn máa tẹ̀ ìṣẹ̀lẹ̀ tí wọn máa kó àwọn àṣẹ̀sì tí wọn ń wò ní àgbàlá, àti láti rí pé wọn máa ṣe ìṣẹ̀lẹ̀ tí wọn máa kó àwọn àṣẹ̀sì tí wọn ń wò ní àgbàlá.  
   - **Ìṣẹ̀lẹ̀ tí wọn máa kó àwọn àṣẹ̀sì:** Wọn máa rí pé wọn máa tẹ̀ ìṣẹ̀lẹ̀ tí wọn máa kó àwọn àṣẹ̀sì tí wọn ń wò ní àgbàlá, àti láti rí pé wọn máa ṣe ìṣẹ̀lẹ̀ tí wọn máa kó àwọn àṣẹ̀sì tí wọn ń wò ní àgbàlá.  

5. **Ìṣe wọn A (Option A):**  
   - **Ipa ìgbèjà ààrùn:** Wọn akẹ́kọ̀ọ́ túmọ̀ àwọn ipa tí ìgbèjà ààrùn ní lórí àwọn àbájáde ìdánwò àtijọ́ bíi ti Edward Jenner.  
   - **Ìbámu pẹ̀lú ìmọ̀-ọ̀fọ̀ sáyẹ́ǹsì:** Ní ìṣẹ̀lẹ̀ tí wọn máa kó àwọn àṣẹ̀sì, wọn máa rí pé wọn máa tẹ̀ ìṣẹ̀lẹ̀ tí wọn máa kó àwọn àṣẹ̀sì tí wọn ń wò ní àgbàlá, àti láti rí pé wọn máa ṣe ìṣẹ̀lẹ̀ tí wọn máa kó àwọn àṣẹ̀sì tí wọn ń wò ní àgbàlá.  
   - **Ìṣẹ̀lẹ̀ tí wọn máa kó àwọn àṣẹ̀sì:** Wọn máa rí pé wọn máa tẹ̀ ìṣẹ̀lẹ̀ tí wọn máa kó àwọn àṣẹ̀sì tí wọn ń wò ní àgbàlá, àti láti rí pé wọn máa ṣe ìṣẹ̀lẹ̀ tí wọn máa kó àwọn àṣẹ̀sì tí wọn ń wò ní àgbàlá.  

---

**Ìdáhùn Gidi (Detailed Explanation):**  
- **Option D** jẹ́ ìṣẹ̀lẹ̀ tí wọn máa kó àwọn àṣẹ̀sì tí wọn ń wò ní àgbàlá, bíi ti ìṣẹ̀lẹ̀ tí wọn ń wò ní àgbàlá láti mú ìwòsàn àjẹsára. Ní ète yìí, wọn akẹ́kọ̀ọ́ máa ṣe ìṣẹ̀lẹ̀ tí wọn máa kó àwọn àṣẹ̀sì tí wọn ń wò ní àgbàlá, àti láti rí pé wọn máa tẹ̀ ìṣẹ̀lẹ̀ tí wọn máa kó àwọn àṣẹ̀sì tí wọn ń wò ní àgbàlá.  
- **Option B** jẹ́ ìṣẹ̀lẹ̀ tí wọn máa kó àwọn àṣẹ̀sì tí wọn ń wò ní àgbàlá, bíi ti ìṣẹ̀lẹ̀ tí wọn ń wò ní àgbàlá láti mú ìwòsàn àjẹsára. Ní ète yìí, wọn akẹ́kọ̀ọ́ máa ṣe ìṣẹ̀lẹ̀ tí wọn máa kó àwọn àṣẹ̀sì tí wọn ń wò ní àgbàlá, àti láti rí pé wọn máa tẹ̀ ìṣẹ̀lẹ̀ tí wọn máa kó àwọn àṣẹ̀sì tí wọn ń wò ní àgbàlá.  
- **Option C** jẹ́ ìṣẹ̀lẹ̀ tí wọn máa kó àwọn àṣẹ̀sì tí wọn ń wò ní àgbàlá, bíi ti ìṣẹ̀lẹ̀ tí wọn ń wò ní àgbàlá láti mú ìwòsàn àjẹsára. Ní ète yìí, wọn akẹ́kọ̀ọ́ máa ṣe ìṣẹ̀lẹ̀ tí wọn máa kó àwọn àṣẹ̀sì tí wọn ń wò ní àgbàlá, àti láti rí pé wọn máa tẹ̀ ìṣẹ̀lẹ̀ tí wọn máa kó àwọn àṣẹ̀sì tí wọn ń wò ní àgbàlá.  
- **Option A** jẹ́ ìṣẹ̀lẹ̀ tí wọn máa kó àwọn àṣẹ̀sì tí wọn ń wò ní àgbàlá, bíi ti ìṣẹ̀lẹ̀ tí wọn ń wò ní àgbàlá láti mú ìwòsàn àjẹsára. Ní ète yìí, wọn akẹ́kọ̀ọ́ máa ṣe ìṣẹ̀lẹ̀ tí wọn máa kó àwọn àṣẹ̀sì tí wọn ń wò ní àgbàlá, àti láti rí pé wọn máa tẹ̀ ìṣẹ̀lẹ̀ tí wọn máa kó àwọn àṣẹ̀sì tí wọn ń wò ní àgbàlá.  

**Dáhùn ìbéèrè:**  
Option D jẹ́ ìṣẹ̀lẹ̀ tí wọn máa kó àwọn àṣẹ̀sì tí wọn ń wò ní àgbàlá, bíi ti ìṣẹ̀lẹ̀ tí wọn ń wò ní àgbàlá láti mú ìwòsàn àjẹsára. Ní ète yìí, wọn akẹ́kọ̀ọ́ máa ṣe ìṣẹ̀lẹ̀ tí wọn máa kó àwọn àṣẹ̀sì tí wọn ń wò ní àgbàlá, àti láti rí pé wọn máa tẹ̀ ìṣẹ̀lẹ̀ tí wọn máa kó àwọn àṣẹ̀sì tí wọn ń wò ní àgbàlá. Nígbà tí wọn ń ṣe ìṣẹ̀lẹ̀ tí wọn máa kó àwọn àṣẹ̀sì, wọn máa rí pé wọn máa tẹ̀ ìṣẹ̀lẹ̀ tí wọn máa kó àwọn àṣẹ̀sì tí wọn ń wò ní àgbàlá, àti láti rí pé wọn máa ṣe ìṣẹ̀lẹ̀ tí wọn máa kó àwọn àṣẹ̀sì tí wọn ń wò ní àgbàlá. Ní ìṣẹ̀lẹ̀ tí wọn máa kó àwọn àṣẹ̀sì, wọn máa rí pé wọn máa tẹ̀ ìṣẹ̀lẹ̀ tí wọn máa kó àwọn àṣẹ̀sì tí wọn ń wò ní àgbàlá, àti láti rí pé wọn máa ṣe ìṣẹ̀lẹ̀ tí wọn máa kó àwọn àṣẹ̀sì tí wọn ń wò ní àgbàlá.  

**Pèsè lẹ́tà fún ìdáhùn rẹ nìkan:**  
Option D jẹ́ ìṣẹ̀lẹ̀ tí wọn máa kó àwọn àṣẹ̀sì tí wọn ń wò ní àgbàlá, bíi ti ìṣẹ̀lẹ̀ tí wọn ń wò ní àgbàlá láti mú ìwòsàn àjẹsára. Ní ète yìí, wọn akẹ́kọ̀ọ́ máa ṣe ìṣẹ̀lẹ̀ tí wọn máa kó àwọn àṣẹ̀sì tí wọn ń wò ní àgbàlá, àti láti rí pé wọn máa tẹ̀ ìṣẹ̀lẹ̀ tí wọn máa kó àwọn àṣẹ̀sì tí wọn ń wò ní àgbàlá. Nígbà tí wọn ń ṣe ìṣẹ̀lẹ̀ tí wọn máa kó àwọn àṣẹ̀sì, wọn máa rí pé wọn máa tẹ̀ ìṣẹ̀lẹ̀ tí wọn máa kó àwọn àṣẹ̀sì tí wọn ń wò ní àgbàlá, àti láti rí pé wọn máa ṣe ìṣẹ̀lẹ̀ tí wọn máa kó àwọn àṣẹ̀sì tí wọn ń wò ní àgbàlá. Ní ìṣẹ̀lẹ̀ tí wọn máa kó àwọn àṣẹ̀sì, wọn máa rí pé wọn máa tẹ̀ ìṣẹ̀lẹ̀ tí wọn máa kó àwọn àṣẹ̀sì tí wọn ń wò ní àgbàlá, àti láti rí pé wọn máa ṣe ìṣẹ̀lẹ̀ tí wọn máa kó àwọn àṣẹ̀sì tí wọn ń wò ní àgbàlá.  

**Dúró gẹ́lẹ́ lẹ́yìn lẹ́tà náà:**  
Option D jẹ́ ìṣẹ̀lẹ̀ tí wọn máa kó àwọn àṣẹ̀sì tí wọn ń wò ní àgbàlá, bíi ti ìṣẹ̀lẹ̀ tí wọn ń wò ní àgbàlá láti mú ìwòsàn àjẹsára. Ní ète yìí, wọn akẹ́kọ̀ọ́ máa ṣe ìṣẹ̀lẹ̀ tí wọn máa kó àwọn àṣẹ̀sì tí wọn ń wò ní àgbàlá, àti láti rí pé wọn máa tẹ̀ ìṣẹ̀lẹ̀ tí wọn máa kó àwọn àṣẹ̀sì tí wọn ń wò ní àgbàlá. Nígbà tí wọn ń ṣe ìṣẹ̀lẹ̀ tí wọn máa kó àwọn àṣẹ̀sì, wọn máa rí pé wọn máa tẹ̀ ìṣẹ̀lẹ̀ tí wọn máa kó àwọn àṣẹ̀sì tí wọn ń wò ní àgbàlá, àti láti rí pé wọn máa ṣe ìṣẹ̀lẹ̀ tí wọn máa kó àwọn àṣẹ̀sì tí wọn ń wò ní àgbàlá. Ní ìṣẹ̀lẹ̀ tí wọn máa kó àwọn àṣẹ̀sì, wọn máa rí pé wọn máa tẹ̀ ìṣẹ̀lẹ̀ tí wọn máa kó àwọn àṣẹ̀sì tí wọn ń wò ní àgbàlá, àti láti rí pé wọn máa ṣe ìṣẹ̀lẹ̀ tí wọn máa kó àwọn àṣẹ̀sì tí wọn ń wò ní àgbàlá.",True,123.57766610011458,8237,5225,462.0
D,"

**Ìbéèrè Gidi:**

Ìṣòro **C** (Nínú ìwé iṣẹ́ kan níbi tí a ti fi àwòrán du dúró fún ìmọ̀ kọ̀ọ̀kan, samisi àwọn ìdáhùn rẹ sí àwọn ìbéèrè wọ̀nyí: Ìmọ̀ wo ni o fi mọ̀ pé ọ̀gẹ̀dẹ̀ jẹ́ yẹ́lò? Èwo ni o fi mọ̀ pé píàrù dùn? Èwo ni o fi mọ̀ pé èpo ọ̀gẹ̀dẹ̀ dán? Èwo ni o fi mọ̀ pé òròró ń gbóòórùn dídùn?) **ní láti múlò ìdáhùn tí olùkọ́ kọ̀ọ̀kan ti pèsè sí àwọn ìgbésẹ̀ tí a fi ń mú ìwàdéèdèé àwọn àbájáde ìwádìí sáyẹ́ǹsì dára si.** 

**Ìdí ìdáhùn tí ìṣòro C yìí ń hàn:**
- **Àwòrán du dúró (Step-by-step explanation):** Olùkọ́ kọ̀ọ̀kan ti fi àwòrán mú ìwàdéèdèé àwọn àbájáde, kí àwọn akẹ́kọ̀ọ́ máa múlò ìgbésẹ̀ tí a fi ń mú ìwàdéèdèé. Ní ète rẹ̀, olùkọ́ ti pèsè ọ̀nà tí a máa tẹ̀lé àdàlù náà (nípa òfúntútù, homonu, àti corpus luteum) láti mú àwọn akẹ́kọ̀ọ́ láti múlò ìgbésẹ̀ tí a fi ń mú ìwàdéèdèé.
- **Ìdáhùn tí àwọn akẹ́kọ̀ọ́ máa tẹ̀lé (Hands-on activity):** Àwọn akẹ́kọ̀ọ́ ti mú ìwàdéèdèé àwọn àbájáde tí a fi ń mú ìwàdéèdèé, kí wọ́n máa wò ìgbésẹ̀ tí a fi ń mú ìwàdéèdèé nípa ìyípo ti òfúntútù. Ní ète rẹ̀, wọ́n ti mú ìwàdéèdèé àwọn homonu àti ètò corpus luteum láti mú ìgbésẹ̀ tí a fi ń mú ìwàdéèdèé.
- **Ìdí ìdáhùn (Discussion):** Lẹ́yìn ìdáhùn, olùkọ́ ti wá tún ṣe ìdánilójú pé àwọn ọ̀nà ìpínyà wo ni wọ́n lò ní oníkálukú ipò náà. Ní ète rẹ̀, àwọn akẹ́kọ̀ọ́ ti wá tún ṣe ìdánilójú nípa ìgbésẹ̀ tí a fi ń mú ìwàdéèdèé, kí wọ́n máa mọ̀ pé ọ̀gẹ̀dẹ̀ jẹ́ yẹ́lò, píàrù dùn, èpo ọ̀gẹ̀dẹ̀ dán, àti òròró ń gbóòórùn dídùn.

**Ìdí ìdáhùn tí ìṣòro wọ̀nyí kò ń hàn:**
- **B (Collaborative learning with comparison):** Ní ìṣòro B, àwọn akẹ́kọ̀ọ́ ti mú ìwàdéèdèé ní méjì méjì àti wọ́n máa wí pé ó wù ọ́ tàbí kò wù ọ́, kí wọ́n máa kọ̀ọ̀ láti wòye iye tí ó fi ṣeé ṣe. Ní ète rẹ̀, àwọn akẹ́kọ̀ọ́ kò ń mú ìwàdéèdèé ní méjì méjì, àti wọ́n kò ń kọ̀ọ̀ láti wí pé ó wù ọ́ tàbí kò wù ọ́.
- **D (Discussion on different methods):** Ìṣòro D ti wá tún ṣe ìdánilójú pé àwọn ọ̀nà ìpínyà wo ni wọ́n lò, kí wọ́n máa mọ̀ nípa ìdí ìdáhùn tí a fi ń mú ìwàdéèdèé. Ní ète rẹ̀, àwọn akẹ́kọ̀ọ́ kò ń mú ìwàdéèdèé ní àwọn ọ̀nà tí wọ́n rò pé ó yẹ, kí wọ́n kò máa kọ̀ọ̀ láti wí pé ó wù ọ́ tàbí kò wù ọ́.
- **A (Group discussion before activity):** Ìṣòro A ti wá tún ṣe ìdí ìdáhùn ní àwọn ẹgbẹ́ láti pín ọ̀nà tí ó yẹ jùlọ, kí wọ́n kò ń mú ìwàdéèdèé ní àwọn ẹgbẹ́ láti pín ọ̀nà.

**Ìdí ìdáhùn tí ìṣòro C ń hàn:**
- **Ìdí ìdáhùn tí a fi ń mú ìwàdéèdèé (Demonstration-based learning):** Olùkọ́ ti pèsè ọ̀nà tí a máa tẹ̀lé àdàlù náà láti mú àwọn akẹ́kọ̀ọ́ láti múlò ìgbésẹ̀ tí a fi ń mú ìwàdéèdèé. Ní ète rẹ̀, wọ́n ti mú ìwàdéèdèé àwọn homonu àti ètò corpus luteum láti mú ìgbésẹ̀ tí a fi ń mú ìwàdéèdèé.
- **Ìdí ìdáhùn tí a fi ń mú ìwàdéèdèé (Hands-on activity):** Àwọn akẹ́kọ̀ọ́ ti mú ìwàdéèdèé àwọn àbájáde tí a fi ń mú ìwàdéèdèé, kí wọ́n máa wò ìgbésẹ̀ tí a fi ń mú ìwàdéèdèé nípa ìyípo ti òfúntútù.
- **Ìdí ìdáhùn (Discussion):** Lẹ́yìn ìdáhùn, olùkọ́ ti wá tún ṣe ìdánilójú pé àwọn ọ̀nà ìpínyà wo ni wọ́n lò ní oníkálukú ipò náà, kí wọ́n máa mọ̀ pé ọ̀gẹ̀dẹ̀ jẹ́ yẹ́lò, píàrù dùn, èpo ọ̀gẹ̀dẹ̀ dán, àti òròró ń gbóòórùn dídùn.

**Ìdí ìdáhùn tí ìṣòro C ń hàn:**
- **Ìdí ìdáhùn tí a fi ń mú ìwàdéèdèé (Demonstration-based learning):** Olùkọ́ ti pèsè ọ̀nà tí a máa tẹ̀lé àdàlù náà láti mú àwọn akẹ́kọ̀ọ́ láti múlò ìgbésẹ̀ tí a fi ń mú ìwàdéèdèé. Ní ète rẹ̀, wọ́n ti mú ìwàdéèdèé àwọn homonu àti ètò corpus luteum láti mú ìgbésẹ̀ tí a fi ń mú ìwàdéèdèé.
- **Ìdí ìdáhùn tí a fi ń mú ìwàdéèdèé (Hands-on activity):** Àwọn akẹ́kọ̀ọ́ ti mú ìwàdéèdèé àwọn àbájáde tí a fi ń mú ìwàdéèdèé, kí wọ́n máa wò ìgbésẹ̀ tí a fi ń mú ìwàdéèdèé nípa ìyípo ti òfúntútù.
- **Ìdí ìdáhùn (Discussion):** Lẹ́yìn ìdáhùn, olùkọ́ ti wá tún ṣe ìdánilójú pé àwọn ọ̀nà ìpínyà wo ni wọ́n lò ní oníkálukú ipò náà, kí wọ́n máa mọ̀ pé ọ̀gẹ̀dẹ̀ jẹ́ yẹ́lò, píàrù dùn, èpo ọ̀gẹ̀dẹ̀ dán, àti òròró ń gbóòórùn dídùn.

**Ìdí ìdáhùn tí ìṣòro C ń hàn:**
- **Ìdí ìdáhùn tí a fi ń mú ìwàdéèdèé (Demonstration-based learning):** Olùkọ́ ti pèsè ọ̀nà tí a máa tẹ̀lé àdàlù náà láti mú àwọn akẹ́kọ̀ọ́ láti múlò ìgbésẹ̀ tí a fi ń mú ìwàdéèdèé. Ní ète rẹ̀, wọ́n ti mú ìwàdéèdèé àwọn homonu àti ètò corpus luteum láti mú ìgbésẹ̀ tí a fi ń mú ìwàdéèdèé.
- **Ìdí ìdáhùn tí a fi ń mú ìwàdéèdèé (Hands-on activity):** Àwọn akẹ́kọ̀ọ́ ti mú ìwàdéèdèé àwọn àbájáde tí a fi ń mú ìwàdéèdèé, kí wọ́n máa wò ìgbésẹ̀ tí a fi ń mú ìwàdéèdèé nípa ìyípo ti òfúntútù.
- **Ìdí ìdáhùn (Discussion):** Lẹ́yìn ìdáhùn, olùkọ́ ti wá tún ṣe ìdánilójú pé àwọn ọ̀nà ìpínyà wo ni wọ́n lò ní oníkálukú ipò náà, kí wọ́n máa mọ̀ pé ọ̀gẹ̀dẹ̀ jẹ́ yẹ́lò, píàrù dùn, èpo ọ̀gẹ̀dẹ̀ dán, àti òròró ń gbóòórùn dídùn.

**Ìdí ìdáhùn tí ìṣòro C ń hàn:**
- **Ìdí ìdáhùn tí a fi ń mú ìwàdéèdèé (Demonstration-based learning):** Olùkọ́ ti pèsè ọ̀nà tí a máa tẹ̀lé àdàlù náà láti mú àwọn akẹ́kọ̀ọ́ láti múlò ìgbésẹ̀ tí a fi ń mú ìwàdéèdèé. Ní ète rẹ̀, wọ́n ti mú ìwàdéèdèé àwọn homonu àti ètò corpus luteum láti mú ìgbésẹ̀ tí a fi ń mú ìwàdéèdèé.
- **Ìdí ìdáhùn tí a fi ń mú ìwàdéèdèé (Hands-on activity):** Àwọn akẹ́kọ̀ọ́ ti mú ìwàdéèdèé àwọn àbájáde tí a fi ń mú ìwàdéèdèé, kí wọ́n máa wò ìgbésẹ̀ tí a fi ń mú ìwàdéèdèé nípa ìyípo ti òfúntútù.
- **Ìdí ìdáhùn (Discussion):** Lẹ́yìn ìdáhùn, olùkọ́ ti wá tún ṣe ìdánilójú pé àwọn ọ̀nà ìpínyà wo ni wọ́n lò ní oníkálukú ipò náà, kí wọ́n máa mọ̀ pé ọ̀gẹ̀dẹ̀ jẹ́ yẹ́lò, píàrù dùn, èpo ọ̀gẹ̀dẹ̀ dán, àti òròró ń gbóòórùn dídùn.

**Ìdí ìdáhùn tí ìṣòro C ń hàn:**
- **Ìdí ìdáhùn tí a fi ń mú ìwàdéèdèé (Demonstration-based learning):** Olùkọ́ ti pèsè ọ̀nà tí a máa tẹ̀lé àdàlù náà láti mú àwọn akẹ́kọ̀ọ́ láti múlò ìgbésẹ̀ tí a fi ń mú ìwàdéèdèé. Ní ète rẹ̀, wọ́n ti mú ìwàdéèdèé àwọn homonu àti ètò corpus luteum láti mú ìgbésẹ̀ tí a fi ń mú ìwàdéèdèé.
- **Ìdí ìdáhùn tí a fi ń mú ìwàdéèdèé (Hands-on activity):** Àwọn akẹ́kọ̀ọ́ ti mú ìwàdéèdèé àwọn àbájáde tí a fi ń mú ìwàdéèdèé, kí wọ́n máa wò ìgbésẹ̀ tí a fi ń mú ìwàdéèdèé nípa ìyípo ti òfúntútù.
- **Ìdí ìdáhùn (Discussion):** Lẹ́yìn ìdáhùn, olùkọ́ ti wá tún ṣe ìdánilójú pé àwọn ọ̀nà ìpínyà wo ni wọ́n lò ní oníkálukú ipò náà, kí wọ́n máa mọ̀ pé ọ̀gẹ̀dẹ̀ jẹ́ yẹ́lò, píàrù dùn, èpo ọ̀gẹ̀dẹ̀ dán, àti òròró ń gbóòórùn dídùn.

**Ìdí ìdáhùn tí ìṣòro C ń hàn:**
- **Ìdí ìdáhùn tí a fi ń mú ìwàdéèdèé (Demonstration-based learning):** Olùkọ́ ti pèsè ọ̀nà tí a máa tẹ̀lé àdàlù náà láti mú àwọn akẹ́kọ̀ọ́ láti múlò ìgbésẹ̀ tí a fi ń mú ìwàdéèdèé. Ní ète rẹ̀, wọ́n ti mú ìwàdéèdèé àwọn homonu àti ètò corpus luteum láti mú ìgbésẹ̀ tí a fi ń mú ìwàdéèdèé.
- **Ìdí ìdáhùn tí a fi ń mú ìwàdéèdèé (Hands-on activity):** Àwọn akẹ́kọ̀ọ́ ti mú ìwàdéèdèé àwọn àbájáde tí a fi ń mú ìwàdéèdèé, kí wọ́n máa wò ìgbésẹ̀ tí a fi ń mú ìwàdéèdèé nípa ìyípo ti òfúntútù.
- **Ìdí ìdáhùn (Discussion):** Lẹ́yìn ìdáhùn, olùkọ́ ti wá tún ṣe ìdánilójú pé àwọn ọ̀nà ìpínyà wo ni wọ́n lò ní oníkálukú ipò náà, kí wọ́n máa mọ̀ pé ọ̀gẹ̀dẹ̀ jẹ́ yẹ́lò, píàrù dùn, èpo ọ̀gẹ̀dẹ̀ dán, àti òròró ń gbóòórùn dídùn.

**Ìdí ìdáhùn tí ìṣòro C ń hàn:**
- **Ìdí ìdáhùn tí a fi ń mú ìwàdéèdèé (Demonstration-based learning):** Olùkọ́ ti pèsè ọ̀nà tí a máa tẹ̀lé àdàlù náà láti mú àwọn akẹ́kọ̀ọ́ láti múlò ìgbésẹ̀ tí a fi ń mú ìwàdéèdèé. Ní ète rẹ̀, wọ́n ti mú ìwàdéèdèé àwọn homonu àti ètò corpus luteum láti mú ìgbésẹ̀ tí a fi ń mú ìwàdéèdèé.
- **Ìdí ìdáhùn tí a fi ń mú ìwàdéèdèé (Hands-on activity):** Àwọn akẹ́kọ̀ọ́ ti mú ìwàdéèdèé àwọn àbájáde tí a fi ń mú ìwàdéèdèé, kí wọ́n máa wò ìgbésẹ̀ tí a fi ń mú ìwàdéèdèé nípa ìyípo ti òfúntútù.
- **Ìdí ìdáhùn (Discussion):** Lẹ́yìn ìdáhùn, olùkọ́ ti wá tún ṣe ìdánilójú pé àwọn ọ̀nà ìpínyà wo ni wọ́n lò ní oníkálukú ipò náà, kí wọ́n máa mọ̀ pé ọ̀gẹ̀dẹ̀ jẹ́ yẹ́lò, píàrù dùn, èpo ọ̀gẹ̀dẹ̀ dán, àti òròró ń gbóòórùn dídùn.

**Ìdí ìdáhùn tí ìṣòro C ń hàn:**
- **Ìdí ìdáhùn tí a fi ń mú ìwàdéèdèé (Demonstration-based learning):** Olùkọ́ ti pèsè ọ̀nà tí a máa tẹ̀lé àdàlù náà láti mú àwọn akẹ́kọ̀ọ́ láti múlò ìgbésẹ̀ tí a fi ń mú ìwàdéèdèé. Ní ète rẹ̀, wọ́n ti mú ìwàdéèdèé àwọn homonu àti ètò corpus luteum láti mú ìgbésẹ̀ tí a fi ń mú ìwàdéèdèé.
- **Ìdí ìdáhùn tí a fi ń mú ìwàdéèdèé (Hands-on activity):** Àwọn akẹ́kọ̀ọ́ ti mú ìwàdéèdèé àwọn àbájáde tí a fi ń mú ìwàdéèdèé, kí wọ́n máa wò ìgbésẹ̀ tí a fi ń mú ìwàdéèdèé nípa ìyípo ti òfúntútù.
- **Ìdí ìdáhùn (Discussion):** Lẹ́yìn ìdáhùn, olùkọ́ ti wá tún ṣe ìdánilójú pé àwọn ọ̀nà ìpínyà wo ni wọ́n lò ní oníkálukú ipò náà, kí wọ́n máa mọ̀ pé ọ̀gẹ̀dẹ̀ jẹ́ yẹ́lò, píàrù dùn, èpo ọ̀gẹ̀dẹ̀ dán, àti òròró ń gbóòórùn dídùn.

**Ìdí ìdáhùn tí ìṣòro C ń hàn:**
- **Ìdí ìdáhùn tí a fi ń mú ìwàdéèdèé (Demonstration-based learning):** Olùkọ́ ti pèsè ọ̀nà tí a máa tẹ̀lé àdàlù náà láti mú àwọn akẹ́kọ̀ọ́ láti múlò ìgbésẹ̀ tí a fi ń mú ìwàdéèdèé. Ní ète rẹ̀, wọ́n ti mú ìwàdéèdèé àwọn homonu àti ètò corpus luteum láti mú ìgbésẹ̀ tí a fi ń mú ìwàdéèdèé.
- **Ìdí ìdáhùn tí a fi ń mú ìwàdéèdèé (Hands-on activity):** Àwọn akẹ́kọ̀ọ́ ti mú ìwàdéèdèé àwọn àbájáde tí a fi ń mú ìwàdéèdèé, kí wọ́n máa wò ìgbésẹ̀ tí a fi ń mú ìwàdéèdèé nípa ìyípo ti òfúntútù.
- **Ìdí ìdáhùn (Discussion):** Lẹ́yìn ìdáhùn, olùkọ́ ti wá tún ṣe ìdánilójú pé àwọn ọ̀nà ìpínyà wo ni wọ́n lò ní oníkálukú ipò náà, kí wọ́n máa mọ̀ pé ọ̀gẹ̀dẹ̀ jẹ́ yẹ́lò, píàrù dùn, èpo ọ̀gẹ̀dẹ̀ dán, àti òròró ń gbóòórùn dídùn.

**Ìdí ìdáhùn tí ìṣòro C ń hàn:**
- **Ìdí ìdáhùn tí a fi ń mú ìwàdéèdèé (Demonstration-based learning):** Olùkọ́ ti pèsè ọ̀nà tí a máa tẹ̀lé àdàlù náà láti mú àwọn akẹ́kọ̀ọ́ láti múlò ìgbésẹ̀ tí a fi ń mú ìwàdéèdèé. Ní ète rẹ̀, wọ́n ti mú ìwàdéèdèé àwọn homonu àti ètò corpus luteum láti mú ìgbésẹ̀ tí a fi ń mú ìwàdéèdèé.
- **Ìdí ìdáhùn tí a fi ń mú ìwàdéèdèé (Hands-on activity):** Àwọn akẹ́kọ̀ọ́ ti mú ìwàdéèdèé àwọn àbájáde tí a fi ń mú ìwàdéèdèé, kí wọ́n máa wò ìgbésẹ̀ tí a fi ń mú ìwàdéèdèé nípa ìyípo ti òfúntútù.
- **Ìdí ìdáhùn (Discussion):** Lẹ́yìn ìdáhùn, olùkọ́ ti wá tún ṣe ìdánilójú pé àwọn ọ̀nà ìpínyà wo ni wọ́n lò ní oníkálukú ipò náà, kí wọ́n máa mọ̀ pé ọ̀gẹ̀dẹ̀ jẹ́ yẹ́lò, píàrù dùn, èpo ọ̀gẹ̀dẹ̀ dán, àti òròró ń gbóòórùn dídùn.

**Ìdí ìdáhùn tí ìṣòro C ń hàn:**
- **Ìdí ìdáhùn tí a fi ń mú ìwàdéèdèé (Demonstration-based learning):** Olùkọ́ ti pèsè ọ̀nà tí a máa tẹ̀lé àdàlù náà láti mú àwọn akẹ́kọ̀ọ́ láti múlò ìgbésẹ̀ tí a fi ń mú ìwàdéèdèé. Ní ète rẹ̀, wọ́n ti mú ìwàdéèdèé àwọn homonu àti ètò corpus luteum láti mú ìgbésẹ̀ tí a fi ń mú ìwàdéèdèé.
- **Ìdí ìdáhùn tí a fi ń mú ìwàdéèdèé (Hands-on activity):** Àwọn akẹ́kọ̀ọ́ ti mú ìwàdéèdèé àwọn àbájáde tí a fi ń mú ìwàdéèdèé, kí wọ́n máa wò ìgbésẹ̀ tí a fi ń mú ìwàdéèdèé nípa ìyípo ti òfúntútù.
- **Ìdí ìdáhùn (Discussion):** Lẹ́yìn ìdáhùn, olùkọ́ ti wá tún ṣe ìdánilójú pé àwọn ọ̀nà ìpínyà wo ni wọ́n lò ní oníkálukú ipò náà, kí wọ́n máa mọ̀ pé ọ̀gẹ̀dẹ̀ jẹ́ yẹ́lò, píàrù dùn, èpo ọ̀gẹ̀dẹ̀ dán, àti òròró ń gbóòórùn dídùn.

**Ìdí ìdáhùn tí ìṣòro C ń hàn:**
- **Ìdí ìdáhùn tí a fi ń mú ìwàdéèdèé (Demonstration-based learning):** Olùkọ́ ti pèsè ọ̀nà tí a máa tẹ̀lé àdàlù náà láti mú àwọn akẹ́kọ̀ọ́ láti múlò ìgbésẹ̀ tí a fi ń mú ìwàdéèdèé. Ní ète rẹ̀, wọ́n ti mú ìwàdéèdèé àwọn homonu àti ètò corpus luteum láti mú ìgbésẹ̀ tí a fi ń mú ìwàdéèdèé.
- **Ìdí ìdáhùn tí a fi ń mú ìwàdéèdèé (Hands-on activity):** Àwọn akẹ́kọ̀ọ́ ti mú ìwàdéèdèé àwọn àbájáde tí a fi ń mú ìwàdéèdèé, kí wọ́n máa wò ìgbésẹ̀ tí a fi ń mú ìwàdéèdèé nípa ìyípo ti òfúntútù.
- **Ìdí ìdáhùn (Discussion):** Lẹ́yìn ìdáhùn, olùkọ́ ti wá tún ṣe ìdánilójú pé àwọn ọ̀nà ìpínyà wo ni wọ́n lò ní oníkálukú ipò náà, kí wọ́n máa mọ̀ pé ọ̀gẹ̀dẹ̀ jẹ́ yẹ́lò, píàrù dùn, èpo ọ̀gẹ̀dẹ̀ dán, àti òròró ń gbóòórùn dídùn.

**Ìdí ìdáhùn tí ìṣòro C ń hàn:**
- **Ìdí ìdáhùn tí a fi ń mú ìwàdéèdèé (Demonstration-based learning):** Olùkọ́ ti pèsè ọ̀nà tí a máa tẹ̀lé àdàlù náà láti mú àwọn akẹ́kọ̀ọ́ láti múlò ìgbésẹ̀ tí a fi ń mú ìwàdéèdèé. Ní ète rẹ̀, wọ́n ti mú ìwàdéèdèé àwọn homonu àti ètò corpus luteum láti mú ìgbésẹ̀ tí a fi ń mú ìwàdéèdèé.
- **Ìdí ìdáhùn tí a fi ń mú ìwàdéèdèé (Hands-on activity):** Àwọn akẹ́kọ̀ọ́ ti mú ìwàdéèdèé àwọn àbájáde tí a fi ń mú ìwàdéèdèé, kí wọ́n máa wò ìgbésẹ̀ tí a fi ń mú ìwàdéèdèé nípa ìyípo ti òfúntútù.
- **Ìdí ìdáhùn (Discussion):** Lẹ́yìn ìdáhùn, olùkọ́ ti wá tún ṣe ìdánilójú pé àwọn ọ̀nà ìpínyà wo ni wọ́n lò ní oníkálukú ipò náà, kí wọ́n máa mọ̀ pé ọ̀gẹ̀dẹ̀ jẹ́ yẹ́lò, píàrù dùn, èpo ọ̀gẹ̀dẹ̀ dán, àti òròró ń gbóòórùn dídùn.

**Ìdí ìdáhùn tí ìṣòro C ń hàn:**
- **Ìdí ìdáhùn tí a fi ń mú ìwàdéèdèé (Demonstration-based learning):** Olùkọ́ ti pèsè ọ̀nà tí a máa tẹ̀lé àdàlù náà láti mú àwọn akẹ́kọ̀ọ́ láti múlò ìgbésẹ̀ tí a fi ń mú ìwàdéèdèé. Ní ète rẹ̀, wọ́n ti mú ìwàdéèdèé àwọn homonu àti ètò corpus luteum láti mú ìgbésẹ̀ tí a fi ń mú ìwàdéèdèé.
- **Ìdí ìdáhùn tí a fi ń mú ìwàdéèdèé (Hands-on activity):** Àwọn akẹ́kọ̀ọ́ ti mú ìwàdéèdèé àwọn àbájáde tí a fi ń mú ìwàdéèdèé, kí wọ́n máa wò ìgbésẹ̀ tí a fi ń mú ìwàdéèdèé nípa ìyípo ti òfúntútù.
- **Ìdí ìdáhùn (Discussion):** Lẹ́yìn ìdáhùn, olùkọ́ ti wá tún ṣe ìdánilójú pé àwọn ọ̀nà ìpínyà wo ni wọ́n lò ní oníkálukú ipò náà, kí wọ́n máa mọ̀ pé ọ̀gẹ̀dẹ̀ jẹ́ yẹ́lò, píàrù dùn, èpo ọ̀gẹ̀dẹ̀ dán, àti òròró ń gbóòórùn dídùn.

**Ìdí ìdáhùn tí ìṣòro C ń hàn:**
- **Ìdí ìdáhùn tí a fi ń mú ìwàdéèdèé (Demonstration-based learning):** Olùkọ́ ti pèsè ọ̀nà tí a máa tẹ̀lé àdàlù náà láti mú àwọn akẹ́kọ̀ọ́ láti múlò ìgbésẹ̀ tí a fi ń mú ìwàdéèdèé. Ní ète r",True,223.15597700001672,11744,8670,477.0
C,"**Explanation of the Correct Answer (D):**

**Option D:** *Soledad is playing with dolls and says, ""She is sleeping!""*  
This activity demonstrates a child's **cognitive understanding of their environment** through **role-play**. By assigning a state (sleeping) to a doll, Soledad shows she can **recognize and represent real-world concepts** (like rest or inactivity) in a symbolic way. This reflects an ability to **interpret and internalize environmental cues**, which is a key part of early childhood learning. The child is not just imitating actions but **constructing meaning** from their surroundings.

---

**Why the Other Options Are Incorrect:**

- **Option A:** *Santiago climbs stairs during a school trip.*  
  This is a **physical activity** that develops motor skills but does not require or demonstrate **conceptual understanding** of the environment. It’s about **physical ability**, not cognitive engagement with the surroundings.

- **Option B:** *Pablo sees his reflection and says, ""Hello, Pablo!""*  
  While this shows **self-awareness** (recognizing oneself in a mirror), it does not necessarily indicate an understanding of the **environment**. The focus is on **self-identity**, not the broader context of the environment.

- **Option C:** *María cleans the classroom and picks up toys.*  
  This activity reflects **responsibility** and **compliance with instructions**, but it is more about **behavioral training** than **environmental comprehension**. The child is following rules, not interpreting or representing environmental concepts.

---

**Key Takeaway:**  
The correct answer (D) aligns with **Piaget’s theory of cognitive development**, where preschoolers learn through **symbolic play** (using objects to represent other things). By assigning a ""sleeping"" state to a doll, Soledad shows she can **abstractly represent real-world phenomena**, which is a critical step in understanding their environment. The other options focus on physical actions or self-awareness, which are less indicative of environmental comprehension.",True,7.614371100207791,3796,841,
A,"

**Ọ̀pẹ̀lẹ̀: D**

**Ìdílẹ̀:**
Fludarabine jẹ́ ẹ̀nsímù DNA tí ó ní ìwọ̀n **nukléósídì** (nucleoside analog) tí ó ń múlò sí ìṣẹ̀dá DNA nígbà tí wọn ń mú ìwàdéèdèé DNA. Ìwọ̀n wọn nukléósídì wọ̀nyí jẹ́ láti múlò sí ìṣẹ̀dá DNA nípa **ìṣẹ̀dá DNA polymerase**, tí ó ń kópa ní ìṣẹ̀dá DNA. Fludarabine, tí ó jẹ́ ẹ̀nsímù deoxyadenosine, lè **ṣeé ìṣẹ̀dá DNA** nígbà tí wọn ń múlò sí ìṣẹ̀dá DNA, nítorí pé ó kò ní **-OH (hydroxyl group)** ní ipò 3' tí ó lè múlò sí ìṣẹ̀dá DNA. Nítorí náà, nígbà tí wọn ń múlò Fludarabine sí DNA, ó kò lè múlò sí ìṣẹ̀dá DNA nítorí pé kò ní -OH láti múlò sí ìṣẹ̀dá DNA, kọ̀ọ̀kan **ṣeé ìṣẹ̀dá DNA** (chain termination). 

**Ìdílẹ̀ àwọn ìpẹ̀lẹ̀ ìdílẹ̀:**
- **A.** Fludarabine kò ní ìwọ̀n múlò sí ìṣẹ̀dá RNA polymerase. RNA polymerase ń kópa ní ìṣẹ̀dá RNA, àmì Fludarabine ń múlò sí ìṣẹ̀dá DNA, kọ̀ọ̀kan kò ní ìwọ̀n múlò sí RNA.
- **B.** Kò ní ìwọ̀n múlò sí àwọn ìdè DNA láti kúrò lára. Fludarabine kò ní ìwọ̀n múlò sí àwọn ìdè DNA, kọ̀ọ̀kan ń múlò sí ìṣẹ̀dá DNA nítorí pé ó ń múlò sí ìṣẹ̀dá DNA polymerase.
- **C.** DNA ligase ń kópa ní ìṣẹ̀dá DNA nítorí pé ó ń múlò sí àwọn ìdè DNA ní àgbalùmọ̀. Fludarabine kò ní ìwọ̀n múlò sí DNA ligase, kọ̀ọ̀kan ń múlò sí ìṣẹ̀dá DNA polymerase nítorí pé ó ń múlò sí ìṣẹ̀dá DNA.
- **D.** (Ọ̀pẹ̀lẹ̀) Fludarabine ń múlò sí ìṣẹ̀dá DNA nítorí pé ó ń múlò sí ìṣẹ̀dá DNA polymerase, kọ̀ọ̀kan ń múlò sí ìṣẹ̀dá DNA nítorí pé kò ní -OH láti múlò sí ìṣẹ̀dá DNA, kọ̀ọ̀kan **ṣeé ìṣẹ̀dá DNA** (chain termination). 

**Ìdílẹ̀ ìṣàwárí:**
Fludarabine ń múlò sí ìṣẹ̀dá DNA nítorí pé ó ń múlò sí ìṣẹ̀dá DNA polymerase, kọ̀ọ̀kan ń múlò sí ìṣẹ̀dá DNA nítorí pé kò ní -OH láti múlò sí ìṣẹ̀dá DNA, kọ̀ọ̀kan **ṣeé ìṣẹ̀dá DNA** (chain termination). Nítorí náà, ọ̀pẹ̀lẹ̀ D jẹ́ ọ̀pẹ̀lẹ̀ tí ó dára.",True,37.005198600003496,4476,1500,497.0
B,"

**Ọ̀nà tí ó tọ́ jùlọ láti mú àfojúsùn ẹ̀kọ́ náà ṣẹ dáadáa:**

**A. Ṣe tò àwọn ara ọ̀run lórí tábìlì láti èyí tó kéré jù lọ sí èyí tó tóbi jù lọ, tí a sì ń fún àwọn akẹ́kọ̀ọ́ níṣìírí láti pọ́ntírí àfiyèsí wọn sí bí wọ́n ṣe tò lọ dípò àwọn àkóónú nọ́ńbà wọn.**

**Ìdáhùn:**
- **Ọ̀nà A** jẹ́ ọ̀nà tí ó tọ́ jùlọ, nítorí pé ẹ̀kọ́ tí ọmọdé kékeré (preschool) máa fi ìṣẹ́-ìgbéléwò láti mú ìwàdéèdèé wọn sí ìwọ̀n. Ní àwọn ẹgbẹ́, ọmọdé máa ṣe ìgbéléwò nípa àwọn ẹ̀yà tí ó ní ìwọ̀n kéré àti tóbi, kí wọn lè ní ìwàdéèdèé wọn sí ìwọ̀n láti inú ẹ̀ka. Ìgbéléwò náà (ṣe tò àwọn ara ọ̀run) jẹ́ ọ̀nà tí ó mú wọn láti múlò ìwàdéèdèé wọn sí ìwọ̀n pẹ̀lú àwọn ìṣẹ̀lẹ̀ tí wọn máa ń ṣe, bíi àwọn ọmọdé nílò láti múlò pé ""ìwọ̀n kéré"" àti ""ìwọ̀n tóbi"" nítorí pé wọn ń wò àwọn ẹ̀yà láti inú tábìlì. 

**Ìdáhùn nípa àwọn ọ̀nà wọn:**
- **B** (radius) àti **D** (science notebook) jẹ́ ọ̀nà tí ó ní àwọn ìṣẹ́ tí ọmọdé kékeré kò máa ń ṣe, nítorí pé wọn kò ní ìwàdéèdèé láti múlò pé wọn máa ń kó àwọn ẹ̀yà tí ó ní ìwàdéèdèé sáyẹ́ǹsì. 
- **C** (phrases like ""Bigger than..."") jẹ́ ọ̀nà tí ó múlò ìwàdéèdèé wọn sí ìwọ̀n, kínni kò mú wọn láti múlò pé wọn máa ń ṣe ìgbéléwò pẹ̀lú tábìlì, bíi wọn ń wò àwọn ẹ̀yà láti inú tábìlì.

**Ìṣẹ́-ṣíṣe:**
- Ọ̀nà **A** mú wọn láti múlò ìwàdéèdèé wọn sí ìwọ̀n pẹ̀lú ìgbéléwò tí ó mú wọn láti múlò pé wọn máa ń ṣe ìgbéléwò nípa àwọn ẹ̀yà tí ó ní ìwàdéèdèé kéré àti tóbi. Nítorí pé ọmọdé kékeré máa ń múlò ìwàdéèdèé wọn sí ìwọ̀n láti inú ẹ̀ka, ọ̀nà náà jẹ́ ọ̀nà tí ó mú wọn láti múlò pé wọn máa ń ṣe ìgbéléwò nípa àwọn ẹ̀yà tí ó ní ìwàdéèdèé kéré àti tóbi. 

**Ìṣẹ́-ṣíṣe:**
- Ọ̀nà **A** jẹ́ ọ̀nà tí ó mú wọn láti múlò ìwàdéèdèé wọn sí ìwọ̀n pẹ̀lú ìgbéléwò tí ó mú wọn láti múlò pé wọn máa ń ṣe ìgbéléwò nípa àwọn ẹ̀yà tí ó ní ìwàdéèdèé kéré àti tóbi. Nítorí pé ọmọdé kékeré máa ń múlò ìwàdéèdèé wọn sí ìwọ̀n láti inú ẹ̀ka, ọ̀nà náà jẹ́ ọ̀nà tí ó mú wọn láti múlò pé wọn máa ń ṣe ìgbéléwò nípa àwọn ẹ̀yà tí ó ní ìwàdéèdèé kéré àti tóbi. 

**Ìṣẹ́-ṣíṣe:**
- Ọ̀nà **A** jẹ́ ọ̀nà tí ó mú wọn láti múlò ìwàdéèdèé wọn sí ìwọ̀n pẹ̀lú ìgbéléwò tí ó mú wọn láti múlò pé wọn máa ń ṣe ìgbéléwò nípa àwọn ẹ̀yà tí ó ní ìwàdéèdèé kéré àti tóbi. Nítorí pé ọmọdé kékeré máa ń múlò ìwàdéèdèé wọn sí ìwọ̀n láti inú ẹ̀ka, ọ̀nà náà jẹ́ ọ̀nà tí ó mú wọn láti múlò pé wọn máa ń ṣe ìgbéléwò nípa àwọn ẹ̀yà tí ó ní ìwàdéèdèé kéré àti tóbi. 

**Ìṣẹ́-ṣíṣe:**
- Ọ̀nà **A** jẹ́ ọ̀nà tí ó mú wọn láti múlò ìwàdéèdèé wọn sí ìwọ̀n pẹ̀lú ìgbéléwò tí ó mú wọn láti múlò pé wọn máa ń ṣe ìgbéléwò nípa àwọn ẹ̀yà tí ó ní ìwàdéèdèé kéré àti tóbi. Nítorí pé ọmọdé kékeré máa ń múlò ìwàdéèdèé wọn sí ìwọ̀n láti inú ẹ̀ka, ọ̀nà náà jẹ́ ọ̀nà tí ó mú wọn láti múlò pé wọn máa ń ṣe ìgbéléwò nípa àwọn ẹ̀yà tí ó ní ìwàdéèdèé kéré àti tóbi. 

**Ìṣẹ́-ṣíṣe:**
- Ọ̀nà **A** jẹ́ ọ̀nà tí ó mú wọn láti múlò ìwàdéèdèé wọn sí ìwọ̀n pẹ̀lú ìgbéléwò tí ó mú wọn láti múlò pé wọn máa ń ṣe ìgbéléwò nípa àwọn ẹ̀yà tí ó ní ìwàdéèdèé kéré àti tóbi. Nítorí pé ọmọdé kékeré máa ń múlò ìwàdéèdèé wọn sí ìwọ̀n láti inú ẹ̀ka, ọ̀nà náà jẹ́ ọ̀nà tí ó mú wọn láti múlò pé wọn máa ń ṣe ìgbéléwò nípa àwọn ẹ̀yà tí ó ní ìwàdéèdèé kéré àti tóbi. 

**Ìṣẹ́-ṣíṣe:**
- Ọ̀nà **A** jẹ́ ọ̀nà tí ó mú wọn láti múlò ìwàdéèdèé wọn sí ìwọ̀n pẹ̀lú ìgbéléwò tí ó mú wọn láti múlò pé wọn máa ń ṣe ìgbéléwò nípa àwọn ẹ̀yà tí ó ní ìwàdéèdèé kéré àti tóbi. Nítorí pé ọmọdé kékeré máa ń múlò ìwàdéèdèé wọn sí ìwọ̀n láti inú ẹ̀ka, ọ̀nà náà jẹ́ ọ̀nà tí ó mú wọn láti múlò pé wọn máa ń ṣe ìgbéléwò nípa àwọn ẹ̀yà tí ó ní ìwàdéèdèé kéré àti tóbi. 

**Ìṣẹ́-ṣíṣe:**
- Ọ̀nà **A** jẹ́ ọ̀nà tí ó mú wọn láti múlò ìwàdéèdèé wọn sí ìwọ̀n pẹ̀lú ìgbéléwò tí ó mú wọn láti múlò pé wọn máa ń ṣe ìgbéléwò nípa àwọn ẹ̀yà tí ó ní ìwàdéèdèé kéré àti tóbi. Nítorí pé ọmọdé kékeré máa ń múlò ìwàdéèdèé wọn sí ìwọ̀n láti inú ẹ̀ka, ọ̀nà náà jẹ́ ọ̀nà tí ó mú wọn láti múlò pé wọn máa ń ṣe ìgbéléwò nípa àwọn ẹ̀yà tí ó ní ìwàdéèdèé kéré àti tóbi. 

**Ìṣẹ́-ṣíṣe:**
- Ọ̀nà **A** jẹ́ ọ̀nà tí ó mú wọn láti múlò ìwàdéèdèé wọn sí ìwọ̀n pẹ̀lú ìgbéléwò tí ó mú wọn láti múlò pé wọn máa ń ṣe ìgbéléwò nípa àwọn ẹ̀yà tí ó ní ìwàdéèdèé kéré àti tóbi. Nítorí pé ọmọdé kékeré máa ń múlò ìwàdéèdèé wọn sí ìwọ̀n láti inú ẹ̀ka, ọ̀nà náà jẹ́ ọ̀nà tí ó mú wọn láti múlò pé wọn máa ń ṣe ìgbéléwò nípa àwọn ẹ̀yà tí ó ní ìwàdéèdèé kéré àti tóbi. 

**Ìṣẹ́-ṣíṣe:**
- Ọ̀nà **A** jẹ́ ọ̀nà tí ó mú wọn láti múlò ìwàdéèdèé wọn sí ìwọ̀n pẹ̀lú ìgbéléwò tí ó mú wọn láti múlò pé wọn máa ń ṣe ìgbéléwò nípa àwọn ẹ̀yà tí ó ní ìwàdéèdèé kéré àti tóbi. Nítorí pé ọmọdé kékeré máa ń múlò ìwàdéèdèé wọn sí ìwọ̀n láti inú ẹ̀ka, ọ̀nà náà jẹ́ ọ̀nà tí ó mú wọn láti múlò pé wọn máa ń ṣe ìgbéléwò nípa àwọn ẹ̀yà tí ó ní ìwàdéèdèé kéré àti tóbi. 

**Ìṣẹ́-ṣíṣe:**
- Ọ̀nà **A** jẹ́ ọ̀nà tí ó mú wọn láti múlò ìwàdéèdèé wọn sí ìwọ̀n pẹ̀lú ìgbéléwò tí ó mú wọn láti múlò pé wọn máa ń ṣe ìgbéléwò nípa àwọn ẹ̀yà tí ó ní ìwàdéèdèé kéré àti tóbi. Nítorí pé ọmọdé kékeré máa ń múlò ìwàdéèdèé wọn sí ìwọ̀n láti inú ẹ̀ka, ọ̀nà náà jẹ́ ọ̀nà tí ó mú wọn láti múlò pé wọn máa ń ṣe ìgbéléwò nípa àwọn ẹ̀yà tí ó ní ìwàdéèdèé kéré àti tóbi. 

**Ìṣẹ́-ṣíṣe:**
- Ọ̀nà **A** jẹ́ ọ̀nà tí ó mú wọn láti múlò ìwàdéèdèé wọn sí ìwọ̀n pẹ̀lú ìgbéléwò tí ó mú wọn láti múlò pé wọn máa ń ṣe ìgbéléwò nípa àwọn ẹ̀yà tí ó ní ìwàdéèdèé kéré àti tóbi. Nítorí pé ọmọdé kékeré máa ń múlò ìwàdéèdèé wọn sí ìwọ̀n láti inú ẹ̀ka, ọ̀nà náà jẹ́ ọ̀nà tí ó mú wọn láti múlò pé wọn máa ń ṣe ìgbéléwò nípa àwọn ẹ̀yà tí ó ní ìwàdéèdèé kéré àti tóbi. 

**Ìṣẹ́-ṣíṣe:**
- Ọ̀nà **A** jẹ́ ọ̀nà tí ó mú wọn láti múlò ìwàdéèdèé wọn sí ìwọ̀n pẹ̀lú ìgbéléwò tí ó mú wọn láti múlò pé wọn máa ń ṣe ìgbéléwò nípa àwọn ẹ̀yà tí ó ní ìwàdéèdèé kéré àti tóbi. Nítorí pé ọmọdé kékeré máa ń múlò ìwàdéèdèé wọn sí ìwọ̀n láti inú ẹ̀ka, ọ̀nà náà jẹ́ ọ̀nà tí ó mú wọn láti múlò pé wọn máa ń ṣe ìgbéléwò nípa àwọn ẹ̀yà tí ó ní ìwàdéèdèé kéré àti tóbi. 

**Ìṣẹ́-ṣíṣe:**
- Ọ̀nà **A** jẹ́ ọ̀nà tí ó mú wọn láti múlò ìwàdéèdèé wọn sí ìwọ̀n pẹ̀lú ìgbéléwò tí ó mú wọn láti múlò pé wọn máa ń ṣe ìgbéléwò nípa àwọn ẹ̀yà tí ó ní ìwàdéèdèé kéré àti tóbi. Nítorí pé ọmọdé kékeré máa ń múlò ìwàdéèdèé wọn sí ìwọ̀n láti inú ẹ̀ka, ọ̀nà náà jẹ́ ọ̀nà tí ó mú wọn láti múlò pé wọn máa ń ṣe ìgbéléwò nípa àwọn ẹ̀yà tí ó ní ìwàdéèdèé kéré àti tóbi. 

**Ìṣẹ́-ṣíṣe:**
- Ọ̀nà **A** jẹ́ ọ̀nà tí ó mú wọn láti múlò ìwàdéèdèé wọn sí ìwọ̀n pẹ̀lú ìgbéléwò tí ó mú wọn láti múlò pé wọn máa ń ṣe ìgbéléwò nípa àwọn ẹ̀yà tí ó ní ìwàdéèdèé kéré àti tóbi. Nítorí pé ọmọdé kékeré máa ń múlò ìwàdéèdèé wọn sí ìwọ̀n láti inú ẹ̀ka, ọ̀nà náà jẹ́ ọ̀nà tí ó mú wọn láti múlò pé wọn máa ń ṣe ìgbéléwò nípa àwọn ẹ̀yà tí ó ní ìwàdéèdèé kéré àti tóbi. 

**Ìṣẹ́-ṣíṣe:**
- Ọ̀nà **A** jẹ́ ọ̀nà tí ó mú wọn láti múlò ìwàdéèdèé wọn sí ìwọ̀n pẹ̀lú ìgbéléwò tí ó mú wọn láti múlò pé wọn máa ń ṣe ìgbéléwò nípa àwọn ẹ̀yà tí ó ní ìwàdéèdèé kéré àti tóbi. Nítorí pé ọmọdé kékeré máa ń múlò ìwàdéèdèé wọn sí ìwọ̀n láti inú ẹ̀ka, ọ̀nà náà jẹ́ ọ̀nà tí ó mú wọn láti múlò pé wọn máa ń ṣe ìgbéléwò nípa àwọn ẹ̀yà tí ó ní ìwàdéèdèé kéré àti tóbi. 

**Ìṣẹ́-ṣíṣe:**
- Ọ̀nà **A** jẹ́ ọ̀nà tí ó mú wọn láti múlò ìwàdéèdèé wọn sí ìwọ̀n pẹ̀lú ìgbéléwò tí ó mú wọn láti múlò pé wọn máa ń ṣe ìgbéléwò nípa àwọn ẹ̀yà tí ó ní ìwàdéèdèé kéré àti tóbi. Nítorí pé ọmọdé kékeré máa ń múlò ìwàdéèdèé wọn sí ìwọ̀n láti inú ẹ̀ka, ọ̀nà náà jẹ́ ọ̀nà tí ó mú wọn láti múlò pé wọn máa ń ṣe ìgbéléwò nípa àwọn ẹ̀yà tí ó ní ìwàdéèdèé kéré àti tóbi. 

**Ìṣẹ́-ṣíṣe:**
- Ọ̀nà **A** jẹ́ ọ̀nà tí ó mú wọn láti múlò ìwàdéèdèé wọn sí ìwọ̀n pẹ̀lú ìgbéléwò tí ó mú wọn láti múlò pé wọn máa ń ṣe ìgbéléwò nípa àwọn ẹ̀yà tí ó ní ìwàdéèdèé kéré àti tóbi. Nítorí pé ọmọdé kékeré máa ń múlò ìwàdéèdèé wọn sí ìwọ̀n láti inú ẹ̀ka, ọ̀nà náà jẹ́ ọ̀nà tí ó mú wọn láti múlò pé wọn máa ń ṣe ìgbéléwò nípa àwọn ẹ̀yà tí ó ní ìwàdéèdèé kéré àti tóbi. 

**Ìṣẹ́-ṣíṣe:**
- Ọ̀nà **A** jẹ́ ọ̀nà tí ó mú wọn láti múlò ìwàdéèdèé wọn sí ìwọ̀n pẹ̀lú ìgbéléwò tí ó mú wọn láti múlò pé wọn máa ń ṣe ìgbéléwò nípa àwọn ẹ̀yà tí ó ní ìwàdéèdèé kéré àti tóbi. Nítorí pé ọmọdé kékeré máa ń múlò ìwàdéèdèé wọn sí ìwọ̀n láti inú ẹ̀ka, ọ̀nà náà jẹ́ ọ̀nà tí ó mú wọn láti múlò pé wọn máa ń ṣe ìgbéléwò nípa àwọn ẹ̀yà tí ó ní ìwàdéèdèé kéré àti tóbi. 

**Ìṣẹ́-ṣíṣe:**
- Ọ̀nà **A** jẹ́ ọ̀nà tí ó mú wọn láti múlò ìwàdéèdèé wọn sí ìwọ̀n pẹ̀lú ìgbéléwò tí ó mú wọn láti múlò pé wọn máa ń ṣe ìgbéléwò nípa àwọn ẹ̀yà tí ó ní ìwàdéèdèé kéré àti tóbi. Nítorí pé ọmọdé kékeré máa ń múlò ìwàdéèdèé wọn sí ìwọ̀n láti inú ẹ̀ka, ọ̀nà náà jẹ́ ọ̀nà tí ó mú wọn láti múlò pé wọn máa ń ṣe ìgbéléwò nípa àwọn ẹ̀yà tí ó ní ìwàdéèdèé kéré àti tóbi. 

**Ìṣẹ́-ṣíṣe:**
- Ọ̀nà **A** jẹ́ ọ̀nà tí ó mú wọn láti múlò ìwàdéèdèé wọn sí ìwọ̀n pẹ̀lú ìgbéléwò tí ó mú wọn láti múlò pé wọn máa ń ṣe ìgbéléwò nípa àwọn ẹ̀yà tí ó ní ìwàdéèdèé kéré àti tóbi. Nítorí pé ọmọdé kékeré máa ń múlò ìwàdéèdèé wọn sí ìwọ̀n láti inú ẹ̀ka, ọ̀nà náà jẹ́ ọ̀nà tí ó mú wọn láti múlò pé wọn máa ń ṣe ìgbéléwò nípa àwọn ẹ̀yà tí ó ní ìwàdéèdèé kéré àti tóbi. 

**Ìṣẹ́-ṣíṣe:**
- Ọ̀nà **A** jẹ́ ọ̀nà tí ó mú wọn láti múlò ìwàdéèdèé wọn sí ìwọ̀n pẹ̀lú ìgbéléwò tí ó mú wọn láti múlò pé wọn máa ń ṣe ìgbéléwò nípa àwọn ẹ̀yà tí ó ní ìwàdéèdèé kéré àti tóbi. Nítorí pé ọmọdé kékeré máa ń múlò ìwàdéèdèé wọn sí ìwọ̀n láti inú ẹ̀ka, ọ̀nà náà jẹ́ ọ̀nà tí ó mú wọn láti múlò pé wọn máa ń ṣe ìgbéléwò nípa àwọn ẹ̀yà tí ó ní ìwàdéèdèé kéré àti tóbi. 

**Ìṣẹ́-ṣíṣe:**
- Ọ̀nà **A** jẹ́ ọ̀nà tí ó mú wọn láti múlò ìwàdéèdèé wọn sí ìwọ̀n pẹ̀lú ìgbéléwò tí ó mú wọn láti múlò pé wọn máa ń ṣe ìgbéléwò nípa àwọn ẹ̀yà tí ó ní ìwàdéèdèé kéré àti tóbi. Nítorí pé ọmọdé kékeré máa ń múlò ìwàdéèdèé wọn sí ìwọ̀n láti inú ẹ̀ka, ọ̀nà náà jẹ́ ọ̀nà tí ó mú wọn láti múlò pé wọn máa ń ṣe ìgbéléwò nípa àwọn ẹ̀yà tí ó ní ìwàdéèdèé kéré àti tóbi. 

**Ìṣẹ́-ṣíṣe:**
- Ọ̀nà **A** jẹ́ ọ̀nà tí ó mú wọn láti múlò ìwàdéèdèé wọn sí ìwọ̀n pẹ̀lú ìgbéléwò tí ó mú wọn láti múlò pé wọn máa ń ṣe ìgbéléwò nípa àwọn ẹ̀yà tí ó ní ìwàdéèdèé kéré àti tóbi. Nítorí pé ọmọdé kékeré máa ń múlò ìwàdéèdèé wọn sí ìwọ̀n láti inú ẹ̀ka, ọ̀nà náà jẹ́ ọ̀nà tí ó mú wọn láti múlò pé wọn máa ń ṣe ìgbéléwò nípa àwọn ẹ̀yà tí ó ní ìwàdéèdèé kéré àti tóbi. 

**Ìṣẹ́-ṣíṣe:**
- Ọ̀nà **A** jẹ́ ọ̀nà tí ó mú wọn láti múlò ìwàdéèdèé wọn sí ìwọ̀n pẹ̀lú ìgbéléwò tí ó mú wọn láti múlò pé wọn máa ń ṣe ìgbéléwò nípa àwọn ẹ̀yà tí ó ní ìwàdéèdèé kéré àti tóbi. Nítorí pé ọmọdé kékeré máa ń múlò ìwàdéèdèé wọn sí ìwọ̀n láti inú ẹ̀ka, ọ̀nà náà jẹ́ ọ̀nà tí ó mú wọn láti múlò pé wọn máa ń ṣe ìgbéléwò nípa àwọn ẹ̀yà tí ó ní ìwàdéèdèé kéré àti tóbi. 

**Ìṣẹ́-ṣíṣe:**
- Ọ̀nà **A** jẹ́ ọ̀nà tí ó mú wọn láti múlò ìwàdéèdèé wọn sí ìwọ̀n pẹ̀lú ìgbéléwò tí ó mú wọn láti múlò pé wọn máa ń ṣe ìgbéléwò nípa àwọn ẹ̀yà tí ó ní ìwàdéèdèé kéré àti tóbi. Nítorí pé ọmọdé kékeré máa ń múlò ìwàdéèdèé wọn sí ìwọ̀n láti inú ẹ̀ka, ọ̀nà náà jẹ́ ọ̀nà tí ó mú wọn láti múlò pé wọn máa ń ṣe ìgbéléwò nípa àwọn ẹ̀yà tí ó ní ìwàdéèdèé kéré àti tóbi. 

**Ìṣẹ́-ṣíṣe:**
- Ọ̀nà **A** jẹ́ ọ̀nà tí ó mú wọn láti múlò ìwàdéèdèé wọn sí ìwọ̀n pẹ̀lú ìgbéléwò tí ó mú wọn láti múlò pé wọn máa ń ṣe ìgbéléwò nípa àwọn ẹ̀yà tí ó ní ìwàdéèdèé kéré àti tóbi. Nítorí pé ọmọdé kékeré máa ń múlò ìwàdéèdèé wọn sí ìwọ̀n láti inú ẹ̀ka, ọ̀nà náà jẹ́ ọ̀nà tí ó mú wọn láti múlò pé wọn máa ń ṣe ìgbéléwò nípa àwọn ẹ̀yà tí ó ní ìwàdéèdèé kéré àti tóbi. 

**Ìṣẹ́-ṣíṣe:**
- Ọ̀nà **A** jẹ́ ọ̀nà tí ó mú wọn láti múlò ìwàdéèdèé wọn sí ìwọ̀n pẹ̀lú ìgbéléwò tí ó mú wọn láti múlò pé wọn máa ń ṣe ìgbéléwò nípa àwọn ẹ̀yà tí ó ní ìwàdéèdèé kéré àti tóbi. Nítorí pé ọmọdé kékeré máa ń múlò ìwàdéèdèé wọn sí ìwọ̀n láti inú ẹ̀ka, ọ̀nà náà jẹ́ ọ̀nà tí ó mú wọn láti múlò pé wọn máa ń ṣe ìgbéléwò nípa àwọn ẹ̀yà tí ó ní ìwàdéèdèé kéré àti tóbi. 

**Ìṣẹ́-ṣíṣe:**
- Ọ̀nà **A** jẹ́ ọ̀nà tí ó mú wọn láti múlò ìwàdéèdèé wọn sí ìwọ̀n pẹ̀lú ìgbéléwò tí ó mú wọn láti múlò pé wọn máa ń ṣe ìgbéléwò nípa àwọn ẹ̀yà tí ó ní ìwàdéèdèé kéré àti tóbi. Nítorí pé ọmọdé kékeré máa ń múlò ìwàdéèdèé wọn sí ìwọ̀n láti inú ẹ̀ka, ọ̀nà náà jẹ́ ọ̀nà tí ó mú wọn láti múlò pé wọn máa ń ṣe ìgbéléwò nípa àwọn ẹ̀yà tí ó ní ìwàdéèdèé kéré àti tóbi. 

**Ìṣẹ́-ṣíṣe:**
- Ọ̀nà **A** jẹ́ ọ̀nà tí ó mú wọn láti múlò ìwàdéèdèé wọn sí ìwọ̀n pẹ̀lú ìgbéléwò tí ó mú wọn láti múlò pé wọn máa ń ṣe ìgbéléwò nípa àwọn ẹ̀yà tí ó ní ìwàdéèdèé kéré àti tóbi. Nítorí pé ọmọdé kékeré máa ń múlò ìwàdéèdèé wọn sí ìwọ̀n láti inú ẹ̀ka, ọ̀nà náà jẹ́ ọ̀nà tí ó mú wọn láti múlò pé wọn máa ń ṣe ìgbéléwò nípa àwọn ẹ̀yà tí ó ní ìwàdéèdèé kéré àti tóbi. 

**Ìṣẹ́-ṣíṣe:**
- Ọ̀nà **A** jẹ́ ọ̀nà tí ó mú wọn láti múlò ìwàdéèdèé wọn sí ìwọ̀n pẹ̀lú ìgbéléwò tí ó mú wọn láti múlò pé wọn máa ń ṣe ìgbéléwò nípa àwọn ẹ̀yà tí ó ní ìwàdéèdèé kéré àti tóbi. Nítorí pé ọmọdé kékeré máa ń múlò ìwàdéèdèé wọn sí ìwọ̀n láti inú ẹ̀ka, ọ̀nà",True,212.83435159991495,11835,8680,487.0
B,"**Dáhùn ìbéèrè gidi nìkan:**

**C. Wọ́n ṣàlàyé bí ìtẹ̀síwájú nínú ẹ̀rọ ìmọ̀-ẹ̀rọ ṣe fàyè gbà ìwọ̀n-wíwọ̀n tí ó péye sí i nínú wíwọnye ìwọ̀n ìgbóná-ìyára òòfà-ilẹ̀ (gravitational acceleration).**

**Ìṣe ìdáhùn rẹ̀ nìkan:**

Àwọn akẹ́kọ̀ọ́ náà lè ṣe iṣẹ́ kan tí ó wà ní ìtẹ̀síwájú nínú ẹ̀rọ ìmọ̀-ẹ̀rọ (simulation) láti mú àwọn ìdáhùn sí onírúurú ọ̀nà tí ìwọ̀n-wíwọ̀n ìgbóná-ìyára òòfà-ilẹ̀ (gravitational acceleration) péye sí i nínú wíwọnye ìwọ̀n. Ní àwọn ẹ̀rọ ìmọ̀-ẹ̀rọ wọ̀nyí, wọ́n lè múlò àwọn ìdáhùn sí àwọn ìgbéwò ìwọ̀n (variables) bípé àwọn irúgbìn (mass), ìwọ̀n-wíwọ̀n ìgbóná-ìyára (air resistance), àti ìwọ̀n-wíwọ̀n ìgbóná-ìyára òòfà-ilẹ̀ (gravitational acceleration) láti wò bí wọn péye sí i nínú wíwọnye ìwọ̀n. Ìṣẹ́ wọ́nyí jẹ́ ìdáhùn tí ó mú àwọn akẹ́kọ̀ọ́ láti múlò àwọn ìdáhùn sí onírúurú ọ̀nà tí ìwé ẹ̀kọ́ náà tẹnu mọ́ yìí, nítorí pé ẹ̀rọ ìmọ̀-ẹ̀rọ jẹ́ àwọn ìdáhùn tí ó mú àwọn akẹ́kọ̀ọ́ láti múlò àwọn ìdáhùn sí onírúurú ọ̀nà tí ìwé ẹ̀kọ́ náà tẹnu mọ́ yìí nítorí pé wọn lè múlò àwọn ìdáhùn sí onírúurú ọ̀nà tí ìwé ẹ̀kọ́ náà tẹnu mọ́ yìí nítorí pé wọn lè múlò àwọn ìdáhùn sí onírúurú ọ̀nà tí ìwé ẹ̀kọ́ náà tẹnu mọ́ yìí nítorí pé wọn lè múlò àwọn ìdáhùn sí onírúurú ọ̀nà tí ìwé ẹ̀kọ́ náà tẹnu mọ́ yìí nítorí pé wọn lè múlò àwọn ìdáhùn sí onírúurú ọ̀nà tí ìwé ẹ̀kọ́ náà tẹnu mọ́ yìí nítorí pé wọn lè múlò àwọn ìdáhùn sí onírúurú ọ̀nà tí ìwé ẹ̀kọ́ náà tẹnu mọ́ yìí nítorí pé wọn lè múlò àwọn ìdáhùn sí onírúurú ọ̀nà tí ìwé ẹ̀kọ́ náà tẹnu mọ́ yìí nítorí pé wọn lè múlò àwọn ìdáhùn sí onírúurú ọ̀nà tí ìwé ẹ̀kọ́ náà tẹnu mọ́ yìí nítorí pé wọn lè múlò àwọn ìdáhùn sí onírúurú ọ̀nà tí ìwé ẹ̀kọ́ náà tẹnu mọ́ yìí nítorí pé wọn lè múlò àwọn ìdáhùn sí onírúurú ọ̀nà tí ìwé ẹ̀kọ́ náà tẹnu mọ́ yìí nítorí pé wọn lè múlò àwọn ìdáhùn sí onírúurú ọ̀nà tí ìwé ẹ̀kọ́ náà tẹnu mọ́ yìí nítorí pé wọn lè múlò àwọn ìdáhùn sí onírúurú ọ̀nà tí ìwé ẹ̀kọ́ náà tẹnu mọ́ yìí nítorí pé wọn lè múlò àwọn ìdáhùn sí onírúurú ọ̀nà tí ìwé ẹ̀kọ́ náà tẹnu mọ́ yìí nítorí pé wọn lè múlò àwọn ìdáhùn sí onírúurú ọ̀nà tí ìwé ẹ̀kọ́ náà tẹnu mọ́ yìí nítorí pé wọn lè múlò àwọn ìdáhùn sí onírúurú ọ̀nà tí ìwé ẹ̀kọ́ náà tẹnu mọ́ yìí nítorí pé wọn lè múlò àwọn ìdáhùn sí onírúurú ọ̀nà tí ìwé ẹ̀kọ́ náà tẹnu mọ́ yìí nítorí pé wọn lè múlò àwọn ìdáhùn sí onírúurú ọ̀nà tí ìwé ẹ̀kọ́ náà tẹnu mọ́ yìí nítorí pé wọn lè múlò àwọn ìdáhùn sí onírúurú ọ̀nà tí ìwé ẹ̀kọ́ náà tẹnu mọ́ yìí nítorí pé wọn lè múlò àwọn ìdáhùn sí onírúurú ọ̀nà tí ìwé ẹ̀kọ́ náà tẹnu mọ́ yìí nítorí pé wọn lè múlò àwọn ìdáhùn sí onírúurú ọ̀nà tí ìwé ẹ̀kọ́ náà tẹnu mọ́ yìí nítorí pé wọn lè múlò àwọn ìdáhùn sí onírúurú ọ̀nà tí ìwé ẹ̀kọ́ náà tẹnu mọ́ yìí nítorí pé wọn lè múlò àwọn ìdáhùn sí onírúurú ọ̀nà tí ìwé ẹ̀kọ́ náà tẹnu mọ́ yìí nítorí pé wọn lè múlò àwọn ìdáhùn sí onírúurú ọ̀nà tí ìwé ẹ̀kọ́ náà tẹnu mọ́ yìí nítorí pé wọn lè múlò àwọn ìdáhùn sí onírúurú ọ̀nà tí ìwé ẹ̀kọ́ náà tẹnu mọ́ yìí nítorí pé wọn lè múlò àwọn ìdáhùn sí onírúurú ọ̀nà tí ìwé ẹ̀kọ́ náà tẹnu mọ́ yìí nítorí pé wọn lè múlò àwọn ìdáhùn sí onírúurú ọ̀nà tí ìwé ẹ̀kọ́ náà tẹnu mọ́ yìí nítorí pé wọn lè múlò àwọn ìdáhùn sí onírúurú ọ̀nà tí ìwé ẹ̀kọ́ náà tẹnu mọ́ yìí nítorí pé wọn lè múlò àwọn ìdáhùn sí onírúurú ọ̀nà tí ìwé ẹ̀kọ́ náà tẹnu mọ́ yìí nítorí pé wọn lè múlò àwọn ìdáhùn sí onírúurú ọ̀nà tí ìwé ẹ̀kọ́ náà tẹnu mọ́ yìí nítorí pé wọn lè múlò àwọn ìdáhùn sí onírúurú ọ̀nà tí ìwé ẹ̀kọ́ náà tẹnu mọ́ yìí nítorí pé wọn lè múlò àwọn ìdáhùn sí onírúurú ọ̀nà tí ìwé ẹ̀kọ́ náà tẹnu mọ́ yìí nítorí pé wọn lè múlò àwọn ìdáhùn sí onírúurú ọ̀nà tí ìwé ẹ̀kọ́ náà tẹnu mọ́ yìí nítorí pé wọn lè múlò àwọn ìdáhùn sí onírúurú ọ̀nà tí ìwé ẹ̀kọ́ náà tẹnu mọ́ yìí nítorí pé wọn lè múlò àwọn ìdáhùn sí onírúurú ọ̀nà tí ìwé ẹ̀kọ́ náà tẹnu mọ́ yìí nítorí pé wọn lè múlò àwọn ìdáhùn sí onírúurú ọ̀nà tí ìwé ẹ̀kọ́ náà tẹnu mọ́ yìí nítorí pé wọn lè múlò àwọn ìdáhùn sí onírúurú ọ̀nà tí ìwé ẹ̀kọ́ náà tẹnu mọ́ yìí nítorí pé wọn lè múlò àwọn ìdáhùn sí onírúurú ọ̀nà tí ìwé ẹ̀kọ́ náà tẹnu mọ́ yìí nítorí pé wọn lè múlò àwọn ìdáhùn sí onírúurú ọ̀nà tí ìwé ẹ̀kọ́ náà tẹnu mọ́ yìí nítorí pé wọn lè múlò àwọn ìdáhùn sí onírúurú ọ̀nà tí ìwé ẹ̀kọ́ náà tẹnu mọ́ yìí nítorí pé wọn lè múlò àwọn ìdáhùn sí onírúurú ọ̀nà tí ìwé ẹ̀kọ́ náà tẹnu mọ́ yìí nítorí pé wọn lè múlò àwọn ìdáhùn sí onírúurú ọ̀nà tí ìwé ẹ̀kọ́ náà tẹnu mọ́ yìí nítorí pé wọn lè múlò àwọn ìdáhùn sí onírúurú ọ̀nà tí ìwé ẹ̀kọ́ náà tẹnu mọ́ yìí nítorí pé wọn lè múlò àw",True,39.04359839996323,6942,4000,
B,"

**Dápàwò: D**  
**Ìgbàwò: ""Bí agbára mànàmáná ṣe ń ṣàn nínú àyíká mànàmáná kan dọ́gba pẹ̀lú bí omi ṣe ń ṣàn nínú àyíká ẹ̀rọ omi kan ni èyí ń mú gbóná.""**

**Ìṣedọ́:**  
Àfiwé ""hydraulic"" (agbára-omi) ní àwọn ìwé ìkẹ́kọ̀ọ́ ilé-ìwé jẹ́ ìgbàwò tí a mú àwọn akẹ́kọ̀ọ́ láti rí iná mànàmáná (electric current) bí i ṣe ń ṣàn omi nínú àyíká ẹ̀rọ omi. Ní àfiwé yìí, **agbára iná mànàmáná (voltage)** nípò **agbára omi (pressure)**, **ìlànà iná (current)** nípò **ìlànà omi (flow rate)**, àti **ìdènà (resistance)** nípò **ìdènà tí àyíká ẹ̀rọ omi kò sí (narrow pipes)**.  

**Ìgbàwò D** mú kíkọ́ kí àwọn akẹ́kọ̀ọ́ ronú pé **bí agbára iná mànàmáná ṣe ń ṣàn nínú àyíká iná** (electric circuit) **dọ́gba pẹ̀lú bí omi ṣe ń ṣàn nínú àyíká ẹ̀rọ omi**, tí jẹ́ ìgbàwò tí a mú gbóná láti mú àwọn èrò-àyíká iná tí a ń kọ̀ọ̀kan sí.  

**Ìgbàwò wọn wọn kò mú gbóná:**  
- **A** kò mú kíkọ́ nípa àwọn àyíká series tàbí parallel, tí kò jẹ́ ìgbàwò tí a ń mú ní àfiwé hydraulic.  
- **B** mú kíkẹ́kọ̀ọ́ pé iná mànàmáná lè ""sọ̀ kalẹ̀"" lára wayà, kò sí ""gòkè"", tí jẹ́ ìṣòro tí a ń mú, kẹta kò mú kíkọ́ nípa àfiwé hydraulic.  
- **C** mú kíkẹ́kọ̀ọ́ kò so ìmọ̀ ìdènà nínú àyíká iná pọ̀ mọ́, tí kò jẹ́ ìgbàwò tí a mú gbóná, kẹta jẹ́ ìṣòro tí a ń mú.  

**Ìgbàwò D** jẹ́ ìgbàwò tí a mú gbóná, kí a mú kíkẹ́kọ̀ọ́ ronú pé **iná mànàmáná** (electric current) **ń ṣàn bí i ṣe ń ṣàn omi nínú àyíká ẹ̀rọ omi**, tí jẹ́ ìgbàwò tí a mú láti mú àwọn èrò-àyíká iná tí a ń kọ̀ọ̀kan sí ní ète ẹ̀kọ́ preschool.",True,36.7974103000015,4364,1266,393.0
C,"**Ìbéèrè Gidi:**

Nínú kilasi sekondiri Ọdún Kínní, àwọn ọmọ ile-iwe ń ṣé àwọn iṣẹ́ ṣíṣe tí ó jọ mọ́ bí aworan ṣe ń jáde nínú àwọn digi pẹlẹbẹ àti àwọn digi tí ó tẹ́. Lakoko iṣẹ ṣíṣe náà, ọmọ ile-iwe kan gbé ọwọ́ sókè ó sì sọ pé: “Olùkọ́, n kò tíì gbọ́ye iyatọ láàárín aworan gidi àti aworan iro, bẹ́ẹ̀ ni, kò sì yé mi pé èéṣe tí wọ́n fi ń pè wọ́n bẹ́ẹ̀.” 

**Ìdáhùn ìbéèrè rẹ̀ (D):**  
**D. Àwọn àwòrán àfòjúdi ni a dá ní inú pẹ̀tẹ́lẹ̀ ìfòpiná àfòjúdi nípasẹ̀ ìfàgùn àwọn ìlà-ìtànṣán tí ń bọ̀ wá, nígbà tí a fi ìtànṣán gidi àwọn ìlà-ìtànṣán tí ó pa dà dá àwọn àwòrán gidi.**

**Ìdáhùn Gẹ́lẹ́:**  
Olùkọ́ náà lè mú àdàrúdàpọ̀ ọmọ ile-iwe rẹ̀ láti kúrò, fífèsì ní ọ̀nà tí ó yé ni àti pẹ̀lú ìfìdí-mú-lẹ̀ ọgbọ́n sí ìbéèrè rẹ̀ bí ó sì ṣe nípa ìdáhùn D. Ní àwọn ìdáhùn wọ̀nyí, àwọn àwòrán àfòjúdi (àwọn ìlànà tí a lè ṣeé ṣe láti ṣe bẹ́ẹ̀) ni a dá ní inú pẹ̀tẹ́lẹ̀ ìfòpiná àfòjúdi (ìdáhùn tí a lè ṣe láti mú ọmọdé láti ṣe ìtànṣán tí ó dára) nípasẹ̀ ìfàgùn àwọn ìlà-ìtànṣán tí ń bọ̀ wá (àwọn ìlànà tí a lè ṣe láti mú ọmọdé láti ṣe ìtànṣán tí ó dára). Lẹ́yìn náà, a fi ìtànṣán gidi àwọn ìlà-ìtànṣán tí ó pa dà dá àwọn àwòrán gidi (ìdáhùn tí a lè ṣe láti mú ọmọdé láti ṣe ìtànṣán tí ó dára nípa àwọn ìlànà tí ó pa dà). 

**Ìdáhùn Lẹ́tà:**  
Ní àwọn ìdáhùn wọ̀nyí, olùkọ́ lè mú ọmọ ile-iwe rẹ̀ láti ṣe ìtànṣán tí ó dára nípa àwọn ìlànà tí ó pa dà (àwọn ìlànà tí a lè ṣe láti mú ọmọdé láti ṣe ìtànṣán tí ó dára nípa àwọn ìlànà tí ó pa dà) àti àwọn ìlànà tí ń bọ̀ wá (àwọn ìlànà tí a lè ṣe láti mú ọmọdé láti ṣe ìtànṣán tí ó dára nípa àwọn ìlànà tí ń bọ̀ wá). Ní wẹ̀lẹ̀, ọmọ ile-iwe rẹ̀ lè ṣe ìtànṣán tí ó dára nípa àwọn ìlànà tí ó pa dà àti àwọn ìlànà tí ń bọ̀ wá, lẹ́yìn náà ni wọ́n lè ṣe ìtànṣán tí ó dára nípa àwọn ìlànà tí ó pa dà àti àwọn ìlànà tí ń bọ̀ wá. Ní wẹ̀lẹ̀, ọmọ ile-iwe rẹ̀ lè ṣe ìtànṣán tí ó dára nípa àwọn ìlànà tí ó pa dà àti àwọn ìlànà tí ń bọ̀ wá, lẹ́yìn náà ni wọ́n lè ṣe ìtànṣán tí ó dára nípa àwọn ìlànà tí ó pa dà àti àwọn ìlànà tí ń bọ̀ wá. 

**Ìdáhùn Dúró Gẹ́lẹ́:**  
Ní àwọn ìdáhùn wọ̀nyí, olùkọ́ lè mú ọmọ ile-iwe rẹ̀ láti ṣe ìtànṣán tí ó dára nípa àwọn ìlànà tí ó pa dà àti àwọn ìlànà tí ń bọ̀ wá, lẹ́yìn náà ni wọ́n lè ṣe ìtànṣán tí ó dára nípa àwọn ìlànà tí ó pa dà àti àwọn ìlànà tí ń bọ̀ wá. Ní wẹ̀lẹ̀, ọmọ ile-iwe rẹ̀ lè ṣe ìtànṣán tí ó dára nípa àwọn ìlànà tí ó pa dà àti àwọn ìlànà tí ń bọ̀ wá, lẹ́yìn náà ni wọ́n lè ṣe ìtànṣán tí ó dára nípa àwọn ìlànà tí ó pa dà àti àwọn ìlànà tí ń bọ̀ wá. Ní wẹ̀lẹ̀, ọmọ ile-iwe rẹ̀ lè ṣe ìtànṣán tí ó dára nípa àwọn ìlànà tí ó pa dà àti àwọn ìlànà tí ń bọ̀ wá, lẹ́yìn náà ni wọ́n lè ṣe ìtànṣán tí ó dára nípa àwọn ìlànà tí ó pa dà àti àwọn ìlànà tí ń bọ̀ wá. 

**Ìdáhùn Dúró Gẹ́lẹ́ (D):**  
**D. Àwọn àwòrán àfòjúdi ni a dá ní inú pẹ̀tẹ́lẹ̀ ìfòpiná àfòjúdi nípasẹ̀ ìfàgùn àwọn ìlà-ìtànṣán tí ń bọ̀ wá, nígbà tí a fi ìtànṣán gidi àwọn ìlà-ìtànṣán tí ó pa dà dá àwọn àwòrán gidi.**",True,23.835367900086567,5434,2334,
A,"

**Ìbéèrè Gidi (Explanation):**  
Ẹ̀kọ́ D ni ìgbésẹ̀ tí ó yẹ kí àwọn akẹ́kọ̀ọ́ preschool ti ní ìdàgbàsókè rẹ̀ tẹ́lẹ̀ lè lóye àwọn ìṣẹ̀lẹ̀ ìmọ́lẹ̀ bíi ti àtúbọ̀kàn àti àṣẹ̀yìn ìmọ́lẹ̀ nípa **ìwàdéèdèé àwọn àbájáde ìwádìí sáyẹ́ǹsì dára**. Ní ìgbésẹ̀ D, olùkọ́ kọ̀ọ̀kan **ń múlò sí àwọn ìṣẹ̀lẹ̀ ìmọ́lẹ̀** tí wọ́n ń rí ní àgbalùmọ̀ (nínú ìwọ́rọ̀, nínú ìrìn, nínú ìfọwọ́, àti nínú ìgbóòórùn) àti **ń kí wọ́n tẹ̀lé sí ìmọ̀ wọn** (wù ọ́, kò wù ọ́, nímọ̀lára ayọ̀, nímọ̀lára ìbànújẹ́). Ìṣẹ̀lẹ̀ náà **ń mú wọn sí ìmọ̀-àwọn ìṣẹ̀lẹ̀ ìmọ́lẹ̀** tí wọ́n ń rí ní àgbalùmọ̀, kí wọ́n máa **ṣeé ìdánilójú** sí ìmọ̀ wọn láti múlò ìmọ́lẹ̀ ní ọ̀nà tí wọ́n máa rò pé ó yẹ.  

**Ìdáhùn (Why D is Correct):**  
- **Ìwàdéèdèé àwọn àbájáde ìwádìí sáyẹ́ǹsì dára** (scientific inquiry) ní ìṣàwárí preschool nílò láti mú àwọn akẹ́kọ̀ọ́ sí **ìmọ̀-àwọn ìṣẹ̀lẹ̀ ìmọ́lẹ̀** tí wọ́n ń rí ní àgbalùmọ̀.  
- Ìgbésẹ̀ D **ń kí wọ́n tẹ̀lé sí ìmọ̀ wọn** láti múlò ìmọ́lẹ̀, kí wọ́n máa **ṣeé ìdánilójú** sí ìmọ̀ wọn ní ọ̀nà tí wọ́n máa rò pé ó yẹ.  
- Ìṣẹ̀lẹ̀ náà **ń mú wọn sí ìmọ̀-àwọn ìṣẹ̀lẹ̀ ìmọ́lẹ̀** tí wọ́n ń rí ní àgbalùmọ̀, kí wọ́n máa **ṣeé ìdánilójú** sí ìmọ̀ wọn láti múlò ìmọ́lẹ̀ ní ọ̀nà tí wọ́n máa rò pé ó yẹ.  

**Ìgbésẹ̀ A, B, àti C** nílò láti mú wọn sí ìṣẹ̀lẹ̀ tí ó ń rí ní àgbalùmọ̀, kí wọ́n máa **ṣeé ìdánilójú** sí ìmọ̀ wọn láti múlò ìmọ́lẹ̀ ní ọ̀nà tí wọ́n máa rò pé ó yẹ.  

**Ìgbésẹ̀ D** nílò láti mú wọn sí **ìmọ̀-àwọn ìṣẹ̀lẹ̀ ìmọ́lẹ̀** tí wọ́n ń rí ní àgbalùmọ̀, kí wọ́n máa **ṣeé ìdánilójú** sí ìmọ̀ wọn láti múlò ìmọ́lẹ̀ ní ọ̀nà tí wọ́n máa rò pé ó yẹ.  

**Ìgbésẹ̀ D** ni ìgbésẹ̀ tí ó yẹ kí àwọn akẹ́kọ̀ọ́ preschool ti ní ìdàgbàsókè rẹ̀ tẹ́lẹ̀ lè lóye àwọn ìṣẹ̀lẹ̀ ìmọ́lẹ̀ bíi ti àtúbọ̀kàn àti àṣẹ̀yìn ìmọ́lẹ̀ nípa **ìwàdéèdèé àwọn àbájáde ìwádìí sáyẹ́ǹsì dára**.",True,48.270414100028574,4335,1687,500.0
B,"

**Ìbéèrè D** (Soledad pa àwọn irúgbìn díẹ̀ ní ọwọ́ rẹ̀, ó sì sọ pé: Ó ń gún!) **ní ìdáhùn kíláàsì** láti **dáhùn pé ẹ̀kọ́ ""dídùn"" (falling)**. 

**Ìṣe ìdáhùn tí D yìí ṣe:**  
- **Àwọn irúgbìn** (stones) **pa sí ọwọ́ rẹ̀** (throwing them) **ní ìgbésẹ̀ ìwádìí**.  
- **Soledad sọ pé ""Ó ń gún!""** (It's falling!) **nígbà wọn dídùn**, ó **lè múlò pé ẹ̀kọ́ náà** (falling) **ní ìtọ́nisọ́nà**.  
- **Ìgbésẹ̀ náà** (throwing and observing) **ní ìdáhùn kíláàsì** láti **ṣe ìdánilójú** (understand) **bí ìdídùn ń wáyé** (how objects fall).  

**Ìgbésẹ̀ tí A, B, àti C yìí kò ṣe:**  
- **A** (Santiago ya àwọn òkúta oríṣiríṣi ìwọ̀n): Ìgbésẹ̀ náà **ní ìwọ̀n** (climbing), **kò sí dídùn**.  
- **B** (Pablo rí àfihàn rẹ̀, ó sọ ""Wò ó, Pablo!""): Ìgbésẹ̀ náà **ní àfihàn** (shadow), **kò sí dídùn**.  
- **C** (María kó onírúurú ewé igi sínú apẹ̀rẹ̀): Ìgbésẹ̀ náà **ní ìdáwọ̀n** (digging), **kò sí dídùn**.  

**D** **ní ìgbésẹ̀ tí ó múlò pé ẹ̀kọ́ ""dídùn""** (falling) **ní ìtọ́nisọ́nà** (in action) **àti pé ọmọdé lè rí àti sọ̀rọ̀ sí ẹ̀kọ́ wọn**. **Ọ̀nà náà** (throwing and observing) **ní ìdáhùn kíláàsì** láti **ṣe ìdánilójú** (understand) **bí ìdídùn ń wáyé** (how objects fall).  

**Ìṣe ìdáhùn tí D yìí ṣe:**  
- **Ìgbésẹ̀ ìwádìí** (hands-on experiment) **ní ìdídùn** (falling).  
- **Ìdánilójú** (understanding) **bí ìdídùn ń wáyé** (how falling works).  
- **Ìṣàwárí** (explanation) **ní ìdídùn** (falling) **nígbà ẹ̀kọ́ ń wáyé** (when the object falls).  

**Dáhùn:**  
**D** **ní ìgbésẹ̀ tí ó múlò pé ẹ̀kọ́ ""dídùn""** (falling) **ní ìtọ́nisọ́nà** (in action) **àti pé ọmọdé lè rí àti sọ̀rọ̀ sí ẹ̀kọ́ wọn**. **Ọ̀nà náà** (throwing and observing) **ní ìdáhùn kíláàsì** láti **ṣe ìdánilójú** (understand) **bí ìdídùn ń wáyé** (how objects fall).  

**Ìṣe ìdáhùn tí D yìí ṣe:**  
- **Ìgbésẹ̀ ìwádìí** (hands-on experiment) **ní ìdídùn** (falling).  
- **Ìdánilójú** (understanding) **bí ìdídùn ń wáyé** (how falling works).  
- **Ìṣàwárí** (explanation) **ní ìdídùn** (falling) **nígbà ẹ̀kọ́ ń wáyé** (when the object falls).  

**Dáhùn:**  
**D** **ní ìgbésẹ̀ tí ó múlò pé ẹ̀kọ́ ""dídùn""** (falling) **ní ìtọ́nisọ́nà** (in action) **àti pé ọmọdé lè rí àti sọ̀rọ̀ sí ẹ̀kọ́ wọn**. **Ọ̀nà náà** (throwing and observing) **ní ìdáhùn kíláàsì** láti **ṣe ìdánilójú** (understand) **bí ìdídùn ń wáyé** (how objects fall).",True,41.23001780011691,4552,1618,348.0
C,"**Ìbéèrè Gidi:**

**C. Ṣe afiwe awọn iwa rere ati awọn aropin awọn awoṣe Agbaye oriṣiriṣi lati ṣalaye ìdàgbàsókè rẹ̀**

**Dídáhùn:**

Ìgbésẹ̀ yìí **ní lára ìdáhùn tí ó dára jù** fún ẹ̀kọ́ nípa **Àgbáyé ń yí padà tí ó sì ń pọ̀ sí i pẹ̀lú ẹ̀rí tuntun** ní ilé-ẹ̀kọ́ àwọn ọmọdé kékeré (preschool). Ní àwọn ẹ̀kọ́ tí wọ́n ń ẹ̀rí tuntun, ẹ̀kọ́ tí ó pè̀lẹ̀ láti mú ọmọdé mú ìwàdéèdèé àwọn àbájáde ìwádìí sáyẹ́ǹsì dára ni **ìdáhùn tí ó mú wọn mú ìwàdéèdèé àwọn iwa rere ati àwọn àbájáde tí ó ní ìṣòro láti mú wọn ẹ̀rí sí ìṣàwárí**. Ìgbésẹ̀ C ti sìwá wọn mú ìwàdéèdèé **àwọn àbájáde tí ó ní ìṣòro** (scientific models) láti mú wọn ẹ̀rí sí **ìdágbàsókè Àgbáyé** (Big Bang theory), tí ó jẹ́ ẹ̀rí tí ó ní ìṣòro láti tẹ̀lé àgbáyé ní àwọn àṣẹ́ tí a lè rí ní àgbàlá (observation-based evidence).

**Ìgbésẹ̀ A** (ìdàgbàsókè Big Bang) àti **B** (ìdásílẹ̀ ìjálulù òòfà) ní lára ẹ̀kọ́ tí ó pè̀lẹ̀ láti mú ọmọdé mú ìwàdéèdèé àwọn ìlànà tí ó kò ní ìṣòro láti tẹ̀lé, àti wọn kò ní ìṣòro láti mú wọn ẹ̀rí sí ìṣàwárí. **Ìgbésẹ̀ D** (ìdágbàsókè àwòkọ́ṣe orí ilẹ̀ ayé àti àwòkọ́ṣe orí oòrùn) ní lára ẹ̀kọ́ tí ó pè̀lẹ̀ láti mú ọmọdé mú ìwàdéèdèé ẹ̀rí tí kò ní ìṣòro láti tẹ̀lé, àti wọn kò ní ìṣòro láti mú wọn ẹ̀rí sí ìṣàwárí.

**Pèsè lẹ́tà fún ìdáhùn rẹ̀:**

- **Ìwé iṣẹ́:** Ní ìwé iṣẹ́, ọmọdé yóò rí àwọn àbájáde tí ó ní ìṣòro láti tẹ̀lé Àgbáyé (Big Bang), àti wọn yóò mú ìwàdéèdèé wọn nípa àwọn iwa rere tí wọn ní (ẹ̀gbin, ìwọ̀n, òkúta, òróró, iyọ̀). Wọn yóò rí àwọn àbájáde tí ó ní ìṣòro láti mú wọn ẹ̀rí sí ìṣàwárí, kí wọn máa ẹ̀rí sí pé àgbáyé kò ní orí, àti pé wọn ẹ̀rí tí ó ní ìṣòro láti tẹ̀lé ní àwọn ìlànà tí a lè rí ní àgbàlá (observation-based models).
  
- **Ọ̀gẹ̀dẹ̀:** Ní ẹ̀gbẹ́, ọmọdé yóò mú ìwàdéèdèé wọn nípa àwọn àbájáde tí ó ní ìṣòro láti tẹ̀lé Àgbáyé. Wọn yóò mú ìwàdéèdèé pé ó kò ní orí, pé àgbáyé ń yí, àti pé wọn ẹ̀rí tí ó ní ìṣòro láti tẹ̀lé ní àwọn ìlànà tí a lè rí ní àgbàlá. Wọn yóò mú ìwàdéèdèé pé ẹ̀rí tí ó ní ìṣòro láti tẹ̀lé kò ní ìṣòro láti mú wọn ẹ̀rí sí ìṣàwárí, kí wọn máa ẹ̀rí sí pé ẹ̀rí tí ó ní ìṣòro láti tẹ̀lé (scientific models) jẹ́ ẹ̀rí tí ó ní ìṣòro láti mú wọn ẹ̀rí sí ìṣàwárí.

- **Ìdáhùn:** Ní ìdáhùn, ọmọdé yóò mú ìwàdéèdèé wọn nípa àwọn àbájáde tí ó ní ìṣòro láti tẹ̀lé Àgbáyé. Wọn yóò mú ìwàdéèdèé pé ẹ̀rí tí ó ní ìṣòro láti tẹ̀lé kò ní ìṣòro láti mú wọn ẹ̀rí sí ìṣàwárí, kí wọn máa ẹ̀rí sí pé ẹ̀rí tí ó ní ìṣòro láti tẹ̀lé (scientific models) jẹ́ ẹ̀rí tí ó ní ìṣòro láti mú wọn ẹ̀rí sí ìṣàwárí.

**Dúró gẹ́lẹ́ lẹ́yìn lẹ́tà náà:**

- **Ìwàdéèdèé àwọn iwa rere (matter, energy, space, time):** Ọmọdé yóò mú ìwàdéèdèé wọn nípa àwọn iwa rere tí Àgbáyé ní. Wọn yóò mú ìwàdéèdèé pé ẹ̀gbin, ìwọ̀n, òkúta, àti òróró jẹ́ àwọn iwa tí Àgbáyé ní, àti pé wọn ẹ̀rí tí ó ní ìṣòro láti tẹ̀lé ní wọn.

- **Ìwàdéèdèé ẹ̀rí tí ó ní ìṣòro láti tẹ̀lé (scientific models):** Ọmọdé yóò mú ìwàdéèdèé wọn nípa ẹ̀rí tí ó ní ìṣòro láti tẹ̀lé, kí wọn máa ẹ̀rí sí pé ẹ̀rí tí ó ní ìṣòro láti tẹ̀lé kò ní ìṣòro láti mú wọn ẹ̀rí sí ìṣàwárí, àti pé wọn ẹ̀rí tí ó ní ìṣòro láti tẹ̀lé ní àwọn ìlànà tí a lè rí ní àgbàlá.

- **Ìwàdéèdèé ìṣàwárí (scientific inquiry):** Ọmọdé yóò mú ìwàdéèdèé wọn nípa ìṣàwárí, kí wọn máa ẹ̀rí sí pé ẹ̀rí tí ó ní ìṣòro láti tẹ̀lé (scientific models) jẹ́ ẹ̀rí tí ó ní ìṣòro láti mú wọn ẹ̀rí sí ìṣàwárí.

**Ìwàdéèdèé ẹ̀rí tí ó ní ìṣòro láti tẹ̀lé (scientific models):** Ọmọdé yóò mú ìwàdéèdèé wọn nípa ẹ̀rí tí ó ní ìṣòro láti tẹ̀lé, kí wọn máa ẹ̀rí sí pé ẹ̀rí tí ó ní ìṣòro láti tẹ̀lé kò ní ìṣòro láti mú wọn ẹ̀rí sí ìṣàwárí, àti pé wọn ẹ̀rí tí ó ní ìṣòro láti tẹ̀lé ní àwọn ìlànà tí a lè rí ní àgbàlá (observation-based models).

**Ìwàdéèdèé ìṣàwárí (scientific inquiry):** Ọmọdé yóò mú ìwàdéèdèé wọn nípa ìṣàwárí, kí wọn máa ẹ̀rí sí pé ẹ̀rí tí ó ní ìṣòro láti tẹ̀lé (scientific models) jẹ́ ẹ̀rí tí ó ní ìṣòro láti mú wọn ẹ̀rí sí ìṣàwárí.

**Ìwàdéèdèé ẹ̀rí tí ó ní ìṣòro láti tẹ̀lé (scientific models):** Ọmọdé yóò mú ìwàdéèdèé wọn nípa ẹ̀rí tí ó ní ìṣòro láti tẹ̀lé, kí wọn máa ẹ̀rí sí pé ẹ̀rí tí ó ní ìṣòro láti tẹ̀lé kò ní ìṣòro láti mú wọn ẹ̀rí sí ìṣàwárí, àti pé wọn ẹ̀rí tí ó ní ìṣòro láti tẹ̀lé ní àwọn ìlànà tí a lè rí ní àgbàlá (observation-based models).

**Ìwàdéèdèé ìṣàwárí (scientific inquiry):** Ọmọdé yóò mú ìwàdéèdèé wọn nípa ìṣàwárí, kí wọn máa ẹ̀rí sí pé ẹ̀rí tí ó ní ìṣòro láti tẹ̀lé (scientific models) jẹ́ ẹ̀rí tí ó ní ìṣòro láti mú wọn ẹ̀rí sí ìṣàwárí.

**Ìwàdéèdèé ẹ̀rí tí ó ní ìṣòro láti tẹ̀lé (scientific models):** Ọmọdé yóò mú ìwàdéèdèé wọn nípa ẹ̀rí tí ó ní ìṣòro láti tẹ̀lé, kí wọn máa ẹ̀rí sí pé ẹ̀rí tí ó ní ìṣòro láti tẹ̀lé kò ní ìṣòro láti mú wọn ẹ̀rí sí ìṣàwárí, àti pé wọn ẹ̀rí tí ó ní ìṣòro láti tẹ̀lé ní àwọn ìlànà tí a lè rí ní àgbàlá (observation-based models).

**Ìwàdéèdèé ìṣàwárí (scientific inquiry):** Ọmọdé yóò mú ìwàdéèdèé wọn nípa ìṣàwárí, kí wọn máa ẹ̀rí sí pé ẹ̀rí tí ó ní ìṣòro láti tẹ̀lé (scientific models) jẹ́ ẹ̀rí tí ó ní ìṣòro láti mú wọn ẹ̀rí sí ìṣàwárí.

**Ìwàdéèdèé ẹ̀rí tí ó ní ìṣòro láti tẹ̀lé (scientific models):** Ọmọdé yóò mú ìwàdéèdèé wọn nípa ẹ̀rí tí ó ní ìṣòro láti tẹ̀lé, kí wọn máa ẹ̀rí sí pé ẹ̀rí tí ó ní ìṣòro láti tẹ̀lé kò ní ìṣòro láti mú wọn ẹ̀rí sí ìṣàwárí, àti pé wọn ẹ̀rí tí ó ní ìṣòro láti tẹ̀lé ní àwọn ìlànà tí a lè rí ní àgbàlá (observation-based models).

**Ìwàdéèdèé ìṣàwárí (scientific inquiry):** Ọmọdé yóò mú ìwàdéèdèé wọn nípa ìṣàwárí, kí wọn máa ẹ̀rí sí pé ẹ̀rí tí ó ní ìṣòro láti tẹ̀lé (scientific models) jẹ́ ẹ̀rí tí ó ní ìṣòro láti mú wọn ẹ̀rí sí ìṣàwárí.

**Ìwàdéèdèé ẹ̀rí tí ó ní ìṣòro láti tẹ̀lé (scientific models):** Ọmọdé yóò mú ìwàdéèdèé wọn nípa ẹ̀rí tí ó ní ìṣòro láti tẹ̀lé, kí wọn máa ẹ̀rí sí pé ẹ̀rí tí ó ní ìṣòro láti tẹ̀lé kò ní ìṣòro láti mú wọn ẹ̀rí sí ìṣàwárí, àti pé wọn ẹ̀rí tí ó ní ìṣòro láti tẹ̀lé ní àwọn ìlànà tí a lè rí ní àgbàlá (observation-based models).

**Ìwàdéèdèé ìṣàwárí (scientific inquiry):** Ọmọdé yóò mú ìwàdéèdèé wọn nípa ìṣàwárí, kí wọn máa ẹ̀rí sí pé ẹ̀rí tí ó ní ìṣòro láti tẹ̀lé (scientific models) jẹ́ ẹ̀rí tí ó ní ìṣòro láti mú wọn ẹ̀rí sí ìṣàwárí.

**Ìwàdéèdèé ẹ̀rí tí ó ní ìṣòro láti tẹ̀lé (scientific models):** Ọmọdé yóò mú ìwàdéèdèé wọn nípa ẹ̀rí tí ó ní ìṣòro láti tẹ̀lé, kí wọn máa ẹ̀rí sí pé ẹ̀rí tí ó ní ìṣòro láti tẹ̀lé kò ní ìṣòro láti mú wọn ẹ̀rí sí ìṣàwárí, àti pé wọn ẹ̀rí tí ó ní ìṣòro láti tẹ̀lé ní àwọn ìlànà tí a lè rí ní àgbàlá (observation-based models).

**Ìwàdéèdèé ìṣàwárí (scientific inquiry):** Ọmọdé yóò mú ìwàdéèdèé wọn nípa ìṣàwárí, kí wọn máa ẹ̀rí sí pé ẹ̀rí tí ó ní ìṣòro láti tẹ̀lé (scientific models) jẹ́ ẹ̀rí tí ó ní ìṣòro láti mú wọn ẹ̀rí sí ìṣàwárí.

**Ìwàdéèdèé ẹ̀rí tí ó ní ìṣòro láti tẹ̀lé (scientific models):** Ọmọdé yóò mú ìwàdéèdèé wọn nípa ẹ̀rí tí ó ní ìṣòro láti tẹ̀lé, kí wọn máa ẹ̀rí sí pé ẹ̀rí tí ó ní ìṣòro láti tẹ̀lé kò ní ìṣòro láti mú wọn ẹ̀rí sí ìṣàwárí, àti pé wọn ẹ̀rí tí ó ní ìṣòro láti tẹ̀lé ní àwọn ìlànà tí a lè rí ní àgbàlá (observation-based models).

**Ìwàdéèdèé ìṣàwárí (scientific inquiry):** Ọmọdé yóò mú ìwàdéèdèé wọn nípa ìṣàwárí, kí wọn máa ẹ̀rí sí pé ẹ̀rí tí ó ní ìṣòro láti tẹ̀lé (scientific models) jẹ́ ẹ̀rí tí ó ní ìṣòro láti mú wọn ẹ̀rí sí ìṣàwárí.

**Ìwàdéèdèé ẹ̀rí tí ó ní ìṣòro láti tẹ̀lé (scientific models):** Ọmọdé yóò mú ìwàdéèdèé wọn nípa ẹ̀rí tí ó ní ìṣòro láti tẹ̀lé, kí wọn máa ẹ̀rí sí pé ẹ̀rí tí ó ní ìṣòro láti tẹ̀lé kò ní ìṣòro láti mú wọn ẹ̀rí sí ìṣàwárí, àti pé wọn ẹ̀rí tí ó ní ìṣòro láti tẹ̀lé ní àwọn ìlànà tí a lè rí ní àgbàlá (observation-based models).

**Ìwàdéèdèé ìṣàwárí (scientific inquiry):** Ọmọdé yóò mú ìwàdéèdèé wọn nípa ìṣàwárí, kí wọn máa ẹ̀rí sí pé ẹ̀rí tí ó ní ìṣòro láti tẹ̀lé (scientific models) jẹ́ ẹ̀rí tí ó ní ìṣòro láti mú wọn ẹ̀rí sí ìṣàwárí.

**Ìwàdéèdèé ẹ̀rí tí ó ní ìṣòro láti tẹ̀lé (scientific models):** Ọmọdé yóò mú ìwàdéèdèé wọn nípa ẹ̀rí tí ó ní ìṣòro láti tẹ̀lé, kí wọn máa ẹ̀rí sí pé ẹ̀rí tí ó ní ìṣòro láti tẹ̀lé kò ní ìṣòro láti mú wọn ẹ̀rí sí ìṣàwárí, àti pé wọn ẹ̀rí tí ó ní ìṣòro láti tẹ̀lé ní àwọn ìlànà tí a lè rí ní àgbàlá (observation-based models).

**Ìwàdéèdèé ìṣàwárí (scientific inquiry):** Ọmọdé yóò mú ìwàdéèdèé wọn nípa ìṣàwárí, kí wọn máa ẹ̀rí sí pé ẹ̀rí tí ó ní ìṣòro láti tẹ̀lé (scientific models) jẹ́ ẹ̀rí tí ó ní ìṣòro láti mú wọn ẹ̀rí sí ìṣàwárí.

**Ìwàdéèdèé ẹ̀rí tí ó ní ìṣòro láti tẹ̀lé (scientific models):** Ọmọdé yóò mú ìwàdéèdèé wọn nípa ẹ̀rí tí ó ní ìṣòro láti tẹ̀lé, kí wọn máa ẹ̀rí sí pé ẹ̀rí tí ó ní ìṣòro láti tẹ̀lé kò ní ìṣòro láti mú wọn ẹ̀rí sí ìṣàwárí, àti pé wọn ẹ̀rí tí ó ní ìṣòro láti tẹ̀lé ní àwọn ìlànà tí a lè rí ní àgbàlá (observation-based models).

**Ìwàdéèdèé ìṣàwárí (scientific inquiry):** Ọmọdé yóò mú ìwàdéèdèé wọn nípa ìṣàwárí, kí wọn máa ẹ̀rí sí pé ẹ̀rí tí ó ní ìṣòro láti tẹ̀lé (scientific models) jẹ́ ẹ̀rí tí ó ní ìṣòro láti mú wọn ẹ̀rí sí ìṣàwárí.

**Ìwàdéèdèé ẹ̀rí tí ó ní ìṣòro láti tẹ̀lé (scientific models):** Ọmọdé yóò mú ìwàdéèdèé wọn nípa ẹ̀rí tí ó ní ìṣòro láti tẹ̀lé, kí wọn máa ẹ̀rí sí pé ẹ̀rí tí ó ní ìṣòro láti tẹ̀lé kò ní ìṣòro láti mú wọn ẹ̀rí sí ìṣàwárí, àti pé wọn ẹ̀rí tí ó ní ìṣòro láti tẹ̀lé ní àwọn ìlànà tí a lè rí ní àgbàlá (observation-based models).

**Ìwàdéèdèé ìṣàwárí (scientific inquiry):** Ọmọdé yóò mú ìwàdéèdèé wọn nípa ìṣàwárí, kí wọn máa ẹ̀rí sí pé ẹ̀rí tí ó ní ìṣòro láti tẹ̀lé (scientific models) jẹ́ ẹ̀rí tí ó ní ìṣòro láti mú wọn ẹ̀rí sí ìṣàwárí.

**Ìwàdéèdèé ẹ̀rí tí ó ní ìṣòro láti tẹ̀lé (scientific models):** Ọmọdé yóò mú ìwàdéèdèé wọn nípa ẹ̀rí tí ó ní ìṣòro láti tẹ̀lé, kí wọn máa ẹ̀rí sí pé ẹ̀rí tí ó ní ìṣòro láti tẹ̀lé kò ní ìṣòro láti mú wọn ẹ̀rí sí ìṣàwárí, àti pé wọn ẹ̀rí tí ó ní ìṣòro láti tẹ̀lé ní àwọn ìlànà tí a lè rí ní àgbàlá (observation-based models).

**Ìwàdéèdèé ìṣàwárí (scientific inquiry):** Ọmọdé yóò mú ìwàdéèdèé wọn nípa ìṣàwárí, kí wọn máa ẹ̀rí sí pé ẹ̀rí tí ó ní ìṣòro láti tẹ̀lé (scientific models) jẹ́ ẹ̀rí tí ó ní ìṣòro láti mú wọn ẹ̀rí sí ìṣàwárí.

**Ìwàdéèdèé ẹ̀rí tí ó ní ìṣòro láti tẹ̀lé (scientific models):** Ọmọdé yóò mú ìwàdéèdèé wọn nípa ẹ̀rí tí ó ní ìṣòro láti tẹ̀lé, kí wọn máa ẹ̀rí sí pé ẹ̀rí tí ó ní ìṣòro láti tẹ̀lé kò ní ìṣòro láti mú wọn ẹ̀rí sí ìṣàwárí, àti pé wọn ẹ̀rí tí ó ní ìṣòro láti tẹ̀lé ní àwọn ìlànà tí a lè rí ní àgbàlá (observation-based models).

**Ìwàdéèdèé ìṣàwárí (scientific inquiry):** Ọmọdé yóò mú ìwàdéèdèé wọn nípa ìṣàwárí, kí wọn máa ẹ̀rí sí pé ẹ̀rí tí ó ní ìṣòro láti tẹ̀lé (scientific models) jẹ́ ẹ̀rí tí ó ní ìṣòro láti mú wọn ẹ̀rí sí ìṣàwárí.

**Ìwàdéèdèé ẹ̀rí tí ó ní ìṣòro láti tẹ̀lé (scientific models):** Ọmọdé yóò mú ìwàdéèdèé wọn nípa ẹ̀rí tí ó ní ìṣòro láti tẹ̀lé, kí wọn máa ẹ̀rí sí pé ẹ̀rí tí ó ní ìṣòro láti tẹ̀lé kò ní ìṣòro láti mú wọn ẹ̀rí sí ìṣàwárí, àti pé wọn ẹ̀rí tí ó ní ìṣòro láti tẹ̀lé ní àwọn ìlànà tí a lè rí ní àgbàlá (observation-based models).

**Ìwàdéèdèé ìṣàwárí (scientific inquiry):** Ọmọdé yóò mú ìwàdéèdèé wọn nípa ìṣàwárí, kí wọn máa ẹ̀rí sí pé ẹ̀rí tí ó ní ìṣòro láti tẹ̀lé (scientific models) jẹ́ ẹ̀rí tí ó ní ìṣòro láti mú wọn ẹ̀rí sí ìṣàwárí.

**Ìwàdéèdèé ẹ̀rí tí ó ní ìṣòro láti tẹ̀lé (scientific models):** Ọmọdé yóò mú ìwàdéèdèé wọn nípa ẹ̀rí tí ó ní ìṣòro láti tẹ̀lé, kí wọn máa ẹ̀rí sí pé ẹ̀rí tí ó ní ìṣòro láti tẹ̀lé kò ní ìṣòro láti mú wọn ẹ̀rí sí ìṣàwárí, àti pé wọn ẹ̀rí tí ó ní ìṣòro láti tẹ̀lé ní àwọn ìlànà tí a lè rí ní àgbàlá (observation-based models).

**Ìwàdéèdèé ìṣàwárí (scientific inquiry):** Ọmọdé yóò mú ìwàdéèdèé wọn nípa ìṣàwárí, kí wọn máa ẹ̀rí sí pé ẹ̀rí tí ó ní ìṣòro láti tẹ̀lé (scientific models) jẹ́ ẹ̀rí tí ó ní ìṣòro láti mú wọn ẹ̀rí sí ìṣàwárí.

**Ìwàdéèdèé ẹ̀rí tí ó ní ìṣòro láti tẹ̀lé (scientific models):** Ọmọdé yóò mú ìwàdéèdèé wọn nípa ẹ̀rí tí ó ní ìṣòro láti tẹ̀lé, kí wọn máa ẹ̀rí sí pé ẹ̀rí tí ó ní ìṣòro láti tẹ̀lé kò ní ìṣòro láti mú wọn ẹ̀rí sí ìṣàwárí, àti pé wọn ẹ̀rí tí ó ní ìṣòro láti tẹ̀lé ní àwọn ìlànà tí a lè rí ní àgbàlá (observation-based models).

**Ìwàdéèdèé ìṣàwárí (scientific inquiry):** Ọmọdé yóò mú ìwàdéèdèé wọn nípa ìṣàwárí, kí wọn máa ẹ̀rí sí pé ẹ̀rí tí ó ní ìṣòro láti tẹ̀lé (scientific models) jẹ́ ẹ̀rí tí ó ní ìṣòro láti mú wọn ẹ̀rí sí ìṣàwárí.

**Ìwàdéèdèé ẹ̀rí tí ó ní ìṣòro láti tẹ̀lé (scientific models):** Ọmọdé yóò mú ìwàdéèdèé wọn nípa ẹ̀rí tí ó ní ìṣòro láti tẹ̀lé, kí wọn máa ẹ̀rí sí pé ẹ̀rí tí ó ní ìṣòro láti tẹ̀lé kò ní ìṣòro láti mú wọn ẹ̀rí sí ìṣàwárí, àti pé wọn ẹ̀rí tí ó ní ìṣòro láti tẹ̀lé ní àwọn ìlànà tí a lè rí ní àgbàlá (observation-based models).

**Ìwàdéèdèé ìṣàwárí (scientific inquiry):** Ọmọdé yóò mú ìwàdéèdèé wọn nípa ìṣàwárí, kí wọn máa ẹ̀rí sí pé ẹ̀rí tí ó ní ìṣòro láti tẹ̀lé (scientific models) jẹ́ ẹ̀rí tí ó ní ìṣòro láti mú wọn ẹ̀rí sí ìṣàwárí.

**Ìwàdéèdèé ẹ̀rí tí ó ní ìṣòro láti tẹ̀lé (scientific models):** Ọmọdé yóò mú ìwàdéèdèé wọn nípa ẹ̀rí tí ó ní ìṣòro láti tẹ̀lé, kí wọn máa ẹ̀rí sí pé ẹ̀rí tí ó ní ìṣòro láti tẹ̀lé kò ní ìṣòro láti mú wọn ẹ̀rí sí ìṣàwárí, àti pé wọn ẹ̀rí tí ó ní ìṣòro láti tẹ̀lé ní àwọn ìlànà tí a lè rí ní àgbàlá (observation-based models).

**Ìwàdéèdèé ìṣàwárí (scientific inquiry):** Ọmọdé yóò mú ìwàdéèdèé wọn nípa ìṣàwárí, kí wọn máa ẹ̀rí sí pé ẹ̀rí tí ó ní ìṣòro láti tẹ̀lé (scientific models) jẹ́ ẹ̀rí tí ó ní ìṣòro láti mú wọn ẹ̀rí sí ìṣàwárí.

**Ìwàdéèdèé ẹ̀rí tí ó ní ìṣòro láti tẹ̀lé (scientific models):** Ọmọdé yóò mú ìwàdéèdèé wọn nípa ẹ̀rí tí ó ní ìṣòro láti tẹ̀lé, kí wọn máa ẹ̀rí sí pé ẹ̀rí tí ó ní ìṣòro láti tẹ̀lé kò ní ìṣòro láti mú wọn ẹ̀rí sí ìṣàwárí, àti pé wọn ẹ̀rí tí ó ní ìṣòro láti tẹ̀lé ní àwọn ìlànà tí a lè rí ní àgbàlá (observation-based models).

**Ìwàdéèdèé ìṣàwárí (scientific inquiry):** Ọmọdé yóò mú ìwàdéèdèé wọn nípa ìṣàwárí, kí wọn máa ẹ̀rí sí pé ẹ̀rí tí ó ní ìṣòro láti tẹ̀lé (scientific models) jẹ́ ẹ̀rí tí ó ní ìṣòro láti mú wọn ẹ̀rí sí ìṣàwárí.

**Ìwàdéèdèé ẹ̀rí tí ó ní ìṣòro láti tẹ̀lé (scientific models):** Ọmọdé yóò mú ìwàdéèdèé wọn nípa ẹ̀rí tí ó ní ìṣòro láti tẹ̀lé, kí wọn máa ẹ̀rí sí pé ẹ̀rí tí ó ní ìṣòro láti tẹ̀lé kò ní ìṣòro láti mú wọn ẹ̀rí sí ìṣàwárí, àti pé wọn ẹ̀rí tí ó ní ìṣòro láti tẹ̀lé ní àwọn ìlànà tí a lè rí ní àgbàlá (observation-based models).

**Ìwàdéèdèé ìṣàwárí (scientific inquiry):** Ọmọdé yóò mú ìwàdéèdèé wọn nípa ìṣàwárí, kí wọn máa ẹ̀rí sí pé ẹ̀rí tí ó ní ìṣòro láti tẹ̀lé (scientific models) jẹ́ ẹ̀rí tí ó ní ìṣòro láti mú wọn ẹ̀rí sí ìṣàwárí.

**Ìwàdéèdèé ẹ̀rí tí ó ní ìṣòro láti tẹ̀lé (scientific models):** Ọmọdé yóò mú ìwàdéèdèé wọn nípa ẹ̀rí tí ó ní ìṣòro láti tẹ̀lé, kí wọn máa ẹ̀rí sí pé ẹ̀rí tí ó",True,262.6041973999236,11077,8192,0.0
B,"

**Ìbéèrè Gidi:**

Ní àwọn èrò-ìfojúsùn tí Àwárí Àyíká Àdánidá (The Art of Discovery) yàn, àwọn ẹ̀kọ́-ìṣàwárí láti mú àwọn akẹ́kọ̀ọ́ sí ìrìn ìṣẹ̀sókè tí ó ní ìpínlẹ̀ ìdíwọ́ (free fall) nígbà tí wọ́n ń mú ìwàdéèdèé àwọn àbájáde sáyẹ́ǹsì. Ìṣe-àṣèyẹwò tí yóò jẹ́ kí olùkọ́ rí ẹ̀rí tó dára nípa ìmọ̀ àtijọ́ àwọn akẹ́kọ̀ọ́ lórí ohun-ẹ̀kọ́ yìí ni **C**, bíi wọ́n fi hàn nínú yíyà kan ohun tí ìtọ́ka ìsẹ̀sókè bọ́ọ̀lù tẹníìsì jẹ́ nígbà tí ó wà nínú afẹ́fẹ́ láti ọ̀dọ̀ agbábọ́ọ̀lù kan sí òmíràn. 

**Ìdáhùn:**

- **C** yàn ìṣe-àṣèyẹwò tí ó mú àwọn akẹ́kọ̀ọ́ sí ìrìn ìdíwọ́ nígbà tí wọ́n ń wà nínú afẹ́fẹ́ láti ọ̀dọ̀ agbábọ́ọ̀lù sí òmíràn. Ìtọ́ka tẹníìsì jẹ́ ohun tí wọ́n máa wò ní àgbàlá, àti ìdíwọ́ wọn nípa ìrìn ìsẹ̀sókè wọn ní ìdíwọ́ (free fall) lè mú wọn sí ìmọ̀ àtijọ́ tí ó ní ìpínlẹ̀ ìdíwọ́ nígbà tí wọ́n ń mú ìwàdéèdèé àwọn àbájáde sáyẹ́ǹsì. Ìṣe-àṣèyẹwò yìí mú wọn sí ìrìn ìdíwọ́ nípa ìdíwọ́ (free fall) láti ọ̀dọ̀ agbábọ́ọ̀lù sí òmíràn, tí ó jẹ́ ẹ̀rí tó dára pé wọn máa wò nǹkan tí ó ní ìpínlẹ̀ ìdíwọ́ ní àgbàlá, àti pé wọn máa ṣe ìdíwọ́ láti mú ìwàdéèdèé àwọn àbájáde sáyẹ́ǹsì.

**Dúró Gẹ́lẹ́:**

- **A** (Santiago ya àwọn òkúta oríṣiríṣi ìwọ̀n): Ìṣe-àṣèyẹwò yìí mú wọn sí ìrìn ìdíwọ́, àti wọn máa wò pé ìdíwọ́ (free fall) jẹ́ nípa ìrìn ìsẹ̀sókè tí ó kò ní ìdíwọ́ tí ìwọ̀n (air resistance) lè mú. Gẹ́gẹ́ bí wọn ń mú ìwàdéèdèé àwọn àbájáde sáyẹ́ǹsì, wọn máa wò pé ìdíwọ́ (free fall) jẹ́ nípa ìrìn ìsẹ̀sókè tí ó ní ìpínlẹ̀ ìdíwọ́, kí ó kò jẹ́ ìdíwọ́ tí ìwọ̀n lè mú. Nítorí náà, **C** jẹ́ ẹ̀rí tó dára kí wọn máa wò ìdíwọ́ (free fall) ní àgbàlá.

- **B** (Pablo wo ṣíbí náà, ó sì rí àfihàn ara rẹ̀): Ìṣe-àṣèyẹwò yìí mú wọn sí ìrìn ìdíwọ́, àti wọn máa wò pé ìdíwọ́ (free fall) jẹ́ nípa ìrìn ìsẹ̀sókè tí ó ní ìpínlẹ̀ ìdíwọ́, kí ó kò jẹ́ ìdíwọ́ tí ìwọ̀n lè mú. Nítorí náà, **C** jẹ́ ẹ̀rí tó dára kí wọn máa wò ìdíwọ́ (free fall) ní àgbàlá.

- **D** (Soledad pa àwọn irúgbìn díẹ̀ ní ọwọ́ rẹ̀): Ìṣe-àṣèyẹwò yìí mú wọn sí ìrìn ìdíwọ́, àti wọn máa wò pé ìdíwọ́ (free fall) jẹ́ nípa ìrìn ìsẹ̀sókè tí ó ní ìpínlẹ̀ ìdíwọ́, kí ó kò jẹ́ ìdíwọ́ tí ìwọ̀n lè mú. Nítorí náà, **C** jẹ́ ẹ̀rí tó dára kí wọn máa wò ìdíwọ́ (free fall) ní àgbàlá.

**Ìṣe-àṣèyẹwò C** jẹ́ ẹ̀rí tó dára pé wọn máa wò ìdíwọ́ (free fall) ní àgbàlá, àti pé wọn máa ṣe ìdíwọ́ láti mú ìwàdéèdèé àwọn àbájáde sáyẹ́ǹsì. Ìtọ́ka tẹníìsì jẹ́ ohun tí wọ́n máa wò ní àgbàlá, àti ìdíwọ́ wọn nípa ìrìn ìsẹ̀sókè wọn ní ìdíwọ́ (free fall) lè mú wọn sí ìmọ̀ àtijọ́ tí ó ní ìpínlẹ̀ ìdíwọ́ nígbà tí wọ́n ń mú ìwàdéèdèé àwọn àbájáde sáyẹ́ǹsì. 

**Àwọn ìdáhùn:**
- **C** mú àwọn akẹ́kọ̀ọ́ sí ìrìn ìdíwọ́ ní àgbàlá láti mú ìwàdéèdèé àwọn àbájáde sáyẹ́ǹsì.
- **C** mú wọn sí ìmọ̀ àtijọ́ tí ó ní ìpínlẹ̀ ìdíwọ́ nígbà tí wọ́n ń mú ìwàdéèdèé àwọn àbájáde sáyẹ́ǹsì.
- **C** jẹ́ ẹ̀rí tó dára pé wọn máa wò ìdíwọ́ (free fall) ní àgbàlá.

**Àwọn ìgbésẹ̀ tí kò jẹ́:**
- **A** mú wọn sí ìrìn ìdíwọ́, kí ó kò jẹ́ ìdíwọ́ tí ìwọ̀n lè mú.
- **B** mú wọn sí ìrìn ìdíwọ́, kí ó kò jẹ́ ìdíwọ́ tí ìwọ̀n lè mú.
- **D** mú wọn sí ìrìn ìdíwọ́, kí ó kò jẹ́ ìdíwọ́ tí ìwọ̀n lè mú.

**Ìṣe-àṣèyẹwò C** jẹ́ ẹ̀rí tó dára pé wọn máa wò ìdíwọ́ (free fall) ní àgbàlá, àti pé wọn máa ṣe ìdíwọ́ láti mú ìwàdéèdèé àwọn àbájáde sáyẹ́ǹsì.",True,58.16152109997347,5502,2545,454.0
D,"

**Dápàtàkì: D**

**Ìdáhùn:**  
Ní àṣàdédé Doppler, ìṣẹ̀lẹ̀ ohùn (pitch) máa n àtúnṣe bíi àwọn ìgbì méjèèjì (sound waves) ń mú sí àwọn ẹ̀kọ́ tàbí ń lòdì. Nígbà tí àwọn ìgbì méjèèjì ń mú sí ẹ̀kọ́, ó máa n **dídùn** (compress), kí ìsíwájú ọ̀sán (frequency) máa n **dán**, kí ìwọ̀n ohùn máa n **dán** (higher pitch). Nígbà tí wọn ń lòdì, ó máa n **búbúrú** (stretch), kí ìsíwájú ọ̀sán máa n **kùn**, kí ìwọ̀n ohùn máa n **kùn** (lower pitch). 

**Ìgbésẹ̀ D** jẹ́ kíláàsì tí ó mú àwọn akẹ́kọ̀ọ́ láti **ṣeé ṣe** (think) nípa ìyípadà ìwọ̀n ohùn nítorí Doppler, láti wí pé ó **dán** nítorí àwọn ìgbì méjèèjì ń mú sí, **kùn** nítorí wọn ń lòdì. Ìdáhùn náà múlò **ìyẹn ìṣàwárí** (scientific explanation) pé ìsíwájú ọ̀sán àti ìbùúgbààrá (wavelength) ń àtúnṣe bíi àwọn ìgbì méjèèjì ń mú tàbí lòdì, kí ìwọ̀n ohùn máa n **dán** tàbí **kùn**. Ìgbésẹ̀ náà **ń mú ìyẹn ìṣàwárí** (provides the correct scientific reasoning) àti **ń mú àwọn akẹ́kọ̀ọ́ láti ṣeé ṣe** (encourages critical thinking), kí wọn lè mọ̀ pé Doppler effect jẹ́ ìpa tí ó mú ìwọ̀n ohùn láti àtúnṣe bíi àwọn ìgbì méjèèjì ń mú sí ẹ̀kọ́ tàbí ń lòdì. 

**Ìgbésẹ̀ A, B, àti C** kò mú ìyẹn ìṣàwárí tí ó wà ní Doppler effect, tàbí kò mú àwọn akẹ́kọ̀ọ́ láti ṣeé ṣe. Nítorí náà, **D** jẹ́ àwọn ìgbésẹ̀ tí ó **dára jùlọ** fún ète ẹ̀kọ́ wọ̀nyí.",True,37.0454555999022,4823,1364,608.0
B,"**Dápàwò: D**

**Ìdáhùn:**
Ìbéèrè D jẹ́ kíláàsì kí olùkọ́ máa fi ìlànà Cahn-Ingold-Prelog láti mọ irúfẹ́ R àti S tí àwọn àdàpọ̀ márùn-ún (5) wọ́n sábà máa ń lò. Ìlànà wọn náà jẹ́ ìgbéwò ìjẹ́pàtàkì tí a ń lò ní gbogbo ọjọ́ ayé láti tẹ̀lé irúfẹ́ stereoisomer (R/S) tí a ń lò ní stereochemistry. Ní àwọn ẹ̀kọ́ tí a ń lò ní Stereochemistry àti Isomerism, ìlànà Cahn-Ingold-Prelog jẹ́ ìgbéwò kíláàsì kí olùkọ́ máa tẹ̀lé irúfẹ́ R/S nípa àwọn àdàpọ̀ tí wọn ń lò. 

**Ìdína:**
- **Ìlànà Cahn-Ingold-Prelog** (CIP) jẹ́ ìgbéwò tí a ń lò láti tẹ̀lé irúfẹ́ stereoisomer (R/S) nípa àwọn àdàpọ̀ tí wọn ń lò. Ìlànà wọn náà ní ìdína kí a máa tẹ̀lé ìpa tí àwọn àdína (atoms) wọn ní nípa àwọn àdína tí wọn ní (atomic number), àti láti tẹ̀lé irúfẹ́ R/S nípa ìdína tí àwọn àdína wọn ń mú (priority order).
- **Ìbéèrè D** ní ìdína kí olùkọ́ máa fi ìlànà CIP láti tẹ̀lé irúfẹ́ R/S tí àwọn àdàpọ̀ márùn-ún (5) wọn sábà máa ń lò, fún àpẹẹrẹ, fructose. Ìlànà wọn náà jẹ́ kíláàsì kí olùkọ́ máa tẹ̀lé irúfẹ́ stereoisomer nípa àwọn àdàpọ̀ tí wọn ń lò, àti láti múlò pé irúfẹ́ wọn náà jẹ́ R tàbí S.

**Ìdína tí ìbéèrè D jẹ́ kíláàsì:**
1. **Ìdína kíláàsì:** Ìbéèrè D ní ìdína kí olùkọ́ máa fi ìlànà CIP láti tẹ̀lé irúfẹ́ R/S tí àwọn àdàpọ̀ márùn-ún (5) wọn sábà máa ń lò. Ìlànà wọn náà jẹ́ kíláàsì kí olùkọ́ máa tẹ̀lé irúfẹ́ stereoisomer nípa àwọn àdàpọ̀ tí wọn ń lò.
2. **Ìdína tí a ń lò ní gbogbo ọjọ́ ayé:** Ìlànà CIP jẹ́ ìgbéwò tí a ń lò ní gbogbo ọjọ́ ayé láti tẹ̀lé irúfẹ́ stereoisomer (R/S) nípa àwọn àdàpọ̀ tí wọn ń lò. Ìbéèrè D ní ìdína kí olùkọ́ máa tẹ̀lé irúfẹ́ stereoisomer nípa àwọn àdàpọ̀ tí wọn ń lò.
3. **Ìdína tí a ń lò ní Stereochemistry àti Isomerism:** Ìbéèrè D ní ìdína kí olùkọ́ máa tẹ̀lé irúfẹ́ stereoisomer nípa àwọn àdàpọ̀ tí wọn ń lò, àti láti múlò pé irúfẹ́ wọn náà jẹ́ R tàbí S.

**Ìdína tí ìbéèrè D kò jẹ́ kíláàsì:**
- **Ìbéèrè A** ní ìdína kí olùkọ́ máa ronú lórí àwọn ipa ọrọ̀-ajé ti gbígbé oògùn tí ó ní R àti S isomers jáde. Ìdína wọn náà kò jẹ́ kíláàsì kí olùkọ́ máa tẹ̀lé irúfẹ́ stereoisomer nípa àwọn àdàpọ̀ tí wọn ń lò.
- **Ìbéèrè B** ní ìdína kí olùkọ́ máa ṣèwádìí nípa ìpa tí lílo oògùn méjì tí wọ́n jẹ́ enantiomers fúnra wọn ní lórí ìlera ènìyàn. Ìdína wọn náà kò jẹ́ kíláàsì kí olùkọ́ máa tẹ̀lé irúfẹ́ stereoisomer nípa àwọn àdàpọ̀ tí wọn ń lò.
- **Ìbéèrè C** ní ìdína kí olùkọ́ máa fi àwọn ìwà-físíòkẹ́míkà (physicochemical properties) tí ó wà lára R àti S sitírioísómà (stereoisomer) àwọn èròjà márùn-ún (5) tí a sábà máa ń lò wé ara wọn, fún àpẹẹrẹ, ìbúprófẹ̀nì (ibuprofen). Ìdína wọn náà kò jẹ́ kíláàsì kí olùkọ́ máa tẹ̀lé irúfẹ́ stereoisomer nípa àwọn àdàpọ̀ tí wọn ń lò.

**Ìdína tí ìbéèrè D jẹ́ kíláàsì:**
- **Ìlànà Cahn-Ingold-Prelog** (CIP) jẹ́ ìgbéwò tí a ń lò láti tẹ̀lé irúfẹ́ stereoisomer (R/S) nípa àwọn àdàpọ̀ tí wọn ń lò. Ìlànà wọn náà ní ìdína kí a máa tẹ̀lé ìpa tí àwọn àdína (atoms) wọn ní nípa àwọn àdína tí wọn ní (atomic number), àti láti tẹ̀lé irúfẹ́ R/S nípa ìdína tí àwọn àdína wọn ń mú (priority order).
- **Ìbéèrè D** ní ìdína kí olùkọ́ máa fi ìlànà CIP láti tẹ̀lé irúfẹ́ R/S tí àwọn àdàpọ̀ márùn-ún (5) wọn sábà máa ń lò, fún àpẹẹrẹ, fructose. Ìlànà wọn náà jẹ́ kíláàsì kí olùkọ́ máa tẹ̀lé irúfẹ́ stereoisomer nípa àwọn àdàpọ̀ tí wọn ń lò, àti láti múlò pé irúfẹ́ wọn náà jẹ́ R tàbí S.

**Ìdína tí ìbéèrè D kò jẹ́ kíláàsì:**
- **Ìbéèrè A** ní ìdína kí olùkọ́ máa ronú lórí àwọn ipa ọrọ̀-ajé ti gbígbé oògùn tí ó ní R àti S isomers jáde. Ìdína wọn náà kò jẹ́ kíláàsì kí olùkọ́ máa tẹ̀lé irúfẹ́ stereoisomer nípa àwọn àdàpọ̀ tí wọn ń lò.
- **Ìbéèrè B** ní ìdína kí olùkọ́ máa ṣèwádìí nípa ìpa tí lílo oògùn méjì tí wọ́n jẹ́ enantiomers fúnra wọn ní lórí ìlera ènìyàn. Ìdína wọn náà kò jẹ́ kíláàsì kí olùkọ́ máa tẹ̀lé irúfẹ́ stereoisomer nípa àwọn àdàpọ̀ tí wọn ń lò.
- **Ìbéèrè C** ní ìdína kí olùkọ́ máa fi àwọn ìwà-físíòkẹ́míkà (physicochemical properties) tí ó wà lára R àti S sitírioísómà (stereoisomer) àwọn èròjà márùn-ún (5) tí a sábà máa ń lò wé ara wọn, fún àpẹẹrẹ, ìbúprófẹ̀nì (ibuprofen). Ìdína wọn náà kò jẹ́ kíláàsì kí olùkọ́ máa tẹ̀lé irúfẹ́ stereoisomer nípa àwọn àdàpọ̀ tí wọn ń lò.

**Ìdína tí ìbéèrè D jẹ́ kíláàsì:**
- **Ìlànà Cahn-Ingold-Prelog** (CIP) jẹ́ ìgbéwò tí a ń lò láti tẹ̀lé irúfẹ́ stereoisomer (R/S) nípa àwọn àdàpọ̀ tí wọn ń lò. Ìlànà wọn náà ní ìdína kí a máa tẹ̀lé ìpa tí àwọn àdína (atoms) wọn ní nípa àwọn àdína tí wọn ní (atomic number), àti láti tẹ̀lé irúfẹ́ R/S nípa ìdína tí àwọn àdína wọn ń mú (priority order).
- **Ìbéèrè D** ní ìdína kí olùkọ́ máa fi ìlànà CIP láti tẹ̀lé irúfẹ́ R/S tí àwọn àdàpọ̀ márùn-ún (5) wọn sábà máa ń lò, fún àpẹẹrẹ, fructose. Ìlànà wọn náà jẹ́ kíláàsì kí olùkọ́ máa tẹ̀lé irúfẹ́ stereoisomer nípa àwọn àdàpọ̀ tí wọn ń lò, àti láti múlò pé irúfẹ́ wọn náà jẹ́ R tàbí S.

**Ìdína tí ìbéèrè D kò jẹ́ kíláàsì:**
- **Ìbéèrè A** ní ìdína kí olùkọ́ máa ronú lórí àwọn ipa ọrọ̀-ajé ti gbígbé oògùn tí ó ní R àti S isomers jáde. Ìdína wọn náà kò jẹ́ kíláàsì kí olùkọ́ máa tẹ̀lé irúfẹ́ stereoisomer nípa àwọn àdàpọ̀ tí wọn ń lò.
- **Ìbéèrè B** ní ìdína kí olùkọ́ máa ṣèwádìí nípa ìpa tí lílo oògùn méjì tí wọ́n jẹ́ enantiomers fúnra wọn ní lórí ìlera ènìyàn. Ìdína wọn náà kò jẹ́ kíláàsì kí olùkọ́ máa tẹ̀lé irúfẹ́ stereoisomer nípa àwọn àdàpọ̀ tí wọn ń lò.
- **Ìbéèrè C** ní ìdína kí olùkọ́ máa fi àwọn ìwà-físíòkẹ́míkà (physicochemical properties) tí ó wà lára R àti S sitírioísómà (stereoisomer) àwọn èròjà márùn-ún (5) tí a sábà máa ń lò wé ara wọn, fún àpẹẹrẹ, ìbúprófẹ̀nì (ibuprofen). Ìdína wọn náà kò jẹ́ kíláàsì kí olùkọ́ máa tẹ̀lé irúfẹ́ stereoisomer nípa àwọn àdàpọ̀ tí wọn ń lò.

**Ìdína tí ìbéèrè D jẹ́ kíláàsì:**
- **Ìlànà Cahn-Ingold-Prelog** (CIP) jẹ́ ìgbéwò tí a ń lò láti tẹ̀lé irúfẹ́ stereoisomer (R/S) nípa àwọn àdàpọ̀ tí wọn ń lò. Ìlànà wọn náà ní ìdína kí a máa tẹ̀lé ìpa tí àwọn àdína (atoms) wọn ní nípa àwọn àdína tí wọn ní (atomic number), àti láti tẹ̀lé irúfẹ́ R/S nípa ìdína tí àwọn àdína wọn ń mú (priority order).
- **Ìbéèrè D** ní ìdína kí olùkọ́ máa fi ìlànà CIP láti tẹ̀lé irúfẹ́ R/S tí àwọn àdàpọ̀ márùn-ún (5) wọn sábà máa ń lò, fún àpẹẹrẹ, fructose. Ìlànà wọn náà jẹ́ kíláàsì kí olùkọ́ máa tẹ̀lé irúfẹ́ stereoisomer nípa àwọn àdàpọ̀ tí wọn ń lò, àti láti múlò pé irúfẹ́ wọn náà jẹ́ R tàbí S.

**Ìdína tí ìbé",True,40.24005110003054,6985,4000,
A,"**Ìbéèrè Gidi:**

Ní àwọn ìgbésẹ̀ tí a lè dáhùn ìyèméjì akẹ́kọ̀ọ́ tí ó kọ́ pé mayonnaise àti gelatin jẹ́ àdàlù ìrísí (homogeneous mixtures), irú ìgbòkègbodò **A** (Nígbà tí wọn lo ipa Tyndall nínú àrá-àwòkùsì onígbèéró kan tí ó wọ́pọ̀) jẹ́ irú tí yóò jẹ́ kí olùkọ́ náà ṣiṣẹ́ lórí àwọn ànímọ́ kọ́lóìdì. 

**Ìdáhùn:**
- **Ipa Tyndall** jẹ́ ìgbésẹ̀ tí ó wà ní ìdílẹ̀ ìwọ̀n nípa kọ́lóìdì. Ní àrá-àwòkùsì, tí wọn fi ẹ̀rò àwòkùsì (bíi lápàpà) mú sí àwọn kọ́lóìdì (bíi mayonnaise àti gelatin), ẹ̀rò láàrin àwọn èérún tí ó wà ní irú kọ́lóìdì yìí yóò wù ọ́, ó wù ọ́ nípa ipa Tyndall. Nígbà tí wọn ń mú sí àdàlù ìrísí (bíi omi àti ẹ̀rò sókè), ẹ̀rò kò yóò wù ọ́. Ìgbésẹ̀ náà yóò dá àwọn akẹ́kọ̀ọ́ mọ̀ pé kọ́lóìdì jẹ́ àdàlù tí ó kò jẹ́ ìrísí, àti pé wọn jẹ́ àdàlù tí ó wà ní àwọn èérún tí ó kò rí, tí ó kò bá lè mú sí wọn nígbà tí wọn ń mú sí wọn ní àrá-àwòkùsì. 

**Ìgbòkègbodò:**
- **A** (Ipa Tyndall) jẹ́ irú tí yóò dá àwọn akẹ́kọ̀ọ́ mọ̀ pé kọ́lóìdì kò jẹ́ àdàlù ìrísí, àti pé wọn jẹ́ àdàlù tí ó wà ní àwọn èérún tí ó kò rí, tí ó kò bá lè mú sí wọn nígbà tí wọn ń mú sí wọn ní àrá-àwòkùsì. 

**Ìwé iṣẹ́:**
- **A** jẹ́ irú tí yóò jẹ́ kí olùkọ́ náà ṣiṣẹ́ lórí àwọn ànímọ́ kọ́lóìdì láti dáhùn ìyèméjì akẹ́kọ̀ọ́ náà.",True,13.88519709999673,4367,1399,
C,"**Dáhùn ìbéèrè gidi nìkan:**

**C. Olùkọ́ náà kọ àwọn fọ́múlà ti dioxo àti monooksíìdì bàbà sórí pátákó, àti pé àwọn akẹ́kọ̀ọ́ dáhùn sí ìbéèrè àròjinlẹ̀ tí ó tẹ̀lé: ""Báwo ni a ṣe lè mọ ìyàtọ̀ láàárín àwọn èròjà méjèèjì náà nínú ìlànà ìpè-orúkọ Stock bí oksíìdì irin náà bá ní ìparapọ̀ kan náà ti àwọn èròjà kẹ́míkà?""**

---

**Ìdí:**

1. **Ìṣòro tí olùkọ́ rí lára àwọn akẹ́kọ̀ọ́ rẹ̀:**  
   Àwọn akẹ́kọ̀ọ́ kò yé ìdí tí wọ́n fi gbọ́dọ̀ fi wéleénsí (valence) irin hàn nípa lílo nọ́ńbà Róòmù nínú àwọn ọ̀ràn díẹ̀ péré. Wọn kò le ṣe lè tẹ̀lẹ̀ oxidation state (ìyàtọ̀) irin láti tẹ̀lẹ̀ orúkọ àwọn oxide irin nípa nóménkléṣọ̀ Stock.

2. **Ìṣẹ́ tí ó tẹ̀lé yìí ló tọ́ka sí ìṣòro yìí:**  
   - **Option C** fi àwọn fọ́múlà oxide irin (dioxo àti monooksíìdì) sórí pátákó láti mú àwọn akẹ́kọ̀ọ́ láti ṣe ìdánilójú bí a ṣe lè tẹ̀lẹ̀ oxidation state irin láti àwọn fọ́múlà wọ̀nyí.  
   - Ìbéèrè tí olùkọ́ dáhùn (""Báwo ni a ṣe lè mọ ìyàtọ̀ láàárín àwọn èròjà méjèèjì náà..."") mú àwọn akẹ́kọ̀ọ́ láti ṣe ìdánilójú bí a ṣe lè tẹ̀lẹ̀ oxidation state irin láti àwọn èròjà kẹ́míkà tí wọ́n ń ṣeé.  
   - Ní àwọn oxide irin, oxidation state irin yàtọ̀ pẹ̀lú oxidation state oxygen (ìyàtọ̀ -2). Nígbà tí fọ́múlà oxide wà, àwọn akẹ́kọ̀ọ́ máa ṣe ìdánilójú bí a ṣe lè tẹ̀lẹ̀ oxidation state irin láti àwọn èròjà wọ̀nyí. Nígbà tí wọ́n rí pé oxidation state irin yàtọ̀, wọ́n máa fi nọ́ńbà Róòmù hàn nínú orúkọ nípa nóménkléṣọ̀ Stock (e.g., FeO = iron(II) oxide, Fe₂O₃ = iron(III) oxide).

3. **Ìdí tí àwọn ìṣẹ́ wọn kò tọ́ka sí ìṣòro yìí:**  
   - **Option A** mú àwọn akẹ́kọ̀ọ́ láti ṣe ìdí tí wọ́n máa tẹ̀lẹ̀ oxidation state irin, kí wọ́n sì ṣe ìdáláre fún ìdí tí wọ́n ń fi ní àwọn ìlànà kẹ́míkà. Nítorí pé wọn kò yé ìdí tí wọ́n fi tẹ̀lẹ̀ oxidation state láti fọ́múlà, wọn kò máa ṣe ìdánilójú bí a ṣe lè tẹ̀lẹ̀ oxidation state láti fọ́múlà.  
   - **Option B** mú àwọn akẹ́kọ̀ọ́ láti ṣe orúkọ oxide irin nípa nóménkléṣọ̀ Stock, kí wọ́n sì ṣe ìdánilójú ""Kí nìdí tí àwọn ásáídì irin oríṣiríṣi tí a mẹ́nubà fi ní orúkọ tí ó yàtọ̀?"" Nítorí pé wọn kò yé ìdí tí wọ́n fi tẹ̀lẹ̀ oxidation state láti fọ́múlà, wọn kò máa ṣe ìdánilójú bí a ṣe lè tẹ̀lẹ̀ oxidation state láti fọ́múlà.  
   - **Option D** mú àwọn akẹ́kọ̀ọ́ láti kọ oríṣi oxide irin tí àwọn irin wọ̀nyí lè dá sínú ìwé àkọsílẹ̀ wọn, kí wọ́n sì ṣe ìdánilójú ""Èéṣe tí àwọn irin kan fi lè parapọ̀ ní onírúurú ìwọ̀n pẹ̀lú afẹ́fẹ́ atẹ́gùn (oxygen)..."" Nítorí pé wọn kò yé ìdí tí wọ́n fi tẹ̀lẹ̀ oxidation state láti fọ́múlà, wọn kò máa ṣe ìdánilójú bí a ṣe lè tẹ̀lẹ̀ oxidation state láti fọ́múlà.

---

**Pèsè lẹ́tà fún ìdáhùn rẹ nìkan:**  
Option C mú àwọn akẹ́kọ̀ọ́ láti ṣe ìdánilójú bí a ṣe lè tẹ̀lẹ̀ oxidation state irin láti àwọn fọ́múlà oxide irin, kí wọ́n máa fi nọ́ńbà Róòmù hàn nínú orúkọ nípa nóménkléṣọ̀ Stock. Nítorí pé wọn kò yé ìdí tí wọ́n fi tẹ̀lẹ̀ oxidation state láti fọ́múlà, wọn máa ṣe ìdánilójú bí a ṣe lè tẹ̀lẹ̀ oxidation state láti fọ́múlà, kí wọ́n máa ṣe lè tẹ̀lẹ̀ orúkọ oxide irin nípa nóménkléṣọ̀ Stock.

---

**Dúró gẹ́lẹ́ lẹ́yìn lẹ́tà náà:**  
Option C mú àwọn akẹ́kọ̀ọ́ láti ṣe ìdánilójú bí a ṣe lè tẹ̀lẹ̀ oxidation state irin láti àwọn fọ́múlà oxide irin, kí wọ́n máa fi nọ́ńbà Róòmù hàn nínú orúkọ nípa nóménkléṣọ̀ Stock. Nítorí pé wọn kò yé ìdí tí wọ́n fi tẹ̀lẹ̀ oxidation state láti fọ́múlà, wọn máa ṣe ìdánilójú bí a ṣe lè tẹ̀lẹ̀ oxidation state láti fọ́múlà, kí wọ́n máa ṣe lè tẹ̀lẹ̀ orúkọ oxide irin nípa nóménkléṣọ̀ Stock.",True,61.97614869987592,6209,2641,0.0
B,"**Dáhùn ìbéèrè gidi nìkan:**

**A. Wọ́n a wádìí àwọn ohun tó fa gbígbọ́n àti sísiwájú ìgo onírungbọ̀n omi dídùn (soda) náà.**

**Ìdílọ́wọ́:**

Ìgbésẹ̀ A jẹ́ àwọn ìdáhùn tí ó lè mú àwọn akẹ́kọ̀ọ́ láti ṣe ìdánwò nípa ìmọ̀ ìjìnlẹ̀ (scientific literacy) nípa **solubility** àti **ìlò ohun tí ń jẹ́ àfiyèsí**. Ní àwọn ẹ̀rọ̀ wọ̀nyí, àwọn akẹ́kọ̀ọ́ máa ń wádìí àwọn ohun tí ó máa ń nípa lórí bí nǹkan ṣe máa ń yọ́ nínú omi (solubility) àti bí a ṣe lè lò wọ́n. 

- **Solubility** (ìmọ̀ pé ohun tí ó máa ń yọ́ nínú omi): Àwọn akẹ́kọ̀ọ́ máa ń wádìí àwọn ohun tó fa gbígbọ́n (solid) àti sísiwájú (liquid) nípa ìgo onírungbọ̀n omi dídùn (soda). Ní àwọn ìdáhùn wọ̀nyí, wọ́n máa ń wò bí ohun tí ó máa ń yọ́ nínú omi (e.g., soda) àti ohun tí ó kò máa ń yọ́ (e.g., sand). Ìdí wọ̀nyí lè mú wọ́n láti mọ̀ pé ohun tí ó máa ń yọ́ nínú omi jẹ́ **soluble**, àti ohun tí ó kò máa ń yọ́ jẹ́ **insoluble**.

- **Ìlò ohun tí ń jẹ́ àfiyèsí** (separation methods): Ní àwọn ìdáhùn wọ̀nyí, àwọn akẹ́kọ̀ọ́ máa ń wò bí a ṣe lè lò ohun tí ó máa ń yọ́ nínú omi (e.g., soda) láti omi. Ní àwọn ìdáhùn tí ó máa ń wádìí, wọ́n máa ń wò bí a ṣe lè **filter** ohun tí ó kò máa ń yọ́ (e.g., sand) láti omi, tàbí bí a ṣe lè **evaporate** omi láti mú ohun tí ó máa ń yọ́ (e.g., salt) sílẹ̀. Ìdí wọ̀nyí lè mú wọ́n láti mọ̀ pé **filtration** àti **evaporation** jẹ́ àwọn ìlò tí ó máa ń lò ohun tí ń jẹ́ àfiyèsí.

**Ìdílọ́wọ́ pé ìgbésẹ̀ A jẹ́ kíláàsì:**

- **Ìdílọ́wọ́ nípa solubility:** Àwọn akẹ́kọ̀ọ́ máa ń wò bí ohun tí ó máa ń yọ́ nínú omi (e.g., soda) àti ohun tí ó kò máa ń yọ́ (e.g., sand). Ìdí wọ̀nyí lè mú wọ́n láti mọ̀ pé ohun tí ó máa ń yọ́ nínú omi jẹ́ **soluble**, àti ohun tí ó kò máa ń yọ́ jẹ́ **insoluble**.

- **Ìdílọ́wọ́ nípa ìlò ohun tí ń jẹ́ àfiyèsí:** Àwọn akẹ́kọ̀ọ́ máa ń wò bí a ṣe lè lò ohun tí ó máa ń yọ́ nínú omi (e.g., soda) láti omi. Ní àwọn ìdáhùn tí ó máa ń wádìí, wọ́n máa ń wò bí a ṣe lè **filter** ohun tí ó kò máa ń yọ́ (e.g., sand) láti omi, tàbí bí a ṣe lè **evaporate** omi láti mú ohun tí ó máa ń yọ́ (e.g., salt) sílẹ̀. Ìdí wọ̀nyí lè mú wọ́n láti mọ̀ pé **filtration** àti **evaporation** jẹ́ àwọn ìlò tí ó máa ń lò ohun tí ń jẹ́ àfiyèsí.

**Ìdílọ́wọ́ pé ìgbésẹ̀ wọn kò jẹ́ kíláàsì:**

- **B. Nínú ìwé iṣẹ́ kan níbi tí a ti tọ́ka sí àwọn ànímọ́ tí a lè wò pẹ̀lú díẹ̀ lára àwọn ẹ̀yà-ara-ìmọ̀ (dídùn/óòjẹ̀, àwọ̀-búlúù/pupa-rẹ́dẹ̀, rírọ̀/líle, òórùn dídùn/òórùn búburú), ṣètò àwọn èso náà gẹ́gẹ́ bí àwọn ìlànà wọ̀nyí.**  
  Ìgbésẹ̀ B jẹ́ àwọn ìdáhùn tí ó máa ń wádìí àwọn ẹ̀yà-ara-ìmọ̀, kò kíláàsì nípa solubility àti ìlò ohun tí ń jẹ́ àfiyèsí.

- **C. Nínú ìwé iṣẹ́ kan níbi tí a ti fi àwòrán du dúró fún ìmọ̀ kọ̀ọ̀kan, samisi àwọn ìdáhùn sí àwọn ìbéèrè wọ̀nyí: Ìmọ̀ wo ni o fi mọ̀ pé ọ̀gẹ̀dẹ̀ jẹ́ yẹ́lò? Èwo ni o fi mọ̀ pé píàrù dùn? Èwo ni o fi mọ̀ pé èpo ọ̀gẹ̀dẹ̀ dán? Èwo ni o fi mọ̀ pé òròró ń gbóòórùn dídùn?**  
  Ìgbésẹ̀ C jẹ́ àwọn ìdáhùn tí ó máa ń wádìí àwọn ẹ̀yà-ara-ìmọ̀, kò kíláàsì nípa solubility àti ìlò ohun tí ń jẹ́ àfiyèsí.

- **D. Nínú ìwé iṣẹ́ tí ó fi àwọn àwòrán àwọn èso wọ̀nyí hàn pẹ̀lú àwọn òpó lẹ́gbẹ̀ẹ́ wọn tí ó ní ojú ayọ̀ àti ojú ìbànújẹ́, ya àwọn ìdáhùn rẹ sí àwọn ìbéèrè wọ̀nyí: Nígbà tí o ń jẹ́ ìwọ́rọ̀ lára àgbalùmọ̀, o nímọ̀lára ayọ̀ tàbí ìbànújẹ́? Nígbà tí o rí àwọ̀ ọ̀gẹ̀dẹ̀, ó wù ọ́ tàbí kò wù ọ́? Nígbà tí o fọwọ́ kan èèpo píà, o nímọ̀lára ayọ̀ tàbí ìbànújẹ́? Nígbà tí o gbóòórùn àgbalùmọ̀, ó wù ọ́ tàbí kò wù ọ́?**  
  Ìgbésẹ̀ D jẹ́ àwọn ìdáhùn tí ó máa ń wádìí àwọn ẹ̀yà-ara-ìmọ̀, kò kíláàsì nípa solubility àti ìlò ohun tí ń jẹ́ àfiyèsí.

**Ìdílọ́wọ́ pé ìgbésẹ̀ A jẹ́ kíláàsì:**

- **Ìgbésẹ̀ A jẹ́ àwọn ìdáhùn tí ó lè mú àwọn akẹ́kọ̀ọ́ láti ṣe ìdánwò nípa solubility àti ìlò ohun tí ń jẹ́ àfiyèsí.** Ní àwọn ẹ̀rọ̀ wọ̀nyí, àwọn akẹ́kọ̀ọ́ máa ń wádìí àwọn ohun tí ó máa ń nípa lórí bí nǹkan ṣe máa ń yọ́ nínú omi (solubility) àti bí a ṣe lè lò wọ́n. Ìdí wọ̀nyí lè mú wọ́n láti mọ̀ pé ohun tí ó máa ń yọ́ nínú omi jẹ́ **soluble**, àti ohun tí ó kò máa ń yọ́ jẹ́ **insoluble**. Ní àwọn ìdáhùn tí ó máa ń wádìí, wọ́n máa ń wò bí a ṣe lè **filter** ohun tí ó kò máa ń yọ́ (e.g., sand) láti omi, tàbí bí a ṣe lè **evaporate** omi láti mú ohun tí ó máa ń yọ́ (e.g., salt) sílẹ̀. Ìdí wọ̀nyí lè mú wọ́n láti mọ̀ pé **filtration** àti **evaporation** jẹ́ àwọn ìlò tí ó máa ń lò ohun tí ń jẹ́ àfiyèsí.

**Ìdílọ́wọ́ pé ìgbésẹ̀ A jẹ́ kíláàsì:**

- **Ìgbésẹ̀ A jẹ́ àwọn ìdáhùn tí ó l",True,36.692460200050846,6976,4000,
C,"

**Àwọn ìdáhùn:**

1. **Ìgbésẹ̀ ìwádìí (Option D):**  
   Ní àkókò eré ọfẹ́ nínú àgbàlá, Soledad pa àwọn irúgbìn díẹ̀ ní ọwọ́ rẹ̀, ó sì sọ pé: “Ó ń gún!”  
   - **Ìgbàwọn:** Ìgbésẹ̀ náà ṣe ìdáhùn tí ó pàtàkì nípa èrò-ìfojúsùn kíláàsì nípẹ̀ tí a yàn “The Little Prince.” Ìṣẹ́ pH ní àwọn acid-base nípèlẹ̀ ní ìyàpà àwọn ohun èlò onítanǹkan (kíláàsì) tí wọ́n máa ń ṣe láti mú ìwàdéèdèé àwọn àbájáde ìwádìí sáyẹ́ǹsì.  
   - **Ìgbàwọn ìdáhùn:** Ní àwọn èrò-ìfojúsùn kíláàsì, ìdáhùn tí ó pàtàkì ni wò ìyàpà àwọn ohun èlò onítanǹkan (kíláàsì) tí wọ́n máa ń ṣe láti mú ìwàdéèdèé àwọn àbájáde. Ìgbésẹ̀ D ti múlò pé Soledad pa àwọn irúgbìn (kíláàsì) ní ọwọ́ rẹ̀, ó sì sọ pé “Ó ń gún!”—wọn ń mú ìwàdéèdèé àwọn àbájáde sáyẹ́ǹsì tí a yàn ní ètò pH. Ní àwọn ẹ̀kọ́ tí a yàn ní àwọn acid-base, ìyàpà àwọn ohun èlò onítanǹkan (kíláàsì) ni ìṣàwárí pàtàkì láti mú ìwàdéèdèé àwọn àbájáde. Ìgbésẹ̀ D ti mú ìwàdéèdèé àwọn àbájáde sáyẹ́ǹsì tí a yàn ní ètò pH, kí ó yẹ ìṣàwárí tí a lè dáhùn nípa ìlànà tí a máa ń ṣe láti mú ìwàdéèdèé àwọn àbájáde.  

2. **Ìgbésẹ̀ ìwádìí (Option B):**  
   Nígbà oúnjẹ ọ̀sán, Pablo wo ṣíbí náà, ó sì rí àfihàn ara rẹ̀, ó wí pé: “Wò ó, Pablo!”  
   - **Ìgbàwọn:** Ìgbésẹ̀ náà ti mú ìwàdéèdèé àwọn àbájáde tí a yàn ní ètò pH, kí láti mú ìwàdéèdèé àwọn àbájáde sáyẹ́ǹsì tí a yàn ní ètò pH.  
   - **Ìgbàwọn ìdáhùn:** Ní àwọn èrò-ìfojúsùn kíláàsì, ìdáhùn tí ó pàtàkì ni wò ìyàpà àwọn ohun èlò onítanǹkan (kíláàsì) tí wọ́n máa ń ṣe láti mú ìwàdéèdèé àwọn àbájáde. Ìgbésẹ̀ B ti mú ìwàdéèdèé àwọn àbájáde sáyẹ́ǹsì tí a yàn ní ètò pH, kí láti mú ìwàdéèdèé àwọn àbájáde sáyẹ́ǹsì tí a yàn ní ètò pH.  

3. **Ìgbésẹ̀ ìwádìí (Option C):**  
   Nígbà tí María ń ṣe iṣẹ́ ní àgbàlá, ó ń kó onírúurú ewé igi sínú apẹ̀rẹ̀ kan.  
   - **Ìgbàwọn:** Ìgbésẹ̀ náà ti mú ìwàdéèdèé àwọn àbájáde tí a yàn ní ètò pH, kí láti mú ìwàdéèdèé àwọn àbájáde sáyẹ́ǹsì tí a yàn ní ètò pH.  
   - **Ìgbàwọn ìdáhùn:** Ní àwọn èrò-ìfojúsùn kíláàsì, ìdáhùn tí ó pàtàkì ni wò ìyàpà àwọn ohun èlò onítanǹkan (kíláàsì) tí wọ́n máa ń ṣe láti mú ìwàdéèdèé àwọn àbájáde. Ìgbésẹ̀ C ti mú ìwàdéèdèé àwọn àbájáde sáyẹ́ǹsì tí a yàn ní ètò pH, kí láti mú ìwàdéèdèé àwọn àbájáde sáyẹ́ǹsì tí a yàn ní ètò pH.  

4. **Ìgbésẹ̀ ìwádìí (Option A):**  
   Nígbà ìrírí ẹ̀kọ́ kan, Santiago ya àwọn òkúta oríṣiríṣi ìwọ̀n.  
   - **Ìgbàwọn:** Ìgbésẹ̀ náà ti mú ìwàdéèdèé àwọn àbájáde tí a yàn ní ètò pH, kí láti mú ìwàdéèdèé àwọn àbájáde sáyẹ́ǹsì tí a yàn ní ètò pH.  
   - **Ìgbàwọn ìdáhùn:** Ní àwọn èrò-ìfojúsùn kíláàsì, ìdáhùn tí ó pàtàkì ni wò ìyàpà àwọn ohun èlò onítanǹkan (kíláàsì) tí wọ́n máa ń ṣe láti mú ìwàdéèdèé àwọn àbájáde. Ìgbésẹ̀ A ti mú ìwàdéèdèé àwọn àbájáde sáyẹ́ǹsì tí a yàn ní ètò pH, kí láti mú ìwàdéèdèé àwọn àbájáde sáyẹ́ǹsì tí a yàn ní ètò pH.  

**Ìgbàwọn ìdáhùn (Correct Answer):**  
**D. Ní àkókò eré ọfẹ́ nínú àgbàlá, Soledad pa àwọn irúgbìn díẹ̀ ní ọwọ́ rẹ̀, ó sì sọ pé: “Ó ń gún!”**  
- **Rasoning:** Ìgbésẹ̀ D ti mú ìwàdéèdèé àwọn àbájáde sáyẹ́ǹsì tí a yàn ní ètò pH, kí láti mú ìwàdéèdèé àwọn àbájáde sáyẹ́ǹsì tí a yàn ní ètò pH. Ní àwọn èrò-ìfojúsùn kíláàsì, ìdáhùn tí ó pàtàkì ni wò ìyàpà àwọn ohun èlò onítanǹkan (kíláàsì) tí wọ́n máa ń ṣe láti mú ìwàdéèdèé àwọn àbájáde. Ìgbésẹ̀ D ti mú ìwàdéèdèé àwọn àbájáde sáyẹ́ǹsì tí a yàn ní ètò pH, kí láti mú ìwàdéèdèé àwọn àbájáde sáyẹ́ǹsì tí a yàn ní ètò pH.  

**Pèsè lẹ́tà fún ìdáhùn rẹ nìkan:**  
- **Ìgbésẹ̀ D** ti mú ìwàdéèdèé àwọn àbájáde sáyẹ́ǹsì tí a yàn ní ètò pH, kí láti mú ìwàdéèdèé àwọn àbájáde sáyẹ́ǹsì tí a yàn ní ètò pH. Ní àwọn èrò-ìfojúsùn kíláàsì, ìdáhùn tí ó pàtàkì ni wò ìyàpà àwọn ohun èlò onítanǹkan (kíláàsì) tí wọ́n máa ń ṣe láti mú ìwàdéèdèé àwọn àbájáde. Ìgbésẹ̀ D ti mú ìwàdéèdèé àwọn àbájáde sáyẹ́ǹsì tí a yàn ní ètò pH, kí láti mú ìwàdéèdèé àwọn àbájáde sáyẹ́ǹsì tí a yàn ní ètò pH.  

**Dúró gẹ́lẹ́ lẹ́yìn lẹ́tà náà:**  
- **Option D** ti mú ìwàdéèdèé àwọn àbájáde sáyẹ́ǹsì tí a yàn ní ètò pH, kí láti mú ìwàdéèdèé àwọn àbájáde sáyẹ́ǹsì tí a yàn ní ètò pH. Ní àwọn èrò-ìfojúsùn kíláàsì, ìdáhùn tí ó pàtàkì ni wò ìyàpà àwọn ohun èlò onítanǹkan (kíláàsì) tí wọ́n máa ń ṣe láti mú ìwàdéèdèé àwọn àbájáde. Ìgbésẹ̀ D ti mú ìwàdéèdèé àwọn àbájáde sáyẹ́ǹsì tí a yàn ní ètò pH, kí láti mú ìwàdéèdèé àwọn àbájáde sáyẹ́ǹsì tí a yàn ní ètò pH.",True,90.61224519996904,6129,3329,581.0
C,"**Dáhùn ìbéèrè gidi nìkan:**

**Ìmọ̀ tẹ́lẹ̀ pé yìí ni kí àwọn akẹ́kọ̀ọ́ lè mú ẹ̀kọ́ tí wọ́n gbé kalẹ̀ náà ṣẹ:**

**D. Iṣọn-ọkan (nucleus) ati ipele agbara (energy levels) ti atomu kan**

**Ìdáhùn:**

Ní ẹ̀ka Àwárí Àyíká Àdánidá, àwọn ọmọdé ní preschool ní láti ṣe ìgbéléwò láti mú ẹ̀kọ́ tí wọ́n yàn yìí. Ìmọ̀ tẹ́lẹ̀ tí ó pàtàkì jùlọ ni **Iṣọn-ọkan (nucleus)** ati **Ipele agbara (energy levels)** ti atomu kan, kí wọ́n máa fẹ̀sẹ̀sẹ̀ nípa ẹ̀yà Àdómú. Ní àwọn ẹ̀yà tí wọ́n máa mú, wọ́n yóò mú ẹ̀kọ́ tí wọ́n gbé kalẹ̀ láti mú ẹ̀yà Àdómú, kí wọ́n máa fẹ̀sẹ̀sẹ̀ nípa nọ́ńbà átọ́mù, ìwọ̀n àpapọ̀, ati ipele agbara tí wọn ń mú. 

**Pèsè lẹ́tà fún ìdáhùn rẹ nìkan:**

1. **Ìgbésẹ̀ ìwádìí (Hands-on Activity):**  
   Olùkọ́ yóò fi ìgò tí ó ní omi, òkúta, òróró, ati iyọ̀ láti mú àwọn akẹ́kọ̀ọ́ rẹ̀ nípa onírúurú ọ̀nà tí a fi ń ya àdàlù. Ní àwọn ẹgbẹ́ méjì méjì, wọ́n yóò lo àwọn ọ̀nà tí wọ́n rò pé ó yẹ láti mú ẹ̀kọ́ tí wọ́n gbé kalẹ̀, kí wọ́n máa fẹ̀sẹ̀sẹ̀ nípa ẹ̀yà Àdómú.

2. **Ìdáhùn ìgbéwò (Inquiry-based Learning):**  
   Olùkọ́ yóò pèsè ọ̀pọ̀lọpọ̀ ìgò sílẹ̀ pẹ̀lú àwọn èròjà kan, kí wọ́n máa tẹ̀lé ìlànà tí wọ́n máa tẹ̀lé hàn. Nígbà tí wọ́n mú ìwàdéèdèé àwọn àbájáde ìwádìí sáyẹ́ǹsì, wọ́n yóò wá wòye iye tí ó fi ṣeé ṣe láti ṣe bẹ́ẹ̀, kí wọ́n máa fẹ̀sẹ̀sẹ̀ nípa ẹ̀yà Àdómú.

3. **Ìdáhùn ìgbéwò (Inquiry-based Learning):**  
   Olùkọ́ yóò pèsè ọ̀pọ̀lọpọ̀ ìgò sílẹ̀ pẹ̀lú àwọn èròjà kan, kí wọ́n máa tẹ̀lé ìlànà tí wọ́n máa tẹ̀lé hàn. Nígbà tí wọ́n mú ìwàdéèdèé àwọn àbájáde ìwádìí sáyẹ́ǹsì, wọ́n yóò wá wòye iye tí ó fi ṣeé ṣe láti ṣe bẹ́ẹ̀, kí wọ́n máa fẹ̀sẹ̀sẹ̀ nípa ẹ̀yà Àdómú.

**Dúró gẹ́lẹ́ lẹ́yìn lẹ́tà náà:**

- **Ìgbésẹ̀ ìwádìí** (Hands-on Activity):  
  Ní àwọn ẹgbẹ́ méjì méjì, wọ́n yóò lo àwọn ọ̀nà tí wọ́n rò pé ó yẹ láti mú ẹ̀kọ́ tí wọ́n gbé kalẹ̀, kí wọ́n máa fẹ̀sẹ̀sẹ̀ nípa ẹ̀yà Àdómú. Nígbà tí wọ́n mú ìwàdéèdèé àwọn àbájáde ìwádìí sáyẹ́ǹsì, wọ́n yóò wá wòye iye tí ó fi ṣeé ṣe láti ṣe bẹ́ẹ̀, kí wọ́n máa fẹ̀sẹ̀sẹ̀ nípa ẹ̀yà Àdómú.

- **Ìdáhùn ìgbéwò (Inquiry-based Learning):**  
  Olùkọ́ yóò pèsè ọ̀pọ̀lọpọ̀ ìgò sílẹ̀ pẹ̀lú àwọn èròjà kan, kí wọ́n máa tẹ̀lé ìlànà tí wọ́n máa tẹ̀lé hàn. Nígbà tí wọ́n mú ìwàdéèdèé àwọn àbájáde ìwádìí sáyẹ́ǹsì, wọ́n yóò wá wòye iye tí ó fi ṣeé ṣe láti ṣe bẹ́ẹ̀, kí wọ́n máa fẹ̀sẹ̀sẹ̀ nípa ẹ̀yà Àdómú.

**Ìdáhùn ìgbéwò (Inquiry-based Learning):**  
Olùkọ́ yóò pèsè ọ̀pọ̀lọpọ̀ ìgò sílẹ̀ pẹ̀lú àwọn èròjà kan, kí wọ́n máa tẹ̀lé ìlànà tí wọ́n máa tẹ̀lé hàn. Nígbà tí wọ́n mú ìwàdéèdèé àwọn àbájáde ìwádìí sáyẹ́ǹsì, wọ́n yóò wá wòye iye tí ó fi ṣeé ṣe láti ṣe bẹ́ẹ̀, kí wọ́n máa fẹ̀sẹ̀sẹ̀ nípa ẹ̀yà Àdómú.",True,19.62749860016629,4742,2009,
C,"

**Ìbéèrè Gidi (Detailed Explanation):**  
Ẹgbẹ́ àwọn olùkọ́ nílò láti ṣe ìgbéléwò nínú àwọn ipò ojoojúmọ́ lórí ète ẹ̀kọ́ wọ̀nyí láti inú ẹ̀ka Àwárí Àyíká Àdánidá. Ète yìí ní ìṣàwárí pé àwọn ọmọdé máa fi àwọn ànímọ́ pàtàkì tí wọ́n ṣe àwárí rẹ̀ (dídán, ìwọ̀n, ooru, àwọn mìíràn) láti dé ibi èrò-ìfojúsùn. Ìṣẹ́ tí ó jẹ́ kíláàsì ni wò ìwé iṣẹ́ tí ó fi àwọn òpó lẹ́gbẹ̀ẹ́ (kan, mé, sàntì, rẹ̀) hàn pẹ̀lú àwọn ìlànà tí a máa tẹ̀lé láti mú ìwàdéèdèé àwọn àbájáde ìwádìí sáyẹ́ǹsì dára si.  

**Ìṣẹ́ D (Correct Answer):**  
Nínú ìwé iṣẹ́ tí ó fi àwọn òpó lẹ́gbẹ̀ẹ́ hàn pẹ̀lú àwọn ìlànà tí a máa tẹ̀lé, àwọn ọmọdé máa mú ìwàdéèdèé àwọn àbájáde ìwádìí sáyẹ́ǹsì láti ń wò, ń fọwọ́ kàn, àti ń tọ́ ìyọ̀rọ̀ èso. Ìṣẹ́ yìí jẹ́ ìgbéléwò tí ó mú àwọn ọmọdé láti ń ṣe ìdáhùn nípa àwọn ànímọ́ pàtàkì nítorí pé wọ́n ń mú ìwàdéèdèé wọn sí àwọn ìlànà tí a máa tẹ̀lé. Nítorí pé, wọ́n máa ń wò àwọn òpó (kan, mé, sàntì, rẹ̀) àti ń tẹ̀lé ìlànà tí a máa mú wọn láti ń wò, ń fọwọ́ kàn, àti ń tọ́ ìyọ̀rọ̀ èso. Ìṣẹ́ yìí jẹ́ kíláàsì nítorí pé wọ́n ń mú ìwàdéèdèé wọn sí àwọn ìlànà tí a máa tẹ̀lé, ó sì mú wọn láti ń ṣe ìdáhùn nípa àwọn ànímọ́ pàtàkì nítorí pé wọ́n ń mú ìwàdéèdèé wọn sí àwọn ìlànà tí a máa tẹ̀lé.  

**Ìṣẹ́ A, B, àti C (Incorrect Answers):**  
- **A:** Nígbà ìrírí ẹ̀kọ́ kan, Santiago ya àwọn òkúta oríṣiríṣi ìwọ̀n. Ìṣẹ́ yìí jẹ́ ìgbéléwò tí ó mú àwọn ọmọdé láti ń wò àwọn òkúta, kínni kò mú wọn láti ń mú ìwàdéèdèé wọn sí àwọn ìlànà tí a máa tẹ̀lé.  
- **B:** Nígbà oúnjẹ ọ̀sán, Pablo wo ṣíbí náà, ó sì rí àfihàn ara rẹ̀, ó wí pé: Wò ó, Pablo! Ìṣẹ́ yìí jẹ́ ìgbéléwò tí ó mú àwọn ọmọdé láti ń wò Pablo, kínni kò mú wọn láti ń mú ìwàdéèdèé wọn sí àwọn ìlànà tí a máa tẹ̀lé.  
- **C:** Nígbà tí María ń ṣe iṣẹ́ ní àgbàlá, ó ń kó onírúurú ewé igi sínú apẹ̀rẹ̀ kan. Ìṣẹ́ yìí jẹ́ ìgbéléwò tí ó mú àwọn ọmọdé láti ń ṣe iṣẹ́, kínni kò mú wọn láti ń mú ìwàdéèdèé wọn sí àwọn ìlànà tí a máa tẹ̀lé.  

**Ìṣàwárí (Conclusion):**  
Ìṣẹ́ **D** jẹ́ kíláàsì nítorí pé wò ìwé iṣẹ́ tí ó fi àwọn òpó lẹ́gbẹ̀ẹ́ hàn pẹ̀lú àwọn ìlànà tí a máa tẹ̀lé, ó mú àwọn ọmọdé láti ń mú ìwàdéèdèé wọn sí àwọn ìlànà yìí, ó sì mú wọn láti ń ṣe ìdáhùn nípa àwọn ànímọ́ pàtàkì. Ìṣẹ́ yìí jẹ́ kíláàsì nítorí pé wọ́n ń mú ìwàdéèdèé wọn sí àwọn ìlànà tí a máa tẹ̀lé, ó sì mú wọn láti ń ṣe ìdáhùn nípa àwọn ànímọ́ pàtàkì.  

**Pèsè lẹ́tà fún ìdáhùn rẹ nìkan:**  
Ìṣẹ́ D jẹ́ kíláàsì nítorí pé wò ìwé iṣẹ́ tí ó fi àwọn òpó lẹ́gbẹ̀ẹ́ hàn pẹ̀lú àwọn ìlànà tí a máa tẹ̀lé, ó mú àwọn ọmọdé láti ń mú ìwàdéèdèé wọn sí àwọn ìlànà yìí, ó sì mú wọn láti ń ṣe ìdáhùn nípa àwọn ànímọ́ pàtàkì.  

**Dúró gẹ́lẹ́ lẹ́yìn lẹ́tà náà:**  
Ìṣẹ́ D jẹ́ kíláàsì nítorí pé wò ìwé iṣẹ́ tí ó fi àwọn òpó lẹ́gbẹ̀ẹ́ hàn pẹ̀lú àwọn ìlànà tí a máa tẹ̀lé, ó mú àwọn ọmọdé láti ń mú ìwàdéèdèé wọn sí àwọn ìlànà yìí, ó sì mú wọn láti ń ṣe ìdáhùn nípa àwọn ànímọ́ pàtàkì.",True,78.46963920001872,5018,2260,446.0
A,"**Dápàwọ̀: D**

**Ìdáhùn:**

Ìgbésẹ̀ tí ó yẹ láti ṣeé ṣe lóríṣiríṣi pé ooru tí a gbà wọlé dá lé orí ooru pàtó (specific heat) ti ohun èlò kọ̀ọ̀kan ni **ìgbésẹ̀ tí ó fẹ́ láti wò ìgbóná omi nígbà tí ohun èlò tí ó gbóná (kan) yí àwọn ìgbóná rẹ̀ sí omi**. Ìgbésẹ̀ D ti sọ pé:

> ""Gbé ọ̀bẹ dírìnnì gbígbóná lórí iná, lẹ́yìn náà kó o gbé e sínú ife omi tí kò gbóná jù, kí o sì máa wọn ìgbóná omi náà ní gbogbo 20 ìṣẹ́jú ààyè títí tí ìwọ̀n omi náà yóò fi dúró ṣinṣin.""

**Ìṣẹ́-ìdáhùn:**

1. **Àwọn ìgbésẹ̀ tí ó yẹ:**
   - **D:** Ìgbésẹ̀ náà ti fi **calorimeter** (kan) tí ó ní ojú ayọ̀ (insulated) láti mú ìgbóná ohun èlò tí ó gbóná (kan) sí omi tí kò gbóná. Ìgbóná omi náà yóò mú ìgbóná ohun èlò rẹ̀, kí ó máa wò **ìgbóná omi** láti tẹ̀lé ìgbésẹ̀. Ìgbóná omi náà yóò fún ìṣàwárí **specific heat capacity** ti ohun èlò kọ̀ọ̀kan nígbà tí wọn máa tẹ̀lé ìgbésẹ̀.

2. **Àwọn ìgbésẹ̀ tí kò yẹ:**
   - **A:** Ìgbésẹ̀ náà ti fi àwọn ohun èlò (omi àti glycerin) sílẹ̀ ní àwọn beakers, kí wọn máa wọn ìgbóná rẹ̀. Ìgbésẹ̀ náà kò mú ìgbóná ohun èlò sí omi, kí ó máa wò ìgbóná omi láti tẹ̀lé ìgbésẹ̀.
   - **B:** Ìgbésẹ̀ náà ti mú ìgbóná omi ní àwọn ife tí ó ní ojú ayọ̀ (glass àti foam), kí wọn máa wọn ìgbóná omi láti tẹ̀lé ìgbésẹ̀. Ìgbésẹ̀ náà yẹ láti wò **thermal conductivity** tí àwọn ife rẹ̀, kí kò yẹ láti wò specific heat capacity ti omi.
   - **C:** Ìgbésẹ̀ náà ti mú omi gidi àti omi iyọ̀ sílẹ̀, kí wọn máa wọn ìgbóná rẹ̀. Ìgbésẹ̀ náà yẹ láti wò **heat exchange** nípàápàá, kí kò yẹ láti wò specific heat capacity ti ohun èlò kọ̀ọ̀kan.

**Ìṣàwárí:**

Ìgbésẹ̀ D yẹ láti wò **specific heat capacity** ti ohun èlò kọ̀ọ̀kan nígbà tí wọn máa tẹ̀lé ìgbésẹ̀, kí ó yẹ láti ṣeé ṣe lóríṣiríṣi pé ooru tí a gbà wọlé dá lé orí ooru pàtó. Ìgbésẹ̀ náà ti fi **calorimeter** láti mú ìgbóná ohun èlò tí ó gbóná sí omi tí kò gbóná, kí ó máa wò ìgbóná omi láti tẹ̀lé ìgbésẹ̀. Ìgbóná omi náà yóò fún ìṣàwárí **specific heat capacity** ti ohun èlò kọ̀ọ̀kan.",True,44.39423349988647,4692,1667,0.0
B,"**Ìbéèrè: D**

**Ìdáhùn:**

Ní ète ẹ̀kọ́ wọ̀nyí, àwọn ọmọdé kékeré nílò láti ṣe ìgbéléwò nínú àwọn ipò ojoojúmọ́ láti mọ̀ pé wọ́n ti dé ibi ète ẹ̀kọ́ tí wọ́n yàn. Ìbéèrè D (Soledad pa àwọn irúgbìn díẹ̀ ní ọwọ́ rẹ̀, ó sì sọ pé: Ó ń gún!) jẹ́ ìbéèrè tí ó tẹ̀lé kí àwọn ọmọdé máa fi hàn pé wọ́n ti dé ibi ète ẹ̀kọ́, kí ìgbéwò wọn nípa ìṣẹ́ àwọn arákùnrin àti ìṣẹ́ àwọn irúgbìn ní àgbàlá. 

**Ìdáhùn gidi:**

- **Ìbéèrè D** tẹ̀lé pé Soledad **pa àwọn irúgbìn díẹ̀** (ìṣẹ́ àwọn irúgbìn) **ní ọwọ́ rẹ̀** (nínú àgbàlá) àti **ó sọ pé: Ó ń gún!** (wọn ń gún). Ní wẹ̀lẹ̀, wọn ń mú ìwàdéèdèé àwọn àbájáde ìwádìí sáyẹ́ǹsì, kí wọn máa mọ̀ pé àgbàlá jẹ́ ipò tí wọn máa mú ìṣẹ́ àwọn irúgbìn àti àwọn arákùnrin. Wọn máa mọ̀ pé wọn ń ní ìṣẹ́ tí ó tẹ̀lé ìṣẹ́ àwọn irúgbìn, kí wọn máa fi hàn pé wọn ti dé ibi ète ẹ̀kọ́ tí wọ́n yàn.

- **Ìbéèrè A** (Santiago ya àwọn òkúta oríṣiríṣi ìwọ̀n) jẹ́ ìṣẹ́ àwọn irúgbìn, kí kò tẹ̀lé ìgbéléwò nínú àwọn ipò ojoojúmọ́ láti mọ̀ pé wọn ti dé ibi ète ẹ̀kọ́.

- **Ìbéèrè B** (Pablo wo ṣíbí náà, ó sì rí àfihàn ara rẹ̀) jẹ́ ìgbéléwò àwọn ìdílẹ̀ àwọn ọmọdé, kí kò tẹ̀lé ìgbéléwò nínú àwọn ipò ojoojúmọ́ láti mọ̀ pé wọn ti dé ibi ète ẹ̀kọ́.

- **Ìbéèrè C** (María kó onírúurú ewé igi sínú apẹ̀rẹ̀) jẹ́ ìṣẹ́ àwọn irúgbìn, kí kò tẹ̀lé ìgbéléwò nínú àwọn ipò ojoojúmọ́ láti mọ̀ pé wọn ti dé ibi ète ẹ̀kọ́.

**Ìdáhùn ìgbésẹ̀:**

Ìbéèrè D tẹ̀lé kí àwọn ọmọdé máa mọ̀ pé wọn ń ní ìṣẹ́ tí ó tẹ̀lé ìṣẹ́ àwọn irúgbìn ní àgbàlá, kí wọn máa fi hàn pé wọn ti dé ibi ète ẹ̀kọ́ tí wọ́n yàn. Wọn máa mú ìwàdéèdèé àwọn àbájáde ìwádìí sáyẹ́ǹsì, kí wọn máa mọ̀ pé àgbàlá jẹ́ ipò tí wọn máa mú ìṣẹ́ àwọn irúgbìn àti àwọn arákùnrin.",True,33.49120169994421,4077,1317,0.0
B,"**Jawon:** B. Ìlọlọ búrẹ́dì tí a fi ìwúkàrà ṣe

**Ìdáhùn:**  
Ìlọlọ búrẹ́dì tí a fi ìwúkàrà ṣe (ìgbà tí a ń ṣe ìwúkàrà sí ìlọlọ náà) jẹ́ àpẹẹrẹ tí dára láti ṣàfihàn ìbáṣepọ̀ láàrin ìwọ̀n ooru (temperature) àti ìwọ̀n ìgbàsára (volume) gáàsì nínú Gáàsì Pípéye. Ní Charles's Law, ìwọ̀n ìgbàsára gáàsì kòrò pé ìwọ̀n ooru wọn (nínú ipò tí ìwọ̀n ìgbésí kò rò) — ó yẹ kí ìlọlọ búrẹ́dì tí a fi ìwúkàrà ṣe (ìgbà tí a ń ṣe ìwúkàrà sí ìlọlọ náà) lè ṣe ìdáhùn pé ìwọ̀n ìgbàsára (ìlọlọ) kòrò pé ìwọ̀n ooru (ìwúkàrà). Ìgbésí kò rò ní Charles's Law, kí ìwọ̀n ìgbàsára kòrò pé ìwọ̀n ooru. Ìlọlọ búrẹ́dì tí a fi ìwúkàrà ṣe jẹ́ àpẹẹrẹ tí dára láti wò pé ìwúkàrà (ìwọ̀n ooru) kòrò sí ìlọlọ (ìwọ̀n ìgbàsára) nínú gáàsì pípéye.  

**Ìdáhùn ìgbésẹ̀ wọn:**  
- **A. Lilo àgbàfọ̀pò tó ń ṣiṣẹ́ pẹ̀lú ìfúnpọ̀** – Ìgbésí kò rò ní Boyle's Law (ìwọ̀n ìgbésí kòrò pé ìwọ̀n ìgbàsára), kí kò yẹ kí Charles's Law.  
- **C. Gbígbá afẹ́fẹ́ wọlé àti gbígbé e jáde láti inú ẹ̀dọ̀fóró** – Ìgbésí kò rò ní Boyle's Law tabí ìgbésí tí ìwọ̀n ìgbésí rò, kí kò yẹ kí Charles's Law.  
- **D. Ìfarahàn ahóró nígbà tí a bá ṣí igo sódà** – Ìgbésí kò rò ní ìgbésí tí ìwọ̀n ìgbésí rò, kí ìwọ̀n ìgbàsára kò rò, kí kò yẹ kí Charles's Law.  

**Ìdáhùn ìgbésẹ̀ B:**  
Ìlọlọ búrẹ́dì tí a fi ìwúkàrà ṣe (ìgbà tí a ń ṣe ìwúkàrà sí ìlọlọ náà) jẹ́ àpẹẹrẹ tí dára láti ṣàfihàn Charles's Law, kí ìwọ̀n ìgbàsára (ìlọlọ) kòrò pé ìwọ̀n ooru (ìwúkàrà) nínú gáàsì pípéye.",True,31.032651100074872,4298,1338,0.0
D,"**Answer:** D. Béèrè lọ́wọ́ àwọn akẹ́kọ̀ọ́ láti fi ètò átọ́ọ̀mù sódíọ́ọ̀mù tí kò ní ẹ̀sú ọ̀kọ̀ọ̀kan wé ètò sódíọ́ọ̀mù bí áyọ́nì, nígbà tí wọ́n bá ń gbé iye àwọn púròtóònù, elékítírọ́nù, àti nẹ́útróònù kálukú yẹ̀ wò.

---

**Explanation:**  
Àwọn ọmọdé preschool (3–5 arákùnrin) ń ń ṣe ìṣẹ́ tí ó ní ìṣòro ìṣẹ́ tí ó yẹ̀ lẹ́yìn ìṣòro ìṣẹ́ tí ó ní ìṣòro ìṣẹ́ tí ó ní ìṣòro ìṣẹ́ tí ó ní ìṣòro ìṣẹ́ tí ó ní ìṣòro ìṣẹ́ tí ó ní ìṣòro ìṣẹ́ tí ó ní ìṣòro ìṣẹ́ tí ó ní ìṣòro ìṣẹ́ tí ó ní ìṣòro ìṣẹ́ tí ó ní ìṣòro ìṣẹ́ tí ó ní ìṣòro ìṣẹ́ tí ó ní ìṣòro ìṣẹ́ tí ó ní ìṣòro ìṣẹ́ tí ó ní ìṣòro ìṣẹ́ tí ó ní ìṣòro ìṣẹ́ tí ó ní ìṣòro ìṣẹ́ tí ó ní ìṣòro ìṣẹ́ tí ó ní ìṣòro ìṣẹ́ tí ó ní ìṣòro ìṣẹ́ tí ó ní ìṣòro ìṣẹ́ tí ó ní ìṣòro ìṣẹ́ tí ó ní ìṣòro ìṣẹ́ tí ó ní ìṣòro ìṣẹ́ tí ó ní ìṣòro ìṣẹ́ tí ó ní ìṣòro ìṣẹ́ tí ó ní ìṣòro ìṣẹ́ tí ó ní ìṣòro ìṣẹ́ tí ó ní ìṣòro ìṣẹ́ tí ó ní ìṣòro ìṣẹ́ tí ó ní ìṣòro ìṣẹ́ tí ó ní ìṣòro ìṣẹ́ tí ó ní ìṣòro ìṣẹ́ tí ó ní ìṣòro ìṣẹ́ tí ó ní ìṣòro ìṣẹ́ tí ó ní ìṣòro ìṣẹ́ tí ó ní ìṣòro ìṣẹ́ tí ó ní ìṣòro ìṣẹ́ tí ó ní ìṣòro ìṣẹ́ tí ó ní ìṣòro ìṣẹ́ tí ó ní ìṣòro ìṣẹ́ tí ó ní ìṣòro ìṣẹ́ tí ó ní ìṣòro ìṣẹ́ tí ó ní ìṣòro ìṣẹ́ tí ó ní ìṣòro ìṣẹ́ tí ó ní ìṣòro ìṣẹ́ tí ó ní ìṣòro ìṣẹ́ tí ó ní ìṣòro ìṣẹ́ tí ó ní ìṣòro ìṣẹ́ tí ó ní ìṣòro ìṣẹ́ tí ó ní ìṣòro ìṣẹ́ tí ó ní ìṣòro ìṣẹ́ tí ó ní ìṣòro ìṣẹ́ tí ó ní ìṣòro ìṣẹ́ tí ó ní ìṣòro ìṣẹ́ tí ó ní ìṣòro ìṣẹ́ tí ó ní ìṣòro ìṣẹ́ tí ó ní ìṣòro ìṣẹ́ tí ó ní ìṣòro ìṣẹ́ tí ó ní ìṣòro ìṣẹ́ tí ó ní ìṣòro ìṣẹ́ tí ó ní ìṣòro ìṣẹ́ tí ó ní ìṣòro ìṣẹ́ tí ó ní ìṣòro ìṣẹ́ tí ó ní ìṣòro ìṣẹ́ tí ó ní ìṣòro ìṣẹ́ tí ó ní ìṣòro ìṣẹ́ tí ó ní ìṣòro ìṣẹ́ tí ó ní ìṣòro ìṣẹ́ tí ó ní ìṣòro ìṣẹ́ tí ó ní ìṣòro ìṣẹ́ tí ó ní ìṣòro ìṣẹ́ tí ó ní ìṣòro ìṣẹ́ tí ó ní ìṣòro ìṣẹ́ tí ó ní ìṣòro ìṣẹ́ tí ó ní ìṣòro ìṣẹ́ tí ó ní ìṣòro ìṣẹ́ tí ó ní ìṣòro ìṣẹ́ tí ó ní ìṣòro ìṣẹ́ tí ó ní ìṣòro ìṣẹ́ tí ó ní ìṣòro ìṣẹ́ tí ó ní ìṣòro ìṣẹ́ tí ó ní ìṣòro ìṣẹ́ tí ó ní ìṣòro ìṣẹ́ tí ó ní ìṣòro ìṣẹ́ tí ó ní ìṣòro ìṣẹ́ tí ó ní ìṣòro ìṣẹ́ tí ó ní ìṣòro ìṣẹ́ tí ó ní ìṣòro ìṣẹ́ tí ó ní ìṣòro ìṣẹ́ tí ó ní ìṣòro ìṣẹ́ tí ó ní ìṣòro ìṣẹ́ tí ó ní ìṣòro ìṣẹ́ tí ó ní ìṣòro ìṣẹ́ tí ó ní ìṣòro ìṣẹ́ tí ó ní ìṣòro ìṣẹ́ tí ó ní ìṣòro ìṣẹ́ tí ó ní ìṣòro ìṣẹ́ tí ó ní ìṣòro ìṣẹ́ tí ó ní ìṣòro ìṣẹ́ tí ó ní ìṣòro ìṣẹ́ tí ó ní ìṣòro ìṣẹ́ tí ó ní ìṣòro ìṣẹ́ tí ó ní ìṣòro ìṣẹ́ tí ó ní ìṣòro ìṣẹ́ tí ó ní ìṣòro ìṣẹ́ tí ó ní ìṣòro ìṣẹ́ tí ó ní ìṣòro ìṣẹ́ tí ó ní ìṣòro ìṣẹ́ tí ó ní ìṣòro ìṣẹ́ tí ó ní ìṣòro ìṣẹ́ tí ó ní ìṣòro ìṣẹ́ tí ó ní ìṣòro ìṣẹ́ tí ó ní ìṣòro ìṣẹ́ tí ó ní ìṣòro ìṣẹ́ tí ó ní ìṣòro ìṣẹ́ tí ó ní ìṣòro ìṣẹ́ tí ó ní ìṣòro ìṣẹ́ tí ó ní ìṣòro ìṣẹ́ tí ó ní ìṣòro ìṣẹ́ tí ó ní ìṣòro ìṣẹ́ tí ó ní ìṣòro ìṣẹ́ tí ó ní ìṣòro ìṣẹ́ tí ó ní ìṣòro ìṣẹ́ tí ó ní ìṣòro ìṣẹ́ tí ó ní ìṣòro ìṣẹ́ tí ó ní ìṣòro ìṣẹ́ tí ó ní ìṣòro ìṣẹ́ tí ó ní ìṣòro ìṣẹ́ tí ó ní ìṣòro ìṣẹ́ tí ó ní ìṣòro ìṣẹ́ tí ó ní ìṣòro ìṣẹ́ tí ó ní ìṣòro ìṣẹ́ tí ó ní ìṣòro ìṣẹ́ tí ó ní ìṣòro ìṣẹ́ tí ó ní ìṣòro ìṣẹ́ tí ó ní ìṣòro ìṣẹ́ tí ó ní ìṣòro ìṣẹ́ tí ó ní ìṣòro ìṣẹ́ tí ó ní ìṣòro ìṣẹ́ tí ó ní ìṣòro ìṣẹ́ tí ó ní ìṣòro ìṣẹ́ tí ó ní ìṣòro ìṣẹ́ tí ó ní ìṣòro ìṣẹ́ tí ó ní ìṣòro ìṣẹ́ tí ó ní ìṣòro ìṣẹ́ tí ó ní ìṣòro ìṣẹ́ tí ó ní ìṣòro ìṣẹ́ tí ó ní ìṣòro ìṣẹ́ tí ó ní ìṣòro ìṣẹ́ tí ó ní ìṣòro ìṣẹ́ tí ó ní ìṣòro ìṣẹ́ tí ó ní ìṣòro ìṣẹ́ tí ó ní ìṣòro ìṣẹ́ tí ó ní ìṣòro ìṣẹ́ tí ó ní ìṣòro ìṣẹ́ tí ó ní ìṣòro ìṣẹ́ tí ó ní ìṣòro ìṣẹ́ tí ó ní ìṣòro ìṣẹ́ tí ó ní ìṣòro ìṣẹ́ tí ó ní ìṣòro ìṣẹ́ tí ó ní ìṣòro ìṣẹ́ tí ó ní ìṣòro ìṣẹ́ tí ó ní ìṣòro ìṣẹ́ tí ó ní ìṣòro ìṣẹ́ tí ó ní ìṣòro ìṣẹ́ tí ó ní ìṣòro ìṣẹ́ tí ó ní ìṣòro ìṣẹ́ tí ó ní ìṣòro ìṣẹ́ tí ó ní ìṣòro ìṣẹ́ tí ó ní ìṣòro ìṣẹ́ tí ó ní ìṣòro ìṣẹ́ tí ó ní ìṣòro ìṣẹ́ tí ó ní ìṣòro ìṣẹ́ tí ó ní ìṣòro ìṣẹ́ tí ó ní ìṣòro ìṣẹ́ tí ó ní ìṣòro ìṣẹ́ tí ó ní ìṣòro ìṣẹ́ tí ó ní ìṣòro ìṣẹ́ tí ó ní ìṣòro ìṣẹ́ tí ó ní ìṣòro ìṣẹ́ tí ó ní ìṣòro ìṣẹ́ tí ó ní ìṣòro ìṣẹ́ tí ó ní ìṣòro ìṣẹ́ tí ó ní ìṣòro ìṣẹ́ tí ó ní ìṣòro ìṣẹ́ tí ó ní ìṣòro ìṣẹ́ tí ó ní ìṣòro ìṣẹ́ tí ó ní ìṣòro ìṣẹ́ tí ó ní ìṣòro ìṣẹ́ tí ó ní ìṣòro ìṣẹ́ tí ó ní ìṣòro ìṣẹ́ tí ó ní ìṣòro ìṣẹ́ tí ó ní ìṣòro ìṣẹ́ tí ó ní ìṣòro ìṣẹ́ tí ó ní ìṣòro ìṣẹ́ tí ó ní ìṣòro ìṣẹ́ tí ó ní ìṣòro ìṣẹ́ tí ó ní ìṣòro ìṣẹ́ tí ó ní ìṣòro ìṣẹ́ tí ó ní ìṣòro ìṣẹ́ tí ó ní ìṣòro ìṣẹ́ tí ó ní ìṣòro ìṣẹ́ tí ó ní ìṣòro ìṣẹ́ tí ó ní ìṣòro ìṣẹ́ tí ó ní ìṣòro ìṣẹ́ tí ó ní ìṣòro ìṣẹ́ tí ó ní ìṣòro ìṣẹ́ tí ó ní ìṣòro ìṣẹ́ tí ó ní ìṣòro ìṣẹ́ tí ó ní ìṣòro ìṣẹ́ tí ó ní ìṣòro ìṣẹ́ tí ó ní ìṣòro ìṣẹ́ tí ó ní ìṣòro ìṣẹ́ tí ó ní ìṣòro ìṣẹ́ tí ó ní ìṣòro ìṣẹ́ tí ó ní ìṣòro ìṣẹ́ tí ó ní ìṣòro ìṣẹ́ tí ó ní ìṣòro ìṣẹ́ tí ó ní ìṣòro ìṣẹ́ tí ó ní ìṣòro ìṣẹ́ tí ó ní ìṣòro ìṣẹ́ tí ó ní ìṣòro ìṣẹ́ tí ó ní ìṣòro ìṣẹ́ tí ó ní ìṣòro ìṣẹ́ tí ó ní ìṣòro ìṣẹ́ tí ó ní ìṣòro ìṣẹ́ tí ó ní ìṣòro ìṣẹ́ tí ó ní ìṣòro ìṣẹ́ tí ó ní ìṣòro ìṣẹ́ tí ó ní ìṣòro ìṣẹ́ tí ó ní ìṣòro ìṣẹ́ tí ó ní ìṣòro ìṣẹ́ tí ó ní",True,96.60395819996484,7076,4000,0.0
D,"**Àwọn ìbéèrè àti ìdáhùn:**

**Ìbéèrè 1:**  
**Dáhùn ìbéèrè gidi tí ó tẹ̀lé e ní lílo irú ọ̀nà ìdáhùn kan náà:**  
Olùkọ́ kan ń jíròrò lórí ẹ̀ka ètò àjẹsára pẹ̀lú àwọn ọmọ kíláàsì ìpele keje. Nínú ọ̀kan lára àwọn kíláàsì náà, ó gbéwò láti sọ̀rọ̀ lórí èròǹgbà yìí: **Gbọ́ ọ̀nà ìṣiṣẹ́ ìdíwọ́ kẹta.** Ìyàtọ̀ wo ni ó ṣe kókó kí àwọn akẹ́kọ̀ọ́ náà mọ̀ láti ṣe ṣáájú kí wọ́n tó kọ́ èròǹgbà tí wọ́n gbé kalẹ̀ fún kíláàsì náà?

**Àwọn ìdáhùn:**  
- **A. Laarin egboogi-aabo ati apooro-arun**  
- **B. Laarin iṣẹ́-ṣíṣe àwọn sẹ́ẹ̀lì B àti T lymphocytess**  
- **C. Láàrin ìfaradà àti ìrántí àwọn ohun tó dé bá ara**  
- **D. Láàrin àjẹsára ìfarabalẹ̀ àti àjẹsára ìpilẹ̀ṣẹ̀**

**Àwọn ìdáhùn gidi:**  
Ìyàtọ̀ tí ó ṣe kókó kí àwọn akẹ́kọ̀ọ́ mọ̀ láti ṣe ṣáájú kí wọ́n tó kọ́ èròǹgbà náà ni **D. Láàrin àjẹsára ìfarabalẹ̀ àti àjẹsára ìpilẹ̀ṣẹ̀**. Ìfarabalẹ̀ (non-specific immunity) ni ìdíwọ́ kẹta tí ó ní ìṣẹ́ nígbà tí ohun èlò kan dé bá ara, àti ìpilẹ̀ṣẹ̀ (specific immunity) ni ìdíwọ́ tí ó ṣe ìṣẹ́ nígbà tí ohun èlò kan dé bá ara wọn ní ìdíwọ́ tí ó ní ìṣẹ́ pẹ̀lú àwọn sẹ́ẹ̀lì B àti T lymphocytes. Ìdíwọ́ kẹta náà ni ìṣẹ́ láti mú àwọn ohun èlò kan dé bá ara, àti ìdíwọ́ tí ó ní ìṣẹ́ pẹ̀lú àwọn sẹ́ẹ̀lì B àti T lymphocytes ni ìdíwọ́ tí ó ṣe ìṣẹ́ nígbà tí ohun èlò kan dé bá ara wọn ní ìdíwọ́ tí ó ní ìṣẹ́ pẹ̀lú àwọn sẹ́ẹ̀lì B àti T lymphocytes. Ìdíwọ́ kẹta náà ni ìṣẹ́ láti mú àwọn ohun èlò kan dé bá ara, àti ìdíwọ́ tí ó ní ìṣẹ́ pẹ̀lú àwọn sẹ́ẹ̀lì B àti T lymphocytes ni ìdíwọ́ tí ó ṣe ìṣẹ́ nígbà tí ohun èlò kan dé bá ara wọn ní ìdíwọ́ tí ó ní ìṣẹ́ pẹ̀lú àwọn sẹ́ẹ̀lì B àti T lymphocytes. Ìdíwọ́ kẹta náà ni ìṣẹ́ láti mú àwọn ohun èlò kan dé bá ara, àti ìdíwọ́ tí ó ní ìṣẹ́ pẹ̀lú àwọn sẹ́ẹ̀lì B àti T lymphocytes ni ìdíwọ́ tí ó ṣe ìṣẹ́ nígbà tí ohun èlò kan dé bá ara wọn ní ìdíwọ́ tí ó ní ìṣẹ́ pẹ̀lú àwọn sẹ́ẹ̀lì B àti T lymphocytes. Ìdíwọ́ kẹta náà ni ìṣẹ́ láti mú àwọn ohun èlò kan dé bá ara, àti ìdíwọ́ tí ó ní ìṣẹ́ pẹ̀lú àwọn sẹ́ẹ̀lì B àti T lymphocytes ni ìdíwọ́ tí ó ṣe ìṣẹ́ nígbà tí ohun èlò kan dé bá ara wọn ní ìdíwọ́ tí ó ní ìṣẹ́ pẹ̀lú àwọn sẹ́ẹ̀lì B àti T lymphocytes. Ìdíwọ́ kẹta náà ni ìṣẹ́ láti mú àwọn ohun èlò kan dé bá ara, àti ìdíwọ́ tí ó ní ìṣẹ́ pẹ̀lú àwọn sẹ́ẹ̀lì B àti T lymphocytes ni ìdíwọ́ tí ó ṣe ìṣẹ́ nígbà tí ohun èlò kan dé bá ara wọn ní ìdíwọ́ tí ó ní ìṣẹ́ pẹ̀lú àwọn sẹ́ẹ̀lì B àti T lymphocytes. Ìdíwọ́ kẹta náà ni ìṣẹ́ láti mú àwọn ohun èlò kan dé bá ara, àti ìdíwọ́ tí ó ní ìṣẹ́ pẹ̀lú àwọn sẹ́ẹ̀lì B àti T lymphocytes ni ìdíwọ́ tí ó ṣe ìṣẹ́ nígbà tí ohun èlò kan dé bá ara wọn ní ìdíwọ́ tí ó ní ìṣẹ́ pẹ̀lú àwọn sẹ́ẹ̀lì B àti T lymphocytes. Ìdíwọ́ kẹta náà ni ìṣẹ́ láti mú àwọn ohun èlò kan dé bá ara, àti ìdíwọ́ tí ó ní ìṣẹ́ pẹ̀lú àwọn sẹ́ẹ̀lì B àti T lymphocytes ni ìdíwọ́ tí ó ṣe ìṣẹ́ nígbà tí ohun èlò kan dé bá ara wọn ní ìdíwọ́ tí ó ní ìṣẹ́ pẹ̀lú àwọn sẹ́ẹ̀lì B àti T lymphocytes. Ìdíwọ́ kẹta náà ni ìṣẹ́ láti mú àwọn ohun èlò kan dé bá ara, àti ìdíwọ́ tí ó ní ìṣẹ́ pẹ̀lú àwọn sẹ́ẹ̀lì B àti T lymphocytes ni ìdíwọ́ tí ó ṣe ìṣẹ́ nígbà tí ohun èlò kan dé bá ara wọn ní ìdíwọ́ tí ó ní ìṣẹ́ pẹ̀lú àwọn sẹ́ẹ̀lì B àti T lymphocytes. Ìdíwọ́ kẹta náà ni ìṣẹ́ láti mú àwọn ohun èlò kan dé bá ara, àti ìdíwọ́ tí ó ní ìṣẹ́ pẹ̀lú àwọn sẹ́ẹ̀lì B àti T lymphocytes ni ìdíwọ́ tí ó ṣe ìṣẹ́ nígbà tí ohun èlò kan dé bá ara wọn ní ìdíwọ́ tí ó ní ìṣẹ́ pẹ̀lú àwọn sẹ́ẹ̀lì B àti T lymphocytes. Ìdíwọ́ kẹta náà ni ìṣẹ́ láti mú àwọn ohun èlò kan dé bá ara, àti ìdíwọ́ tí ó ní ìṣẹ́ pẹ̀lú àwọn sẹ́ẹ̀lì B àti T lymphocytes ni ìdíwọ́ tí ó ṣe ìṣẹ́ nígbà tí ohun èlò kan dé bá ara wọn ní ìdíwọ́ tí ó ní ìṣẹ́ pẹ̀lú àwọn sẹ́ẹ̀lì B àti T lymphocytes. Ìdíwọ́ kẹta náà ni ìṣẹ́ láti mú àwọn ohun èlò kan dé bá ara, àti ìdíwọ́ tí ó ní ìṣẹ́ pẹ̀lú àwọn sẹ́ẹ̀lì B àti T lymphocytes ni ìdíwọ́ tí ó ṣe ìṣẹ́ nígbà tí ohun èlò kan dé bá ara wọn ní ìdíwọ́ tí ó ní ìṣẹ́ pẹ̀lú àwọn sẹ́ẹ̀lì B àti T lymphocytes. Ìdíwọ́ kẹta náà ni ìṣẹ́ láti mú àwọn ohun èlò kan dé bá ara, àti ìdíwọ́ tí ó ní ìṣẹ́ pẹ̀lú àwọn sẹ́ẹ̀lì B àti T lymphocytes ni ìdíwọ́ tí ó ṣe ìṣẹ́ nígbà tí ohun èlò kan dé bá ara wọn ní ìdíwọ́ tí ó ní ìṣẹ́ pẹ̀lú àwọn sẹ́ẹ̀lì B àti T lymphocytes. Ìdíwọ́ kẹta náà ni ìṣẹ́ láti mú àwọn ohun èlò kan dé bá ara, àti ìdíwọ́ tí ó ní ìṣẹ́ pẹ̀lú àwọn sẹ́ẹ̀lì B àti T lymphocytes ni ìdíwọ́ tí ó ṣe ìṣẹ́ nígbà tí ohun èlò kan dé bá ara wọn ní ìdíwọ́ tí ó ní ìṣẹ́ pẹ̀lú àwọn sẹ́ẹ̀lì B àti T lymphocytes. Ìdíwọ́ kẹta náà ni ìṣẹ́ láti mú àwọn ohun èlò kan dé bá ara, àti ìdíwọ́ tí ó ní ìṣẹ́ pẹ̀lú àwọn sẹ́ẹ̀lì B àti T lymphocytes ni ìdíwọ́ tí ó ṣe ìṣẹ́ nígbà tí ohun èlò kan dé bá ara wọn ní ìdíwọ́ tí ó ní ìṣẹ́ pẹ̀lú àwọn sẹ́ẹ̀lì B àti T lymphocytes. Ìdíwọ́ kẹta náà ni ìṣẹ́ láti mú àwọn ohun èlò kan dé bá ara, àti ìdíwọ́ tí ó ní ìṣẹ́ pẹ̀lú àwọn sẹ́ẹ̀lì B àti T lymphocytes ni ìdíwọ́ tí ó ṣe ìṣẹ́ nígbà tí ohun èlò kan dé bá ara wọn ní ìdíwọ́ tí ó ní ìṣẹ́ pẹ̀lú àwọn sẹ́ẹ̀lì B àti T lymphocytes. Ìdíwọ́ kẹta náà ni ìṣẹ́ láti mú àwọn ohun èlò kan dé bá ara, àti ìdíwọ́ tí ó ní ìṣẹ́ pẹ̀lú àwọn sẹ́ẹ̀lì B àti T lymphocytes ni ìdíwọ́ tí ó ṣe ìṣẹ́ nígbà tí ohun èlò kan dé bá ara wọn ní ìdíwọ́ tí ó ní ìṣẹ́ pẹ̀lú àwọn sẹ́ẹ̀lì B àti T lymphocytes. Ìdíwọ́ kẹta náà ni ìṣẹ́ láti mú àwọn ohun èlò kan dé bá ara, àti ìdíwọ́ tí ó ní ìṣẹ́ pẹ̀lú àwọn sẹ́ẹ̀lì B àti T lymphocytes ni ìdíwọ́ tí ó ṣe ìṣẹ́ nígbà tí ohun èlò kan dé bá ara wọn ní ìdíwọ́ tí ó ní ìṣẹ́ pẹ̀lú àwọn sẹ́ẹ̀lì B àti T lymphocytes. Ìdíwọ́ kẹta náà ni ìṣẹ́ láti mú àwọn ohun èlò kan dé bá ara, àti ìdíwọ́ tí ó ní ìṣẹ́ pẹ̀lú àwọn sẹ́ẹ̀lì B àti T lymphocytes ni ìdíwọ́ tí ó ṣe ìṣẹ́ nígbà tí ohun èlò kan dé bá ara wọn ní ìdíwọ́ tí ó ní ìṣẹ́ pẹ̀lú àwọn sẹ́ẹ̀lì B àti T lymphocytes. Ìdíwọ́ kẹta náà ni ìṣẹ́ láti mú àwọn ohun èlò kan dé bá ara, àti ìdíwọ́ tí ó ní ìṣẹ́ pẹ̀lú àwọn sẹ́ẹ̀lì B àti T lymphocytes ni ìdíwọ́ tí ó ṣe ìṣẹ́ nígbà tí ohun èlò kan dé bá ara wọn ní ìdíwọ́ tí ó ní ìṣẹ́ pẹ̀lú àwọn sẹ́ẹ̀lì B àti T lymphocytes. Ìdíwọ́ kẹta náà ni ìṣẹ́ láti mú àwọn ohun èlò kan dé bá ara, àti ìdíwọ́ tí ó ní ìṣẹ́ pẹ̀lú àwọn sẹ́ẹ̀lì B àti T lymphocytes ni ìdíwọ́ tí ó ṣe ìṣẹ́ nígbà tí ohun èlò kan dé bá ara wọn ní ìdíwọ́ tí ó ní ìṣẹ́ pẹ̀lú àwọn sẹ́ẹ̀lì B àti T lymphocytes. Ìdíwọ́ kẹta náà ni ìṣẹ́ láti mú àwọn ohun èlò kan dé bá ara, àti ìdíwọ́ tí ó ní",True,99.53927699988708,6731,4000,0.0
D,"**Dáhùn ìbéèrè gidi nìkan:**

**B. Ajọṣe láàrin agbára ìwọ̀n àti ìfàwọ́yípadà tí ara kan bá ní**

**Ìdílọ́wọ́rọ̀:**

Hooke's Law (òfin Hooke) yìí ní ìṣòro láti ṣeé ìdílẹ̀ pẹ̀lú àwọn agbára tí àwọn ohun èlò ìwọ̀n (kan ti ìwọ̀n) máa ń nílò nígbà tí wọn ń fún ìfàwọ́yípadà (stretching/compression). Ìṣòro yìí ní ìdílẹ̀ pé agbára tí àwọn ohun èlò ìwọ̀n máa ń nílò (agbára ìbẹ̀rẹ̀) ní ìdílẹ̀ pẹ̀lú ìfàwọ́yípadà (x) tí wọn ń mú, àti pé ìdílẹ̀ yìí ní ìdílẹ̀ pẹ̀lú ìdílẹ̀ kan (spring constant, k). Ìdílẹ̀ láàrin agbára ìwọ̀n àti ìfàwọ́yípadà (F = -kx) yìí ní ìdílẹ̀ pẹ̀lú ìdílẹ̀ tí àwọn ohun èlò ìwọ̀n máa ń nílò láti mú ìbẹ̀rẹ̀ sí ìwọ̀n wọn, àti pé wọn máa ń mú agbára tí ó jẹ́ pẹ̀lú ìfàwọ́yípadà.

**Ìdílẹ̀ láàrin agbára ìwọ̀n àti ìfàwọ́yípadà (option B)** yìí ní ìdílẹ̀ pẹ̀lú ìdílẹ̀ tí àwọn akẹ́kọ̀ọ́ máa ń nílò láti mú òfin Hooke, kí wọn máa ń mú ìdílẹ̀ pẹ̀lú ìdílẹ̀ tí agbára máa ń nílò nígbà tí àwọn ohun èlò ìwọ̀n ń mú ìfàwọ́yípadà. Ìdílẹ̀ yìí ní ìdílẹ̀ pẹ̀lú ìdílẹ̀ tí àwọn akẹ́kọ̀ọ́ máa ń nílò láti mú ìdílẹ̀ pẹ̀lú ìdílẹ̀ tí agbára máa ń nílò nígbà tí wọn ń mú ìfàwọ́yípadà, àti pé wọn máa ń mú ìdílẹ̀ pẹ̀lú ìdílẹ̀ tí agbára máa ń nílò nígbà tí wọn ń mú ìfàwọ́yípadà.

**Ìdílẹ̀ láàrin agbára ìwọ̀n àti ìfàwọ́yípadà (option B)** yìí ní ìdílẹ̀ pẹ̀lú ìdílẹ̀ tí àwọn akẹ́kọ̀ọ́ máa ń nílò láti mú òfin Hooke, kí wọn máa ń mú ìdílẹ̀ pẹ̀lú ìdílẹ̀ tí agbára máa ń nílò nígbà tí àwọn ohun èlò ìwọ̀n ń mú ìfàwọ́yípadà. Ìdílẹ̀ yìí ní ìdílẹ̀ pẹ̀lú ìdílẹ̀ tí àwọn akẹ́kọ̀ọ́ máa ń nílò láti mú ìdílẹ̀ pẹ̀lú ìdílẹ̀ tí agbára máa ń nílò nígbà tí wọn ń mú ìfàwọ́yípadà, àti pé wọn máa ń mú ìdílẹ̀ pẹ̀lú ìdílẹ̀ tí agbára máa ń nílò nígbà tí wọn ń mú ìfàwọ́yípadà.

**Ìdílẹ̀ láàrin agbára ìwọ̀n àti ìfàwọ́yípadà (option B)** yìí ní ìdílẹ̀ pẹ̀lú ìdílẹ̀ tí àwọn akẹ́kọ̀ọ́ máa ń nílò láti mú òfin Hooke, kí wọn máa ń mú ìdílẹ̀ pẹ̀lú ìdílẹ̀ tí agbára máa ń nílò nígbà tí àwọn ohun èlò ìwọ̀n ń mú ìfàwọ́yípadà. Ìdílẹ̀ yìí ní ìdílẹ̀ pẹ̀lú ìdílẹ̀ tí àwọn akẹ́kọ̀ọ́ máa ń nílò láti mú ìdílẹ̀ pẹ̀lú ìdílẹ̀ tí agbára máa ń nílò nígbà tí wọn ń mú ìfàwọ́yípadà, àti pé wọn máa ń mú ìdílẹ̀ pẹ̀lú ìdílẹ̀ tí agbára máa ń nílò nígbà tí wọn ń mú ìfàwọ́yípadà.

**Ìdílẹ̀ láàrin agbára ìwọ̀n àti ìfàwọ́yípadà (option B)** yìí ní ìdílẹ̀ pẹ̀lú ìdílẹ̀ tí àwọn akẹ́kọ̀ọ́ máa ń nílò láti mú òfin Hooke, kí wọn máa ń mú ìdílẹ̀ pẹ̀lú ìdílẹ̀ tí agbára máa ń nílò nígbà tí àwọn ohun èlò ìwọ̀n ń mú ìfàwọ́yípadà. Ìdílẹ̀ yìí ní ìdílẹ̀ pẹ̀lú ìdílẹ̀ tí àwọn akẹ́kọ̀ọ́ máa ń nílò láti mú ìdílẹ̀ pẹ̀lú ìdílẹ̀ tí agbára máa ń nílò nígbà tí wọn ń mú ìfàwọ́yípadà, àti pé wọn máa ń mú ìdílẹ̀ pẹ̀lú ìdílẹ̀ tí agbára máa ń nílò nígbà tí wọn ń mú ìfàwọ́yípadà.

**Ìdílẹ̀ láàrin agbára ìwọ̀n àti ìfàwọ́yípadà (option B)** yìí ní ìdílẹ̀ pẹ̀lú ìdílẹ̀ tí àwọn akẹ́kọ̀ọ́ máa ń nílò láti mú òfin Hooke, kí wọn máa ń mú ìdílẹ̀ pẹ̀lú ìdílẹ̀ tí agbára máa ń nílò nígbà tí àwọn ohun èlò ìwọ̀n ń mú ìfàwọ́yípadà. Ìdílẹ̀ yìí ní ìdílẹ̀ pẹ̀lú ìdílẹ̀ tí àwọn akẹ́kọ̀ọ́ máa ń nílò láti mú ìdílẹ̀ pẹ̀lú ìdílẹ̀ tí agbára máa ń nílò nígbà tí wọn ń mú ìfàwọ́yípadà, àti pé wọn máa ń mú ìdílẹ̀ pẹ̀lú ìdílẹ̀ tí agbára máa ń nílò nígbà tí wọn ń mú ìfàwọ́yípadà.

**Ìdílẹ̀ láàrin agbára ìwọ̀n àti ìfàwọ́yípadà (option B)** yìí ní ìdílẹ̀ pẹ̀lú ìdílẹ̀ tí àwọn akẹ́kọ̀ọ́ máa ń nílò láti mú òfin Hooke, kí wọn máa ń mú ìdílẹ̀ pẹ̀lú ìdílẹ̀ tí agbára máa ń nílò nígbà tí àwọn ohun èlò ìwọ̀n ń mú ìfàwọ́yípadà. Ìdílẹ̀ yìí ní ìdílẹ̀ pẹ̀lú ìdílẹ̀ tí àwọn akẹ́kọ̀ọ́ máa ń nílò láti mú ìdílẹ̀ pẹ̀lú ìdílẹ̀ tí agbára máa ń nílò nígbà tí wọn ń mú ìfàwọ́yípadà, àti pé wọn máa ń mú ìdílẹ̀ pẹ̀lú ìdílẹ̀ tí agbára máa ń nílò nígbà tí wọn ń mú ìfàwọ́yípadà.

**Ìdílẹ̀ láàrin agbára ìwọ̀n àti ìfàwọ́yípadà (option B)** yìí ní ìdílẹ̀ pẹ̀lú ìdílẹ̀ tí àwọn akẹ́kọ̀ọ́ máa ń nílò láti mú òfin Hooke, kí wọn máa ń mú ìdílẹ̀ pẹ̀lú ìdílẹ̀ tí agbára máa ń nílò nígbà tí àwọn ohun èlò ìwọ̀n ń mú ìfàwọ́yípadà. Ìdílẹ̀ yìí ní ìdílẹ̀ pẹ̀lú ìdílẹ̀ tí àwọn akẹ́kọ̀ọ́ máa ń nílò láti mú ìdílẹ̀ pẹ̀lú ìdílẹ̀ tí agbára máa ń nílò nígbà tí wọn ń mú ìfàwọ́yípadà, àti pé wọn máa ń mú ìdílẹ̀ pẹ̀lú ìdílẹ̀ tí agbára máa ń nílò nígbà tí wọn ń mú ìfàwọ́yípadà.

**Ìdílẹ̀ láàrin agbára ìwọ̀n àti ìfàwọ́yípadà (option B)** yìí ní ìdílẹ̀ pẹ̀lú ìdílẹ̀ tí àwọn akẹ́kọ̀ọ́ máa ń nílò láti mú òfin Hooke, kí wọn máa ń mú ìdílẹ̀ pẹ̀lú ìdílẹ̀ tí agbára máa ń nílò nígbà tí àwọn ohun èlò ìwọ̀n ń mú ìfàwọ́yípadà. Ìdílẹ̀ yìí ní ìdílẹ̀ pẹ̀lú ìdílẹ̀ tí àwọn akẹ́kọ̀ọ́ máa ń nílò láti mú ìdílẹ̀ pẹ̀lú ìdílẹ̀ tí agbára máa ń nílò nígbà tí wọn ń mú ìfàwọ́yípadà, àti pé wọn máa ń mú ìdílẹ̀ pẹ̀lú ìdílẹ̀ tí agbára máa ń nílò nígbà tí wọn ń mú ìfàwọ́yípadà.

**Ìdílẹ̀ láàrin agbára ìwọ̀n àti ìfàwọ́yípadà (option B)** yìí ní ìdílẹ̀ pẹ̀lú ìdílẹ̀ tí àwọn akẹ́kọ̀ọ́ máa ń nílò láti mú òfin Hooke, kí wọn máa ń mú ìdílẹ̀ pẹ̀lú ìdílẹ̀ tí agbára máa ń nílò nígbà tí àwọn ohun èlò ìwọ̀n ń mú ìfàwọ́yípadà. Ìdílẹ̀ yìí ní ìdílẹ̀ pẹ̀lú ìdílẹ̀ tí àwọn akẹ́kọ̀ọ́ máa ń nílò láti mú ìdílẹ̀ pẹ̀lú ìdílẹ̀ tí agbára máa ń nílò nígbà tí wọn ń mú ìfàwọ́yípadà, àti pé wọn máa ń mú ìdílẹ̀ pẹ̀lú ìdílẹ̀ tí agbára máa ń nílò nígbà tí wọn ń mú ìfàwọ́yípadà.

**Ìdílẹ̀ láàrin agbára ìwọ̀n àti ìfàwọ́yípadà (option B)** yìí ní ìdílẹ̀ pẹ̀lú ìdílẹ̀ tí àwọn akẹ́kọ̀ọ́ máa ń nílò láti mú òfin Hooke, kí wọn máa ń",True,101.38116039987653,6829,4000,0.0
A,"**Dáhùn ìbéèrè gidi:**

**Ìbéèrè D** (Soledad pa àwọn irúgbìn díẹ̀ ní ọwọ́ rẹ̀, ó sì sọ pé: Ó ń gún!) **jẹ́ kí àwọn ọmọdé máa dé ibi ète ẹ̀kọ́ tí wọ́n yàn yìí**. 

**Ìṣe pé wọn máa ń ṣe:**
- **Soledad** fi **ìwọ̀n ara rẹ̀ hàn** láti **pa àwọn irúgbìn** tí wọ́n ń fẹ́ láti **ìwé ""The Very Hungry Caterpillar""**. 
- **Ìṣòro ""Ó ń gún!""** (I'm getting bigger!) **jẹ́ ìṣòro tí ó wà láàrin ète ẹ̀kọ́**, nítorí pé **ìwé yìí** ń **ṣeé ìwọ̀n ìgún** tí **ìrúgbìn** ń **kó onírúurú ewé** sí **ìgbé ìdíwọ̀n**. 
- **Soledad** ń **ṣe ìgbéléwò** láti **ìwé yìí**, nítorí pé **wọn máa ń mú ìwàdéèdèé** tí **ìrúgbìn** ń **kó ewé àti ìgún** láti **ìdíwọ̀n** sí **ìdíwọ̀n**.

**Ìṣe pé àwọn ìdáhùn wọn kò máa ń ṣe (A, B, C):**
- **A (Santiago ya àwọn òkúta oríṣiríṣi ìwọ̀n):** Kò ní **ìṣòro tí ó wà láàrin ète ẹ̀kọ́**, nítorí pé **ìwé yìí** kò ń **ṣeé ìwàdéèdèé** tí **ìrúgbìn** ń **ya òkúta**.
- **B (Pablo wo ṣíbí náà, ó sì rí àfihàn ara rẹ̀):** Kò ní **ìṣòro tí ó wà láàrin ète ẹ̀kọ́**, nítorí pé **ìwé yìí** kò ń **ṣeé ìwàdéèdèé** tí **ìrúgbìn** ń **rí àfihàn rẹ̀**.
- **C (María kó onírúurú ewé sínú apẹ̀rẹ̀):** Kò ní **ìṣòro tí ó wà láàrin ète ẹ̀kọ́**, nítorí pé **ìwé yìí** kò ń **ṣeé ìwàdéèdèé** tí **ìrúgbìn** ń **kó ewé sínú apẹ̀rẹ̀**.

**Ìṣe pé D jẹ́ kí wọn máa dé ibi ète ẹ̀kọ́:**
- **Soledad** ń **ṣe ìgbéléwò** láti **ìwé yìí**, nítorí pé **wọn máa ń mú ìwàdéèdèé** tí **ìrúgbìn** ń **ìgún** láti **ìdíwọ̀n** sí **ìdíwọ̀n**, tí **ìwé yìí** ń **ṣeé**. 

**Ìṣe pé wọn máa ń ṣe:**
- **Soledad** ń **ṣe ìgbéléwò** láti **ìwé yìí**, nítorí pé **wọn máa ń mú ìwàdéèdèé** tí **ìrúgbìn** ń **ìgún** láti **ìdíwọ̀n** sí **ìdíwọ̀n**, tí **ìwé yìí** ń **ṣeé**. 

**Ìṣe pé wọn máa ń ṣe:**
- **Soledad** ń **ṣe ìgbéléwò** láti **ìwé yìí**, nítorí pé **wọn máa ń mú ìwàdéèdèé** tí **ìrúgbìn** ń **ìgún** láti **ìdíwọ̀n** sí **ìdíwọ̀n**, tí **ìwé yìí** ń **ṣeé**. 

**Ìṣe pé wọn máa ń ṣe:**
- **Soledad** ń **ṣe ìgbéléwò** láti **ìwé yìí**, nítorí pé **wọn máa ń mú ìwàdéèdèé** tí **ìrúgbìn** ń **ìgún** láti **ìdíwọ̀n** sí **ìdíwọ̀n**, tí **ìwé yìí** ń **ṣeé**. 

**Ìṣe pé wọn máa ń ṣe:**
- **Soledad** ń **ṣe ìgbéléwò** láti **ìwé yìí**, nítorí pé **wọn máa ń mú ìwàdéèdèé** tí **ìrúgbìn** ń **ìgún** láti **ìdíwọ̀n** sí **ìdíwọ̀n**, tí **ìwé yìí** ń **ṣeé**. 

**Ìṣe pé wọn máa ń ṣe:**
- **Soledad** ń **ṣe ìgbéléwò** láti **ìwé yìí**, nítorí pé **wọn máa ń mú ìwàdéèdèé** tí **ìrúgbìn** ń **ìgún** láti **ìdíwọ̀n** sí **ìdíwọ̀n**, tí **ìwé yìí** ń **ṣeé**. 

**Ìṣe pé wọn máa ń ṣe:**
- **Soledad** ń **ṣe ìgbéléwò** láti **ìwé yìí**, nítorí pé **wọn máa ń mú ìwàdéèdèé** tí **ìrúgbìn** ń **ìgún** láti **ìdíwọ̀n** sí **ìdíwọ̀n**, tí **ìwé yìí** ń **ṣeé**. 

**Ìṣe pé wọn máa ń ṣe:**
- **Soledad** ń **ṣe ìgbéléwò** láti **ìwé yìí**, nítorí pé **wọn máa ń mú ìwàdéèdèé** tí **ìrúgbìn** ń **ìgún** láti **ìdíwọ̀n** sí **ìdíwọ̀n**, tí **ìwé yìí** ń **ṣeé**. 

**Ìṣe pé wọn máa ń ṣe:**
- **Soledad** ń **ṣe ìgbéléwò** láti **ìwé yìí**, nítorí pé **wọn máa ń mú ìwàdéèdèé** tí **ìrúgbìn** ń **ìgún** láti **ìdíwọ̀n** sí **ìdíwọ̀n**, tí **ìwé yìí** ń **ṣeé**. 

**Ìṣe pé wọn máa ń ṣe:**
- **Soledad** ń **ṣe ìgbéléwò** láti **ìwé yìí**, nítorí pé **wọn máa ń mú ìwàdéèdèé** tí **ìrúgbìn** ń **ìgún** láti **ìdíwọ̀n** sí **ìdíwọ̀n**, tí **ìwé yìí** ń **ṣeé**. 

**Ìṣe pé wọn máa ń ṣe:**
- **Soledad** ń **ṣe ìgbéléwò** láti **ìwé yìí**, nítorí pé **wọn máa ń mú ìwàdéèdèé** tí **ìrúgbìn** ń **ìgún** láti **ìdíwọ̀n** sí **ìdíwọ̀n**, tí **ìwé yìí** ń **ṣeé**. 

**Ìṣe pé wọn máa ń ṣe:**
- **Soledad** ń **ṣe ìgbéléwò** láti **ìwé yìí**, nítorí pé **wọn máa ń mú ìwàdéèdèé** tí **ìrúgbìn** ń **ìgún** láti **ìdíwọ̀n** sí **ìdíwọ̀n**, tí **ìwé yìí** ń **ṣeé**. 

**Ìṣe pé wọn máa ń ṣe:**
- **Soledad** ń **ṣe ìgbéléwò** láti **ìwé yìí**, nítorí pé **wọn máa ń mú ìwàdéèdèé** tí **ìrúgbìn** ń **ìgún** láti **ìdíwọ̀n** sí **ìdíwọ̀n**, tí **ìwé yìí** ń **ṣeé**. 

**Ìṣe pé wọn máa ń ṣe:**
- **Soledad** ń **ṣe ìgbéléwò** láti **ìwé yìí**, nítorí pé **wọn máa ń mú ìwàdéèdèé** tí **ìrúgbìn** ń **ìgún** láti **ìdíwọ̀n** sí **ìdíwọ̀n**, tí **ìwé yìí** ń **ṣeé**. 

**Ìṣe pé wọn máa ń ṣe:**
- **Soledad** ń **ṣe ìgbéléwò** láti **ìwé yìí**, nítorí pé **wọn máa ń mú ìwàdéèdèé** tí **ìrúgbìn** ń **ìgún** láti **ìdíwọ̀n** sí **ìdíwọ̀n**, tí **ìwé yìí** ń **ṣeé**. 

**Ìṣe pé wọn máa ń ṣe:**
- **Soledad** ń **ṣe ìgbéléwò** láti **ìwé yìí**, nítorí pé **wọn máa ń mú ìwàdéèdèé** tí **ìrúgbìn** ń **ìgún** láti **ìdíwọ̀n** sí **ìdíwọ̀n**, tí **ìwé yìí** ń **ṣeé**. 

**Ìṣe pé wọn máa ń ṣe:**
- **Soledad** ń **ṣe ìgbéléwò** láti **ìwé yìí**, nítorí pé **wọn máa ń mú ìwàdéèdèé** tí **ìrúgbìn** ń **ìgún** láti **ìdíwọ̀n** sí **ìdíwọ̀n**, tí **ìwé yìí** ń **ṣeé**. 

**Ìṣe pé wọn máa ń ṣe:**
- **Soledad** ń **ṣe ìgbéléwò** láti **ìwé yìí**, nítorí pé **wọn máa ń mú ìwàdéèdèé** tí **ìrúgbìn** ń **ìgún** láti **ìdíwọ̀n** sí **ìdíwọ̀n**, tí **ìwé yìí** ń **ṣeé**. 

**Ìṣe pé wọn máa ń ṣe:**
- **Soledad** ń **ṣe ìgbéléwò** láti **ìwé yìí**, nítorí pé **wọn máa ń mú ìwàdéèdèé** tí **ìrúgbìn** ń **ìgún** láti **ìdíwọ̀n** sí **ìdíwọ̀n**, tí **ìwé yìí** ń **ṣeé**. 

**Ìṣe pé wọn máa ń ṣe:**
- **Soledad** ń **ṣe ìgbéléwò** láti **ìwé yìí**, nítorí pé **wọn máa ń mú ìwàdéèdèé** tí **ìrúgbìn** ń **ìgún** láti **ìdíwọ̀n** sí **ìdíwọ̀n**, tí **ìwé yìí** ń **ṣeé**. 

**Ìṣe pé wọn máa ń ṣe:**
- **Soledad** ń **ṣe ìgbéléwò** láti **ìwé yìí**, nítorí pé **wọn máa ń mú ìwàdéèdèé** tí **ìrúgbìn** ń **ìgún** láti **ìdíwọ̀n** sí **ìdíwọ̀n**, tí **ìwé yìí** ń **ṣeé**. 

**Ìṣe pé wọn máa ń ṣe:**
- **Soledad** ń **ṣe ìgbéléwò** láti **ìwé yìí**, nítorí pé **wọn máa ń mú ìwàdéèdèé** tí **ìrúgbìn** ń **ìgún** láti **ìdíwọ̀n** sí **ìdíwọ̀n**, tí **ìwé yìí** ń **ṣeé**. 

**Ìṣe pé wọn máa ń ṣe:**
- **Soledad** ń **ṣe ìgbéléwò** láti **ìwé yìí**, nítorí pé **wọn máa ń mú ìwàdéèdèé** tí **ìrúgbìn** ń **ìgún** láti **ìdíwọ̀n** sí **ìdíwọ̀n**, tí **ìwé yìí** ń **ṣeé**. 

**Ìṣe pé wọn máa ń ṣe:**
- **Soledad** ń **ṣe ìgbéléwò** láti **ìwé yìí**, nítorí pé **wọn máa ń mú ìwàdéèdèé** tí **ìrúgbìn** ń **ìgún** lá",True,95.29742720001377,6934,4000,0.0
D,"**Answer:**  
**D. Sọ fún àwọn akẹ́kọ̀ọ́ láti wo àwòrán ààrá iná mọ̀nàmọ́ná tí kò pé, kí wọ́n sì yàn lára àwọn ohun èlò bíi ọkọ ìjẹun onírin, òòyà ike, àti gọ̀mù, èyí wo tàbí àwọn wo ni ó lè mú kí ààrá náà pé kí fítílà náà lè tan.**

---

**Explanation:**  
The question focuses on helping preschoolers distinguish between **conductors** and **insulators** of electricity. The most effective method for this age group is **hands-on experimentation** with tangible objects, as it aligns with their developmental stage of learning through direct sensory experiences. 

- **Option D** involves testing everyday materials (e.g., metal spoon, plastic ruler, wooden stick) to observe whether they can complete a circuit and light a bulb. This allows children to:  
  1. **Physically interact** with the materials.  
  2. **Visually observe** the outcome (bulb lights or not).  
  3. **Draw conclusions** based on their observations.  

This approach is **simple, engaging, and concrete**, making it ideal for young learners. It directly addresses the goal of identifying conductors and insulators through **active participation** and **cause-effect reasoning**. 

Other options (A, B, C) either rely on abstract data (B), complex scenarios (C), or less direct comparisons (A), which are less effective for preschoolers. 

**Key Principle:**  
For early childhood education, **experiential learning** (learning by doing) is most effective. Option D embodies this by enabling children to explore and internalize the concept through direct experimentation.",True,22.87003009999171,4230,952,0.0
C,"**Ìbéèrè: Ní àkókò eré ọfẹ́ nínú àgbàlá, Soledad pa àwọn irúgbìn díẹ̀ ní ọwọ́ rẹ̀, ó sì sọ pé: Ó ń gún!**  
**Àwọn ìdáhùn: D**  

---

### **Ìdáhùn Gẹ́gẹ́:**
Ní àwọn èrò-ìfojúsùn (social-emotional learning) tí ẹgbẹ́ àwọn olùkọ́ nílò láti ṣe ìgbéléwò nínú ète ẹ̀kọ́ wọ̀nyí, **ìgbésẹ̀ tí ó tẹ̀lé e ni ìṣòro ìṣẹ̀lẹ̀ àwọn ọmọdé láti mú ìwàdéèdèé àwọn àbájáde ìwádìí sáyẹ́ǹsì dára si**. Ní àwọn ìgbésẹ̀ wọ̀nyí, àwọn akẹ́kọ̀ọ́ máa ṣe ìdáhùn láti mú ìwàdéèdèé tí ó ní ìṣòro ìṣẹ̀lẹ̀, ìṣòro ìwọ̀n, àti ìṣòro ìbànújẹ́.  

**Option D** (Soledad pa àwọn irúgbìn díẹ̀ ní ọwọ́ rẹ̀ àti ó sọ pé: Ó ń gún!) **ní ìṣòro ìṣẹ̀lẹ̀ àti ìṣòro ìwọ̀n tí ó yẹ̀**, kí ìgbésẹ̀ wọ̀nyí máa tẹ̀lé e. Ní àwọn ìgbésẹ̀ tí ẹgbẹ́ nílò láti ṣe, **ìṣòro ìṣẹ̀lẹ̀** (cooperation) àti **ìṣòro ìwọ̀n** (empathy) **ní ìṣòro tí ó tẹ̀lé e**. Soledad **pa àwọn irúgbìn díẹ̀** (helping others) àti **sọ pé wọn ń gún** (acknowledging their efforts) **ní ìṣòro tí ó tẹ̀lé e**. Ní àwọn ìgbésẹ̀ tí ẹgbẹ́ nílò láti ṣe, **ìṣòro tí ó tẹ̀lé e máa ṣe ìdáhùn láti mú ìwàdéèdèé tí ó ní ìṣòro ìṣẹ̀lẹ̀ àti ìṣòro ìwọ̀n**.  

**Option A** (Santiago ya àwọn òkúta oríṣiríṣi ìwọ̀n) **ní ìṣòro ìwọ̀n tí ó kò tẹ̀lé e**, kí ìgbésẹ̀ wọ̀nyí kò máa tẹ̀lé e. **Option B** (Pablo wo ṣíbí náà, ó sì rí àfihàn ara rẹ̀, ó wí pé: Wò ó, Pablo!) **ní ìṣòro ìwọ̀n tí ó kò tẹ̀lé e**, kí ìgbésẹ̀ wọ̀nyí kò máa tẹ̀lé e. **Option C** (María kó onírúurú ewé igi sínú apẹ̀rẹ̀ kan) **ní ìṣòro ìwọ̀n tí ó kò tẹ̀lé e**, kí ìgbésẹ̀ wọ̀nyí kò máa tẹ̀lé e.  

---

### **Ìdáhùn Gẹ́lẹ́:**
**Option D** **ní ìṣòro tí ó tẹ̀lé e** kí ẹgbẹ́ nílò láti ṣe ìgbéléwò nínú ète ẹ̀kọ́ wọ̀nyí. **Soledad** **ní ìṣòro ìṣẹ̀lẹ̀** (cooperation) **àti ìṣòro ìwọ̀n** (empathy) **tí ó tẹ̀lé e**, kí ìgbésẹ̀ wọ̀nyí máa tẹ̀lé e. **Soledad** **ní ìṣòro tí ó tẹ̀lé e** kí ẹgbẹ́ nílò láti ṣe ìgbéléwò nínú ète ẹ̀kọ́ wọ̀nyí. **Soledad** **ní ìṣòro tí ó tẹ̀lé e** kí ẹgbẹ́ nílò láti ṣe ìgbéléwò nínú ète ẹ̀kọ́ wọ̀nyí.  

---

### **Ìdáhùn Gẹ́lẹ́ Gẹ́gẹ́:**
**Option D** **ní ìṣòro tí ó tẹ̀lé e** kí ẹgbẹ́ nílò láti ṣe ìgbéléwò nínú ète ẹ̀kọ́ wọ̀nyí. **Soledad** **ní ìṣòro ìṣẹ̀lẹ̀** (cooperation) **àti ìṣòro ìwọ̀n** (empathy) **tí ó tẹ̀lé e**, kí ìgbésẹ̀ wọ̀nyí máa tẹ̀lé e. **Soledad** **ní ìṣòro tí ó tẹ̀lé e** kí ẹgbẹ́ nílò láti ṣe ìgbéléwò nínú ète ẹ̀kọ́ wọ̀nyí. **Soledad** **ní ìṣòro tí ó tẹ̀lé e** kí ẹgbẹ́ nílò láti ṣe ìgbéléwò nínú ète ẹ̀kọ́ wọ̀nyí.  

---

### **Ìdáhùn Gẹ́lẹ́ Gẹ́gẹ́ Gẹ́gẹ́:**
**Option D** **ní ìṣòro tí ó tẹ̀lé e** kí ẹgbẹ́ nílò láti ṣe ìgbéléwò nínú ète ẹ̀kọ́ wọ̀nyí. **Soledad** **ní ìṣòro ìṣẹ̀lẹ̀** (cooperation) **àti ìṣòro ìwọ̀n** (empathy) **tí ó tẹ̀lé e**, kí ìgbésẹ̀ wọ̀nyí máa tẹ̀lé e. **Soledad** **ní ìṣòro tí ó tẹ̀lé e** kí ẹgbẹ́ nílò láti ṣe ìgbéléwò nínú ète ẹ̀kọ́ wọ̀nyí. **Soledad** **ní ìṣòro tí ó tẹ̀lé e** kí ẹgbẹ́ nílò láti ṣe ìgbéléwò nínú ète ẹ̀kọ́ wọ̀nyí.  

---

### **Ìdáhùn Gẹ́lẹ́ Gẹ́gẹ́ Gẹ́gẹ́ Gẹ́gẹ́:**
**Option D** **ní ìṣòro tí ó tẹ̀lé e** kí ẹgbẹ́ nílò láti ṣe ìgbéléwò nínú ète ẹ̀kọ́ wọ̀nyí. **Soledad** **ní ìṣòro ìṣẹ̀lẹ̀** (cooperation) **àti ìṣòro ìwọ̀n** (empathy) **tí ó tẹ̀lé e**, kí ìgbésẹ̀ wọ̀nyí máa tẹ̀lé e. **Soledad** **ní ìṣòro tí ó tẹ̀lé e** kí ẹgbẹ́ nílò láti ṣe ìgbéléwò nínú ète ẹ̀kọ́ wọ̀nyí. **Soledad** **ní ìṣòro tí ó tẹ̀lé e** kí ẹgbẹ́ nílò láti ṣe ìgbéléwò nínú ète ẹ̀kọ́ wọ̀nyí.  

---

### **Ìdáhùn Gẹ́lẹ́ Gẹ́gẹ́ Gẹ́gẹ́ Gẹ́gẹ́ Gẹ́gẹ́:**
**Option D** **ní ìṣòro tí ó tẹ̀lé e** kí ẹgbẹ́ nílò láti ṣe ìgbéléwò nínú ète ẹ̀kọ́ wọ̀nyí. **Soledad** **ní ìṣòro ìṣẹ̀lẹ̀** (cooperation) **àti ìṣòro ìwọ̀n** (empathy) **tí ó tẹ̀lé e**, kí ìgbésẹ̀ wọ̀nyí máa tẹ̀lé e. **Soledad** **ní ìṣòro tí ó tẹ̀lé e** kí ẹgbẹ́ nílò láti ṣe ìgbéléwò nínú ète ẹ̀kọ́ wọ̀nyí. **Soledad** **ní ìṣòro tí ó tẹ̀lé e** kí ẹgbẹ́ nílò láti ṣe ìgbéléwò nínú ète ẹ̀kọ́ wọ̀nyí.  

---

### **Ìdáhùn Gẹ́lẹ́ Gẹ́gẹ́ Gẹ́gẹ́ Gẹ́gẹ́ Gẹ́gẹ́ Gẹ́gẹ́:**
**Option D** **ní ìṣòro tí ó tẹ̀lé e** kí ẹgbẹ́ nílò láti ṣe ìgbéléwò nínú ète ẹ̀kọ́ wọ̀nyí. **Soledad** **ní ìṣòro ìṣẹ̀lẹ̀** (cooperation) **àti ìṣòro ìwọ̀n** (empathy) **tí ó tẹ̀lé e**, kí ìgbésẹ̀ wọ̀nyí máa tẹ̀lé e. **Soledad** **ní ìṣòro tí ó tẹ̀lé e** kí ẹgbẹ́ nílò láti ṣe ìgbéléwò nínú ète ẹ̀kọ́ wọ̀nyí. **Soledad** **ní ìṣòro tí ó tẹ̀lé e** kí ẹgbẹ́ nílò láti ṣe ìgbéléwò nínú ète ẹ̀kọ́ wọ̀nyí.  

---

### **Ìdáhùn Gẹ́lẹ́ Gẹ́gẹ́ Gẹ́gẹ́ Gẹ́gẹ́ Gẹ́gẹ́ Gẹ́gẹ́ Gẹ́gẹ́:**
**Option D** **ní ìṣòro tí ó tẹ̀lé e** kí ẹgbẹ́ nílò láti ṣe ìgbéléwò nínú ète ẹ̀kọ́ wọ̀nyí. **Soledad** **ní ìṣòro ìṣẹ̀lẹ̀** (cooperation) **àti ìṣòro ìwọ̀n** (empathy) **tí ó tẹ̀lé e**, kí ìgbésẹ̀ wọ̀nyí máa tẹ̀lé e. **Soledad** **ní ìṣòro tí ó tẹ̀lé e** kí ẹgbẹ́ nílò láti ṣe ìgbéléwò nínú ète ẹ̀kọ́ wọ̀nyí. **Soledad** **ní ìṣòro tí ó tẹ̀lé e** kí ẹgbẹ́ nílò láti ṣe ìgbéléwò nínú ète ẹ̀kọ́ wọ̀nyí.  

---

### **Ìdáhùn Gẹ́lẹ́ Gẹ́gẹ́ Gẹ́gẹ́ Gẹ́gẹ́ Gẹ́gẹ́ Gẹ́gẹ́ Gẹ́gẹ́ Gẹ́gẹ́:**
**Option D** **ní ìṣòro tí ó tẹ̀lé e** kí ẹgbẹ́ nílò láti ṣe ìgbéléwò nínú ète ẹ̀kọ́ wọ̀nyí. **Soledad** **ní ìṣòro ìṣẹ̀lẹ̀** (cooperation) **àti ìṣòro ìwọ̀n** (empathy) **tí ó tẹ̀lé e**, kí ìgbésẹ̀ wọ̀nyí máa tẹ̀lé e. **Soledad** **ní ìṣòro tí ó tẹ̀lé e** kí ẹgbẹ́ nílò láti ṣe ìgbéléwò nínú ète ẹ̀kọ́ wọ̀nyí. **Soledad** **ní ìṣòro tí ó tẹ̀lé e** kí ẹgbẹ́ nílò láti ṣe ìgbéléwò nínú ète ẹ̀kọ́ wọ̀nyí.  

---

### **Ìdáhùn Gẹ́lẹ́ Gẹ́gẹ́ Gẹ́gẹ́ Gẹ́gẹ́ Gẹ́gẹ́ Gẹ́gẹ́ Gẹ́gẹ́ Gẹ́gẹ́ Gẹ́gẹ́:**
**Option D** **ní ìṣòro tí ó tẹ̀lé e** kí ẹgbẹ́ nílò láti ṣe ìgbéléwò nínú ète ẹ̀kọ́ wọ̀nyí. **Soledad** **ní ìṣòro ìṣẹ̀lẹ̀** (cooperation) **àti ìṣòro ìwọ̀n** (empathy) **tí ó tẹ̀lé e**, kí ìgbésẹ̀ wọ̀nyí máa tẹ̀lé e. **Soledad** **ní ìṣòro tí ó tẹ̀lé e** kí ẹgbẹ́ nílò láti ṣe ìgbéléwò nínú ète ẹ̀kọ́ wọ̀nyí. **Soledad** **ní ìṣòro tí ó tẹ̀lé e** kí ẹgbẹ́ nílò láti ṣe ìgbéléwò nínú ète ẹ̀kọ́ wọ̀nyí.  

---

### **",True,92.80701999994926,6835,4000,0.0
B,"**Jawon ìbéèrè: D**

**Ìṣedọ́:**

Ìbéèrè akẹ́kọ̀ọ́ náà (Tí ó bá jẹ́ pé ohun tí ó ń jẹ́ kí àwọn ẹ̀dá alààyè yàtọ̀ síra wọn ni ìwífún tí ó wà nínú DNA wọn, kí ni àǹfààní tí ó wà nínú fífi títẹ̀lé àwọn àmínó ásíìdì ti púrótéènnì wé ara wọn?) ní àwọn akẹ́kọ̀ọ́ ń tẹ̀lẹ̀ láti fún ìṣedọ́ tí DNA ti wà nínú ìdàgbàsókè ìṣẹ̀dá. Ìgbàlọ́rọ̀ D ti yíkọ̀wọ̀n ètò tí DNA ti wà nínú ìṣẹ̀dá láti àwọn amíìnò ásíìdì, kí ó lè múlò láti fún ìṣedọ́ tí DNA ti wà nínú ìdàgbàsókè ìṣẹ̀dá.

**Ìṣedọ́ ìgbàlọ́rọ̀ D:**

1. **Ìtò ìpele àwọn kódónì nínú mRNA:**  
   DNA ti wà nínú ìṣẹ̀dá láti àwọn amíìnò ásíìdì tí ó wà nínú púrótéènnì nítorí ètò tí mRNA fi ìpele àwọn kódónì (3 nùkílíótáìdì) láti dáhùn àwọn amíìnò ásíìdì. Nítorí náà, àwọn kódónì ti wà nínú DNA ti wà nínú ìṣẹ̀dá láti àwọn amíìnò ásíìdì tí ó wà nínú púrótéènnì.

2. **Ìṣẹ̀dá láti àwọn amíìnò ásíìdì:**  
   Àwọn amíìnò ásíìdì tí ó wà nínú púrótéènnì ti wà nínú ìṣẹ̀dá láti àwọn ìṣẹ̀dá tí ẹ̀yà náà ti wà nínú (ẹ̀gùn, ìwọ̀n, ìdàgbàsókè, gbọ̀n, ẹ̀tọ̀, ẹ̀tọ̀, ẹ̀tọ̀, ẹ̀tọ̀, ẹ̀tọ̀, ẹ̀tọ̀, ẹ̀tọ̀, ẹ̀tọ̀, ẹ̀tọ̀, ẹ̀tọ̀, ẹ̀tọ̀, ẹ̀tọ̀, ẹ̀tọ̀, ẹ̀tọ̀, ẹ̀tọ̀, ẹ̀tọ̀, ẹ̀tọ̀, ẹ̀tọ̀, ẹ̀tọ̀, ẹ̀tọ̀, ẹ̀tọ̀, ẹ̀tọ̀, ẹ̀tọ̀, ẹ̀tọ̀, ẹ̀tọ̀, ẹ̀tọ̀, ẹ̀tọ̀, ẹ̀tọ̀, ẹ̀tọ̀, ẹ̀tọ̀, ẹ̀tọ̀, ẹ̀tọ̀, ẹ̀tọ̀, ẹ̀tọ̀, ẹ̀tọ̀, ẹ̀tọ̀, ẹ̀tọ̀, ẹ̀tọ̀, ẹ̀tọ̀, ẹ̀tọ̀, ẹ̀tọ̀, ẹ̀tọ̀, ẹ̀tọ̀, ẹ̀tọ̀, ẹ̀tọ̀, ẹ̀tọ̀, ẹ̀tọ̀, ẹ̀tọ̀, ẹ̀tọ̀, ẹ̀tọ̀, ẹ̀tọ̀, ẹ̀tọ̀, ẹ̀tọ̀, ẹ̀tọ̀, ẹ̀tọ̀, ẹ̀tọ̀, ẹ̀tọ̀, ẹ̀tọ̀, ẹ̀tọ̀, ẹ̀tọ̀, ẹ̀tọ̀, ẹ̀tọ̀, ẹ̀tọ̀, ẹ̀tọ̀, ẹ̀tọ̀, ẹ̀tọ̀, ẹ̀tọ̀, ẹ̀tọ̀, ẹ̀tọ̀, ẹ̀tọ̀, ẹ̀tọ̀, ẹ̀tọ̀, ẹ̀tọ̀, ẹ̀tọ̀, ẹ̀tọ̀, ẹ̀tọ̀, ẹ̀tọ̀, ẹ̀tọ̀, ẹ̀tọ̀, ẹ̀tọ̀, ẹ̀tọ̀, ẹ̀tọ̀, ẹ̀tọ̀, ẹ̀tọ̀, ẹ̀tọ̀, ẹ̀tọ̀, ẹ̀tọ̀, ẹ̀tọ̀, ẹ̀tọ̀, ẹ̀tọ̀, ẹ̀tọ̀, ẹ̀tọ̀, ẹ̀tọ̀, ẹ̀tọ̀, ẹ̀tọ̀, ẹ̀tọ̀, ẹ̀tọ̀, ẹ̀tọ̀, ẹ̀tọ̀, ẹ̀tọ̀, ẹ̀tọ̀, ẹ̀tọ̀, ẹ̀tọ̀, ẹ̀tọ̀, ẹ̀tọ̀, ẹ̀tọ̀, ẹ̀tọ̀, ẹ̀tọ̀, ẹ̀tọ̀, ẹ̀tọ̀, ẹ̀tọ̀, ẹ̀tọ̀, ẹ̀tọ̀, ẹ̀tọ̀, ẹ̀tọ̀, ẹ̀tọ̀, ẹ̀tọ̀, ẹ̀tọ̀, ẹ̀tọ̀, ẹ̀tọ̀, ẹ̀tọ̀, ẹ̀tọ̀, ẹ̀tọ̀, ẹ̀tọ̀, ẹ̀tọ̀, ẹ̀tọ̀, ẹ̀tọ̀, ẹ̀tọ̀, ẹ̀tọ̀, ẹ̀tọ̀, ẹ̀tọ̀, ẹ̀tọ̀, ẹ̀tọ̀, ẹ̀tọ̀, ẹ̀tọ̀, ẹ̀tọ̀, ẹ̀tọ̀, ẹ̀tọ̀, ẹ̀tọ̀, ẹ̀tọ̀, ẹ̀tọ̀, ẹ̀tọ̀, ẹ̀tọ̀, ẹ̀tọ̀, ẹ̀tọ̀, ẹ̀tọ̀, ẹ̀tọ̀, ẹ̀tọ̀, ẹ̀tọ̀, ẹ̀tọ̀, ẹ̀tọ̀, ẹ̀tọ̀, ẹ̀tọ̀, ẹ̀tọ̀, ẹ̀tọ̀, ẹ̀tọ̀, ẹ̀tọ̀, ẹ̀tọ̀, ẹ̀tọ̀, ẹ̀tọ̀, ẹ̀tọ̀, ẹ̀tọ̀, ẹ̀tọ̀, ẹ̀tọ̀, ẹ̀tọ̀, ẹ̀tọ̀, ẹ̀tọ̀, ẹ̀tọ̀, ẹ̀tọ̀, ẹ̀tọ̀, ẹ̀tọ̀, ẹ̀tọ̀, ẹ̀tọ̀, ẹ̀tọ̀, ẹ̀tọ̀, ẹ̀tọ̀, ẹ̀tọ̀, ẹ̀tọ̀, ẹ̀tọ̀, ẹ̀tọ̀, ẹ̀tọ̀, ẹ̀tọ̀, ẹ̀tọ̀, ẹ̀tọ̀, ẹ̀tọ̀, ẹ̀tọ̀, ẹ̀tọ̀, ẹ̀tọ̀, ẹ̀tọ̀, ẹ̀tọ̀, ẹ̀tọ̀, ẹ̀tọ̀, ẹ̀tọ̀, ẹ̀tọ̀, ẹ̀tọ̀, ẹ̀tọ̀, ẹ̀tọ̀, ẹ̀tọ̀, ẹ̀tọ̀, ẹ̀tọ̀, ẹ̀tọ̀, ẹ̀tọ̀, ẹ̀tọ̀, ẹ̀tọ̀, ẹ̀tọ̀, ẹ̀tọ̀, ẹ̀tọ̀, ẹ̀tọ̀, ẹ̀tọ̀, ẹ̀tọ̀, ẹ̀tọ̀, ẹ̀tọ̀, ẹ̀tọ̀, ẹ̀tọ̀, ẹ̀tọ̀, ẹ̀tọ̀, ẹ̀tọ̀, ẹ̀tọ̀, ẹ̀tọ̀, ẹ̀tọ̀, ẹ̀tọ̀, ẹ̀tọ̀, ẹ̀tọ̀, ẹ̀tọ̀, ẹ̀tọ̀, ẹ̀tọ̀, ẹ̀tọ̀, ẹ̀tọ̀, ẹ̀tọ̀, ẹ̀tọ̀, ẹ̀tọ̀, ẹ̀tọ̀, ẹ̀tọ̀, ẹ̀tọ̀, ẹ̀tọ̀, ẹ̀tọ̀, ẹ̀tọ̀, ẹ̀tọ̀, ẹ̀tọ̀, ẹ̀tọ̀, ẹ̀tọ̀, ẹ̀tọ̀, ẹ̀tọ̀, ẹ̀tọ̀, ẹ̀tọ̀, ẹ̀tọ̀, ẹ̀tọ̀, ẹ̀tọ̀, ẹ̀tọ̀, ẹ̀tọ̀, ẹ̀tọ̀, ẹ̀tọ̀, ẹ̀tọ̀, ẹ̀tọ̀, ẹ̀tọ̀, ẹ̀tọ̀, ẹ̀tọ̀, ẹ̀tọ̀, ẹ̀tọ̀, ẹ̀tọ̀, ẹ̀tọ̀, ẹ̀tọ̀, ẹ̀tọ̀, ẹ̀tọ̀, ẹ̀tọ̀, ẹ̀tọ̀, ẹ̀tọ̀, ẹ̀tọ̀, ẹ̀tọ̀, ẹ̀tọ̀, ẹ̀tọ̀, ẹ̀tọ̀, ẹ̀tọ̀, ẹ̀tọ̀, ẹ̀tọ̀, ẹ̀tọ̀, ẹ̀tọ̀, ẹ̀tọ̀, ẹ̀tọ̀, ẹ̀tọ̀, ẹ̀tọ̀, ẹ̀tọ̀, ẹ̀tọ̀, ẹ̀tọ̀, ẹ̀tọ̀, ẹ̀tọ̀, ẹ̀tọ̀, ẹ̀tọ̀, ẹ̀tọ̀, ẹ̀tọ̀, ẹ̀tọ̀, ẹ̀tọ̀, ẹ̀tọ̀, ẹ̀tọ̀, ẹ̀tọ̀, ẹ̀tọ̀, ẹ̀tọ̀, ẹ̀tọ̀, ẹ̀tọ̀, ẹ̀tọ̀, ẹ̀tọ̀, ẹ̀tọ̀, ẹ̀tọ̀, ẹ̀tọ̀, ẹ̀tọ̀, ẹ̀tọ̀, ẹ̀tọ̀, ẹ̀tọ̀, ẹ̀tọ̀, ẹ̀tọ̀, ẹ̀tọ̀, ẹ̀tọ̀, ẹ̀tọ̀, ẹ̀tọ̀, ẹ̀tọ̀, ẹ̀tọ̀, ẹ̀tọ̀, ẹ̀tọ̀, ẹ̀tọ̀, ẹ̀tọ̀, ẹ̀tọ̀, ẹ̀tọ̀, ẹ̀tọ̀, ẹ̀tọ̀, ẹ̀tọ̀, ẹ̀tọ̀, ẹ̀tọ̀, ẹ̀tọ̀, ẹ̀tọ̀, ẹ̀tọ̀, ẹ̀tọ̀, ẹ̀tọ̀, ẹ̀tọ̀, ẹ̀tọ̀, ẹ̀tọ̀, ẹ̀tọ̀, ẹ̀tọ̀, ẹ̀tọ̀, ẹ̀tọ̀, ẹ̀tọ̀, ẹ̀tọ̀, ẹ̀tọ̀, ẹ̀tọ̀, ẹ̀tọ̀, ẹ̀tọ̀, ẹ̀tọ̀, ẹ̀tọ̀, ẹ̀tọ̀, ẹ̀tọ̀, ẹ̀tọ̀, ẹ̀tọ̀, ẹ̀tọ̀, ẹ̀tọ̀, ẹ̀tọ̀, ẹ̀tọ̀, ẹ̀tọ̀, ẹ̀tọ̀, ẹ̀tọ̀, ẹ̀tọ̀, ẹ̀tọ̀, ẹ̀tọ̀, ẹ̀tọ̀, ẹ̀tọ̀, ẹ̀tọ̀, ẹ̀tọ̀, ẹ̀tọ̀, ẹ̀tọ̀, ẹ̀tọ̀, ẹ̀tọ̀, ẹ̀tọ̀, ẹ̀tọ̀, ẹ̀tọ̀, ẹ̀tọ̀, ẹ̀tọ̀, ẹ̀tọ̀, ẹ̀tọ̀, ẹ̀tọ̀, ẹ̀tọ̀, ẹ̀tọ̀, ẹ̀tọ̀, ẹ̀tọ̀, ẹ̀tọ̀, ẹ̀tọ̀, ẹ̀tọ̀, ẹ̀tọ̀, ẹ̀tọ̀, ẹ̀tọ̀, ẹ̀tọ̀, ẹ̀tọ̀, ẹ̀tọ̀, ẹ̀tọ̀, ẹ̀tọ̀, ẹ̀tọ̀, ẹ̀tọ̀, ẹ̀tọ̀, ẹ̀tọ̀, ẹ̀tọ̀, ẹ̀tọ̀, ẹ̀tọ̀, ẹ̀tọ̀, ẹ̀tọ̀, ẹ̀tọ̀, ẹ̀tọ̀, ẹ̀tọ̀, ẹ̀tọ̀, ẹ̀tọ̀, ẹ̀tọ̀, ẹ̀tọ̀, ẹ̀tọ̀, ẹ̀tọ̀, ẹ̀tọ̀, ẹ̀tọ̀, ẹ̀tọ̀, ẹ̀tọ̀, ẹ̀tọ̀, ẹ̀tọ̀, ẹ̀tọ̀, ẹ̀tọ̀, ẹ̀tọ̀, ẹ̀t",True,91.83872779994272,7756,4000,0.0
D,"**Answer:**  
**D. Nítorí pé abẹ́lẹ̀ àrá (cytoplasm) inú ẹyin-ẹ̀dá (oocyte), yàtọ̀ sí ti àwọn sẹ́ẹ̀lì mìíràn tí wọ́n ti yà (differentiated cells), bíi ti àwọn sẹ́ẹ̀lì inú-ìfun, ní gbogbo àwọn ohun-ìyàn-sípò (differentiation factors) tí ó ṣe pàtàkì fún ìṣe-lọ́ṣe (activation) àwọn àbùdá (genes) pàtó tí ó wà nínú àbùdá tí a gbé síbẹ̀ (transplanted nucleus), èyí tí ó jẹ́ kí àkọ́kọ́-ọmọ (embryo) lè dàgbà ní kíkún.**

**Explanation:**  
The question revolves around the use of **oocytes (egg cells)** in experiments involving **nuclear reprogramming** (e.g., cloning or regenerative medicine). The key concept here is that **oocytes possess a unique cytoplasmic environment** capable of **reactivating the genome of a differentiated cell nucleus** (like a somatic cell nucleus) to a totipotent state, enabling the formation of a viable embryo. 

- **Option D** correctly explains that the **cytoplasm of the oocyte contains all the necessary factors** (e.g., transcription factors, enzymes, and signaling molecules) to **""reset"" the transplanted nucleus** (from a differentiated cell like a muscle cell). This reprogramming allows the nucleus to express genes required for embryonic development, a process central to techniques like somatic cell nuclear transfer (SCNT). 

- **Option B** is partially correct but less precise. While it mentions the oocyte's cytoplasm having factors to activate genes, it doesn't explicitly link this to the **transplanted nucleus** or the **embryo's development**, which is critical to the experiment described.

- **Options A and C** are irrelevant or misleading. **A** discusses atomic structure, which is unrelated to cellular reprogramming. **C** incorrectly suggests that differentiated cells (like muscle cells) are used, which contradicts the experiment's premise of using oocytes for reprogramming.

Thus, **D** is the most accurate and comprehensive answer.",True,26.51394099998288,4615,1025,0.0
D,"**Ìdáhùn D** jẹ́ ìdáhùn tí ó yé nítorí pé ó tún ìṣàlàyé ìdínlé pé ẹ̀yà **IgG** (Immunoglobulin G) tí ó jẹ́ àwọ̀n ara tí ó dúró nínú ẹ̀jẹ̀ fún ìgbà pípẹ́, tí ó mú ìwòsàn láti bá onítẹ̀mbelẹ̀ tí ẹ̀yà **IgM** (Immunoglobulin M) tí ó jẹ́ àwọ̀n ara tí ó mú nítorí ìpele líle (ìbẹ̀rẹ̀ ìpele). 

**Ìṣàlàyé D** sọ pé:  
- **IgM** jẹ́ àwọ̀n ara tí ó mú nítorí ìpele líle (ìbẹ̀rẹ̀ ìpele), ó mú nítorí ẹ̀yà tí ẹ̀yà kòkòrò àrùn (pathogen) ti wá síwájú.  
- **IgG** mú nítorí ìpele ìkẹhìn (ìgbà pípẹ́), ó mú nítorí ẹ̀yà tí ẹ̀yà kòkòrò àrùn ti wá síwájú àti pé ẹ̀yà kòkòrò àrùn ti wá síwájú kò túwò.  
- Nítorí pé **IgG** jẹ́ rere (positive) àti **IgM** kò jẹ́ rere (negative), ó sì túmọ̀ sí pé ẹ̀yà kòkòrò àrùn ti wá síwájú nítorí ìgbà pípẹ́, ó kò túwò, àti pé ẹ̀yà kòkòrò àrùn ti wá síwájú kò túwò.  

**Ìṣàlàyé D** tún sọ pé **IgG** jẹ́ àwọ̀n ara tí ó mú nítorí ìgbà pípẹ́, ó mú nítorí ẹ̀yà tí ẹ̀yà kòkòrò àrùn ti wá síwájú àti pé ẹ̀yà kòkòrò àrùn ti wá síwájú kò túwò. **IgM** mú nítorí ìpele líle (ìbẹ̀rẹ̀ ìpele), ó mú nítorí ẹ̀yà tí ẹ̀yà kòkòrò àrùn ti wá síwájú. Nítorí pé **IgG** jẹ́ rere (positive) àti **IgM** kò jẹ́ rere (negative), ó sì túmọ̀ sí pé ẹ̀yà kòkòrò àrùn ti wá síwájú nítorí ìgbà pípẹ́, ó kò túwò, àti pé ẹ̀yà kòkòrò àrùn ti wá síwájú kò túwò.  

**Ìṣàlàyé D** tún sọ pé **IgG** jẹ́ àwọ̀n ara tí ó mú nítorí ìgbà pípẹ́, ó mú nítorí ẹ̀yà tí ẹ̀yà kòkòrò àrùn ti wá síwájú àti pé ẹ̀yà kòkòrò àrùn ti wá síwájú kò túwò. **IgM** mú nítorí ìpele líle (ìbẹ̀rẹ̀ ìpele), ó mú nítorí ẹ̀yà tí ẹ̀yà kòkòrò àrùn ti wá síwájú. Nítorí pé **IgG** jẹ́ rere (positive) àti **IgM** kò jẹ́ rere (negative), ó sì túmọ̀ sí pé ẹ̀yà kòkòrò àrùn ti wá síwájú nítorí ìgbà pípẹ́, ó kò túwò, àti pé ẹ̀yà kòkòrò àrùn ti wá síwájú kò túwò.  

**Ìṣàlàyé D** tún sọ pé **IgG** jẹ́ àwọ̀n ara tí ó mú nítorí ìgbà pípẹ́, ó mú nítorí ẹ̀yà tí ẹ̀yà kòkòrò àrùn ti wá síwájú àti pé ẹ̀yà kòkòrò àrùn ti wá síwájú kò túwò. **IgM** mú nítorí ìpele líle (ìbẹ̀rẹ̀ ìpele), ó mú nítorí ẹ̀yà tí ẹ̀yà kòkòrò àrùn ti wá síwájú. Nítorí pé **IgG** jẹ́ rere (positive) àti **IgM** kò jẹ́ rere (negative), ó sì túmọ̀ sí pé ẹ̀yà kòkòrò àrùn ti wá síwájú nítorí ìgbà pípẹ́, ó kò túwò, àti pé ẹ̀yà kòkòrò àrùn ti wá síwájú kò túwò.  

**Ìṣàlàyé D** tún sọ pé **IgG** jẹ́ àwọ̀n ara tí ó mú nítorí ìgbà pípẹ́, ó mú nítorí ẹ̀yà tí ẹ̀yà kòkòrò àrùn ti wá síwájú àti pé ẹ̀yà kòkòrò àrùn ti wá síwájú kò túwò. **IgM** mú nítorí ìpele líle (ìbẹ̀rẹ̀ ìpele), ó mú nítorí ẹ̀yà tí ẹ̀yà kòkòrò àrùn ti wá síwájú. Nítorí pé **IgG** jẹ́ rere (positive) àti **IgM** kò jẹ́ rere (negative), ó sì túmọ̀ sí pé ẹ̀yà kòkòrò àrùn ti wá síwájú nítorí ìgbà pípẹ́, ó kò túwò, àti pé ẹ̀yà kòkòrò àrùn ti wá síwájú kò túwò.  

**Ìṣàlàyé D** tún sọ pé **IgG** jẹ́ àwọ̀n ara tí ó mú nítorí ìgbà pípẹ́, ó mú nítorí ẹ̀yà tí ẹ̀yà kòkòrò àrùn ti wá síwájú àti pé ẹ̀yà kòkòrò àrùn ti wá síwájú kò túwò. **IgM** mú nítorí ìpele líle (ìbẹ̀rẹ̀ ìpele), ó mú nítorí ẹ̀yà tí ẹ̀yà kòkòrò àrùn ti wá síwájú. Nítorí pé **IgG** jẹ́ rere (positive) àti **IgM** kò jẹ́ rere (negative), ó sì túmọ̀ sí pé ẹ̀yà kòkòrò àrùn ti wá síwájú nítorí ìgbà pípẹ́, ó kò túwò, àti pé ẹ̀yà kòkòrò àrùn ti wá síwájú kò túwò.  

**Ìṣàlàyé D** tún sọ pé **IgG** jẹ́ àwọ̀n ara tí ó mú nítorí ìgbà pípẹ́, ó mú nítorí ẹ̀yà tí ẹ̀yà kòkòrò àrùn ti wá síwájú àti pé ẹ̀yà kòkòrò àrùn ti wá síwájú kò túwò. **IgM** mú nítorí ìpele líle (ìbẹ̀rẹ̀ ìpele), ó mú nítorí ẹ̀yà tí ẹ̀yà kòkòrò àrùn ti wá síwájú. Nítorí pé **IgG** jẹ́ rere (positive) àti **IgM** kò jẹ́ rere (negative), ó sì túmọ̀ sí pé ẹ̀yà kòkòrò àrùn ti wá síwájú nítorí ìgbà pípẹ́, ó kò túwò, àti pé ẹ̀yà kòkòrò àrùn ti wá síwájú kò túwò.  

**Ìṣàlàyé D** tún sọ pé **IgG** jẹ́ àwọ̀n ara tí ó mú nítorí ìgbà pípẹ́, ó mú nítorí ẹ̀yà tí ẹ̀yà kòkòrò àrùn ti wá síwájú àti pé ẹ̀yà kòkòrò àrùn ti wá síwájú kò túwò. **IgM** mú nítorí ìpele líle (ìbẹ̀rẹ̀ ìpele), ó mú nítorí ẹ̀yà tí ẹ̀yà kòkòrò àrùn ti wá síwájú. Nítorí pé **IgG** jẹ́ rere (positive) àti **IgM** kò jẹ́ rere (negative), ó sì túmọ̀ sí pé ẹ̀yà kòkòrò àrùn ti wá síwájú nítorí ìgbà pípẹ́, ó kò túwò, àti pé ẹ̀yà kòkòrò àrùn ti wá síwájú kò túwò.  

**Ìṣàlàyé D** tún sọ pé **IgG** jẹ́ àwọ̀n ara tí ó mú nítorí ìgbà pípẹ́, ó mú nítorí ẹ̀yà tí ẹ̀yà kòkòrò àrùn ti wá síwájú àti pé ẹ̀yà kòkòrò àrùn ti wá síwájú kò túwò. **IgM** mú nítorí ìpele líle (ìbẹ̀rẹ̀ ìpele), ó mú nítorí ẹ̀yà tí ẹ̀yà kòkòrò àrùn ti wá síwájú. Nítorí pé **IgG** jẹ́ rere (positive) àti **IgM** kò jẹ́ rere (negative), ó sì túmọ̀ sí pé ẹ̀yà kòkòrò àrùn ti wá síwájú nítorí ìgbà pípẹ́, ó kò túwò, àti pé ẹ̀yà kòkòrò àrùn ti wá síwájú kò túwò.  

**Ìṣàlàyé D** tún sọ pé **IgG** jẹ́ àwọ̀n ara tí ó mú nítorí ìgbà pípẹ́, ó mú nítorí ẹ̀yà tí ẹ̀yà kòkòrò àrùn ti wá síwájú àti pé ẹ̀yà kòkòrò àrùn ti wá síwájú kò túwò. **IgM** mú nítorí ìpele líle (ìbẹ̀rẹ̀ ìpele), ó mú nítorí ẹ̀yà tí ẹ̀yà kòkòrò àrùn ti wá síwájú. Nítorí pé **IgG** jẹ́ rere (positive) àti **IgM** kò jẹ́ rere (negative), ó sì túmọ̀ sí pé ẹ̀yà kòkòrò àrùn ti wá síwájú nítorí ìgbà pípẹ́, ó kò túwò, àti pé ẹ̀yà kòkòrò àrùn ti wá síwájú kò túwò.  

**Ìṣàlàyé D** tún sọ pé **IgG** jẹ́ àwọ̀n ara tí ó mú nítorí ìgbà pípẹ́, ó mú nítorí ẹ̀yà tí ẹ̀yà kòkòrò àrùn ti wá síwájú àti pé ẹ̀yà kòkòrò àrùn ti wá síwájú kò túwò. **IgM** mú nítorí ìpele líle (ìbẹ̀rẹ̀ ìpele), ó mú nítorí ẹ̀yà tí ẹ̀yà kòkòrò àrùn ti wá síwájú. Nítorí pé **IgG** jẹ́ rere (positive) àti **IgM** kò jẹ́ rere (negative), ó sì túmọ̀ sí pé ẹ̀yà kòkòrò àrùn ti wá síwájú nítorí ìgbà pípẹ́, ó kò túwò, àti pé ẹ̀yà kòkòrò àrùn ti wá síwájú kò túwò.  

**Ìṣàlàyé D** tún sọ pé **IgG** jẹ́ àwọ̀n ara tí ó mú nítorí ìgbà pípẹ́, ó mú nítorí ẹ̀yà tí ẹ̀yà kòkòrò àrùn ti wá síwájú àti pé ẹ̀yà kòkòrò àrùn ti wá síwájú kò túwò. **IgM** mú nítorí ìpele líle",True,93.96838820003904,7171,4000,0.0
C,"**Ìbéèrè Gidi:**

**D. Oríṣiiríṣi ìyípadà DNA àti kírómósómù**  
Àwọn akẹ́kọ̀ọ́ nílò láti ní ṣáájú kí wọ́n tó lè yanjú ète ẹ̀kọ́ ""Mọ bí ìṣù àìsàn jẹjẹrẹ ṣe ń hù"" (kí wọ́n máa mọ̀ onírúurú ọ̀nà tí àìsàn jẹjẹrẹ ṣe ń hù) nípa **ìyípadà DNA àti kírómósómù**. Ní àwọn ìṣù àìsàn, DNA (Deoxyribonucleic Acid) jẹ́ ìṣù tí ó ní àwọn àṣẹ́ tí ó mú àìsàn láti múlò, àti kírómósómù (chromosomes) jẹ́ àwọn ìṣù tí DNA wọn ní sí rẹ̀ ní àìsàn. 

**Ìṣe pàtàkì DNA àti kírómósómù ní àìsàn:**
1. **DNA** jẹ́ ìṣù tí ó mú àìsàn láti múlò àti mú àwọn àṣẹ́ tí ó mú àìsàn láti múlò. Nígbà tí àìsàn ń múlò (mitosis), DNA wọn ń **yípadà** (replicate) láti mú àìsàn kan múlò sí méjì àìsàn tí wọn ní àwọn àṣẹ́ tí ó múlò.
2. **Kírómósómù** jẹ́ àwọn ìṣù tí DNA wọn ní sí rẹ̀, àti wọn ń múlò sí méjì kírómósómù nígbà tí àìsàn múlò. Ìṣe yípadà DNA àti ìṣe múlò kírómósómù jẹ́ onírúurú tí àìsàn múlò sí méjì àìsàn tí wọn ní àwọn àṣẹ́ tí ó múlò.

**Ìṣe àwọn ìpìn ìdáhùn wọn:**
- **A. Awọn Ipele Ayika Sẹẹli** (Cell Organelles): Àwọn ìpele ayika sẹẹli (kíto, mitokondri, nígbà, etc.) jẹ́ àwọn ìṣù tí ó múlò sí àìsàn, kínni wọn kò ní ìṣe pàtàkì láti múlò DNA àti kírómósómù.
- **B. Ìwúlò Mitosis** (Mitosis Process): Mitosis jẹ́ àwọn ipò tí àìsàn múlò, kínni wọn kò ní ìṣe yípadà DNA àti ìṣe múlò kírómósómù láti múlò.
- **C. Àwọn Ibi Ìṣàyẹ̀wò Àyípo Sẹ́ẹ̀lì** (Cell Cycle Phases): Àwọn ipò àyípo sẹẹli (G1, S, G2, mitosis) jẹ́ àwọn ipò tí àìsàn ń múlò, kínni wọn kò ní ìṣe yípadà DNA àti ìṣe múlò kírómósómù láti múlò.

**Ìṣe D:**
- **DNA àti kírómósómù** jẹ́ onírúurú tí àìsàn múlò. Nígbà tí àìsàn múlò, DNA wọn ń yípadà láti múlò sí méjì DNA, àti kírómósómù wọn ń múlò sí méjì kírómósómù. Ìṣe yípadà DNA àti ìṣe múlò kírómósómù jẹ́ onírúurú tí àìsàn múlò sí méjì àìsàn tí wọn ní àwọn àṣẹ́ tí ó múlò.

**Ìṣe àwọn akẹ́kọ̀ọ́:**
Àwọn akẹ́kọ̀ọ́ nílò láti ní ṣáájú kí wọ́n tó lè yanjú ète ẹ̀kọ́ yìí nípa **ìyípadà DNA àti ìṣe múlò kírómósómù** láti múlò àìsàn. Wọn nílò láti mọ̀ onírúurú tí DNA ń yípadà láti múlò sí méjì DNA, àti onírúurú tí kírómósómù ń múlò sí méjì kírómósómù nígbà tí àìsàn múlò. Wọn nílò láti mọ̀ pé **DNA** jẹ́ ìṣù tí ó múlò àìsàn, àti **kírómósómù** jẹ́ àwọn ìṣù tí DNA wọn ní sí rẹ̀ ní àìsàn.

**Ìṣe àwọn ìdáhùn:**
- **Ìdáhùn 1:** ""Nígbà tí àìsàn múlò, DNA wọn ń yípadà láti múlò sí méjì DNA.""
- **Ìdáhùn 2:** ""Kírómósómù wọn ń múlò sí méjì kírómósómù nígbà tí àìsàn múlò.""
- **Ìdáhùn 3:** ""DNA àti kírómósómù jẹ́ onírúurú tí àìsàn múlò sí méjì àìsàn tí wọn ní àwọn àṣẹ́ tí ó múlò.""

**Ìṣe àwọn akẹ́kọ̀ọ́:**
Àwọn akẹ́kọ̀ọ́ nílò láti ní ṣáájú kí wọ́n tó lè yanjú ète ẹ̀kọ́ yìí nípa **ìyípadà DNA àti ìṣe múlò kírómósómù** láti múlò àìsàn. Wọn nílò láti mọ̀ onírúurú tí DNA ń yípadà láti múlò sí méjì DNA, àti onírúurú tí kírómósómù ń múlò sí méjì kírómósómù nígbà tí àìsàn múlò. Wọn nílò láti mọ̀ pé **DNA** jẹ́ ìṣù tí ó múlò àìsàn, àti **kírómósómù** jẹ́ àwọn ìṣù tí DNA wọn ní sí rẹ̀ ní àìsàn.

**Ìṣe àwọn ìdáhùn:**
- **Ìdáhùn 1:** ""Nígbà tí àìsàn múlò, DNA wọn ń yípadà láti múlò sí méjì DNA.""
- **Ìdáhùn 2:** ""Kírómósómù wọn ń múlò sí méjì kírómósómù nígbà tí àìsàn múlò.""
- **Ìdáhùn 3:** ""DNA àti kírómósómù jẹ́ onírúurú tí àìsàn múlò sí méjì àìsàn tí wọn ní àwọn àṣẹ́ tí ó múlò.""

**Ìṣe àwọn akẹ́kọ̀ọ́:**
Àwọn akẹ́kọ̀ọ́ nílò láti ní ṣáájú kí wọ́n tó lè yanjú ète ẹ̀kọ́ yìí nípa **ìyípadà DNA àti ìṣe múlò kírómósómù** láti múlò àìsàn. Wọn nílò láti mọ̀ onírúurú tí DNA ń yípadà láti múlò sí méjì DNA, àti onírúurú tí kírómósómù ń múlò sí méjì kírómósómù nígbà tí àìsàn múlò. Wọn nílò láti mọ̀ pé **DNA** jẹ́ ìṣù tí ó múlò àìsàn, àti **kírómósómù** jẹ́ àwọn ìṣù tí DNA wọn ní sí rẹ̀ ní àìsàn.

**Ìṣe àwọn ìdáhùn:**
- **Ìdáhùn 1:** ""Nígbà tí àìsàn múlò, DNA wọn ń yípadà láti múlò sí méjì DNA.""
- **Ìdáhùn 2:** ""Kírómósómù wọn ń múlò sí méjì kírómósómù nígbà tí àìsàn múlò.""
- **Ìdáhùn 3:** ""DNA àti kírómósómù jẹ́ onírúurú tí àìsàn múlò sí méjì àìsàn tí wọn ní àwọn àṣẹ́ tí ó múlò.""

**Ìṣe àwọn akẹ́kọ̀ọ́:**
Àwọn akẹ́kọ̀ọ́ nílò láti ní ṣáájú kí wọ́n tó lè yanjú ète ẹ̀kọ́ yìí nípa **ìyípadà DNA àti ìṣe múlò kírómósómù** láti múlò àìsàn. Wọn nílò láti mọ̀ onírúurú tí DNA ń yípadà láti múlò sí méjì DNA, àti onírúurú tí kírómósómù ń múlò sí méjì kírómósómù nígbà tí àìsàn múlò. Wọn nílò láti mọ̀ pé **DNA** jẹ́ ìṣù tí ó múlò àìsàn, àti **kírómósómù** jẹ́ àwọn ìṣù tí DNA wọn ní sí rẹ̀ ní àìsàn.

**Ìṣe àwọn ìdáhùn:**
- **Ìdáhùn 1:** ""Nígbà tí àìsàn múlò, DNA wọn ń yípadà láti múlò sí méjì DNA.""
- **Ìdáhùn 2:** ""Kírómósómù wọn ń múlò sí méjì kírómósómù nígbà tí àìsàn múlò.""
- **Ìdáhùn 3:** ""DNA àti kírómósómù jẹ́ onírúurú tí àìsàn múlò sí méjì àìsàn tí wọn ní àwọn àṣẹ́ tí ó múlò.""

**Ìṣe àwọn akẹ́kọ̀ọ́:**
Àwọn akẹ́kọ̀ọ́ nílò láti ní ṣáájú kí wọ́n tó lè yanjú ète ẹ̀kọ́ yìí nípa **ìyípadà DNA àti ìṣe múlò kírómósómù** láti múlò àìsàn. Wọn nílò láti mọ̀ onírúurú tí DNA ń yípadà láti múlò sí méjì DNA, àti onírúurú tí kírómósómù ń múlò sí méjì kírómósómù nígbà tí àìsàn múlò. Wọn nílò láti mọ̀ pé **DNA** jẹ́ ìṣù tí ó múlò àìsàn, àti **kírómósómù** jẹ́ àwọn ìṣù tí DNA wọn ní sí rẹ̀ ní àìsàn.

**Ìṣe àwọn ìdáhùn:**
- **Ìdáhùn 1:** ""Nígbà tí àìsàn múlò, DNA wọn ń yípadà láti múlò sí méjì DNA.""
- **Ìdáhùn 2:** ""Kírómósómù wọn ń múlò sí méjì kírómósómù nígbà tí àìsàn múlò.""
- **Ìdáhùn 3:** ""DNA àti kírómósómù jẹ́ onírúurú tí àìsàn múlò sí méjì àìsàn tí wọn ní àwọn àṣẹ́ tí ó múlò.""

**Ìṣe àwọn akẹ́kọ̀ọ́:**
Àwọn akẹ́kọ̀ọ́ nílò láti ní ṣáájú kí wọ́n tó lè yanjú ète ẹ̀kọ́ yìí nípa **ìyípadà DNA àti ìṣe múlò kírómósómù** láti múlò àìsàn. Wọn nílò láti mọ̀ onírúurú tí DNA ń yípadà láti múlò sí méjì DNA, àti onírúurú tí kírómósómù ń múlò sí méjì kírómósómù nígbà tí àìsàn múlò. Wọn nílò láti mọ̀ pé **DNA** jẹ́ ìṣù tí ó múlò àìsàn, àti **kírómósómù** jẹ́ àwọn ìṣù tí DNA wọn ní sí rẹ̀ ní àìsàn.

**Ìṣe àwọn ìdáhùn:**
- **Ìdáhùn 1:** ""Nígbà tí àìsàn múlò, DNA wọn ń yípadà láti múlò sí méjì DNA.""
- **Ìdáhùn 2:** ""Kírómósómù wọn ń múlò sí méjì kírómósómù nígbà tí àìsàn múlò.""
- **Ìdáhùn 3:** ""DNA àti kírómósómù jẹ́ onírúurú tí àìsàn múlò sí méjì àìsàn tí wọn ní àwọn àṣẹ́ tí ó múlò.""

**Ìṣe àwọn akẹ́kọ̀ọ́:**
Àw",True,91.91575670009479,6669,4000,0.0
D,"**Ìbéèrè Gidi:**

**Ìdáhùn D** (Ní àkókò eré ọfẹ́ nínú àgbàlá, Soledad pa àwọn irúgbìn díẹ̀ ní ọwọ́ rẹ̀, ó sì sọ pé: Ó ń gún!) **ní ìṣòro sí àṣeyọrí ète ẹ̀kọ́ tí a gbé yẹ̀wò náà**. 

**Ìṣe ìdáhùn D** **ní ìṣòro sí àṣeyọrí ète ẹ̀kọ́** nípa **ìgbéléwò ìṣẹ́-ẹ̀bá-ara-jẹ-ẹ́-lẹ́ṣẹ́** (assessment of understanding) nípa **ìṣe ẹ̀dá alààyè** (nervous system) láti bá **ìwúrí àyíká** (sensory information) mu nípasẹ̀ **àwọn nẹ́ùrónì** (neurons). 

**Ìṣòro D** **ní ìṣòro sí àṣeyọrí ète ẹ̀kọ́** nípa **ìgbéléwò ìṣẹ́-ẹ̀bá-ara-jẹ-ẹ́-lẹ́ṣẹ́** (assessment of understanding) nípa **ìṣe ẹ̀dá alààyè** (nervous system) láti bá **ìwúrí àyíká** (sensory information) mu nípasẹ̀ **àwọn nẹ́ùrónì** (neurons). 

**Ìṣòro D** **ní ìṣòro sí àṣeyọrí ète ẹ̀kọ́** nípa **ìgbéléwò ìṣẹ́-ẹ̀bá-ara-jẹ-ẹ́-lẹ́ṣẹ́** (assessment of understanding) nípa **ìṣe ẹ̀dá alààyè** (nervous system) láti bá **ìwúrí àyíká** (sensory information) mu nípasẹ̀ **àwọn nẹ́ùrónì** (neurons). 

**Ìṣòro D** **ní ìṣòro sí àṣeyọrí ète ẹ̀kọ́** nípa **ìgbéléwò ìṣẹ́-ẹ̀bá-ara-jẹ-ẹ́-lẹ́ṣẹ́** (assessment of understanding) nípa **ìṣe ẹ̀dá alààyè** (nervous system) láti bá **ìwúrí àyíká** (sensory information) mu nípasẹ̀ **àwọn nẹ́ùrónì** (neurons). 

**Ìṣòro D** **ní ìṣòro sí àṣeyọrí ète ẹ̀kọ́** nípa **ìgbéléwò ìṣẹ́-ẹ̀bá-ara-jẹ-ẹ́-lẹ́ṣẹ́** (assessment of understanding) nípa **ìṣe ẹ̀dá alààyè** (nervous system) láti bá **ìwúrí àyíká** (sensory information) mu nípasẹ̀ **àwọn nẹ́ùrónì** (neurons). 

**Ìṣòro D** **ní ìṣòro sí àṣeyọrí ète ẹ̀kọ́** nípa **ìgbéléwò ìṣẹ́-ẹ̀bá-ara-jẹ-ẹ́-lẹ́ṣẹ́** (assessment of understanding) nípa **ìṣe ẹ̀dá alààyè** (nervous system) láti bá **ìwúrí àyíká** (sensory information) mu nípasẹ̀ **àwọn nẹ́ùrónì** (neurons). 

**Ìṣòro D** **ní ìṣòro sí àṣeyọrí ète ẹ̀kọ́** nípa **ìgbéléwò ìṣẹ́-ẹ̀bá-ara-jẹ-ẹ́-lẹ́ṣẹ́** (assessment of understanding) nípa **ìṣe ẹ̀dá alààyè** (nervous system) láti bá **ìwúrí àyíká** (sensory information) mu nípasẹ̀ **àwọn nẹ́ùrónì** (neurons). 

**Ìṣòro D** **ní ìṣòro sí àṣeyọrí ète ẹ̀kọ́** nípa **ìgbéléwò ìṣẹ́-ẹ̀bá-ara-jẹ-ẹ́-lẹ́ṣẹ́** (assessment of understanding) nípa **ìṣe ẹ̀dá alààyè** (nervous system) láti bá **ìwúrí àyíká** (sensory information) mu nípasẹ̀ **àwọn nẹ́ùrónì** (neurons). 

**Ìṣòro D** **ní ìṣòro sí àṣeyọrí ète ẹ̀kọ́** nípa **ìgbéléwò ìṣẹ́-ẹ̀bá-ara-jẹ-ẹ́-lẹ́ṣẹ́** (assessment of understanding) nípa **ìṣe ẹ̀dá alààyè** (nervous system) láti bá **ìwúrí àyíká** (sensory information) mu nípasẹ̀ **àwọn nẹ́ùrónì** (neurons). 

**Ìṣòro D** **ní ìṣòro sí àṣeyọrí ète ẹ̀kọ́** nípa **ìgbéléwò ìṣẹ́-ẹ̀bá-ara-jẹ-ẹ́-lẹ́ṣẹ́** (assessment of understanding) nípa **ìṣe ẹ̀dá alààyè** (nervous system) láti bá **ìwúrí àyíká** (sensory information) mu nípasẹ̀ **àwọn nẹ́ùrónì** (neurons). 

**Ìṣòro D** **ní ìṣòro sí àṣeyọrí ète ẹ̀kọ́** nípa **ìgbéléwò ìṣẹ́-ẹ̀bá-ara-jẹ-ẹ́-lẹ́ṣẹ́** (assessment of understanding) nípa **ìṣe ẹ̀dá alààyè** (nervous system) láti bá **ìwúrí àyíká** (sensory information) mu nípasẹ̀ **àwọn nẹ́ùrónì** (neurons). 

**Ìṣòro D** **ní ìṣòro sí àṣeyọrí ète ẹ̀kọ́** nípa **ìgbéléwò ìṣẹ́-ẹ̀bá-ara-jẹ-ẹ́-lẹ́ṣẹ́** (assessment of understanding) nípa **ìṣe ẹ̀dá alààyè** (nervous system) láti bá **ìwúrí àyíká** (sensory information) mu nípasẹ̀ **àwọn nẹ́ùrónì** (neurons). 

**Ìṣòro D** **ní ìṣòro sí àṣeyọrí ète ẹ̀kọ́** nípa **ìgbéléwò ìṣẹ́-ẹ̀bá-ara-jẹ-ẹ́-lẹ́ṣẹ́** (assessment of understanding) nípa **ìṣe ẹ̀dá alààyè** (nervous system) láti bá **ìwúrí àyíká** (sensory information) mu nípasẹ̀ **àwọn nẹ́ùrónì** (neurons). 

**Ìṣòro D** **ní ìṣòro sí àṣeyọrí ète ẹ̀kọ́** nípa **ìgbéléwò ìṣẹ́-ẹ̀bá-ara-jẹ-ẹ́-lẹ́ṣẹ́** (assessment of understanding) nípa **ìṣe ẹ̀dá alààyè** (nervous system) láti bá **ìwúrí àyíká** (sensory information) mu nípasẹ̀ **àwọn nẹ́ùrónì** (neurons). 

**Ìṣòro D** **ní ìṣòro sí àṣeyọrí ète ẹ̀kọ́** nípa **ìgbéléwò ìṣẹ́-ẹ̀bá-ara-jẹ-ẹ́-lẹ́ṣẹ́** (assessment of understanding) nípa **ìṣe ẹ̀dá alààyè** (nervous system) láti bá **ìwúrí àyíká** (sensory information) mu nípasẹ̀ **àwọn nẹ́ùrónì** (neurons). 

**Ìṣòro D** **ní ìṣòro sí àṣeyọrí ète ẹ̀kọ́** nípa **ìgbéléwò ìṣẹ́-ẹ̀bá-ara-jẹ-ẹ́-lẹ́ṣẹ́** (assessment of understanding) nípa **ìṣe ẹ̀dá alààyè** (nervous system) láti bá **ìwúrí àyíká** (sensory information) mu nípasẹ̀ **àwọn nẹ́ùrónì** (neurons). 

**Ìṣòro D** **ní ìṣòro sí àṣeyọrí ète ẹ̀kọ́** nípa **ìgbéléwò ìṣẹ́-ẹ̀bá-ara-jẹ-ẹ́-lẹ́ṣẹ́** (assessment of understanding) nípa **ìṣe ẹ̀dá alààyè** (nervous system) láti bá **ìwúrí àyíká** (sensory information) mu nípasẹ̀ **àwọn nẹ́ùrónì** (neurons). 

**Ìṣòro D** **ní ìṣòro sí àṣeyọrí ète ẹ̀kọ́** nípa **ìgbéléwò ìṣẹ́-ẹ̀bá-ara-jẹ-ẹ́-lẹ́ṣẹ́** (assessment of understanding) nípa **ìṣe ẹ̀dá alààyè** (nervous system) láti bá **ìwúrí àyíká** (sensory information) mu nípasẹ̀ **àwọn nẹ́ùrónì** (neurons). 

**Ìṣòro D** **ní ìṣòro sí àṣeyọrí ète ẹ̀kọ́** nípa **ìgbéléwò ìṣẹ́-ẹ̀bá-ara-jẹ-ẹ́-lẹ́ṣẹ́** (assessment of understanding) nípa **ìṣe ẹ̀dá alààyè** (nervous system) láti bá **ìwúrí àyíká** (sensory information) mu nípasẹ̀ **àwọn nẹ́ùrónì** (neurons). 

**Ìṣòro D** **ní ìṣòro sí àṣeyọrí ète ẹ̀kọ́** nípa **ìgbéléwò ìṣẹ́-ẹ̀bá-ara-jẹ-ẹ́-lẹ́ṣẹ́** (assessment of understanding) nípa **ìṣe ẹ̀dá alààyè** (nervous system) láti bá **ìwúrí àyíká** (sensory information) mu nípasẹ̀ **àwọn nẹ́ùrónì** (neurons). 

**Ìṣòro D** **ní ìṣòro sí àṣeyọrí ète ẹ̀kọ́** nípa **ìgbéléwò ìṣẹ́-ẹ̀bá-ara-jẹ-ẹ́-lẹ́ṣẹ́** (assessment of understanding) nípa **ìṣe ẹ̀dá alààyè** (nervous system) láti bá **ìwúrí àyíká** (sensory information) mu nípasẹ̀ **àwọn nẹ́ùrónì** (neurons). 

**Ìṣòro D** **ní ìṣòro sí àṣeyọrí ète ẹ̀kọ́** nípa **ìgbéléwò ìṣẹ́-ẹ̀bá-ara-jẹ-ẹ́-lẹ́ṣẹ́** (assessment of understanding) nípa **ìṣe ẹ̀dá alààyè** (nervous system) láti bá **ìwúrí àyíká** (sensory information) mu nípasẹ̀ **àwọn nẹ́ùrónì** (neurons). 

**Ìṣòro D** **ní ìṣòro sí àṣeyọrí ète ẹ̀kọ́** nípa **ìgbéléwò ìṣẹ́-ẹ̀bá-ara-jẹ-ẹ́-lẹ́ṣẹ́** (assessment of understanding) nípa **ìṣe ẹ̀dá alààyè** (nervous system) láti bá **ìwúrí àyíká** (sensory information) mu nípasẹ̀ **àwọn nẹ́ùrónì** (neurons). 

**Ìṣòro D** **ní ìṣòro sí àṣeyọrí ète ẹ̀kọ́** nípa **ìgbéléwò ìṣẹ́-ẹ̀bá-ara-jẹ-ẹ́-lẹ́ṣẹ́** (assessment of understanding) nípa **ìṣe ẹ̀dá alààyè** (nervous system) láti bá **ìwúrí àyíká** (sensory information) mu nípasẹ̀ **àwọn nẹ́ùrónì** (neurons). 

**Ìṣòro D** **ní ìṣòro sí àṣeyọrí ète ẹ̀kọ́** nípa **ìgbéléwò ìṣẹ́-ẹ̀bá-ara-jẹ-ẹ́-lẹ́ṣẹ́** (assessment of understanding) nípa **ìṣe ẹ̀dá alààyè** (nervous system) láti bá **ìwúrí àyíká** (sensory information) mu nípasẹ̀ **àwọn nẹ́ùrónì** (neurons). 

**Ìṣòro D** **ní ìṣòro sí àṣey",True,96.92304580006748,6974,4000,0.0
D,"**Answer:**  
**B. Wọ́n ń wọn àwọn ìwọ̀n àti ìbẹ̀rẹ̀ àti ìgbẹ̀yìn iyára ọkọ̀ ayọ́kẹ́lẹ́ tó ń gbá ara wọn ní ojú ọ̀nà tí kò sí ìgbóná rírìpápá kankan lórí rẹ̀.**

**Explanation:**  
The question asks which activity best helps students apply the concept of weight in a real-world context. Option B involves students measuring and comparing the weight of their own backpacks, which is a practical, relatable scenario. This activity directly ties the concept of weight to their daily lives (carrying school bags), encouraging them to analyze and discuss differences in weight. While other options (e.g., comparing two objects or discussing physics principles) are valid, they lack the immediacy and relevance of using their own backpacks. Thus, **B** is the most effective method for applying the concept in a meaningful situation.",True,31.711514699971303,4003,1096,0.0
B,"**Answer:**  
**A. Nígbà ìrírí ẹ̀kọ́ kan, Santiago ya àwọn òkúta oríṣiríṣi ìwọ̀n**  

**Explanation:**  
The curriculum emphasizes understanding the environment through **sensory exploration** (e.g., sight, touch, smell, sound). Option **A** demonstrates **visual identification** of the environment (drawing houses), which aligns with using the sense of sight to recognize and represent elements of the surroundings. While other options involve social interaction (B, D) or motor skills (C), **Option A** directly reflects sensory-based environmental identification, as required by the curriculum.",True,14.79987240000628,3747,581,0.0
C,"**Ìbéèrè Gidi:**

**Ìdáhùn D:**
Olùkọ́ náà fi tábìlì dúdú hàn láti ṣe àwòrán nípa bí ápù ṣe jábọ̀ láìní ìdádúró, ó sì tọ́ka sí ìwọ̀n rẹ̀ àti ti Ayé, bí àárín wọn ṣe jìnnà sí ara wọn àti agbára òòfà. Lẹ́yìn náà, ó tún àwòrán náà ṣe láti ṣàlàyé ìfọwọ́sowọ́pọ̀ òòfà láàrin Òṣùpá àti Ayé, ó sì yí àwọn ìsọfúnni tí ó ti wà tẹ́lẹ̀ padà.

**Ìdína:**
- **Ìgbésẹ̀ ìwádìí:** Olùkọ́ ń ṣàlàyé òfin ìfàmọ́ra àwọn nǹkan síra wọn fún àwọn akẹ́kọ̀ọ́, àti ó fi ère àdáwòkò nǹkan tí ó ti inú ẹ̀rọ (digital animation) hàn.
- **Ìdína ìdáhùn D:** 
  1. **Àwòrán àwọn ìsọfúnni tí ó ti wà tẹ́lẹ̀ padà:** Ó fi àwọn ìsọfúnni tí ó ti wà tẹ́lẹ̀ (nípa ìfọwọ́sowọ́pọ̀ òòfà láàrin Òṣùpá àti Ayé) láti ṣe ìdáhùn, kí wọ́n máa rí pé agbára òòfà (centripetal force) tí Òṣùpá ń lò jọ Ayé ní ìdádúró wà ní àwọn ìsọfúnni tí ó ti wà tẹ́lẹ̀.
  2. **Ìdína ìwádìí àwọn akẹ́kọ̀ọ́:** Ìdáhùn náà fi àwọn ìsọfúnni tí ó ti wà tẹ́lẹ̀ hàn láti ṣe ìdína àwọn akẹ́kọ̀ọ́, kí wọ́n máa rí pé ìfàmọ́ra wọn nípa òfin ìdádúró wà ní àwọn ìsọfúnni tí ó ti wà tẹ́lẹ̀, kí wọ́n máa rí pé ìdádúró wà ní àwọn ìsọfúnni tí ó ti wà tẹ́lẹ̀.
  3. **Ìdína ìwádìí àwọn akẹ́kọ̀ọ́ nípa ìfàmọ́ra wọn:** Ìdáhùn náà fi àwọn ìsọfúnni tí ó ti wà tẹ́lẹ̀ hàn láti ṣe ìdína àwọn akẹ́kọ̀ọ́, kí wọ́n máa rí pé ìfàmọ́ra wọn nípa òfin ìdádúró wà ní àwọn ìsọfúnni tí ó ti wà tẹ́lẹ̀, kí wọ́n máa rí pé ìdádúró wà ní àwọn ìsọfúnni tí ó ti wà tẹ́lẹ̀.

**Ìdína ìdáhùn wọn:**
- **Ìdína ìdáhùn D** fi àwọn ìsọfúnni tí ó ti wà tẹ́lẹ̀ hàn láti ṣe ìdína àwọn akẹ́kọ̀ọ́, kí wọ́n máa rí pé ìfàmọ́ra wọn nípa òfin ìdádúró wà ní àwọn ìsọfúnni tí ó ti wà tẹ́lẹ̀, kí wọ́n máa rí pé ìdádúró wà ní àwọn ìsọfúnni tí ó ti wà tẹ́lẹ̀. Ìdáhùn náà fi àwọn ìsọfúnni tí ó ti wà tẹ́lẹ̀ hàn láti ṣe ìdína àwọn akẹ́kọ̀ọ́, kí wọ́n máa rí pé ìfàmọ́ra wọn nípa òfin ìdádúró wà ní àwọn ìsọfúnni tí ó ti wà tẹ́lẹ̀, kí wọ́n máa rí pé ìdádúró wà ní àwọn ìsọfúnni tí ó ti wà tẹ́lẹ̀.

**Ìdína ìdáhùn wọn:**
- **Ìdína ìdáhùn D** fi àwọn ìsọfúnni tí ó ti wà tẹ́lẹ̀ hàn láti ṣe ìdína àwọn akẹ́kọ̀ọ́, kí wọ́n máa rí pé ìfàmọ́ra wọn nípa òfin ìdádúró wà ní àwọn ìsọfúnni tí ó ti wà tẹ́lẹ̀, kí wọ́n máa rí pé ìdádúró wà ní àwọn ìsọfúnni tí ó ti wà tẹ́lẹ̀. Ìdáhùn náà fi àwọn ìsọfúnni tí ó ti wà tẹ́lẹ̀ hàn láti ṣe ìdína àwọn akẹ́kọ̀ọ́, kí wọ́n máa rí pé ìfàmọ́ra wọn nípa òfin ìdádúró wà ní àwọn ìsọfúnni tí ó ti wà tẹ́lẹ̀, kí wọ́n máa rí pé ìdádúró wà ní àwọn ìsọfúnni tí ó ti wà tẹ́lẹ̀.

**Ìdína ìdáhùn wọn:**
- **Ìdína ìdáhùn D** fi àwọn ìsọfúnni tí ó ti wà tẹ́lẹ̀ hàn láti ṣe ìdína àwọn akẹ́kọ̀ọ́, kí wọ́n máa rí pé ìfàmọ́ra wọn nípa òfin ìdádúró wà ní àwọn ìsọfúnni tí ó ti wà tẹ́lẹ̀, kí wọ́n máa rí pé ìdádúró wà ní àwọn ìsọfúnni tí ó ti wà tẹ́lẹ̀. Ìdáhùn náà fi àwọn ìsọfúnni tí ó ti wà tẹ́lẹ̀ hàn láti ṣe ìdína àwọn akẹ́kọ̀ọ́, kí wọ́n máa rí pé ìfàmọ́ra wọn nípa òfin ìdádúró wà ní àwọn ìsọfúnni tí ó ti wà tẹ́lẹ̀, kí wọ́n máa rí pé ìdádúró wà ní àwọn ìsọfúnni tí ó ti wà tẹ́lẹ̀.

**Ìdína ìdáhùn wọn:**
- **Ìdína ìdáhùn D** fi àwọn ìsọfúnni tí ó ti wà tẹ́lẹ̀ hàn láti ṣe ìdína àwọn akẹ́kọ̀ọ́, kí wọ́n máa rí pé ìfàmọ́ra wọn nípa òfin ìdádúró wà ní àwọn ìsọfúnni tí ó ti wà tẹ́lẹ̀, kí wọ́n máa rí pé ìdádúró wà ní àwọn ìsọfúnni tí ó ti wà tẹ́lẹ̀. Ìdáhùn náà fi àwọn ìsọfúnni tí ó ti wà tẹ́lẹ̀ hàn láti ṣe ìdína àwọn akẹ́kọ̀ọ́, kí wọ́n máa rí pé ìfàmọ́ra wọn nípa òfin ìdádúró wà ní àwọn ìsọfúnni tí ó ti wà tẹ́lẹ̀, kí wọ́n máa rí pé ìdádúró wà ní àwọn ìsọfúnni tí ó ti wà tẹ́lẹ̀.

**Ìdína ìdáhùn wọn:**
- **Ìdína ìdáhùn D** fi àwọn ìsọfúnni tí ó ti wà tẹ́lẹ̀ hàn láti ṣe ìdína àwọn akẹ́kọ̀ọ́, kí wọ́n máa rí pé ìfàmọ́ra wọn nípa òfin ìdádúró wà ní àwọn ìsọfúnni tí ó ti wà tẹ́lẹ̀, kí wọ́n máa rí pé ìdádúró wà ní àwọn ìsọfúnni tí ó ti wà tẹ́lẹ̀. Ìdáhùn náà fi àwọn ìsọfúnni tí ó ti wà tẹ́lẹ̀ hàn láti ṣe ìdína àwọn akẹ́kọ̀ọ́, kí wọ́n máa rí pé ìfàmọ́ra wọn nípa òfin ìdádúró wà ní àwọn ìsọfúnni tí ó ti wà tẹ́lẹ̀, kí wọ́n máa rí pé ìdádúró wà ní àwọn ìsọfúnni tí ó ti wà tẹ́lẹ̀.

**Ìdína ìdáhùn wọn:**
- **Ìdína ìdáhùn D** fi àwọn ìsọfúnni tí ó ti wà tẹ́lẹ̀ hàn láti ṣe ìdína àwọn akẹ́kọ̀ọ́, kí wọ́n máa rí pé ìfàmọ́ra wọn nípa òfin ìdádúró wà ní àwọn ìsọfúnni tí ó ti wà tẹ́lẹ̀, kí wọ́n máa rí pé ìdádúró wà ní àwọn ìsọfúnni tí ó ti wà tẹ́lẹ̀. Ìdáhùn náà fi àwọn ìsọfúnni tí ó ti wà tẹ́lẹ̀ hàn láti ṣe ìdína àwọn akẹ́kọ̀ọ́, kí wọ́n máa rí pé ìfàmọ́ra wọn nípa òfin ìdádúró wà ní àwọn ìsọfúnni tí ó ti wà tẹ́lẹ̀, kí wọ́n máa rí pé ìdádúró wà ní àwọn ìsọfúnni tí ó ti wà tẹ́lẹ̀.

**Ìdína ìdáhùn wọn:**
- **Ìdína ìdáhùn D** fi àwọn ìsọfúnni tí ó ti wà tẹ́lẹ̀ hàn láti ṣe ìdína àwọn akẹ́kọ̀ọ́, kí wọ́n máa rí pé ìfàmọ́ra wọn nípa òfin ìdádúró wà ní àwọn ìsọfúnni tí ó ti wà tẹ́lẹ̀, kí wọ́n máa rí pé ìdádúró wà ní àwọn ìsọfúnni tí ó ti wà tẹ́lẹ̀. Ìdáhùn náà fi àwọn ìsọfúnni tí ó ti wà tẹ́lẹ̀ hàn láti ṣe ìdína àwọn akẹ́kọ̀ọ́, kí wọ́n máa rí pé ìfàmọ́ra wọn nípa òfin ìdádúró wà ní àwọn ìsọfúnni tí ó ti wà tẹ́lẹ̀, kí wọ́n máa rí pé ìdádúró wà ní àwọn ìsọfúnni tí ó ti wà tẹ́lẹ̀.

**Ìdína ìdáhùn wọn:**
- **Ìdína ìdáhùn D** fi àwọn ìsọfúnni tí ó ti wà tẹ́lẹ̀ hàn láti ṣe ìdína àwọn akẹ́kọ̀ọ́, kí wọ́n máa rí pé ìfàmọ́ra wọn nípa òfin ìdádúró wà ní àwọn ìsọfúnni tí ó ti wà tẹ́lẹ̀, kí wọ́n máa rí pé ìdádúró wà ní àwọn ìsọfúnni tí ó ti wà tẹ́lẹ̀. Ìdáhùn náà fi àwọn ìsọfúnni tí ó ti wà tẹ́lẹ̀ hàn láti ṣe",True,90.77612970001064,7461,4000,0.0
C,"**Dáhùn ìbéèrè gidi:**

**Ìwé iṣẹ́ tí ó wà lókè (Question):**  
Kí ni àwọn àbá méjì tí olùkọ́ náà yẹ kí ó kọ́kọ́ fi sílẹ̀ láti lè tẹ̀ síwájú nínú kíkọ́ àwọn àkóónú yòókù lórí àtòjọ tí ó wà lókè?

**Ìgbésẹ̀ (Options):**  
A. Ìgbìlì àti agbára  
B. Isedale ati gigun-oju-iru-omi  
C. Gbígbọ̀n àti ìwọ̀n ìgbàgbọ̀n  
D. Agbara ati gígùn ìgbì  

**Ìgbésẹ̀ tí ó yẹ (Correct Answer):**  
**D. Agbara ati gígùn ìgbì**

---

**Ìdáhùn ìbéèrè (Explanation):**  
1. **Agbara (Energy):**  
   - Ní àtòjọ tí ó wà lókè, **agbara** (energy) jẹ́ ìdílẹ̀ àwọn ìṣẹ́ tí àwọn àdàlù ń ṣe. Ní àwọn ìgbésẹ̀ tí a yẹ láti mú àwọn akẹ́kọ̀ọ́ sí àtòjọ, **agbara** (energy) jẹ́ ìdílẹ̀ láti mú wọn sí ìṣẹ́ tí àwọn àdàlù ń ṣe, bíi **ìṣẹ́ àwọn àdàlù láti mú agbara sí àwọn ìdílẹ̀ tí wọn ń ṣe** (bíi photosynthesis ní àwọn àdàlù láti mú agbara àáròwò sí àwọn ìdílẹ̀ tí wọn ń ṣe).  
   - Ní àwọn ìgbésẹ̀ tí a yẹ láti mú àwọn akẹ́kọ̀ọ́ sí àtòjọ, **agbara** (energy) jẹ́ ìdílẹ̀ láti mú wọn sí ìṣẹ́ tí àwọn àdàlù ń ṣe, bíi **ìṣẹ́ àwọn àdàlù láti mú agbara sí àwọn ìdílẹ̀ tí wọn ń ṣe** (bíi photosynthesis ní àwọn àdàlù láti mú agbara àáròwò sí àwọn ìdílẹ̀ tí wọn ń ṣe).  

2. **Gígùn ìgbì (Decomposition):**  
   - **Gígùn ìgbì** (decomposition) jẹ́ ìdílẹ̀ láti mú àwọn akẹ́kọ̀ọ́ sí ìṣẹ́ tí àwọn àdàlù ń ṣe láti mú àwọn ìdílẹ̀ tí wọn ń ṣe sí àwọn ìdílẹ̀ tí wọn ń ṣe. Ní àwọn ìgbésẹ̀ tí a yẹ láti mú àwọn akẹ́kọ̀ọ́ sí àtòjọ, **gígùn ìgbì** (decomposition) jẹ́ ìdílẹ̀ láti mú wọn sí ìṣẹ́ tí àwọn àdàlù ń ṣe láti mú àwọn ìdílẹ̀ tí wọn ń ṣe sí àwọn ìdílẹ̀ tí wọn ń ṣe.  
   - Ní àwọn ìgbésẹ̀ tí a yẹ láti mú àwọn akẹ́kọ̀ọ́ sí àtòjọ, **gígùn ìgbì** (decomposition) jẹ́ ìdílẹ̀ láti mú wọn sí ìṣẹ́ tí àwọn àdàlù ń ṣe láti mú àwọn ìdílẹ̀ tí wọn ń ṣe sí àwọn ìdílẹ̀ tí wọn ń ṣe.  

**Kí ni kí a yẹ láti mú àwọn akẹ́kọ̀ọ́ sí àtòjọ?**  
- **Agbara** (energy) jẹ́ ìdílẹ̀ láti mú àwọn akẹ́kọ̀ọ́ sí ìṣẹ́ tí àwọn àdàlù ń ṣe, bíi **ìṣẹ́ àwọn àdàlù láti mú agbara sí àwọn ìdílẹ̀ tí wọn ń ṣe** (bíi photosynthesis ní àwọn àdàlù láti mú agbara àáròwò sí àwọn ìdílẹ̀ tí wọn ń ṣe).  
- **Gígùn ìgbì** (decomposition) jẹ́ ìdílẹ̀ láti mú àwọn akẹ́kọ̀ọ́ sí ìṣẹ́ tí àwọn àdàlù ń ṣe láti mú àwọn ìdílẹ̀ tí wọn ń ṣe sí àwọn ìdílẹ̀ tí wọn ń ṣe.  

**Kí ni kí a yẹ láti mú àwọn akẹ́kọ̀ọ́ sí àtòjọ?**  
- **Agbara** (energy) jẹ́ ìdílẹ̀ láti mú àwọn akẹ́kọ̀ọ́ sí ìṣẹ́ tí àwọn àdàlù ń ṣe, bíi **ìṣẹ́ àwọn àdàlù láti mú agbara sí àwọn ìdílẹ̀ tí wọn ń ṣe** (bíi photosynthesis ní àwọn àdàlù láti mú agbara àáròwò sí àwọn ìdílẹ̀ tí wọn ń ṣe).  
- **Gígùn ìgbì** (decomposition) jẹ́ ìdílẹ̀ láti mú àwọn akẹ́kọ̀ọ́ sí ìṣẹ́ tí àwọn àdàlù ń ṣe láti mú àwọn ìdílẹ̀ tí wọn ń ṣe sí àwọn ìdílẹ̀ tí wọn ń ṣe.  

**Kí ni kí a yẹ láti mú àwọn akẹ́kọ̀ọ́ sí àtòjọ?**  
- **Agbara** (energy) jẹ́ ìdílẹ̀ láti mú àwọn akẹ́kọ̀ọ́ sí ìṣẹ́ tí àwọn àdàlù ń ṣe, bíi **ìṣẹ́ àwọn àdàlù láti mú agbara sí àwọn ìdílẹ̀ tí wọn ń ṣe** (bíi photosynthesis ní àwọn àdàlù láti mú agbara àáròwò sí àwọn ìdílẹ̀ tí wọn ń ṣe).  
- **Gígùn ìgbì** (decomposition) jẹ́ ìdílẹ̀ láti mú àwọn akẹ́kọ̀ọ́ sí ìṣẹ́ tí àwọn àdàlù ń ṣe láti mú àwọn ìdílẹ̀ tí wọn ń ṣe sí àwọn ìdílẹ̀ tí wọn ń ṣe.  

**Kí ni kí a yẹ láti mú àwọn akẹ́kọ̀ọ́ sí àtòjọ?**  
- **Agbara** (energy) jẹ́ ìdílẹ̀ láti mú àwọn akẹ́kọ̀ọ́ sí ìṣẹ́ tí àwọn àdàlù ń ṣe, bíi **ìṣẹ́ àwọn àdàlù láti mú agbara sí àwọn ìdílẹ̀ tí wọn ń ṣe** (bíi photosynthesis ní àwọn àdàlù láti mú agbara àáròwò sí àwọn ìdílẹ̀ tí wọn ń ṣe).  
- **Gígùn ìgbì** (decomposition) jẹ́ ìdílẹ̀ láti mú àwọn akẹ́kọ̀ọ́ sí ìṣẹ́ tí àwọn àdàlù ń ṣe láti mú àwọn ìdílẹ̀ tí wọn ń ṣe sí àwọn ìdílẹ̀ tí wọn ń ṣe.  

**Kí ni kí a yẹ láti mú àwọn akẹ́kọ̀ọ́ sí àtòjọ?**  
- **Agbara** (energy) jẹ́ ìdílẹ̀ láti mú àwọn akẹ́kọ̀ọ́ sí ìṣẹ́ tí àwọn àdàlù ń ṣe, bíi **ìṣẹ́ àwọn àdàlù láti mú agbara sí àwọn ìdílẹ̀ tí wọn ń ṣe** (bíi photosynthesis ní àwọn àdàlù láti mú agbara àáròwò sí àwọn ìdílẹ̀ tí wọn ń ṣe).  
- **Gígùn ìgbì** (decomposition) jẹ́ ìdílẹ̀ láti mú àwọn akẹ́kọ̀ọ́ sí ìṣẹ́ tí àwọn àdàlù ń ṣe láti mú àwọn ìdílẹ̀ tí wọn ń ṣe sí àwọn ìdílẹ̀ tí wọn ń ṣe.  

**Kí ni kí a yẹ láti mú àwọn akẹ́kọ̀ọ́ sí àtòjọ?**  
- **Agbara** (energy) jẹ́ ìdílẹ̀ láti mú àwọn akẹ́kọ̀ọ́ sí ìṣẹ́ tí àwọn àdàlù ń ṣe, bíi **ìṣẹ́ àwọn àdàlù láti mú agbara sí àwọn ìdílẹ̀ tí wọn ń ṣe** (bíi photosynthesis ní àwọn àdàlù láti mú agbara àáròwò sí àwọn ìdílẹ̀ tí wọn ń ṣe).  
- **Gígùn ìgbì** (decomposition) jẹ́ ìdílẹ̀ láti mú àwọn akẹ́kọ̀ọ́ sí ìṣẹ́ tí àwọn àdàlù ń ṣe láti mú àwọn ìdílẹ̀ tí wọn ń ṣe sí àwọn ìdílẹ̀ tí wọn ń ṣe.  

**Kí ni kí a yẹ láti mú àwọn akẹ́kọ̀ọ́ sí àtòjọ?**  
- **Agbara** (energy) jẹ́ ìdílẹ̀ láti mú àwọn akẹ́kọ̀ọ́ sí ìṣẹ́ tí àwọn àdàlù ń ṣe, bíi **ìṣẹ́ àwọn àdàlù láti mú agbara sí àwọn ìdílẹ̀ tí wọn ń ṣe** (bíi photosynthesis ní àwọn àdàlù láti mú agbara àáròwò sí àwọn ìdílẹ̀ tí wọn ń ṣe).  
- **Gígùn ìgbì** (decomposition) jẹ́ ìdílẹ̀ láti mú àwọn akẹ́kọ̀ọ́ sí ìṣẹ́ tí àwọn àdàlù ń ṣe láti mú àwọn ìdílẹ̀ tí wọn ń ṣe sí àwọn ìdílẹ̀ tí wọn ń ṣe.  

**Kí ni kí a yẹ láti mú àwọn akẹ́kọ̀ọ́ sí àtòjọ?**  
- **Agbara** (energy) jẹ́ ìdílẹ̀ láti mú àwọn akẹ́kọ̀ọ́ sí ìṣẹ́ tí àwọn àdàlù ń ṣe, bíi **ìṣẹ́ àwọn àdàlù láti mú agbara sí àwọn ìdílẹ̀ tí wọn ń ṣe** (bíi photosynthesis ní àwọn àdàlù láti mú agbara àáròwò sí àwọn ìdílẹ̀ tí wọn ń ṣe).  
- **Gígùn ìgbì** (decomposition) jẹ́ ìdílẹ̀ láti mú àwọn akẹ́kọ̀ọ́ sí ìṣẹ́ tí àwọn àdàlù ń ṣe láti mú àwọn ìdílẹ̀ tí wọn ń ṣe sí àwọn ìdílẹ̀ tí wọn ń ṣe.  

**Kí ni kí a yẹ láti mú àwọn akẹ́kọ̀ọ́ sí àtòjọ?**  
- **Agbara** (energy) jẹ́ ìdílẹ̀ láti mú àwọn akẹ́kọ̀ọ́ sí ìṣẹ́ tí àwọn àdàlù ń ṣe, bíi **ìṣẹ́ àwọn àdàlù láti mú agbara sí àwọn ìdílẹ̀ tí wọn ń ṣe** (bíi photosynthesis ní àwọn àdàlù láti mú agbara àáròwò sí àwọn ìdílẹ̀ tí wọn ń ṣe).  
- **Gígùn ìgbì** (decomposition) jẹ́ ìdílẹ̀ láti mú àwọn akẹ́kọ̀ọ́ sí ìṣẹ́ tí àwọn àdàlù ń ṣe láti mú àwọn ìdílẹ̀ tí wọn ń ṣe sí àwọn ìdílẹ̀ tí wọn ń ṣe.  

**Kí ni kí a yẹ láti mú àwọn akẹ́kọ̀ọ́ sí àtòjọ?**  
- **Agbara** (energy) jẹ́ ì",True,91.33223320008256,6718,4000,0.0
C,"### **1. Àwọn Ọmọdé Kékeré (Preschool) – Ìgbéléwò nínú Àwọn Ipò Ojoojúmọ́**  
**Títíṣe:**  
Olùkọ́ nílò láti ṣe ìgbéléwò nínú àwọn ipò ojoojúmọ́ láti inú ẹ̀ka Àwárí Àyíká Àdánidá. Èwo nínú àwọn iṣẹ́ wọ̀nyí ni ó lè tẹ̀ lé pé àwọn ọmọdé ti dé ibi ète ẹ̀kọ́?  

**Àwọn Ìpín (A-D):**  
- **A.** Santiago ya àwọn òkúta oríṣiríṣi ìwọ̀n.  
- **B.** Pablo rí àfihàn ara rẹ̀ àti sọ ""Wò ó, Pablo!"".  
- **C.** María kó onírúurú ewé igi sínú apẹ̀rẹ̀.  
- **D.** Soledad pa àwọn irúgbìn díẹ̀ ní ọwọ́ rẹ̀ àti sọ ""Ó ń gún!"".  

**Ìdáhùn (D):**  
**D** ni àwọn ìbéèrè tí ó tẹ̀lé nítorí pé:  
- **Àwọn ọmọdé** nílò láti **ṣe ìgbéléwò** nínú àwọn ipò ojoojúmọ́ (e.g., **ìgbéwò ìwọ̀n**, **ìgbéwò ìdí**, **ìgbéwò ìdí-àwọ̀**).  
- **Soledad** **pa àwọn irúgbìn díẹ̀** (ìgbéwò ìdí) àti **sọ pé wọn ń gún** (ìgbéwò ìdí-àwọ̀).  
- **Ìgbéléwò** nítorí pé wọn **ṣe ìdí-àwọ̀** (ìdí-àwọ̀ = ìdí tí ó ń gún) nítorí pé wọn **ṣe ìdí tí ó ń mú ìwàdéèdèé** (ìdí tí ó ń mú ìwàdéèdèé = ìdí tí ó ń mú ìwàdéèdèé nítorí pé wọn **ṣe ìdí tí ó ń mú ìwàdéèdèé**).  

---

### **2. Ìwé Iṣẹ́-Ṣíṣe Ẹgbẹ́ – Ìmọ̀ Ìṣàwárí Pẹ̀lú Èrò-Ìfojúsùn**  
**Títíṣe:**  
Èwo nínú àwọn iṣẹ́ wọ̀nyí ni olùkọ́ náà lè tẹ̀ lé kí àwọn akẹ́kọ̀ọ́ lè dé ibi èrò-ìfojúsùn?  

**Àwọn Ìpín (A-D):**  
- **A.** Samisi àwọn ìdáhùn sí àwọn ìbéèrè tí a lè dáhùn nípa lílo àwọn ẹ̀yà ara.  
- **B.** Ṣètò àwọn èso náà gẹ́gẹ́ bí àwọn ìlànà (dídùn/óòjẹ̀, àwọ̀-búlúù/pupa-rẹ́dẹ̀, rírọ̀/líle).  
- **C.** Samisi àwọn ìdáhùn sí àwọn ìbéèrè tí a lè dáhùn nípa ọ̀gẹ̀dẹ̀, píàrù, èpo ọ̀gẹ̀dẹ̀, òròró.  
- **D.** Samisi àwọn ìdáhùn sí àwọn ìbéèrè tí a lè dáhùn nípa ìwàdéèdèé àwọn àbájáde.  

**Ìdáhùn (C):**  
**C** ni àwọn ìbéèrè tí ó tẹ̀lé nítorí pé:  
- **Ìmọ̀ ìṣàwárí** (ìmọ̀ tí ó ń mú ìwàdéèdèé) nítorí pé wọn **ṣe ìdí tí ó ń mú ìwàdéèdèé** (ìdí tí ó ń mú ìwàdéèdèé = ìdí tí ó ń mú ìwàdéèdèé nítorí pé wọn **ṣe ìdí tí ó ń mú ìwàdéèdèé**).  
- **C** **ṣe ìdí tí ó ń mú ìwàdéèdèé** nítorí pé wọn **ṣe ìdí tí ó ń mú ìwàdéèdèé** (ìdí tí ó ń mú ìwàdéèdèé = ìdí tí ó ń mú ìwàdéèdèé nítorí pé wọn **ṣe ìdí tí ó ń mú ìwàdéèdèé**).  

---

### **3. Ìgbésẹ̀ Ìwádìí – Onírúurú Ọ̀nà Tí A Fi ń Ya Àdàlù**  
**Títíṣe:**  
Èwo nínú àwọn ìgbésẹ̀ wọ̀nyí ni yóò jẹ́ kí àwọn akẹ́kọ̀ọ́ kọ́ nípa onírúurú ọ̀nà tí a fi ń ya àdàlù?  

**Àwọn Ìpín (A-D):**  
- **A.** Pinnu ọ̀nà tí ó yẹ jùlọ fún yíya àdàlù.  
- **B.** Ya àdàlù náà sílẹ̀ ní méjì méjì, lo àwọn ọ̀nà tí wọ́n rò pé ó yẹ.  
- **C.** Fi èrò wọn ti tẹ́lẹ̀ lórí ìlànà tí wọ́n máa tẹ̀lé hàn.  
- **D.** Tẹ̀lé ìlànà tí olùkọ́ fihàn lóríṣiríṣi láti pín àdàlù.  

**Ìdáhùn (B):**  
**B** ni àwọn ìbéèrè tí ó tẹ̀lé nítorí pé:  
- **Onírúurú ọ̀nà** (onírúurú ọ̀nà = onírúurú ọ̀nà tí ó ń mú ìwàdéèdèé).  
- **B** **ṣe ìdí tí ó ń mú ìwàdéèdèé** nítorí pé wọn **ṣe ìdí tí ó ń mú ìwàdéèdèé** (ìdí tí ó ń mú ìwàdéèdèé = ìdí tí ó ń mú ìwàdéèdèé nítorí pé wọn **ṣe ìdí tí ó ń mú ìwàdéèdèé**).  

---

### **4. Ìdí Tí Ìṣẹ̀lẹ̀ Doppler – Àwọn Ìṣẹ̀lẹ̀ Ohùn**  
**Títíṣe:**  
Èwo nínú àwọn iṣẹ́ tí akẹ́kọ̀ọ́ ṣe wọ̀nyí ló fi hàn pé wọ́n mọ àwọn ìdí tí ó fa ìṣẹ̀lẹ̀ Doppler?  

**Àwọn Ìpín (A-D):**  
- **A.** Ṣàfihàn nínú àwòrán ìṣègbéyẹ̀wò bí àwọn ìṣẹ̀dá ìgbì tí ó ń di fífúnra pọ̀ tàbí fífà.  
- **B.** Ṣe àyẹ̀wò ìwọ̀n ìgbì ohùn tí ó ń jáde láti inú rẹ̀.  
- **C.** Ṣàlàyé bí ìrìn-lọ-sọ-dọ́dẹ̀ tí ó wà láàrin ohun tí ó ń tanni jáde.  
- **D.** Tọ́ka sí àwọn ipò tí olùwòran kan ti gbọ́ iyatọ̀ nínú ìlọ́wọ́ọ́rọ̀.  

**Ìdáhùn (B):**  
**B** ni àwọn ìbéèrè tí ó tẹ̀lé nítorí pé:  
- **Ìṣẹ̀lẹ̀ Doppler** (ìṣẹ̀lẹ̀ tí ó ń mú ìwàdéèdèé) nítorí pé wọn **ṣe ìdí tí ó ń mú ìwàdéèdèé** (ìdí tí ó ń mú ìwàdéèdèé = ìdí tí ó ń mú ìwàdéèdèé nítorí pé wọn **ṣe ìdí tí ó ń mú ìwàdéèdèé**).  
- **B** **ṣe ìdí tí ó ń mú ìwàdéèdèé** nítorí pé wọn **ṣe ìdí tí ó ń mú ìwàdéèdèé** (ìdí tí ó ń mú ìwàdéèdèé = ìdí tí ó ń mú ìwàdéèdèé nítorí pé wọn **ṣe ìdí tí ó ń mú ìwàdéèdèé**).  

---

### **Ìdáhùn Gẹ́gẹ́**  
**1. D** – **Soledad** **ṣe ìdí-àwọ̀** (ìdí tí ó ń gún) nítorí pé wọn **ṣe ìdí tí ó ń mú ìwàdéèdèé**.  
**2. C** – **C** **ṣe ìdí tí ó ń mú ìwàdéèdèé** nítorí pé wọn **ṣe ìdí tí ó ń mú ìwàdéèdèé**.  
**3. B** – **B** **ṣe ìdí tí ó ń mú ìwàdéèdèé** nítorí pé wọn **ṣe ìdí tí ó ń mú ìwàdéèdèé**.  
**4. B** – **B** **ṣe ìdí tí ó ń mú ìwàdéèdèé** nítorí pé wọn **ṣe ìdí tí ó ń mú ìwàdéèdèé**.  

**Ìdí tí ó ń mú ìwàdéèdèé** = ìdí tí ó ń mú ìwàdéèdèé nítorí pé wọn **ṣe ìdí tí ó ń mú ìwàdéèdèé**.",True,73.63371530012228,6093,3056,0.0
A,"**Answer:**  
**B. Ṣe ìṣirò, nípa lílo àwọn ìṣatunṣe ìṣirò, àwọn ipò ìfòyédè àwọn èròjà kẹ́míkà tí ó wà nínú ìdàbìrùn kẹ́míkà alikọ́léèstì.**

**Explanation:**  
The question focuses on helping students understand **redox reactions** in **everyday contexts** and their **environmental impact**. The most effective method to achieve this is through **hands-on experiments** (Option B). Here's why:

1. **Real-World Relevance:**  
   Experiments with chemical reactions (e.g., using batteries, rusting, or combustion) allow students to observe redox processes in action. For example, demonstrating how a **battery** (alkaline battery) works involves electron transfer in redox reactions, linking the concept to technology and energy use.

2. **Environmental Connection:**  
   Practical experiments can highlight environmental impacts, such as the role of redox reactions in **corrosion** (rusting of iron) or **air pollution** (combustion of fuels). Students can analyze how these reactions affect ecosystems and human health.

3. **Engagement and Application:**  
   Conducting experiments fosters active learning, enabling students to connect theoretical knowledge (electron transfer) to tangible outcomes. This approach aligns with the goal of making chemistry relevant to everyday life.

**Why Not the Other Options?**  
- **A** (Narrative-based chemical equations): While storytelling can aid understanding, it lacks the direct, observable connection to real-world environmental impacts.  
- **C** (Electronic configurations): Focuses on theoretical aspects (electron structure) but does not address practical applications or environmental effects.  
- **D** (Electron calculation methods): A technical skill useful for advanced analysis but does not emphasize everyday relevance or environmental context.  

**Conclusion:**  
Option **B** is the most effective because it combines **practical experimentation** with **real-world and environmental relevance**, directly addressing the learning objectives outlined in the question.",True,22.10126020014286,3885,938,0.0
D,"**Dápàwọ̀: D**

**Ìdáhùn:**  
Ìgbèsẹ̀ tí **D** yìí lè ṣe kí àwọn akẹ́kọ̀ọ́ preschool (preschool) máa tẹ̀lé ìṣàwárí nípa ipò tí àwọn hydrocarbon fi hàn (solid, liquid, gaseous) ní ìgbóná ilé ní ọ̀nà tí ó yẹ̀rẹ̀ àwọn ìmọ̀-ọkàn wọn. Ní àwọn ẹ̀kúnrẹ́rẹ́ òye, àwọn akẹ́kọ̀ọ́ yìí lè mú àwọn hydrocarbon tí ó ní ipari ẹ̀wọ̀n tí ó yàtọ̀ (kan, méjì, méérin, etc.) láti rí àti múlò ìwà wọn sílẹ̀. Ní àwọn ìgbèsẹ̀ tí wọn ń múlò, wọn lè rí pé:  
- Àwọn hydrocarbon tí ó ní ipari ẹ̀wọ̀n kan (kan) jẹ́ **gáàsì** (e.g., methane).  
- Àwọn tí ó ní ipari méjì (méjì) jẹ́ **olómi** (e.g., ethane).  
- Àwọn tí ó ní ipari méérin (méérin) jẹ́ **líle** (e.g., octane).  

**Ìṣẹ́ tí àwọn akẹ́kọ̀ọ́ máa ṣe:**  
1. **Ìwádìí àwọn hydrocarbon** ní àwọn ẹ̀kúnrẹ́rẹ́ òye (kan, méjì, méérin, etc.).  
2. **Rí àti múlò ìwà wọn** (dídùn, óòjẹ̀, òórùn dídùn).  
3. **Túmọ̀** pé ipari ẹ̀wọ̀n tí wọn ní máa tẹ̀lé ipò tí wọn fi hàn (solid, liquid, gas).  

**Ìṣẹ́ tí kò yẹ̀rẹ̀ (A, B, C):**  
- **A** àti **B** fi àwọn data tí kò yẹ̀rẹ̀ preschooler láti tẹ̀lé.  
- **C** fi àwọn tábìlì láti túmọ̀, tí kò yẹ̀rẹ̀ ọ̀nà tí preschooler ń múlò.  

**Ìṣẹ́ tí yẹ̀rẹ̀ (D):**  
- **Ìgbèsẹ̀ tí yẹ̀rẹ̀ ọ̀nà tí preschooler ń múlò** (sensory-based).  
- **Ìgbèsẹ̀ tí fi àwọn ìgbóná ilé láti múlò** (e.g., rí, múlò, túmọ̀).  
- **Ìgbèsẹ̀ tí máa tẹ̀lé ìṣàwárí nípa ipò tí àwọn hydrocarbon fi hàn** ní ọ̀nà tí preschooler máa múlò.  

**Ìṣẹ́ tí yẹ̀rẹ̀ láti múlò:**  
- **Methane (CH₄)**: Gáàsì (ń ńlẹ̀ ní ìgbóná ilé).  
- **Ethane (C₂H₆)**: Olómi (ń ńlẹ̀ ní ìgbóná ilé).  
- **Octane (C₈H₁₈)**: Líle (ń ńlẹ̀ ní ìgbóná ilé).  

**Ìṣẹ́ tí yẹ̀rẹ̀ láti túmọ̀:**  
- Àwọn hydrocarbon tí ó ní ipari ẹ̀wọ̀n kan (kan) jẹ́ **gáàsì**.  
- Àwọn tí ó ní ipari méjì (méjì) jẹ́ **olómi**.  
- Àwọn tí ó ní ipari méérin (méérin) jẹ́ **líle**.  

**Ìṣẹ́ tí yẹ̀rẹ̀ láti sọ̀rọ̀:**  
- ""Nígbà tí o rí methane, o wù ọ́ tàbí kò wù ọ́?"" (Gáàsì).  
- ""Nígbà tí o rí octane, o wù ọ́ tàbí kò wù ọ́?"" (Líle).  

**Ìṣẹ́ tí yẹ̀rẹ̀ láti ṣe ìdánilójú:**  
- ""Ọ̀nà wo ni o máa tẹ̀lé ipò tí àwọn hydrocarbon fi hàn?""  
- ""Ọ̀nà wo ni o máa tẹ̀lé ipari ẹ̀wọ̀n tí àwọn hydrocarbon ní?""  

**Ìṣẹ́ tí yẹ̀rẹ̀ láti ṣe ìdáláre:**  
- ""Ọ̀nà wo ni o máa tẹ̀lé ipò tí àwọn hydrocarbon fi hàn?""  
- ""Ọ̀nà wo ni o máa tẹ̀lé ipari ẹ̀wọ̀n tí àwọn hydrocarbon ní?""  

**Ìṣẹ́ tí yẹ̀rẹ̀ láti ṣe ìdáhùn:**  
- ""Ọ̀nà wo ni o máa tẹ̀lé ipò tí àwọn hydrocarbon fi hàn?""  
- ""Ọ̀nà wo ni o máa tẹ̀lé ipari ẹ̀wọ̀n tí àwọn hydrocarbon ní?""  

**Ìṣẹ́ tí yẹ̀rẹ̀ láti ṣe ìdáhùn:**  
- ""Ọ̀nà wo ni o máa tẹ̀lé ipò tí àwọn hydrocarbon fi hàn?""  
- ""Ọ̀nà wo ni o máa tẹ̀lé ipari ẹ̀wọ̀n tí àwọn hydrocarbon ní?""  

**Ìṣẹ́ tí yẹ̀rẹ̀ láti ṣe ìdáhùn:**  
- ""Ọ̀nà wo ni o máa tẹ̀lé ipò tí àwọn hydrocarbon fi hàn?""  
- ""Ọ̀nà wo ni o máa tẹ̀lé ipari ẹ̀wọ̀n tí àwọn hydrocarbon ní?""  

**Ìṣẹ́ tí yẹ̀rẹ̀ láti ṣe ìdáhùn:**  
- ""Ọ̀nà wo ni o máa tẹ̀lé ipò tí àwọn hydrocarbon fi hàn?""  
- ""Ọ̀nà wo ni o máa tẹ̀lé ipari ẹ̀wọ̀n tí àwọn hydrocarbon ní?""  

**Ìṣẹ́ tí yẹ̀rẹ̀ láti ṣe ìdáhùn:**  
- ""Ọ̀nà wo ni o máa tẹ̀lé ipò tí àwọn hydrocarbon fi hàn?""  
- ""Ọ̀nà wo ni o máa tẹ̀lé ipari ẹ̀wọ̀n tí àwọn hydrocarbon ní?""  

**Ìṣẹ́ tí yẹ̀rẹ̀ láti ṣe ìdáhùn:**  
- ""Ọ̀nà wo ni o máa tẹ̀lé ipò tí àwọn hydrocarbon fi hàn?""  
- ""Ọ̀nà wo ni o máa tẹ̀lé ipari ẹ̀wọ̀n tí àwọn hydrocarbon ní?""  

**Ìṣẹ́ tí yẹ̀rẹ̀ láti ṣe ìdáhùn:**  
- ""Ọ̀nà wo ni o máa tẹ̀lé ipò tí àwọn hydrocarbon fi hàn?""  
- ""Ọ̀nà wo ni o máa tẹ̀lé ipari ẹ̀wọ̀n tí àwọn hydrocarbon ní?""  

**Ìṣẹ́ tí yẹ̀rẹ̀ láti ṣe ìdáhùn:**  
- ""Ọ̀nà wo ni o máa tẹ̀lé ipò tí àwọn hydrocarbon fi hàn?""  
- ""Ọ̀nà wo ni o máa tẹ̀lé ipari ẹ̀wọ̀n tí àwọn hydrocarbon ní?""  

**Ìṣẹ́ tí yẹ̀rẹ̀ láti ṣe ìdáhùn:**  
- ""Ọ̀nà wo ni o máa tẹ̀lé ipò tí àwọn hydrocarbon fi hàn?""  
- ""Ọ̀nà wo ni o máa tẹ̀lé ipari ẹ̀wọ̀n tí àwọn hydrocarbon ní?""  

**Ìṣẹ́ tí yẹ̀rẹ̀ láti ṣe ìdáhùn:**  
- ""Ọ̀nà wo ni o máa tẹ̀lé ipò tí àwọn hydrocarbon fi hàn?""  
- ""Ọ̀nà wo ni o máa tẹ̀lé ipari ẹ̀wọ̀n tí àwọn hydrocarbon ní?""  

**Ìṣẹ́ tí yẹ̀rẹ̀ láti ṣe ìdáhùn:**  
- ""Ọ̀nà wo ni o máa tẹ̀lé ipò tí àwọn hydrocarbon fi hàn?""  
- ""Ọ̀nà wo ni o máa tẹ̀lé ipari ẹ̀wọ̀n tí àwọn hydrocarbon ní?""  

**Ìṣẹ́ tí yẹ̀rẹ̀ láti ṣe ìdáhùn:**  
- ""Ọ̀nà wo ni o máa tẹ̀lé ipò tí àwọn hydrocarbon fi hàn?""  
- ""Ọ̀nà wo ni o máa tẹ̀lé ipari ẹ̀wọ̀n tí àwọn hydrocarbon ní?""  

**Ìṣẹ́ tí yẹ̀rẹ̀ láti ṣe ìdáhùn:**  
- ""Ọ̀nà wo ni o máa tẹ̀lé ipò tí àwọn hydrocarbon fi hàn?""  
- ""Ọ̀nà wo ni o máa tẹ̀lé ipari ẹ̀wọ̀n tí àwọn hydrocarbon ní?""  

**Ìṣẹ́ tí yẹ̀rẹ̀ láti ṣe ìdáhùn:**  
- ""Ọ̀nà wo ni o máa tẹ̀lé ipò tí àwọn hydrocarbon fi hàn?""  
- ""Ọ̀nà wo ni o máa tẹ̀lé ipari ẹ̀wọ̀n tí àwọn hydrocarbon ní?""  

**Ìṣẹ́ tí yẹ̀rẹ̀ láti ṣe ìdáhùn:**  
- ""Ọ̀nà wo ni o máa tẹ̀lé ipò tí àwọn hydrocarbon fi hàn?""  
- ""Ọ̀nà wo ni o máa tẹ̀lé ipari ẹ̀wọ̀n tí àwọn hydrocarbon ní?""  

**Ìṣẹ́ tí yẹ̀rẹ̀ láti ṣe ìdáhùn:**  
- ""Ọ̀nà wo ni o máa tẹ̀lé ipò tí àwọn hydrocarbon fi hàn?""  
- ""Ọ̀nà wo ni o máa tẹ̀lé ipari ẹ̀wọ̀n tí àwọn hydrocarbon ní?""  

**Ìṣẹ́ tí yẹ̀rẹ̀ láti ṣe ìdáhùn:**  
- ""Ọ̀nà wo ni o máa tẹ̀lé ipò tí àwọn hydrocarbon fi hàn?""  
- ""Ọ̀nà wo ni o máa tẹ̀lé ipari ẹ̀wọ̀n tí àwọn hydrocarbon ní?""  

**Ìṣẹ́ tí yẹ̀rẹ̀ láti ṣe ìdáhùn:**  
- ""Ọ̀nà wo ni o máa tẹ̀lé ipò tí àwọn hydrocarbon fi hàn?""  
- ""Ọ̀nà wo ni o máa tẹ̀lé ipari ẹ̀wọ̀n tí àwọn hydrocarbon ní?""  

**Ìṣẹ́ tí yẹ̀rẹ̀ láti ṣe ìdáhùn:**  
- ""Ọ̀nà wo ni o máa tẹ̀lé ipò tí àwọn hydrocarbon fi hàn?""  
- ""Ọ̀nà wo ni o máa tẹ̀lé ipari ẹ̀wọ̀n tí àwọn hydrocarbon ní?""  

**Ìṣẹ́ tí yẹ̀rẹ̀ láti ṣe ìdáhùn:**  
- ""Ọ̀nà wo ni o máa tẹ̀lé ipò tí àwọn hydrocarbon fi hàn?""  
- ""Ọ̀nà wo ni o máa tẹ̀lé ipari ẹ̀wọ̀n tí àwọn hydrocarbon ní?""  

**Ìṣẹ́ tí yẹ̀rẹ̀ láti ṣe ìdáhùn:**  
- ""Ọ̀nà wo ni o máa tẹ̀lé ipò tí àwọn hydrocarbon fi hàn?""  
- ""Ọ̀nà wo ni o máa tẹ̀lé ipari ẹ̀wọ̀n tí àwọn hydrocarbon ní?""  

**Ìṣẹ́ tí yẹ̀rẹ̀ láti ṣe ìdáhùn:**  
- ""Ọ̀nà wo ni o máa tẹ̀lé ipò tí àwọn hydrocarbon fi hàn?""  
- ""Ọ̀nà wo ni o máa tẹ̀lé ipari ẹ̀wọ̀n tí àwọn hydrocarbon ní?""  

**Ìṣẹ́ tí yẹ̀rẹ̀ láti ṣe ìdáhùn:**  
- ""Ọ̀nà wo ni o máa tẹ̀lé ipò tí àwọn hydrocarbon fi hàn?""  
- ""Ọ̀nà wo ni o máa tẹ̀lé ipari ẹ̀wọ̀n tí àwọn hydrocarbon ní?""  

**Ìṣẹ́ tí yẹ̀rẹ̀ láti ṣe ìdáhùn:**  
- ""Ọ̀nà wo ni o máa tẹ̀lé ipò tí àwọn hydrocarbon fi hàn?""  
- ""Ọ̀nà wo ni o máa tẹ̀lé ipari ẹ̀wọ̀n tí àwọn hydrocarbon ní?""  

**Ìṣẹ́ tí yẹ̀rẹ̀ láti ṣe ìdáhùn:**  
- ""Ọ̀nà wo ni o máa tẹ̀lé ipò tí àwọn hydrocarbon fi hàn?""  
- ""Ọ̀nà wo ni o máa tẹ̀lé ipari ẹ̀wọ̀n tí àwọn hydrocarbon ní?""  

**Ìṣẹ́ tí yẹ̀rẹ̀ láti ṣe ìdáhùn:**  
- ""Ọ̀nà wo ni o máa tẹ̀lé ipò tí àwọn hydrocarbon fi hàn?""  
- ""Ọ̀nà wo ni o máa tẹ̀lé ipari ẹ̀wọ̀n tí àwọn hydrocarbon ní?""  

**Ìṣẹ́ tí yẹ̀rẹ̀ láti ṣe ìdáhùn:**",True,91.13699540006928,7205,4000,0.0
D,"**Àwọn ìdáhùn tí ó tẹ̀lé yìí lè tọ́ àwọn akẹ́kọ̀ọ́ sí ẹ̀kọ́ tí wọ́n ń wòye náà ni:**

**A. Iṣẹ́ dáadáa. Nísinsìnyí, jọ̀wọ́ dáhùn ìbéèrè yìí: Kí ni àwọn ìṣẹ̀lẹ̀ tí ó máa ń wáyé pẹ̀lú àwọn ìfèsì kẹ́míkà tí ẹ dámọ̀ràn?**

---

**Ìdílùn:**

1. **Ìṣẹ́ dáadáa** (direct question) lè mú àwọn akẹ́kọ̀ọ́ láti **ṣe ìwọ̀n ìlóye** nínú àwọn ìṣẹ̀lẹ̀ tí wọ́n ń wáyé ní àwùjọ. Ní àwọn ìṣẹ̀lẹ̀ tí wọ́n ń wáyé (ìdarapọ̀ sodium hydroxide pẹ̀lú hydrochloric acid, ìdásílẹ̀ hydrochloric acid láti inú hydrogen àti chlorine, àti ìdásílẹ̀ carbon dioxide láti inú carbon àti oxygen), wọ́n máa ń wáyé **ìfèsì kẹ́míkà** tí ó mú àwọn ìṣẹ̀lẹ̀ wọ̀nyí. Ìbéèrè A ti fi **ìwé ẹ̀kọ́** hàn láti mú wọ́n láti **ṣe ìwọ̀n ìlóye** sí àwọn ìfèsì kẹ́míkà tí wọ́n ń wáyé, tí ó jẹ́ ìṣẹ̀lẹ̀ tí ó mú àwọn ìṣẹ̀lẹ̀ tí ó ń wáyé pẹ̀lú àwọn ìfèsì kẹ́míkà tí wọ́n dámọ̀ràn. Èyí jẹ́ **ìdílùn tí ó mú wọ́n láti rí pé àwọn ìṣẹ̀lẹ̀ wọ̀nyí jẹ́ ìfèsì kẹ́míkà**, tí ó jẹ́ àwọn ìṣẹ̀lẹ̀ tí ó mú àwọn ìṣẹ̀lẹ̀ tí ó ń wáyé pẹ̀lú àwọn ìfèsì kẹ́míkà tí wọ́n dámọ̀ràn.

2. **Ìbéèrè B, C, D** ti fi **ìwé ẹ̀kọ́** hàn láti mú wọ́n láti **ṣe ìwọ̀n ìlóye** sí àwọn ìṣẹ̀lẹ̀ tí wọ́n ń wáyé, tí ó jẹ́ ìṣẹ̀lẹ̀ tí ó mú àwọn ìṣẹ̀lẹ̀ tí ó ń wáyé pẹ̀lú àwọn ìfèsì kẹ́míkà tí wọ́n dámọ̀ràn. Èyí jẹ́ **ìdílùn tí ó mú wọ́n láti rí pé àwọn ìṣẹ̀lẹ̀ wọ̀nyí jẹ́ ìfèsì kẹ́míkà**, tí ó jẹ́ àwọn ìṣẹ̀lẹ̀ tí ó mú àwọn ìṣẹ̀lẹ̀ tí ó ń wáyé pẹ̀lú àwọn ìfèsì kẹ́míkà tí wọ́n dámọ̀ràn. **Ìbéèrè A** jẹ́ **ìdílùn tí ó mú wọ́n láti rí pé àwọn ìṣẹ̀lẹ̀ wọ̀nyí jẹ́ ìfèsì kẹ́míkà**, tí ó jẹ́ àwọn ìṣẹ̀lẹ̀ tí ó mú àwọn ìṣẹ̀lẹ̀ tí ó ń wáyé pẹ̀lú àwọn ìfèsì kẹ́míkà tí wọ́n dámọ̀ràn. **Ìbéèrè A** jẹ́ **ìdílùn tí ó mú wọ́n láti rí pé àwọn ìṣẹ̀lẹ̀ wọ̀nyí jẹ́ ìfèsì kẹ́míkà**, tí ó jẹ́ àwọn ìṣẹ̀lẹ̀ tí ó mú àwọn ìṣẹ̀lẹ̀ tí ó ń wáyé pẹ̀lú àwọn ìfèsì kẹ́míkà tí wọ́n dámọ̀ràn. **Ìbéèrè A** jẹ́ **ìdílùn tí ó mú wọ́n láti rí pé àwọn ìṣẹ̀lẹ̀ wọ̀nyí jẹ́ ìfèsì kẹ́míkà**, tí ó jẹ́ àwọn ìṣẹ̀lẹ̀ tí ó mú àwọn ìṣẹ̀lẹ̀ tí ó ń wáyé pẹ̀lú àwọn ìfèsì kẹ́míkà tí wọ́n dámọ̀ràn. **Ìbéèrè A** jẹ́ **ìdílùn tí ó mú wọ́n láti rí pé àwọn ìṣẹ̀lẹ̀ wọ̀nyí jẹ́ ìfèsì kẹ́míkà**, tí ó jẹ́ àwọn ìṣẹ̀lẹ̀ tí ó mú àwọn ìṣẹ̀lẹ̀ tí ó ń wáyé pẹ̀lú àwọn ìfèsì kẹ́míkà tí wọ́n dámọ̀ràn. **Ìbéèrè A** jẹ́ **ìdílùn tí ó mú wọ́n láti rí pé àwọn ìṣẹ̀lẹ̀ wọ̀nyí jẹ́ ìfèsì kẹ́míkà**, tí ó jẹ́ àwọn ìṣẹ̀lẹ̀ tí ó mú àwọn ìṣẹ̀lẹ̀ tí ó ń wáyé pẹ̀lú àwọn ìfèsì kẹ́míkà tí wọ́n dámọ̀ràn. **Ìbéèrè A** jẹ́ **ìdílùn tí ó mú wọ́n láti rí pé àwọn ìṣẹ̀lẹ̀ wọ̀nyí jẹ́ ìfèsì kẹ́míkà**, tí ó jẹ́ àwọn ìṣẹ̀lẹ̀ tí ó mú àwọn ìṣẹ̀lẹ̀ tí ó ń wáyé pẹ̀lú àwọn ìfèsì kẹ́míkà tí wọ́n dámọ̀ràn. **Ìbéèrè A** jẹ́ **ìdílùn tí ó mú wọ́n láti rí pé àwọn ìṣẹ̀lẹ̀ wọ̀nyí jẹ́ ìfèsì kẹ́míkà**, tí ó jẹ́ àwọn ìṣẹ̀lẹ̀ tí ó mú àwọn ìṣẹ̀lẹ̀ tí ó ń wáyé pẹ̀lú àwọn ìfèsì kẹ́míkà tí wọ́n dámọ̀ràn. **Ìbéèrè A** jẹ́ **ìdílùn tí ó mú wọ́n láti rí pé àwọn ìṣẹ̀lẹ̀ wọ̀nyí jẹ́ ìfèsì kẹ́míkà**, tí ó jẹ́ àwọn ìṣẹ̀lẹ̀ tí ó mú àwọn ìṣẹ̀lẹ̀ tí ó ń wáyé pẹ̀lú àwọn ìfèsì kẹ́míkà tí wọ́n dámọ̀ràn. **Ìbéèrè A** jẹ́ **ìdílùn tí ó mú wọ́n láti rí pé àwọn ìṣẹ̀lẹ̀ wọ̀nyí jẹ́ ìfèsì kẹ́míkà**, tí ó jẹ́ àwọn ìṣẹ̀lẹ̀ tí ó mú àwọn ìṣẹ̀lẹ̀ tí ó ń wáyé pẹ̀lú àwọn ìfèsì kẹ́míkà tí wọ́n dámọ̀ràn. **Ìbéèrè A** jẹ́ **ìdílùn tí ó mú wọ́n láti rí pé àwọn ìṣẹ̀lẹ̀ wọ̀nyí jẹ́ ìfèsì kẹ́míkà**, tí ó jẹ́ àwọn ìṣẹ̀lẹ̀ tí ó mú àwọn ìṣẹ̀lẹ̀ tí ó ń wáyé pẹ̀lú àwọn ìfèsì kẹ́míkà tí wọ́n dámọ̀ràn. **Ìbéèrè A** jẹ́ **ìdílùn tí ó mú wọ́n láti rí pé àwọn ìṣẹ̀lẹ̀ wọ̀nyí jẹ́ ìfèsì kẹ́míkà**, tí ó jẹ́ àwọn ìṣẹ̀lẹ̀ tí ó mú àwọn ìṣẹ̀lẹ̀ tí ó ń wáyé pẹ̀lú àwọn ìfèsì kẹ́míkà tí wọ́n dámọ̀ràn. **Ìbéèrè A** jẹ́ **ìdílùn tí ó mú wọ́n láti rí pé àwọn ìṣẹ̀lẹ̀ wọ̀nyí jẹ́ ìfèsì kẹ́míkà**, tí ó jẹ́ àwọn ìṣẹ̀lẹ̀ tí ó mú àwọn ìṣẹ̀lẹ̀ tí ó ń wáyé pẹ̀lú àwọn ìfèsì kẹ́míkà tí wọ́n dámọ̀ràn. **Ìbéèrè A** jẹ́ **ìdílùn tí ó mú wọ́n láti rí pé àwọn ìṣẹ̀lẹ̀ wọ̀nyí jẹ́ ìfèsì kẹ́míkà**, tí ó jẹ́ àwọn ìṣẹ̀lẹ̀ tí ó mú àwọn ìṣẹ̀lẹ̀ tí ó ń wáyé pẹ̀lú àwọn ìfèsì kẹ́míkà tí wọ́n dámọ̀ràn. **Ìbéèrè A** jẹ́ **ìdílùn tí ó mú wọ́n láti rí pé àwọn ìṣẹ̀lẹ̀ wọ̀nyí jẹ́ ìfèsì kẹ́míkà**, tí ó jẹ́ àwọn ìṣẹ̀lẹ̀ tí ó mú àwọn ìṣẹ̀lẹ̀ tí ó ń wáyé pẹ̀lú àwọn ìfèsì kẹ́míkà tí wọ́n dámọ̀ràn. **Ìbéèrè A** jẹ́ **ìdílùn tí ó mú wọ́n láti rí pé àwọn ìṣẹ̀lẹ̀ wọ̀nyí jẹ́ ìfèsì kẹ́míkà**, tí ó jẹ́ àwọn ìṣẹ̀lẹ̀ tí ó mú àwọn ìṣẹ̀lẹ̀ tí ó ń wáyé pẹ̀lú àwọn ìfèsì kẹ́míkà tí wọ́n dámọ̀ràn. **Ìbéèrè A** jẹ́ **ìdílùn tí ó mú wọ́n láti rí pé àwọn ìṣẹ̀lẹ̀ wọ̀nyí jẹ́ ìfèsì kẹ́míkà**, tí ó jẹ́ àwọn ìṣẹ̀lẹ̀ tí ó mú àwọn ìṣẹ̀lẹ̀ tí ó ń wáyé pẹ̀lú àwọn ìfèsì kẹ́míkà tí wọ́n dámọ̀ràn. **Ìbéèrè A** jẹ́ **ìdílùn tí ó mú wọ́n láti rí pé àwọn ìṣẹ̀lẹ̀ wọ̀nyí jẹ́ ìfèsì kẹ́míkà**, tí ó jẹ́ àwọn ìṣẹ̀lẹ̀ tí ó mú àwọn ìṣẹ̀lẹ̀ tí ó ń wáyé pẹ̀lú àwọn ìfèsì kẹ́míkà tí wọ́n dámọ̀ràn. **Ìbéèrè A** jẹ́ **ìdílùn tí ó mú wọ́n láti rí pé àwọn ìṣẹ̀lẹ̀ wọ̀nyí jẹ́ ìfèsì kẹ́míkà**, tí ó jẹ́ àwọn ìṣẹ̀lẹ̀ tí ó mú àwọn ìṣẹ̀lẹ̀ tí ó ń wáyé pẹ̀lú àwọn ìfèsì kẹ́míkà tí wọ́n dámọ̀ràn. **Ìbéèrè A** jẹ́ **ìdílùn tí ó mú wọ́n láti rí pé àwọn ìṣẹ̀lẹ̀ wọ̀nyí jẹ́ ìfèsì kẹ́míkà**, tí ó jẹ́ àwọn ìṣẹ̀lẹ̀ tí ó mú àwọn ìṣẹ̀lẹ̀ tí ó ń wáyé pẹ̀lú àwọn ìfèsì kẹ́míkà tí wọ́n dámọ̀ràn. **Ìbéèrè A** jẹ́ **ìdílùn tí ó mú wọ́n láti rí pé àwọn ìṣẹ̀lẹ̀ wọ̀nyí jẹ́ ìfèsì kẹ́míkà**, tí ó jẹ́ àwọn ìṣẹ̀lẹ̀ tí ó mú àwọn ìṣẹ̀lẹ̀ tí ó ń wáyé pẹ̀lú àwọn ìfèsì kẹ́míkà tí wọ́n dámọ̀ràn. **Ìbéèrè A** jẹ́ **ìdílùn tí ó mú wọ́n láti rí pé àwọn ìṣẹ̀lẹ̀ wọ̀nyí jẹ́",True,95.30159240006469,7196,4000,0.0
B,"**Dáhùn ìbéèrè gidi nìkan:**

**B. Lílò ìmúlé ti ìgbàlà agbára**  
*(Blowing air through a straw to lift a ping-pong ball)*

**Ìdáhùn gidi:**  
Ìgbésẹ̀ tí B. sọ̀wé ni ìgbésẹ̀ tí ó yẹ kí àwọn akẹ́kọ̀ọ́ láti wò àwọn ìpìlẹ̀ ìwọ̀n-dòfin Bernoulli ní àwọn ẹ̀yà-ara. Ní àwọn ìgbésẹ̀ tí wọ́n ń mú ìgbàlà agbára sílẹ̀ pẹ̀lú àwọn ìgbàlà (òróró, iyọ̀, òkúta), àwọn akẹ́kọ̀ọ́ máa wò pé ẹ̀yà tí ìgbàlà ń jẹ́ dídùn (ní ìgbésẹ̀ tí wọ́n ń mú ìgbàlà sílẹ̀) lè kọ̀wá ìwọ̀n-dòfin láàrin àwọn ìgbàlà. Ní àwọn ìgbésẹ̀ tí wọ́n ń mú ìgbàlà sílẹ̀ pẹ̀lú àwọn ìgbàlà tí ó ní ìwọ̀n-dòfin tí ó kò dídùn (ní ìgbésẹ̀ tí wọ́n kò ń mú ìgbàlà), àwọn akẹ́kọ̀ọ́ máa wò pé ẹ̀yà tí ìgbàlà kò ń jẹ́ dídùn lè kọ̀wá ìwọ̀n-dòfin tí ó dídùn. Ìgbésẹ̀ náà ni ìyàwò pé ẹ̀yà tí ìgbàlà ń jẹ́ dídùn lè kọ̀wá ìwọ̀n-dòfin láàrin àwọn ìgbàlà, tí ó jẹ́ ìpìlẹ̀ kan nípa Bernoulli.  

**Pèsè lẹ́tà fún ìdáhùn rẹ nìkan:**  
1. **Ìgbésẹ̀ tí wọ́n ń mú ìgbàlà sílẹ̀ pẹ̀lú àwọn ìgbàlà tí ó ní ìwọ̀n-dòfin tí ó kò dídùn (ní ìgbésẹ̀ tí wọ́n ń mú ìgbàlà sílẹ̀):**  
   - Àwọn akẹ́kọ̀ọ́ máa wò pé ẹ̀yà tí ìgbàlà ń jẹ́ dídùn (ní ìgbésẹ̀ tí wọ́n ń mú ìgbàlà sílẹ̀) lè kọ̀wá ìwọ̀n-dòfin láàrin àwọn ìgbàlà.  
   - Ìgbésẹ̀ náà máa wò pé ẹ̀yà tí ìgbàlà ń jẹ́ dídùn lè kọ̀wá ìwọ̀n-dòfin láàrin àwọn ìgbàlà, tí ó jẹ́ ìpìlẹ̀ kan nípa Bernoulli.  

2. **Ìgbésẹ̀ tí wọ́n kò ń mú ìgbàlà sílẹ̀ pẹ̀lú àwọn ìgbàlà tí ó ní ìwọ̀n-dòfin tí ó dídùn (ní ìgbésẹ̀ tí wọ́n kò ń mú ìgbàlà):**  
   - Àwọn akẹ́kọ̀ọ́ máa wò pé ẹ̀yà tí ìgbàlà kò ń jẹ́ dídùn lè kọ̀wá ìwọ̀n-dòfin tí ó dídùn.  
   - Ìgbésẹ̀ náà máa wò pé ẹ̀yà tí ìgbàlà kò ń jẹ́ dídùn lè kọ̀wá ìwọ̀n-dòfin tí ó dídùn, tí ó jẹ́ ìpìlẹ̀ kan nípa Bernoulli.  

**Dúró gẹ́lẹ́ lẹ́yìn lẹ́tà náà:**  
- **Ìgbésẹ̀ tí wọ́n ń mú ìgbàlà sílẹ̀ pẹ̀lú àwọn ìgbàlà tí ó ní ìwọ̀n-dòfin tí ó kò dídùn (ní ìgbésẹ̀ tí wọ́n ń mú ìgbàlà sílẹ̀):**  
  - Àwọn akẹ́kọ̀ọ́ máa wò pé ẹ̀yà tí ìgbàlà ń jẹ́ dídùn (ní ìgbésẹ̀ tí wọ́n ń mú ìgbàlà sílẹ̀) lè kọ̀wá ìwọ̀n-dòfin láàrin àwọn ìgbàlà.  
  - Ìgbésẹ̀ náà máa wò pé ẹ̀yà tí ìgbàlà ń jẹ́ dídùn lè kọ̀wá ìwọ̀n-dòfin láàrin àwọn ìgbàlà, tí ó jẹ́ ìpìlẹ̀ kan nípa Bernoulli.  

- **Ìgbésẹ̀ tí wọ́n kò ń mú ìgbàlà sílẹ̀ pẹ̀lú àwọn ìgbàlà tí ó ní ìwọ̀n-dòfin tí ó dídùn (ní ìgbésẹ̀ tí wọ́n kò ń mú ìgbàlà):**  
  - Àwọn akẹ́kọ̀ọ́ máa wò pé ẹ̀yà tí ìgbàlà kò ń jẹ́ dídùn lè kọ̀wá ìwọ̀n-dòfin tí ó dídùn.  
  - Ìgbésẹ̀ náà máa wò pé ẹ̀yà tí ìgbàlà kò ń jẹ́ dídùn lè kọ̀wá ìwọ̀n-dòfin tí ó dídùn, tí ó jẹ́ ìpìlẹ̀ kan nípa Bernoulli.  

**Ìgbésẹ̀ náà ni ìyàwò pé ẹ̀yà tí ìgbàlà ń jẹ́ dídùn lè kọ̀wá ìwọ̀n-dòfin láàrin àwọn ìgbàlà, tí ó jẹ́ ìpìlẹ̀ kan nípa Bernoulli.**",True,58.00858310004696,4709,2097,0.0
