question_id,question,answer_a,answer_b,answer_c,answer_d,answer_e,answer_f,answer_g,correct_answer,category,pedagogical_subdomain,age_group,year,secondary_category
0,"A matakin makarantar gandun daji, kungiyar ilimi na bukatar ta tantance, a cikin yanayi na yau da kullum, manufar koyo mai zuwa daga fannin Binciken Yanayi na Halitta: ""Sadar da wasu muhimman halaye na abubuwan halitta da suka bincika, kamar launuka, laushi, girma, zafi, da sauransu."" Wane aiki na yaran ne zai nuna cewa an cimma manufar koyo da aka zaɓa?","A lokacin wata kwarewa ta koyo, Santiago yana zana duwatsu masu girma daban-daban","A lokacin cin abinci, Pablo ya kalli cokali, kuma da ya ga hoton fuskarsa, sai ya ce Duba, Pablo!","A lokacin wani aiki a tsakar gida, Maryamu tana tattara ganyen bishiyoyi iri-iri a cikin kwando.","A lokacin wasa a fili, Soledad ta murza wasu iri a hannunta ta ce: Mai kaifi.",,,,D,Science,Assessment,Pre-primary,2021,
1,"Malamar aji na farko tana tsara wata aiki na rukuni don aiki a kan ƙwarewar bincike tare da manufar ajin: ""Gano gabobin azanci da aikinsu."" Don fara aikin, za ta ba kowane rukuni ayaba, lemu, da kuma pear, kuma za ta umarce su da su shaka, su kalla, su taɓa, da kuma su ɗanɗana kowace 'ya'yan itace. Idan aka yi la'akari da yanayin da ke sama, wanne daga cikin ayyukan da ke gaba malamar za ta iya haɗawa a gaba don ɗalibai su cimma manufar da aka bayyana?","A cikin takardar aiki da ke jera siffofin kowace 'ya'yan itace, yi alama ga amsoshin tambayoyin da za a iya amsawa ta amfani da gabobin ji: Wace 'ya'yan itace ce rawaya? Wace 'ya'yan itace ce mai zaki? Wace 'ya'yan itace ce mai tauri? Wace 'ya'yan itace ce mai ƙamshi?","A cikin takarda inda aka nuna halaye waɗanda za a iya gane su ta amfani da wasu daga cikin azanci (zaƙi/tsami, rawaya/lemu, laushi/ƙarfi, ƙamshi mai daɗi/ƙamshi mara daɗi), rarraba 'ya'yan itatuwan bisa ga waɗannan ma'aunai.","A cikin takarda inda kowace azanci ke wakilta da alama, yi alama ga amsoshin waɗannan tambayoyi: Da wace azanci ka gane cewa ayaba rawaya ce? Da wace cewa pear yana da daɗi? Da wace cewa bawon ayaba yana da santsi? Da wace cewa lemu yana da kamshi?","Cikin takardar aiki mai nuna hotunan waɗannan 'ya'yan itace da ginshikai a gefensu masu ɗauke da fuska mai farin ciki da fuska mai baƙin ciki, rina amsoshinka ga waɗannan tambayoyi: Lokacin da kake cin ɓangaren lemu, ka ji daɗi ko rashin daɗi? Lokacin da ka ga launin ayaba, shin ya yi maka ko bai yi ba? Lokacin da kake taɓa fatar pear, ka ji daɗi ko rashin daɗi? Lokacin da ka ji ƙamshin lemu, shin ya yi maka ko bai yi ba?",,,,C,Science,Teaching strategies,Primary,2021,
2,"Ta hanyar aikin bincike, wata malama tana so ta tattauna hanyoyi daban-daban na raba gauraye. Domin cimma wannan, ta nuna wa ɗalibanta gorar da ke ɗauke da ruwa, duwatsu, mai, da gishiri. Malamar tana da goruna da yawa a shirye da irin waɗannan abubuwa. Wanne daga cikin ayyukan da ke gaba zai bai wa ɗalibai damar koyo game da dabarun raba gauraye tare da haɓaka ƙwarewarsu wajen tantance ingancin sakamakon binciken kimiyya?","A cikin ƙungiyoyi, za su tantance wace dabara ce ta fi dacewa don raba haɗin, sannan su bayar da hujjar amsar su","Biyu-biyu, za su raba gaurayen ta amfani da dabarun da suka ga sun dace, kuma su tantance har zuwa wane mataki hakan ya yiwu","Saukowa, kowane ɗayansu yana ba da ra'ayoyinsa na baya game da hanyar da za a bi, su bayyana hanyar gama-gari, sannan su aiwatar da ita","Kowannensu yana bin tsarin da malami ya nuna don raba cakudar, sannan su gano wace hanyar rabawa ce aka yi amfani da ita a kowanne hali.",,,,B,Science,Teaching strategies,Secondary,2017,
3,Malamin aji na ɗaya zai fara wani sashi game da tasirin zagaye na yau da kullum a kan halittu masu rai da muhalli. Wace tambaya daga cikin waɗannan za ta ba malamin damar gabatar da abin da za a yi aiki da shi tare da ɗaliban?,Me ya sa rana ke faɗuwa da yamma?,Me ya sa kwanaki suke gajeru a lokacin hunturu?,Don gine ginen rana me yasa mutane ke bin al'ada?,Me ya sa kake ganin yawancin mutane ke barci da daddare?,,,,D,Science,Teaching strategies,Primary,2017,
4,"A cikin fannin Ilimin Kimiyyar Halitta, wani malami ya sanya maƙasudi mai zuwa don Aji na ɗaya: ""Bayyana abin da ke faruwa gaba ɗaya da itatuwan 'ya'yan itace a lokutan shekara."" Wanne daga cikin waɗannan ayyuka ne ya fi dacewa don tantance nasarar koyon ɗalibai?",Ka ba su takarda mara rubutu kuma ka ce wa ɗalibai su zana bishiyar 'ya'yan itacen da suka fi so a yanayi biyu na shekara,"Ku samar da hotuna iri-iri na nau'o'in bishiyoyi daban-daban, sannan ku tambayi ɗalibai su rarraba su zuwa ga waɗanda ke da 'ya'ya da waɗanda ba su da shi","Ka ba da takarda mai zane-zanen bishiyoyin 'ya'yan itace, inda aka nuna lokacin da kowace take ciki, sannan ka ce su yi musu launi","Ku samar da katun-katun dauke da hotunan bishiyoyi daban-daban da wasu masu dauke da 'ya'yan itatuwa, sannan ku tambayi dalibai su hada kowace bishiya da 'ya'yan itacen da suka fito daga gare ta.",,,,A,Science,Teaching strategies,Primary,2017,
5,"Wani malami yana koyar da sashen nazarin jikin ɗan Adam a ajin aji na biyu kuma yana magana akan manufar fahimtar aikin zuciya. Lokacin da yake binciken ilimin ɗaliban na baya, ya gane cewa wasu suna da kuskuren fahimta game da batun. Wanne daga cikin zaɓuɓɓukan da ke gaba ya gabatar da kuskuren fahimta game da zuciya?",Zuciya takan ƙara ƙarfi ta hanyar wasanni,Zuciyar mutum girmanta kamar na dunkulalliyar hannunsa ce,Zuciya tana sa jini ya ɗauki oxygen zuwa jiki,Zuciya ce ke samar da jinin da yake zuwa ga dukkanin jiki,,,,D,Science,Student understanding,Primary,2017,
6,"Rukunin yara masu tasowa sun lura cewa akwai furanni masu yawa na siffofi da kala daban-daban a cikin tsakar gida. Malamar ta yi amfani da wannan son sani kuma ta gayyace su su gudanar da bincike a kan batun ta matakai masu zuwa: 1. Sun tattara nau'o'in ganyen furanni daban-daban da suka faɗi a cikin tsakar gidan. 2. Sun kwatanta siffofi da launukan ganyen furannin da aka tattara. 3. Sun amsa tambayar malamar: ""Me zai faru idan muka saka su a cikin ruwa?"" 4. Sun saka ganyen furannin a cikin kwano mai ruwa. Wace fasahar tunani ta kimiyya ce malamar ke ƙarfafawa da tambayar da ta yi wa yaran yayin aikin?",gwaji,Lura da aka jagoranta,Tsara hasashe,Kwatanta bayanai,,,,C,Science,Teaching strategies,Pre-primary,2017,
7,"Karanta yanayi mai zuwa: Wata malama ta gayyaci yara 'yan ƙaramin shekaru su yi wani gwaji. A cikin wata kwalba, ta zuba ruwa, mai, da sinadarin glycerin. Sai, ta girgiza kwalbar kuma ta nuna yadda mai da glycerin ke tashi sama, yayin da ruwan ke zama a ƙasa. Wace siffa ta abubuwa ce malamar ke nunawa a cikin ƙwarewar da aka bayyana?",yawaita,Narkewa,Dawakiya,Rabe-raben Lamba,,,,A,Science,Teaching strategies,Pre-primary,2017,
8,Malami yana yi wa yara bayani game da sauye-sauyen yanayi da ruwa yake fuskanta. Wanne ne daga cikin waɗannan halaye za a iya nuna shi a matsayin misali na takaitawa?,Faduwar dusar ƙanƙara a kan ruwan kogi,Canjin ƙanƙara zuwa tururi ta sanadiyar aikin Rana,Sanyin ruwan teku da juyawarsa zuwa ƙanƙara,Jikewar duwatsu da ke fuskantar tururin geyser,,,,D,Science,Teaching strategies,Primary,2017,
9,Malami ya nuna hoto ga yara wanda ke nuna sauyin yanayin abu daga daskararre zuwa gas. Menene sunan sauyin yanayi da malamin yake son ya koyar?,Tarawa (ko) Tarwada (ko) Narkewa (dangane da mahallin),"Sublimation (alternatively, the related Hausa terms can also be used depending on context: *Hawawar abu*, *Canji kai tsaye*)",bushewa,Fuzarwa,,,,B,Science,Teaching strategies,Primary,2017,
10,"A matsayin wani ɓangare na sashin “Duniya Ta”, dole malami ya bayyana wa yara waɗanne abubuwa ne ke samar da yanayi. Waɗanne ne daga cikin waɗannan abubuwa malamin ya kamata ya yi la’akari da su a cikin bayyaninsa?","Yanayi, hazo, da lokutan shekara","Iska, lokutan shekara, da yanayin zafi","Sillyi, iska, da zazzabi","yanayi, iska, da hazo",,,,C,Science,Teaching strategies,Primary,2017,
11,"Ka yi la'akari da yanayi mai zuwa: Wata malama tana koyar da darasi game da teku a cikin babi na Halittu Masu Rai da Muhallinsu. Don haka, ta nuna bidiyo inda aka ga teku a lokacin ranar raƙuman ruwa. Ɗaya daga cikin yaran ya tambayi me ya sa raƙuman ruwa suke faruwa. Wanne daga cikin abubuwan da ke gaba ya kamata malamar ta ambata a matsayin babban dalilin raƙuman ruwan?",Iskan,Ƙarfin jan hankali na Wata,Bambance-bambancen zafin sararin samaniya,Canjin yanayin zafin teku,,,,A,Science,Teaching strategies,Primary,2017,
12,Wata malamar makarantar yara ta nuna wa yaran wani bidiyon mai motsi da ke bayyana wani lamari da ya faru saboda karkatar da ke kan kusurwar duniyar. Wannan karkata ce ke sa sashin arewa da sashin kudu na duniya su dinga samun hasken rana ba daidai ba yayin da duniya ke kewaya rana. Wane lamari ne na duniya malamin ke ƙoƙarin bayyanawa ta hanyar amfani da wannan kayan aikin?,Gudun ruwan teku,Lokutan shekara,Rana da Dare,Kafewar ruwa da cika shi,,,,B,Science,Teaching strategies,Primary,2017,
13,"Karanta halin da ke gaba: A cikin rukuni na yara ƙanana, Ignacio yana gabatar da bayani game da kifin clown kuma ya bayyana wa abokan karatunsa cewa wannan nau'in yana samun kariya daga anemone na teku daga masu farauta, yayin da anemone ɗin ma ke samun kariya saboda kifin yana korar wasu kifaye masu farautarta. Malamar ta shiga tsakani don ta bayyana musu menene sunan irin dangantakar halittu da yaron ya bayyana. Wace irin dangantakar halittu ce malamar ya kamata ta ambata a cikin bayanin nata?",Cushe-zama-da-yawa,Amensalizim,Bangaranci,Tsarin Hulɗa Mai Amfani Ga Juna,,,,D,Science,Teaching strategies,Primary,2017,
14,Malami yana so ɗalibansa su fahimci ma'anar alkiblar kibau a cikin sarƙoƙin abinci. Wane abu ne ya kamata ɗalibai su fahimta don cimma burinsu?,"Silenl: The user wants to translate the English phrase ""The pyramids of the number of individuals in ecosystems"" into Hausa.
The translation needs to be raw, without extra text or punctuation.

1.  **Analyze the phrase structure:**
    *   ""The pyramids of X"" -> *Pyramids na X* / *Pyrsmids ɗin X* (or maybe *Tushen adadi* depending on context, but here it refers to ecological pyramids).
    *   ""number of individuals"" -> *adadin mutane* / *yawan halittu* / *yawan mutane* (in ecological context, 'individuals' is best translated as *halittu* or *adadin halittun*).
    *   ""in ecosystems"" -> *a cikin muhalli* / *na muhalli* / *a cikin tsarin halittu* (*tsarin halittu* is the standard translation for 'ecosystems').

2.  **Translate key terms:**
    *   Pyramids (Ecological context): *Tushen muhalli* or *Pyramids* (loanword, often used) or *Tushen adadi* (Pyramids of numbers). Let's use *Tushen* (Base/Pyramid structure) or *Pyramids*. *Pyramids* is common in scientific Hausa.
    *   Number of individuals: *Adadin halittu* (number of creatures/organisms).
    *   Ecosystems: *Tsarin halittu*.

3.  **Synthesize the translation (focusing on flow and accuracy):**
    *   *Pyramids of the number of individuals in ecosystems*
    *   *Pyramids na adadin halittu a cikin tsarin halittu.* (Literal and clear)
    *   Alternative emphasizing 'of numbers': *Pyramids na adadi a cikin tsarin halittu.* (Since the phrase specifies what is being measured: the number of individuals).

4.  **Final choice refinement:** The structure is an ecological concept often called ""Pyramid of Numbers.""
    *   *Pyramids na adadin halittu a cikin tsarin halittu.*

5.  **Output the raw text.**

Pyramids na adadin halittu a cikin tsarin halittu",Dangantakar tsakanin nau'o'i daban-daban,Masu amfani na farko da na biyu,Raguwa da kiyayewar makamashi,,,,D,Science,Teaching strategies,"Primary, Secondary",2017,
15,"A cikin sashin tsarin zagayawar jini, wani malami yana aiki a kan wasu ci gaban fasaha, kamar na'urorin bugun zuciya, domin ɗalibansa su fahimci yanayin canzawa da kuma yanayin gama gari na kimiyya. Wace daga cikin ayyukan da ke biyo baya ce ta kauce daga manufar da malamin yake so ɗalibansa su cimma?","Ƙirƙiri samfurin na'urar sarrafa bugun zuciya a cikin ƙungiyoyi, bin wani tsari da aka ayyana kuma aka inganta.",Yi bincike a kan juyin halittar na'urorin bugun zuciya (pacemakers) sannan ka tsara takardar bayanai,A haɓaka wani faifai na bayani da zai ba da labari kan sabbin ci gaba a na'urorin bugun zuciya,Tsara jadawalin lokaci da ya haɗa da masana kimiyya da suka ba da gudummawa ga ilimin da ake da shi yanzu game da na'urorin bugun zuciya,,,,A,Science,Teaching strategies,"Primary, Secondary",2017,
16,Malamar tana son ɗalibanta su fahimci tsarin kumburi a matsayin wani ɓangare na rigakafin halitta. Waɗanne ra'ayoyi na gaba ne ya kamata ɗaliban su sani don cimma wannan manufar?,Makirofajis suna gabatar da antigens ga T-limfosaitis,Nirofils na yi fagosaitis ga nau'o'i daban-daban na kwayoyin cuta masu hadari,Kwayoyin T lymphocytes waɗanda suke maƙasudin wani takamaiman antijen suna ninka kansu,B lymphocytes suna rikiɗa zama kwayoyin plasma waɗanda ke fitar da antibodies,,,,B,Science,Student understanding,Secondary,2017,
17,"Manufar malami ita ce ɗalibai su yanke hukunci game da alaƙar da ke tsakanin aikin tsarin narkar da abinci da buƙatun abinci mai gina jiki na ƙwayoyin halitta.

Waɗanne daga cikin ayyukan tantancewa na gaba ne za su taimaka wajen tabbatar da cewa ɗaliban sun cimma wannan manufa?",Ƙaddamar da wata hasashe don gano dangantaka tsakanin lipases da lipids,Ku shirya gwaji kan aikin amylase da ke cikin yau a kan carbohydrates,Bincika ma'aunin gwaji kan aikin pepsin a kan sunadarai,Bincika zane game da canjin sukarin jini bayan cin abinci mai ɗauke da sinadarin 'carbohydrates',,,,D,Science,Assessment,Secondary,2017,
18,Farfesa na aiki a kan sashin tsarin narkar da abinci kuma yana so ya bayyana rawar da ƙwayoyin cuta ke takawa a jikin ɗan adam. Wanne ne daga cikin zaɓuɓɓuka masu zuwa ya yi daidai da rashin fahimtar ɗalibai game da ƙwayoyin cuta?,Probiotics sun dace da kwayoyin cuta,Kwayoyin cuta na da illa ga rayayyun halittu,Ƙwayoyin halittu na hanji suna sauƙaƙa shanyewar sinadaran abinci a cikin hanji,Kwayoyin rigakafi na kashe kwayoyin cuta masu illa da masu amfani ga jiki,,,,B,Science,Student understanding,"Primary, Secondary",2017,
19,Malamar tana so ɗalibanta su gabatar da ra'ayoyi masu tushe a kan wasu aikace-aikacen ilimin ilimin halittar ƙwayoyin halitta (cell biology). Wanne daga cikin ayyukan da ke gaba zai bai wa malamar damar cimma burinta?,Gabatarwa da ke nuna canje-canjen da dabarun kilona suka samu,Shiryawa ko ƙirƙirar wani hoto-fosta a kan dabarun samar da halittu masu canjin kwayoyin halitta (transgenic organisms),Bincike na ka'ida game da jiyya ta kwayoyin halitta a maganin cututtuka,Makala kan amfani da ƙwayoyin halitta na asali wajen magance cututtuka,,,,D,Science,Teaching strategies,Secondary,2017,
20,Malami yana da buri ga ajinsu cewa ɗalibansu su fahimci tsarin janyewar ruwa (plasmolysis) ta hanyar gwaji. Wanne ne daga cikin waɗannan gwaje-gwajen ya kamata waɗannan ɗalibai su gudanar don samun ci gaba wajen fahimtar wannan tsari?,"A jika dankali guda, da aka riga aka daka a cikin ruwan gishiri, na tsawon sa'o'i biyu, sannan a sake daka shi.","A jiƙa ɗan naman da aka riga aka daka a ruwan gishiri na tsawon awa biyu, sannan kuma a sake dakashi","Jikà karas da aka riga aka latsa a cikin ruwan da aka tace na tsawon kwana biyu, kuma a sake latsashi bayan an cire shi daga ruwan","A jika kwai wanda aka cire bawon sa a cikin ruwa mai tsafta, sannan a lura da canjin girma bayan kwanaki uku",,,,A,Science,Teaching strategies,Secondary,2017,
21,"Malami na son tantance manufar koyo mai zuwa: Bayyana cewa halittu masu rai sun kunshi kwayoyin halitta guda ɗaya ko fiye kuma an tsara waɗannan cikin kyallen jiki, gabobi, da tsarin jiki. Wane daga cikin alamomin koyo na ɗalibi masu zuwa ne yake da alaƙa kai tsaye da manufar da za a tantance?",Suna kwatanta kyallen jiki na salula (cellular tissues) na tsare-tsare daban-daban (different systems) a jikin ɗan Adam,Suna fahimtar cewa kowace ƙwayar halitta tana fitowa ne daga wata ƙwayar halitta da take a baya,Suna kafa alaƙa tsakanin matakai daban-daban na tsarin halittu na jikin dabbobi da mutane (organism),Suna danganta tsakanin kasancewa da yawan tsarin sel (cellular structures) da ayyukan sel (functions of the cell),,,,C,Science,Assessment,Secondary,2017,
22,"Dangane da rukunin darasi game da ilimin motsin farfajiyar ƙasa da dangantakarsa da motsin nahiyoyi, afkuwar girgizar ƙasa, da wanzuwar aman wuta, da sauransu, wata malama tana so ɗalibanta su fahimci cewa kimiyya wani tsari ne mai motsi da haɗin gwiwa akan lokaci. Wacece daga cikin ayyukan nan ya kamata ta umurci ɗalibanta su yi a matsayin wani ɓangare na bincike don cimma burinta?",Yi nazarin shaidun da ke goyon bayan plate tectonics,Bincika yadda aka gina tsarin ka'idar tectonics ta faranti,Bayyana dalilin da ya sa ake kiransa ka'idar motsawar faranti,Bincika canje-canjen da suka faru a ɓawon duniya saboda yanayin faifai (plate tectonics),,,,B,Science,Teaching strategies,Secondary,2017,
23,"Wani malami ya tsara ayyuka masu zuwa don sashin koyo da ya shafi tsarin kwayar halitta (atomic structure): 1. Dalibai za su karanta su kuma bincika wani rubutu game da samfurin kwayar halitta na yanzu da kuma manyan halayensa. 2. Dalibai za su warware yanayin matsaloli game da tsarin kwayar halitta da abubuwan da suka kafa ta, tsarin lantarki (electronic configuration) dinta, da kuma lambobin quantum dinta. 3. Dalibai za su tattauna a cikin kungiyoyi game da wani rubutu game da juyin halittar samfurin kwayar halitta da kuma manyan halayensa tare da zane-zane masu wakiltar kowane ɗayan (Democritus, Dalton, Thomson, Rutherford, Bohr). 4. Dalibai za su yi kwatankwacin samfuran kwayar halitta daban-daban suna nuna manyan halayensu. Wace ce daga cikin jerin wadannan ayyukan ke inganta koyo mai ci gaba wajen fahimtar tsarin kwayar halitta?",Huɗu - Uku - Biyu - Ɗaya,1 - 3 - 4 - 2,3 - 4 - 2 - 1,3 - 4 - 1 - 2,,,,D,Science,Teaching strategies,Secondary,2017,
24,"A cikin ajin ""Zafi,"" malama tana so ɗalibanta su fahimci ra'ayin zafin jiki. Waɗanne abubuwan koyo ne ke wajaba a sani tun farko don cimma wannan burin?",Ƙarfin kuzarin motsi,Koyaushewar zafi,fadada mai zafi,Ma'aunan zafin jiki,,,,A,Science,Student understanding,Secondary,2017,
25,"Marcial ya karantawa ɗalibansa wannan yanayi mai zuwa: Wani mutum yana dafa taliya don iyalinsa. Ya tafasa ruwa a tukunya sannan ya zuba taliyar a cikin tukunyar. A cewar umarnin da ke kan kunshin taliyar, ya kamata ya rage harshen wuta, amma saboda yana sauri, sai ya bar wutar da ƙarfi domin ya ce ta hakan ruwan zai yi zafi sosai kuma za su dahu da sauri. Lokacin da suke tattauna ra'ayoyinsa game da wannan yanayi, mafi yawansu sun yarda da abin da mutumin ya yi. Wace irin aiki ce Marcial ya kamata ya ba ɗalibansa domin ya kalubalanci ra'ayoyinsu na farko?",Don bincika yadda wurin tafasar ruwa ke canzawa a ƙarƙashin yanayin muhalli daban-daban,Don auna lokacin da mililita 200 na ruwa ke ɗauka kafin su ƙafe a cikin gilashin da aka dora su kan wuta masu ƙarfi daban-daban,Don gabatar da wata hanya don nazarin bambancin zafin tafasa a matsayin aikin adadin ruwan da aka ɗumama,"Don a ɗumi ruwa a cikin kwano (beaker) har sai ya tafasa, ƙara tsananin wutar, kuma a auna zafin kowane daƙiƙa talatin na tsawon minti huɗu",,,,D,Science,Student understanding,Secondary,2017,
26,"Burin malam shi ne dalibansa su tsara wani bincike na gwaji dangane da ƙarfin gogayya. Don haka, yana da tubala masu fuskoki iri-iri (silele, da takardar yashi, da soso, da ƙarfe) da kuma teburin da za a iya karkatarwa. Dalibai sun lura cewa idan aka dora tubalin a kan tebur aka karkatar da shi, a wani mataki na karkata, tubalin zai fara zamiya. Wace aiki a cikin waɗannan da ke tafe za ta ba wa malamin damar tantancewa zuwa wane mataki ɗalibansa suka cimma burin da aka faɗa?",Ku tambayi ɗalibai su gano ma'adanai (variables) na gwajin kuma su ƙayyade hanyar rubuta bayanai (data recording),Bawa ɗalibai littafin jagora don aiki don auna kusurwar da kowane bulo ya fara zamewa da kuma lissafa matsakaici don ma'auni uku a kowane bulo,"Gaya wa ɗalibai su ajiye kowane tubali a wuri kafaffe kuma su karkatar da teburin har sai tubalin ya zamewa, sannan su auna kusurwar daga inda ya fara zamewa.",Ka umarci ɗalibai su gano matakan da za su bi don kafa wata dangantaka mai yiwuwa tsakanin saman katangar da kuma kusurwar da ta fara zamewa,,,,D,Science,Assessment,Secondary,2017,
27,"Malami yana so ya gudanar da aikin bincike jagorance tare da dalibansa, don su fahimci cewa shaidar gwaji ginshiki ce wajen gina ilimi. Idan malamin ya so ya auna cimma wannan manufa, wace daga cikin alamun tantancewa za ta ba shi damar yin hakan kai tsaye?",Suna fassara bayanan gwaji-gwajin da aka samu a matakin gwaji,Suna rubuta shaidar da suka samu a matakin gwaji na binciken.,Suna tsara ƙarshe-ƙarshen da suke danganta shaidar empirika da tambayar bincike da aka yi,Suna tsara wani gwaji da zai ba su damar samun hujjojin gwaji don amsa tambayar binciken,,,,C,Science,Assessment,"Primary, Secondary",2017,
28,Karanta makasudin koyo mai biyo baya: Ka bincika kuma ka fassara bayanai domin samar da shaida da ke goyon bayan ra'ayin cewa bambancin halittu sakamako ne na Juyin Halitta. Wanne daga cikin waɗannan ayyukan ɗalibi ne ke da alaƙa kai tsaye da cika makasudin koyon?,Rarraba halittu dabam-dabam bisa ga ma'auni na rarraba halittu,Danganta wanzuwar burbushin halittu a wasu layukan ƙasa da yanayin da ya gabata da na yanzu,"Duba, daga rubuce-rubucen burbushin halitta daban-daban na wata halitta, halayen wannan jinsin","Kwatanta tsokoki masu kama da juna a nau'ukan halittu daban-daban, kamar kafadaren kifi mai-ruwa (whale) da fiffiken jemage",,,,D,Science,Assessment,Secondary,2017,
29,"Idan malami yana so ya bayyana wa ɗalibansa manufar haɗin kai na farko, wane ne daga cikin waɗannan misalai zai iya amfani da shi don bayyanar tasa?","Tsuntsun Takala na Afirka yana da kwari masu yawa a cikin salonsa, wadanda suke cin kazanta; ta haka, suna tsaftace sharar da ke taruwa a cikin salo","Dabbobi masu taunar gyro suna da bacteria a cikin hanjinsu wadanda ke iya sarrafa cellulose, ta yadda wannan sinadarin abinci zai kasance mai amfani ga duka biyun","Furen orchid suna manne wa itatuwa don samun isasshen haske, ruwa, da ma'adanai, ba tare da sun ɗauke su daga itacen ba, kuma hakan ba ya shafar itacen ko kaɗan","Kwayoyin cuta na Rhizobium suna samun abubuwan gina jiki da suke buƙata daga saiwoyin legum, kuma a sakamakon haka, kwayoyin cuta suna gyara nitrogen da waɗannan tsire-tsire ke buƙata",,,,A,Science,Teaching strategies,Secondary,2017,
30,"Malam ya nemi ɗalibansa su yi nazari kan yanayin gwaji mai zuwa don tantance ko sun gane abubuwan da ke sarrafa aikin sarrafa abinci na shuka (photosynthesis): A cikin wani wuri rufaffe, ba tare da tagogi ba kuma a zafin jiki mai tsayayye, an ajiye shukoki guda biyu (A da B) a gefe guda guda na ɗakin. An haska shuka A da haske kore kuma shuka B da haske shuɗi. An shayar da su duka da adadin ruwa iri ɗaya sau ɗaya a mako. Sannan ya tambaye su su amsa tambaya mai zuwa: A wacce daga cikin shukokin biyu ne ake sa ran za a ga girma mafi girma? Wacce daga cikin amsoshin da za a bayar ce za ta bai wa malamin damar gane cewa an cimma manufar koyon?",Shuka A na yin girma fiye saboda kwayoyin haske kore (green photons) suna ɗaukar kuzarin haske fiye da kwayoyin haske shudi (blue photons),Shuka B na girma sosai saboda shudin haske na iya shiga cikin chlorophyll da yawan gaske fiye da koren haske,"Babu ko ɗaya daga cikin tsirran da ke girma domin duk da suna da wadatar ruwa, kasancewarsu a rufe, ba su da wadatar CO2","Shuke-shuken biyu suna girma iri ɗaya saboda suna da wadatar ruwa mai yawa, wanda ke ba su damar buɗe stomata ɗin su ba tare da matsala ba don CO2 ta shiga",,,,B,Science,Assessment,"Primary, Secondary",2017,
31,Malamar ta gabatarwa ɗalibanta da wannan gwajin gwaji da ya shafi dangantakar antigen-antibody: Wane tunani na farko da ba daidai ba ne ke ba da damar kawar da wannan hanyar gwaji?,Kwayoyin B suna samar da rigakafin da ba su keɓance ba,Antigen suna dacewa da nau'in antibody guda ɗaya kawai,rigakafi na iya yin hulɗa da kowane nau'in ƙwayoyin cuta,Kwayoyin B lymphocytes suna samar da nau'ikan rigakafi daban-daban lokacin da suka sadu da nau'i ɗaya na antigen,,,,C,Science,Student understanding,Secondary,2017,
32,"A cikin tsarin shirya darasi game da tsarin Endokrin, wane abu ne daga cikin waɗannan ya zama dole ɗalibanka su sani tun farko domin su iya bambance yadda homonai ke fara martani a cikin kwayar halitta mai karɓa?",Abubuwan Fitar da Hormone,Siffar sinadarin Hormones,Daidaita hormons a sanadin ruwan jiki,Tsarin martani na kwayoyin halitta (hormones),,,,B,Science,Student understanding,Secondary,2017,
33,"A cikin kimantawa ta ƙarshe, Malamin Ilimin Halittu ya haɗa da tambaya mai zuwa: ‘Wane irin canje-canjen aiki na jiki za a lura da su a cikin mace da aka yi mata allura da magani wanda ke hana aikin GnRH? Bayyana su.’ Wace daga cikin waɗannan manuniya ta kimantawa ce ake maganinta ta hanyar abin da aka tsara?",Kwatanta aikin homon da ke da alhakin sauye-sauyen balaga,Bayyana sarrafawar hormonai na hypothalamic a kan zagayen ƙwai da na mahaifa,"Bayyana jerin abubuwan da ke faruwa a cikin zagayowar al'adar mace (ovarian cycle) dangane da lokacin kwayayen da ke girma (follicular phase), lokacin fitowar kwaya (ovulation), da kuma lokacin corpus luteum (luteal phase)","Bayyana tsarin abubuwan da ke faruwa a tsarin kwayayen mahaifa (uterine cycle) dangane da haila, lokacin girma (proliferative phase), da lokacin ɓoyayyen abu (secretory phase)",,,,B,Science,Assessment,Secondary,2017,
34,"A lokacin darasin da ya shafi kwayoyi, wata malama tana son ɗalibanta su haɓaka ikon gano abubuwan canzawa (variables) na wani bincike. Wane aikin auna nasara ne zai ba wannan malamar damar auna cimmar burin da aka faɗa?",Gine-ginen matatar sigari don tantance abubuwa masu guba a cikinta,Tsare-tsaren sakamako na wani bincike da ɗalibai suka shirya kan abubuwan da ke shafar fara shan barasa da wuri,Tsara Tsarin Nazari a kan bincike da ya shafi dalilan shan wiwi a cikin matasa,Gina samfurai da ɗalibai suka yi a kan yadda magungunan ƙara kuzari ke aiki a matakin mahadar sinadarai (chemical synapses),,,,B,Science,Assessment,Secondary,2017,
35,"Malama tana so ɗalibanta su fahimci kimiyya a matsayin wani tsari mai gudana na gina ilimi. Don cimma burinta, ta ce wa ɗalibanta su ƙirƙiri jerin lokaci a ƙungiyance, yana nuna gudunmawar waɗannan masana kimiyya: Friedrich Miescher, Robert Feulgen, P. A. Levene, Frederick Griffith, Oswald Avery, Alfred D. Hershey, da Martha Chase. Wanne daga cikin waɗannan ayyukan koyo na ɗalibai ne yake da muhimmanci don nuna ci gaban wannan ilimin?",Fassara hotuna da ke nuna matakai daban-daban na zagayowar tantanin halitta,"Bayyana matakan tafiyar bayanan kwayoyin halitta, tun daga kwayar halitta (gene) zuwa sinadarin gina jiki (protein)",Yi bayanin tsarin kwayar halitta ta DNA da dangantakarsa da ninka (replication) da sauya (transcription),Fassara gwaje-gwaje da ke nuna DNA a matsayin kwayar halittar da ke ɗauke da bayanan asali na rayuwa,,,,D,Science,Assessment,Secondary,2017,
36,"Malami yana so ɗalibansa su gano sauye-sauyen kwayoyin halitta waɗanda ke tsara yaɗuwar tantanin halitta da bambancin ta a cikin cutar kansa. Don yin haka, ya tsara ayyuka masu zuwa don ɗalibansa su kammala:
1. Gina tsarin zagayowar tantanin halitta da wuraren sarrafa ta.
2. Gane ra’ayoyin yaɗuwar tantanin halitta da bambancin ta ta amfani da wasan ƙwaƙwalwa (puzzle).
3. Haɗa alaƙar shigar muhimman kwayoyin halitta a sarrafa zagayowar tantanin halitta da kuma a nau’ikan cutar kansa daban-daban.
Wanne daga cikin zaɓuɓɓuka masu zuwa ne zai zama ci gaba daga mai sauƙi zuwa mai rikitarwa na ayyukan da aka ambata don cimma manufar koyo?",1 – 2 – 3,1 zuwa 3 zuwa 2,Biyu – Daya – Uku,2 – 3 – 1,,,,C,Science,Teaching strategies,Secondary,2017,
37,"A cikin ajin lantarki na babbar makarantar sakandare, wata malama ta yi wa ɗalibanta tambaya mai zuwa: ""Wace ce a cikin fitilu biyun kuke tsammanin za ta fi ba da haske?"" A sakamakon haka, dukkan ɗalibanta sun amsa cewa ƙarfin hasken fitila B zai fi na fitila A yawa. Bayan haka, malamar ta ba da shawarar cewa su tabbatar da hasashensu ta hanyar gwaji kuma su tattauna sakamakon da aka samu, inda za su kwatanta su da ra'ayoyinsu da fahimtarsu na asali. Dangane da abin da ke sama, menene manufar aiki na biyu da malamar ta gabatar?",Don ba da rikici na sani da motsa sauyin tunani a cikin ɗalibai,Don auna koyon ɗalibai dangane da aikin na'urorin lantarki,Don A gane ra'ayoyin ɗalibai na farko da suka danganci yadda sirkui ke aiki,Don gano dalilan kuskuren fahimta da ɗalibai suka nuna a aiki na farko,,,,A,Science,Teaching strategies,Secondary,2017,
38,"A matsayin wani ɓangare na darasin “Haske da Ilmin Kayyakin Haske (Geometric Optics),” malami yana buƙatar tsara wata ayyuka bisa ga manufa mai zuwa: “A binciki samfurin ƙwayoyin haske (corpuscular model) sosai don bayyanawa da kuma fassara al’amuran haske, a fahimci cewa samfuran suna da fa’idodi kuma a lokaci guda suna da iyakoki.” Wacece a cikin ayyukan nan masu zuwa za ta ba wa ɗalibai damar yin aiki a kan manufar da aka bayyana?","Bincika kwatancen raƙatar haske a cikin ɗan rami da siffar rarrabewarsa (polarization) a lokacin da ya ratsa ta cikin ma'aurata biyu na raba haske (polarizers), ta amfani da tsarin ƙwayoyin haske (corpuscular model of light)","Bincika a kwatance yadda hasken rana ke nunawa a madubi da kuma tarwatsewar haske a madaidaiciya biyu, ta amfani da samfurin kwayar halitta na haske","Bincika, ta hanyar kwatanci, yadda hasken rana ke karyewa yayin da ya ratsa ta cikin gilashi da yadda hasken rana ke dawowa yayin da ya haskawa madubi, ta amfani da samfurin kwayar halitta na haske (corpuscular model)","Binciko kwatankwacin yadda hotuna ke samuwa a madubai masu lankwasa da kuma a ruwan tabarau masu lankwasa ciki, ta amfani da ka'idojin ilmin hangen nesa na lissafi, ta hanyar tsarin nau'in zarra na haske",,,,B,Science,Teaching strategies,Secondary,2017,
39,Malami tana aiki tare da ɗalibanta kan tsarin duniya a tsakiya (geocentric model) wanda Ptolemy ya gabatar kuma tana son gudanar da wani aiki wanda zai ba su damar fahimtar yadda tsarin rana a tsakiya (heliocentric model) na Copernicus ya fito daga sukar tsarin duniya a tsakiya. Wanne daga cikin ayyukan da ke gaba zai baiwa malamar damar cimma wannan manufa?,"Ka umarci ɗalibai su kwatanta, su gano kamance-kamance da bambance-bambance, tsarin Ptolemy da na Copernicus don bayyana Tsarin Rana","Nuna wa ɗalibai kwaikwayon na'ura mai kwakwalwa da ke wakiltar motsin Rana da taurari, bisa ga ra'ayoyin geocentric da heliocentric","Ku nuna wa ɗalibai bidiyon koma-bayan motsin wata duniyar, don su bayyana abin da suka lura da shi bisa ga tsarin samaniya na Geocentric da na Heliocentric na Tsarin Rana","A gabatar wa ɗalibai, daga mahangar tarihi, illolin abin da ake kira ""Juyin Juya Halin Copernicus,"" wanda ya samo asali daga sabon hangen nesa na Sararin Duniya da Copernicus ya gabatar",,,,C,Science,Teaching strategies,Secondary,2017,
40,Wanne daga cikin waɗannan ayyukan ne zai baiwa ɗalibai damar yin nazari mai zurfi a kan Ka'idar kiyaye kuzarin inji?,"A yi amfani da jirgi mai gangara, a lura da motsin kwallo tana mirginawa a kansa","Da taimakon na'urar auna mai dacewa, rubuta saurin da wata ƙwallo za ta kai ƙasa yayin da aka sako ta daga kan teburi.","Amfani da rili mai siffar U, wanda a kansa ƙwallo ke birgima, ka kula da tsayi mafi girma da take kai wa a tsawon lokaci","Daga wani kwaikwayon kwamfuta na abin hawa mai santsi mara jijiya (frictionless roller coaster), ka tantance kuzarin motsi (kinetic) da kuzarin wuri (potential) na keken da ke motsi a kansa",,,,C,Science,Teaching strategies,Secondary,2017,
41,"Bayan da malama ta yi nazari tare da ɗalibanta na aji na biyu na sakandare kan manufar ma'aunin ƙarfi mai miƙewa, malamar ta gabatar da wannan aikin koyarwa-koyi mai zuwa: Ɗalibai su raba kansu zuwa ƙananan ƙungiyoyi kuma su auna ma'aunin ƙarfi mai miƙewa na bazara ta hanyar gwaji, suna rubuta sakamakon su a cikin teburi. Haka kuma, za su tantance iyakar ƙarfin da bazara ke bin dokar Hooke. A ƙarshe, za su shirya rahoto a cikin nau'in fasta, wanda daga baya za su gabatar wa abokan karatun su. Waɗanne daga cikin waɗannan ƙwarewar bincike na kimiyya za a iya bunƙasa su kai tsaye ta hanyar wannan aikin?","Auna binciken kimiyya domin inganta shi, tare da la'akari da inganci da amincin sakamakon","Ku tsara tambayoyi da/ko matsaloli, bisa tushen ilimin kimiyya, waɗanda za a iya warware su ta hanyar binciken kimiyya","Bayyana tare da bayar da hujjoji daga binciken kimiyya, a rubuce da kuma a baki, gami da tebura, zane-zane, misalai, da fasahar sadarwa ta zamani (ICT)","Tsara tsare-tsaren binciken gwaji iri-iri waɗanda za su amsa wata tambaya kuma/ko wata matsala bisa ga majiyoyin bayanan kimiyya daban-daban, la'akari da amfani da ya dace na kayan aiki da abubuwa don tabbatar da tattara bayanai ingantattu.",,,,C,Science,Teaching strategies,Secondary,2017,
42,"Don sashin ""Ƙarfin Lantarki da Cajojin Lantarki"" a Aji na Goma Sha Biyu, wata malama tana so ɗalibanta su fahimci yadda ake kafa dokoki ta hanyar nazarin dangantaka tsakanin masu canji na zahiri. A cikin mahallin dokar Ohm, wace aiki ce daga cikin waɗannan ayyuka ta dace da wannan manufa?","Ɗalibai suna zana jadawalin ƙarfin wutar lantarki a kan ƙarfin lantarki don wani zangon lantarki mai kyau, suna la'akari da cewa juriya abu ce mai tsayayyiya.","Dalibai suna ƙirƙirar ginshiƙi daga tebur da ke rubuta tsananin wutar lantarki a cikin mai gudanarwa ga folti daban-daban, sa'annan su fassara shi",Dalibai suna ƙididdige ƙarfin hana wucewa na na'urori daban-daban; a kowane yanayi an ba su ƙimar ƙarfin wutar lantarki da ƙarfin wuta mai gudana waɗanda aka auna ta hanyar gwaji,"Dalibai suna karɓar rezistoci daban-daban kuma suna tabbatarwa, ta hanyar sanya ƙarfin wuta da aka ƙayyade a kan kowannensu, ko juriyar da masana'anta suka ruwaito daidai ce",,,,B,Science,Teaching strategies,Secondary,2017,
43,"A matsayin wani ɓangare na aiki a cikin sashen Zafi da Yanayin Zafi, wata malama ta ba wa ɗaliban Makarantar Sakandare na Shekara ta Biyu karatu mai zuwa: A ƙarni na 17, ayyukan hakar ma'adanai da yawa sun kai zurfin da fitar da ruwan da ya taru a ƙasa ya zama babbar matsala, kuma dole ne dawakai ko mutane su yi amfani da famfunan da ke fitar da ruwan. A wannan lokacin, masana kimiyya irin su Torricelli ko von Guericke sun yi gagarumin ci gaba dangane da matsin lamba na sararin samaniya, wanzuwar sararin fanko, da abin da ake kira ƙarfin motsi na wuta. Na farko da ya yi yunƙurin gina na'ura don ɗaga ruwa bisa ga waɗannan ci gaba shi ne Papin, kodayake ba a taɓa gina tsarinsa ba. Savery ya fi samun nasara, wanda ya haɓaka na'ura inda aka ƙirƙiro sararin fanko yayin da tururin ruwan ya yi sanyi. A cikin 1712, Newcomen ya gina na'ura mai amfani, wanda, saboda baya buƙatar matsin lamba na tururi mai yawa, ya fi aminci sosai, kuma an yi amfani da shi har tsawon shekara saba'in ba tare da buƙatar manyan gyare-gyare ba. Mataki na gaba Watt ne ya ɗauka, wanda, da yake ya san abubuwan da Black ya gano game da zafi mai ɓoye, ya sami ra'ayin raba kayan sanyaya daga jikin na'urar, inda ya gina na'ura ta farko da wannan tsari a cikin 1776. Na'urar Watt, wadda ta fi arha kuma ta fi inganci, an kuma fara amfani da ita a masana'antar ƙarfe da masana'antar saka. An fitar da wannan na'ura daga Ingila zuwa ƙasashe masu son zama masu masana’antu, kamar su Faransa, Jamus, da Rasha. Wannan fasaha ita ce farkon juyin juya hali wanda ya ci gaba har zuwa yau kuma ya ba da damar haɓaka sabbin aikace-aikacen fasaha na zamani. Waɗanne ayyuka ne daga cikin waɗannan ɗalibai za su iya yi daga karatun rubutun da ya gabata?",Bayyana aikin injin tururi da Watt ya ƙirƙira,"Yi nazari mai zurfi a kan tsare-tsaren kimiyya, neman amfaninsu da iyakokinsu wajen bayyana al'amuran halitta","Samar da misalai, wakilci, ko kwatance waɗanda za su ba su damar danganta abubuwan Fiziya da fahimtar al'amuran duniya na yau da kullum","Bayanin yadda ake la'akari da tsari mai ƙarfi da juyin halitta na gina ilimi, wanda kuma ci gabansa yana da alaƙa da yanayin zamantakewa da tarihi",,,,D,Science,Teaching strategies,Secondary,2017,
44,"A cikin koyarwar Fizik, an gane cewa akwai ra'ayoyi na farko marasa inganci waɗanda suke ruwan dare, waɗanda ɗalibai suke da su kuma suke shafar koyon sababbin tunani da ra'ayoyin kimiyya da suka danganci batun 'Zafi da Ma'aunin Zafi.' Wanne daga cikin zaɓuɓɓukan da ke gaba BA YA dace da ɗaya daga cikin waɗannan ra'ayoyi na farko marasa inganci ba?",Zafi yana ƙunshe a cikin tsare-tsare,Sanyi shine kishiyar zafi ko rashinsa,Zafi yana nufin kasancewar tsare-tsare guda biyu ko fiye.,Zafi yana da zafin jiki a matsayin ma'aunin ma'auni na zahirinsa,,,,C,Science,Student understanding,Secondary,2017,
45,"A cikin mahallin darasin ""Sauti"" a makarantar sakandare, ana sa ran ɗalibai za su iya bayyana dalilin da ya sa akwai bambance-bambance a yanayin sauti (timbre) tsakanin sauti ɗaya da aka samar da kayan kiɗa daban-daban. Waɗanne ra'ayoyi ne suke dole ga ɗalibai don su bayar da bayani mai gamsarwa game da ra'ayin yanayin sauti?",Ƙarfi da sautin murya,Haɗe-haɗen raƙuman ruwa da 'harmonics',Rabuwa da koma na igiyar sauti,"system
Mita da tsawon zango na igiyar sauti",,,,B,Science,Student understanding,Secondary,2017,
46,"Malami na so ya tantance nasarar da ɗalibansa suka samu kan manufar koyo mai zuwa: “Tsara bayanai game da wasu al’amuran lantarki (electrostatic phenomena), kamar su karkarar jikuna (electrization of bodies) da fitar lantarki (electric discharges).” Wanne ne daga cikin waɗannan alamomin tantancewa ya dace don tantance wannan manufa?","Sun bayyana sharuɗɗan gudanar da wutar lantarki a cikin daskararru, ruwa, da gas, tare da kawo misalai ga kowanne yanayi","Suna bayyana sauye-sauye da sharuɗɗan da ke ƙayyade girman ƙarfin lantarki tsakanin caji biyu, ta amfani da dokar Coulomb.","Suna bayyana hanyoyin aiki da fasahohi da ke kare mutane daga wasu abubuwan lantarki masu haɗari, kamar su kafa ƙasa (grounding) da sandunan tsawa (lightning rods), da sauransu","Suna bayyana cewa na'urorin da ke gudanar da wutar lantarki suna da juriya ta lantarki, kuma tana dogara ne da juriyarsu ta zahiri, tsawonsu, fadin yankin da suka rufe, da kuma zafin jiki",,,,C,Science,Assessment,Secondary,2017,
47,"Malam yana neman tsara aikin tantancewa ga ɗalibansa na aji goma (sophomores) a babbar makaranta wanda zai ba da damar tabbatar da ko sun haɓaka ƙwarewar tunani na kimiyya: 'Gano iyakokin samfura (models) da ka'idodin kimiyya.' A cikin mahallin babin 'Ƙarfi da motsi: motsi da dokokinsa', wane ne daga cikin ayyukan da ɗaliban suka yi zai ba malamin damar tantance ci gaban ƙwarewar da aka ambata?","Ka tsara kuma ka aiwatar da wata hanya don auna saurin juyawa na wani jiki da ke zamiya ƙasa a kan wani farfajiya mai gangara, inda za a kwatanta ma'aunansa don kusurwoyi daban-daban",Sanyaya gwaji don sanin saurin da wani abu ke motsi a ciki faduwa mara tarewa kuma a kwatanta sosai bayanan da aka samu da hasashen ka'ida,"Warware matsalolin motsi a mike mai hanzari, ta hanyar amfani da ra'ayoyin kinematics da kuma dangantakar lissafi dake tsakaninsu, domin daga nan sai su kwatanta sakamakon su da tunanin su na baya","Yi lissafin lokutan faɗuwa, matsakaicin tsayin da aka kai, da gudun dukan ƙasa, ta hanyar amfani da tsarin da ke bayyana faɗuwar 'yanci da harbi a tsaye, tare da kwatanta sakamakon da abokan aikin su",,,,B,Science,Assessment,Secondary,2017,
48,"Malamar kimiyyar lissafi, don kammala darasin ""Haske"", ta gabatar da wannan aikin tantancewa mai biyo baya ga ɗalibanta na ajin farko na sakandare: Ga yanayi guda biyu a ƙasa inda fitilu masu girma dabam-dabam ke haskaka allo. a) Kwatanta nau'in inuwar da za ta bayyana a kan allo a yanayi na 1 da na 2. b) Ka ba da hujja ga amsarka ta amfani da tsarin ɓararraƙi na haske da kuma geometriyar haske. Wace ƙwarewar kimiyya ce za a iya tantancewa ta hanyar wannan aikin?",Bayyana bayanai ta hanyar samfuran kimiyya,Fassara bayanai daga binciken kimiyya,Ƙirƙiro bayanai a kan dogara ga ilimin kimiyya da ƙa'idoji,Gane iyakokin da tsarin kimiyya da ka'idoji suke gabatarwa,,,,C,Science,Assessment,Secondary,2017,
49,"Malam ko malama na aiki tare da ɗalibansu na shekara ta 3 a babbar sakandare a kan manufar ƙayyadadden zafi (specific heat), a cikin mahallin babin Zafi da zafin jiki (Heat and temperature). Wanne daga cikin misalan yau da kullum da ke gaba ya dace don gabatar da wannan manufa?","Idan aka fitar da gwangwani na abin sha da ya daɗe a cikin firij, digo-digo na ruwa suna samuwa a jikin sa","Ko da wutar da aka doro ta da ƙarfi take, zafin tukunya mai ruwan zãfi ba zai ƙaru ba matuƙar akwai ruwa a cikin tukunyar","Bayan an raba miyar na wani lokaci, dankalin har yanzu yana da zafi sosai don a ci, yayin da naman za a iya ci ba tare da matsala ba","Idan aka bar kwalbar da aka fentin ta da baƙi da wata irin ta da aka fentin ta da fari a rana, dukansu suna da ruwa a ciki, kwalbar baƙi tana kai zafi mafi girma fiye da farar",,,,C,Science,Teaching strategies,Secondary,2017,
50,"Dangane da koyar da Kimiyyar Polymers a Makarantar Tsakiya, wanne daga cikin zaɓuɓɓukan nan zai zama jerin da ya fara daga fadi zuwa ga mai takaituwa?","Da farko, ka nuna misalan monomers, sa'annan ka yi bayanin yadda ake samuwar polymers ta hanyar amfani da sunadarai masu dacewa, daga ƙarshe kuma ka kawo misalan polymers na halitta da waɗanda aka ƙirƙira da ake amfani da su a rayuwar yau da kullum.","Fara da misalan polymer da ake amfani da su a rayuwar yau da kullum (na halitta da na wucin gadi), sannan ka bayyana yadda polymer ke samuwa ta hanyar halayen kemikal da suka dace, kuma a ƙarshe ka bayyana menene monomer",Bayar da misalai na halitta da na wucin gadi na polima da ake amfani da su a kullum sannan a gano abubuwan da suke samar da su; sannan a bayyana yadda wadannan polima ke samuwa ta hanyar amfani da dukkanin sinadarai da ke tattare da su,"Bayyana halayen kemikal da ke samar da polima-poliman amfanin yau da kullum da kuma monoma-monomansu, sannan a bukaci cewa, ta hanyar kwatancin misalan, su gano wasu polima-poliman amfanin yau da kullum kuma su tsara halayen kemikal dinsu.",,,,C,Science,Teaching strategies,Secondary,2017,
51,Wace ilimi ta baya ce ake bukata ɗalibai su haɓaka don fahimtar manufar jerin abubuwan rediyoaktif?,Tsarin kwayar zarra (nucleus),Tsarin zarra na abu,Tsarin kwayar halittar lantarki na atam (atoms),Tsarin sinadarin wani abu (ko) Karkatar sinadarin wani abu (ko) Tsarin isotoɓ ɗin wani abu,,,,A,Science,Student understanding,Secondary,2017,
52,"Lokacin darasi game da aikin rediyo, ɗalibai suna gudanar da bincike don bayyana kasancewar ƙarfe a cikin taurari mafi tsufa. Wacece daga cikin waɗannan abubuwan da ɗalibai suka koya a baya suke buƙata don gudanar da aikin?",dangantakar daidaiton nau'i da kuzari,Juyewar zarra,Haɗewar nukiliya,Rabuwar zarra,,,,C,Science,Student understanding,Secondary,2017,
53,Wane ilimi na gaba ya zama dole ga ɗalibai don suyi aiki a kan ka'idar VSEPR a cikin kwayoyin halitta daban-daban?,Lokacin juzu'i na ƙanƙanta wanda ke haifar da bambancin kwayoyin halitta,Dokar duet da octet don samuwar kwayoyin halitta (molecules),Wakilcin sarƙoƙin sinadarai da ke cikin ƙwayoyin halitta,Tsarin turjewar ma'auran electron na harsashi na karshe da aka yi amfani da shi ga kwayoyin halitta daban-daban,,,,C,Science,Student understanding,Secondary,2017,
54,Wani malami ya gindaya manufar koyo mai zuwa ga ajinsa: Bayyana halayen pH yayin da ake tsakaita acid mai ƙarfi da base mai rauni. Wace ce daga cikin zaɓuɓɓukan nan alama ce mai dacewa da za a yi amfani da ita don wannan koyon?,Suna zana lanƙwasan titiracin acid mai ƙarfi da tushe mai rauni,Suna gudanar da ma'aunin sinadarai (titration) don kawar da karfin acid mai ƙarfi da sinadari mai rauni,Suna auna yadda aka kakkabe ƙarfin wani acid mai ƙarfi da wani tushe (base) mai rauni bisa ga pKb na tushen,Suna auna ma'aunin ƙarfin acid ɗin ne ta hanyar sanannen ma'aunin raunin base,,,,A,Science,Assessment,Secondary,2017,
55,"A cikin ajin Chemistry, malamin ya gindaya cewa ɗalibai su bayyana kuma su nuna samuwar haɗin gwiwar ionic da covalent. Wace aikin kammalawa ce za ta ba malamin damar tabbatar da cimma manufarsa?","Ya nuna musu Tsarin Lewis na wata molecule wadda ke ɗauke da nau'ukan haɗi guda biyu, kuma ya tambaye su su kirga electrons na valence",Ya ba da jerin sinadarai kuma ya tambaye su su tantance ko za su cika dokar biyu (duet) ko dokar takwas (octet).,"Yana ba su alamomi da lambobin atom na abubuwa uku kuma ya ce su kafa kwayoyin halitta biyu, kowanne da a kalla ɗaya daga cikin nau'ikan haɗin gwiwa guda biyu","Ya gabatar musu da wani teburi da ke nuna ma’aunin tafasawa da narkarwa na abubuwan sinadarai uku, kuma ya tambaye su su tantance nau’in ɗauri da za su yi",,,,C,Science,Assessment,Secondary,2017,
56,"Wata malama tana aiki da ɗalibanta na shekara ta biyu a Makarantar Tsakiya. A matsayin wani ɓangare na shirinta, ta yi la'akari da kimanta nasarar mai nunin ""Aiwatar da ra'ayin ƙarfin magani."" Wane ne daga cikin waɗannan ayyukan ya shafi mai nunin kai tsaye?",Suna narkar da abubuwa masu narkewa daban-daban a cikin ruwa kuma su bayyana irin maganin narkewa da ke samuwa gwargwadon yanayin zahiri na abin da aka narkar da abin da ya narkar,"Suna narkar da adadin abin narkewa daban-daban a cikin ƙayyadadden adadin ruwa, sannan su jeranta kowane cakuɗi a cikin tsarin haɓaka na rabon abin narkewa da mai narkarwa.","Suna narkar da adadi daban-daban na narkararriyar abu (solute) a cikin kafaffen adadi na ruwa (fixed volume of water) a yanayi daban-daban na zafi, sannan su bayyana halayen narkararriyar abun.",Suna narkar da kwayoyin narkewa daban-daban a cikin ruwan narkarwa iri-iri kuma suna bayyana halayen kowace kwayar narkewa gwargwadon ruwan narkarwan da aka nazarce.,,,,B,Science,Teaching strategies,Secondary,2017,
57,"Loko da ake darasi kan manyan aikace-aikacen batir ɗin lantarki (electrochemical cells) a masana'antu, farfesan ya ambaci wani batir ɗin lantarki na kasuwa mai suna Downs cell, wanda ke bada damar samun sinadarin sodium (metallic sodium) ta hanyar aikin rabawar lantarki (electrolysis) na narkararren gishirin sodium chloride (NaCl). Wanne daga cikin abubuwan da ke faruwa a ƙasa za'a iya gani yayin aikin batir ɗin Downs cell?",Sodium ɗin ƙarfe yana taruwa a kan anode ta hanyar rage sinadarin sodium ions,Iskar chlorine tana fitowa a cathode ta dalilin oxidation na chloride ions,Ions na chloride suna motsawa zuwa anode domin oxidation,Kwayoyin Sodium na matsawa zuwa ga cathode don rage su,,,,C,Science,Teaching strategies,Secondary,2017,
58,"Dangane da nazarin kwayoyin halitta masu ayyuka daban-daban, wata malama tana tattauna masu zaƙi na halitta da kuma na roba. Don yin haka, ta samar da muhawara mai zurfi a tsakanin ɗaliban game da alaƙar da ke tsakanin wasu masu zaƙi da ciwon daji. Wace ce daga cikin waɗannan hujjoji za a iya ɗauka a matsayin hujja ingantacciya ta kimiyya dangane da alaƙar masu zaƙi da lafiyar ɗan Adam?","Saccharin yana haddasa ciwon daji na mafitsara, saboda akwai bincike-bincike a kan beraye waɗanda suke tabbatar da wannan","Mai zaƙi na roba yana ƙunshe da ɗigon zarra masu haɗari ga lafiyar ɗan adam, kamar su chlorine, wanda zai iya haifar da cutar kansa","Nazarin Ƙididdigar NCI ya nuna cewa yawan aukuwar ciwon daji na kwakwalwa gaba ɗaya ya fara ƙaruwa a shekarar 1973, shekaru takwas bayan an fara kasuwancin Aspartame",Kungiyoyin kariya na lafiya a Amurka sun yi iƙirarin cewa yin amfani da kayan zaƙi ya jawo ciwon daji na mahaifa ga wasu matan Amurka,,,,C,Science,Assessment,Secondary,2017,
59,"Rukunin ɗalibai na buƙatar su gano ta hanyar gwaji wanzuwar rukunin aiki a cikin mahadi na halitta. Don yin hakan, suna amfani da mahadi na Carbonyl, kamar formaldehyde da acetone, kuma don gane su, Tollens' reagent da chromic acid, suna yin wannan tsari na aiki: 1. Suna saka 2 mL na formaldehyde a bututun gwaji ɗaya da kuma 2 mL na acetone a wani bututun. 2. Suna ƙara 2 mL na Tollens' reagent ga kowane bututun gwaji. 3. Suna dumama bututun/bututai a wankan ruwa inda ba a ga wata canji ba. 4. Suna maimaita mataki na 1 kuma su ƙara 2 mL na chromic acid ga kowane bututun gwaji. Bisa ga sakamakon da ake tsammani a cikin gwajin, wane irin kammalawa ne ɗaliban ya kamata su cimma?",Aikin sinadarin chromic ne kawai a gane ketones,Sinadarin Tollens yana gane aldahidai kawai,Akwai ikon da asid ɗin chromic ke bayarwa na gane kowace mahaɗar carbonyl,Sinadarin Tollens na ba da damar gane kowane mahadi mai Karbonyl,,,,B,Science,Student understanding,Secondary,2017,
60,"Karanta halin da ke biyo baya: A cikin aji na farko na firamare, malami zai fara aiki a kan manufar lura da kuma bayyana canje-canjen da ke faruwa a cikin kayayyaki lokacin da aka yi amfani da karfi, haske, zafi, da ruwa. Wane jigo ne ya kamata malamin ya yi aiki a kai kafin ya tunkari wannan manufar?",Canje-canje na yanayi a abubuwa daban-daban,"Sifofin ƙarfi, haske, zafi, da ruwa",Nau'o'in abubuwa daban-daban da ake samu a rayuwar yau da kullum,"Aikin karfi, haske, zafi, ko ruwa a kan kayayyaki daban-daban",,,,C,Science,Student understanding,Primary,2018,
61,"Malama tana koyar da tsarin Duniya tare da ɗalibanta na aji huɗu, kuma tana son ta bada misali kan sassan Duniya ta hanyar wani abu na yau da kullum. Wanne ne a cikin waɗannan abubuwan zai bada damar gabatar da batun da aka ambata a sarari?",Kwai tafasasshe,Matryoshka,'Ya'yan itace mai rabe-rabe,Kwallon kumfa,,,,A,Science,Teaching strategies,Primary,2018,
62,"Karanta halin da ke gaba:
Malamar reno tana lura da Mariana, wadda ke durƙushe a harabar gida riƙe da gilashin ƙara gani a hannunta. Tana ganin yarinyar tana ɗaga duwatsu tana duba ƙarƙashinsu, tana bincike ƙarƙashin tsire-tsire, kuma tana raba busassun ganye. Malamar ta kusance ta, ta tambaye ta me take yi, sai Mariana ta yi bayani cewa tana neman ƙwari masu naɗewa saboda tana son su yi mirginawa a hannunta. Malamar ta tambaye ta, “Me ya sa kike tunanin ƙwarin masu naɗewa suke ɗaukar wannan matsayin?”
Wace ƙwarewar kimiyya ce malamar ke nufi da ita ainihi lokacin da take yi wa Mariana wannan tambayar?",Annawarta,Kula,Gwaji,Tattara bayanai,,,,A,Science,Teaching strategies,Pre-primary,2018,
63,Malamar tana son sanin ko ɗalibanta za su iya tsara wani aiki na gwaji bisa ga tambayar da aka ba su. Wanne daga cikin waɗannan ayyukan zai ba da damar auna manufar?,Suna nazarin zane-zane kuma suna fitar da bayanai daga cikinsu,Suna amfani da kuma nazarin samfura don tallafa wa bayanansu,Suna bambanta tambayoyi na kimiyya da waɗanda ba na kimiyya ba,Suna gano sauye-sauyen masu dogaro da masu zaman kansa a cikin nazarin,,,,D,Science,Assessment,"Primary, Secondary",2018,
64,Wace ɗaya daga cikin ayyuka masu zuwa ce za ta ba malami damar sanin ra'ayoyin farko na ɗalibai game da yadda fashewar aman wuta ke faruwa?,Domin ɗalibai su gane sassan dutsen aman wuta a cikin zane mai nuna yanke.,"Dalibai su nuna fashewar dutsen wuta a cikin wani samfuri ta amfani da ruwan tsami, baking soda, tulun gilashi, da sauran kayan aiki","Dalibai su bayyana, ta amfani da taswirar duniya da ke nuna farfajiyar ƙasa masu motsi, dalilin da ya sa aka kira Zoben Wuta na Fasifik da wannan suna","Dalibai su zana kibau na motsin abu a cikin dutsen wuta, a hoto da ke nuna tsarin ciki na Geosphere da dutsen wuta.",,,,D,Science,Teaching strategies,Primary,2018,
65,Wanne daga cikin waɗannan ayyukan ne zai ba wa ɗalibai damar bincikar babban dalilin ɗumamar yanayi?,Baitaƙaita wata mujalla ta kimiyya game da illolin chlorofluorocarbons (CFCs),Bincika wata makala ta kimiyya da ke ɗauke da bayanai game da yawan sinadarin CO2 a cikin yanayi daban-daban na shekara a birane daban-daban,Ka taƙaita sakamakonni da ƙarshe-ƙarshen aikin tebur na digiri (thesis) kan ƙaruwar tattarawar CO2 a sararin samaniya,Yi nazarin nazarin kimiyya wanda ke ɗauke da bayani dangane da tasirin juyawar zafi (thermal inversion) a kan tattarawar iskar gas masu gurbata muhalli,,,,C,Science,Teaching strategies,Secondary,2018,
66,"Malami ya gabatar da wannan kanun labarai na jarida ga ɗalibansa na aji 6: 'Gurbatar muhalli a ƙasar Chile na haddasa mutuwar wuri da bai kai lokaci ba sama da dubu huɗu sakamakon cututtukan zuciya da na huhu.' Bisa ga wannan kanun labarai na jarida, malamin ya nemi ɗalibansa su shirya tare da gudanar da muhawara kan matakan kariya don warware wannan matsala. Wanne ne daga cikin waɗannan alamomin koyo ya yi daidai da aikin da malamin ya gabatar?",Suna nazarin zane-zane masu alaƙa da mutuwar da ba a kai ba daga cututtukan zuciya da jijiyoyi a cikin shekaru goma da suka gabata,Suna kwatanta matakan rage yawan gurɓacewar muhalli da aka yi amfani da su a wasu ɓangarorin duniya,Suna jayayya kan amfanoni da illolin mafita masu yiwuwa da za a iya aiwatarwa don rage gurbacewar muhalli,"Suna binciken dalilan da ya sa yawan gurɓata ke ƙaruwa a lokacin sanyi, da kuma matakan da aka ɗauka don rage wannan adadin",,,,C,Science,Teaching strategies,"Primary, Secondary",2018,
67,Malami ya yanke shawarar tantance ko ɗalibansa suna amfani da ilimin abinci mai gina jiki da suka koya a rayuwarsu ta zahiri. Waɗanne ayyuka ne suka dace da wannan manufa?,"A rukuni-rukuni, suna ƙirƙirar tsarin abinci daidaitacce ga matasa","Dabam-dabam, sukan kirkiro abincin da ya dogara ga nauyinsu, tsayinsu, motsa jiki, da jinsinsu",Kowannensu yana yin jeri na abinci mafi gina jiki da yake ci,"A rukuni, sukan yi nazari kan sakamakon wani bincike da aka gudanar a makarantarsu dangane da dabi'un cin abinci.",,,,B,Science,Teaching strategies,Secondary,2018,
68,Malami ya tsara manufar koyo mai zuwa don ajin sa: Bayyana dangantakar dake tsakanin aikin kwayar halitta da sassan ta. Wace daga cikin waɗannan takamaiman manufofin koyo da aka gabatar don wani aiki zai yi daidai da manufar wannan aji?,Ku siffanta tantanin halitta a matsayin ginshiƙin tsarin rayayyun halittu na asali,Kwatanta gabobin halitta da tsarin salula da ke bayyane a nau'o'in salula daban-daban,Siffanta halayen tsare-tsaren da ke wanzu a cikin ƙwayar halitta ta prokaryotic da ƙwayar halitta ta eukaryotic,"Danganta sassa daban-daban na kwayar halitta da gudunmawar masana kimiyya kamar su Hooke, Leeuwenhoek, Virchow, Schleiden, da Schwann",,,,B,Science,Teaching strategies,Secondary,2018,
69,"Malamar makaranta ta nemi dalibanta su yi aikin rukuni kamar haka: 1. Dole su zaɓi masu ba da kai guda uku: na farko zai sha ruwa mL 700, na biyu zai sha abin sha mai daidaita jiki (isotonic) mL 700, kuma na uku ba zai sha komai ba. 2. A cikin tsawon minti 90, dole su je bandaki su tattara fitsarinsu a minti na 30, minti na 60, da minti na 90. 3. A kowane ɗan gajeren lokaci, dole su auna adadin fitsarin da silinda mai ma'auni; da kuma nauyinsa (density), ta amfani da takardar gwajin fitsari. 4. A ƙarshe, dole su yi nazari kan abubuwan da ke cikin jini da/ko fitsari bisa ga sakamakon kowane ɗan mutum. Waɗanne ƙwarewar kimiyya da abubuwan fanni daliban za su yi aiki a kai da wannan aikin?","Binciken bayanai, don nazarin ma'aunin ruwa","Rikodin bayanai, don auna daidaita ƙarar jini","Shirya dabarun bincike, don nazarin ma'aunin ruwa da gishiri","Sarrafa masu canji, don fallasa tasirin ruwaye daban-daban a kan ma'aunin electrolytes a cikin fitsari",,,,A,Science,Teaching strategies,Secondary,2018,
70,Wanne a cikin zaɓuɓɓuka masu zuwa ya nuna wata kuskure gama-gari game da canje-canje a cikin abu wanda ɗalibai a aji na 7/8 galibi suke da shi?,Canje-canje na kemikal na iya zama masu juyawa ko marasa juyawa,Tafasar ruwa na dacewa da canji wanda ba ya dawowa yadda yake,Zafin yana ci gaba da kasancewa iri ɗaya idan ruwa ya canja daga mai tauri zuwa ruwa ruwa,"system
Yawan wani abu yana kasancewa daidai lokacin da ya shiga sauyin sinadarai",,,,B,Science,Student understanding,Secondary,2018,
71,"Wata malama ta gabatar da wannan yanayi ga ɗalibanta: A ce muna da ruwa mai zafi a digiri 60°C a cikin gilashi ɗaya, kuma a wani gilashin kuma muna da ruwa daidai gwargwado a digiri 20°C. Mun zuba abin da ke cikin gilashin biyu a cikin gilashi na uku. Mene ne zafin hadin zai kasance? Sannan, ta umarce su da su yi hasashe dangane da tambayar, bisa lissafi, sannan su gudanar da gwajin a aikace. Bayan sun kammala, ɗaliban sun lura cewa zafin hadin ya yi ƙasa da wanda aka samu ta hanyar lissafin ka'ida. Na gaba, malamar ta nemi su ba da hujjoji kan dalilin da ya sa suke tunanin hakan ya faru kuma su nuna hasashen da suka yi lokacin da suke yin lissafin. Wace ce daga cikin waɗannan ayyuka (na ɗaliban) malamar ke ba da fifiko a cikin jerin koyon da ɗaliban suka gudanar?",Gano kurakuran lissafi da aka yi a cikin irin wannan atisayen,Bincika iyakokin samfurin da aka yi amfani da shi don yin lissafinsu,Gano kura-kuran hanyar aiki da aka yi yayin aikin gwaji,Gina wata hanya ta gwaji wacce zata bada damar samun bayanai masu dacewa da ka'idar sosai,,,,B,Science,Teaching strategies,Secondary,2018,
72,"Yayin da malami yake aiki da ɗalibai kan batun da'irorin lantarki, ya lura cewa ɗaya daga cikin ɗaliban yana tunanin cewa lokacin da aka haɗa fitilu masu kamanni da juna a jere, na farko zai haskaka fiye da na ƙarshe saboda igiyar lantarki tana ‘ƙarewa’ yayin da take ratsa kowace fitila a jere. Wanne daga cikin waɗannan ayyukan malami na gaba ne zai kalubalanci waɗannan tunani na ɗalibin kai tsaye?",Nemi ɗalibin ya bayyana da nasa kalmomin abin da ke faruwa ga ƙarfin lantarki da banbancin volta a cikin sarƙar lantarki ta jere,Gudanar da gwajin nunawa ta yadda ɗalibi zai iya lura da ƙarfin hasken fitilu idan aka haɗa su a jere,Ka tambayi ɗalibin ya auna kuma ya kwatanta ƙarfin zangon wutar kowace fitila da aka haɗa a jere sannan ya bayyana abubuwan da ya lura da su,"Nuna kewayewa da fitilu huɗu haɗaɗɗu a layi ɗaya da wata da fitilu huɗu haɗaɗɗu a jere, kuma ka kwatanta abin da aka lura da shi.",,,,C,Science,Student understanding,Secondary,2018,
73,"Wata matsala aka gabatar wa wani ɗalibi kamar haka: DDT maganin kashe kwari ne da aka yi amfani da shi sosai; duk da haka, bayan wasu shekaru na amfani da shi sosai, ya rasa tasirinsa a kan kwari. Me ya sa DDT ya daina yin tasiri a kan kwari bayan amfani da shi sosai? Sai ɗalibin ya amsa kamar haka: Bayan wani lokaci mai tsawo na fuskantar DDT, kwarin sun samar da kariya wadda ta ba su damar su da zuriyarsu su zama marasa kamuwa da wannan maganin kwari. Wane ra'ayi na kuskure ne ya bayyana a amsar ɗalibin?",Daidaikun halittu a cikin yawan halittu waɗanda ke da tsare-tsare ko hanyoyin aiki masu fa'ida za su rayu kuma su bar zuriya,Halittun da ke cikin wata al'umma waɗanda suka samu sauye-sauye masu fa'ida za su rayu kuma za su isar da wannan sauyin ga 'ya'yansu.,"Daidaikun a cikin al'umma, domin su dace da yanayi, dole ne su samar da sifofi ko matakai waɗanda za su ba su damar rayuwa da barin zuriya","Galibin mutane a cikin jama'a suna mutuwa yayin da suke fafatawa da waɗanda ke gabatar da bambance-bambance masu amfani, tare da na ƙarshe kasancewa waɗanda za su bar zuriya",,,,C,Science,Student understanding,Secondary,2018,
74,"Don bunkasa sashin Hanyoyin kiyaye bayanan kwayoyin halitta, malama ta sanya maƙasudin koyo mai zuwa: ""Fahimtar cewa akwai hanyoyin da ke ba da damar kiyaye bayanan kwayoyin halitta."" Don cimma wannan, ta zaɓi abubuwan ciki kamar haka: 1. Hayewa (Crossing-over). 2. Juyawar kwayoyin halitta (Chromosomal permutation). 3. Lokacin hutun kwayar halitta (Interphase) da rarrabuwar kwayar halitta a cikin kwayoyin halittun jiki da na jima'i (somatic and sexual cells). 4. Tsarin abubuwan kwayoyin halitta a cikin kwayar halitta (Organization of genetic material in the cell). 5. Ma'ajizan sarrafa rarrabuwar kwayar halitta (Cell division control points). Wace ce daga cikin jerin tsarin koyo da za ta ba malamar damar tsara abubuwan ciki daga gaba ɗaya zuwa takamaiman bayani?",4 - 5 - 3 - 2 - 1,huɗu - uku - biyar - ɗaya - biyu,3 - 2 - 1 - 4 - 5,3 - 4 - 1 - 2 - 5,,,,B,Science,Teaching strategies,Secondary,2018,
75,"A wani ajin gabatarwa na darasin 'Kwayar Halitta', wani malami yana so ya yi amfani da wata dabara da za ta ba ɗalibansa damar su fahimci cewa kimiyya tsari ne mai motsi na gina ilimi, wanda ci gabansa ke da tasiri a kan al'umma. Wace ce daga cikin dabarun da ke gaba za ta ba malamin damar cimma manufar da aka sa a gaba?","Ka umarci ɗalibai su kirkiro samfuri game da fitar da sunadarin gina jiki a cikin kwayar halitta, kuma su nuna wane masanin kimiyya ne ya fara bayyana wannan hanyar.",Ku nuna wa ɗalibai hotuna daban-daban na ƙwayoyin halitta da aka samu ta amfani da nau'ikan na'urorin hangen nesa daban-daban,Ku nemi ɗalibai su rubuta muƙala a kan gudummawar masana kimiyya daban-daban ga ka'idar ƙwayar halitta,Tsara wani aikin aikace-aikace domin ɗalibai su iya hango nau'o'in ƙwayoyin halitta daban-daban kuma su danganta tsarinsu da ayyukansu,,,,C,Science,Teaching strategies,Secondary,2018,
76,"A cikin aiwatar da wani yanki na koyarwa game da yanayin wutar lantarki na abubuwa, wani malami ya tsara jerin ayyuka kamar haka: 1. Ya gabatar wa ɗalibai su gudanar da jerin gwaje-gwaje don gano asalin wutar lantarki. 2. Malamin ya tambayi ɗalibai game da asalin wutar lantarki kuma ya rubuta amsoshin da aka tattara a kan allo a cikin zaman tattaunawar zubi-cikin-zubi. 3. An shirya ɗalibai zuwa ƙungiyoyi da aka bayyana matsayinsu kuma aka ba su: balan-balan, takardu, zaren, da kuma mizani. 4. Malamin ya umurci ɗalibai su shafa balan-balan ɗin da aka hura da kuma mizani da gashin kansu ko wani yanki na tufafi, sannan su kusantar da su zuwa ƙananan abubuwa, kamar guntun takarda da kuma gutsuren zaren da aka rataye. 5. An nemi ɗalibai su yi sharhi kuma su rubuta abin da suka gani. 6. A ƙarshe, an ba su lokaci don haɓaka bayanan da suka yarda da su tare game da asalin wutar lantarki. Wanne daga cikin zaɓuɓɓuka masu zuwa ya dace da iyakancewar aikin da aka gudanar?",Ba a yi magana a kan abun ciki na halaye ba,Abun ciki na ra'ayi da aka yi aiki a kansa ba a tsara shi ba,Ba a bunƙasa dabarun tunani na kimiyya ba,Kallace-kallace ba su da alaƙa da abubuwan da suka gabata,,,,B,Science,Teaching strategies,Secondary,2018,
77,"Malami ya haɗa da aikin da ke gaba a cikin jarabawar kimiyyar motsi: “Wani abu yana motsi bisa ga lissafin da ke gaba: x=25+40t−5t2 (inda t yake a cikin daƙiƙa kuma x a cikin mita). Wace nisa abin zai yi tafiya a daƙiƙa 5 da daƙiƙa 6?” Bayan nazarin amsoshin, malamin ya lura cewa ɗalibansa ba su gane cewa, bisa ga sakamakonsu, abin zai yi tafiya kaɗan a cikin tsawon lokaci ba, tunda yawancinsu sun amsa cewa abin ya yi tafiya mita 100 a cikin daƙiƙa 5 da mita 85 a cikin daƙiƙa 6. Wanne daga cikin zaɓuɓɓukan da ke gaba ya dace da wani abu wanda zai bayyana wahalar da yawancin ɗaliban suka fuskanta?",Rikice-rikicen da ke tattare da karanta bayanan matsalolin kimiyyar motsi,Rashin horo wajen gano bayanan da aka bayar da kuma amfani da dacewar lissafi (equations),Rashin wadatar tunani na inganci game da sakamakon lambobi da aka samu a matsalolin kinematics,Rashin bunkasa fasahar lissafi don fuskantar warwarewar matsalolin kinematics,,,,C,Science,Student understanding,Secondary,2018,
78,"Don magance manufar koyo “Danganta bambancin zafi da canjin kuzarin zafi tsakanin abubuwa daban-daban,” wani malami ya sa ɗalibansa su yi ayyuka kamar haka, suna amfani da abubuwa guda biyu. 1. Ƙididdige zafin da wani abu ya karɓa. 2. Auna da kwatanta zafin abubuwan guda biyu. 3. Tantance inda zafi ke gudana tsakanin abubuwan guda biyu. 4. Ƙididdige ƙarfin zafi na abubuwan. Wanne daga cikin zaɓuɓɓukan nan ya gabatar da jerin ci gaba, wanda ya fara daga ra'ayoyin yau da kullum zuwa ga waɗanda suka fi ma'ana?",Biyu - Huɗu - Ɗaya - Uku,ɗaya - uku - huɗu - biyu,Biyu - Uku - Ɗaya - Huɗu,4 - 2 - 1 - 3,,,,C,Science,Teaching strategies,Secondary,2018,
79,"Malami ya tambayi ɗalibai ""menene ƙarfi?"", kuma kusan dukansu sun yarda cewa shi ne ""aiki da ake buƙata don kiyaye jiki cikin motsi"". Wanne ne daga cikin waɗannan albarkatun ya fi dacewa don ƙalubalantar wannan kuskure tsakanin ɗaliban?",Hoto na wata matashiya tana jan tebur,Hoton ɗan wasan ƙwallon ƙafa yana harbin ƙwallo,Hoto na yaro ɗauke da jakar baya a bayansa,Hoton kibiya a cikin iska bayan an harba ta,,,,D,Science,Student understanding,Secondary,2018,
80,"Malamar tana da burin ƙarfafa wa ɗalibanta ikon zaɓar bayanai daga intanet don gina ayyukan bincike. A cikin aji, ta ce su yi amfani da na’urar bincike ta intanet don neman bayanai game da yiwuwar hasashen girgizar ƙasa. Wace daga cikin waɗannan ayyukan da malamar ta gabatar za ta ba ɗaliban damar cimma manufar da aka faɗa?","Dubi gidaje uku na yanar gizo sannan ka zaɓi wanda ya fi dacewa da kai, kana nuna a sarari me kake dogara da shi a zaɓinka",Rubuta makala bisa ga bayanin daga shafin yanar gizo wanda ya fi jan hankalinsu,ƙirƙiri ginshiƙin kwatance na bayanan da aka buga a rukunonin yanar gizo uku na farko da suka ziyarta,"Jeranta shafukan yanar gizo uku na farko da suka ziyarta daga mafi inganci zuwa mafi ƙarancin inganci, tare da bayar da hujjar ma'aunin da aka yi amfani da shi",,,,D,Science,Teaching strategies,Secondary,2018,
81,"A cikin mahallin babin nan ""Zarra da Ƙwayarta,"" wani malami ya gabatar da aiki mai zuwa ga dalibansa na aji huɗu na sakandare: ""Ku yi muhawara a kan tasirin nazarin ƙwayar zarra da yiwuwar amfaninta na fasaha, idan aka yi la'akari da cewa, daga abin da ke faruwa a cikin ƙwayar zarra ta wasu abubuwa, yana yiwuwa a samu wutar lantarki da kuma haɓaka fasahohin da ke amfanar da jama'a. Musamman, ku tattauna yiwuwar gina tashoshin samar da wutar lantarki na nukiliya a ƙasarmu don samar da wutar lantarki."" Wace manufar koyo za a iya cimma ta hanyar gudanar da wannan aikin da aka gabatar?","Bayyana tsarin atom da kwayarsa, gane bambance-bambance tsakanin nau'o'i daban-daban da isoto-isotansu, da kuma manyan karfin da ke tattare da su",Gina fahimta a cikin ɗalibai game da yanayin ilimin kimiyya na kwayar zarra da ayyukan masana kimiyyar kwayar zarra,Haɓaka sha'awar ɗalibai wajen haɗa nazarin kwayar zarra (atomic nucleus) da amfani da ita a fannin fasaha da kuma al'amuran rayuwar yau da kullum,Haɓaka basirar ɗalibai na bayyana yadda ake samun makamashi daga tsakiyar ƙwayar zarra da yadda za a iya canza wannan makamashin zuwa makamashin lantarki,,,,C,Science,Teaching strategies,Secondary,2018,
82,"Karanta wannan manufar koyo mai zuwa: ""Bayyana abubuwan da haske ke aikatawa ta hanyar gwaji da amfani da samfura, tare da la'akari da samfuran barbashi da na raƙuman ruwa na haske."" Wanne daga cikin waɗannan ma'aunan tantancewa ne zai tantance manufar da aka ambata kai tsaye?",Bayanin darrabin haske (diffraction) ta amfani da yanayin taguwar haske,Gano abubuwan da ke faruwa na haske masu alaƙa da tsarin ɓarɓara na haske,"Bayyana mahimmancin tasirin Doppler ta hanyar gano abubuwan da ake amfani da shi, bisa ga samfurin raƙuman ruwa",Gano yanayi na yau da kullum inda ake iya lura da al'amuran haske daban-daban masu alaƙa da samfurin barbashi,,,,A,Science,Assessment,Secondary,2018,
83,"Wata malama ta gabatar wa dalibanta wannan aiki mai zuwa: Ku gina wani samfuri don wakiltar tsarin Duniya da Wata a kan ma'auni kuma ku kwaikwayi kusufin rana ta amfani da hasken majigi maimakon hasken Rana. A lokacin aikin da aka ambata, wace daga cikin ayyukan da daliban suka yi ce za ta ba su damar kimanta fahimtar su game da tsarin da ke haifar da kusufin rana?","Suna nuna cewa Duniya, Wata, da Rana sun yi layi, suna samar da inuwa a kan Duniya",Suna bayyana cewa kusufin rana yana faruwa ne a lokacin da wata ya jefa inuwarsa a saman duniya,Suna kwaikwayon motsin duniyar Wata a kewayen duniya a cikin tsawon wata ɗaya cikakke,Suna gina samfuri inda nisan dake tsakanin Duniya da Wata da kuma girmansu an nuna su a sikelin ma'auni guda ɗaya.,,,,A,Science,Assessment,Secondary,2018,
84,Malami yana son ya auna iyawar ɗalibansa wajen tsara matsalar wani bincike na kimiyya wanda ke da nufin tantance abubuwan da shawagin wani jiki ya dogara a kansu. Wanne a cikin ayyuka masu zuwa da ɗaliban suka gudanar zai bai wa malamin damar auna wannan iyawar?,"Suna gudanar da gwaji don tabbatar da abubuwan da ke shafar shawagar jiki, suna ba da shawarar kayan aiki da kayan gwaji masu dacewa (ruwaye daban-daban, abubuwa na kayan daban, nauyi, da siffa)","Suna shirya bayanan da aka samo daga auna ƙarfin nauyi (densities) da lura da ruwan jikin abubuwa daban-daban a cikin ruwaye daban-daban, suna nazari da kuma yanke hukunci a kan abin da ruwan jikin abubuwan ya dogara a kai","Suna amfani da shaidun da suka samu daga lura da ruwan jikuna a cikin ruwa daban-daban da kuma daga ma'aunin nauyi (density), suna amfani da hankali da kuma gina gardama don bayanin da suka gabatar.","Suna tsara wata hasashe mai gwadawa wadda ke danganta dumuwar jikin mutane da mabanbantan abubuwa, kamar siffa, yawa (density), da girma (volume), suna kafa dangantaka mai ma'ana tsakanin wadannan ra'ayoyi na kimiyya don jagorantar tsarin gwajinsu",,,,D,Science,Assessment,Secondary,2018,
85,"Wani malami zai fara darasin haɗin gwiwar sinadarai (chemical bonding) kuma yana so ya nuna wa ɗalibai cewa ilimin sinadarai tsari ne mai ci gaba, mai kuzari, kuma cike da saɓanin ra'ayoyi. Don cimma haka, wane ne a cikin ayyuka masu zuwa zai dace?",Mahawara game da samfuran atomic,Nemi rahoton bincike a kan ka'idar VSEPR,Muhawara game da nuna dokokin iskar gas,Nemi bincike na rubuce-rubuce game da tarihin manufar haɗin gwiwa (bonding),,,,D,Science,Teaching strategies,Secondary,2018,
86,"Wani malami a aji na biyu na Sakandare ya gabatarwa ɗalibansa ma'aunan rabewar cikin ruwa (aqueous dissociation) na gishirin sodium guda biyu: NaCl(s)+H2O(l)→Na+(aq)+Cl−(aq) NaHCO3(s)+H2O(aq)→Na+(aq)+HCO3−(aq). Lokacin da aka tambaye su game da ikon narkewar dukkan gishirin biyu, ɗaliban suka amsa cewa dukkan gishirin biyu suna da narkewa ɗaya a cikin ruwa. Bayan sun gudanar da gwaji, sun gane cewa ba su da narkewa ɗaya. Wanne daga cikin zaɓuɓɓuka masu zuwa ne ke wakiltar kuskuren fahimta daga ɗaliban game da narkewar waɗannan gishirin?",Hakan ya danganta a kan adadin ions da ke rabuwa daga kowane gishiri,Cewa yana dogara ne ga girman kwayoyin caji da suke rabuwa daga kowace gishiri,Ya danganta ne da jikawar ruwan narkarwa ga yan gurbatattun abubuwa (ions),Ya dogara ne ga hulɗar kwayoyin halitta tsakanin abin narke da abin narkarwa,,,,A,Science,Student understanding,Secondary,2018,
87,Wanne daga cikin waɗannan maganganun kuskure ne gama gari da ɗalibai ke yi game da yanayin kasancewar kai tsaye a cikin matakan ilimin kimiyyar zafin jiki (thermodynamic processes)?,Ɗalibai sun yarda cewa ƙaruwar entropy tana tallafawa kai-tsaye,Dalibai sun tabbatar cewa hanyoyi masu faruwa da kansu za su iya zama masu fitar da zafi,Dalibai suna ganin cewa tafiyar matakai marasa buƙatar gaggawa suna da saurin motsi,Dalibai na ɗauka cewa matakai masu faruwa ba zato ba tsammani sun dogara ne ga zafi da tarwatsewar kuzari,,,,C,Science,Student understanding,Secondary,2018,
88,Malami yana so ajinsa ya gane Dokar Hund ta Matsakaicin Yawaita. Wanne daga cikin waɗannan ayyukan tantancewa ne zai fi tabbatar da cewa ɗalibai sun cimma wannan manufa?,Don rubuta cikakkun tsare-tsare na lantarki na duniya na atom daban-daban a cikin yanayin ƙasa,Rubuta taƙaitaccen tsarin lantarki na zarru daban-daban a yanayi na asali,Don kwatanta rarrabar electrons a zanukan orbital na harsashin valence na wasu zarru daban-daban,Don kwatanta tsare-tsaren na'urorin lantarki na waje na nau'o'in atom daban-daban a cikin yanayin ƙasa da na gaggawa,,,,C,Science,Assessment,Secondary,2018,
89,"Malamar aji na farko na makarantar sakandare ta tsara aikin nan don ɗalibanta: Ɗauki kofuna biyar masu ɗauke da 50 mL na ruwa mai tsafta, kuma a narkar da waɗannan a cikinsu: 5 g na gishiri (NaCl), 5 g na sukar, 5 g na bicarbonate, 5 mL na mai, 5 mL na barasa. Sannan, malamar ta tambaye su su bayyana dalilin da yasa wasu daga cikin abubuwan da aka ƙara suke narkewa gaba ɗaya, wasu kuma wani ɓangare, wasu kuma ba su narkewa ko kaɗan. Wanne daga cikin manufofin da ke biyo baya ya dace da wannan aikin?",Gwada da narkewar abubuwa masu polar da marasa polar a cikin narke-narke daban-daban,Bayyana yadda halayen abubuwa daban-daban suke kasancewa idan aka narkar da su a cikin wani mai narke mara iyakantaccen juzu'i (non-polar solvent),Danganta mu'amalolin tsakanin kwayoyin halitta da narkewar kayan abubuwa daban-daban a cikin ruwa,Rarraba tasirin juna na kwayoyin halitta bisa ga narkewarsu a cikin ruwa,,,,C,Science,Teaching strategies,Secondary,2018,
90,"A cikin darasi na haɗin sinadarai, malamin yana son dalibai su tantance nau'o'i daban-daban na mu'amala tsakanin kwayoyin halitta kuma su haɓaka ƙwarewar kimiyya. Wanne daga cikin ayyukan da ke gaba zai baiwa malamin damar tabbatar da cikar burin?",Ku nemi ɗalibai su rarraba nau'in kwayoyin halitta daban-daban bisa ga mu'amalarsu ta cikin kwayar halitta guda ɗaya.,Umurci ɗalibai su gina taswirar ra'ayi dangane da karatun sashin hulɗa tsakanin ƙwayoyi na littafin karatu,Umurci dalibai su yi nazarin kasancewar mu'amala ta cikin kwayar halitta a cikin abubuwan halitta,Tambayi ɗalibai su tsara wata hanyar gwaji don gano kasancewar nau'o'in mu'amalar tsakanin kwayoyi daban-daban,,,,D,Science,Assessment,Secondary,2018,
91,"Ɗaya daga cikin manufofin koyo na tsarin koyarwa na Kimiyyar Rayuwa na Aji na Biyu yana nufin ɗalibai su fahimci cewa wasu dabbobi suna raba halaye na zahiri, wanda hakan ke ba da damar a rarraba su a cikin rukuni ɗaya. Wace daga cikin waɗannan ayyuka ce ke ƙarfafa ɗalibai su yi amfani da ikon rarraba dabbobi?",Kwatanta halayen da za a iya gani na dabbobi daban-daban da aka gabatar a cikin hotuna daban-daban,Rarraba hotunan dabbobi gwargwadon nau'in abin rufe jikinsu,Zana dabbobi bisa ga siffofin da aka bayar,Danganta dabbobi daban-daban da wurin da suke zaune,,,,B,Science,Teaching strategies,Primary,2019,
92,"Malamar aji na uku ta kasance tana aiki tare da ɗalibanta kan manufar ""Kula da bayyanawa, ta hanyar binciken gwaji, abubuwan da shuka ke buƙata."" Don tantance wannan burin, ta gabatar da binciken gwaji mai zuwa: A cikin kofuna uku masu haske waɗanda ke da ramukan zubar ruwa, kuma waɗanda ke ɗauke da yawan ƙasa iri ɗaya kuma iri ɗaya ce ta gonar, sun shuka iri iri ɗaya a kowanne kofi. Sannan, sun ajiye kofunan a jikin taga na ajin kuma suna shayar da su da sirinji na ruwa mililita 10 tare da tsarin shayarwa mai zuwa: Shuka ta 1: sau ɗaya a rana. Shuka ta 2: sau ɗaya a mako. Shuka ta 3: sau biyu a mako. A ƙarshe, ta umarce su su rubuta abubuwan da suka lura da su da kuma abubuwan da suka kammala da su. Wace ɗabi'a ce daga cikin waɗannan ke nuna cewa ɗalibai sun sami damar samar da ƙarshen da ya dace daga gwajin da aka gudanar dangane da abin da ke canzawa?",Suna danganta haske da ruwan da tsirrai ke bukata domin su rayu,Suna gano sinadaran da ruwa ke bayarwa don girman tsirrai,Suna tantance adadin ruwan da shuka ke buƙata don bunƙasarta,Suna bayyana aikin saiwoyi wajen shanye ruwan da tsiron yake bukata,,,,C,Science,Assessment,Primary,2019,
93,"A makarantar gabanin firamare, malamar ta gaya wa yara maza da mata cewa za su yi gwaji, wanda ya shafi sanya ɗan kankara a wurin rana. Ta gaya musu cewa, cikin shiru, kowanne ya zana abin da yake tunanin zai faru da ɗan kankaran. Sai suka fita filin makaranta kuma ta ba kowannensu ɗan kankara don su ajiye shi a rana. Da suka koma ajin, sai ta nemi su zana a gefen zanen farko abin da suka gani da gaske ya faru da ɗan kankaran. A ƙarshe, ta nemi su bayyana yadda zanen guda biyu suke iri ɗaya da yadda suka bambanta, da kuma ko abin da suka yi tunani zai faru ya faru da gaske. Wace ƙwarewar kimiyya ce daga cikin waɗannan ke bayyana a ƙarshen wannan gwajin?",Rekoɗi,Hasashe,Kwatance,gwaji,,,,C,Science,Teaching strategies,Pre-primary,2019,
94,"Malamin Ajin 6 ya tantance alamar mai nuni da ""Gane cewa zafi yana gudana daga wani abu mai zafin jiki mafi girma zuwa wani mai zafin jiki mafi ƙaranci"" ta hanyar tambaya kamar haka: Me yasa mutane ke amfani da tufafi masu kauri don dumama jiki? Bayan ya karanta amsoshin ɗaliban, Malamin ya gano cewa da yawa sun amsa: ""Saboda tufafin yana rage shigar sanyi zuwa jiki."" Wace aiki ce daga cikin waɗannan za ta taimaka wa ɗalibai su fahimci yadda zafi ke gudana tsakanin abubuwa?","A gudanar da wani gwaji na ayyuka inda ɗalibai, a cikin aji, suka taɓa wani guntun katako, wani guntun ƙarfe, da wani guntun filastik da hannayensu, kuma su rubuta wanda ya ji da sanyi ko zafi sosai. Daga nan, sai su auna kuma su rubuta zafin waɗannan abubuwan don tabbatar da gudunwar zafi","Yi wani aikin gwaji inda akwai zubar zafi tsakanin kofuna biyu na ruwa a yanayi daban-daban, yana nuna abin da ke faruwa ga zubarwar lokacin da aka rufe ɗaya daga cikin kofunan da safar ulu ta halitta","A gudanar da gwaji ta hanyar sanya kofuna uku masu ruwa a digiri 10°C: ɗaya a rana, ɗaya kusa da mai ƙonawa, kuma na ƙarshe kusa da kofi mai ruwa a digiri 70°C. Bayan haka, a auna lokacin da za su kai digiri 15°C don tabbatar da kwararar zafi.","Gudanar da wani aikin gwaji inda za a sanya wani shirgi na ƙarfe da wani shirgi na allumin ga harshen wutar abin ƙonawa, sannan, ta amfani da ma'aunin zafi, a rubuta ma'aunin zafin kowannensu don a tabbatar da gudun zafin.",,,,B,Science,Teaching strategies,Secondary,2019,
95,"A lokacin wani darasi na aji na takwas game da hanyoyin jigilar salula, yayin da malamin ke bayanin abin da ke faruwa ga jajayen kwayoyin halitta na jini lokacin da aka fallasa su ga ruwa mai yawan sinadarai (hypertonic solution), wani ɗalibi ya tambaya: ""Me ke faruwa ga tsirrai idan ba a shayar da su ba har su raɓe?"". Wane ne daga cikin bayanan da ke gaba malamin zai iya ba wa ɗaliban, domin ya kiyaye inganci na kimiyya kuma ya yi amfani da yaren da ya dace da matakin karatun da aka ambata?","Idan ba a shayar da tsire-tsire ba, ƙwayoyin tsire-tsire suna fara fitar da ruwa zuwa yanayin wajen ƙwayar halitta, yana rage girman ruwan cikin ƙwayar halitta (cytoplasm), wani lamari da aka sani da plasmolysis, wanda ke sa ganyaye su bayyana a kallo kamar sun yi rauni.","Lokacin da ba a shayar da tsirrai ba, cikin kwayar halitta yana zama mai karancin ma'adanai dangane da wajen kwayar halittar, yana sa gishiri ya motsa daga matsakaicin ciki na kwayar halitta zuwa matsakaicin waje na kwayar halitta, ta haka yana rage girman ruwan jikin kwayar halitta, wanda ke sa ganyayen su yi laushi.","Lokacin da ba a shayar da tsirrai ba, ma'aunin cikin tantanin halitta yana zama mai karfin osmotic fiye da ma'aunin wajen tantanin halitta, saboda haka ruwa yana motsawa daga waje zuwa ciki, yana haifar da babban ramin ajiyar ruwa ya ƙaru a girma kuma fatar tantanin halitta ta rabu da bangon tantanin halitta, wanda ke sanya ganyaye su nuna kamar sun yi laushi.","Idan ba a shayar da shuke-shuke ba, matsakaicin waje yana zama mai yawan gishiri, yana sa ruwa ya fita daga cikin tantanin halitta zuwa wajen tantanin halitta, yana rage girman ruwan halitta kuma yana sa babbar vacuole ta tsakiya ta ragu, wanda ke sa fatar tantanin halitta ta rabu da bangon tantanin halitta, hakan na sa ganyen ya bayyana a matsayin wanda ya yi laushi.",,,,D,Science,Teaching strategies,Secondary,2019,
96,"A cikin rukunin Kwayoyin Halittu da Tsaikon Kariya na Jikin Dan Adam na ajin 7, malami zai gabatar da buri mai zuwa ga ɗalibai: ""Bayyana tsarin rigakafin da alluran rigakafi ke haifarwa."" Wane ra'ayi ya kamata ɗalibai su fahimta tun da fari domin cimma wannan burin da aka tsara?",Kwamfutar kariya mai tuna baya,Halayen rigakafi na asali,Halayen T lymphocytes,Tsarin aiki na makrofajis,,,,A,Science,Student understanding,Secondary,2019,
97,"A aji na takwas, a sashen Tsarin Kwayar Halitta, wata malama tana koyar da abun ciki game da tsarin atom. Don ta tabbatar ko ɗaliban sun fahimci bambancin da ke tsakanin lambar atom da lambar nauyi, ta nemi su nuna adadin protons, electrons, da neutrons a cikin aluminum mai tsaka-tsarki, idan aka yi la’akari da cewa lambar nauyinsa 27 ce, kuma lambar atom dinsa 13 ce. Ɗalibai da yawa sun nuna kamar haka: Aluminum yana da electrons 27, protons 13, da kuma neutrons 14. Wace matsala ce ɗalibai ke nunawa a cikin tsarin koyonsu da ke da alaƙa da wannan abun ciki?",Yardawa cewa adadin electrons daidai yake da jimlar protons da neutrons,Ban gane cewa lambar zarra ta yi daidai da adadin cajin da ke da inganci ba.,Yin imani da cewa lambar nauyi ta yi daidai da jimlar cajoji masu inganci da cajoji marasa inganci,Ba tare da an gane cewa lambar taro daidai take da jimlar zarra’i a cikin nukiliya ba,,,,D,Science,Student understanding,Secondary,2019,
98,Malami na aji bakwai ya kafa maƙasudi mai zuwa ga ajinsu: “Ku bayyana halayen iska dangane da dokar Boyle.” Waɗanne ilimin da aka riga aka koya dole ne ɗalibai su ƙware a kansu don su fahimci wannan abun ciki?,Siffofin abu,Makamashi mai motsi na gas,Ka'idar Zarra ta Abubuwa,Rumbunan ka'idar kuzo-kwayar gasai,,,,D,Science,Student understanding,Secondary,2019,
99,"A ƙarshen darasin Doka ta Boyle a cikin ajin aji na 7, malam/malamar yana buƙatar tantance manuniya ta koyo mai zuwa: ""Gane dangantakar da aka kafa tsakanin abubuwa mabambanta a cikin Dokar Boyle."" Wane aiki ne zai ba wannan malami damar tattara shaida game da cimma wannan manuniyar koyon?",Ku tambayi ɗalibai su bayyana yadda tukunyar matsi take aiki,Ku umarci ɗalibai su bayyana yadda injin balan-balan mai zafi yake aiki,Ku umarci ɗalibai su ƙididdige jimillar girman iskar gas ɗin da ke cikin wani wuri a tsayi daban-daban,Nemi ɗalibai su bayyana canjin girman da kumfa ke fuskanta yayin da take tashi daga kasan tafkin ruwa,,,,D,Science,Assessment,Secondary,2019,
100,"Wata malamar makarantar sakandare ta aji na uku tana bayyanawa ɗalibai halayen tsarin kwayar jijiya (neuron) a wajen watsa siginar jijiya. Lokacin da ta ambata cewa ana watsa siginar jijiya da sauri a cikin axons masu diamita mafi girma, wata ɗaliba ta ce bata fahimci bayanin nata ba. Malamar ta yanke shawarar yin amfani da wata hanya ta wakilci dabam. Wacece a cikin hanyoyin gabatar da abun koyarwa na gaba zata ba malamar damar bayyana daidai dalilin da yasa axons masu diamita mafi girma ke watsa siginar jijiya da sauri?","Ku samar da tebur da ke nuna gudun jigilar bayanai (conduction speeds) a cikin axons na jijiyoyin jiki (neuron axons) na dabbobi masu shayarwa (mammalian) masu diamita daban-daban, ta yadda za su iya kwatanta bambance-bambancen gudun jigilar.","Nuna wani motsi mai hoto da ke nuna cewa lokacin da aka zuba ruwa mai kima iri ɗaya a cikin bututu guda biyu masu tsawon iri ɗaya amma faɗinsu ya bambanta, ruwan zai ɗauki ɗan lokaci kaɗan don isa ɗayan ƙarshen a cikin bututun da ya fi faɗi.","Nuna hoton zarar jijiya masu girma daban-daban, da mai myelin da kuma waɗanda ba su da shi, yana nuna wuraren depolarization tare da tashoshin ion da ke shiga ciki da kuma rarrabuwar caji kafin, lokacin, da kuma bayan isowar action potential","Yi amfani da misalin igiyar lantarki, don bayyana cewa robar da ke rufe igiyoyin tana aiki kamar myelin ɗin da ke kan axons ɗin neuron, wanda ke ƙara saurin tafiyar da siginar wutar lantarki",,,,B,Science,Teaching strategies,Secondary,2019,
101,"Malami yana buƙatar yin aiki da manufar koyarwa mai biyo baya tare da ɗaliban aji na biyu na makarantar sakandare: “Ƙirƙiri bayanin kimiyya, bisa ga shaidu, game da matakan gadon halittu a cikin dabbobi”. Wanne daga cikin waɗannan ayyukan ne zai ba shi damar cimma wannan manufa?","Bisa ga zane-zanen zuriyya na iyalai masu cututtuka daban-daban, ɗalibai suna kwatanta su kuma suna binciken dalilin kowanne","Bisa ga shajarorin cututtukan autosomal daban-daban, ɗalibai suna nazarin su kuma suna gano salon gadon kowannensu","Ɗaliban sun ƙirƙiro teburi mai ɗauke da halayen gado na dabbobi, kuma su kwatanta hanyoyin da kowace siffa take bayyana.","Dalibai sun kirkiri taswirar zuriya da rukunonin jini na abokan karatunsu da iyalansu, kuma sun bayar da bayani kan yadda ake gadonsu",,,,D,Science,Teaching strategies,Secondary,2019,
102,Malamin ajin aji na 12 ya nemi ɗaliban da su haɗa gurbatar muhalli da ruwan sama mai tsami. Wacece daga cikin ayyukan da ke gaba ya kamata su yi don dacewa da binciken kimiyya?,Yi binciken littattafai game da alakar dake tsakanin ruwan sama mai tsafta (acid rain) da gurbatar muhalli,Shirya tambaya wacce take la'akari da alakar da ke tsakanin ruwan sama mai guba (acid rain) da gurbatar muhalli sannan a amsa ta ta hanyar gwaji (experiment),Gudanar da aikin dakin gwaje-gwaje mai amfani da ke nuna alakar gurbatar muhalli da ruwan sama mai tsami,Nuna tasirin ruwan sama mai tsafta (acid rain) a kan ciyayi ta hanyar aikatawa/gwaji,,,,B,Science,Teaching strategies,Secondary,2019,
103,"Malami ya bukaci ɗalibai su gudanar da tsarin gwajin da ke biyo baya, da manufar su nuna hanyoyin safara mara kuzari (passive transport) na abubuwa masu narkewa (solutes) da abubuwan narke su (solvents) ta cikin wani bargo: 1. Ƙara narkarar sukari mai kauri a cikin wata jaka mai izinin wucewa. 2. Sa jakar a cikin akwati mai ɗauke da narkarar sukari da ke da kauri ƙasa da na jakar. 3. Lura da abin da zai faru bayan ƴan mintuna. Wace nakasu samfurin da malamin ya tsara yake da ita dangane da manufar da aka bayyana?",Tsarin samfurin bai ƙyale a nuna motsi na abu mai narkewa ba,Samfurin kawai yana ba da damar motsin ruwa,Samfurin baya nuna motsin ruwa bisa bambancin taro,Samfurin ba ya ba da damar wakiltar motsin ƙwayoyi gaba da mizanin tarawa,,,,A,Science,Teaching strategies,Secondary,2019,
104,"Malamin ajin farko na makarantar sakandare, a lokacin wani darasi kan matsalolin muhalli, dole ne ya tantance manufa mai zuwa: ""Fahimtar illolin da sakin sinadarai (chemical agents) ke haifarwa a kan raguwar garkuwar Ozon."" Wace irin aiki ce za ta bai wa malamin damar tattara shaida game da cimma manufar da aka gabatar?",Bukataci ɗalibai su fitar da abin dubawa daga teburin da ke nuna yawan sinadarin CFCs (chlorofluorocarbons) a sararin samaniya (stratosphere) da kuma yawan kwayoyin halittar ozon a wurin.,Nemi ɗalibai su fassara bayanan da ke cikin graf wanda ke nuna canjin yawan kwayoyin ozon a cikin stratosphere a tsawon shekaru hamsin da suka gabata,Ku umarci ɗalibai su ƙirƙiri taswirar ra'ayi (concept map) wacce za ta bayyana illolin raguwar (ƙarewar) layin ozon a sararin sama mai suna stratosphere,Ku nemi ɗalibai su tsara wani zane-mai-bayani (infographic) game da kayayyakin gida da ke fitar da sinadarin CFCs (chlorofluorocarbons) zuwa sararin samaniya mai-dauke-da-ozone,,,,A,Science,Assessment,Secondary,2019,
105,"Malam/Malama ya/ta haɓaka ayyukan koyo-da-koyarwa daban-daban tare da ɗaliban aji na biyu na babbar sakandare, waɗanda ke da alaƙa da jigon Duniya da Sararin Samaniya. A wanne daga cikin waɗannan ayyukan ne ɗalibai za su iya gane kasancewar kimiyya da fasaha a cikin rayuwar yau da kullum kai tsaye?","Dalibai suna binciken adadi da nau'ukan tauraron ɗan adam masu kewayen Duniya, kuma suna gabatar da bayani game da amfaninsu don gudanar da tsarin gano wuri","Dalibai suna amfani da kalanda domin gano a wace rana ne matakan Wata daban-daban ke faruwa, kuma su yi hasashen matsayin dangantakar Rana, Duniya, da Wata a kwanaki daban-daban na wata","Dalibai suna bayyana manyan halayen Wata kuma sun karanta rubutu game da kallon farko na Galileo da na'urar hangen nesansa, inda ya lura cewa samanta ba ta da santsi kamar yadda ta bayyana a kallon farko","Dalibai suna kallon bidiyo game da aikin na'urar bincike ta Rosetta da sashenta na Philae, wanda ya yi nasarar sauka a karon farko a tarihi a saman tauraron wutsiya. Sannan, sun tattauna muhimmancin wannan aikin sararin samaniya.",,,,A,Science,Teaching strategies,Secondary,2019,
106,"Malami a makarantar sakandare yana shirin gudanar da darasi mai taken “Nazari da fassara bayanai kan gogayya tsakanin abubuwa”. Wace aiki, wacce ta yi daidai da dabarun koyarwa na bunkasa kwarewar kimiyya, zai bai wa ɗalibai damar cimma wannan manufa?",Yi lissafin ɗan-gau-gau na abubuwan da ke motsi waɗanda ke shiga cikin karo a yanayi na yau da kullum,Gudanar da bincike a kan bambance-bambance na ra'ayi tsakanin karo na elastik da maras elastik,"Ɗauki ƙarshe game da motsin wasu mabuli, bisa ga ma'aunin gudunsu a yayin karo","Bayanin irin arangamolin da ke bayyana a cikin faifayin bidiyo na yanayi na yau da kullum, da kuma nuna dalilan da ke shafar su",,,,C,Science,Teaching strategies,Secondary,2019,
107,"Wani malami zai fara koyar da darasin ƙarfin lantarki da cajin lantarki a ajin Ƙarshe na Sakandire. Yayin da yake koyarwa, malamin ya gano cewa wani ra’ayi na kuskure da ɗalibai ke bayyana yayin da suke ƙoƙarin bayyana aikin na’urorin lantarki shi ne cewa “idan wutar lantarki ta ratsa ta cikin na’urori daban-daban, sai ta ƙare.” Wanne daga cikin ayyuka masu zuwa ne zai fito fili ya kalubalanci wannan ra’ayi na kuskure da ɗaliban ke da shi?",Yi hasashen sannan ka kwatanta hasken kwararan fitila biyu daban-daban da aka haɗa a jere (series) da baturi,Yi hasashen sannan ka gwada hasken kwararan fitila guda biyu masu kamanceceniya waɗanda aka haɗa a jere da batiri,Yi hasashen sannan ka gwada hasken kwararan fitila guda biyu daban-daban da aka haɗa a layi ɗaya (parallel) da baturi,Yi hasashen sannan ka gwada hasken kwararan fitila biyu iri ɗaya da aka haɗa a layi ɗaya (parallel) da baturi,,,,B,Science,Student understanding,Secondary,2019,
108,"Yayin da malami ke shirya darasi ga ɗalibai ajin sakandare na biyu, yana neman kayan koyarwa mai dacewa da za a yi amfani da shi a cikin aji, wanda zai baiwa ɗalibai damar kwatanta girma da nisan da ke tsakanin Rana da taurarru masu bin ta, bisa ma'auni madaidaici. Wane kayan koyarwa daga cikin waɗanda za a yi amfani da su a cikin ajin ne ya dace don biyan manufar darasin?",Kiram fasalin rana da duniyoyi,Samfurin dijital gwargwado na Rana da taurari,Tebur mai ɗauke da bayanai kan girman da nisan duniyoyi zuwa Rana,Sallan tsarin rana tare da bayanai kan girma da nisan duniyoyin zuwa ga Rana,,,,B,Science,Teaching strategies,Secondary,2019,
109,"Malami yana shirya darasi na gaba tare da dalibai na aji na farko na sakandare da manufar ""Gane mahimmancin binciken girgizar ƙasa a cikin ginin ilimin kasa."" Wanne daga cikin ayyuka masu zuwa ne ya dace da wannan manufar?",Bayyana yadda ake amfani da dabarun tankade raƙuman girgizar ƙasa (seismic waves) wajen nazarin tsarin cikin Duniya (Earth's internal structure),"Bayyana yadda kuzarin da aka saki a girgizar ƙasa yake yaɗuwa ta cikin raƙuman farko, raƙuman na biyu, da raƙuman saman ƙasa","Fadi dalilan halitta waɗanda ke haifar da girgizar ƙasa, kamar mu'amalar faranti na ƙasa saboda motsinsu","Nemo tsakiyar girgizar ƙasa ta hanyar ma'auni daga wurare uku tsakanin tashoshin nazarin girgiza guda uku, bisa ga sismogramomin da aka samu a kowace tasha",,,,A,Science,Teaching strategies,Secondary,2019,
110,"Domin yin aiki a kan tunanin matsi na ruwa, wani malami na aji uku na makarantar sakandare ya shirya wani darasi da manufar cewa dalibai su yi amfani da tunanin yawa (density) yayin da suke kwatanta jiki da abubuwa daban-daban. A farkon darasin, za a gudanar da wani aiki don gabatar da tunanin yawa. Wane daga cikin ayyukan da ke gaba ne ya kamata dalibai su yi, bayan aikin farko da aka ambata a sama, don cimma manufar darasin?","Yi hasashen abin da zai faru idan aka zuba ruwa uku marasa haɗuwa a cikin silinda mai ma'auni, kuma ka bayyana dalilin da yasa abin da aka gani ya auku","Ƙaddara yawan wani ruwa ta hanyar gwaji, dangane da matsin da yake jawowa a kan ƙasan akwatin da yake riƙe da shi","Fada yadda narkar da manyan guntayen kankara na Antarctica ke shafar matakin teku, bisa la'akari da nauyin kankara da ruwa (wato density)","Bayyana dangantakar kauri na jikoki daban-daban ta fuskar inganci da adadi, waɗanda suke da ma'aunin nauyi guda ɗaya da girma daban-daban, ko kuma girma guda ɗaya da ma'aunin nauyi daban-daban",,,,D,Science,Teaching strategies,Secondary,2019,
111,"Malamar sakandare tana shirin wani aji da manufar “Bayyana ilimin motsi na motsi madauwari iri ɗaya.” Don cimma wannan, za ta bayyana cewa idan saurin kusurwa (ω) na wata ɓangaren ya kasance a tsaye, saurin taɓawa (vt) yana ƙaruwa yayin da radius na hanyarsa (R) ke girma, ta amfani da lissafin vt = R·ω. La'akari da cewa wasu ɗalibai na iya samun wahalar fahimtar wannan bayani, malamar ta yanke shawarar ƙara wata hanya ta daban don faɗin wannan abun cikin cikin shirinta. Ganin abin da ke sama, wanne daga cikin zaɓuɓɓukan da ke gaba zai zama hanya mafi dacewa don wakiltar abin da ke faruwa na zahiri da ake bayyanawa?","yi amfani da lissafin don warware aikin da aka yi masa mahallin, kamar gano gudun lissafin hawan keken guda biyu (tangential speed of a bicycle wheel)",Nuna jadawali na radius da gudun tangential inda aka lura da dangantakar kai tsaye tsakanin ma'aunai masu canzawa,"Nuna cewa idan aka juya wani abu mai nauyi ɗaure da igiya, saurin juyawarsa yana canzawa idan aka gyara tsawon radius ɗin da ake da shi.","Bandinga saurin lallabawa na gurare daban-daban na gilashin mazugi mai yanke, yayin da ake jujjuya shi yana jingine a gefe ɗaya a kan farfajiya a kwance",,,,D,Science,Student understanding,Secondary,2019,
112,"Malami yana shirya darasi ga ɗaliban aji na uku na makarantar sakandare, wanda manufarsa ita ce ""Gane acceleration ɗin tsakiya da ƙarfin tsakiya a matsayin abubuwan da ke haifar da motsi na da'ira mai tsari."" Wane ne daga cikin ilimin gaba game da vector dole ne ɗalibai su samu don gane tasirin ƙarfin tsakiya akan motsin wani jiki a cikin motsi na da'ira mai tsari?",Rage-rage na sifofi (ko ragewar sifofi),Samfuri mai giciye tsakanin vectors,Samfurin digo tsakanin vectori,Rarraba wani makari zuwa ga sassan haɗin ginin Kartesiyyan shi,,,,A,Science,Student understanding,Secondary,2019,
113,Wanne ne daga cikin waɗannan tsammani na ɗalibai ke kawo cikas kai tsaye ga koyon Ka'idar Archimedes?,Tunanin cewa matsin iska ba ya shafar matsin ruwa (hydrostatic pressure) da ruwa ke yi,Yin tunanin cewa zurfin da aka nutsar da wani abu yana tasiri ga jimillar ƙarfin da yake samu daga ruwan,Tunanin cewa matsewar da ke aiki a kan wani jiki da aka tsunduma cikin ruwa ta dogara ga zurfin inda yake,Tunanin cewa matsi na ruwa (hydrostatic pressure) da ruwa ke yi a ƙasan mazubin da ke ɗauke da shi ya dogara ne da siffar mazubin,,,,B,Science,Student understanding,Secondary,2019,
114,"A cikin sashen nazarin ruwa mai gudana na shekara ta uku, wani malami ya gabatar da manufar koyarwa kamar haka: ""Bayyana al'amuran yau da kullum daban-daban ta amfani da ka'idar Bernoulli."" Dangane da haka, wanne ne daga cikin zaɓuɓɓukan da ke gaba ya dace da ma'auni da zai bai wa malamin damar sanin cewa ɗalibai sun cimma manufar da aka bayyana?",Suna bayyana sassan daban-daban na Lissafin Bernoulli,Suna bayyana yadda feshi na turare yake aiki,Suna bayyana dalilin da ya sa diamita na fesashshen ruwa ke raguwa yayin da yake faɗowa daga famfo,Suna bayyana dalilin da ya sa kwalbar roba take lafewa a lokacin da aka tsotsi iskar da ke cikinta,,,,B,Science,Assessment,Secondary,2019,
115,"Malamin aji na uku na sakandare yana tsara jarabawar rubutu don tantance sashin ilmin motsi mai juyawa. Idan ɗaya daga cikin alamomin tantancewar shine ""Suna amfani da dangantakar lissafi da ke bayyana motsi mai zagaye iri ɗaya don warware matsaloli daban-daban,"" wanne daga cikin abubuwan da ke biye ya fi dacewa don tabbatar da nasarar su?",Lissafa matsakaicin gudun kusurwa na wata karusa da take yin zagayawa 5 cikakku a cikin minti ɗaya,Ƙayyade sau nawa juyawa da kuma adadin digiri nawa suka yi daidai da juyawar $\frac{5\pi}{2}$ radiyan,"Nemi gudun layin tauraro mai wutsiya a lokacin da nisansa da Rana shine $R$, idan gudun layinsa ya kasance 100 m/s a lokacin da nisansa ya kasance $\frac{R}{2}$","Ka bayyana wani daidaito da ke bada damar lissafa gudun lamba (tangential speed) daga gudun kusurwa (angular speed), kana bayyana abin da kowane jigo a cikinsa yake wakilta",,,,A,Science,Assessment,Secondary,2019,
116,"Malamin makarantar sakandare, a tsarin darasinsa, ya sa maƙasudin cewa ɗalibai su danganta canje-canjen da ke faruwa a cikin ƙwayoyin zarra masu aiki da rediyo da daidaitonsu. Wace daga cikin ayyukan da ke gaba ce za ta ba malamin damar cimma maƙasudin da aka gabatar wa ajin?",Ka nemi ɗalibai su wakilci fitarwar wani nukilid a cikin jerin ruɓewar rediyoakti,Nemi ɗalibai su ƙayyade nau'in fitarwar kashi daga taswirar zirin tsayuwar nukiliya.,Nemi ɗalibai su binciki ƙarfin turawa da jan juna da ke cikin tsakiyar kwayar zarra don cimma daidaito,Bukataci ɗalibai su shirya tebur na taƙaitawa tare da nau'ikan ruɓawar rediyo da ƙwayar zarra ke fuskanta don samun daidaito,,,,B,Science,Teaching strategies,Secondary,2019,
117,"Malamar tana aiki da ajin aji na 3 a kan darasin Ma’aunin Sinadarai, da manufar ""Bincika bambancin taro na abubuwan da ke aiki da kuma abubuwan da aka samu a cikin wani aikin sinadarai,"" ta hanyar wannan ginshiƙi na taro da lokaci. Lokacin da ta tambayi ɗalibanta game da ma'anar Ma'aunin Daidaito, ta gane cewa yawancinsu kawai suna yin karatu na zahiri na ginshiƙin. Wace tambaya ce Malamar za ta iya yi don taimaka wa ɗaliban su fahimci bambancin taro a cikin aikin sinadarai ta hanyar fassara ginshiƙin?",A ina ne asalin wurin da reactants da products suke a kan graph?,Yaya matsayin yawan sinadaran masu aiki da sinadaran da aka samu yake a farkon aikin?,A wane lokaci ne abubuwan da ke haɗuwa za su daina amfani da su kuma abubuwan da aka samar za su daina samuwa?,Shin akwai tsayawar aiki a samuwar da amfani da abubuwan da ke aiki da kayayyakin da aka samar?,,,,D,Science,Student understanding,Secondary,2019,
118,"Malam ya yi shiri don yin aiki kan manufar nuna bambancin pH a cikin tsaka-tsaki mai sarrafawa a cikin aji a siffar zane. Saboda haka, malamin ya nemi ɗaliban shekarar ƙarshe su zana lankwasa titireti (titration curve) na wani acid mai rauni tare da wani gishiri mai ƙarfi, wanda aka samar da ma’aunin yawa (concentrations) da girman (volumes) duka abubuwan biyu. Yayin da aikin ke ci gaba, malamin ya lura cewa yawancin ɗalibai sun sami damar gina lankwasar har zuwa inda aka daidaita (equivalence point) ne kawai, saboda suna samun ƙimar pH mara kyau bayan wannan matakin. Waɗanne daga cikin ayyukan gyarawa na gaba zai bai wa malamin damar sake jagorantar ɗaliban don kammala ginin lankwasa titireti?",Kai ɗaliban zuwa dakin gwaje-gwaje don su iya gano maki daidaitawa ta hanyar gwaji,"Ku bayyana musu, ta amfani da ma'aunin pH, cewa an gina shi bisa darajoji masu kyau na maida hankali na acid ko na alkali","yi musu bayani, tare da misali, yadda ake gano adadin ma'adanai masu yawa (excess moles) na kowace sinadari a wurare daban-daban yayin aikin titration","Yi amfani da software inda ɗalibi ya shigar da adadin tushe da aka ƙara, kuma tsarin ya tanadi digogi don zana lanƙwasar",,,,C,Science,Student understanding,Secondary,2019,
119,"A cikin aji dangane da maudu'in daidaituwar sinadarai, wani malamin sakandare yana aiki a kan manufar koyo ta Bayyana matsayin daidaito da haduwar sinadarai ke kaiwa. A lokacin aikin, malamin ya lura da rudewar ɗalibai game da wannan tambayar da suka yi: Shin abubuwan da ke haduwa da abubuwan da aka samu suna kaiwa ga matsayin daidaito ne daban-daban? Wanne daga cikin ayyukan da ke gaba ne zai bai wa malamin damar maida hankalin tsarin koyarwa da koyo ga ɗalibai?",Kwaikwayi ci gaban reaksi har sai an samar da rabin kayayyaki,Samo halayen manya-manya da ƙanana na wani tsarin sinadarai har sai ya kai ga daidaituwa,Gudanar da hanyar gwaji da ke nuna tasirin abubuwan da ke kawo canji ga matsayin daidaituwa a tsarin sinadarai,"Gudanar da wata hanyar gwaji wacce za ta ba da damar hasashen ma'aunin tarin a daidaito na nau'o'in da ke shiga, bisa ga ma'aunin tarin su na farko",,,,B,Science,Student understanding,Secondary,2019,
120,"Malamar makaranta tana aiki da ajin makarantar sakandare na shekara ta uku a kan maudu'in Kimiyyar Zafin Halitta (Thermochemistry). Don sa ɗaliban su yi nazarin yadda zafi ke gudana a cikin tsarin sinadarai, ta gudanar da wani gwaji mai amfani ta amfani da gilashin da ke ɗauke da ƙanƙara da wani mai ɗauke da ruwan zafi, a lokacin ranar kaka inda zafin jiki ya kai kusan 20°C. Wata ƙungiyar ɗalibai ta yi hasashe cewa, a tsawon lokacin gwajin (minti 60), ƙanƙarar ba za ta narke ba kuma ruwan zafin ba zai yi sanyi ba. Wace tambaya malamar za ta iya yi don sa ɗaliban su sake yin la'akari da hasashensu daga wannan ƙwarewar mai amfani?",Yaya zafi yake shafar tsarin kafa?,Yaya daidaiton zafin jiki yake da alaƙa da tsarin da aka kafa?,"Me yasa muke yawan magana game da abubuwa masu zafi da sanyi, a wannan yanayin, game da gilashi mai sanyi da gilashi mai zafi?",Mene ne banbanci tsakanin yanayin zafin wurin da yanayin zafin abubuwan da ke cikin gilasan?,,,,B,Science,Student understanding,Secondary,2019,
121,"Wasu rukuni na ɗaliban ajin uku na sakandare suna shirya rahoton dakin gwaje-gwaje game da gwajin mai taken ""Abubuwan da ke Shafar Saurin Mu'amala."" Waɗanne abubuwa na ilimi na baya ne suka kamata su koya don bayyana sakamakon da aka samu?",Ƙa'idar gudu,Ka'idar Karo,Bayyana ma'aunin daidaito,Abubuwan da ke shafar saurin aiwatarwa,,,,B,Science,Student understanding,Secondary,2019,
122,"Wani malami, a lokacin da ake koyar da darasin Haɗin Sinadarai (Chemical Bonding), ya bukaci ɗalibansa da su bi matakai-matakai don kammala aikin da ke gaba: Rubuta cikakkun tsare-tsaren na lantarki (electronic configurations) na atomin da ke cikin ƙwayoyin ruwa da na amoniya. Zana tsare-tsaren Lewis (Lewis structures) da suka dace da kowace ƙwaya. Gina samfuran ƙwayoyin biyu da laka da ashirin (matchsticks) bisa ga siffar ƙwayar su. Samar da kamanceceniya da bambance-bambance tsakanin siffofin ƙwayoyin guda biyu. Wane ne daga cikin abubuwan koyo masu zuwa za a iya tantance su da aikin da aka bayyana?",Yi hasashen ɗauri na kwayar halitta bisa ga yanayin lantarki na atom ɗinta,Wakilta rabon electrons a cikin molecules ta amfani da Lewis structures,Bincika rabon atam da ke cikin kwayoyin halitta bisa ga ka'idar turewar nau'in lantarki na harsashin sinadarai (VSEPR),Gano ma'adanarwa da ba-ma'adanarwa na electrons a cikin kwayar halitta bisa tsarin kwayoyin electrons na atoms masu hada ta,,,,C,Science,Assessment,Secondary,2019,
123,"Malamar babbar makarantar sakandare tana da burin ɗalibanta su gano abubuwan da ke shiga ciki wajen tantance rabin rayuwar wani sinadarin rediyoaktif.
Wace aiki ce za ta ba wa ɗaliban dama su cimma burin da aka saita?",Nuna raguwar wani sinadari mai aikin rediyo a jere,Kafce ka'ida game da ruɓewar nukiliyar wani sinadari mai aiki da rediyo,Shirya bayanan daga teburin yawan adadin abubuwan da ke lalacewa masu auna lokaci da yawa,Kwaikwayi ruɓuwar wani sinadarin rediyo kuma ƙayyade adadin kwayoyin zarra da suka ruɓe,,,,C,Science,Teaching strategies,Secondary,2019,
124,"Malamin shekarar farko ta sakandare, a cikin darasin Stoykiyometri, yana buƙatar tantance fahimtar ɗalibai game da ma'aunan stoykiyometri a cikin daidaitaccen lissafin sinadarai. Wanne daga cikin ayyukan da ke tafe malamin zai iya gabatarwa don tabbatar da ilimin da aka samu?",Yi lissafin rabon mol na adadi tsakanin abubuwan da suka yi aiki da samfuroran haɗuwar,Lissafo nauyin abubuwan da suka yi aiki da samfurori kuma tantance alaƙar lissafi tsakanin su,"Gina tebur na daidaito tsakanin abubuwan da ke amsawa da abubuwan da suka samo asali, na kashi dari na abun da ke cikinsu","Gina teburin daidaito tsakanin mol, kwayoyin halitta (molecules), da kuma atom, dangane da abubuwan da ke cikin halittar (reaction)",,,,D,Science,Assessment,Secondary,2019,
125,Wacece a cikin waɗannan ayyukan da malamin aji na 4 zai iya gabatarwa don haɓaka ƙwarewar tsarawa (planning skill) a cikin ɗalibansa yayin da suke aiki a kan yanayin abu (states of matter)?,Ku gabatar da wani gwaji ga ɗalibai wanda ke nuna cewa awo (mass) na ruwa baya canzawa idan ya daskare.,Ku tambayi ɗalibai su rubuta kuma su zana tsari don tabbatarwa ko ruwa yana canza girma (volume) lokacin da yake canza yanayi (state),"Ku tambayi ɗalibai su tabbatar, ta amfani da ma'aunin zafi (thermometer), ko zafin ruwa a cikin gilashi yana canzawa idan aka ƙara ƙanƙara a cikin ruwan","Ku gabatar da tambayar bincike mai zuwa ga ɗalibai: Menene zai faru da ruwan idan, yana cikin yanayi mai ƙarfi (kankara), aka fallasa shi ga zafin jiki na ɗaki?",,,,B,Science,Teaching strategies,Primary,2020,
126,"A makarantar renon yara, malamin yana buƙatar tantance matakin cimmawa na wannan manuniya ta Jiki da Motsi mai zuwa: Yana nunawa ko nuna wurin gabobin ciki kamar zuciya, huhu, kwakwalwa. Wace dabarar tantancewa ce daga cikin waɗannan za ta fi dacewa da manufar malamin?",Ku umarci yara su yi kwaikwayon sassan jiki na ciki na ɗan adam da laka kuma ku auna gwanintarsu ta amfani da jerin abubuwan dubawa,Bari kowane yaro ya zaɓi wata gaba ta jikin ɗan Adam kuma ya yi jawabi a kanta. Ku tattara shaidu ta hanyar rikodin abin da kuka gani,"Ku roƙi yara su dora hotunan gaɓoɓin jikin a kan siffar jikin mutum, sa'annan ku rubuta yadda suka yi aiki ta amfani da ma'aunin ƙididdiga",Ku nemi yara su kalli bidiyon jikin ɗan Adam sannan su tattauna a ƙungiyance abin da suka gani. Ku tattara shaida ta hanyar rubuce-rubucen abubuwan da suka faru ba zato ba tsammani,,,,C,Science,Assessment,Pre-primary,2020,
127,"Ga yara 'yan K-kafin-aji, wani mai koyarwa ya gayyace su zuwa farfajiya don gudanar da wani darasi game da halin abu. Wannan ya haɗa da barin kyandir a rana don ganin abin da zai faru. A baya, yaran suna yin hasashe kuma su zana su a littafin rubutu. A cikin wannan ƙwarewar da aka bayyana, wane canji na halin abu yaran wannan matakin za su iya lura da shi?",Haɗawa,Turbuwa,Daskarewa,Tasirin danshi,,,,A,Science,Student understanding,Pre-primary,2020,
128,"Malamar ajin kananan yara tana shirya wani bangare na darasi mai taken Tunanin Masanin Kimiyya. Yaran sun shiga sosai cikin kwarewar koyarwa, kamar su gudanar da gwaje-gwaje da koyon Hanyar Kimiyya. Dabarun da za su horar da kansu a kansu sune lura da kuma yin hasashe bisa ga lura. Wane kayan aikin koyarwa ne zai dace don inganta ci gaban waɗannan dabarun ga yaran?","Takardar sanin kai, don rubuta sababbin ra'ayoyin da aka koya yayin gwajin sannan a zana ƙarshe","Littafin bin diddigi, don rubuta ra'ayoyi da lura na farko na gwaji, sannan a kwatanta bayanan da aka samu daga baya","Rajistar tsarawa, ta inda ake tsara matakai da ra'ayoyi na farko na gwajin, sannan kuma a lura da yadda gwajin ya gudana","Hanyoyin tattarawa da na lura waɗanda ke sauƙaƙawa da ba da damar bincike mai zurfi, don daga baya bayyana abubuwan da aka samu",,,,B,Science,Teaching strategies,Pre-primary,2020,
129,"Malamar makarantar gaba da firamare ta yi aiki a kan manufar koyo mai cewa: “A yi haɗin gwiwa a yanayi na yau da kullum, a ayyukan da ke ba da gudummawa ga ci gaban muhallai masu ɗorewa.” Don cimma wannan, ta raba wa yaran ƙananan abubuwan koyo daban-daban: kallon bidiyo, ƙirƙirar fosta, ziyartar cibiyar sake sarrafa shara, da sauransu. Daga nan, tana buƙatar tantance manufar da aka zaɓa. Wace dabarar tantancewa ce za ta dace don tabbatar da cimma wannan manufar koyo?","Ku rubuta ayyukan da yara ke yi ba tare da an umarce su ba yayin da suke yin ayyukansu na yau da kullum ta hanyar amfani da ma'auni. Misali: rufe famfo, ɗaukar takardu","Ku tattara shaidu, ta hanyar bayanan lura, na abubuwan da yaran suka yi tunani a kansu yayin da suke sauraron wani labari game da ayyukan da ke ba da gudummawa ga ci gaban muhallai masu ɗorewa","Ku rubuta ta cikin jerin abubuwan dubawa ko yara sun bambanta tsakanin hotunan ayyukan da ke ba da gudummawa ga muhalli mai dorewa da kuma waɗanda ba sa bayarwa. Misali: sake amfani da kayan aiki, jefa shara a cikin kwandon shara","A tattara bayanai ta hanyar bin tsarin tantance nazari (analytical rubric) na ra'ayoyin yara ko tunaninsu yayin kallon wani bidiyo da ke nuna yanayi da ba sa taimakawa ga kula da muhalli. Misali: amfani da ruwa ba tare da nuna kulawa ba, zubar da shara a bakin teku",,,,A,Science,Assessment,Pre-primary,2021,
130,"Malamar aji na uku ta tantance, a cikin sashin Kula da Albarkatun Ƙasa, manufar “Gane Dokar 3Rs a cikin ayyukan zahiri”. Don yin haka, ta gabatar da wani aiki inda ɗaliban dole ne su rubuta aikin yau da kullun don kowane rukuni mai dacewa: Rage (Reduce), Sake Amfani (Reuse), da Sake Sarrafa (Recycle). Ɗaya daga cikin ɗaliban ya gabatar da amsa mai zuwa: 1. Yin amfani da abin rufe fuska mai wankewa. 2. Shuka tsire-tsire a cikin kwanonin man shanu. 3. Raba da kuma ajiye kwantenonin da za a jefar a gida. Wace martani ce daga malamar za ta ba ɗalibin damar ingantawa da kuma jagorance shi zuwa ga cimma manufar da aka gabatar?",Misalai masu kyau sosai! Amma shin duk Rs ɗin nan suna nan? Ina gayyatarka/ki da ka/ki amsa waɗannan tambayoyi: Wace matakiyar/matakiya ce ke ba ka/ki damar kashe albarkatu kaɗan ko kuma mallakar abubuwan da suka wajaba kawai? Wace sabuwar matakiyar/matakiya za ka/ki bada shawara domin kammala amsarka/ki?,"Misalai masu kyau kwarai! Amma dukkanin R din sun cika kuwa? Ina gayyatar ku da ku rubuta ma'anar kowanne daga cikin 3Rs: Rage, Sake Amfani, Sake Sarrafawa, bin misalan da aka bayar, sannan kuma sai ku amsa wannan tambaya: Wacce daga cikin waɗannan matakan kuke ganin tafi tasiri a rayuwar yau da kullum?","Misalai masu kyau sosai! Amma ka manta da R guda ɗaya. Don kammala amsar, ina gayyatarka ka amsa waɗannan tambayoyi: Waɗanne matakai za ka ba da shawarar a aiwatar a makaranta? Ta yaya za ka ƙarfafa ɗan ajinka ya nemo sababbin amfani ga abubuwa maimakon jefar da su?","Misalai masu kyau ƙwarai! Amma kun manta da R ɗaya. Don kammala amsar, ina gayyatarku ku amsa waɗannan tambayoyin: Me ya sa waɗannan ayyukan ke da inganci don kula da albarkatun ƙasa? Har zuwa wane mataki suke taimakawa wajen rage shara da gurbata yanayi a duniya?",,,,A,Science,Assessment,Primary,2021,
131,Wace irin aiki ce ta dace ga ɗaliban aji na uku don su kwatanta al'amarin kusufin rana kuma su bayyana shi ga sa'anninsu?,"Suna karɓar takarda da aka buga da zobba na fanko da yawa waɗanda ke wakiltar Rana kuma su yi fenti da baƙi inuwar Wata a matakai daban-daban na gabaɗayan kusufin Rana, kuma su bayyana tafiyar al'amarin","Suna haska hasken rana da tocila a kan ƙwallon roba wadda ke wakiltar Duniya, sai su lura da siffa da girman inuwar da ta bayyana a kan farin allo, suna rubuta abubuwan da suka lura.","Suna wakiltar Rana da tocila kuma suna haska fitilarta a kan farin allo wanda ke wakiltar Duniya; sannan, ta amfani da wata karamar ƙwallo da suke motsawa a hankali a gaban tocilar, suna lura da yadda siffar yankin da aka haskaka a kan allon ke canjawa","Suna wakiltar Rana da fitilar hannu, Duniya da kawunansu suna bayar da baya ga tushen hasken, da Wata da farin balan da suke riƙe da shi a hannunsu tare da miƙa hannu, kuma a hankali suna juya ta gaba da agogo, suna lura da abin da ke faruwa ga hasken balan ɗin",,,,C,Science,Teaching strategies,Primary,2021,
132,"Wani malami na ajin yara ƙanana na farko yana shirin tattara hujjoji don wata alama ta tantancewa a babban fannin Jiki da Motsi: Yana gane wasu sassan jikinsa ta hanyar nuna su idan aka faɗi sunansu. Don tattara irin waɗannan hujjoji, malamin zai yi amfani da bidiyo da rubutattun bayanai. Wace dabara ce daga cikin masu zuwa za ta ba da damar tantance nasarar cimma wannan alama?","A lokacin wasan kyauta a ɗaki, babba yakan zauna kusa da madubi, kuma idan yaro ya kusanto, yakan tambaye shi ina sassa daban-daban na fuskarsa suke.","A lokacin da ake gudanar da ayyuka masu canzawa, babba tana tambayar yaro game da azancin jiki daban-daban, kuma ta ce su taɓa sassan fuskarsu da ke da alaƙa da kowanne ɗaya.","A lokacin mu’amala, babba yana rera waƙoƙi daban-daban da suke da alaƙa da sassan fuska, yana taɓa su a jikinsa kuma yana lura ko yaron zai maimaita hakan","Lokacin gaisuwa, babba yana motsa sassa daban-daban na jikinsa, kamar tafa hannu, motsa ƙafafu da kai; sa'an nan ya roƙi yaran su kwaikwayi wannan motsi.",,,,A,Science,Teaching strategies,Pre-primary,2023,
133,"Wata malamar ajin yara ƙanana tana shiri a cikin wani aikin kimiyya na manufa ta musamman da aka gindaya ta koyo daga tsakiya na Binciken Muhalli na Halitta: “Don tsara hasashe game da sakamakon al'amuran halitta da aka lura da su, bisa ga ilimi da gogewa na baya.” Wane ɗayan waɗannan gogewar koyo ne zai ba da damar magance manufar da aka gabatar?","Nuna bidiyo da ke bayani kan yadda ake samar da hadari. Daga nan, a cikin babban rukuni, gayyaci yara su yi magana kan abubuwan da suka faru da su, ta hanyar tambayoyi masu zuwa: Kun taɓa shiga hadari? Me ya faru a muhallin?","Ka nuna wani samfuri mai wakiltar bakin teku a cikin wani kwantena na gilashi. Sannan, ka yi kwaikwayon ruwan tsunami, ka umarci yaran su lura da abin da zai faru kuma su amsa tambayar: Me ya faru lokacin da ruwan ya motsa zuwa ga tudu?","Ku gayyaci yara su yi dutsen wuta daga laka, a cikin ƙananan ƙungiyoyi, bisa ga umarnin da aka bayar. Sannan, ku kwaikwayi fashewar dutsen wuta kuma ku tambaye su: Za ku iya bayyana abin da kuka gani? Yaya fashewar ta faru?","Ku shirya wani da'irar tattaunawa da yara game da saninsu game da girgizar ƙasa. Sannan, ku gayyace su su lura, a cikin wani samfuri, da kwaikwayon girgizar ƙasa kuma ku tambaye su: Yaya za ku iya bayyana abin da ya faru? Wane tasiri zai yi a kan birane?",,,,D,Science,Teaching strategies,Pre-primary,2023,
134,"Malamar ajin yara ’yan riga-kafi tana aiki tare da yara a kan wadannan manufofin koyo daga Makasudin Gaggawar Bincike a Muhallin Halitta: “Gwajawa da hada-hadar abubuwa da ma’adanai ta amfani da kayan yau da kullum, kamar su kumfar sabulu, ruwan gishiri, da gelatin, suna bayyana canje-canjen da aka lura da su.” Don cimma wannan, tana gayyatarsu su shiga gwajin “Ruwan Sama Mai Launi.” Wannan ya hada da zuba ruwa, sa’an nan mai, sannan kuma digon rini na abinci a cikin gilashi, tare da taimakon babba. Yayin da take yin hakan, malamar ta tambayi yaran, “Me ke faruwa?” Antonio, daya daga cikin yaran, ya amsa, “Ina son launukan da kika saka.” Wane ne daga cikin wadannan shisshigin malamar zai taimaki Antonio don cimma abin koyo da aka bayyana?","Madalla da ka so su, Antonio. Meye wanda ka fi so? Yanzu, lura da sauran abubuwan, misali, ruwa da mai ba su haɗu ba","Abin mamaki kenan, Antonio, ni ma na ji daɗin launukan da muka yi amfani da su. Shin ka lura cewa idan sun shiga man, sai su tsaya kamar kumfa?","Madalla, Antonio, da ka so launukan da muka yi amfani da su. Kana iya gaya mani ko kana ganin wani bambanci tsakanin launin da yake a cikin mai da wanda ya riga ya shiga cikin ruwa?","Lalle abin sha'awa, Antonio, har abokan ajinka ma sun so kalolin da muka yi amfani da su. Yanzu, ina gayyatar ka ka duba abin da zai faru da waɗannan kalolin a ƙarshen gwajin.",,,,C,Science,Student understanding,Pre-primary,2023,
135,"A cikin aji na 8, bayan ya gama bayyana aikin sassan ƙwayar halitta a cikin ƙwayoyin halitta masu cikakken tsari, wani malami zai yi amfani da misali wanda ya danganta injina da sassan masana’anta da ƙwayar halitta don fayyace aikinsu. Wanne ne daga cikin waɗannan misalan da malamin zai ambata ya yi daidai da tsarin kwarangwal na ƙwayar halitta?",Na'ura mai canza kwayar halitta zuwa makamashi,Tsari da ke ba da damar kiyaye oda a cikin masana'antar,Cibiyar sarrafawa da ke da bayanan masana'antar kuma ke jagorantar abin da ke faruwa a cikinta,Na'urar da ke alamta kayayyakin da za a fitar daga masana'anta,,,,B,Science,Teaching strategies,Secondary,2021,
136,"Malamar aji na 8 ta gano cewa ɗalibanta suna da wahalar fahimtar ma'anar osmosis. Saboda haka, ta tsara wani aiki wanda zai ba su damar fahimtar yadda wannan nau'in jigilar marar ƙarfi yake faruwa. Wanne daga cikin ayyukan da ke gaba malamar za ta iya amfani da shi don ƙarfafa fahimtar ɗalibanta game da tsarin osmosis?","Ku umarci ɗalibai su nutsar da guntun dankali mai nauyin gram 10 a cikin tsaka-tsakin ruwa mai daidaita karfi na maganin sodium chloride mai kaso 0.9%. Bayan minti 15, su cire guntun dankalin, su auna nauyinsa, kuma su kwatanta shi da nauyin farko. Bayyana abin da ya faru game da jigilar ruwa.","Ka tambayi ɗalibai su tsoma jakar shayi (tea bag) a cikin gilashin ruwan sanyi kuma su lura da abin da zai faru. Sa'an nan, su tsoma wata jakar shayin a cikin gilashin ruwan zafi kuma su lura da abin da zai faru. Ka bayyana irin tsarin motsin abubuwa (transport mechanism) da ke faruwa da kuma yadda zafin jiki ke shafar lokacin da shayin zai ɗauka don ya bazu ko'ina a cikin gilashin.",Yi gwajin da ke biyo baya: cika kwalbar gwaji da ruwa kuma zuba ɗigon tawada a ciki. Lura da abin da ya faru da tawadar kuma yi tambayoyi don fahimtar cewa tawadar ta haifar da bambancin ma'aunin haɗuwa bisa ga yawan ko ma'aunin haɗuwar tawadar da take yaɗuwa cikin ruwan,"A nuna a hoto wani akori mai rabe-rabe biyu waɗanda wata membrane mai izinin wucewa ta raba su. A wakilci kayan da aka narkar da su (solute) da ƙananan ƙwallaye, waɗanda suka fi yawa a ɗaya daga cikin rabe-rabun. A ƙirga ƙwallayen a cikin rabe-rabun biyu sannan a lura cewa matakin ruwan daidai yake. Bayan minti 5, a nuna akori ɗaya, a ƙirga ragowar ƙwallayen a cikin rabe-rabun biyu, sannan a lura cewa matakin ruwan ya canza, inda ya ƙaru a cikin rabe-raben da ke da ƙwallaye mafi yawa.",,,,D,Science,Teaching strategies,Secondary,2021,
137,Malamar aji na takwas tana shirin darasi ne a kan halayen tsarin kwayoyin halittar da ke samar da ruwa (secretory cells) kuma ta ba da shawarar cewa ɗalibai su danganta gagarumar ci gaban tsarin membrane na cikin kwayar halitta (intracellular membrane system) da aikinsa. Wace daga cikin waɗannan ayyukan koyo ce za ta ba ɗalibai damar cimma burin da aka tsara?,Duba hotunan ƙananan ƙwayoyin halitta masu fitar da sinadarai kuma ka tambaye su su gano aikin kowane ɗayan ƙwayoyin halitta da ke wajen,Ka ce su zana a kan hoton da aka ɗauka na ƙaramin kwayar halitta mai fitar da sinadarai hanyar da sunadarai ke bi ta hanyar exocytic sannan su bayyana shi,"Nuna samfurin kwayar halittar mai fitarwa da kuma wani na kwayar halittar tsoka, sannan a roƙe su su kwatanta ayyukan sifofin da ke bambanta su","Ku gabatar da samfuri na kwayar halitta mai fitar da sinadari (secretory cell) da kuma wani na kwayar halittar tsoka (muscle cell), sa'annan ku tambaye su su tantance aikin kowace kwayar halitta bisa ga tsarin gininsu (structures)",,,,D,Science,Teaching strategies,Secondary,2021,
138,"Malami na aji 8 yana fara darasi kan Kwayoyin Halitta (Cells). Don yin haka, ya bayyana manyan bambance-bambance tsakanin kwayoyin halitta na eukaryotic da prokaryotic, kamar kasancewa ko rashin kasancewar wani tsakiya (nucleus) a cikinsu. Bayan ya gama, wani ɗalibi ya tambaya: ""Ta yaya kwayoyin halitta na prokaryotic ke iya rarrabuwa?"" Idan aka yi la'akari da matakin ɗalibin, wane daga cikin bayanan da malamin zai yi a ƙasa zai ba da damar amsa damuwarsa ta hanyar da za a iya fahimta da kuma ingancin tsarin ra'ayi?","Kwayoyin halitta na prokaryotic suna hayayyafa, amma ba tare da jima'i ba, wanda ke nufin babu haɗin kwayoyin halitta a cikin tsari, kamar yadda yake faruwa a cikin kwayoyin halitta na eukaryotic.","Ikon salula na rabuwa ya dogara ne akan kasancewar DNA, ko akwai kwayar zarra ko babu. A wannan yanayin, dukkan sel prokaryotic da eukaryotic suna da DNA",Rabuwar tantanin halitta aiki ne na samar da sabbin halittu guda biyu daga asalin tantanin halittar uwa. Dukkanin tantanin halittu na prokaryotic da eukaryotic suna da wannan halayyar,"Kwayoyin halitta da basu da gangan (nucleus), kamar prokaryotic, suna da kwayoyin halittar gado (genetic material). A cikinsu, aikin rarrabuwa biyu (binary fission) yana faruwa, inda DNA ke ninka sannan cytoplasm ya rabu, yana haifar da kwayoyin halitta guda biyu masu girman kamanceceniya.",,,,B,Science,Student understanding,Secondary,2021,
139,"A cikin kima ta ƙarshe, malamin aji na 8 ya tsara manufar kimantawa mai zuwa: “Bayyana ra’ayoyin farko na ka’idar atom ɗin Dalton.” Wanne ne daga cikin waɗannan alamomin kimantawa zai nuna cewa ɗalibai sun cimma wannan manufa?",Suna samar da sinadarai daban-daban dangane da zaɓin abubuwa biyu ko fiye,Suna ƙayyade jimlar adadin zarra da suke shiga cikin wani sinadarin haɗi (chemical reaction),Suna danganta nauyin sinadaran da ke cikin haɗi da jimillar nauyin haɗin,Suna auna nauyin wani sinadari da ke cikin mahadi uku daban-daban masu nauyi daidai,,,,C,Science,Assessment,Secondary,2021,
140,"Malamin aji na shida, a ƙarshen darasi kan sarkar abinci, yana son ya tabbatar ko ɗaliban sun fahimci aikin halittu masu samarwa. Wane daga cikin waɗannan ayyuka da ɗaliban za su yi ne zai ba da damar kimantawar tsari game da koyon su?",Ka kammala zane-zanen tsire-tsire wanda ke nuna abubuwan da yake bukata da kuma abubuwan da yake samarwa a lokacin daukar hasken rana (photosynthesis),Bada misalai na halittu masu samarwa,Bayyana illar hakan ga halittu masu rayuwa idan tsirrai suka ɓace,Kafa dangantaka tsakanin halittun da suka hada gidan cin abinci,,,,C,Science,Assessment,Secondary,2021,
141,"Malamin makarantar sakandire na shekara ta farko, a cikin darasi game da abubuwan da ke shafar Hoton-hadawa, zai tattauna tsara hasashe tare da ɗalibansa. Wanne daga cikin matakan koyarwa masu zuwa ne zai goyi bayan cimma wannan manufa kai tsaye?","Ku samar da sakamakon binciken kimiyya a kan tasirin haske da kuma hasashen da aka gindaya, domin ɗalibai su tantance ko gaskata shi ne ko kuma su ƙaryata shi.","Samar da tsarin gwaji inda aka haskaka shuka da tsawon igiya daban-daban, kuma bisa ga nazarin gwajin, ɗalibai su gano ma'aunan da ake nazari a kansu",Ka sanya tambayar bincike mai zuwa: “Ta yaya zafin wuri (temperature) da danshin iska (humidity) ke shafar samar da abinci a ganyen bishiya (photosynthesis)?” domin ɗalibai su gane ma’aunan da za a bincika (variables) da kuma dangantakar da ke tsakaninsu.,Ku samar da hasashe (hypotheses) mabambanta domin tambayar bincike (research question) mai zuwa: “Ta yaya adadin CO2 yake shafar gudun hoto-sarrafa (photosynthetic rate)?” domin ɗalibai su zaɓi wadda ta fi dacewa,,,,C,Science,Teaching strategies,Secondary,2021,
142,"Malamar ajin farko na sakandare tana aiki kan Ka'idar juyin halitta ta Darwin. Ɗaya daga cikin manufofin shi ne ɗalibai su fahimci cewa nau'o'in halittu da ke da alaƙa sosai ta fuskar juyin halitta suna raba kakanni guda ɗaya na kwanan nan. A yayin wani tantancewa na koyarwa, ta lura cewa wasu ɗalibai har yanzu ba su fahimci wannan ra'ayi ba. Wanne ne daga cikin ayyukan da ke gaba zai bai wa waɗannan ɗalibai damar cimma manufar da aka gabatar?",Rarraba halittu ta hanyar kamanceceniya ta zahiri,Amsa tambayoyi bisa ga binciken wani cladogram,Zana taswira da ke rarraba misalan burbushin halittu kai tsaye da kuma marasa kai tsaye,A kwatanta tsatsatson halittu na kwayoyin halittu daban-daban don tabbatar da dangantakarsu,,,,B,Science,Student understanding,Secondary,2021,
143,"Malami/Malamar sakandare na aji na huɗu yana shirin darasi don taimaka wa ɗalibai su fahimci rawar da rigakafin wucin gadi ke takawa a kiwon lafiyar jama’a. Wacece daga cikin waɗannan ayyukan ɗalibai za ta bai wa malamin damar magance manufar, daidai da yadda tsarin manhaja ya jaddada kan sanin ilimin kimiyya?","Suna fassara tasirin rigakafi ne bisa ga sakamakon gwaje-gwaje na da, irin wanda Edward Jenner ya yi.","Sun bincika, bisa ginshiƙai, yawaitar wasu cututtuka masu yaɗuwa kuma sun gano musabbabin wannan yawaitar","Suna kwatanta, bisa ginshiƙai, kashi na yawan jama'a da aka yi wa rigakafi kuma suna danganta shi da kawar da wasu cututtuka da kuma sake bayyanarsu","Suna gina layin lokaci na muhimman matakai da suka shafi allurar riga-kafi, suna nuna matsayin masanan kimiyya masu gaba-gaba a wannan fanni",,,,C,Science,Teaching strategies,Secondary,2021,
144,"A cikin aji na biyu na sakandare, wanda manufarsa ita ce ɗalibai su fahimci juyin halittar ƙwai da mahaifa, wata ƙungiyar ɗalibai ta gabatar da bayani game da wannan juyi. Yayin da yake bayanin tsarin fitar ƙwai, wani ɗalibi ya ce: ""Da zarar follicle ya girma kuma hormone mai suna luteinizing ya ƙaru, sai ya saki kansa daga ƙwan mace kuma ya daina samar da estrogen. Bayan haka, wani sabon tsari yana fitowa a cikin ƙwan macen wanda ake kira corpus luteum, wanda kuma yake fara samar da progesterone."" Wace wahala ce wajen cimma manufar aji take bayyane a cikin amsar wannan ɗalibin?",Da a ce rashin ɗaya daga cikin sinadaran hormones na mahaifa ne ke haddasa fara fitar da kwai,Ganin cewa fitowar kwai ba ta dogara ga adadin sinadaran gonadotropic a cikin jini ba,Kafa alaƙa marar inganci tsakanin matakan sake zagayowar kwan mace (ovarian cycle) da kuma hormone masu gonadotropic da ke shiga ciki,"Idan har an ɗauka cewa corpus luteum yana samuwa ne kai tsaye a cikin gurbin kwai, kuma ba daga wani tsari da ya riga ya wanzu a cikin wannan gurbin ba",,,,D,Science,Student understanding,Secondary,2021,
145,"Malami na ajin sakandare na farko, a cikin kashin Abubuwa da makamashi a cikin tsarin halittu, zai yi tantancewar ginawa don kimanta cimma manufar koyo mai zuwa: ""Fahimtar dangantaka tsakanin matakan photosynthesis da numfashin salula."" Wace ce daga cikin ayyukan da ke gaba za ta bada damar tabbatar da cimma wannan koyon?",Kammala jadawalin kwatantawa tare da manyan bambance-bambance tsakanin matakan fotosintesis da numfashin salula,Bada bayani da zai bayyana muhimmancin matakan photosynthesis da cellular respiration a ma'aunin yanayin halittu (ecosystem),"Yi fasta da dabarun sinadarai na fotosintesis da numfashin salula, inda aka nuna yadda tsarin biyu ke dogaro da juna","Shirya zane na tsare-tsaren kwayar halitta inda tsarin halittar haske (fatosintesis) da numfashin kwayar halitta ke faruwa, kana bayyana sinadaran da ke cikin kowane tsari",,,,C,Science,Assessment,Secondary,2021,
146,"Wata malama ta sakandire ta ajin huɗu ta sa a matsayin manufa ga ɗalibanta su fahimci aikin enzym da ke shiga cikin kwafi na DNA. A cikin jarabawar kammalawa a kan wannan batu, ta yi wannan tambaya mai zuwa: “Fludarabine magani ne da ake amfani da shi don magance wasu nau'ikan ciwon daji, yana hana gina DNA ta hanyar ƙinƙance DNA primase. Bisa ga wannan bayanin, wane mataki na kwafi na DNA ne fludarabine yake shafa kai tsaye?” Wane daga cikin alamomin ma'aunin tantancewa da ke biyo baya ne ake auna shi ta hanyar tambayar da ta gabata?",Gano aikin enzyme ɗin da ke shiga cikin haɗar RNA mai gindi,Bambanta aikin sinadarin (enzyme) da ke da hannu wajen warware karkatacciyar kwayar (double helix) biyu,Bambanta aikin sinadarin (enzyme) da ke shiga cikin ƙara nukiliyotai (nucleotides) a jere-jere mai girma,Bayyana hanyar aikin enzyme da ke shiga lalata igiyoyin hydrogen da ke haɗa zaruruwan DNA,,,,A,Science,Assessment,Secondary,2021,
147,"Wani malami na shekara ta ɗaya a makarantar sakandare ya tsara wani darasi don aiki kan manufar koyo mai zuwa: ""Ƙirƙiri samfura waɗanda ke bayyana al'amuran taurari na tsarin rana."" Don magance girman Rana da taurari, malamin ya yanke shawarar nuna wani tebur na ƙima wanda ya haɗa da radius na Rana da taurari ta amfani da rubutun kimiyya. Wace dabara ce ta hanyar koyarwa ce ta fi dacewa don ƙarin haske ga teburin kuma don cimma manufar koyo daidai?","Shirya jikin sama a cikin teburi tun daga mafi karami zuwa mafi girma, tare da ƙarfafa ɗalibai su mai da hankalinsu ga tsarin jere nasu fiye da daki-daki na lambobi",Kafa Radius na Duniya a matsayin rukunin tunani kuma ka ƙirƙiri wani ginshiƙi na ƙari a cikin tebur yana nuna nisba tsakanin Radius na jikin sararin samaniya daban-daban da na Duniya,"A sauƙaƙa yaren da aka yi amfani da shi da gangan, kuma a ambaci girman jikokin sama ta hanyar amfani da kalamai irin su ""ya fi girma da..."" ko ""ya fi girma matuƙa da...""","Ku tsara jagorar motsa jiki na lambobi ta kimiyya (scientific notation) tare da misalai da matsalolin da ɗalibai za su warware ta yin amfani da dabi'u daga teburin, don samun ƙwarewa mafi girma a kan jigon.",,,,B,Science,Teaching strategies,Secondary,2021,
148,"Malamin sakandire na shekara ta biyu yana shirin darussan sashen Kinematics. A cikin ɗaya daga cikinsu, zai gudanar da wani aiki da zai magance abin da ke cikin darasin, yayin da yake amsa muhimmancin tsarin karatu a kan Yanayin Kimiyya. Wanne daga cikin waɗannan ayyuka da ɗalibai za su gudanar ne ya fi dacewa wajen amsa wannan muhimmancin tsarin karatu?",Suna bayyana yadda tunanin saurin ƙarfin nauyi yake aiki ga warware matsaloli na yau da kullum,Sun bayyana yadda tunanin ci gaban gudun jawo (gravitational acceleration) ya samo asali a tsawon tarihin ɗan Adam,Suna bayyana yadda ci gaban fasaha ya ba da damar samun daidaito mafi girma wajen auna darajar haɓakar nauyi,Sun bayyana yadda motsin faɗuwa a 'yanci na wani abu yake samo asali da kuma yadda wannan motsi yake dogara ga saurin nauyi,,,,B,Science,Teaching strategies,Secondary,2021,
149,"A yawancin littattafan karatu, a cikin nazarin wutar lantarki da layukan wutar lantarki kai tsaye, ana amfani da misalin ""ruwa mai gudana"" don inganta fahimtar ra'ayoyi kamar ƙarfin wutar lantarki da yiwuwar wutar lantarki, da sauran su. A cikin wannan misalin, ana kwatanta halayen layin wutar lantarki na asali da halayen gudun ruwa da ke yawo ta cikin bututu, kamar dai gudun ruwan yana wakiltar cajojin da ke motsi. Wace zaɓi daga cikin waɗannan ce ta dace da iyakancewar wannan samfurin kwatancin a matsayin dabarar koyarwa don koyar da layukan wutar lantarki kai tsaye ga ɗalibai?",Ba ya dace da nazarin da'irorin jere ko na kafa,"Yana ƙarfafa dalibai su gaskata cewa wutar lantarki tana iya ""sauka"" ta cikin waya, amma ba ""hawa"" ba",Baya barin ɗalibai su haɗa ra'ayin juriya a cikin wata da'ira ta lantarki tare da kowane abu da za a iya gani na da'irar hydraulic,Hakan yana ƙarfafa wa ɗalibai su yi tunanin cewa ƙarfin wutar lantarki a cikin da'irar lantarki daidai yake da gudun ruwa a cikin da'irar ruwa (hydraulic circuit),,,,B,Science,Teaching strategies,Secondary,2021,
150,"A cikin aji na Farko na Sakandire, ɗalibai suna gudanar da ayyuka dangane da tsarin samar da hoto a cikin madubai masu faɗi da masu lanƙwasa. A lokacin aikin, wani ɗalibi ya ɗaga hannunsa ya ce: “Malam, har yanzu ban gane bambanci tsakanin hotuna na gaske da na kama ba, balle kuma dalilin da ya sa ake kiran su haka.” Wace bayani daga malamin ce za ta fi dacewa don warware rudanin ɗalibin, tare da amsawa cikin fahimta da kuma daidaiton tsarin tunani ga tambayarsa?","Kalli gefe ɗaya da ɗayan cokali. Hoton da kake ganin kanka a tsaye hoton zahiri ne, kuma hoton da kake ganin kanka a juye hoton gaskiya ne.","Ya kamata ku tuna cewa hotuna na gaske a koyaushe juye suke, daga sama zuwa ƙasa, yayin da hotuna na zahiri a koyaushe tsaye suke.","Tunanin zane-zane na kama da waɗanda aka samar a bayan madubi, yayin da ainihin hotuna ke samuwa a gabansa kuma ana iya nuna su akan allon haske","Hotunan kama suna samuwa a cikin wani sararin mai da hankali na kama ta hanyar faɗaɗa haskoki masu faɗuwa, yayin da hotuna na gaske suke samuwa ta hanyar ingantacciyar tsinkayar haskoki masu juyawa",,,,C,Science,Student understanding,Secondary,2021,
151,Wane irin ilimi ne ya zama dole ɗaliban aji na farko na sakandire su riga sun samu a baya domin su fahimci al'amuran haske kamar su juyewar haske da karyewar haske?,Fahimtar cewa haske yana yaɗuwa a madaidaiciyar layi,Fahimtar cewa laser na fitar da haske mai launi guda ɗaya,Fahimtar haske a matsayin raƙumin lantarki mai maganadisu,Fahimtar yanayin kalaman-zarra na haske,,,,A,Science,Student understanding,Secondary,2021,
152,"Malami na shekara ta biyu, a cikin darussan Fizik da ke tafe, zai yi aiki tare da ɗalibansa kan manufa mai zuwa: ""Don fahimtar dokokin Newton da kuma amfani da su wajen bayyana yanayi na yau da kullum"". La’akari da wannan yanayin, wanne daga cikin zaɓuɓɓuka masu zuwa ya ke nuna ra'ayoyin kuskure guda biyu na farko waɗanda za su iya kawo cikas kai tsaye ga koyon manufar da aka gabatar?",Nisa da gujewa kalmomi ne masu ma'ana ɗaya; ƙarfin da ake buƙata don motsa abu ya dogara ne akan nauyinsa,"Idan jiki yana hutawa, babu wani ƙarfi da ke aiki a kansa; haɓaka gudu koyaushe yana faruwa a shugaba ɗaya da motsi",Ana iya bayyana matsayin jiki ta hanyar nisansa daga wurin farawa; halittu masu rai ne kawai ke iya amfani da karfi,Rikici koyaushe yana adawa da motsi; ƙarfin da ƙaramin abu ya yi a kan babban abu ya gaza ƙarfin amsawa na babban abu a kan ƙarami,,,,B,Science,Student understanding,Secondary,2021,
153,"Malamin makarantar sakandare na aji na biyu yana tsara wani kayan aiki don tantance wannan manufar koyo: ""Nuna cewa sun fahimci cewa ilimin Sararin Samaniya yana canzawa kuma yana ƙaruwa tare da sababbin shaidu."" Wane alamar tantancewa ce ta fi dacewa wajen bayyana koyon ɗalibai dangane da wannan manufa?",Bayyana a dunkule yadda sararin samaniya ya kasance kamar yadda ka'idar Big Bang ta nuna,Bayyana matakan samuwar tsare-tsare na sararin samaniya daga rushewar jan hankali,Kwatanta nagarta da iyakokin samfurori daban-daban na sararin samaniya don bayyana juyin halittarsa,Ka gwada bayanan da tsarin geocentric da tsarin heliocentric suka yi game da tsarin rana,,,,C,Science,Assessment,Secondary,2021,
154,"Malami a aji na biyu na sakandare, a sashin Kinematics (Ilimin Motsi), zai gudanar da tantancewar gano matsayi don fahimtar ra'ayoyin ɗalibai game da motsin abubuwa a faɗuwar 'yanci. Dangane da wannan manufa, wane aikin kimantawa ne zai bai wa malamin damar samun mafi kyawun shaida game da ilimin ɗalibai na baya a kan wannan darasi?","A fili, suna jefa abubuwa daban-daban sama, kuma suna kwatanta sigogin kowane jefa",Suna amsa tambayoyin da suka shafi kwatantawa da hasashen lokacin da abubuwa daban-daban za su ɗauka wajen faɗowa daga wani tsayi,Suna nuna a zane alkiblar hanzarin ƙwallon tennis a lokacin da take cikin sararin sama tana tafiya daga ɗan wasa ɗaya zuwa wani,Suna gina taswirar tunani wadda ta haɗa da ra'ayoyin motsi da suka shafi motsin abubuwa a faɗuwar 'yanci,,,,B,Science,Assessment,Secondary,2021,
155,"A ƙarshen darasi game da Tasirin Doppler ga ajin sakandare na farko, wani malami ya gudanar da kimantawa don tabbatar da koyon ɗaliban. Ɗaya daga cikin tambayoyin da ke cikin wannan kimantawar ya bayyana kamar haka: A cikin Tasirin Doppler da raƙuman sauti, shin gudun yaɗuwar sauti ya canza? Bayyana. Wani ɗalibi ya amsa kamar haka: ""Gudun yana canzawa saboda ya dogara da mita da tsawon raƙumi, kuma duka biyun suna canzawa a Tasirin Doppler."" Wace martani daga malamin ce ta fi dacewa don jagorantar koyon ɗalibin ta yadda zai iya gano kuskurensa kuma ya shawo kansa?","Ba cikakken daidai ba ne a ce mitar sauti da tsawon zangonsa sun canza, domin wannan tasirin yana faruwa ne kawai ga mai ji. Bugu da ƙari, duka biyun suna canzawa a rabo na kishiya, don haka samfurin waɗannan girman biyu yana kasancewa a tsaye.","Waɗanne dalilai ne ke haifar da canji a mitata da tsawon taguwar sauti? Shin akwai irin wannan canji a nan? Gudun yaɗuwar sauti a cikin tasirin Doppler ba ya canjawa. Don haka, idan mitata da aka ji na sautin ta ƙaru, to tsawon taguwarsa zai ragu.","Kuskure ne a ce gudun yaɗuwa yana canjawa, domin yana dawwama. A cikin tasirin Doppler, tsawon zango zai bambanta ga mai lura, amma a cikin ma'aunin da ya saba wa canjin mitar ga mai lura. Saboda haka, abin haɗin waɗannan girman biyu yana dawwama.","Ka tuna da abin da ke sa gudun sauti ya canja. Akwai wani a cikin wannan yanayin? Ko da yake ga mai sauraro mitar da tsawon guguwa suna iya canjawa, gudun yaɗuwar bai canjawa. To ta yaya mitar da tsawon guguwa na sauti ke canjawa?",,,,D,Science,Student understanding,Secondary,2021,
156,"Malami na shekara ta biyu a makarantar sakandare, a cikin sashin Stereochemistry da Isomerism, yana shirin wani darasi wanda burin koyonsa shine kamar haka: ""Gane muhimmancin tsarin R ko S a cikin sinadarai da ake amfani da su a rayuwar yau da kullum."" Wace daga cikin waɗannan ayyukan ce ta dace don cimma burin da aka gabatar tare da ɗalibai?",Ka umurci ɗalibai su yi nazari kan tasirin tattalin arziki na ƙera magunguna waɗanda ke da R da S isomers,Nemi ɗalibai su bincika tasirin da ke kan lafiyar ɗan Adam na amfani da magunguna guda biyu waɗanda suke enantiomers na juna,"Nemi ɗalibai su kwatanta sifofin kimiyya da zahiri (physicochemical properties) na R da S stereoisomer na sinadarai 5 da ake amfani da su sosai, misali, ibuprofen","Nemi ɗalibai su yi amfani da Dokokin Cahn-Ingold-Prelog don tantance tsarin R da S na mahaɗan 5 da aka saba amfani da su, misali, fructose",,,,B,Science,Teaching strategies,Secondary,2021,
157,"Malamar sakandare ta aji na biyu, a cikin babi na Hade-hade, tana bayanin *koloids*. Ta nuna cewa a cikin irin wannan nau’in gauraya akwai ƙwayoyi masu shawagi. Ta ƙarfafa bayyaninta ta hanyar nuna hotunan misalai, kamar mayonnaise da jelatin. A ƙarshen ajin, wani ɗalibi ya ɗaga hannunsa ya ce: “Ban gane dalilin da ya sa mayonnaise da jelatin suke *koloids* ba idan har ba za a iya ganin waɗancan ƙwayoyin masu shawagi ba. A gare ni, gauraye ne iri ɗaya.” Wane aiki ne zai bai wa malamar damar yin aiki a kan halayen *koloid* don amsa shakkar ɗalibin?",Aiwatar da tasirin Tyndall a cikin wani abin daskararre na gama-gari,Haɗa samfurin mayonez da ruwa kuma ka lura da abubuwan da aka gani,Zana tsarin kwayar halittar wani abu mai kala da ke rarrabe (colloid) na gama gari,Kwatanta tsarin kwayar halitta ta sanwa da kuma ta gurbi,,,,A,Science,Student understanding,Secondary,2021,
158,"Wani malami na ajin farko na sakandare, a cikin rukuni na Sunayen Abubuwa Marasa Kwayoyin Halitta, yana gudanar da aji da manufa kamar haka: ""Don amfani da hanyoyin sunayen abubuwa na tsari (systematic), Stock, da na gargajiya wajen sanya sunan oxide na karafa."" Lokacin da yake bayyana yadda ake sanya sunayen waɗannan mahaɗai ta amfani da hanyar sunan Stock, sai ya gane cewa ɗaliban ba su fahimci dalilin da ya sa dole ne su haɗa da ƙarfin haɗi (valence) na ƙarfe a cikin lambobin Roman a wasu lokuta kaɗai ba. Don warware wannan matsala, malamin ya yanke shawarar gudanar da wani aiki. Wane aiki ne daga cikin waɗanda ke gaba ke magance matsalar da malamin ya gano a tsakanin ɗalibansa?","Malami ya rubuta a allon rubutu jerin oxids na karafa kuma ya tambayi dalibai su lissafa matakin oxidation na karfen a kowane misali. Daga nan, sai su yi nazari kan darajojin matakin oxidation daban-daban da karafan suka nuna a kowane sinadarin kemistiri.","Malamin yana rubuta a kan allo jerin darussa game da oxide na karafa, sannan ya tambayi ɗalibai su fadi sunan kowannensu, ta hanyar amfani da ka'idojin tsarin sunaye na Stock. Daga nan, sai su amsa tambayar: Me ya sa waɗannan oxide na karafa dabam-dabam da aka ambata suke da sunaye dabam-dabam?","Malamin yana rubutu a kan allo dabarun sinadarai na dioxo da gwauron tagulla mai oxygen guda ɗaya, kuma ɗaliban sun amsa tambaya mai zurfi kamar haka: ""Ta yaya za a iya banbanta sinadaran guda biyu a tsarin sunaye na Stock idan sinadarin ƙarfe mai oxygen ɗin ya ƙunshi haɗin abubuwan sinadarai guda ɗaya?""","Malam ya rubuta a kan allo jerin abubuwan ƙarfe tare da yawan haɗinsu, kuma ya umarci ɗalibai su rubuta a cikin litattafansu nau'ikan 'oxide' na ƙarfe da waɗannan ƙarfafan za su iya samarwa, sannan, su amsa tambayar: ""Me ya sa wasu ƙarfafan za su iya haɗuwa da iskar oxygen a cikin adadi daban-daban, suna samar da sinadarai daban-daban?""",,,,C,Science,Student understanding,Secondary,2021,
159,"Malami na biyu a sakandare zai yi aiki da ɗalibanta kan abubuwan da ke shafar narkewa (solubility) da kuma yadda ake amfani da su. Manufarta ita ce yin hakan ta hanyar magance ƙarfin gwiwar manhaja akan wayewar kimiyya (scientific literacy). A cikin wannan mahallin, wane aiki ne, wanda ɗaliban za su gudanar, ya ba da damar magance wannan abun ciki da kuma amsa ƙarfin gwiwar manhaja akan wayewar kimiyya?",Suna binciken abubuwan da ke jawo girgiza sannan kuma buɗe kwalbar soda,Suna tsara gwaji da tsire-tsire na ruwa a yanayi daban-daban kuma su kwatanta shi da tasirin tashar samar da wutar lantarki ta hanyar zafi,Suna gudanar da gwaji inda hura ta cikin bututu a cikin gilashin ruwan lemun tsami ke mai da ruwan fari,Suna fassara bayanan daga wani grafi da ke nuna matakin oxyhemoglobin a cikin jini dangane da matsin iskar oxygen,,,,B,Science,Teaching strategies,Secondary,2021,
160,"Malamin sakandire na ajin 4, yayin da yake shirya darasin halayen acid-base, ya saita manufar koyo mai zuwa: “Danganta ƙarfin sinadari (concentration) da furcin lissafi don ƙididdige pH a cikin nau'o'in acid da base marasa ƙarfi daban-daban”. Wane ilimi na farko ne wajibi ga ɗalibai su riga sun mallaka don cimma wannan koyo da aka gabatar?",Dangantakar ƙarfin acid da matarsa ​​ta wajen gaza (conjugate base),Wakilcin narkewar abubuwan da ke da sinadarin lantarki,Furuci na Ma'aunin Daidaituwa na Reaksiyon Sinadarai,Ƙaddara Adadin Molar a cikin Maganganun Sinadarai na Lantarki,,,,C,Science,Student understanding,Secondary,2021,
161,"Malami/Malama na sakandare a aji na 4, a cikin darasin Makamashin Nukiliya, ya/ta sanya manufar darasin cewa ɗalibansa/ta su bayyana abubuwan da ke tantance daidaituwar nukiliya (nuclear stability) a cikin atoms. Wane ilimi na farko ne yake da matukar muhimmanci ɗalibai su mallaka don cimma burin koyon da aka gabatar?",Sinadaran fitarwa masu hadari,Matsakaicin nauyin sinadarai,Lambar atom da lambar nauyi,Niƙi da matakan kuzari na atom,,,,C,Science,Student understanding,Secondary,2021,
162,"Wani rukuni na ɗaliban sakandare na shekara ta biyu dole ne su gudanar da wani aiki da aka yi nufin cimma burin koyo cewa: ""Siffanta mahaɗanai na halitta ta hanyar rukunonin ayyukansu."" Wanne daga cikin waɗannan alamomin tantancewa ne bai dace da wannan manufa da aka gabatar ba kuma bai kamata ya zama wani ɓangare na jagorar kimantawa don wannan aikin ba?",Yana gane rukunai masu aiki,Rarraba sinadarai gwargwadon karfin aiki nasu,Rarraba mahaɗai gwargwadon nau'in isomerism,Rarraba mahadanai na Organic daban-daban ta amfani da tsarin sunayen IUPAC,,,,C,Science,Assessment,Secondary,2021,
163,"Malami na aiki a kan babi na Zafi da Makamashi tare da ajin aji na 8. Don ɗaya daga cikin azuzuwan, ta shirya wani aikin gwaji wanda manufarsa ita ce ɗalibai su nuna cewa zafin da aka sha ya dogara ne akan takamaiman zafin kowane abu. Wanne daga cikin waɗannan matakan gwaji ne ya dace don magance manufar da aka gabatar?",Ku ɗumama ruwa da man gileriti daidai gwargwado a cikin beakers daban-daban kuma ku auna zafin farko da zafin ƙarshe bayan wani ɗan lokaci da aka bayar,"Zuba 50 mL na ruwa mai zafin digiri 90 silsiyus a cikin kofi biyu masu girma daya, daya na gilashi dayan kuma na kumfa, kuma auna lokacin da zai dauka don zafin ruwan ya sauka zuwa digiri 25 silsiyus",A ɗora ruwa mai tsafta 50 mL da ruwan gishiri 50 mL a cikin beakers daban-daban kuma a auna lokacin da zai ɗauka kafin ruwa mai tsafta da ruwan gishiri su kai matakin tafasa,Suna ɗumama cokali na ƙarfe a kan murhu sannan su saka shi a cikin kofin ruwa mai zafin ɗaki kuma su auna zafin ruwan duk bayan daƙiƙa 20 har sai ya daidaita.,,,,A,Science,Teaching strategies,Secondary,2023,
164,"Malamar ta tsara darasi don aiki da ɗalibanta na aji na 8 kan manufa mai zuwa: ""Gano masu canji masu dogaro da waɗanda ba sa dogaro a cikin abubuwan da ke shafar samar da fitsari."" Wane aiki, wanda malamar ta gabatar, ne ya dace da manufar darasin?",Kwatanta abubuwan da ke cikin fitsarin mai lafiya da mai ciwon sukari,Gina taswira a kan tasirin shan barasa a kan yawan fitsari,Cika teburin da ke nuna launin fitsari a lokuta daban-daban na rana,Cika jadawali da matakin haɗuwar sinadarai daban-daban a sassa daban-daban na bututun koda,,,,B,Science,Teaching strategies,Secondary,2023,
165,"Malama tana shirin tsara darasin Gas Masu Cikakken Halitta wanda za ta koyar ga ajin aji 7. Manufar ɗaya daga cikin darussan ita ce: “Don fahimtar dangantakar da ke tsakanin zafi da girman (volume) gas a cikin yanayin rayuwar yau da kullum.” Don nuna wannan dangantaka, Malama za ta yi amfani da misali mai alaƙa da dokokin gas. Wanne ne daga cikin yanayi masu zuwa zai zama misali mai kyau don wakiltar abin da za a koyar a aji?",Aikin tukunyar matsi,Lushin burodi da aka yi da yisti,Shakar da fitar iska daga da zuwa huhu,Fitar kumfa lokacin buɗe kwalbar soda,,,,B,Science,Teaching strategies,Secondary,2023,
166,"A cikin aji na aji 8, wata malama ta gudanar da kimantawa kan atom da samar da ions. Sakamakon ya nuna cewa kaso mai yawa na ɗalibai sun yi imanin cewa samar da cations yana faruwa ne saboda atom ɗin yana ƙarawa ko ""samun"" protons. Wace hanya malamar za ta iya gabatar wa ɗalibanta don inganta fahimtar daidai game da samar da cations?","Ku umurci ɗalibai su tantance adadin protons, electrons, da neutrons na ions daban-daban dangane da lambar atom (Z) da kuma lambar mass (A)","Bukatanci ɗalibai su ƙirƙira, tare da malami, tebur mai ɗauke da adadin protons, electrons, da neutrons na cations da anions daban-daban","Ku nemi ɗalibai su samar da taswira mai nuna ra'ayi a kan allo wadda ke bayyana dangantakar waɗannan ra'ayoyin: nucleus, shell, electrons, protons, neutrons, ions, cations, da anions","Ka buƙaci ɗalibai su kwatanta tsarin kwayar halitta ta sodium mai daidaituwa da tsarin sodium a matsayin ion, la'akari da adadin protons, electrons, da neutrons na kowannen su.",,,,D,Science,Student understanding,Secondary,2023,
167,"Malama tana koyar da darasin Tsarin Kariya na Jiki ga ɗalibai na aji bakwai. A ɗaya daga cikin ajujuwan, tana shirin koyar da wannan manufa: ""Fahimtar yadda shingen kariya na uku yake aiki."" Wane banbanci ne yake da matuƙar muhimmanci ɗalibai su fahimta kafin ta kai ga manufar darasin da aka shirya?",tsakanin rigakafin jiki da abin yake gogayya da shi (antigen),Tsakanin ayyukan B da T lymphocytes,Tsakanin juriya da ƙwaƙwalwar garkuwar jiki,Tsakanin kariya mai sauƙi da ta halitta,,,,D,Science,Student understanding,Secondary,2023,
168,"Malamin aji na bakwai yana shirin darasi don sashin Karrarrafa, wanda aka tsara don bayyana ma'anar karfin bazara, ko dokar Hooke. Wace daga cikin waɗannan ilimin da aka riga aka koya ake bukata ga ɗalibai su samu don fahimtar wannan doka?","Wakilcin girman, shugabancin, da ma'anar karfi",Alaƙa tsakanin ƙarfin nauyi da murɗewar da jiki ke fuskanta,Banbanci na ɗanɗano ko ƙarfin dawo da yanayin da wasu kayayyaki ke fuskanta,Gane tasirin ƙarfi a kan siffa da motsin jikin abubuwa,,,,D,Science,Student understanding,Secondary,2023,
169,"Malami na tsara wata kimantawa ta rubutu ta ƙarshe ga aji na 7 domin tattara shaida game da matakin cimma waɗannan manufofin koyo: ""Bayyana halayen gas mai manufa a yanayin rayuwa na yau da kullum, tare da la'akari da dokokin da ke bayyana shi."" Wanne daga cikin alamomin masu zuwa ne ke nuna cimma wannan manufa?","Suna amfani da ka'idojin Boyle, Gay-Lussac, da Charles a misalai na yau da kullum, ta hanyar kwatanta ingancinsu.","Suna fassara zane-zane, suna kafa alaƙa tsakanin ma'aunan matsi da zafin jiki na gas",Suna gano girman kundin iska da zafin sa a rayuwar yau da kullum,"Suna lissafa ƙimar zafin jiki, murajin sarari, da matsin lamba na gas, ta amfani da dabarar dokokin gas mai kyau a cikin al'amuran yau da kullum",,,,A,Science,Assessment,Secondary,2023,
170,"Wani malami wacce ta rufe darasin Wutar Lantarki da ajin 5 za ta gudanar da jarabawa; a tsakanin wasu abubuwa, tana fatan tabbatar da cikar wannan mai nuna alama: ""Bambance kayayyakin da ke gudanar da wuta (conductors) daga wadanda ba sa gudanar da wuta (insulators) ta lantarki"". Wanne daga cikin ayyukan da ke biye ya dace da wannan mai nuna alama da aka ambata a baya?","Ku nemi ɗalibai su lura da aiki da'irar lantarki mai aiki kuma su kwatanta ta da wata wacce ba ta yi aiki ba, kuma su bayyana dalilin da ya sa ta biyun ba ta aiki","Ku tambayi ɗalibai su lura da wani ginshiƙi mai nuna kashi na watsa wutar lantarki na ƙarfe daban-daban, sannan su amsa tambaya mai zuwa: Wanne ne daga cikin ƙarfafen da ke kan ginshiƙin zai fi aiki a matsayin mai watsa wuta a cikin da'irar lantarki?","Nemi ɗalibai su lura da wani hoto da ke nuna wani mutum yana mu'amala da wayoyin lantarki yana sanye da safar hannu na roba, domin daga baya su amsa tambaya mai zuwa: Me ya sa dole ne mutumin ya yi amfani da safar hannu na roba yayin da yake taɓa wayoyin lantarki?","Umurci ɗalibai su lura da hoton wata kewayar lantarki da ba a kammala ba, sannan su zaɓi daga cikin kayayyaki, kamar cokali mai yatsu na ƙarfe, tsefe na filitik, da kuma bandejin roba, wanne ko waɗanne ne zai iya kammala kewayar don fitilar ta kunna",,,,D,Science,Assessment,Primary,2023,
171,Malam/Malamar zai/za ta tantance wannan mai nuna nasara a ajin aji na 7: “Bambance-bambancen sigogin da ake amfani da su don bayyana lamarin girgizar ƙasa.” Wace aiki ce ga ɗalibai za ta ba da damar tattara shaidar cika wannan mai nuna nasara ta tantancewa?,A gano cibiyar girgizar ƙasa ta hanyar amfani da bayanan tashoshin sismografi guda uku,Binciko girgizar ƙasa mafi girman ma'auni da suka faru a ƙasar Chile da kuma barnar da ta haɗa da su,Gano kurakuran fahimta wajen amfani da kalmomin girman ma'auni da tsanani a rahotannin jarida,Banbancin da ke tsakanin digiri biyu a jere a ma'aunin Richter dangane da kuzarin da aka saki.,,,,C,Science,Assessment,Secondary,2023,
172,"Malami, a shekarar farko ta Sakandare, a sashin Juyin Halitta da Bambancin Halittu, yana gudanar da wani aiki tare da ɗalibansa inda dole ne su kwatanta amino acids daban-daban na protein C daga nau'in dabbobi daban-daban kuma su kafa alaƙar juyin halitta a tsakaninsu. A lokacin ci gaban wannan aiki, wani ɗalibi ya tambaya: “Idan abin da ke bambanta halittu shi ne bayanan da ke cikin DNA ɗinsu, menene amfanin kwatanta jerin amino acid na protein?” La’akari da matakin ilimin ɗalibin, wane daga cikin bayanan malamin ne zai warware tambayar ɗalibin?","Sunadarin iri ɗaya za a iya bayyana shi a cikin halittun jinsuna daban-daban. Bayanin don haɗa sunadaran an tsara shi a cikin kwayoyin halitta. Saboda haka, ta hanyar gano bambance-bambance tsakanin kwayoyin halittun da ke tsara sunadarin da jerin sinadaran amino na shi, za a iya kafa alaƙar juyin halitta tsakanin jinsunan.","Kwayoyin halitta (proteins) suna samuwa ne daga takamaiman jerin amino acids wanda aka ajiye a cikin DNA. Idan aka samu gyara a cikin wannan, zai canza tsarin amino acids na wannan kwayar halittar. Saboda haka, ta hanyar la'akari da yawan bambancin amino acids na kwayar halitta guda ɗaya, mutum zai iya tantance yadda nau'i biyu suke da kusanci a bangaren juyin halitta","Sunadarai suna samuwa daga fassarawar kwayar halittar RNA mai ɗaukar sako, wadda ke fitowa daga rubutawar wata kwayar halitta. Ana iya bayyana wannan sunadarin tare da sauyi a cikin jerin karshe na amino acid. Don haka, ta hanyar nazarin waɗannan jerin, ana iya tabbatar da dangantakar juyin halitta tsakanin nau'o'in halittu","Jerin amino acid na protein yana dogara ne akan jerin codon da messenger RNA ke da shi wanda aka gina shi daga gare shi. Tunda kowanne codon yana dacewa da jerin nucleotides guda uku, idan aka canza wannan, ana iya samun protein mai jerin amino acid daban da na ainihin protein ɗin. Saboda haka, sanin yawan bambancin amino acid tsakanin nau'i biyu, mutum zai iya tantance yadda suke da kusanci ta fuskar juyin halitta.",,,,B,Science,Student understanding,Secondary,2023,
173,"Ɗaliban aji na biyu na sakandare, ƙarƙashin jagorancin tambayoyin malami, suna nazarin gwaje-gwaje na gargajiya waɗanda ke bayar da shaida game da inda kwayar halitta take da kuma dangantakarta da fenoza (phenotype) a cikin yukariyoti. Daga gwajin canja nukiliya (nuclear transfer) a kan *Xenopus laevis* wanda John Gurdon ya yi, wanda ya ba da shaidar cewa ƙwayoyin epithelial na hanji suna ɗauke da dukkanin bayanan halitta da suka wajaba don cikakken bunƙasar halitta babba, ɗaya daga cikin ɗaliban ya tambaya: “Me ya sa ake amfani da oocyte (kwai) wanda aka cire nukiliya a cikin gwajin, kuma ba wata ƙwayar da aka cire nukiliyar ba?” Wanne daga cikin bayanan da malamin zai yi ne zai ba da damar samun amsa madaidaiciya ta mahanga wadda kuma ɗalibin zai fahimta game da damuwarsa?","Domin don aikin canja wurin nukiliya ya samar da cikakkiyar halitta, kwayar karɓar nukiliyar dole ne ta kasance ba tare da bambanci ba kuma dole ne ta ƙunshi abubuwan bambance-bambance a cikin sitoplasmar ta waɗanda suka sha bamban da na kwayar halitta mai bayar da nukiliya.","Saboda oosite kwayar halitta ce da ba a bambance ta ba, wacce ke da ikon haifar da nau'ukan kwayoyin halitta fiye da ɗaya, tun da yake saitoplasam dinta yana dauke da faktocin bambanci da ke kunna zabaɓɓun rubutun asali da fassarar kwayoyin halittar da ke cikin ginin kwayar da aka dasa","Saboda sauran nau'ikan ƙwayoyin jiki, kamar ƙwayoyin hanji, ƙwayoyi ne da suka bambanta waɗanda ruwan ƙwayar su (cytoplasm) ke ɗauke da abubuwan da ke haifar da bambanci waɗanda ke ƙarfafa cire kwayoyin halitta waɗanda suke da muhimmanci ga cikakken girman ɗan tayi, abin da baya faruwa a cikin oocyte.","Domin jigon ƙwayar halitta ta oocyte—sabanin na sauran ƙwayoyin da suka bambanta, kamar ƙwayoyin hanji—yana ɗauke da dukkan abubuwan bambance-bambance da ake buƙata don kunna takamaiman kwayoyin halitta da ke cikin nukiliyar da aka dasa, wanda ke ba da damar cikakken ci gaban ɗan tayi",,,,D,Science,Student understanding,Secondary,2023,
174,"Malamar sakandare tana bayani game da hanyar aiki ta rigakafin ruwa, musamman nau'o'in kwayoyin rigakafi, sai wani ɗalibi ya tambaye ta: “Me yake nufi idan gwajin kwayoyin rigakafi na cutar virus ya nuna inganci ga IgG amma bai nuna ga IgM ba?” Wanne daga cikin bayanan malamar ne zai bada damar amsa mai sauƙin fahimta kuma daidai ta fuskar ilimi ga damuwar ɗalibin?","Wannan yana nufin cewa mutumin yana kan kololuwar matakin tsanani na kamuwa da cuta, domin IgG da IgM sune ƙwayoyin rigakafi na musamman ga kowane nau'in kwayar cuta, kuma ana fitar da su ne kawai a yayin wannan matakin.","Yana nufin cewa mutumin yana cikin mataki na ƙarshe na matakin tsanani na kamuwa da cuta, domin kuwa a wannan matakin ne sel ɗin plasma da ke keɓance ga kowane nau'in ƙwayar cuta suka fara samar da IgG da IgM","Yana nufin cewa mutumin yana cikin farkon mataki mai tsanani na kamuwa da cuta, domin a wannan matakin ƙwayoyin plasma na musamman ga kowane nau'in kwayar cuta suna fara samar da IgG da IgM","Yana nufin cewa mutumin yana murmurewa, domin kuwa IgG da IgM su ne takamaiman kwayoyin rigakafi ga kowane irin ƙwayar cuta, waɗanda ake samar da su a lokacin matakin tsanani na kamuwa da cuta, da farko IgM sannan IgG, inda na ƙarshen yana daɗewa a cikin jini na tsawon lokaci.",,,,D,Science,Student understanding,Secondary,2023,
175,"Malami a makarantar sakandare, a ajin Shekara ta Biyu, yayin da ake koyar da babi kan DNA da kuma rabuwar kwayoyin halitta, yana shirin wani aiki don cimma manufar koyo mai zuwa: ""Fahimtar yadda ƙwayoyin cutar kansa ke samuwa."" Waɗanne ilimai ne ɗalibai ke buƙatar sani a gabaki ɗaya don magance wannan manufa?",Matakai na zagayowar salula,Muhimmancin mitosis,Tashoshin Bincike na Kewayar Kwayar Halitta,Irin nau'o'in canjin DNA da na chromosomes,,,,C,Science,Student understanding,Secondary,2023,
176,"Wani malami a aji na sakandire a ƙarshen darasin Tsarin Jijiyoyi zai tantance manufar koyo ta gaba ɗaya kamar haka: ""Bayyana yadda tsarin jijiyoyi ke daidaita ayyukan halitta don dacewa da abubuwan motsa rai na yanayi ta hanyar siginar da jijiyoyi ke watsawa a ko'ina cikin jiki."" Wane ɗaya daga cikin waɗannan alamomin ne ke nuna cimma manufar da aka tantance?",Suna nazartar zane-zane daban-daban na motsa jiki mai sauƙi kuma su banbanta ɓangarorinsu.,Suna bayyana sauye-sauyen da aka lura da su a wasu amsoshin jijiyoyi masu tsanani daban-daban,Suna bayyana halaye na tsarin kwayar halittar jijiyoyi (neurons) da ke ba da damar samar da nau'o'in martani daban-daban,"Suna danganta rawar kashin baya, kwakwalwa, abubuwan gani, da kuma masu aikatawa a cikin tsarin amsawar jijiyoyi",,,,D,Science,Assessment,Secondary,2023,
177,Malami a sakandare yana shirya darasi don aji na biyu inda za ta bunƙasa manufa mai zuwa: “Don amfani da dokar kiyaye kuzari a cikin rufe tsarin.” Wane ne daga cikin ayyuka masu zuwa ga ɗalibai ke ba da damar magance manufar da aka gabatar?,Suna bada misalai na guguwa (ko karo) inda ƙarfin motsi yake kiyaye shi,Suna auna ma'aunan nauyi (masses) da gudun farko da na ƙarshe na motocin da suke karo a kan doguwar hanya mai karancin juzu'i (friction) sosai,"Suna tantance alaƙar dake tsakanin ƙarfin da aka yi amfani da shi, lokacin amfani, da kuma bugun (impulse) da jiki ya karɓa a ma'auni ɗaya (one dimension)",Suna hangen sakamakon karo tsakanin tubalan iri ɗaya guda biyu masu zamiya a inda babu tangarɗa,,,,D,Science,Teaching strategies,Secondary,2023,
178,"Malamin makarantar sakandare na shekara ta farko yana shirya darasi da manufar koyo mai zuwa: ""Don amfani da samfurin igiya don bayyana cewa haske yana juyawa kuma yana lanƙwasawa lokacin da ya bugi mahadar da ke raba nau'in abubuwa guda biyu."" A matsayin dabarar hanya don magance wannan manufa, malamin ya yanke shawarar amfani da wata kayan koyarwa da ke sauƙaƙa fahimtar abun ciki. Wanne daga cikin waɗannan kayan koyarwa ya dace da wannan manufa ta koyarwa ta malamin?","Sashi na littafin karatu da ke bayyana bambance-bambance tsakanin tsarin haske na ɗigon-ɗigo (corpuscular) da na igiya (wave), da kuma hasashen da kowannensu ya yi game da gudun haske a lokacin karyewar haske (refraction)",Kwakkwalwar kwaikwayo ta zamani wadda ke nuna dalla-dalla tasirin da ke faruwa a kan gabanin raƙuman ruwa saboda juyawa da lankwasawar haske a lokacin da ya faɗa kan iyakar sararin tsakanin maƙalatan biyu.,"Nunin aji na yadda wata katangar haske ta laser ke bugun saman ruwa a cikin akwatin kifi (aquarium), inda za a iya lura da cewa wani ɓangare na hasken yana mantsewa (reflects) ɗayan kuma yana karkata (refracts) a wasu ƙayyadaddun kusurwoyi","Simalan kwa-kwakwalwar gudanarwa mai mu'amala inda za'a iya lura cewa idan aka haska katangar haske zuwa kan mahaɗin tsakanin kafofin watsa labarai guda biyu, wani ɓangaren katangar yana tunawa ɗayan kuma yana karkata, kowanne da takamaiman kusurwa",,,,B,Science,Teaching strategies,Secondary,2023,
179,"A cikin ajin makarantar sakandare na shekara ta biyu, malami yana yi wa ɗalibai bayani game da dokar jawo juna ta duniya. Don ba da misalin tasirin wannan ƙarfin, sai ya gabatar da wani faifan bidiyo na dijital na wata 'ya'yan itace (apple) da ke faɗowa daga bishiya ko kuma wata da ke kewaya duniya. Malamin ya lura da ɗan ruɗani a tsakanin wasu ɗalibai, waɗanda suka kasa danganta waɗannan yanayi da dokar da aka gabatar. Wanne ne daga cikin waɗannan misalan da ke biye wanda malamin zai yi amfani da shi ya dace don haɓaka fahimtar ɗalibai game da wannan abun ciki, tare da kawar da ruɗaninsu?","Ɗaure wani zaren roba a jikin goge sannan ya nuna musu cewa, ta hanyar juyar da gogen daga ƙarshen zaren, yana samun motsi na kewaya. Sannan, ya bayyana cewa ƙarfin jawo-ciki wanda tarkar zaren ke fitarwa yana kama da ƙarfin nauyi a lamarin Wata","Ya nuna wani motsi inda aka wakilci sarari a matsayin wani filin roba wanda aka shimfiɗa inda wani abu mai nauyi, wanda ke wakiltar Duniya, ya dulmuya wannan filin, yana sa abubuwa na kusa masu ƙarancin nauyi su faɗi ko su yi kewaye da abu na farko ta hanyoyi daban-daban","Yana nuna faɗuwar tuffa ta wurin jefar da ƙwallo; sannan, ya jefa ta a kwance don ya nuna cewa idan gudun farko ya fi girma, za ta faɗi a wuri mai nisa. Bayan haka, ya zana zane a kan allon rubutu tare da yiwuwar hanyoyin da tuffar za ta bi, har sai ta fara kewaya duniyar.","Ya yi zane a kan allo na faɗuwar tuffa a sarari, yana bayyana ma'auninta da na Duniya, nisan da ke tsakanin cibiyoyinsu da kuma ƙarfin janyo. Sai kuma ya gyara zanen domin bayyana mu'amalar janyo tsakanin Wata da Duniya, yana canza bayanan da suka gabata",,,,C,Science,Teaching strategies,Secondary,2023,
180,"Malami/Malama na sakandare a aji na ɗaya ya shirya yin aiki kan waɗannan ra'ayoyi masu zuwa a lokacin sashin Kalaman Ruwa da Sauti:
 - Tsayi/Kauri na Sauti
 - Ƙarfi
 - Girgiza
 - Mita
 - Lokacin da Kalma ke ɗauka
 - Tsawon Kalma
 - Juyawa
 - Sha
 - Makamashi
 - Shige da fice
 - Gudun Yaɗuwa
 - Sarari mara komai
Waɗanne ra'ayoyi biyu ne malamin/malamar ya/ta kamata ya/ta fara aiki a kansu da farko don ci gaba da koyon sauran abubuwan da ke cikin jerin abubuwan da suka gabata?",Tushen motsi da ƙarfi,Daza kuma tsawon igiya,Rawa da mita,Makanta da tsawon rakumi,,,,C,Science,Student understanding,Secondary,2023,
181,Malamin ajin shekara ta farko ta babbar sakandire yana shirin wani kimantawa na ginawa wanda zai yi a ƙarshen darasi kan alamomin sauti. Wanne daga cikin waɗannan ayyukan ɗalibai ne ke nuna cewa sun fahimci dalilan tasirin Doppler?,Suna wakilta a zane mai hoto yadda gaban raƙuman ruwa ke matsawa ko rabuwa saboda gudun mai fitar da su,Suna nazarin gudun tushen sauti da kuma mitar sautin da yake fitarwa don hasashen mitar da mai ji zai fahimta,Suna bayyana yadda motsin dangi tsakanin mai fitarwa da mai karɓa ke gyara mitar da gabanin igiyar ruwan ke zuwa ga na ƙarshen.,Suna gano yanayi a inda mai kallo ke fahimtar bambancin mita saboda gudun da yake matsowa ko janye wa daga mai fitar da sauti (ko haske),,,,C,Science,Assessment,Secondary,2023,
182,"Malamin makarantar sakandare, a cikin sashin Al'amuran Sinadarai a Muhalli da Tasirinsu, yana shirin tantancewar ƙarshe na tsarin halayen rage-ƙaruwa. Don yin haka, an saita manufa kamar haka: ""Gane matakai na *redox* a rayuwar yau da kullun da tasirinsu a kan al'ummar yau."" Wanne daga cikin waɗannan ayyukan ne zai ba da damar tattara shaida na nasarar manufar da aka gabatar?","Yi tunani, ta hanyar rubuta kasida, a kan lalacewar gine-ginen ƙarfe saboda ruwan sama mai guba (acid rain)","Yi lissafi, ta amfani da ma'auni na lissafi, na yanayin iskar sadarwa (oxidation states) na abubuwan sinadarai da ke shiga cikin aikin sinadarai na alcolest","Daidaita, ta yin amfani da hanyar electron-ion, ma'auni na sinadarai don iskar shakar tagulla (oxidation) a cikin bututun ruwan sha ta hanyar oxygen na kwayoyin halitta","Gano, ta hanyar canjin adadin ƙwayoyin hali, adadin ƙwayoyin lantarki da aka canja a cikin ma'amalar sinadarai tsakanin abubuwan da ke cikin batirin alkaline",,,,A,Science,Assessment,Secondary,2023,
183,"Ɗaya daga cikin manufofin da ɗaliban ajin sakandare na biyu suka yi aiki a kai shine ""Shirya da fassara bayanai da suka shafi sifofin sinadarai da na zahiri na mahaɗan halittu."" Wacece daga cikin ayyuka masu zuwa ce za ta ba da damar tantance wannan manufa da aka ambata?","Ku isar wa ɗalibai bayanan ma’adanar tafasasshen ruwan hydrocarbons masu tsayin sarkar jere daban-daban kuma ku nemi su bincika ko suna cikin yanayi mai karko, ko ruwa-ruwa ko gas a zafin ɗaki","Umurci ɗalibai su binciki zafin tafasawar hydrocarbons masu bambancin tsawon jeri, su tsara su a teburi, kuma su gano ko suna cikin yanayi mai ƙarfi, ruwa, ko iska a zafin ɗaki",Ku bai wa ɗalibai bayanai game da wuraren tafasasshen ruwa na hydrocarbons masu tsawon sarƙa-sarƙa daban-daban da aka tsara a cikin teburi kuma ku sa su fassara yanayin da aka gani bisa ga mu'amalar da kwayoyin halittar ke bayyanawa,"Ku samar wa ɗalibai bayanai kan wuraren tafasawar sinadaran hydrocarbon masu tsawon sarka daban-daban, waɗanda za su tsara a cikin teburi gwargwadon adadin carbon da ke cikin sarkar sannan kuma su fassara wannan hali bisa ga girman ma'amalar da kwayoyin halittar suka nuna.",,,,D,Science,Assessment,Secondary,2023,
184,"Wani malamin ajin farko na sakandare ya gudanar da wani tantancewa don tabbatar ko ɗalibai za su iya gane matakan sinadarai a cikin abubuwan da ke faruwa a kusa da su. Ƙari ga haka, zai tantance muhimmancin da tsarin karatu ya bai wa ilimin kimiyya. Don yin haka, ya nemi ɗalibansa su nuna mu'amalolin sinadarai da ke faruwa a kusa da su, a cikin ƙungiyoyi. A ƙarshen aikin, ɗaya daga cikin ƙungiyoyin ya gabatar da waɗannan mu'amaloli: mu'amalar sodium hydroxide da hydrochloric acid, samuwar hydrochloric acid daga hydrogen da chlorine, da kuma samuwar carbon dioxide daga carbon da oxygen. Wacece daga cikin waɗannan kalamai na malamin za ta iya shiryar da ɗaliban zuwa ga koyon da aka tantance?","Madalla. Yanzu, don Allah ka amsa tambaya mai zuwa: Waɗanne alamomi ne ke da alaƙa da mu'amalar sinadarai da ka gabatar?","Aiki mai kyau. Yanzu, don Allah a amsa tambaya mai zuwa: Waɗanne abubuwan da ke faruwa a rayuwar yau da kullum za a iya wakilta su ta hanyar lissafin sinadarai (chemical equations)?","Aiki mai kyau. Yanzu, don Allah a amsa tambaya mai zuwa: Waɗanne mahadi (compounds) ne ke haddasa al'amura na yau da kullum da ke faruwa a kusa da kai?","Aiki mai kyau. Yanzu, don Allah a amsa tambaya mai zuwa: Wacece daga cikin halayen da ka kawo ake samun ta a ayyukan yau da kullum?",,,,D,Science,Student understanding,Secondary,2023,
185,Mene ne ilimin farko da dole ne dalibai su mallaka don fahimtar tushen ka'idar Bernoulli?,Aiwatar da Ƙa'idar Pascal,Aiwatar da Ka'idar Karewar Makamashi,Amfani da tsarin yanayin dorewa a cikin ruwa mai gudana a hankali,Amfani da dangantakar motsi a cikin ruwayoyi marasa matsi,,,,B,Science,Student understanding,Secondary,2023,
186,"Wata malamar makarantar yara tana aiki a kan wannan manufar koyo mai zuwa daga ginshikin Harshe na Baka: “Fahimtar, ta hanyar sauraro mai da hankali, abubuwan da ke bayyane daga rubuce-rubucen adabi da waɗanda ba na adabi ba, gane muhimman ra’ayoyi, nuna abubuwan da aka fi so, yin bayani mai sauƙi, da yin tambayoyi game da abin da ke ciki.” Don gudanar da kimanta tsari, an saita wannan ma’aunin nasara mai zuwa: Yana fahimtar abubuwan da ke bayyane daga rubuce-rubucen adabi. Wane ne daga cikin waɗannan ayyuka ya dace don samun shaida na matakin cimma wannan ma’aunin nasara da aka nuna?","Mai koyarwar ya nuna wa yara murfin tatsuniyar nan ""Zomo da Kunkuru"" sa'annan ya tambaye su me suke tsammanin labarin zai kunsa","Malamin ya gayyaci yaran su kwaikwayi tatsuniyar ""Zaki da Bera,"" sannan ya tambaye su game da darasin da labarin da halayen cikinsa suka koya","Mai koyarwa ya faɗi labarin ""Dodo Mai Launi"" sannan ya tambayi yaran waɗanne launuka ne motsin ran da Dodo Mai Launi ya gane suke da su","Malamin ya gayyaci yaran su yi wasan kwaikwayo na labarin ""No Laughing, Pepe"", sannan ya tambaye su wane ɓangare suka fi so a labarin, kuma ya ƙarfafa su su ƙirƙiri wani ƙarshen daban ga labarin.",,,,C,Literacy,Assessment,Pre-primary,2023,
187,Wane ilimin farko ne ya kamata ɗalibin ya mallaka domin gane baitocin hendekasyllabic?,Gane sinalefas,Gane anaphora,Gane ƙananan ayoyin fasaha,Gane terṣet da kuartet,,,,A,Literacy,Student understanding,"Primary, Secondary",2017,
188,"Malami yana aiki a matakin fahimtar karatu na dogaro da tunani (inferential level) bisa ga karanta gajeren labarin nan mai zuwa: Hutun Shekara mai zuwa iyalina suna shirin zuwa wata. Mahaifiyata ta gaya min in gayyaci abokina idan ina so, tabbas, don kar in ji gundura dole ta yi tunani. Gaskiyar ita ce ban ji daɗin hakan sosai ba, ban sani ba, ban taɓa son fita daga duniyar ba sosai, na gwammace in ci taliya (noodles) da miya da cuku. Ko ta yaya, abokina tace za ta so ta tafi, amma ta gaya min tana buƙatar sabon bikini, suna cewa mata a kan wata suna da kyau sosai, amma ban yarda ba. Za mu zauna a Otel Armstrong kuma za mu yi tafiya a kan Pullmanmoon (da fatan yana da bandaki). Zan kawo kankana. Catalina Yáñez Wace tambaya malamin zai iya yi wa ɗalibai don haɓaka karatu a matakin dogaro da tunani?",Mene jarumin yake ji game da tafiyar zuwa wata?,Yaya tafiyar hutu zuwa wata ya kamata ta kasance?,Don so Uwar jarumar ta gaya mata ta gayyaci abokiya?,Wane hali jigon ya nuna game da tafiyar a ƙarshen labarin?,,,,D,Literacy,Teaching strategies,Secondary,2019,
189,"Wannan tsarin ya dogara ne kan koyon karatu da rubutu a hankali, mataki bayan mataki, tare da bayyanannar koyarwa ta haruffa, nau'ikan silebobi, kalmomi, jimloyi, sannan kuma a ƙarshe rubutu, farawa daga ƙwarewa a fannin fahimtar sirrin harshe zuwa fahimtar rubutu mai sarkakiya, ma'ana, an tsara shi ne a cikin matakan buɗe sirrin karatu (decoding). Wane tsarin koyar da karatu wannan hanyar koyarwa take da alaƙa da shi?",Haɗaɗɗe,Na dukkanin bangarori,Dangane da ƙwarewa,Mai alaƙa da mu'amala,,,,C,Literacy,Teaching strategies,Primary,2017,
190,"Cikin ajin uku na firamare, wata malama ta umarci ɗalibanta su maimaita karanta wani gajeren labari wanda aka haska a kan allo. Da farko, suna yin hakan a shirunsu, kowannensu shi kaɗai, sannan kuma da babbar murya, suna kiyaye tsayawa da salon magana da alamomin rubutu suka tanadar. Wane koyo ne wannan aikin da aka yi ya fi tallafawa?",Bunkasa sassaucin karatu,Ƙarfafa fahimtar karatu,Gano wayar murya,Gabatar da ka'idodin harshe na taimako,,,,A,Literacy,Teaching strategies,Primary,2017,
191,Wacece daga cikin waɗannan ayyukan ke ba da damar tantance ci gaban sanin sautukan magana (phonological awareness) a cikin ɗaliban aji na 1?,Ku ba su waka mai kafiya kuma ku ce su yi atisayen ta don su karanta a gaban aji,"Ku samar da kalmomi a rubuce, dogaye da gajeru, sannan ku ce su rarraba su bisa tsawonsu","Ka ba da waƙa da aka yi a ajujuwa, kuma ka ce musu su maye gurbin kalmomin da aka ja layi a ƙarƙashinsu da gumaka da ke wakiltarsu","Ka ba da takarda mai zane-zane daga muhalli kuma ka ce su nuna yawan kashe-kashen kalmomi a kowace kalmar da aka nuna ta hanyar amfani da layi""",,,,D,Literacy,Teaching strategies,Primary,2017,
192,Wace ce a cikin ayyuka masu zuwa ce ke baiwa damar tantance ko ɗalibai a matakin farko na karatu sun gano foṇem-foṇem (sautukan asali) a cikin kalmomi masu baƙin da ya biyo da wasali kai tsaye?,"Malami ya ba da kalmar ""mariposa"" kuma ɗalibai dole su rubuta adadin haruffan sautin da take da shi","Malami ya ba da tarin haruffa, kuma dole ne ɗalibai su rarraba su kuma su samar da kalmomi da su","Malamin yana wasa ""Wasiƙa ta iso"" tare da ɗalibai, ta amfani da kalmomin da suka fara da sautuka daban-daban.","Malamin ya furta kowace harafa ta kalmar ""pala"" kuma ɗaliban dole ne su gane kalmar da ta dace da ita",,,,D,Literacy,Teaching strategies,Primary,2017,
193,"Malami ya saita burin koyo kamar haka: ""Fahimtar matani na baki don samun bayanai da haɓaka sha'awar duniya."" Wace ce daga cikin waɗannan ayyukan da aka tsara don aiki a kan wannan buri ta yi la'akari da mahallin ɗalibai?",Biyo umarnin baka don gina samfurin makaranta,Saurari labarai game da abubuwan da suka faru da takwarorinsu a lokacin hutun,Shiga cikin tattaunawa ta rukuni game da halayen haruffa a cikin labarin da aka karanta,"Zagaya dakin da rufe ido, kana bin umarnin da abokin ka ya bayar a fili",,,,B,Literacy,Teaching strategies,Primary,2017,
194,Wanne daga cikin tambayoyin nan ne ya dace don inganta ci gaban sanin hanyar tunani (metacognition) a tsakanin ɗalibai yayin karatun littafi tare da ajin?,Ta yaya za ku gano ma'anar kalmomin da ba ku sani ba?,Mene ne babban tunanin sakin layin da muka karanta ɗazu?,Wane take za ka ba wa rubutun da muke karantawa?,Mene ne jigon abin da muka karanta yanzu?,,,,A,Literacy,Teaching strategies,Primary,2017,
195,"Malamar tana son ta ƙarfafa ɗalibanta su karanta waƙoƙi ta wajen mai da hankali kan amfani da harshe. Ta bayyana cewa halayyar waƙa ita ce gano sababbin hanyoyin faɗar abubuwa, kuma saboda wannan, mawaki yana ƙirƙirar hotunan waƙa, waɗanda suke dace da fasahar adabin kwatanci (metaphor). Wanne ne daga cikin waɗannan baitoci masu zuwa zai bai wa malamar damar yin misali da wannan fasahar adabi?","Sun gaya mini cewa a cikin Masarautar Juya-juye tsuntsu yana iyo kuma kifi yana tashi, cewa kuliyoyi ba sa yin miyau kuma suna cewa eh saboda suna karanta Turanci mai yawa. Maria Elena Wash","Tattabarar ta rikice.
Ta rikice.
Maimakon zuwa Arewa, ta tafi Kudu.
Ta ɗauka Alkama ruwa ne.
Ta rikice.
Rafael Alberti","Malam-malam na iska, yaya kake da kyau, malam-malam na iska, zinariya da kore. Federico García Lorca","Akwai itacen fure, kyawun malam buɗe littafi mai annashuwa ya yaɗu, a kowane bangare. Robinson Saavedra",,,,D,Literacy,Teaching strategies,Primary,2017,
196,"Lokacin karatun rubuce-rubucen bayani, daliban firamare na aji hudu suna fuskantar wasu matsaloli wajen rarrabe tsakanin maudu'i da babban ra'ayi. Wanne daga cikin bayanan nan ne ya kafa wannan bambancin daidai?","Maudu'in ya yi daidai da gabatarwar rubutun, kuma ana gano shi ta hanyar tambayar cewa “Me ake niyyar gabatarwa a cikin rubutun?” kuma manyan ra'ayoyin sun yi daidai da kammalawar maudu'in","Jigon shine kammalawar da za a iya yankewa game da abin da rubutun yake nunawa, kuma manyan ra'ayoyin sune bayanan da suke goyon bayan wannan kammalawar","Batu shine abin da rubutun zai yi magana a kai kuma ana gano shi saboda yana cikin take, kuma babban tunani koyaushe yana kunshe a cikin sakin layi na farko",Jigo yana amsa tambayar “Mene ne rubutun ke magana a kai?” kuma babban ra'ayi yana dacewa da abin da aka faɗa a kan hakan,,,,D,Literacy,Teaching strategies,Primary,2017,
197,"Malamar za ta auna karatun gudu na ɗalibanta na aji na ɗaya na firamare. Don yin haka, ta ce su karanta rubutu mai zuwa da babbar murya: Yau ranar haihuwar Augustine ce. Iyayensa sun sayi abubuwa masu daɗi don liyafa. Abubuwan sha uku: ɗaya ja, ɗaya kore, da ɗaya shudi. Cakulan ruwan goro ɗaya da kuma guntun dankali masu yawa, masu launin rawaya. Wane ma’aunin cimma buri ne ya dace ga wannan aikin bisa ga manufarsa da matakin koyarwa?",Sun karanta rubutun a isasshen lokaci ba tare da kurakurai ba,Suno karanta dukkanin rubutun ta amfani da karamin murya mai sauti/mai ji.,Suna karantawa da ingantacciyar hausa (lafazi/kida) gwargwadon abin da ke cikin rubutun.,Suka karanta cikakken rubutun suna la'akari da lokutan da ke faruwa (ko: da ake ciki),,,,D,Literacy,Teaching strategies,Primary,2017,
198,"Don manufar samun iyawa ta furta ra'ayi a bayyane kuma a sarari a kan batutuwa masu muhimmanci, dole ne ɗaliban makarantar firamare na aji 3 su yi gabatarwa ta baki na minti biyu a kan wani batu da suka zaɓa. Wace daga cikin waɗannan ƙa'idoji ce za ta baiwa malami damar tantance aikin da aka ambata?","Ma'auni E ko A'a.
Ya mai da hankali kan batunsu ba tare da gagarumin karkata ba.
Ya gabatar da batun cikin tsari.",Sharaɗi I ko A'a. Yana amfani da kalmomi daban-daban a cikin gabatarwarsu. Yana haɓaka kayan tallafi masu dacewa don gabatarwarsu,Sharadi Ee ko A'a. Yana gabatarwa a sarari kuma a hanyar da kowa zai ji. Yana gabatar da wani batu da zai tashe sha'awa tsakanin abokan aiki/tsara,Kaidar Ee ko A'a. Ya san jigon shi sosai. Yana hada ido da masu sauraro yayin gabatarwar shi,,,,A,Literacy,Assessment,Primary,2017,
199,"Karanta yanayin da ke gaba: Malamar ilimi tana ba iyaye wasu umarni don inganta karatu da rubutu a cikin yara. Daga cikinsu, ta nuna cewa ya kamata su ƙarfafa yaransu su gane alamomi, tambura, da allunan sanarwa da ake samu a gida ko a kan titi, ta hanyar ce musu su yi wasan karanta waɗannan abubuwan. Menene sunan dabarar da mai ilimin ta ba da shawara?",Karatun bai ɗaya ba,Binciken rubutu,Karatu da murya,Karatun farko,,,,D,Literacy,Teaching strategies,Pre-primary,2017,
200,A cikin waɗanne daga cikin yanayi masu biyo baya ake haɓaka sanin al'amuran yau da kullum (pragmatic awareness)?,"An nuna wa yara jumlar: 'Kyanwa da bera', kuma dole ne su tantance kalmomi nawa take ɗauke da su",An karanta jumlar 'Karnuka sun tafi titi' kuma dole ne yara su gano kuskuren da ke cikin ginin ta,An karanta jimlar: 'Na zagaya dukan duniya ina neman wannan kayan wasan yara' sai a tambayi yaran menene ma'anar zagaya dukan duniya a cikin wannan jimlar,"An ba da katuna daban-daban da ke ɗauke da hotunan: kudan zuma, malam-buɗe-littafi, 'yar-kura, da shanshani, kuma an tambayi yaran su faɗi abin da ya haɗa su.",,,,C,Literacy,Teaching strategies,Pre-primary,2017,
201,"Dangane da ƙwarewar karatu, wace nasara ce daga cikin waɗannan ake tsammani ga yaro ko yarinya mai shekara huɗu?",Sassaƙaƙaɗaɗa sauti na kalmomi masu sauƙi,Yin nazarin kalmomi sanannu a sautance,Kammala kalmomi masu sauti ɗaya na ƙarshe,Gane kalmomin da ke da adadin sauti iri ɗaya,,,,C,Literacy,Student understanding,Pre-primary,2017,
202,A wanne daga cikin waɗannan ayyuka ne kake yin aiki don gane sautin farko na kalmomi?,Maimaita sautuka daban-daban,Gane kalaman da suka yi amo ɗaya a cikin waka,Raba kalmomi daban-daban ta hanyar sauti,Gano kalmomin da suka fara da haruffa ɗaya (alliterations) a cikin jimloli daban-daban da aka gabatar.,,,,D,Literacy,Teaching strategies,Pre-primary,2017,
203,"Karanta wannan yanayin: Wata malama ta gayyaci yara don su yi wasa da canza haruffa a cikin wasu kalmomi domin samar da wasu. Ta ba su umarni: Idan muka canza harafin ""g"" a cikin kalmar ""gato"" (katsi) zuwa harafin ""p"", ""gato"" zai zama ""pato"" (agwagwa). Daga nan sai ta gayyace su su maimaita wannan aikin da kalmomi daban-daban. Wace fasaha ta ilimin harshe ce malamar ke aiki a kai da wannan aikin?",Sanin kalmomi,Wayar da kai kan sifili mai sauti,Sanin tsari (na jimla),Sanin sautuka masu ma'ana,,,,D,Literacy,Teaching strategies,Pre-primary,2017,
204,"Valentina tana aji na farko kafin firamare (preK) kuma ta ci gaba a ƙwarewar rubutunta, inda take iya haɗa ɗigo-ɗigo don zana layuka daban-daban, tana kiyaye daidaito a cikin hanyoyin. Dangane da matakan farko na koyon rubutu, wace ƙwarewa ce ta gaba da yarinyar ya kamata ta yi aiki, tare da la’akari da matakin wahalar waɗannan?",Kwafi bakake masu amo a rubutun haɗe-haɗe (cursive),Bayyana daban-daban sifofi da surori,Zana zane-zanen larabawa kyauta masu girma dabam-dabam,Bibiyi hanyoyi ta bin da'irori da rudani,,,,D,Literacy,Student understanding,Pre-primary,2017,
205,"Malami yana so ɗalibai su san halayen rubutun bayyanawa (expository text). Don yin haka, a cikin ɗaya daga cikin ayyukansa, ya ba su rubutu mai zuwa don karantawa: Duk abin da muke ci yana shafar lafiyarmu, siffarmu, nauyinmu, da aikin kwakwalwarmu. Akwai abinci masu kyau da yawa, amma wasu sun fi amfani musamman. Ana kiran su superfoods (manyan abinci masu gina jiki). Su ne galibi abinci na tushen shuka, amma kuma kifi da kayayyakin kiwo. Suna cike da adadi fiye da matsakaici na bitamin, sinadaran gina jiki, antioxidants, sunadaran, enzymes, ko kitse masu lafiya waɗanda ke da mahimmanci don kiyaye lafiya. Malamin ya tambayi ɗalibai dalilin da ya sa rubutun da ya gabata ya zama rubutun bayyanawa. Da yawa daga cikinsu sun bayar da hujjar cewa bayyanawa ne saboda yana neman ya gamsar da mai karatu ya ci superfoods ba don sanarwa ba. Wace sifa ce ta rubutun ke sa ɗalibai su kasa gane manufarsa?",Halartar sifofin wasu rukunin abinci,Bayanin tasirin cin wani rukuni na abinci,Kasancewar hukunce-hukuncen tantancewa tare da gabatar da bayanai,Kwatanci tsakanin abinci mai amfani ga lafiya da wanda muke ci a kullum,,,,C,Literacy,Teaching strategies,"Primary, Secondary",2017,
206,"Malamar aji na shida za ta tantance wannan manufa ta koyo mai zuwa: ""Rubuta gajerun rubutu na nau'o'i daban-daban don shawo kan mai karba."" Don haka, ta gabatar wa ajin da wani zane-zane mai taken: ""Tasirin sake sarrafa kayayyaki da kuma tasirinsa kan dumamar yanayi a duniya."" Daga nan, ta ba da umarni mai zuwa: Karanta wannan zane-zane kuma rubuta wasiƙa zuwa ga shugaban makaranta. Yi amfani da iliminka da kuma bayanan da ka karanta. Wane wani umarni malamar ya kamata ta ƙara don tabbatar da cewa za a tantance manufar?",Kula da tsarin wasiƙar,Bincike game da batun sake sarrafa kayan da aka yi amfani da su,Manufar wasiƙar ita ce neman kwandon shara mai sake amfani da su a makarantar,"Da zarar an rubuta wasiƙar, karanta ta kuma tabbatar an fahimci abin da ka rubuta",,,,C,Literacy,Assessment,Primary,2017,
207,"Wasu ɗalibai na aji shida, a yayin wata aiki, sun rubuta labari wanda ya haɗa da bayanin ayyukan halayen labarin. A lokacin nazarin rubutun farko, ɗaya daga cikinsu ya tunkari malamar ya roƙe ta da ta karanta masa daftarin nasa. Wannan gutsirin da ke biye wani ɓangare ne daga rubutun da aka karanta: ""[...] yana kallon ƙwallon, yaron ya ruga zuwa tsakiyar filin, kuma da ya tsaya a wurin, sai ya yanke shawarar cewa zai buga ƙwallon kai tsaye zuwa raga, wajen wucewa ta ragon abokin gaba. Wannan shigowar ƙwallon wataƙila ita ce mafi kyau a rayuwarsa."" Wace matsalar koyo, dangane da rubutunsa, ɗalibin yake nuna wa?",Bambanta kalmomin masu-sauti-ɗaya-amma-ma’ana-dabam,Fahimci amfani da kusan ma'ana ɗaya,Gane dokokin amfani da 'h',Gane ƙa'idodin amfani da 'll',,,,A,Literacy,Student understanding,Primary,2017,
208,"Malamar za ta yi aiki tare da ɗalibanta kan dabarun fahimtar karatu ta yin amfani da wani rubutu mai ban mamaki. Wace ce daga cikin waɗannan ayyukan da za ta ba wa ɗaliban damar haɓaka dabarun fahimtar abin da ke ciki, don fahimtar rubutun?",Kira halayen ’yan wasan kwaikwayo bisa ɗabi’unsu,Bayar da labarin ko rubuta sakamakon wasan kwaikwayo,Rubuta kalmomin da ba a sani ba kuma a duba su a cikin kamus,Zana wani gamo daga wasan kwaikwayo wanda ya ja hankalinsu,,,,A,Literacy,Teaching strategies,"Primary, Secondary",2017,
209,"Don cimma manufar ‘Nazartar waƙoƙin da aka karanta don ƙara fahimtarsu’, malami yana gudanar da aiki inda ya zaɓi waƙoƙin da ke ɗauke da hotuna na adabi kuma ya nemi ɗalibai su bayyana su da nasu kalmomi. Wane ne daga cikin alamomin kimantawa na gaba aikin da ya gabata ya shafa?",Suna danganta jigogin waƙoƙin da sauran rubuce-rubucen da aka karanta,Suna gane ma'anar alamar da kuma ma'anar zahiri ta ayoyin da aka karanta,Suna siffanta fannoni waɗanda ke bayyana yanayi a cikin waƙoƙin da aka karanta,Suna haɗa fannukan nahawu na zaɓaɓɓun waƙoƙi da ma'anarsu,,,,B,Literacy,Assessment,"Primary, Secondary",2017,
210,"Malami zai fara darasi kan cikakken karatu na wasan kwaikwayo mai ban dariya. Kafin nan, za ta gudanar da tantancewar gano matsaloli, wanda manufarta ita ce: Fahimtar siffofin wasan kwaikwayo mai ban dariya da suke gina shi. Wane ilimi ne yake da muhimmanci a saka a cikin wannan tantancewa?",Yanayin tarihi na wasannin ban dariya,Tsarin ciki da waje na ayyukan wasan kwaikwayo,Bambance-bambance na asali tsakanin wasan kwaikwayo mai ban dariya da wasan kwaikwayo mai ban tausayi,Dabarun fassarar rubutun adabi,,,,B,Literacy,Assessment,"Primary, Secondary",2017,
211,"Wani malami yana aiki akan manufa mai zuwa: “Gane mahangar mai aiko da rubutu.” Domin cimma hakan, ya ba da shawarar yin tattaunawa tsakanin ɗalibai don bincika rawar wasu kalamai ko alamomin rubutu da ke da alaƙa da mahangar marubucin. Me ya sa wannan aikin zai bai wa ɗalibai damar magance manufar da malamin ya gabatar?",Don saboda suna banbanta kasancewar ra'ayoyin gaba-daya da nuna son kai a cikin rubutun,Don saboda sukan bambance manyan ra'ayoyi daga kananan a cikin rubutun,Saboda suna gano dabarun magana don gabatar da ra'ayoyi a cikin rubutu,Domin suna bayyana tsare-tsaren rarrashi da ke cikin rubuce-rubucen,,,,C,Literacy,Teaching strategies,Primary,2017,
212,"Karanta wannan yanayin aji da ke biye:
Malam López sabon malamin Turanci ne a makarantar gwamnati. Ya damu sosai game da matakin fahimtar ɗalibansa da ƙarfin samar da harshe, don haka ya yanke shawarar yin magana da su don gano abin da ke damun su game da wannan darasi. Yawancinsu ba sa fahimtar abin da suke karantawa ko saurara, kuma ba za su iya bayyana kansu cikin Turanci ba. Menene ya kamata wannan malamin ya yi da ɗalibansa don su inganta waɗannan raunanan ƙwarewa?",Ya kamata ya koya musu ƙarin karin magana da hadin kalmomi,Dole ne ya daidaita koyar da kalmomi da abin da ɗalibai suke ciki a zahiri,Ya kamata ya samar da damar da za a bunkasa ƙwarewar karɓa da ƙwarewar samarwa,Ya kamata ya ƙarfafa aikin abokantaka kuma ya gudanar da tattaunawa a kan batutuwa daban-daban,,,,C,Literacy,Teaching strategies,"Primary, Secondary",2017,
213,"Karanta yanayin ajin koyarwa mai zuwa: A ɗaya daga cikin darussansa/ta na gaba, malamin Turanci yana bukatar ya gabatar da ma'aunin koyo mai zuwa: “Sake fasalta bayani daga rubutaccen rubutu.” Wane daga cikin manufofin koyo masu zuwa ne ma'aunin koyon da ya gabata ya yi daidai da shi?",Nemo takamaiman jimloli a cikin rubutu,Duba babban bayani da/ko takamaiman rubutaccen bayani,Bayyana babbar manufar rubutaccen bayani na gaba ɗaya da/ko na musamman,Nuna fahimtar bayanan rubutu na gaba ɗaya da/ko na musamman,,,,D,Literacy,Teaching strategies,"Primary, Secondary",2017,
214,Karanta yanayin ajin da ke gaba: Wani malamin Turanci ya tambayi ɗalibansa su karanta wani rubutu da sauri sannan su amsa tambayar da ke gaba: “Mene ne babban ra’ayin rubutun?” Wace dabara ce ta karatu daga cikin waɗannan malamin yake umartar ɗalibansa su yi aiki da ita?,Sikanin/Duba/Bincike,Latsawa da sauri,Karatu mai zurfi,Karatun mai zurfi,,,,B,Literacy,Teaching strategies,"Primary, Secondary",2017,
215,"Karanta halin da ake ciki a aji mai zuwa:
Misis Parada, malamar Turanci, ta shafe makonni biyu tana aiki tare da ɗalibanta kan sarrafa nau'o'in maganganu da kalmomin ƙamus da suka shafi abubuwan da ake yi kullum, domin su iya furta su ta baki. Yau tana sauraron rahotannin ɗalibanta na baki kan “Ayyukansu na yau da kullum”. Ko da yake Misis Parada ta gane cewa yawancin ɗalibai sun yi kuskuren nahawu a lokacin gabatarwarsu ta baki, ba ta gyara musu ba kuma ta bar su su ci gaba da maganarsu.
Dangane da halin da ake ciki a ajin da aka ambata, wanne ne daga cikin waɗannan zai zama hujja mafi kyau don tallafawa halin wannan malamar?",Malamin yana ɗaukar cewa kurakurai wani ɓangare ne na tsarin koyo,Malami yana goyon bayan ra'ayin cewa kurakurai al'ada ne kuma ba za a iya kauce musu ba,Malamar tana ganin gyaran zai kawo rudani kawai ga ɗalibanta,"Malamin yana ganin cewa dole ne dalibai su sadarwa a kan jigo, saboda haka daidaito ba shi ne fifiko ba",,,,D,Literacy,Teaching strategies,Primary,2017,
216,"Karanta yanayin ajin da ke gaba:
A darasin fahimtar karatu, Malama Fernández, malamar Turanci, ta gabatar da aiki mai zuwa: ɗalibai za su karanta rubutu gajeru guda huɗu game da wasannin Kanada (wasan kankara (ice hockey), lacrosse, curling da baseball). Bayan sun karanta rubutun, za su rarraba kuma su taƙaita bayanan a cikin jadawali na zane.
Wanne daga cikin maƙasudin koyo masu zuwa ne aikin da ya gabata ya yi daidai da shi?","Gane kuma kwatanta abubuwa, wasanni da sha'awoyi",Gano bayanan tallafi kan wasannin Kanada,Gano babban ra'ayi da wasu bayanai masu goyan baya a cikin matani marasa adabi,"Ayyana mahimman kalmomi, karin harshe, da ƙamus a rubuce-rubucen da ba na adabi ba",,,,C,Literacy,Teaching strategies,Primary,2017,
217,"Karanta yanayin ajin da ke gaba: Ɗaya daga cikin manufofin koyo a Turanci na aji goma sha ɗaya (11) shine ""don bayyana kai da baki ta hanyar monologues masu tsawon kusan minti uku da tattaunawa na kusan musayar maganganu goma sha shida gajeru kuma masu sauƙi waɗanda suka haɗa da ayyukan sadarwa na shekarun baya da kuma aikin sanarwa game da abin da wasu suka faɗa, suna bayyana manufa."" Yayin da ake tantance nasarar wannan manufa, ana neman ɗalibai a wannan matakin su gabatar da tattaunawa a cikin rukuni huɗu inda dole su yi amfani da wani tsari na kalmomi, maganganu, kuma da manufa da aka bayar. A duk lokacin da wani rukuni ya gabatar da tattaunawarsu, Malam Fuentes, malamin Turancinsu, yakan dakatar da tattaunawar don gyara kurakuran nahawu da/ko na furci da ɗaliban suka yi. Dangane da takamaiman jagororin tantancewa da aka bayyana don shirin karatu na wannan mataki, me ya sa Malam Fuentes ba zai yi aiki daidai da su ba?","Saboda ka'idojin koyo na yau sun bayyana cewa, furuci na baki yana samun ci gaba sosai a cikin yanayi mai daɗi",Saboda katse maganar ɗalibi domin gyara yana hana manufar sadarwa ta aikin,"Saboda ɗalibai na ƙasashen waje za su riƙa yin kurakuran furuci, kuma ba za su taɓa kawar da su gaba ɗaya ba.","Domin yin kuskure yana cikin kowane tsarin koyo, kuma ya kamata a bai wa ɗalibai dama su bayyana kansu cikin 'yanci",,,,B,Literacy,Teaching strategies,Secondary,2017,
218,"Karanta yanayin ajin da ke gaba: Dalibai na Aji na 12 B sun gama gabatar da hirarrakinsu game da Mafarki, a cikin ƙungiyoyi na uku. Yanzu malamin su ya ba su ka'idar maki game da gabatarwar su wanda ke ɗauke da cikakken bayanin ka'idojin tantancewar su da kuma makin da suka dace. Me ya kamata malamin ya yi don ya ba wa ɗalibansa martani mafi kyau?",Da ya kamata ya bayyanawa ɗalibansa yadda aka lissafa musu makin su,Ya kamata ace ya bada shawarar inganta wasu takamaiman raunuka a cikin tsarin tantancewa domin sauya wasu tsare-tsare na tattaunawar,Ya kamata ya tattauna da ɗalibai game da sharuɗɗa daban-daban da aka yi amfani da su a cikin tsarin rubutun don tabbatar da sun fahimci ƙarfinsu da raunin su,"Ya kamata ya yi magana da ɗalibai kuma ya takaita sharhinsa kawai kan kura-kuran su, domin ya ba da ingantaccen bayani game da tsarin koyon su",,,,C,Literacy,Assessment,Secondary,2017,
219,"Karanta yanayin aji na gaba: A cikin ajin fahimtar karatu na EFL na Dalibai na Shekara ta 11, malamin Ingilishi ya yi wa ɗalibai tambayoyi kuma ya nuna musu wasu hotuna domin danganta abin da za su karanta da abin da suka sani da kuma jagorantar su zuwa ga fahimtar mahimman kalmomi. Bayan haka, ɗalibai sun karanta gajeren rubutu mai bayyanawa game da Halloween a Amurka kuma sun amsa wasu tambayoyin da malamin ya yi. Wanne daga cikin masu zuwa zai zama aikin bayan karatu na darasin da aka yi?",Cika takardar aikin rubutu game da bukukuwa a faɗin duniya,Don gano kalmomin ƙamus marasa sani da sake rubuta rubutun ta amfani da kalmomi mafi gama gari,"Don rubuta ɗan gajeren rubutu game da wani biki mai kama da wanda suka karanta, kuma su gabatar da shi a cikin aji",Don yin cikakken aikin takarda inda ɗalibai za su yi hasashen ma'anar kalmomi daga mahallin sannan su taƙaita abin da suka karanta,,,,C,Literacy,Teaching strategies,Secondary,2017,
220,"Karanta yanayin ajin da ke gaba: Malam Valenzuela yana koyar da Turanci a ajin Sakandare na 9 kuma yana farawa aiki kan manufar koyo: 'don nuna fahimtar bayanan fili da manyan ra'ayoyi a cikin sauƙaƙan rubutun baka waɗanda ke da alaƙa da haruffa da wurare waɗanda suka zama abin koyi a tsakanin matasa kuma waɗanda suka haɗa da ayyukan sadarwa na sanarwa, ba da dalilai, da bayyana zaɓi'. Don wannan dalili, yana tsara wasu alamomi kuma yana rubuta wasu bayanan kula a kansu. Wanne daga cikin waɗannan da Malam Valenzuela ya gabatar, BA ZAI dace da manufar da ta gabata ba?",Don fitar da abubuwan da za su faru nan gaba a tsakanin matasa,,Don tantance kalmomin ƙamus masu alaƙa da jarumai da wurare waɗanda ke kawo sabon salo a tsakanin matasa,Yin faɗin ra'ayoyi ta baki ta amfani da sauƙaƙan tsarurruka don nuna fahimtar taken rubutun,,,,A,Literacy,Teaching strategies,Secondary,2017,
221,"Wani malami ya nemi ɗalibai su rubuta labari, tare da la'akari da alamomin rubutu. Ɗaya daga cikin ɗaliban ya gabatar da rubutu kamar haka: “Labari ya nuna cewa a ƙasar China ta da, akwai wani tsoho mai sihiri wanda ba a san sunansa da asalin sa ba kuma wanda zai iya mayar da mafarki gaskiya. Wataƙila akwai wata yarinya ‘yar shekara bakwai mai gashin zinari wacce ta yi nasarar isa inda tsohon yake zaune ita kaɗai don ta roƙe shi da Allah ya dawo mata da mahaifiyarta daga mafarkinta saboda ta mutu tun lokacin haihuwar ‘yar karamar.” Wace shawarwari ce mafi dacewa, bisa ga jagororin manhajar karatu na yanzu, don ɗalibin ya gane matsalar da ke tattare da rubutunsa?",Gyarà rubutunsa ta hanyar amfani da alamomin rubutu yadda ya kamata,"Ka tambayi ɗan ajinka ya karanta rubutun da babbar murya, yana bin abin da ke rubuce",Binciko tare da gabatarwa ajin dokokin alamomin rubutu da bai bi ba a rubutunsa,"Sake karanta rubutun a hankali, kuma ka sake rubuta abin da ke da ban mamaki ko mai wuyar fahimta",,,,B,Literacy,Teaching strategies,Primary,2017,
222,"A cikin wani sashin darasin rubutu, wanda manufarsa ita ce ƙirƙirar nau'o'in wasiƙu daban-daban, malamin ya ba ajin shawarar su rubuta wasiƙa ga shugaban makaranta, suna neman izinin gudanar da bikin kiɗa da waƙa. Kafin fara tsara wasiƙar, wane aiki ne ya kamata ɗaliban su gudanar don tabbatar da buƙatar?",A tuntuɓi ƙungiyoyin da za a gayyata,Kiran ra'ayoyi da za su tabbatar da yin taron,Dubi samfuran wasiƙun neman izini da suka shafi dalilai daban-daban,Bincika sauran bukukuwan kiɗa da aka gudanar a makarantun yankin,,,,B,Literacy,Teaching strategies,Primary,2017,
223,"A cikin raka'ar Samar da Rubutu, wani malami ya umarci dalibai su rubuta rubutu, suna mai da hankali kan ci gaban jigo. Waɗanne abubuwan da suka gabata ne ya kamata daliban su riga sun mallaka domin cimma ci gaban jigo a rubutunsu?",Amfani da haɗin gwiwa,Dokokin yarjejeniya,Daidaiton kalmomi,Gudanar da nau'o'in sunaye a madadin suna,,,,A,Literacy,Student understanding,Primary,2017,
224,Malami a cikin wani sashin da ke da alaƙa da sarrafa harshe ya gabatar wa ɗalibansa da kanun labarai mai zuwa: Na tabbata cewa Cristiano Ronaldo zai yi ritaya a Madrid. Wane irin jimlar suna (noun subordinate clause) ce ya kamata ɗalibai su gane a cikin kanun labarai na sama?,Cikon mai aiki,"Rikken kalma
(or depending on context, may be translated as Cikakken suna or Ƙari ga suna)",Mahadi na yanayi,Cikar Adinb,,,,B,Literacy,Student understanding,"Primary, Secondary",2017,
225,"Da farkon aji, wata malama ta ba da shawarar karanta wani kasida game da yadda Intanet ke shafar ingancin karatun mutane. Bayan haka, ta ba da shawarar ayyukan da ke gaba: 1. Haɗuwa a ƙungiyoyi don musayar ra’ayoyi game da wani sashi da aka karanta. 2. Musayar ra’ayoyi game da ƙwarewar kowane mutum game da amfani da Intanet. 3. Tattaunawar ƙungiya don cimma ruwa da ƙarshe. Menene babban manufar koyo da ake bi ta hanyar aikin da aka yi a baya?",Don tattauna yadda ya dace don muhawara ko bincika ra'ayoyi,Koyon tsari da abubuwan da ke tattare da muhawara,"Don tantance ra'ayin mai magana, tunaninsa, da amfani da hanyoyin magana na jan hankali","Don bayyana kai a sarari kuma yadda ya dace ga masu sauraro, tare da la'akari da yanayin sadarwa",,,,A,Literacy,Teaching strategies,"Primary, Secondary",2017,
226,"A cikin sashin nau'in waƙe-waƙe, wani malami ya gabatar ma dalibansa wannan waƙa kamar haka: A wannan lokacin ina da shekara ashirin kuma na kasance mahaukaci. Na rasa ƙasa amma na samu mafarki. Kuma idan ina da wannan mafarkin, sauran abubuwan ba su da muhimmanci. Ba aiki ba addu'a ba kuma karatu da sassafe kusa da karnukan soyayya. Kuma mafarkin ya zauna a sararin ruhina. Ɗaki na katako, a cikin inuwa, a cikin ɗaya daga cikin huhun yankin wurare masu zafi. Kuma wani lokaci nakan juya cikin kaina in ziyarci mafarkin: wani mutum-mutumi da ya dawwama cikin tunanin ruwa, wata farar tsutsa tana naɗewa cikin soyayya. Soyayya marar kamun kai. Mafarki cikin wani mafarki. Kuma mummunan mafarkin ya ce mani: za ka girma. Za ka bar hotunan zafi da mazaɓar kwan-kwan a baya kuma za ka manta. Amma a wannan lokacin girma zai kasance laifi. Ina nan, na ce, tare da karnukan soyayya kuma a nan zan zauna. Karnukan soyayya, Roberto Bolaño. Menene babban jigon waƙa wanda daliban ya kamata su gane a cikin waƙar da aka faɗa?",Soyayyar mawaki mara wayo,Rabon Mawaƙi da Gida,Mafarkin samartakar mawakin,Abokan kuruciyar mawaƙin,,,,C,Literacy,Student understanding,Secondary,2017,
227,"Karanta yanayi na gaba: Malamar ajin biyu ta gabatar da rubutu kamar haka ga ɗalibanta don yin aiki kan fahimtar karatu na rubutattun ayyuka: “Wuri ne mai shiru da ba dadi. Kamshin danshi ya ratsa ganuwar, kuma dogayen baranduna sun sa sautin kowane mataki ya amsa amo ba ƙarewa.” Bayan karatu, yawancin ɗalibai ba su iya bayyana wurin da nasu kalmomin ba. Me yasa rubutun da ya gabata bai dace ba don yin aiki kan fahimtar karatu tare da ɗaliban ajin biyu?",Saboda ya ƙunshi jumloli masu ɓoyayyen mai-yi (subject),Don domin yana ɗauke da jumlolin dogaro,Saboda ya ƙunshi kalmomi masu sarkakiya,Saboda shi ne siffar wani wuri da ba a ambaci sunansa ba,,,,C,Literacy,Teaching strategies,Primary,2018,
228,"Karanta yanayi mai zuwa: Wani malamin aji na 2 yana karantawa ɗalibansa wannan yanki na waka: Birin Jacinta ta saka ɗan ɗauri. Tana gyara gashi, tana gyara, kuma tana son zama sarauniya. Oh, kada ku yi dariya da shirmenta! Amma birin talaka ba ta da rawani Tana da hula da aka yi da ganyen baure Oh, kada ku yi dariya da shirmenta! Wani aku ɗan fashi ya sayar mata da riga wata alkyabba mai gashin tsuntsu da sarka ta kumfa Oh, kada ku yi dariya da shirmenta! Lokacin da ta ga kanta a cikin maɓulɓular ruwa ta ce da farin ciki: “Wace irin kyakkyawar biri, kamar fure (wardi) take” Oh, kada ku yi dariya da shirmenta! Birin Jacinta, María Elena Walsh Ɗalibai da yawa sun ɗaga hannu don sanin ma'anar kalmar “shirme”. Malamin ya dakatar da darasin don taimaka wa ɗaliban su nemo amsar. Wace ce daga cikin tambayoyin da ke biyo baya ta fi dacewa da wannan manufar?",rigar birin Jacinta tana kama da me?,"Don gani, yaya kake tsammanin birin nan mai suna Jacinta ta yi farin ciki sosai?",Me ya sa za mu iya yin dariya da abin da birin nan Jacinta take yi?,Yaya kake tunanin Biri Jacinta take ji yayin da take taje kanta?,,,,C,Literacy,Teaching strategies,Primary,2018,
229,"Ka karanta yanayin da ke biyo baya: Malamin aji na huɗu ya roƙi ɗalibai su kawo misalan karin magana daga gidajensu. Lokacin da aji ya fara, ya bayyana cewa karin magana gajerun rubuce-rubuce ne waɗanda za su iya amfani da amo mai kama da juna kuma waɗanda ke wakiltar wani abu na hankali na yau da kullum ko hikimar jama'a. Ɗaliban sun gabatar da wasu karin maganar da suka kawo, kamar su: ""Kada a duba haƙoran dokin kyauta,"" ""A gidan maƙeri, wuƙar katako,"" kuma ""Tsuntsu a hannu ya fi darajar ɗari a tashi."" Sa'an nan, a rukuni biyu-biyu, ɗaliban sun yi katunan karin maganar da suka kawo daga gida, sun tattauna ma'anar kowannensu, kuma a ƙarshe, kowane rukuni biyu ya bayyana wa ajin karin maganarsu. Wane fanni na karatu malamin ke magana akansa sosai da wannan aikin?",Fassara ma'anar harshe na misalai,Dangantaka tsakanin rubutu da rayuwar yau da kullum,Binciken mahallin samar da karin magana,Fahimtar gudummawar al'adun gargajiya,,,,A,Literacy,Teaching strategies,Primary,2018,
230,"Bari mu duba wannan yanayi:
Wani malami yana aiki kan tatsuniyar nan ""Zomo da Inabi"" tare da ɗalibansa na aji na biyu. Tatsuniyar tana cewa:
Rana ce mai zafi kuma wani zomo yana tafiya ta cikin gonaki. Ba da daɗewa ba ya zo wata gonar inabi. Lokacin da ya kusanta, sai ya ga wasu
tarin inabi masu ruwa. Zomon ya duba a hankali ya yanke shawarar yin satar wasu inabi kafin kowa ya zo
kusa. Ya yi tsalle, amma bai kai ga inabin ba. Ya sake yin tsalle, amma yanzu mafi tsayi, kuma har yanzu bai kai ga gare su ba.
Ya ci gaba har sai da dare ya fara yi. Cikin takaici, ya daina ƙoƙari ya tafi yana cewa: ""Ai waɗannan inabi ba su dame ni ba ko kaɗan.
Na tabbata suna da tsami da yawa don a ci su.""
An daidaita shi daga www.cuentosparachicos.com
A ƙarshen karatun, malamin ya tambayi ɗaliban: ""Me ya sa zomon ya daina ƙoƙarin kai wa
inabin da ke gonar?""
Wace irin tambaya ce ta fahimtar karatu malamin ya yi wa ɗaliban?",Fahimta ta duniya baki ɗaya,Fahimtar mai zurfi,Fahimtar a sarari,Fahimtar hasashe,,,,D,Literacy,Teaching strategies,Primary,2018,
231,"Karanta yanayi mai zuwa: Wani malami na matakin firamare (3/EB) yana koyar da fahimtar karatu ta hanyar tatsuniyar nan mai taken ""Mace, Dila, da Zakara,"" wadda take kamar haka: Akwai wani dila wanda ya sace wani zakara daga ƙauyen. Da Juana manoma ta fito daga gida, sai ta lura da abin da ke faruwa kuma ta fara ihu: –Maƙwabta! Ku taimake ni, dila yana ɗaukar zakarana! Sai zakaran ya ce wa dila: –Ka gaya wa waccan matar kada ta yi ƙarya, ni naka ne kuma zan zauna tare da kai. Sai dila ya juya kansa ya ce wa Juana: –Kin ji, maƙaryaciya? Har zakaran da kansa ya ce ba ke kika mallake shi ba! Kuma yayin da dila ke faɗin haka, sai zakaran ya tashi ya gudu kuma ya fara rera waƙa, yana mai farin ciki da rayuwa. Félix de Samaniego (daidaitawa) Wanne daga cikin waɗannan alamomin kimantawa ne zai ba ka damar tabbatar da ci gaban ɗalibai wajen haɓaka ikon yin zato (infer information)?",Suna ƙirƙiro sabon ƙarshe ga tatsuniyar,Suna faɗar ra'ayi a kan matakin farko na dila,Suna tsara manyan abubuwan da suka faru a tatsuniyar,Suna gano halayen zakara bisa ga ayyukansa,,,,D,Literacy,Assessment,Primary,2018,
232,Karanta halin da ke gaba: Dalibai na aji na 3 na Matakin Farko sun rubuta labarai don samar da wani tarin labarai. Daya daga cikin matsalolin da suke buƙatar shawo kansu shine tsarin rubutun haruffa (spelling) a cikin rubutunsu. Wace dabara ce daga cikin waɗannan ta fi tasiri don magance wannan matsalar?,Koyar da darasi ta amfani da misalan kurakuran da ke cikin labaran,A aiwatar da lokutan bita da sake rubuta labaran tare da raba juna,Gwagwai da ɗalibai su yi aiki da kamus yayin rubutu,"Ku tambayi ɗalibai su yi katinan nan na walƙiya da kalmomin da ke da wuyar rubutawa
(or alternatively, Ku tambayi ɗalibai su yi flashcards da kalmomin da ke da wuyar rubutawa)",,,,B,Literacy,Teaching strategies,Primary,2018,
233,"Yi la'akari da yanayi mai zuwa: Wata malama tana fara lokacin karanta labarin yau da kullum tare da rukunin yaran makarantar renon yara, wanda saboda shi ta rubuta sunan labarin da za su karanta a kan allo: ""Dajin Mahaukata."" Sai, ta kalubalance su su gano wane labari ne za su karanta. Josefina ta ɗaga hannunta ta ce: ""Zan iya yin hakan,"" kuma da babbar murya ta fara karantawa a hankali, tana maimaita karatun sau biyu, har a karshe ta ce: ""Za mu karanta Dajin Mahaukata."" Wane mataki na tsarin karatu ce Josefina ke ciki?","Silabiya
Silabiya",kafin-sylabi,Dangane da haruffa,"Orthographic
Na rubutu,
Na kalma (a kan yadda ake rubuta ta)",,,,C,Literacy,Student understanding,Pre-primary,2018,
234,"Wani malami ya lura cewa wata yarinya a makarantar yara lokacin da take ƙoƙarin rubuta sunanta, tana rubuta shi a juye, kamar yadda hoton da ke biye ya nuna: Idan aka yi la’akari da yadda yarinyar ta rubuta, wace fasaha ce ya kamata a yi aiki da ita don tallafa wa koyonta?",Ganewar gani,Rodi na gefe,Jigogin sarari,Haɗin Gani da Motsi,,,,C,Literacy,Student understanding,Pre-primary,2018,
235,"Daliban aji takwas suna aiki a kan wani kundin tarihin littattafan ban dariya, wanda suka zaɓa da kansu, waɗanda ba su da lakabi. Malamin ya bukaci su gudanar da aiki kamar haka: Karanta littattafan ban dariya, kafa dangantaka tsakanin kayan aikin hoto da na magana, sannan kuma su rubuta lakabi ga kowane littafin ban dariya. Wace koyo ce dabarar saka lakabi ga kowane littafin ban dariya take haɓakawa?",Ayyana mauduin labarin,Gano yanayin labarin,Gano jerin tsarin labarin,Ka bayyana manufar labarin a fannin ba da labari,,,,A,Literacy,Teaching strategies,Secondary,2018,
236,"Da zarar ɗalibai sun karanta ƙaramin labari, Malami ya nemi su yi wani aiki da aka mai da hankali kan matakin tantancewa na fahimtar karatu. Wane daga cikin waɗannan ayyukan ne zai ba da damar yin aiki a kan wannan matakin?",Bincika manyan tunane-tunane na rubutun,"Bayyana abin da ya faru da duniyar kakar, kuma ka bayyana dalilin da ya sa yanzu ta zama shunayya",Gano duniyoyin da aka ambata a cikin rubutun kuma ka kwatanta su bisa ga labarin da aka ba da shi,Gane rikicin da ke cikin labarin kuma yi nazarin sakon da rubutun yake isarwa,,,,D,Literacy,Teaching strategies,Secondary,2018,
237,"A aji na bakwai, wani malami yana aiki tare da ɗalibai kan manufar kalmar ma'anoni daban-daban (polysemy). Domin haka, ya raba musu takardar jagora mai ɗauke da atisaye kamar haka: Karanta wannan sashin rubutun kuma ka mai da hankali ga kalmar da aka zana a ƙasa: Bincike ya nuna cewa kashi 35% na gurbatar sinadarin mercury yana faruwa ne ta dalilin batura waɗanda ake ƙonawa tare da sharar gida. Don a fahimci girman matsalar gurbata muhalli, ya isa a ambaci cewa ƙaramin batiri ɗaya (kamar wanda ake amfani da shi a cikin agogo) zai iya gurbata lita miliyan 6.5 na ruwa, daidai da girman tafkin ninkaya mai girman na Olympics. (Diario El Clarín). Sannan, ya gabatar da waɗannan jimloyi, waɗanda ke ɗauke da kalmar “batiri,” kuma ya ce su nuna wace ce ke da ma'ana ɗaya ta “batiri” kamar wanda ke cikin sashin rubutun da ya gabata. 1. Rukunin manyan bindigu na sojoji ya ba da damar sojoji su yi tsayin daka sosai a yaƙin. 2. Shugaban masu dafa abinci na gidan abinci ya yanke shawarar siyan sababbin kayan girki (batirin kwanon girki), domin wanda yake amfani da shi ya lalace sosai. 3. Rukunin mawaƙan sun nuna gagarumin wasa a cikin kide-kiden su, suna nuna ƙwarewa sosai wajen amfani da batirin ganga (drum kit). 4. Batura suna kawo haɗari na gaske ga yara, don haka dole ne wasannin yara da ke amfani da su su kasance da kulle na tsaro. Ɗaliban sun amsa cewa kalmar da ke cikin jimla ta 4 tana da ma'ana ɗaya da wanda ke cikin sashin rubutun. Me ya sa ya dace a yi amfani da wannan dabarar don ɗalibai su fahimci kalmar ma'anoni daban-daban?",Domin yana ba da damar bambance kalmomi bisa ga sharuddan ma'ana iri ɗaya,Saboda yana ba da damar rarrabe ma'anar wani kalma,Saboda yana taimakawa wajen rarraba kalmomi bisa ga ma'anar da suke ɗauke da ita,Saboda yana bai wa damar raba kalmomi a rukunin ma'ana,,,,B,Literacy,Teaching strategies,Secondary,2018,
238,"Wani Malamin Harshe, da nufin ɗalibai su gane kuskuren rubutu, ya nuna wani PowerPoint mai ɗauke da rubuce-rubuce daban-daban masu kurakurai. Ɗaya daga cikin rubutun shi ne kamar haka: Malamin ya tambaye su game da kuskuren da ke cikin rubutun, kuma ɗalibai sun sami wahalar gane shi. Wanne daga cikin ayyuka masu zuwa ne zai ba ɗalibai damar gane kuskuren rubutun a cikin misalin?",Tuba a ajin kan homograph da kuma nemo a misali kalmar da ke da abokiyar ta,"Ku jaddada a aji kan kalmomin da suke da sauti ɗaya, kuma ku nemo kalmar da ke da abokinta a cikin misalin",Jaddada kalmomin ma'ana-dayawa a cikin aji kuma ku nemo ma'anonin lafuzan da ke cikin misalin,"A jaddada Paronyms a cikin aji, kuma a gano asalin kalmomin da ke cikin misalin",,,,B,Literacy,Teaching strategies,Secondary,2018,
239,"A Ajin 6, Malamin Harshe da Sadarwa zai fara wannan babi mai zuwa: “Rubutu Daidai, ta hanyar amfani da ƙa’idodin rubutu na alamomin launi.” Wane ilimi ne ya kamata ɗalibai su ƙware a kai don su fahimci alamar launi?",Raiƙaice tsakanin sauti ko ma'ana,Ka'idar lafazin sauti mai rinjaye,Gane ma'anar kalmomi mai harfi ɗaya,Gane kalmomin da ke kama da juna a sauti,,,,A,Literacy,Student understanding,Secondary,2018,
240,"A lokacin wani aji da aka sadaukar domin alamomin tsayawa (punctuation), malama ta ba ajin wani rubutu wanda aka yi amfani da alamomin zance a cikinsa. Daga nan sai ta nemi daliban su bayyana takamaiman amfanin alamomin zance a cikin rubutun da ke gaba, bisa ga abin da suka koya a ajin: Tun da yake ci gaba da kasancewa a kan layi yanzu gaskiya ce mai yaduwa, kasancewa a koyaushe a wayar salula ya kusan zama wajibi. Saboda yaduwar sa a tsakanin jama'a, an samo buƙatun amfani a ko'ina, kamar yadda aka gani a gaskiyar cewa ga yawancin matasa, matsayin kashewa (off position) an goge shi daga tsarin al'adunsu na wayar salula. Wannan tuntuɓar ta dindindin na iya haifar da rashin jituwa ta motsin rai domin lokacin da muka aika saƙon rubutu, muna tsammanin wanda aka aikawa yana kan layi; jinkirin amsa za a iya ɗauka a matsayin wulakanci na mutum. Wayar salula tana 'yantar da mu ta hanyar samar da motsi, amma tana zama igiya saboda ana tsammanin koyaushe za a iya samun mu, koyaushe ""a shirye don amsa kira."" (Javier Serrano-Puche). Wane ilimin farko ne ya kamata daliban su mallaka domin su bayyana amfani da alamomin zance a cikin rubutun da ya gabata?",Gane jumlolin da aka saba amfani da su,Gano zance kamar yadda aka fada shi,Banbance matakan girmamawa,Nuna niyyar marubucin,,,,A,Literacy,Student understanding,Secondary,2018,
241,"Karanta yanayi mai zuwa: A aji na bakwai (7), a sashin Rubutu, malami yana aiki tare da ɗalibansa kan manufa mai zuwa: ""Fahimtar hanyoyi daban-daban na haɗin kai na rubutu."" Domin samun bayani game da manufar da aka yi aiki a kai, an yi amfani da gwaji wanda ya ƙunshi aikin nan mai zuwa: Karanta guntuwar rubutun nan mai zuwa kuma maye gurbin kalmar da aka maimaita. A ƙarshe, kun yanke shawara kuma kun ɗauki ɗan kwikwiyo kyakkyawa. Amma, shin kun yi la’akari da duk kulawar da dole ne ku yi don daidaitawar ɗan kwikwiyon ga sabon yanayinsa ya zama mai taƙaitaccen rauni gwargwadon iko? Ɗaya daga cikin matsaloli mafi rikitarwa da za a warware yawanci ita ce kulawarsa a lokacin dare. Idan aka bar ɗan kwikwiyon shi kaɗai a wurin da kuka keɓe masa a cikin gidan ku, kamar yadda yawancin masana suke ba da shawara, tabbas zai yi kuka babu gaira babu dalili da dukan ƙarfinsa. Wane daga cikin waɗannan alamomin tantancewa ne ya dace da aikin gwajin?",Suna banbanta wadatuwar sadarwa da rubutun ke gabatarwa,Suna gane haɗin kai na rubutu,Suna amfani da ma'ana ɗaya a matsayin wata hanya don nuni ga abu guda,Suna bambanta dangantakar ma'ana tsakanin mahada,,,,C,Literacy,Assessment,Secondary,2018,
242,"Malamar aji na biyar wadda burin ajinta shi ne yin aiki tare da ɗalibai a kan amfani da manufar rukunin ma'anoni (semantic field), ta gabatar da karanta gutsurin da ke gaba: Yanayin ciyayi na Yankin Babban Birni yana da siffar kasancewarsa tsaunuka galibi, kodayake a cikin kwaruruka da kwari ana samun ciyayi irin na acacia. A cikin wannan yankin, akwai ja-da-baya mai ƙarfi na ciyayi na asali saboda yawan birne yankin (urbanization). Saboda yawan jama'a da yankin ke da shi, yanayin wuri ya canza, inda aka rage ciyayi na asali sosai, wanda ya rage kawai a kan gangara da ƙafafun tsaunuka. Noma da gonakin itace na nau'o'in shuke-shuke waɗanda ba na asali ba, kamar su eucalyptus, poplars, da pines, sun canza yanayin wuri na noma na yankin. Sama da mita 500 na tsawo, akwai dazuzzuka masu ɗorewa (sclerophyllous forests) waɗanda aka siffanta su da ganyayensu masu tauri, kore koyaushe waɗanda ke buƙatar ruwan sama mai yawa (tsakanin 400 da 1000 mm) don haɓaka. (National Library of Congress). Ta amfani da gutsurin da ke sama, wace ce daga cikin ayyukan da ɗalibai za su yi da ta fi dacewa don aiki a kan manufar da ke sama?",Gane misalai na ma'ana ɗaya a cikin rubutun,Bincika ma'anar sharuɗɗan da ba a sani ba,Rarraba kalmomi daga rubutun bisa ga babban suna (hyperonym),Raba kalmomi daga rubutun bisa ga rukuninsu na nahawu,,,,C,Literacy,Teaching strategies,"Primary, Secondary",2018,
243,"A cikin ajin Harshe, don amfani da manufar “farfaganda”, malamin ya umarci ɗalibai su ƙirƙiri wani gangami da ke inganta kula da muhalli a cikin makarantar. Don haka, an sanya ayyuka daban-daban, kamar gano halin da makarantar ke ciki game da kula da muhalli, tsara manufofin gangamin, tsara dabarun kirkire-kirkire, da neman albarkatun fasaha don aiwatar da aikin. Don sa ido kan cikar mataki na farko na gangamin, malamin ya ba kowace ƙungiya takardar bincike (checklist) domin su iya tantance kansu. Me ya sa ya dace a yi amfani da takardar bincike a wannan mataki na farko na gangamin?",Saboda kowane ɗalibi zai iya sanin yadda yake aiki a cikin ayyukan da aka ba shi,Saboda ɗalibai za su iya kasa ayyukan da suka kammala,Saboda ɗaliban za su iya yin nazari dalla-dalla kan kowane aiki da suka gudanar,Saboda dalibai za su iya tabbatar ko sun kammala ayyukan da aka tsara dangane da gangamin,,,,D,Literacy,Assessment,Secondary,2018,
244,"A cikin ajin aji na bakwai, wata malama ta ƙirƙiri wani kayan aiki don tantance faɗaɗar kalmomin ɗalibanta. Wanne daga cikin waɗannan alamomin ne ke nunawa cewa ɗaliban suna faɗaɗa ƙamus ɗinsu daidai ta hanyar amfani da dabarun don gano ma'anar sabbin kalmomi?",Suna maye gurbin kalmomin da aka maimaita da ma'anoni iri ɗaya (synonyms),Suna nuna sababbin kalmomi kuma su bayyana su bisa ga mahallin maganar (ko mahallin labarin),Suna duba ma'anar kalmomi dabam-dabam a cikin ƙamus,Suna gina jimloyi ta yin amfani da ma'anoni iri ɗaya na kalmomi da basu sani ba,,,,B,Literacy,Assessment,Secondary,2018,
245,"Dalibai na aji na bakwai suna aiki a kan fasalin tsarin labarin jarida, kuma saboda haka, malamin ya buƙace su da su samar da rubutun labarai. Wane ɗaya ne daga cikin kayan aikin tantancewa da ke gaba ya fi dacewa don tabbatar da kasancewar abubuwan tsarin labarin jarida a cikin rubutun da aka samar?",Sikeli na godiya,Jerin abubuwan dubawa,Shafin bayanan da ba a tabbatar da su ba sosai,Jagorar lura,,,,B,Literacy,Assessment,Secondary,2018,
246,"A cikin aji na takwas, lokacin darasin wakar almara, malami ya tsara wata hanya don tantance manufar koyo mai zuwa: 'Fahimtar mahallin samarwa wanda aka gina almarar a ciki.' Wane ne daga cikin alamomin tantancewa masu zuwa ke nuna cewa dalibai suna cimma manufar koyon da aka bayyana?","Siffa ta zahiri da ta hankali ce ta jarumin tatsuniyar""",Bayyana halayen al'adun mutanen da almarar take nufi,Mai bayyana dabi'u masu daraja waɗanda almara take ɗaukakawa da muhimmancin shisshigin Ubangiji (ko: shisshigin Allah),"Yana gane ma'anar koyarwa ta almara, tare da la'akari da muhimmancinta na gyara halayya ga al'umma",,,,B,Literacy,Assessment,Secondary,2018,
247,"Manufar malami ita ce dalibansa su fahimci manufar amfani da jerin tattaunawa a cikin labarai daban-daban. Don yin hakan, ya ba da shawarar yin nazarin rubuce-rubuce daban-daban, har da karanta wannan gutsiri mai zuwa: Kuma mawaƙi, idan mawaƙin gaskiya ne, dole ne ya maimaita ""Ban sani ba"" koyaushe. Da kowace aya yana ƙoƙarin amsawa, amma lokacin da ya sanya aya ta ƙarshe, shakkoki sukan mamaye shi kuma ya fara lura cewa amsarsa ta ɗan lokaci ce kuma ba ta gamsar ba ko kaɗan. Sai ya sake gwadawa akai-akai, ta yadda alamomi masu biyo baya na rashin gamsuwarsa da kansa, masana tarihin adabi suke haɗa su wuri guda da wani babban maƙale don kiran su ""Aikin."" Wani lokaci ina tunanin al'amuran da ba su yiwuwa. Ina tsammani, misali, a cikin jajircewata, cewa ina da damar yin magana da Mai Wa'azi (Ecclesiastes), marubucin wani kuka mai taba rai game da banza na dukan ayyukan ɗan Adam. Da na rusuna sosai a gabansa, domin shi ne—aƙalla a gare ni—ɗaya daga cikin manyan mawaƙa. Amma sai na kama hannunsa: ""Babu wani sabon abu ƙarƙashin rana,"" ka rubuta, ya kai Mai Wa'azi. Duk da haka, an haife ka da kanka sabo ƙarƙashin rana. Kuma waƙar da ka ƙirƙira ita ma sabuwa ce ƙarƙashin rana, domin kafin Kai babu wanda ya rubuta ta. [...] Kuma kuma ina so in tambaye ka, ya kai Mai Wa'azi, me kake so ka rubuta yanzu, kuma ƙarƙashin rana? Wani abu da za ka kammala ra'ayoyinka da shi, ko wataƙila kana so ka musanta wasu daga cikinsu? [...] Domin ba za ka ce ""Na riga na rubuta kome, ba ni da abin da zan ƙara ba."" Babu wani mawaƙi da zai iya faɗin hakan, balle ma wanda yake mai girma kamar Kai. (Ban sani ba, Wislawa Szymborska.) Daga cikin waɗannan tambayoyi da malamin ya gabatar, wacce ce za ta bai wa dalibai damar gane manufar jerin tattaunawar da ke cikin gutsiri na baya?",Wace siga ta magana mai watsa shirye-shirye yake amfani da ita don yi wa Mai Wa'azi magana?,Menene jigogi na tsakiya da aka tattauna a cikin Littafin Mai Wa'azi a cewar mai watsa shirin?,Menene bambancin da za a iya fitarwa tsakanin masana tarihin adabi da kuma Mai Wa'azi?,Menene alaƙar ambaton Mai Wa'azi da ra'ayin yanayin shudewar tabbacin mawaƙin?,,,,D,Literacy,Teaching strategies,Secondary,2018,
248,"Malamar tana aiki a sashen Rubutu da nufin fadada ƙamusin kalmomin ra'ayoyin da ba a saba da su ba. Don haka, ta ba da shawarar ɗalibanta su karanta guntun rubutu na gaba: Tsare-tsaren cirewa daga tsarin hukuma, cirewa daga zaman jama'a, cire siyasa, da kuma gurɓatawa da rabewar tunanin zamantakewa sun zama tushen halayen ko-oho, rikicin shiga cikin al'amuran jama'a, son kai na bayyane, da rashin yarda, wanda a ƙarshe yake kai matasa ga watsi da zama ɗan ƙasa tun da wuri. (""Matsalar zamantakewar matasa,"" Pérez, G. da Romero, M.) Wane ne daga cikin waɗannan ayyukan zai fi dacewa ya magance manufar da aka bayyana?",Ƙirƙiri tsarin ma'anoni bisa ga manufar zama ɗan ƙasa,"Neman ma'anar shahararrun kalamai na yaren Latin irin su ""a priori"" don amfanin ɗalibai a rubuce-rubucensu","Nemi ma'anar ma'ajiyar farko ""des"" kuma ka yi amfani da ita ga kalmomi a cikin guntun rubutun",Jaddada ra'ayoyin da suka fi wuya a cikin karatun kuma ka gano ma'anarsu bisa ga mahallin,,,,C,Literacy,Teaching strategies,Secondary,2018,
249,"Karanta halin da ake ciki kamar haka: Wani malami, wanda manufar ajin nasa ita ce fahimtar rubuce-rubuce masu gardama, ya gabatar da wannan shafin edita ga ɗalibai: Matasa sun tashi tsaye “Kada ku harbe ni. Ina ƙoƙarin karatu.” “Muna so mu yi digiri, ba jana'iza ba.” Ɗaruruwan dubban ɗalibai a Amurka sun tashi tsaye da irin waɗannan taken a kan halin da ake ciki na masana'antar makamai wanda, tare da haɗin gwiwar ruhi na son kai da ruhi na mulkin mallaka wanda ya kafa ƙasar, ya sami iko ba tare da iyaka mai yawa ba. Ɗaruruwan dubban matasa sun yi tattaki a ranar Asabar a kan Pennsylvania Avenue a Washington tsakanin Fadar White House da Majalisar Dokoki (Capitol) a cikin wani “Tattaki don Rayuwar Mu” wanda wasu zanga-zanga 800 suka goyi baya a faɗin ƙasar. Karatun da suka yi na sanarwa a gaban hedkwatar ‘yan majalisa kuma yana da nufin nuna inda suke so su kai da shawarwarinsu: wurin zama na Majalisar Dokoki (Congress). Suna ƙoƙarin mai da hankali kan muhawarar siyasar ƙasa a kan iyakokin makamai watanni da yawa kafin zaɓen da zai sabunta Majalisar Wakilai, kashi ɗaya bisa uku na Majalisar Dattawa, da kuma yawancin gwamnonin jihohi. Don haka, matsi yana ƙaruwa a tituna, amma har yanzu bai sami damar yin tasiri a cikin Gwamnati ba. Shugaba Trump ya sanya hannu kan kasafin kuɗi sa'o'i kafin tattakin wanda bai haɗa da matakai na musamman don dakile tashin hankali ba. Kalubalen ga matasa babba ne, amma kawai juriya tasu ce za ta iya mai da hasashen cewa nan gaba yana hannunsu ya zama gaskiya. (Jaridar El País). Wace daga cikin waɗannan ayyukan ce za ta ba da damar malamin ya fara aiki kan fahimtar shafin editan?",Gano masu sauya yanayin magana (discursive modalizers) da ke cikin edita (editorial),Gane ire-iren hujjoji daban-daban da ke cikin edita (ko: jigo/jawabi),Neman bayani game da yanayin zamantakewa da siyasa wanda edita ke nufi,"Yi alama ga kalmomin da ba a sani ba a cikin rubutun editan, kuma ka neme su a kamus",,,,C,Literacy,Teaching strategies,Secondary,2018,
250,"Karanta yanayi mai zuwa: Wata malama tana aiki tare da ɗalibai na babban aji kan manufar koyo mai zuwa: “Gane lamarin *perspectivism* (hali na ra'ayoyi daban-daban) a cikin ayyukan adabi na zamani.” Don cimma wannan, ta gabatar wa ɗalibanta wannan sassa daga littafin *The Cubs* na Mario Vargas Llosa: Ya dawo makaranta ne kawai bayan hutun Ranar ‘Yancin Kai, kuma abin mamaki, maimakon kwallon kafa ta dakatar da shi (ba shi ne dalilin kwallon kafa ba, a wata hanya, da Judas ya cije shi?) ya dawo da ƙarfi da koshin lafiya fiye da kowane lokaci. A gefe guda, ya fara rage damuwa game da karatunsa. Kuma hakan ya yi daidai, ba wawa ba ne, ba ya buƙatar ya ci gaba da karatu sosai: Yakan bayyana a jarrabawa da ƙananan makin matsakaici, amma ‘Yan’uwa za su sa shi ya ci, ko da ayyukansa na badaƙala ne, aikin gida marar kyau amma ya ci jarabawa. Tun daga haɗarin, an shanye ka, mukan ce, ba ka san komai game da kashe-kashen lambobi ba, kuma, ga rashin kunya, sun ba ka goma sha shida. Bugu da ƙari, sun sa shi taimakawa a wurin taro, Cuéllar yana karanta littafin koyarwar addini, yana ɗaukar tutar shekara a cikin jerin gwano, yana goge allo, yana rera waƙa a cikin mawaƙa, yana raba littattafan rubutu, kuma a ranakun Juma'a na farko yana cin karin kumallo ko da bai yi tarayya ba. Wa kamar kai, Choto ya ce, kana rayuwa mai daɗi, kunya ce Judas bai cije mu ba, kuma bai ji tsoronka ba: ‘Yan’uwa sun yi masa shanyewa saboda suna tsoron ubansa. (*The Cubs*, Mario Vargas Llosa). Wace tsari na ayyuka ce za ta dace don fara magance manufar da aka gabatar?","Karatu na wasan kwaikwayo, jaddada sunayen haruffa a cikin rubutun kuma taƙaita matsayin kowannensu","Karatu ɗai-ɗai a matsayin fara kusantar rubutun, gano karin maganar da haruffan suka yi amfani da su sannan a sake rubuta rubutun a maye gurbin waɗannan sharuɗɗa",Ku siffanta halayen kuma ku gano matsayinsu a cikin labarin kuma ku takaita abinda ke cikin rubutun don gane muhimmin ra'ayinsa,"Ku binciki rubutun bisa ga wani tambayoyi game da manyan manufofi, ku gano alamomin haɗin kai na rubutu, kuma ku rubuta sharhi game da rikicin da ke cikin rubutun.",,,,A,Literacy,Teaching strategies,Secondary,2018,
251,"Farfesa da ke aiki a kan halaye na labari na zamani yana son duba ilimin fasahohin labari da ke shafar lokacin labarin. Don yin haka, yana ba da shawarar cewa ɗalibansa su karanta wannan guntun labari mai zuwa: Ni kuwa, za a harbe ni a matsayin mai azabtarwa kuma mai kisan kai. Kotu ta yi aiki da gaskiya; tun farko, na bayyana kaina da laifi. Gobe, idan agogon gidan yari ya buga tara, zan shiga mutuwa. (Deutsches requiem, Borges, J.L.). Game da maganin lokaci a cikin guntun labarin da ya gabata, malamin ya tambayi ɗalibansa wace siffa suka gani kuma galibi suna amsawa da analepsis. Wace aikin koyarwa ce ta malamin za ta ba wa ɗaliban damar fitowa daga wannan rudani?",Bada misalai tare da gajerun labarai na banbance-banbance tsakanin flashback da racconto,Yi aiki na gane alaƙar nuni ta gaba (cataphoric) a cikin rubutu,Bada misalai tare da guntayen labarai na zamani na halaye-halayen lokacin dogon lokaci na tarihi na nuni,Tabbatar da halaye masu bambanta labarin hasashe ta hanyar gabatarwa,,,,D,Literacy,Student understanding,Secondary,2018,
252,"Karanta halin da ke gaba: Malamar ajin, a cikin ajin sakandare na sama, ta umarci ɗalibanta su rubuta rubutun hujja sannan su ja layi a ƙarƙashin dukkanin masu alaƙa da aka yi amfani da su a cikin rubutun. Ɗaya daga cikin ɗaliban ya rubuta sakin layi mai zuwa: Babban fa'ida na amfani da kekuna a matsayin hanyar sufuri shine suna taimakawa wajen rage cunkoson ababen hawa da kuma sararin da suke ɗauka a kan tituna da wuraren ajiye motoci. Don haka, amfani da su idan aka kwatanta da wasu hanyoyin sufuri kuma yana da wasu rashin amfani, kamar ƙaruwar lokacin da ake ɗauka wajen zuwa aiki, bukatar ɗaukar canjin tufafi, ƙoƙari na jiki, ko kuma yawan shiga yanayin damina. A cikin wanne daga cikin masu alaƙa masu zuwa ne ɗalibin ke da matsalar amfani da shi kuma me ya sa?","Saboda wannan dalili, domin suna amfani da shi a matsayin mai haɗa jumla ta adawa",Saboda suna amfani da shi a matsayin abin haɗa misaltuwa,"Ko kuma, domin suna amfani da shi ta hanyar rarrabawa don jimloli waɗanda ba a saɓa wa juna ba","kuma, saboda suna yawan amfani da shi a jerin abubuwa masu kama da juna",,,,A,Literacy,Student understanding,Secondary,2018,
253,"Malami ya ba da shawara cewa ajin su rubuta rubutun bayani (expository text) da nufin wayar da kan ɗalibai game da tsarin rubutu, gano ƙarfi da raunin su dangane da tsari da shirya ra'ayoyi, da rubutun farko. Wace aiki ce za ta yi magana kai tsaye game da wannan nufi da aka bayyana?",Bayar da shawarar karanta rubuce-rubucen bayyanawa daban-daban da nufin su zama misalai don tsara nasu rubutun,Ba da shawarar zaman dubawa tsakanin ɗalibai ta amfani da ma'auni wanda zai ba su damar haɓaka ra'ayi mai mahimmanci kan rubutu da kuma ɗaukar alhakin gyara.,"Bayar, tare da rubutun, jerin abubuwan dubawa wanda zai baiwa ɗalibai damar tabbatar da cewa rubutunsu sun cika buƙatun kamar su rubutu daidai, haɗin kai, da kuma maƙala.","Ku nemi ɗalibai su ƙirƙiri wani daftarin farko wanda zai zama shaci don tsara bayanan da za su raya a rubuce-rubucensu, suna banbanta tsakanin manyan ra'ayoyi da waɗanda za su goyi bayansu",,,,B,Literacy,Teaching strategies,Secondary,2018,
254,"Karanta yanayin da ke gaba: Domin cimma manufar koyo: ""Rubuta rubutun hujja"", Malami ya umarci ɗalibai su zaɓi jigo da kansu wanda ke da alaƙa da amfani da fasaha a ilimi, sannan su binciki jigon da suka zaɓa kuma su rubuta rubutu inda za su bunƙasa ra'ayinsu. Ɗalibai suna shirya tsarar farko na rubutunsu kuma su miƙa shi ga malami domin bita ta farko. Daga cikin zaɓuɓɓukan martani da malami ya bayar, wanne ne mafi inganci don cimma gagarumin ci gaba wajen sake rubuta rubutun?",Bambance a cikin rubutun jumloli ko sakin layuka da ke bukatar ɗalibin ya sake gyarawa,"Yi layi a ƙasa ga haɗin da ke nuna ci gaban jigo, domin su shiga waɗannan jigogi da zurfi","Ku rubuta gajerun kalamai a cikin rubutun, kamar: ""Yana da ruɗani"", ""Ya wadatar"", ""Wannan yana buƙatar gyara"", domin ɗalibin ya gyara shi","Shin an ba da hujjoji ne da nufin tabbatarwa ko karyata matsayin?""""",,,,D,Literacy,Assessment,Secondary,2018,
255,"Karanta yanayin nan mai zuwa: A cikin ajin nazarin rubutattun gardama na ɗaliban shekara ta uku ta makarantar sakandare, wanda manufar koyonsa ita ce 'Fahimtar ra'ayin mai magana, yadda yake ba da hujja, da kuma amfani da hanyoyin magana masu gamsarwa,' malamin ya buƙaci ɗaliban su karanta su kuma kwatanta wasiƙun da aka aika wa edita a kan batu guda. Wanne daga cikin alamomin kimantawa na gaba ne ya dace da manufar koyon da aka gabatar don ajin?","Gano tushen muhawara na rubuce-rubuce daban-daban, ta hanyar la'akari da amfani da hanyoyin samar da ma'ana (semantic) da na tsarin nahawu (syntactic)",Kwankwasa ci gaban taken jigo na rubuce-rubuce daban-daban dangane da hujjoji da kuma albarkatun harshe da aka yi amfani da su,"Bunkasa martani na kashin kai ga jigon da aka gabatar a rubuce-rubuce daban-daban, ta amfani da albarkatun haɗin kai da daidaito","Banbance manyan ra'ayoyi, la'akari da albarkatun harshe da aka yi amfani da su, don gano manufar rubutun",,,,A,Literacy,Assessment,Secondary,2018,
256,"Karanta halin da ke gaba: Wani malamin sakandare zai kimanta kashi na nau’in labari da aikin karshe wanda ya kunshi nazarin gajeren labari, yana bambanta wadannan abubuwa: – Nau’in duniyar adabi. – Hanyoyin amfani da lokaci. – Nau’in gurin faruwar labarin. – Bayyana halayen jarumai. – Nau’in mai ba da labari. Ganin irin kimantawar wannan kashi, wane kayan aiki ya kamata malamin ya yi amfani da shi domin kimanta da kuma ba da gyara a kan aikin?",Rumbutu mai-inganci gaba-ɗaya,Rubutun kimantawa mai zurfi,Sikeli na godiya,Jerin Abubuwan Dubawa,,,,B,Literacy,Assessment,Secondary,2018,
257,"A yayin karanta labari, wacece daga cikin zaɓuɓɓuka da ke ƙasa ta yi daidai da dabarar karatu da ke tattare da tsarin gaba-daya?",A Wajen Fitar da Kalmomi a Labarin da Ke Nuna Ayyukan Halayen,Ka rarraba jaruman cikin labarin a matsayin manya ko na gefe,Ku kintata abin da rubutun yake a kai bisa ga hotuna ko wasu kalamai masu alamu (ko alamu na harshe) a cikinsa,Shirya manyan abubuwan da suka faru a labarin bisa ga jerin su a cikin bayanin labarin,,,,C,Literacy,Teaching strategies,Primary,2019,
258,Malamin aji na huɗu ya raba ajin zuwa ƙungiyoyi kuma ya umarce su da su rubuta rubutun ba da umarni don koyar da wani wasa da suka ƙirƙira ga abokan ajinsu. Wace irin aiki ce za ta dace a yi don tantance dacewar isar da saƙo na rubutun da ɗaliban suka shirya?,"Ku musanya rubutun da wata ƙungiyar, sannan ku tambaye su ko an gina ra'ayi guda ɗaya a kowane mataki na wasan.","Kuyi musanya rubutun da wata ƙungiya, sannan ku ce musu su ja layi a ƙasan ayyukan da ke kowane mataki waɗanda ba a yanayin umarni (imperative mode) suke ba",Musanya rubutun da wata ƙungiya kuma ku tambaye su su duba ko taken da aka sanya ya yi daidai da matakan da aka bayyana don haɓaka wasan,Musanya littattafan da wata ƙungiya kuma a ce su yi wasan yayin da suke rubuta nasarorin da kuma matsalolin da suka samu wajen ƙirƙirar wasan,,,,D,Literacy,Assessment,Primary,2019,
259,"Malam yana aiki da ɗalibansa na aji na uku kan fahimtar karatu bisa ga tatsuniyar ""Condor Mai Kaɗaici."" A ƙasa akwai wani yanki da aka daidaita daga wannan rubutun:
Tunda daɗewa, an shirya cewa dukkan tsuntsaye na tsaunukan bakin teku su yi aure. Saboda haka, an liƙa sanarwa ko'ina don tsuntsayen su taru don taron. Mintuna kaɗan ne kawai suka rage don fara bikin kuma duk tsuntsayen suna jira da ƙwazo ga lokacin da ake tsammani, amma Condor ba shi da wanda zai aura. Ya tafi cikin takaici. Auren ya gudana; tsuntsayen sun yi biki, kodayake ba su manta da baƙin ciki na Condor ba.
Ɗaya daga cikin ɗalibansa ya tambayi malamin: Menene ma'anar “takaici”?
Wane aiki ne daga cikin waɗannan zai taimaka wa ɗalibin ya fahimci ma'anar wannan kalmar ta hanyar gane kari (prefix) ɗinta?",Nemo kalmar da ke cikin dangin kalmarta a cikin rubutun sannan ka danganta dukkan kalmomin biyu da hujjojin da ke cikin rubutun da ke ba da damar fahimtar ma'anarta,"Nemo wasu kalmomi a cikin rubutun da ke ɗauke da baƙaƙe, sanya musu layi a ƙasa sannan ka danganta su don sanin mene ne waɗannan kalmomi suke da shi a tsakaninsu.","Nemi kalmomin da suke siffanta condor a cikin rubutun, zana layi a ƙarƙashinsu, kuma danganta su da kalmar da kake son gano ma'anarta","Nemi aikin da ya biyo bayan kalmar da kake son gano ma'anar ta, sannan ka haɗa waɗannan kalmomi biyu da bayanan da ke kusa a cikin rubutun.",,,,A,Literacy,Teaching strategies,Primary,2019,
260,"Wani malami a aji huɗu ya raba ajin zuwa ƙungiyoyi don rubuta labarin jarida a kan batutuwa daban-daban. Bayan sun rubuta jikin labarin, sai ya lura da manyan laƙƙafohin da kowace ƙungiya ke ƙirƙira kuma ya gano cewa ɗayansu ya rubuta: “Zakin gidan zoo”. Ganin haka, ya yanke shawarar gabatar da wani aiki don taimaka musu su sake dubawa da tantance manyan laƙƙafohinsu. Wanne ne daga cikin waɗannan ayyukan ya fi dacewa ga wannan rukunin ɗaliban don su sake duba da inganta babban laƙƙafohinsu bisa ga takamaiman halayen wannan ɓangaren na labarin jarida?","Ku karanta tare da su manyan kanun labarai da sauran rukunnai suka rubuta. Sannan, ku raba musu ainihin sassan labaran, ku kuma nemi su dace kowane babban kanu da ainihin sassan labarin da ya dace da shi","Ku karanta tare da su jikin labaran jaridu. Bayan haka, ku tambaye su su haɗa kanun labaran nan da jikin labaran, sannan su tattauna da abokan karatunsu yadda suka san waɗannan gutsurori sun dace da kanun labaran.","Ku karanta musu jigon labarai na jaridu daban-daban, kamar su: “Polar bear ta mutu a gidan zoo”, “An haifi karkanda fara a Chile”. Sannan, ku tambaye su su rarrabe abubuwan da ke cikin waɗannan jigon labaran waɗanda ba sa cikin nasu","Ku karanta tare da su labarin da suka rubuta. Sa’annan, ku nemi su ɗauki kanun labarin da aka rubuta, su cika shi da ƙarin bayanai, bisa ga tambayoyi kamar su: “Ina aka gina gidan namun daji?”, “Yaya zaki yake?”",,,,C,Literacy,Teaching strategies,Primary,2019,
261,"Malamar ilimin firamare ta ajin 4 tana aiki da ɗalibanta kan fahimtar daidaituwar nahawu tsakanin mai aiki da fi’ili. Don cimma wannan, ta yanke shawarar haɗa wasu ayyuka yayin karanta ɗan gajeren rubutu wanda ke nuna jarumi guda ɗaya. Wanne daga cikin waɗannan ayyuka ne ya dace malamar ta saka domin ɗalibai su yi aiki kan daidaituwar nahawu tsakanin mai aiki da fi’ili?","Yi layi a ƙarƙashin ayyukan da jigon ya yi, kuma ka sake rubuta su ta hanyar canza adadin mai aikin.","Zaɓi a cikin rubutun jumlolin inda jarumin ya bayyana, kuma ka raba mubtada'i daga khabari a cikin kowacce ɗaya",A nuna ayyukan da jagoran ya yi a cikin rubutun da launuka daban-daban sannan a canza su zuwa wani yanayin zamani na daban,"Zana kewaye da launi a kan masu yin aiki na jimlolin inda jarumin ya bayyana, kuma ka maye gurbinsu da madaidaicin sunan mai maye gurbin mutum",,,,A,Literacy,Teaching strategies,Primary,2019,
262,"Malamin Ajin huɗu zai fara aiki kan aikin Magana Mai Ƙayyade Aiki (Adverb) tare da ɗalibansa, don su iya amfani da su a cikin rubuce-rubucensu. Tunda sun yi aiki kan fahimtar karatu daga labarin 'El Gatopato y la princesa Monilda' na María Elena Walsh, malamin ya yanke shawarar zaɓan wannan guntun rubutun daga cikin labarin domin aikinsa: Kwana da kwanaki, Gatopato ya shafe yana kuka a cikin takalmi, domin yana jin cewa babu mai ƙaunarsa. Wata rana, Gimbiya Monilda ta wuce ta cikin daji ta gan shi. Ta ga yana da kyau kuma tana so ta mallaki Gatopato na tsawon lokaci. Saboda haka, a hankali ta ɗauke shi, ta shafa shi, kuma ta kai shi fada. Wace ce aiki daga cikin waɗanda ke gaba ce za ta ba ɗalibai damar fahimtar aikin Magana Mai Ƙayyade Aiki daga guntun rubutun da malamin ya zaɓa?",Bayyana me ya sa Gatopato ya yi baƙin ciki,Ayi layi a ƙarƙashin abin da Monilda ta yi tunani lokacin da ta ga Gatopato,Bayyana yadda Monilda ta ɗauki Gatopato,A gano inda Gatopato ya shafe kwanaki masu yawa yana kuka,,,,C,Literacy,Teaching strategies,Primary,2019,
263,"Malamar tana da niyyar gudanar da tantancewar gano matsaloli na harshen baka ga wani rukuni na yara ƙanana. Don yin hakan, ta gaishe da rukunin kuma ta gayyaci yaran su bayyana ayyukan da suka yi a ƙarshen mako. Idan aka yi la’akari da shekarun yaran, wacece a cikin labarun da ke gaba ke nuna matsaloli a furcin baka?","Da farko, mun je wurin goggo ta Tantisca. Sannan muka tafi dandali don wasa.","Na kalli fim da babana. Mun je sinima. Bayan haka, na ci aiskirim da ‘yar uwarki.","Naje bakin teku, mun gina gidajen yashi. Akwai mutane suna shan rana kuma suna gudu.",Na je tare da mamana zuwa wani babban wurin shakatawa. Akwai wani wasa na hawa sama.,,,,B,Literacy,Student understanding,Pre-primary,2019,
264,"Wata malamar makarantar yara tana gudanar da aikin gabatarwa da yaran suka yi, game da wani yanki na ƙasar Chile; ta hanyar wannan dabarar, tana tattara shaidu kan iyawar yaran su “Su yi magana a baki game da abubuwan da ke sha’awarsu, suna amfani da kalmomi daban-daban da kuma haɗa sababbin kalmomi masu dacewa ga yanayin sadarwa da masu sauraro daban-daban.” Sofía ta gabatar da Yankin La Araucanía kuma ta nuna cewa a ciki akwai tumaki kuma galibi suna tare da abokansu. La’akari da halin da aka ambata a sama, wane irin shiga tsakani na malamar ne zai taimaka wa Sofía cimma manufar koyo da aka bayyana?","Na gode, Sofía, kin raba mana muhimman bayanai game da La Araucanía. Me kuma kika koya game da tumakin?","Na gode, Sofía, bayanin da kika bayar yana da ban sha'awa sosai. Kin san abin da tumaki suke so su yi tare da abokanansu?","Na gode, Sofía, bayanin da kika raba yana da ban sha'awa sosai. Kin san waɗanne dabbobi ne kuma ake samu a La Araucanía, banda tumaki?","Na gode, Sofía, kin raba bayanai masu muhimmanci game da La Araucanía. Kin san me ake kira tarin tumaki? Garkuna kuma za su iya zama na awaki",,,,D,Literacy,Teaching strategies,Pre-primary,2019,
265,"Dangane da fara koyon rubutu, wacece daga cikin waɗannan yanayin koyarwa ce ta fi dacewa don ƙarfafa yara su fara samar da nasu alamomin rubutu a hankali?",Su kwafi gajerun saƙonni don rubuta sakamakon ayyukansu,Suna zane da rubutu a littafin zanensu kowace rana game da abubuwan da suke sha'awa,Suna da katina da aka lulluɓa don su yi arabesques da kwafai na ado cikin 'yanci.,"Su haɗa jerin ɗigo-ɗigon da ke cikin takardun aiki, suna kiyaye wuraren farawa da na ƙarshe.",,,,B,Literacy,Teaching strategies,Pre-primary,2019,
266,Wanne daga cikin ayyukan da ke gaba ya yi daidai da na yaro ko yarinya da ke matakin silabik-alfabetik na rubutu?,Kwafin sunansu,Yana rubuta kalmomin da ya sani,Suna rubuta wasiƙu dabam-dabam da suka sani,Kwafan gajerun jimloli don isar da wani abu,,,,B,Literacy,Student understanding,"Pre-primary, Primary",2019,
267,"Malamar yara ƙanana tana shirin yin aiki da rukunninta a kan manufar koyo mai zuwa: Don gano, a cikin yanayi na wasa, sifofin sauti na kalmomin da aka sani, kamar gano sautin ƙarshe. Wace gogewar koyo a cikin masu zuwa ce mafi dacewa don yin aiki a kan manufar da malamar ta tsara?",Kalubalanci kalmomi da za a ambata sautin-sauti,Gano kalmomi masu haɗa sautin lafazi a cikin waka,A wakilci adadin sauti na kalmomi daban-daban a zahiri,Gano kalmomin da ke da sauti ɗaya a daban-daban nau'o'in harfuna masu maimaita sauti (alliterations),,,,B,Literacy,Teaching strategies,Pre-primary,2019,
268,"Cibiyar Albarkatun Koyarwa ta makaranta tana da kayan aiki daban-daban na koyarwa don bunkasa harshe. Malamar makarantar yara ƙanana dole ne ta zaɓi wata hanya don aiki a kan fahimtar tsarin jimloli tare da rukuninta na yara maza da mata. Idan aka yi la'akari da wannan yanayin da ya gabata, wace hanya ce mafi dacewa don yin aiki kai tsaye a kan bunkasa fahimtar tsarin jimloli?",Zaruruka tare da kalmomin ma'ana akasin juna,Domino na farkon sautin wasali,Katinan domin haɗin hotuna da kalmomi,Katinan don gina jimloli tare da hotuna masu nuna kalmomi,,,,D,Literacy,Teaching strategies,Pre-primary,2019,
269,"Malamar renon yara ƙanana, bayan kammala zangon farko, ta lura cewa, a cikin fannin fasaha, an magance ƙwarewar motsa jiki kaɗan sosai idan aka kwatanta da sauran ƙwarewa. Don ta canza lamarin, ta yanke shawarar aiwatar da, bayan an karanta labarai, abubuwan da za su ƙarfafa su. Dangane da halin da aka karanta, menene abin da ya fi dacewa don ƙarfafa ƙwarewar da aka ambata a sama a cikin yara ƙanana?",Wakilci labarin da 'yan tsana,Siffanta wurin da labarin yake faruwa da lakar wasa,Buga don bayyana halayen labarin a jiki,Zana lokuta da halayen da suka fi so a cikin labarin,,,,C,Literacy,Teaching strategies,Pre-primary,2019,
270,"Wani malami a Aji na 8 ya tattauna kan samar da rubutu mai manufar sanarwa, yana mai la’akari da amfani da alamomin rubutu da juyewar kalmomi yadda ya kamata. Saboda haka, malamin ya nemi ɗaliban su rubuta wani rubutu. A lokacin sa ido kan aikin rubutun, malamin ya bincika wannan guntun rubutu daga ɗayan ɗaliban: ""Asalin sararin samaniya bisa ga abin da masana suka faɗa har yanzu wani asiri ne."" Menene ɗalibin ya kamata ya yi aiki akai domin shawo kan matsalar da aka gani a rubutunsa game da amfani da alamun raba jimla (koma)?",Gane mai kira da suna,Gane jimlolin masu bayani,Gane haɗin kalmomin haɗin gwiwa,Gane jimloli haɗaɗɗu masu nuna saɓani,,,,B,Literacy,Student understanding,Secondary,2019,
271,"Wata malama a aji shida ta umurci ɗalibai su rubuta gajerun rubutun labarai domin tsarawa abubuwan da suka faru da kuma tantance rubutun kalmomi na rubutun. Bayan ta duba ci gaban rubutun, ta lura cewa wani ɗalibi ya rubuta: Yarinyar mai jajayen gashi koyaushe tana taimaka wa abokan ajinta da ayyukansu da kyakkyawar niyya; duk da haka, abokanta koyaushe suna gaya mata cewa tana zama mai kutse.
Wacece a cikin waɗannan shisshigewar malamar zai fi ba ɗalibin damar fahimtar kuskurenta kai tsaye da kuma inganta rubutun kalmominta?",Karanta misalai kuma ka bayyana ƙa'idojin amfani da 's,"Nuna wa ɗalibar yadda ake rubuta kalmar nan 'invasive', don ta gyara kuskurenta",Ku nuna wa ɗalibin danganta haruffan 'c' da 's' ta hanyar amfani da misalai,"Nuna cewa kalmar 'invasive' tana da alaƙa da 'invade', don haka, akwai kuskure a hanyar da ta rubuta kalmar.",,,,C,Literacy,Teaching strategies,Secondary,2019,
272,"Wani malami a aji na takwas (8) yana gudanar da cikakken kimantawa (summative assessment) kan karatun wani nau’i na wasan kwaikwayo. Duk da an yi nazarin aikin a cikin aji, sakamakon kimantawar ya nuna cewa yawancin ɗalibai ba su samu damar fahimtar rikicin wasan kwaikwayon (dramatic conflict) na aikin da aka karanta ba. Wane mataki na farko zai bai wa malamin damar magance matsalar da ɗaliban suka nuna yadda ya kamata?","Ku gabatar wa ɗalibai da wani aiki wanda a ciki za su bayyana matakin warwarewa (resolution) da ƙarshen wasanni daban-daban""","Ka nemi ɗalibai su yi nazarin lokaci mafi tsanani na ayyukan wasan kwaikwayo daban-daban, inda ƙarfin da ke cin karo da juna suka fuskanci juna",Bari ɗalibai su bincika tattaunawar haruffa daga ayyukan wasan kwaikwayo daban-daban inda aka bayyana yanayin dakarun da ke fafatawa.,"Bincika, tare da ɗalibai, juyin halittar manyan haruffa a cikin ayyukan wasan kwaikwayo daban-daban da kuma yadda suke da alaƙa da sauran haruffa",,,,C,Literacy,Student understanding,Secondary,2019,
273,"Wani ma’aikaci marar koyarwa, a cikin ajin aji 8 a lokacin darasin nau’in waƙar liriki, ya ba da shawarar a matsayin aiki don bayyana halayen mai magana a cikin waƙar (lyrical speaker) a cikin wannan guntuwar waƙa mai zuwa ta Miguel Hernández: Ana kirana laka kodayake Miguel yana kirana. Laka ce sana’ata da kuma ƙaddarata wadda ke ɓata da harshenta duk abin da ta lasa. Ni ne kayan aiki mai baƙin ciki na hanya. Ni ne harshe mai daɗin kazanta a gaban ƙafafun da nake bautawa a shimfiɗe. Bayan karanta guntuwar waƙar da ta gabata, malamin ya tambayi ɗaliban tambaya mai zuwa: Wane ne mai magana a cikin waƙar? Ɗalibai da yawa sun amsa cewa mai magana ya zo ɗaya, a wannan yanayin, da marubucin waƙar, Miguel Hernández, tunda shi da kansa ya bayyana hakan ta hanyar cewa sunansa Miguel. Wace amsa daga malamin ce za ta iya sa banbanci tsakanin marubucin da mai magana a cikin waƙar ya fi fahimta ga ɗaliban, bisa la’akari da guntuwar waƙar da ta gabata?","Duk da cewa mai magana a cikin wakar ya furta cewa sunansa Miguel, kamar yadda sunan marubucin wakar, Miguel Hernández, yake, babu wani abu da ke tabbatar mana cewa daidai mutum ɗaya ne.","Marubucin rubutun ya sha bamban da mai magana a cikin waƙa, saboda waƙar ƙirƙira ce wadda tsarin aikinta na ciki ba ya dogara ga gaskiyar da take wajen adabi, ko da yake za a iya samun kamanceceniya tsakanin matakan biyu","Bayan kamanceceniya da za ta iya kasancewa tsakanin mai magana a waƙar da tarihin rayuwar marubucin, muryar da ke magana a cikin waƙar kullum gine-gine ce ta harshe, ba mutum na jini da nama ba, don haka marubuci da mai magana ba sa taɓa zama ɗaya.","Mai magana a waka ba shi ne marubucin ba, domin haƙiƙanin da kalmar 'Ni' ke nuni a gare shi haƙiƙa ce ta zance, wadda kawai take riƙe da daraja a lokacin da aka furta ta, kuma ba ta da wanzuwa a harshe bayan aikin furucin da ya bayyana ta.",,,,C,Literacy,Teaching strategies,Secondary,2019,
274,"Wani malami a ajin aji na 7 ya tambayi dalibai su rubuta labarin jarida game da makon cika shekaru na makarantar. Mai biyo baya wani gutsure ne na rubutun farko da ɗaya daga cikin daliban ya rubuta. Ƙungiyar Shudi, bayan samun sakamako na kusa, ita ce wacce ta ci nasara a makon cika shekaru. Bayan mako guda na gasa mai tsanani, Ƙungiyar Shudi ta ɗauki matsayi na farko a cika shekaru na 2017. Da bambancin maki 100 kacal, an naɗa Ƙungiyar Shudi mai ƙwazo sarautar zakara ta cika shekarun makarantar San Patricio a makon da ya gabata. Daga cikin ayyukan da Ƙungiyar Shudi ta ci, mafi fice shi ne rawa ta sarakuna, inda suka gabatar da babban salon rawa: mafi tsari, ƙirƙira, da kuma mai ƙarfafawa a cikin duka. Daliban aji na 4 na sakandare, tare da babban ƙwazo da farin ciki, sun jagoranci bikin nasarar kuma sun gayyaci sauran membobin Ƙungiyar su yi rawa kuma su yi waka tare da su. Idan aka yi la'akari da halayen labarin jarida, menene matsalar da rubutun da dalibin ya rubuta ya gabatar?",Bayanin gaskiyar yana ba da bayanai marasa dacewa,Kanun labarin bai isar da ainihin manufar labarin ba,Tunanin da aka gabatar sun rasa daidaito da taƙaitawa,Mai saƙon baya nisantar hujjojin da aka ruwaito,,,,D,Literacy,Student understanding,Secondary,2019,
275,"Wani malami ya tsara wani kayan aiki don tantance samar da wata kasida mai ba da labari game da yanayin tarihi na wani labari mai dogon zango.
Wanne daga cikin alamomi masu zuwa ne ke ba da damar tantance tsarin rubutu, musamman ma daidaiton kasidar mai ba da labari?",Cika manufar sanarwa game da mahallin tarihi na almara,Ku gabatar da bayanan a cikin sakin layi masu zaman kansu waɗanda suka yi bayani a kan mahallin tarihi na wannan almara,Kafa alaƙa mai ma'ana tsakanin ra'ayoyin da suka yi magana a kan mahallin tarihin almara,Ku samar da kwatance-kwatance da suka haɗa da bayanan da suka dace game da yanayin tarihi na waƙar almara,,,,C,Literacy,Assessment,Secondary,2019,
276,"Malam a cikin bangaren nau'in waka a ajin Kwalisa ta Takwas, zai gudanar da jarrabawar karshe, wadda a cikinta akwai, a tsakanin sauran tambayoyi, wannan: Wace irin murya ce (tone) ta wadannan wakoki?
Despecho
Ah, na gaji sosai! Na yi dariya sosai,
Sosai, har hawaye sun bayyana a idona;
Sosai, har wannan yamutsa fuska da ke hada bakina
Wata alama ce mai ban mamaki ta dariyata ta daji.
Sosai, har wannan tsananin laushi da nake da shi
(Kamar a tsofaffin hotunan masu daraja)
Ya faru ne saboda gajiyar dariya ta daji
Da ke zame kasalarsa a kan dukkan jikina.
Ah, na gaji sosai! Bari na yi barci;
Domin, kamar damuwa, farin ciki yana sa ka rashin lafiya.
Wani abu mai ban mamaki ne in ce ina bakin ciki!
Yaushe ka gan ni cikin farin ciki fiye da yanzu?
Karya! Ba ni da shakka, ko kishi,
Ko damuwa, ko tashin hankali, ko baƙin ciki, ko kuma sha'awa,
Idan idona suna haske da danshin hawaye,
Ya faru ne saboda kokarin yin dariya sosai...
Juana de Ibarbourou
Bayan duba jarabawar, malamin ya sami amsar dalibi kamar haka: “Muryar wakar farin ciki ce, saboda mai magana ya ce a cikin baitoci da yawa cewa yana dariya.”
Wane irin sharhi ne daga malamin zuwa amsar dalibin zai iya goyan bayan gano muryar wakar da aka yi jarrabawa a kai?","Dole ne ku bayyana abin da mai magana yake nufi a cikin baiti na ƙarshe na waƙar, inda suka kafa matsayinsu, sannan ku tantance sautin maganar","Ka samu ka gane cewa waƙar tana magana game da farin ciki. Duk da haka, har yanzu yanayin waƙar yana buƙatar a tantance. Don yin haka, ina ba ka shawarar ka danganta taken waƙar da abin da ke cikinta.","Kun gano cewa motsin zuciyar wakar yana da alaka da farin ciki, amma baku fahimci yanayin sautin ba. Dole ne ku gano matsayin wakar kuma ku danganta shi da manufar wakar","Ka zauna a matakin nuni kawai, ka kasa gane sautin waƙar. Dole ne ka ja layi a ƙarƙashin baitukan da aka ambaci wani ji a sarari a cikin waƙar don sanin wanda ya fi rinjaye",,,,B,Literacy,Teaching strategies,Secondary,2019,
277,"A lokacin nazarin labari a ajin firamare na shida, wani malami ya nemi ɗalibai su rubuta gajeren rubutu mai bayyanawa game da wata dabba da halayenta. Ɗaya daga cikin ɗaliban ya rubuta rubutu kamar haka: Pandas suna da kyau kuma suna da jiki. Ina son su saboda suna da ban dariya kuma suna kasala, suna son yin barci kamar ni. A wata rana na je gidan zoo na ga wani mai kyau sosai, amma na ji tausayi saboda an kulle shi a cikin ƙaramin keji kuma ya yi baƙin ciki. Wanne ne daga cikin waɗannan maganganun malamin game da rubutun ɗalibin zai ba da ingantaccen martani na horo kuma ya taimaka wajen jagorantar koyon ɗalibin?","Ka rubuta gajeren rubutu, amma sharhi ne na ra'ayi, ba rubutun bayani ba; bai bi bayanai na zahiri ba.","yi tunani a kan littafin jagora game da rubutu mai bayani kuma a taƙaita siffofin irin wannan rubutu. Bayan haka, a rubuta sabon rubutu mai bayani","Rubutun bayani ba sa amfani da sigar mutum na farko, kuma ba sa haɗa da siffofi tare da hukunce-hukuncen kashin kai. Rubutunka yana da hukunce-hukuncen kashin kai.","Kun yi nasarar gano wata dabba. Ya kamata ku rubuta game da halayenta: a ina pandas ke zaune, menene tsarinsu na jiki, me suke ci, wace girma suke da ita?",,,,D,Literacy,Assessment,"Primary, Secondary",2019,
278,"A aji na shida, a cikin jigon nau'in waƙar maɗaukakiya, malami zai bai wa ɗalibai jarabawar rubutu, wadda ta haɗa da wani sashe a cikinsa za a tantance fahimtar yadda aka yi amfani da yare a waƙoƙi daban-daban. Wanne daga cikin waɗannan ma'aunin tantancewa zai dace da wannan koyarwar da ake tantancewa?",Suna gano dalilin wakokin da ke cikin waƙar,Sun gane hali na waƙaƙƙiya na mai magana na waƙar,Suna bayyana kwatancen da ke cikin baitukan waƙar a ma'anarsu ta zahiri da kuma ta ɓoye.,Suna bayyana abubuwa da baitoci na wakar da ke taimakawa wajen sake haifar da yanayi/sarari,,,,C,Literacy,Assessment,"Primary, Secondary",2019,
279,"Malami a ajin aji 7, a sashin muhawara, zai tantance wannan manufar koyo: ""Don daraja bambancin ra'ayoyi, imani, da al'adu da ke cikin muhallinsu"", ta hanyar gudanar da muhawara. Wanne daga cikin zaɓuɓɓukan masu zuwa ya gabatar da alamar tantancewa wadda ta fi dacewa da manufar koyo da aka bayyana?",Suna tambayar wasu game da matsayinsu ko ra'ayinsu akan wani batu.,Suna jayayya da hakan ta hanyar amfani da ingantaccen bayanai bisa hujja mai dogara,"Suna yin tambayoyi kuma su bayyana ra'ayoyinsu, bisa ga kwakwalwarsu, domin zurfafa bincike kan wani maudu'i",Suna shiga tsakani cikin girmamawa ga ra'ayoyi daban-daban waɗanda takwarorinsu suka bayyana,,,,D,Literacy,Assessment,Secondary,2019,
280,"Don ajin goma sha biyu, yayin sashin ""Gaskiya da 'Yanci"", wata malama, domin ta haɓaka binciken fassara na rubutun waka daga matakin tsari, ta ba ɗalibanta wannan waƙa mai zuwa su karanta:
""Da za a hukunta ni kaɗan idan laushin fatarka bai zama nardo ba ga gani na, nardo, fatarki ba zama ƙaya ba ga taɓawa ta, ƙaya, muryarki ba zamanto zamaninki ba ga kunne na, zamaninki. Zamaninki shi ne muryarki ga kunne na, zamaninki, kuma ina ci da wuta a cikin muryarki kuma a kusa da ke ina ci da wuta, kuma na ɗauki lokaci don in cinna wuta abin da na ɗauki lokaci don in miƙa miki zamanina, murya ta don taki zamanina. Hannun ki ƙaya ne idan na ji shi, ƙaya, ki yi motsi da jikin ki idan na kai gare shi, motsi, ki rufe sau ɗaya, amma sau dubu kada ki rufe. Tsuntsun Kaguwa shi ne baƙin ciki na, tsuntsun kaguwa siririya kuma mai baƙin ciki, ita kaɗai kamar huci da ni, ita kaɗai, mai taurin kai a cikin kuskuren ta kuma a cikin kunyar ta mai taurin kai."" Daga Hashen da Ba Ya Tsayawa, na Miguel Hernández.
Wace daga cikin tambayoyin da malamar ta yi wa ɗaliban tana da alaƙa da binciken fassara daga matakin tsari na rubutun?","Wane ne mai magana na waƙar yake yi wa jawabi, kuma waɗanne halaye yake nunawa?",Tsarin wakar ya dace da wane irin salon baitoci na gargajiya?,"Wace ma'ana ce zankarya ta samu a cikin baiti na ƙarshe, dangane da mai magana na waƙar",Mene ne alaka tsakanin abin da mai magana ya faɗa da sautukan da ake maimaitawa a cikin waƙar duka?,,,,D,Literacy,Teaching strategies,Secondary,2019,
281,"A cikin ajin ɗaliban shekara ta farko ta makarantar sakandare, wata malama ta ba da shawarar ayyuka kamar haka ga ɗalibai don su faɗaɗa sanin kalmomi: “Ku karanta rahoton da ke gaba, wanda wani ɗalibi ya rubuta a bara bayan kammala ziyarar filin hada-hadar, kuma ku maye gurbin kalmomin da aka haskaka da kalmomin da aka lura da su bayan rubutun”. Ba mu taɓa jin kukan kazar daji ba lokacin da ake binsa ko gallaza masa. Kukan agwagwa ya ɗan yi kaushi, amma kukan talo-talo shi ne, ba tare da shakka ba, mafi ban sha’awa. Ba mu san yadda za mu bambanta kukan kaji na yau da kullum da surutun da suke yi lokacin da suke shirin kwanciya ba. Duk da haka, mafi kyawun abin da muka ji shi ne kukan shaho. Mai kyau sosai. Kalmomin Tallafawa: kukan agwagwa – kukan kaji – kukan agwagwa – kukan talo-talo – kukan tsuntsu – shagala. Wane manufa mai alaƙa da faɗaɗa kalmomi wannan aikin ya dace da shi?",Yi amfani da kalmomi na musamman,Yi amfani da yanayin kalmomi masu ma'anoni daban-daban,Gane ma'anar wani kalma a cikin mahallinsa,Ku haɗa da kalmomin fasaha daga karatu,,,,A,Literacy,Teaching strategies,Secondary,2019,
282,"Malamar tana son ta yi aiki a kan rubuta wasan kwaikwayo mai ban mamaki a Ajin Farko na sakandire. Don wannan manufa, ta umurci ɗalibai da su karanta labarin jarida sannan su rubuta ɗan gajeren wasan kwaikwayo na zango uku bisa ga jigon labarin. Idan aka yi la'akari da matakan tsarin rubutu, wanne ne daga cikin waɗannan ayyukan koyarwa ya fi dacewa wajen jagorantar gina rigimar wasan kwaikwayo?",Jagoranci tsarin tsarawa wanda aka karkatar da shi zuwa ga gina rikicin wasan kwaikwayo,"Jagora, a lokacin matakin gyara kai na wasan kwaikwayo, gano rikicin wasan kwaikwayo","Jagoranci gina rikicin yayin bita, yin koyi da tantance kai tare da ma'auni a hannu","Ku jagoranci ginin rikicin yayin sake gyarawa, tare da tsara daidaitaccen ma'auni da ake tsammani game da ginin rikicin",,,,A,Literacy,Teaching strategies,Secondary,2019,
283,"Malamin makarantar sakandire ya bada shawarar yin aiki tare da ɗalibai kan gano sunayen wakilci da ke nuni ga abubuwa daban-daban. Don cimma wannan, malamin ya samar da jadawali mai rarraba sunayen wakilci na mutum, na nunawa, da na mallaka, kuma ya bada shawarar karanta gajeren labari mai zuwa: Tsoron Gaskiya. Daga Litinin zuwa Juma’a, yana hawan jirgin ƙasa ƙarƙashin ƙasa. Yana tafiya a dukkan layuka da wuraren haɗi na tsawon sa'o'i. Ya san kowane mai gadin tasha. Har yaushe kuma zai ci gaba da yin ƙarya, sukan ce masa. Me ya sa kawai ba zai gaya mata cewa an kore shi aiki watanni da suka wuce ba. (Paola Rivera). Bayan an gama karatu, malamin ya tambayi ɗalibai game da sunayen wakilci da ke nuni ga abubuwa a cikin labarin. Ɗalibi ɗaya ya ce kalmar ""las"" tana da alaƙa da ɗaya daga cikin muhimman abubuwan labarin. Wace wahala martanin ɗalibin ya bayyana dangane da abin da malamin ya buƙata?",Banbanci tsakanin siffar sunaye masu maye gurbinsu (pronouns) da sauran rukunonin nahawu,"Tantance abubuwan ta hanyar alaƙanta kalmar ""las"" da kalmar ""stations""","rashin sanin ainihin abubuwan da ke tsakiyar labarin da ake magana a kai: masu gadi, shi, matar",Fahimtar manufar nau'o'in madadin suna daban-daban da siffofinsu na musamman,,,,A,Literacy,Student understanding,Secondary,2019,
284,"Wani malamin sakandare yana aiki tare da ɗalibai kan karatu, nazari, da fassarar rubutattun waƙoƙi masu alaƙa da jigon 'yanci. A cikin wani aiki, suna sauraron waƙar “El cautivo de Til Til” sannan kuma an umurce su da su yi nazari da bayyana halin mai magana a cikin waƙar bisa ga wannan sashin:
Suna cewa Manuel ne sunansa
kuma suna tafiyar da shi a kan hanyar Til Til,
cewa gwamna ba ya so
ya ga kyawun kamanninsa a La Cañada.
Suna cewa a yaƙi shi ne
mafi kyau kuma a cikin birni
ya yi haske kamar walƙiya
ta 'yanci.
(...)
Suna cewa ya kasance kamar walƙiya
lokacin da yake hawan dokinsa
kuma cewa yayin da mahayin ya wuce
kowa yana kiran shi da sunan Manuel.
Ban sani ba ko zan dawo
don ganin shi a cikin 'yanci da daraja,
Na san kawai ya yi murmushi a kan hanya
zuwa Til Til.
El cautivo de Til Til, sigar Aquelarre.

Bayan duba aikin, malamin ya ci karo da amsar ɗalibi mai zuwa:
“Mai maganar kamar yana tunani ne da tunawa da kansa. Yana ɗan baƙin ciki da sanyin rai, amma jarumi ne, kamar walƙiyar 'yanci. Wannan kwatancen da mai maganar ya yi yana da ban sha'awa a gare ni saboda walƙiya abu ne da ke haskakawa haka ma 'yanci. Ya ambaci sunan wani wuri a Chile, kuma gaba ɗaya, baya amfani da kalmomi masu wahala.”
Wace matsala amsar ɗalibin take da ita dangane da manufar aikin da malamin ya gabatar?",Yana nuna ruɗani kaɗan tsakanin batun da aka yi mu’amala da shi da muryar da aka bayyana a rubutun,"Tana samar da amsa da ta kauce wa abin da aka buƙata a cikin aikin, saboda ta mai da hankali kan wasu ɓangarorin waƙar.",Yana mai da hankali kan godiya ta mutum fiye da abin da ke cikin waƙar don bayyana mai magana,"Yana nuna rashin nassoshi masu dacewa ga rubutun a cikin amsar, domin kawai ya ambaci kwatancin da aka yi a cikinta, amma ba tare da wasu ayoyi ba.",,,,A,Literacy,Student understanding,Secondary,2019,
285,"Malamin ajin biyu na makarantar sakandare yana koyar da rubutun bayani. A lokacin wannan aiki, ya duba waɗannan maganganu daga rubuce-rubucen ɗalibansa: ""Sun yi dukkan kokari don rage fitar da iskar gas, saboda haka, ba su cimma shi ba"" kuma ""Ba a sami canje-canje a bayyane ba a hanyar sarrafa sharar kwayoyin halitta, kuma gudunmawar kuɗi ta iso don aiwatar da su."" Mene ne babban matsalar da ke bayyane a rubuce-rubucen da ɗaliban suka gabatar?",rashin yiwuwar samar da masu haɗi don ci gaba a rubuce-rubuce,Rashin masu haɗawa gabaɗaya a cikin dangantakar ma’anarsu daban-daban,Rashin sanin alaƙar ma'anoni don gina rubutu,Amfani mara daidai na mahada wajen kafa alakar adawa tsakanin ra'ayoyi,,,,D,Literacy,Student understanding,Secondary,2019,
286,"Karanta abin da aka tsakuro a gaba daga cikin makala da wani ɗalibi na shekara ta biyu a makarantar sakandare ya gabatar:
A cikin littafin labarin, ana iya ganin yadda jaruman, musamman babban jarumin, suke fama da rashin ‘yancin yin abin da suke so ko kuma yin aiki bisa ga ainihin burinsu. Misali, a wani lokaci mai ba da labarin ya ce ba wanda zai iya auren wanda yake so da gaske domin idan aka kama su za a iya ɗaure su a kurkuku ko kuma a kashe su. Wannan yana da muni a gare ni domin mutum ba zai iya samun 'yanci ba har ma ya kasance tare da wanda yake so ba, kuma, wani lokaci, a cikin al’ummar yau, ana iya ganin haka, misali, lokacin da ake matsa wa mutane ko kuma su matsa wa kansu don su kasance tare da wani don dacewa ko don mutunci ko kuɗi ba don soyayya ba.
Wanne ne daga cikin waɗannan yiwuwar maganganun malami kan makalar ɗalibin zai zama martani mai dacewa game da amfani da ambato (citations) a rubutu?","Idan ba ka sa nassoshin hujja ba, muhawararka za ta rasa inganci",Ƙara faɗaɗa sakin layin tare da wani fanni na matsalar kuma ka goyi bayansa da ƙaulin rubutu daga littafin novel,"Maimakon ka ambaci littafin kawai, idan ka ƙara nassoshi a rubuce, batun da kake so ka tattauna zai fi bayyana sarai",Sake karanta jagorar da ke bayyana abin da ambatoci suke ƙunsa kuma ka duba misalan da aka gabatar a hankali,,,,C,Literacy,Assessment,Secondary,2019,
287,"Malamar da ke aiki a kan hujjace-hujjace tare da ajin sakandire na shekara ta uku, ta duba rubutu mai zuwa daga ɗaya daga cikin ɗalibanta: “Mashawarta masana sun bayyana cewa, a halin yanzu, mun sami kanmu da mafi girman ma'aunin fitar da iskar gas a cikin shekaru uku da suka wuce.” Wace ce daga cikin waɗannan maganganun za ta zama martani mafi dacewa don gyara kuskuren daidaitawa da kalmar “mafi girman” ta gabatar a rubutun da ya gabata?","A sashi ya gabatar da rashin jituwa a nahawu a kalmar nan ""mafi girma""","Dole ne a gyara rubutun, domin yana da kuskuren daidaiton lamba a cikin kalmar 'highest'",Da wane abu ne siffa “mafi girma” ke dacewa a lambar nahawu?,"Ya kamata ka sake karanta rubutunka, ka gano kuskuren nahawu kuma ka sake rubuta shi daidai",,,,C,Literacy,Assessment,Secondary,2019,
288,"Malami mai koyarwa a makarantar gaba da firamare (kindergarten) na buƙatar gudanar da tantancewa domin gano matakin ƙwarewar yara a fannin harshe (lexical skills), musamman ikon su na bayyana ma'anar kalmomi da gane wace rukuni (category) suka shiga. Wace yanayi ta ilimi ce ta dace domin tattara shaidu game da waɗannan ƙwarewar?","Ku gayyaci yara su yi wasan guji. Za a ambaci muhimman siffofin kalmomi daban-daban, ba tare da amfani da kayan gani ba. Ku yi amfani da takardar bincike don rubuta sakamakon aiki","Ku bai wa yara jerin abubuwa da kwanduna masu wakiltar rukunnai daban-daban, sannan ku gayyace su su zaɓi ɗaya daga cikin abubuwan, su faɗi sunansa, kuma su sanya shi cikin wani rukuni. A kimanta aikin ta amfani da ma'auni (rubric)","A gayyaci yara su lura da teburin shigarwa biyu mai ɗauke da wasu rukunnai, kuma a ba su jerin katunai wanda dole su haɗa su da rukunin da ya dace. A yi amfani da bayanan lura na musamman don rubuta yadda suka yi.","Ku bai wa yara takardu masu ɗauke da hotunan abubuwa daban-daban, kuma ku ce su zaɓi ɗaya su bayyana shi ba tare da sun ambaci sunansa ba. Takwarorinsu su bayyana kalmar kuma su faɗi rukuninta. Auna aikin ta amfani da ma'aunin ƙididdigewa",,,,D,Literacy,Assessment,Pre-primary,2021,
289,"Malamin aji na huɗu yana karatu tare da ɗalibansa wannan gutsuren labari mai zuwa daga cikin labarin *Tattaunawar Zomaye* na Alicia Morel: Simon zomo yana da mugun ƙarfin ci. Haka kuma yana da mata, Clarita, da kuma iyali babba na yara takwas, saboda su masu yawan haihuwa ne. A wata ranar hunturu mai rana, ɗaya daga cikin ranakun da mutum yake jin kamar zai gudu ko ya tashi sama ya ratsa filaye da duwatsu, Simon ya kira matarsa don su fita da iyalin su sha iska. ""Clarita, ku yi amfani da yanayi mai kyau domin gobe ruwa zai yi!"" ""Kana hauka ne? Karnuka ko dila da ke zaune a dajin nan na kusa za su iya zuwa,"" ta amsa, tana fitar da hancinta kaɗan daga rami. ""Wane irin karnuka ko diloli! Yau ranar zaman lafiya ce."" ""Ka tabbata?"" ""Ni ba ni da ƙarfin zuciyar kasancewa a nan sama idan ba ranar da babu wani mafarauci da zai iya farauta ba ce yau,"" Simon ya tabbatar, yana kwanciya baya don ya ji zafin rana. Wace daga cikin tambayoyi masu zuwa malamin zai iya yi domin ɗalibai su yi fahimtar zurfi daga cikin rubutun?",Yaya yanayin ya kasance ranar da Simon ya kira matarsa?,Mene kake gani game da halin Simon ga Clarita?,Don dai me yasa Simon yake son matarsa ta fitar da yara a ranar?,Wace irin ji take nunawa Clarita a lokacin da ta mayar da martani ga mijinta?,,,,D,Literacy,Teaching strategies,Primary,2021,
290,Malamar aji na biyu ta yi aiki a kan labarin Cinderella tare da ajinsu sannan ta gudanar da ɗan taƙaitaccen tantancewar matakan fahimtar ɗaliban. Ɗaya daga cikin tambayoyin da malamar ta yi shine: “Me ya sa 'yan uwan Cinderella suka dage kan gwada takalmin gilashin duk da cewa bai dace da su sosai ba?” Wane ma'aunin tantancewa ne aka magance ta hanyar tambayar da malamar ta yi?,Sun gane rikici a rubutun labarai,Suna samar da dangantakar sanadi a cikin rubutun labarai,Suna gano jerin abubuwan da suka faru a cikin rubutun labarai,Suna gano halaye-halayen jarumai na biyu a cikin rubuce-rubucen labarai,,,,B,Literacy,Assessment,Primary,2021,
291,"Wata malama ta aji na huɗu tana tsarawa ɗalibanta jarabawa don tantance fahimtar karatunsu ta hanyar tambayoyi daban-daban dangane da rubuce-rubucen da ba na adabi ba. Daga cikin rubuce-rubucen da aka zaɓa, malamar ta haɗa da wannan: Jemage su ne kaɗai dabbobi masu shayarwa waɗanda ke da fikafikan da za su iya tashi da su. Ɗaya daga cikin halayensu shi ne cewa gani nasu yana da iyaka sosai, don haka suna daidaita kansu kuma suna gano abubuwan da ke tare hanya da abinci ta amfani da ingantaccen tsarin sautin ultrasaun na mita mai tsayi wanda mutane ba za su iya ji ba. Dabbobi ne na dare waɗanda ke cin kwari da ƙananan dabbobi. Kamar kudan zuma da sauran kwari, jemage suna cika muhimmiyar aiki a cikin yanayi: su masu yi wa tsirrai furen haihuwa ne (pollinators) ba tare da su ba yawancin nau'ikan tsirrai ba za su iya haifuwa ba. Ko da yake yawanci ana haɗa jemage da kasancewarsu ƙananan dabbobi, akwai jemage masu girma dabam-dabam. Mafi ƙanƙanta yana auna kusan gram 1.5, yayin da mafi girma zai iya kai nauyin kilo 1.2 kuma yana da faɗin fikafikan mita 1.5. Ana samun jemage a dukkan nahiyoyi, ban da Antarctica. Kamar berayen ƙasa, dabbobi ne masu shayarwa waɗanda zafin jikinsu ya dogara da yanayin waje, musamman lokacin da ba sa aiki. (An daidaita daga: www.nationalgeographic.com.es/animales/murcielagos). Wacece daga cikin waɗannan tambayoyin ce za ta ba da damar tantance fitar da bayanan da ba a faɗa kai tsaye ba (implicit information) daga rubutun da ke sama?",Me ya sa ba a samun jemagu a Antarctica?,Me yasa ake danganta jemagu da kasancewarsu ƙananan dabbobi?,Wace siffa ce ta kebanta jemage da sauran dabbobi masu shayarwa?,Me ya sa mutane ba sa iya jin sautin da jemagu ke yi?,,,,A,Literacy,Teaching strategies,Primary,2021,
292,"Daga cikin dabaru masu zuwa, wanne ya dace ga ɗaliban aji na 4 su yi amfani da shi don gane ma'anonin da haɗe-haɗen gaba ko na baya (affixes) ke ƙara wa kalmomin da suke gyarawa?","Karanta rubutun: Ɗan sarkin yana da taurin kai kuma baya biyayya. Sai an bashi duk abin da yake so domin sarki, wanda shi ne mahaifinsa, ya ce kada a hana ɗan sarki komai. Sai ka amsa: Me ya sa aka ce ɗan sarkin yana da taurin kai kuma ba ya biyayya?",Karanta rubutun: Masana kimiyya suna nazarin abin da ke faruwa da manyan tarin kankara na Antarctica don ganin yadda za su iya shafar duniya kuma su haifar da yanayi mai ƙara zama marar tabbas. Sannan ka amsa: Menene ma'anar kalmar da aka ja layi a ƙarƙashinta a cikin rubutun?,"Karanta rubutun: ""Jaridar Aurora ta Chile tana da muhimmanci sosai domin ta taimaka wajen yaɗa tunanin samun ‘yancin kai. ‘Yan Chile da yawa, ta hanyar karanta wannan jarida, sun tabbata cewa samun Chile mai cin gashin kanta daga Spain abu ne mai yiwuwa."" Sannan ka amsa: Menene ‘yan Chile suka tabbatar da shi lokacin da suke karanta jaridar Aurora ta Chile?","Karanta rubutun: Ranar Lahadi, Gidan Dabbobi na London ya sake buɗewa, kwana ɗaya bayan gobarar da ta tilasta dakatar da ayyuka. Gidan Dabbobi na London, mafi tsufa a duniya, ya buɗe ƙofofinsa a karo na farko a cikin 1826 kuma yana gida ga fiye da",,,,D,Literacy,Teaching strategies,Primary,2021,
293,"Malamar aji na uku ta karanta rubutu mai zuwa wanda ɗaya daga cikin ɗalibanta ya rubuta: “Na yi lokaci mai kyau a hutun karshen mako mai tsawo. Na je sabon gidan adana kayan kimiyya sannan na yi rangadi kuma na ga tsaka ta gaske. Sannan na ga fim game da duniyoyi, na je shago na sayi littafi, na tafi gida na karanta shi duka.” Wane daga cikin waɗannan fannonin morphosyntactic ya kamata a gyara a rubutun ɗalibin?",Amfani da haɗi,Amfani da 'articles' na musamman da na gama-gari,Haɗa Kalmomi Masu Aiki,Yarjejeniyar nahawu,,,,A,Literacy,Assessment,Primary,2021,
294,Wanne ne daga cikin waɗannan ayyukan ke ba da damar yin aiki kai tsaye a kan daidaiton nahawu a rubuce tare da ɗaliban aji na biyu?,"Zana hoton abin da jimla take faɗa. Misali, idan jimlar tana cewa: “Furen wardi yana da ƙaya”, zana furen wardi da ƙayoyi.","Wasa na bayyana siffofin halaye daga hoto. Misali, daga hoton ɗan-barkwanci, nuna launin tufafinsa, kayan kwalliyar da ke fuskarsa, da sauransu.","Ku yi wasan gane kurakurai a cikin harshen wani baƙo. Misali, daga jumlar “The dog drank the milk”, ku gane kurakuran baƙon
Ku yi wasan gane kurakurai a cikin harshen wani baƙo. Misali, daga jumlar “The dog drank the milk”, ku gane kurakuran baƙon","Wasa na ƙirƙirar jumla marar ma'ana daga kalmomin da aka ba su. Misali, dalibi ya karɓi kati mai ɗauke da kalmar “gurasa” kuma ya ƙirƙiri jumla marar ma'ana, kamar: “Na sanya gurasa shuɗi.”",,,,C,Literacy,Teaching strategies,Primary,2021,
295,"Wata malamar yara na tsakiya ta lura cewa ɗalibanta maza da mata suna son ayyukan ƙirƙira da bincike ta hanyar amfani da hannu, kuma galibi sukan kwafi haruffa daga tatsuniyoyi, mujallu, ko tambura. Saboda haka, a farkon zango na biyu, ta tanadi yin aiki a kan waɗannan manufofin koyo:
- Sashen Harshe na Baki: ""Ƙirƙirar alamomin zane nasu a cikin yanayin wasa.""
- Sashen Jiki da Motsi: ""Cika haɗin gwiwarsu ta gani da motsi mai kyau ta hanyar amfani da abubuwa daban-daban, kayan wasa, da kayan aiki.""
Wane irin gogewar koyo ne ke haɓaka manufofin da malamar ta ayyana?","Cikin rukuni mai yawa, a yi karatun wakoki tare; bayan haka, yaran za su kwafi wasu kalmomi don su ƙirƙiri nasu saƙonnin","A cikin ƙananan ƙungiyoyi, ana gayyatar yara su yanke kalmomi daga mujallu da jaridu, sannan su kwafi wasu daga cikinsu don su ƙirƙiri sabbin matani.","A cikin ƙananan ƙungiyoyi, an gayyaci yaran su haɗu su rubuta girke-girke, sannan su yi amfani da cokula, abin kaɗawa, da kwanuka wajen shirya haɗin.","A cikin babban rukuni, a yi karatun labari da murya, sannan a gayyaci yara su zana murfin ko wuraren da suka faru a cikin labarin yayin da suke kwafin sunayen jaruman.",,,,C,Literacy,Teaching strategies,Pre-primary,2023,
296,A matakin reno na sama tawagar ilimi ta yanke shawarar tsara dabaru don bunkasa manufar koyo mai zuwa ta Jigon Harshen Magana: Don bayyana bukatunsu da abubuwan da suke so ta baki ta hanyar hada kalmomi da motsin jiki amfani da kalma-jimla kuma a hankali amfani da jimloli masu sauƙi. Wace rukunin ayyuka ce ta dace ga yaran don cimma wannan manufa ta koyo?,"Cikin da'irar farko, ku sa yaran su maimaita kalmomi daga cikin waƙa. Sa'an nan, a wata sabuwar gogewa, ku sa su bi waƙoƙin da martani na jiki da kuma na baki. Za su kammala da rera waƙa tare da rakiyar kayan kaɗe-kaɗe.","A ƙananan ƙungiyoyi, ku nemi yaran su gane kuma su maimaita kwaikwayon sautin dabbobi daban-daban. Sa'an nan, a cikin wata sabuwar kwarewa, ku sa su maimaita waƙoƙin rima da suka shafi dabbobi. Za su kammala ta hanyar cika jumloli masu sauƙi da waƙoƙin rima na dabbobi.","A cikin manyan rukuni, a gayyaci yara don su bincika kuma su ɗanɗana ruwan 'ya'yan itace, kuma a zaburar da su don su gano kayan haɗinsa ta hanyar kafa. Bayan haka, a cikin wata sabuwar gogewa, a gayyace su don su zaɓi ta hanyar faɗin sunayen 'ya'yan itatuwan da suke so su yi amfani da su wajen shirya sabon ruwan 'ya'yan itace don su ɗanɗana","Yayin da ake karanta labari, ka tambayi yaran su faɗi wane ne jarumin da suka fi so. Sannan, a cikin wani sabon aiki, ka sa su rina wasa-hannu na sanda da jarumin da suka fi so, kuma ka tambaye su su gabatar da shi ga abokan karatunsu. Ka kammala ta hanyar ƙarfafa su su yi wasa da wasa-hannun kuma su ƙirƙiri labarai a cikin 'yanci.",,,,D,Literacy,Teaching strategies,Pre-primary,2023,
297,"Malamar makarantar gaba da firamare ta shirya kimanta manufar koyo mai zuwa daga muhimmin sashin Harshen Magana: ""Don bayyana kai da baki a sarari da kuma fahimta, ta hanyar amfani da cikakkun tsare-tsaren jimloli, dacewa da kuma daidaitattun sauye-sauyen kalmomi dangane da lokuta, mutane, da kuma manufofin sadarwa."" Don cimma wannan buri, ta tsara wani kwarewar koyo inda yaran za su ƙirƙiri labari daga jerin hotuna uku, wanda malamar za ta rubuta. Isabel, mai shekaru 5, ta ba da labari mai zuwa: ""A wani lokaci, akwai wani yaro wanda ke da wani *llana* (kwado) da wani *pello* (kare) kuma yaron ya yi barci a kan gado kuma *llana* (kwado) ya fita daga cikin tukunya ya tafi, kuma ya kama shi. Ƙarshe."" Idan aka yi la'akari da abubuwan da ake tsammani a cikin harshen bayyanawa ga yaro na wannan matakin, wane fasali na labarin Isabel ya nuna cewa ba ta kai ga cimma koyon da aka nuna ba tukuna?",Ba ta sa siffofi a cikin jumloli ba,Ba ta sa adabarbi a cikin jumilolin ba,Bata canza kalmomin aiki a cikin sigar da ta wuce cikakke ba,Ba ta furta sautin 'r' mai rawa daidai,,,,B,Literacy,Student understanding,Pre-primary,2023,
298,"Wata malamar aji na uku za ta yi aikin rubuta labari tare da ɗalibanta, tana mai da hankali kan daidaitawa ga yanayin sadarwa. Idan aka yi la’akari da wannan babban abin da aka sa a gaba na aikin, wace daga cikin tambayoyin da malamar za ta yi ce za ta fi dacewa ga ɗaliban don fara shirin samar da rubutunsu?","Kamar yadda aka umarta, ga fassarar ta ba tare da ƙarin bayani ba:

Menene labarinmu zai kasance akai?",Ga wane za mu rubuta labarinmu?,INA labarinmu zai faru?,Wane irin harshe za mu yi amfani da shi a labarinmu?,,,,B,Literacy,Teaching strategies,Primary,2023,
299,"Bisa ga wani aiki na gwaji, wani ɗalibi na aji uku ya rubuta rubutu mai zuwa, a ciki ya yi bayanin abin da ya faru ga ƙwayoyin bayan kwana shida da sanya su a wani wuri mai danshi. 12 ga Mayu. Da ƙwayoyin masara masu danshi, bayan kwana 6, ganye sun fito kuma yanzu suna iya yin photosynthesis. Wane fanni na nahawu ne ke buƙatar gyara a rubutun ɗalibin?",Amfani da mahadai bisa ga ayyukansu,Yarda lambar tsakanin nahawu da suna,Amfani da jujjuyawar fi'ili (aiki) bisa ga tsawon lokaci (zamanin aiki),Yarjejeniyar lambar tsakanin sunan gurbin da sunan da ya maye gurbinsa,,,,D,Literacy,Student understanding,Primary,2023,
300,"Malamin aji na huɗu yana bita a kan rubutun da ɗalibansa suka yi, bisa ga aikin da ya ba su na rubuta wani gajeren labari na iyali. Wani ɗalibi ya gabatar da rubutu kamar haka: Gajeren Labari na Iyali. Asabar ta kasance rana mai kyau. Na fita tare da mahaifiyata da kakanni na don cin abincin China. Ya yi mini daɗi sosai! Da muka isa gidan abincin, muka zauna a tebur mai ɗaukar mutum huɗu kuma muka nemi menu don ganin zaɓe-zaɓen da ke ciki. Akwai zaɓi biyu, menu A da B. Muka ba da odar B, domin ya ƙunshi nau’ukan abinci masu yawa. Da muka yanke shawara, mahaifiyata ta ce mini, “Martina, ba da odar.” Don haka na kira mai hidimar kuma na ba da odar menu B da kuma abin sha ga kowannenmu. Na ji kamar na zama babba! Wane gyara na harshe ya kamata malamin ya yi a rubutun ɗalibin?",Tsarin jam'i na sunan menu,Sauye-sauyen fi'ili hacer (yi/kirkira) dangane da mutum da sigar fi'ili,"Juya fi’ili marar mai yi na “haber” a cikin jimla: “Akwai zaɓuɓɓuka biyu, menu A da B.”",Amfani da siffar mai magana ta farko a cikin jimlar: “Na fita da mamana da kakannena don cin abincin Sin.”,,,,B,Literacy,Student understanding,Primary,2023,
301,"Malamar a aji na shida tana horar da ɗalibai kan fahimtar karatu. A matsayin wani ɓangare na ayyukan, ta sa su karanta waƙa mai zuwa da nufin fassara ma'anarta: Malam-Malami na iska, kyawunka ba misali, Malam-Malami na iska, mai launin zinariya da kore. Hasken fitila, Malam-Malami na iska, zauna a nan, a nan, a nan! Zauna a nan! Malam-Malami, kana nan? (Malam-Malami, Federico García Lorca). Wace dabarar fahimtar karatu ce ta dace a yi amfani da ita bayan an gama karantawa don cimma manufar da aka gabatar?",Amsa tambayar: menene dalilin wakar?,Amsa tambayar: A ina kake tsammanin malam-bude-littafi ya tafi?,Ku raba da abokan makaranta abin da suka sani game da malam-malamai,Alamaici kalmomin da ke magana a kan malam-buɗe-littafi kuma ka danganta su da waƙar.,,,,D,Literacy,Teaching strategies,Secondary,2021,
302,"Malamin ajin aji na 8 zai yi aiki tare da ɗalibai a kan manufa mai zuwa: ""Haɓaka bincike ta hanyar tantance tushen bayanan da aka tuntuba yadda ya kamata."" Don yin haka, an gabatar da wani aiki wanda ya ƙunshi zaɓar marubucin da suke sha'awar yin bincike game da aikinsa sannan kuma su gabatar da aikin ga abokan ajinsu. Wace ce daga cikin ayyukan da ke gaba ke ingiza wa ɗalibai neman bayanan da suka dace don aiwatar da ayyukan da aka nuna?",Ka ce musu su sake nazarin bayanan da suke da su dangane da manufofinsu don nemo kalamai da ke goyon bayan matakin da suka ɗauka,"Ku jagoranci neman bayani bisa ga tsara tambayoyi game da kowane ɗayan littattafansu, misali: ta yaya salon marubucin na musamman ya bayyana a cikin wannan aikin?","Nemi littattafai na zaɓaɓɓun marubutan ko, idan ba su zaɓa ba, ba da shawarar guda ɗaya dangane da nau'in sha'awarsu don samun cikakken ra'ayi game da jigon","Shawartar amfani da jerin abubuwan dubawa a cikin rubutun da aka samu, dangane da ma’aunai kamar su: “An rubuta shi a sarari?”, “Ya gano marubucinsa ko cibiyar da ke da alhakin?”, “Ya gabatar da harshen fasaha game da batun?”",,,,D,Literacy,Teaching strategies,Secondary,2021,
303,"A cikin ajin aji bakwai, yayin da ake kan nazarin tatsuniyoyi da labarun halitta, wani malami yana aiki a kan manufar koyo mai zuwa: “Bincika rawar da haruffa ke takawa a cikin tatsuniyoyin halitta.” Don cimma wannan, ya zaɓi zaɓi na labarun da al'adu daban-daban suka ƙirƙira. Wace daga cikin waɗannan ayyukan ta dace don ɗalibai su magance wannan manufa?",Ku ƙirƙiri kati da ke ambaton haruffan kowane tatsuniya da al'adar da suke cikinta,"Samo hotuna masu bayyana babban hali, hali na biyu, da hali na wucewa daga tatsuniyoyin da aka zaɓa",Yi tebura waɗanda za su danganta wasu halaye daga kowace tatsuniya da abubuwan haƙiƙa da aka bayyana a cikin waɗannan labaran,Ku rubuta gajerun rubuce-rubuce waɗanda za su sanar game da halayen manyan jaruman tatsuniyoyin da aka zaɓa,,,,C,Literacy,Teaching strategies,Secondary,2021,
304,"Bayan an yi wani aiki da daliban aji na takwas suka rubuta rubutu mai bayar da bayanai, Malamin ya gane cewa yawancin ajin suna da matsala wajen amfani da haɗin nuni, domin suna yawan maimaita kalmomi kuma ba sa amfani da wasu hanyoyi, kamar su karin suna ko kalmomin nuni, da sauransu. Wace dabara ta gyara da Malamin ya bayar za ta taimaka wa daliban su ƙarfafa amfani da haɗin nuni a rubutunsu?",Bincika sake ajujuwan kalmomin daban-daban da za a iya amfani da su don danganta dangantaka a cikin rubutu,"A ba wa ɗalibai, a matsayin maimaitawa, wani littafi mai lissafin kalaman ma'ana guda, da sunaye, da kuma kalmomin nuni (deictics), har da misalai na yadda ake amfani da su","A gudanar da gyaran tsara inda kowane ɗalibi zai gyara rubutun abokin karatunsa, yana mai ba da kulawa ta musamman ga hanyoyin koma-wa-kani waɗanda suka yi amfani da su","Mayar da rubutun ga kowane ɗalibi tare da alamomi a kan kowace maimaitawa, kuma ka nemi su sake rubuta shi, su maye gurbin maimaitawar da kalmomi waɗanda za su riƙe ma'anar kowace jimla.",,,,D,Literacy,Student understanding,Secondary,2021,
305,"A lokacin darasin waka na aji takwas, malami ya sa ɗalibai su karanta wannan guntun waka da ke gaba don su iya gane dangantakar da ke tsakanin siffofin tsari da kuma abin da wakar ta ƙunsa. Alamedas Reshen itaciyar poplar yana jeruwa a sama
jerin reshe, muna jeruwa
a ƙarƙashin ganye, muna tashi sama
a saman ruwan itace, tudu ya hau.
Ganyaye suna jeruwa ta cikin ambaliyar ruwa
na babbar hanya. Ku zo, to, ku ji
yadda yake nitsewa a cikin sararin sama
kore hannuwan zuwa yamma. (Rafael Rubio). Wace daga cikin waɗannan tambayoyi ce za ta bai wa ɗalibai damar danganta babban siffa da ma’anar wakar?",Waɗanne adadin kalmomi ne aka yi amfani da su a cikin waƙar?,Yaya salon ƙirƙirar baitocin waka ya shafi taken wakar?,Shin akwai wata dangantaka tsakanin sautin da abin da ke faruwa a cikin wakar?,Wace rawa ma'auni yake takawa wajen rabawa da fahimtar wakar?,,,,C,Literacy,Teaching strategies,Secondary,2021,
306,"Malamin aji na takwas, a ƙarshen darasin nau’in rubutun wasan kwaikwayo (Dramatic Genre), ya umarci ɗalibai su rubuta ɗan gajeren rubutu. Bayan ya duba su, sai ya ga rubutun wani ɗalibi kamar haka: Gida ne kamar kowane gida. A hannun dama, ɗan yana cikin ɗaki yana wasa a kwamfuta, a hannun hagu kuma, uba yana haɗa shayi. UBA: Ɗa, zo ka sha shayi. Wannan shi ne sau goma kenan ina faɗa maka. ƊA: Ina zuwa, ka ba ni 'yan mintoci kaɗan. UBA: (Cikin matsanancin fushi) Ka zo nan take! ƊA: I, ina zuwa, wasa ɗaya kacal na Free Fire nake ƙarasawa. Amma uban ya kasa jurewa, sai ya tafi da fushi ya yi wa ɗan nasa magana, ya shaida masa yadda hakan ke yiwuwa har ya zama mai yawan sha’awar abu haka har ya daina yin lokaci tare da ubansa. ƊA: Amma Baba, don gaba na ne. Zan zama mai tasiri a duniyar wasanni (gaming influencer)! -uban ya tsaya a ɗakin yana kallon ɗan nasa cikin tunani-. UBA: Na dai so kawai mu kasance tare a lokacin da muka samu. ƊA: Kai, yi haƙuri! Ka ba ni minti biyar kacal zan zo. Kuma haka wata rana ta ƙare a cikin wata iyali ta yau da kullum. Wace irin wahalar koyon rubutun wasan kwaikwayo aka gano a cikin rubutun ɗalibin?",Haɗa yaren umarnin mataki da na gefe,Rude ɓangaranci da maganganun halayen labari,Rikita muryar haruffan da muryar mai ba da labari,Baya fahimtar aikin umarni a mataki a cikin wani aikin wasan kwaikwayo,,,,C,Literacy,Student understanding,Secondary,2021,
307,"Malam yana aiki kan alamomin rubutu tare da ɗalibansa na aji na 7. Don yin hakan, ya raba musu wata jagora mai ɗauke da aikin da ke gaba: Karanta ɓangaren da ke gaba kuma sanya alamar wakafi (koma), inda ya dace, a cikin ɓangaren da aka zana masa layi. Sergio Gómez mai rubuta shafi ne, edita, malamin Sifanishi, kuma marubucin ƙasar Chile wanda ya samo shahararsa galibi daga litattafan matasa da ya rubuta, musamman jerin littattafan dan binciken matashi Quique Hache. Ɗaliban sun kammala aikin daidai ta hanyar sanya alamar wakafi a cikin ɓangaren da aka zana layi bayan kalmomin: mai rubuta shafi da edita. Wane ilimi na farko ne ɗaliban ke buƙata don su yi amfani da alamar wakafi daidai a cikin ɓangaren da aka zana layi?",Gane ƙwayoyin haɗin kalmomi masu kama da juna,Gano jimlolin mataimakan siffa,Gane maganar kira a cikin jimla,Bambanta kalmomin haɗi a cikin jimla,,,,A,Literacy,Student understanding,Secondary,2021,
308,"A lokacin sashin Waƙa a ajin aji na 6, a yanayin tantancewa, malama ta umarci ɗalibai su karanta wannan guntuwar waƙa ta Nicanor Parra domin su nazarta, suna gano abubuwan harshen waƙa.

Mafarki
Ina mafarkin teburi da kujera
Ina mafarkin na juya a mota
Ina mafarkin ina ɗaukar fim
Ina mafarkin tashar mai
Ina mafarkin ni ɗan yawon buɗe ido ne na alatu
Ina mafarkin an rataye ni a giciye
Ina mafarkin ina cin kifi
Ina mafarkin ina tsallaka gada
Ina mafarkin alamar neon.

Ɗalibai da yawa sun ce waƙar ba ta da wata ma'ana domin tana maimaituwa kuma layukan ba su haɗu da juna ba.

Idan aka yi la'akari da maganganun ɗaliban, wace tambaya ce malamin zai yi wacce za ta iya shiryar da su don su fassara waƙar daidai?",Ta yaya wannan maimaitawar da rashin ma'ana da ake gani ya danganci taken wakar?,"Mene ne kayan adon maganar da waƙar ta gabatar, waɗanda ke ba mu damar sake gina ma’anar layukanta?",Wace irin ji take son ta bayyana ta bakin mai magana a wakar ta hanyar hotunan kama-da-mafarki da ya gina?,Sunan siffar adabin da ta ƙunshi maimaita kalma ɗaya a jerin layuka masu biyo baya?,,,,A,Literacy,Student understanding,Secondary,2021,
309,"Malami, a ajin aji na takwas, a lokacin darasin nau'in waƙoƙi, zai yi kimantawa ta ci gaba kan manufa mai zuwa: ""Fahimtar sifofin tsarin waƙa na zahiri."" Wace daga cikin ayyukan da ke gaba za ta ba da damar shaida kai tsaye na cimma manufar da aka gabatar?","Ka gabatar da waka sannan ka tambayi dalibai su gano alamomin wakokin, sa'annan su hadu a kananan kungiyoyi don yin nazari a kansu tare da abokan karatunsu","Gabatar da Sonnet da waƙar zube waɗanda ke magana a kan maudu'i guda, kuma, farawa daga bambancin siffofi da kalmomi masu kama da juna, kwatanta kamance-kamance da banbance-banbance tsakanin waƙoƙin biyu.","Ka gabatar da wata waka kuma ka tambayi ɗalibai su tantance mai magana, manufa, da kuma abin da wakar ke magana a kai, don su rubuta wani nazari na kansu game da rubutun, suna ambaton batutuwan da ke cikinsa.","Gabatar da waƙa sannan a nemi ɗalibai su tantance, ta hanyar jagorar tambayoyi, adadin baitoci, kundin baitoci, kasancewar ko rashin kasancewar waƙi, ma'auni (siga), da halayen waɗannan, haka kuma kasancewar salon adabi",,,,D,Literacy,Assessment,Secondary,2021,
310,"Malamar aji na bakwai za ta gudanar da tantancewa ta ci gaba wadda manufarta ita ce: fahimtar rikicin da ke cikin wani wasan kwaikwayo. Don yin haka, za ta yi karatun wasan kwaikwayo na nuni tare da ɗalibanta. Wanne ne daga cikin waɗannan ayyukan zai nuna cewa ɗaliban sun fahimci rikicin da ke cikin wasan kwaikwayo?",Suna bayyana ayyukan jarumi da maras-kyautayen aikin da aka karanta,Suna tantance fitowar jarumi da abokin hamayyarsa a kowane fage,Suna gano sha’awa ko nufin jagoran labari da mai adawa a cikin aikin da aka karanta,Suna yanke hukunci game da ɗabi'ar babban jigo da abokin hamayya a cikin aikin da aka karanta,,,,C,Literacy,Assessment,Secondary,2021,
311,"Malam/Malami a ajin sakandare na biyu zai gudanar da bincike tare da ɗalibai game da adabin Zamanin Zinariya (Golden Age), inda za a mai da hankali kan sifofi da yanayin tarihin wannan lokaci. Bayan an yi bincike a Intanet, ɗalibai za su haɗa jerin littattafai (bibliography) mai zurfi, sannan su zaɓi littattafan da suka fi dacewa da manufar binciken. Wace ce daga cikin ayyukan da malamin ya gabatar a gaba za ta fi dacewa don zaɓin littattafan da aka bincika?","Yi bayanan littattafai bisa ga tushen da aka tuntuba, sannan a tantance wane tushe ne za a yi aiki a kai",Yi babban karatu na rubutun don gano manyan ra'ayoyi sannan a tantance muhimmancin bayanan bisa ga manufar binciken,"Yi amfani da dabarun don gano jigo da babban tunani na kowace majiya da aka duba, sannan ka raba bayanai bisa ga ƙananan jigogi, bisa ga manufar binciken","Yi takaitawa da muhimman bayanai da aka fitar daga tushen, sannan a ƙirƙiro tsare-tsaren hotuna (graphic organizers) da bayanan da aka ɗauka a matsayin mafi dacewa ga binciken.",,,,B,Literacy,Teaching strategies,Secondary,2021,
312,"Malam/Malamar, a cikin ajin sakandare na shekara ta 4, a cikin sashin na 'yan gaban-gaba a fannin adabi, ya/ta karanta kuma ya/ta yi nazari tare da ɗalibai a kan Sanarwar Dadaist (Dadaist Manifesto), da nufin taimaka musu wajen fahimtar yadda Dadaist suka gudanar da kirkirar su. Wasu ɗalibai sun nuna cewa ba su iya fahimtar tsarin kirkirar. Wace hanyar adabi za ka/ki gayyaci ɗaliban su yi aiki a kai, don magance matsalolin da suka taso a cikin ajin?",Da ɗari-ɗari-ɗaya,Da adawa da waƙa,Da mai fasa ƙashi,Da gawa mai ban sha'awa,,,,D,Literacy,Student understanding,Secondary,2021,
313,"Wani Malam, a ajin sakandire na shekara ta biyu, a cikin darasin da ke magana a kan rubututtukan wakoki na Zamanin Zinari, yana aiki a kan manufa kamar haka: ""Fahimtar jigon waka a cikin wakoki daban-daban."" Don yin haka, yana karantawa tare da dalibai baitin waka (sonnet) kamar haka: Soyayya tana farawa da rashin natsuwa, roko, zafi, da farkawa; tana girma da hadari, mashinai, da da'awa; tana dawwama da kuka da addu'o'i. Raunin koyarwa da narkewa, tana ci gaba da kasancewa cikin mayafai masu yaudara, har sai da koke-koke ko kishi ta kashe wutarta da hawayenta. Farkonta, tsakiyarta da karshenta ke nan: to me ya sa, AlciNo, kake jin karkacewar Celia, wacce ta taba son ka sosai? Me ya sa kake shan wahalar ciwo? Domin soyayya ba ta yaudare ka ba, ya AlciNo na, amma lokaci ne kawai ya cika. (Sor Juana Inés de la Cruz). Wasu dalibai sun yi sharhi cewa ba za su iya fahimtar jigon wakar ba saboda akwai kalmomi da yawa da ba su sani ba. Wane aiki ne Malamin ya kamata ya gabatar domin dalibai su fahimci jigon wakar?","Dalibai su nuna kalmomin da ke hana fahimtar wakar, sannan su tattauna yiwuwar ma'anoninsu tare da abokan karatunsu",Ɗalibai suna danganta ma'anoni masu yiwuwa ga kalmomi masu wahala kuma su tabbatar da su tare da taimakon malami,"Ɗalibai suna nazarin ma'anonin da suka ba kalmomi masu wuya, kuma suna rubuta jumloli da su.","Ɗalibai suna zaɓar kalmomin da suke da wuya a fahimta kuma su maye gurbinsu da wasu waɗanda, bisa ga saninsu na baya, ke da ma'anoni masu kama da juna",,,,B,Literacy,Student understanding,Secondary,2021,
314,"Wani malami, a ajin Sakandire na farko, yana gudanar da karatun baki na rukuni na labarin *El padre* na Olegario Lazo, da nufin tabbatarwa yayin karatun ko ɗalibai sun fahimci abin da suke karantawa. Wace dabarar fahimtar karatu ce za ta dace don magance manufar koyo da aka gabatar?",Dalibai na taƙaita abin da suke karantawa,Dalibai sun gano muhimman ra'ayoyin labarin,Dalibai sukan tsara tambayoyi game da abin da suka karanta kuma su amsa su.,Dalibai suna danganta bayanan labarin da gogewarsu,,,,C,Literacy,Teaching strategies,Secondary,2021,
315,"Aji na uku na makarantar sakandare, malama tana ƙarfafa matakin fassarar ma'ana a fahimtar karatu. Don yin hakan, ta gabatar da wannan guntuwar rubutu mai zuwa don bincike:

Hoton Kai

Na shafe shekara uku da wata uku a ƙasashen waje. Na fi so in kalli hagu. Abokina yana jin daɗin cin amana. Ƙarshen tafiya ya bar mini ɗanɗanon baƙin ciki iri ɗaya kamar ƙarshen littafin labari. Ya manta da abin da bana so. Wataƙila na yi magana da wanda ya kashe wani ba tare da na sani ba. Zan duba a cikin matattun wurare. Abin da ke ƙarshen rayuwa baya tsorata ni. A gaskiya, ba na sauraron abin da aka gaya mini. Na yi mamakin yadda aka ba ni sunan laƙabi ba tare da an san ni sosai ba. Yana ɗauka na lokaci kafin in fahimci cewa wani yana yi mini hali mara kyau; yana da ban mamaki cewa wani abu makamancin haka zai iya faruwa da ni: mugunta, a wata hanya, ba ta da ɗa'a. Rumbun Adana Bayanai. Ina da shekara biyu, na yi magana da Salvador Dalí. Gasa ba ta ƙarfafa ni. Bayyana rayuwata daidai zai ɗauke ni lokaci fiye da rayuwa ita.

Bayan karatun, wasu ɗalibai sun ambata cewa ba su fahimci yadda jimloli daban-daban suka haɗu a cikin rubutun ba.

Wace tambaya ce daga malamar za ta iya shiryar da ɗaliban wajen binciken guntuwar rubutun da ta gabata?",Yaya lissafin hujjoji marasa jituwa ya shafi taken rubutun?,Waɗanne alaƙa za a iya kafawa tsakanin mai zane Salvador Dalí da ayyukan da aka bayyana?,Wace dabara ta ba da labari da ke siffanta adabi na zamani aka yi amfani da ita a cikin rubutun?,Yaya yanayin mai ba da labari yake da alaƙa da hujjojin da ya lissafa?,,,,A,Literacy,Teaching strategies,Secondary,2021,
316,"Malami a makarantar sakandare, a aji na huɗu, a cikin sashin Labari na Zamani (Contemporary Narrative), yana bitar hanyoyin labari na musamman ga adabin zamani. Bayan ta yi bayanin ma’anar polyphony a cikin adabi da ba da wasu misalai, ta lura cewa wasu ɗalibai har yanzu ba su fahimci cikakken abin da yake ƙunshe da shi ba. Don sauƙaƙe fahimta, ta yanke shawarar bayyana wannan ra'ayi ta hanyar kwatanci. Wane kwatanci malamin zai iya gabatarwa don sauƙaƙe fahimtar polyphony a cikin adabi?",Mawaƙan makaranta suna rera waƙar girmamawa ta cibiyar a wani shiri na jama'a,Wata ƙungiyar abokai ta haɗu bayan hutu don raba hotunansu da abubuwan da suka gani,Mutum yana a dandali kuma yana tsokaci a kan halin yaran da suke wasa a wurin,"Lokacin da tukunyar fure ta faɗi daga baranda a kan motar da aka ajiye, shaidu suna ba da labarin abin da suka gani",,,,D,Literacy,Teaching strategies,Secondary,2021,
317,"Wata malamar sakandare, a aji na farko, tana aiki a kan manufa mai zuwa: ""Sanin gaskiya da daidaiton bayanai daga tushe daban-daban."" A kan haka, sai ta ba da shawarar cewa ɗalibai su bincika bayanai game da rigakafi. Wace aiki ce za ta dace a ba da shawarar ga ɗaliban don cimma burin koyon da aka bayyana?","Zabi maɓallan bayanai daban-daban guda goma waɗanda suka tattauna batun guda, sa'annan ka kwatanta su kuma gano wacece irin bayani ce mai kama da juna ta bayyana a cikin mafi yawan ma'adanar bayanai da aka zaɓa","Bincika tushe masu ɗumbin yawa na musamman a kan batun, sa'an nan kuma nemi wane bayani suke gabatarwa game da shi da wace ƙungiya ce take goyon bayansa","A shirya hira da wani masani da suka sani, wanda yake da cikakken sani game da batun, don a yi masa tambayoyin da suka taso yayin binciken, sannan a yanke ƙudurori","Ku kirkiro kuma ku gudanar da bincike na mutanen da suke goyon baya da kuma adawa da alluran rigakafi, sannan ku zana ƙarshe bisa ga sakamakon",,,,B,Literacy,Teaching strategies,Secondary,2021,
318,"A Shekara ta Farko, wani malamin Sakandire yana aiki kan gyaran nahawu a rubutattun ayyuka na tsari, yana la'akari da, a cikin sauran abubuwa, daidai dacewar fi'ilai. A wannan lokacin, wani ɗalibi ya tambaya me ya sa ake bada shawarar amfani da fi'ili a sigar guda ɗaya a cikin jumla irin su 'An sami matsaloli da yawa a yayin tsarin ilimi'—ba tare da amfani da sigar jam’i ba—duk da cewa abin da ya biyo baya jam'i ne: 'matsaloli da yawa'. Wace bayani ce daga malamin za ta bada damar amsa mai ma'ana, ingantacciya a dunkule, kuma mai sauƙin fahimta ga shakkun ɗalibin?","Kalmar 'Akwai' tana nuna kasancewar abubuwa ko yanayi, kuma a wannan yanayin, an yi amfani da ita a cikin jimlar maruɓa ta sifa mai tsawaita, inda jigon, wato 'tsarin ilimi', ke aiki a matsayin cikakken jigon mai yin aiki wanda galibi yakan bayyana a jinkirce a ƙarshen jumlar.","Kalmar aiki ‘Akwai/An yi’ ba ta kafa daidaituwarta ta yawan adadi da sashin jimlar ‘matsaloli masu yawa’ ba, sai dai da ‘tsarin ilimi’, wanda shi ne ma’abucin jimlar. Saboda haka, an cika ka’idar nahawu ta daidaituwa tsakanin ma’abuci da kalmar aiki","Ayyukan 'Akwai' yana haɗuwa da kalmar suna 'masu yawa matsaloli', domin wannan wani ɓangare ne na jigon maganar sa. Saboda haka, gaskiyar cewa wannan ɓangaren jam'i ne bai shafi kalmar aiki ba, tun da a cikin wannan yanayin, haɗaɗɗiyar siffar 'mallaka' tana aiki a matsayin wani abokin aikin kalmar aiki na wata wadda aka ɓoye.","Anfani da kalmar 'Akwai' na nuna wanzuwar abin da aka koma bayan kalmomin 'matsaloli da yawa' wanda ke zama mai cike bayani kai tsaye a cikin wannan jimla wadda ba ta da mai aikatawa. Kasancewarta a cikin jam'i ba ya nuna cewa lallai kalmar aiki ta kasance a cikin jam'i ba, tunda dole ne ta dace da mai aikatawa, ba da mai cike bayani kai tsaye ba.",,,,D,Literacy,Student understanding,Secondary,2021,
319,"Malamin makarantar sakandire, a ajin shekara ta huɗu, yana aiki da ɗalibansa a kan alaƙar matani, ta hanyar karanta ƙaramin labari mai zuwa: Kyakkyawar Barci ta rufe idanunta amma ba ta barci ba. Tana jiran yarima. Kuma lokacin da ta ji yana kusantowa, sai ta yi kamar ta ƙara yin barci mai zurfi. Babu wanda ya faɗa mata, amma ta sani. Ta san cewa babu wani yarima da ke wucewa kusa da mace mai buɗe ido. Bayan karatu, wani ɗalibi ya yi sharhi kamar haka: A cikin wannan ƙaramin labari, kamar dai a cikin tatsuniyar gargajiya, Kyakkyawar Barci tana nan tana jiran yarima. A takaice, jarumin labarin shine yarima. Don amsa wannan sharhi, wace tambaya ce malamin zai iya yi wacce za ta jagoranci ɗalibin ya yi fassarar da ta dace game da alaƙar rubutu da rubutu da ke cikin wannan ƙaramin labari na baya?",Waɗanne abubuwa na tsari ne ƙaramin labari ke gabatarwa dangin labarin gargajiya?,Kuna ganin jaruman ɗan gajeren labarin suna da muhimmanci a yau?,Menene manyan halayen haruffan duka labaran biyu?,"Me ya sa Kyakkyawar Mai Barci ta ɗan gajeren labarin take nuna kamar tana barci, sabanin sigar ta asali?",,,,D,Literacy,Student understanding,Secondary,2021,
320,"Wata malama, a cikin aji na biyu na Makarantar Tsakiya, tana aiki da ɗalibanta kan manufa mai zuwa: Gane tasirin da hanyoyin adabi ke samarwa a cikin wakoki.

Don cimma wannan, malamar ta umarce su da su karanta wakoki daban-daban kuma ta buƙaci su gane hanyoyin adabi da ke bayyane a cikinsu, domin daga baya su iya yin nazarin wane tasiri amfani da waɗannan hanyoyi zai yi a kan ma'anar wakar gaba ɗaya.

Daya daga cikin wakokin da ta gabatar musu ita ce kamar haka:

DANGIN MAGE

Lokaci yana jin kamar yana zamewa a kan fata
Kamar dai harshen mage ne
Mai lankwasa, mai ɗumi, ɗan mara santsi

Kuna iya jin farce-farcenta:
Kuma duk abin da ya rage daga gare mu
Ragowar wata liyafa ce ta shiru

Lokaci yana tsalle yana tonon shara
Kuma kawai yana samun ƙaya
(Óscar Hahn).

Malamar, bayan ta duba amsoshin ɗaliban, ta gano cewa da yawa daga cikinsu sun nuna cewa kamantawa (Comparison) ita ce salon da ya fi rinjaye a cikin wakar saboda an kwatanta dangin mage da shudewar lokaci.

Wace tambaya ce daga malamar za ta taimaka wa ɗaliban su gane cewa Isti'ara (Metaphor) ita ce salon da ya fi rinjaye a cikin wakar?",Wace dabara ce ta kalamin kirki take bai wa waƙar ma'ana?,Waɗanne halaye ne abu mai-waƙa na waƙar yake da su?,Wace alaƙa ce aka kafa tsakanin halayen kyanwa da wucewar lokaci?,Wane irin ji ne mai magana a waka yake bayyanawa ta hoton kyanwa?,,,,C,Literacy,Student understanding,Secondary,2021,
321,"Wani malamin sakandare na shekara ta biyu, bayan ya gudanar da rubutacciyar muƙala inda ɗalibai za su yi tsokaci kan wani littafi, sai ya sake nazarin rubutu mai zuwa daga ɗaya daga cikinsu: Littafin ya gabatar da wata muhawara mai sarkakiya da ke da alaƙa da rashin amincewa tsakanin haruffan labarin. Littafin an tsara shi a sassa uku, don haka littafin yana da wuyar fahimta. A ƙarshe, littafin ya sa na yi tunani game da rashin tausayi a cikin duniyar da muke zaune a ciki, kamar yadda yake a cikin littafin, halin Pedro, wanda bai taimaki mahaifiyarsa ba lokacin da take bukatarsa. Wane ne daga cikin waɗannan abubuwan lura, wanda malamin ya yi, zai ba da amsa ga ɗalibin don inganta haɗin kan rubutun?",Yana da muhimmanci ka yi amfani da coreference don inganta rubutunka,"Don gujewa maimaitawa, yi amfani da kalmomi masu kama da: littafin",Guji maimaita kalmomi: an maimaita littafin sau da yawa a cikin sakin layin,"Rubutun ya gaza a dangantakar da ke bayyane, ta hanyar shigar da maimaita kalmomi",,,,B,Literacy,Student understanding,Secondary,2021,
322,"Wani malami na shekara ta 3, yayin sashin Muhawara ta Baki, ya shirya wani aikin tattaunawa game da ingancin amfani da makamashi. A wannan yanayin, ɗalibi ɗaya yana kare ra'ayin cewa ya kamata a yi kira kada a ""ɓata"" makamashi. Wani ɗalibi kuma yana tambaya game da wannan matsayi, saboda suna la'akari da cewa zai zama mai zaman kansa (subjective) sosai a rarraba amfani kawai a matsayin ɓatawa ko ba ɓatawa ba. Malamin ya nemi ɗalibin farko ya sake fasalta ra'ayinsa. Wace dabara ce za ta ba ɗalibin damar sake fasalta ra'ayinsa daidai gwargwado a cikin muhawarar da aka gabatar?",Amfani da jeri-jeri a tsaye don fayyace illolin ɓata makamashi,Amfani da jere-jereren adadi masu kari don ƙara ra'ayoyi dangane da wasu hanyoyi marasa inganci na amfani da makamashi,Amfani da jere-jeren bayyanai don tantance ainihin ma'anar abin da zai zama almubazzarancin makamashi,Amfani da jeri-jeri na adawa don tabbatar da bambance-bambance a tsakanin wasu ɓarna-ɓarnar makamashi daban-daban,,,,C,Literacy,Teaching strategies,Secondary,2021,
323,"A ajin aji shida, wata malama tana aiki da ɗalibai kan fahimtar yanayin da waka take isarwa. Don yin hakan, tare da ajin, ta gudanar da karatun kamar haka: Za mu iya zama a inuwa mu yi nazari kan lambu? Ganyen baƙin ciki suna girma. Bishiyoyi sun kewaye mu kuma a cikin dogayen maƙogwaronsu shiru yana kuka. (Jininmu ma yana kuka, kogi mai duhu wanda yake farawa kuma yake ƙarewa a cikinmu). Bayan mu, duwatsu masu nauyi sun dakatar da mu kuma wata yana fitowa kamar ido. (Zagayowar Ruwa, Alicia Montal). Wace dabara malamar za ta iya gabatarwa ga ɗaliban don inganta fahimtar yanayin da aka isar a cikin wakar da aka karanta?",Gano siffofin kalamai da ke cikin wakar,Amsa tambayar: wane taken daban za ka bai wa wakar?,Danganta halayen lambun da abin da mai magana ya bayyana,Siffanta halayen lambuna da ɗalibai suka sani da kuma irin tunanin da suke haifarwa,,,,C,Literacy,Teaching strategies,Secondary,2023,
324,"Malamin aji na biyar yana aiki kan haskakawa a matsayin kayan aiki don taimaka wa ɗalibai su gano muhimman ra'ayoyi a cikin rubutun da ba na adabi ba. A lokacin ayyukan, malamin ya lura cewa ɗaliban sun haskaka babban sashi na rubutun da za su yi aiki a kai, ba tare da rarrabe tsakanin abubuwan da ke tsakiya da na gefe ba. Wanne daga cikin ayyuka masu zuwa zai baiwa ɗalibai damar rarrabe muhimman ra'ayoyin rubutu?",Ku lissafa ra'ayoyi ta amfani da wannan tambayar: waɗanne ra'ayoyi aka ambata a kowane sakin layi?,Rubuta amsar wannan tambayar a gaban kowane sakin layi na rubutun: menene maudu'in sakin layin?,"Rubuta jimlolin da ke cikin rubutun, dangane da wannan tambaya: Me ke da ban sha'awa a kowane sakin layi?",Ka rina ra'ayoyi na biyu na kowace sakin layi da launi daban-daban bayan ka amsa wannan tambaya: me ya sa irin waɗannan ra'ayoyin suke bayar da gudunmawa ga sakin layin?,,,,B,Literacy,Teaching strategies,Primary,2023,
325,"A cikin ajin aji 8, wata malama ta ce wa ɗalibai su karanta wannan gajeren labari mai suna 'Misali' na Wislawa Szymborska sannan su tsara tambayoyin da za su jagoranci fassarar rubutun. Wasu masunta sun ja kwalba daga cikin ruwa. Cikin kwalbar akwai guntun takarda, kuma a kan takardar akwai waɗannan kalmomi: ""Taimako!, Ina nan. Teku ya jefa ni a wani tsibiri da babu kowa. Ina bakin teku kuma ina jiran taimako. Yi sauri! Ina nan!"" –Babu kwanan wata a kai. Tabbas lokaci ya kure. Kwalbar ta yi dogon iyo a ruwa – in ji masunci na farko. –Kuma ba a nuna wurin ba. Ba a ma san wane teku ba ne – in ji masunci na biyu. –Ba a makara ba, kuma ba a nisa ba. Tsibirin 'Ina nan' yana ko'ina – in ji masunci na uku. Yanayin ya zama abin damuwa, shiru ya mamaye. Gaskiyar gaba ɗaya tana da wannan matsalar. Wace ce daga cikin waɗannan tambayoyin da ɗaliban suka tsara ke jagorantar fassarar labarin da aka karanta?","Menene ma'anar jimlar nan 'Tsibirin nan ""A nan"" yana ko'ina'?'",Mene ne ƙarshen labarin zai zama idan saƙon ya kasance mafi daidaito?,Don yin me masunta suke jin ba dadi da amsar mutum na uku?,"Da a ce ka sami kwalba da wannan saƙon, me za ka yi kuma me ya sa?",,,,A,Literacy,Teaching strategies,Secondary,2023,
326,"Malami yana aiki kan shirya maƙalolin ilimi tare da ɗaliban aji na biyar, suna bin tsarin rubutu. Wace aiki ce ta dace ga ɗalibai don su duba haɗin kan ma'ana na rubutunsu gaba ɗaya?","Karanta canjin kuma ka ƙirƙiri taswirar ra'ayi. Bayan haka, duba tsarin matsayi na jigo da ya samu kuma, idan ya cancanta, sake tsara bayanan da ke cikin canjin","Karanta daftarin kuma rubuta jerin ra'ayoyin da ke cikin rubutun. Sannan, duba ko akwai bayanin da ya kamata a faɗaɗa shi don ƙara ƙarfafa tushen rubutun.","Karanta zubin farko ga abokin karatu kuma ka nemi ya yi nazarin rubutun, yana mai nuna duk wata matsala ta wajen sarrafa harshe ko maimaitawa. Sa'annan, gyara zubin farko bisa ga shawarwarin da abokin karatun ya bayar.",Karanta daftarin kuma markace shi,,,,A,Literacy,Teaching strategies,Primary,2023,
327,"Malamar za ta yi aiki tare da ɗaliban aji shida a kan rubutun muhawara. Don ba da misalin sifofinsu, ta nuna tallan nan: MU KIYAYE RUWA! MU ZAMA MASU HANKALI A LOKACIN KARANCI. www.inae.gob.h Wani ɗalibi ya ɗaga hannu ya tambaya me ya sa aka rarraba tallar da ke sama a matsayin rubutun muhawara ba rubutun ba da labari ba, tun da yake yana ba da bayani a sarari game da adadin ruwan da ake ɓarnatarwa ta hanyar buɗe famfo na minti ɗaya. Wace ce daga cikin waɗannan shiga tsakani na malamar ita ce amsa ga tambayar ɗalibin?",Saboda samar da bayani a cikin talla yana da mahimmanci don mabukaci ya san halayen samfurin da ake ba shi,"Saboda tallace-tallace, kamar yada labarai, yana da aikin gamsarwa, da nufin mai karɓa ya yarda da wani ra'ayi ko ya yi amfani da wani abu","Saboda talla na iya ba da bayanai a matsayin hanyar shawo kan mutane, wato, a matsayin hanyar gamsar da su don su rungumi ra'ayin da yake gabatarwa.","Saboda rabe-raben rubutu ba sa nuna sarƙaƙiyar harshe ta rubuce-rubuce koyaushe, kamar a wannan tallar da take amfani duka wajen sanarwa da kuma gamsarwa",,,,C,Literacy,Student understanding,Secondary,2023,
328,"A cikin ajin aji na 5, wata malama za ta tantance yadda ɗalibanta suka koyi tsarin wasannin kwaikwayo. Don yin wannan, tana tsara alamomi daban-daban waɗanda ke jagorantar neman shaidar abubuwan da aka koya. Wanne daga cikin alamomin tantancewa masu zuwa ne ke nuna fahimtar rikici a cikin nau'in wasan kwaikwayo?",Bambance ayyukan da haruffa suka yi a cikin wani aikin wasan kwaikwayo,Gane reruwar dabi'a da halayen ke wakilta a cikin wasan kwaikwayo,A gano abubuwan da ke motsa jarumi da abokin gaba a cikin wani aiki na wasan kwaikwayo,Bayyana yadda ayyukan jagora da wanda suke gaba da juna a wani wasan kwaikwayo suka shafi abubuwan da suka faru da su kansu,,,,C,Literacy,Assessment,Primary,2023,
329,"Malama na aji biyar tana tantancewa, ta hanyar ayyuka daban-daban waɗanda suka haɗa da tambayoyi buɗaɗɗu, wannan manufa mai zuwa: Don auna bayanan da ke cikin rubuce-rubuce waɗanda ba na adabi ba da tunani mai zurfi, gwargwadon manufofinsu da halayensu. Don yin haka, ta gabatar wa ɗalibanta da wannan aikin tantancewa: Ku karanta rubutu mai zuwa sannan ku amsa tambayoyin. Sigari a cikin Yashi Malam Darakta: Ina da shekaru 12, kuma kamar kowace bazara, na je bakin teku tare da iyalina. Yayin da nake wasa a cikin yashi, na sami sigari da yawa a jefar a ƙasa. Tun ina yaro, ya dameni sosai cewa guga ya fi yawan sigari a ciki fiye da yashi. Don haka, na yi tunanin rubuta wa jaridu don in roƙi dukan masu karatu waɗanda suke shan taba da su yi ƙoƙari kada su sha taba a bakin teku. Kuma idan sun sha, don Allah kada su jefa guntun taba a cikin yashi. Ta haka, mu yara za mu iya yin wasa a cikin yashi da yashi, ba da sigari ba. Ignacia Tokman Herrera www.biohechil.cl Menene manufar sadarwa ta wasikar da Ignacia Tokman ta rubuta? Me ya sa? Ɗaya daga cikin ɗaliban ya amsa kamar haka: Manufar Ignacia ita ce ta sami damar yin wasa da yashi a duk lokacin da ta je bakin teku, domin wannan shi ne abin da take son yi gwargwadon abin da ta rubuta a cikin wasikar. Malamar ta ce masa: Haka ne! Ka yi gaskiya, gwargwadon abin da ta rubuta, Ignacia tana fatan samun damar yin wasa a bakin teku da yashi wanda ba shi da guntun taba. Wace tambaya ce a cikin waɗannan masu zuwa za ta cika kalaman malamar don ɗalibin ya iya fahimtar manufar tantancewar da kyau?",Amma da gaske ma waye take aikawa da wasiƙar?,Amma wace canji take so ta haifar da wasiƙarta?,Amma menene ainihin abin da bacin ranta da aka bayyana a wasiƙar ya ƙunsa?,Amma me yasa batun da ke cikin wasiƙarta yake da muhimmanci ga kowa?,,,,B,Literacy,Assessment,Primary,2023,
330,"Malama tana aiki tare da dalibai na aji na bakwai kan rubuta wani rubutu da ke da manufar jayayya game da duniya a dunkule. A matakin bitar daftari, malamar tana da niyyar tabbatar da ko daliban sun iya daidaita rubutunsu da manufofin rubutun jayayya dangane da bayyanannen gabatar da ra'ayoyinsu. Ɗaya daga cikin daliban ya gabatar da daftari kamar haka: Amfanin Duniya a Dunkule. A halin yanzu, godiya ga duniya a dunkule, za mu iya yin tafiye-tafiye ko'ina a duniya kuma mu sadarwa da mutane ko da kuwa a ina suke. Bugu da ƙari, ƙasar Chile tana fitar da 'ya'yan itatuwa ko wasu kayayyaki, kuma na'urorin lantarki da ke zuwa daga ƙasashen waje ana samar da su a wurare kamar Turai, Amurka, ko Sin. Ta haka, za mu iya raba tsakanin dukkan mutane abubuwa daban-daban da ƙasashenmu ke samarwa. Wanne ne daga cikin ra'ayoyin malamar da ke biye ke ƙarfafa dalibar ta inganta aikinta game da manufar da aka gabatar don matakin gyaran rubutu?",An gabatar da kyau sosai game da ɓangarorin kirki na duniya. Amma ta yaya za ka iya gamsar da masu karatunka cewa duniya tana da amfani?,Kun haɗa wasu ɓangarori masu kyau na dunkulewar duniya tare sosai. Amma ta yaya za ku iya isar da sakamakon dunkulewar duniya daban-daban ga masu karatun ku?,Ka taƙaita wasu ɓangarori masu kyau na dunkulewar duniya sosai. Amma ta yaya za ka iya bayyana a cikin jimla ɗaya ko ra'ayi ɗaya abin da kake tunani game da dunkulewar duniya?,An gabatar da kyau sosai game da ɓangarorin kirki na duniya baki ɗaya (globalization). Amma ta yaya za ka iya bambanta kalubale daban-daban da wannan dunkulewar duniya ke haifarwa ga mutane?,,,,C,Literacy,Student understanding,Secondary,2023,
331,"Malami, a ajin makarantar sakandire na shekara ta biyu, yana aiki a kan manufa mai zuwa: ""Yin amfani da salon adabi a kai a kai."" Bayan ya gabatar da misalai na salo daban-daban kuma ya amsa tambayoyin ɗaliban, sai ya buƙace su su rubuta gajeren rubutu a cikin salo na ba da labari kai tsaye ba, bisa ga gajeren labari mai zuwa: A martanin wannan aikin, wani ɗalibi ya ce wa malamin: ""Har yanzu ban gane yadda ake yin salo na ba da labari kai tsaye ba. Za ka iya bayyana min yadda ake yi?"" Wace daga cikin waɗannan umarni da malamin ya bayar ce ke shiryar da ɗalibin wajen ƙirƙirar rubutu a cikin salo na ba da labari kai tsaye ba?","Ka yi tunanin wata tattaunawa da kowane hali daga cikin ɗan labarin nan, wadda za ta bar su su yi magana da kansu. Da zarar ka fahimci tattaunawar sarai, sai ka rubuta ta.","Lura da kowane hali daga ɗan gajeren labarin, kuma ka yi tunanin wani labari a kansa. Sa'an nan, ka rubuta tunanin halayen a cikin wannan labarin","Ka ba kowane hali a cikin ɗan labarin suna kuma ka rubuta gajeren labari mai ɗauke da kalmomin gabatarwa, amfani da maƙalai biyu (colon), da kuma ra'ayi daban-daban ga kowane hali","Rubuta tattaunawa wadda take nuna daidai abin da jaruman taƙaitaccen labarin suka faɗa. Sannan, rubuta wannan tattaunawar kamar kana bayyana abin da suka faɗa.",,,,D,Literacy,Teaching strategies,Secondary,2023,
332,"Malamin makarantar sakandire a aji na biyu yana aiki tare da ɗalibansa a kan fassarar harshe na alamta. Domin tunkarar wannan karatu, yana karanta waɗannan waƙa tare da ɗalibansa:

RUBUTU
kamar wanda ya kubuta daga jirgi
kamar wanda aka kora
kamar makiyayi
kamar wanda ba shi da ƙasa
Nisantar ikon kuɗi
daga girman kai
daga tsoro
Fi son iska (waje) fiye da gurare rufaffu
haɗari fiye da tsaro
motsi fiye da aminci
Waƙa ba wuri kafaffe ba ce
Waƙa hanya ce
Sawu a cikin yashi
wanda aka bi sawunsa
an san cewa ba zai kai ko'ina ba. (Jaime Pinos).

Wacece daga cikin waɗannan umarni daga malamin ke jagorantar ɗalibai a cikin aikin karatun fassara da ya kamata su yi?","Ina ba da shawarar cewa su bincika mahallin samar da wakar da kuma jigogin da ke sifanta mawakin, sannan kuma dangantakar da ke tsakanin hakan da wakar da aka gabatar","Ina ba su shawara su fara jera dukkanin siffofin adabi da ke cikin rubutun, sannan su tantance waɗanne siffofi suka dace da su kuma, saboda haka, menene hanya madaidaiciya ta karanta su","Ina ba da shawarar cewa su nemo dukkanin kalmomin da ba su fahimta ba a cikin waƙar, kamar su baƙauye (ko makiyayi), ɗan gudun hijira, da maras ƙasa, sannan su tantance yadda suke da alaƙa da juna","Ina ba su shawara su fara duba taken da farko don gano abin da yake a kai, sannan su fara haɗa-haɗa tsakanin kalmomin maɓalli da ke kwatanta abin, abin da waɗannan kalmomin suke nufi a zahiri, da kuma abubuwan da suke motsawa (ko suke haifarwa)",,,,D,Literacy,Teaching strategies,Secondary,2023,
333,"Wata malama, a Shekara ta Farko, tana aiki tare da dalibanta a kan matakin karatu na fahimtar ɓoye. Don yin haka, tana amfani da dabarar yi wa wannan Karamin Labari tambayoyi, ta hanyar ƙirƙirar tambayoyi da suka shafi matakin fahimtar ɓoye: Muna son wasa a farfajiyar ƙasa. Mukan bi kaji da gudu. Laucha zai ‘ruda’ su. Zai kewaye su sannan ya ajiye su a ƙasa. Da ɗan sandan katako, ya zana musu keji. Komai sihiri ne. Dutsen da ke nesa. Sautin iska. Kuma mahaifiyata daga taga tana kallonmu muna girma. Wata Lahadi, wani kare marar da’a ya raba mu da mahaifina. Mahaifiyata ta mutu a raye. “Ta tafi, diyata,” cewar ƙaramar yarinyar, “ki kula da mahaifiyarki.” Na girma ba zato ba tsammani a shekara goma sha biyu. Har na isa Santiago, ban san cewa mu talakawa ba ne. (Yaro, Pablo Ortiz Tirado. Santiago Cikin Kalmomi Ɗari). Wace daga cikin waɗannan tambayoyi ce ta shafi matakin fahimtar ɓoye na labarin?",Me ya sa jarumin ya ce ya girma ba zato ba tsammani?,Waɗanne abubuwa na labarin ke haɗa jarumar da kuruciyarta?,"Da ka ji kanka talaka, kamar jarumin littafin, sa’ad da kake ƙaura daga karkara zuwa birni? Me ya sa?",Ta wace hanya Laucha ya yi wa kaji aikin lallashi (ko: lallashi)?,,,,A,Literacy,Teaching strategies,Secondary,2023,
334,"Malama, a aji na uku na sakandire, tana aiki da ɗalibanta a kan manufa mai zuwa: ""Gane salon ba da labari."" Don yin haka, ta bayyana halayen kowane salo, sannan ta gabatar da wasu misalai kuma ta samar da jagora don ɗalibai su gano salon a cikin guntayen rubutu daban-daban.

Ɗaya daga cikin guntayen rubutun da ke a cikin salon ba da labari kai tsaye mai 'yanci shi ne kamar haka:

""Charles ya yi mamaki da farin ƙusoshinsa. Suna da haske, suna da kaifi a ƙarshe, sun fi ƙwanƙwan giwa na Dieppe kyalli, kuma suna kama da siffar ƙwayar ido. Amma hannun bai yi kyau ba, wataƙila bai yi fari sosai ba, kuma ya ɗan yi kama da na doki a yankin sassan yatsun; kuma ya yi tsawo sosai kuma bai da tasirin layin juyawa mai laushi a jiki. Abin da ke da kyau sune idanu; ko da yake suna ruwan kasa, sun yi kama da baƙi saboda gashin ido, kuma kallonsa ya zo da gaskiya da kuma ƙarfin hali mai ɗumi."" (Madame Bovary, Gustave Flaubert).

Ɗaya daga cikin ɗaliban ya amsa cewa guntun rubutun yana da salon labari marar kai tsaye saboda akwai mai ba da labari na mutum na uku. Idan aka yi la'akari da wannan amsar, wane abun ciki da ya shafi salon ba da labari ne wajibi malamar ta ambata domin ɗalibin ya fahimci salon ba da labari kai tsaye mai 'yanci?",Gano matsalolin mai ba da labari a cikin labari,Gane nau'o'in masu ba da labari a cikin labari,Bambanci tsakanin muryar mai ba da labari da ta halayen labarin,Sanin inda mai ba da labari yake tsaye dangane da labarin,,,,C,Literacy,Student understanding,Secondary,2023,
335,"Malami, a ajin sakandire na shekara ta 4, zai tantance wannan manufa mai zuwa: ""Fahimtar sifofin taƙaitaccen zance mai zurfi (epigram), a mahallin fassarar ayyukan waƙoƙi na motsa rai na ƙarni na 20."" Wanne ne daga cikin waɗannan alamomin ya dace da manufar da aka tantance?",Suna gano kalamin ɗabi'a mai siffar wa'azin da ya dace da zance mai ban mamaki (epigram),Suna gano ma'anar adabin da asasin ma'anar epigram ɗin yake ɓoye a kai,Suna danganta ma'anar zuga ta maganar hikima zuwa ga gaskiyar da take so ta isar.,Suna gane halin sadaukarwa na gajeren rubutu ta wurin ajiye shi sama da rubutaccen abu,,,,C,Literacy,Assessment,Secondary,2023,
336,"Malamin makarantar tsakiya a ajin Shekara ta 3 zai auna, ta hanyar gwajin rubutu, wannan manufa mai zuwa: Fahimtar rawar da halaye daban-daban ke takawa a rikicin labarin, bisa ga karanta wata tatsuniya. Wanne ne daga cikin alamomin nan ke nuna nasarar cimma ilimin da aka tantance?",Suna gano ire-iren dangantaka tsakanin halaye da tasirinsu a kan labarin,Suna tantance martanin kowane hali cikin tatsuniyar da yadda waɗannan ke haifar da sakamako,Sun kwadaitar da halayen labarin a ilmin halin ɗan adam da kuma yadda waɗannan halaye ke tasiri a ci gaban labarin,"Suna kasa kowane hali bisa ga matsayin muhimmancinsu a cikin labarin, suna nuna yadda suke kayyade ci gaban al'amurra",,,,A,Literacy,Assessment,Secondary,2023,
337,"Malami a ajin farko na sakandare ya nemi ɗalibansa su yi wani rubutaccen aiki a kan jigo da suka zaɓa. A matakin bita, malamin ya gyara rubutu mai biyo baya daga ɗaya daga cikin ɗaliban: Yana da muhimmanci a kula da yanayi, musamman yanzu da muke cikin wani mawuyacin lokaci, inda mafi munin gaskiya, a cewar masana kimiyya, shi ne cewa muna rayuwa a wani maƙura babu koma baya, inda duniyar ba ta da isasshen lokaci don farfaɗo da albarkatun da muka cinye. Bai isa ba a kashe wuta na awa ɗaya ko a daina jefa robobi cikin ruwa, domin an san cewa manyan kamfanoni ne ke da matakin gurbata yanayi mafi girma kuma mai dorewa. Bugu na baya-bayan nan na rahoton Majalisar Ɗinkin Duniya, wanda aka buga a watan Agusta na wannan shekara, ya faɗi kuma ya tabbatar da haka: ba tare da manyan canje-canje ba, ƙananan canje-canje ba za su isa ba. Saboda haka, yana da muhimmanci a kula da yanayi a babban mataki, daga babba zuwa ƙarami. Yau lamari ne na gaggawa. Wane fanni na ƙa’idodin rubutu ne ya zama wajibi malamin ya tattauna da ɗalibin da ya rubuta wannan rubutu?",Alamun lafazi,Rubutun kalmomi masu sauti ɗaya amma ma'anoni daban-daban,Rubutun kalmomin da suka yi kama da juna,Dokokin gaba ɗaya na lafazi,,,,B,Literacy,Student understanding,Secondary,2023,
338,Wacce daga cikin waɗannan gogewar koyo ke haɓaka sanin ma'ana (semantic awareness) kuma me ya sa?,Ƙirƙirar jimla da jerin abubuwan da suka faru a lokaci domin suna ba da damar tsara kalmomi,Yin rabe-raben kalmomi da kuma gano dangantakarsu saboda suna ba da damar fahimtar ma'anar kalmomi,Tarbiyyar waƙoƙi da rarraba gunguɗɗan sauti saboda suna ba da dama don gane sautukan kalmomi,Shiga wasannin zamanin aiki da kwatancin haruffa domin suna ba da damar tsara kalmomi,,,,B,Literacy,Teaching strategies,"Primary, Secondary",2017,
339,Wacece daga cikin ƙwarewar koyo masu zuwa ke haɓaka ci gaban wayar da kai kan hikimar zance?,Gano maganganun banza a cikin gajerun labarai,Ƙirƙiri kamanceceniya ta magana da katunan kalma-hoto,Warware abin da ke cikin ƙagaggun wasanni iri-iri na gargajiya,Shirya gajeren jimla a hanya dabam da wadda aka gabatar,,,,A,Literacy,Teaching strategies,"Primary, Secondary",2018,
340,"A farkon zangon makaranta, wata malamar makarantar reno tana son tantance manufar koyo mai zuwa daga sashin Harsunan Fasaha: ""Nuna sha'awa ga sautuka ta hanyar amsawa da nau'o'i daban-daban, kamar rero, alamomi, murmushi, da sauransu."" Wace ce dabarar tantancewa mafi dacewa ga wannan halin da aka bayyana?","Bawa yara busa-busa da garayu, jira ka lura yadda suke sarrafa su","Ku gabatar da 'yan maru a daban-daban ga yara, ku yi amfani da su wajen yin sauti, sannan ku bar su a hannunsu",Ku nuna wa yara wani abu mai fitar da sauti sannan ku rufe shi da zane kuma ku jira su neme shi,Bari yaran su ga hotuna daban-daban na dabbobin gida don yin kwaikwayon sautinsu (onomatopoeia) masu dacewa,,,,B,Creative arts,Assessment,Pre-primary,2021,
341,"Malamin aji na biyar yana son ɗalibansa su tantance, bisa ga wani tarin kiɗa, waƙoƙin da suke cikin muhallinsu na yau da kullum. Wace irin aiki ce ta dace ga ɗaliban don su cimma wannan manufa da aka ambata?",Shirya jerin waƙoƙi dangane da bayanai da aka tsamo daga hirarraki,Bincika wani maudu'i da ke magana a kan kiɗan birni da tasirinsa a kan al'ummar zamani,Sake kirkira ko fassara shahararrun waƙoƙi daga tarin waƙoƙin matasa daban-daban waɗanda suke wakiltar su,Yi bincike kan maƙwabtansu kuma ku tattara bayanai game da sha'awar kiɗan da ke wanzuwa a cikin unguwanninsu,,,,A,Creative arts,Teaching strategies,Primary,2021,
342,"Wacece a cikin waɗannan ayyukan kimantawa na gaba, da aka gudanar kafin gina shigarwar rukuni, zai taimaka wa ɗalibai su gane matakin nasarar ayyukansu?","Ta hanyar tattaunawa, suna kimanta zane-zanen ayyukansu, suna tattauna yaren gani da aka gabatar.","Suna nazarin ayyukansu, suna gano daidaituwa tsakanin ra'ayoyinsu, abubuwan zahiri, da kuma zaɓaɓɓen yaren gani.","Suna tantance kayan da aka yi amfani da su a shigarwar masu fasaha na zamani, kuma suna gwada bambancinsu da waɗanda aka zaɓa a cikin ayyukansu",Suna koyon ayyukan shigarwa da aka gudanar a wasu cibiyoyi sannan su bincika su ta mahangar harshen gani,,,,B,Creative arts,Assessment,Secondary,2018,
343,"Yaran da suke a matakin farko suna shiga cikin wani aiki da mai koyarwar ya gabatar da zumudi. Da zarar sun ji wata waƙa, dole ne su gane wane kayan kiɗa ne yake kaɗawa kuma su ɗaga katin da ke da hotonsa. Wane sashe na yaren kiɗa ne mai koyarwar yake aiki a kansa a cikin wannan gogewar koyo da aka bayyana?",Dūka,Rhythm,Yanayin sauti,Ƙarfi,,,,C,Creative arts,Teaching strategies,Pre-primary,2017,
344,"Karanta aiki na gaba: Malamin kiɗa ya gudanar da zaman sauraro a cikin aji na kide-kide na masu kaɗa kaɗai guda biyu da ƙungiyar makaɗa. A lokacin sauraren, ya gayyaci ɗalibai su bambance layukan kiɗan na kowane mai kaɗa kaɗai kuma su yi hasashe cewa kayan kiɗan biyu suna da alaƙa da juna kamar suna tattaunawa. Menene babban manufar koyo na aikin da ya gabata?",Aiwatar da sauraren ciki,Ƙarfafa godiya ta fara'a,Yi nazarin tsari,Ci gaba da bayyana jiki,,,,B,Creative arts,Teaching strategies,"Primary, Secondary",2017,
345,"Karanta yanayin da ke gaba:
Malami yana son shirya darasi na tsawon sa'o'i da yawa a kan taken “Kiɗa: rubutu da waka”. Makarantar da yake aiki tana gefen birni.
Da wane irin salon kiɗa ya kamata ya fara, domin ya nuna cewa wannan taken yana cikin kiɗan da ɗaliban makarantar suka sani?",Rap,Waƙoƙin Fina-finai,Waka ga mawaki,Wakar gargajiya,,,,A,Creative arts,Teaching strategies,"Primary, Secondary",2017,
346,Wanne ne daga cikin waɗannan ra'ayoyi na kiɗa ya fi zama mai sarkakiya don magancewa a farkon aikin kiɗa na ji a ilimin firamare?,Banbancin sauti (ko: Bambancin tsayi ko zurfin sauti),Yanayin sauti dabam-dabam,Sauyin mita,Canjin taki,,,,C,Creative arts,Student understanding,Primary,2017,
347,Wanne daga cikin waɗannan ayyuka ke ba da damar amfani da edita na nuni a matsayin taimako don nakaltar sautin waƙa,Gano wuraren jujjuyawa marasa daidaituwa a cikin maki don muryoyi masu yawa,Daidaita wata jumla ta kaɗe-kaɗe da aka rubuta a bisa saurarenta,"Daƙatar da sautin layukan sauti na muryoyi da yawa, a matsayin kayan aikin gwaji a horon murya/kaɗe-kaɗe",Gane jigogi ko juyawar siffofi a lokacin da aka hango wani saitin kiɗa kuma aka taka shi,,,,B,Creative arts,Teaching strategies,"Primary, Secondary",2017,
348,Wace aiki ce ta fi dacewa a yi amfani da ita lokacin zaman sauraron kiɗan kide-kide a matsayin mai motsa ji na fasaha ga ɗaliban da ba su saba da kiɗan kide-kide ba?,Gano sassan da suke kafa sauraron,Duba hotunan yanayi yayin da kake sauraro,Rubuta jerin kayan kaɗe-kaɗe da suka bayyana a cikin sauraren,Fenti ta hanyar danganta launuka da sifofi da lokuta daban-daban na sauraro,,,,D,Creative arts,Teaching strategies,"Primary, Secondary",2017,
349,"Ka yi la'akari da yanayi mai zuwa: A cikin sashin ""Waka da Muhallin Sauti"", wani malamin waka ya umurci ɗalibansa, a matsayin aikin gida, su bincika game da amfanin warkarwa da kuma amfani mai cutarwa na sauti, sauti mai ƙarfin gaske, da kuma sauti mai rauni ƙwarai. Wace manufa malamin yake bi da wannan aikin?",Don gano halaye da hanyoyin samar da sauti,Don kusantar da ɗalibai ga yanayin sauti daga mahanga ta kyan gani,Don gano kewayon sautin da mutane ke iya ji,Don ganin ɗalibansa sun fahimci ma'aunin gaskiyar sauti,,,,D,Creative arts,Teaching strategies,"Primary, Secondary",2017,
350,Wace daga cikin waɗannan ayyukan ta dace don tantance haɗakar koyon kiɗa da sauran fannonin bayyanawa?,A yi rubutun sauraren ajujuwa ta amfani da alamun hannu na solfège,Yi kirkirar kidan raga-raga da bugun jiki,Saka waƙoƙi da Hanyar Kida Cikin Launuka,Lura da shafe-shafe na agogics ta hanyar kago-kago na jikin ɗalibai,,,,D,Creative arts,Teaching strategies,"Primary, Secondary",2017,
351,A yayin aiki tare da ɗalibai kan manufa: 'Saka launi ta amfani da salon zanen impressionist.' Wane kuskure ne ɗalibai ke yi mafi yawan lokuta yayin da suke ƙoƙarin samun launuka daban-daban a cikin gaurayensu?,Haɗa launin gida da baƙi don ya yi duhu,Saka launin gida da na dacinsa a tare don samun inuwa,Haɗa launi na biyu da fari don haska shi,Haɗa launin farko ɗaya da wani na farko don samar da na biyu,,,,A,Creative arts,Teaching strategies,"Primary, Secondary",2017,
352,"Malami na aiki tare da ɗalibansa a kan mahangar launi na alama. A lokacin darasin, ɗaya daga cikin ɗalibansa ya tambaye shi: A rayuwar yau da kullum, yaushe ake amfani da launi na alama? Wanne daga cikin zaɓuɓɓuka masu zuwa ne ya ƙunshi misali bayyananne wanda malamin zai iya ba ɗalibinsa?","Cikin launukan da aka yi amfani da su a sana'ar masaku, waɗanda suke kama da launukan yanayi",Lokacin da na yi zane kuma na wakilci yanayin motsin raina ta hanyar launi,Idan na yi zane don littafi,"A cikin launin da ke haɗawa kuma yake sa, misali, a gane layin bas",,,,D,Creative arts,Teaching strategies,"Primary, Secondary",2017,
353,"Malama tana tsaye a gaban aji tana gabatar da darasin fasahar bugu, sai ɗaya daga cikin ɗalibanta ya tambaya: Wane irin bugu ne ake kira intaglio kuma me ya sa? Wanne daga cikin zaɓuɓɓuka na gaba ya ƙunshi amsar da malamar za ta iya bayarwa don fayyace tambayar ɗalibin?","Fashe-fashen katako, saboda ana sassaƙa katakon da wuƙaƙe masu kaifi da kayan rabawa waɗanda ke yin zurfin faɗawa a cikin saman ma’aji na katakon.","Buga da allon raga, saboda tawada tana ratsa zurfin zaruruwan masana'anta don ƙirƙirar bugu a kan saman abubuwa kamar takarda, yadi, ko wasu","Zane da acid da akwatint, saboda tawadar tana shiga cikin ramukan da aka yi a farantin ƙarfe, kuma shi ya sa hoton yana fitowa ne sakamakon ramukan filatin tushen, ba samansa ba","Buga Duwatsu, saboda nauyin duwatsu matsi, haɗe da matsin da injin bugawa ke bayarwa, yana samar da bugu inda tawada ke bayyana da ɗan tashi sama.",,,,C,Creative arts,Teaching strategies,"Primary, Secondary",2017,
354,"A cikin aji na firamare, malami ya gabatar da manufar cewa: 'Haɓaka fasahar lura, rarrabewa, da kuma haɗa abubuwan da ke cikin yanayi ta hanyar zane.' Don cimma wannan, malamin ya gayyaci ɗaliban su fita zuwa muhallin yanayi na halitta kusa da makaranta tare da littattafan zanensu da fensir. Wane tsari na ayyuka ne daga cikin masu zuwa zai ba ɗaliban damar cimma manufar da aka faɗa?","Zaɓi manyan siffofin shimfiɗar ƙasar da aka lura da ita, kuma ka yi fenti, ta amfani da faci a matsayin hanyar bayyanawa","Ku lura da yanayin, ku bayyana firam ɗin sha'awa, kuma ku fassara tsari da sifofi zuwa zane, sannan ku shafa haske da inuwa","Yi la'akari da shimfiɗar wuri, ayyana manyan abubuwa na zaɓaɓɓen fureti, da sauƙaƙe siffofi, ta amfani da layi a matsayin hanyar furtawa","Bayanin muhimman abubuwan da ke bayyane a shimfiɗar wuri, sannan a fassara matakai daban-daban na sararin samaniyar da za a wakilta a cikin littafin zane",,,,C,Creative arts,Teaching strategies,Primary,2017,
355,"Wace dabara ce ta fi dacewa don ƙirƙirar aiki, wanda zai sauƙaƙa wa ɗalibai fahimtar tsarin zanen Jackson Pollock?",Yi amfani da juna-juna na hotuna don samar da motsi a gani,Yi amfani da motsin jiki don barin hoto mai ɗauke da siffa,Yi amfani da goge-goge iri-iri da motsin hannu daban-daban,Yi amfani da hotunan da aka cire daga mahallinsu don ƙirƙirar kolaj,,,,B,Creative arts,Teaching strategies,All,2017,
356,Menene aiki mafi dacewa don gabatar da hangen nesa ta hanyar motsa tunanin kirkire-kirkire na ɗalibai a matakin kama-ainahi (mai shekaru 12 zuwa 14)?,"Umurci ɗalibai su zana wani abu na yanayin ƙasa da suke gani ta taga. Bayan haka, su janye daga taga, su sake zana wannan abun, sannan su kwatanta girman da suka samu a zane-zanen guda biyu","Ku ce wa ɗalibai su kwafe wani zane mai ɗauke da shimfiɗar ƙasa a sigar hangen nesa da wuraren ɓacewa guda biyu, sannan ku ce musu su kwatanta zanen nasu da ainihin zanen, suna la’akari da hangen nesan.","Nemi ɗalibai su zana layin sararin sama, su kafa wuraren ɓacewa guda biyu, sannan su zana akwati, kuma su kwatanta siffofi daban-daban da suka samu tare da abokan karatunsu",Buƙaci ɗalibai su shirya baje-koli inda za su bayyana dokokin amfani da layin sararin ido bisa ga hotunan da suke sha’awa,,,,A,Creative arts,Teaching strategies,Secondary,2017,
357,"Malamar tana aiki a kan ɓangaren zane hoton mutum (portrait unit) tare da ɗalibai a aji na 7. Domin su kammala ɓangaren, za ta ce su zana hoton ɗan ajinsu. Wane aikin motsa jiki ya kamata ɗaliban su yi kafin su ɗauki wannan ƙalubalen?",Yi kimantawa ta layi da atisayen zana layi,Kwaikwayi haskoki da inuwa da suka bayyana a fuskar abokin aji,"Kwafi ɓangarorin fuska daban-daban, kamar hanci da kunnuwa",Zana fasalin fuska kuma sanya ɓangarorinta daidai gwargwado,,,,D,Creative arts,Teaching strategies,Secondary,2017,
358,Malami yana aiki a kan Darasin Cubism tare da ɗalibansa na aji shida kuma ya bayyana yadda ake maganin yanayin hangen nesa. Wanne ne daga cikin waɗannan ayyukan za a iya yi tare da ɗaliban don haɓaka fahimtar manufar?,Ƙirƙiri wani haɗin-hoto (collage) ta amfani da sassan abubuwan da aka wakilta,Yi kwafin zanen cubist na nazari ta hanyar canza launuka,Yi aikin gwaji na wakiltar rayuwa marar motsi da yawaitar sassa masu faɗi (ko jirage),Yi koyi da zanen kubist ta amfani da takardun launi masu nau'o'i daban-daban,,,,C,Creative arts,Teaching strategies,"Primary, Secondary",2017,
359,"Wani malami ya kai ɗalibansa gidan kayan tarihi don ganin wani nune-nune na zane-zanen shimfiɗar wuri na zamani da nufin su fahimci kyawun ado (aesthetic value) na ayyukan da aka nuna. A lokacin ziyarar, malamin ya ba su wani rubutaccen jagora don taimakawa fahimtar kyawun ado na kowane ɗayansu; dole ne su zaɓi wani aiki da ya ja hankalinsu sannan su amsa wasu tambayoyi. Wane irin tambayoyi wannan jagoran ya kamata ya ƙunsa don cimma wannan manufa?",Mene ne jigon aikin kuma a cikin wane motsi aka tsara shi? Yaya kimarka a kansa kuma me ya sa?,"SLIGHT CORRECTION: The instruction specifies no extra explanations or introductory text, only the raw translation.

Wane ne marubucin aikin da menene muhimman matakan tarihin rayuwarsu? Me ya sa ka zaɓi aikin? Yaya yake da alaƙa da tarihin rayuwarka?",A wace guguwa (ko salo) aka tsara aikin? Shin ya yi amfani da matakan fasaha na musamman ga wannan guguwa (ko salo)?,Waɗanne siffofi na gani ne suka fi fice a aikin da ka zaɓa? Ta yaya waɗannan siffofi suke da alaƙa da manufar bayyanawa ta aikin?,,,,D,Creative arts,Teaching strategies,"Primary, Secondary",2017,
360,"Malamar tana aiki a kan darasin: “Gumakan Zamantakewa” ta hanyar ƙirƙirar hotuna masu girma biyu; a ƙarshen aikin, tana so ta ƙididdige manufar: “Yin tunani a kan rawar da gumakan zamantakewa na zamani suke takawa.” Wane ma’aunin ƙididdigewa ne ya dace da manufar da aka faɗa?",Bayanin zaɓin gunkin zamantakewa da aka yi aiki a kansa a hotonsu,Bincike mai zurfi na rawa da tasirin gunkin zamantakewa da aka nuna,Sannar da matsayinsu na kansu game da shahararren mutumin da ɗan uwansu ya ƙirƙiro a matsayin gunki a cikin jama'a,Yana isar da yadda suka samar da hoton sada zumunta a matsayin nasu tsari,,,,B,Creative arts,Assessment,"Primary, Secondary",2017,
361,"Wata malamar aji na 5 ta nuna wa ɗalibanta zane-zanen Chile na lokuta daban-daban, tana bayyana hanyoyi daban-daban da masu zane ke amfani da launi, siffa, da haske. Sannan, ta ƙalubalance su su zaɓi wani zane, wanda ya bambanta da waɗanda suka lura da su, domin su tantance ɗaiɗai ƙasidun harshen gani iri ɗaya da aka koya. A ƙarshe, ɗaliban sun gabatar da binciken su ga ajin. Malamar ta tantance aikin ta yin amfani da ma'aunin ci gaba (rubric). Me ya sa amfani da wannan dabara ya dace don tantance manufar da aka bayyana a aikin da ya gabata?",Saboda ya ƙunshi aiki da fannoni daban-daban waɗanda ya kamata a bambanta su don ba da martani ga ɗalibi,Saboda ƙa'idar tantancewa ta ba da damar haɗe-haɗe da yawa na maki da ma'auni,"Saboda ma'aunin tantancewa yana bada damar tantancewa ba tare da sanya maki ba ko yanke hukunci a kan samfurin ɗalibin, amma a kan tsarin da suka gudanar.",Saboda kundin kimantawa yana kyale zaɓar mafi kyawun aiki daga cikin nazarin da ɗalibai suka gudanar,,,,A,Creative arts,Assessment,Primary,2017,
362,"Karanta halin da ke tafe: Wani malami ya nuna wa ɗaliban aji na 8 ƙa'idar tantancewa wadda za a yi amfani da ita don tantance manufa mai zuwa: “Fassara abubuwan gani na zamani, la'akari da siffofin hanyar bayyanawa, kayan aiki, da kuma harshen gani.” Wace daga cikin zaɓuɓɓuka masu zuwa ce ta haɗa da mai nuni wanda ya kamata ya kasance a cikin ƙa'idar tantancewa?",Kwatanta jigojin da aka bayyana a cikin aikin,Tana bayyana godiyarta ta kashin kanta game da hanyoyin fasaha da aka yi amfani da su a aikin,"Kafa alaƙa tsakanin rubutu (texture), fasahohin da aka yi amfani da su don ƙirƙirar su, da ma'anar aikin.",Alaƙanta alamomi da ke cikin aikin da tarihin rayuwar marubucin,,,,C,Creative arts,Assessment,Secondary,2017,
363,"Idan malami yana so ɗalibansa su iya bayyana halayen zamanin Baroque ta fuskar salo, a wane koyo ya kamata su fi mai da hankali?",Banbanci tsakanin nau'in waka da na kayan kida,Gane kasancewar basso continuo,"Gano fitattun mawallafa: Vivaldi, Bach, Haendel","Shaidar matakan da suka nuna farko da ƙarshen wannan lokaci, a cikin 1600 da 1750, bi da bi",,,,B,Creative arts,Teaching strategies,Secondary,2017,
364,"Wace daga cikin waɗannan ayyukan ce ta fi bada gudummawa kai tsaye wajen haɗa wani guntun sauti na kayan kida mai murya huɗu, tare da ƙungiyar kayan kida waɗanda ke da aƙalla kayan kida uku a kowace murya?",Karatun kowane sashe ta hanyar bi da yatsa ba tare da sauti ba,Busawa na siffofin daidaitawar kowane layi,Aikin haɗin gwiwa na sikeli na makamin tarin waƙa,Yin wasa tare da dukkan kayan kiɗa masu layi ɗaya,,,,D,Creative arts,Teaching strategies,Secondary,2017,
365,"Karanta wannan aiki:
Malami ya gabatar da bidiyo ga ɗalibansa, yana nuna musu halayen mahallin samar da rawanin Renaissance da rawanin zamani waɗanda ɗaliban kansu suke aiwatarwa. Sannan, ya umarce su su yi kwatancen rawanin da aka gabatar a bidiyon, suna mai da hankali kan fannoni daban-daban na mahallin samarwa, kamar su: fannonin tsarin rawa, mahalli ko yanayin da ake yinsu a ciki, da kuma manufarsu.
Mene ne babban manufar ajin da ake bi ta hanyar aikin da aka bayyana a sama?",Daraja nau'ikan furucin jiki daban-daban,Inganta tunani mai zurfi,Haɓaka sauraron rarrabewa,Ƙarfafa haɗewar kiɗa da sauran hanyoyin bayyana ra'ayi,,,,B,Creative arts,Teaching strategies,Secondary,2017,
366,"Karanta aikin nan:
Domin cimma koyo game da rawar zamantakewa ta kiɗa, ɗalibai suna gudanar da aikin nan:
A cikin ƙungiyoyi, suna raba tarin kiɗan da suka sani na kansu, suna bayyanawa da tabbatar da aikin zamantakewa na kiɗan ga abokan karatunsu.
Ta yaya za a iya ci gaba da aikin don zurfafa tunani mai mahimmanci a kan manufar aikin zamantakewa na kiɗa?",Da a ke kwatanta tarin waƙoƙin/kwarewar da ake da su,Ta hanyar bayyana manufar aikin zamantakewa,Ta hanyar lissafa ayyukan zamantakewa a cikin ƙungiyar,"Ta hanyar danganta halayen kiɗan da amfani da waƙoƙin""",,,,D,Creative arts,Teaching strategies,Secondary,2017,
367,"Karanta yanayin da ke biyo baya:
Malamin Fasahar Kiɗa ya gayyaci ɗalibansa su yi aikin kaɗa-kaɗe na rukuni, inda, na farko, ya koya musu wata jimlar kiɗa mai matsakaicin sarkakiya, sannan kuma, jimla ta biyu. Malamin yana yin atisayen jimlolin a cikin tsarin da ke biyo baya: 1. Dukkan ɗalibai tare su kaɗa ta farko; sannan ta biyu. 2. Rabin ajin su kaɗa ta farko ɗayan rabin kuma su kaɗa ta biyu, ta haka suka samar da kiɗa mai sarke-sarke. 3. Dukkan ɗalibai a lokaci guda su maimaita aikin da aka yi yanzu, amma yanzu a bi-biyu. 4. A ƙarshe, an zaɓi ɗalibai don su kaɗa kowace jimla ta kiɗa mai sarke-sarke ɗaiɗai. Wane irin ci gaba ne aka fi haɓakawa ta hanyar aikin da aka yi a baya?",Na fahimtarwa,Rukuni,Shaidar kai,Binciken tunani da motsi,,,,D,Creative arts,Student understanding,"Primary, Secondary",2017,
368,"Karanta halin da ke gaba: A cikin aji inda malami ke bayyana nau'o'in lokutan kiɗa (time signatures) daban-daban, ya lura cewa mafi yawan ɗalibansa ba za su iya bambance lokutan kiɗan da ke da adadin bugu guda ɗaya ba, amma sun bambanta a rarrabansu (2/4 da 6/8, 3/4 da 9/8, 4/4 da 12/8). Wane aiki malamin zai yi don taimakawa ɗalibai su bambance waɗannan bambance-bambancen?",Duba takardar kiɗa da ke nuna waɗannan bambance-bambancen,Gyara ma'aunin lokaci na waƙoƙi masu sauƙi ta amfani da editan takardar waƙa,"Yi waƙa a cikin 6/8 tare da ɗalibai, kuma nan da nan bayan haka, canja wurin damuwa (accent) na ta don a yi ta a cikin 3/4.",Bayyana rabon kari gida biyu (binary) da gida uku (ternary) tare da taimakon ilimin lissafi da ɗalibai ke da shi game da ɓangarorin (fractions) lambobi.,,,,C,Creative arts,Teaching strategies,Secondary,2017,
369,"A cikin aji, ɗalibai dole su gane jerin sautin waƙa ta hanyar ji. Wane zaɓi ne ya fi dacewa ya nuna ƙwarewar da ɗalibai ke haɓakawa da wannan aikin?",Sauraron banbance-banbance,Binciken sauti,Jiyya ta fasaha,Sauraro mai ma'ana,,,,A,Creative arts,Student understanding,"Primary, Secondary",2017,
370,Wace hanya ce ta tantancewa take ba da damar haɗa wata ayyuka ta kiɗa da sauran fannoni na nuna basirar fasaha?,Dabdaben jiki na jerin waƙoƙin raye-raye masu alaƙa da sauraro,Gudanar da labarin zube bisa ga jarrabawar kayan kida,"Yi wasa da kayan kiɗa na kayan da aka sake sarrafawa, waƙoƙin gargajiya daga al'adu daban-daban na gargajiya",Yi guda-guda na wakoki daga hanyoyin rubuta-kiɗa na gani daban-daban,,,,B,Creative arts,Assessment,"Primary, Secondary",2017,
371,"Karanta alamomin tantancewa na gaba:
- Son raya son sani, sha'awa, da jin dadi ga sautuna da kida.
- Girmamawa ga nau'ikan bayyanar kida daban-daban, mahallansu, ra'ayoyinsu, da salolinsu bisa ga naka.
- Sha'awar kafa alaƙa da haɗa kida da sauran fasahohi, darussa, da rayuwa da kanta.
Da wane irin matakai masu alaƙa da koyo ne alamomin tantancewar da aka ambata suka fi alaƙa?",Mai bayyana ji da zuciya,Halayyar da ta shafi ɗabi'a,Mai hangen nesa,Na fahimta/Na sanin hankali,,,,B,Creative arts,Assessment,"Primary, Secondary",2017,
372,Malami na shirin aiki da ɗalibansa na shekara ta 2 ta sakandare a kan wani aiki da zai shafi ra'ayoyin Land Art. Wace ce daga cikin waɗannan umarnin za ta dace don fara wannan aiki?,"Tsara wani aiki a wajen makarantar na halitta wanda ke fuskantar canjin yanayi, kuma a haɗa su a matsayin abubuwa masu ma'ana na tsarin.",Ku tsara wani aiki ta amfani da abubuwa na halitta daban-daban da aka samu kuma ku kirkiro shigarwa (installation) a cikin ɗakin wasanni na makaranta,"Ku tsara wani aiki ta amfani da sharar gari don shiga tsakani a cikin wani sarari na ciki na wurin""",Tsara wani aiki ta hanyar fassara yanayin ƙasa daban-daban masu wakilta na wata ƙasa ta musamman da hotuna,,,,A,Creative arts,Teaching strategies,Secondary,2017,
373,"Malami yana aiki da ajin makarantar tsakiya a kan darasin: “Jiki a matsayin madogara don tsari” kuma yana so ya kimanta manufar: “Yin gwaji da harsuna, dabaru, da salo daban-daban na ƙirƙirar fasaha da gani”. Waɗanne alamomi ne ya kamata su kasance a cikin jagorar da za ta tantance wannan manufa da aka bayyana?",Zana zane-zanen wakiltar jigogi masu alaƙa da jiki a matsayin tallafi,Gudanar da bincike na rubuce-rubuce (bibliographic) kan manufofi daban-daban da ke da alaƙa da jiki a matsayin tallafi,Ana ƙirƙirar samfuri na farko ko samfurin tufafi wanda ke magance matsalar jiki a matsayin mai tallafi,Yin bincike na fasaha game da yadda kayan suke don samar da samfurin sutura na farko,,,,D,Creative arts,Assessment,Secondary,2017,
374,"Malami yana aiki tare da ɗalibansa a kan ra'ayin gado mai taɓuwa kuma mai motsi. Domin sauƙaƙe fahimta, ya nuna musu hotuna daban-daban waɗanda ke misalta wannan ra'ayi. Wanne daga cikin zaɓuɓɓuka masu zuwa ya ƙunshi ingantaccen misali na gado mai taɓuwa kuma mai motsi?",Hotunan wuraren shakatawa da na ajiyar yanayi,Hotunan gidajen da aka ayyana su abubuwan tarihi na ƙasa,Tasoshin ruwa daga wata al'ada ta dā,Labarai da tatsuniyoyin gargajiya na baka,,,,C,Creative arts,Teaching strategies,Secondary,2017,
375,"Karanta yanayi mai zuwa:
Wani malami na ajin farko na Sakandire ƙarama yana shirin wani aiki inda ɗalibansa za su yi penta kai tsaye a waje, suna mai da Ƙungiyar Impressionist a matsayin abin dubawa.
Wace kwarewa ta baya, musamman dangane da dabarun fasahar hoto, ce ya wajaba ga waɗannan ɗalibai su mallaka?",Amfani da dige-dige a gefe-gefe don samar da gaurayayyun launuka,Amfani da launuka marasa kama da gaskiya ga abubuwa daban-daban na shimfiɗaɗɗen wuri,Amfani da launin yanki a cikin sifofi a matsayin doron farko,Amfani da baƙi launi don wakiltar inuwa,,,,A,Creative arts,Student understanding,Secondary,2017,
376,"A karon farko, an ƙalubalanci ɗaliban ajin Shekara ta 1 na Ilimin Sakandare da su yi amfani da sassaka katako a matsayin hanyar bayyana ra'ayi. Don bayyana yadda wannan dabarar take, malamin ya yi amfani da wani misali daga rayuwar yau da kullum don yin kwatanci da tsarin yin zane-zane a kan katako. Wanne daga cikin zaɓuɓɓukan da ke gaba ya ƙunshi kwatancin da zai taimaka wajen bayyana yadda sassaka katako yake?",Salo daga injin kwafi na makaranta,Tambarin roba na sakatare a makaranta,Tabbatar da ɗan yatsa a katin shaidar ɗalibai,Alamar takalman ɗalibai a ƙasan aji,,,,B,Creative arts,Teaching strategies,Secondary,2017,
377,"Malam ya tsara kayan aikin tantancewa don tantance ƙirƙirar Stop Motion.
Wanne daga cikin waɗannan alamomin ke nuna cewa ɗalibai suna gudanar da tsarin ƙirƙirar yadda ya kamata ta hanyar amfani da dabarun samarwa na musamman ga wannan fasaha?","Yana zana zanukan abubuwa ko halaye, yana sanya su cikin labari ta amfani da zanen barkwanci","Yana ɗaukan hotunan abubuwa ko mutane a jere ba tare da yankewa ba, yana sauya matsayinsu kaɗan.",Yana ɗaukar fage daban-daban daga kusurwoyi iri-iri na sinima,Sun gabatar da bidiyon su a tsarin dijital wanda aka yi shi da harbe-harben fim daban-daban,,,,B,Creative arts,Assessment,Secondary,2017,
378,"Bayanin halin da ake ciki: A fannin kiɗa, wata malamar makarantar yara ta shirya wani aiki don koyar da abubuwa daban-daban na kiɗa. Aikin farko ya ƙunshi sa yara su saurari sautin da ruwan famfo mai ɗigowa ke samarwa sannan su kwaikwayi shi ta hanyar tafi. Na gaba, dole ne su maimaita aikin ta hanyar sauraron ƙarar agogo. Wane abu na harshen kiɗa ne ake koyarwa da wannan aikin da aka yi?",bugun jini,lafazi,Tsawon Lokaci,Ƙarfi sosai,,,,A,Creative arts,Teaching strategies,Pre-primary,2018,
379,Wane aiki ne ke nuna mafi girman wahalar fasaha ga ɗalibin da ke koyon buga madannin lantarki?,Waƙa da tushe kaɗawa,Wasa da sirruka masu motsi,Taka rallentando,Buga arpeggio da hannun hagu,,,,A,Creative arts,Student understanding,Primary,2018,
380,"Karanta wannan yanayi:
A aji na 5/6 na makarantar firamare, Malamin Kiɗa ya gayyaci ɗalibai su yi amfani da sararin ajin don su motsa yadda suka ga dama yayin da suke sauraron waƙar tafiya (march). An umarce su da su nuna bugun (pulse) da kuma tsananin ƙarar (accents) da za su iya gane su ta amfani da jikinsu. Bayan haka, a cikin ƙungiyoyi, sun amince a kan wani motsi don nuna tsananin ƙarar kiɗan: wanda zai iya zama durƙusawa, ɗaga hannu, da sauransu. Sun sake sauraron kiɗan kuma kowace ƙungiya ta yi motsin nata ɗaya bayan ɗaya don kowa ya yi wa juna kallo. Wane kayan aikin kimantawa ne ya kamata malamin ya yi amfani da shi don tabbatar da cewa ɗalibai suna iya bambanta abubuwan harshen kiɗa?",Matsayi mai ma'ana,Jerin abubuwan dubawa,Rubutun labari-labari,Sikeli na kimantawa,,,,B,Creative arts,Assessment,Primary,2018,
381,"Karanta yanayi na gaba:
Wata malama a aji na 5/6 ta tsara wata dabara ta matakai uku masu ci gaba, da nufin bunkasa a cikin dalibanta sauraren rarrabewa da kuma koyon karatu da rubutun kida.
1. Mataki na farko na dabarar ya kunshi zana zane-zane na kyauta wadanda ke ƙoƙarin wakiltar kayan kida da aka ji daga zaman sauraro da kuma shigarwar su.
3. Mataki na uku ya kunshi dalibai suna bin takardun kida masu sauki, tare da 'yan ma'auni da tsarin tsari mai sauki, ta hanyar ji.
Wace aiki za a iya bayar da shawara don mataki na biyu na wannan dabarar?",Karatun taswirar kiɗa (chord chart),Karatun musicogram,Kirkiri zubin tsari na yau da kullum,Yi Zane na Venn,,,,B,Creative arts,Teaching strategies,Primary,2018,
382,"Karanta yanayin da ke gaba: Wani malami a aji na 6, a cikin sashen da ke kan bugun kiɗan Latin Amurka, yana so ya tattauna Manufar Koyo mai zuwa da ɗalibai: 'Don yin kiɗa ba tare da shiri ba da kuma ƙirƙirar kiɗa ta hanyar amfani da gogewa da ilimi bisa ga umarni da aka bayar.' Wanne daga cikin alamomin da ke gaba ne zai ba da damar tantance manufar da aka ambata?",Suna yin salon raye-raye daidai da irin nau'in kiɗan da ake yi,"Suna fassara faifan kiɗa iri-iri na kayan aiki da na murya, bisa ga rubuce-rubucen waƙoƙi marasa daidaituwa.","Suna kawo kiɗa da kayan kiɗan da suka ƙirƙira da kansu, bisa ga wani rubutun kiɗa","Suna rakiyar jerin rithmu da bugun jiki, suna tsara tsarin rithmu da aka ba su yadda suka zaɓa",,,,D,Creative arts,Assessment,Primary,2018,
383,"Karanta yanayin da ke biyo baya: Wani malamin kiɗa a aji na shida, a cikin sashin ""Kiɗan Sifonik"", yana so ya gudanar da wani aiki wanda zai ba da damar cimma manufa mai biyo baya: ""Don bayyanawa, tare da nuna ƙarin zurfafawa da cikakkun bayanai, jin dadi, motsin rai, da tunanin da kiɗan da aka saurara kuma aka yi ya gabatar, ta amfani da hanyoyin bayyanawa daban-daban (na magana, na jiki, na kiɗa, na gani)"". Wane aiki ne ɗaliban suka gudanar wanda ya cimma wannan manufa ta sama?",Kwaikwayi wasu fage daga wani shahararren fim a cikin aji bayan sauraron sautin waƙokinsa,Wakiltar yanayin sauti bisa ga waka,Shirya waƙoƙin raye-raye da za su nuna bambance-bambancen yanayi da aka fuskanta bayan sauraron wani yanki na kiɗa,Ƙirƙiri gutsutsuren kiɗa da ke nuna zane (ko taswira) na jin daɗi ko motsin zuciya da fuskoki daban-daban na fim ke isarwa,,,,C,Creative arts,Teaching strategies,Primary,2018,
384,"Duba wannan yanayin: Wani malami a aji na bakwai yana son haɓaka koyo dangane da albarkatun furci, musamman sarrafa ƙarfin murya da lafazi. Wane ilimi na farko ya kamata ɗalibai su mallaka don cimma irin wannan koyon?",Karatu mai sauti da amo,Karatun waƙa,Sifofin sauti,Goyon bayan kayan kiɗa,,,,C,Creative arts,Student understanding,Secondary,2018,
385,Karanta wannan yanayi mai zuwa: Malam a ajin kiɗa na aji takwas yana shirya darasi a kan 'Hanyoyin Ci Gaban Kiɗa'. Wane ra'ayi ne ya kamata ɗalibai su riga su fahimta domin su iya fahimtar abubuwan da ke cikin darasin da aka shirya?,Bambanci,Tushewa,Jigon waka,Ci gaban sauti mai daɗi,,,,C,Creative arts,Student understanding,Secondary,2018,
386,"Karanta lamarin da ke biyo baya:
Wani malami a aji 8, a cikin sashin darasi mai taken ""Manyan Mawallafa,"" yana so ɗalibansa su haɓaka sauraro mai zurfi ta hanyar ayyukan Ludwig van Beethoven. Saboda haka, dole ne su gudanar da wani aiki wanda ya haɗa kiɗa da furci na jiki.
Wanne kayan aiki ne ya fi dacewa don tantance matakan samun nasara a fannin bayyanawa, fassara, da ƙirƙira a cikin duka fannoni biyu da kuma daidaitawar furci a tsakaninsu?",Faifai mai ɗauke da takardu,"Rubric

NOTE: Since the word ""Rubric"" in an academic or formal context does not have a single, direct, universally accepted traditional Hausa equivalent, the translation often involves using a descriptive phrase or a loanword. The most contextually appropriate translation that conveys the meaning of a set of criteria for grading or evaluation is used here.

Ma'aunin tantancewa",Jerin Abubuwan Dubawa,Sikeli na kimantawa,,,,B,Creative arts,Assessment,Secondary,2018,
387,"Wani malami ya yi aiki tare da ɗalibai a aji na 5 kan iyawar waƙa ta hanyar karanta rubutun kiɗa mai sauƙi (simple score). Bayan shekaru uku, malamin ya dawo ya koyar da wannan rukunin ɗaliban, waɗanda yanzu suke aji na 8, kuma yana da niyyar yin aiki a kan abun ciki da fasaha iri ɗaya: waƙa ta hanyar karanta rubutun kiɗa (score). Wane irin ka'idar fasahar koyarwa (methodological principle) dangane da fannin harshen kiɗa (musical language) malamin yake amfani da ita?","Haɗaɗɗiya: don samar da koyo, dole ne a haɗa wani ɓangare na kiɗa mai zurfin tunani da wata fasaha",Rarrabuwa: an raba wani abu na kiɗa na bai-ɗaya zuwa ƙananan sassa waɗanda ake aiki a kansu mataki-mataki,Maimaituwa: ana sake gabatar da sashi guda ɗaya na harshen kiɗa a matakai masu ƙaruwa na rikitarwa,"Maimaitawa: Dole ne a yi aiki a kan sashi na kiɗa guda ɗaya sau da yawa, da farko ta hanyar kwaikwayo sannan kuma karatu",,,,C,Creative arts,Teaching strategies,"Primary, Secondary",2018,
388,"Karanta yanayin da ke gaba: A wata ziyara ta ilimi zuwa gidan adana kayan tarihi na waje (open-air museum), wata rukuni ta ɗaliban aji shida sun ziyarci zanen bangon (murals) tare da jagororinsu da malamansu. Daga nan, a cikin darasi na gaba, malamin ya nemi su zana zanen bangon da ya fi ɗaukar hankalinsu saboda abubuwan harshe na gani (elements of visual language) da manufofin bayyanawa (expressive purposes). A ƙarshen darasin, malamin ya tattara zane-zanen don nazari. Bisa ga zane-zanen da ɗaliban suka yi, wace dabara (strategy) malamin zai iya amfani da ita don jagorantar ɗaliban a cikin nazarin zanen bangon?",Nuna zane-zanen ɗalibai kuma samar da tattaunawa ta rukuni a kan harshe na gani da manufofin bayyanawa da ɗaliban suka gano,"Ku tambayi ɗalibai tambayoyi game da manufofin harshe na gani (visual language) da manufa mai fa'ida (expressive purpose) a cikin zane-zanen bango (muralism), wanda zai haifar da tattaunawa ta rukuni",Ku yi gabatarwa ta amfani da zane-zane daga mashahuran masu fasaha game da zanen bango (muralism) sannan ku shiga tattaunawa don gane darajar bayyanawa ta yaren gani,"Nuna wasu hotunan zanen bango da aka ziyarta kuma ku yi wa ɗalibai bayanin alaƙar dake tsakanin ra'ayoyin, harshen gani, da mahallin da aka sa su a ciki",,,,A,Creative arts,Teaching strategies,Primary,2018,
389,"Karanta yanayin da ke biyo baya: A cikin aji na mataki na shida, a cikin tsarin sashin darasi mai taken 'Muhallin fasaha: fasahar zamani', malamar ta gabatar da manufa mai zuwa ga ɗalibanta: 'Ƙirƙiri wani zane-zane na abubuwa bisa ga fahimtar darajar bayyanannun kyau na zamani'. Wacece daga cikin dabarun tsara hanya za ta ba da damar cimma manufar da aka gabatar?",Bincike game da zanen abu na ɗaya daga cikin abubuwan da aka ambata; ƙirƙirar zane mai maimaita na aikin mai zane da aka yi nazari da shi ta hanyar fenti na acrylic,Binciki ayyukan zanen abubuwa; ƙirƙiri zanen abu ta amfani da wani abu da ka ceto daga muhallinka na yau da kullun,Lura da ayyukan zanen abubuwa (ko zanen sura); gano manyan halayensu don wani aiki,Bayyana ayyukan zane-zane masu kama da abubuwa kuma kwatanta jigoginsu da abubuwan yaren gani,,,,B,Creative arts,Teaching strategies,Primary,2018,
390,"Ka karanta halin da ke gaba: A cikin ajin Shekara ta 6, a cikin sashin 'Ƙirƙirar gani, mutum da yanayi', Malamin yana neman cimma manufa mai zuwa: 'Ƙirƙiri aikin hoto bisa tunanin ɗalibai na kansu, ta amfani da kayan ɗorewa.' Wace ce daga cikin ayyukan da ke biye ce za ta bada damar yin aiki wajen cimma manufar da Malamin ya kafa?",Ƙirƙiri wani zane-zane kore wanda yake nuna ɗanɗanonka na kanka,Ka yi wani sassaƙe na itace da ke wakiltar halayenka mafi muhimmanci na kanka,Gina sassaka da papye-mashe dangane da manufar gurɓacewa,Ka tsara wani fasta da kayan da aka sake amfani da su wanda ke tallata sake amfani da su a makaranta,,,,A,Creative arts,Teaching strategies,Primary,2018,
391,"Karanta wannan yanayi: Wata malama mai koyar da ajin ɗalibai na aji na 6 tana koyar da dabarar sassaka itace (xylography). Ta nuna musu misalai daban-daban kuma ta yi bayanin yadda ake sassaka da buga hoto ga ɗalibanta. Da wannan ilimin, ta umarce su su zana wani zane na farko da za a yi a ƙarƙashin halayen wannan dabarar sassakawa. Lokacin da ta fara zagayawa a cikin aji don lura da ci gaban ɗaliban, sai ta gane cewa wasu daga cikin zane-zanen suna ɗauke da kalmomi. Malamar ta dakatar da darasin, ta ɗauki ɗaya daga cikin waɗannan zane-zanen a matsayin misali, sannan ta yi bayanin abin da zai faru yayin bugawa idan aka sassaka kalmar a jikin katakon bugu kamar yadda take a zane. Wace dabarar koyarwa ce za ta shiryar da ɗaliban don su ƙirƙiri siffar bugu yadda ya kamata?",Fassara zane zuwa ga jigo da takardar karfe,Ku nuna bugun wani zane-zanen katako (xylograph) don bayyana sakamakon sassakar.,Ajiye madubi a kan zane don a ga hoton a juye,Zana harafi a allo don bayyana fage-fage daban-daban a cikin ƙirƙirar zurfi,,,,C,Creative arts,Teaching strategies,Primary,2018,
392,"A ajin aji na shida, a farkon sashin ""Zane na Sassaka,"" malamin ya gabatar da wannan aiki ga ɗalibai a darasi na farko: ku yi tunanin sassakakku kuma ku zana su a littafin zanen ku. Bayan haka, ya umarce su su kawo kayayyaki kamar su manne, wani tushe, yadudduka da aka sake yin amfani da su, da nau'ukan laushi na halitta da na roba daban-daban don darasi na gaba. A darasi na biyu, ta hanyar aikin rukuni, ɗalibai za su gina tsarin zane tare da kayan da aka nema, don kawo tunaninsu a aikace. Wane mataki ne na tsarin sassauci na ƙirƙire-ƙirƙire darasi na biyu ya yi daidai da shi?",Gwaji,Tsari,Gabatar da rabawa,Ka yi tunani kuma ka samar da dabaru,,,,A,Creative arts,Teaching strategies,Primary,2018,
393,"Karanta yanayi mai zuwa: Dalibai na aji na shida sun fara darasi da aka yi niyya don ""Inganta godiyar kyawun fasahar ayyukan gani."" Don yin haka, suna aiki biyu-biyu, suna ziyartar shafukan yanar gizo daban-daban na gidajen adana kayan fasaha na zamani a Intanet, suna zaɓar wani aiki kuma suna neman bayani game da shi. Domin jagorantar binciken, malamin ya ba su jerin ayyuka da aka tsara cikin matakai uku. Wanne daga cikin jerin nan mai zuwa zai ba da damar cimma manufar da aka bayyana?",Bayyana hoton; gano abubuwan harshen gani; nazarta siffarsa da abin cikinsa,yi tunani a kan sura da abin da ke cikinta; yi nazarin abubuwan harshen gani; kwatanta hoton,"Bayyana tsari da abun ciki na hoton, yi la'akari da abubuwan harshen gani; san tarihin rayuwar mai zanen",San tarihin rayuwar mai fasaha; nazarta fasalinsa da abun ciki; gano abubuwan yaren gani,,,,A,Creative arts,Teaching strategies,Primary,2018,
394,"Karanta yanayin da ke gaba: Wata malama ta Ajin Takwas ta fara sashe mai taken Ƙirƙirar gani, mutum da muhalli. A cikin ajin, dalibai sun koyi game da motsin fasahar ƙasa ta hanyar shahararrun ayyuka, sannan sun rarraba kansu zuwa ƙungiyoyi don ƙirƙirar wani aiki dangane da wannan motsin fasaha. Bisa ga abin da aka bayyana a sama, wane jerin ayyuka ne zai fi dacewa don cimma manufar wannan sashe?","Yi rikodi na abubuwan yanayi, kuma ka samar da juzu'i da su",Ka lura da nassoshi daga ƙungiyar fasaha sannan ka ƙirƙiri zane daga gare su,Shirya amfani da haduwa da abubuwan halitta da kuma yin aiki da su a wani wuri,yi nazarin tsarin ɗora abubuwa tare da abubuwa na halitta da kuma tantance dacewarsu don ƙirƙirar wani abu,,,,C,Creative arts,Teaching strategies,Secondary,2018,
395,"Karanta halin da ke gaba: A cikin ajin makarantar firamare na aji na 6, a cikin sashen ""Buga Zane"", wani malami yana so ɗalibansa su ƙirƙiri hotunan kwafi ɗaya (monotypes). Wane ilimin da suka koya a baya ya kamata ɗalibai su samu idan suna son ci gaba a aikin ƙirƙirar hotunan kwafi ɗaya?","system
Aiwatarwa da Emulshinarwa na raga",Kirkira da gudanar da jerin ayyuka,Amfani da bayyana ma'ana ta hanyar layi mai laushi,Rika da kirkirar yanke-yanke da kayan aiki daban-daban,,,,C,Creative arts,Student understanding,Primary,2018,
396,"Karanta yanayi mai zuwa: A ajin 8, a cikin tsarin darasin ""Ƙirƙirar gani, mutum da muhalli"", ɗalibai suna gudanar da wani aikin bidiyo-sauti na rukuni game da gurbatar muhalli a cikin al'ummarsu. Don fara gyaran bidiyon, malamin yana buƙatar tabbatar sun kammala ayyukan da suka gabata, kamar su ƙirƙirar taswirar labari (storyboard), ɗaukar gajerun bidiyoyi a cikin al'umma akan batun, da kuma rubuta rubuce-rubucen da suka shafi bidiyon, waɗanda za a haɗa su a aikin bidiyo-sauti nasu. Wane daga cikin kayan aikin tantancewa ne ya dace don tabbatar da kammala waɗannan ayyukan?",Fannin aiki da aka yi,Jerin abubuwan dubawa,Kallon shata na auna inganci ta faka-faka,"Bincike bisa ga labari/rahoton mutum ɗaya
Rahoton da aka samu daga mutum guda
Rubutaccen tarihin wani abu da mutum ya ba da shaida a kai
Binciken da aka samu daga labarin mutum ɗaya",,,,B,Creative arts,Assessment,Secondary,2018,
397,"A cikin aji na 8, a ƙarƙashin tsarin darasin ""Tsari da Yanayi,"" malamin ya gabatar da manufar nan: ""Ƙirƙiri zane-zane na abubuwa waɗanda ke nuna wahayi daga yanayi."" Daga cikin ayyukan kimantawa masu zuwa, wanne ne zai baiwa malamin damar tabbatar da cimma manufar?","Lura da alakar da ke tsakanin tsuntsu da jirgin sama, sannan ka tsara wani zane-mai-bayani (infographic) da ke bayyana alakar siffa da tsarin gine-gine a tsakaninsu","Lura da abubuwan halitta da ke da kamanni, kuma ka tsara gabatarwa da ke nuna alaƙa kai tsaye da abubuwan tsari","Kalli abubuwan ƙira waɗanda yanayi ya yi musu wahayi, kuma tsara jerin lokaci da ke nuna sauye-sauyen da ya samu tun daga farawarsa har zuwa yau","Kula da alakar dake tsakanin kayan ƙira da yanayi, sannan ka ƙirƙiri wani abu da yake kwaikwayon siffa ko tsarin wani abu na yanayi",,,,D,Creative arts,Assessment,Secondary,2018,
398,"Karanta yanayin da ke gaba: A cikin aji na biyar, wanda aka san su da samun sakamako masu kyau a aikin rukuni na waje da ajujuwa, malamin yana so ya tsara wata dabarar koyarwa wadda za ta cimma manufar “Ƙirƙira cikin Girma”. Wacece daga cikin dabarun koyarwa masu zuwa ce ta fi dacewa da matakin koyarwa da kuma yanayin ɗaliban?","Lura da muhallin halitta, ku yi zane-zane tare don ƙirƙirar wani sassake bisa ɗaya daga cikin waɗannan abubuwan, kuma ku yi wa wani gujeren laka ƙirar siffa","Lura da tsarin gine-ginen yankin da ke kusa, ku yi tsare-tsare, kuma ku gina wakilci mai girma uku daidai ma'auni a aikin rukuni","Kalli hotunan zanukan masu salon impressionism, nazarta zurfin matakansu kuma ka sake kirkirar su a siffar agajin gini (relief), ta hanyar aikin hadin gwiwa","Kula da muhallinsu na yau da kullum, zaɓi wani abu, sai a sake tsara shi bisa ga sabbin buƙatu da aka gano tare da abokan ajinsu",,,,A,Creative arts,Teaching strategies,Secondary,2018,
399,"Ka karanta yanayin da ke gaba: A cikin ajin kiɗa na shekara ta biyu ta sakandire, a sashin kiɗan symphony, wata rukuni ta ɗalibai tana sauraron Bolero na Ravel. Malamin ya jagoranci sauraron zuwa hanyoyi daban-daban na tsara kayan kiɗan jigon da yake ginawa. Wane aiki ne ya fi dacewa ga ɗalibai su samar da tunani mai zurfi kan aikin da aka saurara?",Yi nazarin guntun waƙar da aka gina waƙar a kai,Binciko tasirin bayyanawa da aka samar a wannan aiki daga bangaren launi na sauti,Danganta tsarin haɗawa da lokacin tarihi da ya faru,Bambance kayan aiki da ke shiga cikin aikin da kuma shigarwar su,,,,B,Creative arts,Teaching strategies,Secondary,2018,
400,"Karanta wannan yanayin:
Domin su koyi da yin gwaji da kayan aikin canza sauti na dijital, Malamin Kiɗa ya umurci ɗaliban Shekara ta Biyu su yi rikodin karatun waƙa. Sannan ya umarce su da su:
- Su yi amfani da Reverb duk lokacin da waƙar ta kwatanta manyan wurare, rufe.
- Su yi amfani da matatar rage sauti (low-pass filters) duk lokacin da waƙar ta kwatanta sulke, bango, da kariyar.
- Su yi amfani da karkatarwar sautin Fuzz (fuzz distortion) ko siffanta kalaman sauti (waveshaping) duk lokacin da waƙar ta kwatanta canje-canje na tunani.
Idan ya zama dole a tabbatar da cewa ɗalibai sun yi amfani da waɗannan matakai a kowane lokacin da ake buƙata, wane kayan aikin tantancewa ne ya fi dacewa Malamin ya yi amfani da shi?",Raraba maki,Fayil ɗin Aiki,Jerin abubuwan dubawa,Sikeli na kimantawa,,,,C,Creative arts,Assessment,Secondary,2018,
401,"Karanta halin da ke tafe: Daliban shekara ta uku a makarantar sakandare suna shirya gabatarwa ta kiɗa don Taron Waƙoƙin Bazara da makarantarsu ke gudanarwa. Malaminsu yana sanya ido kan ɗaliban a lokacin atisaye 10 da ake da su kuma yana bin diddigin ci gabansu, yana la'akari da halayensu da kuma iyawarsu ta fuskantar aikin da kuma ci gaban fasahohin kiɗa na fassara. Wanne daga cikin kayan aikin da ke gaba ne malamin ya kamata ya zaɓa don wannan aikin?",Rikici,jerin abubuwan dubawa,"system
Bayanan ruwaya",Rikodin sauti da gani,,,,C,Creative arts,Assessment,Secondary,2018,
402,"Karanta yanayin da ke gaba: A ajin Kiɗa na Makarantar Tsakiya, wani malami yana son ya tantance ɗalibai ɗaiɗai dangane da ƙwarewarsu ta karatu da rubutu na kiɗa. Don yin haka, kowane ɗalibi zai karɓi takardar rubutun kiɗa da ke ɗauke da gajeruwar waƙa mai sauƙi wadda ba su taɓa sani ba. Ɗaliban za su yi nazarin ta a taƙaice don su gabatar da ita ga malamin ta hanyar kunna ta daidai a kan xilofon. Wane kayan aikin tantancewa ya kamata malamin ya yi amfani da shi don rubuta halayen ƙwarewar karatu da rubutu na kiɗa na kowane ɗalibi?",Fayil ɗin Aiki,Jerin abubuwan dubawa,Shigar da labari na gani da ido,Ma'aunin ƙima,,,,D,Creative arts,Assessment,Secondary,2018,
403,"Wani malami a Makarantar Tsakiya, a cikin sashin 'Ma'aunan Waƙa', ya zaɓi misalai na ji daban-daban don ɗalibansa su koyi gane ma'aunin 2/4, 3/4, da 4/4.
Wane ra'ayi ne ɗalibi ya kamata ya mallaka kafin ya koyi bambance nau'o'in ma'auni daban-daban ta hanyar ji?",Rhythmkamshi,Tsari,lafazi,Furuci,,,,C,Creative arts,Student understanding,Secondary,2018,
404,"Karanta halin da ke tafe: A ajin dalibai na shekara ta biyu, malamin yana son koyar da aikin gyarawa (molding) a sassaka. Don fara ajin, malamin yana neman misali wanda zai taimaka wajen danganta wannan aikin sassaka da yanayin rayuwar yau da kullum na ɗalibai. Wane daga cikin halayen da ke tafe ne zai ba malamin damar ba da misalin aikin gyarawa (molding process)?",Shirya jelatin,Cika kwalba da ruwa,Saƙa ƙasa a cikin tukunyar fure,A cire goro daga bawonsa,,,,A,Creative arts,Teaching strategies,Secondary,2018,
405,"Karanta yanayi mai zuwa: A wata makarantar sakandare ta ƙasa, wani malami yana so ya yi aiki tare da ɗalibai a kan tsarin birane ta hanyar magance bambance-bambancen bayyanar gani a sararin samaniya na jama'ar makarantar. Wanne daga cikin ayyuka masu zuwa ne ya dace don aiki a kan tsarin birane tare da ɗaliban, bisa ga abin da aka bayyana a baya?",Zana fasalin makarantar daga waje,Ka tsara wani fasto wanda ke tallata kula da amfani mai kyau na kayan daki na birni,Gyarawa ɗaki a daidaita shi da dandano da buƙatun mutum,Ƙirƙirar alamomi bisa ga lura da buƙatun makarantar,,,,D,Creative arts,Teaching strategies,Secondary,2018,
406,"Karanta halin da ke gaba: A cikin ajin shekara ta 12, a cikin sashin 'Binciko Harsunan Fasaha na Zamaninmu', wata malama tana so ta yi wa ɗalibanta bayani, ta hanyar wani aiki, tsarin ƙirƙirar sitensil. Wanne ne daga zaɓuɓɓukan da ke gaba ya ƙunshi aikin da zai ba da damar bayyana wannan tsarin?",A sassaƙa a kan kuɗi da burin sannan a buga shi,Shafe tsabar kuɗi ka buga shi a kan takarda,A shafa fensir a kan takarda da aka dora a kan kuɗi,Ajiye kuɗin nan a kan takarda ka kuma zana a gefen sa,,,,D,Creative arts,Teaching strategies,Secondary,2018,
407,"Karanta yanayin da ke gaba: Wani malami tare da ɗalibansa na shekara ta farko a sakandare, a ƙarshen sashin 'Zanen Bango', yana so ɗalibansa su yi wa kansu kimantawa na wannan manufa: 'Su kimanta zane-zanen bangon su, suna la'akari da alaƙar da ke tsakanin manufa ta bayyanawa, kayan aiki, da kuma harshen gani'. Wace aiki ce za ta ba da damar auna cimma manufar da aka ambata?",Suna gamsuwa da abubuwan yaren gani da aka yi amfani da su a ayyukan zanen bangonsu,"Suna nazarin zanukansu na bango suna la'akari da jigo, kayan aiki masu dorewa, launi, siffa, da layukan da aka zana a cikin tsarin",,"Suna kafa dangantaka tsakanin yanayin abubuwan dorewa na aikin da siffofi, layuka, launuka, da taba-jiki da aka gabatar",,,,B,Creative arts,Assessment,Secondary,2018,
408,"A ajin kiɗa na aji na 7, malamin yana koyar da wani ""quodlibet"" mai sassa uku. Da zarar an koyar da waƙoƙin uku ga dukan ajin, malamin ya raba su zuwa ƙungiyoyi uku, inda ya ba kowace ƙungiya waƙa ɗaya. Da aka fara haɗa waƙoƙin tare, dole malamin ya dakatar da aikin saboda ɗaya daga cikin ƙungiyoyin ya fara sauri fiye da sauran, kuma quodlibet ɗin ya lalace. Wane shiga tsakani ne mafi kyau daga malamin don warware wannan matsalar?",Kowace ƙungiya za ta yi waƙarta don sauran ƙungiyoyi su saurara kuma su fahimci sassa daban-daban na kowace a cikin aikin Quodlibet ɗin.,"Za a yi waƙar tare, amma dole kowace ƙungiya ta mai da hankali a kan muryarta don ta fahimci nata ɓangare yadda ya kamata, don kada wata ƙungiya ta yi gaggawar shigowa a lokutan shigar quodlibet.","Ƙungiyoyin da ba su yi gaba ba a cikin shigewar, za su rera waƙoƙinsu da aka ɗora a juna, don haka ƙungiyar da ta yi gaba za ta iya sauraren aikin quodlibet sosai, yayin da take buga kari",Ajin za su saurari misalai na quodlibet don mai da hankali kan waƙa ɗaya sannan wata. Manufar ita ce su fahimci dogaro da juna na muryoyin da kuma muhimmancin kiyaye bugun lokaci mai daidaituwa.,,,,C,Creative arts,Teaching strategies,Secondary,2019,
409,"A cikin aji na mataki na 8, a cikin sashin “Bayyanawa da ingantawa”, an tambayi ɗalibai su ƙirƙiri kiɗa ta hanyar amfani da abubuwa daban-daban na harshen kiɗa. Don wannan dalili, malamin zai gudanar da aikin gwaji na farko da kuma ƙirƙira, don haka daga baya kowane rukuni zai iya samun ra'ayoyi don ƙirƙirar kiɗan su. Wace hanya ce ta koyarwa za ta fi dacewa don magance aikin gwaji na farko da kuma ƙirƙira?","Malamin zai bayar da dogo na kiɗa, inda sassa daban-daban na harshen kiɗa za su bayyana, waɗanda za a iya amfani da su don ƙirƙirar waƙoƙi. Ta wannan hanya, ƙungiyoyin za su sami albarkatu don abubuwan da za su ƙirƙira.","Malami zai gudanar da zaman kirkira. Don wannan aiki, za a jawo siffofin tsara kiɗa daga cikin hula. Idan wata musamman ta bayyana, za su bayyana irin abubuwan harshen kiɗa da za a iya amfani da su don fitar da sautin wannan siffa.","Malamin zai bayar da kubus huɗu don mirginawa. A kowace fuskarsa, kubus na farko zai wakilci “ƙarfi da laushi”; na biyu, “sifofi”; na uku, “salolin kiɗa”; na huɗu, “agogik”. Kowace rukuni za ta yi ƙirƙirar kiɗa da abubuwan da suka samu lokacin da suka mirgina kowace kubus.","Malamin zai bayar da wasan kafa-kafa na kiɗa. Za a iya kammala shi yayin da suke sauraron kayan aikin haɗa kiɗa iri daban-daban waɗanda malamin zai kunna. Da zarar an kammala wasan kafa-kafan, ƙungiyoyin za su sami abubuwa daban-daban da za su taimaka musu su ƙera kiɗansu.",,,,C,Creative arts,Teaching strategies,Secondary,2019,
410,"Malami, a ajin Firamare na biyar, yana mai da hankali kan Jigon Saurara da Jin Daɗi, yana gudanar da azuzuwa masu yawa, waɗanda za su ƙare da aikin kimantawa da aka ba maki don kimanta manufar “Bayyana ji, motsin rai, da ra'ayoyin da kiɗa ya bayar.” Wane ne daga cikin waɗannan manuniyan kimantawa ya nuna manufar koyo da aka bayyana?",Suna gabatar wa al'umma ayyukan da aka yi a lokacin kwas ɗin,Suna bayyana kansu ta jiki yayin da suke sauraron waƙoƙin kiɗa da na murya,Suna nuna sauƙin halitta a cikin gabatarwarsu ta kaɗe-kaɗe guda ɗaya da kuma na haɗin kai,"Suna rera waka da kiɗa na asali daban-daban, suna mai da hankali kan ingancin sautin gabatarwarsu",,,,B,Creative arts,Assessment,Secondary,2019,
411,"Malami/malama na ajin takwas yana/tana koyar da ɗalibi/ɗaliba darussansa/ta na farko a kan madanni. Sun daɗe suna yin atisaye kan yadda za a zauna, yadda za a ajiye yatsu, da kuma yadda za a yi amfani da feda ta dama. Malami/malama ya/ta yi mu'amala ta hanyar koyarwa daban-daban a lokuta daban-daban da ɗalibin/ɗalibar, dangane da yadda ɗalibin/ɗalibar ke taka rawa da kayan aikin. Wanne daga cikin zaɓuɓɓuka masu zuwa ya nuna misali na martani mai ginawa (formative feedback) da malami/malama ya/ta ba wa ɗalibin/ɗalibar game da aikinsa/ta?","Taya murna, gaba ɗaya yana da kyau sosai. Kana da murya mai kyau, amma mun san za ka iya yin abin da ya fi haka","Ka tuna cewa yatsun sikeli 1-2-3-1-2-3-4-5 ne, kuma hannaye su kasance a madaidaiciya da jiki.","Kada ka manta cire ƙafarka daga falal ɗin dama a lokacin da faifan kiɗan ya nuna, domin kada wani tarin jituwa ya samu ba zato ba tsammani",Matsayin hannaye ya yi daidai. Yanzu abin da ya rage shi ne a gwada yatsa don cimma waƙar da ka zaɓa,,,,D,Creative arts,Assessment,Secondary,2019,
412,"A cikin aji na 7, lokacin kimanta aikin rukuni da ya shafi zaman kaɗe-kaɗe wanda manufarsa ita ce ""A yi polyrhythm a ma'aunin lokaci 6/8"", wani malami ya shirya dalibai su fara aikin. Wane ne daga cikin waɗannan ayyukan ya nuna samun ilimin da ake tsammani?",Shigar da polymeters a cikin ma'aunin ternary mai haɗawa,daukar ma'aunin biyu-biyu da uku-uku a madadi,"system
Bugawa kida masu sabawa juna a ma'aunin kida na biyu haɗaɗɗe",Shiruwa da mabanbantan heterometries a ma'aunan biyu-biyu da uku-uku,,,,C,Creative arts,Assessment,Secondary,2019,
413,"A cikin ajin Aji na 8, malami zai gabatar wa ɗalibai yadda za su yi amfani da ƙarfin sauti (dynamics) daban-daban a cikin rubutun kiɗan da suke yi. Wace daga cikin ayyukan da ke gaba ce ya kamata ɗaliban sun kammala tun da fari domin magance abin da aka gabatar?",Gane alamomin gudun kiɗa,Karatun jumloli mai alaƙa da furuci,"Aiwatar da ritardando, accelerando, da rubato",Binciken sautin na ƙarfin kayan kiɗan,,,,D,Creative arts,Student understanding,Secondary,2019,
414,"A cikin kimantawa ta jimla a aji na 8, a lokacin zama na aiwatar da kayan kida gaba ɗaya, manufar ita ce: “Ƙirƙira da kuma gabatar da waka mai tsarin baitoci,” malami yana shirya ɗaliban don su gabatar da abubuwan da suka ƙirƙira. Wanne daga cikin waɗannan manuniyan kimantawa ne ke nuna cimma manufar?",Suna yin waƙa inda ake maimaita rawa da bambance-bambance iri-iri,Suna kirkirar waka inda aka maimaita kida daya da kalmomi daban-daban,Suna ƙirƙirar waƙa inda sabon jigo mai bambanci ke biyo bayan babban jigon.,Suna yin waƙa inda aka saka koda ko sashin ƙarshe a ƙarshen jigon waƙar,,,,B,Creative arts,Assessment,Secondary,2019,
415,"Malamin aji na shida, yayin darasi akan ma’aunin waƙa, zai fara bayyana abubuwan da suka shafi rabon juzu’i uku-uku na raka’ar ma’auni. Waɗanne abubuwa ne ya kamata ɗalibai su riga sun sani domin su samu nasarar fahimtar wannan sabon darasi?",Bugun zuciya da lafazi,Yanayin rithim,Rabuwar-biyu,Ma'aunin biyu da uku,,,,A,Creative arts,Student understanding,Secondary,2019,
416,"A cikin sashin ""Fassarar Wakokin Birane"", wani malami ya roƙi mai kaɗa bass na darasin da ya sauya wani rubutun kiɗa (score) don kayan kiɗansa, wanda asalinsa an rubuta shi don gita. Wane sanin farko ne ɗalibin dole ya mallaka domin ya yi canjin rubutun kiɗan da aka nema?",Karatun nuni na ma'aunin babban sauti (bass clef),Karatun makullin sauti mai tsayi,Karanta ma'ajin Amurka,Karatun tablature na bass,,,,B,Creative arts,Student understanding,Secondary,2019,
417,"A cikin aji na bakwai, wani malami yana fara darasin “Halitta Cikin Girma”, da nufin cimma burin “Kirkirar ayyukan gani daga sha’awoyi na kai, ta hanyar gwaji da kayan aiki masu dorewa a fannin sassaƙa.” A darasi na farko, malamin yana so ɗaliban su fahimci mahimmancin hanyoyin gina tsari mai girma ta amfani da kayan aiki masu dorewa. Menene kayan koyarwa mafi dacewa don cimma fahimtar ɗalibai game da waɗannan hanyoyin?",Bidiyo na tarin-tarin da aka yi da kayan amfani daban-daban da aka sake amfani da su,Shigar da hotuna na zane-zanen sassaka da aka yi da kayan sake amfani da su ta hanyar dijital,Jagora da tsarin ƙirƙirar sassaka da kayan da aka sake amfani da su,Tabbataccen hoton aikin gini mai girma uku da aka yi da kayan da aka sake amfani da su,,,,A,Creative arts,Teaching strategies,Secondary,2019,
418,"A cikin darasin “Sassaka da Wakilan Jinsi”, a ajin ɗaliban aji na bakwai, malami yana gudanar da kimantawa ta ci gaba a lokacin gina aikin hoton fuska. A cikin kimantarwar, malamin ya lura cewa ɗalibai suna nuna rudani game da abin da bayyana motsin rai da amfani da motsin jiki ke nufi wajen siffanta halin mutum. Wane aiki ne daga cikin waɗannan da ke gabatar da dabarar da ta fi dacewa don magance waɗannan wahalhalun koyo da aka nuna?",Gano kurakurai a cikin wakilcin fuskoki a cikin shawarwarin ɗalibai kuma ka tambaye su dalilin faruwarsu,Bada matsalolin da aka gano game da furuci a cikin hotunan mutane da kuma bayyana shugabannin tantancewa tare da matakan tantancewa,"Gudanar da baje-koli na tushe masu alaƙa da faɗar ji, tare da nazarin abubuwan da ke gabatar da wahala a cikin zane-zanen fitattun masu fasaha.","Bayyana manufofin nazari na sashin da suka shafi abubuwan bayyanawa a cikin sassaƙa, kuma gyara ma'aunan kimantawa waɗanda ke haifar da matsala mafi girma ga ɗalibai",,,,C,Creative arts,Teaching strategies,Secondary,2019,
419,"A cikin sashin ""Kirkirar gani, mutum da yanayi"", a aji na 8, wata malama ta sanya manufar ""Ƙirƙirar ayyukan gani bisa ga yabawa da nazarin bayyanar kyau da suka shafi dangantakar dake tsakanin mutane, yanayi da muhalli."" A matsayin tantancewar farko, malamar ta nemi ɗaliban su zaɓi wani aiki daga tarihin zane-zane wanda ke nuna dangantakar da aka ambata. Bayan ta duba ayyukan, ta fahimci cewa ɗaliban suna da iyakantaccen tunani game da abin da aka nema, domin hotunan da suka zaɓa sun shafi manyan shimfiɗar yanayi kawai. Wace dabara malamar za ta iya amfani da ita don faɗaɗa tunanin ɗaliban?","Zaɓi ayyukan tunani, nuna su a cikin aji, kuma ba da shawarar cewa ɗalibai su ƙirƙiri zane-zane mai la'akari da sauyin yanayi","Bawa kowane ɗalibi aikin tunani, sa su rushe shi ta hanyar haɗa hotuna, sannan ku tantance sakamakon.","Ku ba kowane ɗalibi aikin tunani, ku shirya tunani kan sauyin yanayi, kuma ku sa su yi wani shiri na kirkire-kirkire a kan batun","Bayyana litattafan ishara, sa a gaba cewa ɗalibai su zaɓi wani aiki, kuma a jagoranci wani nazari mai zurfi wanda zai kafa alaƙa tsakanin aikin da aka zaɓa da kuma wata ƙalubale ta muhalli",,,,D,Creative arts,Teaching strategies,Secondary,2019,
420,"A cikin aji na bakwai (7), a lokacin ci gaban darasin ""Ƙirƙira shaida al'ada a fili,"" malamar tana mai da hankali kan manufar ""Aiwatar da abubuwa da ka'idojin harshen gani don sadar da shaida al'ada."" Don cimma wannan, ta ba wa ɗaliban shawarar su gudanar da wani aiki, inda ta hanyar kwaleji (collage), za su tsara sararin ɗakinsu. Malamar za ta tantance waɗannan kayan ƙira ta hanyar rumbut (rubric). Wace ce daga cikin ayyukan da ke gaba za ta fi nuna nasarar samun wannan ilimi?",Suna dacewa da sassakewar zaɓaɓɓun wurare gwargwadon yadda suke so don yin tasiri a cikin ɗakin,Suna haɗa kundin samfuri na ƙirarorin takardar bango daban-daban don yi wa ganuwar ɗakin ado,Suna amfani da dorawa guntayen hotunan abubuwa a kan juna don tsara sararin ɗakin,Suna amfani da hanyoyin yanka da liƙawa don rufe bangarori daban-daban da suke samar da saman ɗakin,,,,C,Creative arts,Assessment,Secondary,2019,
421,"Malamar ajin aji na takwas tana cikin matsakaicin ajin darasin ""Kafawa da Fasahar Zamani,"" inda ɗalibai ke aiki a kan ayyukansu na fasaha da suka shafi manufar ""Ƙirƙirar kafa bidiyo bisa jigon tarihin kai."" Ɗalibai suna a matakin tsara shawarwarinsu, wanda malamar za ta tantance bisa ga jagora. Wane mai nuni (indicator) malamar za ta iya amfani da shi a cikin jagorar don tantance tsarin ayyukan ɗaliban?","Suna ɗauka, zaɓar ra'ayoyi, da gyara kayan gani-da-sauraro",Suna kafa dangantaka tsakanin manufar bayyanawa da ke cikin aikinsu da kuma ta abokan aikinsu,"Sun shirya na'urar bidiyon su, suna la'akari da yanayin sararin da take ciki da kuma yadda take mu'amala da bidiyon","Suna bayyana matakan aiki da za su yi amfani da su, suna la'akari da dabarun, kayan aiki, hanyoyin bi, da kuma mu'amala da masu kallo",,,,D,Creative arts,Assessment,Secondary,2019,
422,"Malamar/Malami yana shirin aji na aji shida, da manufar “Ƙirƙirar aiki bisa ga halayen fasahar zamani”.
Wanne daga cikin waɗannan ayyukan ya fi dacewa, a matsayin farkon farawa, ga ɗalibai su cimma wannan manufa?","yi nazarin ayyukan takwarorinsu kuma su bayyana ra'ayoyinsu
yi nazarin ayyukan takwarorinsu kuma su bayyana ra'ayoyinsu",Ku yi zanuka bisa ga wani ra'ayi da aka gabatar kuma ku nuna su ga ajin,Zab'i jigon da ake ciki a halin yanzu kuma ka wakilce shi ta hanyar motsin jiki,Siffanta wani tunani ta amfani da kayan da ba na al'ada ba da suke da su a hannunsu,,,,D,Creative arts,Teaching strategies,Secondary,2019,
423,"Malami na shekara ta huɗu na ilimin sakandire yana aiki a kan sashin nan ""Kayayyakin Fasaha a cikin Muhallinmu na Kiɗa"". Ɗaya daga cikin manufofin da aka ƙayyade a cikin tsarinsa shine ɗalibai su san kuma su gane tasirin sauti daban-daban waɗanda ake amfani da su ga murya da kayan kiɗa (reverb, delay, da sauransu). Wace ce daga cikin zaɓuɓɓuka masu zuwa ce take gabatar da kayan aiki da ke da damammakin ilimi mafi girma bisa ga manufar koyo da malamin ya tsara?",Pedal mai ci gaba (ko: Pedal mai riƙe sauti),Na'urar MIDI,Software mai gyara sauti,Zaɓaɓɓun waƙoƙin sauti na kiɗa,,,,C,Creative arts,Teaching strategies,Secondary,2019,
424,"A cikin ajin sakandare na shekara ta uku, a cikin sashin ""Ƙungiyar Kiɗan Kayan Aiki,"" malam ya shirya darasi da nufin cewa ɗalibai su tsara dokokinsu na kansu don haɗa kiɗa. Wanne ne daga cikin waɗannan jerin ayyuka da ɗalibai za su gudanar ya fi dacewa don cimma manufar da malamin ya kafa?","Suna fitar da tunanin tsare-tsare masu rhythm, suna gano halayensu na ma'auni, kuma suna ɗora waƙoƙi da haɗin kai, suna zaɓar waɗanda suka fi dacewa da tsarin rhythmic. Daga baya, sai su haɗa guntun waƙar, su gyara kurakurai, kuma su gabatar da aikinsu ga takwarorinsu, waɗanda ke yin tsokaci a kan sakamakon ƙarshe","Suna gabatar da ra'ayoyinsu ɗaiɗai ga sauran ajin. Sai su zaɓi ra'ayin da ya fi wakiltar ajin da kuma sha'awarsu ta kiɗa. Sa'an nan kuma su yi atisaye su rera shi a matsayin rukuni. Daga baya, sai su binciki sakamakon ta hanyar ingantawa don gabatarwa ta ƙarshe.","Suna haifar da ƙalubale kuma suna samar da ra'ayoyi na farko da ke ba su damar mai da hankali da tsara ci gaba da aikin. Daga baya, suna gudanar da gwaji da bincike na sauti a matsayin shawara ta farko, wadda suke dubawa, ingantawa, da kuma rabawa a kusa da martani daga takwarori da malami","Suna sauraron wani yanki da malami ya zaɓa, suna nazarin abubuwan da ke gina tsari na asali. Suna yin atisaye a kan sassa daban-daban a kan kayan kaɗe-kaɗensu, kuma suna gabatar da wannan yanki, wanda daga baya suke amfani da shi don ƙirƙirar nasu sigar, suna mutunta tsarin na asali na samfurin da aka gabatar.",,,,C,Creative arts,Teaching strategies,Secondary,2019,
425,"Wani malami a ajin sakandire na shekara ta biyu yana shirin yin aiki tare da ɗalibai kan rarrabewar tsare-tsare ta ji a cikin waƙoƙin da suka shahara. Don yin haka, a lokacin wasu darussa, ɗalibai za su saurari zaɓaɓɓun waƙoƙi kuma su rubuta sassa daban-daban na kowacce (kamar baiti, koro, rataye, da sauransu) a cikin littattafan rubutunsu. Za a koya ma'anonin waɗannan sassan a tsawon atisayen da za a gudanar. Wace fasaha ta ji ta gaba ya kamata ɗalibai su mallaka don samun nasarar ɗaukar sabon ilimin?",Banbance-banbancen kaɗe-kaɗen waƙoƙi marasa rikitarwa,Gano ci gaban sautin jituwa,Gano maimaituwa da bambance-bambancen kaulin waƙa,Gane siffofin mabanbanta biyu,,,,C,Creative arts,Student understanding,Secondary,2019,
426,"Aji na uku na makarantar sakandare, wata malama tana shirin wani darasi kan tasirin Afirka a cikin kiɗan Amurka. A matsayin wani ɓangare na abin da za ta koyar, ta sanya wannan manufar koyo: ""Yi nazari kan misalan kiɗa a kasashen Amurka inda tasirin kiɗan Afirka ke bayyana."" Wace ce daga cikin waɗannan ayyukan da ɗaliban za su yi ta dace da manufar koyon da aka bayyana?",Kwatanta nau'o'in waƙoƙin Afirka da na Mapuche daban-daban,Bincika ganguna a al'adun kafin zuwan Columbus,Siffanta kaɗe-kaɗen da rera waƙa a cikin kumbia ta ƙasar Kolombiya,rubuta bambance-bambancen bugun kidan da suka shahara a Afirka,,,,C,Creative arts,Teaching strategies,Secondary,2019,
427,"A cikin wani aikin kiɗa, malami na so ya gabatar da batun ""Chords Masu Maye Gurbin Manyan Ayyukan Ma'aunin Major Scale"". Wane ilimin da aka riga aka samu ne wajibi don fara gabatar da wannan abun ciki?",Da'irar biyar-biyar,Sa hannuwar ma'ajin maƙarƙaṣin babba,Sautin da ke a tsakani tsakanin kari,Juyawar Sautuna zuwa Karamin Dangi,,,,C,Creative arts,Student understanding,Secondary,2019,
428,"Malamin yana gudanar da aikin rukuni. Malamin yana so ya yi amfani da kayan kimantawa guda biyu. Za a yi amfani da kayan auna na farko yayin aikin don rubuta matakin ci gaba na kammala aikin kowace rukuni, kuma za a yi amfani da kayan auna na biyu a ƙarshen aikin don haɓaka ƙwarewar ɗalibai na tunani a kan ci gaban aikin. Wanne daga cikin zaɓuɓɓuka masu zuwa ne ya fi gabatarwa, bi da bi, kayan kimantawa da suka fi dacewa da manufofin malamin?",Jerin abubuwan dubawa da ginshikin maki na kowane mutum,Rubutun labari da ƙa'idojin rukuni,Jagorar tantancewar takwarori da rikodin labari,Ma'aunin yabo da jagorar kimanta kai,,,,D,Creative arts,Assessment,Secondary,2019,
429,"A cikin aji na Shekara ta Biyu, wani malam yana lura da yadda ake gudanar da wata waka da kayan kida tare. Da isarsu sashin maimaitawa (kari), sai ya lura cewa ɗaliban da ke buga gitar lantarki sun kasa sarrafa karfin sautinsu, wanda hakan ya hana jin babban sautin wakar da biyolin ke yi. Malamin ya yanke shawarar ba ɗaliban martani mai gyarawa game da amfani da karfin sauti.
Wanne daga cikin ayyuka masu zuwa ne ya fi dacewa da samar da martani mai gyarawa?",Malamin ya nemi dalibai su gabatar da ƙarfin sauti daban-daban da ke cikin waƙar ba tare da not ɗin fedal ba don su shigar da su ciki kuma su fahimce su.,"Malamin ya gaya wa ɗalibai cewa yana da muhimmanci a ji biola sama da sauran kayan kida, kuma ya ce su duba ƙarar sautin su.",Malamin ya tunatar da ɗaliban ra'ayin dynamiks kuma ya ce su binciki bambance-bambancen ƙarfi da za su iya cimmawa a kan kayan kaɗe-kaɗensu,"Malami ya nemi ɗalibai su gano kayan kaɗe da ke ɗauke da babban zubin waƙa, kuma ya gayyace su su daidaita ƙarfi bisa ga wannan zubin waƙar",,,,D,Creative arts,Assessment,Secondary,2019,
430,"A cikin makarantar sakandire ta shekara ta uku, malama tana tsarawa darasi kan wakar zamani. Daya daga cikin manufofin koyarwarta shi ne kamar haka: ""Don fahimtar halayen ginawa da salo na tsarin waka, a dunkule kuma a kunne."" Wanne daga cikin zabuka masu zuwa ne ya gabatar da ma'aunin tantancewa da ya dace da manufar koyarwa da aka bayyana?",Kiramelo mai gaba da biyo baya (antecedent and consequent),Gano sassa/ɓangarorin/rukunan waƙar pop,Tana nazarin tsarin rondo mai jigo biyu,Gane muhimman fasalolin wakar kida,,,,B,Creative arts,Assessment,Secondary,2019,
431,"A cikin aji na shekara ta biyu ta makarantar sakandare, wata malama za ta fara aiki a kan ɓangaren sassaka mai mai da hankali kan muhimman halayen ƙungiyoyin fasaha na 'avant-garde' na ƙarni na 20. Don yin wannan, ɓangaren zai fara ne da aikin nazari na abubuwan da cubism ya gabatar. Wane ilimin da suka koya a baya ya kamata ɗalibai su samu don magance wannan aikin?","Fahimtar hangen nesa, irin na fasahar Renaissance","Hoton alamace-alamace, wanda ya zama siffar masu fasahar ƙungiyar Blue Rider","Wakilcin tsarin siffa na zane, wanda ya dace da yaren gumakan (icons) na Byzantine","Barin hanyar nuna siffofi ta makaranta, wadda ta bambanta masu zane na Vienna Secession",,,,A,Creative arts,Student understanding,Secondary,2019,
432,"A ajin shekara ta biyu na makarantar sakandare, a cikin sashin ""Zane-zanen Hoto,"" ɗalibai za su fara wani aiki wanda burinsa shine su tsara wata talla mai jan hankali (poster) don sanar da al'ummar makarantar game da nunin zane-zane mai zuwa. Idan aka yi la'akari da abin da ke sama, waɗanne ra'ayoyi ne ya kamata ɗalibai su fahimta don ƙirƙirar tallar (poster) da aka nema?","Zane-zane, taken-take, alamta-tambari","Tsari, rubutu, hoto","Hoto, rubutu, abun ciki","Kwatance, tsarin rubutu, zane-zane",,,,D,Creative arts,Student understanding,Secondary,2019,
433,"A cikin sashin koyar da hoto a aji na biyu na makarantar sakandire, wata malama ta gabatar wa ɗalibai ruwan tabarau daban-daban da ake amfani da su a hotunan analog don ƙirƙirar hotuna, tana mai ba da hankali kan ruwan tabarau mai kama da idon kifi (fisheye). Don bayyana shi, ta karanta musu ma'anar kamar haka: “Ruwan tabarau na fisheye yana da kusurwar kallo na digiri 180 ko fiye, wanda ke ba da damar samun karkatattun hotuna.” Bayan karantawar, za ta nuna musu misalai na tasirin idon kifi. Wane misali ne daga rayuwar yau da kullum malamar za ta iya ba ɗaliban don sauƙaƙe fahimtar wannan tasiri?",Hoton da aka nuna a madubi mai rami,Hoton da aka gani ta cikin gilashi mai kasan kauri,Hoto da aka gani a cikin hasken ruwan da ke cikin kwantena,Hoton da aka gani a cikin hasken cokali,,,,A,Creative arts,Teaching strategies,Secondary,2019,
434,"A shekara ta uku ta sakandire, wata malama ta fara aiki tare da ɗalibanta a kan aikin zane ta hanyar *Expressionism*.
Wanne daga cikin ayyuka masu zuwa malamar za ta iya amfani da shi don kusantar aikin ta hanyar da aka nuna?","Ku tambayi ɗalibai game da ra'ayoyi ko jigogi da suke so su zana a kansu, bisa ga abubuwan da suke so da kuma motsin zuciyar su, don yin aiki a kan ayyukansu","Ku gabatar da wani zane-zane a matsayin farkon farawa don bunkasa aikin, don ɗalibai su warware kuma su yi amfani da shi a cikin ayyukan zane-zanen su","Ku gina tattaunawa da ɗalibai game da fasahohin zane da za su iya amfani da su a ayyukansu, don haɓaka shiga, nazari mai zurfi, da kuma sadar da abubuwan da ke damunsu","Bada shawara ga ɗalibai su gudanar da bincike a kan wani mai zane na zaɓin su, tare da gano halaye na zane-zane a cikin aikin su, don daga baya su yi amfani da su a cikin ayyukan zane-zanen su",,,,A,Creative arts,Teaching strategies,Secondary,2019,
435,"A cikin ajin makarantar sakandare na shekara ta huɗu, a cikin sashin ""Binciken Harsunan Inji da Lantarki: Fasahar Bidiyo"", wani malami zai yi aiki da ɗalibai a kan manufar ajin kamar haka: don gano halayen ginshiƙi na wannan hanyar bayyanawa. Waɗanne ne daga cikin waɗannan kayan koyarwa za su bai wa malamin damar cimma manufar ajin?","Nuna faifan bidiyo mai sauti na aikin gina Spiral Jetty, na Robert Smithson",Biyo bidiyoyin allo na wasannin Marina Abramovic sannan ku bincika su tare da ɗalibai,Ku gabatar da wani aiki mai ji da gani na Juan Downey sannan ku bincika shi tare da ɗalibai,Ku gabatar da wani shirin gaskiya game da rayuwa da aikin Bill Viola,,,,C,Creative arts,Teaching strategies,Secondary,2019,
436,"Dangane da darasin nan mai taken “Matasa da Batutuwan Sannu-a-hankali na Kafofin Watsa Labarai na Zamani”, wanda aka gudanar a ajin ɗalibai na shekara ta biyu, wani malami ya yi shiri cewa aji zai koyi dabarar stenciling (zane ta amfani da fenti da kwaikwayo) sannan su yi amfani da ita a aikin gani wanda ya dogara da tunaninsu na kansu. Don yin wannan, malamin ya yanke shawarar yin amfani da wani kayan aikin koyarwa wanda zai ba da damar gabatar da dabarar da aka tattauna ga ɗaliban. Wanne ne a cikin zaɓuɓɓuka masu zuwa ya ba da shawarar kayan aikin koyarwa wanda zai magance wannan manufa da aka faɗa?",Shugaban fasahar hoto ta asali wadda aka yi da tambari,Bidiyo game da dabarun da Keith Haring ya yi amfani da su a cikin ayyukansa,Takardar shaida game da aiki da dabarun da mai zanen gani TAKI 183 ya yi amfani da su,Darasi kan tsoma baki a titi ta masu fasaha masu amfani da salon Wild Style,,,,B,Creative arts,Teaching strategies,Secondary,2019,
437,"Bayan sun yi godiya ga kyawun wasu kayan zane daga ƙungiyar fasahar zane mai siffofi, sun sake duba tarihin mahallinsu, kuma sun gudanar da binciken gani, wani malami ya ba ɗalibansa umarni kamar haka:

""Ku ƙirƙiri zane-zane na farko da yawa, a matsayin wani ra'ayi, inda za ku tsara wani tsarin zane mai cirewa (abstract composition), bisa ga zaɓin wani abu mai mahimmanci, tare da danganta tsarin ku da ɗayan mawallafa da aka duba.""

Wane mataki na tsarin sassauci na aikin ƙirƙira umarnin malamin ya dace da shi?",Ka fito da wata gasa mai buƙatar ƙirƙira,Yi tunani kuma a tantance tsarin yadda aka yi abin,Shirya wani aiki,Ku gabatar da shawarar farko,,,,A,Creative arts,Teaching strategies,Secondary,2019,
438,"A cikin ajin Shekara ta Farko (na sakandire), don bunkasa abubuwan da suka shafi daukar hoto, wata malama ta gabatar da hotuna waɗanda ke nuna misalai na kusurwoyin daukar hoto daban-daban da kuma fage. Bayan sun kalli kuma sun yi nazarin hotunan, sai ta nemi daliban su yi aiki a kan abin da aka koya ta hanyar daukar hotuna a wurare daban-daban a cikin makarantar. Za a tantance wannan aikin a matakin ginawa ta amfani da ma'aunin tantancewa. La'akari da aikin da aka bayar, wanne ne daga cikin wadannan abubuwa masu nuni ya dace a sanya a cikin kayan aikin?",Suna amfani da kusurwoyi da tsare-tsare daban-daban dangane da manufofinsu na bayyanawa,Suna gano kusurwoyi da firam-firam a tsarin gine-ginen makarantar,Suna amfani da kusurwoyi da tsare-tsare daban-daban a cikin hotunansu,Suna gano nau'ukan kusurwoyi da firam-firam da za su yi amfani da su wajen tsara hotunansu,,,,C,Creative arts,Assessment,Secondary,2019,
439,"A cikin aji na shekara ta 4 na sakandare, wani malami yana aiki a kan salon zanen hotuna na Edvard Munch. Don magance wannan abun ciki, ya gayyaci ɗalibansa su ƙirƙiri zanen adadi bisa ga wannan tunani, wanda za a tantance shi da jerin abubuwan dubawa.

Wanne daga cikin zaɓuɓɓuka masu zuwa ya ƙunshi alamar da ta dace a haɗa a cikin kayan aiki?","Amfani da kayan shafa don samar da hotuna masu kama da na gaske
Amfani da kayan shafa don samar da hotuna masu kama da na gaske",Yana amfani da launuka masu ƙarfi da tsabta don gurɓata siffofi,Amfani da bambance-bambancen haske da inuwa don ƙirƙirar girma,Amfani da siffa da wuri don samar da zurfin yanayi (atmospheric depth),,,,B,Creative arts,Assessment,Secondary,2019,
440,"A matakin makarantar yara ƙanana, malama za ta yi aiki a kan manufar koyo: “Nuna sha’awa ga kama, tana mai mayar da martani ta hanyoyi daban-daban, kamar su guggi, alamomi, murmushi, da sauransu,” daga babban rukuni na Harsunan Fasaha. Don yin haka, ta ajiye tubala daban-daban da aka rufe da kala-kalan kama a cikin ɗakin domin yaran su bincika. Bayan wani ɗan lokaci, wani yaro ya binciki kayan kuma ya fara mayar da martani. Malamar ta matso kusa kuma ta sauka zuwa matakin yaron. Dangane da halin da aka bayyana, wane irin sa hannu daga malamar ne zai iya sauƙaƙa cimma wannan manufa?","Tambaya: “Wace kala ce take jikin wannan bulo da kake taɓawa? Wancan mai laushi ne, wannan kuma mai kaushi ne. Wanne kake so ka ɗauka?”",Tambaya: Kayan da na bari sun yi maka daɗi? Kana so ka taɓa wani daban? Za ka iya kaiwa gare shi? Zan kawo shi kusa da kai.,"Kuna taba tubalan masu labuloli, murmushinku yana gaya mini kun fi son labuli mai santsi. Wannan yana da datsi, kuna so ku taba shi?","Kana taba tubalan masu zane-zane, suna burge ka? Kana so ka taba wani kuma? Dauke shi da hannunka. Ka yi gugugi, mai kyau sosai!",,,,C,Creative arts,Teaching strategies,Pre-primary,2020,
441,"Mai koyar da yara ƙanana zai yi aiki kan manufar koyo: “Fassarar waƙoƙi, ta hanyar haɗa albarkatu daban-daban kamar murya, jiki, kayan kiɗa, da abubuwa,” daga ainihin Harsunan Fasaha. Wace irin rawar da yaran za su yi ce za ta nuna cimma wannan manufar koyo?",Yi motsin jiki bisa ga gudun kiɗan,Yi rawa kana motsa jiki da alamomi gwargwadon ƙarfin kiɗan,A nuna bugun tare ta amfani da kayan kaɗe-kaɗe daban-daban,Waka daban-daban tare da nuna kidan da tafi da motsin kai,,,,D,Creative arts,Assessment,Pre-primary,2020,
442,"Malamar makarantar yara tana da niyyar cimma manufar koyarwa mai zuwa tare da yara ƙanana: “Su isar da ra’ayoyinsu da yadda suke ji game da ayyukan fasaha daban-daban.” Don yin haka, ta gayyace su su ga wani nune-nunen fasaha wanda ke nuna kwafen manyan ayyuka na masu fasaha daga ko'ina cikin duniya. Yayin da suke yawon shakatawa a nune-nunen, suna lura da kowane ɗayan shahararrun zane-zanen a hankali. Pedro ya lura da zanen mai suna The Scream a hankali. Malamar ta matso kusa da shi ta tambaye shi: “Me kake gani a cikin wannan zanen?” Yaron ya amsa: “Wani mutum ne da yake ihu.” Wane daga cikin maganganun da ke gaba malamar za ta iya yi wa Pedro don ba shi martani a kan amsar sa da kuma inganta cimma manufar koyarwa da aka gabatar?",Da kyau ƙwarai! Wannan aikin ana kiransa “Ƙarar” kuma shi ne mafi muhimmanci a wurin wannan mai zanen. Me ya sa kake ganin ya zana mutum yana ihu? Wanene zai iya zama wannan mutumin?,Kuna son wannan aiki? Me ya ja hankalinka? Me ya sa mutumin yake kururuwa? Wannan hoton an kira shi “The Scream” kuma lallai ya nuna wani mutum yana kururuwa,"Wannan zanen ana kiransa “Ihun” kuma na wajen mai zane ɗan Norway ne, Edvard Munch. Waɗanne layuka kuke gani a cikin zanen? Waɗanne launuka suka fi yawa? Waɗanne wasu abubuwa kuke gani a cikin zanen?","Me ya sa kake tunanin mutumin yana ihu?
Me kake zaton yana faruwa da shi?
Wane irin ji kake yi idan ka ga wannan aikin?
Ana kiran wannan zane “Ihu” (The Scream) kuma na mai zane ɗan ƙasar Norway ne mai suna Edvard Munch",,,,D,Creative arts,Assessment,Pre-primary,2021,
443,"Malamar makarantar gaba da firamare da ke aiki da yara masu ɗan girma za ta gabatar da abubuwan koyo daban-daban lokacin taron rukuni don bunƙasa manufar koyo mai zuwa daga fannin Harsunan Fasaha: “Kwaikwayon motsin hannu, motsi, da sautuka daga muhallinsu mai ma'ana, ta hanyoyi daban-daban.” Wacece daga cikin abubuwan koyo masu zuwa ce ke bada damar cimma manufar da aka bayyana?",Ku gabatar da tatsuniya ga yara kuma ku gayyace su su ƙirƙiri abin rufe fuska na halin da suka fi so,Ku gabatar da waƙoƙin sauti dabam-dabam na dabbobi ga yara kuma ku tambaye su su gano su ta hanyar ambaton sunayensu,"Ku gayyaci yara su yi wasan Simon Ya ce (ko wani sunan wasan da kuka saba) kuma ku nuna, ta hanyar kwaikwayo da hannu da jiki (mime), abubuwa daban-daban da dole ne su gano kuma su kawo.","Gayyaci yara su rera kuma su rawa waƙoƙi masu buƙatar motsa jiki, kamar su “Ga Sautin Kada” da “Dodo na Tafkin.”",,,,D,Creative arts,Teaching strategies,Pre-primary,2023,
444,"Malamar kula da yara ƙanana ta tsara manufar koyo mai zuwa daga muhimmin jigon Harsunan Fasaha: ""Don wakilci abubuwan al'ajabi, ra'ayoyi, abubuwan da aka fuskanta, da sha'awa ta hanyar zane, ta hanyar layi, siffofi, kala, da laushi, da goyon baya da kayan aiki a matakin fili da na girma."" Don cimma wannan, za su aiwatar da aikin da ake kira ""Ƙirƙirar dabba"" tare da rukunin yaran nasu, tare da tattara bayanai kan yadda yaran suka gudanar da aikin ta hanyar hotuna. Wace dabara ce daga cikin waɗannan da ke gaba za ta baiwa malamin damar tattara shaidu game da cimma manufar da aka gabatar?","Bawa yara zabbabbun ayyukan fasaha daban-daban da ke da alaƙa da dabbobi, sa'annan ka tambaye su su faɗi yadda waɗannan ayyuka ke sa su ji a zuciya. Bayan haka, ka ce su zaɓi ɗaya don su wakilta.","Ku ba wa yara zaɓuɓɓukan dabbobin gida guda uku don su zaɓi ɗaya kuma su wakilta shi da kayan da za a iya sake sarrafa su. Sa'an nan, ku ce su gabatar wa iyalansu dabarun da suka yi amfani da su wajen ƙirƙirar ta",Ku bai wa yara kayayyaki iri-iri kuma ku ce su zaɓi wasu don su ƙirƙiri wakilcin dabbar gida. Sai kuma ku gayyace su su gabatar wa abokan ajinsu dalilin da ya sa wannan dabbar ta musamman ce,"Bawa yara bidiyo da ke bayyana matakan da za su bi don ƙirƙirar wakilcin dabba. Sa'an nan, gayyace su su shirya baje kolin fasaha inda za su nuna abubuwan da suka ƙirƙira ga al'umma",,,,C,Creative arts,Assessment,Pre-primary,2023,
445,"Wata malamar makarantar yara ƙanana tana aiki akan aikin nan mai suna ""Jin da ke rayuwa a cikina"". Wannan aikin ya haɗa da manufar koyo daga ainihin Darussan Harsunan Fasaha: ""Don bayyana ji, ra'ayoyi, da abubuwan da aka fuskanta ta hanyar fasaha ta hanyar gwaji da kayayyakin hoto, zane-zane, da na yin samfuri"". A tsawon aikin, sun gudanar da abubuwa daban-daban, kuma a kammala, malamar ta gayyaci yaran su gabatar da abubuwan da suka ƙirƙira a lokacin wannan aikin. Yayin da Martina take gabatar da aikinta, ta ce: ""Na yi ƙwallaye biyu, ɗaya rawaya ɗaya kore, saboda su ne launukan da na fi so"". Malamar ta tambaya: ""Wane ji zanenki yake bayyanawa?"". Martina ta amsa: ""Ban sani ba"". Wane shisshigin malama daga cikin masu zuwa ya dace don taimaka wa Martina ta cimma manufar koyo?","Madallah, Martina! Na ga aikinki ya nuna wasan ƙwallaye masu kala. Kin ji daɗin yin wasa da ƙwallaye? Me ya sa ƙwallo ɗaya kore ce, ɗayar kuma rawaya ce? Shin suna tunatar da ke wani irin ji?","Aikin da kika yi, Martina, yana da kyau sosai! Ƙwallayen da kika ƙirƙira suna cikin launukan da muke amfani da su don gane motsin rai. Kore yana wakiltar natsuwa, kuma rawaya yana wakiltar farin ciki","Madalla, Martina! Kin zaɓi launukan da kinfi so don aikinki. Zaki iya gaya mani dalilin da ya sa kika zana ƙwallaye? Me kike ji yayin da kika ga launin kore da rawaya? Me ya sa sune kika fi so?","Aiki mai kyau, Martina! Amma za ki so ki kammala aikinki, kina tuna cewa kina buƙatar nuna wata gogewa da kuma wani jin rai? Yana iya zama farin cikin buga ƙwallo da abokanki ko kuma baƙin ciki idan kika rasa ƙwallon",,,,C,Creative arts,Student understanding,Pre-primary,2023,
446,"A cikin aji na biyar, malama za ta mai da hankali kan manufa mai zuwa: “Don yin ƙirƙire-ƙirƙire ba zato ba tsammani da ƙirƙirar ra'ayoyin kiɗa tare da wata manufa da kuma isasshen sanin harshen kiɗa.” Don cimma wannan, za ta nemi ɗalibai su yi rakiyar kiɗa da ba zato ba tsammani ta hanyar amfani da kayan kaɗe-kaɗe daban-daban don rakiyar wakar. Wace aiki ce ta dace don bunkasa wannan manufa?","Malami yana rubuta tsarin kari daban-daban a kan allo domin ɗalibai su kwaikwaya daga baya, sannan su bambanta su a cikin fasahar kirkiro nasu bisa sautin da dole ne su raka",Malamar tana kunna sauti na kayan kaɗe-kaɗen Afirka a cikin aji. Sai ta nemi ɗaliban su yi amfani da waɗannan asali ra'ayoyi a matsayin tushe don su yi nasu zunguretun (improvisations) kuma su gabatar da su a kan sautin waƙar da aka gabatar.,"Malamar ta ce dalibai su saurari wata waƙa, sannan ta yi misalan wasu nau'ikan kaƙa-gida da abubuwa masu sauti daban-daban. Daga nan kuma ta ce su kwaikwaye su ta hanyar bugu (ko: ta hanyar amo)","Malamar ta umarci ɗalibai su saurari waƙar, sannan su kaɗa kaɗa-kaɗen tushe daban-daban. Sa'an nan, ta shirya wani rondo na kiɗa tare da ɗaliban, suna musanya kirkirar kaɗa-kaɗen su na nan take.",,,,D,Creative arts,Teaching strategies,Primary,2021,
447,Wace sanayya ta farko ce dole sai ɗalibai sun mallaka kafin su fara nazarin Ilimin Waƙa?,Tsakanin Lokaci,Bakin sautin kiɗa,Ayyuka na asali,Sikelin manya da ƙanana,,,,A,Creative arts,Student understanding,"Primary, Secondary",2021,
448,"A aji na bakwai, a taron koyon rukunin kayan kiɗa, malamin ya kasance yana aiki kan fassarar wani tsarin kiɗa na muryoyi biyu da rafiyar kayan kiɗa. Ɗaliban, a rukunin-rukunin, sun gabatar da fassarar su ta kiɗan, suna la’akari da ka’idojin daidaiton rithm, daidaiton sautin jituwa da na waƙa, da kuma ingantaccen amfani da albarkatun bayyana motsin rai da fasahar kayan kiɗa. A ƙarshen gabatarwar, malamin ya gano cewa wani rukunin ɗalibai sun yi kurakuran dogo a wasu alamomin kiɗa, suna kashewa da tsarin *gallops* a maimakon *syncopations* a lokacin da waɗannan suka bayyana a rubutun kiɗan. Wane mabudin gyara na koyarwa daga malamin zai baiwa ɗaliban damar shawo kan kuskuren tare da cika ka’idojin da aka tsayar na fassarar kiɗan?","Babu shakka sun inganta yadda suka gudanar da wannan kida sosai; sai dai, akwai sauran damar gyara karatun kida. Wane bangare na fassarar kida kake ganin ya fi rauni?","Ina taya ka murna da yadda ka buga ko ka rera waƙar yadda ya kamata. Na gaba, ina gayyatarka da ka saurari sauti (audio) na waƙar, kana mai mai da hankali kan tsarin bugun (metric) da kuma gudun (tempo) waƙar, waɗanda su ne har yanzu suke buƙatar gyara ko haɓakawa","A yayin fassarar, ka kai matuƙar babban iyawa na mai da hankali, taya murna! Dangane da al'amuran bugu, wajibi ne a gyara yadda ake aiwatar da *gallops* lokacin da ake gabatar da su tare","Rawani na sautuka da daidaiton waƙa sun kai matakin fassara mai inganci. Game da ɓangaren kidaya, za ka iya banbance tsakanin wace raba-rabar bugu ce take bayyana a rubutun waƙa da kuma wadda ka yi a cikin fassararka?",,,,D,Creative arts,Student understanding,Secondary,2021,
449,"Malami tana aiki da ajin aji na 8 a kan sashin Sauraro, Rera Waƙa, da Kiɗa. Sannan, za ta tantance manufar koyo mai zuwa: “Fassara waƙoƙi masu alaƙa da kiɗan da aka saurara; galibi la’akari da ci gaban fasahar kwarewar tsarin furuci da kuzari”. Wane alamomi ne ke nuna cimma wannan koyo?","Suna rera waka da wasa, suna mai da hankali kan farko da ƙarshen salo, suna fassara shi da ma'anar kiɗa","Suna waƙa da kiɗa a cikin muryoyi fiye da ɗaya, suna la'akari da fannonin kari na musamman ga aikin da salon",Suna rerawa da kaɗa waƙoƙi bisa ga tsarin sautuka irin na fasalin salon aikin da suke fassara.,Suna rera waƙa kuma suna kaɗa suna amfani da na'urorin daidaita numfashi da tsanani a cikin aikin da aka fassara.,,,,D,Creative arts,Assessment,Secondary,2021,
450,Malamin aji na shida zai tantance ɗalibansa dangane da manufar koyo mai zuwa: “Gano halayen kiɗa na musamman na jerin raye-rayen gargajiya na ƙasar Chile da daidai alaƙarsu da yankin ƙasa da suka fito.” Wane aiki ne zai ba da shaidar nasarar koyo ga ɗaliban?,"Suna gabatar da rawan gargajiya iri-iri daga sassa daban-daban na kasar, suna amfani da kayan kida da muryoyinsu",Suna nuni ga kiɗan gargajiya da na zamani na raye-rayen gargajiya na ƙasar Chile da suka sani kuma suna rarraba shi bisa ga rinjayen waƙarsa.,Suna ƙirƙirar taswirar Chile wadda suka sanya kayan kida na asali da raye-rayen gargajiya a yankunansu na ƙasa da suka dace,"Sun saurari na'urori daban-daban na kiɗan raye-raye na gargajiya na ƙasar Chile kuma sun rarraba su ta yankin yanki, bisa ga kayan kaɗe-kaɗensu da rinjayayyen kaɗe-kaɗensu",,,,D,Creative arts,Assessment,Secondary,2021,
451,"A lokacin wani aji na 7, a cikin sashen ɗaukar hoto, wata malama tana aiki tare da ɗalibanta kan ƙa’idojin yaren ɗaukar hoto. Bayan ta yi bayani da baki ko ta hanyar zane game da ra’ayoyin firam, kusurwoyi, da maida hankali, sai ta nemi ɗaliban su ɗauki hotuna a filin makaranta, suna amfani da kusurwoyi daban-daban da aka tattauna. Yayin da take lura da aikin, malamar ta lura cewa a cikin yawancin hotunan, ɗaliban sun yi amfani da firam daban-daban ne kawai ba tare da sun yi amfani da kusurwoyi ba, hakan ya nuna cewa suna ruɗa firam da kusurwar ɗaukar hoto. Wace daga cikin ayyuka masu zuwa malamar za ta iya neman ɗaliban su yi don fayyace ra’ayin kusurwoyi a zahiri?","Ɗauki hotunan abokin ajinka da ke can ƙarshen ɗakin, a tazara daban-daban, har sai ka rage mita ɗaya da shi","Dubi a cikin mujalla hotuna da ke nuna firam da kusurwa daban-daban, sannan ka wakilta su ta hanyar ɗaukar hoto na wani abu daga cikin ajin da ka zaɓa.","Ɗauki hotunan akwatin fensir a kan teburin gilashi, inda za ka sanya kyamara a sama da akwatin yayin da kake tsaye a kan kujera, sannan kuma a ƙasansa yayin da kake kwance a ƙasa","Ɗauki hotunan jakar baya a kan tebur da ke tsakiyar ɗakin, daga sassa daban-daban na da'irar da aka zana a ƙasa kewaye da shi",,,,C,Creative arts,Teaching strategies,Secondary,2021,
452,"A cikin ajin shida, a cikin darasin Sassaƙa da sauran hanyoyin bugu, ɗalibai za su ƙirƙiri zane na hoto mai siffa a kan takarda don amfani da raga na bugun allo. Wace dabara ce ɗaliban ke buƙatar ƙwarewa a kai tun farko don su iya gudanar da aikin?",Sassaƙa-katako,Sitensil,Monotype,Hotomantaj,,,,B,Creative arts,Student understanding,Secondary,2021,
453,"Malamar aji na 7, a cikin kashin Ƙirƙirar Ganin Gani, mutum da yanayi, tana aiki da ɗalibanta kan muhimman siffofin fasahar ƙasa, bisa ga lura da binciken ayyukan masu fasaha waɗanda suka wakilce shi. Sannan, ta gabatar da shawara cewa su yi amfani da abin da suka koya a wani aikin shiga tsakani a wani wurin shakatawa kusa da makarantar kuma su ɗauki hotunan shaida na ayyukan fasahar. Malamar za ta tantance sakamakon da aka samu ta hanyar ma'aunin kimantawa. Don tattara shaida game da nasarar koyon ɗalibanta, wace alamar tantancewa malamar za ta iya la'akari da haɗawa a cikin kayan aikin tantancewar?",Suna ƙirƙirar rubutaccen hoto da ke bayyana tsarin yin aikin zane da kuma sakamakon ƙarshe na shi,"Suna zaɓar kayan halitta ko na gargajiya don aikin nasu, daidai da ayyukan fasahar ƙasar (land art)",Suna kafa dangantaka tsakanin shimfiɗar wuri inda suke shigar da aikinsu da kuma manufar bayyanawa da suke so su isar.,"Suna tantance abubuwan gani a cikin misalan ayyukan fasahar ƙasa, don ƙirƙirar zane-zanensu kafin a fara samar da aikin",,,,C,Creative arts,Assessment,Secondary,2021,
454,"Malamin ajin farko na makarantar sakandare yana aiki a kan wani yanki na waka mai murya, musamman wani canon mai sauti ɗaya na muryoyi uku. Bayan ya bayyana wannan tsari na kiɗa, ya lura cewa ɗalibansa ba su fahimce shi sosai ba, don haka ya ba da shawarar yin amfani da kwatanci don sauƙaƙa musu fahimta. Wanne daga cikin zaɓuɓɓukan da ke gaba ya gabatar da kwatanci mai dacewa don taimaka wa ɗalibai su fahimci yadda ake aiwatar da canon mai sauti ɗaya?","Ka yi tunani ana gudanar da gasar tseren miƙa sanda, kuma an miƙa sandar ga abokin wasa a daidai lokacin nan, sannan sai a miƙa ta ga na gaba a lokutan da aka tsara. Haka nan yake faruwa da waƙar da za a rera.","Ka ɗauka mutane uku suna karanta waƙoƙi daban-daban a lokaci guda, kuma a saurin kari ɗaya, suna dacewa kuma suna cika ma juna, wanda hakan ke samar da sabon ma'ana ga rubutun. Idan a fannin kiɗa ne, ya kamata a maye gurbin rubutun da waƙoƙin rero.","Ka yi tunanin na'urorin kunna sauti da yawa masu waƙa ɗaya sannan ka danna kunnawa a kan kowace ɗayansu da wani jinkiri na adadin bugu. A yanayin waƙoƙin da aka rera, kowace ɗayan waɗannan na'urori za ta zama rukunin mawaƙa","Ka ɗauka an yi zane farawa da layi mai launi ɗaya daga farkon shafin, sannan kuma, a wani tazara, an zana wani layi mai launi dabam, da sauransu. Layukan masu launi za su zama waƙoƙin da za a rera, kuma santimita na tazarar za su zama lokutan jira",,,,C,Creative arts,Teaching strategies,Secondary,2021,
455,"A wani aji na uku na makarantar sakandare, ɗalibai suna aikin ƙirƙire-ƙirƙire, saboda malamin darasi ya umurce su su ƙirƙiri wani ɗan ƙaramin tsari na sauti (composition) kowa da kansa. Wani ɗalibi bai gane umarnin nan take ba sai ya nemi malamin ya yi masa bayani da sauƙaƙan kalmomi game da abin da tsari na sauti ya ƙunsa. Wanne daga cikin zaɓuɓɓuka masu zuwa ne ya gabatar da amsar malami wadda take da inganci a fasahance amma kuma an yi ta da harshen da ɗalibin zai iya fahimta?",Shi ne don ƙirƙirar jere-jere na sauti waɗanda ke amsa umarnin da aka bayar ta hanyar maƙami na asali ko maƙami na farko.,"Nisanta da komawa ga babban sauti ne akai-akai, cikin yanayi mai daɗin sauti.","Don tsara wani aiki ne cikin tsarin kiɗa da aka ayyana, bisa ga dabara ta matakai a kewayen sauti na asali, tare da mafi yawan amfani da jituwar sauti mai daɗi a cikinsa",Don haɓaka wani tsari na kiɗa ta hanyar hanyoyin tsarawa da albarkatu daban-daban,,,,B,Creative arts,Student understanding,Secondary,2021,
456,"Malamin aji na uku na sakandire yana shirya wata waƙar murya tare da ajinsa. A wani sashe na musamman na waƙar, ɗaliban dole su yi amfani da yanayin ƙarfin murya na *piano* (a rera a hankali); duk da haka, idan suna waƙa, suna yawan yin *rallentando* (jinkirin gudun waƙar) wanda ba a nuna shi ba a wajen. Wace shawara ko taimako malamin zai yi don sauƙaƙa wa ɗaliban su fassara waƙar tare da kiyaye *tempo*?","Bari ɗalibai su yi aikin da ƙarfi mara canzawa, domin su iya gane sakamakon da ƙarfin aiki mai kyau.","Yi amfani da wani faifan murya na aikin da ƙwararrun ƙungiyar mawaƙa ta yi, domin ɗalibai su saurari sakamakon ƙarshe kuma su gane inda ya kamata a rage ƙarfin murya","Bayyana ma'aunin kuzari (dynamics) da na kuzari na ciki (agogics) daban-daban, tare da amfani da haɗe-haɗe daban-daban ga aikin, don ɗalibai su iya gane kowane ma'auni.","Ku nemi ɗalibai su yi motsa jiki na murya don gano yiwuwar canje-canje na ƙarar muryarsu, don haɓaka ikonsu kan sigar ƙarfin sauti a cikin wasan kwaikwayonsu",,,,C,Creative arts,Student understanding,Secondary,2021,
457,"Wani malamin aji na biyu na makarantar sakandare yana magance karanta wani rubutaccen kiɗa (score) na ƙungiyar kaɗe-kaɗe, wanda galibi ya ƙunshi rukuni-rukuni na sifofin kari waɗanda aka samo daga tsarin kiɗan ɗan gajeren lokaci na goma sha shida (quartet of sixteenth notes). Dalibai suna nuna wahala wajen karantawa da kuma aiwatar da karin *gallops* da juyewar da ke da wuya a fahimta, da kuma *syncopations* da *triplets*. Wacece daga cikin ayyukan da ke gaba ce za ta ba da damar magance matsalar karatu ta kari tare da ɗalibai da kuma inganta yiwuwar canja wurin koyo zuwa wasu yanayi?","Ku umarci ɗalibai su ƙidaya rabon kashi goma sha shida da babbar murya a bugu mai tafiya a hankali, suna buga salon waƙar har sai sun iya gane tsawon lokacin kowane salo da kansu.","Yi wasannin silabi da kalmomi waɗanda suka dace da rukunai masu sarkakiya, ta yadda ɗalibai za su danganta kuma su haddace ta hanyar ji, sannan su samu ƙarin daidaito a wajen aiwatar da waɗancan siffofin kiɗa","Gudanar da ma'auni da rabe-rabensa ta hanyar ruri, yayin da ɗalibai ke buga tsarin kari masu sarkakiya da kayan kidansu, har sai sun sami damar haɗa su","Kirkiri wani atisayen raba hankali na kida mai haɗakar salo, domin ɗalibai su riƙe bugun kari da hannu ɗaya, kuma su buga yanayin kari mai sarkakiya da ɗayan hannun, har sai sun iya daidaita su.",,,,B,Creative arts,Student understanding,Secondary,2021,
458,"Malami na shekara ta biyu ta sakandire yana niyyar tantance manufar koyo mai zuwa: “Fassara saloli daban-daban na waƙoƙi ga murya ɗaya ko fiye, tare da sanin salon waƙa, ta hanyar amfani da hanyoyin yin rikodi da watsawa wajen sarrafawa da yaɗa aikin waƙarsu.” Wane matakin aiki na ɗalibi ne ke nuna cikar wannan manufa da aka bayyana?","Suna amfani da nannannun makin kiɗa da waɗanda ba na kiɗa ba, rakodin, gabatarwa ta hanyar dijital, da sauransu, a cikin gabatarwarsu ta kiɗa, gwargwadon bukatunsu da sha'awarsu","Suna kwaikwayo da sauti daga kayayyaki daban-daban, yanayi, ko ra'ayoyi, suna nuna ƙwarewa da ƙirƙire-ƙirƙire a amfani da kayan aiki","Suna bayar da kyawawan kimantawa na nasu da na abokanansu game da wasan kwaikwayo na kiɗa, suna la'akari da fannoni kamar su gudana, asali, jajircewa, da sauransu","Suna bayyana hanyoyi dabam-dabam na yin rikodi da watsa kida, gwargwadon irin abin da ake gabatarwa da kuma lokacin tarihi da yake faruwa a ciki",,,,A,Creative arts,Assessment,Secondary,2021,
459,"Wata malamar ajin makarantar sakandire na shekara ta uku ta sanya wa ɗalibai manufar fassara kiɗa tare da sanin salo, daidaiton fasaha, da kuma kwarjini. Don cimma wannan buri, ta zaɓi wani aiki na rera waƙa mai murya huɗu wanda dukkanin ɗaliban ajin za su yi. A yayin aikin, ta lura cewa ko da yake suna rera waƙar da kwarjini kuma suna da masaniyar salon aikin lokacin da suke fassara shi, har yanzu ba su bayyana rubutun da murya yadda ya kamata ba yayin rera waƙar, don haka, ba a samun nasarar ɓangaren daidaiton fasaha ba. Wane jawabi ne daga malamar, a matsayin wani nau'i na martani mai gina jiki, zai sauƙaƙa wannan koyo ga ɗaliban?","Fassarar da kyau sosai idan aka yi la'akari da salon aikin. Sai dai, a cikin kiɗan murya, yana da muhimmanci cewa rubutun ya dace da waƙoƙin da suka dace, don haka za su iya bayyana waɗannan fannonin tare","Ina taya ku murna kan fassarar da kuka yi ta gwaninta a kan wakar. Yanzu, yana da muhimmanci cewa, yayin fassara waka ta muryoyi, mawakan su saurari juna don samun daidaituwa sosai a tsakaninsu","Yayi kyau har zuwa nan; amma har yanzu akwai sauran gyara wajen fassarar aikin. Don tabbatar da furucin rubutun ya dace, ina ba da shawarar a sake duba karatun score ɗin sau da yawa.","An samu fasaha da fassarar aikin sosai. Amma, don kammala aikin, yana da muhimmanci a ƙarfafa furucin rubutun yayin da ake rera waƙa. Wannan zai taimaka wajen fahimtar ma'anarsa kuma ya sa aiwatar da kiɗan ya zama mafi inganci.",,,,D,Creative arts,Assessment,Secondary,2021,
460,"Don fara sashin Tsara da Yadawa, a ajin sakandare na Shekara ta 2, wata malama ta gudanar da kimantawa ta gano matsala (diagnostic assessment) don tantance yadda ɗalibai ke ɗaukar tsari (design) da rassan sa daban-daban. Bayan an yi kimantawar, malamar ta gano cewa ɗaliban suna da rudaddiyar fahimta game da zane-zanen masana'antu (industrial design), domin suna danganta shi ne kawai da ƙera sassa na masana'antu a kan manyan matakai. Wace aiki malamar za ta iya ba ɗaliban don su fahimci ma'anar zane-zanen masana'antu?","Kalli kayayyakin zane-zane na masana'antu don nazartar su, rarraba su, da kuma zana shacin kayayyakin da aka baje koli","Zaɓi kayayyakin ƙira da ake samu a cikin aji don binciko asalin su, cigaban su, da kuma dangantakar su da yanayin samar da su","Fasali kayan zane na masana'antu ta hanyar ɗaukar hoto, don manufar ƙirƙirar sabon kayan zane wanda zai magance buƙatun yanzu","Binciko sanannun kayayyakin ƙira da suka fito a tarihin ƙirar masana'antu, don daga baya ƙirƙiro wani kayan ƙira mai la'akari da buƙatun mahallin",,,,B,Creative arts,Student understanding,Secondary,2021,
461,"Wata malama a aji na biyu na sakandire za ta yi aiki tare da ɗalibanta a kan rukuni mai suna Matsalolin Al'umma a cikin Fasahar Kallo, tana haɓaka manufar: ""Yi hukunci mai mahimmanci game da ayyukan da ke gabatar da matsalolin al'umma, bisa ga nazarin abubuwan alamomi da yanayin samar da ayyukan."" Don magance wannan manufar, za ta roƙe su su ƙirƙiri wani sassaka bisa ga wannan taken. Wace jerin ayyuka ce za ta ba da damar magance manufar koyo da aka gabatar?","Yi nazarin aikin sassaka na zamani, gano muhimman manufofinsa, kuma ka tsara sassake bisa ɗaya daga cikin waɗannan manufofin","Ka tsara sassaka bisa ga matsalolin zamantakewa, ka tantance shawarar tare da abokin aiki, kuma ka ƙirƙiri sassakar bisa ga wannan tantancewar","rubuta kasida a kan wakilcin matsalolin zamantakewa a cikin zane-zane, haɗa muhimman ra'ayoyi daga rubutun, sannan ka ƙirƙiri wani sassaka bisa ga kasidar","Yi bincike a kan sassaka-sassaka waɗanda suka shafi jigo, ka kafa alaƙa tsakanin abubuwan harshen gani da manufar faɗakarwa ta waɗannan ayyukan, kuma ka tsara wani sassake bisa ga binciken",,,,D,Creative arts,Teaching strategies,Secondary,2021,
462,"A cikin aji na shekara ta huɗu na sakandare, lokacin koyarwar darasin 'Binciken Harsunan Fasaha na Zamaninmu', malamin ya gabatar da ayyukan mai ɗaukar hoto na sabbin dabaru, Man Ray, ga ɗalibai kuma ya bayyana ma'anar rayogram, yana fassara shi a matsayin fasaha ta samun hotuna ba tare da amfani da kyamara ba. Bayan bayanin, wasu ɗalibai sun nuna cewa ba su fahimci ma'anar ba, don haka malamin ya yanke shawarar kafa kwatanci tsakanin wannan fasahar da yanayi na rayuwar yau da kullum. Wane yanayi na rayuwar yau da kullum za a iya kwatanta fasahar rayogram da shi?",Da surorin da madubi ke nunawa idan hasken rana ya riske shi,Da alamun da ke ragewa a jiki bayan an yi rana tare da zobe,Da siffofin da ake gani a ƙasa lokacin da wani abu ya hana hasken rana,Da tabon da bututun ruwa ke barin a kan ciyawa idan ya sha rana,,,,B,Creative arts,Teaching strategies,Secondary,2021,
463,"Lokacin haɓaka sashin Kafa Na'urorin Multimedia, a aji na biyu na makarantar sakandare, malami zai yi aiki tare da ɗalibai a kan manufar: ""Ku ƙirƙiri kafa na'urar multimedia a wani wuri na makarantar don maida hankalin al'ummar makarantar a kan batutuwan yanayi da muhalli."" Ɗalibai za su yi aiki a rukuni don tsara shawarar, wadda za a gabatar da ita a wani wuri na musamman na cibiyar ilimi. Wane ilimin farko ne ya zama wajibi ga ɗalibai don su magance manufar da aka gabatar yadda ya kamata?",Hanyar aiki don bunƙasa ayyukan gani,Dabarun da ake amfani da su a ayyukan shigar da kafofin watsa labarai iri-iri (multimedia installation works),Abubuwa masu bayyanawa na harshen gani na sauti da bidiyo,Jigogin muhalli a cikin ayyukan zubin na'urorin multimedia,,,,A,Creative arts,Student understanding,Secondary,2021,
464,"A aji na huɗu na sakandare, yayin bunƙasa darasin zanen bango, wani malami tare da ɗalibansa sun yi nazari kan tarihin zanen bango da manyan halayensa, suna ƙara fahimtar abin da suka koya da ziyarar ilimi zuwa Gidan Tarihi na Buɗe Sama na Valparaíso, domin su haɓaka nasu tsare-tsaren zanen bango. Bayan aikin na fili, malamin ya gabatar da wani kimantawa ta gina-ilimi na aikin, wato shirya tarin aiki wanda zai cika manufa mai zuwa: “Don bayyana ra’ayoyi masu jan hankali na kai ta hanyar ƙirƙirar zanen bango wanda aka samo wahayi daga ayuka biyu na Gidan Tarihi na Buɗe Sama na Valparaíso”. Idan aka yi la’akari da manufar kimantawa da aka gabatar, wane aiki ne ya dace a haɗa shi cikin tarin aikin?","Zana zane-zane na bangon da aka zaɓa, tare da haɗa da ra'ayoyin mutum da hukunce-hukuncen kyawun ayyukan","Shirin aikin zane a bango, wanda ya haɗa da kayayyaki, lokuta, da matakai da ake bukata don kammala shi","Tattara fayilolin hotunan bango da aka zaɓa, ciki har da ra'ayoyi da tunani a kan ayyukan, da kuma shaci-tafukan su","Buga ra'ayoyi, hotuna, da zanen matakan ƙirƙirar aikin, haɗe da abubuwan kallo da bayanai na zaɓaɓɓun ayyukan",,,,D,Creative arts,Teaching strategies,Secondary,2021,
465,"A cikin sashin 'Fahimtar Masu Fasaha na Zamani da Sake Kirkirar Ayyukansu', a cikin ajin sakandare na aji na 4, wata malama tana aiki tare da ɗalibanta kan aiki na farko, wanda ya ƙunshi aikin bincike na rukuni wanda manufarsa ita ce: ""Binciko siffofi na tsari da yanayin samarwa na nunin fasaha daga ƙungiyoyin fasaha na zamani."" A ƙarshen binciken, malamar za ta gudanar da kimantawa mai ginawa na ayyukan bisa ga ma'aunin kimantawa. Wane ne daga cikin waɗannan masu nuni da za a haɗa a cikin ma'aunin kimantawa zai ba da damar tabbatar da cimma manufar da aka bayyana?",Suna tantance manufar bayyanawa ta mahimmanci na zaɓaɓɓun zane-zane na zamani masu wakilci na zaɓaɓɓun ƙungiyar.,"Suna tsara wani aikin fasaha na zamani, suna la'akari da sifofin asali na ƙungiyar da aka yi nazari a kai.","Suna bayyana halaye na ayyukan fasahar zamani na ƙungiyar da aka zaɓa, suna danganta su da madaidaitan abubuwan zamantakewa da tarihi na yankin","Suna tabbatar da zaɓin zayyanar fasahohi na zamani daga zaɓaɓɓen rukuni, suna la'akari da abubuwa masu canzawa kamar su abubuwan da suke so da kuma dangantakarsu da abubuwan da suka samu",,,,C,Creative arts,Assessment,Secondary,2021,
466,"Malamin aji na shida, a cikin darasin Rhythm da Kiɗa, zai yi atisaye da ɗalibansa akan wasu siffofin rhythm don su iya buga su da kayan kiɗa kuma su gane su a cikin atisayen sauraro. Wane aiki ne ya dace don haɓaka ƙwarewar ɗalibai ta banbance siffofin rhythm ta hanyar ji?",Haɗa siffofin kidan da ke biye da juna da kalmomi,Zana yayin da kake sauraron siffofin kari a kiɗa,Yi tafiya kana sauraron siffofin kari a cikin kiɗa,Kwaikwayi shugabanci na sifofin jigo a cikin kiɗa,,,,A,Creative arts,Teaching strategies,Secondary,2023,
467,"Malamar ajin shida tana jagorantar atishin gama gari na guntuwar kida don busa, gitar, da ganguna. Lokacin atishin, ta lura cewa a rukunin busa, wasu ɗalibai ba sa aiwatar da furtawar staccato a cikin jimlar sauti. Don amsa, ta yanke shawarar canza dabarar ajin domin ta gyara kuskuren wasan da waɗannan ɗalibai suka nuna. Wane shisshigi ne daga malamar ya dace don gyara rashin staccatos a cikin wasan?","Ku bi diddigin sashin ɗan littafin tare da ɗalibai, ku gano matsalar kuma ku maimaita har sai kun cimma nasarar aiwatarwa daidai","Gudanar da babban atisaye, kuma a ƙarshen ajin, umurci masu busa fiyula su sake nazarin yadda suke furta busar a gida, a gaban madubi",Yi nazarin kai a cikin aji wanda zai ba da sarari don yin bita tare da kowane ɗalibi a kan sashen da ke nuna matsalolin aiwatarwa,Dakatar da atisayen kuma ka bayyana wa ɗaliban tushen nazarin yadda ake furta kalmomi da suke nuna takamaiman matsaloli a cikinsa,,,,A,Creative arts,Teaching strategies,Secondary,2023,
468,"Wata malama tana aiki a kan ƙwarewar saurarawa da hankali tare da ɗalibanta na aji na biyar. Don yin haka, za ta gabatar da kiɗa na nau'o'i da salo daban-daban da nufin cewa ɗaliban su gano tsare-tsaren kiɗa masu sauƙi, kamar sautin jagora da rakiya, sautin haɗaka, sautin bambance-bambance, da sauransu. Waɗanne kayan aikin kiɗa, da suka dace da ci gaban ƙwarewar da kuma manufar da aka gabatar, ya dace malamar ta yi amfani da su?",Sauti da maki,Mai ji da mai tsara waka,Bidiyo da musikogiram,Bidiyo da maki,,,,B,Creative arts,Teaching strategies,Primary,2023,
469,"Malamar za ta yi aiki tare da ɗalibanta na aji na 5 a kan fasahar buga kayan kaɗe-kaɗe da rera waƙa a haɗin kai (harmony), don shirya wani gungu na wani yanki na kiɗan Latin Amurka. Dangane da yanayin da ya gabata, wane aikin motsa jiki ne ya dace da ɗaliban ya kamata sun yi a baya don fara haɓaka aikin murya mai yawa (polyphonic work)?","Karatun atisayen polyrhythmic, bugawa da duka",Sadar da gajeren saƙaƙƙen mai ɓangarori biyu tare da rakiyar sarewa,"Rera jerin sautin jituwa a cikin ƙungiyar mawaƙa, inda kowace rukuni ke rera sauti ɗaya na jituwar sautin",Aikin murya na rukuni tare da sauƙaƙan salo da aiwatarwar kayan kiɗa da aka fayyace,,,,B,Creative arts,Student understanding,Primary,2023,
470,"Malamin aji na 7 ya kammala wani darasi wanda yake da manufa kamar haka: ""Rera waƙa da kaɗa waƙoƙi iri-iri, suna haɓaka ƙwarewa kamar su daidaiton kari (rhythm) da kuma sautin waƙa; da kuma amfani da hanyoyin bayyana ji na kiɗa."" Don tabbatar da cikar wannan manufa, zai tantance ɗaliban ɗaya bayan ɗaya ta hanyar aikin rera waƙa da/ko kaɗa kayan kiɗa na waƙoƙin gargajiya na Chile, ta amfani da kayan kiɗa masu samar da sauti da na haɗa sauti (filiti, metallophone, melodica, keyboard, guitar, da ukulele). Wane rukuni na alamomi ne zai ba da damar cikakken bayani kan cika burin da aka gabatar?",Sun yi daidai da sautin waƙar da aka yi a kai.,"Suna haɗa da faɗaɗaɗɗen ƙarfi mai ƙarfi (forte-piano) kamar yadda ya dace yayin da suke yin waƙar. ■ Suna kiyaye daidaiton kiɗa yayin da suke yin waƙar, suna bin alamun faɗakarwa na ainihin waƙar daidai.",Suna fassara waƙa da sautin kiɗa daidai da yanki. ■ Suna haɗa abubuwan agogic da ƙarfin sauti daidai a cikin aikin,"Suna aiwatar da kari da waƙa daidai gwargwadon yanki. ■ Suna haɗa abubuwa a cikin fassarar kamar matsayi, gyarawa, da kuma lafazi, a tsakanin wasu.",,,,C,Creative arts,Assessment,Secondary,2023,
471,"Malami na aji na biyar zai tantance wannan manufar koyo mai zuwa: ""Rarrabe ta hanyar sauraro halayen sauti da abubuwan harshen kiɗa, kuma ya wakilce su ta hanyoyi daban-daban."" Wace aiki ce malamin ya gabatar da ita za ta ba da damar auna wannan manufar da aka bayyana?","Ɗalibai suna sauraron waƙoƙin kiɗa daban-daban, sannan sukan ƙirƙiri wani kundin haɗa-haɗi ta amfani da yankan motsin zuciyar da suka taso daga kiɗan da suka saurara","Dalibai suna sauraron nau'o'in kiɗa daban-daban waɗanda suke so da kansu, sa'an nan kuma su ƙirƙiri rubutu wanda yake bayyana tunanin da ya fito daga gare su","Dalibai suna sauraron kiɗa daga muhallinsu na kusa, sannan a cikin ƙungiyoyi, su ƙirƙiri wani tsari na bayyanar jiki wanda ke nuna motsin rai da suka taso daga sauraron nasu","Ɗalibai suna sauraron waka sau da yawa yayin da suke zana zane marar misali na abubuwan daban-daban da suka fahimta a ciki, ta hanyar launuka, siffofi, da kuma layuka",,,,D,Creative arts,Teaching strategies,Primary,2023,
472,"A farkon darasin Zane a cikin Fasahar Zamani, wanda ke magana kan darajar alamomi na ayyuka a cikin mahallin al'adu, malami zai gudanar da tantancewar gano matsala don tantance ko ɗalibansa na aji na 6 sun gane manufar bayyanawa da jerin ayyukan ke nunawa. Bayan ya duba amsoshin, sai ya lura cewa yawancin ɗalibai suna nuna halaye na layi, siffa, da launi na zanen, ba tare da ambaton ra'ayoyin da suke isarwa ba. Wannan ya faɗakar da shi cewa dole ne ya yi aiki da su kan haɗa fahimtar alamomi na hotunan da ke cikin waɗannan ayyuka. Wanne daga cikin ayyuka masu zuwa ne ke taimaka wa ɗalibai su fahimci yadda za su tantance manufar bayyanawa ta wani aiki?",Malamin ya ce wa ɗalibai su lura da ayyuka daban-daban na fasahar zamani kuma su gano jigogi na bai ɗaya da aka maimaita a cikinsu,Malam ya gabatar da jerin ayyukan fasahar zamani ga ɗalibai kuma ya buƙace su su gane salon bayyanawa da hanyoyin aiki da masu fasahar suka yi amfani da su,Malamar tana gabatar da ayyukan fasahar zamani daban-daban ga ɗalibai kuma tana neman su rubuta abubuwan da suke ji da launuka ko sifofin da aka wakilta a cikinsu ke haifarwa,Malamin ya nuna wa ɗalibai zaɓi na wakilcin ayyukan fasaha na zamani kuma ya tambaye su su nuna irin ra'ayin duniya da masu fasahar suka samu bisa nazarin abubuwan da suka lura da su a cikin ayyukan.,,,,D,Creative arts,Teaching strategies,Secondary,2023,
473,"Malamar aji na shida ta tsara manufa kamar haka don kimantawa ta gano matsala: “Don nuna ta hanyar zane da girman jikin mutum.” A matsayin babbar aiki na ajin, ta ɗora wa ɗalibai alhakin yin zane-zanen mutum guda uku: ɗaya na yaro, ɗaya na babba, da kuma ɗaya na babba mai shekaru. Bayan karɓar ayyukan, malamar ta lura cewa wasu ɗalibai sun zana jikin mutane da “siffofi kamar itace” (stick figures), kuma ta kammala cewa wannan rukuni yana da matsala wajen nuna siffofi a cikin girma uku (three dimensions). Saboda haka, ta yanke shawarar fara aji na gaba ta hanyar magance wannan fannin koyo. Wace daga cikin ayyukan da ke gaba ce za ta ba malamar damar ƙarfafa musamman fannin da aka gano a matsayin kalubale ga ɗalibanta?","Ku duba zane-zanen gaba da gefe na siffofin mutane a cikin littattafan nazarin halittar jiki, sa'an nan ku kwafi siffofin da aka nazarta.","Shirkokin siffa (geometric bodies) da alaƙarsu da sassan jiki dabam-dabam, sannan a yi amfani da su wajen zana ɗanƙamman surar mutum (human figure)",Auna ma'aunin jikin abokin karatunka don gano dangantakar da ke tsakanin sassan jikinsa sannan ka yi zane-zanen wakilci na siffar abokin karatunka,Zana ginshiƙai da alkiblar sassan jiki a hotunan mutane don haɗa siffofi sannan a yi kwafin adadin jikin ɗan Adam da aka bincika,,,,B,Creative arts,Student understanding,Secondary,2023,
474,Malami yana fara sashen Hotunan Dijital a Fasahar Zane tare da ɗaliban aji na 7. Malamin ya gabatar da aiki mai zuwa ga ɗaliban: su kirkiri hotunan yanayi na hasashe ta hanyar zane na dijital a cikin shirin gyaran hoto. Wane ilimin tsari na aiki na farko ne tushe ga ɗaliban su mallaka don cimma manufar?,Kayan aikin kula da shanyewar jiki,Kula da kayan aikin tasiri,Gudanar da kayan aikin yanke da liƙa,Gudanar da kayan aikin zaɓi,,,,A,Creative arts,Student understanding,Secondary,2023,
475,"Malami yana tsarawa sashen darasi mai suna Mutane da Kasa a ajin shekara ta takwas, yana la'akari da manufar: ""Kirkiro taswira ta tarihin rayuwa bisa ga fahimta, ji da kuma ra'ayoyin da suka samu daga rayuwarsu."" Don kirkirar wannan taswirar, malamin ya gabatar da amfani da dabarar hada hotuna (collage). Wace jerin ayyuka ce ta fi dacewa don jagorantar ɗalibai wajen kirkirar taswirar tarihin rayuwarsu?","Ƙirƙiri wani haɗin-hotuna na tarihin rayuwa, yi nazari kan sassan shi daban-daban, zana taswirar shi, kuma haɗa ɓangarori na haɗin-hotunan ciki","Haɗa hotuna a cikin taswirar wuri, haɗa zane da zane-zane, yi nazarin wuraren yanki da aka rufe a ciki","Rubuta rubutu na tarihin rayuwa, tantance nau'o'in ilimin taswira daban-daban, zana taswirar, kuma haɗa da hotuna masu bugu da zane","Yi tunani a kan tarihin rayuwarsu, tattara da liƙa takardu a kan babban shafi, zana taswirar, da haɗa zane-zane",,,,C,Creative arts,Teaching strategies,Secondary,2023,
476,Malami zai yi aiki tare da ɗaliban aji na 6 a kan manufa mai zuwa: “Don haɓaka ayyukan buga hotuna ta amfani da dabarar monotype mai launi.” Waɗanne ilimin da suka gabata ɗalibai ke buƙata don amfani da wannan dabarar daidai?,Daidaita launi,Amfani da injin buga takardu,Tsaida tawada a faranti,Gwaji na jihar a cikin tsarin sarrafa hoto,,,,C,Creative arts,Student understanding,Secondary,2023,
477,"A cikin aji na aji takwas, yayin da ake koyar da fasahar zamani, wata malama tana bayani kan batun fasahar shigarwa (installation). Don yin haka, ɗaliban sun kalli bidiyoyi na shigarwa daban-daban, kuma tare sun tantance halayen wannan nau'in fasaha. A matsayin aikin ƙarshe, ɗaliban, waɗanda aka tsara a cikin ƙungiyoyi, sun ƙirƙiri wani shigarwa na ɗan lokaci a cikin ajin, ta amfani da kayayyakin da suka kawo daga gidajensu. Yayin da take lura da aikin, malamar ta lura cewa ɗaya daga cikin ƙungiyoyin tana yin sifofi na bazuwa da zaren da aka lika a bangon aji. Wace rashin fahimta game da abun ciki na shigarwa ce ta fito fili a cikin aikin da ɗaliban suka gabatar?",Suna kasa danganta siffofin da aka yi amfani da su da wurin da aka zaɓa don shigarwar,Ba sa la'akari da irin tallafin da ya kamata shigarwar ta samu,Basa amfani da sararin ta hanyar amfani da ra'ayoyi daban-daban da ya kamata shigarwa ta kasance da su,Ba sa la'akari da halayen kayan da ya kamata a yi amfani da su a cikin wani aiki (ko gini ko shigarwa),,,,C,Creative arts,Student understanding,Secondary,2023,
478,"A ƙarshen fannin Fasahar Girkawa da Fasahar Zamani, malama za ta tantance ɗalibanta na aji na 8 dangane da cimma manufa kamar haka: ""Su haɗa kai su ƙirƙira fasahar girkawa a cikin aji, bisa nazarin dangantakar da ke tsakanin mutane da yanayi."" Wanne ne aikin ɗalibai daga cikin waɗannan ke nuna cimma wannan manufar?","Dalibai sun yi amfani da fenti da kayan da aka sake sarrafawa, wato abubuwan yau da kullum masu muhimmanci da aka kawo daga gidajensu, kuma suka kafa su a wurare daban-daban a cikin aji","Dalibai sun sanya madubi a saman rufin ɗaya daga cikin kusurwoyin ajin, yana nuna benen da aka shirya a baya da ciyawa, ganye, da zane-zanen wuraren kore da ƙungiyar ta yi","Dalibai suna kirkirar kayan sawa daga tufafin da aka sake amfani da su, wanda suka samo asali daga canjin yanayi, kuma su ne ke sanyawa yayin da suke bayyana yadda suka yi su.","Dalibai sun shirya bidiyo da hotunan ajin da aka gyara ta hanyar dijital, tare da launuka da siffofi daban-daban da ke nuni ga dabi'a, suna canja yanayin wurin da aka gyara",,,,B,Creative arts,Assessment,Secondary,2023,
479,"Wani Malam, a cikin ajin SS 3, a cikin Darasin ""Abin da Kiɗa Ke Nuna Mana,"" ya fara tattauna Manufar Koyo mai zuwa: ""Don ƙirƙira wani ƙaramin aikin kiɗa tare da haɗin gwiwa, dangane da wani yanayin sauti na musamman, ta yin amfani da muryarsu, jikinsu, kayan kiɗa, da abubuwa masu fitar da sauti iri-iri, domin zurfafa bincike a kan sautin kusa da suke kewaye da ɗaliban."" Wace dabara ce ta fi dacewa ga ɗalibai su fara aiki kan manufar da aka gabatar?",Don nemo abubuwa daban-daban masu sauti waɗanda ke sauƙaƙa tsarin ƙirƙirar kiɗa,Don gudanar da bincike kan yanayin sauti na ƙauye da birni,Don gane da sauraron sautuka daban-daban waɗanda suka haɗa wani yanayin sauti na musamman,Zaɓar kayan kiɗa da kowane ɗan ƙungiyar ya ƙware a kansu kuma a yi su a filin jama'a,,,,C,Creative arts,Student understanding,Secondary,2023,
480,"A aji na farko na sakandare, malami zai koyar da ɗalibai kan manufa mai zuwa: ""Sanin halayen kromatisim da yadda ake amfani da shi a cikin waƙoƙi daban-daban."" Malamin ya riga ya bayyana manufofin, amma ya yanke shawarar wakilta wannan siffar ta kiɗa a hoto ta hanyar amfani da misali kwatanci. Wane ne daga cikin waɗannan misalan kwatancin ya dace don inganta fahimtar ɗalibai game da manufar kromatisim?","A cikin ruwan tabarau da kayan aikin gani, yana yiwuwa a sami kalararrakin launi (chromaticisms) lokacin da abubuwa suka bayyana kamar an zana iyakarsu da launukan bakan gizo","A kan madannin, akwai not din D, D sharp, da E; ko kuma, E, E flat, da D, waɗanda sune jere na not ɗin waƙa","A cikin karatun akord, ana gina akord ɗin babbar, ƙaramar, ragu, da ƙari ta hanyar canza mataki na 3 da na 5","A cikin zane, yana da matukar yiwuwa a lura da canjin launuka, inda za mu ga raguwar launin, kamar daga ja zuwa lemo sannan kuma zuwa rawaya",,,,D,Creative arts,Student understanding,Secondary,2023,
481,"Malamin sakandare, a aji na biyu, a cikin mahallin jigon nan 'Me Waka Ke Gaya Mana', zai tantance ɗalibai da wannan manufa mai zuwa: ""Yin kimantawa mai zurfi ga bayyanannu da ayyukan kiɗa daga Chile da duniya waɗanda ke bayyana a al'adar baka, rubutacciya, da ta jama'a, tare da sadar da tushensu ta hanyoyin magana, hoto, sauti, da motsi na jiki."" Domin wannan aiki, dole ne ɗalibai su sanya wa aikinsu tambari na gida. Wanne daga cikin waɗannan ayyuka ne ya dace don tantance manufar da aka gabatar?","Yi nazarin sigar wata shahararriyar wakar yankinku, inda za a tantance ma’auninta, salon waƙar, sautinta, da tsarinta.","Zaɓi mawaki-mawallafin waƙoƙi na misali daga yankin, sannan ka rubuta tarihin harkar waƙarsa","Yi nazari a kan rubutun waƙa da marubuci wakili daga yankin ku, tare da danganta kalmomin waƙar da ainihin halin da birnin yake ciki","Rubuta ɗan gajeren kasida na waƙoƙin da makaɗan gargajiya na mashaya ke yawan kunnawa a yankinka, kana bayyana nau'insu, mawallafansu, da kuma maƙirƙiransu",,,,C,Creative arts,Assessment,Secondary,2023,
482,"Wata Malama/Malami, a ajin sakandare na shekara ta biyu, za ta/zai tantance koyon ɗalibai game da manufa mai zuwa: ""Ƙirƙirar sabon sauti na kiɗa na musamman don guntun shirin motsi na Tom da Jerry, ta amfani da kayan kaɗe-kaɗe daban-daban, kayayyakin yau da kullum da/ko na'urorin lantarki."" Don cimma hakan, dole ne su gudanar da aikin aikace na kiɗa, wanda za a iya gabatar da shi kai tsaye a lokacin ɗayan azuzuwan ko kuma ta tsarin bidiyo. Wanne daga cikin waɗannan ma'aunai ne zai bada damar nuna nasarar cikar manufar?",Suna kula da daidaituwa tsakanin jerin motsin rai da kiɗan da aka kirkira,Suna amfani da banbancin sautuka da launukan sauti masu kawo wadatar ga shirinta na waƙe-waƙe da aka tsara,"Suna amfani da kayan kiɗa masu faɗakarwa yadda ya dace, bisa ga wurin da halayen jerin zane mai motsi",Suna amfani da albarkatun fasaha ta hanyar kirkira dangane da bukatun kiɗa na shawarar sauti,,,,C,Creative arts,Assessment,Secondary,2023,
483,"Malamiya tana shiryawa darasin ""Dabarun Buga Zane da Littafin Mai Zane"" ga ajin shekara ta farko, bisa ga manufar: ""Sanin da kuma amfani da dabarun buga zane."" Don darasi na farko, za ta zaɓi wata dabara ta maimaita hoto wacce za ta ba da damar gabatarwa ta farko ga dabarun bugu kuma wacce za ta dace da muhallin darasin, ganin cewa ɗaliban ba su da kayan aiki na musamman. Wane aiki ne zai ba ɗalibai damar cimma manufar da aka gabatar?",Yi zanuka domin bugun allo,Yi matattakala don linocut,Yi darussan laushi a kan ma'auni da busasshiyar allura,Ku fara kasuwanci bisa wani maudu'i da ɗalibai suka zaɓa,,,,D,Creative arts,Teaching strategies,Secondary,2023,
484,"A cikin aji na biyu na sashin Harsunan Injiniya da Lantarki, wata malama tana aiki tare da ɗaliban shekara ta huɗu da manufar: ""Don yin zurfin tunani a kan rukunan ba da labari na harshen sauti da gani."" A lokacin ajin, ta tattauna da ɗaliban game da kallo (shot), fage (scene), da jere na sauti da gani (sequence), tana nuna misalai ta amfani da gajerun faifai daga fina-finai shahararru. Bayan sun lura da misalan, wata ɗaliba ta ɗaga hannu kuma ta ce ba ta fahimci bambanci tsakanin fage da jere na sauti da gani ba. Wane bayani ne daga malamar zai warware tantamar ɗalibar kuma ya cika misalan da aka gabatar?","Wuri (scene) guntuwar fim ce da ake dauka tun daga lokacin da kyamara ta fara aiki har zuwa yankewa. Sabanin haka, silsila (sequence) ita ce jimillar waɗannan guntu-guntu.","Ana haifar da waje idan halayen da ke cikin firam suka motsa yayin labarin. Sabanin haka kuma, silsila tana samuwa ne idan kyamara ce ke motsi.","Yanayi guntu ne na labarin da ke faruwa a waje guda. Sabanin haka, jeri na gani da ji yana bayyana yanayi na wasan kwaikwayo cikakke, wanda ya kunshi farko, ci gaba, da karshe","Fage an tsara shi ne dangane da wani wuri da lokaci na musamman inda sararin labari ke faruwa. Sabanin haka, jeri yana fahimtar sararin labarin sosai, yana la’akari da duniyar labari wacce za’a iya wakilta daga wurare da lokuta daban-daban.",,,,C,Creative arts,Student understanding,Secondary,2023,
485,"Don aiki akan sashin Sanin Masu Zane na Zamani da Sake Kirkirar Ayyukansu, wata malamar sakandare ta shirya gudanar da aji tare da ɗaliban shekara ta huɗu inda za ta zurfafa bincike kan aikin Frida Kahlo, tana mai nuna mahimmancin tarihin rayuwarta a cikin kirkirar fasaharta. A matsayin aiki, za ta nemi ɗaliban su sake fassara wani zane na mai fasahar bisa ga tunaninsu da salon su na kashin kai. Yayin da ake kirkirar zane-zanen farko, malamar ta lura cewa ɗaliban suna kwaikwayon ayyukan maimakon su sake fassararsu. Waɗanne tambayoyi ne suka dace ga malamar ta yi wa ɗaliban don jagoranci da sauƙaƙe bayyanar da kashin kai a cikin ayyukansu?",Waɗanne abubuwa a rayuwar Frida Kahlo aka sake ba da labarinsu a cikin ayyukanta? Waɗanne irin ji kake lura da su take bayyanawa? Waɗanne hotuna da launuka za ka yi amfani da su don wakiltar waɗannan ji?,Yaya kuke tunanin aikin Frida Kahlo zai kasance idan da wahalar rayuwarta ba ta yi yawa ba? Ta wace hanya za ku wakilci wahala? Waɗanne hotuna da launuka za ku yi amfani da su?,Waɗanne abubuwa a rayuwarku ne suka shafeku kamar abin da ya faru da Frida Kahlo? Waɗanne irin jiye-jiye waɗannan tunane-tunane suke sanyawa a ranku? Waɗanne irin hotuna da launuka kuke ganin za su bayyana waɗannan jiye-jiyen?,Shin kana tuna halayen zanen Frida Kahlo? Yaya amfani da abubuwan yaren gani ke taimakawa wajen bayyana ji? Wadanne halaye na aikinta kake son bayyanawa a cikin zane-zanenka?,,,,C,Creative arts,Teaching strategies,Secondary,2023,
486,"Malami na sakandare, a ajin shekara ta 4, yana shirin wani kimantawa don kammala darasin Fasahar Zamani, inda manufar za ta kasance ƙirƙirar tsare-tsare masu halaye na gani waɗanda ke nuna salon da masu fasahar zamani suka yi amfani da shi a cikin aikinsu. A cikin wannan darasi, ɗaliban sun koyi game da masu fasaha daban-daban na rabin na biyu na karni na 20, suna mai da hankali kan aikin mai fasahar Pop, Roy Lichtenstein, don haka kimantawar za ta ƙunshi sake fasalin wani aiki na fasaha na gargajiya tare da salon zanen wannan mai fasahar. Wanne daga cikin waɗannan alamomin ya dace a haɗa shi a cikin jagorar kimantawa?",Sun gabatar da abubuwan ban dariya da ban haushi a cikin shawararsu,Sun yi amfani da faɗaɗɗen zaɓin launuka tare da ɗan goge a cikin shawararsu,Suna haɗa hotunan daukar hoto da abubuwa tare da fenti a cikin tsarin shirinsu (ko: bayanin da suke son gabatarwa),"Suna amfani da ɗigo-ɗigo, zane-zane na ƙetare (hatching), da baƙaƙen layi don zayyana siffofin da suka haɗa da shawarwarin su",,,,D,Creative arts,Assessment,Secondary,2023,
487,"Malamin sakandare, a aji na Farko, a sashin fasahar dijital, yana shirin tsara wani tantancewa wanda ya ƙunshi gabatarwa ta rukuni wanda manufarsa ita ce: “Tantance ayyukan fasahar dijital, tare da gano halayen da suka takamaimai ga wannan kafa.” La’akari da wannan manufa da ke sama, waɗanne daga cikin waɗannan alamomi ne ya kamata su kasance a cikin tsarin tantancewar?","Suna gardama a kan zaɓin ayyukan, suna bayyana ra'ayoyinsu da fahimtominsu game da su","Suna kwatanta hotunan da aka gyara, suna gano hanyoyin gyara da aka yi amfani da su don ƙirƙirar hotunan","Suna tabbatar da aikin fasahar dijital ɗin nasu, suna bayyana manhajojin da aka yi amfani da su wajen ƙirƙirar shi","Suna binciken ayyukan zane na dijital, suna gano kayan aikin dijital da aka yi amfani da su don kwaikwayon kayan zahiri",,,,D,Creative arts,Assessment,Secondary,2023,
488,"Bayanin da za a fassara: A cikin ajin ɗalibai na shekara ta 4, a ƙarshen zango na farko, wani malamin sakandare zai tantance ayyukan fasaha na ɗaliban, inda kowane ɗayan ya haɓaka ayyuka daban-daban, zanuka, sassa biyu masu girma da sassa uku masu girma. Wace ce daga cikin hanyoyin tantancewa masu zuwa za ta ba malamin damar tabbatar da koyon ɗaliban, bisa ga manufar da aka bayyana?",Kogo,Taskar Ayyuka,Littafin mai fasaha,Shisshigi na fasaha,,,,B,Creative arts,Assessment,Secondary,2023,
489,"Karanta yanayin da ke gaba: Malami a aji na biyu na makarantar sakandare yana shirya jagorar tantancewa don kimanta nasarar manufa mai zuwa: ""Suna nazarin bidiyo don banbanta hanyoyi daban-daban na aiki da yaren sauti-da-gani."" Wanne daga cikin zaɓuɓɓuka masu zuwa ya ƙunshi alamar nuni wadda ya kamata ta kasance a cikin jagorar tantancewar?","Suna tantance kayan gani da sauti ta hanyar banbance hotuna, shafuka, da kuma tsawon lokaci (temporality)",Suna kallon bidiyo kuma suna bayyana gamsuwarsu game da ra'ayoyin da aka gabatar,Sun binciko ra'ayoyi na kansu game da bidiyon bisa ga sakamakon bincikensu na fasaha,Suna tabbatar da ra'ayoyi na wani aikin gani-da-sauti ta amfani da sakamakon binciken fasaharsu,,,,A,Creative arts,Assessment,Secondary,2018,
490,"A ainihin alaƙa da ƙididdiga ta lissafi, wata malamar yara ƙanana tana gudanar da gogewa ta koyo tare da yaran kamar haka: A ƙananan ƙungiyoyi, ta umurce su da su ɗauki sandunan filastisin guda biyu masu daidaitaccen adadi, su yi babbar ƙwallo da ɗaya, kuma su yi ƙananan ƙwallaye da ɗayan. Sannan, ta tambayi yaran: ""A ina kuke tunanin filastisin ya fi yawa?"" Idan aka yi la'akari da halin da aka gabatar, wane fasaha na tunani na lissafi ne wannan aikin ke haɓakawa?",Kiyastawa,Kare muhalli,Ruɓa,Wasika,,,,B,Maths,Teaching strategies,Pre-primary,2018,
491,"Malami/Malama na aji na 6 yana/ta magance darasin triangles (saman kusurwa uku) kuma ya/ta tsara wani aiki inda aka umarci ɗalibai su gina triangles huɗu tare da tsawon gefe kamar haka: Triangle 1: 12 cm, 5 cm da 11 cm. Triangle 2: 12 cm, 5 cm da 9 cm. Triangle 3: 12 cm, 5 cm da 7 cm. Triangle 4: 12 cm, 5 cm da 5 cm. Bayan haka, ana umartar su su lura da gine-ginen nasu kuma su kwatanta su da na takwarorinsu don tabbatar da cewa kowa ya lura da abu ɗaya. Menene babban manufar koyo na aikin da aka bayyana a sama?",Kwatanta alwatika gwargwadon tsawon gefensu da kusurwoyinsu,Ku yi zato game da sharuɗɗa na dole don gina alwatika,Zana kammalawa dangane da alakar da ke tsakanin bangarori da kusurwoyin alwatika,Rarraba triangles gwargwadon tsawon gefunansu ta hanyar bayyana ma'aunin rarrabawa,,,,B,Maths,Teaching strategies,"Primary, Secondary",2017,
492,"Malami a makarantar sakandire na shekara ta biyu ya kammala sashin darasi kan lambobi haƙiƙa tare da ɗalibansa, kuma yana so ya tantance ko suna da ikon warware matsalolin da ba su da mafita a cikin rukunin lambobi masu ma'ana. Wace ce daga cikin waɗannan ayyukan auna za ta ba malamin damar samun bayani game da wannan?",Neman tsayin alwatika mai-kamar-kamar mai-tsawon gefe 2,Kimannta lambobin marasa tushe daga ƙasa da sama,"Nemo tushen murabba'i a kan layin lambobi, kana bayyana hanyar da aka yi amfani da ita",Nemo tsawon gefunan alwatika mai kusurwa dama mai gefe biyu daidai wanda hypoténus dinsa ma'auninsa ya kai 2/sqrt(2),,,,A,Maths,Assessment,Secondary,2019,
493,"Malami ya ba wa ɗalibansa shawara su wakilci kuɗaɗe da takardun kuɗi da tsabar kuɗi, sannan su rubuta wannan wakilcin a cikin littattafansu. Wane fanni ne malamin yake nufi da wannan aiki ainihi?",Ƙari,Matsayin tsari,Kwatankwaciyar lambobi,Rarrabuwar lamba,,,,D,Maths,Teaching strategies,Primary,2017,
494,Me ya sa amfani da tubalan masu ma'auni dabam-dabam ke ba ɗalibai damar yin amfani da lissafin tara da ajiyar wuri yadda ya kamata?,Saboda sun fahimci gajeren tsarin lissafin haɗi da ɗauke-ɗauke,Saboda suna sanya lambobin a madaidaicin jere lokacin da suke warware lissafin,Saboda suna danganta lissafin kwakwalwa tare da abubuwa masu gani don ƙarawa,"Saboda suna tattara abubuwan goma-goma, sai su ƙara su a matsayi na gaba",,,,D,Maths,Teaching strategies,Primary,2017,
495,Malama za ta gabatar da jigon tsare-tsare ga ajinta kuma tana so ta ba da aiki na farawa wanda zai kasance mai jan hankali kuma ya ba ɗalibai damar shiga cikin darasin. Wanne ne daga cikin misalan da ke biye ya dace don fara koyar da wannan jigon?,Siffa da aka yi da Tangram,Falicin duwatsun shimfida mai sauƙi,Wasan allo da daddadu,Hoton daidaita madaidaiciya,,,,B,Maths,Teaching strategies,Primary,2017,
496,"Malamar ajin uku tana aiki kan haɗawa da cirewa na lambobi daga 0 zuwa 1000. Don warware wata cirewa, tana neman ɗalibanta su wakilci lamba 145 ta amfani da tubalan masu tushe daban-daban kamar yadda aka nuna a ƙasa: Daga nan sai malamar ta nemi su cire 28 daga lambar da aka wakilta a baya ta amfani da kayan aiki guda. Wace koyo ce malamar ke aiki a kai tare da ɗalibanta ta hanyar amfani da wannan kayan aiki da kuma tsara wannan cirewa ta musamman?",Dangantakar juyawa tsakanin ƙari da ragi,Kimanta Jimilla da Ragewa a Matsaloli Marasa Saba'a,Cinjawa goma-goma zuwa ɗai-ɗai don warware aikin cirewa,Warwarewar matsalolin ragi masu haɗaɗɗun ayyuka,,,,C,Maths,Teaching strategies,Primary,2017,
497,"Wani malami ya lura cewa ɗalibansa suna yin kurakurai iri-iri yayin lissafin faɗin siffofi masu kusurwa huɗu. Domin samun bayanai da za su ba shi damar bayar da martani mai dacewa ga ɗalibansa, ya yanke shawarar gudanar da kimantawa. Wane daga cikin waɗannan ayyukan kimantawa ne zai bai wa malamin damar samun bayanan da yake buƙata?",Ku raba rectangles daban-daban masu girman fili (areas) da aka bayar kuma ku nemi ɗalibai su wakilce su a hoto da kuma a alamce,Tambayi ɗalibai su bayyana hanyar da aka bi don tantance faɗin ƙwaƙwalai da aka bayar,Ku tattara ɗaliban biyu-biyu kuma ku nemi su tantance hanya mafi kyau ta samun filin (area) na raba-rabar kusurwa (rectangles) da aka ba su,Nemi ɗalibai su nuna fadin murabba'ai masu tsayi daban-daban ta amfani da kwali-kwali kuma su tattauna yadda za su iya bayyana wannan adadi,,,,B,Maths,Assessment,Primary,2017,
498,"Karanta Manufar Koyarwa ta Ajin Uku (3) mai zuwa: “Nuna fahimtar ma'anar kusurwa: gano misalan kusurwoyi a muhalli, kintace ma'aunin kusurwoyi, amfani da kusurwoyi 45° da 90° a matsayin madogara.” Wanne daga cikin ayyukan nan ne ya fi dacewa don tantance fahimtar su?",Rarraba nau'o'in kusurwoyi daban-daban,Ƙirƙiri kusurwoyi masu ma'auni na musamman,Gane kusurwoyi dabam-dabam a zane,Auna kusurwoyi daban-daban ta amfani da mazugi (protractor),,,,C,Maths,Teaching strategies,Primary,2017,
499,"Malami yana faɗin lambobin kaso-goma, kuma da ya ce: 'Biyar da kaso biyu na dubu,' sai ya lura cewa ɗalibai da dama sun rubuta 5.2000. Wace daga cikin ayyukan da ke gaba ce ta fi dacewa don gyara wannan kuskure a amsoshin ɗaliban?",Rubuta lambobin dararraki da kalmomi,Jeranta lambobin adadi a kan layin lambobi,Sanya lambobi masu digo a cikin taswirar darajar wuri,Kwatanta lambobin disimali da adadin lambobi daban-daban,,,,C,Maths,Student understanding,Primary,2017,
500,Wani ɗalibi ya ƙirƙiri ma'adali kamar haka: $\square + 5 = 20 + 10$. Ya yanke shawara cewa darajar $\square$ ita ce 35. Mene ne asalin kuskuren da ɗalibin ya yi wajen ƙirƙiran wannan ma'adali?,Gaza haɗawa mai ba da ƙari da aka yi ba daidai ba,Bambance-bambancen da ake samu a aikace-aikacen ka'idojin canza wuri (commutative property) a wajen tsara ka'idojin tsare-tsare.,Ba a fara yin aikin ba a gefen dama na madaidaiciyar,"Bai yi amfani da dangantakar akasin ƙari ba, yana mai watsi da ma'anar alamar daidai",,,,D,Maths,Student understanding,Primary,2017,
501,Wane ne ƙwarewar haziƙanci ta asali da ke ƙarƙashin ra'ayin lambobi?,"Ƙirgeni, jere, da kwatantawa","Rarrabawa, kwatantawa, da ƙirga","Silently, I will follow the instructions:
1.  Translate the English phrase ""Seriation, classification, and conservation"" into Hausa.
2.  Ensure no extra explanations, introductory text, or quotation marks are added.

**Translation Analysis:**
*   Seriation (in an archaeological/developmental sense, meaning arranging things in a series or sequence): Jerantawa, Jeranta
*   Classification (grouping/categorizing): Rarrabawa, Kasaftawa
*   Conservation (preservation/safeguarding): Kariya, Kiyayewa, Adanawa

Choosing the most appropriate terms in a formal context:
*   Seriation: Jerantawa
*   Classification: Kasaftawa (or Rarrabawa)
*   Conservation: Kiyayewa

Combining them: Jerantawa, kasaftawa, da kiyayewa. (Using 'da' for 'and').

Final raw translation: Jerantawa, kasaftawa, da kiyayewa.Jerantawa, kasaftawa, da kiyayewa","Jeri, daidaitawa, da jere-jere",,,,C,Maths,Student understanding,Pre-primary,2017,
502,"Wani malami ya nemi yara su gaya wa abokan ajinsu waɗanda suka haɗa da dangi su, suna ambaton yawan manya, matasa, da yara waɗanda ke cikin kowane dangi. Bayan haka, za su yi wani allo wanda za su nuna tare da adadi da aka yanke jimillar adadin kakanni, iyaye, matasa, da yara a cikin dukan rukunin. Wane ra'ayi ne malamin ke aiki a kai da farko a cikin ayyukan da aka bayyana?",Cakuɗe mai matsayi,"Adadi Ko Amsar Tambayar ""Nawa""",Daraja,Hakori,,,,B,Maths,Teaching strategies,Pre-primary,2017,
503,A wanne daga cikin yanayi masu biyo baya ake haɓaka ƙa'idar adadi a cikin yara ƙanana?,Suna ba wa jere na motoci lamba daga 1 zuwa 7,Suna ƙirga jimlar adadin abubuwa a cikin saitin tubala,Suna shirya littattafai a kan shiryayye kuma su gano na biyu da na uku.,Sun kwatanta gungu biyu na kayan wasa kuma sun tantance wanne ya fi yawa,,,,B,Maths,Teaching strategies,Pre-primary,2017,
504,Wace ce daga cikin waɗannan ilimomin lissafi ake cimmawa ta hanyar jeri-jeri?,Warware matsalolin ƙari da ragi na lambobi,Gane cewa lambobi suna da tsarin hankali ta hanyar bambance-bambancen girma,"Gane cewa lokacin da ake zana lamba a kan garaf, wannan alama tana haɗa dukkan lambobi na baya","Tabbatar da cewa duk da sauye-sauyen tsarin wuri a kirgawa, koyaushe zai ba da sakamako iri ɗaya",,,,B,Maths,Teaching strategies,Pre-primary,2017,
505,"Karanta halin da ke gaba: Josefa ta yi layi biyu da sojojin filastik guda biyar a kowane layi. Malama ta matso kusa da ita ta tambaye ta: “A ina ne sojoji suka fi yawa?” Bayan ta amsa, Malama ta tattara sojoji a jere ɗaya sai ta sake tambayar ta: “A ina ne sojoji suka fi karanci?” Wane tunani na dabaru-da-lissafi Malama ke son tabbatarwa a cikin halin da ya gabata?",Jeranta lokaci da siffa,Transitivity,Kiyayewa,Mai juyawa,,,,C,Maths,Assessment,Pre-primary,2017,
506,Wace daga cikin waɗannan ƙwarewar koyo ce ke ba yara damar su haɓaka matsalar ƙiyasi?,"Karkasa maɓallai bisa ga girmansu da launukansu, sa'annan ka samo sabuwar hanya ta karkasuwar su","Duba allon rajistar zuwa, sannan ka rubuta a cikin filin lambobi yara nawa suka halarci aji","Kiyasta adadin takun da suke tsammanin yana tsakanin kujerar su da kofa, sannan su tabbatar ta hanyar takawa zuwa gare ta","Shirya jerin tubalan katako daga mafi tsawo zuwa mafi gajarta, sannan ka tabbatar ta hanyar auna su da ma'auni",,,,C,Maths,Teaching strategies,Pre-primary,2017,
507,"Karanta yanayin da ke biyo baya:
Wani malami ya tara tubalai a tsakiyar teburin sannan ya roƙi Juan ya raba su daidai wa daida ga kowane yaro. Juan ya ɗauki tubali ɗaya don kansa, sannan ya ba Pablo ɗaya, yana cewa: 'ɗaya'. Daga nan, ya sake maimaita aikin tare da sauran yara yana cewa: 'biyu', 'uku', da sauransu, har sai ya gama da dukkan tubalai.
Wace fasaha ta lissafi ce Juan ke amfani da ita don raba tubalai?",Mallaka ce,Rukuni,Jeranta,Wasiƙa,,,,D,Maths,Student understanding,Pre-primary,2017,
508,Wace ce daga cikin matsaloli masu zuwa ke inganta ci gaban tunanin rabo (division) a cikin yara maza da mata?,"Joaquín yana da kukis 8, kuma ya ba abokinsa 4. Kukis nawa suka rage masa?",Miguel ya yi kek guda 6. Kuma kowanne kek yana da bene biyu. Benaye nawa ne duka gaba ɗaya a cikin dukkanin kek ɗin?,Nicolás ya gina hasumai 5 da legos 4 a kowace hasumai. Legos nawa Nicolás ya yi amfani da su don gina dukkan hasumai?,"Rikardo yana da kujeru shida kuma ya ajiye su a kan tebura uku, ya ajiye adadi ɗaya a kowane teburi. Kujeru nawa ne a kan teburi ɗaya?",,,,D,Maths,Teaching strategies,Primary,2017,
509,"Wani malami yana ƙirƙirar siffofi daban-daban da sandunan ice cream a kan kwali, wanda ya liƙa a kan allon. Sa'an nan ya nemi yara maza da mata su sake yin irin waɗannan siffofin daga kan allon, ta hanyar amfani da sandunan ice cream ɗin da suke da su a kan teburansu. Wace basirar tunani na lissafi da dabaru malamin yake bunƙasawa da wannan aikin da aka bayyana?",Dabaru,Rarraba-tsari-bisa-lokaci,Sararin Wuri,Kiyayewa,,,,C,Maths,Teaching strategies,Pre-primary,2017,
510,"A cikin aji na shida, a cikin manufar kafa alaƙa tsakanin ma'aunai masu canzawa ta amfani da harshen lissafi, malami kuma yana da burin haɓaka ci gaban ƙwarewar bincike. Idan aka yi la'akari da matakin da za a aiwatar da su, wace daga cikin ayyuka masu zuwa ce za ta ba da damar cimma manufofin biyu?","Ci gaba da jerin 98, 94, 90, ..",Gina jere inda ake amfani da ƙara biyar,"Bayyana alaƙar da ke tsakanin lambobin da ke cikin ginshiƙai. 14, 27, 310, 413","Bayyana dangantakar da ke tsakanin lambobin a cikin ginshiƙai. 123, 145, 257, 279",,,,C,Maths,Teaching strategies,Primary,2017,
511,"Ɗaya daga cikin manufofin koyo na aji na 5 shine tantance lambar kaso mai nuƙta da ta dace da kaso masu ma’ajin kaso 2, 4, 5, da 10.

Wacce a cikin ayyukan tantancewa masu zuwa ce ta fi dacewa don tabbatar da cimma manufar da aka ambata a sama?",A bayanin naka mene ne ma'anar 0.4,"Nuna ɓangarori 1/2, 1/4, da 2/5 a cikin zane-zanen gidan layuka 10x10",Haɗa kowane kaso a ginshiƙi na farko da lissafin ɗigo mai daidaita a ginshiƙi na biyu ta amfani da layi,"A cikin jere na farko na murabba'ai, nuna kasoshi 1/2, 3/4, 2/5, da 3/10. A cikin jere na biyu na murabba'ai, nuna lambobi masu digo 0.5, 0.75, 0.4, da 0.3",,,,C,Maths,Assessment,Primary,2017,
512,Malamin makaranta tana aiki a kan ƙari na lambobi masu cikakken adadi kuma ta fara binciken hanyoyin da za su ba wa ɗalibanta damar inganta fahimtarsu game da wannan aiki. Wacece daga cikin waɗannan dabaru ke tallafawa fahimtar ƙarin lambobi masu cikakken adadi?,Amfani da misalai da ke wakiltar ƙari,Bayar da kayan aiki da aka warware akan ƙari na lambobi masu cikakken adadi,Hujjojin aljebra na dabarun lissafi na ƙari na lambobi cikakku,Dabara ta gano ƙa'idojin tunawa da ɗalibai don warware haɗe-haɗen lambobi masu cikakku (integers),,,,A,Maths,Teaching strategies,"Primary, Secondary",2017,
513,"A cikin aji na 8, malamin ya gabatar da manufar koyarwa mai zuwa ga ajin: hada jujjuya, motsi kai tsaye, da madubi a cikin filin Cartesian. Sannan, ya raba ajin zuwa kungiyoyi don su tafi dakin kwamfuta inda ya girka wata na’urar sarrafa zane-zane wadda ɗaliban suka riga suka sani. A cikin wannan na’urar, dole ne ɗalibai su yi hada nau’i-nau’i na canje-canje masu kama da juna iri ɗaya (jujjuya biyu da cibiya ɗaya, madubi biyu dangane da gajerun bayanai na koordinate, ko motsi kai tsaye guda biyu) waɗanda malamin ya tanadar. A kan allo, malamin ya rubuta tambaya don jagorantar aikin. Da wace daga cikin tambayoyin da ke gaba malamin zai iya jagorantar aikin ɗaliban don cimma manufar da aka bayyana?",Me ke faruwa idan aka yi haɗaɗɗiyar canje-canje?,Wace matsala kuka samu lokacin yin hada-hadar sauye-sauye (compositions of transformations)?,Ta yaya za a iya bayyana kowane haɗin da sauyi guda ɗaya?,Waɗanne abubuwa ne ke shiga cikin kowace haɗakar canje-canje?,,,,C,Maths,Teaching strategies,Secondary,2017,
514,"yi tunani a kan aiki na gaba: Ana raba ajin zuwa ƙungiyoyi na ɗalibai uku uku. Kowace ƙungiya dole ne ta gina mazugi (cone) da silinda (cylinder), dukkaninsu da mai-fadi (radius) da tsayi guda. Bayan haka, dole ne su cika su da shinkafa kuma su gwada adadin da aka yi amfani da su a dukkanin jikin. A ƙarshe, ana gudanar da taro na gaba ɗaya inda kowace ƙungiya ke gabatar da sakamakon su kuma a yanke abin da aka koya. Menene babban manufar aikin da aka bayyana?",Gina jikinai masu madaidaicin tushe da tsayi don kwatantawa da kimanta girman su (volume),Gano alaƙar tsakanin girman mazugai da silindai masu radius da tsayi iri ɗaya,Nemi dangantaka tsakanin jimillar filayen mazubi mai kaifi da mazubi na silinda waɗanda suke da gefen zobe da tsayi guda ɗaya,Ku tsara zato bisa ga abubuwan koyo da aka samo ta hanyar amfani da kayan zahiri,,,,B,Maths,Teaching strategies,Secondary,2017,
515,Wacce daga cikin waɗannan ayyuka ce ke ƙarfafa ɗalibai su yi hasashe?,"Nemi mafita ga waɗannan daidaitai masu zuwa kuma ka tabbatar cewa mafitan koyaushe lambobi ne masu ma'ana.
1) x + 3 = 7
2) 2x + 3 = 7
3) 3x + 3 = 7","Yi lissafin waɗannan jimillar kuma ka tantance sakamakon. Me kake lura?
1) 1+3
2) 1+3+5
3) 1+3+5+7","Auna fadin kewayen waɗannan murabba’ai masu tsayi dabam-dabam, sannan ka nuna abin da ka lura da shi.
1) Ɗaya mai tsawon gefuna 3 cm da 4 cm
2) Ɗaya mai tsawon gefuna 4 cm da 6 cm
3) Ɗaya mai tsawon gefuna 6 cm da 9 cm","Nemo ma'auni na layin kuma yi amfani da wannan ma'aunin don cika teburin.
123
1 2-1
xy
-1
0
1
2",,,,B,Maths,Teaching strategies,Secondary,2017,
516,"A ajin takwas, malamin ya gudanar da tantancewa game da amfani da Ka'idar Pythagoras. Lokacin da yake nazarin sakamakon misalin da aka gabatar, ya lura cewa yawancin ɗalibai sun gabatar da wannan mafita mara inganci: Matsala: Gefen wata alwatika mai kusurwar digiri 90 ya auna santimita 5 kuma hypotenuse ya auna santimita 12. Ka nemo ma'aunin ɗayan gefen alwatikar. Mafita: Idan x shi ne ma'aunin gefen da ba a sani ba, to za a samu: 5² + x² = 12²; x² = 12² − 5²; x² = (12−5)²; x = 7. Amsa: Ma'aunin gefen shine santimita 7. Menene tushen kuskuren, kuma wace dabara ce malamin zai iya amfani da ita don magance wannan kuskuren?","Matsalar tana tasowa ne a ayyukan darajojin iko da tushe, don haka, wajibi ne a ƙarfafa waɗancan abubuwan",Matsalar tana farawa ne daga rikitar da kofatu (legs) da kuma matattakala (hypotenuse) a cikin alwatika mai kusurwa daidai. Ya zama wajibi a ƙarfafa gane abubuwan da ke cikin alwatikan.,Asalin matsalar shi ne amfani da ka'idar a lokacin da sharuddan amfani (hypotheses) ba a ba da su don yin hakan ba. Wajibi ne a bayyana da kuma ba da misali na bambanci tsakanin sharuddan amfani (hypothesis) da matsayi/ka’ida (thesis),Matsalar tana tasowa a cikin tsara ma'auni saboda rashin ingantaccen karatu na bayanan matsalar. Wajibi ne a zurfafa gano muhimman bayanai a cikin bayani,,,,A,Maths,Student understanding,Secondary,2017,
517,"Wani ɗalibi na aji na takwas, lokacin da yake lissafin hypotenuse c na wani alƙalman kusurwa uku mai kusurwa dama da ƙafafunsa 5 da 7, ya rubuta: c=√(5²+7²), c=5+7, c=12. Wanne daga cikin ayyuka masu zuwa ne zai ba ɗalibin damar gano da gyara kuskuren da aka yi?","Zana alwatika mai gefuna 5, 7, da 12 ta amfani da mataimaki da kararrawa","Duba furuci a²+b² ga ƙimar a da b mabambanta, kwatanta da (a+b)² sannan a yi amfani da saiwa",Gano ƙafafun kusurwa da haifanar cikin dangantakar Pythagorean a²+b²=c² ta misalai daban-daban a sarari,"Amfani da tauraron Pythagoras uku-uku, nuna daidai tsarin ayyuka kuma yi amfani da kalkuleta don tabbatar da sakamakon",,,,B,Maths,Student understanding,Secondary,2017,
518,"A cikin mahallin warware matsaloli tare da ayyukan affine, menene kuskuren fahimta mafi yawaita da ɗalibai ke samu?","Masu canjin suna da alaƙar rabo na kai tsaye, kamar yadda yake a yanayin ayyuka na layi",Gangaren dukan ayyuka na affine yana da kyau saboda an zana su a cikin kwadranti na farko na Filin Cartesian,"Sakamakon haka, akwai alaƙar da ba ta daidaita tsakanin ma'aunan, sabanin abin da ke faruwa da ayyuka masu layi ɗaya.",Makarar a axis ɗin y na dukkan aiyuka na afine adadi mai kyau ne saboda an zana su a cikin Kwataren Farko na Taswirar Cartesian,,,,A,Maths,Student understanding,Secondary,2017,
519,Wanne daga cikin abubuwan da ke gaba ne sharadi don fahimtar aikin layi?,Tsokaci mai alaƙa da tsayi,Kwatancen kai tsaye,Sassaƙoƙi da iyakokin ayyuka,Ma'anar ayyuka ta amfani da jadawalin darajoji,,,,B,Maths,Student understanding,Secondary,2017,
520,Wanne ne a cikin abubuwan da ke gaba BA shi da muhimmanci a matsayin ilimin da aka riga aka samu don manufar koyo: Warware matsalolin da suka shafi canje-canjen kashi dari a yanayi daban-daban?,Kashi daidai suke,Tsakanin rabo na juyawa,"system
Warware ma'auni","Rabba-rabban lambobi masu digiri na goma
Ninka lambobi masu digiri na goma",,,,B,Maths,Student understanding,Secondary,2017,
521,"Malamin makarantar tsakiya ya riga ya koyar da ɗalibansa game da dangantaka kai tsaye kuma yanzu yana buƙatar fara koyar da dangantaka kishiya. La'akari da matakin koyo da ɗaliban suke kai, wane ne daga cikin manyan kurakurai da aka saba yi waɗanda suka shafi wannan darasin ya kamata malamin ya yi la'akari da shi domin ya yi hasashe kuma ya magance shi yadda ya kamata?",Kuskure a wajen ninka ɓangarori da lambobi masu digo,Rudar a wajen nazarin halayen ma'aunan da aka shigar ciki,Rude a rarrabe tsakanin bayanan da suka dace da waɗanda ba su dace ba a cikin wata matsala da ta shafi alaƙa ta kai tsaye da ta kishiya,"Kuskure a wajen gano alakar dake tsakanin mizani mai daidaituwa na gaskiya (direct proportionality) da na saba (inverse proportionality) da kuma yadda ake nuna su ta hanyoyi daban-daban (zanen taswira, alamomi, teburin kimomi)",,,,B,Maths,Student understanding,Secondary,2017,
522,"Manufar koyarwa ta ajin lissafi na aji 7 shine warware matsalar kwaikwayo ta mataki na farko da ke da matsaya (solution) a lissafi mai ma’ana.
Wanne alamar tantancewa (evaluation indicator) ce ta fi dacewa da wannan manufa?",Suna warware lissafi na siga x+b=c inda b da c suke lambobi masu adadi gabaɗaya,Suna gano ma'aunoni na mataki na farko masu mafita na lambobi gabaɗaya,"Suna warware ma'a'dodin nau'in ax+b=c inda a, b, da c suke lambobi gaba ɗaya",Suna warware matsalolin yau da kullum ta hanyar amfani da lissafin mataki na farko,,,,A,Maths,Assessment,Secondary,2017,
523,"A aji na makarantar tsakatsakiya, malamin yana niyyar gudanar da wani aiki wanda aka yi niyya don ɗalibansa su fahimci dangantaka tsakanin motsawar wuri na siffofi masu girma biyu (2D) da samar da siffofi masu girma uku (geometric solids). Wace ce daga cikin ayyukan da malamin zai iya gabatarwa wa ɗaliban ita ce mafi dacewa don cimma wannan manufa?",Ku lura da jikoki daban-daban kuma ku tantance siffofi masu girma biyu waɗanda ake samar da su daga gare su,Motsa siffofin masu girma biyu a tsaye daidai da jirgin da ke ɗauke da su kuma a lura da ƙunshi-ƙunshin da aka samu,"Motsar da ƙwaƙƙwaran siffofi, ƙayyade fekto na motsi, kuma bayyana matsayin siffar da aka samu","Yi amfani da daskararrun abubuwa na lissafi (kamar akwatuna masu kusurwa huɗu, silinda, da/ko firam), sa'annan ka nuna su a 2D, kuma ka tantance siffofin da suka samu",,,,B,Maths,Teaching strategies,Secondary,2017,
524,"A cikin darasin lissafin sarari (geometry) a aji na 6 na makarantar sakandare ta farko, malamin yana so ɗalibai su bambanta tsakanin aikin layi (linear function) da aikin alaƙa (affine function). Sun riga sun san yadda ake zana layuka idan aka ba su ma'aunin su. Dole malamin ya gabatar da ayyuka waɗanda za su ba da damar ganin bambance-bambancen da ke tsakaninsu. Waɗanne daga cikin waɗannan rukunin ayyukan ne suka dace da wannan burin?","Ku zana kuma ku lura da layuka masu zuwa: a) Layin ya ratsa ta (2,1) kuma yana da gangara ta 4; layin ya ratsa ta (−3,−2) kuma yana da gangara ta −2. b) Ku tantance mahadar kowane layin da tsayin jigon tsaye (ordinate axis) sannan ku kwatanta su da juna","Nemo ma'adanar layuka masu zuwa kuma ka amsa:
a) Menene mahadar layukan da aka gabatar?
b) Menene gangarowar kowannensu?","a) Zana waɗannan layukan: L1: y=3x + 4, L2: y=3x, L3: y=-2x + 3, L4: y=-2x.
b) Gano maki haɗuwar layukan da axis Y (gagar Y) kuma kwatanta da ma'aunan su daban-daban.",Dubi layin da ke gaba kuma kayyade lissafin: a) Zana layin L2: y = -3x. b) Kayyade wurin haɗuwar dukkan layukan biyu kuma ka kwatanta gangararsu.,,,,C,Maths,Teaching strategies,Secondary,2017,
525,"A cikin ajin Sakandare, Malami yana fatan ɗalibansa za su koyi yadda ake warware lissafin mataki na biyu ta amfani da hanyoyi daban-daban. Wanne ne daga cikin ayyuka masu zuwa zai ba su damar ƙarfafa asashen ra'ayoyin da ake buƙata don cimma manufar da aka gabatar?",Ƙarfafa muhimman kayayyaki da rarrabuwar maganganun algebra (factorizations of algebraic expressions),Ƙarfafa ingantattun kayayyaki kuma sake nazarin ayyuka da ƙarfi da saiwa,Ku tuna halayen daidaito kuma ku yi amfani da su don warware ma'auni na layi,Fasalta ma'amalolin algebra kuma tuna a wane yanayi samfuri daidai yake da sifili,,,,D,Maths,Teaching strategies,Secondary,2017,
526,"Malamar aji na biyu na sakandare ta gudanar da tantancewa game da halayen logarithms da dangantakarsu da iko (powers) da tushe (roots). Bayan ta yi nazarin sakamakon tantancewar, abin ya ja hankalinta cewa, a wata tambayar gaskiya ko ƙarya, kashi 70% na ɗaliban sun yanke hukuncin cewa lissafin: log a·log b=log a+log b gaskiya ne. Wace dabara ce ta fi dacewa don magance wannan matsalar?","A gaban allon rubutu, ɗauka cewa tsarin gaskiya ne kuma a yi amfani da shi ga yanayin a=1 da b=10, don isa ga saɓani na hankali","Yi nazarin haƙiƙanin jimlar logarithms, log a+log b=log(a·b), sannan a yi kimantawa don auna koyo","Ka yi bayani a kan allo cewa a cikin lissafin log a · log b, ba za ka iya raba ta hanyar “log” ba, kuma saboda haka, log a · log b = log(a · b) = log a + log b ba gaskiya ba ne","Sake gudanar da wani kimantawa wanda zai buƙaci ɗalibai su nuna siffofin logaritmi, ta hanyar dangantakarsu da ikoki da tushe",,,,A,Maths,Teaching strategies,Secondary,2017,
527,"Wani malami yana da niyyar tattaunawa da ajin makarantar tsakiya (middle school) a kan zane-zanen (graphical representation) tsarin lissafin daidaitawa (system of equations). Don yin haka, yana so ya ƙarfafa ainihin ra'ayoyin da suka shafi batun, domin bai wa ɗalibai damar fahimtar sabon abun da za a koya yadda ya kamata. Wace ce a cikin ayyukan da malamin ya tsara ta fi dacewa da wannan manufa?",Nemo digire-gire a cikin jirgin Cartesiya,Zanan layin grafi a cikin siffar sigogi ta Cartesian,Warware tsarin ma'a'a'i na layi,Neman gangara da ma'adanar da aka bayar a cikin daidaiton layin lissafi,,,,B,Maths,Teaching strategies,Secondary,2017,
528,Malam/Malamar zai/za ta tantance manufar koyo mai zuwa: “A tabbatar da hujjoji na lissafi cewa lambobi masu ɗigo na maimaitawa da na rabi-maimaitawa lambobi ne masu ma’ana (rational numbers).” Wacece daga cikin ayyukan da ɗaliban suka yi a ƙasa ce mafi dacewa don tantance wannan manufar?,"Bincika daidaito tsakanin lambobi bayan ɗigo masu maimaitawa ko rabin-maimaitawa da kuma gaɓoɓi, ta amfani da kalkuleta",Bayanar da kuma tabbatar da hanyar da za a bi don rubuta lamba mai digo mai maimaitawa ko mai maimaitawa wani ɓangare a matsayin rabo tsakanin lambobi gaba ɗaya,"Sauya lambobin adadi goman masu maimaitawa da waɗanda ba duka ke maimaitawa ba zuwa kasashe ta hanyar amfani da algorithm ɗin da aka koya, tare da bayyana wannan sauyawa",Ka bayyana cewa lambobi masu ɗigo masu maimaitawa da lambobi masu ɗigo masu ɗan maimaitawa za a iya bayyana su a matsayin rabo na dukkanin lambobi guda biyu tare da mai rabawa mara sifili kuma ka bayyana wata hanya,,,,B,Maths,Teaching strategies,Secondary,2017,
529,"Wani malami ya yi aiki da ɗaliban ajin makarantar tsakiya tsawon makonni uku da suka gabata kan waɗannan manufofin koyo. Mako na 1: Gano alaƙa tsakanin logarithms, ƙarfi, da tushe. Mako na 2: Fitar da siffofin logarithms. Mako na 3: Warware matsaloli a cikin harkoki daban-daban masu alaƙa da lambobi na gaske, tushe, da logarithms. Don kawo ƙarshen wannan sashi a mako na huɗu, wace dabara ce daga cikin masu zuwa ta fi dacewa don tantance koyo wanda ya inganta?","Nemi ɗalibai su gina taswirar manufa a tsarin dijital da ke bayyana alakar dake tsakanin tushe (roots), iko (powers), ko (logarithms). Ɗalibai za su tantance ayyukan da aka gabatar.","Aiwatar da ɗan gajeren jarabawa wanda ya yi bayani kan dukkan manufofin koyo da aka rufe a cikin makonni ukun. Sa'an nan, tattara kimantawar kuma a gyara su domin ba wa ɗalibai maki",Ku ba wa ɗalibai matsaloli biyu waɗanda ba na yau da kullum ba waɗanda suka danganci abin da aka gani a cikin waɗannan makonni uku waɗanda dole ne su warware su a cikin ƙungiyoyi huɗu. Ƙungiyoyin su gabatar kuma abokan aikinsu su tantance su.,"A umarci ɗalibai su tattauna amfani daban-daban na tushe, da kafi, da logarithms wajen magance matsalolin rayuwa. Sannan, a wallafa dukkan ayukan a kafafen sada zumunta na makaranta.",,,,C,Maths,Assessment,Secondary,2017,
530,Wanne daga cikin waɗannan alamomin tantancewa ne ya fi dacewa don tantance manufar koyo ta Aji 10/11 ‘Nuna ka’idar Pythagorean da ka’idar converse Pythagorean?’,"Ku tabbatar, da abubuwa masu gani, dangantakar dake tsakanin fadin murabba'ai da aka gina akan kafafun alwatika mai kusurwa daidai da fadin murabba'in da aka gina akan gwanin.","Buga matsaloli ta amfani da ka'idar Pythagorean da juyawarta, tare da tabbatar da kowane mataki","Binciko alakar da ke tsakanin ƙafafuwa da babban gefen alwatika mai-kusurwa-dama, bisa ga ka'idojin Euclid","Bincika, ta amfani da sau uku na Pythagorean, asalin Pythagorean da juyin sa",,,,C,Maths,Assessment,Secondary,2017,
531,"Malami a makarantar tsakiya yana so ɗalibansa su koyi 'warware jimla da ragi na lambobi masu ma'ana'. Wanne ne daga cikin waɗannan alamomin tantancewa ya fi dacewa, bisa ga manufar malamin?",Yi kiyasin sakamakon aikin ƙari ko ragi na lambobi masu ma'ana,Ƙidaya tarawa da cirewar lambobin karya masu inganci da marasa inganci,Gano jimla da/ko ragi na lambobi masu rabo da ke ba da damar warware wata matsala da aka bayar,Bincika dacewar sakamakon da aka samu wajen warware matsaloli masu tattare da ƙari da ragi na lambobi masu kaso,,,,B,Maths,Teaching strategies,Secondary,2017,
532,"A makarantar sakandare, malamin yana so ya yi amfani da ka’idojin ayyukan logarithms ta hanyar hada alaka da sauran fannoni. Wace matsala ce daga cikin wadanda malamin ya gabatar za a iya warware ta ta hanyar amfani da ka’idojin ayyukan logarithms kawai?","pH na wani magani yana auna yanayin acidity ko alkalinity da yake da shi ta hanyar amfani da dabarar pH = −log[H+], inda [H+] shine concentration na hydrogen ions a cikin moles a kowace lita. Idan pH na tuffa shine 3.0, menene [H+]?","pH na wani magani yana auna yanayi na acid ko na alkali da yake da shi ta amfani da dabarar pH = −log[H+], inda [H+] shine ma’aunin taruwar ion din hydrogen a moles a kowace lita. Menene kimanin pH na wani abu wanda [H+] ɗinsa shine 3.4*10−8?","Anā auna kuzarin da ke fitowa a girgizar ƙasā a ma'aunin Richter ta amfani da dabarar logE = 1.5R + 11.8, inda E shine kuzarin da ya fita a cikin ergs kuma R shine ƙarfin a ma'aunin digiri na Richter. Menene kuzarin da ya fita a girgizar ƙasā ta Valdivia a shekarar 1960, wanda ƙarfinta ya kai 9.6?","Adadin kuzari da ke fitowa a girgizar ƙasa ana auna shi ne a ma’aunin Richter ta amfani da dabarar logE = 1.5R + 11.8, inda E shine kuzarin da ya fita a cikin ergs kuma R shine ƙarfin a digiri na ma’aunin Richter. Idan kuzarin da ya fita a girgizar ƙasa ya kasance 1025, menene ƙarfin girgizar ƙasar?",,,,B,Maths,Teaching strategies,Secondary,2017,
533,"Malami ce a shekarar karshe ta babbar sakandire tana shirin ajujuwan da ke tafe, inda take sa ran ɗalibai za su fahimci ma'anoni da ke da alaƙa da rarraba na al'ada (normal distribution). Malamar za ta yi amfani da ajujuwa biyu masu zuwa don tattauna abubuwan da aka koya a baya waɗanda za su sauƙaƙa fahimtar ɗalibai game da sabon abun. Wace ce daga cikin jerin-jerin waɗannan ce ta fi dacewa da manufar da aka bayyana?",Aji na 1: Fahimtar manufar *discrete random variable* a matsayin aiki wanda ke danganta abubuwan sararin samfurin zuwa ga lambobi na gaske. Aji na 2: Aiwatar da manufar *discrete random variable* don nazarin rabe-raben yiwuwa a cikin yanayi daban-daban,Ajin Farko: Fassarar manufar ci gaba da canjin bazuwar. Ajin Biyu: Aiwatar da manufofin aikin yawa da rarraba yiwuwar a ci gaba da canjin bazuwar,"Aji 1: Kwatanta siffofin rukunan bayanai biyu ko fiye ta amfani da ma'aunan tsaka-tsaki da watsawa. Aji 2: Tabbatar cewa matsakaicin samfura bazuwar masu girman n, waɗanda aka ɗauko daga yawan bayanai, an rarraba shi kusan bisa ka'idar al'ada yayin da girman samfurin ke ƙaruwa","Aji na 1: Lissafta da fassara matsakaicin lissafi na tarin bayanai marasa rarraba.
Aji na 2: Lissafta da fassara karkatar ma'auni na tarin bayanai marasa rarraba.",,,,B,Maths,Teaching strategies,Secondary,2017,
534,"A shekarar farko ta sakandare, wani malami zai koya wa ɗalibansa yadda za su gano adadin tarin duk sakamakon da zai iya faruwa na duk wani gwaji na izgili mai iyaka. A farkon darasin, ya shirya bita na ilimin da aka koya a baya wanda yake da muhimmanci. Wanne daga cikin waɗannan ilimai ya kamata wannan malamin ya yi la’akari da shi a cikin bitarsa?",Ƙaddara sararin samfurin gwajin bazata,Lissafa yiwuwar ka'ida na wani lamari a cikin gwaji na bazuwar,Bayyana yiwuwar faruwar wani lamari a cikin gwaji na bazuwar,"A gano yawan samfuran bazuwar da za su yiwu na wani girman da aka bayar, waɗanda za a iya ɗauka ba tare da mayarwa ba, daga jimilla mai iyaka",,,,A,Maths,Teaching strategies,Secondary,2017,
535,"Karanta yanayin da ke gaba:
A wani aji na Hudu, malami/malama ya/ta gudanar da aikin nan tare da ɗalibansa/ta a cikin darasin Lissafi:
1. Sun yi gungu na sandunan ice cream 10, waɗanda suka ɗaure da jan tef.
2. Sa’an nan, sun sake yin gungu-gungu na 10 da gungun sandunan da aka ɗaure da jan tef ɗin. Waɗannan an ɗaure su da koren tef.
3. A ƙarshe, sun sake yin sabon gungu na 10 da gungu-gungu na waɗanda aka ɗaure da koren tef. An ɗaure waɗannan da shuɗin tef.
A ƙarshen kowane mataki, malamin/malama ya/ta tambaya: ""Sandunan ice cream nawa ne aka ɗaure da tef?""
Wace manufa wannan aikin da aka yi a baya yake son haɓakawa?",Ka gane cewa aikin haɗawa yana da alaƙa da ƙari,Fahimci darajar matsayi na lambobi a cikin wata lamba,Ka fahimci yadda tsarin lambobi na goma (decimal) yake ginawa,Fahimtar yadda ake raba lamba bisa ga matsayin darajarta,,,,C,Maths,Teaching strategies,Primary,2018,
536,"Karanta wannan yanayi: Malamar ajin firamare na huɗu za ta yi aiki da ɗalibanta kan warware lissafin mataki ɗaya tare da ƙari da ragi, don haka tana son gabatarwa, a farkon ajin, wani aiki da zai kunna ilimin ɗaliban na baya da ke da alaƙa da batun kuma ya taimaka musu su ƙara fahimtar sabon karatu. Wanne ne daga cikin ayyukan da ke gaba zai baiwa malamar damar cimma burin da aka gabatar?",Gane dangantakar juyawa tsakanin tara da cirewa,Warware ƙari ta amfani da dabarar warwarewa (decomposition),"Bayyana matsalolin da ba na yau da kullum ba, waɗanda suka shafi ƙari da ragi",Kimanta sakamakon hadawa da ragewa ta hanyar lissafin kwakwalwa,,,,A,Maths,Teaching strategies,Primary,2018,
537,Karanta yanayin da ke biyo baya: Malamin Lissafi a ajin firamare na uku ya fara aiki a darasin aljebra tare da ɗalibansa. Wane sanin da aka riga aka yi ne mafi dacewa don gabatar da wannan darasin?,Tsarin lambobi da asalin ayyuka,Warware matsaloli a mahallai daban-daban,Tunanin lissafi da maganganun lambobi,Rikodin bayanai da tantance raka'o'i da gomanai,,,,A,Maths,Student understanding,Primary,2018,
538,"Don Manufar Koyo na Aji na Biyu 'Auna tsayin abubuwa ta amfani da ma'aunan da ba su da ka'ida da ma'aunan da ke da ka'ida (cm da m)', wane aiki ya fi dacewa don tada ilimin dalibai na baya?",Bari ɗalibin ya kwatanta ma'aunan aunawa daban-daban,Bari ɗalibin ya auna abubuwa daban-daban ta amfani da rula,"A sa ɗalibin ya kwatanta abubuwa biyu ko fiye da haka, sannan ya tantance wanne ne mafi tsawo ko mafi gajarta","Bari ɗalibin ya auna abubuwa daban-daban ta amfani da kayayyakin da ke cikin muhallinsu (roba, kaifin fensir, shafuka)",,,,C,Maths,Teaching strategies,Primary,2018,
539,"A cikin darasin Lissafi, Malamar ta yi niyyar fara sashin da ya haɗa da nazarin surkulle. Don haka, tana buƙatar tantance ilimin da ɗalibai suka riga suka samu game da muhimman abubuwan alwatika. Waɗanne abubuwa ne na wannan siffa ta lissafi aka buƙaci ɗalibai su bayyana a cikin wannan tantancewa?","Shugabannin, bangarori, da tsayi","Tukwici, kusurwa, da gefe","Kusurwoyi, gefuna, da tsayayyu","Kusurwoyi, maƙoluwa, da tsayi",,,,B,Maths,Student understanding,Primary,2018,
540,"Karanta wannan yanayin: Wata malama tana koyar da siffofin wasu siffofi na lissafi, tana mai da hankali kan halayen da suka zama gama-gari ga dukkan siffofi na wani nau'i. Wace siffa ta gama-gari ta dukkan nau'o'in trapezoid ya kamata malamar ta faɗa wa ɗalibanta?",Digonalolinsu suna daidaita,Tafiye-tafiye biyu kacal ne masu gaba da juna suke a layi daya,Kawai kusurwoyi maɓallanci ne suke daidai,Biyu-biyu na bangarorin da ke fuskantar juna suna a daidai juna,,,,B,Maths,Student understanding,Primary,2018,
541,"Karanta aikin da ke gaba: Wata malama ta nemi yara su zana hanyoyi daban-daban a ƙasa don tafiya daga gefen ɗaki ɗaya zuwa ɗayan, suna nuna wurin farawa da wurin ƙarewa. Bayan sun zana su, malamar ta gayyace su su kalli hanyoyin sannan ta tambaya: “Wace ce a cikin waɗannan ta fi tsayi?”. Daga nan ta nemi su tabbatar da amsoshinsu ta hanyar amfani da ma’aunan da ba na ka’ida ba, kamar matakai ko tayal.
Wace fasahar lissafi da dabaru ce malamar ke koyarwa da wannan aikin?",Rukunawa,Kiyastawa,Karewar halittu,Haɗuwa ta farko (ko) Gabatarwa,,,,B,Maths,Teaching strategies,Pre-primary,2018,
542,"Ayyukan da ke gaba su ne: A cikin sashin 'Dangantakar Ma'ana-Kima da Kima', wata malamar makarantar gaba da sakandire tana aiki a kan abun ciki na tsari. Don yin wannan, za ta ba yara kayan aiki da suka haɗa da halaye biyu masu canzawa da kuma hali ɗaya mai dorewa, don su iya ƙirƙirar tsarin nasu. Idan aka yi la’akari da halin da aka bayyana, wane ne daga cikin abubuwan da ke gaba ya fi dacewa a yi amfani da su don yara su ƙirƙira jerin abubuwa tare da halayen da aka nuna?",Kwallaye manya da ƙanana na kala biyu: ja da rawaya,Taurari masu girma ja da taurari ƙanana kore,,"Manyar da ƙananan cokula masu yatsu ja, manyar da ƙananan cokula masu zuba shuɗi",,,,A,Maths,Teaching strategies,Pre-primary,2018,
543,"Karanta halin da ke gaba: A lokacin hutun ajin gaba da firamare, Francisca, mai shekaru 6, ta ɗauki Legos na girma da kala daban-daban. Ta gina hasumiya ɗaya da tubalan ja guda biyar sai wata kuma da tubalan shuɗi guda uku. Sannan, sai ta kalli hasumiyar ja, ta raba ta zuwa hasumiyoyi biyu, ɗaya da Legos ja ƙanana sai ɗayar da Legos ja manya. A cikin wannan halin da aka bayyana, wacece daga cikin ƙwarewar tunani ta ma'ana da lissafi ce aikin Francisca ya nuna?",Rarraba bisa tsayi,Jerin abu bisa girma,Rarraba ta amfani da ma'auni guda ɗaya,Rarraba ta amfani da ma'auni guda biyu,,,,D,Maths,Student understanding,Pre-primary,2018,
544,"Malamar makarantar gaba da firamare ta yi aiki da rukunin ɗalibanta kan ayyuka da dama da nufin gano halayen siffofin geometric daban-daban. Don aiki na gaba, tana son yaran su gano cewa akwai siffofin geometric waɗanda dukkan fuskokinsu iri ɗaya ne. Wane nau'i biyu na siffofin geometric ne Malamar za ta iya zaɓa don ba wa yaran damar gano wannan halayya?",Kubu-kubu da tetrahedrons,Kubus da pirism na alwatika,Priza mai murabba'i da siffa mai fuska huɗu,Firisoshi masu kusurwa huɗu da masu kusurwa uku,,,,A,Maths,Teaching strategies,Pre-primary,2018,
545,"Bayan malami ya haɗa tsarin lissafin fadin doron mazugi (cone) tare da ɗalibai, sai ya lura cewa da yawa daga cikinsu suna amfani da tsarin yadda ya kamata wajen lissafin fadin idan aka ba su mazugai masu girma dabam-dabam, amma ba su fahimci yadda za su yi amfani da shi a cikin yanayin matsalolin rayuwar yau da kullum ba.

Wace daga cikin ayyukan da ke gaba ce ta fi dacewa ta taimaka wa ɗaliban shawo kan wannan matsala?",Suna gina ragar mazubi mai tsayi daban-daban da kuma radius iri ɗaya sannan su kwatanta fannoni (areas) daidai da su.,"Sun auna filayen mazarkwailan ice cream na girma dabam dabam sannan suka kwatanta sakamakon""","Suna auna filin rufin coci mai siffar mazubi, sannan su ƙididdige yawan fentin da ake buƙata don rufe shi",Suna gano abubuwa da wurare inda ake amfani da siffar mazugi a fannoni daban-daban kuma su yi zane-zanen da suka dace,,,,C,Maths,Student understanding,Secondary,2018,
546,"Malamin makarantar sakandare yana shirin darasi kan Humotiti, ma'anarsu da kaddarorinsu. Wanne daga cikin zaɓuɓɓukan da ke tafe ne ke wakiltar tsarin abubuwan da za a koya mafi dacewa ga wannan manufa da mataki?",Wurin maka a kan Filin Ko’ordinate. Nesa tsakanin maka a kan Filin Ko’ordinate. Siffofin Homotetiya a kan Filin Ko’ordinate,Samfuri tsakanin tirkoki da sikali. Homaetisi an ba su siffa da kuma rabo. Halayen homaetisi a kan filin Cartesian,Nisa tsakanin maki a farfajiyar Cartesian; Samfur tsakanin vectors da scalars; Canjin kamanni da aka ba da siffa da abin ninkawa,Homotetiyoyi da aka ba da siffa da wani ma'auni. Nisa tsakanin makin Homotetiya. Warware matsaloli masu alaƙa da Homotetiyoyi,,,,B,Maths,Teaching strategies,Secondary,2018,
547,"Malami a makarantar sakandire ya tsara jerin ayyuka kamar haka domin ɗalibai su haɓaka ƙwarewar yin zato: - Zana zane na aikin lissafi ƒ(x) = √x da hannu da kuma ta amfani da manhaja. - Gano yankin aikin lissafi (domain) da kewayensa (range) na aikin lissafi ƒ da kuma wuraren haɗuwarsa da gatari. - Zana zane na aikin lissafi g(x) = √x + b ga wani b ∈ R, b ≠ 0. - Gano yankin aikin lissafi da kewayensa na aikin lissafi g da kuma wuraren haɗuwarsa da gatari. - Zana zane na aikin lissafi h(x) = √x - a ga wani a ∈ R+. - Gano yankin aikin lissafi da kewayensa na aikin lissafi h da kuma wuraren haɗuwarsa da gatari. - Kuma zana zanen ayyukan lissafi g da h tare da wasu ƙimar a da b daban-daban. Waɗanne daga cikin waɗannan tambayoyi da malamin zai yi ne zai fi jagorantar ɗalibai kai tsaye don cimma manufar da aka sa a gaba?",Yaya taswirar aikin ƒ(x) = √x take canzawa idan aka gyara ma'aunan?,A kan menene mahaɗar aikin da madaidaicin X da madaidaicin Y suke dogara?,Yaya ƙimar mafi girma da ƙarami na aikin lissafi ƒ ke canjawa idan aka gyara sigogin?,"Yaya ake sanin yankin ma'ana da yankin iyakar ayyukan ƒ, g, da h, a jere?",,,,A,Maths,Teaching strategies,Secondary,2018,
548,"A karanta yanayi na gaba: Ranar haihuwar Sergio ce, kuma mahaifiyarsa tana shirya biki. Ta kiyasta cewa tsakanin yara 12 zuwa 20 za su zo. A kan abinci da kyaututtuka, ta yi imanin cewa za ta kashe kusan dala $80 ga kowane yaro. Za ta yi hayar zaure wanda dole ne ta biya dala $360 a kansa. Bisa ga mahallin da aka bayyana a sama, wace daga cikin ayyukan da ke gaba ce ke bawa ɗalibai damar haɓaka ƙwarewar wakilci?",Rubuta kowane mataki na tsarin warware matsala,Ƙididdigar mafi ƙaranci da mafi yawan kuɗin bikin da gabatar da mafitar,Ƙayyade wata dabarar lissafi don lissafa jimillar kuɗin kashewar bikin,Shirya teburin dabi'u da zanen da ke kewaye da shi tare da bayanan lamarin,,,,D,Maths,Teaching strategies,Secondary,2018,
549,"A matsayin aikin gwaji, wani malami ya gabatar da matsala mai zuwa ga ɗalibansa: Wata na'ura tana harba ƙwallaye waɗanda ke bin hanyar da aka bayar ta aikin lissafi: ƒ(x) = −x² + 4x inda ake auna x da ƒ(x) da mita. Zana hoton aikin lissafin kuma ka ƙaddara: I) Mafi girman tsayin da ƙwallayen suka kai. II) Nisan da ƙwallayen suka faɗi daga na'urar. Wanne daga cikin sakamakon koyo mai zuwa ne ke ba da shaidar kai tsaye ga aikin da ke sama?",Wakili aikin murabba'i a tebura da ginshiƙai,Bayanin amfani da aikin murabba'i (quadratic function) a yanayi na yau da kullum,Fassara mahimman wurare na zane na aikin kwadiratik a cikin mahallin da yake ciki,Lissafa don nemo mahaɗar ginshiƙin aikin kwandira da gatattakun ma'auni,,,,C,Maths,Assessment,Secondary,2018,
550,Wani malami ya yi aiki tare da ɗalibansa a kan aikin haɗin-girman biyu (quadratic function) kuma yana so ya tantance ko suna iya danganta wannan aikin da yanayi na rayuwar yau da kullum. Wanne ne daga cikin waɗannan ayyukan zai fi ba su damar cimma wannan manufa?,Dalibai suna warware matsaloli daban-daban waɗanda suka shafi ayyuka masu daraja ta biyu,Ɗalibai suna gano Ayyukan Kusurwa Huɗu da suke misalta yanayi iri-iri,"Dalibai suna gano daga taswira mafi girman darajoji, mafi ƙarancin darajoji, da tushen ayyuka masu murabba'i",Dalibai suna zana hoton kwatanci na ayyukan kwadratik da ke wakiltar al'amuran yau da kullum kuma su nazarta ma'auni nasu,,,,B,Maths,Assessment,Secondary,2018,
551,"Malamin makarantar sakandare yana buƙatar tsara wani aiki don auna manufar koyo: ""Gano canji mai tsayayye da kuma canjin kaso mai tsayayye."" Wane aiki ne daga cikin waɗanda ɗalibai za su yi zai fi cimma burinsa?",Suna warware matsaloli masu ɗauke da lissafin kaso na ɗari,Suna ƙirƙirar yanayi masu ɗauke da ruwa mai sauƙi da ruwa mai haɗi,Suna kasafta yanayi masu dacewa da ruwa mai sauƙi da ruwa mai haɗi,Suna lissafin kashi ɗari da kashi ɗari a jere na adadin da aka bayar,,,,D,Maths,Teaching strategies,Secondary,2018,
552,"Malami ya gabatar da wannan matsala mai zuwa ga ɗalibansa: Nemi ma'aunin OD, sanin cewa layukan AC da BD layuka ne masu auna juna kuma cewa b=6. A wane ɓangare na tsarin aikin ne kuskuren ɗalibin ya fi yiwuwar kasancewa?",Lokacin Sauƙaƙa Ƙasusuwan Algebra,A lokacin da ake sanya ƙimomi ga zantuttuka na aljabra,Wajen amfani da dabi'u na ma'auni (proportions),Wajen gano abubuwa masu dacewa a siffofi masu kamanceceniya,,,,D,Maths,Student understanding,Secondary,2018,
553,"Malamin ajin Digiri na Uku yana aiki tare da dalibansa a kan gajartacciyar hanyar tsaye ta tarawa da lambobi masu lamba uku. Malamin yana da sha’awa ta musamman na ganin daliban sun fahimci dalilin da ya sa suke buƙatar amfani da ɗaukar lamba a wasu lokuta, ta yadda warware darussan kada ya takaita ga tsarin motsi na hanyar kawai. Wace dabara ce daga cikin masu zuwa ke taimaka wa dalibai su fahimci amfani da ɗaukar lamba a cikin gajartacciyar hanyar tsaye ta tarawa?",A umarci ɗalibai su wakilci adadin da guntaye kuma su yi aikin tara,Ku nemi ɗalibai su wakilci adadin a hoto kuma su yi ƙari,Ka umarci ɗalibai su yi amfani da tsarin kuɗi don bayyana lambobin tarawa kuma su yi lissafin tarawar,"A ce dalibai su warware addand-addand ɗin bisa ka'ida, sannan su yi tarawar farawa daga matsayin unit",,,,D,Maths,Teaching strategies,Primary,2019,
554,"A lokacin darasin Lissafi a aji na 4, inda suke aiki kan kwatantawa da jera lambobi masu digo, Malamin ya nemi ɗaliban su faɗi wata lambar mai digo da take tsakanin 0.2 da 0.3. Wasu sun amsa: Babu lambobi tsakanin 0.2 da 0.3, saboda bayan 0.2 sai 0.3 ne ke zuwa. Wacece daga cikin waɗannan ayyuka ce za ta ba malamin damar magance kuskuren fahimtar ɗaliban kafin ya ci gaba da abin da yake koyarwa?","Ka umarci ɗalibai su zana layin lamba mai 2 da 3 a ƙarshen sa kuma su raba nisan zuwa kashi 10 daidai. A ƙarshe, ka ce musu su sanya 2.1, 2.2, 2.3,..., 2.9 a tsakanin lambobin 2 da 3","Ku umarci ɗalibai su bayyana lambobin 0.2 da 0.3 a matsayin juzu'i kuma su wakilci juzu'ai da suka samu a kan zangarnu ko sanduna na juzu'i. A ƙarshe, ku umarce su su kwatanta waɗannan juzu'ai ta hanyar bambancinsu.","Nemi ɗalibai su zana murabba'i mai wakiltar gaba ɗaya kuma su raba shi zuwa ginshikai 10 masu girman daidai. Sannan, su rubuta 0.1, 0.2,... 0.9 a kowane ginshiki. A ƙarshe, ka ce su rina 0.2 da 0.3 da launuka daban-daban","Ka tambayi ɗalibai su zana murabba'ai uku masu girma ɗaya. Biyu na farko ya kamata a raba su zuwa ginshiƙai 10 daidai, kuma a kowane ɗaya, su fentin ginshiƙan da suka dace da 0.2 da 0.3, bi da bi. Na uku ya kamata a raba shi zuwa layuka 10 da ginshiƙai 10, kuma su fentin ƙananan murabba'an da suka dace da 0.21. A ƙarshe, ka tambaye su su alaƙanta wakilcin da suka yi.",,,,D,Maths,Teaching strategies,Primary,2019,
555,"Malamin ajin uku ya sanya a matsayin manufa cewa ɗalibansa su amsa tambayoyin kididdiga daga wasannin jefa ƙwaɗo na dama. Don haka, sun tsara tambayoyi waɗanda kawai za a iya amsa su ta hanyar gwaji. Wacece daga cikin waɗannan tambayoyi, waɗanda malamin ya tsara wa ɗalibai, ce ke buƙatar gudanar da gwaji na dama don amsa ta?","Idan ka jefa ƙwaƙwalwa sau ashirin, sau nawa fuska masu gaba da juna suke yin jimla ta bakwai?","idan ka mirgina ƙwaƙwalwar har sau talatin, sau nawa ne ɗigon shida zai fito a saman fuskar?","Idan ka jefa kafar jifa sau ashirin, mene ne iyakar jimillar adadin maki da fuskokin sama za su iya kai wa?","Idan ka jefa kwaɗo sau talatin, menene yiwuwar cewa jimlar maki da suka fito ta zama ƙasa da maki talatin?",,,,B,Maths,Teaching strategies,Primary,2019,
556,Malamar ajin uku za ta tantance ko ɗalibanta sun koyi ƙirƙirar jadawalin sanduna masu sauƙi da sikeli. Wanne ne daga cikin zaɓuɓɓuka masu zuwa ke wakiltar aikin da malamar ya kamata ta tabbatar don tantance nasarar sakamakon koyon da aka kimanta?,Suna nazarin bayanan da aka tattara don gina taswira mai sauƙi tare da ma'auni,Suna ƙayyade ma'auni mai dacewa don ginshiƙin ginshiƙi bisa ga bayanan da suke da su,Suna shirya bayanan da suka tattara yadda ya kamata kafin su wakilta shi a cikin taswira mai ma'auni.,Sun tsara wani bincike wanda zai ba su damar samun isasshen bayanai don ƙirƙirar taswirar sanduna mai sauƙi tare da ma'auni,,,,B,Maths,Assessment,Primary,2019,
557,"A cikin darasin aji na huɗu, malami na aiki a kan manufar ajin: Gano tsarin lissafin matakin da ke ba da damar warware matsalar da ta shafi ƙari ko ragi a cikin iyakar 0 zuwa 100. Wace daga cikin waɗannan ayyukan ce ke ba wa ɗalibai damar haɓaka ƙwarewar ƙirarwa yayin da suke aiki a kan manufar da aka bayyana?",Yi amfani da wakilci na hoto don tsara bayanan matsalar,Magance matsalar kuma bayyana wa takwarorinsu hanyar da suka bi,Fito da dabaru daban-daban don magance matsalar kuma kwatanta sakamakon,Bayyana cikin yaren lissafi dangantakar da ke akwai tsakanin bayanan matsalar,,,,D,Maths,Assessment,Primary,2019,
558,Malami na ajin aji na biyu yana son ya gabatar da matsala ga ɗalibai wadda za ta ba su damar fahimtar bambanci tsakanin amfani da ma'auni mara daidaituwa da kuma ma'auni daidaitacce. Wace daga cikin matsalolin da ke gaba malamin zai iya gabatarwa don haɓaka fahimtar ɗaliban game da wannan bambanci?,"Josefa tana auna faɗin ɗakin da taku. Idan kuma ta auna shi ta hanyar jera kafa gaban kafa, adadin aunawan zai fi yawa, ko ya yi ƙasa, ko daidai? Me ya sa?","Felipe ya ce ajin yana da tsayin taku talatin da biyar. Marcela ta amsa cewa bai yi daidai ba, domin ita ma ta auna shi, kuma ta samu taku talatin da bakwai da rabi. Ta yaya za su iya gano ainihin tsayin ɗakin?","Camila ta yi mita da kwali, wanda aka raba shi zuwa santimita, sannan ta yi amfani da shi wajen auna faɗi da tsawon teburinta. Enrique ya yi awo guda ta amfani da rula wanda aka raba shi zuwa santimita. Wanene awonsu zai kasance daidai? Me ya sa?","Dole ne Pedro ya auna tsawon tebur, akwatin fensir, da kuma aji. Waɗanne abubuwa ya kamata ya auna da santimita, kuma waɗanne da mita?",,,,B,Maths,Teaching strategies,Primary,2019,
559,Malamar ajin Giredi na 2 tana shirya tantancewa don bangaren lissafin siffofi (geometry) kuma za ta haɗa da wani aiki wanda zai ba da damar samun bayanai game da matakin koyon da ɗalibanta suka samu dangane da kwatanta siffofi masu faɗi biyu (2D shapes). Wanne daga cikin ayyuka masu zuwa ne zai bai wa malamar damar tantance koyon da aka ambata?,Nemi abubuwa a cikin mujallu waɗanda suka yi kama da siffofi na 2D daban-daban sannan ka yanke su,Yi alama ga kololuwar siffofi masu girma biyu daban-daban da digo mai kala kuma a kirga su,Bambance rukuni na siffofi masu fuskoki biyu dangane da adadin gefayensu,Gano siffofi na 2D da suke kama da fasalin fuskokin wasu siffofi na 3D,,,,C,Maths,Assessment,Primary,2019,
560,"A cikin ajin Daraja ta 3, wata malama tana gudanar da darasi da manufar sa ɗalibai su gane kusurwoyi a muhallinsu kuma su kiyasta ma'auninsu, ta hanyar amfani da kusurwoyi 45◦ da 90◦ a matsayin abin misali. A lokacin ci gaban darasin, malamar ta zana layi uku masu haɗuwa a kan allo domin nuna bambancin ma'auni a tsakaninsu. Daga nan sai ta tambaya ko sun gane ko ɗaya daga cikin waɗannan kusurwoyin a rayuwarsu ta yau da kullum. Wani ɗalibi ya amsa: Idan na yi rawa a wurin horon al'adun gargajiya, malamin yana cewa mu juya rabin juyawa, kuma yana zana shi a kan allo a irin wannan hanyar. Idan aka yi la'akari da cimma manufar darasin, wace amsa ce ta malamar ta fi yin amfani da shisshigin ɗalibin?",Nuna mana a kan allo zanen da ya dace da rabin juyi! Wane irin kwana ne ake samu da rabin juyi?,Nuna mana motsi wanda ya dace da rabin juyi a cikin cueca! Digire nawa ne rabin juyi?,Nuna mana a kan allon zane da ya dace da rabin juyawa! A wace wata yanayi kuka sake ganin rabin juyawa?,Nuna mana motsin da ya dace da rabin juyawa a rawa! Shin rabin juyawa yana dacewa da wata kusurwa fiye ko ƙasa da 90◦?,,,,D,Maths,Teaching strategies,Primary,2019,
561,"Wata malamar makaranta ta rarraba ɗalibanta na makarantar gaba da firamare a cikin da'ira don su yi wasan lissafi. Don yin wannan, ta yi amfani da akwati mai rami da kuma alamar kwali; a cikin wasan, tana saka alamun ɗaya bayan ɗaya cikin ramin akwatin, tana ƙarfafa rukunin su ƙirga da babbar murya. Idan ta gama saka alamun, sai ta tambaya: Alamomi nawa ne a cikin akwatin? Bayan haka, ta girgiza akwatin, ta zuba alamun a kan kafet kuma ta sake tambaya: Alamomi nawa ne a kan kafet? Dangane da abin da aka bayyana na koyo, wace ce ɗaya daga cikin ƙwarewar lissafi da malamar ke haɓakawa a cikin yara maza da mata na rukunin ta?",Kwatanta,Gano lambobi,Tsari na lambobi,Rijistar adadi,,,,D,Maths,Teaching strategies,Pre-primary,2019,
562,Wane ƙwarewar farko ce yaran makarantar renon yara ke buƙatar mallaka kafin su fara haɓaka daidaita jerin abubuwa (serialization)?,Gane masu auna adadi masu sauƙi,Gano jerin tsare-tsare,Gano kamanceceniya da bambance-bambance,Gane jerin lambobi har zuwa 5,,,,C,Maths,Student understanding,Pre-primary,2019,
563,Wace aiki da yaro ya yi ke nuna cewa ya samu haɓakar kiyaye adadi?,"An ba Esteban saitin fensir guda takwas, sai ya kirga su, ya ce su takwas ne. Sannan, an nemi ya nuna adadin fensir ɗin da ya kirga a kan layin lambobi. Esteban ya nuna lamba takwas da yatsansa","An kawo wa Emilia tarin kubus huɗu, ta dube su ta faɗi adadin su. Sannan, an ƙara mata kubus uku a cikin tarin sai aka tambaye ta: kubus nawa gare ni gaba ɗaya? Emilia ta ce akwai kubus bakwai.","An nuna wa Javiera saitin maballai guda biyar, sai ta kalle su ta ce biyar ne. Sa’an nan, an sake nuna mata sandunan lemu guda shida kuma an tambaye ta: Abubuwa nawa ne a cikin wannan saitin?, kuma tana ƙirga su ɗaya bayan ɗaya, sai ta ce shida ne.","An kawo wa Juan saitin tubalan guda shida, sai ya kirga su daya bayan daya kuma ya ce su shida ne. Sannan aka ɗauki tubalan aka raba su zuwa rukuni biyu daidai, kuma aka tambaye shi: Tubalai nawa ne nake da su gaba ɗaya? Nan take Juan ya ce su shida ne.",,,,D,Maths,Student understanding,Pre-primary,2019,
564,"Malamin makarantar sakandare na shekara ta biyu yana shirin wani darasi inda manufa ita ce “Warware matsaloli ta amfani da rashin daidaito na layi da abu ɗaya da ba a sani ba.” Ganin cewa a azuzuwan baya sun warware rashin daidaito na layi da ma'auni guda ɗaya, wane aiki daga cikin waɗannan zai dace a gudanar a ci gaban darasin, tare da kiyaye daidaito da manufar da aka ambata a sama?",Bincika rashin daidaito ta hanyar amfani da hanyar zane sannan ka binciki sakamakon sa,"Bayar da matsala kuma, tare da ɗalibai, ku yi misalin rashin daidaito (inequality) wanda zai ba da damar warware ta kuma ku wakilta ta a zane (graphically)","Bayyana alamomin rashin daidaito da fassarar ƙimar da mai canzawa zai iya ɗauka, bisa ga wani yanayi.","Akawo atisaye na rashin daidaito kuma a warware su a zaman taro ga waɗanda suka nuna wahala, don kunna sanin da tuni ake da shi.",,,,B,Maths,Teaching strategies,Secondary,2019,
565,Malami na aji na 10 ya kammala sashe kan lambobi na gaske (real numbers) kuma ya yanke shawarar tantance ko ɗaliban sun fahimci babban bambanci tsakanin lambobi marasa ma'ana (irrational numbers) da lambobi masu ma'ana (rational numbers). Wacece a cikin ayyukan da ke gaba mafi dacewa ga ɗaliban don wannan manufar?,"Bayyana tare da ba da hujjar matakan da ake buƙata don canza ɓangare zuwa lambar-goma, da kuma akasin haka","Rarraba lambobi na goma (decimal) masu maimaitawa, da masu ɗan maimaitawa (semiperiodic), da marasa maimaitawa, tare da bayyana bambancin dake tsakaninsu","Bayyana wasu lambobi daga jerin lambobi na ainihi da aka bayar a cikin siffar lamba goma, kuma ka bayyana tare da tabbatar da hanyar da aka yi amfani da ita",Bayyana wasu lambobi daga rukunin lambobi na gaske da aka bayar a cikin surar kaso kuma ka bayyana sharuddan da wannan sauyawar take yiwuwa a karkashinsu,,,,D,Maths,Assessment,Secondary,2019,
566,"Malamin aji na goma sha biyu yana shirin wani darasi tare da burin ""Gano yadda ake nuna a taswira (graphically) na aikin juyawa (inverse function) na wani aiki da ake iya jujjuya shi (invertible function) wanda aka gabatar a taswira"". Waɗanne daga cikin waɗannan ƙwarewa ne ya kamata ɗalibai su riga sun mallaka don cika burin da aka gabatar?",Warware bayanan lissafi na algebra,Zana taswirar ayyuka daga tebura na dabi'u,Yi nazarin siffofi game da wani ginshiki (axis),Aiwatar da tunanin siffofi dangane da wani batu,,,,C,Maths,Assessment,Secondary,2019,
567,Malamin makarantar sakandare na aji na farko yana shirin darasi wanda manufar sa ita ce 'Gano murabba'in mai'uni biyu ta hanyar zane-zane da kuma alamomi'. Wane ilimin da suka gabata ne ya kamata ɗalibai sun riga sun koya dole don su iya cimma wannan manufa?,Ragegen bayanan lissafi na aljebra,Kimanta darajar maganganun Aljabra,Amfani da siffofin iko a ilimin lissafi na aljabra,Fassara daga harshen da aka saba amfani da shi zuwa harshen aljabra,,,,A,Maths,Student understanding,Secondary,2019,
568,Malamar aji na biyu ta sa burin ajin kamar haka: “Ku hango abin da zai faru ga wani adadin ruwa idan aka mai da shi wani kwanon daban”. Wace daga cikin ayyukan da ke gaba ce ta dace ɗalibai su yi domin cimma wannan burin?,"Ku rubuta abin da ya faru da wani adadin ruwa idan aka tura shi zuwa wani kwantena daban, sannan ku zana sakamakon a cikin littafinsu","A nuna sakamakon da za su iya samu ta hanyar canja wurin ruwa zuwa nau'ikan kwantena guda uku daban-daban, sannan a tabbatar da su","Ku tsara gwaji mai sauƙi inda za su auna ƙarar ruwa kuma su sanya shi a cikin kwantena daban-daban, suna rubuta abubuwan da suka lura.","Shawarci cewa girman ruwan ya kasance ɗaya bayan an mayar da wani adadi na ruwa zuwa kwantena daban-daban, sannan kuma a gabatar da sakamakon nasu a taro gaba ɗaya",,,,B,Maths,Assessment,Primary,2020,
569,Wanne ne daga cikin waɗannan kayan aikin koyarwa ya fi dacewa don fara aiki kan wakilcin lambobi masu lamba biyu bisa ga darajar wurinsu a ajin firamare na biyu?,Tsokoki na asali goma,Sisi goma ($10) da sisi ɗaya ($1),Guntun kala biyu daban-daban,Taswirar matsayi da lambobi masu cirewa,,,,A,Maths,Teaching strategies,Primary,2020,
570,"Malamar aji na farko ta tsara ayyuka don ɗalibai su tantance raka'a da goma a cikin lambobi daga 0 zuwa 20.
Wace daga cikin ayyukan nan za ta inganta fahimtar ɗalibai game da ra'ayin goma?",Ƙirga jimillar adadin abubuwa a cikin saiti mai abubuwa fiye da 10,Faɗi adadin rukunin goma-goma da za a iya kafawa da adadin abubuwan da aka bayar,Zana abubuwan da suka ɓace a saitin don cika lamba da ta fi 10,yi ƙiyasin adadin abubuwa a cikin saiti ta amfani da rukunin abubuwa 10 a matsayin abin dubawa,,,,B,Maths,Teaching strategies,Primary,2020,
571,"Malamar aji na biyu ta sa wa ɗalibanta manufar ajin su kwatanta lambobi daga 0 zuwa 100.
Wace irin aikin da ke gaba zai bai wa malamar damar tantance ko ɗaliban sun cimma manufar da aka gabatar?",Daidaita lambobi daban-daban ƙasa da ɗari da hotonsu mai nuna su,Gano lambobi kafin ko bayan wata lambar da aka bayar wadda take ƙasa da 100,Bambance lambobi uku masu bi a jere ƙasa da ɗari a cikin gomi da raka'a,Warware matsalolin ƙidaya na lambobi ƙasa da 100 ta amfani da layin lambobi,,,,B,Maths,Assessment,Primary,2020,
572,"Malamin Aji na Uku ya yi aiki tare da ɗalibansa kan bayyana ninka a matsayin ƙari mai maimaitawa, kuma ya gudanar da jarrabawa don lura da yadda suke koya. A cikin wannan jarrabawar, ɗalibai sun rubuta ayyukan ninka da aka yi, bayyanarsa ta amfani da ƙarin lambobi daidai, da kuma bayanin aiki na ninka a cikin kalmomi a kowace matsala da aka warware. Bayan ya duba, malamin ya lura cewa ɗaya daga cikinsu ya ba da amsa kamar haka ga ɗaya daga cikin matsalolin: Matsala: Idan ina da kaji 6 kuma kowace kajin tana da ƙafafu biyu, gabaɗaya ƙafafu nawa ne? Amsa: 2·6=6+6=12 ""Biyu sau shida"". Duk da cewa sakamakon ƙarshe daidai ne, wanne daga cikin waɗannan sharhin martani zai ba da bayanan da suka dace ga ɗalibin don ya fassara bayanan da ke cikin wannan matsalar daidai?","Ka cimma lambar daidai, amma akwai wata hanyar da za ka iya nuna matsalar? Yi zane na halin, sannan ka gwada shi da sakamakonka. Akwai wani bambanci?","Sakamakonka daidai ne, amma ka tuna cewa a cikin jedawalin ninka biyu sau shida ɗaya ne da shida sau biyu? Su ɗaya ne, amma ba su ɗaya ba a cikin wannan misalin. Ka lura?","Sakamakon ya yi daidai, amma kana ganin ka wakilci ninkin ta amfani da dukkan lambobin da ake bukata? Kula da cewa ka rubuta ""2 sau 6"" ba ""6 sau 2"" ba","Lambar da ka kirga daidai ce, amma ka tabbata ka bi dukkan matakan warware matsala? Yi bita don ganin wane mataki ka baro.",,,,A,Maths,Assessment,Primary,2020,
573,"Malamar aji na huɗu, wacce ta daɗe tana aiki kan ninkawa (multiplication) na lambobi gaba ɗaya tare da ɗalibanta, na da niyyar gabatar da dabarar ninkawa ta gargajiya (conventional multiplication algorithm) don lissafin ninkin lambobi masu lamba uku da lambobi masu lamba ɗaya. Wace dabara ce daga cikin waɗannan zai yiwu malamar ta ba da shawara don sauƙaƙa fahimtar ɗalibai game da wannan dabarar a matsayin gajartacciyar hanya (abbreviated procedure)?","Wargaza abin da za a ninka mai lambobi uku gwargwadon darajar matsayin lambobinsa, don a tara sakamakon ninkawar tsakanin waɗannan darajojin da abin da za a ninka mai lamba ɗaya","Nuna ma'ajiyin mai lamba uku tare da kayan aiki da za a iya ƙirga, don gudanar da yawan ƙidaya kamar yadda ma'ajiyin lamba ɗaya ya nuna",Ƙari na maimaitawa na lamba mai lambobi uku don danganta adadin lokutan da aka maimaita wannan lambar a matsayin abin ƙari da lamba mai lamba ɗaya,"Yin jerin ninkawa farawa da lambobin gida ɗaya da gida ɗaya, sannan gida biyu da gida ɗaya, har zuwa gida uku da gida ɗaya",,,,A,Maths,Teaching strategies,Primary,2020,
574,"Malamar aji na huɗu tana shirin wani darasi a cikinsa za ta yi aiki kan kwatanta lambobi masu ɗigo (decimal). Don farawa, za ta ce wa ɗaliban su kwatanta lambobi masu zuwa: 1.37 da 1.4 sai kuma 1.25 da 1.5; don wannan manufa, tana neman wani nau'in wakilci wanda zai taimaka musu su gudanar da aikin kuma su fahimci abun koyarwar. Wanne daga cikin ayyukan nan masu zuwa ne zai cika buƙatar da malamar ta gindaya?",Ku rubuta adadin a matsayin kashi ɗari,A bayyana adadin a sigar ɗan gajeren lamba,Wakilci adadin da kayan gaske,Nuna misalan adadi a cikin yanayi na yau da kullum,,,,A,Maths,Teaching strategies,Primary,2020,
575,"Wani malami na gaba da firamare yana aiki akan manufar koyo mai zuwa: “Sanar da tsarin da aka bi wajen magance matsaloli zahiri, tare da gano tambaya, matakai, da kuma yiwuwar amsoshin.” La’akari da bayanan da aka bayar, wane kayan aikin kimantawa ne ke ba da damar bayyana ci gaban wannan koyon?",Jerin abubuwan da za a duba,rubric cikakke,Sikeli na lambobi,Sikelin ƙima,,,,B,Maths,Assessment,Pre-primary,2020,
576,"Amparo, ɗalibar makarantar renon yara, tana wasa da cokula masu girma daban-daban lokacin wasan yanki. A lokacin wasan, lokacin da take jera su a layi, yarinyar ta ce: ""Oh! Sun yi kama da iyali, wannan ne uban saboda shi ne mafi girma, wannan ce uwar saboda ita ce matsakaiciya, kuma wannan ne ɗan saboda shi ne mafi ƙanƙanta."" Malamar ta lura da ita sau da yawa tana aikata irin wannan wasan lissafi. Wace ƙwarewar tunanin lissafi ce ke ƙunshe cikin abin da Amparo ta yi?",Kwatancen da tsari,Kwatance da jeri-jere,Rukunoni da dacewa,Rukuni da tsarin jerin gwanon-gwanon,,,,B,Maths,Student understanding,Pre-primary,2020,
577,"Wani malami a makarantar yara ƙanana ya lura cewa Ana ta yanke shawarar yin aiki da wasu kayan wasan dabbobin gona sannan ta raba su zuwa gida uku da ta kira “dabbobin gona manya”, “dabbobin gona matsakaita” da kuma “dabbobin gona ƙanana”. A ɗaya gefen kuma, Pedro ya zaɓi tubalan gini sannan ya jera su ta hanyar ajiye tubali ja ƙarami, tubali shudi mai girma, tubali ja ƙarami, tubali shudi mai girma. Idan aka yi la'akari da aikin waɗannan yaran, wace fasaha ce kowannensu yake haɓakawa?",Ana tana rarrabawa da ma'auni guda ɗaya kuma Pedro yana ƙirƙirar tsari da halaye biyu masu canzawa,Ana tana rarrabawa da ma'auni biyu kuma Pedro yana ƙirƙirar tsari da sifa ɗaya mai tsayayye da ɗaya mai canzawa,"Ana ta samar da alaƙa tsakanin ƙungiyoyi biyu, kuma Pedro ya ƙirƙira wani tsari da siffofi guda biyu masu ɗorewa","Ana ta kafa daidaito tsakanin rukuni biyu, kuma Pedro ya kirkiro tsari da sifa ɗaya mai dorewa da sifa ɗaya mai canzawa",,,,A,Maths,Student understanding,Pre-primary,2020,
578,"Malamar makarantar gaba da firamare tana aiki a kan lambobi daga ɗaya zuwa goma, tana neman yaran su kammala jerin lambobin ta hanyar waƙar “Giwa Ɗaya Tana Daidaitawa”. Sa'an nan, don yin aiki a kan ka'idar lambobi, ta gayyace su zuwa tsakar gida don yin wasan giwaye.
A cikin yanayin da aka gabatar, wanne ne daga cikin wasannin nan zai ba da damar yin aiki a kan ka'idar lambobi?","Ku kafa iyalai na giwaye, ku rarrabu bisa ga adadin da malamin ya nuna","Kintace nisan giwar, kana mai ƙidaya taku nawa za su yi don isa gare ta","Ku ci gaba a jere-jere na giwaye, kuna kirga matakan da suka ɗauka gwargwadon lambar da malami ya nuna","Yi layin giwaye, suna jera kansu daga mafi girma zuwa mafi karami ko kuma daga mafi karami zuwa mafi girma, bisa ga abin da malamin ya nuna.",,,,A,Maths,Student understanding,Pre-primary,2020,
579,"Malamin aji takwas yana aiki tare da ɗalibansa kan ninka da raba lambobi masu ma'ana. A lokacin ajin, wani ɗalibi ya nuna wannan: ""Lokacin da na ninka lambobi biyu masu kyau (positive integers), koyaushe ina samun sakamako da ya fi waɗannan lambobin girma. Shin hakan yana faruwa idan na ninka lambobi biyu masu ma'ana masu kyau (positive rationals)?"" Wane bayani ne a cikin waɗannan da ke tafe daga malamin zai ba wa ɗalibin amsa daidai kuma, a lokaci guda, ya sauƙaƙa fahimtar abin da ake tattaunawa a cikin ajin?","Tarhon lambobi masu rabo faɗaɗa ne na tarhon lambobi na ɗabi'a; don haka, ninkin lambobi masu rabo ingantattu yana riƙe halayensa. Bari mu nuna a matsayin misali ninkin \(\frac{7}{3} \cdot \frac{5}{2}\)","Ta ma'ana, sakamakon ninka lambobi masu inganci ko da yaushe yana da inganci; saboda haka, abin ninka na lambobi masu rabo masu inganci shima yana gamsar da wannan sifa. Bari mu bayyana a matsayin misali abin ninka na \(\frac{7}{2} \cdot \frac{5}{3}\)","Samfurin adadi mai kyau ya fi abubuwan da aka ninka girma kawai idan dukkan su sun fi 1 girma; saboda haka, ya wadatar cewa ɗaya daga cikin abin da aka ninka ya zama ƙasa da 1 don wannan ya daina riƙewa. Bari mu yi aiki da samfurin \(\frac{3}{4} \cdot \frac{5}{2}\) a matsayin misali.","Wakiltar hoto na samfurin rabon adadi masu inganci biyu ya dace da yankewar juna ta zane tsakanin kowane ɗayan abubuwan; saboda haka, sakamakon ya kamata ya zama ƙasa da su. Bari mu yi aiki a matsayin misali samfurin na \(\frac{3}{4} \cdot \frac{2}{5}\)",,,,C,Maths,Student understanding,Secondary,2020,
580,"Malami/Malamar aji na 7 yana koyar da manufar darajar tsantsa (absolute value) ta lambobi. A lokacin da ake gyara wasu misalai da aka rubuta a allo, wani ɗalibi ya tambayi malamin: “Me ya sa sakamakon yake zama mara kyau (negative) idan akwai alamar mara kyau a gaban darajar tsantsa? Ka ce darajar tsantsa ta kowace lamba kullum mai kyau ce (positive), don haka ban gane me ya sa dole ne hakan ya faru ba.” Wanne daga cikin waɗannan bayanan ne zai amsa wannan tambaya daidai, ta amfani da yaren da ɗalibin aji na 7 zai iya fahimta?","Alamar raguwa kafin lissafi na nufin “cikar-juyawar-adadi.” Tunda cikakken daraja (absolute value) koyaushe ya fi ko daidai da sifili, cikar-juyawar-adadin sa koyaushe zai kasance ƙasa ko daidai da sifili","Alamar koruwa a gaban wani lissafi kuma tana nufin ""canjin alama."" Tun da darajar mutlak ko da yaushe ya fi ko ya yi daidai da sifili, canza alamar ko da yaushe yana haifar da daraja wadda ta yi ƙasa ko ta yi daidai da sifili.","Alamar korau kafin wani bayani daidai take da amfani da ka'idar alamomi a ninkayar lambobi. Tun da darajar lamuni koyaushe ta fi ko daidai da sifili, idan aka yi la'akari da cewa ""ingantacce a ninka da korau korau ne,"" sakamakon koyaushe zai zama kasa da ko daidai da sifili.","Shi alamar korau kafin bayani daidai yake da kasancewar lambar korau kafin baka. Tun da cikakkiyar daraja koyaushe ya fi ko daidai da sifili kuma alamar korau tana canza alamar da ke cikin baka, darajarsa zai kasance koyaushe ya fi ko daidai da sifili.",,,,A,Maths,Student understanding,Secondary,2020,
581,"Malamin aji na takwas zai yi bayani kan makasudin nan na Fahimtar ma'anar function da ke danganta masu canji guda biyu ta hanyar wakilci daban-daban a cikin tsari mai biyo baya. Da farko, zai yi bayanin ma'anar function ta amfani da kwatance na inji, sa'an nan kuma zai nuna dangantakar tsakanin masu canjin function din ta hanyar wani aiki da ke taimaka wa ɗalibai su canza daga wani tsarin wakilci zuwa wani. Wanne daga cikin ayyukan da ke biyo baya ne ya yi daidai da makasudin koyo kuma zai sauƙaƙa wannan canjin tsarin wakilci?",A zana hoton aiki a kan farfajiyar aiki ta siffar Cartesian,Wakilta wani aiki ta hanyar teburin ƙimomi,Gano nau'in biyu da ke cikin aiki (function),Amsa a lissafin baki magana da take wakiltar wani aiki,,,,B,Maths,Teaching strategies,Secondary,2020,
582,"Malama tana aiki a kan manufa mai zuwa tare da ɗaliban aji na 8: ""Fahimtar ƙa'idar haɗawa ta ninka"", kuma za ta tsara wani aiki don fara ajin nata. Wace ce a cikin waɗannan ayyukan farawa za ta ba ɗalibai damar su fitar da wannan ƙa'idar?",Yanke adadin haɗin-kai duka lokacin da aka yi jifa da tsabar kuɗi biyu,Ƙayyade yiwuwar wani lamari da ya shafi jefa tsabar kuɗi da dabba,"Ayyana sararin samfurin da aka samu lokacin da aka jefa tsabar kudi biyu, ta amfani da ma'aurata masu tsari","Tantance sararin samfuri da ake samu yayin jefa tsabar kudi da dara, ta amfani da zane mai siffar bishiya",,,,D,Maths,Teaching strategies,Secondary,2020,
583,"Wani malamin aji na biyar yana aiki da ɗalibansa kan motsa jiki da suka shafi ƙari na kaso da masu raba daban-daban kuma ya lura cewa ɗalibai da yawa suna yin kuskure kamar haka:

$2/3 + 1/2 = (2+1) /( 3+2) = 4/5 = 3/7$

Idan aka yi la’akari da yanayin da ke sama, wace dabara ce daga cikin waɗannan masu zuwa za ta ba wa ɗaliban damar fahimta tare da amfani da hanyar alama (symbolic method) daidai wajen haɗa kaso da masu raba daban-daban?","Samo duka lambobin a kan layin lambobi don tantance nisan su daga sifili, kuma, daga jimlar waɗannan nisa, samu matsayin sakamakon a kan layin. Sannan, gano juzu'in da ya dace kuma a warware aikin.","Danganta aikin da wani misali mai gaskiya domin nuna kuskuren. Sa'an nan, yi aiki a kan ci gabansa na alama ta hanyar ƙara girman kowane ɗayan masu haɗawa a cikin aikin don danganta shi da ra'ayin ɓangarori daidai kuma a warware shi da maƙasudi ɗaya gama gari","Kara bayyana hanyar haɗa juzu'i masu raba daban-daban, ta hanyar amfani da wasu misalai masu sabbin adadi, domin ɗalibai su fahimci tsarin ta hanyar aiki. Sannan, ka nemi su ci gaba da aikin","Gabatar da wata matsala mai ma'ana inda za a yi amfani da lambobin da ake haɗawa da ke cikin aikin, ta yadda ɗalibai za su fahimci tarawa daga haɗa-haɗar abubuwa a cikin yanayi na gaske. Sannan, a nemi su bayyana sakamakon ta hanyar lamba.",,,,B,Maths,Student understanding,Primary,2020,
584,"Malamin aji na 7 yana shirin wani darasi wanda zai yi magana kan manufar ""Haɗa kalmomi masu kama a cikin bayanan aljebra."" Waɗanne ilimi ne na baya ya kamata ɗalibai sun riga sun samu domin su iya cimma manufar darasin?",1) Yi ayyukan lissafi da lambobi cikakku da kuma lambobin rabo masu kyau. 2) Gano sassan wani juzu'i da kuma furuci na aljebra.,"1) Yi aiyuka tare da cikakkun lambobi da kuma lambobin rabo masu inganci.
2) Fassara furci daga harshen yau da kullum zuwa harshen lissafin Algebra, kuma akasin haka.","1) Gane sassan kalma da na bayanin aljebra.
2) Fassara bayanai daga harshe na yau da kullum zuwa harshen aljebra, da kuma juyawa.","1) Warware ayyuka tare da lambobi masu cikakken daraja da kuma lambobi masu ma'ana masu inganci. 2) Wakilta sauƙaƙan maganganun aljebra a zahiri, a hoto, da kuma a alama",,,,A,Maths,Student understanding,Secondary,2020,
585,"Malami zai yi aiki da ɗalibansa na aji na 7 a kan manufar koyo da ta shafi fahimtar da'ira a matsayin wuri na lissafi, da kuma ƙirga kewayenta da fadinta. Wane ne a cikin ilimin farko daga fannonin Lambobi da Algebra za a iya haɗa shi da ƙa'idojin lissafi mai siffa da za a yi aiki da su a wannan manufa?",Gabatarwa ga lambobi marasa hankali gami da darajar π,Rabon akasin dangantakar fadin wuri da diamita na da'ira,Ayyuka da lambobi masu digo don fahimtar ma'aunin raka'a,Dangantakar daidaiton kai tsaye tsakanin kewayen da diamita na da'ira,,,,D,Maths,Student understanding,Secondary,2020,
586,"Malami na Aji na 8 na Farko ya yi aiki tare da ɗalibansa a kan wakilci daban-daban da aikace-aikacen ayyukan layi da alaƙa, kuma a ƙarshen wannan sashe, za su gudanar da kimantawa ta taƙaitawa na waɗannan abubuwan koyo. A cikin kimantawar, malamin zai gabatar da matsala mai zuwa: A cikin kantin sayar da littattafai, Marta ta sayi goge goge 4 akan $3160, kuma kowane goge yana da farashi ɗaya. Idan ɗaya daga cikin alamomin kimantawa na wannan kayan aiki yana magance dangantaka tsakanin daidaituwar daidaito da aikin layi, wanne daga cikin jerin darasi masu zuwa zai samar da ingantacciyar shaida game da cimma wannan alamar?",1) Nemi bayanin da yake wakiltar kudin da za a biya idan an sayi goge-goge adadin n. 2) Wace irin alaƙar daidaito ce ke tsakanin canza-canzan farashi da adadin goge-gogen?,"1) Samar da teburin ƙimomi da ke nuna adadin kuɗin da za a biya don siyan goge-goge 2, 3, 4, 5, da 6, a jere, idan mahimman suke daidai gwargwado. 2) Wane irin aiki ne—na layi ko affine—ke haɗa mahimman na teburin da ya gabata?","1) Ƙayyade furci na algebra wanda ke wakiltar aikin da ke danganta adadin goge-goge da aka saya da kuɗin da aka biya domin su.
2) Wane abu ne na aikin algebra na baya wanda ya yi daidai da madaidaicin rabon da ke danganta masu canji biyu?","1) Ka wakilta a zane aikin da ke alaƙa tsakanin adadin robobin da aka saya da adadin kuɗin da aka biya a kansu.
2) Menene mazugin daidaito wanda ya danganta mabambantan farashi da yawan robobi?",,,,C,Maths,Assessment,Secondary,2020,
587,"Malamin aji na 8 yana aiki tare da ɗalibansa kan raba maganganun aljebra zuwa sassa (factoring algebraic expressions), ta hanyar wakiltar fannoni da harshen aljebra. Don tattara shaidar tsarin koyon ɗaliban, sun gudanar da kimantawa mai tasiri (formative assessment) akan wannan abun. A lura da martanin ɗaya daga cikinsu game da wani aiki na kimantawar:

Nemi kewayawa P da fanni A na murabba'i (square), wanda gefensa ya kai (x + 2) cm.

·

Ci gaba: P=4 (x+2)=4x+8

Ci gaba: A=(x+2)2=x2+4

Martani: Fannin shine (x2+4)cm2 kuma kewayawar shine (4x+8)cm.

Wanne daga cikin martanin da ke biyo baya daga malamin zai ba wa ɗalibin bayanai masu amfani don inganta aikinsa a cikin wannan tsarin koyo?","Duba aikinka, domin ɗaya daga cikin sakamakon biyu daidai ne, ɗayan kuma ba daidai ba ne. Ina ba da shawara ka yi amfani da dabarar murabba'in binomial don gyara shi","Ko da yake ka ƙidaya tsawon kewaye daidai, ka yi kuskure wajen lissafin fili, saboda ƙa'idar murabba'in binomial ita ce (a+b)² = a² + 2ab + b²","Kodayake ka ƙayyade ƙewayen daidai, ka yi kuskure wajen lissafo fadin. Faɗaɗa (x+2)² a matsayin (x+2) (x+2) don sake samun fadin.","Bincika aikinka, domin ɗaya daga cikin sakamako biyu daidai ne, ɗayan kuma ba daidai ba ne. Kara karanta shi kuma ka warware shi, a wannan karon, ka ba da hankali sosai ga kowane ɗaya daga cikin sharuɗɗan algebra.",,,,C,Maths,Assessment,Secondary,2020,
588,"Wani yaro a matakin manya na makarantar renon yara yana wasa a teburin aiki da katunan guda bakwai. Dukkan katunan an zana musu zuciya ja a kansu, amma launin jajinsu ya bambanta daga ja mai tsananin gaske zuwa mara tsanani. Yaron, bayan ya lura da waɗannan katunan, ya jera su daga katin da ke da zuciya ja mafi tsanani zuwa wanda ke da zuciya ja mafi sauƙi. Wace fasaha ce ke ƙarƙashin aikin da yaron ya nuna?",Shirya wani tsari,Tsara jeri,Raba cikin rukunai,Yi daidaitawa ɗaya-da-ɗaya,,,,A,Maths,Student understanding,Pre-primary,2021,
589,"Malami/Malamar aji na huɗu (Grade 4) wanda ya yi aiki tare da ɗalibansa a kan dangantakar da ke tsakanin nauyi (mass) da girma (volume) na abubuwa ya kawo ƙarshen darasin ta hanyar gabatar da ƙwallaye huɗu masu girman kamanni amma na kayan daban-daban: roba, yumbu, gilashi, da ƙarfe (steel). Sannan ya/ta tambaya: “Bisa ga abin da muka gani, menene dangantakar da ke tsakanin nauyi da girman waɗannan abubuwan?” Yawancin ɗalibai sun amsa cewa tunda dukkan ƙwallayen suna da girma ɗaya, suna da girman kama (volume) ɗaya, don haka nauyin (mass) ma ya zama ɗaya. Wanne daga cikin ayyukan da ke gaba ɗalibai za su iya yi a darasi na gaba don fahimtar dangantakar da ke tsakanin nauyi da girman abubuwa daidai?","Shigar da ɗaya daga cikin ƙwallayen a cikin ɗan kwalba da ruwa kuma a lura da ƙimar da aka samu. Sannan a yi haka da sauran ƙwallayen. A ƙarshe, a kwatanta sakamakon kuma a alaƙanta su da kayan kowanne ɗaya.","Auna ƙwallaye 4 a kan ma'auni na dijital kuma a lura da sakamakon. Sannan a kwatanta sakamakon kuma a gwada shi da abubuwan da aka yi ƙwallayen da su. A ƙarshe, a kammala game da dangantakar da ke tsakanin sakamakon da ƙarar ƙwallayen.","A nitsar da kwallayen ɗaya bayan ɗaya, a jere, a cikin kofi mara awo, kuma a yi alamar girman ruwan da kowacce kwallo ta tada da alkalami na alama a kan kofin. A ƙarshe, a kwatanta sakamakon kuma a alaƙanta su da nauyin kowacce kwallo.","Sanya ɗaya daga cikin ƙwallayen a cikin faranti ɗaya na ma'aunin sanda mai sanda (beam balance) sauran 3 kuma a cikin ɗayan farantin kuma rubuta abin da ya faru. Sannan, sanya ƙwallaye 2 a faranti ɗaya sauran 2 a cikin ɗayan, kuma rubuta sakamakon, da sauransu. A ƙarshe, kwatanta abin da aka rubuta kowane lokaci da kayan (material) kowace ƙwallo kuma ka danganta shi da nauyin (mass) kowanne ɗaya.",,,,B,Maths,Student understanding,Primary,2021,
590,"Don Manufar Koyarwa ta Ajin Farko: ""Kwatanta da tsara lambobi daga 0 zuwa 20 daga ƙarami zuwa babba da/ko akasin haka, ta amfani da kayan zahiri da/ko manhajar koyarwa"", wace daga cikin manufofin da ke ƙasa ce ta dace da manufar koyarwa ta baya?",Kiyasta adadi har zuwa 20,Karanta kuma wakilci lambobi har zuwa 20,Ƙirƙira da warware lambobi har zuwa 20,Haɓaka dabarun ƙididdiga a zuciya har zuwa,,,,B,Maths,Teaching strategies,Primary,2021,
591,"Malami mai koyarwa a aji uku yana aiki kan sifofin adadi masu girma uku (3D figures) tare da ɗalibansa, kuma ya tsara wani aiki don taimaka musu su fahimci ma'anonin fuskoki (faces), gurɓaɓɓi (vertices), da gefuna (edges). Bayan ya bayyana abin da kowane ɗayan sabbin ma'anonin ya ƙunsa, sai ya gabatar da waɗannan adadin 3D: [Hotunan wani dala (pyramid), wani tsani (prism), da wani kwalliya (cube)] Malamin ya tambaye su: “Wanne daga cikin waɗannan miƙaƙƙen siffofi na jiki (geometric solids) ke da gurɓaɓɓi 6 gaba ɗaya?”, inda wasu ɗalibai suka amsa: “Kwalliyar (cube)”. Wanne daga cikin ayyukan da ke gaba zai taimaka wa ɗaliban su fahimci sabbin ma'anonin da kyau?",Kammala hotunan 3D da abubuwa na ainihi,Gina siffofi masu-girma uku daban-daban daga ragarsu,Gano siffofi masu faɗi biyu (2D) da kuma abin da suke daidai da shi a siffofi masu faɗi uku (3D),Bambanta abubuwan da ke tattare da siffofi daban-daban na 3D da aka yi da siminti (ko: kankare),,,,D,Maths,Student understanding,Primary,2021,
592,"Wata malamar makarantar renon yara a matakin Aji na Rengo na Ƙarami tana tsara ƙwarewar koyo don aiki tare a kan manufofi masu zuwa:

- Babban Jigon Tunanin Lissafi: “Don samun fahimtar dorewar abubuwa da kuma muhimman mutane, ta hanyar wasanni da abubuwan yau da kullun daban-daban.”

- Babban Jigon Jiki da Motsi: “Don daidaita motsin sarrafawa ta hanyar sanya abubuwa dangane da jikinsu, kamar kusanto da ƙananan abubuwa ta amfani da yatsan hannu da babban yatsa a haɗe.”

Wacece daga cikin waɗannan ƙwarewar koyo ce za ta ba mai koyarwa damar cimma manufofin da aka bayyana?","Boye abubuwa masu halaye daban-daban a cikin ɗakin, kuma ka gayyaci yaran su bincika sararin don gano abubuwan da ke ɓoye","Ku ba da kwanduna cike da abubuwa na yau da kullum da waɗansu kwanduna fanko, kuma ku ƙarfafa yaran su motsa abubuwan kuma su musanya su","Bazu kwantena da abubuwa masu halaye dabam-dabam cikin ɗakin, sa'annan a gayyaci yara su yi mu'amala da su, su haɗa su, kuma su rarraba su ta rukuni",Ku bayar da akwatina rufe da ramuka da ƙananan abubuwa waɗanda yara za su iya sakawa da cirewa da hannu,,,,D,Maths,Teaching strategies,Pre-primary,2023,
593,"A farkon zangon karatu na farko, kungiyar malamai ta matakin Manyan Yara (Senior Kindergarten) a wata makarantar renon yara, suna zabar kayan koyarwa don aiki da yaran bisa ga wannan manufa ta koyo: ""A hankali a wakilci lambobi da adadi ta fuskoki biyu: na zahiri (concrete) da kuma na hoto (pictorial)."" Wane ne daga cikin kayan koyarwa masu zuwa ya dace da manufar wannan kungiya ta malamai?",Akwatuna da maɓallai: akwatunan filastik da maɓallai masu launuka da girma dabam-dabam,"Lambar takardar yashi: katinan kwali masu girman santimita 15 x 15, tare da lambobi daga 0 zuwa 9 a cikin takardar yashi",Takardun aikin lambobi: Jagororin da aka rufe da leda masu ɗauke da atisaye kan lambobi daga 1 zuwa 10. Takarda mai girman 'Letter',"Shimfiɗa ta kumfa mai lambobi, da lambobi daga 1 zuwa 9, mai rarrabuwa. Kowane murabba'i kimanin 30 x 30 cm",,,,A,Maths,Teaching strategies,Pre-primary,2023,
594,"Malamin matakin renon yara zai gudanar da tantancewa ta farko ga jarirai dangane da manufar koyo mai zuwa: ""Binciko halayen abubuwa ta hanyar amfani da hankalinsu da motsinsu,"" a cikin babban jigon Tunani na Lissafi. Wace dabara ta tantancewa daga cikin masu zuwa ce ta dace da malamin don gano matakin cimma wannan manufar koyo?","A lokacin shiyya, zaɓi ka kuma samar wa yara kayayyaki masu nau'o'in laushi, kauri, da girma dabam-dabam","Lokacin gaisuwa, nuna kuma bayyanawa yara hotunan abubuwa daban-daban bisa ga sifofi: launuka, da girma","A lokacin sauyi, nuna wa yaran rukunonin abubuwa daban-daban waɗanda ke da sifofi iri ɗaya kamar launi da siffa","Yayin lokacin ayyuka daban-daban, ku ƙarfafa yara su gano abubuwa daban-daban ta hanyar sauraron bayanin siffofinsu: kamarsu da kuma amfaninsu.",,,,A,Maths,Assessment,Pre-primary,2023,
595,"Malamar aji na 3 ta tantance ɗalibanta don ganin ko sun koyi gane da kuma bayyana ƙa'idoji/tsaruka a cikin jadawalin lamba 100. Daga cikin ayyukan da aka ba a cikin tantancewar, ta gabatar da jadawalin da ke ƙasa kuma ta tambayi menene tsarin jerin da lambobin da aka haskaka suka samar. Wani ɗalibi ya amsa cewa tsarin shine a ƙara 1. (Jadawalin da ke da lambobi daga 1 zuwa 100) Wanne daga cikin kalamai masu zuwa daga malamar ne zai jagoranci wannan ɗalibin zuwa ga cimma burin?","Ku tuna cewa muna aiki kan siffofi da jerawa. Ina ba da shawara ku rina ɗaya daga cikin layukan da ke cikin taswirar da launi ɗaya, kuma ɗaya daga cikin ginshiƙan da wani launi. Ku dubi lambobin da ke cikin kowane layi da kowane ginshiƙi. Wadanne lambobi ne suke canjawa a cikin layin? Wadanne lambobi ne suke canjawa a cikin ginshiƙin? Ina gayyatar ku da ku ƙirƙiri sabon taswira tare da siffofin da kuka lura da su.","Ku tuna cewa muna aiki ne kan fasali da jerin lambobi. A cikin ginshiƙin da aka gabatar, a ina za ku iya lura da jerin lambobi da ke bin fasalin da kuka nuna a amsar ku? Ina ba da shawarar ku zagaye shi da launi. Yanzu, menene zai faru idan muka yi amfani da fasalin ƙara 17 ga jerin lambobin da ake magana a kai? Ina gayyatar ku da ku nemo waɗannan jerin lambobin a cikin ginshiƙin",Ku tuna cewa muna aiki ne a kan tsari da jerin abubuwa. Ina ba ku shawarar ku kewaye da wani launi dukkan lambobin da ke cikin jerin abubuwan da ake magana a kai. Menene bambanci tsakanin lamba ta farko da ta biyu? Kuma tsakanin ta biyu da ta uku? Shin zai kasance iri ɗaya idan kun lissafa shi ga dukkan lambobin da kuka kewaye? Mene ne zai zama tsarin jerin abubuwan da kuka yi wa alama? Ku gwada wannan tsarin da wanda kuka bayar a baya,"Ku tuna cewa muna aiki a kan tsare-tsare da jerorori. Ku lura cewa a cikin teburin da aka gabatar akwai jerorori fiye da wanda aka haskaka. Waɗanne sauran jerorori kuka gano? Ina ba da shawarar ku yi alama da launuka daban-daban ga jerororin da kuka samu a kwance, a tsaye, da kuma a kaikaice. Wane tsari ne kowannensu yake bi? Yaya suke kama da juna kuma yaya suke bambanta? Me muke kiran irin waɗannan tsare-tsare?",,,,C,Maths,Student understanding,Primary,2023,
596,"Malami yana shirya ajujuwa inda za a koyar da manufa mai zuwa: ""Fahimta da kuma amfani da halaye da siffofin da suka shafi da'ira."" Tun da ɗaliban suna farkon matakin koyon wannan manufa, malamin ya yanke shawarar farawa da aji inda za su yi kiyasin darajar π (pi) kawai. Wace daga cikin ayyukan da ɗaliban za su gudanar za ta ba su damar magance manufar, la'akari da manufar koyarwa da aka bayyana?",Suna neman bayanai kan lambar π da dangantakarta da da'irori da kuma kewayensu,Suna warware matsaloli na farko da suka shafi lissafin kewayen da kuma fadin da'ira,"Suna lissafin kewayen da faɗin da'irori masu ma'aunin radius daban-daban, ta amfani da kusanto ma'aunin lambar π","Suna auna kewaye na da'irori masu bambancin radius, kuma suna tantance dangantaka tsakanin kewaye da radius ɗin da ya dace",,,,D,Maths,Teaching strategies,Secondary,2023,
597,"Wata malamar aji na 6 tana shirin wani darasi wanda za a yi aiki a kan manufar koyo mai zuwa: “Don hasashen yanayin sakamakon da aka samu daga maimaita gwaji iri ɗaya da aka yi da dīs, tsabar kuɗi, ko wasu, da hannu da/ko ta amfani da manhajar ilimi.” Don haka, za a raba ajin zuwa ƙungiyoyi na membobi 3 kuma za su gudanar da aiki ta amfani da dīs. Idan aka yi la’akari da cewa ɗalibai suna cikin matakin farko na koyon wannan abun ciki, wanne daga cikin waɗannan ayyukan ne zai bada damar magance manufar da aka gabatar?",Kowace ƙungiya ta mirgina 'yar caca sau 12 kuma ta rubuta maki da aka samu a kowace jefa. Sai ɗaliban su fitar da ƙarshe game da yanayin waɗannan sakamakon kuma su raba su da sauran ajin.,"Kowace ƙungiya ta jefa daba sau ɗari da ashirin kuma su rubuta makin da suka samu a kowane jifa. Bayan haka, ɗalibai su fitar da ƙammalawa game da yanayin waɗannan sakamakon kuma su raba su da sauran ajin.","Kowace ƙungiya ta jefa kantu biyu a lokaci guda kuma su rubuta jimlar maki da suka samu, suna gudanar da wannan gwajin sau 24. Sannan, ɗalibai su fitar da ƙarshe dangane da yanayin tafiyar waɗannan sakamakon kuma su raba su da sauran ajin.","Kowace rukuni su mirgina diis biyu a lokaci ɗaya kuma su rubuta jimlar maki da aka samu, suna gudanar da wannan gwaji sau ɗari da ashirin. Sa'an nan, ɗalibai su fitar da ƙarshe game da yanayin waɗannan sakamakon kuma su raba su da sauran ajin.",,,,B,Maths,Teaching strategies,"Primary, Secondary",2023,
598,"Malami ce ta aji na shida tana aiki tare da ɗalibai kan wasu atisaye game da ma'auni (ratios). A ajujuwa na baya, ta yi aiki da su kan hanyoyi daban-daban na nuna su. A lokacin ajin, ta lura cewa ko da yake yawancin ɗalibai suna amfani da dacewar ma'auni a cikin atisayen lissafi, ba su fahimci bambanci tsakanin $a : b$ da $a : (b : a)$, kamar tsakanin $1 : 2$ da $2 : 1$ ba, misali. Ta yaya malamin zai iya bayyana bambancin tsakanin ma'aunai biyun domin ɗalibai su kawar da ruɗaninsu kuma su maimaita abin da suka koya a atisayen gaba?",Bayyana duka ma'a'unin a matsayin surori,Wakiltar kowace rabon ta amfani da grid-grid,Sanya kimar rabon rabon a kan layin adadi,Amfani da misali na zahiri don bayyana yadda ake amfani da rabo biyu/kowane ɗaya na rabon biyu,,,,D,Maths,Teaching strategies,"Primary, Secondary",2023,
599,"Malami tana aiki tare da ɗalibai kan ninka tsakanin ingantattun lambobi masu ma'ana. Don yin hakan, ta shirya wani darasi wanda za a magance samfurin tsakanin lamba ta halitta da ingantaccen juzu'i. Dangane da kwarewarta, ɗaya daga cikin kurakuran da ɗalibai ke yi akai-akai game da wannan abun shine rikitar da samfurin lambar halitta da juzu'i da kuma haɓaka shi. Misali, za su warware aikin kamar 10 . 3/4 kamar 10 . 3/10 . 4. Saboda haka, malamar ta yanke shawarar fara darasin ta hanyar magance wannan rikitarwa. Wanne daga cikin ayyukan da malamar ta ɗauka a ƙasa ne zai baiwa ɗalibai damar fahimtar banbancin dake tsakanin hanyoyin guda biyu?","Nuna a zane kaso uku bisa hudu sau goma sannan kaso talatin bisa arba'in, kana kwatanta waɗannan zane-zane domin gano ko sun yi daidai ne ko a'a","Ka yi ƙirar wata matsala mai sauƙi da malami ya gabatar ta amfani da aikin lissafi na $10 \cdot 3/4$ da wata ta amfani da aikin lissafi na $10 \cdot 3/10 \cdot 4$, ta hanyar warware duka biyun da kwatanta sakamakonsu","Bayyana dalilin da ya sa haɓaka kaso ba daidai yake da ninkawa tsakanin adadin asali da kaso ba, kana kawo misalai daban-daban waɗanda ke nuna wannan bambanci",Canza samfurin lamba ta halitta da kasafi zuwa kasafi wanda,,,,A,Maths,Teaching strategies,"Primary, Secondary",2023,
600,"Malami yana tsara darussan sashen Geometry; musamman ma, darasin wanda manufarsa ita ce: ""A yi amfani da Ka'idar Pythagoras wajen gano tsawon gefuna da ba a sani ba na alwatika masu kusurwa daidai, tare da bayyana matakan da aka bi."" Wane ilimin farko ne dole ɗalibai su mallaka don su cimma wannan manufa cikin nasara?","1) Nemo fadin uku-kusurwa.
2) Nemo fadin murabba'i.
3) Warware ma'aunin layi.","1) Nemo tushen murabba'i na lambobin halitta.
2) Nemo fadin alwatiku.
3) Nemo fadin murabba'ai.","1) Neman tushen murabba'i na lambobi na asali.
2) Neman faɗin murabba'ai.
3) Warware ma'aunin layi.","1) Nemi tushen murabba'i na lambobi na halitta.
2) Nemi faɗin wuri na alwatika.
3) Warware ma'aunin layi.",,,,C,Maths,Student understanding,Secondary,2023,
601,"Malami ya yi aiki tare da ɗalibai a cikin aji a kan maƙasudin: ""Fahimtar manufar bambancin kashi."" Wane ne daga cikin waɗannan alamomin ya kamata malamin ya yi la'akari da shi lokacin da yake tantance abin da aka yi aiki a kai, kamar yadda yake bayyana cewa ana cimma maƙasudin?",Gane ƙaruwar ko raguwar kashi a cikin yanayi na mahallin kuma rubuta su a alamance,Ka warware matsaloli masu dangane da lissafin yawan kari ko raguwar kaso (percentage) a yanayi na gaske,Kwatanta ƙaruwar ko raguwar kaso a cikin yanayi na gaskiya don jagorantar yanke shawara,Gane bayanan da ke ba da damar warware matsalolin da suka shafi lissafin ƙaruwa ko raguwa bisa kashi ɗari,,,,A,Maths,Assessment,Secondary,2023,
602,"Malami a aji na 6 yana shirin darasi a kan ginshiƙin maudu'in MA'AUNI. A darasin da ya gabata, ya yi aiki kan ra'ayin fadin wajen jikin siffofi na lissafi, kuma a wannan darasin zai fara aiki kan manufar koyo mai zuwa: ""Lissafa fadin wajen siffar kubu, kana bayyana sakamakon a cikin cm² da m²."" A farkon darasin, zai tunatar da su dabarar fadin wajen murabba'i, ta yadda, da wannan bayanin, za su iya samar da jagorar aikin rukuni wanda ya dace da manufar da aka bayyana. Idan aka yi la'akari da wannan manufar ilimi, wanne ne daga cikin jerin ayyukan masu zuwa ya fi dacewa ga wannan jagorar aiki?","Suna bincika ma'aunin yanki na kubu a intanet sannan su bayyana abubuwan da ke cikinsa. 2) Suna warware matsalolin da suka shafi yankunan kubu, suna ba da amsoshinsu a cm² ko m², gwargwadon dacewa. 3) Suna canza ma'aunin yanki daga cm² zuwa m², kuma akasin haka.","1) Suna gano abubuwa masu siffar kubi a cikin aji kuma su zana zanen buɗewarsu.
2) Suna lissafa faɗin wuri na waɗannan abubuwan ta amfani da dabarar da malami ya ba su.
3) Suna warware motsa jiki da ya shafi faɗin wuri na kubi, suna ba da amsoshinsu a cikin cm² ko m², kamar yadda ya dace.","Suna tattauna jerin ka’idodin lissafi da malamin ya bayar don gane wacece ta dace da fadin fuskokin jiki mai siffar kubu.
Suna gano abubuwa masu siffar kubu a cikin ajin kuma suna lissafin fadin fuskokinsu.
Suna canza ma’aunin fadi daga cm² zuwa m², da akasin haka.","Suna gano dabarar fadin murabba'in sarari (cube) ta hanyar buɗe shimfidarsa. 2) Suna gano abubuwa masu siffar murabba'in sarari a cikin aji kuma su auna fadin su. 3) Suna warware matsaloli game da fadin murabba'in sarari, suna ba da amsoshin su a cikin cm² ko m², kamar yadda ya dace.",,,,A,Maths,Teaching strategies,Secondary,2021,
603,"Wani malami yana aiki da aji na biyar wanda manufar koyonsu ita ce kamar haka: “Auna tsawon abubuwa da ma'aunan da aka daidaita sannan a gano ka’idojin sauyawa tsakanin waɗannan rukunonin ma’aunai.” Domin cimma wannan, ya raba ɗaliban zuwa ƙungiyoyi kuma ya umarce su da su gudanar da aikin nan kamar haka: 1) Su yi amfani da ma’aunin zane wanda ke nuna mita da santimita duka, don auna tsawon abubuwa daban-daban a cikin ajin. 2) Su rubuta ma’aunan waɗannan abubuwa a cikin rukunonin ma’auni guda biyu. 3) Su tsara wata ƙa’ida don canza santimita zuwa mita. Sashe na farko da na biyu na aikin sun tafi daidai. Amma, a sashe na uku, wasu ƙungiyoyi sun kammala da cewa don canza ma’auni daga santimita zuwa mita, wajibi ne a ninka da 100, tunda mita ɗaya yana da santimita 100. Idan aka yi la’akari da kammalawar ɗaliban, wane shisshigin malami ne zai fi dacewa don jagorantar su a cikin koyonsu?","Ku ce su sake fasalta wata doka don canza daga santimita zuwa mita, suna bitar rubuce-rubucen ma'aunan su kuma suna gudanar da hanyoyinsu a hankali sosai","Ka nuna cewa dokar da aka samu tana mayar da ma'auni daga mita zuwa santimita, ba daga santimita zuwa mita ba. Sa'an nan, ka roƙe su su gyara amsar su ta hanyar rubuta aiki na akasi ga wanda aka samu a baya.","Ka ce musu su yi amfani da ƙa’idar da aka tsara don su canza tsawon santimita na abubuwan da aka auna zuwa mita, kuma su kwatanta wannan sakamakon da rikodin su na baya, su daidaita ƙa'idar bisa ga abin da suka lura.","Nuna cewa ƙarshensu kuskure ne, saboda don juyar da ma'auni daga santimita zuwa mita, dole ne a raba shi da",,,,C,Maths,Student understanding,Primary,2021,
604,"Malamar aji na takwas tana aiki tare da ɗalibanta kan darasin Aljebra, kuma a cikin darusanta masu zuwa, za ta yi magana kan manufar “Don nuna rashin daidaito ta zahiri, hoto, ko ta alamomi.” Don cimma wannan, aikin farko zai mai da hankali kan kunna ilimin da ya gabata don haɓaka wannan manufa. Wane ilimin da ya gabata malamar dole ne ta kunna a aikin farko?","1) Juyawa daga Harshe na Yau da Kullum zuwa Harshen Algebra.
2) Taƙaita Kalmomi Masu Kama da Juna.",1) Ainihin ayyukan kirga da lambobi. 2) Warware daidaitattun lissafi ta hanyar amfani da hanyoyi daban-daban na nuna su,"Fahimtar ma’anar alamomin >, <, ≥, da ≤. 2) Fassara rashin daidaito ta amfani da ma’auni mara daidaituwa","1) Wakilcin zane na rashin daidaito.
2) Fassarar mafitocin rashin daidaito",,,,C,Maths,Student understanding,Secondary,2021,
605,"A Aji na 5, malamin yana ƙirƙirar wannan manufar koyo mai zuwa: Gano wata ƙa'ida da ke bayyana jere da aka bayar kuma take bada damar yin hasashe. Wane ne daga cikin ma'aunai na tantancewa masu zuwa zai tabbatar an cimma manufar da ta gabata?",Suna gina hasashe a kan wani tsari da aka bayar,Suna bayyana sharuɗɗan jerin abubuwa don nemo tsari a tsakaninsu,Suna gina jeri bisa ga wani tsari da aka bayar kuma suna tabbatar da ingancin ginin,Suna miƙa jerin kuma su bayyana yadda ake samun adadi daga wanda ya gabata,,,,D,Maths,Assessment,Primary,2021,
606,"Malamar aji na shida tana aiki da ɗalibanta kan warware lissafin mataki na farko da mai canji ɗaya, ta amfani da dabaru daban-daban. Yayin wani darasi, malamar ta yi bayani kan dabarar rarrabawa da dangantakar ɗaya-da-ɗaya tsakanin rukununan da ke kowane gefen lissafin. Wane ɗayan ayyukan da ke biyo baya ne ke nuna cewa ɗaliban sun koyi amfani da wannan dabarar wajen warware lissafi?","1) Wakilta ma'aunin 14 = 6 + x a zahiri; misali, ta hanyar amfani da ma'auni wanda bai daidaita ba, da kubus 14 a gefe ɗaya da 6 a ɗayan.
2) Gano adadin kubus ɗin da zai daidaita wannan ma'aunin na baya.
3) Bayyana maganin a yaren lissafin algebra: x = 8","1) Fassara lissafin 14 = 6 + x zuwa harshe na yau da kullum, ta amfani da jumloli kamar: ""Wane lamba ne idan aka haɗa shi da 6 zai kawo 14?""
2) Nemi lambar ta hanyar amfani da dabarar 6 + 8 = 6 + x.
3) Bayyana amsar a cikin harshen algebra: x = 8","1) A samar da matsalar ""Wace lamba ce idan aka haɗa ta da 6 sakamakon zai zama 14?"" ta hanyar amfani da lissafi 14 = 6 + x?
2) A warware lissafin da aka gabatar, har a samu x = 8.
3) A amsa matsalar.","1) Yi kwatanci ga matsalar ""Idan aka ba ni fensir 6 kuma yanzu ina da 14, fensir nawa ne na fara da su?"" ta hanyar amfani da lissafin 14 = 6 + x.
2) Warware lissafin da aka gabatar, har a samu x = 8.
3) Amsa matsalar",,,,B,Maths,Assessment,Secondary,2021,
607,Wata malama a aji na biyu na makarantar sakandire tana shirin darussan da za ta yi bayani a kan manufar “Jera lambobi marasa ma'ana da kuma nuna su a kan layin lambobi.” Wace jerin ayyuka ce a cikin waɗannan ta dace ga ɗalibai su yi a aji don cimma wannan manufa?,"1) Gano matsaloli a fannin lissafi waɗanda ba su da mafita a lambobi masu ma'ana.
2) Nemi tushen murabba'in lambobi firam, sannan ka nazarta ƙimar da aka samu.
3) Kusanta tushen da suka gabata har zuwa kashi dubu, ta hanyar raguwa da ta hanyar ƙari.","1) Lissafa tushen murabba'i na lambobin firam, a kimanin, ta hanyar amfani da kalkuleta.
2) Sanya tushen da suka gabata a kan layin lambobi, la'akari da darajarsu ta kimanin.
3) Sanya tushen da suka gabata a kan layin lambobi, ta amfani da rula da jigwada.","1) Gina murabba'i mai gefen 1 cm kuma ka nuna layin miƙa-kafi (diagonal) ɗinsa.
2) Gina sabon murabba'i a kan layin miƙa-kafi (diagonal) na murabba'in da ya gabata.
3) Ka gabatar da dabarun tantance yankin sabon murabba'in kuma ka gano darajarsa a kan layin lambobi.","1) Nemi Akarin murabba'in lambobin firam ta amfani da algoritam, kana mai kiyasin ƙimar sa.
2) Bincika alaƙar rashin daidaito tsakanin akarorin da suka gabata, la'akari da cewa aikin Akarin murabba'i yana ƙaruwa.
3) Sanya akarorin da suka gabata a kan Layin lambobi, ta amfani da shirin sifofi.",,,,B,Maths,Teaching strategies,Secondary,2023,
608,"Ɗaya daga cikin manufofin koyo na tsarin karatu na shekara ta 1 na sakandare shine kamar haka: Don haɓaka ƙa'idodin yiwuwa, ƙa'idar tarawa, ƙa'idar ninkawa, da haɗin gwiwar duka biyun, a cikin tsari na zahiri, hoto, da kuma alama, da hannu da/ko da manhajar ilimi, a cikin yanayin warware matsaloli. Wace daga cikin dabarun da malami ya tsara za ta sa ɗalibai su fahimci abin da aka yi magana a kai a cikin wannan manufar?",Kawo matsalolin da suka shafi lissafin yiwuwa,Bada ma'anar tarayya da mahadar saiti,Bayyana yadda ake samo fọmaloli ta amfani da zane-zanen bishiya,Rarraba lokutan da ake amfani da kowace dabara ko doka,,,,C,Maths,Teaching strategies,Secondary,2023,
609,"Wani malami na sakandire na shekara ta biyu yana shirin wani darasi inda zai fara cimma manufar: “Kirkira da bayar da hasashe kan dabarar girman kubba.” Wace harka ce da ɗaliban za su gudanar za ta ba su damar yin aiki a kan manufar darasin, idan an yi la’akari da cewa sun mallaki ilimin farko da ake tsammani don matsayinsu a cikin fannin?","Motsa yashi daga kwallon zuwa silinda da ke kewaye da ita, kuma bayyana rabon girmansu","Yi amfani da ƙa'idar Cavalieri a kan mazugi, silinda, da kwallo masu tsayi ɗaya, kuma ka danganta tsarin lissafin kundinsu",A riƙa juya siffofin da ke wakiltar rabin da'ira a kai a kai ta hanyar ma'ajin juyawa kuma a tantance ma’aunin girman ƙwallon,Lissafa bambancin darajar fadin (area) mazubi mai kaifi (cone) da silinda da suke da radiyo (radius) iri ɗaya kuma a ƙaddara alakar sa da juz'in (volume) kwayar sarari (sphere),,,,A,Maths,Teaching strategies,Secondary,2023,
610,"Wata malama a ajin shekara ta uku tana aiki tare da ɗalibai a kan aikin exponential function, kuma a cikin aji na gaba za ta yi aiki a kan aikin logarithmic function. Domin yin haka, za ta gudanar da wani aiki na jagoranci wanda, farawa daga furucin algebraic f(x) = log10(x), za su lissafa wasu ƙimar x tare da kimarsu a cikin wannan aikin kuma za su zana taswirarsa, suna tantance yankinsa (domain) da iyakarsa (range) ta hanyar binciken algebraic. Saboda wannan dalili, malamar ta yanke shawarar cike gurbin binciken algebraic ta amfani da wata dabarar salo na koyarwa. Idan aka yi la'akari da wannan manufa ta koyarwa, wace ce daga cikin dabarun da malamar ta gudanar ke haɓaka fahimtar yankin (domain) da iyakokin (range) ayyukan logarithmic functions?","Bada yanayi masu kama da ayyukan logarithmic da aka bayyana ta hanyar lissafi, tare da fassara yankinsu da kewayarsu dangane da mahallin da aka bayar.","Ku nuna hotunan zane na ayyukan logaritmic daban-daban, kowannensu tare da nasa aikin awo (exponential) na juyawa (inverse), tare da tantance yankin (domain) da tasirin (range) na farko, bisa ga na biyun.","Bayyana babban lissafin aljabra na ayyuka daban-daban na logaritm, inda za a nemi ɗalibai su sami yankinsu da kewayarsu, waɗanda aka bayyana a cikin rubutun lissafi","A nuna zanen ma'amalolin logaritm daban-daban, kowanne tare da bayanin aljebra nasa, ana nazartar bambance-bambance da kamance-kamance da aka lura da su a cikin yankin shigarwar su da yankin fitarwar su.",,,,D,Maths,Teaching strategies,Secondary,2023,
611,"Malami a aji na shekara ta biyu zai yi aiki a kan manufa mai zuwa: “Nazarin yanayin hoton zane na *function* mai *quadratic* na sigar f(x) = ax² + bx + c, inda a ≠ 0, lokacin da ma'aunan sa a, b, da c suka canza,” yana haɗa shi da jaddadawar manhajar karatu a kan amfani da ICT (Fasahar Sadarwa da Watsa Labarai). Wane daga cikin ayyukan da ɗalibai za su gudanar zai ba da damar magance manufar ajin, la'akari da jaddadawar manhajar da aka nuna?","Kimanta masu canji na aikin quadratic, ana nazarin canje-canjensu ta hanyar takardar lissafi",Ƙirƙiri wani gabatarwa na dijital da ke nuna parabolas daban-daban a cikin wakilcinsu na lissafi da kuma dangantakarsu ta algebra,"Yi amfani da manhajar lissafin siffofi (geometric software) don wakilta, ta hanyar surkulle (parabolas), sauye-sauyen alƙaluma (coefficients) na wani aiki mai murabba'i (quadratic function)",Nemo ma'aunan wani aikin murabba'i kuma ka zana shi a cikin software na jannati don tabbatar da kasancewar waɗannan ma'aunan,,,,C,Maths,Teaching strategies,Secondary,2023,
612,"Wani malami a ajin sakandare na biyu zai fara aiki tare da ɗalibai kan darasin ""akasin aiki."" Don tsara darasinsa, zai zaɓi wani kayan koyarwa domin ɗalibai su sami fahimtar darasin. Bisa la’akari da cewa a aji na 8 ɗaliban sun koyi game da ayyukan affine, a aji na ɗaya kuma sun wakilci alaƙar layi a cikin masu canji biyu, kuma a wannan matakin sun riga sun yi aiki a kan manufofi masu alaƙa da aiki mai murabba’i (quadratic function), wanne a cikin kayan koyarwa masu zuwa ne ya fi dacewa da ajinsu?","Hoton kibiya na aikin \( f(x) = \sqrt{x+3} \) tare da ƙimarori daban-daban, domin ɗalibai su tantance asalinsu a kowace fitarwa, kuma daga nan za su iya gina ma'anar aikin juyawa","Taswirar Kwance-Tsaye da Aikin Kwadiratik, yana bayyana ko'odinatin wasu maki da ke kan aikin, don ɗalibai su fahimci manufar Aikin Sabani bisa tabbatarwa ta Aljebra","Jirgin Cartesian tare da aikin layi wanda za a iya bayyana halayen shigarwa ɗaya-ɗaya da na cikawa daga gare shi, waɗanda su ne muhimman ma'anoni don fahimta da amfani da aikin juyawa, bisa ga tabbacin zanen su a cikin jirgin","Zana mai kibiya na aikin Affine inda hotuna ke da alaƙa da kowane asalin hoto, domin dalibai su danganta aikin da aka bayar ta fahimta da aikin da ke haɗa waɗannan ƙimar a juyawa, su tsara zato, kuma su sanya su a hukumance tare.",,,,D,Maths,Teaching strategies,Secondary,2023,
613,"A aji na biyu na sakandare, malami ya gano cewa lokacin amfani da ka'idojin logarithms, wasu ɗalibai suna kirkiro misalai suna bayar da daidaito kamar haka: \( \log(a + b) = \log(a) + \log(b) \). Wace dabara ta malami ce daga cikin masu biyowa kai tsaye za ta taimaka wa ɗalibai su gano kuskurensu?",Kawo wasu misalai na lambobi masu saba wa juna,Karfafa yin aiki da logaritmai,Yi nazarin halaye da ma'anoni na logaritim (logarithms),Bayyana logaritmus a cikin tsari na iko,,,,A,Maths,Student understanding,Secondary,2023,
614,"Malamar sakandare a shekarar karatu ta uku tana shirin tsarawa ajujuwa inda za ta gabatar da manufa mai zuwa: “Warware matsalolin lissafin sararin samaniya na Euclidean da ke tattare da alaƙar ma'auni tsakanin igiyoyi, mai yanke, da mai taɓa da'ira.” Wane ne daga cikin abubuwan da ke gaba dole ne ɗalibai su riga sun ƙware don cimma wannan manufa?",Kamusancin alwatika,Daidaiton siffofi masu kusurwa uku,Bangaren da yankin da'ira,Wurin da da kuma kewayen da'ira,,,,A,Maths,Student understanding,Secondary,2023,
615,"A cikin aji na shekara ta 3, malamin sakandire yana aiki a kan manufa mai zuwa: ""Gane lambobi masu sarkakiya a matsayin fadada filin lambobin hakika."" A ɗaya daga cikin atisayen, ɗalibi ya gabatar da hanyar aiki mai zuwa: 1 = √-1 - √-1 - √-1 - √-1 - i = i² = -1. Mafi yawan ɗalibai ba su gano matsalar dabaru a cikin hanyar aikin ba. La'akari da wannan shaida, wane abun koyarwa ne ɗaliban suka fahimci kuskure, wanda ya kawo cikas ga cimma manufar da aka bayyana?",Fassarar ma'anar √-1,Amfani da siffofin tushe da ƙarfi,Bambanci tsakanin lambobi masu rikitarwa da suke na ainihi (reals) da waɗanda ba haka ba,Fahimtar iyakokin halayen tushe (roots) a lambobi masu rikitarwa (complex numbers),,,,D,Maths,Student understanding,Secondary,2023,
616,Ɗaya daga cikin manufofin koyo na tsarin karatu na sakandare na Ajin Biyu shine baiwa ɗalibai damar yin lissafi masu haɗa da ayyuka kan ainihin lambobi. Wanne daga cikin waɗannan alamomin tantancewa ne kai tsaye yake nuna cikar wannan manufa?,Suna banbanta tsakanin lambobi masu hankali da marasa hankali,Suna aiki da lambobi masu ma'ana da marasa ma'ana,Suna warware matsaloli da suka shafi tushe (roots) a fannoni daban-daban,Suna gane lambobi waɗanda ci gabansu na goma shine mara iyaka kuma basu da lokaci,,,,B,Maths,Assessment,Secondary,2023,
617,"Wani Malami a aji na biyu na makarantar sakandare ya yi aiki da ɗalibai a kan wannan manufa: ""Ƙayyade aikin jujjuyawa na aikin layi,"" kuma zai gudanar da kimantawa ta ƙarshe don tabbatar da koyon su game da abin da aka koyar. Wanne ne daga cikin waɗannan alamomin kimantawa ke nuna kai tsaye nasarar cimma wannan manufa?",Suna ƙirƙiro teburan ƙima don juyaicin aikin layin lamba (linear function),Suna lissafin lissafin da ke da alaƙa da juyawar aikin layi,Suna tantance yankin ma'ana da yankin sakamako na ayyukan juyawa na ayyuka na layi da aka bayar,Suna warware matsaloli waɗanda suka shafi amfani da jujjuyawar aikin layi (inverse of a linear function),,,,B,Maths,Assessment,Secondary,2023,
618,Wanne ne daga cikin waɗannan darussan da ake buƙatar saninsa kafin a ci gaba wajen fahimtar rabo na trigonometri a cikin alwatika mai kusurwa ɗai-ɗai?,Siffofi masu ƙumba,Rukunin ƙa'idar Euclid,Kamusanci na alwatika,Kusurwoyi a cikin alwatika mai kusurwa daidai,,,,C,Maths,Student understanding,Secondary,2019,
619,"Rukunin ilimi na ajin makarantar gaba da firamare suna shirin ƙarfafa fahimtar bambance-bambance bisa ga wannan manufar koyo mai zuwa na babban darasin Fahimtar Muhallin Al'adu da Jama'a: ""Gane abubuwan da suka faru masu muhimmanci a cikin tarihinsu na kansu da na iyali, a cikin yanayi daban-daban."" Wacece daga cikin dabarun nan masu zuwa za ta ba da damar cimma wannan manufar koyo da aka gabatar?","Gudanar da gabatarwa kan iyalin kowane yaro, ana gabatar da mambobinta",Ka haɗa a cikin yankin gida kayan aiki da kwantena na samfuran da yaran ke amfani da su a rayuwarsu ta yau da kullum,Ku shirya wuraren aiki inda yaran za su wakilci ayyuka daban-daban da suke yi tare da iyalansu,A gudanar da zama na da'ira inda yara za su gabatar da sana'ar wani a cikin iyalinsu,,,,C,Social studies,Teaching strategies,Pre-primary,2023,
620,"Dangane da wannan manufa mai zuwa: ""Karanta tsare-tsare masu sauƙi na muhallinka, ta amfani da alamomin nuni da kuma rukunonin matsayi na dangantaka,"" waɗanne ayyuka ne suka fi dacewa don kimanta shi a Shekara ta Biyu?",Zana hoton ajin koya da karatu,Fassara alamomin tsarin gari,Bayyana matsayin wurare a kan taswira da aka bayar,Neman tsari (coordinates) na wurare da aka bayar a kan grid,,,,C,Social studies,Teaching strategies,Primary,2017,
621,"Wata malamar aji na 8, a ƙarshen wani sashen darasi, za ta tantance ikon ɗalibanta na zaɓar tushen bayanai, tana la'akari da ingancin su. Don yin haka, tana shirya wani tsari kuma ta tsara alamomin tantancewa kamar haka: 1. Sun gano marubucin tushen. 2. Sun bayyana a taƙaice asali ko yanayin tushen. Wanne daga cikin waɗannan alamomin da ke biye, wanda ya dace da abun ciki da matakin ɗaliban, zai bada damar kammala wannan tsarin tantancewar?",Suna gano nau'in tushe,Suna jayayya akan ma'anar tushen,Sun gane nufin tushen da gangan,Suna tantance ingancin bayanan daga tushen,,,,C,Social studies,Assessment,Secondary,2019,
622,"Karanta halin da ke gaba:
A jigon Tarihi na Farko na Ajin Hudu, wata malama ta tambayi dalibanta su kwatanta wayewar Maya, Aztec, da Inca kuma su nuna abubuwa uku masu kama a tsakaninsu. Daya daga cikin amsoshin da ta duba ya ce kamar haka:
“Dukansu manoma ne, kuma duk da cewa suna da ajizai na zamantakewa bayyanannu, dukansu talakawa ne saboda ba su da fasaha kamar mu kuma suna zaune a gidajen dutse masu sanyi sosai.”
Wane kuskure ne ya bayyana a cikin amsar dalibin?",Ba ya amincewa da ƙimar asali ta wayoyin Amurka,Yin hukunce-hukuncen zamani game da wayewar Amurka,Bilikta al'adun da wayewar Amurka ta gada ga al'adar yanzu,Rikita halayen wata wayewar Amurka da na wata dabam,,,,B,Social studies,Student understanding,Primary,2017,
623,"Karanta yanayin da ke gaba: Bayan Malam ya yi wa ɗalibai bayani kan muhimmancin ƙwaƙwalwa a rayuwar mutane, Malamin ya saita manufar koyo na tsara abubuwan da suka haɗa da ƙwaƙwalwa. Domin cimma wannan manufa, an gabatar da aikin bincike kan batun, wanda za a gudanar a cikin darasin sa'o'i biyu, biyu-biyu, a ɗakin kwamfuta. Aikin aji: 1. Gano waɗanne ne abubuwan da suka haɗa da ƙwaƙwalwa waɗanda ke shiga cikin tsarin haddace abu. 2. Ƙirƙiri tsarin hoto (diagram) wanda aka tsara waɗannan abubuwa bisa ga dangantakarsu a cikin tsarin, tare da bambance kowane ɗayansu a sarari. 3. Haɗa zanenka da bayani, gajere gwargwadon hali, don bayyana yadda aka gina ƙwaƙwalwa. Wanne daga cikin zaɓuɓɓukan da ke gaba ne ya bayyana daidai ma'aunin tantancewa wanda ya dace da aikin da Malamin ya gabatar?",Dalibai sun bambanta kuma sun bayyana ɓangarorin ƙwaƙwalwa,"Dalibai suna banbanta sassan ƙwaƙwalwa, kuma suna kimanta alaƙarsu ta juna",Dalibai suna bambance sassan ƙwaƙwalwa kuma suna nazarin alaƙar da ke tsakaninsu,Dalibai suna banbanta ɓangarorin ƙwaƙwalwa kuma suna bayyana kowannensu,,,,C,Social studies,Assessment,Secondary,2017,
624,"Karanta wannan yanayi mai zuwa:
A farkon wani sashin darasi, wani malami ya bayyana manufar saba da yanayi ta hanyar ma'ana. A cikin wannan yanayin, wani ɗalibi ya nemi ƙarin bayani ta hanyar misali.
Wanne daga cikin waɗannan maganganu ne ya dace ya zama misali don bayyana manufar saba da yanayi?","Idan muka ci gaba da sa kankara a hannunmu, zai yi sanda, kuma ba za mu ji sanyin kankarar ba",Mukan saya shamfu iri ɗaya saboda mun saba da shi,"Ta hanyar yin ƙarya akai-akai, muna haifar da rashin yarda a wajen wasu","Idan mota da aka ajiye a titi ta kada ƙararrawa kowane dare da ƙarfe biyu na dare, a wani lokaci za mu daina damuwa da ita",,,,A,Social studies,Teaching strategies,Secondary,2017,
625,"Karanta yanayi mai zuwa: Farfesa Estefanía tana aiki a kan ka'idojin Pavlov da Skinner. Wani ɗalibi ya ambata cewa ya riga ya san su saboda ya gan su a cikin fim ɗin *A Clockwork Orange*. Ɗalibin ya ambaci lokacin da aka sanya babban jarumin ya kalli hotunan tashin hankali a fili a kai a kai yayin da ake masa allurar wani abu da ke haifar da rashin jin daɗi na jiki domin a gyara halayensa. Ta gaya masa cewa ya yi gaskiya wajen danganta wannan yanayin da ka'idojin da aka yi nazari a kansu. Na gaba, farfesar ta yi tambaya mai zuwa: Da wace ka'idar halayya kake danganta yanayin da ka bayyana? Wanne daga cikin zaɓuɓɓukan da ke gaba ya wakilci amsar ɗalibin da ta dace?",Ina ganin horo ne na aiki domin maimaita al'amuran tashin hankali ƙarfafawa ce mara kyau wadda zata taimaka wajen kawar da halayen tashin hankali na jarumin,Ina ganin classical conditioning ne saboda kallon fina-finan tashin hankali yana haifar da ƙarshen halayen tashin hankali na jarumin kuma wannan martani ne da aka koyar (conditioned response),"A cikin yanayin nan, na ga koyarwar gargajiya domin an danganta zaman kallon fina-finai masu tashin hankali da rashin jin daɗin jikin babban jarumin domin ya samu gyara","A cikin fage, ka’idoji biyun suna nan saboda an haɗa hotunan tashin hankali da rashin jin daɗin jiki. Wannan ya zama hukunci don kawo ƙarshen halayyar tashin hankali ta jarumin.",,,,C,Social studies,Assessment,Secondary,2017,
626,"Malama ta gabatar da ma’anar motsin rai kuma ta nuna cewa motsin zuciya suna da tsanani, amma tsawon lokacinsu ya yi daidai da abin da ya motsa su. Bayan haka, ta nemi ɗalibai su yi jerin sunayen motsin rai. Wani ɗalibi ya ba da shawarar cewa, bisa ga abin da malamar ta bayyana, soyayya tana ɗaya daga cikin motsin rai da ya kamata a saka a jerin. Wane bayani ne daga malamar ya gyara shawarar ɗalibin?","Soyayya wata ji ce mai tsanani, har abin da ke kawo ta kullum yana nan","Yanayin kasancewa cikin soyayya koyaushe yana buƙatar kasancewar dalilin da ya haifar da shi, don haka shi ma motsin zuciya ne","Halìn soyayya ba kamar motsin rai ba ne, saboda baya buƙatar abin da ke jawo shi","Soyayya ba ta buƙatar kasancewar abin da ke motsa ta, don haka ba lallai ba ne a ɗauke ta a matsayin motsin rai",,,,D,Social studies,Student understanding,Secondary,2017,
627,"Karanta yanayin da ke gaba: Wata malama ta yi wa ɗalibanta bayani game da bambanci tsakanin tarbiyyar farko da tarbiyyar ta biyu. Bayan ta yi musu tambayoyi game da waɗannan ra'ayoyin, sai ta gano cewa ɗaliban ba su fahimce su yadda ya kamata ba. Wanne ne daga cikin zaɓuɓɓukan da ke gaba zai zama aikin da ya dace don sauƙaƙa fahimtar dukkanin ra'ayoyin biyu?","A aji na gaba, ta bukaci ɗaliban su yi jerin abubuwan da suka koya daga iyalansu kafin su shiga makarantar yara kanana da kuma wani jerin abubuwan da suka koya a makarantar yara kanana, makaranta ko wasu da'irori da suka kasance a ciki a tsawon rayuwarsu. Sannan ta tattauna kuma ta yi nazarin waɗannan jerin abubuwan tare da su.","A darasi na gaba, ta ce su yi jerin abubuwan koyo da suka tuna sun samu a cikin shekaru biyar na farkon yarinta da kuma wani jerin na abubuwan koyon da suke tare da su tun lokacin haihuwa. Daga nan, sai su tattauna tare, su yi nazari, kuma su fitar da manyan ra’ayoyin.","A aji na gaba, ta tambayi ɗaliban su yi jerin bambance-bambance tsakanin girma a matsayin ɗa guda da girma tare da ƙarin 'yan'uwa. Sa'an nan ta tattauna kuma ta nazarta wannan jerin tare da su.","A darasi na gaba, ta umurci ɗalibai su bayyana inda suka fito kuma su bambanta tsakanin rayuwa a ƙauye da ta a birni. Daga nan kuma, tare za su tattauna bayanan nasu kuma su fitar da manyan ra'ayoyi domin su gina waɗannan manufofi tare da haɗin gwiwa",,,,A,Social studies,Teaching strategies,Secondary,2017,
628,"Malami yana aiki kan batutuwan muhawara da ɗalibansa na zaɓi kuma ya gabatar musu da wannan batu: Batu na 1: Wasu masoya suna da kyawawan halaye, Batu na 2: Wasu masu kyawawan halaye maza ne nagari. Wace tambaya malam ya kamata ya yi wa ɗaliban don su warware batun muhawarar daidai?",Shin sigalojizim yana da kalmomi uku?,Menene faɗin kalmar tsakiya a cikin hujojin?,Shin akwai wata saɓani tsakanin sharuɗɗan da ke cikin matakan farko?,Shin akwai aƙalla asali na duniya ɗaya?,,,,D,Social studies,Teaching strategies,Secondary,2017,
629,Karanta tsarin tunani mai zuwa wanda dalibin shekarar ƙarshe ta sakandare ya shirya: Manufar makarantar sakandare ita ce kamala. Shekarar ƙarshe ita ce manufar makarantar sakandare. Shekarar ƙarshe ita ce kamala. Wanne daga cikin zaɓuɓɓuka masu zuwa ke nuna kuskuren da dalibin ya yi?,Syllogism ɗin yana da fiye da kalmomi uku,Babban fage ya ƙunshi ƙaramin fage a cikin ma'anarsa ta hankali,Girman Farilla ta farko ya fi na Farilla ta biyu,"Ɗaya daga cikin hujjojin keɓaɓɓiya ce, saboda haka matuƙar ba za ta zama dunƙulalliya ba",,,,A,Social studies,Student understanding,Secondary,2017,
630,"A cikin azuzuwan darasi na ""Tushen Ɗabi'a,"" malamin yana tattauna ra'ayin halin ɗan Adam a wajen Hobbes da Rousseau. Wani dalibi ya ce ana ƙaddara nagarta ko muguntar ɗan Adam ne ta mutanen da ke kewaye da shi. Wane bayani malamin zai iya bayarwa don gyara wannan kuskuren?",Yanayin dabi'a yanayi ne da ake tsammani don sukar gina Jiha dangane da yanayin ɗan adam,"A Yanayin Halitta, wajibi ne a sami mutane nagari da miyagu don a sami yarjejeniya",Halayen kirki ko miyagu na mutane yanayi ne masu muhimmanci waɗanda ke gaba da aiwatar da yarjejeniyar zamantakewa,Yanayin halitta wani yanayi ne na hasashe don bayyana yadda nagarta ko mugunta ke tantance irin gwamnatin da ke tasowa.,,,,C,Social studies,Student understanding,Secondary,2017,
631,Karanta lamarin da ke biyo baya: Wata malama ta tambayi ɗalibanta su danganta fahimtar haƙiƙa a cikin Plato da Aristotle ta hanyar ra'ayoyi ko ma'anoni. Wace kwatanci da ɗaliban suka gabatar ce ta nuna bambancin da ke tsakanin waɗannan marubuta a sarari?,Rai da mutuwa,Duniya da Aljannar Kirista,Gaskiya da ƙarya,Sihiri da kimiyya,,,,B,Social studies,Student understanding,Secondary,2017,
632,"A lokacin karatun rubutun *Essay Concerning Human Understanding* na John Locke, malamin ya gabatar da niyyar zurfafa bincike kan ra'ayin siffofin ji (sensitive qualities) na ka’idar ilimi, don sauƙaƙe fahimtar sa da kuma ƙarfafa wannan ilimin. Wacece a cikin dabarun da ke biye za ta dace don haɗa shi da wasu ra'ayoyin da aka riga aka gani a cikin darasin kuma ta baiwa ɗalibi damar fahimtar wannan abun ciki?","Ka gayyaci dalibi ya sake duba ƙwaƙwalwar azanci (sensory memory) a matsayin wani ɓangare na sarrafa ilimi (cognitive processes) kuma ya danganta wannan ga hujjojin Locke (Locke's postulates), yana kwatanta ainihin ra'ayoyin duka shawarwarin.",Ka shawarta ɗalibin ya kwatanta tunanin Locke da tunane-tunane da suka shigo cikin tunanin Descartes (adventitious ideas) ta hanyar amfani da taswirar ma'ana (concept map),"Umurci dalibin ya yi nazari a kan ma'anonin tsinkaya da fahimta daga Ilimin halayyar ɗan adam na fahimta (cognitive Psychology) kuma ya kwatanta su da ma'anar Locke, ta hanyar kafa kamanceceniya, bambance-bambance, da tambayoyi",Ka nuna wa ɗalibin ya kafa kwatanci tsakanin ra'ayin Aristotle na asali (essence) game da gina ilimi da ra'ayin Locke wanda ya dogara kan bambance-bambancen tushe (elemental distinctions) na kowace hujja (postulate),,,,C,Social studies,Teaching strategies,Secondary,2017,
633,Karanta wannan shari’ar: Wani malami ya gabatar da wasu ra’ayoyin Jean Paul Sartre game da ‘yancin ɗan adam. Wata ɗaliba ta shiga tsakani don nuna cewa tana ganin yana da wahala a fahimci ra’ayin marubucin cewa babu asalin halittar ɗan adam. Wane ne daga cikin waɗannan amsoshin malamin zai iya taimaka wa ɗalibar ta fahimci ra’ayin Sartre?,"Ba kamar mutane ba, abubuwan da wani ya tsara, misali maƙeri, ba za su iya samun ainihi ba kafin wanzuwar da ake ba su a lokacin da ake ƙera su.","Kamar yadda yake ga mutane, abubuwan da wani ya tsara, mai sana’a misali, suna iya samun haƙiƙa da aka riga aka ƙayyade, amma duk da haka, saboda wannan dole ne su wanzu kuma","Mu mutane ba wani ne ya tsara mu ba, saboda haka babu wani asali ko ɗabi’ar ɗan Adam da ke gaba da aiwatarwa da kuma fahimtar ‘yancinmu na aiki","An tsara mutane ne ta wani wanda ya ba mu damar yin aiki (zabi mai 'yanci); saboda haka, mu ne kawai muke ƙayyade abin da muke bisa ga ayyukanmu.",,,,C,Social studies,Teaching strategies,Secondary,2017,
634,"Yi la’akari da yanayin da ke gaba:
A wani ajin 'Asali na Da’a', malamar ta yi bayanin ra’ayin tsananin damuwa (anguish) a cewar Jean Paul Sartre. Lokacin da take neman misali na ra’ayin daga ɗalibanta, ɗaya daga cikinsu ya amsa cewa: ""Tsananin damuwa shi ne lokacin da mutum ya shiga baƙin ciki saboda rashin sa’a a soyayya.""
Mene ne ainihin kuskuren da ke tattare da misalin da ɗalibin ya bayar?","Kuskure ne a danganta ƙuncin wanzuwa da matakai na ruhi da zamantakewa, domin alaƙa da wasu tana duka biyu tana sauƙaƙawa kuma tana hana tabbatar da kai a matsayin wani aiki",Bai dace ba a takaita damuwar wanzuwa zuwa wata lalura ta tunani; wannan fassarar tana ware sanin kai a matsayin wani al'amari na wanzuwa,"Gaggaruwa ce a haɗa ra'ayin kunci na rayuwa da yanayin motsin zuciya, domin hakan bai fahimci dangantakar kunci da sanin hakkin ɗaukar nauyi ba.","Kuskure ne a danganta baƙin ciki na rayuwa (existential anguish) da alamomin damuwa (depression), tunda gazawar soyayya na iya zama turjiya ga 'yancin kai na mutum",,,,C,Social studies,Student understanding,Secondary,2017,
635,"Karanta lamarin da ke gaba: Malami ya yi bayanin ka'idar Nietzsche game da asalin ɗabi'a, wadda aka kwatanta a cikin 'On the Genealogy of Morality'. Wani ɗalibi ya bayyana cewa yana goyon bayan ra'ayoyin marubucin saboda yana kare ɗabi'ar masu ƙarfi, wadda take adawa da ta masu raunin hali. A cikin zaɓuɓɓuka na gaba, a wanne ne aka yi bayanin kuskuren da ke ɓoye a cikin bayanin ɗalibin?","Ɗalibin yana danganta ɗabi'ar masu mulki da 'yancin yin aiki, yana barin sakamakon ɗabi'a na ayyukan",Ɗalibin yana zato cewa ɗabi'ar nihilism dole ne marasa ƙarfi su shawo kanta don isa ga Mafi-mutum,Dalibi ya rikita sake tantance ɗabi'ar masu rauni da bayyanar wasu halayen mutum,Dalibin ya rikita sauyin ƙimar dabi'u da bayyanar ƙarfin hali,,,,D,Social studies,Student understanding,Secondary,2017,
636,"Karanta yanayin da ke biyo baya: A cikin mahallin darasin nan mai taken ""Manyan wayewar zamanin kafin zuwan Columbus"", malami, yayin da yake bayyana manyan halaye na tsarin tattalin arzikin Incas, ya lura cewa wasu ɗalibansa ba su fahimci kalmar ""tattalin arzikin sake rabawa"" ba. Sai ya yanke shawarar sake bayyana manufar, amma a wannan karon ta hanyar misali. Wanne daga cikin misalan da ke biyo baya ya fi dacewa da manufar tattalin arzikin sake rabawa?",Ƙaramar hukumar ta mayar wa tsofaffin mazaunanta kuɗin da suka biya bara don kwasar shara,"Telethon ɗin ya ƙaddamar da sabon gangami don tara kuɗi fiye da na bara, kuma da su a gina sabon cibiyar gyara hali",ONEMI ta karkatar da albarkatun da Jiha ta ware domin tunkarar bala'in da kuma sake gina yankin da ambaliyar ta shafa,Tushen Hogar de Cristo ya rage kudin gidajen zaman su na jin kai,,,,C,Social studies,Student understanding,Secondary,2017,
637,"A lokacin raka'ar ""Tasirin tsarin mamayewa,"" wani malami na aji biyar yana so ya tantance ko ɗalibansa sun fahimci tasirin mamayewar a kan ƴan asalin Amurka. Don yin hakan, ya tsara wani kayan aikin tantance fahimtarsu. Wace manuniya ta nasara daga cikin waɗanda malamin ya samar ce ta dace da manufar da aka bayyana?",Nemo a taswira al'ummomin 'yan asali waɗanda Spaniyawa suka ci galaba a kansu,"Kammala, bisa ga teburorin kididdiga, menene tsarin zamantakewa ya kasance a lokacin cin nasara",Yi la'akari da abubuwan da suka jawo raguwar yawan jama'a daga cikin tarihai,"Ku gano, bisa ga majiyoyin zane-zanen gumaka, halayen fafatawar da ke tsakanin 'yan asali da masu nasara",,,,C,Social studies,Assessment,Secondary,2017,
638,"A karanta rubutu na gaba:
[...]Wata rukuni na yara suna karanta wani rubutu mai bayani game da wata ƙabila ta asali (Diaguita) waɗanda ke aikin tukwane. Rubutun yana tare da hoto da ke nuna mata suna niƙa hatsi a turmi, da kuma tukwanen yumbu a gefensu.

Malamar ta matso kusa da rukuni, sai ɗaya daga cikin yaran ya ce:
-“Waɗannan 'yan asalin sun yi sana'ar tukwane.” “Mene ne suka yi da waɗannan kayan aikin?” Malama ta tambaya.
-“Don ƙawata gidaje,” yaron ya tabbatar.
-Malamar ta kalli hoton kuma ta sake matsawa: “Me ya sa kake ganin sun yi amfani da waɗannan abubuwan don ƙawatawa?”
-“Shi ya sa mahaifiyata take sayen su.”
-Sai wani yaron ya ƙara da cewa: “Haka ne, mahaifiyata ma tana son sana’o’in hannu. Muna da su da yawa a gida.” [..]
Aisenberg, Beatriz (gyarawa)
Waɗanne rikice-rikice a fahimtar lokacin tarihi ne suka bayyana a cikin halin da aka bayyana?",Tushen wahalar ganewa a cikin abubuwan yau da kullum dabi'ar tushen tarihi,Zuciyar danganta ma'ana ga abubuwa da yanayi daga abubuwan ishara na zamani,Kimanun wahalar da ke tattare da kiyaye tsaka-tsaki a kan zubin fasaha a matsayin tushen kayan aiki,Sha'awar yin game-gamen gaban yanayin da ke gabatar da abubuwan da ke nuna ci gaba,,,,B,Social studies,Student understanding,"Primary, Secondary",2017,
639,"A lokacin raka'ar ""Tsarin 'Yancin Kai na Ƙasa,"" malamin ya nanata wa dalibansa na aji na takwas iya yin aiki da ma'ajin bayanai, domin su iya banbance fagen da ke bayyana ci gaban wannan tsari. Wanne daga cikin ayyuka masu zuwa zai ba da damar cimma manufar da aka sanya wa ajin?","Zana daga Tsarin Mulkin Spain na 1812, menene canje-canjen da suka biyo bayan 'yantar da Sarki Ferdinand VII",Koyi ra'ayoyin Creoles game da kafa Babban Junta na Cádiz,"Gano a cikin tarihin rayuwar shugabannin 'yancin kai, matakan da suka tsara tsarin (ko: matakan da suka gina tsarin)","Shirya a cikin jawaban Juntar Gwamnatin Ƙasa ta Farko, ka'idojin siyasa da suka goyi bayan matakin.",,,,D,Social studies,Teaching strategies,Secondary,2017,
640,"Dalibai na aji takwas sun yi wannan tambaya kan batun ""Juyin Juya Halin Masana'antu"": Me ya sa ake kiran batun Juyin Juya Halin Masana'antu alhali ba mu ga wani yaki ko bore da zai tabbatar da sunan ba? Don fadada fahimtar takaitaccen tsarin tarihi da dalibin yake da shi, wane irin la’akari ya kamata sabon tsari kan wannan ra'ayi ya yi?",Bayyana masana'antu daga mahanga mai dalilai-masu-yawa,Ku zurfafa yanayin masana'antu a matsayin jerin abubuwan da ke da alaƙa da juna tare da nasu kuzarin (dynamic),Bayyana sarai mahallin lokaci da Juyin Juya Halin Masana'antu ya samo asali a cikinsa,Ƙarfafa nazarin bincike mai zurfi na kafofin game da yanayin ma'aikatan masana'antu,,,,B,Social studies,Teaching strategies,Secondary,2017,
641,"Wani malami yana aiki da ɗalibansa na aji na 6 a kan manufa ta koyo kamar haka: don bayyana yankunan siyasa-mulki na ƙasar ta fuskar yanki. Saboda haka, ya yanke shawarar haɗa batun da labarai masu zuwa game da ƙirƙirar yankin Ñuble kuma ya gudanar da bincike kan tushen labarin: Majalisar Dattijai ta amince da ƙirƙirar Yanki na Sha Shida (XVI) na Ñuble. Wannan matakin, wanda yanzu yake shirye don sanarwa a hukumance, zai kuma ƙirƙiri sabbin larduna guda uku. Ƙasar Chile za ta sami yankinta na sha shida. Haka Majalisar Dattijai ta yanke shawara a wannan Laraba bayan amincewa da ƙuri'u 26 na goyon baya, biyu na adawa, kuma babu waɗanda suka ƙi jefa ƙuri'a a cikin matakinta na uku na aikin da zai ƙirƙiri sabon Yankin Ñuble. Wannan matakin, wanda yanzu yake shirye don sanarwa a hukumance, zai kuma ƙirƙiri sabbin larduna guda uku: Diguillín (Chillán, Chillán Viejo, Quillón, Bulnes, San Ignacio, El Carmen, Pinto, Pemuco, da Yungay), Punilla (San Carlos, Ñiquén, Coihueco, San Fabián, da San Nicolás), da kuma Itata (Quirihue, Cobquecura, Ninhue, Treguaco, Coelemu, Portezuelo, da Ránquil). Wane irin bayani game da tsarin siyasa-mulki na ƙasar Chile ɗalibin zai iya cirowa daga labarin da aka gabatar?",Sharuɗɗan fasaha don ƙirƙirar yanki,Tsarin sararin samaniyar yankin a matsayin wata yanki ta ƙasa,Manufofin da ke goyon bayan yankin yanki na ƙasa,Matakan mulki na yanki a matsayin raka'ar ƙasa,,,,D,Social studies,Student understanding,Secondary,2017,
642,"Don yin aiki a kan manufar bayyana manyan akidun sassaucin ra'ayi da yadda ake amfani da shi a wata kasa misali a cikin karni na 19, malami a makarantar sakandare zai nemi a matsayin aikin farawa, a samar da ma'anar sassaucin ra'ayi. Da zarar ɗalibai sun raba aikin nasu, malamin zai ba da shawarar wani aiki na biyu da nufin ƙarfafa ra'ayin. Wanne daga cikin ayyukan da ke gaba ne zai ba malamin damar bunkasa wannan mataki na biyu na koyo?",Rubuta tarihin rayuwa na wani wakili na ra'ayin 'yanci a ƙasar misali a lokacin ƙarni na 19,Ka gwada ra'ayin da ɗaliban suka shimfiɗa da manyan farillan ra'ayin 'yanci na wancan lokacin,Ku samar da wani tsari na lokaci wanda zai sanya 'yancin kai a matsayin mahallin tarihi a cikin matakai daban-daban na bunkasarsa,Binciki wata majiya ta tarihi domin gano akidun sassauci da ke cikinta,,,,B,Social studies,Teaching strategies,Secondary,2017,
643,"Da nufin bayyana manyan sauye-sauyen tattalin arziki a Chile bayan Babban Raɗaɗin Tattalin Arziki na jari-hujja, wani malama ta fara darasi ta hanyar tambayar ɗalibanta: ""Yaya aka fuskanci rikicin na 1929 a Chile?"" Dangane da amsoshinsu, ta lura cewa yawanci ra'ayin shi ne cewa tsarin masana'antu na maye gurbin kayan shigowa (ISI) shi ne mafita ga rikicin. Don haka, don canza wannan tunani na farko, ta raba musu rubutu mai zuwa domin su yi nazari: Dangane da alkaluman da Gabriel Palma ya bayar, duk da cewa zuwa 1935 sassan ma'adinai - musamman nitrate - ba su farfaɗo ba zuwa matakan 1929, samar da nitrate ya karu daga tan 694,000 a 1932 zuwa tan 1,200,000 a 1935; a lokaci guda, samar da tagulla mai tsafta da ta fitar ya karu da kashi 270%. Sabanin haka, duk da cewa noma ya riga ya farfaɗo da matakan samar da shi na 1929 a 1933, amma daga baya ya tsaya cak [...]. Idan a ƙarshen 1932 akwai ma'aikata 129,000 marasa aiki, adadin ya faɗi zuwa 69,000 a ƙarshen 1933, zuwa 28,000 a ƙarshen 1934, zuwa 8,000 bayan shekara guda, kuma zuwa ƙasa da 5,000 a 1936. Tarihin Chile na Karni na 20, Correa, S. Wane tunani na farko na ɗaliban malamar ke ƙoƙarin canza shi da nazarin rubutun da ya gabata?",Wai farfaɗowar tattalin arziki ta fara ne da kafa CORFO,Zaton cewa CORFO ta haɓaka tsarin sabuntawar harkar tagulla a Chile,Domin fahimtar cewa manufar CORFO ita ce kawar da illoli a masana'antar nitrate,Don yin imani cewa saboda ƙirƙirar CORFO jihar Chile ta kawo ƙarshen dogaro da tattalin arziki,,,,A,Social studies,Student understanding,Secondary,2017,
644,Wane muhimmin ra'ayi na siyasa na farko ya kamata ɗaliban aji na biyu na makarantar sakandare su fahimta domin tattauna batun tsarin mulkin mallaka (totalitarian regimes)?,Ikon zamantakewa na jama'a,Koyarwar akidar siyasa,Raba ikonin jiha,ɗaukakar shugaban mai ban sha'awa,,,,C,Social studies,Student understanding,Secondary,2017,
645,"Malami yana tsara kimanta darasin 'Fitowar samfuran siyasa da tattalin arziki daban-daban a cikin karni na 20,' kuma ɗaya daga cikin manufofin koyo da za a auna shine a bambanta halayen tsarin mulkin kama-karya na Nazi da na Soviet. Domin wannan manufa, an tsara alamomin kimantawa kamar haka: 1.- Yana gano yanayin tarihi da mulkin kama-karya ya fito. 2.- Yana bambanta darajar da aka ba wa yanki. 3.- Yana gane amfani da farfaganda ta siyasa mai rudani (demagogic). 4.- Yana gane rawar da aka danganta wa al'umma a matsayin mai taka rawa a zamantakewa. Da wane rukuni na alamomi biyu za a iya kimanta manufar koyo da aka gabatar?",ɗaya da biyu,daya da uku,biyu da hudu,uku da huɗu,,,,C,Social studies,Assessment,Secondary,2017,
646,Malami yana shirin gudanar da kimantawa na ginshiƙi (formative assessment) tare da ɗaliban shekarar farko ta sakandare don auna cimma burin kimanta tasirin al'adu na duniya (globalization) daga abubuwan da suka gani na yau da kullum. Wacece daga cikin ayyukan kimantawa masu biyowa ya kamata ɗaliban su yi?,Tattaunawa game da illolin da zamanantar da duniya ke yi a kan birnin da suke zaune a ciki,Taro na tasowa da tunani don tsare lokacin tsarin duniya baki ɗaya,Wasan kwaikwayo kan muhimmancin sabbin fasahohi a fannin sadarwa,Tasiri na ɗaukar al'adu na waje ga danginsu a shekarun baya-bayan nan a cikin wani rubutu makala,,,,D,Social studies,Assessment,Secondary,2017,
647,"A farkon darasin 'Kalubale na Duniya ga Yankuna', wata malama ta yanke shawarar gabatar da waɗannan kanun labarai ga ɗalibanta don gano ko sun san wasu daga cikin ra'ayoyin da ke tattare da batun:
- Tagulla ta haura zuwa $2.71 kan kowace laba saboda haɓakar da ba a zata ba a China.
- Tallace-tallace a fannin kamun kifi a Chile sun karu da kashi 12% a farkon kwata saboda buƙatar Asiya.
- Masana'antar giyar inabi ta Chile ta sami yabo a duk faɗin duniya: Shin tana kan ganiyarta ne?
- Sashin gandun daji da samar da ayyukan yi. Sama da ayyuka dubu ɗari uku saboda ƙaruwar fitarwa.
Waɗanne ra'ayoyi ne daga cikin waɗannan ɗalibai ke buƙatar sani don fahimtar ma'anar kanun labaran?",Almajirantarwa ta duniya,Tsarin tattalin arziki,Dorewar muhalli,shakar tattalin arziki tsakanin juna,,,,D,Social studies,Student understanding,Secondary,2017,
648,"A cikin mahallin darasin 'Yin amfani da 'yancin zama ɗan ƙasa da tsarukan wakilcin siyasa', malamin aji na huɗu ya raba wannan tushe mai zuwa ga ɗalibansa kuma ya ba su ƴan mintuna su karanta shi ɗaiɗai: A shekara ta 2011, an kafa doka mai lamba 20500, wadda ta ba da damar samar da Majalisun Al’umma na Ƙungiyoyin Farar Hula (COSOC), waɗanda suke da halin ba da shawara kuma za su iya tallafawa wajen cimma manufar yin tasiri a cikin tsarawa, aiwatarwa, da tantance manufofin jama'a na al'umma, na yanki, da kuma gudanarwar kananan hukumomi. Dole ne waɗannan su hadu a kalla sau huɗu a shekara. [Ma'ajin Ƙarƙashin Sakatariyar Ci Gaban Yanki da Gudanarwa (Gyara)]. Wane ne daga cikin waɗannan sakamakon koyo za a iya cimmawa da wannan tushe da aka bayar?",Gano lokutan shigar da 'yan ƙasa ciki,Bayyana ƙa'idar wakilcin siyasa,Gane ayyukan ƙananan hukumomi,Kwantar da hanyar raba iko ta siyasa-mulki (decentralization),,,,A,Social studies,Teaching strategies,Secondary,2017,
649,"Karanta yanayin aji na gaba: Miss Pérez, malamar Turanci, ta fara sabon kashi na darasi. Ta rubuta ""Hutu"" a kan allon rubutu kuma ta liƙa hoton tallar yawon shakatawa. Ta nemi ɗalibanta su kalli taken darasin da hoton, su raba ra'ayoyi kan abin da darasin zai kunsa. Sa'an nan, ta nemi su gano nau'o'in hutu daban-daban da aka ambata a cikin tallar, kuma ta tanadi ƙarin ayyuka ga kowane nau'i. Don cike gurbi, malamar ta ba su kayan karatu game da sansanonin hutu na matasa a Amurka, tana tambayar su ko suna da irin wannan a ƙasarsu ta gida. Da zarar sun gama, ta ce za su saurari wata tattaunawa ta wani iyali da ke zaɓen inda za su yi hutunsu na gaba. Bayan haka, ta nemi su yi hasashen waɗanne kalmomi da yanayi da aka ambata a baya suke tunanin za su ji a cikin tattaunawar. A ƙarshe, Miss Pérez da ɗalibanta sun saurari tattaunawar kuma suka duba tunaninsu. Me malamar take yi a wannan yanayin aji da ya gabata?",Tana gabatar da sassan batun/jigon karatu,Tana gudanar da ayyukan baki a cikin aji don sa ɗalibai su yi tunani a kan maudu'in darasin naúrar,Tana amfani da dabarun saurare domin sanin mahallin maudu'in rubutun da kuma zaburar da ɗalibai,Tana amfani da ayyukan zahiri domin dalibai su danganta batun da rayuwarsu kuma su bayyana ra'ayoyinsu,,,,C,Social studies,Teaching strategies,Primary,2017,
650,Me ya sa samfurin duniya yake da amfani a matsayin kayan koyarwa?,Saboda yana ba da damar lura da siffar Duniya a zahiri,Saboda yana taimaka wajen gane daukakin bangarorin kwakwalwa a lokaci guda,Saboda yana taimakawa wajen nazarin latitudin Duniya dalla-dalla,Saboda yana baiwa damar gano kowane wuri a duniya daidai,,,,A,Social studies,Teaching strategies,Primary,2018,
651,"Karanta yanayin da ke biyo baya: Wani malamin firamare na aji na biyu ya nuna wa ɗalibansa taswirar yankunan Arewacin, Tsakiyar, da Kudancin ƙasar Chile. Sannan, ya nuna musu hotunan yanayin ƙasa na waɗannan yankuna kuma ya ce su zana da'ira da ja a kan hotunan yankin arewa; da kore, waɗanda ke tsakiya; da kuma baƙi, waɗanda ke kudu. Wanne ne daga cikin manufofin nan masu zuwa aikin da aka yi a baya ya fi dacewa da shi?",Rarraba shimfidar wurare bisa ga yanki na labarin ƙasa,Kwatanta yankuna na gografiya bisa ga siffofin ƙasarsu,Gano halaye na yankunan kasa,Gano wurare bisa ga yankin ƙasa,,,,A,Social studies,Teaching strategies,Primary,2018,
652,"Karanta halin da ke gaba: Wata malama tana shirya ayyuka da aka yi niyya don bai wa ɗalibai damar bayyana dangantakar da ke tsakanin Mapuche da Mutanen Sifaniya a lokacin mulkin mallaka. Don cimma wannan, ta tsara wani aiki na farko bisa ga rubutu mai zuwa: A cikin majalisar da aka gudanar a Paicaví a 1605, an kafa cewa mutanen kan iyaka dole ne su biya matsakaicin haraji a cikin kayayyaki, yayin da aka hana hidimar kai. Idan sun ba da mutane don yin aiki a gonakin Mutanen Sifaniya, za a biya su da azurfa ko makamancinta. Bugu da ƙari, dole ne su tafi yaƙi da abokan gaban Sarki. Indiyawa sun amsa da gamsuwa cewa za su kasance cikin salama, saboda Mai Martaba Sarki ya magance cikakkiyar dalilin tawayensu da maganinsa, wanda shine hidimar kai wacce suka yi tawaye saboda ita. An lura, to, cewa a waɗannan shekarun Indiyawan abokai har yanzu suna fitowa daga yankin Indiyawan encomienda. Sun fara, duk da haka, bayyana matsayinsu na musamman -dangane da ƙarni na baya-, tunda ba sa ƙara zama Indiyawa masu zuwa yaƙi tare da encomenderos ɗinsu daga yankin tsakiya na ƙasar, amma Indiyawan encomienda ne daga yankin rikicin ɗaya. A wani ɓangaren, an yi ƙoƙarin rage musu wahala ta hanyar hana hidimar kai, wanda shine babban dalilin rashin gamsuwarsu. Indiyawan abokai a kan iyakar Araucanian, (Andrea Ruiz-Esquide). Dangane da rubutun da ke sama, wane aiki ne zai tantance idan ɗalibai sun gano dangantaka tsakanin Mapuche da Mutanen Sifaniya a lokacin mulkin mallaka?",Suna yin fosta da ke taƙaita manufar yarjejeniyar Paicaví,Suna taƙaitawa daga wani zane-zane muhimman yarjejeniyoyin da ke tsakanin Mapuche da Mutanen Spain,Suna auna dukkan nau'o'in hulɗa tsakanin Mutanen Spain da Mapuche kuma suna ƙirƙira wata katin jigo don kowane ɗaya daga cikinsu,Sun gano majalisar Paicaví kuma sun bayyana yadda iyakar da ke tsakanin ƙungiyoyin biyu ta canza a tsawon lokaci,,,,C,Social studies,Assessment,Secondary,2018,
653,"Karanta yanayi mai zuwa:
A ƙarshen sashin karatu na “Gadon Athens,” ɗaya daga cikin manufofin da malamin ya ke so ya tantance shine fahimtar manyan siffofin dimokuraɗiyyar Athens, kuma don duba matakin nasarar, ya nemi ɗalibansa su tsara ginshiƙi na kwatanci tsakanin dimokuraɗiyyar Athens da dimokuraɗiyyar ƙasar Chile ta yanzu. Don tantance amsoshin, ya shirya jagora bisa ga abubuwan da ke da ci gaba a tarihi da kuma waɗanda ba su da shi.
Wanne daga cikin alamomin tantancewa masu zuwa ne ke nuna amincewa da wani abu na canji tsakanin dimokuraɗiyyun nan biyu?",Gano kasancewar tsarin iko na hukumomi,Gane bambancin ayyukan gwamnati,Gano matakin shiga cikin yanke shawarar gwamnati,Yana amincewa da haƙƙin zama ɗan ƙasa bisa ga cika sharaɗi,,,,C,Social studies,Assessment,Secondary,2018,
654,"Malamin Falsafa yana shirin gudanar da aji a kan ma'anar yanayin dabi'a daga ra'ayoyin J. Locke, T. Hobbes, da J.J. Rousseau, kuma manufar wannan shiri ita ce: ""Don gwada waɗannan ka'idoji da halayen mutum na dabi'a (mai 'yanci, mai hankali, da mai son zama da jama'a)."" Wace daga cikin ayyukan da malamin ya gabatar za ta ba wa ɗalibansa damar cimma manufar wannan aji?","Ɗalibai suna binciken manufar yanayin halitta a kowane marubuci, sannan su kai wa malami rahoton abin da suka gano.",Dalibai suna nazarin dangantakar Hauwa’i ta Ingila da Yanayin Halitta bisa ga fahimtar ɗan Adam,"Dalibai suna tattara bayanai a kan dabi'un halittar ɗan Adam, kuma suna rubuta su a littattafansu","Daliban sun karanta wata takarda game da ra'ayoyin kowane marubuci a kan yanayin dabi'a, kuma suka gano bambance-bambancensu da kamance-kamancensu.",,,,D,Social studies,Teaching strategies,Secondary,2018,
655,"Malami yana aiki tare da ɗaliban shekarar ƙarshe na sakandire a kan tsarin siyasa na J. J. Rousseau, tare da mai da hankali musamman a kan ra'ayin nufin gaba ɗaya, wanda masanin falsafar Faransa ya yi amfani da shi a cikin littafinsa The Social Contract (Yarjejeniyar Jama'a) (1762). Wanne ne a cikin zaɓuɓɓukan da ke gaba ke wakiltar misali mai dacewa don kwatanta ra'ayin nufin gaba ɗaya ga waɗannan ɗalibai?",Zabɓin rinjaye mai sauƙi don yanke shawarar shugabancin ajin,Halartar dukkanin ɗaliban makarantar da ma'aikatan koyarwa don cimma yarjejeniya,"Neman ƙarin taimakon karatu don ajin, duk da cewa akwai ɗaliban da ba sa bukatarsa",Tattaunawa tsakanin ɗalibai masu ra'ayoyi daban-daban don cimma matsaya a cikin ajin makaranta,,,,C,Social studies,Teaching strategies,Secondary,2018,
656,"Karanta lamarin da ke gaba: A cikin aji game da Falsafar Ra'ayoyin Plato, Farfesa ya yi bayanin manyan halayen ra'ayoyin Platonic, daga cikinsu ya nuna cewa 'kowane ra'ayi guda ɗaya ne, kasancewar shi wakilcin abin da yake jigo ga rukuni na abubuwa'. Wani ɗalibi, da yake ruduwa da wannan magana, ya amsa cewa hakan ba zai yiwu ba kuma ya ba da misali cewa mutane biyu suna tunanin ra'ayi ɗaya, wani yanayi da ya saɓa wa zato na guda ɗaya na ra'ayin. Idan aka yi la'akari da Falsafar Ra'ayoyin Plato, wace zaɓi ce ta bayyana ma'anar da ke tattare da kuskuren ɗalibin?",Ɗalibi yana tsammani cewa ra'ayoyi suke fitowa daga tattaunawa,Dalibi ya gane cewa tunani haƙiƙa ne na basira,Dalibi yana ganin cewa ra'ayoyi suna da dangantaka,Dalibi yana tunani cewa ra'ayoyi wani ɓangare ne na Duniya mai hankali.,,,,B,Social studies,Student understanding,Secondary,2018,
657,"A cikin wani aji na babbar makarantar sakandare game da Tarihin Falsafa, wata malama da ɗalibanta suna nazarin muhimman ra'ayoyin falsafa na R. Descartes. Wanne daga cikin waɗannan maganganun ya yi daidai da wata wahala da ɗalibai za su iya fuskanta, dangane da fahimtar furucin cewa “Ina tunani, don haka ina wanzuwa”?",Yanke wanzuwar tunanin Descartes,Haɗa wanzuwa da yin amfani da shakka mai bin tsari,Tilasta tunanin wanzuwa yana ƙarƙashin aikin tunani na cogito,Danganta wanzuwar res cogitans da wanzuwar res extensa,,,,C,Social studies,Student understanding,Secondary,2018,
658,Malami yana yi wa ɗalibansa na ajin uku na sakandare bayanin tsarin ilimin azanci. Wane daga cikin waɗannan manufofi ne ɗalibai suke buƙatar su riga sun yi maganarsu a baya don su fahimci ra'ayin fahimta?,Kwarewa,Jin,Gaskiya,Hankali,,,,B,Social studies,Student understanding,Secondary,2018,
659,"A sashin Makarantar Tsakiya: Halayyar Siyasa, Malamin zai yi aiki a kan kalaman da T. Hobbes ya yaɗa: ""homo homini lupus"". Wane ne daga cikin waɗannan ra’ayoyi ne ya kamata ɗalibai su riga sun sani don fahimtar maganar da aka yi?",Doka ta yi rinjaye,Kwantiragin zamantakewa,Dukiya ta kashin kai (ko: Mulki na kashin kai),Yanayin halitta,,,,D,Social studies,Student understanding,Secondary,2018,
660,"Wani malamin makarantar sakandare yana shirya darasi kan ka’idar Kant game da yiwuwar ilimi; don yin haka, dole ne ya tantance ilimin gabanin da yake wajibi domin ɗalibansa su iya magance irin wannan ka’idar yadda ya kamata. Wane ilimin gabanin ne malamin ya kamata ya gane a cikin ɗalibansa domin su iya tunkarar wannan ka’idar?",Ku gane ra'ayoyin D. Hume da J. Locke a matsayin tushen ka'idojin da suka gabaci shawarar I. Kant,Fahimci ra'ayin Ingilishi na dogmatism da empiricism a matsayin rafi da suka gabaci shawarar Kant,"Bincika ra'ayoyin lokaci da sarari a matsayin tsare-tsaren tunani da suka zama dole don sani, a cewar I. Kant",Fahimci ma'anonin abu mai bayyana (phenomenon) da kuma abu na asali (noumenon) a matsayin bayanai irin na Kant game da abin da za a iya sani,,,,B,Social studies,Student understanding,Secondary,2018,
661,"A karkashin tsarin kimantawa dangane da manyan ra'ayoyin Plato, malamin Falsafa yana nufin tantance wannan manufa: ""Fahimtar ka'idar shigar kasancewa (na halitta) a falsafar Plato."" Wane alamar kimantawa ce ta yi daidai da wannan manufa da aka ambata?",Bambanta tsakanin manufofin episteme da doxa,Shirya ra'ayoyin Plato bisa ga darajojin kamala,Gano nau'ukan rai guda uku a tatsuniyar keken dawakai,Bambance tsakanin ra'ayoyin duniya mai-ganuwa da kuma duniya mai-fahimtawa (ko mai-hankaltuwa),,,,D,Social studies,Assessment,Secondary,2018,
662,Malami yana karantawa a aji tare da dalibansa tunanin falsafar zati guda biyu na farko na R. Descartes da nufin aiki kan manufar koyo mai zuwa: 'Sanin da nazarin ra'ayin hankali na zamani na R. Descartes.' Wanne ne daga cikin ayyuka masu zuwa da daliban suka yi zai samar da shaida na cimma manufar?,Suna bayyana hujjojin hankali da aka gabatar a cikin zuzzurfan tunani na metafiziks guda biyu na farko na R. Descartes,Suna tantance shawarar Cartesian game da ilmin lissafi da aka gabatar a cikin tunani na farko biyu na falsafar metaphysical na R. Descartes,Sun gano gardamar Cartesian ta shakkar hyperbolic da aka gabatar a cikin tunani biyu na farko na metaphysical na R. Descartes,Suna fahimtar matsayin Cartesian game da ƙwarewar azanci wanda aka gabatar a cikin Zuzzurfan Tunani na Metaphysics Biyu na Farko na R. Descartes,,,,A,Social studies,Assessment,Secondary,2018,
663,"Malamin aji na goma sha biyu, a ƙarshen darasin Matasalolin Metaphysical da Epistemological, ya shirya tantance manufar koyo mai zuwa: 'Fahimtar bambance-bambancen epistemological tsakanin empiricism da rationalism.' Wace aiki ɗalibai za su iya yi domin malamin ya tantance manufar da aka bayyana?",Ƙirƙiri teburi tare da ra'ayoyin gama gari tsakanin matsayi biyun,Shiri jerin manyan ra'ayoyin J. Locke da R. Descartes,A bayyana a cikin zane tushen ilimi na gwajin-gani (empiricism) da tunani-tsantsa (rationalism),Shirya maganganu daban-daban gwargwadon nau'in ilimi a cewar D. Hume da J. Locke,,,,C,Social studies,Assessment,Secondary,2018,
664,"Karanta yanayin da ke biye: A ƙarshen sashin ""Hawawar Bourgeoisie"", ɗaya daga cikin manufofin da malamin ya tantance shi ne fahimtar manyan halayen al'adun bourgeoisie a cikin ƙarni na 19. Saboda wannan, an umurci ɗalibai su shirya rahoto rubutacce. Waɗanne alamomi ne ya kamata a tantance don cimma manufar da aka ambata?",Yana siffanta bourgeoisie a matsayin babban jigo na siyasa a cikin sauye-sauyen da aka gudanar a ƙarni na 19,"Yana bayyana salon rayuwar 'yan jari hujja, ra'ayinsu na daidaiku, da kuma manufar rayuwar sirri",Yana nazarin tushe game da gudunmawar ajin 'yan jari-hujja da akidar sassauci ta su wajen bunƙasa da dimokuraɗiyyar tsarin gwamnati a lokacin ƙarni na 19,"Kwatanta manyan ayyukan tattalin arzikin da 'yan kasuwar karni na 19 suka samar, tare da nuna sauye-sauye da ci gaba idan aka kwatanta da na zamani na yanzu",,,,B,Social studies,Assessment,Secondary,2018,
665,Malamar na so ta tantancewa ta hanyar aikin rubutu ko ɗalibanta sun fahimci illolin ƙarshen Yaƙin Cacar Baki. Wace ce daga cikin waɗannan ayyukan da aka nema za ta tantance wannan manufa?,Siffanta sauye-sauyen siyasa da Glasnost ta gabatar a Tarayyar Soviet a matsayin daya daga cikin abubuwan da suka haifar da ƙarshen Yaƙin Cacar Baki,Bayyana rawar da Reagan da Gorbachev suka taka wajen kawo karshen Yakin Cacar Baki,A ambata kamanni guda ɗaya da bambanci guda ɗaya tsakanin tsare-tsare biyu na nazarin tarihi dangane da ƙarshen Yaƙin Cacar Baki,Bayyana yadda rarrabuwar ikon siyasar ƙasa da ƙasa ta kasance bayan ƙarshen Yaƙin Cacar Baki,,,,D,Social studies,Assessment,Secondary,2018,
666,"Malamar za ta fara aiki a kan sashen 'Samfuran tattalin arziki da tasirinsu a kan yankin', da manufar sa ɗalibanta na makarantar sakandare su tantance canje-canjen da sararin ƙasa ya samu sakamakon dangantaka tsakanin matakai na tattalin arziki, yawan jama'a, da na sararin yanki. Saboda haka, ta yanke shawarar fara darasin ta hanyar tuna ma'anar kalmar sararin ƙasa, ta hanyar zaman tunani na rukuni. A cikin amsoshin da ɗaliban suka bayar, waɗanda suka sifanta sararin ƙasar keɓantacce daga ɓangaren ta na zahiri ko na halitta su suka fi rinjaye, suna danganta shi da siffar dawwama a matsakaici da dogon lokaci. Idan aka yi la'akari da ƙa'idodin koyarwa waɗanda ke jagorantar koyarwar ilimin ƙasa, wace ɗaya ce ke da matuƙar mahimmanci a yi aiki a kai don faɗaɗa tunanin sarari da wannan rukunin ɗaliban ke da shi?",Haɗi,Wuri,Dogara ga juna,Sillamanta,,,,C,Social studies,Student understanding,Secondary,2018,
667,"A cikin wani darasi na sashin 'Ginin Jihohin Ƙasashe a Turai da Amurka' an yi wannan tattaunawa kamar haka: Malam: Wa zai iya bayyana bambancin da ke tsakanin Jiha da Al'umma? Dalibai na 1: Al'umma ba ta ko da yaushe ta ƙunshi Jiha, kuma Al'umma na iya kasancewa a rabu a cikin Jihohi fiye da ɗaya. Dalibai na 2: Yaya? Ban fahimci abin da ta faɗa ba. Daga nan, Malamin ya yanke shawara cewa darasi na gaba zai fara ne da gabatar da wani kayan aiki na koyarwa wanda zai misalta amsar dalibai na ɗaya. A cikin wane zaɓi aka gabatar da aikin da ya fi bayyana kai tsaye alaƙar da ke tsakanin ma'anonin Jiha da Al'umma?",Lura da taswirar da ke gaba kuma ka bayyana zahirin yanayin sararin samaniyar da ta wakilta,Karanta taswirar ra'ayi mai biyo baya kuma kwatanta ta da ra'ayin ƙasa,Ku lura da wannan fasto sannan ku bayyana da bakinku saƙon da yake ƙunshe da shi,Karanta ma'anonin nan kuma kwatanta ra'ayoyin duka biyu,,,,A,Social studies,Teaching strategies,Secondary,2018,
668,"Wace daga cikin ayyuka masu zuwa ce za ta ba ɗaliban firamare na aji na biyu damar nuna fahimtar su game da ra'ayoyin kiwo-gama-kai (nomadism) da zama-daidai (sedentism) dangane da Chonos, wata ƙungiyar mutane a ƙasar Chile?",Kwatanta kwale-kwalen da Chonos suka ƙirƙira don tafiyar ruwa,Nemo Chonos a taswirar zahiri ta Chile,Bayyana yadda Chonos suka sami abincinsu,"Ku zana wakilan Chonos a cikin yanayin ƙasarsu na musamman
Ku zana wakilan Chonos a cikin yanayin ƙasarsu na musamman",,,,C,Social studies,Teaching strategies,"Primary, Secondary",2019,
669,"Malamin ajin firamare, a cikin wani ajin da aka sa gaba don ""Bayyana halayyar yanayin ƙasar wayewar Rome,"" ya tambayi ɗalibai su rubuta rahoton wata tafiya ta wani yanki na tsibirin Italiya, inda dole ne su fito da siffofin ƙasa da shimfiɗar wuraren da suka ziyarta, ta amfani da kalmomin ilimin ƙasa da suka koya. Don gudanar da aikin, ɗaliban, tare da taimakon malamin, sun kayyade hanyar tafiyar kuma sun zana ta a kan taswira, suna zaɓar biranen Rome da za su bi ta, ta hanyar amfani da bayanai daga tushe daban-daban don tabbatar da halayyar yanki na kowane wuri. Wanne daga cikin alamomin da ke gaba ya dace a yi amfani da shi don auna aikin ɗaliban dangane da manufar aikin da aka gudanar?",Sun ambaci sunayen yankunan da wayewar Romawa ta samo asali daidai,Suna gano manyan ci gaban da wayewar Rumawa ta samu tare da tsarin tafiyarsu da aka tsara,Suna bayyana manyan siffofin da suka ƙunshi yanayin ƙasar hanyar da aka zana,Suna bambanta al'adu daga yankunan ƙasa daban-daban inda wayewar Roman ta haɓaka.,,,,C,Social studies,Assessment,Primary,2019,
670,Mai ba da ilimi yana da niyyar magance manufar koyo mai zuwa ta Jigon Muhallin Al'adu da Zamantakewa: 'Fahimtar matsayin da membobin iyalansu da al'ummar su ke takawa da kuma gudummawar da suke bayarwa ga jin daɗin rayuwar jama'a.' Wace irin gogewa ce ta fi dacewa don cika wannan manufar koyo?,Ku yi tafiya ta kasuwar buɗeɗɗiya mafi kusa kuma ku umurci yara su sayi 'ya'yan itatuwa da kayan lambu yayin da suke yawo babu shakka,Shirya ziyarar wani babba wanda zai ba da labarin yadda unguwar ta kafu da kuma yadda ta canza tsawon lokaci,"Ku ziyarci shagunan gida kuma ku sa yara su yi hira da mutanen da ke aiki a wurin, ta amfani da tambayoyi da aka shirya","Ku yi rangadi a kusa da harabar ginin, kuma a wasu wurare, ku nemi yara su zana mutanen da suka fi jan hankalinsu",,,,C,Social studies,Teaching strategies,"Pre-primary, Primary",2019,
671,"Malami, yayin da yake ɗakin hutun malamai yana tsara darasin “Rikicin Duniya Biyu,” ya karɓi shawara daga abokin aiki don haɗa da wani aiki wanda ya yi masa aiki mai kyau a shekarar da ta gabata don ƙarfafa aiki da majiyoyi. Ayyatar da aka ba da shawara ita ce: 1. Karanta rubutu na gaba: Castile ta ci masarautar Granada, kagara ta ƙarshe ta Musulunci a yankin, tare da goyon bayan Aragonese, kuma tana cikin wani lokaci na ƙarfin faɗaɗa, kamar yadda wannan nasarar sake cin nasara ta tabbatar. Yaƙe-yaƙe na dogon yaƙin da aka yi da Granada sun yi aiki, a tsakanin wasu abubuwa, don inganta dabarun soji har ma da gabatar da sababbin abubuwa masu muhimmanci a cikinsu. Bugu da ƙari, fasahar kewayawa ta inganta sosai a duk tsawon ƙarnin sha biyar, kuma Castile ta sami damar zama, a lokacin Trastámara, ainihin ƙarfin ruwa da kasuwanci a hanyoyin Atlantika da na Bahar Rum. Spain daga ƙarnin sha uku zuwa sha biyar: Sauye-sauye na Ƙarshen Tsarin Feudalism, Francisco Javier Fernández 2. Bayyana, bisa ga rubutun, wane yanayi na siyasa, tattalin arziki, da fasaha a Spain suka goyi bayan faɗaɗawa. Idan aka yi la’akari da cewa zaɓuɓɓukan da ke gaba su ne ƙwarewar bincike da aiki da majiyoyi da aka tsara a shirin malamin, wanne ne daga cikinsu ayyatar da aka ba da shawara za ta fi ƙarfafawa?",Ƙirƙiri ka'idoji bisa ga hujjoji,Gano fassarar tarihi na marubucin,Gane asalin manufar tushen,Kafa darajar bayanan da aka bayar,,,,A,Social studies,Teaching strategies,Secondary,2019,
672,"Malam/Malama, don sashin nan na “'Yancin Kai na Chile”, yana/tana ci gaba da tsara shirin nan: Manufar Koyo: Bayyana yadda aka ci gaba da aiwatar da 'yancin kai na Chile, la'akari da waɗanda suka taka rawa da rukunonin da suka fuskanci juna, muhimman maza da mata, ci gaba da koma bayan batun kishin ƙasa, da wasu muhimman abubuwan da suka faru. Manufar Ajin: Bambance matsayin 'yan kishin ƙasa da masu goyon bayan sarauta dangane da tsarin neman 'yanci. Ƙwarewar tunani da za a inganta: Tunani mai zurfi. Wanne daga cikin ayyukan da aka lissafa zai yi daidai da manufofin ajin kuma za a iya haɗa shi cikin shirin?",Cika mai tsarawa mai hoto da matakan Samun 'Yancin Kai,Gina mujallar bango tare da bayanin jarumai na 'Yancin Kai,Ƙirƙiri memes uku waɗanda ke nuna ra'ayoyin masu ruwa da tsaki daban-daban a cikin tsarin samun 'yancin kai,Yi bidiyo na tsawon minti biyu da zai sake nuna ɗaya daga cikin abubuwan da suka faru a lokacin samun 'yancin kai,,,,C,Social studies,Teaching strategies,Secondary,2019,
673,"A farkon sashin nan mai taken ""Rushewar dimokuradiyya da lokacin mulkin kama-karya"", wata malama ta bukaci ɗalibanta na aji shida su yi aiki a rukuni don kammala jigon lokaci tare da manyan abubuwan da suka ji waɗanda suka tsara tarihin ƙasar Chile daga 1970 zuwa 1990. Yayin da take lura da aikin, sai ta lura cewa ɗaya daga cikin ɗaliban yana matuƙar dagewa wajen tambayar sauran abokan karatunsa: ""To, amma fa, wa ya jawo juyin mulkin sojoji?"" Idan aka yi la'akari da tambayar ɗalibin, wace matsala ce a cikin koyon matakan tarihi za a iya hangowa?",Iyakancewar hangen nesa ga bayanan da suka maida hankali kan al'amuran ɗan gajeren lokaci,Takaita bincike dalilai daga mahangar halin yanzu,Rasinan ikon tantance bayanan tarihi fiye da fagen siyasa,Rashin sanin yawaitar dalilan da ke tattare da abubuwan tarihi,,,,D,Social studies,Student understanding,Secondary,2019,
674,"Malami a aji na 7, a cikin sashin ""Wayewar garuruwan da suka ba da gudummawa ga samar da al'adar Yamma,"" ya tsara wani darasi da nufin siffanta Tekun Bahar Rum a matsayin wani wuri na zirga-zirga da musaya, da manufar bunkasa fasahar tunanin yanayin kasa, wanda ke da alaƙa da fahimtar rabuwar wuri da tsare-tsare waɗanda ke haɗe da mu'amalar yankuna. Bisa la'akari da tsarin darasin, wace daga cikin ayyukan da ke gaba ya kamata a gabatar don tantance ko ɗaliban sun cimma nasarar koyo da ake tsammani?","Bayyana wuri da halayen Tekun Bahar Rum, ta amfani da taswirar siyasa ta yanzu","Bayyana hanyoyin sadarwa da ke kewaye da Tekun Bahar Rum, ta amfani da taswirar tarihi",Yi bayanin siffofin ƙasa daban-daban na yankin Mediterranean ta amfani da taswirar zahiri,Bayyana muhimman fannoni na yanayin ƙasa na Tekun Bahar Rum ta hanyar ƙirƙirar taswirar tunani,,,,B,Social studies,Teaching strategies,Secondary,2019,
675,"Wata malama/malami na tsara darasi don sashen ""Bambancin Yanayin Ƙasa na Chile: manyan siffofin jiki da albarkatun yankuna daban-daban na halitta na ƙasar"", da nufin bai wa ɗalibansu na aji na 5 damar siffanta manyan yankuna na halitta na Chile da yanayinsu, suna la'akari da matattararsu ta yanki. Don haka, suna buƙatar tsara wani aiki na ƙarshe wanda zai ba su damar tabbatar da ko an cimma manufar. Wane ne daga cikin waɗannan ayyukan zai dace don auna manufar da aka gabatar don wannan darasin?","Ku ƙirƙiri taswirar yankunan yanayi na Chile, ta amfani da alamomin da aka saba amfani da su",Kwatanta yankuna na yanayi na Chile ta amfani da hotuna da taswiro daban-daban,Gano sanannun wuraren yawon bude ido na kowane yanki na Chile ta amfani da Tsarin Kwatance na Wuri,"Nemo a kan taswira yankunan halitta na Chile da ka ziyarta tare da iyalinka, kuma ka bayyana su",,,,B,Social studies,Assessment,Secondary,2019,
676,"Wata malama, a cikin sashin “Tsarin siyasa na Chile”, tana shirin wata darasi inda za ta yi aiki a kan ka’idar wakilci kuma za ta ba da wasu misalai na mukaman da aka zaba ta hanyar kuri’ar jama’a, da nufin cewa ɗalibanta na aji na 6 ko na 7 su fahimci “Muhimmancin zaɓen jama’a ga tsarin dimokuraɗiyya na Jihar Chile”. Idan aka yi la'akari da manufar darasin, wane ne daga cikin waɗannan alamomin ya dace don tantance ɗaliban a ƙarshen wannan darasin?",Suna gano wane ne hukumomin siyasa da aka zaɓa ta hanyar jefa ƙuri'a don wakiltar ƴan ƙasa,Suna bayyana muhimmancin zaɓaɓɓun hukumomi don yanke shawara na amfanin jama'a,Sun bayyana manyan ayyukan hukumomin da ke wakiltar ƴan ƙasa bayan kammala tsarin zaɓe,Suna nuna misalan nau'o'in shiga harkokin dimokuradiyya daban-daban da ke faruwa a cikin al'umma da kuma a cikin muhallinsu na kusa,,,,B,Social studies,Assessment,Secondary,2019,
677,"Wani malami, yayin da yake gabatar da manufofin ɗabi'a da halaye, ya yi nuni da cewa abin da ke da kyau ga wasu ba lallai ba ne ya zama mai kyau ga wasu. Dangane da wannan, wani ɗalibi ya yi sharhi: “Waɗannan al'amura ne na ra'ayi kuma a ƙarshe komai abu ne na ra'ayi, wanda shi ya sa wasu abubuwa suke daidai ga wasu kuma ba ga wasu ba.” Wace matsala za a iya ganewa a cikin sharhin ɗalibin?",Fahimtar ma'anar ra'ayin son rai kamar dai ɗabi'ar dangantaka ce kawai ta gaskiya da muke fada a cikinta,Ragegowa da da'awowin sanin da'awowin hukunce-hukuncen ɗabi'a bisa dalilin ra'ayoyin mutane masu yawa daban-daban,Ganin yanayin da mutum ke kallon abu a matsayin wanda zai fara haifar da wani irin ɗabi'a na musamman,Gane cewa dangantakar ra'ayin ɗabi'a sakamakon halin mutum ne,,,,A,Social studies,Student understanding,Secondary,2019,
678,"Malama tana koyarwa a aji na ilimin ɗabi'a kan ma'anar nagartar Aristotelian. Ta tambayi dalibanta su ba da misalan ayyuka ko yanayin da nagarta ke bayyana. Wata ɗaliba ta bayyana cewa ""wanda ya yi karatu mai yawa yana da nagarta kamar wanda ya yi wasannin motsa jiki mai yawa."" Wane irin sa hannun malamar nan ne zai bai wa ɗalibar damar sake nazarin kalaman ta don ta ci gaba zuwa ga ingantacciyar fahimtar nagartar Aristotelian?",Malamin yana tunatar da ɗalibin menene manyan halaye na kirki suke,Malami ya tambayi ɗalibar ta bayyana abin da ta fahimta game da matsakaicin zinare,Malamin yana jagorantar ɗalibin ya tuna cewa nufin ɗan adam yana karkata zuwa ga alheri,Malam ya tambayi ɗalibin ya yi la’akari kan ko ’yan wasa suna da basirar halitta don yin wasan da suke so.,,,,B,Social studies,Student understanding,Secondary,2019,
679,Malamar makarantar sakandare tana son ɗalibanta su iya banbance tsakanin ɗabi'a mai dogaro da kai da ɗabi'a mai dogaro da waje a cikin tsarin ɗabi'a daban-daban. Wane aiki ne zai fi dacewa ga ɗalibanta don su cimma manufar koyon da aka gabatar?,Malamin ya zana jadawali a kan allo tare da manyan ra'ayoyin tsarin ɗabi'a na wanzuwa na Sartre da tsarin Kant,"Malami ya tsara kuma ya bayyana wa ɗalibai taswirar ra'ayoyi wadda ta haɗa da ra'ayoyin ɗa'a na Kantiyanci da na Hedonisanci, bisa tushen asali ko wajibcin ka'idoji ga ɗaiɗaikun mutane.","Malamin ya umurci ɗalibai da su rubuta taƙaitaccen bayani da ke ɗauke da ainihin ra'ayoyin tsare-tsaren ɗa'a na Aristotle da Kant, tare da la'akari da tushen asalin ƙa'idodi ga mutum","Malamar, tare da ɗalibanta, sun gina jadawalin kwatance bisa tushen manufofin da tsarin ɗabi'a da Hedonists da Stoics suka gabatar suke bi",,,,B,Social studies,Teaching strategies,Secondary,2019,
680,"Wani malami ya tsara wata aiki a shekara ta huɗu ta makarantar sakandare don cimma wannan manufa ta koyo: “Tattara ra'ayoyi daban-daban game da wata matsala ta zamantakewar ɗabi’a ta yanzu.” Matsalar da malamin ya tattauna da ɗaliban ita ce yadda za a bayyana iyakokin tsakanin jama'a da na sirri ta mahangar Arendt da sauran matakai na falsafa, haɗa su da amfani da fasahohin zamani na yau. A ƙarshen aikin, an ba da shawarar a auna nasarar koyo na ɗaliban. Wane aiki na ɗalibai ne daga cikin masu zuwa ya fi nuna cewa an cimma wannan manufa ta koyo?",Suna gano hanyoyi daban-daban na falsafa da waɗanda ba na falsafa ba don ayyana iyakokin jama'a da na kashin kai,"Suna gane hujjojin da ke bayyana matsayinsu na kashin kai game da jama'a da sirri a yau, yayin da suke la'akari da tushen falsafar da aka yi amfani da su a cikin aji.","Suna kwatanta hujjojinsu da na ɗalibin ajinsu game da iyakokin jama'a da na keɓaɓɓu a cikin amfani da kafofin sada zumunta, la'akari da nassosin falsafar da aka yi amfani da su a cikin aji","Suna gina muhawara game da ka'idojin sirri a kan kafofin sada zumunta, ta amfani da ra'ayoyi daga masana falsafa na gargajiya, na zamani, ko na yau da kullum",,,,C,Social studies,Assessment,Secondary,2019,
681,"A cikin yanayin kimantawa, wani malami ya umurci ɗalibansa su yi nazari kan tsarin dokokin tunani mai kyau wanda Descartes ya gabatar a cikin ""Jawabi Kan Hanyar."" Wanne daga cikin zaɓuɓɓukan da ke gaba shi ne mai nuna kimantawa da ya dace don aikin da aka ƙayyade kuma ya yi daidai da koyon da ake tsammani?",Suna ba da hujjar matsayin matakan ka'idodin hanyar,Suna gano asalin dalilin kowace ɗaya daga cikin dokokin,Suna gane kowanne daga cikin ƙa'idojin da ke cikin hanyar Cartesian,Suna bayyana bambance-bambance tsakanin kowace ɗaya daga cikin dokokin tunani mai kyau,,,,A,Social studies,Assessment,Secondary,2019,
682,"Malamin makarantar sakandare, a yayin da yake shirya darasin ""Chile a tsakiyar karni na 20"", ya yanke shawarar amfani da hanyar warware matsaloli (problematization) a matsayin dabarar tantance ilimi. Bayan ya nuna wasu hotunan tarihi game da ƙuncin rayuwar mazaunan birni, malamin ya jefa wa ɗalibai tambaya mai zuwa: ""Idan, tun daga shekarun 1930, gwamnatoci suka tallafa wa tsarin jin daɗin jama'a don rage rashin daidaiton zamantakewa, ta yaya za a iya bayyana fitowar 'yan ta'adda da ƙuncin rayuwa a titunan Santiago?""
Wace daga cikin ayyukan da ke gaba ce za a iya tantancewa ta hanyar wannan aikin da aka bayyana?",Suna kwatanta bambance-bambancen haƙiƙanin zamantakewa daban-daban da ke wanzuwa a birane a tsakiyar ƙarni na 20,Sun bayyana wurare daban-daban inda unguwannin ƙauyukan marasa galihu suka taso a tsakiyar ƙarni na 20,Sun danganta tasirin manufofin gwamnati da ci gaban birnin a rabin farko na ƙarni na 20,Suna bayyana ka'idojin Jihar Walwala da kuma dalilan kafa ta a rabin farko na karni na 20,,,,C,Social studies,Teaching strategies,Secondary,2019,
683,"Malami ya gaya wa ɗalibansa na shekara ta 3 na sakandare cewa yayin da suke aikin rukunin darasi mai taken ""Rushewar Dimokiraɗiyya,"" za a yi aiki a rukuni kan manufa kamar haka: ""A yi nazarin rushewar dimokiraɗiyya daga mahangar dalilai masu yawa."" Don haka, ya ba su shawarar su nemi bayanai game da wannan lokaci a cikin hanyoyi daban-daban. Daga nan, ya bayyana cewa bisa ga waɗannan bayanai, a rukuni, za su raba abin da suka bincika tare da sauran ajin. Ɗaya daga cikin rukunonin ya tambayi malamin ko zai dace su yi gabatarwarsu da jirgin lokaci (timeline) na shekarun 1970-1973, tare da nuna muhimman abubuwan tarihi daban-daban. Malamin, bayan ya saurari su, ya gayyace su su nemo wata sabuwar hanyar gabatarwa, saboda aikin da suka gabatar ba zai ba su damar cimma manufar koyo da aka zaɓa ba. Me ya sa amfani da jirgin lokaci bai dace ba dangane da manufar koyo da aka gabatar wa ɗaliban?","Don shī yana goyon bayan bincike ne daga mahangar tsari na lokaci, maimakon daga mahangogi daban-daban","Saboda yana bambanta abubuwan tarihi, maimakon ya kafa tsarin matsayi bisa ga muhimmancinsu","Saboda yana takaita nazarin ga kallon abubuwan da suka faru a jere, maimakon fahimtar tafiyar tarihin","Domin yana sauƙaƙa jeranta abubuwan da suka faru, maimakon rarraba su gwargwadon fannoni daban-daban da ke cikin tsarin tarihi",,,,C,Social studies,Teaching strategies,Secondary,2019,
684,"Dalibai na aji na 3 dole su wakilci tafarkin tarihi na Zamanin Karshe bisa ga ka'idodin lokaci waɗanda masanin tarihi Eric Hobsbawm ya ayyana, ta hanyar gina jadawalin lokaci. Domin cimma wannan aiki, malamin ya ba da umarni mai zuwa: 'Fitar da ɓangaren da ke wakiltar ""ƙarnin 19 mai tsawo"" da kuma ɓangaren da ya dace da ""ƙarnin 20 mai gajarta"".' Sai dai, yayin da aka duba amsoshin, yawanci ba su yi daidai ba, kamar yadda aka gani a misali mai zuwa: Waɗanne ra'ayoyi ne ya zama dole a kafa su a cikin ɗalibai domin su cimma manufar da aikin ya gabatar?",Matakin cigaba da yanayi ko haɗuwa,Ci gaba da canji,Lokaci na tarihi da lokaci na tsari (ko lissafi) na shekaru,Tarihi da sakamako,,,,C,Social studies,Student understanding,Secondary,2019,
685,"A ƙarshen darasi kan ‘Yadda Kasuwa Ke Aiki,’ malami ya gudanar da kimantawa ta gano fahimta don sanin ko ɗalibansa sun fahimci dalilan da ke haifar da canji a buƙatar wani abu. Don haka, malamin ya nemi su zaɓi daga misalai daban-daban, aikace-aikacen wannan yanayi a cikin hali na rayuwa na gaske. Wanne daga cikin misalan nan ne ya dace da aikin ɗalibin da ya yi daidai da nasarar koyo da malamin ke tsammani?","José: Kimanin shekaru biyu da suka wuce, ina sayen cakulan mai madara a shagon makarantar, amma tun da doka ta canza, yanzu dole in saye su a waje kuma in kawo su a cikin jakata","Claudia: Karshen makon da ya wuce, mun je sinima tare da wasu abokai, amma tun da mun iso a makare, ba mu sami tikiti ba, sai muka yanke shawarar mu kashe kuɗin a kan piza da sanwic","Jacqueline: A lokacin hutun bazara, mun shirya kuma muka kama fili don yin wasan ƙwallon kafa sau ɗaya a mako, don haka ina buƙatar samun pesos 1,200 a mako.","Ignacio: Har zuwa bara, na kashe kudin alawus dina wajen sitikokin albam, amma yanzu da yake ba na son albam din kuma, ina ajiye kudin nan don in kashe shi a wani abu dabam",,,,D,Social studies,Assessment,Secondary,2019,
686,"A mahallin sashin Sassa da yanayin aiki na tsarin tattalin arziki da kuɗi, malami zai yi nazari tare da ɗalibansa na aji na farko na makarantar sakandare kan yadda kasuwa ke aiki ta mahangar kayyade farashi. Saboda haka, sun yanke shawarar fara darasin da manufar sassauci da kuma wasu misalai. La'akari da mahallin da aka ambata, wane ilimin gaba ya kamata ɗaliban su mallaka don fahimtar manufar farko?",Ƙa'idar karanci,Dokar buƙata,Tunanin hauhawar farashi,Dabara ta shigarwa,,,,B,Social studies,Student understanding,Secondary,2019,
687,"Wani malami, bayan ya yi aiki a kan darasin ""Tsarin Mulkin Doka,"" yana fayyace irin aikin da zai ba shi damar gane ko dalibansa na ajin hudu na sakandare sun iya fahimtar ka’idojin ginshiki na mulkin doka. Wane ne daga cikin ayyukan da ke biyo baya zai ba da damar tattara shaida don tantance cimma burin?","Yana bayyana, ta amfani da wata majiya, aikin jihar a wajen kiyaye cikakken iko na yanki",Yana nuna da wani labari cewa wata hukuma ta jiha tana bayar da lissafin ayyukanta,Dokoki da ke bayyana alhakin jihar na kiyaye moriyar jama'a baki ɗaya,Bambance-bambance a kan mahimmancin shiga zabe a cikin kafa gwamnati,,,,B,Social studies,Assessment,Secondary,2019,
688,"Malamar aji na biyu tana aiki kan wayewar Girka da Rum tare da ɗalibanta kuma, a matsayin wani ɓangare na ayyukan ajin, ta raba ajin zuwa ƙungiyoyi, tana ba kowace ƙungiya kati wanda ke nuni ga wani muhimmumin abu mai wakiltar waɗannan al'adu, kamar: gidan wasan kwaikwayo, doka, gine-gine da fasaha, tatsuniya, falsafa, harshe, da sauransu. Kowace ƙungiya dole ne ta binciki jigin da aka ba su ta hanyar amfani da hanyoyin samun bayanai da malamar ta bayar kuma su nuna waɗanne ɓangarori na shi ne za a iya gane su a cikin abubuwan zamani kuma waɗanne ne ba za a iya ba. A kan wane ra'ayi na ilimin koyarwa na tarihi ne malamar za ta mai da hankali kan wannan aiki tare da ɗalibanta?",Dawwama,Shaidararriyar magana,Juyin halitta da ci gaba,Ci gaba da canji,,,,D,Social studies,Teaching strategies,Primary,2020,
689,"Wani malami na aji na uku yana aiki tare da ɗalibai kan fannoni daban-daban na rayuwar yau da kullum ta tsoffin Girkawa. Lokacin da ake tattauna tsarin zamantakewa na al’ummar nan ta gargajiya, wata ɗaliba ta ce: “Girkawa mugaye ne.” Malamin ya tambaye ta me ya sa ta faɗi haka, sai ɗalibar ta amsa: “Domin suna da bayi.” Wane kuskure a cikin bincike na tarihi aka lura da shi a cikin kalaman ɗalibar?",Tana tantance ɓangarorin al'adun Girka tana gabatar da nuna son kai na kabilanci,Tana rikita tsarin matsayi na al'ummar Girka da na Rumawa,Tana watsi da gadon al'adun Girka ga wayewar kai ta yanzu,Tana daraja abubuwan al'ummar Girka ta hanyar amfani da rukunonin yanzu,,,,D,Social studies,Student understanding,Primary,2020,
690,"Malamin aji na huɗu ya tara ɗalibai a ƙungiyoyi kuma ya ce su nemi bayanai a Intanet game da wata albarkatun ƙasa ta ƙasar Chile. Sa'an nan, ya nemi su tattauna muhimmancin wannan albarkatu, me zai faru idan ta ɓace, da kuma yadda za mu iya kiyaye ta a yau. A ƙarshe, kowace ƙungiya dole ne ta gabatar da ƙudurorinta ga ajin. Wace fasaha ce malamin yake da nufin bunƙasawa da farko ta hanyar wannan aiki da ke sama?",Bincike,Tunanin sarari,Aiki da ma’ajiya,Tunani mai zurfi,,,,D,Social studies,Teaching strategies,Primary,2020,
691,"Malami na aji na 3 yana so ya fara darasin Girka ta hanyar gabatar da ɗalibansa ga yanayin yanki inda wannan al'ada ta haɓaka da kuma nazarin tasirin da ta yi a kanta.
Wane irin taswira ne zai fi dacewa da manufar da malamin ya sa a gaba?",Na jiki,siyasa,Tattalin arziki,Yanayin-sauyin-gurbataccen-wuri,,,,A,Social studies,Teaching strategies,Primary,2020,
692,"Malamar ajin yara za ta tantance manufar koyo mai zuwa a ƙarƙashin Manhajar Fahimtar Muhalli na Zamantakewa da Al'adu: “Binciken kayan aikin gida da abubuwan fasaha waɗanda suke wani ɓangare na rayuwar yau da kullum, kamar su: kwanoni, kwalaben roba, tsintsiya, cokali, wayoyi, da dai sauransu, ta hanyar amfani da su sannu a hankali a cikin yanayi na yau da kullum da wasanni.” Wane irin aiki ne ke nuna an cimma manufar koyon da aka faɗa?",Ka yi ta fadin sunayen kayan fasaha kamar waya da agogo,"Yi amfani da kayan abinci na gida, kamar kofi da cokali, wajen yin wasan cin abinci","Taɓa, sarrafa, da kuma fitarda sauti da kayan amfani na gida, kamar kwanuka da cokula","Tsara kayan fasaha, kamar wayar hannu da wayar tarho, a wurin wasa da ya dace",,,,B,Social studies,Assessment,Pre-primary,2020,
693,"A makarantar yara ƙanana, malamar za ta yi amfani da bayanan lura a matsayin kayan aiki don tantance koyon yara ƙanana bisa ga waɗannan alamomin na Ma’aunin Fahimtar Muhalli na Al'adu da Zamantakewa: Yana sanar da ayyukan da aka saba yi na al'ummar su. Yana bayyana yadda suke shiga cikin ayyukan da aka saba yi na al'ummar su. Wace irin ƙwarewar koyo ce za ta dace a lura da ita don tabbatar da nasarorin yaran dangane da alamomin da aka nuna?",Akwai abubuwan da ke faruwa a cikin al'ummar ilimi,Raba a cikin da'irar gaisuwa abin da suka yi a karshen mako,"Suka taru a ƙananan ƙungiyoyi, su yi kwaikwayon ayyukan yau da kullum da suke yi a gida","A rukuni, tattauna rawar da 'yan uwa ke takawa a bukukuwa",,,,B,Social studies,Assessment,Pre-primary,2020,
694,"Malamar aji uku a wani kimantawa na ci gaba ta lura cewa ko da yake ɗalibanta sun ƙware a fahimtar karatu, suna nuna matsala idan ya zo ga gabatarwa da kuma gardama a kan ra'ayoyinsu. Ganin wannan yanayi, malamar za ta inganta wani aiki wanda zai bai wa ɗalibai damar inganta ayyukansu. Wanne ne daga cikin ayyuka masu zuwa zai dace don cimma wannan manufa?","Malamar ta ɓullo da littafin aiki, tare da ɗalibanta, mai ɗauke da nau'ikan hujjoji daban-daban, 'syllogisms', da ruɗu, tana mai musu bayanin yadda za su yi amfani da waɗannan abubuwan a rubutunsu.","Malamin ya kafa ƙungiyoyin tattaunawa game da halayen falsafa a matsayin aikin tunani. Sa'an nan, dole ne ɗalibai su haɓaka tunani na kansu suna bada hujjar matsayinsu","Malamin ya umarci ɗaliban su nemo wani labari mai jayayya a Intanet, sannan su ƙirƙiri gardama tasu ta kansu, bisa ga tsarin da aka gabatar a cikin littafin aikin da aka ba su.","Malamin ya umarci ɗalibai su karanta “wasiƙa zuwa ga edita” kuma su taƙaita hujjojin da ke ciki. Bayan haka, dole ne su tsara nasu wasiƙar zuwa ga editan, suna kafa hujja kan ra'ayoyinsu na kansu.",,,,C,Social studies,Teaching strategies,Primary,2020,
695,"Malamar aji na hudu na sakandare tana aiki a kan darasin Ɗabi’ar Jama’a. Manufar ajin ita ce ɗalibai su gane nau'o'in gwamnatoci daban-daban da aka gabatar tun zamanin da. Domin cimma hakan, ta ba su wasu sassa daga littafin Jamhuriya na Plato kuma ta nemi su ciro tare da bayyana nau’o’in gwamnatocin daban-daban da aka ambata. A lokacin aikin, wata ƙungiyar ɗalibai ta tattauna batu mai zuwa: idan har a yanzu ana ɗaukar dimokaraɗiyya a matsayin ɗaya daga cikin mafi kyawun tsarin mulki, me ya sa Plato ya bayyana ta a matsayin wani tsari na gwamnati mara kyau? Sai suka nemi malamarsu ta taimaka musu wajen warware matsalar. Bisa ga halin da ya gabata, wane sa baki ne daga malamar zai dace don shiryar da ɗaliban da warware tambayarsu?","Tana ce musu su kwatanta gwamnatin kama-karya da ta dimokuradiyya, su tantance bambance-bambancen, sannan su yi amfani da rabe-raben Plato","Ta ɗauki tambayar ɗalibai a matsayin dama don zurfafa shiga cikin ra'ayin Plato game da gwamnati cikakkiya, kuma ta kwatanta shi da nau'o'in gwamnati na yanzu",Tana bayyana cewa gwamnatocin zamani ba za su iya dacewa da cikakken ma'anonin Plato na gwamnati ba saboda matuƙar sarƙaƙiyar tsarin na yanzu,"Ta nemi su sake karanta ma'anar dimokuradiyya ta Plato, sannan tare da su ta yi kwatanci tsakanin tsarin Plato da ma'anar dimokuradiyya ta yanzu",,,,D,Social studies,Teaching strategies,Secondary,2020,
696,"Malamar tana haɓaka darasin ɗabi'a (Ethics) a ajin sakandire na shekara ta huɗu, kuma a zama na gaba za ta magance manufar koyo mai zuwa: ""Haɓaka ra'ayoyi na kashin kai game da ɗabi'ar ɗan Adam, tare da sake gina da kuma yin tambaya game da tushen wasu marubuta."" A farkon ɓangaren darasin, malamar za ta bayyana wa ɗalibai ra'ayoyin ilimin ɗan Adam da Hobbes da Rousseau suka bayyana, kuma ta shirya wani aiki na gaba wanda zai ba ɗalibai damar shiga cikin wannan abun ciki da cimma manufar. Wanne daga cikin ayyukan da ke gaba ne zai dace ga ɗalibai don magance manufar da aka bayyana?","Dalibai sun yi gabatarwa ta baki a gaban abokan karatunsu, suna nuna misalai na rayuwar yau da kullum waɗanda ke nuna halin ɗan Adam a yanayin halitta, a cewar Hobbes da Rousseau.","Yan makaranta suna yin wasan kwaikwayo na matsayi, inda dole su yanke shawara ko za su yi aiki bisa ga ra'ayin ilimin ɗan Adam na Hobbes ko na Rousseau domin cimma manufa","Dalibai sun gudanar da tattaunawar teburin zagaye a kan batun fashin manyan kanti, suna jayayya bisa ga ka’idojin ilimin ɗan Adam na Hobbes da Rousseau","Daliban sun gabatar da wani batu na da'a da ya shafi ɗaukar matsayi don bukatun ma'aikata ko na mai aiki, suna jayayya daga tushen ilimin ɗan adam na Hobbes da Rousseau",,,,C,Social studies,Teaching strategies,Secondary,2020,
697,"Malami yana nazarin sassa daban-daban daga littattafan falsafa tare da daliban aji na 12, waɗanda suka haɗa da Nietzsche da Sartre. Wani dalibi ya tambaya ko akwai wata alaƙa tsakanin maganar Nietzsche: “Allah ya mutu” da damuwar wanzuwa a cewar Sartre. Wane daga cikin amsoshin da ke gaba zai warware shakkar dalibin da harshe mai cikakken bayani da daidaiton ra'ayi?","Haka ne, akwai alaƙa, domin Ka'idar Sartre ta samo asali daga abin da masana falsafa kamar Nietzsche suka taɓa nuna","Eh, akwai alaƙa, domin dukkaninsu suna nuni ga ra'ayoyin falsafa masu ƙalubalantar abin da mutane suka daɗe suna ɗauka a matsayin daidai","E, akwai dangantaka, tun da yake duka maganar nan ta “Allah ya mutu” da firgicin rayuwa suna nufin yanci ko ikon cin gashin kan ɗan adam na ɗabi’a dangane da Ubangiji, don yanke shawara da kuma yin aiki daidai ko kuskure.","Eh, suna da alaƙa, tun da dukkan marubutan biyu suna tunani game da yanayin ɗan adam a gaban wanzuwa, da kuma cikakken rashi da rashin tabbas na jagorancin ɗabi'a don jagorantar ayyukan mutum, wanda ke zama mai dogaro ba tare da ka'idojin Ubangiji ko na ƙarshe ba.",,,,C,Social studies,Student understanding,Secondary,2020,
698,"Malami na aji huɗu a babbar sakandire ya yi bayanin sukan Kant game da fannonin ilimi, sa'annan ya umarci ɗalibansa su amsa wasu tambayoyi masu alaƙa a cikin littattafansu na rubutu. Bayan ya duba, ya gano cewa yawancin ajin sun ruɗa amsar Kant game da abin da ake sani da ra'ayin masu dogaro da hujjoji na zahiri (Empiricists). Wane aiki ne zai dace ɗalibai su yi don fahimta da rarrabe tunanin Kant?","Dalibai sun taƙaita manyan halayen tunanin masu son kwarewa da na Kantian, suna lura da su a cikin litattafansu/littafansu na rubutu","Dalibai sun gudanar da bincike a kan tunanin Kant da Locke, sannan kuma suka gabatar da manyan gudummawarsu.","Dalibai za su yi nazarin kwatance na ra'ayoyin masu ra'ayin gogewa, masu ra'ayin hankali, da ra'ayoyin Kant, ta hanyar taswirar ra'ayi","Ɗalibai sun ƙirƙiro kamus na kalmomin Kantiyanci, Empiristanci, da Rationalistanci",,,,C,Social studies,Teaching strategies,Secondary,2020,
699,"Wani malami na Sakandare na aji na 4 ya tsara buri ga ɗalibansa su tantance da fassara jumlar Nietzsche cewa ""babu hujjoji, fassarori ne kawai"", wanda saboda haka ya yanke shawarar yin amfani da kayan aiki na kafofin yaɗa labarai. Wane ne daga cikin ma'adanai masu zuwa ya dace don cimma wannan buri?",Nuna labarin ƙarya da hujjojin da ke ɓata shi,A nuna hotunan da aka gyara da na gaske na jaruman talabijin,Fallasa labaran jarida guda biyu akan abu daya amma da dabarun edita mabambanta,Nuna adadin so da rashin so a kan hoto game da wani labari,,,,C,Social studies,Teaching strategies,Secondary,2020,
700,"Wani malami ya kimanta darasin Ilimin Sanin Gaskiya (Epistemology) a aji na uku na makarantar sakandare, musamman yana mai da hankali kan hujjojin Descartes game da Jigo (Substance). A cikin kimantawar, ya lura cewa wasu ɗalibai suna bayyana hujjoji game da ra'ayin cikar kamala da suke kama da waɗannan:

A cewar Descartes, idan dukan mutane suna da ra'ayin menene kamala, hakan ya faru ne saboda dukanmu mun taɓa samun gogewar wani abu kamili, kuma saboda haka an sanya wannan tunani a cikin zukatanmu. Kuma idan dukanmu mun san wani abu kamili, hakan ya faru ne saboda Allah ne ya halicci waɗannan abubuwan.

Dangane da hujjojin Descartes, wace irin matsalar fahimta a tsarin koyo ce za a iya samo ta daga wannan amsa?",Dalibai sun kasa haɗa matsalar Descartes game da cikakken abu wanda ya samo asali daga ra'ayoyinmu,Dalibai ba su fahimci hujjar Descartes ba game da ra’ayin kamala a matsayin tunanin haifaffe wanda ya samo asali daga hankali,"Dalibai ba su fayyace bayanan nasu yadda ya kamata ba, suna bayani cikin ruɗani game da Hujjar Cartesian a kan ra'ayin Allah wanda ya samo asali daga kamala",Ɗalibai ba su tsara jerin hujjar yadda ya kamata ba don bayyana hujjar Descartes wacce ke fitar da wanzuwar Allah daga tunanin kamala,,,,B,Social studies,Student understanding,Secondary,2020,
701,"Malamin makarantar sakandare na aji hudu yana shirin yin bayanin ka’idar siyasar Plato, kuma saboda wannan yana bukatar ya duba ko ɗaliban suna da masaniyar da ake bukata a baya. Wane ra'ayi na Plato ne ɗalibai ke buƙatar sani don su fahimci yadda Plato ke ɗaukar Jiha da kyau?",Irin rayuka,Rikar ta ruhu da jiki ta Plato,Ka'idar ra'ayoyi,Tunanin kyawawan halayen siyasa,,,,A,Social studies,Student understanding,Secondary,2020,
702,"Wani malami yana koyar da darasin Ilimin Sanin Asali (Epistemology) a aji na uku na sakandire tare da dalibansa, kuma a matsayin wani aiki don cimma manufar: ""Fahimtar asalin ilimin ɗan Adam,"" sun ba da shawarar karantawa da fassara Zuzzurfan Tunani na Farko na Descartes.

Wanne ne daga cikin ilimin da suka rigaya suka samu ya zama wajibi dalibai su mallaka don cimma manufar darasin?",Tunanin Ra'ayin Hankali da Ra'ayin Gwaninta,Ma'anonin ilmin kimar abubuwa (axiology) da ilmin sanin gaskiya (epistemology),Rundunonin Tabula Rasa da kuma zuggagewa,Ruhun dabba da mazgwon kwakwalwa,,,,A,Social studies,Student understanding,Secondary,2020,
703,"Malamin aji na 12, a sashin ilimin Ɗabi'a, zai yi aiki tare da ɗalibansa a kan ra'ayin dangantakar ɗabi'a ta Spinoza. Wane tunani ne na Spinoza yake da muhimmanci ɗaliban su mallaka don su fahimci dangantakar ɗabi'a tasa?",Rayuwa mai kyau,Tasiri na asali,son rai na hankali,Ƙwaƙwalwar motsin zuciya,,,,B,Social studies,Student understanding,Secondary,2020,
704,"Wani malami yana tantance ci gaban taswirorin kwatance, waɗanda ɗaliban ajin shekara ta 4 ta sakandare suka haɓaka a rukuni, game da shawarwarin falsafa na Descartes da Locke. Manufar aikin ita ce ɗalibai su fahimci kuma su kwatanta matsalar ilimin sanin gaskiya a cikin marubutan biyu. A cikin aiki ɗaya, an lura cewa ɗalibai sun gabatar da ra’ayoyin da suka dace da marubutan, amma ba a kafa kwatance a tsakaninsu ba. Wace shawara ce a cikin waɗannan masu zuwa ke ba da bayani game da yadda aka yi aikin kuma take shiryar da ɗalibai daidai don cimma manufar?","Ra'ayoyin da aka gabatar sun dace kuma sun yi daidai, amma suna buƙatar rarraba mai zurfi don inganta aikinsu.","Bayyanin kowane marubuci daidai ne. Rashin tsari ne a ciki bisa ga tambayoyi ko ra'ayoyin da suke gama gari, waɗanda suke da amsoshi da ma'anoni mabambanta, don a iya yin kwatankwacin da ya dace.","Aiki ne mai kyau. Amma, don a inganta kwatancin, ya zama dole a daidaita shi da tsanaki sosai bisa ga ra’ayin falsafa na kowane marubuci","Shirye-shiryen falsafa na kowane marubuci an gano su sosai. Yanzu, don yin kwatanci mafi dacewa, yana da mahimmanci a tsara ra'ayoyin tare da ƙarin daidaiton muhawara",,,,B,Social studies,Assessment,Secondary,2020,
705,"Malami na makarantar sakandare, a cikin darasin Matsalolin Kasancewa, zai tantance wannan manufa mai zuwa: “Aiki da zurfin tunani da bincike kan ra’ayin Heidegger na wanzuwar da ba ta asali ba.” Wanne daga cikin waɗannan ayyuka ne zai dace don nuna nasarar koyo da ke da alaƙa da wannan manufa?",Shirya tsarin sati-sati na ayyukan yau da kullum wanda ke nuna salon rayuwa na ƙarya,Kirkiri taswirar tunani tare da dalilai uku da ke kai wa ga rayuwar rashin gaskiya,Yi kwalej da tallace-tallacen jaridu da mujallu da ke nuna rayuwa ta bogi,Rubuta shafin ra'ayi kan yadda tsarin al'ada ke taimakawa wajen samar da rayuwa maras gaskiya,,,,D,Social studies,Assessment,Secondary,2020,
706,"Karanta yanayin nan mai zuwa: Wata malama tana aiki da ɗalibai na shekara ta biyu a makarantar sakandare a kan sashin darasin ""Ƙarfafa Jihar da Dimokraɗiyyar Zamantakewa a Chile a Rabinsu na Farko na Ƙarni na 20"". Domin tantance ko ɗalibai sun fahimci tsarin kafa Ƙungiyar Jama'a a Chile, sai ta ce su haɗu da abokan ajinsu biyar su zaɓi ɗaya daga cikin ƙungiyoyin siyasa na tsakiya-hagu waɗanda suka kasance a Chile a shekarar 1937 a matsayin batun (socialists, communists, radicals, da anarchists) kuma bisa ga tushen bayanan da aka yi aiki da su a darussan da suka gabata, su amsa tambaya mai zuwa: ""Me ya sa ƙungiyar za ta shiga cikin Ƙungiyar Jama'a?"". Sannan ta ce su yi kwaikwayon wani taro inda kowace ƙungiyar aiki za ta gabatar da dalilan da suka sa ƙungiyar siyasa za ta shiga ko ba za ta shiga Ƙungiyar Jama'a ba. Idan aka yi la'akari da kashi na biyu na aikin, wane irin wasan kwaikwayo ne za a iya tantance shi?",Sun haɗa mahallin da Popular Front ɗin ta fito a ciki,Sun bambance ra'ayoyin da suka tsara Gaban Jama'a,Sun bayyana ƙa'idojin akida na Popular Front,Suna bayyana dalilan kafa Jam'iyyar Hadin Gwiwa ta Jama'a (Popular Front),,,,B,Social studies,Assessment,Secondary,2021,
707,"Malami aji na biyu na makarantar sakandare, a cikin jigon darasi na Daga Duniya Mai Kuttura Biyu zuwa Duniya Gaba Ɗaya: Yaƙin Cacar Baki, yana da burin aiki a kan manufa mai zuwa: “Bambanta manyan sauye-sauye na siyasar ƙasa da ƙasa bayan ƙarewar Yaƙin Cacar Baki,” ƙarƙashin jaddadawar manhaja ta tunanin tarihi. Don yin haka, malamin ya samar wa ɗalibai taswirori biyu na Turai, ɗaya na shekarun 1960 ɗayan kuma na shekarar 2000, yana roƙon su da su bayyana kamanni uku da bambance-bambance uku a fannin siyasar ƙasa da ƙasa. Wane ɓangare na jaddadawar manhajar da aka gabatar ne aka fi mayar da hankali a kai a cikin aikin da aka bayyana?",Tusar takamaiman matakai na tarihi a lokaci da wuri,Nuna yanayin abin da ke faruwa na abubuwan tarihi a tsawon lokaci,Kafa dangantaka tsakanin fannoni daban-daban da ma'aunan sararin samaniya na al'amuran ɗan adam,Ka fahimci cewa tarihi gini ne na ɗan Adam da yake tasowa bisa ga lokaci da wuri,,,,A,Social studies,Teaching strategies,Secondary,2021,
708,Wacce daga cikin ayyuka masu zuwa ce za ta taimaka wa ɗaliban aji na 4 su fahimci bambanci tsakanin matsayi na dangi (relative) da matsayi na cikakken (absolute) na jiki a kan jirgi (plane) ko taswira?,"Ɗalibai ɗaiɗai za su yi alamar masarufai daidai da abubuwa daban-daban da aka zana a kan gidan masarufi, sa'an nan su bayyana wurin waɗannan abubuwan bisa ga waɗanda suke kusa da su. A ƙarshe, za su kwatanta wuraren biyu kuma su raba kudurorinsu.","A rukuni biyu, ɗalibi guda ya zana abu a kan allon grid na coordinates, yana sanya shi bisa ga umarnin da ɗayan ya bayar. Sai su canza matsayinsu kuma su maimaita aikin. A ƙarshe, su kwatanta wuraren sannan su bayyana abin da suka gano.","A biyu-biyu, ɗalibi guda ya ba wa ɗayan umarni ta amfani da ginshiƙin ma'auni don su kai ga teburin da aka nuna a cikin ɗakin. Sannan, sai su tabbatar ko wurin teburin a kan ginshiƙin ma'aunin ya dace da wurin teburin a zahiri kuma su raba sakamakonsu.","Ɗalibai ɗai-ɗai suna bayyana hanyoyin isa wurare daban-daban bisa taswirar da aka zana a kan gidan layukan ƙidaya wadda ke ɗauke da furen kamfas, kana su kwatanta da tattauna bayanan nasu tare da ajin.",,,,A,Social studies,Teaching strategies,Primary,2021,
709,"A cikin aji na 5, wata malamar tana aiki tare da ɗalibanta a kan manufar koyo mai zuwa: ""Bincika, bayyanawa, da kuma gano bala’o’i na halitta da suke shafar yankin da suke ciki, kamar su girgizar ƙasa, tsunami, ambaliyar ruwa, zaizayar ƙasa, da fashewar dutsen wuta."" Bugu da ƙari, an yi niyyar ƙarfafa ci gaban tunanin ƙasa, wato, ƙarfin lura da kuma gano alaƙoki masu yawa da aka kafa tsakanin mutane da muhalli, tare da haɓaka tsarin aiki na kare muhalli tsakanin ɗaliban. Wanne daga cikin ayyukan da ke gaba ne zai iya haɓaka tunanin ƙasa kuma ya cimma manufar da aka gabatar?","Dalībaj suna rarraba ire-iren haɗarurruka na dabi'a daban-daban da ke yankinsu, bisa ga yankin da suke shafa, suna tantance yanayin da suka fi kama da juna",Dalibai suna yin taswirar yankinsu da ke nuna bala'o'i na dabi'a da suka faru a yankin nasu a 'yan shekarun nan.,"Ɗalibai za su bayyana wani haɗari na halitta da ya faru a yankinsu, suna bayyana musabbabinsa, tasirinsa ga al'umma, da kuma matakan da za a iya ɗauka don rage haɗarorin.","Dalibai suna binciken wani hatsarin yanayi da ke yankinsu, suna bayyana irin hatsarin, manyan siffofin sa, da kuma sau nawa ya faru a cikin karni na baya",,,,C,Social studies,Teaching strategies,Primary,2021,
710,"Wata malama tana nazarin tushen juyin mulkin 1973 tare da ɗalibanta na aji shida. Ɗaya daga cikinsu ya katse ta don yin tambaya kamar haka: “Malama, ban gane ba idan kika ce mana: 'Wannan yanayin ya kasance sanadin juyin mulkin ga wannan masanin tarihi, amma ba ga wancan ba.' To, shin Amurkawa sun taka rawa sosai a cikin juyin mulkin 1973? E ko a’a?” Wace kuskuren fahimta game da tarihi, a matsayin fanni, za a iya fahimta daga tsoma bakin ɗalibin?",Rage tarihin zuwa tasirin manufofin ƙasashen waje,Shigar da akidoji cikin labaran tarihi,Ra'ayin tarihi a matsayin cikakken bayani na abin da ya faru a baya,Fassarar dalili ɗaya game da abubuwan tarihi,,,,C,Social studies,Student understanding,Secondary,2021,
711,Malamin aji na 7 zai tantance ko ɗalibansa sun “Bayyana canje-canjen da suka samo asali daga juyin juya halin zamanin dutse na Neolithic a cikin alaƙar ɗan Adam da muhalli ta hanyar nazarin madogara.” Wanne daga cikin ayyukan da ke gaba zai bai wa malamin damar tattara shaida na cimma manufar da aka nuna?,Ku umarci ɗalibai su zaɓi kafofin yanar gizo ɗaya bayan ɗaya game da halayen zamanin Dutse na Ƙarshe (Neolithic) kuma su bayyana su,"Ku tambayi ɗalibai su yi aiki a biyu-biyu don nazarin wasu maɓuɓɓuga daban-daban game da juyin juya halin zamanin dutse, sannan su gabatar da muhimman ra'ayoyin kowace ɗaya daga cikinsu",Ku umarci ɗalibai su yi aiki a rukuni biyu-biyu don su kammala jadawali game da bambance-bambance da kamance-kamance tsakanin majiyoyi guda biyu masu alaƙa da tsarin siyasa da zamantakewa da aka kafa a Zamanin Neolithic,"A umarci ɗalibai su rubuta ɗai-ɗai rubutun jayayya game da sauye-sauyen da ayyukan samarwa na Zamanin Dutse Na Ƙarshe suka kawo, bisa ga majiyoyi daban-daban",,,,D,Social studies,Assessment,Secondary,2021,
712,"Malamin aji na 7 yana haɓaka darasin game da fitowar wayewar farko. A ɗaya daga cikin azuzuwan, an yi magana a kan manufar: “Fahimtar tsarin siyasar Masar ta dā.” Ɗaya daga cikin ayyukan da aka nema daga ɗalibai shine karanta wata majiya ta bayanai game da yadda aka tsara ikon siyasar Fir’auna a Masar, don daga baya su tantance daidai da manufar da aka gabatar. Wanne daga cikin ayyuka masu zuwa zai nuna cewa ɗalibai sun cimma wannan manufa?","Suna bayyana tsarin haɗewar masarautun Misra, wanda ya ƙarfafa gwamnatin tsakiya","Suna banbanta tsarin kungiya na mafi iko a cikin masarautar, wadanda suka zabi na farko a cikin takwarorinsu don karban mulki","Suna gane ayyukan firistocin, waɗanda, domin su gina dala-dalai da su bauta wa allolinsu, suka ba da iko ga wani mai daraja",Sun bayyana yadda mamayar wasu al'ummai don mallakar ƙasashen Nilu ta haifar da hawan wani janar mulki wanda ya yi nasarar kayar da su.,,,,A,Social studies,Assessment,Secondary,2021,
713,"Malami a aji na 8 tana aiki a kan babi mai taken 'Hawawar Masarautun Ƙasa,' tana da niyyar haɓaka ƙwarewar karatu da nazarin tushe, musamman amincin tushen, la’akari da tsarin karatu kan ƙirƙirar tunanin tarihi. Don haka, ta gabatar da karanta tushe mai zuwa: Ba wanda zai iya musun cewa ikon [...] na sarakuna ya karu yayin da albarkatun tattalin arziki da girman sojoji suka ƙaru. Bugu da ƙari, dokar ba wai kawai ta kare talakawa ba ne har ma da ikon shari'a na sarakuna. Lauyoyi sun kasance ɗaya daga cikin manyan abubuwan gyaran masarautu. Kuma wannan ya kasance gaskiya musamman a ƙasashen da ƙwarewar aikin Shari'a [...] ta samo asali ne daga dokokin tsohuwar Roma [...] (Turai ta Gyara. 1517 - 1559, Elton Geoffrey (1999).) Wanne daga cikin ayyuka masu zuwa ne zai haɓaka kai tsaye nazarin amincin tushen ta ɗaliban?","Ka tantance nau'in tushe, na farko ko na biyu, dangane da shekarar bugawarsa",A tabbatar da wanene Elton Geoffrey da kuma menene niyyarsa yayin rubuta tushen,Gano mahangar marubucin na tarihi game da sarautun ƙasashe,Bayyana amfanin rubutu game da ikon sarki wajen fahimtar tasowar sarautun ƙasa,,,,B,Social studies,Teaching strategies,Secondary,2021,
714,"Wata malama za ta fara aiki da ɗalibanta na aji na shida bisa ga shirin da ke gaba: Kashi na Aji na 6: Tsarin siyasar ƙasar Chile da kuma asalin ƙa'idojin da Tsarin Mulki ya kafa. Manufar Koyo: Bayyana wasu ginshikai na tsarin dimokuraɗiyya na ƙasar Chile, gami da rabon ikon gwamnati da kuma wakilcinsu ta hannun zaɓaɓɓun jami'ai (kansiloli, magajin gari, wakilai, sanatoci, da Shugaban Ƙasa). Alamar Tantarcewa: Gane manyan halayen da tsarin dimokuraɗiyya na wakilci dole ne ya kasance yana da. Wanne daga cikin waɗannan abubuwan koyarwa ne ke da muhimmanci ga ɗalibai su fahimta domin su cimma nasarar da ake buƙata?",Shigar da ɗan ƙasa/Shiga na ɗan ƙasa,'Yanci da wajibai,Irin Jiha,Hanyar nada hukumomi,,,,A,Social studies,Student understanding,Secondary,2021,
715,"A cikin aji na uku na sakandire, malami yana aiki a kan sashen Ilimi, Kimiyya, da Gaskiya, musamman bambancin Hume tsakanin tasiri da tunani a matsayin tushen ilimi. Bayan da ya yi bayanin cewa nau'ikan fahimta guda biyu suna fitowa daga gogewa kuma suna zama ginshiƙin dukan ilimi, wani ɗalibi ya yi tambaya: ""Amma a cikin tunaninmu, muna da wasu tunane-tunane na abubuwan ƙagagge waɗanda ba su wanzu a zahiri kuma muke fahimtar su a sarari kamar dai su tasiri ne. Saboda haka, ba dukan ilimi bane tushensa ya fito daga gogewa."" Wace wahala a fahimtar waɗannan ra'ayoyi na ilimin sanin gaskiya na Hume za a iya gane ta daga shigarwar ɗalibin?",Yana danganta halayyar asali ga ra'ayoyi na ƙagaggen abu,"Yana amfani da ka'idojin dangantaka ga ra'ayoyi, kuma ba ga tasiri ba","Ya samo asalin tasirin a cikin zuciya, ba a cikin gogewa ba",Yana danganta ra'ayoyi da matakin kuzari mafi girma fiye da buri (ko: ji),,,,A,Social studies,Student understanding,Secondary,2023,
716,"Malamin falsafa na mataki na 4, a karshen sashin kan Da'ar Aristotle, yana da burin tantance manufar koyo mai zuwa: “Fahimtar manufar kyawawan halaye ta Aristotelian.” Wanne daga cikin wadannan alamomi ya yi daidai da manufar da aka bayyana?",Sun kwatanta ayyuka daban-daban bisa ga tunanin dabi'a,Suna bayyana ayyuka daban-daban da suka yi daidai da ra'ayin ma'anar zinariya,Suna banbance ayyuka na son rai da 'yanci daga ayyuka marasa son rai da 'yanci,Suna gane ra'ayin Aristotelian na kirki a cikin yanayi daban-daban,,,,B,Social studies,Assessment,Secondary,2023,
717,"Wata malama, mai aiki a Ajin Farko na makarantar sakandare a kan darasin Ci gaba, Masana'antu da Rikici: Samuwa da Tasirin Sabon Tsari na Zamani a Kasar Chile da Duniya, ta sanya a matsayin ɗaya daga cikin manufofin tantancewa cewa ɗalibanta su nuna tunaninsu mai zurfi ta hanyar tantance manyan halaye na tattalin arzikin Chile a rabin na biyu na karni na 19. Wanne daga cikin waɗannan alamomin tantancewa ne ke nuna cewa ɗaliban sun cimma manufar tantancewa da aka gabatar?",Suna bayyana canje-canjen tattalin arzikin Chile a rabi na biyu na karni na goma sha tara,Suna bayyana manufofin tattalin arziki da Jiha ta kafa a rabin na biyu na karni na 19.,Sun bambanta manyan sanadin ci gaban tattalin arzikin Chile a rabi na biyu na karni na 19,Sun yi jayayya game da ra'ayoyin da suka shafi tsarin ci gaban tattalin arziki na ƙasar Chile a rabin na biyu na karni na 19,,,,D,Social studies,Assessment,Secondary,2023,
718,"Malamin aji na biyu, a rukunin Duniya Mai Rarrabuwa Biyu (Bipolar World), zai tattauna manufar darasi mai zuwa: “Bayyana (ko siffanta) tsare-tsaren siyasa da akida na Amurka da Tarayyar Soviet a lokacin Yaƙin Cacar Baki (Cold War),” a daidai da mahimmancin tsarin karatu na Ilimin Zaman Takewa (Social Sciences): hangen nesa na siyasa da tattalin arziki. Idan aka yi la'akari da mahallin da aka gabatar, wace ce daga cikin ayyukan da aka ba ɗalibai don yi ta yi daidai da manufar darasi da kuma mahimmancin tsarin karatun da aka gabatar?","Yi bincike a yanar gizo game da yadda aka aiwatar da tsarin tattalin arzikin Amurka da Tarayyar Soviet da tasirinsu a fagen siyasa, la'akari da yankunan tasirinsu daban-daban a lokacin Yaƙin Cacar Baki, sannan ka rubuta wata maƙala a kai","Ƙirƙiri tsarin zane game da manyan abubuwan tarihi mafi shahara a fannin siyasa da tattalin arziki na tsare-tsaren akida na Amurka da Tarayyar Soviet, sannan ka bayyana a cikin sakin layi ɗaya yadda kowannensu ya bunkasa a lokacin Yaƙin Cacar Baki","Karanta majiyoyi na biyu masu alaƙa da tsare-tsaren Amurka da Tarayyar Soviet a lokacin Yaƙin Cacar Baki, sannan ka rubuta kammalawa game da muhimman abubuwan siyasa na tsakiya da tushen tsarinsu na tattalin arziki, kana gano fa'idodi da illolin kowane tsari.","A kirkiri teburin kwatance domin nuna kamarfani da bambance-bambance tsakanin tsare-tsaren Amurka da Soviet a lokacin Yaƙin Ciki da Ciki, ta hanyar amfani da matakan nazari kamar ƙawancen soja da tattalin arziki da aka kafa da wasu ƙasashe da kuma yankunan tasirinsu",,,,C,Social studies,Teaching strategies,Secondary,2023,
719,"Malami yana shirin gudanar da jerin ayyuka uku, ta yin amfani da kafofin bayanai, don ɗaliban ajinsu na biyu a babbar sakandare su fahimci yanayin gaba da gaba na akidojin da suka jagoranci manyan ƙasashe masu iko yayin Yaƙin Cacar Baki; a cikin wannan tsari, sun tsara ayyuka daban-daban masu yiwuwa. Wane ne daga cikin jerin ayyukan nan masu zuwa ya dace don ɗalibai su cimma burin da aka faɗa?","1: A kan taswirar tarihi ta zamanin Yaƙin Sanyi, za su gano wuraren da aka yi rikice-rikicen soja na ba-kai-tsaye tsakanin manyan ƙasashe.

2: A rukuni, za su zaɓi ɗaya daga cikin rikice-rikicen da aka gano kuma su bayyana canje-canjen yanayin ƙasa da siyasa da ya jawo.

3: Za su ƙirƙiri teburin taƙaitawa game da rikice-rikicen, suna fayyace nasarori da gazawar kowace daga cikin manyan ƙasashe masu iko a cikinsu.","1: Suna lura da hotunan farfaganda daga Amurka da Tarayyar Soviet, suna bambanta yanayin ƙirƙirar su, manufa, da sauransu.

2: An haɗa su rukuni-rukuni, za su zaɓi ɗaya daga cikin manyan ƙasashe masu ƙarfi kuma su ƙirƙiri hoto wanda ke wakiltar ta.

3: Za su shirya gabatarwa da waɗannan hotuna a ƙarƙashin taken “Amurka vs USSR,” don tantancewa ta hanyar jefa ƙuri’a wace babbar ƙasa ce ta fi ƙarfi.","1: Suna nazarin takardu daga manyan hukumomin leken asiri na kowace daga cikin manyan iko (KGB da CIA), suna gane manufofinsu.

2: A haɗe, suna ƙirƙirar zane wanda ke gabatar da hujjojin da kowace hukuma ta bayar dangane da hanyoyin aikin su.

3: Suna ƙirƙirar jadawalin kwatance game da kowace daga cikin tsare-tsaren siyasa da hukumomin leken asiri na manyan iko ke ƙoƙarin karewa.","1: Suna binciken shafukan intanet don neman majiyoyin manyan dabarun sojan manyan kasashe masu iko a lokacin Yaƙin Sanyi.

2: A rukunai, suna karanta majiyoyin kuma suna fitar da manyan ra'ayoyin kowane ɗaya daga cikinsu.

3: Suna gabatar da ƙarshen bincikensu ga ajin, suna bayyana bambance-bambance da kamance-kamancen dabarun da kowane ɗaya daga cikin manyan kasashen ya ɗauka.",,,,C,Social studies,Teaching strategies,Secondary,2023,
720,"A lokacin rukunin Baraka ta Dimokuradiyya, wata malama a cikin aji na babbar makaranta mataki na biyu tana shirin yin aiki kan nazarin tushen hoto. Don haka, ta shirya tambayoyi daban-daban ga ɗalibanta don su yi nazarin hoton da ke biyo baya: (Hoto na ɗaya daga cikin zane-zanen bango na Rundunar Ramona Parra wanda aka zana a watan Oktoba 1972 kuma da nufin kare Ƙungiyar Haɗin Kai ta Jama’a. An nuna wannan hoton a Gidan Tarihi na Fasahar Zamani. Daga baya Eduardo ""Mono"" González ya ceto shi a 2002.) Wacece daga cikin tambayoyin da ke biyo baya aka tsara don gudanar da nazari na ciki na hoton a matsayin tushen tarihi?",Shin tushen yana da son kai?,Menene ainihin manufar da tushen ya isar?,Menene yanayin tarihi na tushen?,Wane ne marubucin tushen?,,,,B,Social studies,Teaching strategies,Secondary,2023,
721,"Malami a makarantar sakandare na shekara ta biyu yana gab da kammala shirya rukunnin darasin: Daga duniya mai bangarori biyu zuwa duniya mai dunkulewa. Yaƙin Sanyi. A matsayin aikin rufewa, suna shirin tantance, a tsakanin wasu abubuwa, manufa mai zuwa: ""Fahimtar tasowar Jihar Jin Dadi."" Waɗanne daga cikin nau'o'in alamomi guda biyu masu zuwa ne za su ba da damar auna nasarar koyon ɗalibai?","Suna gano yarjejeniyoyin dake tsakanin jam'iyyun siyasa don kafa ikon gwamnati kai tsaye a kan kasuwa, wanda hakan zai tallafa wa samun daidaito mai girma a tsakanin al'umma.

Suna jayayya da aiwatar da manufofin tallafi na jihar jin dadin jama'a da nufin rage rashin daidaito na zamantakewa da tattalin arziki","Sun gano rawar da gwamnati ke takawa wajen magance muhimman hakkoki waɗanda cibiyoyi masu zaman kansu ba za su iya ba da tabbacin su ba lokacin da aka kafa gwamnatin jin daɗin jama'a a Turai.

Sun bayyana sukar da aka yi wa gwamnatin jin daɗin jama'a game da matsalolin kuɗi da ta jawo a Turai, wanda ya kai ga durƙushewar ta a cikin shekarun 1970.","Suna banbanta hanyoyin tsara kasuwa da raba dukiyar da aka kafa a Turai ta hanyar gwamnatin jin dadin jama'a (welfare state).

Suna jayayya da mahimmancin yarjejeniyoyin tsakanin gwamnati, 'yan kasuwa, da kungiyoyin kwadago don tsara da kuma kiyaye zaman lafiyar gwamnatin jin dadin jama'a.","Sun bambanta halayen jihar walwala da aka kafa a Turai, kamar kafa dokokin zamantakewa.

Sun bayyana yadda jihar walwala da aka kafa a Turai ta bai wa fifiko ga haƙƙoƙin zamantakewa a kan haƙƙoƙin farar hula da na siyasa.",,,,C,Social studies,Assessment,Secondary,2023,
722,"Malamar, a cikin sashin Ƙarshen Yakin Caca-kusa, ta shirya wani aiki ga ɗalibanta na aji goma domin su yi aikin nazarin tushen bayanai na farko. Saboda wannan dalili, ta sa suka karanta kuma suka amsa tambayoyi dangane da wannan guntun rubutu daga tarihin rayuwa da ya rubuta: Ma’abota farkon manufar “perestroika” shi ne babban tabbaci cewa ba za mu iya ci gaba da rayuwa kamar yadda muke ba. Na sha yin magana game da wannan kuma ba zan yi ƙoƙarin maimaita kaina a nan ba. Ban taɓa yin nadama ba, ko da na ɗan lokaci kaɗan, cewa ni ne mai fara juyin canji mai tsanani a cikin rayuwar ƙasarmu. Abin da ya bayyana game da abin da ya faru a baya, ta hanyar ""glasnost,"" ya tabbatar da hakan ba tare da jinkiri ba kuma ba tare da tausayi ba cewa tsarin da aka ƙirƙira bisa ga ƙa’idodin mulkin kama-karya da totalitaranci ba za a iya jure masa ba, ba wai kawai ta fuskar ɗabi'a ba, har ma ta fuskar muhimman muradun ƙasar a fannin tattalin arziki da zamantakewa. Ya tura ƙasar zuwa turɓa mai mutuwa kuma ya ajiye ta a bakin rami mai zurfi. Kuma ya ci gaba da wanzuwa ta hanyar ƙarfi, ƙarya, tsoro, raunin sha’awar jama'a, haka kuma ta hanyar taimakon allurai na ƙarya waɗanda suka ɓata dukiya da raunana damar gaba. Juyin Mulkin Agusta. Gaskiya da Abubuwan da Ya Haifar, Mikhail Gorbachev. Ga ɗaya daga cikin tambayoyin da ɗalibi ya amsa dangane da rubutun da ke sama: Wace irin siffa yanayin da aka kafa manufofin Perestroika da Glasnost a tsohuwar Tarayyar Soviet (USSR) yake da ita? Perestroika: tabbacin cewa ba za a iya ci gaba da rayuwa kamar yadda ake ba. Glasnost: tsarin da aka ƙirƙira bisa ga ƙa’idodin mulkin kama-karya da totalitaranci wanda ba za a iya jure masa ba. Wace irin rauni ce ta bayyana a cikin amsar ɗalibin, game da ikon fassara tushen bayanai?",Ya yi fassarar tushen daga mahanga ta kashin kai,Nuna martanin akan ɓangarorin da ba su da fassarar a zahiri,Yana mayar da hankali kan fassarar tushen ba tare da yin tambaya game da abubuwan da yake ɗauka a matsayin gaskiya ba,Yana samar da fassarar tushen ba tare da nufin marubucin ba,,,,B,Social studies,Student understanding,Secondary,2023,
723,"Malamar, a lokacin sashin darasin Jiha ta Dokoki da Zama Ɗan Ƙasa, tana so ta tabbatar ko ɗaliban sakandare na shekara ta huɗu sun fahimci ayyukan Ofishin Mai Shigar da Ƙara a ƙasar Chile. Don yin hakan, tana tsarawa wani aiki inda dole ne su gane waɗannan ayyukan a cikin yanayi na yau da kullum. Wanne aiki daga cikin waɗannan zai ba da damar tabbatarwa idan ɗaliban sun cimma koyarwar da ake dubawa?",Gudanar da muhawara a kan batun shige da fice a ƙasar Chile don nazarin ko ana tabbatar da daidaito a gaban doka,Ƙirƙirar hoto-haɗi da zaɓin labarai don lissafin matakan da za a ɗauka idan dokar da Majalisar Dattawa ta zartar ta keta haƙƙin tsarin mulki,Gudanar da kwaikwayon shari'ar baka game da haɗarin mota don kafa hanyoyinta,Gudanar da bincike kan laifukan da suka fi faruwa a yankinsu a cikin shekarar da ta gabata,,,,C,Social studies,Assessment,Secondary,2023,
724,"Malami a aji na 3 na Sakandire, a cikin rukuni na Yanki, tsari, da shiga lamuran gida, bayan ya yi bayani kan manufar koyarwa mai zuwa: ""Yi nazarin yanayin rikicin yanki daga mahangar adalcin zamantakewa da muhalli,"" sai ya gudanar da aikin tantancewa bisa ga nazarin shari’ar nan mai zuwa: A cikin al'ummarmu, lokacin dami, gidajen da ke yankin Porvenir sukan fuskanci ambaliyar ruwa fiye da sau ɗaya a shekara, saboda babu magudanar ruwan sama, magudanan ruwan sukan cika akai-akai saboda rashin kulawa, kuma titunan ba su da karkata sosai. Yankin Porvenir yana da raunin zamantakewa mai girma, saboda yawancin gidaje suna da matsayin tattalin arziki da zamantakewa maras kyau. Shin rikicin yankin da ake fuskanta a yankin Porvenir yana da alaƙa da adalcin zamantakewa da muhalli? Me ya sa? Lokacin da malamin ke duba kimantawar, sai ya fuskanci amsa mai zuwa: Yanayin da ke yankin Porvenir misali ne na rashin kyakykyawan tsarin birni da kuma tasirin rashin daidaito na tattalin arziki a rayuwar mutane. Sai dai, ba shi da alaƙa sosai da adalcin zamantakewa da muhalli saboda ba matsalar muhalli ba ce. Idan aka yi la'akari da amsar da ta gabata, wane sa hannun malami ne, a matsayin martani mai ginawa, zai sauƙaƙa wa ɗalibin gane kuskurensa?",Ina gayyatarka/gayyatarki ka/ki bincika matsalolin muhalli na yankin. Shin akwai wani tasiri a kan ingancin rayuwar mutanen da za a iya la'akari da shi daga mahangar adalcin zamantakewa da muhalli?,"Domin zurfafa hujjar ka, ina ba ka shawara ka tantance wasu hadurra da al'ummar yankin Porvenir za su iya fuskanta. Shin waɗannan hadurran za su iya zama al'amuran adalcin zamantakewa da muhalli?","Ina ba ku shawarar ku yi la'akari da waɗannan: shin yana yiwuwa waɗannan abubuwan su shafi ɗorewar muhalli na wannan yanki? Idan haka ne, shin ba zai shafi samun adalcin zamantakewa da muhalli ga mutanen da ke zaune a wannan sashe ba?","Ya kamata ku yi la'akari da abin da zai biyo baya: Idan unguwannin da ambaliyar ruwa ke wahalarwa sosai su ne mafi talauci, shin hakan bai nuna cewa suna fuskantar halin haɗari da sauran rukunin jama'a ba sa fuskanta ba? Shin wannan yana da alaƙa da adalcin zamantakewa da muhalli?",,,,D,Social studies,Assessment,Secondary,2023,
725,"Wani malamin matakin renon yara yana shirin tantance cimmawar wannan manufa ta koyo daga cikin jigon Fahimtar Yanayin Zamantakewa da Al'adu: “Ya isar da wasu labaran zamantakewa game da muhimman abubuwa da suka faru a baya na al’ummar su da ƙasarsu, ta amfani da kayan aiki kamar hotuna, bidiyo, kayan amfani, ko abubuwa masu wakilci.” Wace ce daga cikin waɗannan gogewar koyo za ta ba da damar tattara shaida kan cimma wannan manufa ta koyo?",Ku gayyace su su shirya wasan kwaikwayo na bukukuwa daban-daban daga al'ummarsu,A gayyace su su yi gabatarwa a kan rawar mutane daban-daban a cikin al'ummarsu,Ku gayyace su su ƙirƙiri wani kundin hoto mai ɗauke da hotuna dabam-dabam na bukukuwan iyali,Gayyace su don tattauna buƙatun da suka jawo wasu sauye-sauyen fasaha,,,,A,Social studies,Assessment,Pre-primary,2023,
726,"Malami yana shirin wani darasi ga ajin 5 tare da manufar koyo mai zuwa: ""Bayyana halayen yanayin ƙasa na manyan yankunan halitta na ƙasar Chile."" Wanne daga cikin ayyukan da ke biyo baya ne zai ba da damar magance manufar da aka gabatar?","Gina samfuri na yanayin ƙasa na musamman na wani yanki na halitta, inda za a haskaka wurare mafi shahara, don a nuna shi a farfajiyar makaranta","Bincike a shafin yanar gizo www.sernatur.cl game da albarkatun ƙasa da ayyukan tattalin arziki da ke da alaƙa da kowane yanki, don gabatar da su a cikin zane mai tsari (ko jadawali)","Yi hira da masanan da suka taɓa zuwa wani yanki na duniya dabam, kana tambayar su game da yanayin wuraren da al'adun da suka gani, domin rubuta littafin bayanin tafiya","Ƙirƙiri ɗan littafin yawon buɗe ido mai hotunan shimfiɗar wuri wanda zai tallata fa'idodi da illolin ƙasa na ziyartar kowane yanki, don kafawa baje kolin fastoci",,,,D,Social studies,Teaching strategies,Primary,2023,
727,"Malamar a aji na shida, bayan ta tattauna da ɗalibanta abubuwan da suka haifar da matsalar zamantakewa a Chile, za ta tantance ikon ɗalibanta na bambanta tushe daban-daban don fitar da ƙarshe mai inganci game da batutuwan tarihi. Don yin wannan, ta ba wa ɗalibanta matani masu zuwa su karanta: “Magance wannan yanayin talauci yana cikin bishara, wadda take tilasta wa masu kuɗi su ɗauki talakawa a matsayin ’yan’uwa kuma su nuna sha’awa ga makomarsu kuma su taimaka musu a lokacin buƙata, wadda kuma take ɗora wa talakawa nauyin neman albarkatun rayuwa da ake buƙata ta hanyar aikin gaskiya.” An gyara daga Monsignor Mariano Casanova, Babban Bishop na Santiago (1891) “An la’anci koyarwar rashin kulawa. Muna buƙatar saka hannun jari don taimakawa da ƙarfi ga kafa sabbin yanayi da za su fitar da mu daga yanayin da ƙananan ajin zamantakewa suke jin cewa sun shanye yanzu.” An gyara daga Matsalar Zamantakewa, A. Ortega (1884) “Lokaci ya yi da dukkan ’ya’yan masu aiki, da suke haɗe a cikin al’umma, za su haɗu a jiki ɗaya kuma su samar da ikon da ƙarfin Jamhuriyar. Yau mu, ’ya’yan talakawa, muna hidima ne kawai a matsayin miyagun kayan aiki ga mutanen da suke mallakar zinariya.” An gyara daga Vicuñera, sunan da marubucin jaridar Los ecos del Taller ya ɓoye (1897) Wacece daga cikin waɗannan tambayoyi da ke gaba ce za ta ba da damar tattara shaida cewa ɗalibai suna bambanta tushe don fitar da ƙarshe game da matsalar zamantakewa?",Menene ra'ayoyin marubuta uku a kan aikin ma'aikata?,Wace shawara kowane marubuci ya bayar don magance matsalar tambayar zamantakewa?,Wace matsala ce ta zamantakewa da tattalin arziki wadda ra'ayoyin marubuta ukun suka yi dai-dai a kanta?,Wace irin mafita ce kama da juna marubutan nan uku suka gabatar game da halin ma'aikata?,,,,C,Social studies,Assessment,"Primary, Secondary",2023,
728,"Wata malami/wani malami tana/yana magana kan manufa: Bayyana muhimmancin shigar da mata cikin rayuwar jama'a a karni na 20 tare da ɗalibansu na aji na 6. Don haka, zai/zata buƙaci ɗalibansu su nazarta tushen tarihi mai zuwa: Karanta rubutu mai zuwa:

[. . .] Na yi gwagwarmayar yancin mata na zaɓe, ba domin ni cikakkiyar mai gwagwarmayar mata ba ce, kuma ba domin na gaskata cewa mata sun fi maza ba ko cewa yancin zaɓen mata shi kaɗai ne mafita ga matsalolin ƙasa, amma tsantsar saboda imani. Na yi imani da gwamnati ta jama'a, daga jama'a, kuma don jama'a. Ina tunanin cewa duk mazauna ƙasa, ba tare da la'akari da launinsu ko jinsinsu ba, al'adarsu ko jinsinsu ba, akidar siyasa ko ta addini, suna da haƙƙin yin tasiri ga ƙaddarorin ƙasarsu.

Wasiƙa daga Elena Caffarena (Santiago, Janairu 1949)

Bisa ga rubutun da ya gabata, wane muhimmancin siyasa gwagwarmayar mata irin su Elena Caffarena ta taka wajen samun damar zaɓe?

Me ya sa aikin da malamin ya gabatar ya yi magana kan manufar ajin, la'akari da mahimmancin da tsarin karatu ya ba wa ƙwarewar zama ɗan ƙasa?",Saboda yana ba da damar tattaunawa da ra'ayi mai 'yanci game da shigar mata a lokacin karni na 20,Saboda yana ƙara fahimtar muhimmancin gwagwarmayar da mata suka jagoranta a ƙasar Chile,Saboda yana ba da gudummawa ga ganewa da yin nazari kan ɗaya daga cikin manufofin zama ɗan ƙasa da dimokuraɗiyya a Chile ta ginu a kan su.,Saboda yana ƙarfafa ƙwarewar nazarin tushe don fahimtar ci gaban zaɓe na ƙarni na 20 a Chile ta hanyar suka,,,,C,Social studies,Teaching strategies,"Primary, Secondary",2023,
729,"Malami zai yi darasi tare da ɗalibansa na aji na bakwai kan jigon Wayewar Kai Manya ta Ɗan Adam. A cikin darasi na farko, malamin zai koya wa ɗaliban yadda ake zaɓan tushen bayanai, da yadda za su yi aiki da su wajen nazarin tushen, sannan kuma su haɓaka tunanin tarihi. Wane fanni na koyo na baya ne ɗalibai suke buƙatar su haɓaka don su zaɓi tushen tarihi yadda ya dace?",Gano nau'o'in bayanai da tushen yake bayarwa,Gane wakilan tarihi da tushen ya yi ishara da su,Kimanta dacewar majiyar dangane da maudu’in da za a tattauna,Bambance muhimman muhawarori game da tsarin da ke cikin tushen,,,,C,Social studies,Student understanding,Secondary,2023,
730,"A wani aji na 7, a cikin darasin Zamanin Tsaka-tsaki, wata malama ta sa maƙasudi: ""Haɓaka tausayin tarihi ta hanyar banbance alaƙar kan iyaka tsakanin Kiristoci, Musulmai, da Yahudawa a Yankin Iberian."" Don cimma wannan, sai ta nemi ɗaliban su gina wani labari wanda ke nuna alaƙar da ke wanzuwa a wancan lokacin. Yayin da take kula da aikin, ta lura cewa wasu ɗalibai ba su gane wanzuwar alaƙar kan iyaka tsakanin Musulmai, Kiristoci, da Yahudawa ba. Misali, ta ga rubuce-rubuce da yawa waɗanda abun cikinsu yayi kama da haka: ""Sunana Muhamed, ni matashi ne Musulmi da ke zaune a Khalifancin Cordoba, dukkan iyalina suna bin addinin Musulunci kuma muna sayar da tabarmi a kasuwa. Ba ma mu’amala da Kiristoci ko Yahudawa domin kafirai ne.” Idan aka yi la'akari da shaidar da aka tattara, wane sabon aiki malamar za ta iya gabatar wa ɗaliban don magance maƙasudin da aka gabatar, tare da mai da hankali kan haɓaka tausayin tarihi?","Daidaikunsu su bayyana yadda suke tsammanin al'ummar da suka zauna a Yankin Iberian Peninsula suka rayu kuma suka yi hulɗa, bisa ga lura da hotuna","A ƙungiyoyi, ku wakilci yanayin zaman tare daban-daban da suka kasance a cikin yankin Iberian Peninsula, bisa ga rikodin shaidu daga kowace al'ummar da ta zauna a cikinsa","Kammala teburin game da akidojin addini na kowace daga cikin al'ummomin da suka zauna a yankin Iberian Peninsula, bisa tushen karatun littafin jagora, yana bayyana yadda waɗannan suka shafi dangantakarsu","Kawo misalan alakar da ke tsakanin Kiristoci da Musulmi a halin yanzu bisa ga karanta labarai a intanet, tare da nuna kamance-kamance da bambance-bambance da abin da ya faru a Yankin Iberian lokacin Tsakiyar Zamani",,,,B,Social studies,Student understanding,Secondary,2023,
731,Wace ɗaya daga cikin ayyuka masu zuwa ce ke haɓaka ƙwarewar binciken tushe (source analysis) ta ɗalibai?,Suna ziyartar gidan tarihi mai nuna kayayyaki da hotuna na al'adun Turai,Suna zaɓar hotuna masu alaƙa da al'adun ƙasa daga cikin tarin hotunan ƙasashe daban-daban,"Suna yin hira da baƙi daga ƙasashe daban-daban, kuma suna gabatar da manyan halayen waɗannan al'adu ga abokan karatunsu",Suna yin fastoci game da hanyoyin haɗa kan al'adun baƙi bisa ga hotuna daban-daban kuma su gabatar da su ga ajin,,,,C,Social studies,Teaching strategies,Secondary,2021,
732,"Wata malamar makarantar yara ƙanana tana aiki da rukunin ƴaƴanta a kan manufar koyo mai zuwa: ""Kwatanta halayen ƙira, aikin da suke yi, da amfanin abubuwan fasaha daban-daban."" Domin yin haka, malamar ta fara gabatar da jerin abubuwan fasaha, tana tambayar yaran abin da suka sani a kansu kafin ta bayyana aikin kowannensu. Bayan haka, malamar ta gayyace su don su bincika, lura, da kuma bayyana ire-iren abubuwan fasaha da ake amfani da su a gida: wayoyi, goga gashi, injin bushewa gashi, agoguna, rediyo, littattafan rubutu, da dai sauransu. Daga baya, malamar ta shirya yaran zuwa rukunin aiki kuma ta umurce su da su haɗa abubuwan fasahar gida, suna tuna bayanan da aka gani. Ɗaya daga cikin rukunonin ya tsara abubuwan ba tare da wani tsari ba. Lokacin da aka tambaye su, membobin sun bayyana cewa ba su san yadda za su yi hakan ba. Wane irin sa hannun malamar ne zai fi tasiri wajen ƙarfafa koyo ga wannan rukunin yaran?","Malamin ya matso ya nuna musu kuskuren da suka yi. Ya nuna yadda za a haɗa abubuwan kuma ya bayyana dalilin da ya sa ake yin haka, sannan ya umurce su su ci gaba da bin misalin.","Malami ya tambaye su: Shin kun tuna abin da muka gani? Me muka tattauna a kai? Mene ne amfanin kowane ɗaya daga cikin waɗannan abubuwan? To, ta yaya za ku rarraba su? Sai malamin ya ba su lokaci don su rarraba su kuma yana sanya ido a kan ɗaliban","Malami ya matso ya gaya musu cewa suna yin aiki mai kyau, amma dole su lura da halayen abubuwan don su haɗa su daidai. Sai malamin ya ba su ƙarin lokaci su sake gwadawa","Malamin ya faɗi cewa sun tattauna amfanin kowane abu. Sannan ya nuna cewa ana amfani da wasu a ɗakin girki, wasu a bandaki, wasu kuma don aiki ne. A ƙarshe, malamin ya ba su lokaci su sake haɗa su.",,,,B,Technology,Student understanding,Pre-primary,2021,
733,"Malamin aji na biyar, a cikin sashin Halayen kayayyakin fasaha na zamani, ya ba wa ɗalibai shawara su gudanar da muhawara game da lalacewar da aka tsara da dangantakarsa da dorewa. Bayan sakamakon muhawarar, ya lura cewa wata ƙungiyar ɗalibai ta haɗa ra'ayin lalacewar da aka tsara da ingancin samfur. La'akari da matakin ɗaliban, wace daga cikin waɗannan bayanan malamin za ta taimaka wajen fayyace wannan ra'ayin?","Shi ne ƙaddarawa ko tsarawa na ƙarshen rayuwar amfani ta wani samfuri ko abu na fasaha, kuma ba ya da alaƙa da ingancinsa, kamar yadda yake faruwa idan aka saki zuwa kasuwa wani samfuri mafi ci gaba ko kuma mai sabbin ayyuka","Shi ne ƙayyade, tun lokacin da ake kerawa, tsawon lokacin da samfurin zai yi, domin tilasta sabunta shi a ƙarshen lokacin. Yana da alaƙa da inganci lokacin da samfurin ya nuna gazawa da rashin aiki bayan wani ɗan lokaci","Shi ne tsawon lokacin da masana'anta suka ƙididdige shi tun da farko a lokacin da suke tsara wani samfuri, domin ya ƙare kuma ya zama maras amfani, ba tare da hakan ya shafi ingancinsa ba, kamar yadda yake faruwa idan aka saki wani samfuri mai ci gaba a kasuwa, kuma mutane suka maye gurbin wanda suke da shi.","An yanke wannan shawarar ta hanyoyi daban-daban, misali, saboda rashin kayan gyara ko bukatar siyan sabon samfurin maye gurbin. Haka kuma, ta hanyar juyin halitta na kayayyaki da kuma sha'awar mutane ta canza abin da suke da shi, ba tare da la’akari da ingancinsa ba.",,,,B,Technology,Student understanding,Primary,2020,
734,"A cikin ajin farko na makarantar sakandare, malamin Fannin Fasaha ya nemi ɗalibai su ƙirƙiro wani aiki da ake kira “Emprendemás.” A cikin wannan aikin, ɗalibai dole ne su kafa wani kamfani da zai bayar da sabis don magance buƙatar wani takamaiman ɓangare na al'umma. Lokacin da ɗaliban suka gabatar da ra'ayoyinsu suna bayanin buƙatar da za su magance da kuma sabis ɗin da za su bayar, malamin ya lura cewa wasu ƙungiyoyin ba su iya tantance ɓangaren kasuwar da sabis ɗin yake nufa ba.
Wane aiki ne malamin zai iya gabatarwa domin ɗaliban su iya tantance ɓangaren da sabis ɗin da suke so su bayar yake nufa?","Ku umarci ɗalibai su tantance halayen mutanen da suka gano bukata a tattare da su, domin su tsara bayanai, sannan su ƙirƙiri taswirar tausayawa don su fahimci abin da suke so.","Nemi ƙungiyoyin su kalli bidiyo mai nuna sabis ɗin da gasar ke bayarwa, kuma su tantance irin abokan cinikin da suke yi wa hidima, sannan su kwatanta su da masu yiwuwar amfana da samfurin su","A umarci ƙungiyoyin su binciko waɗanne ɓangarori na jama'a ne masu gasa ke ba da sabis irin na su, domin su iya yin nazari a kansu, su tantance yadda suka bambanta, tare da fayyace ƙimar da sabis ɗin nasu yake bayarwa.","Umarci ɗalibai su ƙirƙira kuma su tura bincike ta yanar gizo ga mutane daban-daban, suna tambaya ko za su yi amfani da sabis ɗin da suke gabatarwa, kuma su tattara bayanai daga waɗanda suka amsa, kamar su shekaru, kewayon albashi, sana'a, ƙasa, da jinsi.",,,,A,Technology,Teaching strategies,Secondary,2020,
735,Rukunin ɗalibai suna tsara zanen wani abu na fasaha wanda ke buƙatar garken wutar lantarki haɗaɗɗa don aikinsa. Wanne daga cikin zaɓuɓɓukan ne ke gabatar da tarin kayan aiki da suka wajaba don aiwatar da shirin nasu?,"Baƙin ƙarfen siyarwa, sirka, da zarto","Teb din wutar lantarki, igiyoyi, da kuma maƙura (tweezers)","Kabloli, siradi, da guga mai walda","Farau, goyan soda, da mai kwance waya",,,,D,Technology,Teaching strategies,Secondary,2017,
736,"Karanta yanayin da ke biyo baya: An ɗora wa wata ƙungiyar ɗalibai alhakin magance matsalar shirya da tsara kayan aiki (zangaye, farau, tef ɗin awo, guduma, da akwatin yanke kusurwa) a ɗakin Fasaha. Waɗanne fannoni na aiki ya kamata su yi la'akari da su lokacin da suke tsarawa/ƙirƙirar abu/mafita tasu?","Hakan yana ba da damar ajiye kayan aiki bisa girma, nauyi, da kuma siffarsu",Wannan yana ba da damar adana kayan aikin ta yadda za su kasance masu sauƙin samu ga masu amfani,An yi shi da kayayyakin da za su iya jure wa nauyi kuma su killace kayan aikin daga danshi,Wanda aka yi shi da kayan shara kuma yana jurewa ga sauyin zafin yanayi,,,,B,Technology,Student understanding,Secondary,2017,
737,Karanta yanayin da ke biyo baya: Malami yana son ɗalibansa na aji na bakwai su ƙirƙiri labarai masu mu'amala waɗanda za su iya rabawa da abokan aji da iyaye. Wane sabis na yanar gizo ne ya fi dacewa don gudanar da wannan aikin?,Karcewa,Excel,WordPress,Vimeo,,,,A,Technology,Teaching strategies,Secondary,2017,
738,Rukunin ɗalibai suna gudanar da bincike da hirarraki a karon farko tare da wasu adadin masu amfani don fahimtar buƙatunsu da sha'awoyinsu. Wane mataki ne na aikin wannan aiki ya yi daidai da shi?,Fahimci mai amfani,Halatta mai amfani,Tabbatar da manufofi,Yi nazarin aikin,,,,A,Technology,Teaching strategies,Secondary,2017,
739,"Karanta wannan yanayi:
An tsara aikin hadin gwiwa tsakanin Ilimin Fasaha da Ilimin Motsa Jiki, wanda manufarsa ita ce inganta fahimtar yadda tsarin tsoka da kasusuwa na jikin ɗan Adam ke aiki.
Wane abun ciki na Ilimin Fasaha ne ya dace a yi amfani da shi a cikin wannan aikin?",Na'urori masu sauƙi a matsayin nuni ga aikin rukunan tsokoki da dangantakarsu da kwarangwal,Sassan lantarki a matsayin nunin aiki na jijiyoyin gefe,Sake amfani da sake sarrafawa wajen ƙirƙirar samfura na tsarin kasusuwa da tsokoki,Manufar tsarin da zai kwatanta haɗin gwiwa tsakanin sassan tsarin kashi da tsoka (musculoskeletal system),,,,A,Technology,Student understanding,Secondary,2017,
740,"Dangane da juyin halittar tarho a matsayin wata mafita ta fasaha, wace irin tambaya malamin zai yi don samar da rikici a fahimtar dalibansa?",Waɗanne ayyuka na gaba-gaba wayar salula mai wayo ke bayarwa idan aka kwatanta da wayoyin da suka gabata?,Yaya cigaban wayar tarho ya kasance a tsawon tarihi?,Shin wayoyin hannu ci gaba ne ko koma-baya daga mahangar zamantakewa?,Waɗanne irin bukatun ɗan Adam ne ke biyuwa da fitowar wayoyin hannu?,,,,C,Technology,Student understanding,Secondary,2017,
741,"Ku karanta wannan yanayi: Daliban ajin ƙananan sakandare suna shirin tafiyar aji ta ƙarshen shekara, wanda suke tantance zaɓuɓɓukan sufuri da suke akwai. Suna da tayi masu yawa daga kamfanoni daban-daban, amma suna cikin rudani kuma basu san abin da za su yi la'akari da shi ba don yanke hukunci. Malamin ajin su ya ba su shawara su kai wannan tattaunawa zuwa ajin Ilimin Fasaha, don su fayyace shi bisa ga ka'idojin tantance sabis. A wannan yanayin, wane ka'ida ce ya kamata a fara amfani da ita wajen nazarin zaɓuɓɓukan don yanke mafi kyawun hukunci game da sabis ɗin sufuri?",Aiwatar da ma'aunin aiki ta hanyar buƙatar tafiyar gwaji da kuma tabbatar da cewa komai yana aiki daidai,"Duba ta fuskancin tattalin arziki, kana mai la'akari da kasafin kuɗinsu da farashin da aka bayar","A yi amfani da wani ma'auni na shari'a, a tabbatar an sabunta dukkan takardun abin hawa da kuma direba","Aiwatar da ma'aunin gamsuwa na abokin ciniki, ta hanyar bincike a Yanar gizo game da abubuwan da suka faru a baya ko yiwuwar korafi",,,,C,Technology,Teaching strategies,Secondary,2017,
742,Matakin farko mene ne malami ya kamata ya gabatar wa ɗalibansa a cikin aji da aka tsara ta koyo bisa aikin aiki (project-based learning)?,gabatar da kuma magance tambaya mai haifar da tunani ko kuma takamaiman matsala,Fassara manufofin koyo da abin da ake so a koya,A gudanar da bincike kan halin ci gaba na ayyuka daban-daban,Jagoranci wani lokaci na bincike a wuraren da ɗalibai ba su taɓa bincikarsu ba tukuna,,,,A,Technology,Teaching strategies,Secondary,2017,
743,"Karanta halin da ke tafe: Mambobin al'ummar ilimi ba sa karanta allunan sanarwa ko allunan da ake wallafa bayanai masu muhimmanci a gare su, saboda haka, ana ɓata lokaci da albarkatu wajen isar da bayanan akai-akai. A Ilimin Fasaha, an ƙalubalanci wani rukunin ɗalibai su fuskanci wannan matsalar a makarantarsu kuma su gabatar da wani samfurin fasaha don warware ta. Sun fara aiwatar da matakai daban-daban na hanyar aikin; a ɗaya daga ciki, sun mai da hankali kan nazarin kafofin sadarwa na rubutu daban-daban. Wane mataki na hanyar aikin wannan aikin ya yi daidai da shi?","Binciken bayani, bayan gano bukata",Zane na mafita bisa ga sakamakon bincike,Sadarwa ta tsare-tsaren mafita,Tattalin mafita da gwaje-gwajen aiki,,,,A,Technology,Teaching strategies,Secondary,2017,
744,"Wani rukuni na ɗalibai sun kammala littafin rajistar aikin su na mako-mako. Bayan sun gama, sun miƙa wa malamin wani taswirar Gantt (Gantt chart), wanda suka ƙayyade ayyukan da aka ba kowane memba a lokacin gudanar da aikin. A wane mataki na aikin su ɗaliban suke?",Kimantawa,Shiri,Ƙirƙirar ra'ayi,Zartarwa,,,,B,Technology,Teaching strategies,Secondary,2017,
745,"Lokacin da ɗalibai ke samar da wani aiki, galibi sukan tsallaka daga tunani zuwa aiki, suna barin ""tsarin"" da zai iya ba da tabbacin nasara a gefe guda. Wannan tsari yana da matakai daban-daban, kuma ya haɗa da ɗaya wanda yake mabuɗi don daidaitaccen ma'ana da kimanta mafita da kuma takaita da sauƙaƙe aiwatar da shi. Wane mataki ne wannan bayanin ya yi daidai da shi?","Zuwa ga Jadawalin Gantt, wanda ke nuna matakai daban-daban na ingantaccen tsari","Don tunani mai zurfi, wanda ke ba da damar nuna yiwuwar mafita daga ra'ayoyi daban-daban","Zuwa ga Bayanin Matsala, inda aka fayyace abin da za a yi","Tsarin samar da mafita, wanda ke ba da damar wakiltar mafitar da kuma tantance ko aiwatar da ita zai yiwu",,,,C,Technology,Teaching strategies,Secondary,2017,
746,"Karanta yanayin da ke gaba: Ɗaliban aji na 12 sun gano wata matsala a makarantarsu: Babu zaɓin sayen abun ciye-ciye mai lafiya yayin hutunsu. A martani, sun ba da shawarar ƙirƙirar wata rumfa da ke sayar da 'ya'yan itace da yogurt, wadda su da kansu za su gudanar. Da wane fanni za su iya yin aikin haɗin gwiwa tsakanin fannoni don inganta wannan aiki?","Daga ɓangaren Fasahar gani (Visual Arts), ta hanyar ba da gudummawa da ilimin zane-zanen talla (advertising design) a cikin ƙirƙirar tambari (logo) domin sanar da su","Da Lissafi, gudanar da bincike na kididdiga don tantance yawan ɗalibai nawa ne suka fi son abinci mai lafiya","Da Ilimin Halittu, don tantance abubuwan da ke cikinsu da samar da adadin kuzarin abincin da aka ba da don siyarwa","Daga Ilimin motsa jiki, a matsayin kari ga jigon abinci mai lafiya da motsa jiki",,,,A,Technology,Teaching strategies,Secondary,2017,
747,"Wani abokin aiki malami na fannin Kimiyya ya tattauna da malamin Ilimin Fasaha kan yiwuwar gudanar da wani aiki na haɗin gwiwa tsakanin darussan biyu. Yana son su yi aiki kan batun da'irori, inda zai nemi ɗalibai su ƙirƙiri wata tocila wadda za a riƙa caji da hannu. Wanne daga cikin zaɓuɓɓuka masu zuwa ne ya dace ya zama amsa ga wannan shawarar aikin haɗin gwiwa?","Tsara ta amfani da hanyar koyo bisa ayyuka, ana hada abubuwan ciki da kwarewa daga fannoni biyu",Gudanar da binciken yanar gizo (Webquest) ga ɗalibai don koyon tushen fasaha na asali a hankali (a matakai),Binciko abubuwan da suka yi kama a fannoni biyun kuma ku tsara ajujuwa ta haɗin gwiwa domin magance giɓin da aka gano,Binciko ajujuwa ta hanyar amfani da wani ma'auni wanda ya danganci ICT don aiwatar da aikin ɗalibi,,,,A,Technology,Teaching strategies,Secondary,2017,
748,"Malamin Ilimin Fasaha ya yanke shawarar yin nazari da ɗalibansa kan wani shirin bidiyo mai suna 'Maƙarƙashiyar Kwalbar Wuta', wanda ke bayani kan maudu’in lalacewar da aka tsara. Wane irin ilimi na darasin za a iya haɓakawa ta hanyar amfani da wannan kayan koyarwa?","Gano buƙatun ɗan Adam da suka haɗa da mafita don gyarawa, daidaitawa, ko ingantawa, tare da yin la'akari da yiwuwar gudunmawarsu","Yi nazari mai zurfi a kan yadda sabbin ƙirƙire-ƙirƙire na fasaha na yanzu ke shafar al'umma da muhalli, ta la'akari da ƙa'idodin ɗa'a, tattalin arziki, muhalli, da na zamantakewa","Sadar da zane da tsarawa na warware buƙatun gyara, daidaitawa, ko haɓakawa na abubuwa ko mahalli, ta amfani da kayan aikin ICT",Kimanta shawarwarin mafita da aka tsara don warware buƙatun rage illoli masu cutarwa waɗanda suka shafi amfani da makamashi da albarkatun kayan aiki,,,,B,Technology,Teaching strategies,Secondary,2017,
749,"Yi la'akari da wannan yanayin: Wani malami ya gabatar da rubutu mai zuwa ga ɗalibansa na shekara ta ɗaya a makarantar sakandare: Ɗaya daga cikin manyan matsalolin da Tarayyar Turai (EU) ke fuskanta shi ne cewa na’urorin sarrafa ɗanyen mai (refinery units) sun tsufa kuma ba su kai na zamani ba idan aka kwatanta su da sabbin masana’antu da ke aiki a Asiya da Gabas ta Tsakiya. Waɗannan na baya sun ƙara yawan kayayyakin mai da ke gudana zuwa kasuwannin duniya, kuma kamfanonin Turai na ganin yana da wahala a ƙara yin gasa da su. A cikin waɗannan yanayi, an ƙara da cewa ƙa'idojin muhalli masu tsauri na EU suna haifar da kalubale ga matatun mai na yankin... wani abu da misali ya bayyana ta hanyar ƙa'idojin muhalli masu tsauri da ke aiki a Spain, wanda ya kai ga rufe matatar mai ta Cepsa a Tenerife shekaru uku da suka wuce. Cepsa ta yi iƙirarin cewa ƙa'idojin EU na sa kowane ganga (barrel) da aka tace a masana'antunsu biyu masu aiki a Spain su jawo ƙarin kuɗi na kusan dala biyu, wanda suke ɗauka a matsayin nauyi mai wuyar ɗauka, yayin da suke jin su ne cibiyar hare-haren masu fafutuka, waɗanda ke zarginsu da rashin mutunta ƙa'idojin muhalli. (Tushe: Econoticias, Energías Renovables www.chiledesar rollosustentable.cl) Dangane da wannan albarkatun, wace tambaya malamin zai iya yi don inganta rikici na ilimi (cognitive conflict) a cikin ɗalibansa dangane da hanyoyin magance matsaloli na fasaha da tasirin su?",Wane tasirin tattalin arziƙi rashin bunƙasa sabbin fasahohi a matakin masana'antar mai da kwal zai iya yi wa Tarayyar Turai?,Waɗanne abubuwa ne ke tushen ƙarin inganci da gasa na matatun mai a Asiya da Gabas ta Tsakiya?,"Shin ya kamata tsarin dokokin Tarayyar Turai su sassauta ka'idojin da ake da su, domin samar da yanayi mafi kyau don ci gaban masana'antar man fetur nata?",Wace dangantaka za mu iya samu tsakanin halin da aka bayyana a cikin rubutun da halin masana'antar makamashi a ƙasarmu?,,,,C,Technology,Teaching strategies,Secondary,2017,
750,Wace daga cikin ayyukan nan ce ta fi dacewa idan kana so ka haɓaka tunani mai ƙirƙira da rabe-rabe ga ɗalibai?,Ka gabatar da matsala ta gaske a zahiri kuma ka tambayi ɗalibai mafita da za a iya bi don warware ta,Ku ba da kayan amfani na yau da kullum sannan ku nemi ra'ayoyi kan yadda za a yi amfani da su ta wata hanya dabam gaba ɗaya,Neman binciken yanar gizo game da hanyoyi daban-daban na kera wani abu na fasaha,Ku nuna bidiyo game da Juyin Juya Halin Masana'antu sannan ku nemi rahoton rubutu kan yadda fasaha ta canza al'umma,,,,B,Technology,Teaching strategies,Secondary,2017,
751,"Wata ƙungiyar ɗalibai sun bayyana wa malamin Ilimin Fasaha sha’awarsu a kan shirye-shiryen kwamfuta, amma sun nuna cewa ba su san yadda za su tunkari darasin ba domin suna ganin yana da rikitarwa sosai. Wane matakin koyarwa ne malamin zai ɗauka wanda zai ƙarfafa gwiwar ɗaliban kuma ya sauƙaƙa musu shiga darasin?",Gabatar da ɗalibai ga ainihin tsararren shirye-shirye (source codes) na manhajojin da suka sani kuma suke amfani da su a rayuwarsu ta yau da kullum,"Gabatar da ɗalibai ga harsunan shirye-shirye da suka saba da su, kamar su Java, C++, ko PHP",Kada ɗalibai su san misalan na'urorin kwaikwayo da ke tallafa wa fahimtar amfani da bayanan layi (linear data uses),"Sanyawa ɗalibai sanin abubuwa na asali da ake amfani da su a shirye-shiryen kwamfuta, kamar algorithms, waɗanda aka yi amfani da su a yanayi na rayuwa ta gaske",,,,D,Technology,Teaching strategies,Secondary,2017,
752,"Yi la'akari da yanayi mai zuwa: A Ilimin Fasaha, dalibai suna aiki da hanyar aiki ta tsari don kafa “Tarin Dorewa,” wanda yake bude wa al'umma, inda kowane rukuni dole ya kafa rumfa don gabatar da kayayyaki ko baje kolin da suka tsara kuma suka samar, duk a cikin tsarin ci gaba mai dorewa. An tantance tsarin aikin ta hanyar lura da kuma miƙa rahotanni guda biyu rubutattu. Malamin ya tsara tantancewar aikin karshe, wanda za a yi da zarar an kafa tari tare da rumfunan kowace rukuni. Mene ne hanya mafi dacewa don tantance aikin karshe, la'akari da yanayin koyon da ke tattare da wannan gogewa?",Wani gwajin rubutu mai tambayoyi marasa iyaka wanda ke tantance fahimtar ma'anar ci gaba mai dorewa da ke tattare a aikin kungiyoyi daban-daban a cikin wannan aikin,"Rahoton ƙarshe da aka rubuta ta hannun ƙungiya, yana tattara bayanai daga matakai daban-daban da aka aiwatar a aikin.","Matsayin tantancewa wanda yake auna bangarori daban-daban na aikin kowace rukuni a wurin baje kolin, wanda malami da kuma ɗaliban kansu suka yi amfani da shi gaba ɗaya","Takardar aiki ta kowane ɗai-ɗai wadda kowane ɗalibi ke gabatar da abin da ya samu dangane da aikin ƙungiya da aka gudanar a lokacin aikin""",,,,C,Technology,Assessment,Secondary,2017,
753,"Yi la'akari da wannan yanayin: Wani malami na buƙatar ƙirƙirar wani wuri na zahiri (virtual space) don yin mu'amala da ɗalibansa da kuma wallafa kayan koyarwa nan take, yana mai ba su damar samun bayanai ko albarkatun da ake buƙata don gudanar da ayyukan aji da sauran abubuwa; inda za su iya ƙara masa abubuwa na kafofin watsa labarai kamar bidiyo, sauti, hotuna, ko wasu. Wace ce daga cikin waɗannan kayan aikin fasaha ya kamata malamin ya yi amfani da ita don wannan manufa?",Shahararren yanar gizo,Gajimare,Flickr,MySpace,,,,A,Technology,Teaching strategies,"Primary, Secondary",2017,
754,Malamin fasaha na gaske yana buƙatar auna yadda ɗalibansa suka yi wani aiki na hannu mai sarkakiya a ƙarshen darasin. Wannan aikin yana da fannoni da sassa daban-daban da za a kimanta. Wane kayan aikin kimantawa ne ya fi dacewa don tantance yadda ɗaliban suka yi aikin?,Kira-kayan-aiki/Matakai-na-ƙima,Jerin abubuwan dubawa,Sikelin ƙima,Shafin bayanan shaida,,,,A,Technology,Assessment,"Primary, Secondary",2017,
755,"A cikin ilimin fasaha da sana'a, wanne daga cikin waɗannan dabarun koyarwa ne ke ba da damar magance manufofin koyo na aiki kai tsaye?",Wasan kwaikwayo na matsayi,Ziyara ta fili,Nunawa ta Jagoranci,Warware matsaloli,,,,C,Technology,Assessment,Secondary,2017,
756,"Daliban aji takwas, bayan sun koyi aikin manhajojin gina apps, sun yanke shawarar su ƙirƙiri nasu manhaja don na’urorin hannu, wanda zai taimaka musu wajen sarrafa ayyukansu da harkokin karatunsu. Waɗanne ƙa'idodi ne ya kamata a yi amfani da su wajen tantance tsarin wannan mafita?",Zane-zane na hoto (Graphic design) da dorewa,Tsaro na mai amfani da tasirin muhalli,Tsari da tasiri ga al'ummar makaranta,Aikin yadda ya shafi al'ummar makarantar,,,,D,Technology,Assessment,Secondary,2018,
757,"Dangane da bukatun muhallinsu, daliban aji na takwas sun gina benci don filin wasan yaran firamare a makarantar. Idan aka yi la'akari da halin da aka bayyana, waɗanne ka'idodin tantancewa ya kamata malamin ya yi la'akari da su don tantance samfurin da ɗaliban suka ƙirƙira, bisa ga waɗanda za su amfana?","Amfani da kayayyaki masu arha ko kayayyakin da aka riga aka yi amfani da su, don haka rage zuba jari a albarkatu",Yin amfani da kayan da za a iya sake sarrafawa ko waɗanda ke da ƙarancin tasiri a kan muhalli bayan ƙarshen rayuwar amfanin kujerun.,Zaɓar kayan aiki masu karko da juriya waɗanda ke ba da damar cikakkun bayanan gini da ke ba wa benci ƙarfi da tsayin daka,Amfani da kayan da za su ba da damar tsari mai jituwa da ke dacewa da halayen makarantar,,,,C,Technology,Assessment,Secondary,2018,
758,"A ajin Fasaha, ɗalibai na aji biyar suna gina samfurin mota wadda suka tsara da kansu, suna amfani da kayan aiki da abubuwa iri-iri, har da waɗanda ake yankawa da su.
Wace ce umarni ta farko da malamin ya kamata ya ba ɗaliban don su yi amfani da kayan yankawa lafiya?",Shirya wurin aiki kafin aiwatar da aikin yanke.,Zaɓi wuri mai ƙarfi kuma mai daidaito don yin yanka a kai,Tabbatar cewa kayan aiki suna cikin yanayi mai kyau kuma suna da kaifin da ya dace,Zaɓi kayan yankan bisa ga aikin da kuma kayan da za a yi aiki da su,,,,D,Technology,Teaching strategies,Secondary,2018,
759,"Rukunin ɗalibai na aji na 7 suna binciken juyin halitta na abubuwa daban-daban na fasaha a kan lokaci. Daga cikin kayan aiki masu zuwa, wanne malamin zai iya ba da shawara don yin bincike ta hanya mai aminci kuma abin dogaro?",Bidiyo a kan Youtube,Gidan yanar gizo na aikin fasaha,Dandalin kimiyya da fasaha,Mujallu na kimiyya da fasaha ta yanar gizo,,,,D,Technology,Teaching strategies,Secondary,2018,
760,"Wasu gungun ɗalibai na aji takwas dole su gudanar da bincike dangane da tarihin kiɗa, tare da buƙatar yin aiki ta hanyar dijital. Saboda haka, sun nemi tallafi daga malamin Tekinoloji. Wanne daga cikin waɗannan kayan aikin dijital malamin zai iya gabatarwa a matsayin wanda ya fi dacewa don gyara bayanan binciken?",Canva,Instagram,WordPress,Google Chrome,,,,C,Technology,Teaching strategies,Secondary,2018,
761,Dalibai na aji takwas dole ne su gano buƙatun da ke cikin cibiyar don ba da shawarwarin mafita. Ta yaya malami zai iya ja-gorantar dalibansa wajen samun ingantattun bayanai a yayin gano buƙatu?,Ku nuna cewa ɗalibai su yi amfani da hanyoyin samun bayanai waɗanda ake sabunta su akai-akai,Bari ɗalibai su bayyana halayyar mai amfani da suke so su yi aiki da shi don rage yiwuwar amsoshi,"Bukatun ɗalibai su tattara bayanai da aka tabbatar da ingancinsu ta hanyar amfani da hanyoyin kai tsaye da kuma na a-kaikaice, domin gaskata bayanan da suka samu","Ku nuna wa ɗalibai cewa dole ne su tunkari mai amfani da suke so su yi aiki tare da shi kai tsaye, domin ita ce hanya ɗaya tilo don samun ingantaccen bayani",,,,C,Technology,Teaching strategies,Secondary,2018,
762,"Wata ƙungiyar ɗalibai sun gano buƙatar inganta tsarin ban ruwa na wuraren kore a makarantarsu. Saboda haka, sun yanke shawarar shigar da sabon tsarin ban ruwa na digon-digo a waɗannan wuraren. Idan aka yi la’akari da kula da muhalli, waɗanne fannoni ne na gaba ya kamata malami ya yi la’akari da su don tantance mafitar da aka aiwatar?",Rikicin shan ruwa da zarar an fara amfani da tsarin ban ruwa na digo-digo,Faɗin yankunan kore da za a iya ban ruwa da su ta hanyar tsarin digo,Kimantawar al'umma game da tsarin ban ruwa na digo ta fuskar gudummuwar da yake bayarwa ga kiyaye wurare kore-kore,"Yin amfani da kayayyaki masu ruɓa da kansu (bututai, fanfuna, haɗe-haɗe, da sauransu) don aiwatar da tsarin ban ruwa na ɗiga-ɗiga",,,,A,Technology,Assessment,Secondary,2018,
763,"Bayan sun yi nazarin hanyoyin magance matsaloli da dama, María da Francisca sun yanke shawarar ƙirƙirar kwantena don raba shara a cikin aji. Domin dacewa da wannan abu zuwa wurin da aka nufa, dole ne su ayyana halaye na tsari masu dacewa. Wane fanni zai dace a haɗa shi cikin aikin kuma don wane manufa?","Ilimin Kimiyyar Halitta, don yin tunani a kan tasirin muhalli","Ilimin Kimiyyar Zamantakewa, don tantance tasirin matakin a kan al'umma","Lissafi, don tantance ma'aunin samfurin gwaji na sikeli","Fannin Zana-Zane, don aiwatar da aikin a cikin mahallin ƙirar masana'antu",,,,C,Technology,Teaching strategies,Secondary,2018,
764,"A ajin takwas, malamin Fasaha ya buƙaci ɗalibansa su binciki tasirin da cibiyar sake sarrafa kwali, gilashi, goran filastik, da kwalin tetrapack ta haifar a cikin al'ummar da ke kusa da makarantar. Dangane da halin da aka bayyana, wace ce daga cikin dabarun koyarwa da ta fi dacewa don ɗalibai su koyi yadda za su tantance tasirin cibiyar sake sarrafawa?","Ku gabatar wa ɗalibai shirin gaskiya (documentaries) ko wasu kayan gani da sauti, waɗanda ke nuna illolin da irin wannan nau'in sharar ke haifarwa a cikin yanayi, sannan daga nan ku samo fa'idodin cibiyar sarrafa shara (recycling center) a cikin al'umma.","Gabatar da nau'o'in tambayoyin yanar gizo da safiyo daban-daban ga ɗalibai don amfani da su ga jama'a mafi girma, kuma a haɗin gwiwa a kafa fannonin da za a tattauna don tantance sakamakon cibiyar sake amfani da kayan a cikin al'umma.","Gina wani zane-zanen bayanai (infographic) tare da ɗalibai da ke isar da saƙo kuma suna nuna illolin irin wannan shara, da kuma fa'idar sake amfani da waɗannan kayayyaki don kiyaye muhalli da kuma, a sakamakon haka, lafiyar al'umma","Bincika tare da ɗalibai kayan aikin TIC waɗanda ke ba da damar tuntuɓar jama’a ga al’ummar da ke kewayen makarantar, don tattara ra’ayoyinsu game da muhimmancin samun cibiyar sake sarrafa irin wannan sharar da ke da yawa a gidaje",,,,B,Technology,Teaching strategies,Secondary,2018,
765,"A darasin Fasaha, ɗalibai dole ne su gabatar da mafita don biyan bukatun da aka kafa a cikin ƙungiyoyin aikinsu. Wace daga cikin waɗannan ayyukan ta dace don haɓaka gabatar da mafita daga ƙungiyoyin ɗalibai?","Samo ɗalibai dabaru na samar da ra'ayoyi, kamar itacen matsala, wanda ya haɗa da matsalar a jikin itacen sannan a kammala rassa da ganyen itacen da ra'ayoyi","Gabatar da wani takarda ko kayan karatu ga ɗalibai (wanda zai iya zama gajeren fim, shirin gaskiya, ko rubutu) don motsa su su zurfafa cikin matsala, kuma ya sauƙaƙe fahimtar matsalar kanta","Ku bai wa ɗalibai kayan aikin tattara bayanai, kamar su tambayoyi, jagororin hirarraki ko bincike, waɗanda za su ba su damar tattara bayanai game da matsalar da kuma waɗanda abin ya shafa","Bawa ɗalibai amsa game da mafita da ƙungiyoyin suka gabatar, la'akari da sharuɗɗan yiwuwa da daidaito da buƙatun da aka gano a baya",,,,A,Technology,Teaching strategies,Secondary,2018,
766,"Wata rukuni na ɗaliban aji na 8 suna shirya tsarin wani layin lokaci mai mu'amala game da ci gaban kyamarori. Kafin su gudanar da baje kolin, sun gane cewa suna buƙatar gina wani tsari don tallafa wa kyamarorin da za su baje. Yayin da ba su da gogewa wajen gina irin wannan mafita, sun koma ga malamin Fasaha don neman jagora. Wane daga cikin ayyukan koyarwa masu zuwa zai baiwa ɗaliban damar cimma burin?","Bukatun zane na na'urar kuma a ba da jerin kayan aiki da kayan aikin da ɗalibansu za su buƙata, tare da umarnin haɗa na'urar","Shawarta cewa ɗalibai su yi amfani da hotunan abubuwan kawai, kuma su kirkiri gabatarwa mai sauƙi wadda aka yi ta da kayan da suka saba da su","Taimaka wa ɗalibai su tantance ƙarfin kayan da suke da niyyar amfani da su kuma su nuna matakan tsaro don aiki da kayan aiki, musamman idan suna da haɗari","Haɗa kai wajen tsarawa tare da ɗalibai, la'akari da gabatarwa da abubuwan da suke son nunawa, don samar da shirin aiki na gina wannan na'ura",,,,D,Technology,Teaching strategies,Secondary,2018,
767,"A lokacin ajin Fasaha, an tattauna batun amfani da sharar gida mai ruɓa. Ɗaliban sun faɗi abubuwan da suka sani dangane da wannan batu kuma sun fahimci tasirin muhalli da wannan aiki zai iya haifarwa. Ganin yawan bayanan da ke samuwa a yanar gizo game da wannan batu, malamin ya ba da shawarar ƙirƙirar kayan karatu game da sake sarrafa sharar mai ruɓa. Malamin ya yanke shawarar amfani da TIK wajen ƙirƙirar wannan kayan; wane irin takarda ne ya fi dacewa don ƙarfafa binciken ɗalibai ɗaiɗaikunsu?",Tambaya ta yanar gizo,Takardar mai haɗin rubutu,Mai jagora na karatu ta yanar gizo,Gabatarwa a Prezi,,,,B,Technology,Teaching strategies,Secondary,2018,
768,"A cikin ajin Fasaha na Sakandare, malami ya nemi wasu ɗalibai su ba da shawarar wani aiki don inganta amfani da albarkatun ruwa a makarantar, tare da sharadin cewa mafitar da aka bayar ta zama mai ɗorewa. Wanne daga cikin waɗannan rukunin ma'aunan ne malamin ya kamata ya yi la'akari da su a cikin tsarin tantancewarsa?","Ergonomic, mai amfani, kuma mai muhalli-da-jama'a","Da'a, fasaha, da kuma gudanarwa","Ecological, social, da kuma economic","Na ƙabilu, na muhalli, da na makamashi",,,,C,Technology,Assessment,Secondary,2018,
769,"A lokacin gudanar da aikin sabis, ƙungiyoyin aiki na makarantar sakandare suna gabatar da jerin matsaloli ga malamin su mai jagoranci. Domin magance ɗaya daga cikinsu, malamin ya bada shawarar a shirya Taswirar Gantt. Idan aka yi la’akari da shawarar da aka bayar a sama, wace irin matsala ce wannan ƙungiyar ta iya fuskanta?",Kayayyakin da ake buƙata don bunkasa hidimarmu ba su dace da albarkatun da ke akwai ba,"Muna da tushen bayanai masu yawa a Yanar gizo, kuma ba mu san wanda ne zai yi amfani ga kowane aiki ba","Ayyuka sun yi mana yawa da dole mu yi, kuma muna tsoron rasa nutsuwa, mu ɓata ɗan gajeren lokacin da muke da shi don kaiwa ga burin.","Matsalar da muka gano tana da hanyoyin magance ta masu yiwuwa da yawa, muna buƙatar ma'auni don zaɓar wadda ta fi dacewa.",,,,C,Technology,Teaching strategies,Secondary,2018,
770,Malami ya nemi ɗaliban Aji na 9 su yi wata gabatarwa game da tarihin ci gaban wani abu na fasaha da suke sha'awa. Me malamin zai iya ba wa ɗaliban shawara a matsayin tushen bayanai mafi inganci ga bincikensu?,"Tushen bugawa, musamman littattafai da mujallu waɗanda suka yi ishara ga zaɓaɓɓen abu",Rubutu da ke ɗauke da sabunta da sabbin bayanai game da zaɓin abu,Tushen dijital da ke ɗauke da bayanan da suka dace game da abin da suka zaɓa,"Maƙala na mujallu ko rubutu waɗanda ƙungiyoyi sanannu suka goyi baya, kuma suke da alaƙa da abin da aka zaɓa",,,,D,Technology,Teaching strategies,Secondary,2018,
771,"A cikin mahallin Manufar Koyon Fasaha ta Shekarar Farko ta Sakandire: “Gane, daga ci gaban kayayyakin fasaha da mahalli, tasiri mai kyau da/ko marar kyau da waɗannan suka yi a kan jama’a,” malamin ya bayyana halin da ake ciki kamar haka: Kimanin shekaru 40 da suka wuce, iyalai sun kasance suna amfani da zanen ciki na yadi don canza jariransu. A tsawon lokaci, an maye gurbin wannan abu da zanen ciki mai zubarwa. A halin yanzu, ana ci gaba da amfani da na biyun sosai; duk da haka, madadi sun bayyana waɗanda ke neman sake amfani da zanen ciki. Sannan, malamin ya nemi ɗalibai su binciki waɗannan sabbin madadin ta yin amfani da tushen bayanai daban-daban kuma su shirya gabatarwa a kan ci gaban zanen ciki, suna bayyana tasirin zamantakewa da muhalli a kan lokaci. Waɗanne daga cikin alamomi masu zuwa ne za su ba da damar tantancewa ko gabatarwar sun dace da manufar koyo da aka bayyana?",Ka bayyana sauye-sauyen da aka samu a fasalin diaper a cikin shekaru 40 da suka gabata,Bayyana wasu illoli na fitowar diapers masu zubarwa a rayuwar yau da kullum ta iyalai,Ka gabatar da yadda hanyoyin samar da diapers suka canza bisa ga juyin halittarsu,Ku isar da shaidun masu amfani da suka ɗauki matakai don rage illolin amfani da diaper ga muhalli,,,,B,Technology,Assessment,Secondary,2018,
772,"A cikin ajin makarantar sakandare, malamin ya gabatar da matsalar yawan sharar da ake samarwa a makarantar, idan aka kwatanta ta da sauran makarantu makamanta. Sun nuna wani teburi mai dauke da adadin sharar da aka samar a wata guda kuma sun kwatanta shi da matsakaicin adadin da ake samarwa a sauran wurare. A yayin ajin, cikin kungiyoyi, dalibai sun bayyana hanyoyin samun mafita ta sabis. Dangane da halin da aka bayyana, wane ma'auni ne zai ba da damar tantance ingantacciyar tsarin shawarar sabis?","Suna kwatanta mafita daban-daban bisa ga ƙa'idodin da aka bayar (dace da mafitar, buƙatun fasaha, tsammanin masu karɓa, da sauransu) don zaɓin sabis","Suna jayayya da dacewar sabis ɗin da aka haɓaka da kuma albarkatun dijital da aka yi amfani da su, dangane da buƙata ko matsalar da ake magancewa","Suna tsara mafita ga buƙatun da aka gano ko damammaki waɗanda suka haɗa da samar da sabis, bisa ga ƙa'idojin da aka kafa.","Suna tantance tasirori masu yiwuwa, masu kyau da marasa kyau (na muhalli, na kai, ko na gamayya) na sabis ɗin da aka haɓaka.",,,,C,Technology,Assessment,Secondary,2018,
773,"Domin gano dama ko buƙatar da za a iya biya ta hanyar sabis, dole ne ɗaliban Fasahar Shekara ta Farko su lura na tsawon mako guda yadda ɗakin cin abinci na makarantar ke aiki yayin sa'o'in cin abincin rana. La'akari da wannan manufa ta koyo: 'Gano dama ko buƙatun mutum, rukuni, ko na gida waɗanda suka shafi ƙirƙirar sabis.' Wace aikin tantancewa ce za ta ba da damar tabbatar da cimma wannan koyo a cikin yanayin da aka bayyana?",Ɗalibai suna gabatar da rikodin hotuna na yanayin da aka lura da su a cikin kanti ta hanyar gabatarwa ta dijital,"Ɗalibai suna gabatar da jerin matsalolin da aka gano daga yanayin da aka lura da shi a kantin abinci, ta amfani da shirin gabatarwa","Dalibai suna shirya gabatarwa ta Prezi kan shawarar hidima don magance matsalolin da aka gani a cikin kanti, kamar su cunkoso da rashin tsabta",Dalibai sun gabatar da bidiyon hirarraki da aka yi da daliban da kuma ra'ayoyinsu game da abubuwan da aka lura da su a kafeteriya lokacin cin abincin rana,,,,B,Technology,Assessment,Secondary,2018,
774,"A wani ajin Fasaha na Makarantar Tsakiya, ana aiki a kan matakin ƙirar sabis. Malamin ya umurci ƙungiyoyin aikin su yi gabatarwa wadda za ta nuna ci gaban da aka samu a wannan mataki na ayyukan. Dangane da tsarin aikin, menene muhimmancin gabatar da ci gaba ga ajin a matakin ƙira?","Yin aiki haɗin gwiwa, nuna jajircewar ƙungiyar, da kuma buɗe ido wajen karɓar martani da ra'ayoyi daga abokan aji game da hidimar su","Domin tantance tasirin da aiwatar da sabis ya haifar zuwa yanzu, da kuma tsara gyare-gyare da za su ba da damar cimma manufar aikin",Don ba da gudummawa mai fa'ida ga tattaunawar don tabbatar da shawarwarin da aka yanke wajen aiwatar da sabis ɗin bisa ga manufar sabis ɗin,"Sanar da ci gaban da aka samu a ma'anar sabis, karɓar gudunmawar ra'ayoyin kowace ƙungiya, da kuma shigar da gyare-gyare bisa ga babban manufar farko",,,,D,Technology,Teaching strategies,Secondary,2018,
775,"A cikin tsarin samar da wani sabis, malamin ya yanke shawarar gabatar da amfani da jadawalin Gantt ta hanyar wani aiki. Wanne daga cikin waɗannan ayyukan ne zai taimaka wa ɗalibai su fahimci manufar da kuma amfani da jadawalin Gantt a cikin ayyukan sabis ɗin su?",Bawa ɗalibai ma'anar taswirar Gantt tare da misalai na amfani da ita a ayyuka daban-daban,"B tare da ɗalibai ba, ku tsara tsarin ayyukan samar da abu ko sabis, waɗanda aka ba su a wargaje, a cikin ginshiƙi na Gantt.","Bayar da sabis ɗin da za a haɓaka sannan a nemi ɗalibai su ƙirƙiri matakai, lokutan da za su kammala, kuma su tsara su a cikin taswirar Gantt","Ku nuna wa ɗalibai misalai na yadda ake amfani da nau'o'in taswirar Gantt daban-daban a ayyukan kayayyaki da sabis iri-iri, tare da nuna fa'idojin kowannensu",,,,C,Technology,Teaching strategies,Secondary,2018,
776,"Shugaban wata makaranta ya lura da ƙaruwa mai yawa a amfani da ruwa, kuma ya sanar da malamai na makarantar wannan halin. Malamar Fasaha ta aji na II Medio ta yanke shawarar gabatar da wannan matsalar ga ɗalibanta, a cikin mahallin darasin “Inganta Amfani da Albarkatu”, da nufin neman mafita ga matsalar. Wace daga cikin ayyuka masu zuwa za ta ba ɗalibai damar gabatar da mafita ga matsalar da aka bayyana?",Nemi misalan yadda ake amfani da ruwa yadda ya kamata a wasu makarantu ko wuraren ilimi da za a iya kwaikwaya a makarantar.,Samar da jerin ayyuka goma don rage da kiyaye amfani da ruwa a makaranta,Tattauna muhimmancin amfani da ruwa yadda ya kamata da kuma tasirin duniya na rashin ɗaukar wannan nauyi har ma a makaranta,Lura da amfani da ruwa a sassa daban-daban na makaranta domin gano tushen matsalar,,,,D,Technology,Teaching strategies,Secondary,2018,
777,Wacece daga cikin ayyukan nan mai zuwa ta fi dacewa a kimanta ci gaban halaye a fannin tsaro da rigakafin haɗari ƙarƙashin tsarin dogara ga ƙwarewa?,Gudanar da atisayen kwaikwayo na zahiri,Shirya Rahoto Rubutacce kan Ƙa'idoji na Yanzu,Gudanar da jarabawar rubutu da tambayoyin ci gaba,yin jarrabawar baki a kan nazarin shari'a,,,,A,Technology,Assessment,Secondary,2018,
778,"Masu gudanarwa na makarantar sakandire ta fasaha, tare da malamai, suna aiki akan matakai kamar haka: Nazarin buƙatun da ke fitowa daga Aikin Ilimi na Hukumar. Nazarin buƙatu daga muhallin samar da kayayyaki na yankin. Nazarin motsin aiki da kuma halayen zamantakewa da al'adu na ɗalibai da al'ummar ilimi. A wane mataki na gudanar da tsarin karatu wannan makarantar sakandire take aiki?",Mahimmancin ma'aunan tantancewa,Binciken raka'a,Riba da yiwuwa ta albarkatu,Daidaita shirye-shirye da mahallin da suke ciki,,,,D,Technology,Teaching strategies,Secondary,2018,
779,"Malamar na buƙatar zaɓar dabara don koyar da yadda ake amfani da wani aiki mai sarkakiya, wanda ya shafi amfani da kayan lantarki. Da farko, tana fatan ɗalibanta su koyi amfani da kayan aikin tare da mai da hankali sosai kan tsaron kansu da kuma na sauran mutane yayin gudanar da shi. Wacece daga cikin waɗannan fasahohin koyarwa za ta ba da damar magance wannan koyon kai tsaye?",Rubutun shiriya,Nazarin hali,Jagoran nuna misali,Magance matsaloli,,,,C,Technology,Teaching strategies,Secondary,2018,
780,Wace a cikin waɗannan hanyoyin fasaha za ta bai wa malamin aji na 5 damar ba da misali kai tsaye kan yadda ci gaban fasaha ke biyan buƙatun mutane?,"Kirkirar baturin muhalli wanda ke cika caji har abada da motsi, don biyan buƙatar tanadin wutar lantarki","Samar da rigar mai fankokin rana, wadda ke ba da damar samar da wutar lantarki don biyan buƙatar cajin wayoyin salula.","Ƙirƙirar na’urar da za ta iya sake sarrafa datti na takardun ofis kuma ta mai da shi takarda bayan gida, a matsayin martani ga buƙatar yin amfani da albarkatu yadda ya kamata","Bunƙasar shuke-shuke masu iya samar da haske ba tare da zafi ba, don amsa buƙatar maye gurbin hanyoyin haske na gargajiya da wasu masu inganci",,,,B,Technology,Teaching strategies,Secondary,2019,
781,"Malami na ajin aji na bakwai, a cikin mahallin darasi mai manufar: ""Bayar da shawarwarin gyarawa, daidaitawa ko ingantawa"", ya kai ɗalibansa ziyara ɗakin ajiya na makarantar, inda ake ajiye kayan fasaha da kayan ɗaki da aka daina amfani da su, da nufin aiwatar da aikin gyarawa, daidaitawa ko inganta wani abu na fasaha. Idan aka yi la'akari da manufar malamin, wane mataki ne ɗaliban ya kamata su fara ɗauka don aiwatar da aikin gyaran nasu?","Bincika kuma gwada kayan aiki da abubuwa da suke akwai, kuma tantance yiwuwar gyarawa",Kayyade matakan da suka wajaba don gyara ko daidaita abubuwa da kayan aikin makarantar,Zaba kayan da za a iya sake amfani da su da suke akwai a makarantar don gyara abubuwan/gyara kayan.,A bayyana kayan aikin da za su yi amfani da su don ayyukan daidaitawa da gyara abubuwan da za a iya sake amfani da su,,,,A,Technology,Teaching strategies,Secondary,2019,
782,"Don ci gaba da ayyukan ƙirƙirar abubuwan fasaha, wani malamin aji na 8 ya kalubalanci ɗalibansa da su yi amfani da kayan goge-goge a matsayin wajibi don ayyukan gine-gine da suka gabatar.
Wanne ne daga cikin waɗannan sharuɗɗan zai kasance tushen buƙatar da malamin ke nema daga ɗalibansa?",Da'a,Fasaha,Inganci,Aiki/Amfani/Kwantanci/Yin aiki/Aikatau/Yanayin aiki,,,,A,Technology,Teaching strategies,Secondary,2019,
783,Ƙungiyar ɗalibai ta tsara wani ma'auni domin tantance ko an ƙera abin da suka yi gwargwadon ayyukansa. Wanne ne daga cikin waɗannan ma'aunan da ɗaliban suka tsara ke tantance abin da aka ambata a sama?,Kayan aikin da aka zaɓa don yankewa da haɗa sassan abin sun dace da halayen kayan da aka yi amfani da su,"Abubuwan da aka yi amfani da su sun cika bukatun fasaha na abin da aka ƙera, kamar ƙarfi, ƙwari, da sassauci",Nau'in da farashin kayan da aka yi amfani da su wajen gina abin sun dace da halaye da mahallin da za a yi amfani da shi a ciki,Zaɓaɓɓun hanyoyin sarrafawa sun dace da kayan da aka yi amfani da su wajen gina abin,,,,B,Technology,Assessment,Secondary,2019,
784,"Malamin aji na 7 yana aiki kan manufa mai zuwa: ""Tsara matakai ko sassa na aiwatar da mafita a kan la'akari da matakan kariya."" Wata ƙungiyar ɗalibai ta gabatar da shawarar ƙirƙirar tirelolin kwali mai duwatsu don ajiye jagororin aiki a ƙarshen darasi, kuma don raba waɗanda aka duba da waɗanda ba a duba ba tukuna. Yayin darasin, malamin ya fahimci cewa ɗaliban sun yarda cewa ba lallai ba ne a kafa kowane ƙa'idar kariya don aiwatar da aikin. Wane irin sa hannun malami ne zai ba da damar sake daidaita wannan matakin ta ɗaliban?",Bayyana wa ɗalibai haɗarin amfani da kayan ba daidai ba da kuma yadda hakan zai iya nufin cewa aikin bai cika ƙa'idodin aiki ba ko kuma ba zai yi tsawon rai ba da ya dace,"Ku tambayi ɗalibai game da kayan aikin da za su yi amfani da su wajen gina aikin, kuma ku bayyana musu mahimmancin sanin ƙa'idojin aiki don tabbatar da sarrafa shi lafiya yayin aiwatar da shi","Ku nuna wa ɗalibai wani bidiyo da ke bayyana wasu matsaloli da ka iya faruwa idan aka yi watsi da ƙa'idojin tsaro, tare da nuna cewa hakan na iya shafar ƙayyadaddun bayanai na fasaha (technical specifications) na aikin da aka bunkasa (developed project)","Bawa ɗalibai jerin manyan dabarun amfani da kayan (yanka, naɗawa, haɗa sassa, da sauransu) sannan ka nemi su danganta waɗannan da matakan tsaro da suka wajaba don aiwatar da kowanne ɗaya.",,,,B,Technology,Teaching strategies,Secondary,2019,
785,"Wani malamin aji na 7 yana magana kan manufar darasin nan a ɗaya daga cikin azuzuwansa: Bayyana tasirin muhalli na ci gaban hanyoyin fasaha. A farkon darasin, ya bayyana alaƙar da ke tsakanin tasirin muhalli da kuma ci gaban fasahohin da ke haifar da su, amma ya lura cewa ɗaliban ba su fahimci wannan alaƙa sarai ba, don haka ya yanke shawarar kawo misali. Wanne ne daga cikin waɗannan zaɓuɓɓuka ke nuna misali mai kyau da ɗalibai za su fahimci wannan alaƙa?","Faɗi matsalolin da sharar robobi ke haifarwa a tekuna, kamar tsibirai na shara, cutarwa ga halittun ruwa, da sauransu",Gabatar da jadawali da ke nuna adadin CO2 da masana'antu daban-daban da aka kafa a cikin yankin ƙasa suka saki cikin sararin samaniya,"Ku gabatar da shari’ar masana’antar takarda da bayanai masu alaƙa da sare itatuwa, asarar mazaunin halittu, da canje-canje a cikin yanayin ruwa.",Nuna bayani kan yadda sufuri da masana'antu suka yi tasiri a kan karuwar yanayin zafin duniya saboda tarin iskar gas mai gurbata muhalli,,,,C,Technology,Student understanding,Secondary,2019,
786,"Malamin fasaha yana bayyanawa ɗalibansa na aji na 7 ma'anar kirkire-kirkire, don su iya amfani da shi a cikin ayyukan da suke bunƙasawa kuma su tantance ko ya kamata su haɗa shi. Wanne ne daga cikin zaɓuɓɓuka masu zuwa zai zama misali da malamin zai iya amfani da shi don bayyana manufar kirkire-kirkire wanda aka yi amfani da shi ga wata mafita ta fasaha?","Ƙirƙirar robot ɗin ChatBot, wanda ya dogara ga hankali na wucin gadi don hulɗa da mutane da warware duk wata tantama game da sake amfani da shara. Yana iya tantance wane kwantena kowace shara za ta shiga, ta hanyar tambaya da murya ko hoto","Gyaran linzamin kwamfuta don amfani da su a matsayin maballan turawa masu sauƙin rikewa, waɗanda galibi ake amfani da su don bunkasa fahimtar dalili da tasiri a cikin yara masu matsalar Autism Spectrum Disorder",Ci gaban da aka samu a hanyoyin sake sarrafawa a ƙasashe masu ci gaba a dukkan matakan su kamar a ƙira ta muhalli na kayayyaki domin a sake sarrafa kayan su sau da yawa kuma mafi kyau ta hanyar tattara shara da tsarin bayanan har zuwa amfani da su na gaba,"Bunƙasar fasahar nano, wacce ke da ikon ƙirƙira da samar da kayan abu tun daga matakan ƙananan ƙwayoyin ido, tana da muhimman aikace-aikace, kamar a masana'antar magunguna, da yuwuwar samun muhimmin ci gaba a jinyar cutar kansa",,,,A,Technology,Teaching strategies,Secondary,2019,
787,"Malamar fasaha da malamar kimiyya na aji na 5 sun amince su yi aiki tare a kan wannan darasin kimiyya: yadda shuka ke girma. Don haka, malamar fasahar ta nemi ɗalibanta su shirya wani gabatarwa mai bayani game da wannan tsari, domin ƙarfafa ilimin da suka samu a darasin kimiyya, kuma, ƙari a kan haka, su ƙirƙiro kayan koyarwa ga ɗaliban aji na 3, waɗanda su ma suna buƙatar koyon wannan tsari. Wanne daga cikin kayan aikin dijital na gaba ne ya fi dacewa don shirya gabatarwar, idan aka yi la’akari da manufar aikin da kuma matakin ɗaliban?","PowerPoint, yin amfani da rubutu da hotuna","Mai Samar da Fina-Finai, yana ɗauka da gyara bidiyo","AnimatorDV, don yin animashin na tsarin","Padlet, wallafa abubuwa masu amfani don fahimtar tsari",,,,C,Technology,Teaching strategies,Primary,2019,
788,"Ɗaliban ajin aji na 5 suna aiki a kan wani darasi da ke mai da hankali kan Manufar Koyo: ""Ƙirƙiri abubuwa na fasaha don magance matsaloli, yin nazari da gyara kayayyaki."" Dole sun gano matsalolin da ba a warware su ba a gidajensu, kuma su zaɓi wani abu wanda, da ɗan gyara, zai iya warware su. Dole su gabatar da sakamakon aikinsu ga ajin don karɓar martani daga abokan aikinsu. Wane nau'i biyu na alamomi ne daga cikin waɗannan zai dace a haɗa shi a cikin jagorar kimantawa wanda ɗalibai za su yi amfani da shi don ba abokan aikinsu martani wajen cimma manufar?",Sun zaɓi samfuri da zai iya biyan buƙatar da aka gano a cikin gida. Sun ba da shawarar canje-canje ga samfurin ta amfani da zane-zane ko jadawali,Suna gano hanyar magance wata bukata da aka gano a gida. Suna bayyana tare da yi wa matakan da suka wajaba don inganta abu na fasaha suna suna da bayani.,Suna sanyawa kuma su bayyana matakan da suka wajaba don inganta abin fasahar. Suna zaɓa kuma su bayyana dabarar da za a yi amfani da ita don inganta abin.,Sun gano illolin muhalli da na zamantakewa na albarkatun da ake amfani da su. Sun zaɓi kayan aiki da kayan aiki da suka dace ga kowane sashi na abu da za a gyara,,,,A,Technology,Assessment,Primary,2019,
789,"Dangane da darasin mai taken “Ƙirƙirar Sabbin Zane-zanen Abubuwa ko Tsarin Fasaha”, wata ƙungiyar ɗaliban aji na shida ta samar da shawarar aiki inda za su yi amfani da kwalabe na filastik na jifa, waɗanda aka ɗaura da kaba, don gina benci a farfajiyar makarantarsu. Hujjar da suka bayar ita ce zai zama abu mai sabon tsari saboda an yi shi ne da wani abu na daban wanda zai iya jure ruwan sama da rana. Wane ne daga cikin waɗannan kalaman zai bai wa malamin damar ba wa ɗaliban amsa mai ma’ana ta fuskar ingancin aiki (functionality)?","Aiki ne mai kyau sosai. Kun yi nasarar magance wata matsala mai muhimmanci kuma sananna ga mahallinku. Duk da haka, har yanzu kuna buƙatar bayyana takamaiman sifofin kayan da za ku yi amfani da su, kamar su tsauri da kuma tauri.","Madalla. Kun yi nasarar tsara wani abu mai sabon salo ta amfani da kayan da aka sake sarrafawa, amma dole ne ku yi la'akari da yadda za ku tsara da haɗa kwalaben don ya iya ɗaukar nauyin mutanen da za su yi amfani da shi.","Taya murna. Aikin ku ya dace kuma yana da saukin aiwatarwa, saboda yana la'akari da shawarar da za ta taimaka wa muhalli ta hanyar rage samar da sharar gida, amma ina ba da shawarar duba damar shiga wurin da za ku yi amfani da shi.","Kyakkyawan aikin ƙungiya. Ina gayyatarku ku kwatanta aikinku da na wasu masu halaye makamantan juna, kamar misalin benci na wuraren shakatawa da na manyan kantunan siyayya, kuna lura da abubuwan da ke sa su zama sun fi jin daɗi ga mutane.",,,,B,Technology,Assessment,Primary,2019,
790,"A cikin ajin aji bakwai, wata ƙungiyar ɗalibai tana shirin ƙirƙirar wata benci ta musamman, a matsayin wurin zama inda wata rukuni na mutane za su iya zama su yi hira. Bisa ga tsarin su, suna buƙatar tsara wannan benci, sa'an nan su tantance adadin kayan da za su buƙata da kuma matakan ƙerawa. Wane ilimi na farko ya kamata ɗaliban su mallaka don su tsara wannan benci?",Asas-asalin ilimin kiyon lafiya,Dabaru na asali don zane bisa ma'auni,Dabarun amfani da kayan aikin zanen fasaha,Hanyoyin sarrafa kayan aiki da amfani da su,,,,B,Technology,Student understanding,Secondary,2019,
791,"A dangane da Sashen “Kimantawa da Aikin Mafita”, malamin wani ajin shekara ta takwas ya tsara daya daga cikin darussansa, da nufin sake fasalta samfurin fasaha da aka zaɓa, dangane da bayanan da aka tattara a gwajin masu amfani. Wane ne daga cikin waɗannan ƙwarewar ya kamata malamin ya ƙarfafa tun da fari don cimma manufar da aka bayyana?",Yi amfani da hanyoyin bayyanawa da wakiltar hoto (graphic),Gano abubuwan farko da albarkatun zane-zane,Sanin hanyoyin nazarin bayanai da kuma fitar da ƙarshe,Sani kayan aikin tattara bayanai da halayensu,,,,C,Technology,Student understanding,Secondary,2019,
792,"Wani malami a aji na takwas yana aiki kan manufar nan: Waiwaya da tantance yiwuwar aiwatarwa da tasirin zamantakewa da muhalli na wani aikin fasaha. A lokacin darasin, malamin ya bayyana wa ɗalibai tasirin zamantakewa na wasu mafita na fasaha, amma wasu ɗalibai sun bayyana cewa ba su fahimci alaƙa tsakanin ci gaban fasaha da fannin zamantakewa ba. A martani, malamin ya yanke shawarar yin amfani da misali. Wane daga cikin misalan masu zuwa ne zai ba malamin damar yayi misali da bayanin nasa?","Ƙirƙirar wayar tarho, wadda ta ba da damar hanyar sadarwa ta dabam, kuma ta samar da ci gaban sabuwar fasaha a fannin sadarwa ta nesa","Ƙirƙirar Intanet, wanda ya ba da damar samar da sabbin hanyoyin tattalin arziki da ke sawwaƙe nau'o'i daban-daban na gudanar da kuɗi da kasuwanci","Ƙirƙirar injinai da injinan tururi ya ba da damar ƙara yawan samarwa a masana'antu cikin kankanin lokaci, lamarin da ya sa aka samu damar kai wa ga kasuwa mafi faɗi.","Ƙirƙirar rigakafi, wanda ya ba da damar shawo kan barkewar cututtuka, inganta tsawon rayuwar mutane da kafa manufofin jama'a a wannan fanni",,,,D,Technology,Teaching strategies,Secondary,2019,
793,Wace daga cikin ayyuka masu zuwa ce ta fi dacewa da fifikon manhajar kan tunani mai zurfi a cikin darasin Fasaha?,"Ɗalibai suna neman hujja a kafofi daban-daban da kuma shafukan sada zumunta game da ka’idar makirci, sannan su kwatanta shakkun da take haifarwa da bayanan kimiyya da suke akwai","Daliban sun yi jerin dalilai waɗanda ka iya rura wutar wataƙila ƙage kuma sun yi nazari a kan hakan ta fuskar zamantakewa, tattalin arziki, da fasaha","Dalibai suna tsara hira ta tunani da wani ɗan sama jannati, da tambayoyin da aka nufa su fayyace gaskiyar ka'idar makirci. Sannan, suna binciken bayanan shaidar 'yan sama jannati da suka je wata a majiyoyi daban-daban.","Dalibai sun kalli shirin gaskiya mai taken “Shin Mutum Ya Sauka A Watan Gaskiya?” wanda ya gabatar da shaidu da suke akwai game da saukar da aka yi a wata a 1969. Daga baya, sun rubuta kasida da ra'ayinsu game da batun.",,,,A,Technology,Teaching strategies,Secondary,2019,
794,"Malami a aji na 6 yana so ya koya wa ɗalibansa kallon gaba, kallon gefe, da kuma kallon sama, don su iya wakilcin abubuwan da suke ƙirƙira a zane. Waɗanne ayyukan malami ne a cikin masu zuwa zasu taimaka wa ɗalibai su fahimci tsarin ƙirƙirar kallon?","gayyaci ɗalibai su yi tunanin wata kujera tana ""shawagi"" a kusurwar ɗakin kuma su haska ta a tsaye daidai da ganu-ganu da benen ɗakin. Ka nuna cewa inuwoyin da aka gani sun yi daidai da kowane ra'ayi. Sannan, ka tambaye su su amsa tambayoyi masu zuwa: ra'ayoyi nawa ne a wurin? menene alaƙar da ke tsakaninsu?","Nemi ɗalibai su hotonta babban hangen wani abu ko sassa, kuma su gano jifan madaidaici a kan kowane ɗayan filayen, kamar waɗanda suke cikin aji. Sannan, nuna musu cewa ana kiran waɗannan filayen Farfajiyar Ɗagawa, Farfajiyar Tsari, da Farfajiyar Gefe, inda hotunan da aka jefa a kan kowannensu shine hangen ɗagawa","Ku bayyanawa ɗalibai cewa hotunan jigon abu da aka yi hasashe (projections) ana kiransu kallo (views), saboda kowane hoto da aka yi hasashe yana kusan dacewa da kallon da za mu yi wa abun idan muka dube shi daga nesa sosai, ta amfani da ruwan tabarau mai ƙarfi (powerful telephoto lens), a hanyar da hasken ke fitowa.","Tambayi ɗalibai: Kallace-kallace nawa wani abu yake da shi? Nawa daga cikin waɗannan muke bukata don wakiltar abu? Sa’an nan, ka bayyana cewa duk yana dogara ne ga matsayin abun dangane da tsare-tsaren jefa hoto, kuma cewa a aikace ya kamata a sanya abun koyaushe ta yadda yawancin fuskokinsa za su zama daidai da su ko a tsaye da su.",,,,A,Technology,Teaching strategies,Primary,2019,
795,"A cikin wata tattaunawa da dalibai na aji na takwas, game da tasirin hanyoyin fasaha, wani malami ya gabatar da mahangar Tsufa da aka Tsara (TS), yana mai sharhi kan illolin da yake haifarwa ga tarin sharar kayan fasaha. Lokacin da suke tattauna yadda za a shawo kan wannan al'amari, daliban sun nuna shakku kuma sun raba ra'ayoyi daban-daban game da yadda yake da wahalar canza salon kasuwar gaba ɗaya na ƙerawa da siyarwa a cikin adadi mai yawa. Wace daga cikin waɗannan fassarorin daga malamin za ta fayyace damuwar daliban kuma ta haɓaka ƙwarewar da ake sa ran za a haɓaka a cikin wannan darasi?","Tabbas, lamarin PO yana nuna mana cewa ci gaban fasaha yana da illoli a matakai daban-daban kuma ba za a iya ɗaukaka shi ba tare da wani tantancewa ba, ko kuma za mu kasance muna haifar da babbar illa ga muhalli wanda ba za a iya gyarawa ba.","Tunda wannan matsala ce ta duniya baki ɗaya, a fili yake cewa ana buƙatar ƙoƙarin dukkan ƙasashe don warware ta; saboda haka, dole ne mu mai da hankali ga tarukan koli da tarurruka daban-daban da za su bada damar samun yarjejeniyoyi a matakin duniya kuma.","Kasuwa ba ta aiki da kanta, tana mai da martani ne ga buƙatun masu saye, kuma wannan matsala na nuna cewa dole mu bincika tare da sake duba dabi'unmu na amfani da kayayyaki don ganin yadda muke ba da gudummawa ga wannan mummunan zagaye kuma yadda za mu iya juyar da shi.","Saboda haka ne muhimmancin al'ummomi su kasance masu inganta sauyi, kamar yadda ƙungiyoyin jama'a ke yi ta hanyar bayyana matsalar a fili domin mahukunta su ɗauki mataki, misali ƙungiyar SOP (Ba tare da Tsara Gajeren Rayuwar Kaya ba).",,,,C,Technology,Teaching strategies,Secondary,2019,
796,"A cikin raka'a mai taken “Damammaki da kalubalen fasaha a yau”, malamin Fasaha ya ba ajin wani aiki wanda ya kunshi lura da misalai na sarrafa aiki kai tsaye a cikin kewayen su na kusa, da kuma gano tasirin hakan a kan ingancin rayuwar mutane. Daya daga cikin kungiyoyin sun gudanar da bincike mai zurfi, tare da hira da ma'aikata da kuma tattara bayanan hotuna a wajen, wanda ya shafi yajin aikin ma'aikatan wani reshe na wata sarkar manyan shagunan sayar da kayayyaki, inda bukatunsu suka mai da hankali kan rasa ayyukan yi saboda sarrafa na'urorin biyan kudi (cash registers) kai tsaye da kuma sauran matsayi da suka shafi rarraba kayayyaki da dabaru na aiki (logistics). Kungiyar ta yi gabatarwa mai cika kuma mai bayyanawa, wanda ya nuna mummunan tunani game da yanayin da wadanda aka yi hira da su ke da shi. Bayan an kammala gabatarwar, wane irin sharhi ne daga malamin, don ba da shawara mai ginawa kan aikin kungiyar, zai fi dacewa da sakamakon koyon da ake tsammani na kwas din?",Ina taya ku murna kan jajircewarku ga yanayin muhalli na gida kuma ina gayyatar ku da ku fahimci bangare mai kyau na wannan yanayin: waɗanne fa'idodi ne sarrafa waɗannan ayyuka ta atomatik ke kawowa ga masu amfani?,"Kyakkyawan aiki tare, kun bayyana a fayyace abin da aka mai da hankali a kai kan illolin sarrafa komai da na’ura. A wane fanni mai amfani kuma kuke ganin irin wannan yanayi yana faruwa?","Kun bayyana a sarari wata gaskiya mai wahala kuma ta kusa, wadda ke wakiltar munanan ɓangarorin fasaha. Ina ba da shawarar mu haɗa aikinmu na gaba da ita: wane aiki na samar da riba za mu iya bunkasawa don haɗa makwabtan da ke buƙatar sake samun horo?","Kun tattara bayanai masu matukar muhimmanci don bayyana daya daga cikin illolin sarrafa abubuwa ta na'ura da ba za a iya kauce mata ba. Ganin wannan gaskiyar, wadanne kalubale ne ke fuskantar al'umma dangane da horar da ma'aikata na yanzu da ilimantar da tsararraki masu zuwa?",,,,D,Technology,Assessment,Secondary,2019,
797,"Malamin fasaha na shekara ta biyu ta sakandare, wanda ke shirin fara aikin a-aikace (project work), ya yanke shawarar yi wa ɗalibansa kimanta gane matsala (diagnostic evaluation) don tabbatar da ilimi da fahimtar matakan wani aikin a-aikace (project), waɗanda tuni aka koya musu a shekarar da ta gabata. Idan aka yi la’akari da manufa da abin da za a tantance, wane ne daga cikin waɗannan kayan aikin tantancewa ne ya fi dacewa?",Jerin bayanai da ke tattara muhimman ra'ayoyi a cikin darasin game da ayyuka daban-daban da ake gudanarwa a kowane mataki na wani aiki (project),"Jerin abubuwan dubawa wanda ya kunshi ma'aunan inganci waɗanda dole ne su kasance a cikin ci gaban kowane mataki na aikin, kuma wanda ke ba da damar a tabbatar da su a aikin aikace-aikace","Jarrabawar rubutu mai tambayoyi na amsa mai ginawa, inda, idan an ba da wani hali, a gano matakai daban-daban na wani aiki kuma a ba da hujjar amsoshinsu","Matsayin tantancewar aiki tare da ma'aunan rarraba matakin ƙwarewa da aka nuna a kan matakan aikin, yayin da suke gudanar da kowanne ɗayansu a aikin rukuni",,,,C,Technology,Assessment,Secondary,2019,
798,"Ɗaliban makarantar sakandare suna cikin matakin tsarawa na aikin su. Don taimaka musu wajen haɓaka tsare-tsaren su, malamin ya yanke shawarar keɓe aji don koyon yadda ake aiki da zane-zanen PERT (PERT diagrams), inda dole ne su kafa alaƙar dogaro tsakanin ayyukan don aiwatar da aikin su. A ƙarshen ajin, malamin ya yanke shawarar yin tantancewar ginawa don gane fahimtar ɗaliban game da menene waɗannan zane-zanen da kuma amfanin su, domin daidaita shirin ajin na gaba bisa ga amsoshin da aka bayar. Wanne daga cikin waɗannan kayan aikin ne zai bai wa malamin damar tattara bayanai da sauri kuma a zahiri game da fahimtar ɗalibai da amfanin zane-zanen PERT?","Tsarin fomu na tantancewar ɗalibai, inda ɗalibai ke tambayar juna, “Yaya ake ƙirƙirar zane na PERT,” sannan su gyara amsoshinsu tare
Tsarin fomu na tantancewar ɗalibai, inda ɗalibai ke tambayar juna, “Yaya ake ƙirƙirar zane na PERT,” sannan su gyara amsoshinsu tare","Tikitin fita, wanda ke neman ɗalibai su nuna abubuwa uku da suka koya a ajin da kuma tambayoyi biyu da har yanzu suke da su game da menene zane-zanen PERT da kuma menene amfaninsu a kai","Sikelin kimantawa na tunani, tare da rarraba matakin fahimtar ɗalibai bisa ga amsoshinsu ga tambayar: “Menene zane-zanen PERT?”","Tambayoyi inda ɗalibai za su amsa abin da suka koya game da menene zane-zane na PERT da kuma amfaninsa, bisa ga waɗannan rukunnai: “Na san shi sosai; Na sani, amma ba zan iya bayyana shi ba; kuma Ban sani ba”",,,,B,Technology,Assessment,Secondary,2019,
799,"A ƙarshen wani darasi, malamar ajin 10 za ta tantance ɗalibanta game da manufar koyo mai zuwa: Fahimta da haɓaka hukunci mai zurfi game da matakan fasaha da ake amfani da su a Chile don samowa da canza makamashi. Wanne daga cikin waɗannan ayyukan tantancewa ne zai ba ɗaliban damar nuna matakin nasarar cimma manufar darasin?",Nemi ɗalibai su yi wasan kwaikwayo yana nuna illolin hanyoyin samarwa da watsa makamashi a ƙasar,Tambayi ɗalibai su ƙirƙiro teburi da ke ɗauke da ra'ayoyin fitattun mutane game da fa'idoji da illolin nau'o'in samo da canza makamashi daban-daban da aka koya,Nemi ɗalibai su ƙirƙiri wata takarda (fastar) da ke bayyana matsayi daban-daban na ƙungiyoyin duniya dangane da matakan samun makamashi da sauya shi da ake amfani da su a ƙasar.,Ka nemi ɗalibai su rubuta ra'ayi mai dalilai guda biyu game da ribobi da illolin kwatankwacin na ɗaya daga cikin nau'o'in samar da makamashi da aka yi nazari a kansu.,,,,D,Technology,Assessment,Secondary,2019,
800,"Malami a aji na goma ya umurci ɗalibansa su gudanar da bincike game da ingancin amfani da albarkatun makamashi. Ɗaya daga cikin ƙungiyoyin ya gabatar da wani aiki inda suka kammala cewa na'urorin da ke amfani da wutar lantarki kaɗan su ne mafi inganci, wanda hakan bai dace da rarraba waɗannan na'urori a cikin teburin ingancin makamashi ba. Menene matsalar da ke ƙarƙashin aikin ɗaliban a cikin wannan halin da aka gabatar?",Suna danganta manufar ingancin makamashi da amfani da na'urorin da ke amfani da tushen makamashin da ba na al'ada ba,Suna danganta manufar ingancin makamashi da ƙarancin amfani da makamashi a cikin na'urorin da suke karɓar aiki guda ɗaya,"Suna ɗaukar ma'anar ingancin makamashi a matsayin tanadin makamashi, ba tare da la'akari da cewa aikin ko hidimar da na'urorin ke yi iri ɗaya bane ba",Suna gano manufar amfanin makamashi mai inganci a matsayin hana ɓarnatar da makamashi wanda ba dole ba yayin gudanar da aiki ko sabis na na'urorin da aka nazarta,,,,C,Technology,Student understanding,Secondary,2019,
801,"Rukunin ɗaliban aji na farko na makarantar sakandare sun ƙayyade masu karɓa (abokan ajinsu) waɗanda za su ba su sabis na dijital. Sun gudanar da safiyo tare da abokan ajinsu kuma sun tabbatar da cewa babban buƙatar shine tara kuɗaɗe don tafiyar ƙarshen shekara. Malamin ya gaya musu cewa yanzu su ba da shawarar mafita ga buƙatar da aka gano. Idan aka yi la'akari da hanyar aiki (project methodology), wane mataki daga cikin matakan da ke gaba ya kamata malamin ya yi aiki a kai tun da farko don sauƙaƙe aikin da aka ba su?","Kwatanta hanyoyi daban-daban da ke magance irin buƙatu ɗaya, tare da taimaka musu wajen kafa ma'aunai daban-daban, sannan su zaɓa kuma su tabbatar da hanyar warwarewa","Fassara, tare da ɗalibai, sakamakon binciken don tabbatar da buƙatar da aka gano na samar da sabis ɗin","Tsara mafitar hidimar, kana jagorantar ɗalibai don su amsa buƙatun da aka kafa da kuma na masu karɓa.","Shirya ayyukan da suka wajaba don bunkasa sabis ɗin, tare da taimaka wa ɗalibai su ga jerin ayyukan, albarkatu da lokutan da ake bukata, da kuma ilimin da ya dace",,,,A,Technology,Student understanding,Secondary,2019,
802,"Wani malami na aji na biyu na babbar sakandare yana tsara wani sashi na koyarwa da manufar: ""Don yin hasashe kan yanayi na yiwuwar tasiri mai kyau ko mara kyau na sabbin kirkire-kirkire na fasaha na yanzu a fannoni na kai (mutum), zamantakewa, muhalli, shari’a, tattalin arziki, ko wasu fannoni."" Don darasin farko, zai yi aiki kan manufar koyarwa mai zuwa: ""Don tsinkayar tasiri daga kirkire-kirkire na fasaha na baya."" Wace daga cikin ayyuka masu zuwa ce za ta bai wa malamin damar magance manufar da zai yi aiki a kai a darasin farko?","Ku nuna wa ɗalibai wani bidiyo da ke nuna ƙirƙira da ci gaban abubuwa daban-daban na fasaha (technology) da kuma wasu illolin da suka samu a cikin al'ummar yanzu, sa'an nan ku ce su nuna waɗanda suka fi yin mummunan tasiri","A yi wa ɗalibai bayani kan tasiri mai kyau da maras kyau na kamfas, sannan kuma a nemi su binciko wasu abubuwan da suka yi irin wannan tasirin bisa ga wannan",Ku nuna wa ɗalibai bidiyo game da injin tururi da yadda ya samo asali har ya kai ga samar da sabbin abubuwa. Sa'an nan kuma ku ce su faɗi tasirin da ya haifar a duk tsawon ci gabansa ta hanyar lokaci,"Gabatar wa ɗalibai ci gaban wani abu na fasaha, kamar wayar tarho, da kuma tasirinsa a kan al'ummar yanzu. Sa'an nan a umarce su su cika jadawali inda za su rarraba tasiri mai kyau da marar kyau.",,,,C,Technology,Teaching strategies,Secondary,2019,
803,"Lokacin da za a fara koyar da sashin ""Inganta amfani da albarkatunmu"" ga ajin makarantar sakandare na aji na biyu, wani malami ya fara tattaunawa da ajin ta hanyar tambaya mai tayar da hankali: ""Yaya za mu iya zama al'umma mai ilimi da ke inganta ci gaba mai dorewa?"" Kowane ɗalibi yana rubuta ra'ayinsa a kan katin kuma ya liƙa shi a kan allon da aka tanada don wannan dalili. Katinan suna ɗauke da nau'ikan ra'ayoyi guda uku: halayen da suka shafi tanadin ruwa da wuta, ra'ayoyin sake sarrafa shara, da kuma yaƙe-yaƙe don rage amfani da robobi. Ganin wannan takaitaccen aikace-aikacen ra'ayin ci gaba mai dorewa, malamar ta yanke shawarar gudanar da wani aiki tare da ɗalibanta don ba su damar faɗaɗa da zurfafa fahimtarsu game da wannan kalma. Wanne daga cikin zaɓuɓɓuka masu zuwa zai ba malamar damar fayyace ma'anar ci gaba mai dorewa?","Ku bai wa ɗalibai wani yanayi na hasashe: dakatar da wutar lantarki na tsawon sa'o'i 6 a rana a matsayin wata hanya ta ceton makamashi. Za su yi nazari a cikin ƙungiyoyi game da illolin wannan mataki a kan muhalli, tattalin arziki, da cibiyoyin zamantakewa daban-daban. A ƙarshe, za su yanke shawara game da dacewar irin waɗannan manufofi","A nuna wa ɗalibai bidiyon ""Yanayin Gaggawa na Duniya"" (Planetary Emergency) sannan a gudanar da tattaunawa kan illolin da ɗumamar yanayi ta haifar a fannoni daban-daban na rayuwa a doron ƙasa: tsirrai da dabbobi, samar da ruwa, bala'o'i na dabi'a, da sauransu. Sannan su bada shawarwari don rage tasirin matsalolin da aka gano.","Ka ce wa ɗalibai su yi nazarin takardu, rahotanni, da labarai game da rikice-rikicen zamantakewa da muhalli na yanzu a yankin da makarantar take, sannan su yi hasashe game da musabbabansu bisa ga waɗannan ka'idoji: ilimi, tattalin arziki, da siyasa.","Shirya, tare da ɗalibai, jerin halayen da za su zama dole a inganta su a cikin al'umma don ba da tabbacin nasara a ayyukan da aka ba da shawarar a kan katunan. Sannan, ku gina kimantawar kai a kan waɗannan halaye a matakin aji kuma ku gano wuraren da suka rage don yin aiki a kansu a cikin gida",,,,A,Technology,Teaching strategies,Secondary,2019,
804,"Malamin fasaha ya tsara umarnin jagorar aikin bincike wanda ɗalibansa na shekara ta farko a sakandare za su gudanar a matsayin wani ɓangare na sashen ""Juyin Halitta da Tasirin Mafita."" Aikin zai dogara ne akan wani sabis da kowace ƙungiya ta zaɓa, wanda za su binciki juyin halittar da ya samu a cikin shekaru goma na baya-bayan nan, gami da yin tunani game da abubuwan da ke ciki da kuma tasirin wannan juyin halitta. Don magance muhimmancin manhaja na darasin haɓaka tunani mai zurfi, wane daga cikin waɗannan tambayoyin jagora ya kamata ya kasance a cikin jagorar aikin?",Waɗanne canje-canje na yanayi na zamantakewa ne suka ba da damar ci gaban wannan tsarin samarwa? A gano tasirin kowannensu a kan ci gaban wannan mafita ta fasaha,"Gaba ɗaya, kana ganin juyin halittar wannan tsarin samarwa ya bada damar samun mafita mafi inganci ga buƙatar da yake biyanwa? Ka ba da hujja kan amsarka da misalai daga rayuwar yau da kullum.","La'akari da abin da aka bincika a cikin wannan aikin, shin tasiri mai kyau ko mara kyau ne ya fi rinjaye a ci gaban wannan sabis ɗin? Ku ba da hujjar amsoshinku ta hanyar nuni ga fannonin zamantakewa, muhalli, da tattalin arziki.",Waɗanne matakai ne za su dace a ɗauka a matakin mutum da kuma matakin al'umma don rage mummunan tasirin wannan juyin halitta? Bayar da matakai biyu ga kowane fanni sannan kuma a bayyana tasirinsu,,,,C,Technology,Teaching strategies,Secondary,2019,
805,"Malamin aji na biyu yana koyar da darasi kan nazarin hanyoyin fasaha, wanda ke da manufar ""Bayyana tasiri da canje-canje da muhalli suka samu saboda ci gaban kirkire-kirkire na fasaha."" Malamin ya fara darasin ne ta hanyar nuna wa ɗalibai wasu hotunan tsarin keken jama'a da aka aiwatar a wasu yankunan Chile, kuma ya tambaye su ko sun san shi kuma sun yi amfani da shi. Wace daga cikin ayyukan da ke gaba ce za ta bai wa malamin damar cimma manufar da aka faɗa kuma ta dace da muhimmancin manhaja kan tunanin mai zurfi?","A tambayi ɗalibai waɗanda suka yi amfani da sabis na keken jama'a su raba kwarewarsu da abokan karatunsu, sannan a tsara su zuwa ƙananan ƙungiyoyi don su yi nazarin mahimmancin nuna halaye na alhaki, duka a wajen amfani da irin wannan sufuri da kuma tasirin da amfani da shi zai iya haifarwa ga muhalli da mutane.","Ku nuna wa ɗalibai wani bidiyo da ke nuna yadda mahaya kekuna ke yin ba daidai ba a kan titunan ƙafa, haura hanya ba tare da mutunta alamomi ko fitilun ababen hawa ba, da kuma hawan keke ba tare da hular kariya ko fitilu ba. Ku ce su zaɓi ɗaya daga cikin matsalolin da suka gani, su gano illolinsa, sannan su ba da shawarar hanyoyin magance waɗannan illoli","Kai ɗalibai su lura a zahiri da tasirori da matsalolin da ke tasowa daga ajiye kekunan haya a wurare daban-daban, kamar su hanyoyin ƙafa, wuraren shakatawa, da hanyoyin fita na jirgin ƙasa mai karkashin ƙasa. Daga nan kuma, ka ce musu su tsara waɗannan bayanan, domin ta haka za su iya bayar da shawarwari da samar da ingantattun mafita.","Ku tambayi ɗalibai su binciki ’yan uwa da abokan arziki game da yadda suka amfana ko kuma aka shafa su da sabis ɗin keken jama'a. Bayan haka, ku sa su tsara bayanan bisa ga ƙa'idodin da suka ayyana a fannoni daban-daban (na zamantakewa, muhalli, tattalin arziki, da sauransu), su tantance tasirin, kuma su gabatar da ra'ayinsu game da sabis ɗin ga ajin tare da hujja.",,,,D,Technology,Teaching strategies,Secondary,2019,
806,"Wani malamin makarantar sakandire yana aiki tare da ɗalibansa a kan babi mai taken ""Dama da Kalubalen Fasaha a Yau"" kuma yana duba ra'ayoyin farko na ƙungiyoyin aikin. Yayin da suke bayar da amsoshinsu, an maimaita amfani da manufar ""sake sarrafawa"" don nuni ga duk wani aiki da ya shafi sake amfani da wani abu na fasaha. Domin ɗalibai su shawo kan wannan rudani, malamin ya ba da shawarar nau'i-nau'in misalai guda biyu don taimaka musu su bambanta tsakanin manufofin sake sarrafawa da sake amfani. Wane ne daga cikin nau'i-nau'in misalai na sake sarrafawa da sake amfani, bi da bi, zai fi taimaka wa ɗalibai su fahimci banbancin tsakanin waɗannan manufofin?","Canja amfanin abin da ke kama da shara, kamar yin ajiyar fensir daga gwangwanin abin sha, kuma mai da wani abu, kamar juya kwalbar filastik zuwa mazubin shayarwa","Yi amfani da takarda a bangarorin biyu sannan ka ajiye ta a cikin kwantena da ke wuraren tsabtace a cikin al'umma, kuma ka zo da jakarka zuwa babban kanti, don kada ka buƙaci sabuwa","Shuka takin zamani don tsirrai daga ragowar abinci, kamar bawon 'ya'yan itace da gurbataccen kayan lambu, sannan a yi amfani da na'urori gwargwadon iko ta hanyar inganta yawan amfani da su","A dumama a sake tsara gorunan gilashi don yin kofuna ko tukwanen fure, kuma a ba da gudummawar tufafin da aka daina amfani da su ga wasu mutane",,,,D,Technology,Teaching strategies,Secondary,2019,
807,"Malami na aji na biyar, don cimma manufar: ""Ƙirƙirar zane-zanen abubuwa don warware matsaloli"", zai koyar da ɗalibansa su yi amfani da hotuna uku (hoto na gaba, hoto na gefe, da hoto na tsari) domin daga nan su iya amfani da su wajen wakiltar wani abu na fasaha a ma'aunin rage girma na 1:10. Wane daga cikin jerin ayyuka masu zuwa ne zai ba ɗalibai damar gabatar da koyon wannan abun ciki da kuma aikace-aikacensa kai tsaye?","Ka gabatar da PowerPoint tare da misalan ra'ayoyi 3 na abu. Ka tambayi ɗaliban: shin wakilcin abin ta waɗannan ra'ayoyin yana ba da bayani game da sassan sa ta yadda zai iya aiki? Ka ba da abin da za su zana, suna zaɓar ɗaya daga cikin ra'ayoyin. Ka nuna musu yadda za su yi amfani da mai mulkin sikelin, don su iya amfani da sikelin a cikin ra'ayin da suka ƙirƙira.","Ka kawo hotuna 3 na abu guda ɗaya tare da ra'ayoyinsa 3; kowane hoto yana da ainihin ma'aunin abin da aka lura da shi. Ka bayar da takardar da aka raba, tare da sarari don kowane ra'ayi, inda ɗalibai za su liƙa kowane hoto, suna rarraba su yadda ya kamata. Ka koyar da rage ma'aunin 1:10 ta hanyar misalai na zahiri a kan allon rubutu, yin lissafin da ya dace.","Nuna bidiyo da ke ɗauke da misalai na kallon abu ta hanyoyi 3. Kawo kayan fasaha daban-daban zuwa ajin don ɗalibai su auna ma’auninsu da rula. Yi bayani a kan allo yadda za a rage ma’aunin zane daga ma’aunin da suka auna kuma suka rubuta. Yi amfani da takardar garaf don zana gatari uku: X, Y, Z, kowanne yana da nisa da 30°, sannan ka koya musu yadda za su zana abinsu.","Nuna bidiyon da ke bayanin kallon sassan wani abu guda uku. Tambayi ɗaliban: shin zane ko fasalin abun ta hanyar waɗannan kallon na ba da bayani game da sassansa? Ba su abubuwa masu sauƙi don su zana kallonsu. Don koyar da rage girman sikel, yi gwaji da ɗaya daga cikin abubuwan da aka ba su a kan takardar zane mai ƙwari, ta amfani da rula, set sikwar, da kuma T-sikwar.",,,,D,Technology,Teaching strategies,Secondary,2020,
808,"Malamin aji na 8 zai fara wani aiki tare da ɗalibansa da manufar samar da wani sabis da aka yi niyya ga tsofaffi a wani gida wanda makarantar ke tallafawa. Don wannan, a cikin wannan mataki, suna buƙatar tattara bayani game da mazauna gidan da bukatunsu. Wacece daga cikin ayyukan da ke gaba zai baiwa ɗaliban damar koyon gano bukatun rukuni na mutane?","Ku gina itaciyar matsala domin gano mummunan yanayin, ta hanyar danganta yiwuwar abubuwan da ke jawo shi da kuma illolinsa","Duba hanyoyi dabam-dabam na tattara bayanai, kamar su hira da tambayoyi (questionnaires), sannan ka tabbatar da fa'idoji da rashin fa'idojinsu","yi bincike a kan matrix na SWOT kuma ka kammala jagora a kan wani misali, ta hanyar gano ƙarfi, dama, rauni, da barazana","Yi tunanin matsaloli masu yiwuwa waɗanda ƙila ke addabar su, sa'an nan kuma bincika hanyoyin tattara bayanai",,,,A,Technology,Teaching strategies,Secondary,2020,
809,"A cikin aji na aji 8, a darasi na farko na sashin Kayan Fasaha Masu Inganci da Dorewa, malami ya fara da bayyana ma'anar dorewa. Domin taimaka wa ɗalibai su fahimta, malamin ya yanke shawarar kwatanta shi ta hanyar wata kamanceceniya. Wace kamanceceniya ce malamin zai iya gabatarwa don sanya ra'ayin dorewa ya fi fahimta ga ɗaliban?","A cikin iyali, suna dafa kunshin taliya don abincin dare ga mutane huɗu. Mutane uku kacal suka zauna cin abinci, kuma saboda suna jin yunwa sosai, suka cinye taliyar gaba ɗaya. Lokacin da ɗan uwan da ya ɓata ya iso, iyalin sun sake amfani da makamashi da ruwa don shirya ƙarin taliya ga wanda ya ɓata.","Manomi mai karamar gona yana canja shuka nau'ukan kayan lambu daban-daban masu bambancin buƙatun abinci, kamar su tumatir, karas, da masara a shekara ɗaya, sannan fis, albasa, da gwoza a shekara ta gaba, don kiyaye ƙasar tana da haihuwa ga amfanin gona na gaba.","Dalibi yana da waya wadda cajin batirinta ya yi ƙasa, sai ya sanya ta a caji. Kuma a lokacin, sai ya fara yin wasa, amma wasan yana cin batir da sauri fiye da yadda caja ke iya ciko shi. Saboda haka, wayar za ta mutu bayan wani ɗan lokaci kaɗan, sai dalibin ya canza zuwa caja mai saurin caji","Kamfanin kera tebura yana tsarawa da ƙera tebura ta yadda yayin da ake yin alama da yanke sassan daga katako, yana amfani da katakon gaba ɗaya, kuma yana ba da ragowar wani amfani daban. Wannan na rage yawan kayan asali da ake amfani da su, tare da tallata wannan tsarin ƙerawa a matsayin wata muhimmiyar alama ta kamfani don haɓaka tallace-tallace.",,,,D,Technology,Teaching strategies,Secondary,2020,
810,"Wata ƙungiyar ɗalibai tana haɓaka wani samfuri na fasaha don sarrafa ciyarwar dabbobi ta atomatik, buƙatar da aka gano saboda wani memba ya bar dabbar sa ita kaɗai a cikin rana. Dangane da halin da aka bayyana, waɗanne ayyuka ne malamin zai iya ɗauka don shiryar da ɗaliban a wannan matakin na aikin?",Bincika tsarin ƙirar samfurin fasaha da rukunin ɗalibai suka gabatar,"Bayyana abin da kirkirar kayan take kunsa, don dalibai su fahimci yadda za su gina fasahar samfurinsu",Ku bada amsa a kan ci gaban ginin samfurin fasaha bisa nazarin littafin rubuce-rubuce na kungiyar,Shirya wani takardar amincewa da aiki na kashin kai da na ƙungiya don bunƙasa aikin da ɗalibai za su sanya hannu a kai,,,,C,Technology,Teaching strategies,Secondary,2020,
811,"Malamar aji na takwas, ganin muhimmancin tattauna batutuwan da suka shafi sauyin yanayi a ajin Fasaha, ta gabatar da wani aiki ga ɗalibanta don su yi aiki kan jigon ""Ayyukan samarwa a ƙasar Chile da kuma samarwa mai tsabta."" Wanne ne daga cikin waɗannan ayyukan zai fi haɓaka tantancewa da zurfin bincike na wannan jigo, daidai da abin da tsarin darasin ya fi ba da fifiko?","Dalibai, waɗanda aka raba su cikin ƙungiyoyi, suna ziyartar kamfanoni na yankin don su ƙara koyo game da tsare-tsaren da ake bi wajen samarwa. Daga nan, sai su shirya wani rahoto tare da bayanan da suka samu daga ziyarar, da kuma ra'ayinsu game da tsare-tsaren samarwar da suka lura da su.","Ɗalibai, a shirye su cikin rukuni-rukuni, suna bincike kuma suna ƙirƙirar jerin hanyoyin samarwa a sassan tattalin arziƙi daban-daban na ƙasar (noma, hakar ma'adanai, masana'antar kera kayayyaki, da sauransu), daga inda suke gano dalilai waɗanda ke bayyana sauyin yanayi.","Dalibai suna kallon bidiyo da ke bayyana yadda aka sabunta dokokin ƙasar Chile ta yadda tsarin samar da kayayyaki, walau na kayan masarufi ko na hidima, zai koma ga hanyoyin samar da kayayyaki masu tsafta, don cimma burin tsaka-tsakin carbon (carbon neutrality) nan da shekara ta 2050.","Dalibai suna neman bayani game da wasu hanyoyin samarwa na kamfanonin Chile, sannan kuma suna kwatanta su da kamfanoni makamanta waɗanda suka sanya hannu kan yarjejeniyar samarwa mai tsafta. Bayan haka, suna shirya wata shawara ga waɗancan kan yadda za a ƙara inganci da rage haɗarin muhalli.",,,,D,Technology,Teaching strategies,Secondary,2020,
812,"Malamar aji na 8 tana aiki tare da ɗalibanta a kan wani aiki na gina ƙirar hasken gida. Bayan ta duba aikin ɗaliban, ta lura cewa wata ƙungiya ɗaya ba ta yi nasara ba wajen sa fitilun LED na ɗakuna daban-daban su kunna su kashe a keɓe ba. Wanne daga cikin waɗannan ayyuka na malamar ne zai taimaka wa wannan rukunin ɗalibai su fahimci yadda za su gina zangon lantarki da suke buƙata?","Nuna musu cewa haɗin fitulun dole ne ya zama a kaikaice don su kasance masu zaman kansu. Sa'an nan, ka umarce su da su zana zane-zanen haɗin, kuma su maimaita shi a cikin sigar lantarki samfuri.","Bada bayanin halayen jeri (series) da juna-juna (parallel) na kewaye (circuits), da nuna cewa a na farko, wutan lantarki yana bin hanya ɗaya, saboda haka fitilun ba su da 'yancin kai. Sa'annan, ka umarce su su haɗa fitilun a juna-juna (parallel) su kuma gwada sakamakon.","Duba hoton zane na kewaya wutar da suka gina da su kuma ka bayyana musu cewa don fitilu su yi aiki da kansu, dole ne a haɗa su a madaidaiciya (parallel). Sa'an nan, ka ce su sake yin zane na wutar ta hanyar haɗa dukkan fitulun daga asalin wutar kuma su sake gina kewayar.","Ku bincika tare da su yadda fitilun ke aiki idan aka haɗa su a jere da a layi, yayin da ake kunna wasu kuma a kashe wasu. Sa’an nan, ku yi nazari a kan zane-zanen kewaya da suka gina don tantance canje-canjen da za su yi. A ƙarshe, ku ce su haɗa duk fitilun da ke cikin samfurin bisa ga sabon zane-zanen",,,,D,Technology,Teaching strategies,Secondary,2020,
813,"A cikin aji na aji 7, a ƙarshen darasi na farko na sashin Ƙirƙirar abubuwa don warware matsaloli, wani malami ya ba wa ƙungiyoyin ɗalibai aiki su binciki wata matsala a cikin kicin ɗin gidajensu, wadda za su iya warwarewa daga baya ta hanyar gina wani abu na fasaha. A darasi na gaba, an nemi su zana abin fasahar, tare da ra'ayoyi uku da kuma girma daidai da sikeli. Ɗaya daga cikin ƙungiyoyin sun zana na'urar fitar da hatsi, kuma malamin ya lura cewa tushe yana da ƙaramin rami sosai dangane da girman kwantena, wanda zai hana fita hatsin. Wace fasaha ce ta danganci darasin ya kamata a ƙarfafa a cikin wannan ƙungiyar ɗalibai, dangane da matsalar da aka gano a aikin nasu?","Amfani da sikelu, don cimma wakilcin zane na abu da ɗalibai ke so su gina","Gudanar da zanen, ta hanyar da ɗalibai ke magana a kan aikin abin da suke son su gina","Shirye-shiryen, daga inda ɗaliban ke kafa sifofi (matrices) don ginin abin da suke son ginawa","Neman mafita ga matsala, ta hanyar da ɗalibai za su gano mafita ga matsalar da aka gano a cikin dakunan girkin gidajensu",,,,B,Technology,Student understanding,Secondary,2020,
814,"Malamar aji biyar ta umurci ɗalibanta su gudanar da aikin rukuni. Don haka, ta nemi su gabatar da tebur mai ɗauke da jerin kayayyaki, farashinsu, da kuma jimillar kuɗin da za a kashe don yin abun yayin matakin shiri, ta amfani da faya ta lissafi. Bayan ta duba fayoyin lissafin da kowane rukuni ya tsara, malamar ta gano a wani aikin cewa ba a haɗa kuɗin da aka kashe ɗaiɗai ba kuma jimillar kuɗin da aka lissafa ya zama sifili, duk da cewa sun zaɓi tsarin aiki daidai. Wace matsala wannan rukunin ɗalibai ke fuskanta wajen amfani da faya ta lissafin?",Zaɓi sel ɗin don lissafa kuɗin,Shirya dukan bayanan kuɗin a cikin ginshiƙai,Zaɓi tsarin lambobi don sel ɗin da aka yi amfani da su,Yi amfani da aikin tabbatar da bayanai don ƙimar kuɗi,,,,A,Technology,Student understanding,Primary,2020,
815,"Malamin aji shida zai tantance ɗalibansa da manufa mai zuwa: ""Kwatanta hanyoyin fasaha da suke akwai da kuma gano buƙatun da suka biya a cikin yanayin da aka samar da su."" Wane daga cikin waɗannan ayyukan ɗalibai ne zai nuna cewa an cimma manufar da malamin ya gabatar?",Suna gwada hanyoyin warware matsaloli daban-daban da suka dace da rukuni guda na buƙatu da aka bayar,Suna kwatanta bukatu da suka taso a fannoni daban-daban na ci gaban zamantakewa da canje-canjensu a tsawon lokaci,Suna tabbatar da kamannai a cikin mahallai na tarihi inda aka samar da abubuwan fasaha na iri ɗaya a tsawon lokaci,"Suna kwatanta bukatun da ke tushen ƙirƙirar ire-iren abubuwan fasaha iri ɗaya, gwargwadon zamanin da aka yi su.",,,,D,Technology,Assessment,Secondary,2020,
816,"A cikin tsarin cimma ingantacciyar amfani da albarkatun makamashi, wata malamar aji na shida tana jagorantar ɗalibanta wajen ƙirƙirar abubuwa daban-daban. Ɗaya daga cikin rukunonin ya gina ""tukunyar sihiri"", da nufin inganta amfani da iskar gas lokacin da ake dafa abinci. Malamar ta yanke shawarar ƙirƙiro da wani ma'aunin kimantawa na musamman don manufa mai zuwa: ""Gwaji da kimanta tasirin samfurin fasahar su"". Wane ne daga cikin waɗannan ma'aunai zai nuna cewa ɗaliban suna cimma manufar da aka bayyana?","Suna fayyace ayyuka da halaye na amfani da dole ne ""tukunyar sihiri"" ta cika dangane da ajiyar makamashi","Suna nazarin sanannun tsare-tsare (kamar ""tukunyar sihiri"") waɗanda ke amfani da makamashi mara-al'ada kuma suke samun ingantaccen sarrafa makamashi","Sun auna a gwaji bambance-bambancen amfani da kuzari tsakanin ""tukunyar sihiri"" da sauran irin hanyoyin girki makamantan ta","Suna ƙirƙira wata ""tukunya mai sihiri"" mai sauƙi kuma suna danganta aikinta da amfani da makamashi mara-al'ada da ingantaccen sarrafa makamashi",,,,C,Technology,Assessment,Secondary,2020,
817,"Wata malamar aji na Bakwai (7) za ta tantance ɗalibanta da manufar wannan darasin kamar haka: “Ku gabatar da hanyoyin daidaitawa ko ingantawa waɗanda ke da tasiri a cikin yanayin muhalli.” A cikin wannan yanayin, malamar ta gabatar da matsalar yawan sharar da ɗan adam ke samarwa a yau, musamman tana magana ne kan ciyoyin filastik. Dangane da matsalar da malamar ta gabatar, wace daga cikin ayyukan tantancewa na gaba ce za ta ba da damar nuna cimma nasarar koyo da ake tsammani don wannan darasin?","Nemi ɗalibai su tsara akwatin ruwa nasu kowane, kuma su tabbatar cewa za a iya shan abin da ke cikinsa ba tare da buƙatar wani ciyawa ba","Ku tambayi ɗalibai su tsara wani shiri na yaɗa labarai wanda zai haɓaka amfani da kwalabe masu sake aiki, tare da fitar da kyawawan ɓangarorin wannan matakin",Ka umurci ɗalibai su gudanar da bincike a kan kayan da ba sa gurbata muhalli kuma su zaɓi ɗaya da za a iya amfani da shi a cikin kwantena na ruwa.,"A nuna wa ɗalibai kwantena na ruwan 'ya'yan itace daban-daban da suke a halin yanzu, kuma a ce su hasaso illoli biyu da kowane ɗaya ke haifarwa ga muhalli, bisa la'akari da ƙa'idojin aiki da tattalin arziki",,,,A,Technology,Assessment,Secondary,2020,
818,"Malamar aji na 6 ta ba ɗalibanta aikin rukuni kamar haka: su yi gagarumin canji ga wani abu na fasaha mai sauƙi, sannan su gabatar da abin da suka yi kuma su bayyana dalilin da yasa za'a ɗauke shi a matsayin kirkira. Wanne daga cikin bayanan ɗaliban ne zai ba da damar tabbatar da cewa sun fahimci ma'anar kirkira?",Abun ya kasance sabon salo domin mun yi masa canje-canje da suka sa ya fi sauƙin amfani,"Wannan abu kirkirarriya ne saboda mun canza shi gaba ɗaya, har ma aikin sa ya daina zama iri ɗaya",Abin kirkira ne saboda mun ƙara sabbin abubuwa domin ya zama na asali kuma mai jan hankali,Abun yana da kirkira saboda mun canja salonsa don ya ja hankalin mutane na shekaru daban-daban,,,,A,Technology,Student understanding,Secondary,2020,
819,"Malamar makaranta ta gabatar wa ɗalibanta na aji takwas, a matsayin taken darasi, illar yawan amfani da na'urorin kallo a kan sakamakon karatu. Bayan ta gabatar da taken, sai ta tambayi ɗaliban su bincika bayanai a kansa a Intanet.
Wace shawara za ta iya ba ɗaliban don su sami ingantaccen bayani game da taken da aka gabatar a kan na’urorin binciken dijital daban-daban?","Bincika tushe na farko da sauran rumbunan adana bayanai, kana mai fifita waɗanda suka mallaki ƙungiyoyi sanannu ko masu wakilci, da farko yi ƙoƙarin gano manyan shafukan yanar gizo ta sunan yankinsu: .org (ƙungiya), .gov (gwamnati da hukumomin hukuma) da .edu (ilimi). Yi amfani da jimla wacce ta kayyade daidai abin da ake bincika a kansa, ko kuma a tantance kalmomi a cikin injin binciken, domin takaita sakamakon.","Fara da bincike mai fa'ida, ta amfani da kalmomin da aka siffanta, misali: amfani da alluna, ba tare da amfani da alamun kwatance ba. Daga nan, rage binciken ta hanyar rubuta jumloli masu cikakken bayani, misali: amfani da allon kallo fiye da awanni 8 a jere. Kuma saita ƙasa, yare, kalmomin bincike, da lokacin sabunta batun. Sanya jumlolin a cikin alamun kwatance kuma yi amfani da alamun + da –, don ƙara kalmar bincike ko cire waɗanda ba ma so.","Zaɓi inji mai bincike mai inganci kuma mai sauri (ka tuna cewa duk yawan rumbunan adana bayanai da injin bincike ke shiga, zai fi jinkiri). Sai ka binciki bayanan ta hanyar zaɓar ƙasar da kake son bincika game da ita da kuma rukunin batun, misali: kimiyya, fasaha, nishadantarwa, wasanni. Don binciken, yi amfani da kalmomi na gaba ɗaya, kar ka yi amfani da alamomin lafazi ko manyan haruffa; idan ka san yadda ya kamata magana ta bayyana, rubuta ta a cikin koto, tare da dukkan kalmomin.","Da farko, ƙirƙiri shirin aiki wanda ke ɗauke da, a ɗaya daga cikin matakan aikin, tara da tattara nassoshi kan batun da ake bincike a kai. Da zarar an isa wannan mataki, nemi tushen bayanai, kamar littattafai, mujallu, takardu, ma'ajiyar bayanai a Intanet, inda aka yi nazarin batun sosai. Kula sosai da manyan haruffa da ƙananan haruffa lokacin rubuta takardun. Kula da alamomin lafazi a cikin kalma ko jimlar da za a bincika, don takaita binciken da kuma rage yawan sakamako",,,,A,Technology,Teaching strategies,Secondary,2020,
820,"Malamin aji na takwas, a cikin ajin don gabatar da maudu’i, ya nuna bidiyon “Chile, mafi kyawun wurin yawon buɗe ido mai kayatarwa a duniya.” Daga nan, malamin ya umurci ɗalibai su yi bincike a ƙungiyance a intanet game da wuraren yawon buɗe ido a ƙasar, ta hanyar amfani da matakan tabbatar da ingancin bayanai da tushen su. A cikin binciken, wane mataki ya kamata ɗalibai su ɗauka don bi waɗannan matakan?",Bincika marubuci da sabunta bayanin,Duba samun damar bayanan da kuma yiwuwar gyara datan,Duba abun da ke cikin gidan yanar gizon kuma idan yana da yawan ziyara,Bincika aikin shafin yanar gizon kuma tabbatar cewa abun ciki albarkatu ne mai tsayawa (static resource),,,,A,Technology,Assessment,Secondary,2020,
821,"Malami na sakandare ya yi jawabi ga ɗalibai da wannan maƙasudi na koyo: “Ku gano tasiri mai kyau ko mara kyau da sabbin kirkire-kirkire na fasaha ke yi a halin yanzu a kan muhalli da al’umma.” Bayan ya gabatar da jawabin kuma ya yi bayanin yadda ci gaban fasaha ke da iyaka saboda ƙarancin wasu albarkatu da ake buƙata don ci gaban su, malamin ya gane cewa dangantakar ba ta bayyana sarai ba tukuna kuma ya yanke shawarar haɗa misali don cika bayanin sa. Wane ne a cikin waɗannan misalan zai dace malamin ya yi amfani da shi don kwatanta bayanin sa?",Iyakokin fadada masana'anta saboda rashin wadatar albarkatun tattalin arziƙi da ake buƙata,Rashin tsarawa da jajircewa daga ƙananan hukumomi yana hana saka jari da ingantawa a cikin ci gaban fasahar tara ruwan sama.,"Gina wani aikin jama'a, kamar hanya, da ke fuskantar cikas saboda filin da ake buƙata mallakar ɓangaren masu zaman kansu ne",Matakin da wasu kamfanonin motoci suka ɗauka na daina kera motocin da ke amfani da injin konawa na ciki saboda karancin man burbushin halittu a nan gaba,,,,D,Technology,Teaching strategies,Secondary,2020,
822,"A cikin aji na farko na sakandare, wata malama ta fara darasin kan Juyin Halittar Abubuwan Fasaha, tana bayyana ma’anar ƙirƙire-ƙirƙire (innovation) ta hanyar hotunan abubuwa daban-daban da aka ƙirƙira tun ƙarnuka da suka wuce, waɗanda har yanzu suna da mahimmanci a yau. Bayan bayanin, wani ɗalibi ya tambaya: “Ina da tambaya, wani abu da aka ƙirƙira (invention), wanda shine wani abu sabon abu ne gaba ɗaya, shin ba ɗaya bane da ƙirƙire-ƙirƙire (innovation)?” Wane bayani malamiyar za ta iya baiwa ɗalibin don kawar da wannan shakkar?","Ƙirƙira takan zama Sabon abu idan ta kasance ta asali na gaske kuma ba a taɓa yin irinta ba. Haka ma lamarin yake ga canje-canje da aka yi wa wani abu; idan suka fito fili saboda tsananin asalinsu, to su ma sababbin abubuwa ne.","Ƙirƙira koyaushe sabo ce domin ana amfani da sabon ilimi da fasahohi wajen samar da ita. Haka nan lamarin yake game da wani abu da aka canja fasalinsa, domin kuwa an yi amfani da sabbin fasahohi.","Ƙirƙira ita ce amfani da gano wani abu da ya kasance ɓoye ko ba a sani ba, a yayin da sabuntawa kuma ke nufin ainihantar da sabbin tunani na fasaha wajen gyara abubuwa ko tsare-tsare da suke akwai","Ƙirƙira ita ce fitar da tunani fili, ta hanyar mayar da shi wani abu mai gamsasshen tushe wanda bai taɓa wanzuwa ba, kuma idan wannan abu ya zama mai amfani ga rukuni na jama’a, ya cika wata bukata gaba ɗaya, to a lokacin ne yake zama sabon salo",,,,D,Technology,Student understanding,Secondary,2020,
823,"Akwai bukatar a fassara wannan rubutu zuwa harshen Hausa. A lura cewa dole ne a fassara shi kai tsaye ba tare da wani karin bayani ba, gabatarwa, ko alamar zance (quotation marks).

**Fassara:**

A cikin darasin Sashe na 11 game da Gudummawa ga Al'umma, wata malama ta bukaci ɗalibai su yi amfani da manufar dorewa (sustainability) a cikin ayyukan hidimarsu. A lokacin darasin, wata ƙungiyar ɗalibai ta ce wa malamar: “Abu ne mai wuya a kirkiro wata hidima mai dorewa ta gaske domin abin da za a bukata shi ne a yi ƙoƙarin rage amfani da albarkatun ƙasa gwargwadon iko, saboda haka, a wannan yanayin, zaɓi mafi kyau shi ne kada a samar da hidimar.” Wacece mafi dacewar bayani don fayyace, tare da cikakken ra'ayi da kuma ingantacciyar harshe, maganar ɗaliban?","Sharuddan dorewa su ne waɗanda ke tabbatar da wanzuwar jinsin ɗan Adam gwargwadon yadda zai yiwu, kuma ana iya samun waɗannan sharuddan ta hanyar rashin ƙaruwar jama'a da tattalin arziƙin mai tsayayye ko rashin ƙaruwar tattalin arziƙi","Sharuɗɗan ci gaba mai ɗorewa suna nufin kulawa ta amfani da albarkatun ƙasa da ƙara inganci da lura sosai, domin kada su ƙare kuma a kiyaye su ga al'ummar gaba, ba tare da a lokaci guda an shafi damar kowa ta samun kayayyakin da aka samo daga gare su ba",Dorewa ita ce yanayi ko ingancin rayuwa wadda ake gamsar da burin ɗan Adam yayin da ake kiyaye daidaiton muhalli. Wannan yana nuna cewa ayyukanmu na yanzu dole su ba da damar mu'amala da muhalli kuma burin ɗan Adam ya dore a tsawon lokaci,"Dorewa ana fassara ta ne dangane da ɗaukar nauyin tsarin muhalli don tallafa wa ci gaban bil'adama, wanda ke nuna cewa tsarin tattalin arziki dole ne ya kasance a cikin iyakokin ɗaukar nauyin duniya, fahimtar dorewa a matsayin ci gaba ba tare da girma ba.",,,,B,Technology,Student understanding,Secondary,2020,
824,"Wani malamin makarantar tsakiya ya nemi ɗalibansa su tantance yadda hidimarsu ta yi aiki dangane da warware buƙatar da suka gano tun farkon aikin. Lokacin da ɗaliban suka binciki sakamakon, sun fahimci cewa masu amfani da su ba su ɗauka cewa aiwatar da shawararsu ya warware matsalar farko ba, kuma, saboda haka, ba su cimma manufar da malamin ya tsara ba. Wace ce daga cikin waɗannan matakan ilmantarwa ta fi dacewa don taimaka wa ɗaliban su fuskanci wahalar aiwatar da aikinsu?","Baka musu shawara su kai wa mai amfani, wadda za ta ba su damar ganin abubuwan da sabis ɗin yake warwarewa yadda ya kamata",Bada shawarar su yi nazarin bayanan da aka samu domin gano tare da gyara wuraren da ba a cimma ba tare da ci gaban hidimar ba,Ku gabatar musu da dabarun gyara sabis ɗin da aka bayar kuma ku nemi su sake bincike game da ainihin buƙatun masu amfani,"Ka sauƙaƙa gagarumin gyara ga aikin su kuma ka nemi su sake tuntuɓar masu amfani, suna mai da hankali kan yankunan da ba su haɓaka sosai ba a aikin su",,,,B,Technology,Teaching strategies,Secondary,2020,
825,"A cikin sashen Ba da Gudunmawa da Ƙoƙarin Kasuwanci, Dalibai na Ajin Sakandire na Farko suna aiki a kan tsara wani aiki. A cikin wannan mataki, wata ƙungiya ta yanke shawarar gina masu tattara ruwan sama domin sake amfani da ruwan da aka tattara. Sun yi shiri su gudanar da bincike, sannan su tsara kwantenonin bisa adadin ruwan da za su iya tattarawa. Sannan za su tantance wuraren da za su ajiye su da kuma kayan aikin da ake buƙata. Haka kuma za su shirya Jadawalin Gantt da kuma kasafin kuɗin da ke da alaƙa da aikin. Idan aka yi la'akari da koyo da kuma hanyar aiki da aka yi amfani da ita, wace matsala ce take bayyana a cikin tsarin aikin da daliban suka yi?",Shawarar da ke tattare a cikin aikin ba ta magance wata matsala ko buƙata da ɗaliban suka gano a baya ba,Tsarin da aka gabatar a cikin aikin bai haɗa da bayyana ayyukan da ɗalibai za su gudanar a kowane mataki na aikin ba,Shawarwarin da ke cikin aikin bai bayyana ka'idojin fasahar da dole ɗalibai su yi la'akari da su ba don gina na'urorin tattara ruwan sama,Shawarar da ke cikin aikin ba ta yi la’akari da cewa ɗalibai za su kwatanta ƙirar kwantenonin ruwan sama da ake samu a kasuwa ba kafin su ƙirƙiri nasu,,,,A,Technology,Student understanding,Secondary,2020,
826,"A cikin ajin makarantar sakandare na shekara ta farko, da zarar an kammala aikin ƙirƙirar kayan fasaha da ɗalibai suka yi, malamin ya nemi su tantance ingancin ayyukan, nasu da kuma na abokan karatunsu, ta amfani da ma'aunan fasaha da aiki, domin sanin ko akwai buƙatar ingantawa. Saboda wannan, za a ba su jagorar tantancewa da za su yi amfani da ita a lokacin gabatar da ayyukan. Idan aka yi la'akari da ma'aunan da aka ambata, wanne ne daga cikin waɗannan alamomin ya kamata a haɗa shi cikin jagorar tantancewa da ɗalibai za su yi amfani da ita?","Suna bada shawarwari tare da nuna dabaru don inganta kayayyakin fasaha, a dunkule da kuma tare da aiki da juna",Suna yin gyara ga abubuwa da suka yi da kansu da kuma waɗanda wasu suka yi bisa ga shawarwari inganta da aka riga aka kafa.,Suna gwajin abubuwan da suka ƙera da kansu ko kuma na wasu don sanin ko suna ba da yanayin aminci a lokacin aiki da su,"Suna gwada abubuwan da suka yi da kansu, suna tabbatar da ingancin kayan aiki da tsari, da kuma cewa suna aiki kamar yadda aka zata",,,,D,Technology,Assessment,Secondary,2020,
827,"A cikin raka’ar Yin Amfani da Albarkatu Yadda Ya Kamata, daga Aji na Biyu na Makarantar Sakandare, rukuni na ɗalibai sun gabatar da shawarar ƙirƙirar littafin jagora mai ɗauke da hanyoyi daban-daban don taimaka wa iyalai da aka zaɓa daga al'ummar ilimi su rage tsada da kuma cinye albarkatu kamar ruwa, iskar gas, da wutar lantarki, sannan su duba ko waɗannan hanyoyin da aka gabatar sun yi amfani.
Wane irin ayyuka ne rukuni na ɗaliban suka gudanar wanda ke nuna suna da ikon tantance tasirin tattalin arziƙi na maganin da suka bayar?","Ɗalibai sun aika binciken yanar gizo ga kowace iyali wata ɗaya bayan isar da littafin jagorar mafita, suna tambayar wane shawarwari aka aiwatar a gidajensu, wane irin matsaloli suka fuskanta, da kuma waɗanne ne za a iya ɗauka a matsayin ɗabi'u","Dalibai suna neman takardun biyan kuɗin amfani daga iyalai, sannan kuma su isar da littafin jagora. Bayan wata ɗaya, suna neman wani takardar biya don kwatanta sakamakon. Da wannan bayanan, suna nazarin tasirin hanyoyin maganinsu","Wata ɗaya bayan raba littafin jagora, ɗalibai suna gudanar da hira da iyalai, suna tambaya game da gogewar kowane memba game da aiwatar da hanyoyin warware matsalolin da aka gabatar. Daga nan, sai su fitar da ƙarshe game da tasirin tattalin arziki da mafitar ta samar.","Kafin su ba da littafin jagorar, ɗalibai sun tambayi iyalai: Waɗanne ayyuka ne suke haifar da yawan amfani da albarkatu a gidajenku? Bayan wata ɗaya da bayar da littafin jagorar, sun sake tambaya: Wace ce daga cikin mafitan da aka gabatar ta taimaka wajen rage kuɗaɗen da kuke kashewa?",,,,B,Technology,Assessment,Secondary,2020,
828,"Wani malamin ajin farko na Sakandare yana koyar da darasin ""Ci Gaba da Tasirin Mafita."" A ƙarshen darasin, malamin zai tantance burin da ke biyo baya: ""Bincika hanyoyin da samfuran fasaha da muhallin zamantakewa ke canzawa, ta hanyar bayyana abubuwa daban-daban da ke tasiri a kan wannan canjin."" Wacce daga cikin ayyukan da ke biyo baya ce za ta ba malamin damar tantance matakin cimma manufar da aka bayyana?",Ka ce wa ɗalibai su bayyana yadda wani ci gaban fasaha ke shafar al'umma da muhalli a wani lokaci da wuri takamaimai,"Umurci ɗalibai su ambaci siffofin da al'umma ke da su a cikin shekaru 50 na ƙarshe, kuma su nuna sauye-sauyen da suka buƙaci mafita ta fasaha",Nemi ɗalibai su zaɓa kuma su bayyana wani misali cikakke inda wata mafita ta fasaha wadda ta bunƙasa a tsawon lokaci tana da alaƙa da canje-canjen da al'umma suka fuskanta.,"A nemi ɗalibai su, bisa ga hirarrakin da suka gudanar da masu ruwa da tsaki a wuraren samarwa da suka yi nazari a kansu, su gano kayayyaki, hanyoyin aiki, ko fasahohi da suka samu juyin halitta, sannan su bayyana abubuwan da suka yi tasiri kan wannan juyin halitta.",,,,C,Technology,Assessment,Secondary,2020,
829,"A cikin ɗakin karatu na aji na 10, malami yana aiki tare da ɗalibai kan manufa mai zuwa: “Fahimtar asali da tasirin mabubbugar gurbatar iska.” A matsayin aiki, malamin ya nemi ɗaliban su yi aiki a rukuni don binciko waɗannan mabubbuga da tasirinsu, kuma su shirya gabatarwa ta PowerPoint da bayanan da suka samu. Yayin da rukunonin ke gabatar da aikinsu, malamin ya lura cewa yawancin ɗaliban sun kammala cewa mabubbugar gurbatar iska kawai sanadiyar ɗan adam ce. Wanne daga cikin kalamai masu zuwa na malamin zai dace da martanin jagora wanda aka tsara don jagorantar ɗalibai su inganta aikinsu kuma su cimma manufar?","Madalla, kun nuna cewa ayyukan ɗan Adam suna da mummunar tasiri mai girma a kan sararin samaniya. Amma, waɗanne nau'ikan tushen gurɓatar sararin samaniya ne kuma suke wanzuwa waɗanda ba su da alaƙa da ayyukan ɗan Adam? Menene tasirin waɗannan tushen gurɓatar?","Madalla, a cikin gabatarwarka ka jaddada cewa gurbatar iska ta shafi dukanmu. Abin da ya rage kawai shi ne a ƙara cikasa wannan bincike ta hanyar amsa waɗanne fasahohi ne ke haifar da gurbatar yanayi? Wace shawara za ka iya bayarwa don rage tasirin waɗannan tushen?","Aiki mai kyau sosai, ka gano cewa man fetur na ƙasa su ne tushen gurbatar iska saboda yawan amfanin da ake da su a ayyukan ɗan adam daban-daban. Duk da haka, me kake tunanin illar amfani da waɗannan man fetur a kan muhalli da kuma zamantakewa? Ta yaya za a rage waɗannan illoli?","Taya murna, ka yi daidai wajen nuna illar gurbatar iska da iskar carbon monoxide ke kawowa. Amma kuma ya kamata ka tambayi nawa ne kaso na fitar da hayakin carbon monoxide daga motocin masu zaman kansu a gurbatar yanayi? Ta yaya za mu iya ba da gudummawa ga rage shi ta hanyar amfani da jigilar jama'a?",,,,A,Technology,Assessment,Secondary,2020,
830,Malamar renon yara za ta tantance alama mai zuwa daga Babban Fahimtar Muhalli na Al'adu da Zamantakewa: Yana Amfani da Kayan Aikin Gida da Kayan Fasaha a cikin Yanayi na Yau da Kullum da Wasanni. Wace ce daga cikin dabarun tantancewa masu zuwa ke ba da damar tattara shaida game da wannan alama?,"A wurin cin abun ciye-ciye, a ajiye kayan abinci da takardan goge baki a cikin kwantena daban-daban; kuma a lokacin cin abinci, a rubuta lokacin da aka nemi yaran su raba waɗannan kayan","A wajen aikin gini, samar da kwatuna da kwantena marasa amfani masu girma dabam-dabam; kuma a lokacin wasa, rubuta irin gine-ginen da yaran suke ginawa da waɗannan kayan","A cikin gida, haɗa sababbin kayayyaki kamar su jakunkunan hannu, akwatin takardu, da kayan ofis; kuma a lokacin wasa, rubuta ayyukan da yaran ke yi da waɗannan kayayyaki","A cikin filin wasa, a samar da kayayyaki daban-daban a cikin akwatin yashi kamar su felu, guga, da maƙoƙa; kuma a lokacin wasa, a rubuta yadda yaran suka yi aiki lokacin da aka kira sunan wani abu kuma aka ce su ajiye shi a cikin wani kwantena na musamman",,,,C,Technology,Assessment,Pre-primary,2023,
831,"Malamin sakandare na aji na biyu ya ba wa ɗalibansa shawarar ƙirƙirar wani aiki wanda zai sa amfani da kayan makamashi a cikin makarantar ya zama mai inganci. Lokacin da suke gudanar da aikin, ya ji wata rukuni ta ɗalibai suna tattaunawa kan abin da za su mai da hankali a kai a aikin: yayin da wasu suka zaɓi sake sarrafa takarda, sauran rukunin sun gwammace adana a kan amfani da wutar lantarki, musamman a dakunan koyarwa. Malamin ya lura cewa shawarwarin ba su dace da buƙatun da aka kafa don aikin ba. Wane ne daga cikin waɗannan shisshigin da Malamin zai yi zai taimaka wa ɗaliban su fahimci manufar aikin?","Nuna wa ɗalibai misalai na amfani da na'urori daban-daban masu amfani da wutar lantarki yadda ya kamata, kamar hasken LED",Ku bayyanawa ɗalibai fa'idodi da rashin fa'idodin amfani da hanyoyin samar da wutar lantarki na gargajiya da waɗanda ba na gargajiya ba.,"Saukewa tare da ɗalibai teburin bambance-bambance da misalan albarkatun kayan masarufi da makamashi, suna fayyace cewa ingancin makamashi yana aiki ne kawai ga kalmar ta ƙarshe","Bayyana, tare da ɗalibai, ma'anar ingancin makamashi sannan a yi amfani da shi ga ainihin yanayi, inda bambance-bambance tsakanin tanadi da amfani da makamashi yadda ya kamata suke bayyana.",,,,D,Technology,Student understanding,Secondary,2023,
832,"Malami a ajin farko na makarantar sakandare ya umurci ɗalibansa su shirya taswirar Gantt don tsara aikin da suke shirin yi a cibiyar. A lokacin shiryawa, malamin ya lura cewa ɗaliban ba su lissafa lokacin da zai ɗauke su don gudanar da kowace aiki daidai ba, saboda haka, ba za su iya kammala shirye-shiryen fara aikin a kan lokaci ba. Wane tsoma baki ne daga cikin matakan da malamin zai yi zai baiwa ɗaliban damar sake daidaita aikinsu don cimma aikin da aka nema?",Ku nuna wa ɗalibai misalin wani aiki na yau da kullum wanda ake buƙatar yin la'akari da lokacin da ake bukata don aiwatar da na gaba a cikinsa,A ce wa ɗalibai su hango manufar aikinsu kuma daga gare ta su fitar da dukkan matakan da za su bi don aiwatar da aikin da aka gabatar,Ka bai wa ɗalibai wani yanayi na hasashe inda aka lura cewa jaruman ba za su iya aiwatar da wata aiki ba domin ba su yi wata da ake buƙata kafin hakan ba,"Tare da ɗalibai, a yi nazarin yanayin ayyukan da aka kafa, a haɗa su da lokutan da aka ware, sannan a tantance ko waɗannan lokutan sun dace",,,,D,Technology,Student understanding,Secondary,2023,
833,"A wani ajin sakandire na shekara ta farko, don cimma manufa mai zuwa: ""Ƙayyade bukatu ko damammaki a cikin makarantar, wanda ya haɗa da ƙirƙirar sabis ta hanyar tarawa, tsarawa, da fassara bayanai masu dacewa don bayar da shawarwarin mafita,"" Malamar ta shirya amfani da kayan aiki daban-daban tare da ɗalibanta kamar su bincike na tambayoyi, teburan bayanai, da zanan gwai-gwai, da sauransu, don tattara da tsara bayanan. Don ajin farko, Malamar tana nufin ƙarfafa gwiwa da jawo hankalin ɗaliban ta hanyar yin kwaikwayon cikakken tsarin tattara bayanai wanda ɗalibanta za su yi. Wanne ne daga cikin waɗannan kayan koyarwa ya dace Malamar ta yi amfani da shi a wannan ajin na farko, idan aka yi la'akari da manufar da aka bayyana da kuma rikitarwar tsarin da za ta yi koyi da shi?","Bango na dijital, wanda ke nuna matakan gina kayan aiki tare da haɗin gwiwa, da kuma nazari da fassarar sakamakon da ya dogara akan tebura da ginshiƙai","Zane-gurbi, mai nuna lokuta daban-daban da dangantakar da ke tsakanin matakan da ake bukata don gina da kuma amfani da kayan aiki, da kuma nazarin sakamako bisa ga tebura da zane-zane","Gabatarwa ta PowerPoint, tana nuna nau'ikan kayan aiki daban-daban don tattara bayanai, halayensu, ainihin ka'idodin gina su, da misalan tsarin tsara bayanai a cikin teburori da zane-zane","Bidiyon koyarwa, wanda ke bayyana yadda ake ƙirƙira da amfani da na'urori domin tattara bayanai a wani yanayi na ƙage, sannan yadda za a fassara waɗannan bayanan ta hanyar tebura da ginshiƙai",,,,D,Technology,Teaching strategies,Secondary,2023,
834,"A cikin rukunin Haɓakawa da Aiwatar da Sabis a ajin sakandare na ɗaya, malam yana fara aiki da ɗalibansa kan tsara ayyukan rukuni na wa'adin. Don wannan, manufa ta farko da za su magance ita ce: “Gano buƙatu da damammaki waɗanda ke haɗa da ƙirƙirar sabis”. Wane jerin ayyuka ne ya kamata malamin ya yi aiki da ɗalibansa don magance manufar?","Malamin ya gabatar da manufar buƙata da hidima kuma ya ba da wasu misalai na zahiri na duka manufofin. Daga baya, ya/ta/su/ ta bukaci ɗalibai su bayyana kuma su rarraba saitin ayyuka daban-daban a cikin ƙungiyoyi bisa ga nau'in buƙatar da suke biya.","Malamin ya gabatar da al’amuran buƙatu da suka taso daga yanayin tarihi daban-daban kuma aka warware su ta hanyar wani takamaiman sabis. Bayan haka, sai ya umarce su da su binciki waɗanne yanayi ne suka haifar da sabbin ayyuka guda biyu waɗanda ke alamta ƙarni na 21.","Malamin ya tambayi ɗalibai menene fahimtar su game da buƙata. Sun rubuta ma'anar gaba ɗaya da suka cimma. Daga nan, sun ba da misalai kuma sun umarci ɗalibai su tattauna a rukuni waɗanne daga cikin waɗannan za a iya warware su ta hanyar samfurin fasaha. Bayan sun kammala taron gaba ɗaya, sun ba da wasu dabarun gano buƙatu.","Malamin ya bayyana manufar buƙata kuma ya ba wa ɗaliban wasu misalai. Bayan haka, sai suka nemi su gudanar da aikin bincike kan ayyukan da ke cikin muhallinsu. Suna buƙatar su shiryawa ajin na gaba aikin da za su ambaci ayyukan kuma su bayyana mafitar da suke bayarwa",,,,C,Technology,Teaching strategies,Secondary,2023,
835,"Malami na sakandare na aji na ɗaya yana aiki a kan Darasin “Ayyukan Sa-kai a Makarantar Mu ta Sakandare”. A lokacin darussa na farko, ɗaliban sun gudanar da kuma aikata bincike don samun bayanai game da yiwuwar buƙatun al'umma kuma sun gano buƙatu guda uku: 1) babu damar samun abinci mai gina jiki a cikin makarantar sakandare; 2) babu cibiyar jagoranci don al'adu daban-daban; kuma 3) filayen makarantar ba su da isasshen wuri don yin wasanni daban-daban. Da zarar an zaɓi buƙata, malamin zai aiwatar da wani aiki inda ɗalibansa za su ba da shawarwari don magance matsalar, kuma suyi bayanin dacewar waɗannan. Wane ne daga cikin ayyukan da ke gaba ya dace malamin ya gabatar wa ɗaliban domin su iya samar da tsarin zaɓi da kuma tabbatar da mafita?","Shawarar ba wa ɗalibai mafita ga matsalar da aka ayyana a baya bisa ɗaya daga cikin buƙatun da aka gano, don jagorantar su a cikin matakan tsarawa da haɓaka mafita","Domin gudanar da bincike tare da ɗalibai masu buƙatu daban-daban, da kuma ƙirƙirar jadawali na kwatance game da su, dangane da ayyuka da mafita da ke da alaƙa da su, a cikin yanayin tattalin arziki da al'adu masu kama da juna","Don yin horo, tare da ɗalibai, kan yadda za a ayyana da siffanta matsala bisa ga ɗaya daga cikin buƙatun da aka gano a cikin darasin, kuma a nemi su ba da shawarwarin mafita, suna ba da hujjar shawarar da suka yanke.","Don tattauna da ɗalibai mahimmancin takaita matsala takamaimai bisa ga bayanan da aka tattara, tare da jaddada muhimmancin hakan wajen tsara hanyoyin magance matsalar da za su yiwu",,,,C,Technology,Teaching strategies,Secondary,2023,
836,"Malamin makarantar sakandare na Shekara ta Farko, a cikin sashin ""Kirkira da Aiwatar da Sabis na Dijital"", ya nemi ɗalibai su kirkiri ayyuka don magance bukatun da aka gano a makarantar. Don fara aikin, ɗaliban sun bayyana bukatar sanin irin kayan da aka ajiye a Ma'ajiyar Fasaha, domin su yar da wadanda ba a yi amfani da su ba saboda an ajiye su har wa'adinsu ya kare. Bayan haka, karkashin jagorancin malamin, sun tattauna yiwuwar hanyoyin magance matsalar barnar kayan aiki, kuma suka yanke shawarar gudanar da shirin lissafin kaya na dijital. Bayan haka, don tsara nasu mafita, sun yi nazarin manhajoji daban-daban da ke ba da damar ƙirƙirar lissafin kaya. Don gabatar da shawarar tsarawa ta sabis ɗin ta amfani da kayan aikin ICT, wane ilimi na farko ne ya zama dole ɗaliban sun samu?",Sanin yadda za a haɗa mafitar dijital da matsalar da aka gano,Don sarrafa albarkatun dijital don gyara hotuna da rubutu,Sanin harshen shirye-shirye na asali don haɓaka manhajar,Sani yadda ake amfani da manhajar zane don ƙirƙirar zane-zane na fasaha a 2D da 3D,,,,B,Technology,Student understanding,Secondary,2023,
837,"Malamar a shekara ta biyu a makarantar sakandire tana aiki da ɗalibanta kan ra'ayoyin ƙirƙira mai haɓaka mataki-mataki da ƙirƙira mai kawo sauyi ko mai rushe tsari. A matsayin mataki na farko, malamar ta ba da misalan nau'o'in ƙirƙirar guda biyu kuma ta umurci ɗaliban su yi nazari su rarraba su a cikin rukuni, suna bayar da hujjar zaɓin nasu. Bayan ta sake duba aikin ɗalibai, ta lura cewa wani rukuni ya sanya wayar salula mai allon naɗawa cikin ƙirƙira mai rushe tsari, suna masu cewa wannan fasali a cikin wayar wani abu ne sabon salo gaba ɗaya. Wane ruɗani na ra'ayi za a iya fito da shi daga amsar wannan rukuni na ɗalibai?",Daukar bidi'ar hargitsi a matsayin yin gyare-gyare ga wani takamaiman abu,Don danganta ƙirƙira mai zurfi da kayayyaki na baya-bayan nan ko na gaba,Ɗaukar cewa sabuwar kirkirar da ke kawo rudani tana danganta ne kawai da canje-canje a siffar samfuri,Don fahimci sabon salo na asali (radical innovation) a matsayin gabatar da ingantawa ga darajar amfani (value proposition) da wani samfuri ke da shi,,,,A,Technology,Student understanding,Secondary,2023,
838,"Ƙungiyar ɗaliban shekara ta farko sun ƙirƙiri sabis ɗin dawo da kayan da suka ɓata a cikin darasin su. Abu na musamman na sabis ɗin su shi ne cewa, lokacin da suke mayar da abu, suna yin taka tsantsan wajen tuntuɓar mai shi kuma su isar da shi a ɓoye, don kare waɗanda abin ya shafa daga sharhi ko zarge-zargen da ba su da tushe. Wanne ne daga cikin waɗannan alamomin ke ba da damar tantance ko ɗaliban sun bunƙasa aikin sabis ɗin su yadda ya kamata, la'akari da ƙa'idodin ɗabi'a?",Suna nazarin muhimmancin girmama sirri da aminci na mutane a ci gaban mafita,Suna duba mafitarsu don tantance ko ta cika bukatun masu amfani da kuma kulawa da lafiyar kansu/kansa/kanta,Suna ayyana hanyoyin sa ido don tabbatar da cewa an gudanar da aikin ta hanyar mutunta kulawa da sirrin mutane,Suna aiwatar da hidimar bisa ga tsarin da aka kafa don tabbatar da kariya da tsaron masu amfani da ita.,,,,D,Technology,Assessment,Secondary,2023,
839,"Malamin makarantar sakandire na Aji na Biyu, a cikin sashi mai taken ""Tasirin Ɗan Adam kan Muhalli,"" ya nemi ɗalibansa su yi bincike tare kan musabbabin gurbatawar iska da ke da alaƙa da masana'antu da yawan amfani da kayayyaki, da kuma sakamakon da hakan ke haifarwa nan take da kuma a cikin dogon lokaci. Bayan an gama aikin, malamin ya ce ɗaliban su tattara sakamakon binciken nasu ta hanyar fayyace musabbabai da illolin gurbatarwar, kuma su ba da shawarar matakai na gajeren lokaci da matsakaicin lokaci don rage waɗannan tasirin. Wane kayan aikin tantancewa ne zai bai wa malamin damar kimanta tsarin aikin da rukunin ɗaliban suka yi?",Rumbun Ayyuka,Jerin abubuwan dubawa,Sikelin gwaji,Rijistar ɗalibi,,,,A,Technology,Assessment,Secondary,2023,
840,"Dalibai na ajin farko na sakandare sun gabatar da tsare-tsarensu na zane-zane don aikace-aikace masu abubuwan ciki daban-daban a kan takardun da suka zana da hannu, kamar gyatta. Za su canza waɗannan tsare-tsaren zuwa wajen dijital wadda zai ba su damar aiki da nau'ukan rubutu, sassan rubutu, da gyara girma da matsayin hotuna, launuka a cikin rubutu, bango, da siffofi, saka hotunan da aka sauke da kuma tasirin gani mai motsi. Wane kayan aikin ICT ne zai bai wa dalibai damar gudanar da wannan aiki?",Software na gabatarwa da ke ba da damar nuna rubutu da hotuna a kan nunannu (slides) daban-daban,shirye-shiryen kwamfuta na sarrafa kalmomi a ciki wanda za a iya shirya rubutu da hotuna a shafuka daban-daban,Dandamalin gyaran hoto ta yanar gizo wanda ke ba da damar shigar da hotuna da rubutu kuma ana samunsa kyauta,Filin yanar gizo na zane-zane wanda ke bai wa damar haɓakawa da gyara hotuna da rubutu bisa ga samfura daban-daban,,,,D,Technology,Teaching strategies,Secondary,2023,
841,Wace daga cikin wadannan ayyukan bayyana fasaha ke ba da damammaki mafi girma don bunkasa kirkire-kirkire a cikin yara?,Zanen wani tsarin mandala da ruwan fenti,Nadawa surori ta amfani da nau'ikan takarda daban-daban,Shinfida da laka a kan itacen da aka gani daga ɗakin zama,Zuban takardu masu launuka a cikin siffofi dabam-dabam,,,,C,General,Other,Pre-primary,2017,
842,"Karanta wannan yanayi na aji da ke gaba:
A farkon shekara, an buƙaci ɗalibai a wata makaranta su ba da jawabi na minti 2 a kan hutunsu na lokacin rani. Paula, wata yarinya mai kunya da shiru, tana jiran lokacinta na yin magana. Yayin da take yin hakan, zuciyarta ta fara bugawa da ƙarfi, tafukan hannunta suka fara gumi, kuma cikinta ya daure. Lokacin da malaminta ya kirata zuwa gaba, kuma Paula ta fara magana, tana samun matsala wajen tunawa da abin da take son faɗa, kuma hannuwanta suka fara rawa.
A cikin yanayin da aka bayar, menene za a iya fahimta mafi daidai dangane da jin daɗin Paula da halayenta?",Shingen tausayinta ya tashi,Taciyar da take da alaƙa da ji da zuciya ta sauka,Tana jin kunyar yin magana game da hutunta,Wataƙila tana fuskantar wata matsala ce,,,,A,General,Student understanding,"Primary, Secondary",2017,
843,"Dangane da ka'idar Bowlby, wane ne daga cikin waɗannan bayanai ya yi daidai da halayyar shaƙuwa?",Hakan wata hanya ce da take ɗorewa har zuwa farkon shekarun rayuwa,Alaƙa ce da dole ta zama tsayayyiya kuma mai ɗorewa don tabbatar da ci gaba mai kyau,Wata alaƙa ce wadda take kayyade dukkan dangantakar motsin rai a rayuwa da ci gaba,"Ita ce dangantaka ta farko ta jariri da mahaifiyarsa, kuma ba wanda zai iya maye gurbinta.",,,,B,General,Education theories,All,2019,
844,"Karanta yanayin da ke gaba: Wata malama ta fara aiki kan gano lambobi don bunkasa basirar kidayawa a cikin yara ‘yan makarantar gaba da firamare. A matsayin aiki na farko, tana so yara maza da mata su iya gane lamba 1. Dangane da sanin matakin karatun da suke, ta san cewa Vicente yaro ne mai kuzari, wanda ke koyo sosai ta hanyar amfani da jikinsa, don haka za ta neme shi ya yi koyi da lamba 1. A daya bangaren kuma, ta san cewa Martina da Clemente suna da basirar kiɗa da yawa kuma suna koyo da sauri ta hanyar waƙoƙi, don haka za ta haɗa da wasu a cikin gogewar. Wane babban tushen koyarwa na Ilimin Yaruka na Farko ne aka fi haskakawa a cikin shirin wannan malama?",Karfi na bawa dama,Soɓaɓɓiya,dangantaka,Wasa,,,,B,General,Teaching strategies,Pre-primary,2017,
845,Wanne daga cikin zaɓuɓɓukan yake nuna alamar ci gaban fahimta da ake tsammani a cikin yara maza da mata waɗanda suke fara Matakin Kafin Aiki?,Amfani da tunani mai alamomin halitta,Ciro ƙudurce-ƙudurcen abubuwan da ba a gani ba,Amfani da tunani mai zurfi,Mu'amala da yanayi ta hanyar wasannin gwaji,,,,A,General,Education theories,Pre-primary,2017,
846,"Ka yi la'akari da yanayi mai zuwa: Wata malamar yara ƙanana tana da layuka biyu na tubali (blocks) masu adadi ɗaya, amma ɗayan layin ya fi tsayi a gani saboda an raba tubalan nesa-nesa. Ɗaya daga cikin yaran ya zo wurin malamar ya ce, 'Malamar, wannan layin yana da tubali fiye da ɗayan.' Dangane da ka'idar J. Piaget, wace siffar tsarin tunani ce ta bayyana a cikin maganar yaron?",Dajewa,Daidaikewa,Transduction,Rashin juyawa,,,,A,General,Education theories,Pre-primary,2017,
847,"Wani yaro, yana tafiya tare da mahaifinsa cikin ruwan sama, ya ɗaga kai sama yana nuna gajimare ya ce: 'Gajimare sun yi baƙin ciki, shi ya sa suke kuka.' Bisa ga ka'idar ilimin tunani ta Jean Piaget, wace halayya ce ta tunani aka nuna a cikin kalaman yaron?",Animisim/Raiyar-duka,hadin mazhabobi,Arifisanci,Fainomanizam,,,,A,General,Education theories,Pre-primary,2017,
848,Karanta ma'anar da ke gaba: Ita ce siffar wasa ta farko ga mutane. Yawanci wasanni ne na mutum ɗaya waɗanda suka ƙunshi motsin tsoka mai maimaitawa. Wane irin wasa ne wannan ma'anar da aka bayar a baya ta dace da shi?,Mai ginawa,Mai alamtawa,Mai aiki,A layi ɗaya,,,,C,General,Education theories,Pre-primary,2017,
849,Wane irin basira ne aka fi bunkasawa a cikin yara ta hanyar tsarin wasa mai tsari?,Fasaltar yanayi na zahiri,tausayi da warware rikici,Abubuwa masu alaƙa da zamantakewa a cikin yarjejeniyoyi da sauye-sauye,Koyon dabi'u da matsayoyi da aka kafa a muhallin zamantakewa,,,,C,General,Education theories,Pre-primary,2017,
850,"Karanta yanayin da ke gaba:
Patricia, malamar yara ƙanana, tana gayyatar yara biyar daga cikin ajinta kowane mako don su jagoranci aikin ƙaramin rukuni.
Ta gaya wa yaran cewa jagoran zai ba da shawarar wasan rukuni kuma ya ƙarfafa takwarorinsu su bi ƙa'idojin wasan da aka gabatar.
Dangane da matakan Erikson na ci gaban zamantakewa da motsin rai, wanne ne aka nuna a cikin wannan ƙwarewar koyo ta baya?",Son zuciya da laifi,Amana da rashin amana,Kwazo da rashin kan gado,'Yanci da kai'in kai ko kunya da shakku,,,,A,General,Education theories,Pre-primary,2017,
851,"A cikin rukunin yara ƙanana, yara maza da mata suna zana wani bango da alli a filin makaranta. Fabián ya gaya wa malamin cewa ba ya so ya yi zane domin alli ruwan hoda kawai ya rage, kuma ruwan hoda kala ce ta mata. Malamin ya gaya masa cewa launuka na kowa ne, ba na maza ko na mata kawai ba, kuma ya kamata ya gwada yin zane da shi kamar yadda masu zane suke yi. Dangane da sha’ani na mutumtaka, wane fanni ne tunanin da malamin ya fara taimakawa wajen bunƙasa?",Darajar kai,Tunanin kai,Shaidar jinsiya,Shaidar jinsiya,,,,D,General,Student understanding,Pre-primary,2017,
852,"Bari mu yi la’akari da halin da ke tafe: Wani malami na matakin farko ya shirya wani aikin tattaunawa tare da yara a lokacin zaman da’ira, wanda ya fara da tambayarsu: “Yaya kuke ji a yau?” Kowane yaro yana amsa sannan ya zaɓi ɗaya daga cikin katunan da malamin ya shirya a gaba, waɗanda ke wakiltar furanni daban-daban kamar mamaki, ƙyama, tsoro, fushi, baƙin ciki, da farin ciki. Wace koyo da ta shafi haɓakar asali (identity) aka haɓaka ta hanyar aikin da aka bayyana?",Bayyana motsin rai,Gane motsin zuciya,Bayyana ji,Gano abubuwan da kake ji,,,,B,General,Student understanding,Pre-primary,2017,
853,Wace daga cikin waɗannan yanayi ce ke nuna ikon yaro a makarantar gaba da firamare na daidaita motsin zuciyarsa da abubuwan da yake ji?,"Juan Pablo yana matuƙar son ya taka rawar ɗan tsana a wasan ƙarshen shekara, amma tun da wani yaro ya riga ya karɓi rawar, ya yarda ya taka rawar ɗaya daga cikin dussar",Cristián yana tattaunawa kan bambance-bambancen abubuwan da shi da abokan karatunsa suka fi so dangane da wasanni daban-daban da ake yi a makaranta,"Paloma ta fuskanci matsaloli da yawa yayin gudanar da wani aiki, kuma a cikin taron ƙungiyar, ta bayyana tare da nuna mafita da ta yi amfani da su",Rafaela ta shiga ƙungiyar abokan ajin da ke tattara kayan wasa don ba da gudummawa ga gidan marayu,,,,A,General,Student understanding,Pre-primary,2017,
854,"Bisa ga ka'idar ci gaban halayya ta Kohlberg, wanne daga cikin zaɓuɓɓukan da ke gaba ya yi daidai da ra'ayin mataki na farko na ɗabi'ar kafin al'ada?",Abin da yake daidai shi ne a bi doka ne kawai idan ta amfani wani,"Mai adalci shine biyayya makaho ga doka, gujewa azabobi",Abin da ke adalci shi ne cika wajibai waɗanda aka riga aka amince da su a gaban ƙungiyar,Abin da yake adalci shi ne mutum ya rayu gwargwadon abin da mutanen kusa da shi suke tsammani,,,,B,General,Education theories,Pre-primary,2017,
855,"Harshe ba a haife shi da shi ba, ana koyonsa ne kuma yana dogara ga dangantakar da mutum ya kulla da mutane, gaba ɗaya kuma da al’adun da ke kewaye da shi. Saboda haka, gādo ba shi ne abin dogaro ba. Yana haɓaka ta matakai, tun daga haihuwa har zuwa lokacin zuwa makaranta. Wane marubuci ne wannan ra’ayin ci gaban harshe ya yi daidai da nasa?",H. Maturana,D. Ausubel,L. Vygotsky,J. Piaget,,,,C,General,Education theories,Pre-primary,2017,
856,"A cewar J. Piaget, daya daga cikin halayen maganar farko shi ne cewa yara sukan wuce gona da iri wajen faɗaɗa ma'anar kalmomi. Wanne ne daga cikin zaɓuɓɓuka masu zuwa misali ne na wannan halayyar da aka ambata?","Yaro ya ce “ato” ga motar wasan da babansa ya ba shi. Sa’ad da aka nuna masa wata motar kuma, sai ya ce “ba ato”","Da yaron ya kalli hoton kansa tare da mahaifiyarsa, ya maimaita tare da ita: “mai tausayi, kyakkyawa, mai alfahari,” sannan kuma yaron ya ƙara da “mai ƙauna.”","Yaro ya ce ""tata"", yana nuna hoton mutum mai furfura a cikin mujalla",Yaro yana cewa “baba” duk lokacin da aka ba shi kwalbar madararsa,,,,C,General,Education theories,Pre-primary,2017,
857,"A cikin ajin wasan hannu (handball), ɗalibai biyu sun yi ca a kan kwallo da tsananin gaske; ɗaya ya ture ɗayan don ya riƙe kwallon, ɗayan kuma ya mayar masa da zagi. Malamin ya kira ɗaliban biyu don su fayyace abin da ya faru, kuma bayan ya saurara musu, ya yi amfani da dokar da aka kafa: gargaɗi na baki ga duka biyun. Wace hanyar sasanta rikici malamin ya yi amfani da ita?",Sulhu,Sashin tattaunawa,Sulhu,Yarjejeniya ta son rai,,,,C,General,Classroom management,"Primary, Secondary",2017,
858,"Karanta lamarin da ke gaba: Yara biyu suna wasa, kuma dukkaninsu suna magana a lokaci guda, suna bayyana tunaninsu, duk da cewa ba tare da sun yi wa juna magana ba. A cewar J. Piaget, wane mataki na ci gaban hankali ne aka bayyana ta hanyar yaren da aka gabatar a lamarin da ke sama?",Tunanin kafin aiki,Sanɗa-sanɗa-da-motsi,Ayyuka na zahiri,Ayyukan siminti,,,,A,General,Education theories,"Pre-primary, Primary",2017,
859,Malamin yana so ya ba da aikin ƙarfafawa ga kashi 50% na ajin da suka sami mafi ƙarancin maki a jarabawa. Wanne daga cikin bayanan nan ne zai ba da damar zaɓar waɗannan ɗaliban?,Yanayin yawaita,Matsakaici,Matsakaicin lamba,Yawan mitar,,,,C,General,Other,All,2017,
860,"Karanta yanayin da ke gaba: Wani mai koyarwa ya shirya wani aiki da ake kira 'jarumin yini', wanda ya ƙunshi yaro ɗaya, kowace rana, yana raba wa abokan karatunsa abubuwan da ya fi so, abubuwan sha'awarsa, da kuma abubuwan nishaɗinsa ta hanyar hotuna, abubuwan tuna wa, kayan wasa, da kuma labarai. Wace ƙa'idar koyarwa ce ke cikin yanayin da ke sama?",Ma'ana,Dangantaka,Abin-Ban-Damuwa-Mai-Zurfi,Lafiya mai kyau,,,,C,General,Teaching strategies,Pre-primary,2018,
861,"Karanta halin da ke tafe:
Wata malama tana wasa da dunƙulen wasa tare da wani yaro a rukuni nata a yankin zane-zane/fasaha. Ta ɗauki gutsure ɗaya, ta raba shi gida biyu daidai. Sai ta nuna wa yaron ta ce, “Shin gutsuraren dunƙulen wasan nan daidai suke?” Yaron ya amsa, “Haka ne, daidai suke.” Bayan haka, malamar ta miƙa ɗaya daga cikin gutsuraren ta tambaya, “Yanzu, wane gutsure ne ya fi yawan dunƙulen wasa?” Sai yaron ya ce, “Wannan ne ya fi yawa,” yana nuni ga wanda malamar ta miƙa.
Wace sifa ta tunani na kafin aiki (preoperational thought) aka nuna a cikin halin da ke sama?",Ƙarsanci,Transduksan,Karkata zuwa Ɗaya,Kere-kere-da-hannu,,,,C,General,Education theories,Pre-primary,2018,
862,"Karanta rubutu mai zuwa:
Harshe wata bayyana ce kuma ta ƙarfin ɗan adam na yin amfani da alamu. Domin ya bunƙasa, ana buƙatar balagar tsare-tsare na tunani da na hankali.
Wace ka’idar ci gaban harshe ce ke da alaƙa da rubutun da ya gabata?",Al'umma,Mai Ilimin Asali,Na hankali,mai bin ka'idar halayya,,,,C,General,Education theories,All,2018,
863,"Karanta yanayi mai zuwa: Wata malamar makarantar renon yara ta ba da shawarar wani wasan kwaikwayo na rawa: ""Batattu Cikin Daji."" Wasan ya shafi wasu yara da suka ɓace a cikin wani daji inda akwai namun daji, wurare marasa bincike, kogo da aka yi watsi da su, da kuma haɗari masu yawa. Kafin fara wasan, dole ne su zaɓi jagora don ceton ƙungiyar. Daga nan sai malamar ta gayyaci kowane yaro ya bayyana dalilin da ya sa ya yarda cewa shi ne ya dace don ceton ƙungiyar, kuma ta ce musu su faɗi ƙarfinsu da basirarsu don wannan aikin. Wane fanni ne da ya shafi ci gaban asali (identity) aka inganta a cikin yaran da wannan ƙwarewar da aka gabatar?",tausayi,Fara,Darajar kai,Haɗin kai,,,,C,General,Education theories,Pre-primary,2018,
864,"Wata malamar ajin manyan yara 'yan makarantar gaba da firamare ta lura cewa Francisco, ɗaya daga cikin yaran da ke aji, yana da saurin fushi da zafin rai a yayin ayyukan yau da kullum. Yana ihu ko kuka idan bai cimma abin da ya sa a gaba ba, kuma yana kwace kayan aiki daga hannun yaran, wanda ke haifar da faɗa a tsakaninsu. Duk lokacin da malamar ta tambaye shi abin da ke faruwa da shi ko abin da yake ji, Francisco yana murtuke fuska, ya ɗaura hannayensa, kuma baya cewa komai, yana ƙin magana. Wannan yanayi ya ci gaba na tsawon makonni tun farkon shekarar makaranta. Malamar ta yanke shawarar yin aiki da shi don ƙarfafa ƙwarewarsa ta gane motsin zuciyarsa (emotions). Wacece daga cikin waɗannan ayyukan ta fi dacewa don fara wannan aiki?",Faɗa wa Francisco idan ya nuna motsin rai mara kyau don ya iya sarrafa shi,Ku ba Francisco labarai inda aka bayyana yadda tunanin da yake nuna suke da illa,Ka tambayi abokan makaranta su ba Francisco mafita don ya iya sarrafa motsin zuciyarsa,Bada allo inda Francisco zai iya nuna fuskar da ta dace da yanayin da yake ji.,,,,D,General,Classroom management,Pre-primary,2018,
865,"Ka karanta halin da ke gaba: A lokacin hutun wasa ga rukunin yara masu zuwa makarantar yara ƙanana, José ya tunkari abokiyar karatunsa Rocío don su yi wasa, amma ita kuma ta ci gaba da yin wasa ita kaɗai. Bayan hutun wasan, José, cikin ɓacin rai, ya ɗauki aikin yarinyar da jakunkunan takardunta, ya jefa su a ƙasa, sannan ya taka su. Rocío ta yi kuka kuma ta gudu wurin malamar don ta labarta mata abin da ya faru. Malamar, don magance rikicin, ta tunkari José, ta ce ya kalli abokiyar karatunsa, kuma ta tambaye shi yaya yake tunanin Rocío ke ji da kuma abin da zai yi don magance halin. Yaron ya tunkari Rocío, ya rungume ta, kuma ya ba da gudu don ɗaukan jakunkunan takardun da tsaftace aikin. La'akari da halin da aka gabatar, me ya sa dabarar da malamar ta yi amfani da ita za ta iya taimakawa wajen haɓaka fasahar zaman tare a cikin José?",Saboda yana koya wa yaro sarrafa sha'awowinsa,Don saboda yana haɓaka tasiri na tausayi ga wasu,Saboda yana koya wa yaro ya shigar da dokokin ɗabi'a cikin zuciyarsa,Saboda yana ba yaro damar koyon nuna ƙauna da kulawa ga wasu,,,,B,General,Classroom management,Pre-primary,2018,
866,"Karanta halin da ke gaba: A lokacin aiki, yara biyu suna jayayya kan amfani da wasan ginin (puzzle): Josefina ta ture Marcos don ta kwace wasan, sai Marcos ya mayar da martani da harbi. Malamar ta matso don ta ba da taimako, kuma su duka biyun, suna kuka, sun yi ƙoƙarin bayyana abin da ya faru. Malamar ta rarrashe su sannan ta saurari labarin kowane ɗaya daban-daban. Bayan haka, ta tattara su don su tattauna abin da ya faru kuma ta bayyana cewa ya kamata su saurari juna da girmamawa kuma ba tare da amfani da tashin hankali ba don warware jayayyar. Ta nemi duka biyun su bayyana yadda suka ji game da muguntar da ɗan uwansu ya yi musu kuma ta tambaye su yadda suke ganin za su iya warware rikicin. Josefina ta ba da shawarar su nemi afuwa kuma Marcos ya ba da shawarar su raba guntayen su haɗa wasan ginin tare. Duka biyun sun amince da shawarwarin da aka bayar kuma suka ci gaba da wasa. Wace dabara ce ta sasanta rikici cikin lumana ta dace da shigar malamar a halin da aka bayyana?",Sulhu ta hanyar raba gardama,Sulhu,Goyon baya,Sulhu,,,,B,General,Classroom management,Pre-primary,2018,
867,"Karanta yanayin da ke gaba: Wata malamar makarantar reno tana aiki a sashen harshe na magana tare da jadawalin da ke gaba, wanda take cikawa tare da yaran ajinta. Wace fasahar metalinguistik ce ake bunkasawa ta hanyar kayan aikin da aka yi amfani da shi a wannan aikin?",Sanin ma'anoni,Sanin sautin harshe,Hankali mai amfani,Sani kan tsarin siffa da jimloli (na harshe),,,,A,General,Other,Pre-primary,2018,
868,A wane zaɓi na gaba ne aka siffanta matakin tsarin zane na yara?,"Akwai fahimtar sura mafi ingantacciya, dangantakar abu da launi, kuma an haɗa ayyuka a cikin zane-zane","Siffar ɗan Adam ta bayyana a siffar gwami, ana fara haɗa cikakkun bayanai, kuma akwai haɗin zubi","Akwai wani babban jigo, kuma sararin shine duk abin da ke kewaye da wannan jigon, wasu abubuwa suna shawagi a kewaye da shi","Bugun ya yi tsari, akwai niyyar wakilci, amma alakar launi da abu kadan ce",,,,A,General,Education theories,"Pre-primary, Primary",2018,
869,"Karanta halin da ke gaba:
Wata malama tana da niyyar inganta bayyanar fasahar zane-zane ta hanyar bunƙasa basirar motsa jiki (kinesthetic skills) ga yaran rukunin makarantar gabanin firamare da take jagoranta.
Wanne daga cikin ayyukan da ke biyo baya ne ya fi dacewa don cimma manufarta?",Zana hoto ana kallon wurare daban-daban na halitta,"Rera waƙoƙi daban-daban yayin da ake buga kaɗa da kayan kaɗe-kaɗe masu fitar da sauti
<!-- Note: I used ""kayan kaɗe-kaɗe masu fitar da sauti"" for ""percussion instruments."" A simpler term like ""kayan kaɗi"" or ""kayan busa"" might also work, but ""kayan kaɗe-kaɗe masu fitar da sauti"" (or often just ""kayan kaɗe-kaɗe"") is more precise for instruments used to mark rhythm. ""Buga kaɗa"" or ""buga amo"" means ""marking the rhythm/beat."" -->",Rawa bisa ga karin kiɗa yayin da ake daidaita motsi da numfashi,"Gina wata kwali-kwali ta amfani da takardu masu kala-kala, kauri-kauri, da tsari-tsari daban-daban",,,,C,General,Teaching strategies,Pre-primary,2018,
870,"Malamar aji na huɗu wadda ke aiki tare da ɗalibanta a kan haƙƙoƙin yara ta gabatar da wannan yanayi: “Anita ta samu mummunar buguwa a kai lokacin da ta faɗo daga kan silai tana wasa da abokan karatunta a farfajiyar makaranta. Bayan hatsarin, malamarta ta gaggauta kai Anita zuwa sashen gaggawa, inda ta samu kulawar da ake buƙata.” Bayan haka, malamar ta tambayi ɗaliban su gane haƙƙin da Anita ke amfani da shi a cikin yanayin da aka bayyana kuma a ƙarshe, su gabatar da wani yanayi dabam wanda za a tabbatar da wannan haƙƙin. Waɗanne daga cikin waɗannan alamomin ne masu dacewa don tantance koyon ɗalibai a cikin aikin ƙarshe da malamar ta gabatar?",Suna bayyana muhimman haƙƙoƙin yara,Suna bayyana haƙƙoƙin da suke amfani da su a rayuwarsu ta yau da kullum da misalai bayyanannu,Suna tsara ra'ayoyi game da muhimmancin motsa jiki da kare haƙƙoƙinsu,Sun gano lokutan da aka ci zarafin haƙƙoƙin yara,,,,B,General,Assessment,Primary,2019,
871,"Wata malama tana shirin wani aiki inda yara maza da mata na ƙungiyarta za su karɓi baƙuncin aji na ɗaya (1st Grade) daga makarantar. Idan sun iso, kowane yaro na makarantar gabanin firamare zai zauna kusa da yaro na aji na ɗaya, kuma za a ƙarfafa su su san juna ta hanyar tattaunawa. Daga baya, za su yi zane tare kuma su fita zuwa filin makarantar don raba wasanni. A ƙarshe, za su tattauna a cikin babban rukuni game da abin da suka fuskanta tare. Wanne ne daga cikin waɗannan ƙa'idojin koyarwa ne aka fi tallafawa da wannan gogewar koyo?",haɗin kai,Dangantaka,Ma'ana,Ƙarfafawa,,,,B,General,Teaching strategies,"Pre-primary, Primary",2019,
872,"Malamar, a wani zama na taron rukuni, ta gayyaci yara maza da mata su tuna wata nasara tasu a kwanan nan. Domin ta bayar da misali na aikin, ta gaya musu cewa tana halartar ajujuwan yoga kuma da babban ƙoƙari ta yi nasarar yin sallamar zaki. Wata yarinya ta ce ta yi nasarar yin tsalle da ƙafafunta biyu a haɗe, wani yaro kuma ya nuna cewa ya yi nasarar rufe ido ɗaya. A halin da aka bayyana, wane ɓangaren motsin rai na cin gashin kai ake haɓakawa?",tausayi,Amana,sarrafa kai,Jin cewa kana da muhalli a cikin jama'a,,,,B,General,Teaching strategies,"Pre-primary, Primary",2019,
873,"Andrea da Jacinta suna wasa a wurin gina-gina, suna gasar gina doguwar hasumiya da bulo-bulo. Andrea ta lura cewa hasumiyar abokiyarta ta fi tata tsayi, sai ta jefa bulo don ta rushe ta, kuma ta cimma burinta. Bayan haka, Jacinta ta yi fushi kuma ta jefa mata bulo a kai. Malamar, da ta lura da rigimar, ta yi saurin zuwa don yi musu magana kuma ta yanke shawarar amfani da dabarar sasanci ta ilimi. Idan aka yi la'akari da lamarin da ya faru da kuma dabarar da aka ambata, mene ne mataki na farko da malamar za ta ɗauka?",Bayyana rikicin,Bada shawarwarin mafita,Dokokin yanzu,Sake gina rikicin,,,,D,General,Classroom management,"Pre-primary, Primary",2019,
874,"Game da wasa a matsayin aikin motsa jiki da aka tsara, a wane shekaru ne ɗaya daga cikin muhimman siffofin wasan yake daidai da shiga ta mutum ɗaya maimakon ta haɗin gwiwa?",Shekara shida,Shekara takwas,Mai shekaru goma,Shekaru goma sha biyu,,,,A,General,Education theories,All,2019,
875,"Wane ne daga cikin marubutan nan ya gabatar a cikin ka’idarsu ta ci gaban motsi, matakai huɗu, wanda ya tashi daga jiki mai turawa zuwa jiki mai wakilci, daga shekara 0 zuwa 12?",Piaget,Le Boulch,Wallon,Gallahu,,,,B,General,Education theories,All,2019,
876,Wanne daga cikin zaɓuɓɓuka masu zuwa ya yi daidai da wani abu na bai ɗaya a cikin ka'idojin koyo na Piaget da Vygotsky?,Shirye-shiryen tsari na tunanin yara,Harshe a matsayin wani abu mai muhimmanci ga bunkasar fahimta/tunanin mutum,Mahimmancin kayan aikin al'adu a ci gaba,Matsayin canzawa (Dynamic positioning) a matsayin wajibi da ake buƙata don aikin koyo,,,,A,General,Education theories,All,2019,
877,"Da aka yi la'akari da damar samun ci gaban tunani, waɗanne bambance-bambance za a iya gani tsakanin shawarwarin Piaget da Vygotsky?","Ga Piaget, ya dogara ne da matakin da mutum ya samu kansa a ciki; yayin da kuma ga Vygotsky, ya dogara ne da yankin ci gaba na kusa.","Ga Piaget, ya danganta ga yanayin da shigarwa da daidaitawa ke faruwa; yayin da ga Vygotsky, ya danganta ga yadda ake gabatar da tsarin tallafi.","Ga Piaget, abin ya dogara ne ga nau'o'i daban-daban na ayyukan da batun zai iya yi; yayin da kuma ga Vygotsky, zai dogara ne ga kasancewa ko rashin kasancewar mai horarwa ko jagora","A wurin Piaget, ya dogara ne da yadda ake shawo kan matakai daban-daban na ci gaba; alhali kuwa Vygotsky, zai dogara ne da yadda aikin yake da wahalar warwarewa",,,,A,General,Education theories,All,2019,
878,"Dangane da salon tunani a matsayin hanyoyin warware matsaloli, wane aiki daga cikin masu zuwa ya dace da aiwatar da tunani mai rarrabuwa?",Yi nazarin matakai daban-daban na aiki bisa ga wata manufa,Binciko yiwuwar amsawa da aiki waɗanda ba a saba gani ba,Binciko amsa daidai cikin fagen da ba'a sani ba,yi amfani da dabara don warware matsaloli a wurare masu kalubale,,,,B,General,Education theories,All,2019,
879,Wace ma'ana daga cikin waɗannan ma'anonin basira ce ta fi dacewa da ra'ayin Gardner na basira kala-kala?,Hankali yana ƙirƙirar abubuwa masu amfani a al'ada ɗaya ko fiye,Basira ita ce nuna ƙwarewa ta musamman wajen magance matsaloli,Hankali shine ingancin da mutane ke fahimta da kuma gane motsin zuciyar su da na wasu,Basira ita ce ikon sarrafa kai don bunkasa ayyukan mutum a cikin yanayin zamantakewa mai rikitarwa da ƙalubale,,,,A,General,Education theories,All,2019,
880,Wace a cikin waɗannan bayanan ce ke gabatar da alaƙa ingantacciya tsakanin samuwar shaƙuwa da kuma alaƙokin jin daɗi na gaba; a cewar ka'idar Bowlby?,Mutane da ke haɓaka dangantaka da mai ba da kulawa ban da uwar halitta ba su da yiwuwar kafa dangantaka ta amincewa,"Mutanen da masu kula da su ke bambanta ƙarfin kulawar da suke bayarwa a farkon shekarunsu, suna nuna gagarumin ci gaba a 'yancin kai na tausayi","Mutane waɗanda ke da rashin ingantattun abokan dogara a ƙuruciyarsu ta farko za su iya kafa alaƙar gyarawa, amma sukan fi haɓaka rashin yarda","Mutanen da ba su samu shaƙuwa ba a farkon shekarun rayuwa, suna nuna babban hali na neman goyon baya da kusanci, haka kuma wajen bayyana motsin zuciyarsu, ko mai kyau ne ko mara kyau",,,,C,General,Education theories,All,2019,
881,Wane ma'auni ne na asali don sanin lafiyar kwakwalwa daga mahangar tunani da zamantakewa?,Alamomin rashin lafiyar kwakwalwa,Fahimtar ingancin kansa a duniya,Daidaituwar halayyar mutum,Yanayin da muhallin da ke siffanta rayuwa,,,,D,General,Education theories,All,2019,
882,"Karanta halin da ke gaba:
Wani yaro ɗan shekara uku yana kuka idan uwarsa ba ta zo ta ɗauke shi ba a lokacin da aka saba, ko da yake malama ta gaya masa cewa ta kira ta waya kuma za ta iso nan gaba kaɗan.
Bisa ga tsari na yau da kullum da rayuwar yaron, ta wane ma'auni ne za a ɗauki wannan a matsayin halayyar da ba ta dace ba?",Mai kimantawa,Mai daidaita yanayi a jiki,Soyayya da al'adu,Dangantakar gwaji-kididdiga,,,,B,General,Education theories,Pre-primary,2019,
883,"Bisa ga ci gaban ɗabi'a na Kohlberg, wace iyawa ce mutanen da suke kammala ci gabansu a matakin bayan-al'ada suke da ita?",Gane wasu da kuma iya tausaya musu,Gane da ɗaukar matsayi a kan dabi'u na duniya baki ɗaya,Fahimtar yanayin dangantakar ka’idoji da zaɓar naka,Gane wanzuwar ka'idoji da aka riga aka kafa kuma a haɓaka sha'awar bin su,,,,B,General,Education theories,All,2019,
884,"Karanta rubutu mai zuwa:
Wannan tsari ya ba da gudummawa ga ilimin yara tun suna ƙanana ta hanyar rubuce-rubucen koyarwa (pedagogical documentation), wanda manya ke tattara shaida ta hanyoyi daban-daban, kamar su rubutattun bayanai, hotuna, da bidiyo. Yaran ma suna shiga cikin rubuce-rubucen, suna bayyana abubuwan da suke so, rikice-rikicen su, labarai, da kuma yanayi masu yawa waɗanda za su iya zama kayan aiki mai ƙarfi don yanke shawarwarin koyarwa da kuma kafa dabarar da ta dace don haɓaka asalin su (identity).
Wane tsari na manhaja (curricular model) ake nuni da shi a cikin rubutun da ya gabata?",Waldorf,Scope Mai Girma,Montessori,Reggio Emilia,,,,D,General,Education theories,Pre-primary,2020,
885,"A cewar Piaget, menene muhimmancin wasan alamomi a ci gaban tunanin yaro?","Yana nufin, ta hanyar aiki, haɓaka ikon daidaitawa da muhalli, tare da ƙarfafa ƙwarewar motsa jikinsu","Wannan ya ƙunshi, ta hanyar jerawa abubuwa, haɓaka ra'ayoyin sarari, musabbabi da sakamako, da kuma fahimtar siffofin abubuwa.","Yana haɗawa da haɓaka ikon gane banbanci tsakanin abin zato da abin gaske, ta hanyar kwaikwayo, tare da ƙarfafa wakilcin tunaninsu na kansu","Yana ƙunsar, ta hanyar karɓar ƙa'idodi, haɓaka ƙwarewa kamar su warware matsaloli, tunani, da kuma nazarin dabaru",,,,C,General,Education theories,"Pre-primary, Primary",2020,
886,"Idan aka yi la'akari da ka'idar Piaget, wanne ne a cikin waɗannan halaye alama ce ta cewa yaro yana kammala matakin sensorimotor?","Pía tana ɗaukar sassan wani wasan wasali a jere tana juya su, tana ƙoƙarin haɗa su wuri ɗaya","Rafael ya ɗauki murfin tukunyar katako da ke ƙasa, ya tafi wurin kayan ɗaki, sai ya ajiye shi a kan tukunyar","Andrea tana neman ƙwallon da ta faɗi ƙarƙashin tebur, kuma tana dubawa daga ɓangarori daban-daban har sai ta same ta","Duk lokacin da Pedro ya girgiza kayan girgizawa kuma ya yi sauti yakan yi dariya. Idan ya faɗi kuma ya birgima, yakan bi shi har sai ya sake ɗaukarsa",,,,B,General,Education theories,"Pre-primary, Primary",2020,
887,"Wata malamar makarantar yara ƙanana ta karanta labarin ‘The Very Hungry Caterpillar’ ga rukunin yaran maza da mata. Suka tattauna a kai, sannan ta ba da shawara su yi gabatarwa game da abinci mai lafiya da marar lafiya da illolinsu. Don haka, ta raba ajin zuwa rukuni biyu ƙanana: ɗaya zai yi fasta da abinci mai lafiya, ɗayan kuma, fasta da abinci marar lafiya. A ƙarshe, za su gabatar tare kuma su tattauna game da abin da suka koya.

Wace irin koyarwa ce wannan gogewar ta fi haɓakawa a cikin yaran?",Yin fastocin da ke ba da labari,Sanar da wasu ra'ayoyinsu da shawarwarinsu,Girmama sa hannu da gudummawar wasu,Gano yanayin da ke ba da damar kulawa da kai,,,,D,General,Teaching strategies,Pre-primary,2020,
888,"Wata malama ta yanke shawarar ba wa yara ayyukan da suka shafi kula da shuke-shuke a cikin ɗakin. Ta tambaye su su faɗi ra’ayinsu kan abin da suke so su yi. Yara suka ce: “Ina son zane; zan zana hoton kowace shuka,” “Ina son kula da wasu, a gida ina kula da ɗan kare na… Zan shayar da su!” Wane ɗaya ne daga cikin waɗannan fannoni na bunƙasar shaida yaran suka nuna a cikin kalamansu?",ƙwarewar kai,Tunanin Kai,sarrafa kai,darajar kai,,,,B,General,Student understanding,Pre-primary,2020,
889,"Wata malamar renon yara, domin ta haɓaka burin koyo na fannoni daban-daban wanda shine: ""Yin aiki da ƙara dogaro da kai, faɗaɗa matakan ayyukanta, bisa ga buƙatunta da muradinta,"" ta nemi kowane yaro ya ajiye kayan aiki a ƙarshen aikin a wuraren da aka keɓe. Malamar ta lura cewa Matilda tana ajiye kayan ba tare da la'akari da alamomin da ke kan kayan daki ba, tana saka su a wurare daban-daban. Wace irin hulɗa ce za ta bai wa Matilda martani mai ginawa kuma ta taimaka wajen cimma burin koyo na fannoni daban-daban da aka gabatar?","Matilda, wannan kwando na wasan jifa da katunan lambobi bai dace ya zauna a nan ba. A ina kike tunanin ya kamata ya tafi? Yarinyar ta kalli alamomin kuma ta gano wurin da ya dace","Matilda, wannan kwandon mai ƙyallai da katunan lambobi wurin yake? Malamin ya tuna mata cewa tana buƙatar ta duba alamomin don ta san inda kowane abu yake; sai yarinyar ta lura kuma ta ajiye shi a madaidaicin wuri","Matilda, kalli alamar ƙarƙashin kwandon da kika ajiye yanzu, shin ta yi daidai da kayan da kike ajiyewa? Malamar ta nuna mata inda inuwar take; yarinyar ta ajiye kayan a wurin da aka nuna mata","Matilda, na lura kin ajiye kayan yadda na buƙata, amma me ya kamata ki kalla don sanin inda za su tafi? Nan gaba, ki mai da hankali sosai kan inda za a ajiye su ta hanyar lura da yadda abokan makarantarki suke yin hakan.",,,,B,General,Assessment,Pre-primary,2020,
890,"Mai koyarwa zai biya wannan manufar koyo a Darasin Hulɗa ta Jama'a da Zaman Ɗan Ƙasa: ""Nuna sha'awar yin mu'amala da yara maza da mata, tare da gane bambancin halayensu."" Wace dabara ce ta kimantawa daga cikin waɗannan ta dace don auna cikar wannan manufar?",Yi amfani da jerin abubuwan lura yayin da suke wasa a tsakar gida tare da yara daga wasu matakan.,Yi amfani da ma'aunin auna aiki yayin da yaran ke halartar nune-nunen hotuna na iyalansu,Yi amfani da sikeli na tantancewa yayin da yara maza da mata ke gudanar da hira da mutanen al'umma,Yi amfani da takardun ilimi yayin da yara ke shiga cikin baje koli game da al'adu daban-daban na ƙasar,,,,A,General,Assessment,Pre-primary,2020,
891,"Ƙungiya a matakin aji na manyan yara ta ƙunshi yara goma. Dukansu suna yawo da gaba gaɗi kuma suna jin daɗin ayyukan motsi. Sun fara nuna sha’awar ƙalubale kamar ɗauka, ɓoyewa, jerawa, da haɗa abubuwa. Saboda haka, malamin ya shirya fuskantar waɗannan manufofin koyo: “Gwaji da abubuwa ta hanyar warware takamaiman yanayi, kamar miƙa hannu don ɗaukar abubuwa, latsa maɓallan na’urorin sauti, fitar da kayan wasa daga cikin kwantena, tattara abubuwa, da sauransu” da kuma “Nuna sha’awa da gamsuwa lokacin da suke motsi cikin ‘yanci a yanayin yau da kullum da na wasa”. La’akari da halayen wannan rukunin yara, wace dabarar koyo za ta bai wa malamin damar fuskantar manufofin da aka zaɓa?","Wasanni na Gano: yara suna bincika, sarrafawa da haɗa abubuwa, suna gano duniya a kan yanayin su","Hanyar motsa jiki: Yara suna kammala jerin hanyoyi da kalubale daban-daban, suna bin wani tsari na musamman",Kwandon taska: yaran na bincike yayin da suke zaune kewaye da kwandon da ke cike da abubuwan yau da kullum da aka zaɓa.,"Shigarwar fasaha: yaran suna wasa, motsawa, da mu'amala da abubuwa masu kyau daban-daban da aka shirya a cikin sararin waje",,,,A,General,Teaching strategies,Pre-primary,2020,
892,"Malamar makarantar yara ‘yan ƙaramin mataki na tsakiya tana shirin yin aiki a fannin harshe na baki da kuma ƙarfafa ƙwarewar motsa jiki (fine motor skills). Don yin haka, tana gudanar da gogewa ta ilimi kamar haka: Yara, bisa ga jagorancin wani labari, sun yi kamar su ƴan fashin teku ne masu neman ɓoyayyun kuɗaɗe a cikin ɗakin, waɗanda dole ne su shigar ta cikin ramun akwatin taska. Malamar ta lura cewa Amanda ta ajiye kuɗaɗenta a aljihunta, don haka malamar ta tambaye ta dalilin da ya sa ba ta sanya su a cikin akwatin taska ba, sai ta amsa: “Ba zan iya sanya kuɗaɗen a ciki ba saboda suna faɗuwa.”

Wane shiga tsakani na malamar ne zai bai wa Amanda damar samun martani na ginawa (formative feedback) don cimma burin koyon?","Amanda, riko kuɗaɗen a tsakanin yatsun hannunki kuma zan taimaka miki ki saka su. Za ki iya gwadawa ke kaɗai?","Amanda, za ki so ki gwada da wani akwatin ajiya daban? Ina da wasu masu manyan ramuka, kuma hakan zai yi miki sauƙi. Za ki so ki sake gwadawa? Zan ba ki ƙarin lokaci don shi.","Amanda, kina buƙatar taimako? Kina so wani ya nuna miki yadda ake saka tsabar kuɗin? Kalli wancan ɗan ajin, yana yin shi daidai, tsaya kusa da shi domin ki sake gwadawa.","Amanda, za ki iya nuna min yadda kike yi? Me ya sa kike tunanin ba za ki iya saka tsabar kuɗin ba? Za ki iya yin shi ta wata hanya dabam? Bayan an saurari amsoshinta, a nuna yadda ake sarrafa tsabar kuɗin, kuma a gwada tare.",,,,D,General,Teaching strategies,Pre-primary,2020,
893,"Malamar tana buƙatar zaɓar wani kayan aiki na fasaha da zai sauƙaƙa mu'amala tsakanin mambobin kowace ƙungiya da junansu da kuma ita; ya kuma ba da damar raba da gyara takardu kai tsaye a lokaci guda; sannan ya iya saita ayyuka da kuma raba su ga kowane memba na ƙungiyar.

Wane ne daga cikin waɗannan kayan aikin ne ya fi dacewa da buƙatun Malamar?",Halin allon raba hanyoyin haɗi kamar Symbaloo,Wata manhaja don kirkirar ra'ayoyi kamar Stormboard,Sabis na adana bayanai ta yanar gizo kamar Google Drive,"Wuri don musayar ra'ayoyi ta hanyar gani, kamar Marqueed",,,,C,General,Teaching strategies,Secondary,2020,
894,"Malamin wani fanni na EMTP ya yanke shawarar yin aiki a kan wani tsarin koyarwa da ke mai da hankali kan Kasuwanci da samun aikin yi. A cikin aji, ya gaya wa ɗaliban cewa, idan sun taru a ƙungiyoyi, dole ne su samar da wata shawarar ƙirƙirar ƙungiyar kwadago. Ya nuna cewa wannan zai zama aiki da za a gudanar da shi tsawon wata ɗaya, don haka za su sami lokaci su duba ƙa'idodin da suka dace, su tattauna da ma'aikata game da abubuwan da suka samu, kuma su shirya wata shawara da ta dace da yanayin aikin da suka zaɓa. Idan aka yi la'akari da irin shaidar da malamin zai buƙaci tattarawa daga aikin da ɗaliban suka yi, wane kayan aikin tantancewa ne mafi dacewa a yi amfani da shi?",Hira ta baki,jerin abubuwan dubawa,"Tambayoyi rubutattu""
Tambayoyi rubutattu",Gwaji na ilimi,,,,B,General,Assessment,Secondary,2020,
895,"Karanta bayanin da ke gaba: Ɗaya daga cikin shawarwarinsa mafi muhimmanci a fannin ilimi ita ce ka'idar Kwarewar Koyarwa ta Hanyar Shiga Tsakani (MLE), wadda ake danganta canjin fahimtar ɗan Adam da ita. Ana bayyana MLE a matsayin ingancin mu'amalar ɗan Adam da muhallinsa, wanda ya ƙunshi bayyana matakan fahimta a matsayin abin da ke fitowa daga watsa al'adu. Daga wannan mahangar, ana ɗaukar hanyar shiga tsakani a matsayin mai ƙara ikon mai koyo don samun ilimi mai ma'ana, inda ake fahimtar cewa ta hanyarta, mai koyo zai iya daidaita ilimin da aka samu a wani yanayi na musamman kuma ya iya amfani da shi a wasu yanayi ko wurare, tare da inganta fitar da kwarewar mutum a cikin sabon ilimi. Wanne daga cikin marubutan da ke gaba aka danganta wannan shawara game da tsarin koyarwa da koyo wadda aka bayyana a cikin rubutun da ya gabata da shi?",John Dewey,Paulo Freire,Albert Bandura,Reuven Feuerstein,,,,D,General,Education theories,All,2021,
896,"Malamar gaba da firamare tana shirin yin aiki a fannoni daban-daban, a lokuta daban-daban na tsarin yini, da manufar koyo ga yara kamar haka: ""Yi aiki da ƙarin dogaro da kai a hankali, faɗaɗa jerin abubuwan da suke iya yi dangane da buƙatunsu da sha'awarsu."" Don cimma wannan, ta ba da shawarar haɓaka tsarin koyo mai aiki ta hanyar mu'amala da sauran yara da manya. Wace daga cikin waɗannan dabarun koyo za ta fi dacewa don magance manufar da aka gabatar?","A lokacin hutun makaranta, ku ƙarfafa yara su bayyana ra'ayoyinsu game da shiga wasanni","Lokacin goge haƙora, ku nemi yara su yi shi da kansu, ba tare da sun nemi taimako ba.","Da farkon rana, ka nemi yaran su saka rigunan aikinsu kuma su danƙare su, kana ba da taimako idan ya zama dole","A wasan sashe, ku tambayi yara su tsara abin da za su yi wasa, ayyukan da za su yi, da waɗanne kayayyaki",,,,D,General,Teaching strategies,Pre-primary,2021,
897,"Wata malamar makarantar yara, a lokacin wasan shiyya, ta lura cewa akwai saɓani tsakanin Simón da Javiera a yankin gine-gine. Ta matsa kusa don gano abin da ke faruwa kuma ta fahimci cewa Simón yana cikin fushi sosai saboda Javiera ta rushe ginin da ya yi, kuma Javiera tana jin haushi saboda Simón ya ɗauki kayan da za ta yi amfani da su. Yin amfani da wannan yanayin, malamar ta yanke shawarar haɓaka manufa mai zuwa ta koyo mai shiga cikin dukkan fannoni: “Aiwatar da dabarun zaman lafiya wajen warware rikice-rikicen yau da kullun tare da sauran yara.” Wace sa hannu ce daga malamar za ta fi dacewa don haɓaka manufar koyo da aka gabatar?","Ku tambayi su duka abin da ya faru, yadda suka ji, da kuma ko ayyukansu sun kasance na lumana ko kuma yaya za su iya zama. Sa'an nan, ku gayyace su su gabatar da mafita da yarjejeniyoyi don warware rikicin.","Tambayi su duka menene ya faru, kuma fadi mahimmancin rabawa da warware rikice-rikice ta hanyar tattaunawa. Bayan haka, jira su nutsu, kuma nemi su yi hakuri kuma su yarda kan amfani da kayayyakin.","Ka gaya musu cewa halinsu bai dace ba. Sa'an nan, ka tambayi dukaninsu yadda suka ji game da martanin junansu kuma ka gayyace su su sasanta rikicin cikin lumana, ta wurin magana da raba abubuwa","Nemi su biyu su yi sharhi a kan abin da ya faru ɗai-ɗai, don inganta gane kuskuren da aka aikata, sannan ka sa su ba da haƙuri su ci gaba da aiki ta hanyar raba kayayyaki",,,,A,General,Teaching strategies,Pre-primary,2021,
898,"Malamin makarantar renon yara, a fannin Al'umma da Zama Ɗan Ƙasa, yana tsara manufar koyo mai biyo baya: “Jin daɗin kusancin yara da manya a cikin wasa da kuma yanayin rayuwa na yau da kullum.” Wane hali na yara ne ke nuna cimma wannan manufa da aka bayyana?",Maximiliano zai zauna kusa da Agustina idan ta roƙe shi,Valeria ta gaisa da abokan karatunta da malamai yayin da ta shiga ajin,Rubén yana wasa a cikin gida kuma ya ci gaba da wasa tare da Renato,Francisca tana raba abubuwan ginshiƙin da take amfani da su tare da Pedro,,,,C,General,Assessment,Pre-primary,2021,
899,"Wata mai koyarwa a matakin gaban makaranta (Matakin Canji na Ƙananan Yara), a cikin Sashen Zama Ɗan Ƙasa da Rayuwa Tare, za ta yi aiki a kan manufar koyo mai zuwa: ""Fahimtar cewa wasu daga cikin ayyukansu da shawarwarinsu game da ci gaban wasanni da ayyukan haɗin gwiwa suna shafar na abokanansu."" Don cimma wannan, ta gayyaci yaran su shiga cikin wata ƙwarewar wasa a filin waje, inda za su shirya kansu cikin ƙungiyoyi don gudanar da wasannin gasa. A ƙarshen ƙwarewar, wane irin tsoma-baki na mai koyarwa ne zai haɓaka cimma manufar koyo?",Mẽne ne ka’idōjin wasan? Mẽne ne ya fi wahalar bi? Shin ’yan ƙungiyar taka sun sa ka ji a matsayin ɗayansu?,Yaya ka ji game da shiga wasan? Me ka yi tunani game da sakamakon gasar? Me za ka canja a gaba?,"Waɗanne shawarwari kuka ɗauka don tsarawa cikin ƙungiyoyi? Shin an samu wata saɓani a tsakaninku? Idan haka ne, ta yaya kuka warware shi?",Ta yaya ka bada gudummuwa ga wasan? Me zai faru idan da dole ka warware kalubalen kai kadai? Me zai faru idan daya daga cikinku bai halarci ba?,,,,D,General,Teaching strategies,Pre-primary,2021,
900,"Malamar makarantar yara ƙanana za ta raba wa rukuninta wani labari mai motsi don magance manufar koyo mai zuwa daga jigon Tunani na Lissafi: ""Don gwaji da abubuwa daban-daban ta hanyar kafa dangantakar jere."" Bugu da ƙari, ta zaɓi wata manufar koyo mai ratsa jigo daga jigon Jiki da Motsi: ""Don daidaita ƙwarewarsu ta motsa-hankali ta hanyar yin motsin ƙarfi da ja."" Wace irin gogewar koyo ce za ta dace da waɗannan manufofi guda biyu?","Yaran suna yin wasan labarin Rapunzel. Dole ne halittu su wuce ta cikin gizo na robobi, sannan su yi wa gashin jarumar ado da ribon, suna maimaita tsarin babba-ƙarami.","Yara za su yi wasan kwaikwayon labarin ""Aladu Ƙanana Uku,"" suna raba kansu zuwa ƙungiyoyi biyu. Za su ɗauki tubalai a cikin kekunan dako don gina gidajen, suna jera su tun daga mafi ƙanƙanta zuwa mafi girma.","Yara suna shirin wasan kwaikwayo na ""Yarinya mai Jan Hula."" Jaruman za su yi gudu a kan wata hanya mai alama, suna ɗauke da kwando cike da 'ya'yan itace, waɗanda za su rarraba su daga baya ta girma da nau'i.","Yara suna yin wasan kwaikwayo na labarin Goldilocks. Da farko, sun kammala zagayen iyalin beraye ta cikin daji, suna guje wa matsaloli daban-daban, kuma bayan isarsu, sai suka tsara kwanuka, cokula, da kujeru ta girma, daga mafi girma zuwa mafi ƙarami.",,,,B,General,Teaching strategies,Pre-primary,2021,
901,"Mai koyarwa na Makarantar Yara, a cikin Jigon Binciken Muhalli na Halitta, tana gudanar da wani aikin gona dangane da manufar koyo ta kutse mai zuwa daga Jigon Jiki da Motsi: ""Yi amfani da rukunonin matsayi na sarari."" Idan aka yi la'akari da matakin ilimi na yaran, wane aiki ne ya fi nuna cimma manufar ta kutse daidai?","Pablo ya ce: ""Mu dora tukunya a kan taga.""","Ignacia tace: Ya kamata mu sa iri, sannan mu rufe da ƙasa.","Juan ya ce: Francisca, majirfai su shiga cikin guga, ba waje ba.",Fernanda ta ce: Mu shuka waɗannan furanni tsakanin shinge da bishiya.,,,,D,General,Assessment,Pre-primary,2021,
902,"Idan aka yi la'akari da ci gaban harshen magana a wurin yara, menene ke bambanta matakin gabanin harshe da matakin harshe?","Matakin kafin harshe ana siffanta shi da amfani da sautuka, kalmomi guda-guda, da kuma jimloli masu sauki; sabanin matakin harshe, wanda ke farawa da amfani da jimloli","Matakin farkon harshe yana da siffar amfani da kalmomi, guntayen magana, da jimloli masu sauƙi; sabanin matakin harshe, wanda ya ƙunshi ci gaban karatu da rubutu.","Matakin kafin harshe yana da halin fahimtar tsarukan harshe da kuma amfani da alamomi masu ma'ana; sabanin matakin harshe, wanda aka rarrabe shi da amfani da kalmomi na farko","Matakin kafin harshe yana da alamun amfani da saututtuka kamar mirgina harshe da shaguɓe; sabanin matakin harshe, inda waɗannan suke samun ma'ana kuma daga baya su zama sasshen kalmomi na farko",,,,C,General,Student understanding,Pre-primary,2021,
903,"A wani mataki na tsakiya mai zurfi, wasu gungun yara suna wasa a wurin yashi. Sara ta tara yashi, ta ƙara wasu duwatsu a gefe, sannan ta gudu da mota a cikinsa. Sai ta ce, “Na yi babban tudu ƙwarai, kuma hanyar tana da haɗari, kamar wadda take kusa da gidana!” Dangane da jigon Fahimtar Muhallin Al'adu da Zamantakewa, wane daga cikin manufofin koyo masu zuwa ne aka cimma a cikin abin da Sara ta yi?",Gane hanyoyin rayuwa a cikin al'umma,Gano matakan kariya da aminci,Bayyana ayyukan gama-gari a cikin al'ummarta,Bambance abubuwan da suka shafi yanayi da kuma al'ada na muhalli,,,,D,General,Assessment,Pre-primary,2021,
904,"Wata ƙungiyar ilimi a matakin gandun daji tana da burin tattara shaida kowane wata game da mai nuni na gaba na jigon Fahimtar Muhalli na Zamantakewa da Al'adu: ""Yana kwaikwayon ayyukan mutane a kewayensa na kusa, yana bambance ayyukan da kowane yaro yake yi da kuma amfanin da suke ba wa kayan aikin yau da kullum."" Wace dabarun tantancewa ce za ta fi dacewa ga yanayin da aka bayyana?",Yi amfani da bayanan lura a lokacin ayyukan aiki a yankin gida,Yi amfani da ma'aunin tantancewa yayin wasa na hutu tare da akwatin kayan kawa (costume trunk),Yi amfani da jerin abubuwan dubawa yayin binciken abubuwan gida a wuraren aiki,"Aiwatar da ma'aunin godiya yayin da ake wasa da ""Na wanene shi?"", ana gano abubuwan sirri na mutum",,,,A,General,Assessment,Pre-primary,2021,
905,"Malamin aji na uku, a cikin sashen da ke magana kan haƙƙoƙin yara, ya zaɓi wannan guntun labarin daga cikin labarin *Yarinya Mara Suna*, na Saúl Schkolnik, don ya fara aiki tare da ɗalibansa a kan haƙƙin mallakar asali:

Sau ɗaya, akwai wata yarinya wadda ba ta da suna ko kaɗan. Ba wai tana da suna mai ban mamaki ba ne, ko wanda yake da wahalar furtawa, ko ɗaya daga cikin waɗancan sunaye tsofaffi sosai, ko wataƙila na wata ƙasa dabam... A'a! Kawai ba ta da suna ko kaɗan. Maganar ita ce, idan sunan mutum Maryam kuma wani ya kira: —Maryam! Sai mutum ya yi fuskar Maryam kuma ya amsa: —Wane ne ke kirana? Amma, idan mutum ba shi da suna ko kaɗan, to ba zai taɓa iya yin fuskar wani ba... Kuma siffofin fuskar za su ɗan haɗe har sai mutum ya zama kamar ba shi da fuska.

Wane ne daga cikin waɗannan tambayoyin malamin zai iya yi don haɗa kai tsaye abin da aka karanta da haƙƙin da za a yi nazari a kai a cikin aji?","Menene bayanin yarinyar a cikin labarin da ya fi jan hankalinka, kuma me ya sa?",Wanne ɓangare na labarin kake ganin ya shafi haƙƙoƙin yara?,Menene kake tunanin sakamakon rashin suna zai kasance ga yarinyar a cikin labarin?,Yaya labarin zai iya ci gaba don samun ƙarewa mai kyau ga yarinyar da ke cikin labarin?,,,,C,General,Teaching strategies,Primary,2021,
906,"Malami a ajin shekara ta huɗu ta makarantar sakandare yana gudanar da kimantawa don tabbatar da ko ɗalibansa za su iya tantance abubuwan da ke faruwa a halin yanzu a fannin siyasa, al'adu, da fasaha, ta mahangar falsafa wadda ta dace da kwarewarsu ta rayuwa. Wanne aiki ne daga cikin waɗannan masu zuwa ya fi nuna nasara wajen cimma manufar koyon?","Suna rarraba al'amuran yau da kullum a cikin al'ummar zamani zuwa rukunan siyasa, al'adu, da fasaha, bisa ga tsarin falsafar da suka zaɓa","Suna gina wata muhawara ta kashin kai game da wata matsalar zamantakewa ta zamani da suka zaɓa, suna ambaton ka'idoji ko ra'ayoyin falsafa da aka tattauna a ajin",Suna mayar da martani ga wani matsayin falsafa wanda shine tushen wata matsala a cikin al'ummar zamani,"Sun gane tushen falsafa da ke kunshe a cikin batun yanzu na zaɓinsu, ko dai na siyasa, na al'ada, ko na fasaha",,,,B,General,Teaching strategies,Secondary,2023,
907,"Malamin Kindagarten ya gayyaci yaran rukuninsa don su shiga wata gwaji don fara maudu’in ‘Jikinmu’. Don fara aikin, za su je filin wasa don neman taska da manufar gano menene sabon maudu’in. An shirya su cikin ƙananan rukuni ƙarƙashin kulawar babba, za su gano alamu don kaiwa ga taskar, kuma da zarar sun gano ta, za su koma ajin don su taru su haɗa wasan gwada-gwajen tare da gutsutsuren da suka samu. Waɗanne ƙa’idojin koyarwa na Ilimin Yara na Farko suka fi bayyana a cikin wannan gwajin koyo da aka tsara?",Wasa da dangantaka,Keɓewa da haɗin kai,Ma'ana da aiki,Rungume da jin daɗi,,,,A,General,Teaching strategies,Pre-primary,2023,
908,"Ƙungiyar ma'aikatan ilimi ta makarantar yara tana da burin, a cikin ɗan gajeren lokaci, ta ƙarfafa ingantacciyar sadarwa tsakanin makarantar da iyalai domin su kasance cikin sanin ci gaban tsarin koyo da koyarwa na yaransu. Wacece daga cikin dabarun da ke gaba ta dace don cimma wannan manufa da aka bayyana?","Gayyaci iyalai zuwa nune-nunen da shirye-shirye daban-daban na ayyukan da yara suka yi, yana bayyana tsarin ilmantarwa","Bugu da ƙari, a riƙa ba wa iyaye rahoto game da koyon yara, matsaloli, da buƙatun tallafi akai-akai","Gudanar da tarurrukan aiki buɗaɗɗu ga jama'a, masu tattauna batutuwa daban-daban, don inganta fahimtar tsarin tasowar yara.",Ku riƙa yin tarurruka na yau da kullum da iyaye domin musayar bayanai masu dacewa a kan lokaci game da tsarin koyon yara,,,,D,General,Teaching strategies,Pre-primary,2023,
909,Ƙaramin Mataki na Mabubbugan Tasiri na Farko ya yi daidai da Matakin Motsi da Hankali (Sensorimotor Stage) wanda Jean Piaget ya ayyana. A wane hali ne ake nuna babban alamar cigaban fahimta wanda ya dace da wannan ƙaramin mataki?,"Yaron yana yin motsi mai maimaitawa wanda yake jin daɗinsa, kuma da farko ba da gangan ba ne, alal misali: ci gaba da motsa da kaɗa ƙafafunsa","Yaron yana yin motsi waɗanda suke ayyukan kai-tsaye ne kuma na asali. Alal misali: shan yatsan mai kula da shi kamar kwalbar nono, idan ya kasance kusa.","Yaro yana yin motsi na maimaitawa da niyya, kuma a lokaci guda, yana gano ko yana tsammani inda abubuwa suke idan bai iya ganin su da ido ba. Misali: zuwa neman abin amo da motsa duk abin da ya wajaba don nemo shi","Yaro yana yin motsi na gangan, yana koyon yadda zai samu abubuwa ta hanyar sarrafa su sannan ya mai da su zuwa matsayinsu na asali ko yanayinsu, misali: wargaza tubalan gini sannan ya sake haɗa su kamar yadda suke a da",,,,A,General,Education theories,Pre-primary,2023,
910,"Malamin makarantar renon yara, bayan tantancewa ta gano matsala, ya tsara dabarun ilimi don baiwa rukuninsa na yara maza da mata damar bayyana motsin zuciyarsu da yadda suke ji. Wace ce daga cikin dabarun nan ta dace da manufar malamin?",Ku yi wasan kwaikwayo na labari kuma ku tambayi yara maza da mata su nuna motsin zuciyar da labarin ya haifar musu,Ku gayyaci yara maza da mata su tuna kuma su zana yanayi ko al'amuran da suka haifar musu da jiye-jiye daban-daban (na zuciya),"A yi wasa da kuri'ar ji, a ce wa yara maza da mata su mirgina ta kuma su faɗi sunan jiyar da ta bayyana","Gayyaci yara maza da mata su yi rawa, suna wakiltar motsin rai daban-daban kamar yadda ake ambaton su a cikin wakar",,,,A,General,Teaching strategies,Pre-primary,2023,
911,"A matakin ajin renon yara gami da juna, malamin da ke jagoranci zai tantance koyon yaran dangane da manufar jigo na Shaida da Cin Gashin Kai mai zuwa: Bayyana buƙatu ko motsin rai daban-daban (farin ciki, tsoro, baƙin ciki, da sauransu) ta hanyar baki da ta jiki. Don haka, za a yi amfani da rajistar kallon da aka mai da hankali daban-daban. Wace daga cikin waɗannan ayyukan ke nuna nasarar yaran a cimma wannan manufar koyo?",Rafael yana murmushi kuma yana tafi lokacin da mahaifiyarsa tazo ta dauk shi daga makarantar renon yara,"Maria tana bude-bude mujalla, sai ta kalli hoton wata yarinya, ta ce: Baƙin ciki.",Natalia ta lura Gabriel yana dariya lokacin da ta ba shi abin wasa kuma ta ce masa: Murna!,"Miguel yana kallon kansa a madubi yana wasa da canza fuskokinsa: baƙin ciki, fushi, ƙyama",,,,A,General,Assessment,Pre-primary,2023,
912,"Wata ƙungiyar ilimi daga Ajin Yara tana tsara hulɗodin da za su faru a lokacin canza diapers don biyan sha’awar yaran ta shiga cikin wannan lokaci, tare da ƙarin ikon da suka samu akan jikinsu. Don haka, za su tambayi yaran a wane matsayi suke so a canza su, neman haɗin kansu a yayin saka da cire kaya, kuma su ba su zaɓuɓɓuka don su zaɓi kayan canjinsu. Idan aka yi la’akari da halin da aka ambata, me ya sa hulɗodin da ƙungiyar ilimi ta tsara ke da alaƙa da ci gaban zaman tare da zama ɗan ƙasa?","Saboda suna ƙarfafa sadarwa mai zurfi tsakanin manya da yara, suna ba wa yaron damar haɗawa da muhallinsa na kusa",Saboda suna bai wa yaro damar ƙarfafa dangantaka da manya da raba ta wajen ɗaukar nauyi a hankali,Domin suna ƙarfafa rawar jagoranci na yara kuma suna ba su damar haɗawa da aiki tare da manya a matsayin abokan aiki,Domin suna bai wa yaron dama ya san cewa yana da haƙƙi ta hanyar da ake sauraron sa da kuma yi masa la'akari a cikin moriyarsa,,,,D,General,Teaching strategies,Pre-primary,2023,
913,"Wani malamin makarantar gaba da firamare a cikin tsarin Zama Tare da Zama Ɗan Ƙasa, yana shirya manufar koyo mai zuwa a ƙarshen Maris: ""Shiga ayyukan rukuni da wasanni tare da takwarorinsu, suna magana, musayar kayayyaki, suna haɗin kai."" Wace dabara ce daga cikin waɗannan ke magance wannan manufa kai tsaye?","Shiga cikin wasan yanki, zaɓi kayan aiki da tsara aikin da za a yi a kowane sashe","Ku shiga wasan nan ""Simon Says"", kuna sauraron umarnin malami a hankali don aiwatar da su a cikin ɗan gajeren lokaci mai yiwuwa.","Shiga cikin wasan nan mai suna “Kwatangwaron Dukiyar”, inda za ka samu damar zaɓe da sarrafa abubuwa daban-daban da ke cikin wasu kwatangwarori (kwanduna) da aka ajiye a tsakiyar aji, ba tare da wata shinge ba","Shiga wasan “Sandunan Tambaya” yayin da kuke haduwa kullum (garda), kuna tattauna batutuwa daban-daban, kuna mutunta bin lokacin fadi.",,,,D,General,Teaching strategies,Pre-primary,2023,
914,"Malami ko malamar aji na makarantar yara kanana ta shirya aji zuwa wuraren wasanni kuma ta shigar da sababbin kayan motsa hankali (sensory materials) kamar tebura na ruwa, haske, yashi, da iri. Yara sun nuna kuzari sosai don yin wasa da sababbin kayan; duk da haka, an samu rikici a tsakaninsu yayin amfani da su. Idan aka yi la'akari da matakin ilimi na yaran, wacce dabarun da ke gaba ce ke inganta zaman tare mai jituwa a tsakanin yaran?",Malamin ya shiga wasan yaran ta hanyar shiga cikin warware rigingimun da ke tasowa da kuma nuna yadda za a yi amfani da kayan yadda ya kamata,"Malami ya kafa sararin tattaunawa tare da yara domin gina yarjejeniyoyi kan amfani da kayayyakin, da kuma warware rikice-rikice cikin lumana","Malamin ya kafa ƙa'idodi na musamman don amfani da sabbin kayan lokacin wasa, kuma yana tunatar da su koyaushe don inganta zaman tare",Malami ya kafa tsarin juyawa ta hanyar raba ajin zuwa ƙananan ƙungiyoyin wasa don hana rikici da kuma inganta zaman lafiya tsakanin takwarorinsu,,,,B,General,Classroom management,Pre-primary,2023,
915,"Wata babbar malamar makarantar 'yan wasa ta yi magana kan manufar koyo mai zuwa daga Tushen Zama Tare da Zama 'Yan Kasa: ""Gane ayyukan daidai da marasa daidai don zaman tare mai jituwa na rukuni, waɗanda aka gabatar a cikin yanayi daban-daban na rayuwar yau da kullun da wasanni"". Don cimma wannan, a lokacin wuraren tattaunawa, sun kafa dokokin zama tare don neman hanyoyin magance matsaloli daban-daban da ke tasowa tsakanin takwarorinsu. Wanne daga cikin ayyuka masu zuwa ya nuna cimma manufar da aka bayyana?","Lokacin tarba, malamin ya tambayi dokoki, kuma Rafael ya ce: ""Dole ne ka yi tafiya a cikin aji kuma kar ka yi gudu.""","Lokacin cin abinci, Daniela ta ci wani ɓangare na abincin ciye-ciyen wata ɗaliba, sai ta yi kuka. Ignacia, ganin kukan nata, sai ta nufo malama ta ce: Kawata tana buƙatar taimako.","Lokacin wasan kyauta, Matías ya lura da Alejandro wanda yake wasa da mota, sai ya nufo, ya ɗauki abin wasan ya ce: ""Yanzu lokaci na ne, malamin ya ce dole mu raba.""","Lokacin aiki a sassa, Leonor da Sebastián suna jefa tubalin katako daga wani wuri a ajin zuwa wani. Agustín ya matso ya gaya musu: ""Bai kamata ku yi haka ba, kuna iya buge mu da tubalan.""",,,,D,General,Assessment,Pre-primary,2023,
916,"Malami a ajin Kananan Yara ya yanke shawarar yin aiki da yaran a kan manufa mai zuwa daga Bangaren Fahimtar Muhalli na Zamantakewa: Fahimtar matsayin da ‘yan uwa da mambobin al’umma ke takawa da kuma gudunmawarsu ga jin dadin kowa. Don wannan dalili, malamin ya bada shawara cewa yaran su zana abin da suke jin dadin yi tare da iyalansu sannan su tattauna matsayin da kowane memba ke takawa a wannan yanayin. Yayin da take gabatar da aikinta, Martina ta nuna hutun iyalinta kuma ta ce: “A nan na zana lokacin da muka je bakin teku tare da mamata da kakata, a nan ina wasa da dukkan ‘yan uwana da kuma kare na. Mun kwana a cikin tanti kuma mun yi gasa nama.” Wane sa hannun malami ne a cikin wadannan zai shiryar da yarinyar zuwa ga cikawar manufar koyo da aka gabatar?","Shirinka ya cika sosai, Martina. Barka! Za ki iya gaya mana wane ne ya shirya barbecue din kuma wane ne ya kafa tanti din?","Yayi kyau sosai, Martina! Cikakken bayani a cikin zanenki na abin da kuke yi duka. Waɗanne ayyuka kika fi so a lokacin hutunku?","Zane ne cikakke sosai. Aiki mai kyau, Martina! Za ki iya gaya mana waɗanne abubuwa masu daɗi kuma mamarki ta dafa? Kin iya taimaka mata?","Kyakkyawan zane, Martina! Muna iya ganin 'yan uwa na iyali sarai. Waɗanne ayyuka na daban kike yi a lokacin hutun ki?",,,,A,General,Assessment,Pre-primary,2023,
917,Wane irin basira ne aka fi bunkasawa a cikin samari da 'yan mata ta hanyar wasa mai bin doka?,Zanawar lamurra na gaske,Tausayi da warware rikici,Abubuwan da ke da alaƙa da cuɗanya na yarjejeniyoyi da kuma yin juyin-juyi,Koyon dabi'u da matsayi da aka kafa a cikin al'umma,,,,C,General,Teaching strategies,"Pre-primary, Primary",2020,
918,A cikin waɗanne yanayi na gaba ne aka fi ba da fifiko ga ƙa'idar koyarwa ta ƙarfafawa?,"Kwarewa da ke amsa sha'awar yara kuma suna la'akari da gogewarsu ta baya, ta haka suke goyon bayan koyonsu","Gogewa da ke bai wa yaro damar koyi zama, koyi tunani, da koyi aiki",Abubuwan da aka gani waɗanda ke la'akari da salon da ka'idojin koyo na musamman ga kowane yaro,"Gogewar da ke bai wa yara damar fahimtar iyawarsu ta kansu, don haka su samu kwarin gwiwa wajen fuskantar sabbin ƙalubale",,,,D,General,Teaching strategies,"Pre-primary, Primary",2018,
919,Wace daga cikin ayyuka masu zuwa ce ke inganta bunkasar tausayi (empathy) a wurin yara masu zuwa makarantar firamare?,"Ku yi aikin fasaha bi-biyu, inda duka yara za su fara zane sannan su musaya shi domin gamawa","Ka ce musu su haɓaka wani abu a cikin rukuni da kayan sharar gida, sannan ka ce musu su bayyana abin da ya fi musu wuya da dalili",A yi wasan kwaikwayo inda yara za su wakilci wani memba na iyali a lokacin abincin rana da aka sake ƙirƙira kuma su bayyana yadda suka ji suna kwaikwayon su,"A ce wa yara su gudanar da wasan kwaikwayo na labarin ""Goggo Mai Rowa,"" inda kowane yaro zai riƙe matsayin ɗaya daga cikin halayen labarin.",,,,C,General,Teaching strategies,Pre-primary,2018,
